Fold,Label,Prob,Preds
1,1,0.26716352,0
1,1,0.27246758,0
1,1,0.27831414,0
1,1,0.2602259,0
1,1,0.2598101,0
1,1,0.25470996,0
1,1,0.2566307,0
1,1,0.25075686,0
1,1,0.28249362,0
1,1,0.26870847,0
1,1,0.3045972,0
1,1,0.2689092,0
1,1,0.28047642,0
1,1,0.27728942,0
1,1,0.2615331,0
1,1,0.25933635,0
1,1,0.272115,0
1,0,0.24457201,0
1,0,0.25986627,0
1,0,0.25725174,0
1,0,0.26989326,0
1,0,0.2563853,0
1,0,0.2696602,0
1,0,0.28826317,0
1,0,0.25123617,0
1,0,0.2614709,0
1,0,0.2583083,0
1,0,0.25886992,0
1,0,0.25250074,0
1,0,0.2485033,0
1,0,0.24186899,0
1,0,0.25928277,0
1,0,0.28081378,0
1,0,0.25318435,0
1,0,0.266429,0
1,0,0.26716614,0
1,0,0.26309568,0
1,0,0.25745615,0
1,0,0.25511497,0
1,0,0.27831012,0
1,0,0.24278821,0
1,0,0.24011381,0
1,0,0.23353966,0
1,0,0.22651826,0
1,0,0.26562473,0
1,0,0.24352297,0
1,0,0.22597028,0
1,0,0.22808601,0
1,0,0.26089168,0
1,0,0.2354621,0
1,0,0.22440465,0
1,0,0.22030346,0
1,0,0.22860706,0
1,0,0.24197076,0
1,0,0.2331653,0
1,0,0.2566424,0
1,0,0.22608468,0
1,0,0.2316822,0
1,0,0.23436819,0
1,0,0.23191911,0
1,0,0.26701254,0
1,0,0.23333065,0
1,0,0.23302299,0
1,0,0.24735503,0
1,0,0.25533986,0
1,0,0.24098998,0
1,0,0.2359885,0
1,0,0.24531648,0
1,0,0.23638847,0
1,0,0.22939552,0
1,0,0.26844805,0
1,0,0.226226,0
1,0,0.22369735,0
1,0,0.23571013,0
1,0,0.23991024,0
1,0,0.26702684,0
1,0,0.2436458,0
1,0,0.27296588,0
1,0,0.26957706,0
1,0,0.2413908,0
1,0,0.25296527,0
1,0,0.23184429,0
1,0,0.24204803,0
1,0,0.25844458,0
1,0,0.2274721,0
1,0,0.22700074,0
1,0,0.22355725,0
1,0,0.24206254,0
1,0,0.22850977,0
1,0,0.22453755,0
1,0,0.22379518,0
1,0,0.25419286,0
1,0,0.24990901,0
1,0,0.22815159,0
1,0,0.25284612,0
1,0,0.2277655,0
1,0,0.2269082,0
1,0,0.21715292,0
1,0,0.25621587,0
1,0,0.25764906,0
1,0,0.2270986,0
1,0,0.24643779,0
1,0,0.21808524,0
1,0,0.22673334,0
1,0,0.22954974,0
1,0,0.2426864,0
1,0,0.23600696,0
1,0,0.25796637,0
1,0,0.25014606,0
1,0,0.2284989,0
1,0,0.22887859,0
1,0,0.2438193,0
1,1,0.27841842,0
1,1,0.29535717,0
1,1,0.29885656,0
1,1,0.2893421,0
1,1,0.29676065,0
1,1,0.30330083,0
1,1,0.28746334,0
1,1,0.3081503,0
1,1,0.32315356,0
1,1,0.3087513,0
1,1,0.31746116,0
1,1,0.2928003,0
1,1,0.2661289,0
1,1,0.2962436,0
1,1,0.26587152,0
1,1,0.26031482,0
1,1,0.25799587,0
1,1,0.27151763,0
1,1,0.24327484,0
1,1,0.24620485,0
1,1,0.24255057,0
1,1,0.23322733,0
1,1,0.2392698,0
1,1,0.24640763,0
1,1,0.25986207,0
1,1,0.28055364,0
1,1,0.26360786,0
1,1,0.2584074,0
1,1,0.26132378,0
1,1,0.2720627,0
1,1,0.33920902,0
1,1,0.34810752,0
1,1,0.36515266,0
1,1,0.3463902,0
1,1,0.3318549,0
1,1,0.38511583,0
1,1,0.34424865,0
1,1,0.32235783,0
1,1,0.29880878,0
1,1,0.30821705,0
1,1,0.31791896,0
1,1,0.24321602,0
1,1,0.2413298,0
1,1,0.27554986,0
1,1,0.242857,0
1,1,0.24029607,0
1,1,0.23509149,0
1,1,0.22701445,0
1,1,0.26874143,0
1,1,0.24615195,0
1,1,0.23544157,0
1,1,0.24492586,0
1,1,0.24832849,0
1,1,0.24116482,0
1,1,0.28707382,0
1,1,0.2533806,0
1,1,0.23930857,0
1,1,0.2578193,0
1,1,0.25955656,0
1,1,0.24379775,0
1,1,0.24053971,0
1,1,0.2479544,0
1,1,0.2387686,0
1,1,0.23176433,0
1,1,0.27330387,0
1,1,0.22694546,0
1,1,0.22569223,0
1,1,0.23758131,0
1,1,0.24144585,0
1,1,0.23930548,0
1,1,0.30137396,0
1,1,0.27952114,0
1,1,0.29858726,0
1,1,0.3350321,0
1,1,0.31137797,0
1,1,0.36356458,0
1,1,0.36326465,0
1,1,0.36140415,0
1,1,0.32133523,0
1,1,0.3201755,0
1,1,0.29296744,0
1,1,0.26469684,0
1,1,0.2767823,0
1,1,0.2651812,0
1,1,0.25742063,0
1,1,0.25307307,0
1,1,0.2426568,0
1,1,0.25097373,0
1,1,0.22632994,0
1,1,0.22627984,0
1,1,0.24713135,0
1,1,0.2603876,0
1,1,0.24976604,0
1,1,0.2732756,0
1,1,0.28550038,0
1,1,0.31151858,0
1,1,0.32387382,0
1,1,0.33480924,0
1,1,0.32628176,0
1,1,0.3071552,0
1,1,0.31291157,0
1,1,0.37798834,0
1,1,0.3540511,0
1,1,0.3353868,0
1,1,0.30713966,0
1,1,0.35467535,0
1,1,0.3736867,0
1,1,0.37950197,0
1,1,0.37479395,0
1,1,0.318357,0
1,1,0.33116534,0
1,1,0.31593165,0
1,1,0.3189351,0
1,1,0.2979816,0
1,1,0.25465396,0
1,1,0.23887087,0
1,1,0.26406842,0
1,0,0.23135328,0
1,0,0.2546495,0
1,0,0.23478055,0
1,0,0.23796508,0
1,0,0.23763679,0
1,0,0.26740682,0
1,0,0.24344447,0
1,0,0.27267486,0
1,0,0.2707247,0
1,0,0.24045275,0
1,0,0.25274503,0
1,0,0.25707603,0
1,0,0.2545969,0
1,0,0.2779489,0
1,0,0.23134927,0
1,0,0.22139509,0
1,0,0.22702943,0
1,0,0.22034046,0
1,0,0.22206426,0
1,0,0.20970514,0
1,0,0.21899602,0
1,0,0.21370722,0
1,0,0.2224561,0
1,0,0.22232297,0
1,0,0.22462514,0
1,0,0.21549496,0
1,0,0.21313877,0
1,0,0.22753043,0
1,0,0.23264581,0
1,0,0.22677878,0
1,0,0.21931179,0
1,0,0.22847195,0
1,0,0.22528806,0
1,0,0.22444363,0
1,1,0.23983891,0
1,1,0.2545496,0
1,1,0.2390411,0
1,1,0.25965735,0
1,1,0.26280656,0
1,1,0.23131216,0
1,1,0.2568994,0
1,1,0.25786638,0
1,1,0.22421698,0
1,1,0.22423261,0
1,0,0.22429065,0
1,0,0.22022095,0
1,0,0.22718695,0
1,0,0.21697392,0
1,0,0.20147012,0
1,0,0.20335905,0
1,0,0.19752596,0
1,0,0.20725021,0
1,0,0.19769269,0
1,0,0.20170955,0
1,0,0.20055453,0
1,0,0.2149687,0
1,0,0.22074081,0
1,0,0.22358122,0
1,0,0.2293069,0
1,0,0.24190918,0
1,0,0.24140981,0
1,0,0.24624258,0
1,0,0.23128195,0
1,0,0.27048135,0
1,0,0.23389828,0
1,0,0.23053323,0
1,0,0.22824447,0
1,0,0.2555725,0
1,0,0.2559905,0
1,0,0.26343408,0
1,0,0.292917,0
1,0,0.27544743,0
1,0,0.25701043,0
1,0,0.2992659,0
1,0,0.27930453,0
1,0,0.26667356,0
1,0,0.25945538,0
1,0,0.28502107,0
1,0,0.30601552,0
1,0,0.3285736,0
1,0,0.30149272,0
1,0,0.34037656,0
1,0,0.327519,0
1,0,0.31443983,0
1,0,0.28722456,0
1,0,0.27576655,0
1,0,0.28191808,0
1,0,0.26673442,0
1,0,0.28134274,0
1,0,0.26222253,0
1,0,0.2526463,0
1,0,0.24623312,0
1,0,0.21578391,0
1,0,0.22060554,0
1,0,0.2259409,0
1,0,0.21071127,0
1,0,0.22534077,0
1,0,0.23124117,0
1,0,0.21652907,0
1,0,0.22448947,0
1,0,0.2264118,0
1,0,0.23900259,0
1,0,0.26938236,0
1,0,0.23991688,0
1,0,0.24219815,0
1,0,0.2494882,0
1,0,0.24723527,0
1,0,0.26683637,0
1,0,0.27299625,0
1,0,0.2600687,0
1,0,0.2508578,0
1,0,0.24146397,0
1,0,0.26975805,0
1,0,0.2751583,0
1,0,0.24142596,0
1,0,0.24453495,0
1,0,0.24730319,0
1,0,0.23502575,0
1,0,0.21900305,0
1,0,0.22800538,0
1,0,0.22808921,0
1,0,0.24663383,0
1,0,0.2290069,0
1,0,0.23341094,0
1,0,0.22172081,0
1,0,0.22399175,0
1,0,0.21365961,0
1,0,0.2092957,0
1,0,0.22659114,0
1,0,0.21737948,0
1,0,0.21423768,0
1,0,0.21256451,0
1,0,0.20517662,0
1,0,0.20356463,0
1,0,0.20760937,0
1,0,0.20142415,0
1,0,0.19110285,0
1,0,0.19757794,0
1,0,0.2047308,0
1,0,0.19659726,0
1,0,0.20016211,0
1,0,0.19678442,0
1,0,0.19124708,0
1,0,0.19150642,0
1,0,0.19963574,0
1,0,0.19557586,0
1,0,0.2063485,0
1,0,0.20915753,0
1,0,0.2064962,0
1,0,0.21729398,0
1,0,0.1997002,0
1,0,0.19702794,0
1,0,0.20072906,0
1,0,0.22526354,0
1,0,0.19557637,0
1,0,0.19424666,0
1,0,0.19368541,0
1,0,0.19632305,0
1,0,0.22545779,0
1,0,0.2126325,0
1,0,0.21066242,0
1,0,0.20497447,0
1,0,0.2179988,0
1,0,0.21705197,0
1,0,0.21993455,0
1,0,0.23442683,0
1,0,0.22593361,0
1,0,0.23619744,0
1,0,0.23693152,0
1,0,0.234037,0
1,0,0.25422087,0
1,0,0.24540398,0
1,0,0.23805346,0
1,0,0.22764824,0
1,0,0.22594371,0
1,0,0.23419918,0
1,0,0.22809783,0
1,0,0.21421462,0
1,0,0.22454683,0
1,0,0.22041732,0
1,0,0.2129777,0
1,0,0.21740583,0
1,0,0.19950242,0
1,0,0.21389143,0
1,0,0.21855828,0
1,0,0.20051517,0
1,0,0.20005436,0
1,0,0.20455931,0
1,0,0.20735125,0
1,0,0.24868357,0
1,0,0.2292677,0
1,0,0.20920384,0
1,0,0.20304829,0
1,0,0.22794312,0
1,0,0.2425787,0
1,0,0.2240921,0
1,0,0.2266761,0
1,0,0.23030038,0
1,0,0.25665626,0
1,0,0.23834243,0
1,0,0.24484873,0
1,0,0.25263032,0
1,0,0.23641632,0
1,0,0.2493081,0
1,0,0.22872859,0
1,0,0.2541051,0
1,0,0.25369954,0
1,0,0.23837097,0
1,0,0.2583539,0
1,0,0.26939538,0
1,0,0.26508984,0
1,0,0.25768945,0
1,0,0.29939955,0
1,0,0.25409567,0
1,0,0.3020353,0
1,0,0.29702637,0
1,0,0.30590683,0
1,0,0.26229692,0
1,0,0.25266245,0
1,0,0.241468,0
1,0,0.2515565,0
1,0,0.25710815,0
1,0,0.23717543,0
1,0,0.24867834,0
1,0,0.2885529,0
1,0,0.24539208,0
1,0,0.25044203,0
1,0,0.26899028,0
1,0,0.23599026,0
1,0,0.24871661,0
1,0,0.24420375,0
1,0,0.22750628,0
1,0,0.24634215,0
1,0,0.25746047,0
1,0,0.22991012,0
1,0,0.2260903,0
1,0,0.25812376,0
1,0,0.22662017,0
1,0,0.24438079,0
1,0,0.24811926,0
1,0,0.23521917,0
1,0,0.26853386,0
1,0,0.26594067,0
1,0,0.22866736,0
1,0,0.26457337,0
1,0,0.24293353,0
1,0,0.24086702,0
1,0,0.22640437,0
1,0,0.22657833,0
1,0,0.2309495,0
1,0,0.23438865,0
1,0,0.21204093,0
1,0,0.22062281,0
1,0,0.21992029,0
1,0,0.20585439,0
1,0,0.20650946,0
1,0,0.19304389,0
1,0,0.2135861,0
1,0,0.21145952,0
1,0,0.21295138,0
1,0,0.21222559,0
1,0,0.20957775,0
1,0,0.21245497,0
1,0,0.22320943,0
1,0,0.21829225,0
1,0,0.22479619,0
1,0,0.2226054,0
1,0,0.2399052,0
1,0,0.24525124,0
1,0,0.23811342,0
1,0,0.26640078,0
1,0,0.24808566,0
1,0,0.2466448,0
1,0,0.27291778,0
1,0,0.25375777,0
1,0,0.257794,0
1,0,0.28358063,0
1,0,0.27569383,0
1,0,0.25077695,0
1,0,0.3104082,0
1,0,0.33918595,0
1,0,0.303649,0
1,0,0.31139144,0
1,0,0.32087296,0
1,0,0.36288708,0
1,0,0.3314781,0
1,0,0.35048527,0
1,0,0.37618548,0
1,0,0.28882068,0
1,0,0.3001595,0
1,0,0.30372998,0
1,0,0.32148606,0
1,0,0.30134484,0
1,0,0.33434233,0
1,0,0.37294313,0
1,0,0.3215386,0
1,0,0.35971427,0
1,0,0.3826784,0
1,0,0.30399835,0
1,0,0.34579855,0
1,0,0.33429876,0
1,0,0.3007527,0
1,0,0.34277615,0
1,0,0.30342573,0
1,0,0.3242836,0
1,0,0.3510901,0
1,0,0.3447407,0
1,0,0.38712943,0
1,0,0.38084736,0
1,0,0.3749647,0
1,0,0.30101538,0
1,0,0.28996104,0
1,0,0.31736445,0
1,0,0.27594355,0
1,0,0.27615258,0
1,0,0.28001404,0
1,0,0.30682528,0
1,0,0.31030315,0
1,0,0.281787,0
1,0,0.28026372,0
1,0,0.24964088,0
1,0,0.25251684,0
1,0,0.24167135,0
1,0,0.25379324,0
1,0,0.25072402,0
1,0,0.24616255,0
1,0,0.2665455,0
1,0,0.25293565,0
1,0,0.25353998,0
1,0,0.2591321,0
1,0,0.26304084,0
1,0,0.23816992,0
1,0,0.2830512,0
1,0,0.31678352,0
1,0,0.2920956,0
1,0,0.30560845,0
1,0,0.26077497,0
1,0,0.27588597,0
1,0,0.32249305,0
1,0,0.24256569,0
1,0,0.25921586,0
1,0,0.28888577,0
1,1,0.43208227,0
1,1,0.42099386,0
1,1,0.42387488,0
1,1,0.42289895,0
1,1,0.42165947,0
1,1,0.4139942,0
1,1,0.42434114,0
1,1,0.40480554,0
1,1,0.39500302,0
1,1,0.3854798,0
1,1,0.40394923,0
1,1,0.3942774,0
1,1,0.4099485,0
1,1,0.39519626,0
1,1,0.24376391,0
1,1,0.2387232,0
1,1,0.2483823,0
1,1,0.25451106,0
1,1,0.24225308,0
1,1,0.24536721,0
1,1,0.24334542,0
1,1,0.268449,0
1,1,0.24809238,0
1,1,0.26670286,0
1,1,0.27525362,0
1,1,0.24863124,0
1,1,0.24315621,0
1,1,0.2642904,0
1,1,0.24770877,0
1,1,0.2604846,0
1,1,0.24042152,0
1,1,0.23616266,0
1,1,0.25996923,0
1,1,0.2367363,0
1,1,0.23695555,0
1,1,0.2359598,0
1,1,0.2616021,0
1,1,0.23154064,0
1,1,0.23579867,0
1,1,0.25025165,0
1,1,0.22581162,0
1,1,0.22495739,0
1,1,0.21509016,0
1,1,0.25317428,0
1,1,0.2547484,0
1,1,0.22467776,0
1,1,0.24339375,0
1,1,0.21589378,0
1,1,0.22391611,0
1,1,0.22690217,0
1,1,0.71187717,1
1,1,0.71484333,1
1,1,0.7055229,1
1,1,0.6948486,1
1,1,0.7070695,1
1,1,0.70889217,1
1,1,0.701465,1
1,1,0.68870765,1
1,1,0.6796605,1
1,1,0.66099447,1
1,1,0.64169854,1
1,1,0.64032984,1
1,1,0.5973062,1
1,1,0.57742536,1
1,0,0.681615,1
1,0,0.67771834,1
1,0,0.689989,1
1,0,0.6864481,1
1,0,0.70336413,1
1,0,0.7098256,1
1,0,0.71037996,1
1,0,0.7054577,1
1,0,0.70824116,1
1,0,0.70713717,1
1,0,0.7046332,1
1,0,0.707111,1
1,0,0.7019933,1
1,0,0.69582057,1
1,1,0.41801226,0
1,1,0.41406825,0
1,1,0.41397315,0
1,1,0.40998638,0
1,1,0.40870458,0
1,1,0.41082552,0
1,1,0.5791514,1
1,1,0.53763676,1
1,1,0.5415158,1
1,1,0.5305474,1
1,1,0.55103034,1
1,1,0.5421834,1
1,1,0.6147717,1
1,1,0.624649,1
1,1,0.6379932,1
1,1,0.6237291,1
1,1,0.65594655,1
1,1,0.6498047,1
1,1,0.6389373,1
1,1,0.65713155,1
1,1,0.6343951,1
1,1,0.580519,1
1,1,0.60330886,1
1,1,0.48423898,0
1,1,0.4983531,0
1,1,0.5202646,1
1,1,0.47952935,0
1,1,0.49993706,0
1,1,0.6814039,1
1,1,0.69371235,1
1,1,0.6712297,1
1,1,0.57866,1
1,1,0.6162826,1
1,1,0.34478098,0
1,1,0.34516454,0
1,1,0.3856624,0
1,1,0.35041738,0
1,1,0.33979487,0
1,1,0.087924585,0
1,1,0.088989854,0
1,1,0.09122722,0
1,1,0.09098238,0
1,1,0.09885472,0
1,1,0.10310026,0
1,1,0.09510189,0
1,1,0.09650365,0
1,1,0.09805081,0
1,1,0.08935123,0
1,1,0.08732458,0
1,1,0.083575346,0
1,1,0.19470449,0
1,1,0.19083829,0
1,1,0.18632789,0
1,1,0.18423563,0
1,1,0.1890512,0
1,1,0.20176515,0
1,1,0.19332443,0
1,1,0.28649852,0
1,1,0.28862554,0
1,1,0.29278022,0
1,1,0.28466374,0
1,1,0.2848479,0
1,1,0.27794683,0
1,1,0.2723656,0
1,1,0.25890905,0
1,0,0.5318871,1
1,0,0.5106779,1
1,0,0.51441187,1
1,0,0.51221865,1
1,0,0.5073126,1
1,0,0.48564386,0
1,0,0.52009135,1
1,0,0.5112776,1
1,0,0.5125033,1
1,0,0.524664,1
1,0,0.53356713,1
1,0,0.52573395,1
1,0,0.51291883,1
1,0,0.52579445,1
1,0,0.5252552,1
1,0,0.5245238,1
1,0,0.5002454,1
1,0,0.508708,1
1,0,0.49767354,0
1,0,0.46810824,0
1,0,0.4980524,0
1,0,0.4827942,0
1,0,0.48518047,0
1,0,0.44943392,0
1,0,0.45611307,0
1,0,0.4352798,0
1,0,0.42208695,0
1,0,0.42496797,0
1,0,0.40706936,0
1,0,0.4097342,0
1,0,0.40583295,0
1,0,0.40839508,0
1,0,0.3954844,0
1,0,0.4048025,0
1,0,0.40355477,0
1,0,0.39781505,0
1,0,0.3995658,0
1,0,0.41535318,0
1,0,0.3945996,0
1,0,0.3783496,0
1,0,0.4259588,0
1,0,0.44746616,0
1,0,0.41945028,0
1,0,0.47862816,0
1,0,0.5000057,1
1,0,0.51593894,1
1,0,0.50548506,1
1,0,0.559565,1
1,0,0.5489341,1
1,0,0.57090735,1
1,0,0.5583196,1
1,0,0.599191,1
1,0,0.6136252,1
1,0,0.6190144,1
1,0,0.6598697,1
1,0,0.68256223,1
1,0,0.6922374,1
1,0,0.6996219,1
1,0,0.7098483,1
1,0,0.70604175,1
1,0,0.7168737,1
1,0,0.7158358,1
1,0,0.7136295,1
1,0,0.7095386,1
1,0,0.7154134,1
1,0,0.71473956,1
1,0,0.7118152,1
1,0,0.7130037,1
1,0,0.7130265,1
1,0,0.70852697,1
1,0,0.71061015,1
1,0,0.7005889,1
1,0,0.70434546,1
1,0,0.6968388,1
1,0,0.6976134,1
1,0,0.69472176,1
1,0,0.69893575,1
1,0,0.69636446,1
1,0,0.6996076,1
1,0,0.69957566,1
1,0,0.69460315,1
1,0,0.694968,1
1,0,0.6899473,1
1,0,0.67752576,1
1,0,0.65493035,1
1,0,0.6422629,1
1,0,0.6178878,1
1,0,0.6081786,1
1,0,0.57984537,1
1,0,0.569193,1
1,0,0.5631666,1
1,0,0.5358487,1
1,0,0.5439561,1
1,0,0.55911714,1
1,0,0.54917663,1
1,0,0.54419094,1
1,0,0.5386534,1
1,0,0.52957517,1
1,0,0.51864713,1
1,0,0.52445644,1
1,0,0.5069707,1
1,0,0.51089627,1
1,0,0.50899965,1
1,0,0.5252529,1
1,0,0.49978065,0
1,0,0.49696666,0
1,0,0.49805462,0
1,0,0.4954837,0
1,0,0.47847214,0
1,0,0.49300015,0
1,0,0.4724529,0
1,0,0.4935523,0
1,0,0.49800268,0
1,1,0.5020952,1
1,1,0.50572944,1
1,1,0.48232356,0
1,1,0.49954668,0
1,1,0.53742564,1
1,1,0.52308923,1
1,1,0.5491013,1
1,1,0.55696774,1
1,1,0.58095837,1
1,1,0.59863776,1
1,1,0.607568,1
1,1,0.6193152,1
1,1,0.6196125,1
1,1,0.63136786,1
1,1,0.6305823,1
1,0,0.60156244,1
1,0,0.5668854,1
1,0,0.5537811,1
1,0,0.5415006,1
1,0,0.5410497,1
1,0,0.5066714,1
1,0,0.5140745,1
1,0,0.49159062,0
1,0,0.47346678,0
1,0,0.46951947,0
1,0,0.47061393,0
1,0,0.4594119,0
1,0,0.4678164,0
1,0,0.44818586,0
1,0,0.4664354,0
1,0,0.46612048,0
1,0,0.49318495,0
1,0,0.49024212,0
1,0,0.46761242,0
1,0,0.48442003,0
1,0,0.46760836,0
1,0,0.45706606,0
1,0,0.46037385,0
1,0,0.43356472,0
1,0,0.4531458,0
1,0,0.42709857,0
1,0,0.4236092,0
1,0,0.3980782,0
1,0,0.4107481,0
1,0,0.37680843,0
1,0,0.4107517,0
1,0,0.40703732,0
1,0,0.387136,0
1,0,0.41779134,0
1,0,0.41309813,0
1,0,0.37754655,0
1,0,0.3761943,0
1,0,0.37496305,0
1,0,0.37900338,0
1,0,0.40672895,0
1,0,0.3465412,0
1,0,0.39296225,0
1,0,0.37161994,0
1,0,0.3855636,0
1,0,0.36271214,0
1,0,0.37615007,0
1,0,0.36959198,0
1,0,0.38253996,0
1,0,0.39466953,0
1,0,0.4131542,0
1,0,0.4034309,0
1,0,0.41380894,0
1,0,0.44281802,0
1,0,0.43004587,0
1,0,0.44535336,0
1,0,0.44629282,0
1,0,0.46150252,0
1,0,0.46238607,0
1,0,0.44526967,0
1,0,0.4231272,0
1,0,0.4498786,0
1,0,0.40271,0
1,0,0.42276525,0
1,0,0.45858172,0
1,0,0.43637344,0
1,0,0.47216898,0
1,0,0.4682676,0
1,0,0.49034616,0
1,0,0.46083355,0
1,0,0.46510622,0
1,0,0.47566754,0
1,0,0.4611125,0
1,0,0.45049122,0
1,0,0.4329626,0
1,0,0.45323685,0
1,0,0.4294484,0
1,0,0.4337721,0
1,0,0.44077185,0
1,0,0.44626546,0
1,0,0.44217652,0
1,0,0.4535179,0
1,0,0.42859817,0
1,0,0.4352619,0
1,0,0.45980358,0
1,0,0.46784678,0
1,0,0.4609658,0
1,0,0.474922,0
1,0,0.48977172,0
1,0,0.50272995,1
1,0,0.49602568,0
1,0,0.50539404,1
1,0,0.4935864,0
1,0,0.5138649,1
1,0,0.504921,1
1,0,0.47972074,0
1,0,0.48148024,0
1,0,0.43646505,0
1,0,0.417371,0
1,0,0.39623576,0
1,1,0.4365892,0
1,1,0.42617586,0
1,1,0.43439144,0
1,1,0.45632693,0
1,1,0.46309444,0
1,1,0.4553003,0
1,1,0.45840192,0
1,1,0.4859025,0
1,1,0.49333438,0
1,1,0.47819036,0
1,1,0.47519824,0
1,1,0.51586723,1
1,1,0.5325156,1
1,1,0.54087794,1
1,1,0.58152753,1
1,0,0.549116,1
1,0,0.54515177,1
1,0,0.5485446,1
1,0,0.5626757,1
1,0,0.5371061,1
1,0,0.54418045,1
1,0,0.5274236,1
1,0,0.5358688,1
1,0,0.5398755,1
1,0,0.52057403,1
1,0,0.54341155,1
1,0,0.5432582,1
1,0,0.5364841,1
1,0,0.5510431,1
1,0,0.56456786,1
1,1,0.5805094,1
1,1,0.5667345,1
1,1,0.5632799,1
1,1,0.5674168,1
1,1,0.57616913,1
1,1,0.5777025,1
1,1,0.55437785,1
1,1,0.5595372,1
1,1,0.5766811,1
1,1,0.5752429,1
1,1,0.55160964,1
1,1,0.55236435,1
1,1,0.582948,1
1,1,0.57202923,1
1,1,0.56758004,1
1,0,0.51584965,1
1,0,0.49717402,0
1,0,0.52063406,1
1,0,0.52296925,1
1,0,0.53922164,1
1,0,0.5258983,1
1,0,0.5077436,1
1,0,0.5210337,1
1,0,0.49884498,0
1,0,0.53238857,1
1,0,0.53218424,1
1,0,0.5555334,1
1,0,0.567453,1
1,0,0.549832,1
1,0,0.57508284,1
1,1,0.59494305,1
1,1,0.6227979,1
1,1,0.64951515,1
1,1,0.6554621,1
1,1,0.6400973,1
1,1,0.6464442,1
1,1,0.68508154,1
1,1,0.6776716,1
1,1,0.68963134,1
1,1,0.69115746,1
1,1,0.6942089,1
1,1,0.6914785,1
1,1,0.6886465,1
1,1,0.7002585,1
1,1,0.69189847,1
1,0,0.70045584,1
1,0,0.6975494,1
1,0,0.70240587,1
1,0,0.70465636,1
1,0,0.6989876,1
1,0,0.6969782,1
1,0,0.6946588,1
1,0,0.685225,1
1,0,0.693784,1
1,0,0.7061452,1
1,0,0.7003145,1
1,0,0.7019431,1
1,0,0.69837236,1
1,0,0.7185032,1
1,0,0.7077927,1
1,0,0.68792963,1
1,0,0.6946281,1
1,0,0.69964045,1
1,0,0.69952583,1
1,0,0.68876165,1
1,0,0.68892777,1
1,0,0.6995398,1
1,0,0.7106611,1
1,0,0.70476,1
1,0,0.69531286,1
1,0,0.7090304,1
1,0,0.7162666,1
1,0,0.69704705,1
1,0,0.6949889,1
1,0,0.689743,1
1,0,0.684713,1
1,0,0.6899983,1
1,0,0.6837937,1
1,0,0.6774484,1
1,0,0.67654514,1
1,0,0.6593379,1
1,0,0.6580802,1
1,0,0.64887995,1
1,0,0.6052614,1
1,0,0.6068591,1
1,0,0.57134444,1
1,0,0.5593795,1
1,0,0.5660845,1
1,0,0.5293594,1
1,0,0.5266108,1
1,0,0.50861233,1
1,0,0.5114517,1
1,0,0.50559825,1
1,0,0.46787688,0
1,0,0.47193152,0
1,0,0.47738114,0
1,0,0.46478337,0
1,0,0.4560594,0
1,0,0.4534758,0
1,0,0.446476,0
1,0,0.43255478,0
1,0,0.4314197,0
1,0,0.43083355,0
1,0,0.41393697,0
1,0,0.39113382,0
1,0,0.43093145,0
1,0,0.42262277,0
1,0,0.43331024,0
1,0,0.3691397,0
1,0,0.42011458,0
1,0,0.38420606,0
1,0,0.38261244,0
1,0,0.31022763,0
1,0,0.2944211,0
1,0,0.36564127,0
1,0,0.35658056,0
1,0,0.34101915,0
1,0,0.38566893,0
1,0,0.42587057,0
1,0,0.44174144,0
1,0,0.44932687,0
1,0,0.435868,0
1,0,0.46174243,0
1,0,0.49932402,0
1,0,0.47580814,0
1,0,0.46645212,0
1,0,0.4701307,0
1,0,0.5023259,1
1,0,0.5214422,1
1,0,0.49298325,0
1,0,0.5076724,1
1,0,0.49582025,0
1,0,0.51899195,1
1,0,0.51920694,1
1,0,0.5102761,1
1,0,0.5321011,1
1,0,0.5132672,1
1,0,0.5373252,1
1,0,0.54887813,1
1,0,0.574789,1
1,0,0.56298524,1
1,0,0.5520563,1
1,0,0.5299128,1
1,0,0.5480385,1
1,0,0.526134,1
1,0,0.5282306,1
1,0,0.48717678,0
1,0,0.5208763,1
1,0,0.51052445,1
1,0,0.49126002,0
1,0,0.51893055,1
1,0,0.5180204,1
1,0,0.46786422,0
1,0,0.5135044,1
1,0,0.51412517,1
1,0,0.5141206,1
1,0,0.4968571,0
1,0,0.53001356,1
1,0,0.4977543,0
1,0,0.48654854,0
1,0,0.49882224,0
1,0,0.49789467,0
1,0,0.49419057,0
1,0,0.48531964,0
1,0,0.47436062,0
1,0,0.49760383,0
1,0,0.51141316,1
1,0,0.49181262,0
1,0,0.484022,0
1,0,0.51007235,1
1,0,0.51304775,1
1,0,0.49401674,0
1,0,0.4831536,0
1,0,0.46532363,0
1,0,0.4854629,0
1,0,0.48298642,0
1,0,0.46346,0
1,0,0.44391024,0
1,0,0.46526328,0
1,0,0.45994082,0
1,0,0.450034,0
1,0,0.438871,0
1,0,0.45846376,0
1,0,0.47253397,0
1,0,0.46607754,0
1,0,0.49590355,0
1,0,0.4791351,0
1,0,0.47563037,0
1,0,0.4729582,0
1,0,0.49744338,0
1,0,0.5053037,1
1,0,0.5080743,1
1,0,0.5098545,1
1,0,0.5125621,1
1,0,0.54438466,1
1,0,0.5263736,1
1,0,0.5600992,1
1,0,0.54887384,1
1,0,0.57212424,1
1,0,0.54860747,1
1,0,0.5556474,1
1,0,0.5512821,1
1,0,0.47176027,0
1,0,0.4932151,0
1,0,0.42706308,0
1,0,0.48232874,0
1,0,0.3956151,0
1,0,0.47546005,0
1,0,0.5444168,1
1,0,0.413762,0
1,0,0.4260566,0
1,0,0.43504164,0
1,0,0.3557549,0
1,0,0.34993172,0
1,0,0.35289,0
1,0,0.35217854,0
1,0,0.33690956,0
1,0,0.50067824,1
1,0,0.4780282,0
1,0,0.49496704,0
1,0,0.49480247,0
1,0,0.51657695,1
1,0,0.5016019,1
1,0,0.5057231,1
1,0,0.52874225,1
1,0,0.5252948,1
1,0,0.5621292,1
1,0,0.57962716,1
1,0,0.54739785,1
1,0,0.54599684,1
1,0,0.5668251,1
1,0,0.5353212,1
1,0,0.5413765,1
1,0,0.5371288,1
1,0,0.51042354,1
1,0,0.49210674,0
1,0,0.49049413,0
1,0,0.49666366,0
1,0,0.4604502,0
1,0,0.46267328,0
1,0,0.4749634,0
1,0,0.48774177,0
1,1,0.4603558,0
1,1,0.47426173,0
1,1,0.47026256,0
1,1,0.47405055,0
1,1,0.47235477,0
1,1,0.47248164,0
1,1,0.47080615,0
1,1,0.49643466,0
1,1,0.50337833,1
1,1,0.5037821,1
1,1,0.5386073,1
1,1,0.5216126,1
1,1,0.5453021,1
1,1,0.55782145,1
1,1,0.556166,1
1,0,0.5099109,1
1,0,0.4697954,0
1,0,0.49128607,0
1,0,0.47430152,0
1,0,0.4194728,0
1,0,0.45561755,0
1,0,0.4425941,0
1,0,0.44051123,0
1,0,0.43617645,0
1,0,0.4443732,0
1,0,0.40974948,0
1,0,0.4339034,0
1,0,0.4254231,0
1,0,0.40598086,0
1,0,0.42274994,0
1,0,0.4628616,0
1,0,0.43540987,0
1,0,0.42281497,0
1,0,0.42388237,0
1,0,0.47448027,0
1,0,0.46238536,0
1,0,0.46479917,0
1,0,0.5378909,1
1,0,0.49186867,0
1,0,0.49861923,0
1,0,0.4935883,0
1,0,0.51250774,1
1,0,0.48682535,0
1,0,0.51953787,1
1,0,0.7128372,1
1,0,0.71351075,1
1,0,0.7222998,1
1,0,0.73081875,1
1,0,0.72955704,1
1,0,0.72438943,1
1,0,0.7370978,1
1,0,0.73362017,1
1,0,0.7312997,1
1,0,0.7360135,1
1,0,0.7317293,1
1,0,0.72812974,1
1,0,0.7364695,1
1,0,0.7395136,1
1,0,0.73448145,1
1,0,0.73876256,1
1,0,0.7397611,1
1,0,0.74024665,1
1,0,0.7430875,1
1,0,0.7390641,1
1,0,0.7420634,1
1,0,0.73677903,1
1,0,0.73626554,1
1,0,0.7271503,1
1,0,0.7255476,1
1,0,0.7241513,1
1,0,0.7191081,1
1,1,0.41744217,0
1,1,0.41200852,0
1,1,0.4111684,0
1,1,0.44426107,0
1,1,0.44504592,0
1,1,0.44114482,0
1,1,0.4426307,0
1,1,0.4496047,0
1,1,0.414158,0
1,1,0.42284048,0
1,1,0.41081557,0
1,1,0.405385,0
1,1,0.44432494,0
1,1,0.42597312,0
1,1,0.44865853,0
1,1,0.44677308,0
1,1,0.48047456,0
1,1,0.4904377,0
1,1,0.47098535,0
1,1,0.49196514,0
1,1,0.45401365,0
1,1,0.47630748,0
1,1,0.4863116,0
1,1,0.4704709,0
1,1,0.4490513,0
1,1,0.43755168,0
1,1,0.4382655,0
1,1,0.510576,1
1,1,0.48275912,0
1,1,0.5148688,1
1,1,0.53687024,1
1,1,0.5552165,1
1,1,0.5253069,1
1,1,0.5659194,1
1,1,0.53403676,1
1,1,0.5646891,1
1,1,0.56464565,1
1,1,0.5533618,1
1,1,0.51026404,1
1,1,0.5386067,1
1,1,0.5418925,1
1,1,0.5049378,1
1,1,0.49685833,0
1,1,0.5027465,1
1,1,0.5270341,1
1,1,0.5202609,1
1,1,0.5212289,1
1,1,0.53645694,1
1,1,0.5458547,1
1,1,0.49598762,0
1,1,0.5335516,1
1,1,0.49492946,0
1,1,0.4770984,0
1,1,0.48048976,0
1,1,0.4674541,0
1,1,0.50524503,1
1,1,0.4901562,0
1,1,0.4965622,0
1,1,0.4976058,0
1,1,0.52315956,1
1,1,0.52382284,1
1,1,0.49700618,0
1,1,0.52346313,1
1,1,0.51319546,1
1,1,0.4901361,0
1,1,0.47527573,0
1,1,0.46545348,0
1,1,0.4373245,0
1,1,0.44414613,0
1,1,0.45023763,0
1,1,0.43066388,0
1,1,0.4603526,0
1,1,0.5800235,1
1,1,0.5913315,1
1,1,0.5923451,1
1,1,0.5603527,1
1,1,0.56964594,1
1,1,0.5193303,1
1,1,0.5434088,1
1,1,0.47691613,0
1,1,0.46240357,0
1,1,0.4330239,0
1,1,0.450538,0
1,1,0.42766604,0
1,1,0.40467653,0
1,1,0.47081375,0
1,1,0.47804615,0
1,1,0.5016786,1
1,1,0.41218445,0
1,1,0.41419244,0
1,1,0.37377208,0
1,1,0.37851995,0
1,1,0.4021305,0
1,1,0.37341785,0
1,1,0.36260504,0
1,1,0.35521573,0
1,1,0.3827811,0
1,1,0.47667104,0
1,1,0.44554284,0
1,1,0.42716858,0
1,1,0.4780684,0
1,1,0.44885093,0
1,1,0.44365922,0
1,1,0.4509127,0
1,1,0.48732093,0
1,1,0.44103667,0
1,1,0.50772274,1
1,1,0.5135095,1
1,1,0.53556067,1
1,1,0.44758424,0
1,1,0.43302086,0
1,1,0.44564125,0
1,1,0.44637305,0
1,1,0.3961365,0
1,1,0.36540413,0
1,1,0.41592577,0
1,1,0.3864156,0
1,1,0.39175248,0
1,1,0.38119987,0
1,1,0.41923904,0
1,1,0.41004944,0
1,1,0.3800282,0
1,1,0.38596758,0
1,1,0.39970648,0
1,1,0.42554232,0
1,1,0.47856274,0
1,1,0.48903072,0
1,1,0.5317614,1
1,1,0.5032402,1
1,1,0.56856936,1
1,1,0.45446405,0
1,1,0.46463937,0
1,1,0.46917734,0
1,1,0.44758558,0
1,1,0.45468396,0
1,1,0.4858661,0
1,1,0.46059078,0
1,1,0.42891547,0
1,1,0.4680183,0
1,1,0.45977727,0
1,1,0.40893665,0
1,1,0.39723402,0
1,1,0.3931392,0
1,1,0.40511334,0
1,1,0.42269644,0
1,1,0.42294934,0
1,1,0.4149565,0
1,1,0.43088737,0
1,1,0.424253,0
1,1,0.45996565,0
1,1,0.43040967,0
1,1,0.4383522,0
1,1,0.4369688,0
1,1,0.42838752,0
1,1,0.39338893,0
1,1,0.4226107,0
1,1,0.42082685,0
1,1,0.36264658,0
1,1,0.5922982,1
1,1,0.57221824,1
1,1,0.5944155,1
1,1,0.61063147,1
1,1,0.6167564,1
1,1,0.5961176,1
1,1,0.62536335,1
1,1,0.6535693,1
1,1,0.66255134,1
1,1,0.64030904,1
1,1,0.68367517,1
1,1,0.6776372,1
1,1,0.69138926,1
1,1,0.61448157,1
1,1,0.60368013,1
1,1,0.5771377,1
1,1,0.558532,1
1,1,0.522573,1
1,1,0.49216798,0
1,1,0.5070029,1
1,1,0.46480256,0
1,1,0.48422247,0
1,1,0.4797489,0
1,1,0.47742972,0
1,1,0.47650036,0
1,1,0.44803676,0
1,1,0.47538868,0
1,1,0.4609778,0
1,1,0.44348317,0
1,1,0.45016694,0
1,1,0.45343095,0
1,1,0.46386808,0
1,1,0.4559452,0
1,1,0.45524052,0
1,1,0.4516407,0
1,1,0.45332444,0
1,1,0.44702944,0
1,1,0.47266996,0
1,1,0.44562557,0
1,1,0.69114625,1
1,1,0.6926645,1
1,1,0.6799448,1
1,1,0.69589454,1
1,1,0.69221324,1
1,1,0.6949021,1
1,1,0.6919713,1
1,1,0.6999277,1
1,0,0.7013887,1
1,0,0.6964811,1
1,0,0.6896835,1
1,0,0.69265646,1
1,0,0.67947006,1
1,1,0.6863243,1
1,1,0.6976678,1
1,1,0.6936424,1
1,1,0.6917558,1
1,1,0.68645096,1
1,1,0.7098721,1
1,1,0.6972078,1
1,1,0.6726102,1
1,1,0.67673993,1
1,1,0.68694323,1
1,1,0.68406624,1
1,1,0.6725531,1
1,1,0.67081046,1
1,1,0.6849307,1
1,1,0.7009431,1
1,1,0.69415504,1
1,1,0.6799404,1
1,1,0.2661901,0
1,1,0.26483998,0
1,1,0.2663362,0
1,1,0.26202607,0
1,1,0.3132701,0
1,1,0.31723502,0
1,1,0.27170923,0
1,1,0.2830792,0
1,1,0.30505338,0
1,1,0.27976125,0
1,1,0.2934275,0
1,1,0.29223943,0
1,1,0.27870157,0
1,1,0.28508854,0
1,1,0.28113988,0
1,1,0.27904648,0
1,1,0.27678397,0
1,1,0.31394133,0
1,1,0.30308363,0
1,1,0.37168398,0
1,1,0.30231935,0
1,1,0.3260608,0
1,1,0.34724054,0
1,1,0.29888162,0
1,1,0.29846036,0
1,1,0.33365038,0
1,1,0.38089484,0
1,1,0.4072645,0
1,0,0.25160992,0
1,0,0.24884386,0
1,0,0.26416373,0
1,0,0.28814298,0
1,0,0.25719756,0
1,0,0.27165756,0
1,0,0.2727859,0
1,0,0.2686558,0
1,0,0.26040813,0
1,0,0.2572586,0
1,0,0.28240028,0
1,0,0.23601648,0
1,0,0.2248173,0
1,0,0.23041019,0
1,0,0.22387333,0
1,0,0.22507367,0
1,0,0.21278283,0
1,0,0.22208135,0
1,0,0.21672226,0
1,0,0.2245671,0
1,0,0.22750741,0
1,0,0.21840622,0
1,0,0.21597928,0
1,0,0.23074272,0
1,0,0.23569132,0
1,0,0.22959773,0
1,0,0.22236581,0
1,0,0.23271699,0
1,0,0.22886609,0
1,0,0.22773996,0
1,0,0.2434937,0
1,0,0.25872955,0
1,0,0.24357185,0
1,0,0.2637918,0
1,0,0.26724207,0
1,0,0.23481306,0
1,0,0.26226676,0
1,0,0.26314235,0
1,0,0.22837003,0
1,0,0.22931398,0
1,0,0.24918558,0
1,0,0.22466333,0
1,0,0.22441265,0
1,0,0.22390577,0
1,0,0.23859891,0
1,0,0.23519613,0
1,0,0.2235464,0
1,0,0.2566275,0
1,0,0.24313757,0
1,0,0.2391126,0
1,0,0.23821047,0
1,0,0.248137,0
1,0,0.23239489,0
1,0,0.25367755,0
1,0,0.25833797,0
1,0,0.22820263,0
1,0,0.22423866,0
1,0,0.23111774,0
1,0,0.22134154,0
1,0,0.20421776,0
1,0,0.20673151,0
1,0,0.20024046,0
1,0,0.2105053,0
1,0,0.20016669,0
1,0,0.2038792,0
1,0,0.20328145,0
1,0,0.22333509,0
1,0,0.22676347,0
1,0,0.23210916,0
1,0,0.24684542,0
1,0,0.24562514,0
1,0,0.2503518,0
1,0,0.23400727,0
1,0,0.27535567,0
1,0,0.23761714,0
1,0,0.23451418,0
1,0,0.2325683,0
1,0,0.26092216,0
1,0,0.24380802,0
1,0,0.24317203,0
1,0,0.2456792,0
1,0,0.23847839,0
1,0,0.2803151,0
1,0,0.25641817,0
1,0,0.24168038,0
1,0,0.27177963,0
1,0,0.2561205,0
1,0,0.26173115,0
1,0,0.26084718,0
1,0,0.2522657,0
1,0,0.2818252,0
1,0,0.27108285,0
1,0,0.29818633,0
1,0,0.26951444,0
1,0,0.30717254,0
1,0,0.31471542,0
1,0,0.2969653,0
1,0,0.28895864,0
1,0,0.27977073,0
1,0,0.26978353,0
1,0,0.31222427,0
1,0,0.30346337,0
1,0,0.26251853,0
1,0,0.29945928,0
1,0,0.29843953,0
1,0,0.2535718,0
1,0,0.26726633,0
1,0,0.27017298,0
1,0,0.2735712,0
1,0,0.260824,0
1,0,0.26133108,0
1,0,0.2620415,0
1,0,0.26909447,0
1,0,0.30210054,0
1,0,0.28243476,0
1,0,0.26209226,0
1,0,0.31137672,0
1,0,0.2908686,0
1,0,0.27343905,0
1,0,0.2670372,0
1,0,0.30139238,0
1,0,0.22090334,0
1,0,0.22297727,0
1,0,0.23807204,0
1,0,0.22958155,0
1,0,0.23989913,0
1,0,0.24090134,0
1,0,0.23783742,0
1,0,0.25910172,0
1,0,0.24940674,0
1,0,0.24241403,0
1,0,0.23127657,0
1,0,0.22095218,0
1,0,0.23020966,0
1,0,0.23840794,0
1,0,0.23207416,0
1,0,0.21728481,0
1,0,0.22837529,0
1,0,0.22386353,0
1,0,0.21662039,0
1,0,0.22082135,0
1,0,0.20226835,0
1,0,0.21803561,0
1,0,0.22269064,0
1,0,0.23265654,0
1,0,0.21216497,0
1,0,0.2061326,0
1,0,0.23170173,0
1,0,0.24646352,0
1,0,0.22859791,0
1,0,0.23075859,0
1,0,0.23449373,0
1,0,0.26284045,0
1,0,0.24195777,0
1,0,0.25013387,0
1,0,0.26531664,0
1,0,0.25510025,0
1,0,0.23954286,0
1,0,0.25394008,0
1,0,0.23211269,0
1,0,0.257277,0
1,0,0.2565186,0
1,0,0.24131453,0
1,0,0.262087,0
1,0,0.27335888,0
1,0,0.26923192,0
1,0,0.26132375,0
1,0,0.3054397,0
1,0,0.258438,0
1,0,0.3080636,0
1,0,0.30386502,0
1,0,0.28917885,0
1,0,0.26222622,0
1,0,0.30042088,0
1,0,0.26794693,0
1,0,0.24873708,0
1,0,0.31308264,0
1,0,0.2655469,0
1,0,0.25479695,0
1,0,0.2430605,0
1,0,0.25445563,0
1,0,0.25984278,0
1,0,0.23945732,0
1,0,0.25077522,0
1,0,0.29309356,0
1,0,0.24760444,0
1,0,0.25269267,0
1,0,0.30640826,0
1,0,0.31790522,0
1,0,0.32283768,0
1,0,0.34402508,0
1,0,0.3203323,0
1,0,0.35102475,0
1,0,0.38888133,0
1,0,0.34944844,0
1,0,0.3731135,0
1,0,0.39885122,0
1,0,0.33372185,0
1,0,0.37777543,0
1,0,0.3565319,0
1,0,0.32730514,0
1,0,0.3685155,0
1,0,0.33035696,0
1,0,0.35552576,0
1,0,0.37985104,0
1,0,0.3658208,0
1,0,0.41460493,0
1,0,0.39714864,0
1,0,0.38827494,0
1,0,0.33075413,0
1,0,0.29708588,0
1,0,0.31324622,0
1,0,0.33911255,0
1,0,0.29483217,0
1,0,0.29160273,0
1,0,0.29631183,0
1,0,0.3213911,0
1,0,0.32139948,0
1,0,0.29144207,0
1,0,0.29206213,0
1,0,0.25437024,0
1,0,0.25862923,0
1,0,0.24535741,0
1,0,0.2989541,0
1,0,0.33060956,0
1,0,0.31119695,0
1,0,0.32371354,0
1,0,0.2767257,0
1,0,0.29508153,0
1,0,0.33949026,0
1,0,0.25396302,0
1,0,0.2705299,0
1,0,0.3076463,0
1,0,0.2523506,0
1,0,0.24110305,0
1,0,0.24601768,0
1,0,0.27550504,0
1,0,0.28763217,0
1,0,0.2725765,0
1,0,0.25645497,0
1,0,0.277717,0
1,0,0.348527,0
1,0,0.26533285,0
1,0,0.2654744,0
1,0,0.29234946,0
1,0,0.28399357,0
1,0,0.28456843,0
1,0,0.30222178,0
1,0,0.305306,0
1,0,0.29506528,0
1,0,0.30142936,0
1,0,0.30828175,0
1,0,0.29488602,0
1,0,0.3319897,0
1,0,0.3142801,0
1,0,0.32316995,0
1,0,0.29765305,0
1,0,0.27122805,0
1,0,0.2988344,0
1,0,0.2671527,0
1,0,0.26159707,0
1,0,0.25905174,0
1,0,0.2725685,0
1,0,0.24504063,0
1,0,0.24749142,0
1,0,0.25010455,0
1,0,0.25107992,0
1,0,0.25039414,0
1,0,0.24962474,0
1,0,0.23922297,0
1,0,0.23210733,0
1,0,0.23035309,0
1,0,0.23682602,0
1,0,0.2323906,0
1,0,0.2526946,0
1,0,0.24355747,0
1,0,0.23450688,0
1,0,0.23979197,0
1,0,0.2487718,0
1,0,0.26220146,0
1,0,0.28252918,0
1,0,0.26624033,0
1,0,0.2612253,0
1,0,0.2638195,0
1,0,0.27308634,0
1,0,0.27160323,0
1,0,0.28393978,0
1,0,0.27764678,0
1,0,0.2664862,0
1,0,0.25315702,0
1,0,0.2622151,0
1,0,0.27517578,0
1,0,0.30168077,0
1,0,0.2705861,0
1,0,0.30247247,0
1,0,0.27243337,0
1,0,0.28529134,0
1,0,0.27930072,0
1,0,0.33448198,0
1,0,0.34529445,0
1,0,0.32581022,0
1,0,0.35184386,0
1,0,0.3786232,0
1,0,0.38598144,0
1,0,0.3857998,0
1,0,0.38475636,0
1,0,0.38280022,0
1,0,0.34609425,0
1,0,0.35498735,0
1,0,0.35094693,0
1,0,0.36780953,0
1,0,0.37207982,0
1,0,0.35011825,0
1,0,0.35329527,0
1,0,0.37435156,0
1,0,0.34310755,0
1,0,0.349499,0
1,0,0.36692518,0
1,0,0.3472557,0
1,0,0.32969624,0
1,0,0.38433725,0
1,0,0.34522364,0
1,0,0.3256057,0
1,0,0.29955775,0
1,0,0.3088757,0
1,0,0.31482843,0
1,0,0.2440949,0
1,0,0.24047206,0
1,0,0.27400848,0
1,0,0.24435496,0
1,0,0.24144083,0
1,0,0.23493613,0
1,0,0.22858232,0
1,0,0.26632524,0
1,0,0.2441961,0
1,0,0.22618422,0
1,0,0.24416791,0
1,0,0.23770894,0
1,0,0.23198882,0
1,0,0.24434458,0
1,0,0.23640634,0
1,0,0.22941065,0
1,0,0.26519457,0
1,0,0.22657008,0
1,0,0.22518316,0
1,0,0.23658396,0
1,0,0.24107076,0
1,0,0.23900235,0
1,0,0.23186886,0
1,0,0.23653214,0
1,0,0.23738049,0
1,0,0.24080205,0
1,0,0.24328962,0
1,0,0.25735185,0
1,0,0.28294632,0
1,0,0.257064,0
1,0,0.2801155,0
1,0,0.28841746,0
1,0,0.27831322,0
1,0,0.2560475,0
1,0,0.23119321,0
1,0,0.22913495,0
1,0,0.24051264,0
1,0,0.22396457,0
1,0,0.23122197,0
1,0,0.23148753,0
1,0,0.24287897,0
1,0,0.31655923,0
1,0,0.29573688,0
1,0,0.2757595,0
1,0,0.29046738,0
1,0,0.32227555,0
1,0,0.30139104,0
1,0,0.34840858,0
1,0,0.34643197,0
1,0,0.34576288,0
1,0,0.30408943,0
1,0,0.30091923,0
1,0,0.2766707,0
1,0,0.2552302,0
1,0,0.26580465,0
1,0,0.25832617,0
1,0,0.25245875,0
1,0,0.24897207,0
1,0,0.23912409,0
1,0,0.24665415,0
1,0,0.22301011,0
1,0,0.22326896,0
1,0,0.22929104,0
1,0,0.23547648,0
1,0,0.24444441,0
1,0,0.26110947,0
1,0,0.24662052,0
1,0,0.27265596,0
1,0,0.23932992,0
1,0,0.25568074,0
1,0,0.25457245,0
1,0,0.26608783,0
1,0,0.26549175,0
1,0,0.2410199,0
1,0,0.2508763,0
1,0,0.28314313,0
1,0,0.2539676,0
1,0,0.24735044,0
1,0,0.23495056,0
1,0,0.23645368,0
1,0,0.27429262,0
1,0,0.29117832,0
1,0,0.24264617,0
1,0,0.25508505,0
1,0,0.24563873,0
1,0,0.26768026,0
1,0,0.2779299,0
1,0,0.3009158,0
1,0,0.31237018,0
1,0,0.32244813,0
1,0,0.31036544,0
1,0,0.29190347,0
1,0,0.29473656,0
1,0,0.3596037,0
1,0,0.33430445,0
1,0,0.31775793,0
1,0,0.2848762,0
1,0,0.30786178,0
1,0,0.2950337,0
1,0,0.30195355,0
1,0,0.28591087,0
1,0,0.24789327,0
1,0,0.23474193,0
1,0,0.2575627,0
1,0,0.22863322,0
1,0,0.2515501,0
1,0,0.23500784,0
1,0,0.23909529,0
1,0,0.2395133,0
1,0,0.2704227,0
1,0,0.2469665,0
1,0,0.27975506,0
1,0,0.27509642,0
1,0,0.2469262,0
1,0,0.26114714,0
1,0,0.2383019,0
1,0,0.25014183,0
1,0,0.27310997,0
1,0,0.24526243,0
1,0,0.24952775,0
1,0,0.2598327,0
1,0,0.23815237,0
1,0,0.2289632,0
1,0,0.23079523,0
1,0,0.26178297,0
1,0,0.2549568,0
1,0,0.2303619,0
1,0,0.22363669,0
1,0,0.25261366,0
1,0,0.2269891,0
1,0,0.22476837,0
1,0,0.21943231,0
1,0,0.25003964,0
1,0,0.23027307,0
1,0,0.22956313,0
1,0,0.236217,0
1,0,0.22752161,0
1,0,0.22670697,0
1,0,0.24397863,0
1,0,0.23987116,0
1,0,0.22588004,0
1,0,0.21828361,0
1,0,0.22559147,0
1,0,0.23409383,0
1,0,0.24491481,0
1,0,0.24951328,0
1,0,0.23088552,0
1,0,0.28437173,0
1,0,0.25815353,0
1,0,0.2868012,0
1,0,0.26012474,0
1,0,0.25353488,0
1,0,0.25122285,0
1,0,0.2407138,0
1,0,0.25105444,0
1,0,0.2658277,0
1,0,0.26666307,0
1,0,0.26957294,0
1,0,0.28031355,0
1,0,0.3418342,0
1,0,0.34252423,0
1,0,0.31823856,0
1,0,0.34262714,0
1,0,0.37049052,0
1,0,0.38003814,0
1,0,0.41777366,0
1,0,0.38385484,0
1,0,0.4004806,0
1,0,0.48271325,0
1,0,0.47776076,0
1,0,0.4765658,0
1,0,0.48335698,0
1,0,0.5063193,1
1,0,0.53961045,1
1,0,0.551974,1
1,0,0.51486653,1
1,0,0.51132494,1
1,0,0.56522095,1
1,0,0.5465293,1
1,0,0.5651887,1
1,0,0.5166433,1
1,0,0.521555,1
1,0,0.5219985,1
1,0,0.51997197,1
1,0,0.49011934,0
1,0,0.47007763,0
1,0,0.46545848,0
1,0,0.39575657,0
1,0,0.36582735,0
1,0,0.3356773,0
1,0,0.29107738,0
1,0,0.31797215,0
1,0,0.31527779,0
1,0,0.3067443,0
1,0,0.3244012,0
1,0,0.32183266,0
1,0,0.32338604,0
1,0,0.38811567,0
1,0,0.3373754,0
1,0,0.32120067,0
1,0,0.32099584,0
1,0,0.35056564,0
1,0,0.3141894,0
1,0,0.33999574,0
1,0,0.3364298,0
1,0,0.3395851,0
1,0,0.2998267,0
1,0,0.28998566,0
1,0,0.2743264,0
1,0,0.24787357,0
1,0,0.22106625,0
1,0,0.24322973,0
1,0,0.24553831,0
1,0,0.23771213,0
1,0,0.2491093,0
1,1,0.5480544,1
1,1,0.5351051,1
1,1,0.57995945,1
1,1,0.55562484,1
1,1,0.5014205,1
1,1,0.55415046,1
1,1,0.5953326,1
1,1,0.61249226,1
1,1,0.6206869,1
1,1,0.61512774,1
1,1,0.6454912,1
1,1,0.6759307,1
1,1,0.6885963,1
1,1,0.6667103,1
1,1,0.69330215,1
1,1,0.7017506,1
1,1,0.6779384,1
1,1,0.73250633,1
1,1,0.7196647,1
1,1,0.7039281,1
1,1,0.70581204,1
1,1,0.72587085,1
1,1,0.7237234,1
1,1,0.70549685,1
1,1,0.6909262,1
1,1,0.7223431,1
1,1,0.67866874,1
1,1,0.6708527,1
1,1,0.6517481,1
1,1,0.67389387,1
1,0,0.28723112,0
1,0,0.2940965,0
1,0,0.2998415,0
1,0,0.28503674,0
1,0,0.30450818,0
1,0,0.31982693,0
1,1,0.24170657,0
1,1,0.23306479,0
1,1,0.23844917,0
1,1,0.24522868,0
1,1,0.25857237,0
1,0,0.22318584,0
1,0,0.2533004,0
1,0,0.2491472,0
1,0,0.2275806,0
1,0,0.22098042,0
1,0,0.24992386,0
1,0,0.22464074,0
1,0,0.22332644,0
1,0,0.2188487,0
1,0,0.24742186,0
1,0,0.22826469,0
1,0,0.22793938,0
1,0,0.2347672,0
1,0,0.2257656,0
1,0,0.22455913,0
1,0,0.24210095,0
1,0,0.23814563,0
1,0,0.22487058,0
1,0,0.21702467,0
1,0,0.22273977,0
1,0,0.23057173,0
1,0,0.24209948,0
1,0,0.24609326,0
1,0,0.2288881,0
1,0,0.2807216,0
1,0,0.25558448,0
1,1,0.59501624,1
1,1,0.58143234,1
1,1,0.5745774,1
1,1,0.5433552,1
1,1,0.6022125,1
1,1,0.624584,1
1,1,0.59255874,1
1,1,0.59428895,1
1,1,0.7155623,1
1,1,0.7049208,1
1,1,0.6837121,1
1,1,0.70742744,1
1,1,0.7172863,1
1,1,0.7163392,1
1,1,0.70981467,1
1,1,0.72952586,1
1,1,0.7308465,1
1,1,0.7287305,1
1,1,0.72075963,1
1,1,0.7431726,1
1,1,0.69669384,1
1,1,0.703778,1
1,1,0.70357436,1
1,1,0.669632,1
1,1,0.6860443,1
1,1,0.6757602,1
1,1,0.694671,1
1,1,0.6769828,1
1,1,0.57712525,1
1,1,0.61617965,1
1,1,0.59219885,1
1,1,0.5430813,1
1,1,0.5048308,1
1,1,0.5641808,1
1,1,0.5651923,1
1,1,0.482169,0
1,1,0.41357273,0
1,1,0.43784335,0
1,1,0.42643672,0
1,1,0.4237781,0
1,1,0.42535904,0
1,1,0.39570382,0
1,1,0.37583452,0
1,1,0.39042372,0
1,1,0.41655982,0
1,1,0.5100924,1
1,1,0.4505763,0
1,1,0.46895462,0
1,1,0.5433834,1
1,1,0.513965,1
1,1,0.5179158,1
1,1,0.5125904,1
1,1,0.55510163,1
1,1,0.5051884,1
1,1,0.49123502,0
1,1,0.50551474,1
1,1,0.54822564,1
1,1,0.5610178,1
1,1,0.58945686,1
1,1,0.6093061,1
1,1,0.60989153,1
1,1,0.65392256,1
1,1,0.66720986,1
1,1,0.6995471,1
1,1,0.6859503,1
1,1,0.6867658,1
1,1,0.6877658,1
1,1,0.70719093,1
1,1,0.7039553,1
1,1,0.6884801,1
1,1,0.655549,1
1,1,0.6466563,1
1,1,0.5663322,1
1,1,0.60791683,1
1,1,0.5451128,1
1,1,0.5359394,1
1,1,0.5405902,1
1,1,0.5202173,1
1,1,0.5456488,1
1,1,0.44267237,0
1,1,0.5124536,1
1,1,0.55105865,1
1,1,0.46594793,0
1,1,0.4549935,0
1,1,0.4971482,0
1,1,0.5556974,1
1,1,0.5330031,1
1,1,0.5274303,1
1,1,0.53945047,1
1,0,0.3318518,0
1,0,0.3135938,0
1,0,0.3017618,0
1,0,0.28529397,0
1,0,0.29741648,0
1,0,0.2864873,0
1,0,0.31688607,0
1,0,0.3336306,0
1,0,0.3053251,0
1,0,0.3235372,0
1,0,0.3489971,0
1,0,0.36356947,0
1,0,0.32959166,0
1,0,0.33914936,0
1,1,0.7211343,1
1,1,0.72071487,1
1,1,0.72173303,1
1,1,0.73018616,1
1,1,0.7287519,1
1,1,0.7286453,1
1,1,0.7330211,1
1,1,0.7385366,1
1,1,0.7374471,1
1,1,0.73205835,1
1,1,0.74604654,1
1,1,0.7461346,1
1,1,0.7335135,1
1,1,0.73803496,1
1,1,0.73525405,1
1,1,0.74479103,1
2,1,0.22947504,0
2,1,0.45238158,0
2,1,0.5395554,1
2,1,0.54698217,1
2,1,0.5148328,1
2,1,0.5427568,1
2,1,0.58267003,1
2,1,0.6036096,1
2,1,0.6205266,1
2,1,0.45501027,0
2,1,0.46041033,0
2,1,0.5941337,1
2,1,0.5675102,1
2,1,0.5829117,1
2,1,0.52932453,1
2,1,0.54526263,1
2,1,0.55684966,1
2,1,0.54674613,1
2,0,0.38073525,0
2,0,0.39944768,0
2,0,0.393107,0
2,0,0.23398712,0
2,0,0.41146976,0
2,0,0.4370056,0
2,0,0.5086274,1
2,0,0.52623165,1
2,0,0.5455268,1
2,0,0.57602626,1
2,0,0.58899367,1
2,0,0.59869653,1
2,1,0.25663382,0
2,1,0.26501912,0
2,1,0.36835763,0
2,1,0.36239472,0
2,1,0.31723306,0
2,1,0.35717455,0
2,1,0.4013827,0
2,1,0.40387824,0
2,1,0.37222937,0
2,1,0.39134207,0
2,1,0.3440579,0
2,1,0.31915274,0
2,1,0.35722107,0
2,1,0.3659121,0
2,1,0.4093148,0
2,1,0.41432452,0
2,1,0.41132092,0
2,1,0.20332296,0
2,1,0.22835825,0
2,1,0.23702523,0
2,1,0.20132983,0
2,1,0.20039229,0
2,1,0.2034465,0
2,1,0.216352,0
2,1,0.2063106,0
2,1,0.20194153,0
2,1,0.22161032,0
2,1,0.23229238,0
2,1,0.191821,0
2,1,0.22102903,0
2,1,0.24330983,0
2,1,0.22630529,0
2,1,0.23988251,0
2,1,0.24893022,0
2,1,0.39327455,0
2,1,0.4081579,0
2,1,0.3870651,0
2,1,0.40378812,0
2,1,0.39824882,0
2,1,0.41426557,0
2,1,0.42377636,0
2,1,0.41991624,0
2,1,0.42908064,0
2,1,0.43779698,0
2,0,0.30859473,0
2,0,0.29669628,0
2,0,0.26919633,0
2,0,0.29311496,0
2,0,0.3160307,0
2,0,0.29769588,0
2,0,0.2936119,0
2,0,0.26403013,0
2,0,0.2871992,0
2,0,0.25447592,0
2,0,0.27733284,0
2,0,0.28625286,0
2,0,0.26342797,0
2,0,0.24788265,0
2,0,0.29208264,0
2,0,0.29066348,0
2,0,0.29269347,0
2,0,0.3115693,0
2,0,0.33731753,0
2,0,0.32882774,0
2,0,0.3405879,0
2,0,0.4013516,0
2,0,0.33655897,0
2,0,0.3383705,0
2,0,0.34689677,0
2,0,0.3142459,0
2,0,0.2962602,0
2,0,0.33175156,0
2,0,0.3320024,0
2,0,0.34325865,0
2,0,0.37059957,0
2,0,0.3721696,0
2,0,0.4077391,0
2,0,0.4405082,0
2,0,0.44254765,0
2,0,0.469068,0
2,0,0.45909098,0
2,0,0.4625046,0
2,0,0.52182657,1
2,0,0.5258166,1
2,0,0.5181112,1
2,0,0.5197853,1
2,0,0.51777726,1
2,0,0.54227555,1
2,0,0.54369086,1
2,0,0.52139455,1
2,0,0.5309594,1
2,0,0.5143725,1
2,0,0.49512723,0
2,0,0.48953727,0
2,0,0.44282374,0
2,0,0.41228643,0
2,0,0.40737513,0
2,0,0.4043552,0
2,0,0.40366364,0
2,0,0.40754044,0
2,0,0.41995612,0
2,0,0.40246058,0
2,0,0.35091606,0
2,0,0.33284384,0
2,0,0.32539514,0
2,0,0.33559686,0
2,0,0.41707668,0
2,0,0.3743662,0
2,0,0.32340744,0
2,0,0.3447757,0
2,0,0.33260256,0
2,0,0.3375301,0
2,0,0.30192864,0
2,0,0.37324506,0
2,0,0.34706712,0
2,0,0.35583568,0
2,0,0.36866853,0
2,0,0.52057904,1
2,0,0.5082485,1
2,0,0.49995276,0
2,0,0.49103794,0
2,0,0.50286865,1
2,0,0.5029833,1
2,0,0.5054456,1
2,0,0.50001144,1
2,0,0.48375836,0
2,0,0.48947296,0
2,0,0.45471364,0
2,0,0.45216963,0
2,0,0.48153785,0
2,0,0.45191512,0
2,0,0.37090516,0
2,0,0.38032308,0
2,0,0.36484444,0
2,0,0.36003023,0
2,0,0.32166213,0
2,0,0.2843368,0
2,0,0.2586829,0
2,0,0.3000563,0
2,0,0.27117956,0
2,0,0.26832882,0
2,0,0.29207313,0
2,0,0.25123268,0
2,0,0.26619607,0
2,0,0.33646694,0
2,0,0.3581829,0
2,0,0.32765737,0
2,0,0.34444806,0
2,0,0.34367093,0
2,0,0.3577045,0
2,0,0.30966195,0
2,0,0.32654217,0
2,0,0.34664473,0
2,0,0.35524893,0
2,0,0.323507,0
2,0,0.34789103,0
2,0,0.36286634,0
2,0,0.36151308,0
2,0,0.36681575,0
2,0,0.38907057,0
2,0,0.3579703,0
2,0,0.38715047,0
2,0,0.3790547,0
2,0,0.3909186,0
2,0,0.4091797,0
2,0,0.3761168,0
2,0,0.3348544,0
2,0,0.36454594,0
2,0,0.36546212,0
2,0,0.35261324,0
2,0,0.3232204,0
2,0,0.3321163,0
2,0,0.33982158,0
2,0,0.27421916,0
2,0,0.30430478,0
2,0,0.29798618,0
2,0,0.2480818,0
2,0,0.2881709,0
2,0,0.33166185,0
2,0,0.2839693,0
2,0,0.27883142,0
2,0,0.301006,0
2,0,0.2857626,0
2,0,0.2739263,0
2,0,0.2950502,0
2,0,0.25480375,0
2,0,0.2746091,0
2,0,0.26910517,0
2,0,0.2747101,0
2,0,0.3076246,0
2,0,0.2988479,0
2,0,0.323316,0
2,0,0.34192693,0
2,0,0.32945913,0
2,0,0.36986402,0
2,0,0.37052977,0
2,0,0.3689667,0
2,0,0.367574,0
2,0,0.39932433,0
2,0,0.39833766,0
2,0,0.32620686,0
2,0,0.32286218,0
2,1,0.3181893,0
2,1,0.31272373,0
2,1,0.29268682,0
2,1,0.26952538,0
2,1,0.25054917,0
2,1,0.2664233,0
2,1,0.26954275,0
2,1,0.25116473,0
2,1,0.21787506,0
2,1,0.24001716,0
2,1,0.21642053,0
2,1,0.23679055,0
2,1,0.24228302,0
2,1,0.24182749,0
2,1,0.25054172,0
2,1,0.25315544,0
2,1,0.24457356,0
2,1,0.2799177,0
2,1,0.28671178,0
2,1,0.2887232,0
2,1,0.2982388,0
2,1,0.2996935,0
2,1,0.29623997,0
2,1,0.24667603,0
2,1,0.2666716,0
2,1,0.24864781,0
2,1,0.22565028,0
2,1,0.26860768,0
2,1,0.24769041,0
2,0,0.40378812,0
2,0,0.39824882,0
2,0,0.41426557,0
2,0,0.42377636,0
2,0,0.41991624,0
2,0,0.42908064,0
2,0,0.43779698,0
2,0,0.442571,0
2,0,0.42352125,0
2,0,0.40958348,0
2,0,0.40358195,0
2,0,0.40541467,0
2,0,0.3868577,0
2,0,0.36957285,0
2,0,0.36751705,0
2,0,0.37636715,0
2,0,0.38994524,0
2,0,0.37124422,0
2,0,0.38091478,0
2,0,0.40694928,0
2,0,0.36135858,0
2,0,0.33022818,0
2,0,0.3330296,0
2,0,0.3215372,0
2,0,0.2724684,0
2,0,0.25675696,0
2,0,0.27276677,0
2,0,0.25353286,0
2,0,0.21186301,0
2,0,0.2396708,0
2,0,0.27271333,0
2,0,0.26557186,0
2,0,0.23878455,0
2,0,0.20922449,0
2,0,0.22575675,0
2,0,0.19600621,0
2,0,0.20634894,0
2,0,0.21639322,0
2,0,0.18789695,0
2,0,0.17965443,0
2,0,0.18550082,0
2,0,0.21110637,0
2,0,0.20500827,0
2,0,0.20366855,0
2,0,0.20985101,0
2,0,0.22563936,0
2,0,0.19837832,0
2,0,0.21535932,0
2,0,0.2225969,0
2,0,0.19797663,0
2,0,0.20914534,0
2,0,0.20240329,0
2,0,0.22282651,0
2,0,0.23433499,0
2,0,0.21823634,0
2,0,0.24819496,0
2,0,0.25660315,0
2,0,0.24098998,0
2,0,0.23514676,0
2,0,0.23957984,0
2,0,0.23841223,0
2,0,0.2351662,0
2,0,0.2152578,0
2,0,0.24888732,0
2,0,0.24474457,0
2,0,0.24263394,0
2,0,0.24276322,0
2,0,0.21988991,0
2,0,0.23535678,0
2,0,0.22370532,0
2,0,0.19999649,0
2,0,0.2157763,0
2,0,0.22024606,0
2,0,0.23742317,0
2,0,0.25206184,0
2,0,0.24647175,0
2,0,0.25671753,0
2,0,0.2649774,0
2,0,0.28398842,0
2,0,0.29810548,0
2,0,0.30990562,0
2,0,0.33806226,0
2,0,0.34851426,0
2,0,0.33705586,0
2,0,0.3879294,0
2,0,0.40162677,0
2,0,0.41111222,0
2,0,0.41438925,0
2,0,0.4257439,0
2,0,0.42328718,0
2,0,0.41163313,0
2,0,0.4237161,0
2,0,0.4260596,0
2,0,0.41566822,0
2,0,0.43249097,0
2,0,0.41584736,0
2,0,0.41109374,0
2,0,0.4106776,0
2,0,0.42360166,0
2,0,0.38362554,0
2,0,0.4454941,0
2,0,0.4735827,0
2,0,0.41765904,0
2,0,0.4710617,0
2,0,0.4218095,0
2,0,0.4660993,0
2,0,0.4904408,0
2,0,0.5065166,1
2,1,0.49738595,0
2,1,0.5044264,1
2,1,0.5034404,1
2,1,0.5219128,1
2,1,0.50250643,1
2,1,0.51469684,1
2,1,0.5275836,1
2,1,0.5155782,1
2,1,0.4890713,0
2,1,0.46711582,0
2,1,0.47512147,0
2,1,0.48403028,0
2,1,0.48646143,0
2,1,0.41672346,0
2,1,0.37306482,0
2,1,0.40196887,0
2,1,0.3758276,0
2,1,0.355443,0
2,1,0.33741054,0
2,1,0.32614556,0
2,1,0.30961296,0
2,0,0.29263303,0
2,0,0.31136814,0
2,0,0.33705255,0
2,0,0.32839075,0
2,0,0.33992246,0
2,0,0.4003961,0
2,0,0.335617,0
2,0,0.33735687,0
2,0,0.34541324,0
2,0,0.31256127,0
2,0,0.29531825,0
2,0,0.33095908,0
2,0,0.3309251,0
2,0,0.34257904,0
2,0,0.3698141,0
2,0,0.54443055,1
2,0,0.52220535,1
2,0,0.5316452,1
2,0,0.51532507,1
2,0,0.49594858,0
2,0,0.49046355,0
2,0,0.44374415,0
2,0,0.41348344,0
2,0,0.40821835,0
2,0,0.40487683,0
2,0,0.4040313,0
2,0,0.40829644,0
2,0,0.42051557,0
2,0,0.40299106,0
2,0,0.425951,0
2,0,0.44750118,0
2,0,0.4240392,0
2,0,0.3846946,0
2,0,0.3522652,0
2,0,0.37255162,0
2,0,0.40056,0
2,0,0.33464164,0
2,0,0.38639006,0
2,0,0.35083154,0
2,0,0.3327414,0
2,0,0.32490972,0
2,0,0.33457777,0
2,0,0.41638726,0
2,0,0.37319827,0
2,0,0.32183295,0
2,0,0.34331003,0
2,0,0.33117378,0
2,0,0.3356588,0
2,0,0.30022764,0
2,0,0.52756363,1
2,0,0.5429869,1
2,0,0.51852125,1
2,0,0.50626963,1
2,0,0.4982867,0
2,0,0.48020875,0
2,0,0.45088363,0
2,0,0.369973,0
2,0,0.37922755,0
2,0,0.36352655,0
2,0,0.35895607,0
2,0,0.32124963,0
2,0,0.28419212,0
2,0,0.25841802,0
2,1,0.31717524,0
2,1,0.32136106,0
2,1,0.32066458,0
2,1,0.33147353,0
2,1,0.34534833,0
2,1,0.36242425,0
2,1,0.39666158,0
2,1,0.41167176,0
2,0,0.43349665,0
2,0,0.4489726,0
2,0,0.48395845,0
2,0,0.464465,0
2,0,0.4874051,0
2,0,0.5177281,1
2,0,0.47174877,0
2,0,0.48216298,0
2,0,0.54841226,1
2,0,0.52678233,1
2,0,0.4778768,0
2,0,0.5033531,1
2,0,0.50032204,1
2,0,0.49416515,0
2,0,0.48827687,0
2,0,0.4760587,0
2,0,0.43943968,0
2,0,0.46974903,0
2,0,0.44032592,0
2,0,0.40402478,0
2,0,0.3982997,0
2,0,0.39948606,0
2,0,0.4148708,0
2,0,0.36323765,0
2,0,0.34516636,0
2,0,0.37974593,0
2,0,0.38665882,0
2,0,0.42079067,0
2,0,0.46999633,0
2,0,0.47372377,0
2,0,0.475548,0
2,0,0.5127544,1
2,0,0.5360792,1
2,0,0.5541586,1
2,0,0.56196177,1
2,0,0.53130406,1
2,0,0.55152327,1
2,0,0.5496819,1
2,0,0.5274158,1
2,0,0.5599683,1
2,0,0.52312577,1
2,0,0.5471018,1
2,0,0.52483386,1
2,0,0.5321909,1
2,0,0.5223693,1
2,0,0.52786475,1
2,0,0.48079914,0
2,0,0.4491545,0
2,0,0.4137527,0
2,0,0.3756248,0
2,0,0.36777887,0
2,0,0.32061946,0
2,0,0.31351703,0
2,0,0.28186688,0
2,0,0.2884588,0
2,0,0.30097672,0
2,0,0.27532727,0
2,0,0.24018127,0
2,0,0.26031366,0
2,0,0.23439756,0
2,0,0.2649917,0
2,0,0.24544342,0
2,0,0.26114565,0
2,0,0.23828427,0
2,0,0.24776058,0
2,0,0.24311051,0
2,0,0.24351886,0
2,0,0.2556564,0
2,0,0.28940195,0
2,0,0.28646588,0
2,0,0.32724416,0
2,0,0.32167813,0
2,0,0.36717787,0
2,0,0.38962218,0
2,0,0.36646563,0
2,0,0.34618092,0
2,0,0.36254013,0
2,0,0.40961903,0
2,0,0.3859053,0
2,0,0.41611597,0
2,0,0.4317982,0
2,0,0.45749953,0
2,0,0.4030399,0
2,0,0.41885933,0
2,0,0.42155358,0
2,0,0.4159596,0
2,0,0.4379741,0
2,0,0.42870417,0
2,0,0.40612146,0
2,0,0.4129628,0
2,0,0.35078567,0
2,0,0.36127475,0
2,0,0.4017706,0
2,0,0.34798384,0
2,0,0.37241265,0
2,0,0.3639396,0
2,0,0.39269778,0
2,0,0.3552054,0
2,0,0.36386818,0
2,0,0.4077089,0
2,0,0.41220984,0
2,0,0.4092901,0
2,0,0.39743242,0
2,0,0.36238217,0
2,0,0.3995321,0
2,0,0.37446356,0
2,0,0.3548423,0
2,0,0.35884696,0
2,0,0.33512062,0
2,0,0.35664192,0
2,0,0.32629848,0
2,0,0.34350976,0
2,0,0.34256446,0
2,0,0.3566636,0
2,0,0.30899182,0
2,0,0.3256893,0
2,0,0.34566462,0
2,0,0.35442287,0
2,0,0.3228544,0
2,0,0.34688717,0
2,0,0.26433063,0
2,0,0.24607338,0
2,0,0.22405806,0
2,0,0.2658611,0
2,0,0.24575837,0
2,0,0.24458675,0
2,0,0.23796907,0
2,0,0.25009936,0
2,0,0.22766526,0
2,0,0.24384701,0
2,0,0.2312209,0
2,0,0.2394453,0
2,0,0.27357954,0
2,0,0.26684085,0
2,0,0.30100656,0
2,0,0.308727,0
2,0,0.3406311,0
2,0,0.35340247,0
2,0,0.38934252,0
2,0,0.38370734,0
2,0,0.38585135,0
2,0,0.3941059,0
2,0,0.37520948,0
2,0,0.3765937,0
2,0,0.37045777,0
2,0,0.34108108,0
2,0,0.4118744,0
2,0,0.38304964,0
2,0,0.38341105,0
2,0,0.3915667,0
2,0,0.37408832,0
2,0,0.36109287,0
2,0,0.35943225,0
2,0,0.3376815,0
2,0,0.31592134,0
2,0,0.29323316,0
2,0,0.27070227,0
2,0,0.2763339,0
2,0,0.2782318,0
2,0,0.27152762,0
2,0,0.27880588,0
2,0,0.2863527,0
2,0,0.2546231,0
2,0,0.24560377,0
2,0,0.25264966,0
2,0,0.25536123,0
2,0,0.25528947,0
2,0,0.2800507,0
2,0,0.2860051,0
2,0,0.32394946,0
2,0,0.29144886,0
2,0,0.31182864,0
2,0,0.2991428,0
2,0,0.33595854,0
2,0,0.31847095,0
2,0,0.33213624,0
2,0,0.35823768,0
2,0,0.37550962,0
2,0,0.37314263,0
2,0,0.38887045,0
2,0,0.3991902,0
2,0,0.3787269,0
2,0,0.37401786,0
2,0,0.3747905,0
2,0,0.3938018,0
2,0,0.3898093,0
2,0,0.37677,0
2,0,0.38398063,0
2,0,0.40239662,0
2,0,0.38269058,0
2,0,0.40252241,0
2,0,0.40143558,0
2,0,0.4215773,0
2,0,0.4405045,0
2,0,0.4424565,0
2,0,0.44894835,0
2,0,0.46261296,0
2,0,0.4686012,0
2,0,0.45109242,0
2,0,0.43705758,0
2,0,0.4365865,0
2,0,0.4448675,0
2,0,0.40764788,0
2,0,0.42068085,0
2,0,0.40255246,0
2,0,0.40314585,0
2,0,0.43172455,0
2,0,0.38251403,0
2,0,0.34945592,0
2,0,0.34796804,0
2,0,0.33520016,0
2,0,0.28169477,0
2,0,0.26145974,0
2,0,0.2770943,0
2,0,0.2547839,0
2,0,0.21240692,0
2,0,0.23968378,0
2,0,0.27176702,0
2,0,0.26089537,0
2,0,0.23539282,0
2,0,0.2067165,0
2,0,0.2222812,0
2,0,0.19081117,0
2,0,0.20125723,0
2,0,0.21192916,0
2,0,0.18252085,0
2,0,0.17441377,0
2,0,0.18038476,0
2,0,0.20579351,0
2,0,0.20021565,0
2,0,0.19862978,0
2,0,0.20461997,0
2,0,0.21995278,0
2,0,0.19203632,0
2,0,0.20792148,0
2,0,0.21405895,0
2,0,0.18875732,0
2,0,0.2000826,0
2,0,0.19248153,0
2,0,0.21074003,0
2,0,0.22114661,0
2,0,0.20437998,0
2,0,0.23288654,0
2,0,0.24081579,0
2,0,0.22745906,0
2,0,0.22292927,0
2,0,0.22698417,0
2,0,0.22776863,0
2,0,0.2265909,0
2,0,0.20861061,0
2,0,0.24243645,0
2,0,0.23988515,0
2,0,0.23802778,0
2,0,0.2390469,0
2,0,0.21746753,0
2,0,0.23281981,0
2,0,0.22117706,0
2,0,0.19818178,0
2,0,0.21525466,0
2,0,0.21947226,0
2,0,0.23662336,0
2,0,0.2515405,0
2,0,0.24705252,0
2,0,0.25771767,0
2,0,0.26586664,0
2,0,0.28651378,0
2,0,0.34151596,0
2,0,0.35354638,0
2,0,0.34175685,0
2,0,0.3925167,0
2,0,0.40650368,0
2,0,0.41606545,0
2,0,0.4183767,0
2,0,0.42995587,0
2,0,0.42748463,0
2,0,0.41569898,0
2,0,0.42668453,0
2,0,0.42874745,0
2,0,0.41815376,0
2,0,0.43443224,0
2,0,0.41673198,0
2,0,0.41260356,0
2,0,0.41253367,0
2,0,0.42494598,0
2,0,0.40144742,0
2,0,0.38630512,0
2,0,0.41930756,0
2,0,0.41308087,0
2,0,0.3715998,0
2,0,0.39614236,0
2,0,0.41443583,0
2,0,0.43079782,0
2,0,0.40241817,0
2,0,0.41055626,0
2,0,0.44081214,0
2,0,0.4193231,0
2,0,0.4066274,0
2,0,0.41399524,0
2,0,0.3980102,0
2,0,0.40938917,0
2,0,0.39437068,0
2,0,0.38520676,0
2,0,0.3774656,0
2,0,0.309151,0
2,0,0.31863758,0
2,0,0.277419,0
2,0,0.2575443,0
2,0,0.2230768,0
2,0,0.1999931,0
2,0,0.16846557,0
2,0,0.14521453,0
2,0,0.115195416,0
2,0,0.12409772,0
2,0,0.107541636,0
2,0,0.12349054,0
2,0,0.12690748,0
2,0,0.108772695,0
2,1,0.24551196,0
2,1,0.24372171,0
2,1,0.25202742,0
2,1,0.24915256,0
2,1,0.24342275,0
2,1,0.19841023,0
2,1,0.22479911,0
2,1,0.22425309,0
2,1,0.1970938,0
2,1,0.7058608,1
2,1,0.7081934,1
2,1,0.7032392,1
2,1,0.68499905,1
2,1,0.66167486,1
2,1,0.6671167,1
2,1,0.66698,1
2,1,0.6677391,1
2,1,0.677174,1
2,1,0.676134,1
2,1,0.6147055,1
2,1,0.5926871,1
2,1,0.60716754,1
2,1,0.634336,1
2,1,0.61501366,1
2,1,0.60140556,1
2,1,0.5762747,1
2,1,0.5270561,1
2,1,0.5783092,1
2,1,0.60651445,1
2,1,0.5322524,1
2,1,0.54160404,1
2,1,0.6141147,1
2,1,0.656483,1
2,1,0.6467884,1
2,1,0.67147833,1
2,1,0.6520672,1
2,1,0.6691603,1
2,1,0.6689591,1
2,1,0.6615274,1
2,1,0.62648314,1
2,1,0.6503469,1
2,1,0.6187902,1
2,1,0.63402224,1
2,1,0.64464754,1
2,1,0.4018698,0
2,1,0.39104593,0
2,1,0.4217184,0
2,1,0.39861286,0
2,1,0.3521202,0
2,1,0.37809643,0
2,1,0.38735598,0
2,1,0.39182457,0
2,1,0.3595621,0
2,1,0.3548303,0
2,0,0.725151,1
2,0,0.6765199,1
2,0,0.6941263,1
2,0,0.7014303,1
2,0,0.7070469,1
2,0,0.6742161,1
2,0,0.6871704,1
2,0,0.7294136,1
2,0,0.7325584,1
2,0,0.72241443,1
2,0,0.7050527,1
2,0,0.6623257,1
2,0,0.73401916,1
2,0,0.696213,1
2,0,0.662493,1
2,0,0.6681287,1
2,0,0.6583802,1
2,0,0.6542346,1
2,0,0.6279589,1
2,0,0.65080774,1
2,0,0.65281796,1
2,0,0.6618745,1
2,0,0.62473613,1
2,0,0.6320843,1
2,0,0.6438899,1
2,1,0.2318466,0
2,1,0.25061747,0
2,1,0.2461839,0
2,1,0.22906302,0
2,1,0.27058378,0
2,1,0.25112367,0
2,1,0.24240509,0
2,1,0.2506152,0
2,1,0.2732121,0
2,1,0.26985055,0
2,1,0.2851979,0
2,1,0.27666563,0
2,1,0.27499098,0
2,1,0.3043296,0
2,1,0.31494206,0
2,1,0.32948524,0
2,1,0.3295204,0
2,1,0.3292333,0
2,1,0.35183448,0
2,1,0.3617069,0
2,0,0.6372063,1
2,0,0.6092957,1
2,0,0.6389167,1
2,0,0.6601179,1
2,0,0.6432585,1
2,0,0.64241534,1
2,0,0.59582305,1
2,0,0.6446467,1
2,0,0.6069262,1
2,0,0.6358054,1
2,0,0.65767205,1
2,0,0.6392861,1
2,0,0.6125726,1
2,0,0.65295994,1
2,0,0.6670989,1
2,0,0.6519937,1
2,0,0.680429,1
2,0,0.69426274,1
2,0,0.69273305,1
2,0,0.67307645,1
2,0,0.70492065,1
2,1,0.7134278,1
2,1,0.7198112,1
2,1,0.69340694,1
2,1,0.7026203,1
2,1,0.69012845,1
2,1,0.6774753,1
2,1,0.65886104,1
2,1,0.68804675,1
2,1,0.677786,1
2,1,0.69013745,1
2,1,0.67920256,1
2,1,0.65418035,1
2,1,0.6640448,1
2,1,0.6141221,1
2,1,0.64671516,1
2,1,0.61704123,1
2,1,0.746105,1
2,1,0.7291369,1
2,1,0.73163617,1
2,1,0.7411368,1
2,1,0.738727,1
2,1,0.7383913,1
2,1,0.7330806,1
2,1,0.741708,1
2,1,0.70446473,1
2,1,0.72849417,1
2,1,0.72862446,1
2,1,0.7468684,1
2,1,0.7128549,1
2,1,0.7315189,1
2,1,0.7166778,1
2,1,0.7123719,1
2,1,0.6995807,1
2,1,0.66265565,1
2,1,0.62990975,1
2,1,0.67460847,1
2,1,0.6530615,1
2,1,0.64308923,1
2,1,0.66780376,1
2,1,0.7214379,1
2,1,0.7113914,1
2,1,0.7306663,1
2,1,0.7016381,1
2,1,0.69033146,1
2,1,0.69479346,1
2,1,0.6931295,1
2,1,0.7110739,1
2,1,0.6768648,1
2,1,0.6289463,1
2,1,0.67159975,1
2,1,0.6955544,1
2,1,0.71756154,1
2,1,0.70865923,1
2,1,0.70261693,1
2,1,0.70714706,1
2,1,0.75316334,1
2,1,0.75840443,1
2,1,0.7586534,1
2,1,0.7449607,1
2,1,0.750529,1
2,1,0.7219167,1
2,1,0.7107617,1
2,1,0.74434394,1
2,1,0.7034142,1
2,1,0.72207254,1
2,1,0.72681403,1
2,1,0.7383502,1
2,1,0.70586866,1
2,1,0.7077643,1
2,1,0.74060667,1
2,1,0.74394363,1
2,1,0.62369686,1
2,1,0.5713568,1
2,1,0.5574347,1
2,1,0.5850387,1
2,1,0.5975825,1
2,1,0.5725514,1
2,1,0.58379626,1
2,1,0.61392516,1
2,1,0.6255985,1
2,1,0.61673266,1
2,1,0.6791735,1
2,1,0.6820773,1
2,1,0.6877013,1
2,1,0.6655815,1
2,1,0.64151955,1
2,1,0.65680474,1
2,1,0.658297,1
2,1,0.6585585,1
2,1,0.65831834,1
2,1,0.6532282,1
2,1,0.5116972,1
2,1,0.4711417,0
2,1,0.49505946,0
2,1,0.5120654,1
2,1,0.4872971,0
2,1,0.50256735,1
2,1,0.475577,0
2,1,0.42991775,0
2,1,0.4464204,0
2,1,0.49440333,0
2,1,0.43550253,0
2,1,0.41192064,0
2,1,0.47040293,0
2,1,0.5144081,1
2,1,0.51294565,1
2,1,0.55271816,1
2,1,0.50857013,1
2,1,0.5688601,1
2,1,0.53853136,1
2,1,0.5483651,1
2,1,0.5042961,1
2,1,0.52960056,1
2,1,0.53861964,1
2,1,0.54385,1
2,1,0.5396721,1
2,1,0.5292156,1
2,1,0.49016875,0
2,1,0.5327816,1
2,1,0.54795533,1
2,1,0.54628265,1
2,1,0.5855002,1
2,1,0.6223138,1
2,1,0.62974316,1
2,1,0.6013025,1
2,1,0.5657553,1
2,1,0.6060822,1
2,1,0.57483006,1
2,1,0.5842035,1
2,1,0.588579,1
2,1,0.6573456,1
2,1,0.6536578,1
2,1,0.6605534,1
2,1,0.650702,1
2,1,0.65700495,1
2,1,0.565787,1
2,1,0.6277433,1
2,1,0.5783024,1
2,1,0.53830767,1
2,1,0.59646744,1
2,1,0.6291028,1
2,1,0.6241897,1
2,1,0.650159,1
2,1,0.64056414,1
2,1,0.6347892,1
2,1,0.649094,1
2,1,0.6434414,1
2,1,0.63124806,1
2,1,0.5355602,1
2,1,0.5503259,1
2,1,0.5947378,1
2,1,0.57927835,1
2,1,0.53587365,1
2,1,0.56176215,1
2,1,0.5663146,1
2,1,0.5623999,1
2,1,0.56473404,1
2,1,0.49487716,0
2,1,0.5268193,1
2,1,0.53142077,1
2,1,0.49170077,0
2,1,0.53133327,1
2,1,0.48511422,0
2,1,0.47571635,0
2,1,0.46256733,0
2,1,0.52371883,1
2,1,0.5241537,1
2,1,0.4727648,0
2,1,0.46993867,0
2,1,0.47709012,0
2,1,0.48887828,0
2,1,0.4712466,0
2,1,0.46222505,0
2,1,0.49274802,0
2,1,0.5176361,1
2,1,0.4490342,0
2,0,0.486523,0
2,0,0.5313448,1
2,0,0.4990106,0
2,0,0.51558226,1
2,0,0.5481407,1
2,0,0.56139123,1
2,0,0.5227504,1
2,0,0.5222744,1
2,0,0.56373876,1
2,0,0.58436054,1
2,0,0.5416058,1
2,0,0.55503047,1
2,0,0.5695112,1
2,0,0.5616982,1
2,0,0.5718627,1
2,0,0.5697632,1
2,0,0.5641705,1
2,0,0.60669744,1
2,0,0.59933585,1
2,0,0.62468964,1
2,0,0.6135149,1
2,0,0.6068553,1
2,0,0.59612995,1
2,1,0.6656958,1
2,1,0.6933079,1
2,1,0.6760984,1
2,1,0.65596247,1
2,1,0.6537331,1
2,1,0.6526772,1
2,1,0.6366921,1
2,1,0.63589513,1
2,1,0.65531236,1
2,1,0.62215483,1
2,1,0.5668175,1
2,1,0.6241921,1
2,1,0.660614,1
2,1,0.6347924,1
2,1,0.6128056,1
2,1,0.57182497,1
2,1,0.4931358,0
2,1,0.52806896,1
2,1,0.53557014,1
2,1,0.48599792,0
2,1,0.4957546,0
2,1,0.5027174,1
2,1,0.53536415,1
2,1,0.5593238,1
2,1,0.5514278,1
2,1,0.6125527,1
2,1,0.6210676,1
2,1,0.5889064,1
2,1,0.5503184,1
2,1,0.5630414,1
2,1,0.5526792,1
2,0,0.5408028,1
2,0,0.4910492,0
2,0,0.5180712,1
2,0,0.520342,1
2,0,0.51900405,1
2,0,0.5270529,1
2,0,0.50293875,1
2,0,0.5163486,1
2,0,0.50149685,1
2,0,0.466088,0
2,0,0.50538623,1
2,0,0.49434876,0
2,0,0.5139462,1
2,0,0.5219232,1
2,0,0.5167109,1
2,0,0.52328354,1
2,0,0.53515816,1
2,0,0.54279447,1
2,0,0.56259704,1
2,0,0.58891964,1
2,0,0.6178752,1
2,0,0.61159337,1
2,0,0.6563458,1
2,0,0.6510035,1
2,0,0.6373831,1
2,0,0.6425429,1
2,0,0.6416901,1
2,0,0.6339386,1
2,0,0.62919843,1
2,0,0.63463056,1
2,0,0.62172955,1
2,0,0.6165064,1
2,0,0.6339108,1
2,1,0.6311474,1
2,1,0.6123221,1
2,1,0.6424867,1
2,1,0.65775067,1
2,1,0.65466464,1
2,1,0.66858774,1
2,1,0.6702418,1
2,1,0.6971036,1
2,1,0.6880394,1
2,1,0.68472475,1
2,1,0.69352746,1
2,1,0.68574977,1
2,1,0.7009336,1
2,1,0.67075133,1
2,1,0.66779506,1
2,1,0.69625705,1
2,0,0.34207988,0
2,0,0.42335117,0
2,0,0.37466756,0
2,0,0.34755063,0
2,0,0.37834752,0
2,0,0.36227587,0
2,0,0.36801928,0
2,0,0.34039104,0
2,0,0.40065426,0
2,1,0.5162728,1
2,1,0.5194438,1
2,1,0.5228665,1
2,1,0.55130315,1
2,1,0.5489593,1
2,1,0.53905535,1
2,1,0.53596413,1
2,1,0.52670616,1
2,1,0.51398283,1
2,1,0.513829,1
2,1,0.46445605,0
2,1,0.43368134,0
2,1,0.4341148,0
2,1,0.43772385,0
2,1,0.43294802,0
2,1,0.4472112,0
2,1,0.42502186,0
2,1,0.3776669,0
2,1,0.4019006,0
2,1,0.41020656,0
2,1,0.427349,0
2,1,0.40356237,0
2,1,0.4018936,0
2,1,0.4277579,0
2,1,0.40482852,0
2,1,0.39625704,0
2,1,0.40494967,0
2,1,0.38750437,0
2,1,0.39995897,0
2,1,0.37780342,0
2,1,0.3758316,0
2,1,0.37198368,0
2,0,0.71601206,1
2,0,0.7220578,1
2,0,0.75143385,1
2,0,0.7524614,1
2,0,0.7423586,1
2,0,0.71741766,1
2,0,0.67932624,1
2,0,0.72137594,1
2,0,0.6726412,1
2,0,0.66422147,1
2,0,0.67476314,1
2,0,0.6485541,1
2,0,0.64658386,1
2,0,0.6416312,1
2,0,0.6703022,1
2,0,0.6809967,1
2,0,0.6530286,1
2,0,0.6170763,1
2,0,0.64339465,1
2,0,0.5927166,1
2,1,0.60850894,1
2,1,0.58735985,1
2,1,0.5688692,1
2,1,0.61234164,1
2,1,0.6080567,1
2,1,0.58618957,1
2,1,0.6425033,1
2,1,0.6388748,1
2,1,0.63562757,1
2,1,0.6144561,1
2,1,0.59947693,1
2,1,0.5245431,1
2,1,0.6002375,1
2,1,0.54197377,1
2,1,0.5031808,1
2,1,0.39449772,0
2,1,0.36801997,0
2,1,0.3465243,0
2,1,0.3827901,0
2,1,0.41817757,0
2,1,0.391626,0
2,0,0.37697306,0
2,0,0.33824527,0
2,0,0.31358984,0
2,0,0.3675272,0
2,0,0.37638637,0
2,0,0.37912443,0
2,0,0.40373188,0
2,0,0.4288788,0
2,0,0.4191614,0
2,0,0.4346589,0
2,0,0.5017122,1
2,0,0.4351291,0
2,0,0.4339015,0
2,0,0.44362077,0
2,0,0.40506735,0
2,0,0.39344475,0
2,0,0.4335394,0
2,0,0.44148394,0
2,0,0.4424388,0
2,0,0.47031802,0
2,1,0.5763716,1
2,1,0.5759547,1
2,1,0.5801803,1
2,1,0.5954237,1
2,1,0.5892565,1
2,1,0.56598955,1
2,1,0.56677794,1
2,1,0.56913775,1
2,1,0.5509183,1
2,1,0.55257887,1
2,1,0.5099397,1
2,1,0.48741275,0
2,1,0.5005073,1
2,1,0.52024335,1
2,1,0.5115795,1
2,1,0.5437015,1
2,0,0.51665205,1
2,0,0.5812238,1
2,0,0.5555954,1
2,0,0.5064789,1
2,0,0.5447615,1
2,0,0.5415787,1
2,0,0.53784674,1
2,0,0.5293248,1
2,0,0.5338651,1
2,0,0.5080135,1
2,0,0.54759675,1
2,0,0.51028764,1
2,0,0.47837746,0
2,0,0.46981263,0
2,0,0.46894345,0
2,0,0.48585093,0
2,0,0.4171856,0
2,0,0.40392658,0
2,0,0.43587577,0
2,0,0.44399434,0
2,0,0.47256276,0
2,0,0.5176646,1
2,0,0.519849,1
2,0,0.52663094,1
2,0,0.5571806,1
2,1,0.36359954,0
2,1,0.3406976,0
2,1,0.34978026,0
2,1,0.36539635,0
2,1,0.31773517,0
2,1,0.31534785,0
2,1,0.35490423,0
2,1,0.32909337,0
2,1,0.31110203,0
2,1,0.31598476,0
2,1,0.29260626,0
2,1,0.27602983,0
2,1,0.25789994,0
2,1,0.24439894,0
2,1,0.22735672,0
2,1,0.20891255,0
2,0,0.2935867,0
2,0,0.3203509,0
2,0,0.31704324,0
2,0,0.31776166,0
2,0,0.33349866,0
2,0,0.3148645,0
2,0,0.27531433,0
2,0,0.29877934,0
2,0,0.28995237,0
2,0,0.26832044,0
2,0,0.32065943,0
2,0,0.2972131,0
2,0,0.28182164,0
2,0,0.28579113,0
2,0,0.31172097,0
2,0,0.30647677,0
2,0,0.3205194,0
2,0,0.31283078,0
2,0,0.3106895,0
2,0,0.3435093,0
2,0,0.35431215,0
2,0,0.36747214,0
2,0,0.36540827,0
2,0,0.364783,0
2,0,0.3866329,0
2,1,0.4002926,0
2,1,0.37030268,0
2,1,0.36775008,0
2,1,0.3727684,0
2,1,0.34789205,0
2,1,0.34056064,0
2,0,0.15769525,0
2,0,0.14183208,0
2,0,0.14755458,0
2,0,0.15836129,0
2,0,0.14329298,0
2,0,0.15158956,0
2,0,0.15631457,0
2,0,0.16398445,0
2,0,0.16660142,0
2,0,0.13837537,0
2,0,0.15082958,0
2,0,0.14299509,0
2,0,0.13441882,0
2,0,0.12651733,0
2,0,0.11150776,0
2,0,0.10910246,0
2,0,0.09971305,0
2,0,0.08740179,0
2,0,0.09082068,0
2,0,0.094921,0
2,0,0.10418773,0
2,0,0.11604534,0
2,0,0.11587431,0
2,0,0.11813944,0
2,0,0.12444926,0
2,0,0.1257429,0
2,0,0.12458725,0
2,0,0.12739065,0
2,0,0.11445672,0
2,0,0.12427704,0
2,0,0.12100861,0
2,0,0.12527049,0
2,0,0.14628328,0
2,0,0.14545162,0
2,0,0.17766128,0
2,0,0.16988727,0
2,0,0.19813266,0
2,0,0.21420111,0
2,0,0.20448422,0
2,0,0.24745314,0
2,0,0.22183284,0
2,0,0.24752563,0
2,0,0.27926984,0
2,0,0.29505438,0
2,0,0.2824261,0
2,0,0.29324025,0
2,0,0.3089008,0
2,0,0.32249635,0
2,0,0.31776735,0
2,0,0.32535428,0
2,0,0.33379984,0
2,0,0.32444155,0
2,0,0.30144385,0
2,0,0.2901979,0
2,0,0.30128092,0
2,0,0.29150555,0
2,0,0.28477606,0
2,0,0.24659699,0
2,0,0.21771431,0
2,0,0.23139192,0
2,0,0.22250369,0
2,0,0.21748468,0
2,0,0.1961656,0
2,0,0.1876177,0
2,0,0.17586747,0
2,0,0.17518127,0
2,0,0.15026397,0
2,0,0.1553091,0
2,0,0.16338415,0
2,0,0.14934155,0
2,0,0.14880377,0
2,0,0.1359323,0
2,0,0.15269838,0
2,0,0.12984611,0
2,0,0.14594512,0
2,0,0.14370085,0
2,0,0.13596907,0
2,0,0.13178812,0
2,0,0.15159044,0
2,0,0.14147428,0
2,0,0.15675259,0
2,0,0.13438715,0
2,0,0.1420215,0
2,0,0.14222766,0
2,0,0.13372627,0
2,0,0.1398811,0
2,0,0.15642832,0
2,0,0.14303596,0
2,0,0.16247143,0
2,0,0.1842533,0
2,0,0.1778995,0
2,0,0.18138567,0
2,0,0.19369528,0
2,0,0.2176583,0
2,0,0.24463908,0
2,0,0.2613166,0
2,0,0.2610548,0
2,0,0.28296125,0
2,0,0.33039883,0
2,0,0.32623297,0
2,0,0.31965858,0
2,0,0.32227606,0
2,0,0.31621626,0
2,0,0.33747992,0
2,0,0.3438574,0
2,0,0.33125547,0
2,0,0.3292853,0
2,0,0.30765104,0
2,0,0.2831825,0
2,0,0.28068763,0
2,0,0.23582654,0
2,0,0.21030152,0
2,0,0.18058991,0
2,0,0.15361232,0
2,0,0.15439789,0
2,0,0.14821254,0
2,0,0.1478465,0
2,0,0.13287158,0
2,0,0.13870679,0
2,0,0.14822948,0
2,0,0.1303851,0
2,0,0.13040556,0
2,0,0.124194026,0
2,0,0.123708166,0
2,0,0.13924429,0
2,0,0.11879461,0
2,0,0.13674797,0
2,0,0.12096753,0
2,0,0.11975182,0
2,0,0.11942077,0
2,0,0.1048986,0
2,0,0.116854645,0
2,0,0.11416468,0
2,0,0.10265457,0
2,0,0.112937704,0
2,0,0.11087232,0
2,0,0.10761768,0
2,0,0.105717614,0
2,0,0.12582101,0
2,0,0.12666322,0
2,0,0.13565889,0
2,0,0.1488939,0
2,0,0.15735756,0
2,0,0.15552975,0
2,0,0.17989826,0
2,0,0.19977394,0
2,0,0.21486679,0
2,0,0.22075872,0
2,0,0.2238802,0
2,0,0.22578688,0
2,0,0.25414816,0
2,0,0.26997158,0
2,0,0.27288315,0
2,0,0.29649588,0
2,0,0.3017277,0
2,0,0.28700745,0
2,0,0.2817367,0
2,0,0.2634298,0
2,0,0.25990558,0
2,0,0.26372194,0
2,0,0.24152106,0
2,0,0.19942588,0
2,0,0.19960982,0
2,0,0.18397099,0
2,0,0.16861725,0
2,0,0.16031076,0
2,0,0.14742818,0
2,0,0.1345008,0
2,0,0.14891562,0
2,0,0.13407342,0
2,0,0.13660322,0
2,0,0.14626248,0
2,0,0.13331164,0
2,0,0.12780382,0
2,0,0.14225325,0
2,0,0.158629,0
2,0,0.16465673,0
2,0,0.1665809,0
2,0,0.18078686,0
2,0,0.18914197,0
2,0,0.20677792,0
2,0,0.21688657,0
2,0,0.23816635,0
2,0,0.25272298,0
2,0,0.24567571,0
2,0,0.27428088,0
2,0,0.274474,0
2,0,0.29210857,0
2,0,0.30063456,0
2,0,0.27289087,0
2,0,0.2750237,0
2,0,0.32730666,0
2,0,0.30462083,0
2,0,0.26290008,0
2,0,0.27171752,0
2,0,0.24941386,0
2,0,0.22995268,0
2,0,0.20282318,0
2,0,0.19075805,0
2,0,0.17198786,0
2,1,0.18193157,0
2,1,0.17814597,0
2,1,0.16079256,0
2,1,0.16779539,0
2,1,0.16553861,0
2,0,0.17946605,0
2,0,0.16319363,0
2,0,0.15185261,0
2,0,0.177642,0
2,0,0.1932573,0
2,0,0.2001596,0
2,0,0.22811963,0
2,0,0.25553933,0
2,0,0.27231988,0
2,0,0.30315015,0
2,0,0.3326028,0
2,0,0.3541277,0
2,0,0.37173742,0
2,0,0.37288824,0
2,0,0.40665758,0
2,0,0.42785472,0
2,0,0.39539617,0
2,0,0.42880765,0
2,0,0.40887338,0
2,0,0.42416778,0
2,0,0.40562513,0
2,0,0.40773514,0
2,0,0.39438093,0
2,0,0.3820996,0
2,0,0.353314,0
2,0,0.33001366,0
2,0,0.30096868,0
2,0,0.25052348,0
2,0,0.23610856,0
2,0,0.19611967,0
2,0,0.17445047,0
2,0,0.14862381,0
2,0,0.14410076,0
2,0,0.13415837,0
2,0,0.116311364,0
2,0,0.10433095,0
2,0,0.10834649,0
2,0,0.09858391,0
2,0,0.10711233,0
2,0,0.09697961,0
2,0,0.10263399,0
2,0,0.102304704,0
2,0,0.10712032,0
2,0,0.10615605,0
2,0,0.10813086,0
2,0,0.10899685,0
2,0,0.11282103,0
2,0,0.112359375,0
2,0,0.1310269,0
2,0,0.13132241,0
2,0,0.14305031,0
2,0,0.15090485,0
2,0,0.15017077,0
2,0,0.14973275,0
2,0,0.1647005,0
2,0,0.1894002,0
2,0,0.19008587,0
2,0,0.20445774,0
2,0,0.21334106,0
2,0,0.23023309,0
2,0,0.23089239,0
2,0,0.24401249,0
2,0,0.25760803,0
2,0,0.25885114,0
2,0,0.25470454,0
2,0,0.25616762,0
2,0,0.24198547,0
2,0,0.24967957,0
2,0,0.20712085,0
2,0,0.22844726,0
2,0,0.23837376,0
2,0,0.20173001,0
2,0,0.20126611,0
2,0,0.20365901,0
2,0,0.22301315,0
2,0,0.20017572,0
2,0,0.19986077,0
2,0,0.2514697,0
2,0,0.24456349,0
2,0,0.23803464,0
2,0,0.25212967,0
2,0,0.23814222,0
2,0,0.25734028,0
2,0,0.2448607,0
2,0,0.2344966,0
2,0,0.2447788,0
2,0,0.23653744,0
2,0,0.24633414,0
2,0,0.22980087,0
2,0,0.25135115,0
2,0,0.24959485,0
2,0,0.26580292,0
2,0,0.22898722,0
2,0,0.24096146,0
2,0,0.25661385,0
2,0,0.26904455,0
2,0,0.24260579,0
2,0,0.26310283,0
2,0,0.27551267,0
2,0,0.2636506,0
2,0,0.26443288,0
2,0,0.2468623,0
2,0,0.270683,0
2,0,0.2531674,0
2,0,0.24864762,0
2,0,0.26191738,0
2,0,0.2734989,0
2,0,0.26909906,0
2,0,0.25585553,0
2,0,0.24169578,0
2,0,0.25336787,0
2,0,0.25621405,0
2,0,0.2523664,0
2,0,0.24006903,0
2,0,0.25378335,0
2,0,0.24987969,0
2,0,0.21901193,0
2,0,0.21923693,0
2,0,0.25665376,0
2,0,0.23655942,0
2,0,0.222926,0
2,0,0.2234842,0
2,0,0.20664714,0
2,0,0.19301537,0
2,0,0.18068443,0
2,0,0.1730641,0
2,0,0.16100553,0
2,0,0.1482513,0
2,0,0.14096823,0
2,0,0.1405777,0
2,0,0.13711953,0
2,0,0.14682664,0
2,0,0.13012314,0
2,0,0.121372834,0
2,0,0.12522414,0
2,0,0.13449807,0
2,0,0.12273584,0
2,0,0.12746,0
2,0,0.14460446,0
2,0,0.16624522,0
2,0,0.1674582,0
2,0,0.18069775,0
2,0,0.17475706,0
2,0,0.19287294,0
2,0,0.19791767,0
2,0,0.2162566,0
2,0,0.21237968,0
2,0,0.23320472,0
2,0,0.28507155,0
2,0,0.2827678,0
2,0,0.3034463,0
2,0,0.3024903,0
2,0,0.25671998,0
2,0,0.29822165,0
2,0,0.3335228,0
2,0,0.29401374,0
2,0,0.2744681,0
2,0,0.2982827,0
2,0,0.29700795,0
2,0,0.26739898,0
2,0,0.27863526,0
2,0,0.23880805,0
2,0,0.2524098,0
2,0,0.24466729,0
2,0,0.24522406,0
2,0,0.27529797,0
2,0,0.2795653,0
2,0,0.26073846,0
2,0,0.27633175,0
2,0,0.26296324,0
2,0,0.28131786,0
2,0,0.29748747,0
2,0,0.28218967,0
2,0,0.27115983,0
2,0,0.28865993,0
2,1,0.2989535,0
2,1,0.26382834,0
2,1,0.24736694,0
2,1,0.25573677,0
2,1,0.24040595,0
2,1,0.22652955,0
2,1,0.20101216,0
2,1,0.17968069,0
2,1,0.17794228,0
2,1,0.17438258,0
2,1,0.16248861,0
2,1,0.1416141,0
2,1,0.15418354,0
2,1,0.14317557,0
2,1,0.15409565,0
2,1,0.15976061,0
2,1,0.16378169,0
2,1,0.18342695,0
2,1,0.18750352,0
2,1,0.18750826,0
2,1,0.19174409,0
2,1,0.20252661,0
2,0,0.18685558,0
2,0,0.16929892,0
2,0,0.18012023,0
2,0,0.18067002,0
2,0,0.17106122,0
2,0,0.20559615,0
2,0,0.2212776,0
2,0,0.21904385,0
2,0,0.21317086,0
2,0,0.23460819,0
2,0,0.24523506,0
2,0,0.2608412,0
2,0,0.2667146,0
2,0,0.265552,0
2,0,0.29184654,0
2,0,0.29749638,0
2,0,0.27177146,0
2,0,0.26746756,0
2,0,0.25775966,0
2,0,0.24382979,0
2,0,0.22949632,0
2,0,0.22760066,0
2,0,0.19948322,0
2,0,0.23018268,0
2,0,0.21039997,0
2,0,0.20571926,0
2,0,0.2101391,0
2,0,0.190006,0
2,0,0.2057591,0
2,0,0.19060163,0
2,0,0.19066659,0
2,0,0.18694502,0
2,0,0.17631388,0
2,0,0.16032155,0
2,0,0.17074881,0
2,0,0.16581206,0
2,0,0.1578855,0
2,0,0.16423601,0
2,0,0.17019436,0
2,0,0.16137351,0
2,0,0.15998223,0
2,0,0.1664352,0
2,0,0.18013999,0
2,0,0.17330514,0
2,0,0.16049956,0
2,0,0.1694724,0
2,0,0.16704233,0
2,0,0.17578535,0
2,0,0.18096851,0
2,0,0.18972939,0
2,0,0.18637669,0
2,0,0.20359117,0
2,0,0.18788138,0
2,0,0.21134278,0
2,0,0.18917732,0
2,0,0.20613629,0
2,0,0.22224239,0
2,0,0.20300154,0
2,0,0.21047895,0
2,0,0.19226848,0
2,0,0.19049457,0
2,0,0.17806533,0
2,0,0.19771045,0
2,0,0.20677127,0
2,0,0.17890567,0
2,0,0.16916396,0
2,0,0.16956009,0
2,0,0.17491089,0
2,0,0.16728199,0
2,0,0.16256477,0
2,0,0.1782627,0
2,0,0.18474297,0
2,0,0.15337037,0
2,0,0.1748932,0
2,0,0.19073302,0
2,0,0.17779484,0
2,0,0.18507281,0
2,0,0.19258611,0
2,0,0.19375037,0
2,0,0.17532448,0
2,0,0.16441682,0
2,0,0.17557496,0
2,0,0.19476703,0
2,0,0.18725824,0
2,0,0.16832122,0
2,0,0.17074016,0
2,0,0.18721502,0
2,0,0.19153239,0
2,0,0.1876767,0
2,0,0.18510981,0
2,0,0.20168777,0
2,0,0.20371336,0
2,0,0.23215874,0
2,0,0.2102052,0
2,0,0.22599585,0
2,0,0.22551559,0
2,0,0.24359135,0
2,0,0.22513452,0
2,0,0.23477125,0
2,0,0.25861382,0
2,0,0.2617194,0
2,0,0.26438105,0
2,0,0.2785859,0
2,0,0.29632786,0
2,0,0.27469894,0
2,0,0.27593988,0
2,0,0.28816655,0
2,0,0.312005,0
2,0,0.32157242,0
2,0,0.30796114,0
2,0,0.31834176,0
2,0,0.33089823,0
2,0,0.31559822,0
2,0,0.3348656,0
2,0,0.34217876,0
2,0,0.35885394,0
2,0,0.38356063,0
2,0,0.3842415,0
2,0,0.39903468,0
2,0,0.41743726,0
2,0,0.42040947,0
2,0,0.3996442,0
2,0,0.39187387,0
2,0,0.39292192,0
2,0,0.39021802,0
2,0,0.35925984,0
2,0,0.34427735,0
2,0,0.33954495,0
2,0,0.34699997,0
2,0,0.34389004,0
2,0,0.32603884,0
2,0,0.32244056,0
2,0,0.34436017,0
2,0,0.29895464,0
2,0,0.2672765,0
2,0,0.26284337,0
2,0,0.2471267,0
2,0,0.19466022,0
2,0,0.17143916,0
2,0,0.18370716,0
2,0,0.16566464,0
2,0,0.1378319,0
2,0,0.14750348,0
2,0,0.16642801,0
2,0,0.16243047,0
2,0,0.14780183,0
2,0,0.13208832,0
2,0,0.14361937,0
2,0,0.11973541,0
2,0,0.1291099,0
2,0,0.13613988,0
2,0,0.11951425,0
2,0,0.117189325,0
2,0,0.11989152,0
2,0,0.13612674,0
2,0,0.1350942,0
2,0,0.13261837,0
2,0,0.13714156,0
2,0,0.14750865,0
2,0,0.12856841,0
2,0,0.13504857,0
2,0,0.14107764,0
2,0,0.12717243,0
2,0,0.13264556,0
2,0,0.12537345,0
2,0,0.13482241,0
2,0,0.14066783,0
2,0,0.12573652,0
2,0,0.13844909,0
2,0,0.14392759,0
2,0,0.14282133,0
2,0,0.13809739,0
2,0,0.14564222,0
2,0,0.15232784,0
2,0,0.15009102,0
2,0,0.14124323,0
2,0,0.17039081,0
2,0,0.1693414,0
2,0,0.16672271,0
2,0,0.16349538,0
2,0,0.14614019,0
2,0,0.15950835,0
2,0,0.15333581,0
2,0,0.13752748,0
2,0,0.14584774,0
2,0,0.09545381,0
2,0,0.10391919,0
2,0,0.11112839,0
2,0,0.13252774,0
2,0,0.14527462,0
2,0,0.1476092,0
2,0,0.16627805,0
2,0,0.17673166,0
2,0,0.22056448,0
2,0,0.25372076,0
2,0,0.26780808,0
2,1,0.52561754,1
2,1,0.53503305,1
2,1,0.5178187,1
2,1,0.50239444,1
2,1,0.49824193,0
2,1,0.45208302,0
2,1,0.4220511,0
2,1,0.41476762,0
2,1,0.4110125,0
2,1,0.40848744,0
2,1,0.42771974,0
2,1,0.4185718,0
2,1,0.43326545,0
2,1,0.41570416,0
2,1,0.41152278,0
2,1,0.40821528,0
2,1,0.4214708,0
2,1,0.39851737,0
2,1,0.38627246,0
2,1,0.4197087,0
2,1,0.41596624,0
2,1,0.69470245,1
2,1,0.70792115,1
2,1,0.674387,1
2,1,0.6930615,1
2,1,0.71045893,1
2,1,0.695963,1
2,1,0.72983265,1
2,1,0.67671317,1
2,1,0.67565256,1
2,1,0.55372524,1
2,1,0.5369929,1
2,1,0.48587513,0
2,1,0.44818753,0
2,0,0.67966276,1
2,0,0.6465548,1
2,0,0.6462999,1
2,0,0.67537504,1
2,0,0.6423801,1
2,0,0.6589921,1
2,0,0.6805293,1
2,0,0.6794371,1
2,0,0.67616653,1
2,0,0.6624645,1
2,0,0.64954704,1
2,0,0.63674945,1
2,0,0.63665223,1
2,0,0.62528485,1
2,0,0.56896335,1
2,0,0.5292294,1
2,0,0.5512163,1
2,0,0.49271256,0
2,0,0.47626358,0
2,0,0.48862794,0
2,0,0.48067158,0
2,0,0.49501023,0
2,0,0.52933776,1
2,0,0.5682562,1
2,0,0.59661406,1
2,0,0.5823027,1
2,0,0.60028195,1
2,0,0.6124113,1
2,0,0.5993897,1
2,0,0.6620672,1
2,0,0.66264355,1
2,0,0.65214485,1
2,0,0.66304904,1
2,0,0.65903777,1
2,0,0.6511166,1
2,0,0.6201978,1
2,0,0.6673709,1
2,0,0.67589,1
2,0,0.62427545,1
2,0,0.62643176,1
2,0,0.60157335,1
2,0,0.6350292,1
2,0,0.6299146,1
2,0,0.6366722,1
2,0,0.62936896,1
2,0,0.6372416,1
2,0,0.6192949,1
2,0,0.6457935,1
2,0,0.62939817,1
2,0,0.64393616,1
2,0,0.6601652,1
2,0,0.5995364,1
2,0,0.6018161,1
2,0,0.61375785,1
2,0,0.56815416,1
2,1,0.54218686,1
2,1,0.57856196,1
2,1,0.59345037,1
2,1,0.59249526,1
2,1,0.61100966,1
2,0,0.60979754,1
2,0,0.61926335,1
2,0,0.6530001,1
2,0,0.6713815,1
2,0,0.61558086,1
2,0,0.6503634,1
2,0,0.60897726,1
2,0,0.60643566,1
2,0,0.64646405,1
2,0,0.64208657,1
2,0,0.6327181,1
2,0,0.63677704,1
2,0,0.62918407,1
2,0,0.6436599,1
2,0,0.63615084,1
2,0,0.6202054,1
2,0,0.61686313,1
2,0,0.6244794,1
2,0,0.61725,1
2,0,0.6289875,1
2,0,0.60161054,1
2,0,0.59251493,1
2,0,0.6197034,1
2,0,0.6178828,1
2,0,0.6156762,1
2,0,0.62901473,1
2,0,0.64204276,1
2,0,0.62897545,1
2,0,0.6338564,1
2,0,0.6291331,1
2,0,0.6264189,1
2,0,0.6095727,1
2,0,0.5844399,1
2,0,0.6068459,1
2,0,0.6557752,1
2,0,0.58236825,1
2,0,0.6434044,1
2,0,0.6319806,1
2,0,0.61835086,1
2,0,0.59452164,1
2,0,0.6125167,1
2,0,0.6564066,1
2,0,0.62615716,1
2,0,0.58481145,1
2,0,0.6189793,1
2,0,0.6021127,1
2,0,0.5912211,1
2,0,0.5710459,1
2,0,0.628781,1
2,0,0.6173083,1
2,0,0.6429297,1
2,0,0.6487188,1
2,0,0.6805242,1
2,0,0.6814713,1
2,0,0.70698756,1
2,0,0.7279604,1
2,0,0.7344467,1
2,0,0.7307568,1
2,0,0.7134468,1
2,0,0.7033347,1
2,0,0.66590816,1
2,0,0.6585963,1
2,0,0.6443036,1
2,0,0.64019674,1
2,0,0.63821185,1
2,0,0.6232195,1
2,0,0.6389672,1
2,0,0.6060365,1
2,0,0.6216838,1
2,0,0.6224374,1
2,0,0.6300885,1
2,0,0.5659709,1
2,0,0.5976942,1
2,0,0.5783735,1
2,0,0.5953958,1
2,0,0.5500287,1
2,0,0.49018937,0
2,0,0.44925952,0
2,0,0.53099936,1
2,0,0.49818072,0
2,0,0.47323713,0
2,0,0.5115361,1
2,0,0.43916988,0
2,0,0.47792658,0
2,0,0.532894,1
2,0,0.5556228,1
2,0,0.5539714,1
2,0,0.54445606,1
2,0,0.5321136,1
2,0,0.5510334,1
2,0,0.55017966,1
2,0,0.5703402,1
2,0,0.5822113,1
2,0,0.60520095,1
2,0,0.6067094,1
2,0,0.6047178,1
2,0,0.59536684,1
2,0,0.6194362,1
2,0,0.6234607,1
2,0,0.5986064,1
2,0,0.6047803,1
2,0,0.6481913,1
2,0,0.6177278,1
2,0,0.59496194,1
2,0,0.6327244,1
2,0,0.5982755,1
2,0,0.59258825,1
2,0,0.53956485,1
2,0,0.48444182,0
2,0,0.5504092,1
2,0,0.49707896,0
2,0,0.46104497,0
2,0,0.45704496,0
2,0,0.41874832,0
2,0,0.43764564,0
2,0,0.4040601,0
2,0,0.40881866,0
2,0,0.40510312,0
2,0,0.42290282,0
2,0,0.37202948,0
2,0,0.36217612,0
2,0,0.39148223,0
2,0,0.40265334,0
2,0,0.37698647,0
2,0,0.3992783,0
2,0,0.42125314,0
2,0,0.4397628,0
2,0,0.44050476,0
2,0,0.4576784,0
2,0,0.47873828,0
2,0,0.50547534,1
2,0,0.5405884,1
2,0,0.5205192,1
2,0,0.5382093,1
2,0,0.54745954,1
2,0,0.536815,1
2,0,0.48659572,0
2,0,0.5193827,1
2,0,0.5299081,1
2,0,0.5176732,1
2,0,0.49374557,0
2,0,0.48253876,0
2,0,0.51008105,1
2,0,0.42528751,0
2,0,0.4189518,0
2,0,0.46407312,0
2,0,0.42315698,0
2,1,0.36260143,0
2,1,0.34794813,0
2,1,0.31833166,0
2,1,0.30880013,0
2,1,0.2933903,0
2,1,0.27173716,0
2,1,0.2740288,0
2,1,0.2920068,0
2,1,0.2789575,0
2,1,0.29557458,0
2,1,0.26601678,0
2,1,0.24111885,0
2,1,0.2532389,0
2,1,0.2839799,0
2,1,0.24858212,0
2,1,0.24348126,0
2,1,0.2816315,0
2,1,0.31581995,0
2,1,0.313605,0
2,0,0.33823824,0
2,0,0.31184036,0
2,0,0.3480778,0
2,0,0.32325277,0
2,0,0.33502766,0
2,0,0.30629766,0
2,0,0.3319249,0
2,0,0.35437128,0
2,0,0.35023412,0
2,0,0.36410567,0
2,0,0.36080655,0
2,0,0.30747035,0
2,0,0.35522267,0
2,0,0.41361958,0
2,0,0.37056577,0
2,0,0.36424428,0
2,0,0.3925976,0
2,0,0.39745462,0
2,0,0.38717484,0
2,0,0.41889092,0
2,0,0.37287593,0
2,0,0.40751535,0
2,0,0.40466374,0
2,0,0.41230223,0
2,0,0.46563962,0
2,0,0.4800141,0
2,0,0.4733457,0
2,0,0.5024547,1
2,0,0.50704724,1
2,0,0.5514385,1
2,0,0.5435092,1
2,0,0.5275024,1
2,0,0.5212008,1
2,0,0.5408864,1
2,0,0.54700816,1
2,0,0.4685733,0
2,0,0.47767657,0
2,0,0.44990566,0
2,0,0.45585558,0
2,0,0.43562168,0
2,0,0.4103199,0
2,1,0.36637676,0
2,1,0.40153039,0
2,1,0.41496664,0
2,1,0.38257903,0
2,1,0.33361363,0
2,1,0.3727741,0
2,1,0.33068478,0
2,1,0.34606215,0
2,1,0.35139626,0
2,1,0.34862515,0
2,1,0.3487026,0
2,1,0.34443027,0
2,1,0.34406114,0
2,1,0.40183824,0
2,1,0.43098053,0
2,1,0.43657815,0
2,1,0.4316584,0
2,1,0.42799807,0
2,0,0.42759097,0
2,0,0.34714302,0
2,0,0.3938991,0
2,0,0.36476523,0
2,0,0.33314908,0
2,0,0.40023696,0
2,0,0.3702822,0
2,0,0.34629673,0
2,0,0.34917375,0
2,0,0.37463695,0
2,1,0.3606863,0
2,1,0.3724759,0
2,1,0.37135446,0
2,1,0.37545526,0
2,1,0.41413942,0
2,0,0.43422568,0
2,0,0.45492464,0
2,0,0.4550838,0
2,0,0.4625328,0
2,0,0.4879743,0
2,0,0.52674896,1
2,0,0.51772135,1
2,0,0.5174209,1
2,0,0.5392467,1
2,0,0.53157955,1
2,0,0.5142878,1
2,0,0.5290084,1
2,0,0.47992188,0
2,0,0.5486353,1
2,0,0.5048418,1
2,0,0.5141043,1
2,0,0.52437097,1
2,0,0.48249617,0
2,0,0.4809531,0
2,0,0.47142342,0
2,0,0.44457698,0
2,0,0.43526855,0
2,0,0.40415475,0
2,0,0.3618765,0
2,0,0.36064667,0
2,0,0.3620734,0
2,0,0.3560355,0
2,0,0.34788352,0
2,0,0.35820174,0
2,0,0.3192371,0
2,0,0.29848027,0
2,0,0.31119493,0
2,0,0.33615634,0
2,0,0.3141152,0
2,0,0.28516334,0
2,0,0.29135406,0
2,0,0.28774378,0
2,0,0.28864464,0
2,0,0.29829788,0
2,0,0.30219275,0
2,0,0.29732525,0
2,0,0.30846155,0
2,0,0.27479845,0
2,0,0.30500945,0
2,0,0.26553228,0
2,0,0.2899713,0
2,0,0.29999748,0
2,0,0.2800763,0
2,0,0.2939837,0
2,0,0.27571896,0
2,0,0.27149495,0
2,0,0.25537008,0
2,0,0.3018151,0
2,0,0.3093833,0
2,0,0.26348472,0
2,0,0.26586115,0
2,0,0.266271,0
2,0,0.2828506,0
2,0,0.26827738,0
2,0,0.25978947,0
2,0,0.2833131,0
2,0,0.30121598,0
2,0,0.25455958,0
2,0,0.29216558,0
2,0,0.3241401,0
2,1,0.30257756,0
2,1,0.3230838,0
2,1,0.33822474,0
2,1,0.35113874,0
2,1,0.32072666,0
2,1,0.31607994,0
2,1,0.34988046,0
2,1,0.37826926,0
2,1,0.33919284,0
2,1,0.35031536,0
2,1,0.3717099,0
2,1,0.37677586,0
2,1,0.3860013,0
2,1,0.3833691,0
2,1,0.37718898,0
2,0,0.40618634,0
2,0,0.40930307,0
2,0,0.44435126,0
2,0,0.42123586,0
2,0,0.42513388,0
2,0,0.41076896,0
2,0,0.4546094,0
2,0,0.44226325,0
2,0,0.4544828,0
2,0,0.48051724,0
2,0,0.52305806,1
2,0,0.51483303,1
2,0,0.51699674,1
2,0,0.542193,1
2,1,0.5284354,1
2,1,0.50719005,1
2,1,0.5033835,1
2,1,0.51187855,1
2,1,0.507544,1
2,1,0.4999846,0
2,1,0.5062822,1
2,1,0.52339745,1
2,1,0.5117932,1
2,1,0.5246448,1
2,1,0.52284527,1
2,1,0.5349857,1
2,1,0.5457635,1
2,1,0.54965115,1
2,1,0.5404212,1
2,1,0.54761827,1
2,1,0.55652785,1
2,1,0.5448861,1
2,1,0.527435,1
2,1,0.5312303,1
2,1,0.5410991,1
2,1,0.52183473,1
2,1,0.5075073,1
2,1,0.50915563,1
2,1,0.5105023,1
2,1,0.5314952,1
2,1,0.5172443,1
2,1,0.5168084,1
2,1,0.54971296,1
2,0,0.50795406,1
2,0,0.4675153,0
2,0,0.46579084,0
2,0,0.46293962,0
2,0,0.4162895,0
2,0,0.40673342,0
2,0,0.4277381,0
2,0,0.401005,0
2,0,0.34771803,0
2,0,0.40354678,0
2,0,0.4448107,0
2,0,0.41425118,0
2,0,0.386194,0
2,0,0.3372091,0
2,0,0.34881628,0
2,0,0.30207804,0
2,0,0.31512356,0
2,0,0.32510948,0
2,0,0.2762193,0
2,0,0.26172733,0
2,0,0.27590874,0
2,0,0.31907958,0
2,0,0.31227437,0
2,0,0.31986684,0
2,0,0.3217398,0
2,0,0.33647475,0
2,0,0.29494113,0
2,0,0.31677765,0
2,0,0.32273284,0
2,0,0.2840013,0
2,0,0.29733086,0
2,0,0.2912884,0
2,0,0.32015216,0
2,0,0.3378011,0
2,0,0.32579246,0
2,0,0.36833543,0
2,0,0.38425615,0
2,0,0.3562581,0
2,0,0.3339783,0
2,0,0.33935162,0
2,0,0.33512595,0
2,0,0.32386312,0
2,0,0.2933896,0
2,0,0.32848424,0
2,0,0.32610628,0
2,0,0.3231636,0
2,0,0.32574865,0
2,0,0.30451018,0
2,0,0.32028615,0
2,0,0.30612493,0
2,0,0.27700645,0
2,0,0.30148014,0
2,1,0.30135816,0
2,1,0.32138473,0
2,1,0.33141574,0
2,1,0.3238497,0
2,1,0.33511585,0
2,0,0.34785208,0
2,0,0.36613223,0
2,0,0.38394803,0
2,0,0.40203515,0
2,0,0.43445,0
2,1,0.44163695,0
2,1,0.43076834,0
2,1,0.480499,0
2,1,0.4886269,0
2,1,0.49220902,0
2,1,0.5018804,1
2,1,0.5130906,1
2,1,0.50845075,1
2,1,0.49138772,0
2,1,0.5085387,1
2,1,0.5117718,1
2,1,0.49811476,0
2,1,0.5100425,1
2,1,0.4971738,0
2,0,0.4926933,0
2,0,0.48975447,0
2,0,0.49873644,0
2,0,0.4788854,0
2,0,0.4681017,0
2,0,0.49581376,0
2,0,0.48859113,0
2,0,0.45469433,0
2,0,0.484937,0
2,0,0.5022885,1
2,0,0.51307005,1
2,0,0.5002996,1
2,0,0.5063066,1
2,0,0.53792596,1
2,0,0.51789993,1
2,0,0.50959295,1
2,0,0.5197618,1
2,0,0.5025371,1
2,0,0.5177265,1
2,0,0.49097484,0
2,0,0.4863712,0
2,0,0.49177763,0
2,0,0.4187725,0
2,0,0.46471682,0
2,0,0.41885406,0
2,0,0.43429786,0
2,0,0.4414019,0
2,0,0.4195962,0
2,0,0.36502022,0
2,0,0.300564,0
2,0,0.22420537,0
2,0,0.24136704,0
2,0,0.2023346,0
2,0,0.21681839,0
2,0,0.22229509,0
2,0,0.30430478,0
2,0,0.2979863,0
2,0,0.24808207,0
2,0,0.2881709,0
2,0,0.33166188,0
2,0,0.28396964,0
2,0,0.27883172,0
2,0,0.30100626,0
2,0,0.28576288,0
2,0,0.2739265,0
2,0,0.2950505,0
2,0,0.2548041,0
2,0,0.2746095,0
2,0,0.26910555,0
2,0,0.27471054,0
2,0,0.3076251,0
2,0,0.29884842,0
2,0,0.3233167,0
2,0,0.34192777,0
2,0,0.3294598,0
2,0,0.36986467,0
2,0,0.37053066,0
2,0,0.36896738,0
2,0,0.36757484,0
2,0,0.3993252,0
2,0,0.39833853,0
2,0,0.3262078,0
2,0,0.32286322,0
2,0,0.3181901,0
2,0,0.31272462,0
2,0,0.29268786,0
2,0,0.2695263,0
2,0,0.25055003,0
2,0,0.26642424,0
2,0,0.26954374,0
2,0,0.2511656,0
2,1,0.2178758,0
2,1,0.24001785,0
2,1,0.21642126,0
2,1,0.2367913,0
2,1,0.2422836,0
2,1,0.24182822,0
2,1,0.25054237,0
2,1,0.25315607,0
2,1,0.24457426,0
2,1,0.27991846,0
2,1,0.28671268,0
2,1,0.2887239,0
2,0,0.29823956,0
2,0,0.29969433,0
2,0,0.29624075,0
2,0,0.24667656,0
2,0,0.26667234,0
2,0,0.24864829,0
2,0,0.22565068,0
2,0,0.26860836,0
2,0,0.2476909,0
2,0,0.24599403,0
2,0,0.2395798,0
2,0,0.25161552,0
2,0,0.2294136,0
2,0,0.2454794,0
2,0,0.2327674,0
2,0,0.24140354,0
2,0,0.27614036,0
2,0,0.26916263,0
2,0,0.3040247,0
2,0,0.31136116,0
2,0,0.3438179,0
2,0,0.35699075,0
2,0,0.39416897,0
2,0,0.3882466,0
2,0,0.39122906,0
2,0,0.4001842,0
2,0,0.382247,0
2,0,0.38361233,0
2,0,0.37741295,0
2,0,0.3471657,0
2,0,0.4190579,0
2,0,0.3898405,0
2,0,0.39138833,0
2,0,0.3996947,0
2,0,0.3824393,0
2,0,0.36917755,0
2,0,0.4037891,0
2,0,0.3982497,0
2,0,0.41426665,0
2,0,0.42377713,0
2,0,0.41991737,0
2,0,0.4290814,0
2,0,0.4377979,0
2,0,0.44257182,0
2,0,0.42352217,0
2,0,0.40958428,0
2,0,0.40358272,0
2,0,0.4054156,0
2,0,0.38685852,0
2,0,0.36957368,0
2,0,0.36751783,0
2,0,0.37636775,0
2,0,0.38994598,0
2,0,0.37124512,0
2,0,0.3809155,0
2,0,0.40695012,0
2,0,0.36135936,0
2,0,0.3302288,0
2,0,0.3330304,0
2,0,0.32153803,0
2,0,0.27246916,0
2,0,0.2567578,0
2,0,0.27276772,0
2,0,0.25353354,0
2,0,0.2118636,0
2,0,0.2396715,0
2,0,0.27271408,0
2,0,0.26557255,0
2,0,0.23878524,0
2,0,0.20922492,0
2,0,0.22575708,0
2,0,0.19600664,0
2,0,0.20634927,0
2,0,0.21639383,0
2,0,0.18789734,0
2,0,0.17965478,0
2,0,0.18550125,0
2,0,0.21110682,0
2,0,0.20500866,0
2,0,0.20366888,0
2,0,0.20985156,0
2,0,0.22563979,0
2,0,0.19837868,0
2,0,0.21535978,0
2,0,0.23841274,0
2,0,0.23516656,0
2,0,0.21525809,0
2,0,0.24888746,0
2,0,0.24474472,0
2,0,0.2426342,0
2,0,0.24276344,0
2,0,0.21989018,0
2,0,0.23535703,0
2,0,0.2237056,0
2,0,0.19999659,0
2,0,0.21577671,0
2,0,0.2202462,0
2,0,0.23742338,0
2,0,0.252062,0
2,0,0.24647188,0
2,0,0.25671765,0
2,0,0.26497763,0
2,0,0.28398877,0
2,0,0.2981057,0
2,0,0.3099057,0
2,0,0.33806247,0
2,0,0.34851456,0
2,0,0.33705607,0
2,0,0.38792962,0
2,0,0.40162694,0
2,0,0.4111125,0
2,0,0.41438943,0
2,0,0.42574403,0
2,0,0.42328733,0
2,0,0.41163328,0
2,0,0.42371625,0
2,0,0.42605987,0
2,0,0.41566822,0
2,0,0.43249127,0
2,0,0.41584763,0
2,0,0.41109395,0
2,0,0.4106778,0
2,0,0.42360198,0
2,0,0.40011057,0
2,0,0.38503012,0
2,0,0.4184234,0
2,0,0.41341785,0
2,0,0.3719489,0
2,0,0.39700475,0
2,0,0.41467345,0
2,0,0.43172702,0
2,0,0.40291634,0
2,0,0.4110622,0
2,0,0.44083622,0
2,0,0.41913968,0
2,0,0.4063436,0
2,0,0.41332394,0
2,0,0.39763105,0
2,0,0.40954125,0
2,0,0.3938286,0
2,0,0.3849816,0
2,0,0.37672192,0
2,0,0.3077425,0
2,0,0.31695265,0
3,1,0.68165004,1
3,1,0.68254334,1
3,1,0.68283504,1
3,1,0.67532676,1
3,1,0.6564463,1
3,1,0.6496688,1
3,1,0.63328826,1
3,1,0.60779226,1
3,1,0.60621965,1
3,1,0.5862799,1
3,1,0.64345074,1
3,1,0.64171314,1
3,1,0.639623,1
3,1,0.6493354,1
3,1,0.6047132,1
3,1,0.61213803,1
3,1,0.5921695,1
3,1,0.5676451,1
3,1,0.55181867,1
3,1,0.5184805,1
3,1,0.7263914,1
3,1,0.72341794,1
3,1,0.7276839,1
3,1,0.6961562,1
3,1,0.70086014,1
3,1,0.6868416,1
3,1,0.6756404,1
3,1,0.6569938,1
3,1,0.66169316,1
3,1,0.31133994,0
3,1,0.2901133,0
3,1,0.26731664,0
3,1,0.27607024,0
3,1,0.28207886,0
3,1,0.2919806,0
3,1,0.46152675,0
3,1,0.4799759,0
3,1,0.5328806,1
3,1,0.53960407,1
3,1,0.5464995,1
3,1,0.5539867,1
3,1,0.57215244,1
3,1,0.5824775,1
3,1,0.5880538,1
3,1,0.59363276,1
3,1,0.6165043,1
3,1,0.61263764,1
3,1,0.6040779,1
3,1,0.5950586,1
3,1,0.5920969,1
3,1,0.60289246,1
3,1,0.5502362,1
3,1,0.55964845,1
3,1,0.54089475,1
3,1,0.51326984,1
3,1,0.4949303,0
3,1,0.4560361,0
3,1,0.4467182,0
3,1,0.42262104,0
3,1,0.55673945,1
3,1,0.55177164,1
3,1,0.6008162,1
3,1,0.6037802,1
3,1,0.58574426,1
3,1,0.5806419,1
3,1,0.57662016,1
3,1,0.531244,1
3,1,0.52971137,1
3,1,0.50886136,1
3,1,0.51129466,1
3,1,0.47975266,0
3,1,0.45383036,0
3,1,0.45073852,0
3,1,0.4550284,0
3,1,0.48034978,0
3,1,0.50763965,1
3,1,0.4727368,0
3,1,0.44689062,0
3,1,0.46934822,0
3,1,0.46432915,0
3,1,0.4643206,0
3,1,0.43282425,0
3,1,0.429799,0
3,1,0.42672858,0
3,1,0.42667362,0
3,1,0.41376412,0
3,1,0.37286922,0
3,1,0.40305725,0
3,1,0.40097654,0
3,1,0.37818322,0
3,1,0.36176756,0
3,1,0.3751146,0
3,1,0.40133774,0
3,1,0.40571478,0
3,1,0.42458022,0
3,1,0.4055211,0
3,1,0.43061385,0
3,1,0.43036374,0
3,1,0.4450514,0
3,1,0.4429712,0
3,1,0.6300819,1
3,1,0.61667377,1
3,1,0.6237921,1
3,1,0.56444675,1
3,1,0.55395067,1
3,1,0.51251245,1
3,1,0.5512619,1
3,1,0.5065669,1
3,1,0.48217627,0
3,1,0.53457433,1
3,1,0.55686414,1
3,1,0.53357923,1
3,1,0.46960077,0
3,1,0.5213685,1
3,1,0.48222893,0
3,1,0.5000101,1
3,1,0.5564705,1
3,1,0.5499681,1
3,1,0.4471148,0
3,1,0.45685732,0
3,1,0.48270547,0
3,1,0.5383663,1
3,1,0.5315634,1
3,1,0.3410724,0
3,1,0.31805772,0
3,1,0.31530514,0
3,1,0.30609167,0
3,1,0.31081778,0
3,1,0.29702786,0
3,0,0.5989325,1
3,0,0.59571534,1
3,0,0.60113686,1
3,0,0.5926083,1
3,0,0.59215224,1
3,0,0.5999607,1
3,0,0.5894404,1
3,0,0.58839995,1
3,0,0.5790678,1
3,0,0.53625244,1
3,0,0.5354261,1
3,0,0.550463,1
3,0,0.5028345,1
3,0,0.50345534,1
3,1,0.27010453,0
3,1,0.2794374,0
3,1,0.30030268,0
3,1,0.28281605,0
3,1,0.27053156,0
3,1,0.29252487,0
3,1,0.26381126,0
3,1,0.27943012,0
3,1,0.28839758,0
3,1,0.28028148,0
3,1,0.26660496,0
3,1,0.28140253,0
3,1,0.2867995,0
3,1,0.26673305,0
3,1,0.26634926,0
3,1,0.37516704,0
3,1,0.3766694,0
3,1,0.3686939,0
3,1,0.36833376,0
3,1,0.36294773,0
3,1,0.35994083,0
3,1,0.36592036,0
3,1,0.40293953,0
3,1,0.3867086,0
3,1,0.3496227,0
3,1,0.3554943,0
3,1,0.3742914,0
3,1,0.39999545,0
3,1,0.41291523,0
3,1,0.49112082,0
3,1,0.5369244,1
3,1,0.5705922,1
3,1,0.64282256,1
3,1,0.67317635,1
3,1,0.64110965,1
3,1,0.6875347,1
3,1,0.69815326,1
3,1,0.654418,1
3,0,0.21856624,0
3,0,0.23663837,0
3,0,0.19306123,0
3,0,0.258503,0
3,0,0.21025856,0
3,0,0.29574472,0
3,0,0.3352612,0
3,0,0.3250282,0
3,0,0.32903498,0
3,0,0.36838722,0
3,0,0.33272022,0
3,0,0.28429323,0
3,0,0.33794585,0
3,0,0.32144472,0
3,1,0.25610155,0
3,1,0.25791097,0
3,1,0.26142037,0
3,1,0.23023853,0
3,1,0.22012557,0
3,1,0.23923099,0
3,1,0.2835849,0
3,1,0.28941533,0
3,1,0.28131047,0
3,1,0.26039684,0
3,1,0.24916947,0
3,1,0.2680495,0
3,1,0.5204041,1
3,1,0.53690046,1
3,1,0.5403141,1
3,1,0.5398161,1
3,1,0.5258565,1
3,1,0.54773265,1
3,1,0.49677563,0
3,1,0.4991411,0
3,1,0.5561343,1
3,1,0.5287883,1
3,1,0.5334826,1
3,1,0.49417317,0
3,1,0.55831635,1
3,1,0.5637929,1
3,1,0.54006743,1
3,1,0.5250601,1
3,1,0.5832216,1
3,1,0.5793427,1
3,1,0.53326005,1
3,1,0.5582686,1
3,1,0.5803838,1
3,1,0.60109365,1
3,1,0.5757623,1
3,1,0.62879306,1
3,1,0.6257205,1
3,1,0.6184051,1
3,1,0.61713046,1
3,1,0.6374022,1
3,1,0.6481793,1
3,1,0.6383495,1
3,1,0.6554766,1
3,1,0.63048047,1
3,1,0.65189505,1
3,1,0.6599096,1
3,1,0.656668,1
3,1,0.634465,1
3,1,0.6541368,1
3,1,0.61537135,1
3,1,0.5908612,1
3,1,0.5750807,1
3,1,0.4515353,0
3,1,0.44633967,0
3,1,0.4343915,0
3,1,0.40574753,0
3,1,0.3778252,0
3,1,0.37650105,0
3,1,0.38863695,0
3,1,0.37958467,0
3,1,0.39275342,0
3,1,0.39078018,0
3,1,0.39747217,0
3,1,0.39125085,0
3,1,0.41528887,0
3,1,0.44906694,0
3,1,0.44514427,0
3,1,0.4523474,0
3,1,0.4675753,0
3,1,0.49579576,0
3,1,0.49257523,0
3,1,0.4986673,0
3,1,0.4943021,0
3,1,0.52250063,1
3,1,0.48275226,0
3,1,0.4752593,0
3,1,0.4481037,0
3,1,0.4374793,0
3,1,0.42581236,0
3,1,0.37880057,0
3,1,0.40055013,0
3,1,0.42225066,0
3,1,0.43527865,0
3,1,0.43232247,0
3,1,0.4072087,0
3,1,0.387315,0
3,1,0.38043723,0
3,1,0.59425616,1
3,1,0.544349,1
3,1,0.49720564,0
3,1,0.5096607,1
3,1,0.5139186,1
3,1,0.49025607,0
3,1,0.5039448,1
3,1,0.4449255,0
3,1,0.4632302,0
3,1,0.52711046,1
3,1,0.45916867,0
3,1,0.48474166,0
3,1,0.49688035,0
3,1,0.2837808,0
3,1,0.25681943,0
3,1,0.2202289,0
3,1,0.32664043,0
3,1,0.45788243,0
3,1,0.4252203,0
3,1,0.48971018,0
3,1,0.47936553,0
3,1,0.5102728,1
3,1,0.52315336,1
3,1,0.53580016,1
3,1,0.6028195,1
3,1,0.5254691,1
3,0,0.39391756,0
3,0,0.3996036,0
3,0,0.43350115,0
3,0,0.46154743,0
3,0,0.48162878,0
3,0,0.49389127,0
3,0,0.5543053,1
3,0,0.55018127,1
3,0,0.5327658,1
3,0,0.5647802,1
3,0,0.5485644,1
3,0,0.5312956,1
3,0,0.5522886,1
3,0,0.56062025,1
3,0,0.5852528,1
3,1,0.63501483,1
3,1,0.620867,1
3,1,0.62299204,1
3,1,0.5929172,1
3,1,0.5702639,1
3,1,0.55846983,1
3,1,0.5168296,1
3,1,0.51350117,1
3,1,0.5135074,1
3,0,0.5044814,1
3,0,0.473157,0
3,0,0.4682667,0
3,0,0.4715856,0
3,0,0.46420503,0
3,1,0.46601176,0
3,1,0.47510177,0
3,1,0.46641228,0
3,1,0.48532373,0
3,1,0.49201456,0
3,1,0.5007742,1
3,1,0.4997008,0
3,1,0.4977319,0
3,1,0.5080104,1
3,1,0.49419302,0
3,1,0.50492084,1
3,1,0.49007434,0
3,1,0.47590366,0
3,0,0.4846176,0
3,0,0.49400875,0
3,0,0.4278995,0
3,0,0.44436958,0
3,0,0.46063787,0
3,0,0.4409352,0
3,0,0.40825182,0
3,0,0.43322477,0
3,0,0.4290674,0
3,0,0.42804,0
3,0,0.44741306,0
3,0,0.456514,0
3,0,0.48258805,0
3,0,0.48117155,0
3,0,0.4876204,0
3,0,0.53154564,1
3,0,0.56575686,1
3,0,0.5877054,1
3,0,0.6032906,1
3,0,0.6254747,1
3,0,0.6426195,1
3,0,0.63761955,1
3,0,0.6358734,1
3,0,0.62491465,1
3,0,0.63230336,1
3,0,0.6320639,1
3,0,0.61216587,1
3,0,0.6117115,1
3,0,0.6298414,1
3,0,0.6379257,1
3,0,0.63377416,1
3,0,0.6465849,1
3,0,0.6439618,1
3,0,0.646081,1
3,0,0.6500023,1
3,0,0.65302545,1
3,0,0.64188474,1
3,0,0.6315033,1
3,0,0.59902525,1
3,0,0.57580745,1
3,0,0.55538243,1
3,0,0.53363395,1
3,0,0.5114361,1
3,0,0.47544864,0
3,0,0.47998756,0
3,0,0.4596672,0
3,0,0.44338945,0
3,0,0.44559532,0
3,0,0.44712114,0
3,0,0.46387506,0
3,0,0.4724238,0
3,0,0.5055989,1
3,0,0.5119685,1
3,0,0.5013323,1
3,0,0.5431291,1
3,0,0.5656382,1
3,0,0.6134372,1
3,0,0.62895125,1
3,0,0.61709225,1
3,0,0.6371619,1
3,0,0.63646024,1
3,0,0.6583696,1
3,0,0.65979767,1
3,0,0.6514259,1
3,0,0.63657737,1
3,0,0.629922,1
3,0,0.6403736,1
3,0,0.60872984,1
3,0,0.6065324,1
3,0,0.60686135,1
3,0,0.55658495,1
3,0,0.5039722,1
3,0,0.5059516,1
3,0,0.46395662,0
3,0,0.45202893,0
3,0,0.43471736,0
3,0,0.43595815,0
3,0,0.4313991,0
3,0,0.42292246,0
3,0,0.41314727,0
3,0,0.4319234,0
3,0,0.45225155,0
3,0,0.44581035,0
3,0,0.45060372,0
3,0,0.46020865,0
3,0,0.47381398,0
3,0,0.46948612,0
3,0,0.47187993,0
3,0,0.46806514,0
3,0,0.4898737,0
3,0,0.48765174,0
3,0,0.49025983,0
3,0,0.50083196,1
3,0,0.5064291,1
3,0,0.51186913,1
3,0,0.5234482,1
3,0,0.51096547,1
3,0,0.50792027,1
3,0,0.5018997,1
3,0,0.5303109,1
3,0,0.5144097,1
3,0,0.5026614,1
3,0,0.5009297,1
3,0,0.4922834,0
3,0,0.4826396,0
3,0,0.49212036,0
3,0,0.49072805,0
3,0,0.4915878,0
3,0,0.48453048,0
3,0,0.50600904,1
3,0,0.48000988,0
3,0,0.47844353,0
3,0,0.47636318,0
3,0,0.49010575,0
3,0,0.51105404,1
3,0,0.5056466,1
3,0,0.5091827,1
3,0,0.50156957,1
3,0,0.51689726,1
3,0,0.56012064,1
3,0,0.5666433,1
3,0,0.5651806,1
3,0,0.5679008,1
3,0,0.5883595,1
3,0,0.59873486,1
3,0,0.59560645,1
3,0,0.603652,1
3,0,0.61516076,1
3,0,0.61788946,1
3,0,0.6118977,1
3,0,0.60080564,1
3,0,0.59245425,1
3,0,0.597416,1
3,0,0.5410184,1
3,0,0.55023503,1
3,0,0.52650917,1
3,0,0.5001871,1
3,0,0.39577192,0
3,0,0.4136539,0
3,0,0.40990564,0
3,0,0.4089387,0
3,0,0.44635326,0
3,0,0.42897722,0
3,0,0.4693005,0
3,0,0.46478167,0
3,0,0.5308719,1
3,0,0.53446156,1
3,0,0.55156666,1
3,0,0.54822594,1
3,0,0.5528271,1
3,0,0.59546924,1
3,0,0.5400353,1
3,0,0.57574016,1
3,0,0.5464747,1
3,0,0.5617098,1
3,0,0.5004564,1
3,0,0.4682522,0
3,0,0.46289423,0
3,0,0.44711488,0
3,0,0.4308532,0
3,0,0.37288153,0
3,0,0.36499214,0
3,0,0.3439,0
3,0,0.32567945,0
3,0,0.31421936,0
3,0,0.30547523,0
3,0,0.30316275,0
3,0,0.2978429,0
3,0,0.31709436,0
3,0,0.3296587,0
3,0,0.33016682,0
3,0,0.33946395,0
3,0,0.36038297,0
3,0,0.37974027,0
3,0,0.38354775,0
3,0,0.4001939,0
3,0,0.45281985,0
3,0,0.48060215,0
3,0,0.48178208,0
3,0,0.5354584,1
3,0,0.5238843,1
3,0,0.58827466,1
3,0,0.6085533,1
3,0,0.6311038,1
3,0,0.6343772,1
3,0,0.6560517,1
3,0,0.6513729,1
3,0,0.6761377,1
3,0,0.6675188,1
3,0,0.6645543,1
3,0,0.6615435,1
3,0,0.6559601,1
3,0,0.62570983,1
3,0,0.6332404,1
3,0,0.5967022,1
3,0,0.5825813,1
3,0,0.571714,1
3,0,0.54450274,1
3,0,0.5589373,1
3,0,0.48015612,0
3,0,0.5066949,1
3,0,0.47139972,0
3,0,0.43951163,0
3,0,0.43084097,0
3,0,0.42079017,0
3,0,0.41304773,0
3,0,0.39601153,0
3,0,0.39537388,0
3,0,0.3730542,0
3,0,0.3782828,0
3,0,0.3632329,0
3,0,0.39250365,0
3,0,0.40379822,0
3,0,0.4403488,0
3,0,0.4594711,0
3,0,0.4661406,0
3,0,0.52256966,1
3,0,0.53853977,1
3,0,0.5394239,1
3,0,0.54665864,1
3,0,0.5780289,1
3,0,0.6377561,1
3,0,0.6298409,1
3,0,0.6545881,1
3,0,0.6693456,1
3,0,0.6660223,1
3,0,0.67392427,1
3,0,0.6757894,1
3,0,0.6686832,1
3,0,0.6663912,1
3,0,0.66449976,1
3,0,0.65562505,1
3,0,0.6281405,1
3,0,0.66019523,1
3,0,0.65479535,1
3,0,0.64011264,1
3,0,0.6586287,1
3,1,0.4041106,0
3,1,0.41058475,0
3,1,0.45635825,0
3,1,0.41455972,0
3,1,0.45332405,0
3,1,0.49250332,0
3,1,0.50224274,1
3,1,0.5157984,1
3,1,0.5431249,1
3,1,0.27260578,0
3,1,0.2418815,0
3,1,0.27269438,0
3,1,0.18607637,0
3,1,0.2475464,0
3,1,0.24527901,0
3,1,0.2577215,0
3,1,0.2690045,0
3,1,0.2938721,0
3,1,0.29648697,0
3,1,0.32236677,0
3,1,0.34969404,0
3,1,0.33454332,0
3,1,0.34417945,0
3,1,0.35028335,0
3,1,0.42376828,0
3,1,0.44997177,0
3,1,0.48019958,0
3,1,0.5099886,1
3,1,0.5906862,1
3,1,0.63046026,1
3,1,0.66945076,1
3,1,0.71128196,1
3,1,0.70925903,1
3,1,0.6976852,1
3,1,0.7208694,1
3,1,0.72861505,1
3,1,0.7021176,1
3,0,0.35529593,0
3,0,0.33280328,0
3,0,0.3538949,0
3,0,0.35284686,0
3,0,0.35746515,0
3,0,0.332021,0
3,0,0.34108245,0
3,0,0.35375044,0
3,0,0.34760284,0
3,0,0.33468866,0
3,0,0.31744978,0
3,0,0.32871616,0
3,0,0.35103086,0
3,0,0.36438432,0
3,0,0.33529013,0
3,1,0.63040864,1
3,1,0.6380058,1
3,1,0.6473775,1
3,1,0.64541507,1
3,1,0.6054145,1
3,1,0.57991105,1
3,1,0.5016493,1
3,1,0.52958995,1
3,1,0.4780357,0
3,1,0.42591906,0
3,1,0.41810727,0
3,1,0.396532,0
3,1,0.38756397,0
3,1,0.37814578,0
3,1,0.37576982,0
3,1,0.36575025,0
3,1,0.35908213,0
3,1,0.33888453,0
3,1,0.3645883,0
3,1,0.35862705,0
3,0,0.4093534,0
3,0,0.40907887,0
3,0,0.41789016,0
3,0,0.4021394,0
3,0,0.41314033,0
3,0,0.41053075,0
3,0,0.4557326,0
3,0,0.43407145,0
3,0,0.43899098,0
3,0,0.484748,0
3,0,0.41242135,0
3,0,0.43305978,0
3,0,0.4376118,0
3,0,0.12361369,0
3,0,0.12473974,0
3,0,0.12541167,0
3,0,0.1511088,0
3,0,0.12050779,0
3,0,0.13784708,0
3,0,0.12375433,0
3,0,0.14333516,0
3,0,0.13184291,0
3,0,0.13088202,0
3,0,0.11248891,0
3,0,0.10932373,0
3,0,0.1176404,0
3,0,0.115675814,0
3,0,0.1141273,0
3,0,0.13175802,0
3,0,0.12567076,0
3,0,0.14600012,0
3,0,0.14357169,0
3,0,0.20656805,0
3,0,0.14360408,0
3,0,0.14936218,0
3,0,0.14786935,0
3,0,0.1467029,0
3,0,0.12191986,0
3,0,0.13491578,0
3,0,0.13290086,0
3,0,0.14242235,0
3,0,0.14038336,0
3,0,0.13702986,0
3,0,0.14894257,0
3,0,0.14884938,0
3,0,0.1553053,0
3,0,0.17150368,0
3,0,0.16574386,0
3,0,0.14658132,0
3,0,0.15938333,0
3,0,0.16241287,0
3,0,0.17299688,0
3,0,0.1689714,0
3,0,0.1785654,0
3,0,0.18820737,0
3,0,0.22081071,0
3,0,0.20955412,0
3,0,0.22261192,0
3,0,0.23526785,0
3,0,0.24528785,0
3,0,0.26413405,0
3,0,0.25827482,0
3,0,0.26172465,0
3,0,0.20809145,0
3,0,0.19727114,0
3,0,0.23168738,0
3,0,0.25215417,0
3,0,0.2171226,0
3,0,0.25014767,0
3,0,0.2525954,0
3,0,0.24049386,0
3,0,0.26264223,0
3,0,0.26659873,0
3,0,0.25209737,0
3,0,0.24949758,0
3,0,0.24224843,0
3,0,0.24554956,0
3,0,0.25105852,0
3,0,0.23266007,0
3,0,0.24683957,0
3,0,0.22983469,0
3,0,0.22039519,0
3,0,0.20672812,0
3,0,0.22192308,0
3,0,0.22386615,0
3,0,0.2242407,0
3,0,0.26332253,0
3,0,0.2663081,0
3,0,0.2553473,0
3,0,0.25747815,0
3,0,0.2657656,0
3,0,0.25956997,0
3,0,0.2579992,0
3,0,0.25311974,0
3,0,0.2753608,0
3,0,0.23338145,0
3,0,0.22202732,0
3,0,0.21426335,0
3,0,0.17961818,0
3,0,0.18058495,0
3,0,0.15341559,0
3,0,0.14489892,0
3,0,0.14050272,0
3,0,0.1304979,0
3,0,0.12866195,0
3,0,0.120875776,0
3,0,0.18591243,0
3,0,0.16655506,0
3,0,0.1693817,0
3,0,0.19123991,0
3,0,0.18017192,0
3,0,0.19584611,0
3,0,0.17562479,0
3,0,0.1884416,0
3,0,0.18695025,0
3,0,0.16830416,0
3,0,0.17455964,0
3,0,0.16984129,0
3,0,0.17721595,0
3,0,0.14402914,0
3,0,0.15215354,0
3,0,0.15378268,0
3,0,0.14781564,0
3,0,0.16083369,0
3,0,0.13212301,0
3,0,0.1252116,0
3,0,0.13515289,0
3,0,0.12737803,0
3,0,0.12939997,0
3,0,0.123019814,0
3,0,0.10619785,0
3,0,0.11152494,0
3,0,0.14518063,0
3,0,0.14097968,0
3,0,0.122371554,0
3,0,0.13775383,0
3,0,0.16706029,0
3,0,0.16169792,0
3,0,0.16839744,0
3,0,0.16060816,0
3,0,0.16919243,0
3,0,0.16475047,0
3,0,0.18146451,0
3,0,0.19280075,0
3,0,0.16656066,0
3,0,0.18451273,0
3,0,0.17447641,0
3,0,0.20851442,0
3,0,0.17716004,0
3,0,0.20453382,0
3,0,0.16483368,0
3,0,0.17571557,0
3,0,0.15893808,0
3,0,0.16921532,0
3,0,0.1889468,0
3,0,0.18345687,0
3,0,0.18743403,0
3,0,0.19209018,0
3,0,0.20961969,0
3,0,0.21849908,0
3,0,0.21346201,0
3,0,0.24927197,0
3,0,0.24057214,0
3,0,0.26223248,0
3,0,0.2519906,0
3,0,0.26014656,0
3,0,0.28971118,0
3,0,0.27942875,0
3,0,0.31434494,0
3,0,0.3115517,0
3,0,0.31367457,0
3,0,0.3318668,0
3,0,0.28635928,0
3,0,0.24653766,0
3,0,0.24990033,0
3,0,0.2428425,0
3,0,0.26221392,0
3,0,0.26065263,0
3,0,0.24677375,0
3,0,0.19158304,0
3,0,0.23146309,0
3,0,0.21659188,0
3,0,0.20012052,0
3,0,0.19958335,0
3,0,0.18551444,0
3,0,0.35509917,0
3,0,0.4284176,0
3,0,0.39159948,0
3,0,0.44644254,0
3,0,0.39985627,0
3,0,0.4176942,0
3,0,0.37028962,0
3,0,0.41585803,0
3,0,0.39072406,0
3,1,0.45738775,0
3,1,0.4674379,0
3,1,0.49548987,0
3,1,0.4830162,0
3,1,0.4824362,0
3,1,0.4977535,0
3,1,0.5193572,1
3,1,0.5098074,1
3,1,0.5187913,1
3,1,0.52362716,1
3,1,0.5479042,1
3,1,0.5376003,1
3,1,0.549079,1
3,1,0.57628244,1
3,1,0.5767566,1
3,1,0.5852506,1
3,1,0.6084582,1
3,0,0.26254773,0
3,0,0.24319248,0
3,0,0.21223146,0
3,0,0.21755573,0
3,0,0.21063739,0
3,0,0.20528589,0
3,0,0.20837826,0
3,0,0.19548017,0
3,0,0.2205868,0
3,0,0.19835117,0
3,0,0.19462614,0
3,0,0.21685112,0
3,0,0.20809145,0
3,0,0.19727114,0
3,0,0.23168738,0
3,0,0.25215417,0
3,0,0.2171226,0
3,0,0.25014767,0
3,0,0.2525954,0
3,1,0.54028976,1
3,1,0.47305086,0
3,1,0.4545672,0
3,1,0.44888762,0
3,1,0.42953673,0
3,1,0.3965191,0
3,1,0.37516978,0
3,1,0.38164565,0
3,1,0.36180386,0
3,1,0.35469413,0
3,1,0.3571753,0
3,1,0.35819855,0
3,1,0.34235248,0
3,1,0.3358106,0
3,1,0.34262386,0
3,1,0.34047428,0
3,1,0.34299582,0
3,1,0.32952696,0
3,1,0.34764814,0
3,1,0.34352326,0
3,1,0.3269825,0
3,1,0.32028612,0
3,1,0.3111997,0
3,1,0.30568045,0
3,0,0.30196235,0
3,0,0.3248433,0
3,0,0.31534442,0
3,0,0.2887011,0
3,0,0.2894401,0
3,0,0.3100941,0
3,0,0.2246667,0
3,0,0.24337733,0
3,0,0.19647147,0
3,0,0.25267798,0
3,0,0.22544798,0
3,0,0.2668572,0
3,0,0.5573025,1
3,0,0.56621057,1
3,0,0.5370989,1
3,0,0.5323224,1
3,0,0.505351,1
3,0,0.48499662,0
3,0,0.479752,0
3,0,0.44076854,0
3,0,0.41598764,0
3,0,0.3906211,0
3,0,0.38990277,0
3,0,0.3824788,0
3,0,0.33912998,0
3,0,0.3100611,0
3,0,0.31450993,0
3,0,0.33163458,0
3,0,0.31004792,0
3,0,0.3017192,0
3,0,0.3227728,0
3,0,0.30974013,0
3,0,0.31504464,0
3,0,0.3582558,0
3,0,0.38219252,0
3,0,0.4062393,0
3,0,0.41687837,0
3,0,0.46612886,0
3,0,0.51186675,1
3,0,0.52094346,1
3,0,0.547144,1
3,0,0.61559296,1
3,0,0.6099697,1
3,0,0.5798265,1
3,0,0.59590584,1
3,0,0.5853899,1
3,0,0.6340307,1
3,0,0.57994986,1
3,0,0.63705504,1
3,0,0.63473684,1
3,0,0.62963206,1
3,0,0.60919935,1
3,0,0.6411227,1
3,0,0.65140826,1
3,0,0.6520409,1
3,0,0.65328336,1
3,0,0.6594862,1
3,0,0.65344167,1
3,0,0.6310831,1
3,0,0.63365555,1
3,0,0.6441201,1
3,1,0.61080843,1
3,1,0.59264284,1
3,1,0.5878404,1
3,1,0.59415114,1
3,1,0.580045,1
3,1,0.5658259,1
3,1,0.5438774,1
3,1,0.53154284,1
3,1,0.5235075,1
3,1,0.48477963,0
3,1,0.48776454,0
3,1,0.48521325,0
3,1,0.47402623,0
3,1,0.45219684,0
3,1,0.44802395,0
3,1,0.44877765,0
3,1,0.45133013,0
3,1,0.45846504,0
3,1,0.47121093,0
3,1,0.45611933,0
3,1,0.47052395,0
3,1,0.4834743,0
3,1,0.49235904,0
3,1,0.4904573,0
3,1,0.4899652,0
3,1,0.4978845,0
3,1,0.48055983,0
3,1,0.4894253,0
3,1,0.4696683,0
3,1,0.45156276,0
3,1,0.61007047,1
3,1,0.6058084,1
3,1,0.55027694,1
3,1,0.49067947,0
3,1,0.4844858,0
3,1,0.44542402,0
3,1,0.434069,0
3,1,0.39139202,0
3,1,0.4137869,0
3,1,0.44025028,0
3,1,0.43005845,0
3,1,0.43905428,0
3,1,0.44643697,0
3,1,0.46112105,0
3,1,0.4627289,0
3,1,0.4688994,0
3,1,0.46540344,0
3,1,0.4897393,0
3,1,0.4822517,0
3,1,0.48258227,0
3,1,0.4958584,0
3,1,0.50103825,1
3,1,0.5045482,1
3,1,0.5195758,1
3,1,0.50125074,1
3,1,0.49740294,0
3,1,0.49230656,0
3,1,0.52545667,1
3,1,0.5057794,1
3,1,0.49129692,0
3,1,0.48370022,0
3,1,0.4728374,0
3,1,0.46092874,0
3,1,0.46201792,0
3,1,0.4610778,0
3,1,0.46055943,0
3,1,0.39326108,0
3,1,0.37519246,0
3,1,0.3905203,0
3,1,0.38692337,0
3,1,0.3942318,0
3,1,0.40319473,0
3,1,0.39736688,0
3,1,0.434731,0
3,1,0.38449582,0
3,1,0.41155687,0
3,1,0.39157766,0
3,1,0.40578645,0
3,1,0.44714645,0
3,1,0.41285047,0
3,1,0.45615518,0
3,1,0.44127533,0
3,1,0.51461726,1
3,1,0.51919633,1
3,1,0.5243853,1
3,1,0.5195005,1
3,1,0.5107139,1
3,1,0.56162035,1
3,1,0.5100158,1
3,1,0.54074067,1
3,1,0.50580347,1
3,1,0.538701,1
3,1,0.46656683,0
3,1,0.42881948,0
3,1,0.42368776,0
3,1,0.3915432,0
3,1,0.55673945,1
3,1,0.55177164,1
3,1,0.6008162,1
3,1,0.6037802,1
3,1,0.58574426,1
3,1,0.5806419,1
3,1,0.57662016,1
3,1,0.531244,1
3,1,0.52971137,1
3,1,0.50886136,1
3,1,0.51129466,1
3,0,0.5006107,1
3,0,0.50284266,1
3,0,0.5214222,1
3,0,0.43679175,0
3,0,0.48939627,0
3,0,0.4612815,0
3,0,0.43126658,0
3,0,0.4306435,0
3,0,0.41743156,0
3,0,0.44012874,0
3,0,0.38797033,0
3,0,0.38237515,0
3,0,0.35863936,0
3,0,0.36494648,0
3,0,0.33973044,0
3,0,0.36888236,0
3,0,0.3840193,0
3,0,0.4098313,0
3,0,0.4295344,0
3,0,0.42822847,0
3,0,0.50151694,1
3,0,0.5156293,1
3,0,0.5164502,1
3,0,0.518917,1
3,0,0.54636085,1
3,0,0.60853785,1
3,0,0.60199696,1
3,0,0.6320582,1
3,0,0.674094,1
3,0,0.6984773,1
3,0,0.7050789,1
3,0,0.71347153,1
3,0,0.709682,1
3,0,0.7076786,1
3,1,0.70618993,1
3,1,0.7026754,1
3,1,0.68324655,1
3,1,0.7042069,1
3,1,0.6986105,1
3,1,0.6902396,1
3,1,0.70011896,1
3,1,0.70193994,1
3,1,0.7038593,1
3,1,0.6905635,1
3,1,0.7099367,1
3,1,0.7031305,1
3,1,0.70802623,1
3,1,0.70508903,1
3,1,0.70932776,1
3,1,0.70063984,1
3,1,0.68031204,1
3,1,0.6731336,1
3,1,0.6253094,1
3,1,0.6164741,1
3,1,0.60608184,1
3,1,0.58932525,1
3,0,0.57200605,1
3,0,0.55633485,1
3,0,0.5541916,1
3,0,0.5390341,1
3,0,0.50056314,1
3,0,0.5130553,1
3,0,0.54055285,1
3,0,0.5270986,1
3,0,0.53747624,1
3,0,0.5396199,1
3,0,0.5361297,1
3,0,0.5588936,1
3,0,0.553199,1
3,0,0.58945227,1
3,0,0.5981022,1
3,0,0.60084385,1
3,0,0.6273002,1
3,0,0.61081624,1
3,0,0.6011714,1
3,0,0.6274155,1
3,0,0.62374145,1
3,0,0.59649175,1
3,0,0.5761594,1
3,0,0.58733255,1
3,0,0.5563432,1
3,1,0.502832,1
3,1,0.58546877,1
3,1,0.6131925,1
3,1,0.6385384,1
3,1,0.65963435,1
3,1,0.6704874,1
3,1,0.6842,1
3,1,0.6902703,1
3,1,0.69912964,1
3,1,0.6994558,1
3,1,0.7011919,1
3,1,0.6621371,1
3,1,0.678149,1
3,1,0.6632675,1
3,1,0.6482136,1
3,1,0.6446587,1
3,1,0.6321744,1
3,1,0.61064875,1
3,1,0.62363106,1
3,1,0.60960335,1
3,1,0.62903494,1
3,1,0.6273161,1
3,1,0.6102544,1
3,1,0.6276812,1
3,1,0.5965386,1
3,1,0.5942663,1
3,1,0.6037287,1
3,1,0.5806518,1
3,1,0.5519349,1
3,1,0.5623515,1
3,1,0.5191727,1
3,1,0.523257,1
3,1,0.46700236,0
3,1,0.34718165,0
3,1,0.34025005,0
3,1,0.3653127,0
3,1,0.36571088,0
3,1,0.3655592,0
3,1,0.3618121,0
3,1,0.38968408,0
3,1,0.36918524,0
3,1,0.39647093,0
3,1,0.42766926,0
3,1,0.41898614,0
3,1,0.4053992,0
3,1,0.43336874,0
3,1,0.4330114,0
3,1,0.5765446,1
3,1,0.5819899,1
3,1,0.5893622,1
3,1,0.59194756,1
3,1,0.57999164,1
3,1,0.59558445,1
3,1,0.5620646,1
3,1,0.5702313,1
3,1,0.6077524,1
3,1,0.5905344,1
3,1,0.60116714,1
3,1,0.56812996,1
3,1,0.6154869,1
3,1,0.62117416,1
3,1,0.612503,1
3,1,0.6109917,1
3,1,0.6272842,1
3,1,0.58747506,1
3,1,0.606241,1
3,1,0.58921224,1
3,1,0.58565634,1
3,1,0.5580084,1
3,1,0.59048516,1
3,1,0.49408033,0
3,1,0.50215167,1
3,1,0.5305128,1
3,1,0.5604257,1
3,1,0.5872324,1
3,1,0.57474816,1
3,1,0.5913177,1
3,1,0.18482661,0
3,1,0.11979613,0
3,1,0.18140984,0
3,1,0.17056322,0
3,1,0.1831237,0
3,1,0.14657633,0
3,1,0.20317315,0
3,1,0.17907925,0
3,1,0.18463805,0
3,1,0.19528899,0
3,1,0.19107397,0
3,1,0.20699158,0
3,1,0.17521554,0
3,1,0.21849349,0
3,1,0.18720159,0
3,1,0.16975705,0
3,1,0.19312875,0
3,1,0.19403557,0
3,1,0.17562231,0
3,1,0.17856897,0
3,1,0.19887821,0
3,1,0.20337518,0
3,1,0.20113659,0
3,1,0.2065511,0
3,1,0.2769121,0
3,1,0.56385654,1
3,1,0.56872,1
3,1,0.57857144,1
3,1,0.58141863,1
3,1,0.5825332,1
3,1,0.6094264,1
3,1,0.617547,1
3,1,0.6102773,1
3,1,0.6204419,1
3,1,0.64705175,1
3,0,0.31777632,0
3,0,0.31428573,0
3,0,0.30159733,0
3,0,0.30233577,0
3,0,0.2934689,0
3,0,0.28455865,0
3,0,0.2967624,0
3,0,0.30563223,0
3,0,0.29444593,0
3,1,0.4529295,0
3,1,0.45248768,0
3,1,0.47372183,0
3,1,0.4741503,0
3,1,0.4773494,0
3,0,0.51373476,1
3,0,0.550183,1
3,0,0.5694656,1
3,0,0.6237038,1
3,0,0.6427024,1
3,0,0.6322383,1
3,0,0.6559919,1
3,0,0.6537382,1
3,0,0.6762223,1
3,0,0.67604595,1
3,0,0.6722995,1
3,0,0.66140115,1
3,0,0.6508604,1
3,0,0.6600675,1
3,0,0.6328395,1
3,0,0.39429235,0
3,0,0.38055864,0
3,0,0.36816886,0
3,0,0.3762328,0
3,0,0.36842504,0
3,0,0.357893,0
3,0,0.33834156,0
3,0,0.3208986,0
3,0,0.3548673,0
3,0,0.3357763,0
3,0,0.36628488,0
3,0,0.35370666,0
3,0,0.3662612,0
3,0,0.3724342,0
3,0,0.3996407,0
3,0,0.4034741,0
3,0,0.42977768,0
3,0,0.40002492,0
3,0,0.42675054,0
3,0,0.4161082,0
3,0,0.43353924,0
3,0,0.43388107,0
3,1,0.44704512,0
3,1,0.44643465,0
3,1,0.46284997,0
3,1,0.49775273,0
3,1,0.49163184,0
3,1,0.47802085,0
3,1,0.5181572,1
3,1,0.5261052,1
3,1,0.55013174,1
3,1,0.5570432,1
3,1,0.55784494,1
3,1,0.592809,1
3,1,0.56589884,1
3,1,0.6193995,1
3,1,0.5847676,1
3,1,0.53990763,1
3,1,0.53315735,1
3,1,0.5001535,1
3,1,0.49065942,0
3,1,0.5149665,1
3,1,0.49343288,0
3,1,0.45931017,0
3,1,0.46727124,0
3,1,0.48827812,0
3,1,0.45068446,0
3,1,0.43498117,0
3,1,0.44864127,0
3,1,0.44088867,0
3,1,0.433095,0
3,1,0.45188686,0
3,1,0.4436638,0
3,1,0.4417795,0
3,1,0.4405162,0
3,1,0.4740676,0
3,1,0.45404434,0
3,1,0.46259174,0
3,1,0.33057672,0
3,1,0.35507464,0
3,1,0.36818323,0
3,1,0.38773578,0
3,1,0.43303794,0
3,1,0.45267335,0
3,1,0.4483032,0
3,1,0.49928722,0
3,1,0.48989442,0
3,1,0.5453891,1
3,1,0.55511117,1
3,1,0.57874304,1
3,1,0.58284014,1
3,1,0.60639775,1
3,1,0.60384005,1
3,1,0.6495513,1
3,1,0.6504642,1
3,1,0.63430923,1
3,1,0.6288872,1
3,1,0.62276995,1
3,1,0.5813825,1
3,1,0.58481926,1
3,1,0.5569881,1
3,1,0.55552006,1
3,1,0.5420543,1
3,1,0.47802892,0
3,1,0.5113047,1
3,1,0.54523695,1
3,1,0.5516886,1
3,1,0.57546407,1
3,1,0.56960505,1
3,1,0.5953624,1
3,1,0.5926171,1
3,1,0.5992305,1
3,1,0.60986465,1
3,1,0.5773286,1
3,1,0.57060796,1
3,1,0.61139095,1
3,1,0.57245797,1
3,1,0.57000875,1
3,1,0.5398774,1
3,1,0.5763791,1
3,1,0.5701754,1
3,1,0.5340322,1
3,1,0.5133694,1
3,1,0.8138165,1
3,1,0.81602323,1
3,1,0.8281711,1
3,1,0.82909334,1
3,1,0.823939,1
3,1,0.82248825,1
3,1,0.8194681,1
3,1,0.8164658,1
3,1,0.8305223,1
3,1,0.810225,1
3,1,0.79411775,1
3,1,0.80442685,1
3,1,0.8256113,1
3,1,0.7951749,1
3,1,0.78425366,1
3,1,0.47487703,0
3,1,0.45357472,0
3,1,0.47646672,0
3,1,0.4725261,0
3,1,0.46071947,0
3,1,0.45252475,0
3,1,0.4891232,0
3,1,0.49676487,0
3,1,0.52772313,1
3,1,0.5520132,1
3,1,0.51180446,1
3,1,0.56009406,1
3,1,0.55150455,1
3,1,0.59161,1
3,0,0.30557218,0
3,0,0.35855716,0
3,0,0.3507514,0
3,0,0.3888262,0
3,0,0.45198697,0
3,0,0.39009008,0
3,0,0.43305352,0
3,0,0.41257322,0
3,0,0.4096811,0
3,1,0.38347152,0
3,1,0.45835543,0
3,1,0.45847428,0
3,1,0.4796703,0
3,1,0.4962068,0
3,1,0.4754354,0
3,1,0.502752,1
3,1,0.44731954,0
3,1,0.45088258,0
3,0,0.2912134,0
3,0,0.32442644,0
3,0,0.3258996,0
3,0,0.32488078,0
3,0,0.3842678,0
3,0,0.36416784,0
3,0,0.38519257,0
3,0,0.37478703,0
3,0,0.3851555,0
3,0,0.5051637,1
3,0,0.5456925,1
3,0,0.533449,1
3,0,0.5428969,1
3,0,0.46630377,0
3,0,0.48425132,0
3,0,0.443,0
3,0,0.46000093,0
3,0,0.5054488,1
3,0,0.5006062,1
3,0,0.57120043,1
3,0,0.47448406,0
3,0,0.4767217,0
3,0,0.4441389,0
3,0,0.4266509,0
3,0,0.40407297,0
3,0,0.4123443,0
3,0,0.39326102,0
3,0,0.40710637,0
3,0,0.37918624,0
3,0,0.39585963,0
3,0,0.34691843,0
3,0,0.32741678,0
3,0,0.35125312,0
3,0,0.3270124,0
3,0,0.29476607,0
3,0,0.35647735,0
3,0,0.31009093,0
3,0,0.35022795,0
3,0,0.31756175,0
3,0,0.42226472,0
3,0,0.34252197,0
3,0,0.33209568,0
3,0,0.34009168,0
3,0,0.3667216,0
3,0,0.36535066,0
3,0,0.3220614,0
3,0,0.34844264,0
3,0,0.35244325,0
3,0,0.3905472,0
3,0,0.45664608,0
3,0,0.4921307,0
3,0,0.51806504,1
3,0,0.50985163,1
3,0,0.5488278,1
3,0,0.4888322,0
3,0,0.45478243,0
3,0,0.4481644,0
3,0,0.47712842,0
3,0,0.5017102,1
3,0,0.37922227,0
3,1,0.43614444,0
3,1,0.42739826,0
3,1,0.40581343,0
3,1,0.3885114,0
3,1,0.35299227,0
3,1,0.39962777,0
3,1,0.46337962,0
3,1,0.45235527,0
3,1,0.44944847,0
3,0,0.43760386,0
3,0,0.38366938,0
3,0,0.43661895,0
3,0,0.37776384,0
3,0,0.4394594,0
3,0,0.45306802,0
3,0,0.4152707,0
3,0,0.39175907,0
3,0,0.3621336,0
3,1,0.37288043,0
3,1,0.4583234,0
3,1,0.43417975,0
3,1,0.47317034,0
3,1,0.42051068,0
3,1,0.461841,0
3,1,0.45175287,0
3,1,0.4732148,0
3,1,0.40414256,0
3,0,0.43813235,0
3,0,0.3820537,0
3,0,0.47552663,0
3,0,0.43487108,0
3,0,0.44897074,0
3,0,0.55407983,1
3,0,0.13240871,0
3,0,0.13135953,0
3,0,0.11322109,0
3,0,0.10998361,0
3,0,0.11839654,0
3,0,0.11647063,0
3,0,0.11499432,0
3,0,0.13251133,0
3,0,0.12637016,0
3,0,0.14639638,0
3,0,0.14388089,0
3,0,0.12410107,0
3,0,0.13224682,0
3,0,0.1472746,0
3,0,0.1567306,0
3,0,0.17081375,0
3,0,0.15859787,0
3,0,0.16485028,0
3,0,0.17032176,0
3,0,0.1688923,0
3,0,0.1748824,0
3,0,0.18050112,0
3,0,0.2049855,0
3,0,0.18036348,0
3,0,0.18546945,0
3,0,0.17914204,0
3,0,0.18175875,0
3,0,0.19753657,0
3,0,0.20138873,0
3,0,0.2148692,0
3,0,0.20843032,0
3,0,0.19917896,0
3,0,0.20399328,0
3,0,0.2337593,0
3,0,0.20162214,0
3,1,0.2028266,0
3,1,0.19991687,0
3,1,0.22305308,0
3,1,0.20538034,0
3,1,0.23587449,0
3,1,0.20377085,0
3,1,0.20604382,0
3,1,0.21256304,0
3,1,0.22729477,0
3,0,0.23522039,0
3,0,0.2176152,0
3,0,0.20844702,0
3,0,0.21210429,0
3,0,0.22635101,0
3,0,0.2071583,0
3,0,0.17148864,0
3,0,0.17868124,0
3,0,0.1837322,0
3,0,0.14086558,0
3,0,0.13735262,0
3,0,0.13068604,0
3,0,0.13095708,0
3,0,0.14918366,0
3,0,0.1529852,0
3,0,0.1359021,0
3,0,0.17390168,0
3,0,0.14441414,0
3,0,0.14628832,0
3,0,0.15156205,0
3,0,0.13227826,0
3,0,0.15220088,0
3,0,0.14116396,0
3,0,0.17266616,0
3,0,0.15695527,0
3,0,0.15175653,0
3,0,0.17758083,0
3,0,0.1751313,0
3,0,0.17353255,0
3,0,0.15788513,0
3,0,0.1941915,0
3,0,0.21639451,0
3,0,0.18606214,0
3,0,0.18014011,0
3,0,0.17383052,0
3,0,0.18487795,0
3,0,0.15570031,0
3,0,0.15713215,0
3,0,0.15873514,0
3,0,0.17884122,0
3,0,0.16038093,0
3,0,0.12636222,0
3,0,0.13203204,0
3,0,0.14882872,0
3,0,0.12371426,0
3,0,0.123256095,0
3,0,0.13976607,0
3,0,0.12858735,0
3,0,0.09843002,0
3,0,0.10164887,0
3,0,0.11897679,0
3,0,0.12762214,0
3,0,0.15392254,0
3,0,0.13846171,0
3,0,0.15856424,0
3,0,0.18955018,0
3,0,0.17779256,0
3,0,0.19408701,0
3,0,0.18904972,0
3,0,0.1962178,0
3,0,0.19696163,0
3,0,0.19402933,0
3,0,0.21545473,0
3,0,0.19497147,0
3,0,0.20614108,0
3,0,0.19834895,0
3,0,0.21216318,0
3,0,0.21180348,0
3,0,0.20549847,0
3,0,0.2200507,0
3,0,0.23074503,0
3,0,0.20513518,0
3,0,0.21389227,0
3,0,0.23413952,0
3,0,0.22811623,0
3,0,0.20755333,0
3,0,0.20090535,0
3,0,0.21589197,0
3,0,0.2183128,0
3,0,0.18715629,0
3,0,0.22022767,0
3,0,0.20318116,0
3,0,0.16978909,0
3,0,0.16403347,0
3,0,0.20707309,0
3,0,0.14396961,0
3,0,0.15011598,0
3,0,0.14831012,0
3,0,0.147513,0
3,0,0.12291565,0
3,0,0.13600597,0
3,0,0.13392967,0
3,0,0.14371794,0
3,0,0.14106719,0
3,0,0.13793436,0
3,0,0.16950986,0
3,0,0.1789324,0
3,0,0.18775132,0
3,0,0.21955569,0
3,0,0.20856418,0
3,0,0.22183667,0
3,0,0.23512115,0
3,0,0.24265018,0
3,0,0.2618529,0
3,0,0.25758013,0
3,0,0.2602298,0
3,0,0.26104936,0
3,0,0.28377232,0
3,0,0.28172788,0
3,0,0.2925218,0
3,0,0.30156606,0
3,0,0.31819442,0
3,0,0.31672105,0
3,0,0.29020694,0
3,0,0.30708015,0
3,0,0.29277718,0
3,0,0.3119302,0
3,0,0.29472318,0
3,0,0.26938644,0
3,0,0.2903978,0
3,0,0.29987636,0
3,0,0.27987665,0
3,0,0.26936167,0
3,0,0.2731863,0
3,0,0.29643533,0
3,0,0.26905355,0
3,0,0.27714643,0
3,0,0.2864623,0
3,0,0.275499,0
3,0,0.22316243,0
3,1,0.24847944,0
3,1,0.24283732,0
3,1,0.23287608,0
3,1,0.24195366,0
3,1,0.24252729,0
3,1,0.26243874,0
3,1,0.2467463,0
3,1,0.2179716,0
3,1,0.22665602,0
3,1,0.21554336,0
3,1,0.20749208,0
3,1,0.2155654,0
3,1,0.24041384,0
3,1,0.21777023,0
3,1,0.21414599,0
3,1,0.23711367,0
3,1,0.22371179,0
3,1,0.21081646,0
3,1,0.24389535,0
3,1,0.26361308,0
3,1,0.22503418,0
3,1,0.25695214,0
3,1,0.25539014,0
3,1,0.2413969,0
3,1,0.2631613,0
3,1,0.2668625,0
3,1,0.2529198,0
3,0,0.23087467,0
3,0,0.22037812,0
3,0,0.21212175,0
3,0,0.17813845,0
3,0,0.1795786,0
3,0,0.15297881,0
3,0,0.1448471,0
3,0,0.14001,0
3,0,0.1305782,0
3,0,0.12899895,0
3,0,0.121214904,0
3,0,0.15369014,0
3,0,0.14376949,0
3,0,0.14778331,0
3,0,0.16805412,0
3,0,0.18098992,0
3,0,0.18635097,0
3,0,0.16610576,0
3,0,0.1690311,0
3,0,0.19160101,0
3,0,0.18094859,0
3,0,0.19762143,0
3,0,0.17741595,0
3,0,0.19003117,0
3,0,0.18851508,0
3,0,0.17022961,0
3,0,0.17638777,0
3,0,0.13515277,0
3,0,0.12690379,0
3,0,0.12910041,0
3,0,0.12284594,0
3,0,0.10606696,0
3,0,0.111336045,0
3,0,0.14505534,0
3,0,0.14074531,0
3,0,0.12228827,0
3,0,0.13804908,0
3,0,0.1661893,0
3,0,0.16077587,0
3,0,0.1671617,0
3,0,0.15899424,0
3,0,0.1672455,0
3,0,0.16339886,0
3,0,0.18026128,0
3,0,0.19134438,0
3,0,0.1647522,0
3,0,0.18224509,0
3,0,0.17243907,0
3,0,0.20686811,0
3,0,0.17627518,0
3,0,0.20355396,0
3,0,0.16485289,0
3,0,0.17603628,0
3,0,0.15925671,0
3,0,0.16961081,0
3,0,0.18978989,0
3,0,0.18426596,0
3,0,0.18811364,0
3,0,0.19353083,0
3,0,0.21108623,0
3,0,0.2195912,0
3,0,0.2147287,0
3,0,0.2507394,0
3,0,0.24186487,0
3,0,0.26311988,0
3,0,0.25274834,0
3,0,0.26065007,0
3,0,0.2901892,0
3,0,0.2800797,0
3,0,0.31568146,0
3,0,0.3126917,0
3,0,0.31497028,0
3,0,0.33324814,0
3,0,0.28741813,0
3,0,0.28951323,0
3,0,0.27260497,0
3,0,0.265717,0
3,0,0.26403016,0
3,0,0.24734172,0
3,0,0.24721171,0
3,0,0.25068116,0
3,0,0.2439742,0
3,0,0.26304093,0
3,0,0.261822,0
3,0,0.24766211,0
3,0,0.19251557,0
3,0,0.23179062,0
3,0,0.21732153,0
3,0,0.2009862,0
3,0,0.20014854,0
3,0,0.4701589,0
3,0,0.46967623,0
3,0,0.48550355,0
3,0,0.4877812,0
3,0,0.48143238,0
3,0,0.4963429,0
3,0,0.5122059,1
3,0,0.5295698,1
3,0,0.5408013,1
3,0,0.55488086,1
3,0,0.587764,1
3,0,0.5897007,1
3,0,0.49710667,0
3,0,0.5977187,1
3,0,0.6025448,1
3,0,0.5592039,1
3,0,0.532116,1
3,0,0.48135573,0
3,0,0.55990165,1
3,0,0.5035332,1
3,0,0.46194115,0
3,0,0.4598251,0
3,0,0.4560398,0
3,0,0.4226385,0
3,0,0.4276283,0
3,0,0.37568513,0
3,0,0.40781417,0
3,0,0.42730555,0
3,0,0.446465,0
3,0,0.45079228,0
3,0,0.43610087,0
3,0,0.41531292,0
3,0,0.41939563,0
3,0,0.4347352,0
3,0,0.46843255,0
3,0,0.48550132,0
3,0,0.5590047,1
3,0,0.55764157,1
3,0,0.5631014,1
3,0,0.578687,1
3,0,0.5498553,1
3,0,0.56064636,1
3,0,0.5543747,1
3,0,0.5157652,1
3,0,0.5245109,1
3,0,0.46737865,0
3,0,0.4828826,0
3,0,0.49777645,0
3,0,0.54890156,1
3,0,0.52423364,1
3,0,0.55325997,1
3,0,0.59163725,1
3,0,0.59058243,1
3,0,0.54228604,1
3,0,0.60412484,1
3,0,0.61948377,1
3,0,0.5734991,1
3,0,0.47443554,0
3,0,0.4552183,0
3,0,0.5112207,1
3,0,0.372471,0
3,0,0.4396415,0
3,0,0.44926408,0
3,0,0.2649765,0
3,0,0.28380316,0
3,0,0.35700396,0
3,0,0.32066473,0
3,0,0.30217522,0
3,0,0.32000673,0
3,0,0.1972605,0
3,0,0.1603505,0
3,0,0.28881904,0
3,0,0.2574754,0
3,0,0.2783558,0
3,0,0.3256471,0
3,0,0.4091302,0
3,0,0.3502369,0
3,0,0.33787718,0
3,0,0.35960734,0
3,0,0.39623767,0
3,0,0.36580426,0
3,0,0.34387597,0
3,0,0.40588945,0
3,0,0.38325384,0
3,0,0.35034585,0
3,0,0.3934194,0
3,0,0.36755177,0
3,0,0.3482191,0
3,0,0.32116038,0
3,0,0.36467406,0
3,0,0.37517393,0
3,0,0.32018337,0
3,0,0.34892392,0
3,0,0.33944145,0
3,0,0.36788955,0
3,0,0.34387743,0
3,0,0.36954814,0
3,0,0.34897363,0
3,0,0.368679,0
3,0,0.37114227,0
3,0,0.38367364,0
3,0,0.39994952,0
3,0,0.3495437,0
3,0,0.35697842,0
3,0,0.38786662,0
3,0,0.24829231,0
3,0,0.33064377,0
3,0,0.2523784,0
3,0,0.3158319,0
3,0,0.23384959,0
3,0,0.2713262,0
3,0,0.3423807,0
3,0,0.3334807,0
3,0,0.2553072,0
3,0,0.22270977,0
3,0,0.28740653,0
3,0,0.20227432,0
3,0,0.301427,0
3,0,0.22311802,0
3,0,0.22167747,0
3,0,0.3207113,0
3,0,0.2917979,0
3,0,0.35353833,0
3,0,0.35078877,0
3,0,0.3148577,0
3,0,0.40344474,0
3,0,0.40275428,0
3,0,0.45013002,0
3,0,0.44056448,0
3,0,0.42351255,0
3,0,0.41853717,0
3,0,0.47019535,0
3,0,0.4387449,0
3,0,0.4174415,0
3,0,0.42848274,0
3,0,0.43431002,0
3,0,0.44027135,0
3,0,0.46517387,0
3,0,0.43965742,0
3,0,0.3842857,0
3,0,0.43220818,0
3,0,0.40696678,0
3,0,0.38579985,0
3,0,0.43599764,0
3,0,0.37556738,0
3,0,0.39222926,0
3,0,0.4036612,0
3,0,0.38101748,0
3,0,0.40213674,0
3,0,0.40354657,0
3,0,0.38820812,0
3,0,0.3445229,0
3,0,0.39220628,0
3,0,0.3885308,0
3,0,0.38422036,0
3,0,0.44265226,0
3,0,0.34885398,0
3,0,0.34832314,0
3,0,0.31771252,0
3,0,0.42055663,0
3,0,0.31982586,0
3,0,0.4017651,0
3,0,0.3752838,0
3,0,0.29785845,0
3,0,0.2845937,0
3,0,0.27085555,0
3,0,0.28858775,0
3,0,0.26420015,0
3,0,0.29378554,0
3,0,0.23631933,0
3,0,0.16851789,0
3,0,0.19151795,0
3,0,0.27777398,0
3,0,0.17964694,0
3,0,0.2669903,0
3,0,0.27580586,0
3,0,0.3035997,0
3,0,0.22479118,0
3,0,0.16357577,0
3,0,0.27170104,0
3,0,0.21519458,0
3,0,0.27347124,0
3,0,0.29314652,0
3,0,0.20937927,0
3,0,0.2814849,0
3,0,0.283081,0
3,0,0.3321111,0
3,0,0.37651345,0
3,0,0.3886908,0
3,0,0.25773102,0
3,0,0.3385806,0
3,0,0.28331172,0
3,0,0.38876426,0
3,0,0.3664117,0
3,0,0.3533822,0
3,0,0.2781903,0
3,0,0.20585461,0
3,0,0.26459372,0
3,0,0.24658939,0
3,0,0.35419515,0
3,0,0.32038805,0
3,0,0.33951786,0
3,0,0.24352607,0
3,0,0.35548562,0
3,0,0.33451733,0
3,0,0.30075172,0
3,0,0.31247213,0
3,0,0.315073,0
3,0,0.2489563,0
3,0,0.3386023,0
3,0,0.39976078,0
3,0,0.4490427,0
3,0,0.45649132,0
3,0,0.50216335,1
3,0,0.4934861,0
3,0,0.50417453,1
3,0,0.54883397,1
3,0,0.5616136,1
3,0,0.5537179,1
3,1,0.52939194,1
3,1,0.48484856,0
3,1,0.4444617,0
3,1,0.53679854,1
3,1,0.49425188,0
3,1,0.48593843,0
3,1,0.4930702,0
3,1,0.49256238,0
3,1,0.36147258,0
3,0,0.5474325,1
3,0,0.53155315,1
3,0,0.5031802,1
3,0,0.5728524,1
3,0,0.56324667,1
3,0,0.52830845,1
3,0,0.61597866,1
3,0,0.49354836,0
3,0,0.49282065,0
3,0,0.5152347,1
3,0,0.5602541,1
3,0,0.41704232,0
3,0,0.46928722,0
3,0,0.5039796,1
3,0,0.54067945,1
3,0,0.50188184,1
3,0,0.51277256,1
3,0,0.5791723,1
3,0,0.41073403,0
3,0,0.4783,0
3,0,0.5104365,1
3,0,0.5553462,1
3,0,0.5613098,1
3,0,0.5093852,1
3,0,0.58216053,1
3,0,0.5422119,1
3,0,0.52991253,1
3,0,0.49977744,0
3,0,0.5162285,1
3,0,0.47726852,0
3,0,0.50423396,1
3,0,0.5411159,1
3,0,0.5147097,1
3,0,0.62247086,1
3,0,0.54969186,1
3,0,0.569577,1
3,0,0.65131867,1
3,0,0.56994736,1
3,0,0.5816054,1
3,0,0.5811306,1
3,0,0.5738251,1
3,0,0.53124595,1
3,0,0.56234676,1
3,0,0.5619895,1
3,0,0.5450534,1
3,0,0.48299462,0
3,0,0.49610105,0
3,0,0.5183322,1
3,0,0.4777202,0
3,0,0.47576597,0
3,0,0.49896765,0
3,0,0.49493593,0
3,0,0.5788457,1
3,0,0.49341968,0
3,0,0.49756476,0
3,0,0.49432656,0
3,0,0.47711182,0
3,0,0.52471286,1
3,0,0.5665991,1
3,0,0.53109,1
3,0,0.5026074,1
3,0,0.46542338,0
3,0,0.41260412,0
3,0,0.3457281,0
3,0,0.4473906,0
3,0,0.5293302,1
3,0,0.55509704,1
3,0,0.500863,1
3,0,0.47739935,0
3,0,0.25637645,0
3,0,0.31530407,0
3,0,0.40522325,0
3,0,0.3557139,0
3,0,0.3261582,0
3,0,0.37930703,0
3,0,0.20190899,0
3,0,0.27656654,0
3,0,0.3039329,0
3,0,0.40110886,0
3,0,0.36969098,0
3,0,0.28009188,0
3,0,0.25322676,0
3,0,0.20666872,0
3,0,0.32293877,0
3,0,0.4553875,0
3,0,0.40324977,0
3,0,0.5005642,1
3,0,0.49395812,0
3,0,0.53999317,1
3,0,0.5230201,1
3,0,0.48513457,0
3,0,0.59426636,1
3,0,0.5282984,1
3,0,0.6422669,1
3,0,0.64332646,1
3,0,0.6457078,1
3,0,0.6388181,1
3,0,0.62560695,1
3,0,0.62238795,1
3,0,0.63990104,1
3,0,0.64173377,1
3,0,0.621707,1
3,0,0.6086175,1
3,0,0.6104735,1
3,0,0.6222469,1
3,0,0.6044903,1
3,0,0.59748095,1
3,0,0.5751804,1
3,0,0.55722386,1
3,0,0.54493093,1
3,0,0.50309175,1
3,0,0.502496,1
3,0,0.50044423,1
3,0,0.49250078,0
3,0,0.46731064,0
3,0,0.4600656,0
3,0,0.4644853,0
3,0,0.46160462,0
3,0,0.61462134,1
3,0,0.55976963,1
3,0,0.56796753,1
3,0,0.550484,1
3,0,0.5224902,1
3,0,0.50516367,1
3,0,0.4692839,0
3,0,0.45850858,0
3,0,0.43165907,0
3,0,0.40845627,0
3,0,0.40674463,0
3,0,0.39170426,0
3,0,0.377057,0
3,0,0.38376883,0
3,0,0.37506548,0
3,0,0.3624635,0
3,0,0.3405966,0
3,0,0.32090917,0
3,0,0.353522,0
3,0,0.33506235,0
3,0,0.364908,0
3,0,0.3522767,0
3,0,0.36246553,0
3,0,0.36683777,0
3,0,0.39258248,0
3,0,0.39934006,0
3,0,0.42307204,0
3,0,0.38925314,0
3,0,0.41153842,0
3,0,0.4030162,0
3,0,0.4148791,0
3,0,0.41312546,0
3,0,0.42656156,0
3,0,0.42974588,0
3,0,0.44138256,0
3,0,0.4737049,0
3,0,0.47081515,0
3,0,0.4565292,0
3,0,0.4943305,0
3,0,0.5043494,1
3,0,0.5260027,1
3,0,0.5383378,1
3,0,0.5404558,1
3,0,0.57211286,1
3,0,0.55066997,1
3,0,0.6073746,1
3,0,0.5773051,1
3,0,0.5717354,1
3,0,0.5466941,1
3,0,0.53717786,1
3,0,0.5158139,1
3,0,0.5414196,1
3,0,0.5375826,1
3,0,0.50869524,1
3,0,0.50153756,1
3,0,0.5263861,1
3,0,0.50643885,1
3,0,0.47340563,0
3,0,0.48199427,0
3,0,0.5033342,1
3,0,0.46565202,0
3,0,0.45032385,0
3,0,0.4654086,0
3,0,0.45710206,0
3,0,0.44626218,0
3,0,0.4650108,0
3,0,0.45825818,0
3,0,0.45517904,0
3,0,0.45162293,0
3,0,0.485721,0
3,0,0.4655533,0
3,0,0.47284517,0
3,0,0.51105106,1
3,0,0.4158375,0
3,0,0.46814272,0
3,0,0.4728904,0
3,0,0.44247624,0
3,0,0.43950343,0
3,0,0.43259266,0
3,0,0.43499258,0
3,0,0.45361307,0
3,0,0.45963335,0
3,0,0.47664368,0
3,0,0.5255345,1
3,0,0.5276286,1
3,0,0.4853257,0
3,0,0.50369453,1
3,0,0.55570567,1
3,0,0.52079654,1
3,0,0.5031936,1
3,0,0.53220683,1
3,0,0.48573065,0
3,0,0.4860077,0
3,0,0.45570567,0
3,0,0.4850567,0
3,0,0.49915546,0
3,0,0.47993308,0
3,0,0.47452822,0
3,0,0.4549373,0
3,0,0.47233057,0
3,0,0.4339865,0
3,0,0.4762053,0
3,0,0.42921305,0
3,0,0.410802,0
3,0,0.4217052,0
3,0,0.4180531,0
3,0,0.42174152,0
3,0,0.42613113,0
3,0,0.4184054,0
3,0,0.46087688,0
3,0,0.4118263,0
3,0,0.4320385,0
3,0,0.4184275,0
3,0,0.4236071,0
3,0,0.46666962,0
3,1,0.6460144,1
3,1,0.6418443,1
3,1,0.6620098,1
3,1,0.6549937,1
3,1,0.62951475,1
3,1,0.6048668,1
3,1,0.6142471,1
3,1,0.57539153,1
3,1,0.552641,1
3,1,0.518579,1
3,1,0.47209948,0
3,1,0.4049519,0
3,1,0.4020796,0
3,1,0.35521492,0
3,1,0.34670636,0
3,1,0.2717758,0
3,1,0.25553057,0
3,1,0.24371226,0
3,1,0.2133492,0
3,1,0.19592951,0
3,1,0.44572675,0
3,1,0.46755356,0
3,1,0.5242815,1
3,1,0.52648735,1
3,1,0.53645086,1
3,1,0.54513377,1
3,1,0.56107944,1
3,1,0.5742143,1
3,1,0.57882196,1
3,1,0.5824576,1
3,1,0.6081215,1
3,1,0.6047762,1
3,1,0.5883407,1
3,1,0.5855148,1
3,1,0.5804113,1
3,1,0.5913029,1
3,1,0.54233646,1
3,1,0.5436667,1
3,1,0.5250021,1
3,1,0.50420666,1
3,1,0.47828752,0
3,1,0.42540416,0
3,1,0.41742003,0
3,1,0.3945923,0
3,1,0.38585067,0
3,1,0.39387712,0
3,1,0.43281826,0
3,1,0.46318793,0
3,1,0.50547343,1
3,1,0.50862205,1
3,1,0.56396294,1
3,1,0.59314036,1
3,1,0.5576072,1
3,1,0.53560364,1
3,1,0.49654728,0
3,1,0.43267003,0
3,1,0.4412495,0
3,1,0.4560606,0
3,1,0.38329747,0
4,0,0.5313618,1
4,0,0.6016849,1
4,0,0.591426,1
4,0,0.58080494,1
4,0,0.5482292,1
4,0,0.68399554,1
4,0,0.68364096,1
4,0,0.6596637,1
4,0,0.62973547,1
4,0,0.72668463,1
4,0,0.66865194,1
4,0,0.7092334,1
4,0,0.6616084,1
4,0,0.71385556,1
4,0,0.64046603,1
4,0,0.59644055,1
4,0,0.5590709,1
4,0,0.5701,1
4,0,0.5105904,1
4,0,0.49174798,0
4,0,0.45242548,0
4,0,0.42715028,0
4,0,0.4126095,0
4,0,0.40126342,0
4,0,0.4215729,0
4,0,0.4560716,0
4,0,0.43209463,0
4,0,0.44594413,0
4,0,0.42974916,0
4,0,0.4677416,0
4,0,0.41931126,0
4,0,0.41547945,0
4,0,0.44504997,0
4,0,0.44455215,0
4,0,0.43427685,0
4,0,0.4549243,0
4,0,0.45907724,0
4,0,0.4428039,0
4,0,0.50422156,1
4,0,0.47754604,0
4,0,0.4867702,0
4,0,0.43938616,0
4,0,0.43940547,0
4,0,0.4168425,0
4,0,0.63765484,1
4,0,0.63382757,1
4,0,0.61421084,1
4,0,0.60467315,1
4,0,0.63636225,1
4,0,0.6293322,1
4,0,0.6726163,1
4,0,0.6373924,1
4,0,0.62214947,1
4,1,0.5763294,1
4,1,0.5631935,1
4,1,0.5635259,1
4,1,0.54400855,1
4,1,0.5354551,1
4,1,0.54819393,1
4,1,0.5880021,1
4,1,0.62552565,1
4,1,0.651081,1
4,0,0.06749686,0
4,0,0.06446582,0
4,0,0.06413669,0
4,0,0.060311235,0
4,0,0.060255967,0
4,0,0.061461095,0
4,0,0.06772121,0
4,0,0.07091691,0
4,0,0.079694465,0
4,0,0.068915844,0
4,0,0.07168098,0
4,0,0.080497354,0
4,0,0.07126288,0
4,0,0.071977295,0
4,0,0.0789633,0
4,0,0.06806707,0
4,0,0.07486621,0
4,0,0.071719676,0
4,0,0.101738244,0
4,0,0.09015688,0
4,0,0.094095625,0
4,0,0.08784655,0
4,0,0.09896532,0
4,0,0.09575975,0
4,0,0.10546367,0
4,0,0.09988187,0
4,0,0.09488569,0
4,0,0.09734996,0
4,0,0.09106755,0
4,0,0.09021435,0
4,1,0.42563313,0
4,1,0.4401394,0
4,1,0.41752714,0
4,1,0.4083916,0
4,1,0.4465464,0
4,1,0.41378093,0
4,1,0.42920738,0
4,1,0.39995083,0
4,1,0.38218495,0
4,1,0.38787866,0
4,1,0.4043643,0
4,1,0.3987957,0
4,1,0.39030194,0
4,1,0.40191433,0
4,1,0.41333863,0
4,1,0.39897066,0
4,1,0.43052706,0
4,1,0.43483034,0
4,1,0.42714655,0
4,1,0.41964105,0
4,1,0.43464035,0
4,1,0.43691692,0
4,1,0.41461197,0
4,1,0.42295915,0
4,1,0.41620728,0
4,1,0.7594119,1
4,1,0.7704988,1
4,1,0.7589959,1
4,1,0.76494634,1
4,1,0.7719439,1
4,1,0.78017145,1
4,1,0.75860476,1
4,1,0.77199703,1
4,1,0.76865155,1
4,1,0.7431857,1
4,1,0.75398576,1
4,1,0.7439472,1
4,1,0.7415522,1
4,1,0.7260132,1
4,1,0.7138964,1
4,1,0.74730664,1
4,1,0.5295296,1
4,1,0.5044268,1
4,1,0.5258167,1
4,1,0.5154707,1
4,1,0.49046832,0
4,1,0.48029777,0
4,1,0.49896368,0
4,1,0.47304446,0
4,1,0.45042017,0
4,1,0.43307403,0
4,1,0.4126007,0
4,1,0.38548684,0
4,1,0.385131,0
4,1,0.42860362,0
4,1,0.38479483,0
4,1,0.39442515,0
4,1,0.39191243,0
4,1,0.4052587,0
4,1,0.38733843,0
4,1,0.40683195,0
4,1,0.42237142,0
4,1,0.41989893,0
4,1,0.40080914,0
4,1,0.41077876,0
4,1,0.4284858,0
4,1,0.413632,0
4,1,0.43351263,0
4,1,0.4307015,0
4,0,0.59970677,1
4,0,0.5737744,1
4,0,0.57816213,1
4,0,0.5599769,1
4,0,0.5835639,1
4,0,0.566494,1
4,0,0.5608037,1
4,0,0.57650036,1
4,0,0.5947291,1
4,0,0.59106404,1
4,0,0.5466572,1
4,0,0.56708515,1
4,0,0.49545008,0
4,0,0.5246763,1
4,0,0.5622702,1
4,0,0.5490507,1
4,0,0.553333,1
4,0,0.5236256,1
4,0,0.5427631,1
4,0,0.5076248,1
4,0,0.50800604,1
4,0,0.5092538,1
4,0,0.531007,1
4,0,0.5089153,1
4,0,0.36679563,0
4,0,0.36383754,0
4,0,0.38003016,0
4,0,0.38254946,0
4,0,0.41759488,0
4,0,0.4410745,0
4,0,0.44268873,0
4,0,0.43163335,0
4,0,0.44719088,0
4,0,0.5046719,1
4,0,0.55910754,1
4,0,0.5524839,1
4,0,0.60648894,1
4,0,0.6096495,1
4,0,0.59595263,1
4,0,0.59634656,1
4,0,0.6227765,1
4,0,0.5954993,1
4,1,0.5034904,1
4,1,0.547611,1
4,1,0.51755244,1
4,1,0.53181696,1
4,1,0.5090953,1
4,1,0.56013685,1
4,1,0.4985637,0
4,1,0.4821721,0
4,1,0.5397154,1
4,1,0.5468491,1
4,1,0.5173952,1
4,1,0.5297307,1
4,1,0.5319555,1
4,1,0.5281091,1
4,1,0.5491618,1
4,1,0.57630247,1
4,1,0.5881821,1
4,1,0.52507,1
4,0,0.74774766,1
4,0,0.78762925,1
4,0,0.74618906,1
4,0,0.78393006,1
4,0,0.7721437,1
4,0,0.729304,1
4,0,0.7037915,1
4,0,0.7288916,1
4,0,0.6972643,1
4,1,0.7253167,1
4,1,0.76374495,1
4,1,0.7393627,1
4,1,0.7681089,1
4,1,0.7861581,1
4,1,0.76735175,1
4,1,0.7886393,1
4,1,0.79132617,1
4,1,0.7871672,1
4,0,0.7671499,1
4,0,0.79836124,1
4,0,0.77310956,1
4,0,0.7933427,1
4,0,0.80773646,1
4,0,0.7896841,1
4,0,0.79925346,1
4,0,0.7917928,1
4,0,0.80302423,1
4,0,0.3742366,0
4,0,0.370519,0
4,0,0.39644766,0
4,0,0.4261904,0
4,0,0.46483812,0
4,0,0.4630688,0
4,0,0.4889659,0
4,0,0.51558536,1
4,0,0.52118796,1
4,0,0.5208908,1
4,0,0.5350023,1
4,0,0.5300912,1
4,0,0.5370379,1
4,0,0.44970098,0
4,0,0.5474549,1
4,0,0.5433169,1
4,0,0.5189152,1
4,0,0.50866157,1
4,0,0.48789096,0
4,0,0.43871546,0
4,0,0.4562592,0
4,0,0.4403069,0
4,0,0.42354473,0
4,0,0.43069673,0
4,0,0.39246523,0
4,0,0.42714784,0
4,0,0.4499697,0
4,0,0.43696064,0
4,0,0.4254831,0
4,0,0.4572885,0
4,0,0.49185923,0
4,0,0.45111808,0
4,0,0.5125678,1
4,0,0.5641857,1
4,0,0.57441044,1
4,0,0.5877049,1
4,0,0.62934965,1
4,0,0.662735,1
4,0,0.7248635,1
4,0,0.729421,1
4,0,0.76799625,1
4,0,0.77049214,1
4,0,0.76881176,1
4,0,0.7713482,1
4,0,0.7697505,1
4,0,0.77059615,1
4,0,0.7659714,1
4,0,0.76336116,1
4,0,0.7626941,1
4,0,0.7593811,1
4,0,0.7638764,1
4,0,0.770788,1
4,0,0.7718726,1
4,0,0.74333644,1
4,0,0.7006513,1
4,0,0.69847435,1
4,0,0.65655994,1
4,0,0.65218663,1
4,0,0.66502297,1
4,0,0.6603662,1
4,0,0.6502727,1
4,0,0.657877,1
4,0,0.6585542,1
4,0,0.6608946,1
4,0,0.65629745,1
4,0,0.6632544,1
4,0,0.6611239,1
4,0,0.6448071,1
4,0,0.66568595,1
4,0,0.58659303,1
4,0,0.58700216,1
4,0,0.63138276,1
4,0,0.6322655,1
4,0,0.63867897,1
4,0,0.64372593,1
4,0,0.61710936,1
4,0,0.5846121,1
4,0,0.5686855,1
4,0,0.53377545,1
4,0,0.51847047,1
4,0,0.5212712,1
4,0,0.5165974,1
4,0,0.5150827,1
4,0,0.47111073,0
4,0,0.4567666,0
4,0,0.47500175,0
4,0,0.4975163,0
4,0,0.44083723,0
4,0,0.40780506,0
4,0,0.47405207,0
4,0,0.47189853,0
4,0,0.4666982,0
4,0,0.46796635,0
4,0,0.4942787,0
4,0,0.46195132,0
4,0,0.45423368,0
4,0,0.47243413,0
4,0,0.5177238,1
4,0,0.48643488,0
4,0,0.505775,1
4,0,0.5865592,1
4,0,0.6170464,1
4,0,0.61334044,1
4,0,0.67785764,1
4,0,0.7102029,1
4,0,0.6833674,1
4,0,0.72496927,1
4,0,0.7601635,1
4,0,0.7587952,1
4,0,0.7700203,1
4,0,0.778279,1
4,0,0.76408076,1
4,1,0.7672849,1
4,1,0.7743596,1
4,1,0.7824494,1
4,1,0.7648526,1
4,1,0.7747246,1
4,1,0.77522355,1
4,1,0.76090616,1
4,1,0.76403505,1
4,1,0.76236224,1
4,0,0.7602671,1
4,0,0.7494606,1
4,0,0.73647994,1
4,0,0.7649983,1
4,0,0.72906315,1
4,0,0.68029535,1
4,0,0.7061249,1
4,0,0.65154225,1
4,0,0.55978453,1
4,0,0.5749401,1
4,0,0.5549621,1
4,0,0.49544802,0
4,0,0.54231495,1
4,0,0.55859274,1
4,0,0.51253366,1
4,0,0.5690089,1
4,0,0.60068953,1
4,0,0.59245735,1
4,0,0.6137946,1
4,0,0.5949003,1
4,0,0.6113124,1
4,0,0.6206546,1
4,0,0.6155804,1
4,0,0.6059194,1
4,0,0.604189,1
4,0,0.59425193,1
4,0,0.61499137,1
4,0,0.64250225,1
4,0,0.6198167,1
4,0,0.6382057,1
4,0,0.6674041,1
4,0,0.64142996,1
4,0,0.6688146,1
4,0,0.61424005,1
4,1,0.78843975,1
4,1,0.78305393,1
4,1,0.78411204,1
4,1,0.7881868,1
4,1,0.7848525,1
4,1,0.7907409,1
4,1,0.78275216,1
4,1,0.7835977,1
4,1,0.78168684,1
4,1,0.77650124,1
4,1,0.77580315,1
4,1,0.77969867,1
4,1,0.77158976,1
4,1,0.7884026,1
4,1,0.7710721,1
4,1,0.7720096,1
4,1,0.78043103,1
4,1,0.7760982,1
4,1,0.5642063,1
4,1,0.61384535,1
4,1,0.5888908,1
4,1,0.622136,1
4,1,0.6569565,1
4,1,0.6408446,1
4,1,0.66357917,1
4,1,0.6258216,1
4,1,0.6440563,1
4,1,0.6808663,1
4,1,0.6686753,1
4,1,0.7083627,1
4,1,0.6940814,1
4,1,0.67508733,1
4,1,0.6801401,1
4,1,0.7057283,1
4,1,0.7415629,1
4,1,0.64977336,1
4,1,0.65564436,1
4,1,0.7028162,1
4,1,0.6327616,1
4,1,0.63227254,1
4,1,0.65789133,1
4,0,0.75764936,1
4,0,0.7470789,1
4,0,0.73717374,1
4,0,0.73518014,1
4,0,0.76345915,1
4,0,0.74307764,1
4,0,0.7358123,1
4,0,0.75038475,1
4,0,0.7729758,1
4,0,0.73083586,1
4,0,0.7358101,1
4,0,0.73876774,1
4,0,0.68630517,1
4,0,0.67852896,1
4,0,0.6721539,1
4,0,0.70841825,1
4,0,0.7542956,1
4,0,0.7551807,1
4,0,0.7387562,1
4,0,0.7556289,1
4,0,0.71412736,1
4,0,0.700722,1
4,0,0.6158898,1
4,0,0.6344416,1
4,0,0.6473105,1
4,0,0.6366072,1
4,0,0.6697575,1
4,0,0.64556086,1
4,0,0.6803942,1
4,0,0.72265714,1
4,0,0.7069935,1
4,0,0.66991353,1
4,0,0.65582675,1
4,0,0.7066651,1
4,0,0.66419303,1
4,0,0.70141196,1
4,0,0.68634,1
4,0,0.6482781,1
4,0,0.68179494,1
4,1,0.6228295,1
4,1,0.71556705,1
4,1,0.70544076,1
4,1,0.685705,1
4,1,0.63423043,1
4,1,0.6695191,1
4,1,0.68230873,1
4,1,0.6222852,1
4,1,0.6489036,1
4,1,0.59103197,1
4,1,0.5962237,1
4,1,0.47810736,0
4,1,0.5416121,1
4,1,0.455685,0
4,1,0.5019944,1
4,0,0.5011895,1
4,0,0.4365031,0
4,0,0.40280837,0
4,0,0.40914285,0
4,0,0.39777076,0
4,0,0.3553455,0
4,0,0.37049943,0
4,0,0.37135273,0
4,0,0.35231552,0
4,0,0.32364255,0
4,0,0.3434005,0
4,0,0.3633725,0
4,0,0.35834453,0
4,0,0.35089925,0
4,0,0.34263915,0
4,0,0.33008096,0
4,0,0.39517304,0
4,0,0.3779549,0
4,0,0.39825186,0
4,0,0.41001698,0
4,0,0.36803368,0
4,0,0.3529646,0
4,0,0.3748368,0
4,0,0.34225067,0
4,0,0.3415461,0
4,0,0.35435086,0
4,0,0.33549637,0
4,0,0.35129887,0
4,0,0.3795963,0
4,0,0.33152482,0
4,1,0.32147995,0
4,1,0.33195636,0
4,1,0.3387675,0
4,1,0.3508077,0
4,1,0.40737873,0
4,1,0.37987277,0
4,1,0.43051508,0
4,1,0.4472689,0
4,1,0.4256088,0
4,1,0.42602828,0
4,1,0.50058365,1
4,1,0.4609833,0
4,1,0.5864343,1
4,1,0.53273803,1
4,1,0.5743328,1
4,0,0.4549243,0
4,0,0.45907724,0
4,0,0.4428039,0
4,0,0.50422156,1
4,0,0.47754604,0
4,0,0.4867702,0
4,0,0.43938616,0
4,0,0.43940547,0
4,0,0.4168425,0
4,0,0.4446558,0
4,0,0.4227911,0
4,0,0.47383624,0
4,0,0.46986517,0
4,1,0.46649146,0
4,1,0.4793955,0
4,1,0.47266763,0
4,1,0.4665722,0
4,1,0.46743286,0
4,1,0.47600946,0
4,1,0.46962246,0
4,1,0.44577113,0
4,1,0.44142812,0
4,0,0.4102277,0
4,0,0.4428245,0
4,0,0.42817688,0
4,0,0.45009714,0
4,0,0.41449267,0
4,0,0.43447608,0
4,0,0.4435392,0
4,0,0.4373855,0
4,0,0.41946897,0
4,0,0.43797776,0
4,0,0.40325844,0
4,0,0.42982352,0
4,0,0.43758193,0
4,0,0.4388308,0
4,0,0.45305198,0
4,0,0.47747907,0
4,0,0.5066092,1
4,0,0.46303082,0
4,0,0.4989292,0
4,1,0.47972518,0
4,1,0.44956002,0
4,1,0.45901954,0
4,1,0.46684885,0
4,1,0.4416284,0
4,1,0.4126648,0
4,1,0.42659813,0
4,1,0.4048375,0
4,1,0.39916566,0
4,1,0.38262486,0
4,1,0.3952092,0
4,1,0.4262164,0
4,1,0.4366676,0
4,1,0.4572481,0
4,0,0.46478307,0
4,0,0.43059695,0
4,0,0.46087918,0
4,0,0.41162857,0
4,0,0.45476982,0
4,0,0.4491128,0
4,0,0.41098887,0
4,0,0.42359897,0
4,0,0.41348645,0
4,0,0.43253833,0
4,0,0.46701965,0
4,0,0.5062672,1
4,0,0.5181716,1
4,0,0.48377088,0
4,0,0.5194675,1
4,0,0.51793444,1
4,0,0.488394,0
4,0,0.50860995,1
4,0,0.5550845,1
4,0,0.5804019,1
4,0,0.62678266,1
4,0,0.6031923,1
4,0,0.6149713,1
4,0,0.6542197,1
4,0,0.6821192,1
4,0,0.46629468,0
4,0,0.38744178,0
4,0,0.44791526,0
4,0,0.39225358,0
4,0,0.36254466,0
4,0,0.36319688,0
4,0,0.35500234,0
4,0,0.3591541,0
4,0,0.3753697,0
4,0,0.39250997,0
4,0,0.40149584,0
4,0,0.47845203,0
4,0,0.4417609,0
4,0,0.5024674,1
4,0,0.5317706,1
4,0,0.49520063,0
4,0,0.50502187,1
4,0,0.5926886,1
4,0,0.54605955,1
4,0,0.6835492,1
4,0,0.62445325,1
4,1,0.722121,1
4,1,0.6773621,1
4,1,0.71393573,1
4,1,0.7206861,1
4,1,0.72283566,1
4,1,0.7289502,1
4,1,0.6858809,1
4,1,0.74514383,1
4,1,0.7407484,1
4,1,0.80279934,1
4,1,0.7044896,1
4,1,0.6884308,1
4,1,0.7719641,1
4,0,0.6745399,1
4,0,0.7030746,1
4,0,0.7087653,1
4,0,0.71555275,1
4,0,0.65112394,1
4,0,0.65470815,1
4,0,0.72254014,1
4,0,0.6473226,1
4,0,0.71864593,1
4,0,0.707701,1
4,0,0.6881539,1
4,1,0.68706006,1
4,1,0.76994246,1
4,1,0.7968058,1
4,1,0.7884123,1
4,1,0.758748,1
4,1,0.7996619,1
4,1,0.79164475,1
4,1,0.8135591,1
4,1,0.78482646,1
4,1,0.8057735,1
4,1,0.78078413,1
4,0,0.71559525,1
4,0,0.6894912,1
4,0,0.7087434,1
4,0,0.6494718,1
4,0,0.6183337,1
4,0,0.5750105,1
4,0,0.53947073,1
4,0,0.51238203,1
4,0,0.49440125,0
4,0,0.51605296,1
4,0,0.5620828,1
4,0,0.52705127,1
4,0,0.54270667,1
4,0,0.5195943,1
4,0,0.572285,1
4,0,0.50855553,1
4,1,0.4926091,0
4,1,0.55057806,1
4,1,0.55568635,1
4,1,0.5280396,1
4,1,0.5393174,1
4,1,0.5413022,1
4,1,0.5372564,1
4,0,0.5842846,1
4,0,0.5990257,1
4,0,0.534357,1
4,0,0.5511907,1
4,0,0.5332175,1
4,0,0.54733396,1
4,0,0.5904065,1
4,0,0.5841929,1
4,0,0.594504,1
4,0,0.5532388,1
4,0,0.5776769,1
4,0,0.55600506,1
4,0,0.5500812,1
4,0,0.54411817,1
4,0,0.5566663,1
4,1,0.47678372,0
4,1,0.47919515,0
4,1,0.49074918,0
4,1,0.47740525,0
4,1,0.5083375,1
4,1,0.5082545,1
4,1,0.54322714,1
4,1,0.521507,1
4,1,0.52071726,1
4,0,0.68310046,1
4,0,0.6875567,1
4,0,0.7059618,1
4,0,0.7255092,1
4,0,0.6485858,1
4,0,0.6723203,1
4,0,0.6628456,1
4,0,0.6966985,1
4,0,0.7294894,1
4,0,0.7119201,1
4,0,0.72302365,1
4,0,0.709846,1
4,1,0.68959135,1
4,1,0.71966773,1
4,1,0.6917639,1
4,1,0.69915557,1
4,1,0.717069,1
4,1,0.7398668,1
4,1,0.70439816,1
4,1,0.68685013,1
4,1,0.71342033,1
4,0,0.7056808,1
4,0,0.7081272,1
4,0,0.73697704,1
4,0,0.753633,1
4,0,0.7264834,1
4,0,0.694205,1
4,0,0.7686089,1
4,0,0.68518484,1
4,0,0.6658863,1
4,0,0.6573735,1
4,0,0.6651343,1
4,0,0.6294952,1
4,0,0.63942754,1
4,0,0.62775046,1
4,0,0.6356675,1
4,0,0.6318947,1
4,0,0.673922,1
4,0,0.6541882,1
4,0,0.6799654,1
4,0,0.6711146,1
4,0,0.6783766,1
4,0,0.64729816,1
4,0,0.65212274,1
4,0,0.6190514,1
4,0,0.64629966,1
4,0,0.6452639,1
4,0,0.6070436,1
4,1,0.632146,1
4,1,0.61720526,1
4,1,0.5998176,1
4,1,0.5767584,1
4,1,0.57159275,1
4,1,0.5843326,1
4,1,0.6316595,1
4,1,0.6563894,1
4,1,0.6640893,1
4,0,0.6467264,1
4,0,0.65876275,1
4,0,0.6787016,1
4,0,0.66647756,1
4,0,0.70887214,1
4,0,0.73201704,1
4,0,0.71000123,1
4,0,0.71414644,1
4,0,0.68086994,1
4,0,0.72085005,1
4,0,0.76574653,1
4,0,0.7420738,1
4,0,0.7746771,1
4,0,0.791748,1
4,0,0.7672379,1
4,0,0.7760945,1
4,0,0.7787393,1
4,0,0.77797693,1
4,0,0.784911,1
4,0,0.77498615,1
4,0,0.78690934,1
4,0,0.7765902,1
4,0,0.7871945,1
4,0,0.7933156,1
4,0,0.77657354,1
4,0,0.6900281,1
4,0,0.6845619,1
4,0,0.6865242,1
4,0,0.6765183,1
4,0,0.6983185,1
4,0,0.69580996,1
4,0,0.6927419,1
4,0,0.68065596,1
4,0,0.692089,1
4,0,0.68628263,1
4,0,0.6760378,1
4,0,0.67370945,1
4,0,0.64173555,1
4,0,0.6161924,1
4,0,0.60652566,1
4,0,0.60321593,1
4,0,0.59683686,1
4,0,0.57812595,1
4,0,0.5738529,1
4,0,0.56378436,1
4,0,0.5483182,1
4,0,0.5512607,1
4,0,0.5567613,1
4,0,0.56118506,1
4,0,0.57190454,1
4,0,0.59132713,1
4,0,0.6144815,1
4,0,0.6146159,1
4,0,0.63552594,1
4,0,0.65411645,1
4,1,0.6714237,1
4,1,0.69029135,1
4,1,0.6957402,1
4,1,0.69389695,1
4,1,0.6989482,1
4,1,0.69788367,1
4,1,0.7059457,1
4,1,0.70358837,1
4,1,0.71175987,1
4,1,0.70810336,1
4,0,0.70880306,1
4,0,0.7041385,1
4,0,0.7057737,1
4,0,0.7079549,1
4,0,0.70079523,1
4,0,0.7021269,1
4,0,0.70599,1
4,0,0.70427257,1
4,0,0.69835067,1
4,0,0.7007471,1
4,0,0.70586437,1
4,0,0.7022581,1
4,0,0.70384926,1
4,0,0.70575345,1
4,0,0.7075528,1
4,0,0.70538765,1
4,0,0.7028731,1
4,0,0.7126718,1
4,0,0.7089663,1
4,0,0.70402235,1
4,0,0.70909345,1
4,0,0.70928985,1
4,0,0.7061322,1
4,0,0.70822763,1
4,0,0.70388955,1
4,0,0.6991205,1
4,0,0.70251507,1
4,0,0.7046401,1
4,0,0.69737834,1
4,0,0.6962102,1
4,1,0.5549822,1
4,1,0.52013123,1
4,1,0.52379876,1
4,1,0.5501957,1
4,1,0.5355844,1
4,1,0.51314545,1
4,1,0.5111306,1
4,1,0.5197352,1
4,1,0.5200286,1
4,0,0.5023944,1
4,0,0.49894476,0
4,0,0.5064346,1
4,0,0.48219228,0
4,0,0.485649,0
4,0,0.45983517,0
4,0,0.46178338,0
4,0,0.45583278,0
4,0,0.4600633,0
4,0,0.46665803,0
4,0,0.49955776,0
4,0,0.44947332,0
4,0,0.43050805,0
4,0,0.429879,0
4,0,0.3727627,0
4,0,0.29271087,0
4,0,0.30609584,0
4,0,0.25372612,0
4,1,0.47384775,0
4,1,0.41938648,0
4,1,0.42057344,0
4,1,0.30658132,0
4,1,0.33246177,0
4,1,0.28350526,0
4,1,0.34053063,0
4,1,0.33887535,0
4,1,0.2497468,0
5,0,0.030265234,0
5,0,0.027643412,0
5,0,0.029821863,0
5,0,0.032153018,0
5,0,0.02852076,0
5,0,0.027830912,0
5,0,0.027001057,0
5,0,0.029212646,0
5,0,0.03023032,0
5,0,0.024104992,0
5,0,0.02694689,0
5,0,0.024420705,0
5,0,0.023529591,0
5,0,0.026627475,0
5,0,0.030413933,0
5,0,0.026225062,0
5,0,0.028298348,0
5,0,0.02684763,0
5,0,0.031223778,0
5,0,0.0327361,0
5,0,0.033003885,0
5,0,0.032035094,0
5,0,0.03360725,0
5,0,0.034026105,0
5,0,0.032658946,0
5,0,0.03444959,0
5,0,0.034959067,0
5,0,0.037491985,0
5,0,0.03192403,0
5,0,0.032312624,0
5,0,0.03713646,0
5,0,0.038005725,0
5,0,0.029583583,0
5,0,0.027065305,0
5,0,0.03158542,0
5,0,0.029859437,0
5,0,0.03066813,0
5,0,0.035185535,0
5,0,0.035702594,0
5,0,0.039681856,0
5,0,0.05167219,0
5,0,0.04629828,0
5,0,0.05155719,0
5,0,0.05118564,0
5,0,0.05586752,0
5,0,0.069206126,0
5,0,0.066684395,0
5,0,0.06651573,0
5,0,0.0814075,0
5,0,0.082671724,0
5,0,0.07212503,0
5,0,0.070604324,0
5,0,0.06414406,0
5,0,0.06550564,0
5,0,0.06321445,0
5,0,0.068943255,0
5,0,0.075313434,0
5,0,0.068673834,0
5,0,0.06516387,0
5,0,0.07941399,0
5,0,0.05869836,0
5,0,0.053875126,0
5,0,0.056544065,0
5,0,0.04676302,0
5,0,0.044958938,0
5,0,0.04370805,0
5,0,0.05487049,0
5,0,0.057475567,0
5,0,0.048877995,0
5,0,0.053759873,0
5,0,0.076491416,0
5,0,0.062555954,0
5,0,0.0543682,0
5,0,0.055375554,0
5,0,0.06245546,0
5,0,0.066050254,0
5,0,0.05381824,0
5,0,0.057854246,0
5,0,0.06209435,0
5,0,0.05570466,0
5,0,0.057101812,0
5,0,0.053682957,0
5,0,0.051235944,0
5,0,0.045025986,0
5,0,0.048336156,0
5,0,0.05008156,0
5,0,0.055018272,0
5,0,0.060987145,0
5,0,0.06525866,0
5,0,0.06456496,0
5,0,0.06746886,0
5,0,0.06994915,0
5,0,0.07336334,0
5,0,0.08855534,0
5,0,0.10345183,0
5,0,0.106022604,0
5,0,0.10723419,0
5,0,0.14322503,0
5,0,0.14702484,0
5,0,0.1569882,0
5,0,0.18737052,0
5,0,0.21411046,0
5,0,0.20681804,0
5,0,0.23244806,0
5,0,0.24578407,0
5,0,0.26257995,0
5,0,0.2905334,0
5,0,0.28325877,0
5,0,0.3283111,0
5,0,0.33831966,0
5,0,0.3422546,0
5,0,0.37865096,0
5,0,0.3412006,0
5,0,0.3615424,0
5,0,0.35498586,0
5,0,0.3823457,0
5,0,0.37294728,0
5,0,0.3709338,0
5,0,0.35809743,0
5,0,0.3510141,0
5,0,0.3361181,0
5,0,0.34199736,0
5,0,0.3451171,0
5,0,0.31320617,0
5,0,0.27943525,0
5,0,0.29423836,0
5,0,0.28717774,0
5,0,0.28242877,0
5,0,0.27899328,0
5,0,0.25398085,0
5,0,0.22552505,0
5,0,0.23138526,0
5,0,0.24096751,0
5,0,0.22849351,0
5,0,0.22340623,0
5,0,0.21363786,0
5,0,0.20627055,0
5,0,0.1968149,0
5,0,0.20760134,0
5,0,0.16878602,0
5,0,0.16322896,0
5,0,0.15912987,0
5,0,0.15939158,0
5,0,0.13936774,0
5,0,0.13555387,0
5,0,0.12745139,0
5,0,0.124802776,0
5,0,0.10598315,0
5,0,0.11586191,0
5,0,0.106067136,0
5,0,0.08621444,0
5,0,0.072982684,0
5,0,0.087710164,0
5,0,0.08616999,0
5,0,0.09314481,0
5,0,0.098013334,0
5,0,0.11008323,0
5,0,0.10807918,0
5,0,0.09785183,0
5,0,0.09961236,0
5,0,0.10188128,0
5,0,0.09506452,0
5,0,0.10361826,0
5,0,0.10152087,0
5,0,0.08670735,0
5,0,0.09061408,0
5,0,0.08748009,0
5,0,0.09491047,0
5,0,0.09248786,0
5,0,0.102395676,0
5,0,0.10402705,0
5,0,0.11739965,0
5,0,0.12914075,0
5,0,0.14054164,0
5,0,0.18410331,0
5,0,0.19824032,0
5,0,0.2340629,0
5,0,0.26917717,0
5,0,0.31168833,0
5,0,0.2946453,0
5,0,0.32389742,0
5,0,0.36348572,0
5,0,0.36389166,0
5,0,0.393722,0
5,0,0.41546038,0
5,0,0.44072512,0
5,0,0.4546386,0
5,0,0.46989277,0
5,0,0.5082518,1
5,0,0.5270444,1
5,0,0.5291905,1
5,0,0.53540426,1
5,0,0.5606963,1
5,0,0.553422,1
5,0,0.5617636,1
5,0,0.56942755,1
5,0,0.5729089,1
5,0,0.57364917,1
5,0,0.5719907,1
5,0,0.5733775,1
5,0,0.5578146,1
5,0,0.56209606,1
5,0,0.5402841,1
5,0,0.51762587,1
5,0,0.5450997,1
5,0,0.5434765,1
5,0,0.5296622,1
5,0,0.5056487,1
5,0,0.5028821,1
5,0,0.5015612,1
5,0,0.4756582,0
5,0,0.44618392,0
5,0,0.43701354,0
5,0,0.34846708,0
5,0,0.34380206,0
5,0,0.3239201,0
5,0,0.28021452,0
5,0,0.27253923,0
5,0,0.2579677,0
5,0,0.26271486,0
5,0,0.24557373,0
5,0,0.25472137,0
5,0,0.22049068,0
5,0,0.24039602,0
5,0,0.19836263,0
5,0,0.17038083,0
5,0,0.16392264,0
5,0,0.15070212,0
5,0,0.14660455,0
5,0,0.14325763,0
5,0,0.120759875,0
5,0,0.12083222,0
5,0,0.106443286,0
5,0,0.11913766,0
5,0,0.11740458,0
5,0,0.104843944,0
5,0,0.11080362,0
5,0,0.12249034,0
5,0,0.102791406,0
5,0,0.10184013,0
5,0,0.09982828,0
5,0,0.11229637,0
5,0,0.10892279,0
5,0,0.12924895,0
5,0,0.13797897,0
5,0,0.15018135,0
5,0,0.18418519,0
5,0,0.19609939,0
5,0,0.23264144,0
5,0,0.26611122,0
5,0,0.2760104,0
5,0,0.29900238,0
5,0,0.31790605,0
5,0,0.33570322,0
5,0,0.37267566,0
5,0,0.3893711,0
5,0,0.41189674,0
5,0,0.41817856,0
5,0,0.38859382,0
5,0,0.3923547,0
5,0,0.38636866,0
5,0,0.40794802,0
5,0,0.3873492,0
5,0,0.36877257,0
5,0,0.35789716,0
5,0,0.33825523,0
5,0,0.32757536,0
5,0,0.305707,0
5,0,0.30769402,0
5,0,0.29373634,0
5,0,0.2852677,0
5,0,0.28159764,0
5,0,0.29698086,0
5,0,0.29376876,0
5,0,0.29098117,0
5,0,0.26897702,0
5,0,0.24190158,0
5,0,0.23011895,0
5,0,0.2061349,0
5,0,0.20016833,0
5,0,0.17776701,0
5,0,0.18114948,0
5,0,0.16739139,0
5,0,0.17845744,0
5,0,0.16747256,0
5,0,0.18206896,0
5,0,0.15954623,0
5,0,0.14211391,0
5,0,0.15827876,0
5,0,0.15064673,0
5,0,0.13897216,0
5,0,0.15507527,0
5,0,0.14728585,0
5,0,0.14581855,0
5,0,0.17163779,0
5,0,0.2029868,0
5,0,0.23897533,0
5,0,0.2213777,0
5,0,0.24559407,0
5,0,0.28810522,0
5,0,0.3079623,0
5,0,0.30162707,0
5,0,0.3560614,0
5,0,0.38414752,0
5,0,0.36908168,0
5,0,0.37858233,0
5,0,0.43449026,0
5,0,0.44591486,0
5,0,0.47256973,0
5,0,0.4909,0
5,0,0.5241556,1
5,0,0.5311368,1
5,0,0.54255897,1
5,0,0.5205948,1
5,0,0.55232537,1
5,0,0.5572988,1
5,0,0.5582762,1
5,0,0.5574024,1
5,0,0.56815565,1
5,0,0.55780524,1
5,0,0.5840226,1
5,0,0.56178755,1
5,0,0.52969444,1
5,0,0.551056,1
5,0,0.531721,1
5,0,0.53026736,1
5,0,0.5176859,1
5,0,0.49894112,0
5,0,0.508622,1
5,0,0.51966965,1
5,0,0.48061395,0
5,0,0.47330925,0
5,0,0.4654175,0
5,0,0.44699398,0
5,0,0.41458318,0
5,0,0.35917163,0
5,0,0.34400034,0
5,0,0.33298206,0
5,0,0.32426697,0
5,0,0.29109833,0
5,0,0.3058032,0
5,0,0.27583587,0
5,0,0.24163225,0
5,0,0.2257635,0
5,0,0.2238115,0
5,0,0.19851215,0
5,0,0.18709037,0
5,0,0.18677527,0
5,0,0.17821604,0
5,0,0.17289484,0
5,0,0.16123588,0
5,0,0.1498097,0
5,0,0.13527827,0
5,0,0.13276549,0
5,0,0.11317365,0
5,0,0.11931232,0
5,0,0.09591929,0
5,0,0.08253634,0
5,0,0.08351972,0
5,0,0.08298957,0
5,0,0.07502554,0
5,0,0.08277081,0
5,0,0.06854331,0
5,0,0.06771691,0
5,0,0.056813776,0
5,0,0.058126442,0
5,0,0.054988608,0
5,0,0.053723067,0
5,0,0.051421396,0
5,0,0.047258127,0
5,0,0.052365053,0
5,0,0.049567338,0
5,0,0.05581075,0
5,0,0.053757686,0
5,0,0.054345973,0
5,0,0.058871835,0
5,0,0.06757286,0
5,0,0.0733652,0
5,0,0.07451759,0
5,0,0.08563972,0
5,0,0.1061591,0
5,0,0.114866,0
5,0,0.118411526,0
5,0,0.11847029,0
5,0,0.12545389,0
5,0,0.12048309,0
5,0,0.1296586,0
5,0,0.1628094,0
5,0,0.14314358,0
5,0,0.13094513,0
5,0,0.17285097,0
5,0,0.161677,0
5,0,0.17456752,0
5,0,0.17181246,0
5,0,0.19057472,0
5,0,0.1643131,0
5,0,0.15622392,0
5,0,0.14487877,0
5,0,0.12984301,0
5,0,0.121135,0
5,0,0.11439745,0
5,0,0.106082916,0
5,0,0.111286916,0
5,0,0.09639636,0
5,0,0.09217429,0
5,0,0.09592641,0
5,0,0.084532455,0
5,0,0.0867051,0
5,0,0.083709545,0
5,0,0.081488624,0
5,0,0.071565926,0
5,0,0.06434925,0
5,0,0.07691811,0
5,0,0.0759442,0
5,0,0.08192293,0
5,0,0.078766495,0
5,0,0.09805569,0
5,0,0.112730995,0
5,0,0.12179533,0
5,0,0.11181595,0
5,0,0.12736031,0
5,0,0.13776626,0
5,0,0.1271479,0
5,0,0.12978633,0
5,0,0.1569464,0
5,0,0.15037772,0
5,0,0.17240706,0
5,0,0.18354723,0
5,0,0.20521666,0
5,0,0.18394545,0
5,0,0.20643009,0
5,0,0.19493528,0
5,0,0.22654226,0
5,0,0.2153167,0
5,0,0.27630177,0
5,0,0.2572416,0
5,0,0.30407986,0
5,0,0.27445278,0
5,0,0.3384316,0
5,0,0.30896983,0
5,0,0.3356833,0
5,0,0.29854724,0
5,0,0.3331971,0
5,0,0.33256182,0
5,0,0.34243423,0
5,0,0.355286,0
5,0,0.34050268,0
5,0,0.36315456,0
5,0,0.36496782,0
5,0,0.26908657,0
5,0,0.310752,0
5,0,0.25632468,0
5,0,0.27349648,0
5,0,0.23717865,0
5,0,0.22694528,0
5,0,0.19006991,0
5,0,0.19159688,0
5,0,0.19270562,0
5,0,0.1834778,0
5,0,0.15977979,0
5,0,0.15728302,0
5,1,0.16428588,0
5,1,0.14951894,0
5,1,0.1384057,0
5,1,0.1531876,0
5,1,0.15123469,0
5,1,0.1284953,0
5,1,0.14419664,0
5,1,0.14199206,0
5,1,0.13262326,0
5,1,0.11491135,0
5,0,0.11521884,0
5,0,0.13558769,0
5,0,0.12276281,0
5,0,0.12122887,0
5,0,0.12572744,0
5,0,0.114095174,0
5,0,0.106289424,0
5,0,0.08927278,0
5,0,0.08194333,0
5,0,0.0943237,0
5,0,0.081112355,0
5,0,0.0695048,0
5,0,0.059657745,0
5,0,0.05777718,0
5,0,0.06027938,0
5,0,0.0646079,0
5,0,0.058889166,0
5,0,0.061491497,0
5,0,0.06015838,0
5,0,0.062068135,0
5,0,0.06479122,0
5,0,0.07109025,0
5,0,0.07758637,0
5,0,0.075554535,0
5,0,0.0783483,0
5,0,0.08047459,0
5,0,0.097373664,0
5,0,0.11923182,0
5,0,0.156806,0
5,0,0.16817799,0
5,0,0.17807452,0
5,0,0.19571397,0
5,0,0.1888957,0
5,0,0.2119137,0
5,0,0.23093645,0
5,0,0.26033893,0
5,0,0.2629595,0
5,0,0.24689339,0
5,0,0.254787,0
5,0,0.254712,0
5,0,0.2878749,0
5,0,0.27641976,0
5,0,0.27073196,0
5,0,0.22173011,0
5,0,0.20497158,0
5,0,0.19692159,0
5,0,0.20497145,0
5,0,0.1953744,0
5,0,0.20718202,0
5,0,0.20581363,0
5,0,0.19452992,0
5,0,0.17428175,0
5,0,0.15399233,0
5,1,0.24384728,0
5,1,0.26241627,0
5,1,0.21241024,0
5,1,0.2529916,0
5,1,0.24997322,0
5,1,0.2644533,0
5,1,0.2947969,0
5,1,0.29807156,0
5,1,0.27322817,0
5,1,0.2893202,0
5,1,0.30790293,0
5,1,0.30583426,0
5,1,0.26683176,0
5,1,0.26463488,0
5,1,0.27311388,0
5,1,0.24925262,0
5,1,0.25784135,0
5,1,0.25188887,0
5,1,0.25335905,0
5,1,0.25023213,0
5,1,0.22880149,0
5,1,0.2419138,0
5,1,0.24610065,0
5,1,0.25470313,0
5,1,0.2344542,0
5,1,0.23637635,0
5,1,0.2492242,0
5,1,0.20678248,0
5,1,0.15608767,0
5,1,0.21348648,0
5,1,0.22291349,0
5,1,0.18246967,0
5,1,0.05524835,0
5,1,0.06382452,0
5,1,0.069008075,0
5,1,0.079990275,0
5,1,0.08456622,0
5,1,0.08756276,0
5,1,0.09248889,0
5,1,0.12557764,0
5,1,0.13310127,0
5,1,0.14285362,0
5,1,0.16536218,0
5,1,0.1928591,0
5,1,0.21419242,0
5,1,0.2385527,0
5,1,0.22980553,0
5,1,0.2530697,0
5,0,0.6008599,1
5,0,0.56079423,1
5,0,0.56083095,1
5,0,0.5525003,1
5,0,0.557245,1
5,0,0.48439565,0
5,0,0.50672144,1
5,0,0.451573,0
5,0,0.63697195,1
5,0,0.6021902,1
5,0,0.5523886,1
5,0,0.5236841,1
5,0,0.5463414,1
5,0,0.52035445,1
5,0,0.5135307,1
5,0,0.4989393,0
5,1,0.60318387,1
5,1,0.6190077,1
5,1,0.62665826,1
5,1,0.57911617,1
5,1,0.62265986,1
5,1,0.43745375,0
5,1,0.42152116,0
5,1,0.43267912,0
5,1,0.4611739,0
5,1,0.4688576,0
5,1,0.4638989,0
5,1,0.48559326,0
5,1,0.5166466,1
5,1,0.53153294,1
5,1,0.5174661,1
5,1,0.52744657,1
5,1,0.5548097,1
5,1,0.53743523,1
5,1,0.3029382,0
5,1,0.25973707,0
5,1,0.25448775,0
5,1,0.32451984,0
5,1,0.327409,0
5,1,0.26890785,0
5,1,0.252038,0
5,1,0.2792261,0
5,1,0.38832992,0
5,1,0.35660824,0
5,1,0.40958223,0
5,1,0.4677278,0
5,1,0.45672703,0
5,1,0.56612146,1
5,1,0.5424522,1
5,1,0.54009676,1
5,1,0.49162802,0
5,1,0.39778635,0
5,1,0.12076731,0
5,1,0.116992444,0
5,1,0.11550462,0
5,1,0.10992627,0
5,1,0.10470518,0
5,1,0.10003494,0
5,1,0.095313236,0
5,1,0.096576765,0
5,1,0.095805965,0
5,1,0.09519396,0
5,1,0.09475379,0
5,1,0.10806103,0
5,1,0.11244629,0
5,1,0.10857248,0
5,1,0.11342457,0
5,1,0.12030145,0
5,1,0.117379904,0
5,1,0.13290684,0
5,1,0.14922044,0
5,1,0.1559181,0
5,1,0.32292348,0
5,1,0.3067128,0
5,1,0.33503956,0
5,1,0.39629304,0
5,1,0.3846976,0
5,1,0.3634508,0
5,1,0.45056486,0
5,1,0.4561664,0
5,1,0.46782246,0
5,1,0.48261833,0
5,1,0.51532215,1
5,1,0.5357841,1
5,1,0.35138348,0
5,1,0.32953972,0
5,1,0.34944206,0
5,1,0.31097558,0
5,1,0.31154722,0
5,1,0.34356156,0
5,1,0.32552022,0
5,1,0.32734534,0
5,1,0.32188925,0
5,1,0.33609614,0
5,1,0.30632988,0
5,1,0.28549162,0
5,1,0.2702923,0
5,1,0.26805022,0
5,1,0.29760182,0
5,1,0.25365406,0
5,1,0.25342038,0
5,1,0.22597392,0
5,1,0.24267061,0
5,1,0.2511515,0
5,1,0.335692,0
5,1,0.3376597,0
5,1,0.31912336,0
5,1,0.2874686,0
5,1,0.26451555,0
5,1,0.26274613,0
5,1,0.24037553,0
5,1,0.2538183,0
5,1,0.2777086,0
5,1,0.23417538,0
5,1,0.25025553,0
5,1,0.22928283,0
5,1,0.23497489,0
5,1,0.25782952,0
5,1,0.28832862,0
5,1,0.24757053,0
5,1,0.21467513,0
5,1,0.24352159,0
5,1,0.27526945,0
5,1,0.2544183,0
5,1,0.40800264,0
5,1,0.39445883,0
5,1,0.44033086,0
5,1,0.4069537,0
5,1,0.4283339,0
5,1,0.3839228,0
5,1,0.427265,0
5,1,0.47816056,0
5,1,0.5055811,1
5,1,0.5554262,1
5,1,0.6095791,1
5,1,0.59690374,1
5,1,0.64531595,1
5,1,0.6556376,1
5,1,0.5976128,1
5,1,0.631073,1
5,1,0.6865597,1
5,1,0.6441399,1
5,1,0.6933259,1
5,1,0.6157921,1
5,1,0.66494286,1
5,1,0.6622383,1
5,1,0.67896163,1
5,1,0.7000449,1
5,1,0.69898415,1
5,1,0.7028136,1
5,1,0.7262472,1
5,1,0.72024167,1
5,1,0.7314845,1
5,1,0.72878635,1
5,1,0.75740474,1
5,1,0.7413033,1
5,1,0.74111956,1
5,1,0.74507785,1
5,0,0.77746254,1
5,0,0.6735753,1
5,0,0.649635,1
5,0,0.5888101,1
5,0,0.5795668,1
5,0,0.50674564,1
5,0,0.5686379,1
5,0,0.53981847,1
5,0,0.6952331,1
5,0,0.6830597,1
5,0,0.69341654,1
5,0,0.67473173,1
5,0,0.6789023,1
5,0,0.6675257,1
5,0,0.668393,1
5,0,0.6722163,1
5,1,0.14089873,0
5,1,0.14517087,0
5,1,0.1639901,0
5,1,0.1683795,0
5,1,0.14492996,0
5,1,0.14517772,0
5,1,0.49058023,0
5,1,0.50216866,1
5,1,0.5304256,1
5,1,0.5242344,1
5,1,0.5351681,1
5,1,0.48179755,0
5,1,0.5003125,1
5,1,0.49292427,0
5,1,0.4665937,0
5,1,0.5041618,1
5,1,0.44500595,0
5,1,0.48705354,0
5,1,0.48394716,0
5,1,0.5001935,1
5,1,0.4935584,0
5,1,0.50907755,1
5,1,0.5623321,1
5,1,0.58088225,1
5,1,0.59464324,1
5,1,0.5775608,1
5,1,0.6406895,1
5,1,0.6370641,1
5,1,0.68103594,1
5,1,0.67909336,1
5,1,0.6977281,1
5,1,0.71718615,1
5,1,0.6854599,1
5,1,0.6927407,1
5,1,0.6756169,1
5,0,0.24651967,0
5,0,0.24003501,0
5,0,0.26722008,0
5,0,0.24244677,0
5,0,0.23186202,0
5,0,0.22466947,0
5,0,0.21250875,0
5,0,0.19317508,0
5,0,0.18222083,0
5,0,0.17700659,0
5,0,0.15573901,0
5,0,0.15232076,0
5,0,0.16044421,0
5,0,0.158346,0
5,0,0.15912426,0
5,0,0.15689336,0
5,0,0.13574268,0
5,0,0.1303212,0
5,0,0.13429882,0
5,0,0.11236763,0
5,0,0.1121052,0
5,0,0.10146687,0
5,0,0.10304309,0
5,0,0.10557259,0
5,0,0.09512147,0
5,0,0.0888472,0
5,0,0.08354534,0
5,0,0.07437167,0
5,0,0.07969343,0
5,0,0.07472535,0
5,0,0.08079038,0
5,0,0.0821695,0
5,0,0.08369291,0
5,0,0.095928594,0
5,0,0.08940475,0
5,0,0.3414689,0
5,0,0.30408195,0
5,0,0.345808,0
5,0,0.35470033,0
5,0,0.36551702,0
5,0,0.39116573,0
5,0,0.39317653,0
5,0,0.38072497,0
5,0,0.3588576,0
5,0,0.37031317,0
5,0,0.37446442,0
5,0,0.36751753,0
5,0,0.40782577,0
5,0,0.44688025,0
5,0,0.47703734,0
5,0,0.10697731,0
5,0,0.10200984,0
5,0,0.09194019,0
5,0,0.09697087,0
5,0,0.08969803,0
5,0,0.092984915,0
5,0,0.097441696,0
5,0,0.09984792,0
5,0,0.11334548,0
5,0,0.11266778,0
5,0,0.13053812,0
5,0,0.13096985,0
5,0,0.14099355,0
5,0,0.14124718,0
5,0,0.16561307,0
5,0,0.16315444,0
5,0,0.18186685,0
5,0,0.1978383,0
5,0,0.19349644,0
5,0,0.2216845,0
5,0,0.27363756,0
5,0,0.2972794,0
5,0,0.29994348,0
5,0,0.3276741,0
5,0,0.35906088,0
5,0,0.3732605,0
5,0,0.39829206,0
5,0,0.4113308,0
5,0,0.43106592,0
5,0,0.45313063,0
5,0,0.48115224,0
5,0,0.48958132,0
5,0,0.48886433,0
5,0,0.458627,0
5,0,0.40595505,0
5,0,0.46022025,0
5,0,0.45674467,0
5,0,0.42492756,0
5,0,0.3919704,0
5,0,0.3884836,0
5,0,0.37054938,0
5,0,0.3375349,0
5,0,0.30559286,0
5,0,0.30313253,0
5,0,0.33445892,0
5,0,0.2941347,0
5,0,0.26091442,0
5,0,0.24694517,0
5,0,0.2215116,0
5,0,0.23994796,0
5,0,0.21497543,0
5,0,0.18323536,0
5,0,0.17946789,0
5,0,0.16089985,0
5,0,0.23939958,0
5,0,0.25695205,0
5,0,0.26282585,0
5,0,0.2911826,0
5,0,0.2987885,0
5,0,0.27500522,0
5,0,0.28868362,0
5,0,0.30847067,0
5,0,0.30501187,0
5,0,0.2661041,0
5,0,0.26528183,0
5,0,0.27626503,0
5,0,0.24781516,0
5,0,0.25956562,0
5,0,0.25069565,0
5,0,0.2540081,0
5,0,0.19427693,0
5,0,0.16603562,0
5,0,0.1958791,0
5,0,0.21064237,0
5,0,0.22678453,0
5,0,0.17776316,0
5,0,0.22357771,0
5,0,0.22249982,0
5,0,0.21277876,0
5,0,0.17885238,0
5,0,0.1989018,0
5,0,0.19890772,0
5,0,0.19042645,0
5,0,0.16188183,0
5,0,0.16618699,0
5,0,0.16181567,0
5,0,0.14761579,0
5,0,0.16836868,0
5,0,0.15350753,0
5,0,0.14303699,0
5,0,0.14199416,0
5,0,0.1263995,0
5,0,0.15288284,0
5,0,0.12790291,0
5,0,0.10455714,0
5,0,0.11057719,0
5,0,0.083099484,0
5,0,0.08359279,0
5,0,0.07101291,0
5,0,0.06609393,0
5,0,0.06988131,0
5,0,0.06373918,0
5,0,0.06564004,0
5,1,0.30584309,0
5,1,0.3433304,0
5,1,0.34509173,0
5,1,0.34878466,0
5,1,0.30877334,0
5,1,0.27638093,0
5,1,0.28785303,0
5,1,0.25357217,0
5,1,0.28251606,0
5,1,0.39606988,0
5,1,0.39784828,0
5,1,0.45391375,0
5,1,0.4644204,0
5,1,0.48444504,0
5,0,0.27853245,0
5,0,0.20308125,0
5,0,0.23136339,0
5,0,0.17182219,0
5,0,0.15963154,0
5,0,0.15785128,0
5,0,0.14552121,0
5,0,0.1307006,0
5,0,0.1284757,0
5,0,0.1270804,0
5,0,0.1117174,0
5,0,0.102274485,0
5,0,0.09967853,0
5,0,0.10382554,0
5,0,0.09362342,0
5,0,0.085635774,0
5,0,0.08992329,0
5,0,0.09079766,0
5,0,0.08042219,0
5,0,0.09043871,0
5,1,0.09606293,0
5,1,0.090170205,0
5,1,0.09066212,0
5,1,0.10108832,0
5,1,0.09324563,0
5,1,0.08736332,0
5,1,0.07089931,0
5,1,0.06761147,0
5,1,0.07924946,0
5,1,0.07355369,0
5,1,0.06438571,0
5,1,0.05895294,0
5,1,0.064358786,0
5,1,0.06468521,0
5,1,0.07135154,0
5,1,0.069446616,0
5,1,0.077363886,0
5,1,0.07452443,0
5,1,0.41155246,0
5,1,0.3971941,0
5,1,0.37109473,0
5,1,0.3660423,0
5,1,0.3562401,0
5,1,0.37714112,0
5,1,0.3952832,0
5,1,0.40040627,0
5,1,0.34106988,0
5,1,0.31228554,0
5,1,0.32226783,0
5,1,0.27878034,0
5,1,0.28690618,0
5,1,0.3005649,0
5,1,0.2723047,0
5,1,0.27865875,0
5,1,0.24147429,0
5,1,0.21892454,0
5,1,0.14361869,0
5,1,0.13707241,0
5,1,0.12574433,0
5,1,0.13113697,0
5,1,0.12753642,0
5,1,0.12396526,0
5,1,0.12035902,0
5,1,0.11845755,0
5,1,0.11188957,0
5,1,0.1055106,0
5,1,0.1010554,0
5,1,0.09506669,0
5,1,0.094808124,0
5,1,0.09401283,0
5,1,0.09435489,0
5,1,0.09266761,0
5,1,0.105995245,0
5,1,0.109071985,0
5,1,0.10279349,0
5,1,0.10781425,0
5,1,0.098624684,0
5,1,0.13944322,0
5,1,0.1850452,0
5,1,0.21465585,0
5,1,0.2632885,0
5,1,0.32880956,0
5,1,0.35106623,0
5,1,0.3495048,0
5,1,0.39379415,0
5,1,0.39658737,0
5,1,0.38618964,0
5,1,0.38471615,0
5,1,0.40099794,0
5,1,0.362497,0
5,1,0.37655655,0
5,1,0.3881329,0
5,1,0.36387575,0
5,1,0.3381031,0
5,1,0.31656143,0
5,1,0.32035282,0
5,1,0.11969861,0
5,1,0.14878333,0
5,1,0.16802144,0
5,1,0.1963486,0
5,1,0.21774648,0
5,1,0.24783482,0
5,1,0.27353856,0
5,1,0.2920869,0
5,1,0.33317196,0
5,1,0.35666293,0
5,1,0.3937697,0
5,1,0.40295658,0
5,1,0.4284267,0
5,1,0.44657475,0
5,1,0.47898087,0
5,1,0.4927718,0
5,1,0.50214195,1
5,1,0.5286783,1
5,1,0.53369534,1
5,1,0.53166646,1
5,1,0.23485668,0
5,1,0.22261153,0
5,1,0.18357038,0
5,1,0.19457705,0
5,1,0.17932466,0
5,1,0.1636138,0
5,1,0.14582828,0
5,1,0.17635378,0
5,1,0.18063122,0
5,1,0.16614762,0
5,1,0.15017156,0
5,1,0.16412257,0
5,1,0.15772034,0
5,1,0.1686597,0
5,1,0.14811209,0
5,1,0.14867595,0
5,1,0.14480011,0
5,1,0.13193107,0
5,1,0.1263874,0
5,1,0.13541764,0
5,1,0.119568445,0
5,1,0.12124378,0
5,1,0.13270976,0
5,1,0.1393298,0
5,1,0.15172839,0
5,1,0.1464432,0
5,1,0.13632756,0
5,1,0.151115,0
5,1,0.15292692,0
5,1,0.17130554,0
5,1,0.16500138,0
5,1,0.18474041,0
5,1,0.19936956,0
5,1,0.22416398,0
5,1,0.23661594,0
5,1,0.2774562,0
5,1,0.2699776,0
5,1,0.2818053,0
5,1,0.29501018,0
5,1,0.26715675,0
5,1,0.24306194,0
5,1,0.7102175,1
5,1,0.72081447,1
5,1,0.7390422,1
5,1,0.74683875,1
5,1,0.75586903,1
5,1,0.7500565,1
5,1,0.7452919,1
5,1,0.7536049,1
5,1,0.76239294,1
5,1,0.7724999,1
5,1,0.76920235,1
5,1,0.78007776,1
5,1,0.78093755,1
5,1,0.7937835,1
5,1,0.78756857,1
5,1,0.77842057,1
5,1,0.76009816,1
5,1,0.7719441,1
5,1,0.7627676,1
5,1,0.753837,1
5,1,0.7573713,1
5,1,0.7636893,1
5,1,0.7520798,1
5,1,0.750978,1
5,1,0.74476916,1
5,1,0.7565738,1
5,1,0.76323843,1
5,1,0.7598517,1
5,1,0.78137875,1
5,1,0.7840852,1
5,1,0.22457506,0
5,1,0.19927661,0
5,1,0.2956853,0
5,1,0.27859867,0
5,1,0.19444986,0
5,1,0.19694798,0
5,1,0.30761895,0
5,1,0.28739852,0
5,1,0.24177888,0
5,1,0.22657931,0
5,1,0.30925354,0
5,1,0.31049478,0
5,1,0.24572977,0
5,1,0.3302323,0
5,1,0.31717086,0
5,1,0.25028393,0
5,1,0.1933254,0
5,1,0.25004625,0
5,1,0.24895047,0
5,1,0.20442541,0
5,1,0.7484443,1
5,1,0.7454457,1
5,1,0.76325756,1
5,1,0.74387693,1
5,1,0.7163977,1
5,1,0.7520256,1
5,1,0.7550156,1
5,1,0.75176,1
5,1,0.7394012,1
5,1,0.748745,1
5,1,0.76298153,1
5,1,0.7731644,1
5,1,0.7530465,1
5,1,0.7676375,1
5,1,0.7878024,1
5,1,0.7663484,1
5,1,0.77419233,1
5,1,0.7550187,1
5,1,0.7641199,1
5,1,0.7147562,1
5,1,0.70104676,1
5,1,0.28836983,0
5,1,0.25470313,0
5,1,0.2344542,0
5,1,0.23637635,0
5,1,0.2492242,0
5,1,0.20678248,0
5,1,0.15608767,0
5,1,0.21348648,0
5,1,0.22291349,0
5,1,0.18246967,0
5,1,0.19572903,0
5,1,0.28052875,0
5,1,0.27209485,0
5,1,0.27573484,0
5,1,0.28358063,0
5,0,0.38592902,0
5,0,0.36580053,0
5,0,0.33880624,0
5,0,0.36554864,0
5,0,0.37216833,0
5,0,0.3603322,0
5,0,0.32819623,0
5,0,0.27754128,0
5,0,0.29223913,0
5,0,0.35174868,0
5,0,0.32148924,0
5,0,0.2653313,0
5,0,0.2700993,0
5,0,0.27613232,0
5,0,0.26823783,0
5,0,0.23956053,0
5,0,0.24456488,0
5,0,0.08039901,0
5,0,0.09412546,0
5,0,0.09604316,0
5,0,0.11108592,0
5,0,0.094112,0
5,0,0.10850665,0
5,0,0.10559278,0
5,0,0.0998955,0
5,0,0.09115214,0
5,0,0.1075727,0
5,0,0.09661124,0
5,0,0.113021865,0
5,0,0.09837708,0
5,0,0.10109989,0
5,0,0.0975351,0
5,0,0.09351187,0
5,0,0.10021952,0
5,0,0.094991304,0
5,0,0.10225113,0
5,0,0.090328746,0
5,0,0.11548559,0
5,0,0.10730196,0
5,0,0.11028542,0
5,0,0.08647283,0
5,0,0.10030379,0
5,0,0.09566429,0
5,0,0.10059735,0
5,0,0.088697694,0
5,0,0.09260623,0
5,0,0.0817273,0
5,1,0.58032525,1
5,1,0.55865103,1
5,1,0.5192306,1
5,1,0.5151983,1
5,1,0.50864863,1
5,1,0.51525515,1
5,1,0.5094846,1
5,1,0.5120861,1
5,1,0.5171317,1
5,1,0.49964595,0
5,1,0.5090396,1
5,1,0.49290246,0
5,1,0.5115509,1
5,1,0.51107454,1
5,1,0.50869167,1
5,1,0.5061169,1
5,1,0.52333677,1
5,1,0.4906882,0
5,1,0.5135275,1
5,1,0.5226854,1
5,1,0.38657215,0
5,1,0.38183185,0
5,1,0.3778629,0
5,1,0.3779205,0
5,1,0.4159962,0
5,1,0.44188282,0
5,1,0.4325032,0
5,1,0.393873,0
5,1,0.41209763,0
5,1,0.42106858,0
5,1,0.3838238,0
5,1,0.3733997,0
5,1,0.37566826,0
5,1,0.38661015,0
5,1,0.42047817,0
5,1,0.37249976,0
5,1,0.3720685,0
5,1,0.31810164,0
5,1,0.30074218,0
5,1,0.28173506,0
5,0,0.11322848,0
5,0,0.13077867,0
5,0,0.15300871,0
5,0,0.19691004,0
5,0,0.25305858,0
5,0,0.2827372,0
5,0,0.32570958,0
5,0,0.36987385,0
5,0,0.4116862,0
5,0,0.453708,0
5,0,0.48320794,0
5,0,0.48737207,0
5,0,0.5140265,1
5,0,0.53149736,1
5,0,0.5376988,1
5,0,0.542208,1
5,0,0.5467369,1
5,0,0.5598519,1
5,0,0.55109805,1
5,0,0.545892,1
5,0,0.53192335,1
5,0,0.555176,1
5,0,0.54673105,1
5,0,0.53452045,1
5,0,0.535146,1
5,0,0.53604275,1
5,0,0.5164453,1
5,0,0.51779205,1
5,0,0.4949619,0
5,0,0.483047,0
5,0,0.48790467,0
5,0,0.48037714,0
5,0,0.414089,0
5,0,0.41934776,0
5,0,0.3947749,0
5,0,0.37621433,0
5,0,0.3390238,0
5,0,0.31377754,0
5,0,0.31148213,0
5,0,0.31345117,0
5,0,0.28238004,0
5,0,0.27705106,0
5,0,0.2511318,0
5,0,0.2378491,0
5,0,0.26064336,0
5,0,0.10488284,0
5,0,0.08658003,0
5,0,0.09810595,0
5,0,0.08652147,0
5,0,0.09167952,0
5,0,0.09066281,0
5,0,0.08447358,0
5,0,0.09009835,0
5,0,0.08974489,0
5,0,0.09253961,0
5,0,0.10250392,0
5,0,0.10255223,0
5,0,0.096489355,0
5,0,0.10260857,0
5,0,0.10713494,0
5,0,0.3131406,0
5,0,0.30939963,0
5,0,0.3228663,0
5,0,0.29065356,0
5,0,0.2550542,0
5,0,0.29487255,0
5,0,0.29865026,0
5,0,0.27965787,0
5,0,0.25956136,0
5,0,0.31446078,0
5,0,0.30456287,0
5,0,0.2676805,0
5,0,0.254002,0
5,0,0.23106794,0
5,0,0.23497966,0
5,0,0.19025868,0
5,0,0.14802873,0
5,0,0.1532267,0
5,0,0.16417064,0
5,0,0.15317816,0
5,0,0.1404322,0
5,0,0.14472382,0
5,0,0.12892671,0
5,0,0.114782326,0
5,0,0.121194765,0
5,0,0.11138761,0
5,0,0.11599198,0
5,0,0.10214148,0
5,0,0.10231053,0
5,0,0.121876016,0
5,0,0.10835384,0
5,0,0.110462315,0
5,0,0.1252431,0
5,0,0.1396102,0
5,0,0.15462211,0
5,0,0.15289585,0
5,0,0.16500908,0
5,0,0.17731361,0
5,0,0.16622567,0
5,0,0.15457588,0
5,0,0.18171585,0
5,0,0.1563416,0
5,0,0.15004848,0
5,0,0.16804239,0
5,0,0.18497752,0
5,0,0.17277214,0
5,0,0.16363268,0
5,0,0.16518246,0
5,0,0.17060262,0
5,0,0.16922225,0
5,0,0.19297788,0
5,0,0.16310301,0
5,0,0.17711587,0
5,0,0.1891473,0
5,0,0.16495028,0
5,0,0.098272555,0
5,0,0.09211836,0
5,0,0.0991217,0
5,0,0.09327591,0
5,0,0.083285294,0
5,0,0.08461358,0
5,0,0.07866902,0
5,0,0.07615748,0
5,0,0.08776719,0
5,0,0.09323846,0
5,0,0.08029508,0
5,0,0.0881515,0
5,0,0.08569072,0
5,0,0.08630482,0
5,0,0.087117,0
5,0,0.11442997,0
5,0,0.1253454,0
5,0,0.17881908,0
5,0,0.19880374,0
5,0,0.19681011,0
5,0,0.25597638,0
5,0,0.24949895,0
5,0,0.25303563,0
5,0,0.25914246,0
5,0,0.28147626,0
5,0,0.27662727,0
5,0,0.26491237,0
5,0,0.25787237,0
5,0,0.23750181,0
5,0,0.25041685,0
5,0,0.2294907,0
5,0,0.223568,0
5,0,0.20968193,0
5,0,0.20895171,0
5,0,0.20724785,0
5,0,0.21357551,0
5,0,0.19668129,0
5,0,0.1970195,0
5,0,0.20044833,0
5,0,0.1890453,0
5,0,0.19947763,0
5,0,0.18402767,0
5,0,0.18484263,0
5,0,0.17797188,0
5,0,0.1773402,0
5,0,0.16470088,0
5,0,0.17495073,0
5,0,0.155406,0
5,0,0.16706848,0
5,0,0.16180728,0
5,0,0.15137222,0
5,0,0.15793213,0
5,0,0.15107486,0
5,0,0.1477527,0
5,0,0.14889053,0
5,0,0.1580917,0
5,0,0.18228981,0
5,0,0.18357988,0
5,0,0.2091277,0
5,0,0.23330608,0
5,0,0.25337332,0
5,0,0.26643232,0
5,0,0.28835973,0
5,0,0.26830786,0
5,0,0.29876402,0
5,0,0.28111967,0
5,0,0.3001676,0
5,0,0.31801406,0
5,0,0.33331683,0
5,0,0.33404884,0
5,0,0.30741104,0
5,0,0.3284246,0
5,0,0.34877878,0
5,0,0.35997716,0
5,0,0.33670318,0
5,0,0.334382,0
5,0,0.30776772,0
5,0,0.29687724,0
5,0,0.28883636,0
5,0,0.303285,0
5,0,0.30666545,0
5,0,0.2871157,0
5,0,0.3089101,0
5,0,0.32108587,0
5,0,0.33561856,0
5,0,0.32060468,0
5,0,0.34398973,0
5,0,0.3864974,0
5,0,0.38141647,0
5,0,0.36366227,0
5,0,0.37516785,0
5,0,0.36135966,0
5,0,0.39551693,0
5,0,0.39068502,0
5,0,0.39491975,0
5,0,0.4101056,0
5,0,0.43596485,0
5,0,0.41548312,0
5,0,0.44261283,0
5,0,0.43943322,0
5,0,0.42907426,0
5,0,0.47078103,0
5,0,0.480201,0
5,0,0.39072928,0
5,0,0.4002145,0
5,0,0.36373267,0
5,0,0.33863112,0
5,0,0.3782323,0
5,0,0.35491475,0
5,0,0.33820024,0
5,0,0.3180789,0
5,0,0.3583403,0
5,0,0.32926285,0
5,0,0.315276,0
5,0,0.27526817,0
5,0,0.2827987,0
5,0,0.2650167,0
5,0,0.29744813,0
5,0,0.2825857,0
5,0,0.2660777,0
5,0,0.25506303,0
5,0,0.27195957,0
5,0,0.25334582,0
5,0,0.25019643,0
5,0,0.2262942,0
5,0,0.2463554,0
5,0,0.20716354,0
5,0,0.18271832,0
5,0,0.26016885,0
5,0,0.21765229,0
5,0,0.19756897,0
5,0,0.16962722,0
5,0,0.19393218,0
5,0,0.17297348,0
5,0,0.14776649,0
5,0,0.1460875,0
5,0,0.13220721,0
5,0,0.15155886,0
5,0,0.13286549,0
5,0,0.12703049,0
5,0,0.11113113,0
5,0,0.105204694,0
5,0,0.097290106,0
5,0,0.094080254,0
5,0,0.090344295,0
5,0,0.07949004,0
5,0,0.068275705,0
5,0,0.062870756,0
5,0,0.06419854,0
5,0,0.05841707,0
5,0,0.39327055,0
5,0,0.38898936,0
5,0,0.42866117,0
5,0,0.44722295,0
5,0,0.41894323,0
5,0,0.3861732,0
5,0,0.39498693,0
5,0,0.39232233,0
5,0,0.380576,0
5,0,0.37578654,0
5,0,0.3733387,0
5,0,0.36626795,0
5,0,0.35791805,0
5,0,0.3256317,0
5,0,0.29950702,0
5,0,0.1555035,0
5,0,0.16982675,0
5,0,0.15970035,0
5,0,0.16025916,0
5,0,0.16117758,0
5,0,0.14033625,0
5,0,0.15363449,0
5,0,0.14985193,0
5,0,0.14830408,0
5,0,0.17238101,0
5,0,0.17249154,0
5,0,0.16065675,0
5,0,0.17205429,0
5,0,0.18892024,0
5,0,0.1846678,0
5,0,0.15638225,0
5,0,0.15291908,0
5,0,0.14098804,0
5,0,0.12987821,0
5,0,0.1306478,0
5,0,0.1403049,0
5,0,0.13707499,0
5,0,0.14588208,0
5,0,0.13949151,0
5,0,0.12718654,0
5,0,0.13104357,0
5,0,0.13595556,0
5,0,0.13546844,0
5,0,0.114081845,0
5,0,0.090984836,0
5,0,0.0876811,0
5,0,0.06369045,0
5,0,0.06256232,0
5,0,0.06826651,0
5,0,0.06287442,0
5,0,0.056321014,0
5,0,0.05417297,0
5,0,0.047398273,0
5,0,0.047747713,0
5,0,0.04399452,0
5,0,0.041839685,0
5,0,0.040823158,0
5,0,0.041981716,0
5,0,0.033153452,0
5,0,0.035228197,0
5,0,0.039009664,0
5,0,0.039843135,0
5,0,0.046934824,0
5,0,0.0517345,0
5,0,0.06361207,0
5,0,0.066651545,0
5,0,0.07910705,0
5,0,0.085796125,0
5,0,0.09371983,0
5,0,0.095242575,0
5,0,0.0989306,0
5,0,0.10462893,0
5,0,0.13929747,0
5,0,0.14999521,0
5,0,0.16396213,0
5,0,0.19262293,0
5,0,0.22737463,0
5,0,0.2519159,0
5,0,0.28735667,0
5,0,0.2853493,0
5,0,0.33703542,0
5,0,0.34723163,0
5,0,0.3275973,0
5,0,0.3827621,0
5,0,0.41281995,0
5,0,0.38540596,0
5,0,0.42000723,0
5,0,0.40817982,0
5,0,0.38039166,0
5,0,0.37341526,0
5,0,0.38931885,0
5,0,0.36946154,0
5,0,0.3563984,0
5,0,0.37831745,0
5,0,0.35152793,0
5,0,0.35633206,0
5,0,0.31550795,0
5,0,0.2850923,0
5,0,0.29215583,0
5,0,0.2678449,0
5,0,0.28879192,0
5,0,0.2642876,0
5,0,0.25781813,0
5,0,0.2514295,0
5,0,0.25700155,0
5,0,0.23789527,0
5,0,0.21201523,0
5,0,0.23982711,0
5,0,0.24707256,0
5,0,0.23792854,0
5,0,0.23645356,0
5,0,0.23845904,0
5,0,0.21076353,0
5,0,0.2419293,0
5,0,0.25566167,0
5,0,0.29041442,0
5,0,0.25648916,0
5,0,0.24894221,0
5,0,0.28749812,0
5,0,0.28320464,0
5,0,0.29904297,0
5,0,0.29762682,0
5,0,0.31309313,0
5,0,0.32686335,0
5,0,0.30186152,0
5,0,0.2964062,0
5,0,0.30363476,0
5,0,0.29808646,0
5,0,0.32236132,0
5,0,0.3541657,0
5,0,0.33618963,0
5,0,0.37170148,0
5,0,0.356876,0
5,0,0.3990215,0
5,0,0.37904012,0
5,0,0.39430022,0
5,0,0.4041469,0
5,0,0.404144,0
5,0,0.4010664,0
5,0,0.3572039,0
5,0,0.37659436,0
5,0,0.33738682,0
5,0,0.32292837,0
5,0,0.329911,0
5,0,0.2855786,0
5,0,0.29527715,0
5,0,0.31514484,0
5,0,0.30561647,0
5,0,0.2711955,0
5,0,0.2271319,0
5,0,0.26153633,0
5,0,0.22383879,0
5,0,0.21722434,0
5,0,0.19137165,0
5,0,0.20760903,0
5,0,0.18416202,0
5,0,0.16602744,0
5,0,0.18618938,0
5,0,0.19368981,0
5,0,0.16139437,0
5,0,0.15604904,0
5,0,0.16226585,0
5,0,0.14828438,0
5,0,0.14233212,0
5,0,0.14919026,0
5,0,0.16472772,0
5,0,0.16816175,0
5,0,0.15652959,0
5,0,0.15721366,0
5,0,0.17474398,0
5,0,0.19587652,0
5,0,0.18507679,0
5,0,0.18223512,0
5,0,0.16327448,0
5,0,0.15504816,0
5,0,0.13610084,0
5,0,0.16500193,0
5,0,0.17957829,0
5,0,0.16144454,0
5,0,0.2058083,0
5,0,0.19908556,0
5,0,0.18515,0
5,0,0.20274542,0
5,0,0.21848948,0
5,0,0.15624544,0
5,0,0.15617178,0
5,0,0.15959948,0
5,0,0.15591562,0
5,0,0.15277697,0
5,0,0.13690396,0
5,0,0.11223272,0
5,0,0.14040317,0
5,0,0.13238442,0
5,0,0.1221808,0
5,0,0.106373265,0
5,0,0.1167081,0
5,0,0.12798008,0
5,0,0.12026648,0
5,0,0.115503475,0
5,0,0.109468855,0
5,0,0.10983713,0
5,0,0.1317014,0
5,0,0.16453685,0
5,0,0.17470291,0
5,0,0.1763432,0
5,0,0.18512987,0
5,0,0.24353899,0
5,0,0.26843238,0
5,0,0.2920631,0
5,0,0.34228885,0
5,0,0.3634089,0
5,0,0.38377053,0
5,0,0.48764378,0
5,0,0.49825177,0
5,0,0.48982,0
5,0,0.52997655,1
5,0,0.5383053,1
5,0,0.5760679,1
5,0,0.5549153,1
5,0,0.5275518,1
5,0,0.49788216,0
5,0,0.4929362,0
5,0,0.51120996,1
5,0,0.5132621,1
5,0,0.49745587,0
5,0,0.5082595,1
5,0,0.5077251,1
5,0,0.48733386,0
5,0,0.48226792,0
5,0,0.49048597,0
5,0,0.44986027,0
5,0,0.4226133,0
5,0,0.46429238,0
5,0,0.4774733,0
5,0,0.5085016,1
5,0,0.4880442,0
5,0,0.50297505,1
5,0,0.50814456,1
5,0,0.51392066,1
5,0,0.53856856,1
5,0,0.5530421,1
5,0,0.5524708,1
5,0,0.5031152,1
5,0,0.51979095,1
5,0,0.5450784,1
5,0,0.53427964,1
5,0,0.54764277,1
5,0,0.51754606,1
5,0,0.5093338,1
5,0,0.49754092,0
5,0,0.4624325,0
5,0,0.4182865,0
5,0,0.44481605,0
5,0,0.3749984,0
5,0,0.3877246,0
5,0,0.30663514,0
5,0,0.31894445,0
5,0,0.27011874,0
5,0,0.2767598,0
5,0,0.27008262,0
5,0,0.23894934,0
5,0,0.20592001,0
5,0,0.22088976,0
5,0,0.18376589,0
5,0,0.15409681,0
5,0,0.15286146,0
5,0,0.14365634,0
5,0,0.13511617,0
5,0,0.1279174,0
5,0,0.11602999,0
5,0,0.101772405,0
5,0,0.11192714,0
5,0,0.10106308,0
5,0,0.096163206,0
5,0,0.09189924,0
5,0,0.09162966,0
5,0,0.08870118,0
5,0,0.09007124,0
5,0,0.09350384,0
5,0,0.08695617,0
5,0,0.08550069,0
5,0,0.10992575,0
5,0,0.10159857,0
5,0,0.09368126,0
5,0,0.1084364,0
5,0,0.12275637,0
5,0,0.13843316,0
5,0,0.14968708,0
5,0,0.1751922,0
5,0,0.16119018,0
5,0,0.1600097,0
5,0,0.16612257,0
5,0,0.17320149,0
5,0,0.16129209,0
5,0,0.15423186,0
5,0,0.17442171,0
5,0,0.18298763,0
5,0,0.17416705,0
5,0,0.16249932,0
5,0,0.14846863,0
5,0,0.17352666,0
5,0,0.18370317,0
5,0,0.19430842,0
5,0,0.22456142,0
5,0,0.2336074,0
5,0,0.23504348,0
5,0,0.2697329,0
5,0,0.31224236,0
5,0,0.30374932,0
5,0,0.33124092,0
5,0,0.34204108,0
5,1,0.5852799,1
5,1,0.56327623,1
5,1,0.5796254,1
5,1,0.57095903,1
5,1,0.5739984,1
5,1,0.55180275,1
5,1,0.56466305,1
5,1,0.5660205,1
5,1,0.5502153,1
5,1,0.5720909,1
5,1,0.58149546,1
5,1,0.5859991,1
5,1,0.5654436,1
5,1,0.5777301,1
5,1,0.58110833,1
5,1,0.58045405,1
5,1,0.58123136,1
5,1,0.5801251,1
5,1,0.5789532,1
5,1,0.28531972,0
5,1,0.23112774,0
5,1,0.2739215,0
5,1,0.2810598,0
5,1,0.24003474,0
5,1,0.2403087,0
5,1,0.24453752,0
5,1,0.21881422,0
5,1,0.19532414,0
5,1,0.1866206,0
5,1,0.16659534,0
5,1,0.1433466,0
5,1,0.158683,0
5,1,0.132552,0
5,1,0.13320108,0
5,1,0.11842831,0
5,1,0.10487568,0
5,1,0.1278917,0
5,1,0.1744441,0
5,1,0.15364738,0
5,1,0.1515102,0
5,1,0.17442507,0
5,1,0.18919933,0
5,1,0.17386074,0
5,1,0.19902778,0
5,0,0.6196742,1
5,0,0.6093723,1
5,0,0.62785375,1
5,0,0.6516272,1
5,0,0.62495613,1
5,0,0.6525055,1
5,0,0.6404554,1
5,0,0.65105754,1
5,0,0.6585206,1
5,0,0.6634374,1
5,0,0.66004676,1
5,0,0.67260283,1
5,0,0.6689843,1
5,0,0.6601016,1
5,0,0.6624674,1
5,0,0.6739696,1
5,0,0.64109236,1
5,0,0.6620557,1
5,1,0.66249335,1
5,1,0.6668145,1
5,1,0.6776616,1
5,1,0.67336893,1
5,1,0.6539859,1
5,1,0.6557735,1
5,1,0.641448,1
5,1,0.64146906,1
5,1,0.59343344,1
5,1,0.6208009,1
5,1,0.57481164,1
5,1,0.56548566,1
5,1,0.55020905,1
5,1,0.54558253,1
5,1,0.5135422,1
5,1,0.47916788,0
5,1,0.48794723,0
5,1,0.48414174,0
5,1,0.48589346,0
5,1,0.4740362,0
5,0,0.45437077,0
5,0,0.38889816,0
5,0,0.38331038,0
5,0,0.36479202,0
5,0,0.3412215,0
5,0,0.32116556,0
5,0,0.31334367,0
5,0,0.301795,0
5,0,0.28482166,0
5,0,0.27733934,0
5,0,0.2210532,0
5,0,0.22968768,0
5,0,0.21751736,0
5,0,0.20209508,0
5,0,0.18172401,0
5,1,0.1631608,0
5,1,0.16532214,0
5,1,0.20398079,0
5,1,0.19182077,0
5,1,0.2126867,0
5,0,0.20442685,0
5,0,0.23871279,0
5,0,0.26871905,0
5,0,0.27430147,0
5,0,0.2788209,0
5,0,0.30027962,0
5,0,0.30637276,0
5,0,0.2695677,0
5,0,0.28867874,0
5,0,0.2995464,0
5,0,0.28729528,0
5,0,0.30877325,0
5,0,0.3168005,0
5,0,0.32823265,0
5,0,0.30231574,0
5,1,0.30269068,0
5,1,0.3146126,0
5,1,0.34937364,0
5,1,0.30396822,0
5,1,0.3183099,0
5,1,0.28322107,0
5,1,0.330748,0
5,1,0.3399742,0
5,1,0.34997714,0
5,1,0.3800831,0
5,1,0.37679383,0
5,1,0.36174232,0
5,1,0.37402523,0
5,1,0.3738373,0
5,1,0.40750858,0
5,1,0.42257375,0
5,1,0.41005427,0
5,1,0.4164598,0
5,1,0.4236686,0
5,1,0.4637228,0
5,1,0.513492,1
5,1,0.5391971,1
5,1,0.5356459,1
5,1,0.54702383,1
5,1,0.53999376,1
5,1,0.52977777,1
5,1,0.5156147,1
5,1,0.49874318,0
5,1,0.4826058,0
5,1,0.47971058,0
5,1,0.42857927,0
5,1,0.46686795,0
5,1,0.46977973,0
5,1,0.4894376,0
5,1,0.4315995,0
5,1,0.4721592,0
5,1,0.48225415,0
5,1,0.5297679,1
5,1,0.5478477,1
5,1,0.55730784,1
5,1,0.576865,1
5,1,0.574842,1
5,1,0.6141041,1
5,1,0.622239,1
5,1,0.62349796,1
5,1,0.6223242,1
5,1,0.62456614,1
5,1,0.64628035,1
5,1,0.6566969,1
5,1,0.6465699,1
5,1,0.6468948,1
5,1,0.6352368,1
5,1,0.6366248,1
5,1,0.6380429,1
5,1,0.62613297,1
5,1,0.61482143,1
5,1,0.63267523,1
5,1,0.63639235,1
5,1,0.6146637,1
5,1,0.6475007,1
5,1,0.64189214,1
5,1,0.66025954,1
5,1,0.63692665,1
5,1,0.64484215,1
5,1,0.6201395,1
5,1,0.606422,1
5,1,0.59600496,1
5,1,0.5795206,1
5,1,0.5971696,1
5,1,0.5867273,1
5,1,0.59180707,1
5,1,0.5800058,1
5,1,0.5630239,1
5,1,0.5753881,1
5,1,0.53725016,1
5,1,0.52995574,1
5,1,0.51559144,1
5,1,0.5208228,1
5,1,0.4974542,0
5,1,0.49903896,0
5,1,0.1816135,0
5,1,0.21689789,0
5,1,0.20832187,0
5,1,0.24672543,0
5,1,0.20440495,0
5,1,0.2748747,0
5,1,0.18686458,0
5,1,0.19668928,0
5,1,0.37438503,0
5,1,0.24666984,0
5,1,0.20888445,0
5,1,0.38385847,0
5,1,0.27643228,0
5,1,0.1947196,0
5,1,0.24427585,0
5,1,0.32096148,0
5,1,0.27821723,0
5,1,0.320594,0
5,1,0.2921377,0
5,1,0.26228192,0
5,1,0.28542632,0
5,1,0.32851538,0
5,1,0.2746105,0
5,1,0.31729323,0
5,1,0.20506176,0
5,1,0.22819495,0
5,1,0.30088377,0
5,1,0.30673534,0
5,1,0.21517085,0
5,1,0.35406485,0
5,1,0.2500236,0
5,1,0.36800432,0
5,1,0.23379076,0
5,1,0.37814188,0
5,1,0.21278544,0
5,1,0.22042274,0
5,1,0.22215204,0
5,1,0.23372535,0
5,1,0.27169675,0
5,1,0.31218305,0
5,1,0.4745055,0
5,1,0.52183783,1
5,1,0.59303844,1
5,1,0.66926163,1
5,1,0.7186514,1
5,1,0.70502806,1
5,0,0.15143684,0
5,0,0.13981618,0
5,0,0.16381244,0
5,0,0.1706744,0
5,0,0.18019752,0
5,0,0.20934054,0
5,0,0.213978,0
5,0,0.21476512,0
5,0,0.24820334,0
5,0,0.2715579,0
5,0,0.27068955,0
5,0,0.28000265,0
5,0,0.3183246,0
5,0,0.36261907,0
5,0,0.3812807,0
5,0,0.30962464,0
5,0,0.32571173,0
5,0,0.31352475,0
5,0,0.33869538,0
5,0,0.315846,0
5,0,0.33729106,0
5,0,0.31178886,0
5,0,0.3142302,0
5,0,0.30398905,0
5,0,0.2642564,0
5,0,0.22405885,0
5,0,0.2176245,0
5,0,0.25127015,0
5,1,0.5641673,1
5,1,0.5808934,1
5,1,0.60745054,1
5,1,0.59755856,1
5,1,0.6378875,1
5,1,0.6599374,1
5,1,0.69298667,1
5,1,0.6703814,1
5,1,0.6901598,1
5,1,0.7018509,1
5,1,0.6836359,1
5,1,0.69167984,1
5,1,0.6846582,1
