Fold,Label,Prob,Preds
1,1,0.9318344,1
1,1,0.914173,1
1,1,0.8887788,1
1,1,0.9040875,1
1,1,0.94446206,1
1,1,0.9549939,1
1,1,0.9562033,1
1,1,0.93578553,1
1,1,0.925585,1
1,1,0.86143446,1
1,1,0.8598536,1
1,1,0.8856936,1
1,1,0.92432976,1
1,1,0.92013717,1
1,1,0.8233429,1
1,1,0.86943734,1
1,1,0.6702547,1
1,1,0.46915114,0
1,1,0.614729,1
1,1,0.49566478,0
1,1,0.37214762,0
1,1,0.50257826,1
1,1,0.74822116,1
1,1,0.5952417,1
1,1,0.502391,1
1,1,0.53428423,1
1,1,0.60844624,1
1,1,0.66034967,1
1,1,0.7468994,1
1,1,0.881351,1
1,1,0.8329247,1
1,1,0.86008555,1
1,1,0.8856791,1
1,1,0.92256624,1
1,1,0.85087824,1
1,1,0.8818846,1
1,1,0.816059,1
1,1,0.6247693,1
1,1,0.679795,1
1,1,0.6820179,1
1,1,0.6796145,1
1,1,0.70993394,1
1,1,0.61034036,1
1,1,0.5685029,1
1,1,0.3949627,0
1,1,0.43099257,0
1,1,0.52990925,1
1,1,0.4968419,0
1,1,0.46856704,0
1,1,0.47102264,0
1,1,0.80928755,1
1,1,0.8116702,1
1,1,0.6196211,1
1,1,0.83933425,1
1,1,0.6371272,1
1,1,0.87820315,1
1,1,0.84103996,1
1,1,0.74571335,1
1,1,0.91604,1
1,1,0.8486566,1
1,1,0.8975173,1
1,1,0.8402175,1
1,1,0.8023797,1
1,1,0.7877541,1
1,1,0.8983593,1
1,1,0.75557756,1
1,1,0.47305393,0
1,1,0.77812934,1
1,1,0.77198684,1
1,1,0.77502954,1
1,1,0.75781,1
1,1,0.704303,1
1,1,0.7733204,1
1,1,0.51027757,1
1,1,0.7767282,1
1,1,0.6823131,1
1,1,0.6526796,1
1,1,0.6978801,1
1,1,0.664154,1
1,1,0.6579479,1
1,1,0.8164055,1
1,1,0.61304855,1
1,1,0.3723792,0
1,1,0.5750546,1
1,1,0.5321634,1
1,1,0.6065459,1
1,1,0.592017,1
1,1,0.5924033,1
1,1,0.6893118,1
1,1,0.5864127,1
1,1,0.5233628,1
1,0,0.32612956,0
1,0,0.4319537,0
1,0,0.51759344,1
1,0,0.34501606,0
1,0,0.49220178,0
1,0,0.70795655,1
1,0,0.5780256,1
1,0,0.44889173,0
1,0,0.5232839,1
1,1,0.4775549,0
1,1,0.6884924,1
1,1,0.5630421,1
1,1,0.22556823,0
1,1,0.4715138,0
1,1,0.44712976,0
1,1,0.6058023,1
1,1,0.9198832,1
1,1,0.88760936,1
1,1,0.9355515,1
1,1,0.9649544,1
1,1,0.9764263,1
1,1,0.90760684,1
1,1,0.9455968,1
1,1,0.96294403,1
1,1,0.872414,1
1,1,0.95228153,1
1,1,0.9460824,1
1,1,0.95569324,1
1,1,0.95648503,1
1,1,0.9586618,1
1,1,0.95631385,1
1,1,0.9604045,1
1,1,0.95024455,1
1,1,0.94957745,1
1,1,0.92398465,1
1,1,0.91148335,1
1,1,0.9128671,1
1,1,0.9583839,1
1,1,0.9197252,1
1,1,0.85322416,1
1,1,0.7518825,1
1,1,0.8922126,1
1,1,0.8409574,1
1,1,0.8404341,1
1,1,0.83467567,1
1,1,0.82573086,1
1,1,0.83053905,1
1,1,0.723583,1
1,1,0.83849925,1
1,1,0.8176235,1
1,1,0.7864955,1
1,1,0.7814568,1
1,1,0.7893367,1
1,1,0.8514176,1
1,1,0.66663975,1
1,1,0.63718545,1
1,1,0.65986377,1
1,1,0.635397,1
1,1,0.6681527,1
1,1,0.667911,1
1,1,0.7411902,1
1,1,0.7769745,1
1,1,0.80739945,1
1,1,0.7201538,1
1,1,0.78219247,1
1,1,0.8088827,1
1,1,0.7405399,1
1,1,0.80962557,1
1,1,0.74568886,1
1,1,0.71284294,1
1,1,0.7495787,1
1,1,0.6728824,1
1,1,0.7618396,1
1,1,0.7781533,1
1,1,0.8836061,1
1,1,0.8497191,1
1,1,0.8583529,1
1,1,0.9033835,1
1,1,0.8367442,1
1,1,0.86533886,1
1,1,0.81143135,1
1,1,0.86947304,1
1,1,0.7612024,1
1,1,0.81901157,1
1,1,0.68184155,1
1,1,0.51480484,1
1,1,0.7753068,1
1,1,0.6304731,1
1,1,0.64315706,1
1,1,0.73241436,1
1,1,0.787131,1
1,1,0.86063266,1
1,1,0.8462429,1
1,1,0.8115776,1
1,1,0.85112137,1
1,1,0.87944,1
1,1,0.87766445,1
1,1,0.84751856,1
1,1,0.8373761,1
1,1,0.7793398,1
1,1,0.80448616,1
1,1,0.86903596,1
1,1,0.86999315,1
1,1,0.73738223,1
1,1,0.7629862,1
1,1,0.89232546,1
1,1,0.82751685,1
1,1,0.8016249,1
1,1,0.879479,1
1,1,0.3332686,0
1,1,0.21671012,0
1,1,0.40563437,0
1,1,0.55269706,1
1,1,0.2984688,0
1,1,0.30783662,0
1,1,0.2752703,0
1,1,0.4771846,0
1,1,0.55139804,1
1,1,0.3457132,0
1,1,0.6345628,1
1,1,0.5105766,1
1,1,0.28208125,0
1,1,0.33502883,0
1,1,0.6019261,1
1,1,0.4938221,0
1,1,0.4476984,0
1,1,0.41548932,0
1,1,0.41947398,0
1,1,0.20991512,0
1,1,0.3195544,0
1,1,0.26539737,0
1,1,0.48173994,0
1,1,0.44622254,0
1,1,0.37672466,0
1,1,0.43801266,0
1,1,0.33779144,0
1,1,0.27246428,0
1,1,0.2600854,0
1,1,0.21389504,0
1,1,0.31932175,0
1,1,0.27607897,0
1,1,0.27721852,0
1,1,0.47556302,0
1,1,0.3554342,0
1,1,0.7985774,1
1,1,0.7336591,1
1,1,0.80053884,1
1,1,0.7703685,1
1,1,0.6788622,1
1,1,0.8164408,1
1,1,0.87343514,1
1,1,0.8909494,1
1,1,0.8431637,1
1,1,0.9037411,1
1,1,0.888488,1
1,1,0.81206346,1
1,1,0.872752,1
1,1,0.8574417,1
1,1,0.23953106,0
1,1,0.28672102,0
1,1,0.2281613,0
1,1,0.3762514,0
1,1,0.16727434,0
1,1,0.6097766,1
1,1,0.67065823,1
1,1,0.9068918,1
1,1,0.40679908,0
1,1,0.321343,0
1,1,0.49039173,0
1,1,0.6333711,1
1,1,0.41228363,0
1,1,0.3063763,0
1,1,0.44298112,0
1,1,0.61473125,1
1,1,0.6105055,1
1,1,0.40993574,0
1,1,0.6842898,1
1,1,0.6713961,1
1,1,0.37245843,0
1,1,0.30745006,0
1,1,0.30676895,0
1,1,0.36516497,0
1,1,0.18238139,0
1,1,0.15275815,0
1,1,0.08962192,0
1,1,0.1443734,0
1,1,0.105682835,0
1,1,0.09017645,0
1,1,0.07302228,0
1,1,0.76845807,1
1,1,0.7588649,1
1,1,0.8033956,1
1,1,0.7352709,1
1,1,0.66802883,1
1,1,0.74150825,1
1,1,0.7259432,1
1,1,0.8376932,1
1,1,0.76354796,1
1,1,0.81604695,1
1,1,0.8331088,1
1,1,0.7874762,1
1,1,0.8258839,1
1,1,0.8745084,1
1,1,0.47558138,0
1,1,0.47319484,0
1,1,0.4369084,0
1,1,0.4074544,0
1,1,0.5199732,1
1,1,0.5226058,1
1,1,0.6238599,1
1,1,0.60658544,1
1,1,0.6979756,1
1,1,0.55893356,1
1,1,0.66930676,1
1,1,0.66464436,1
1,1,0.71176106,1
1,1,0.5261849,1
1,1,0.5025939,1
1,1,0.5518352,1
1,1,0.39166677,0
1,1,0.4666296,0
1,1,0.6425789,1
1,1,0.52648526,1
1,1,0.6271554,1
1,1,0.3237216,0
1,1,0.60680443,1
1,1,0.39898494,0
1,1,0.44544527,0
1,1,0.3638197,0
1,1,0.50472265,1
1,1,0.50385296,1
1,1,0.47617677,0
1,1,0.6272396,1
1,1,0.6682213,1
1,1,0.65926504,1
1,1,0.85360616,1
1,1,0.86924213,1
1,1,0.8185226,1
1,1,0.91989034,1
1,1,0.45884797,0
1,1,0.54500407,1
1,1,0.5718386,1
1,1,0.48873848,0
1,1,0.94395214,1
1,1,0.96647036,1
1,1,0.94656026,1
1,1,0.9578627,1
1,1,0.95853174,1
1,1,0.9595038,1
1,1,0.9551575,1
1,1,0.9300498,1
1,1,0.92800164,1
1,1,0.88769186,1
1,1,0.9133143,1
1,1,0.9068474,1
1,1,0.95427966,1
1,1,0.9444036,1
1,1,0.14472462,0
1,1,0.34793237,0
1,1,0.2628714,0
1,1,0.15350556,0
1,1,0.33420295,0
1,1,0.5343047,1
1,1,0.38207346,0
1,1,0.32752052,0
1,1,0.3503065,0
1,1,0.7338938,1
1,1,0.7085007,1
1,1,0.6929845,1
1,1,0.7272117,1
1,1,0.71641475,1
1,1,0.7688023,1
1,1,0.85306954,1
1,1,0.8457102,1
1,1,0.91626275,1
1,1,0.8506719,1
1,1,0.8294581,1
1,1,0.8528273,1
1,1,0.78883946,1
1,1,0.8901759,1
1,1,0.79028296,1
1,1,0.6872275,1
1,1,0.7631652,1
1,1,0.7006851,1
1,1,0.63782334,1
1,1,0.7606379,1
1,1,0.77389586,1
1,1,0.86971265,1
1,1,0.75383663,1
1,1,0.8227144,1
1,1,0.8326776,1
1,1,0.7534489,1
1,1,0.7982553,1
1,1,0.7442048,1
1,1,0.59845334,1
1,1,0.43040782,0
1,1,0.5692035,1
1,1,0.48268142,0
1,1,0.6508529,1
1,1,0.52914256,1
1,1,0.6261685,1
1,1,0.5781966,1
1,1,0.61351544,1
1,1,0.6887398,1
1,1,0.60223603,1
1,1,0.755915,1
1,1,0.72143394,1
1,1,0.73684156,1
1,1,0.6928527,1
1,1,0.7120316,1
1,1,0.7268346,1
1,1,0.71271026,1
1,1,0.72781056,1
1,1,0.7172993,1
1,1,0.6533593,1
1,1,0.66782135,1
1,1,0.68028605,1
1,1,0.631694,1
1,1,0.76470256,1
1,1,0.86601526,1
1,1,0.8621589,1
1,1,0.7746254,1
1,1,0.8381614,1
1,1,0.83182055,1
1,1,0.77332306,1
1,1,0.8300136,1
1,1,0.85395586,1
1,0,0.53162616,1
1,0,0.49409184,0
1,0,0.55871964,1
1,0,0.5496931,1
1,0,0.6429698,1
1,0,0.6921281,1
1,0,0.678135,1
1,0,0.8502802,1
1,0,0.87725794,1
1,0,0.85599506,1
1,0,0.9172181,1
1,0,0.5040219,1
1,0,0.6319094,1
1,0,0.59814817,1
1,0,0.5067616,1
1,0,0.47130567,0
1,0,0.46202436,0
1,1,0.9053821,1
1,1,0.897761,1
1,1,0.760787,1
1,1,0.73289347,1
1,1,0.79014945,1
1,1,0.9462477,1
1,1,0.9638265,1
1,1,0.81272864,1
1,1,0.8881131,1
1,1,0.92632765,1
1,1,0.939212,1
1,1,0.96447587,1
1,1,0.9755853,1
1,1,0.9362287,1
1,1,0.96889246,1
1,1,0.9700797,1
1,1,0.94567347,1
1,1,0.9445901,1
1,1,0.9467008,1
1,1,0.9406393,1
1,1,0.7869269,1
1,1,0.8044342,1
1,1,0.82059675,1
1,1,0.90082395,1
1,1,0.87086827,1
1,1,0.58775514,1
1,1,0.7296135,1
1,1,0.6840318,1
1,1,0.76020986,1
1,1,0.80702955,1
1,1,0.80270267,1
1,1,0.2531864,0
1,1,0.5577653,1
1,1,0.46169186,0
1,1,0.3032645,0
1,1,0.3257448,0
1,1,0.64027375,1
1,1,0.3780465,0
1,1,0.3319514,0
1,1,0.34260997,0
1,1,0.67156667,1
1,1,0.27596965,0
1,1,0.4552396,0
1,1,0.750687,1
1,1,0.5476906,1
1,1,0.50804275,1
1,1,0.70297915,1
1,1,0.8128392,1
1,1,0.30033183,0
1,1,0.14244208,0
1,1,0.6196081,1
1,0,0.15170066,0
1,0,0.31373653,0
1,0,0.52162045,1
1,0,0.37937695,0
1,0,0.3291195,0
1,0,0.35463443,0
1,0,0.3915436,0
1,0,0.4171758,0
1,0,0.56654286,1
1,0,0.20243734,0
1,0,0.6280798,1
1,0,0.538834,1
1,0,0.33480716,0
1,0,0.6896428,1
1,0,0.8058143,1
1,0,0.28637475,0
1,0,0.24791838,0
1,0,0.23809455,0
1,0,0.2460599,0
1,0,0.27628306,0
1,0,0.3438622,0
1,0,0.36985916,0
1,0,0.81679684,1
1,0,0.8545497,1
1,0,0.5577962,1
1,0,0.6742057,1
1,0,0.75450855,1
1,0,0.5371124,1
1,0,0.68550754,1
1,0,0.6837327,1
1,0,0.35801,0
1,0,0.5446167,1
1,0,0.78889716,1
1,0,0.5913985,1
1,0,0.38601828,0
1,0,0.388388,0
1,0,0.4458651,0
1,0,0.4603539,0
1,0,0.5492842,1
1,0,0.42277932,0
1,0,0.6902762,1
1,0,0.77863514,1
1,0,0.7267962,1
1,0,0.7240188,1
1,0,0.75153667,1
1,0,0.6871914,1
1,0,0.69405025,1
1,0,0.5704771,1
1,0,0.7489498,1
1,0,0.472553,0
1,0,0.5943173,1
1,0,0.5379241,1
1,0,0.4980238,0
1,0,0.47394416,0
1,0,0.6595262,1
1,1,0.6706178,1
1,1,0.76356155,1
1,1,0.5990623,1
1,1,0.6047779,1
1,1,0.5508803,1
1,1,0.52188784,1
1,1,0.5058574,1
1,1,0.44984996,0
1,1,0.50908554,1
1,1,0.4920989,0
1,1,0.49112985,0
1,1,0.6143968,1
1,1,0.70348936,1
1,1,0.4839565,0
1,1,0.42786634,0
1,1,0.38252893,0
1,1,0.32316816,0
1,1,0.45469466,0
1,1,0.2706911,0
1,1,0.35014915,0
1,1,0.45826098,0
1,1,0.3407787,0
1,1,0.30757096,0
1,1,0.29053512,0
1,1,0.3987337,0
1,1,0.36177033,0
1,1,0.37057105,0
1,1,0.6869367,1
1,0,0.4451195,0
1,0,0.54928666,1
1,0,0.5329076,1
1,0,0.42086294,0
1,0,0.45517293,0
1,0,0.41457778,0
1,0,0.5747806,1
1,0,0.57714593,1
1,1,0.5260339,1
1,1,0.6133034,1
1,1,0.6145233,1
1,1,0.74840766,1
1,1,0.75605065,1
1,1,0.5569019,1
1,1,0.28395623,0
1,1,0.3360295,0
1,1,0.1757248,0
1,1,0.13711019,0
1,1,0.080990605,0
1,1,0.12162868,0
1,1,0.093430914,0
1,1,0.08403965,0
1,1,0.06961133,0
1,1,0.5082285,1
1,1,0.7033345,1
1,1,0.63303083,1
1,1,0.53090346,1
1,1,0.6265767,1
1,1,0.5881144,1
1,1,0.6479454,1
1,1,0.62350214,1
1,0,0.6000696,1
1,0,0.51768786,1
1,0,0.65302163,1
1,0,0.75555676,1
1,0,0.6372197,1
1,0,0.49240345,0
1,0,0.6203687,1
1,0,0.5934529,1
1,0,0.5743497,1
1,0,0.6111233,1
1,0,0.54553944,1
1,0,0.63907635,1
1,0,0.65604705,1
1,0,0.5922103,1
1,0,0.63341427,1
1,0,0.6627275,1
1,0,0.642784,1
1,0,0.7530487,1
1,0,0.66552263,1
1,0,0.7566372,1
1,0,0.79876417,1
1,0,0.6498352,1
1,0,0.81479675,1
1,0,0.7800848,1
1,0,0.6338388,1
1,0,0.56848764,1
1,0,0.5874758,1
1,0,0.77930856,1
1,0,0.8155386,1
1,0,0.6562723,1
1,0,0.79597825,1
1,0,0.85492,1
1,0,0.8889225,1
1,0,0.8015318,1
1,0,0.82174575,1
1,0,0.8933134,1
1,0,0.86350286,1
1,0,0.904364,1
1,0,0.8984088,1
1,0,0.9364135,1
1,0,0.9491393,1
1,0,0.8938943,1
1,0,0.8280111,1
1,0,0.88678646,1
1,0,0.8679583,1
1,0,0.90135807,1
1,0,0.8867185,1
1,0,0.91811234,1
1,0,0.8579086,1
1,0,0.80523545,1
1,0,0.7797038,1
1,0,0.8884436,1
1,0,0.8727366,1
1,0,0.8404464,1
1,0,0.8949905,1
1,0,0.9022922,1
1,0,0.910938,1
1,0,0.8784499,1
1,0,0.9128522,1
1,0,0.8885675,1
1,0,0.7994735,1
1,0,0.78370416,1
1,0,0.8715868,1
1,0,0.81426114,1
1,0,0.69595444,1
1,0,0.8349495,1
1,0,0.7996338,1
1,0,0.900693,1
1,0,0.84260684,1
1,0,0.8808174,1
1,0,0.93296754,1
1,0,0.8581041,1
1,0,0.91067725,1
1,0,0.8893929,1
1,0,0.88913816,1
1,0,0.9169592,1
1,0,0.88629526,1
1,0,0.8602626,1
1,0,0.9290151,1
1,0,0.87465996,1
1,0,0.87843406,1
1,0,0.6950654,1
1,0,0.6850795,1
1,0,0.78101516,1
1,0,0.7387552,1
1,0,0.77798164,1
1,0,0.66351026,1
1,0,0.7093923,1
1,0,0.70415115,1
1,0,0.8617609,1
1,0,0.89364594,1
1,0,0.644865,1
1,0,0.64910907,1
1,0,0.85582507,1
1,0,0.8016067,1
1,0,0.82785666,1
1,0,0.8377236,1
1,0,0.88569653,1
1,0,0.901534,1
1,0,0.8926317,1
1,0,0.89308774,1
1,0,0.9294423,1
1,0,0.92681456,1
1,0,0.91930044,1
1,0,0.8036111,1
1,0,0.8082143,1
1,0,0.90462965,1
1,0,0.84280485,1
1,0,0.8616058,1
1,0,0.8727396,1
1,0,0.8653173,1
1,0,0.7801515,1
1,0,0.86913884,1
1,0,0.9117539,1
1,0,0.9269169,1
1,0,0.8272571,1
1,0,0.83164686,1
1,0,0.67027485,1
1,1,0.7239742,1
1,1,0.6644262,1
1,1,0.79402566,1
1,1,0.7455534,1
1,1,0.7269222,1
1,1,0.6961889,1
1,1,0.69508195,1
1,1,0.6711685,1
1,1,0.8396795,1
1,1,0.80863607,1
1,1,0.8838608,1
1,0,0.86660993,1
1,0,0.84534806,1
1,0,0.85472953,1
1,0,0.8309562,1
1,0,0.8329491,1
1,0,0.83432317,1
1,0,0.7486476,1
1,0,0.79355997,1
1,0,0.80494344,1
1,0,0.8426728,1
1,0,0.7129053,1
1,0,0.74848384,1
1,0,0.75444,1
1,0,0.88200915,1
1,0,0.819063,1
1,0,0.7278167,1
1,0,0.75618136,1
1,0,0.8298262,1
1,0,0.70499426,1
1,0,0.76793647,1
1,0,0.8310466,1
1,0,0.89855725,1
1,0,0.9272913,1
1,0,0.93592066,1
1,0,0.94176584,1
1,0,0.9392194,1
1,0,0.86469483,1
1,0,0.90361375,1
1,0,0.9538722,1
1,0,0.94165826,1
1,0,0.9358222,1
1,0,0.9501392,1
1,0,0.9567384,1
1,0,0.95718765,1
1,0,0.9539088,1
1,0,0.9337894,1
1,0,0.9311609,1
1,0,0.8891038,1
1,0,0.9173504,1
1,0,0.9119569,1
1,0,0.95959187,1
1,0,0.94410086,1
1,0,0.86790615,1
1,0,0.82221955,1
1,0,0.9515812,1
1,0,0.8932518,1
1,0,0.92162675,1
1,0,0.829342,1
1,0,0.8054433,1
1,0,0.75396,1
1,0,0.6776866,1
1,0,0.6971168,1
1,0,0.5587411,1
1,0,0.39897656,0
1,0,0.5969188,1
1,0,0.54622513,1
1,0,0.39732972,0
1,0,0.5749695,1
1,0,0.6903886,1
1,0,0.4394158,0
1,0,0.7581981,1
1,0,0.7327528,1
1,0,0.6487074,1
1,0,0.83056766,1
1,0,0.5524163,1
1,0,0.6217051,1
1,0,0.7380248,1
1,0,0.7326277,1
1,0,0.6866737,1
1,0,0.6725818,1
1,0,0.7337799,1
1,0,0.66307265,1
1,0,0.7766186,1
1,0,0.7823569,1
1,0,0.8157214,1
1,0,0.7758823,1
1,0,0.8479089,1
1,0,0.8155308,1
1,0,0.777546,1
1,0,0.7908487,1
1,0,0.79479164,1
1,0,0.7676392,1
1,0,0.7196539,1
1,0,0.9188979,1
1,0,0.821316,1
1,0,0.8767698,1
1,0,0.8789965,1
1,0,0.89307827,1
1,0,0.85207653,1
1,1,0.6726061,1
1,1,0.59110206,1
1,1,0.6902554,1
1,1,0.39342126,0
1,1,0.66291356,1
1,1,0.38359165,0
1,1,0.50720906,1
1,1,0.3446618,0
1,1,0.48370042,0
1,1,0.45624137,0
1,1,0.46410376,0
1,1,0.7340108,1
1,1,0.6678345,1
1,1,0.54611206,1
1,1,0.46685347,0
1,1,0.70163494,1
1,1,0.73020035,1
1,1,0.6695896,1
1,1,0.7617043,1
1,1,0.61043644,1
1,1,0.69671375,1
1,1,0.73137987,1
1,1,0.7640711,1
1,1,0.7252753,1
1,1,0.86930484,1
1,1,0.6500312,1
1,1,0.5904432,1
1,1,0.7114598,1
1,1,0.7838956,1
1,1,0.67554814,1
1,1,0.5239535,1
1,1,0.6955605,1
1,1,0.6535753,1
1,1,0.64630336,1
1,1,0.67090344,1
1,1,0.6276911,1
1,1,0.66676843,1
1,1,0.72790694,1
1,1,0.66488147,1
1,1,0.71622145,1
1,1,0.8311227,1
1,1,0.69408435,1
1,1,0.855492,1
1,1,0.8143985,1
1,1,0.7339914,1
1,1,0.628816,1
1,1,0.67512363,1
1,1,0.81760836,1
1,1,0.85437095,1
1,1,0.73103017,1
1,1,0.85460544,1
1,1,0.7978917,1
1,1,0.91500014,1
1,1,0.8715341,1
1,1,0.87325627,1
1,1,0.94354814,1
1,1,0.88377905,1
1,1,0.92114764,1
1,1,0.9074217,1
1,1,0.90168476,1
1,1,0.9056483,1
1,1,0.8758262,1
1,1,0.87987053,1
1,1,0.8515426,1
1,1,0.87143326,1
1,1,0.9349224,1
1,1,0.9194111,1
1,1,0.7850303,1
1,1,0.822995,1
1,1,0.911188,1
1,1,0.90334094,1
1,1,0.93460405,1
1,1,0.933101,1
1,1,0.9169266,1
1,1,0.92544997,1
1,1,0.91465497,1
1,1,0.9208169,1
1,1,0.9419756,1
1,1,0.9374246,1
1,1,0.9454732,1
1,1,0.86874646,1
1,1,0.89654887,1
1,1,0.96904725,1
1,1,0.9676723,1
1,1,0.72298795,1
1,1,0.87778723,1
1,1,0.84632903,1
1,1,0.82228905,1
1,1,0.7330337,1
1,1,0.8701417,1
1,1,0.70378435,1
1,1,0.6991892,1
1,1,0.745089,1
1,1,0.76660466,1
1,1,0.74269056,1
1,1,0.74969834,1
1,1,0.80654424,1
1,1,0.78767663,1
1,1,0.8835214,1
1,1,0.8790383,1
1,1,0.88936085,1
1,1,0.8846378,1
1,1,0.92364097,1
1,1,0.86637175,1
1,1,0.80265766,1
1,1,0.8139378,1
1,1,0.681739,1
1,1,0.7610527,1
1,1,0.76317894,1
1,1,0.8014218,1
1,1,0.7638992,1
1,1,0.7641941,1
1,1,0.6370368,1
1,1,0.6744997,1
1,1,0.69817716,1
1,1,0.43458495,0
1,1,0.64187855,1
1,1,0.66639155,1
1,1,0.64148635,1
1,1,0.69823533,1
1,1,0.73031074,1
1,1,0.5811282,1
1,1,0.593315,1
1,1,0.8072895,1
1,1,0.83475953,1
1,1,0.6309579,1
1,1,0.80154985,1
1,1,0.75488055,1
1,1,0.83824754,1
1,1,0.68152225,1
1,1,0.6253501,1
1,1,0.7353426,1
1,1,0.8790509,1
1,1,0.8344567,1
1,1,0.7658912,1
1,1,0.74111885,1
1,1,0.7637144,1
1,1,0.7399469,1
1,1,0.537406,1
1,1,0.62690544,1
1,1,0.82814354,1
1,1,0.8111378,1
1,1,0.8327567,1
1,1,0.7964298,1
1,1,0.6433476,1
1,1,0.65873975,1
1,1,0.55073225,1
1,1,0.699083,1
1,1,0.56356716,1
1,1,0.67172116,1
1,1,0.77610797,1
1,1,0.66161895,1
1,1,0.8830056,1
1,1,0.77437127,1
1,1,0.70251685,1
1,1,0.89239085,1
1,1,0.8049203,1
1,1,0.64347583,1
1,1,0.6356904,1
1,1,0.65549254,1
1,1,0.77063125,1
1,1,0.77910167,1
1,1,0.7169574,1
1,1,0.7098476,1
1,1,0.73045933,1
1,1,0.79986125,1
1,1,0.8388141,1
1,1,0.8000176,1
1,1,0.7327271,1
1,1,0.7679638,1
1,1,0.8605384,1
1,1,0.8306393,1
1,1,0.8279663,1
1,1,0.74660414,1
1,1,0.8676469,1
1,1,0.85855705,1
1,1,0.90967196,1
1,1,0.9076701,1
1,1,0.9146197,1
1,1,0.9089247,1
1,1,0.7346269,1
1,1,0.728183,1
1,1,0.6652593,1
1,1,0.589622,1
1,1,0.57477176,1
1,1,0.75211275,1
1,1,0.37572291,0
1,1,0.71549755,1
1,1,0.58544517,1
1,1,0.6439338,1
1,1,0.6921473,1
1,1,0.83009803,1
1,1,0.6471499,1
1,1,0.66086316,1
1,1,0.81624,1
1,1,0.9085181,1
1,1,0.6647174,1
1,1,0.87506384,1
1,1,0.91013455,1
1,1,0.80503243,1
1,1,0.853371,1
1,1,0.83733517,1
1,1,0.7874394,1
1,1,0.81213605,1
1,1,0.8165805,1
1,1,0.79395324,1
1,1,0.8131432,1
1,1,0.8138756,1
1,1,0.549443,1
1,1,0.5061095,1
1,1,0.802156,1
1,1,0.73225987,1
1,1,0.77993095,1
1,1,0.74363244,1
1,1,0.7290951,1
1,1,0.79947436,1
1,1,0.8892581,1
1,1,0.90361524,1
1,1,0.70101666,1
1,1,0.8174605,1
1,1,0.7703669,1
1,1,0.6005215,1
1,1,0.77301323,1
1,1,0.81523114,1
1,1,0.6680391,1
1,1,0.8172509,1
1,1,0.743042,1
1,1,0.85112196,1
1,1,0.70347464,1
1,1,0.7156256,1
1,1,0.6335329,1
1,1,0.8706173,1
1,1,0.86702067,1
1,1,0.79427755,1
1,1,0.7738659,1
1,1,0.8192689,1
1,1,0.78263074,1
1,1,0.5657164,1
1,1,0.71000516,1
1,0,0.37887537,0
1,0,0.56819445,1
1,0,0.5197351,1
1,0,0.42245224,0
1,0,0.37754375,0
1,0,0.4626675,0
1,0,0.5343053,1
1,0,0.39160547,0
1,0,0.6603449,1
1,0,0.5131577,1
1,0,0.56944865,1
1,0,0.6822453,1
1,0,0.44010514,0
1,0,0.6829035,1
1,0,0.51890904,1
1,0,0.63397735,1
1,0,0.5224041,1
1,0,0.5611621,1
1,0,0.41968334,0
1,0,0.5343736,1
1,0,0.38840705,0
1,0,0.41557953,0
1,0,0.3240914,0
1,0,0.2865624,0
1,0,0.21312597,0
1,0,0.33792362,0
1,0,0.18839113,0
1,0,0.38104376,0
1,0,0.3418697,0
1,0,0.43041795,0
1,0,0.5262658,1
1,0,0.42523703,0
1,0,0.3979116,0
1,0,0.54752433,1
1,0,0.63612586,1
1,0,0.64508706,1
1,0,0.61079186,1
1,0,0.6554124,1
1,0,0.5867507,1
1,0,0.5815544,1
1,0,0.6462018,1
1,0,0.35393605,0
1,0,0.4147927,0
1,0,0.48652115,0
1,0,0.27540883,0
1,0,0.3919966,0
1,0,0.28539753,0
1,0,0.26260185,0
1,0,0.25779292,0
1,0,0.23633954,0
1,0,0.39877656,0
1,0,0.45045674,0
1,0,0.49271452,0
1,0,0.48084253,0
1,0,0.59735435,1
1,0,0.60269535,1
1,0,0.45186484,0
1,0,0.6513212,1
1,0,0.58395696,1
1,0,0.50003594,1
1,0,0.3956428,0
1,0,0.5113184,1
1,0,0.5795707,1
1,0,0.5008788,1
1,0,0.6066987,1
1,0,0.60263884,1
1,0,0.7015725,1
1,0,0.6189687,1
1,0,0.6782586,1
1,0,0.51847583,1
1,0,0.556496,1
1,0,0.60348576,1
1,0,0.5487232,1
1,0,0.4903457,0
1,0,0.49476776,0
1,0,0.5922094,1
1,0,0.5370098,1
1,0,0.583429,1
1,0,0.59252155,1
1,0,0.4785841,0
1,0,0.3969314,0
1,0,0.49794498,0
1,0,0.38092285,0
1,0,0.48555496,0
1,0,0.50386846,1
1,0,0.39967033,0
1,0,0.3092652,0
1,0,0.37437722,0
1,0,0.4710711,0
1,0,0.70789725,1
1,0,0.4580181,0
1,0,0.5916806,1
1,0,0.5522065,1
1,0,0.6183883,1
1,0,0.76941955,1
1,0,0.8120939,1
1,0,0.69439775,1
1,0,0.7450941,1
1,0,0.7202631,1
1,0,0.7146204,1
1,0,0.70164204,1
1,0,0.65260935,1
1,0,0.3988274,0
1,0,0.6647082,1
1,0,0.55315834,1
1,0,0.57609344,1
1,0,0.50312245,1
1,0,0.557868,1
1,0,0.71085125,1
1,0,0.36359343,0
1,0,0.45665973,0
1,0,0.45836702,0
1,0,0.44479316,0
1,0,0.5898253,1
1,0,0.63701004,1
1,0,0.5503995,1
1,0,0.5077809,1
1,0,0.566263,1
1,0,0.593338,1
1,0,0.5816148,1
1,0,0.6004561,1
1,0,0.6695853,1
1,0,0.520448,1
1,0,0.81440187,1
1,0,0.60726136,1
1,0,0.6876784,1
1,0,0.6830891,1
1,0,0.766909,1
1,0,0.6135429,1
1,0,0.64937276,1
1,0,0.64008397,1
1,0,0.3752197,0
1,0,0.56572425,1
1,0,0.45718467,0
1,0,0.6304019,1
1,0,0.5549963,1
1,0,0.4717336,0
1,0,0.5813578,1
1,0,0.55817336,1
1,0,0.35962993,0
1,0,0.32523367,0
1,0,0.4077716,0
1,0,0.50066686,1
1,0,0.39030913,0
1,0,0.5024986,1
1,0,0.4733886,0
1,0,0.65701777,1
1,0,0.40670004,0
1,0,0.5190417,1
1,0,0.30651826,0
1,0,0.39665985,0
1,0,0.378825,0
1,0,0.50583416,1
1,0,0.4361682,0
1,0,0.5862937,1
1,0,0.490663,0
1,0,0.5259351,1
1,0,0.45265332,0
1,0,0.49132153,0
1,0,0.46735469,0
1,0,0.44189528,0
1,0,0.4254684,0
1,0,0.19578336,0
1,0,0.33480635,0
1,0,0.37235287,0
1,0,0.7648012,1
1,0,0.7380971,1
1,0,0.6359907,1
1,0,0.6468708,1
1,0,0.71512574,1
1,0,0.7082231,1
1,0,0.6650316,1
1,0,0.8065916,1
1,0,0.8142511,1
1,0,0.8508614,1
1,0,0.82778335,1
1,0,0.85012746,1
1,0,0.73284256,1
1,0,0.5602003,1
1,0,0.33649424,0
1,0,0.30233347,0
1,0,0.32389092,0
1,0,0.421504,0
1,0,0.545624,1
1,0,0.6275687,1
1,0,0.6052033,1
1,0,0.62584805,1
1,0,0.43733248,0
1,0,0.5419686,1
1,0,0.7463913,1
1,0,0.6506291,1
1,0,0.7154504,1
1,0,0.7837993,1
1,0,0.6799468,1
1,0,0.7421842,1
1,0,0.66118824,1
1,0,0.7610914,1
1,0,0.55882776,1
1,0,0.60350716,1
1,0,0.8165643,1
1,0,0.5609377,1
1,0,0.7509788,1
1,0,0.78312385,1
1,0,0.7079524,1
1,0,0.7817769,1
1,0,0.7800368,1
1,0,0.756962,1
1,0,0.75108933,1
1,0,0.7559803,1
1,0,0.7199551,1
1,0,0.71077114,1
1,0,0.6766506,1
1,0,0.5250076,1
1,0,0.5415108,1
1,0,0.4697592,0
1,0,0.5812063,1
1,0,0.47904485,0
1,0,0.5666199,1
1,0,0.585664,1
1,0,0.7452624,1
1,0,0.5679171,1
1,0,0.6999455,1
1,0,0.75838214,1
1,0,0.5777424,1
1,0,0.59902376,1
1,0,0.604337,1
1,0,0.53642744,1
1,0,0.45725104,0
1,0,0.5854313,1
1,0,0.5513439,1
1,0,0.48819125,0
1,0,0.49650717,0
1,0,0.44427854,0
1,0,0.4046689,0
1,0,0.41248715,0
1,0,0.43187943,0
1,0,0.5163286,1
1,0,0.5660521,1
1,0,0.61271214,1
1,0,0.6633662,1
1,0,0.6229022,1
1,0,0.5123549,1
1,0,0.67480737,1
1,0,0.6202843,1
1,0,0.6588962,1
1,0,0.67333233,1
1,0,0.70393825,1
1,0,0.6307078,1
1,0,0.6475827,1
1,0,0.6533253,1
1,0,0.6047613,1
1,0,0.6035212,1
1,0,0.46300897,0
1,0,0.51198405,1
1,0,0.6175794,1
1,0,0.3095237,0
1,0,0.52404904,1
1,1,0.52377635,1
1,1,0.41436,0
1,1,0.51376086,1
1,1,0.5524906,1
1,1,0.91076237,1
1,1,0.44016033,0
1,1,0.27819565,0
1,1,0.5152425,1
1,1,0.65861887,1
1,0,0.7423056,1
1,0,0.8447202,1
1,0,0.84443676,1
1,0,0.8490649,1
1,0,0.7482044,1
1,0,0.6399459,1
1,0,0.72008854,1
1,0,0.6212183,1
1,0,0.6948762,1
1,0,0.6559316,1
1,0,0.73541176,1
1,0,0.8283066,1
1,0,0.71730065,1
1,0,0.5811759,1
1,0,0.67823374,1
1,0,0.6993064,1
1,0,0.6345467,1
1,0,0.7116405,1
1,0,0.7081633,1
1,0,0.9203521,1
1,0,0.8097722,1
1,0,0.803069,1
1,0,0.8747622,1
1,0,0.8612602,1
1,0,0.8768553,1
1,0,0.8106143,1
1,0,0.8153422,1
1,0,0.8386964,1
1,0,0.79158026,1
1,0,0.83488816,1
1,0,0.9005565,1
1,0,0.8456366,1
1,0,0.8015039,1
1,0,0.85706425,1
1,0,0.90635586,1
1,0,0.8462875,1
1,0,0.8927306,1
1,0,0.8686124,1
1,0,0.85107976,1
1,0,0.93193483,1
1,0,0.921834,1
1,0,0.81977826,1
1,0,0.78542024,1
1,0,0.86789197,1
1,0,0.90694714,1
1,0,0.9242801,1
1,0,0.9325672,1
1,0,0.9251494,1
1,1,0.97690713,1
1,1,0.94564694,1
1,1,0.96677434,1
1,1,0.92439234,1
1,1,0.9433518,1
1,1,0.94874406,1
1,1,0.9556258,1
1,1,0.94703984,1
1,1,0.937238,1
1,1,0.9354735,1
1,1,0.94026554,1
1,1,0.95842534,1
1,1,0.97762364,1
1,1,0.9668255,1
1,1,0.970981,1
1,1,0.9714035,1
1,1,0.9620451,1
1,1,0.9641657,1
1,1,0.9608917,1
1,1,0.9673588,1
1,1,0.97400904,1
1,1,0.95806015,1
1,1,0.9408981,1
1,1,0.91734296,1
1,1,0.1401777,0
1,1,0.64117694,1
1,1,0.52872795,1
1,1,0.62511706,1
1,1,0.63741285,1
1,1,0.83619565,1
1,1,0.7572485,1
1,1,0.80219066,1
1,1,0.7370271,1
1,1,0.74915516,1
1,1,0.79477656,1
1,1,0.84884447,1
1,1,0.77891994,1
1,0,0.24210352,0
1,0,0.08885977,0
1,0,0.15677184,0
1,0,0.15515234,0
1,0,0.25320274,0
1,0,0.3392772,0
1,0,0.11440635,0
1,0,0.20326583,0
1,0,0.22064482,0
1,0,0.17308958,0
1,0,0.3927849,0
1,0,0.31887344,0
1,0,0.33895385,0
1,0,0.3820902,0
1,0,0.47986183,0
1,0,0.3852363,0
1,0,0.37814915,0
1,0,0.4258893,0
1,0,0.4115515,0
1,0,0.2858969,0
1,0,0.16732503,0
1,0,0.18234749,0
1,0,0.21055818,0
1,1,0.9209755,1
1,1,0.7908812,1
1,1,0.84187657,1
1,1,0.85578907,1
1,1,0.8566835,1
1,1,0.8703403,1
1,1,0.92088294,1
1,1,0.66834116,1
1,1,0.83774674,1
1,1,0.70899445,1
1,1,0.7097547,1
1,1,0.71209234,1
1,1,0.6746705,1
1,1,0.6896692,1
1,1,0.74884987,1
1,1,0.8199288,1
1,1,0.81335205,1
1,1,0.7892392,1
1,1,0.87640786,1
1,1,0.8200781,1
1,1,0.8575853,1
1,1,0.8265561,1
1,1,0.84093726,1
1,1,0.7589027,1
1,1,0.81823504,1
1,1,0.72561365,1
1,1,0.7920712,1
1,1,0.755477,1
1,1,0.8787509,1
1,1,0.86741877,1
1,1,0.8910739,1
1,1,0.9004877,1
1,1,0.87585545,1
1,1,0.90136063,1
1,1,0.84787565,1
1,1,0.76886165,1
1,1,0.8401463,1
1,1,0.8626833,1
1,1,0.8340555,1
1,1,0.8386179,1
1,1,0.7648903,1
1,1,0.6148867,1
1,1,0.8128712,1
1,1,0.72702354,1
1,1,0.6623887,1
1,1,0.7397632,1
1,1,0.68525654,1
1,1,0.68934023,1
1,1,0.71094185,1
1,1,0.49293467,0
1,1,0.52353823,1
1,1,0.4017774,0
1,1,0.44596267,0
1,1,0.57309884,1
1,1,0.555965,1
1,1,0.57878006,1
1,1,0.51773685,1
1,1,0.48719874,0
1,1,0.5952663,1
1,1,0.76948637,1
1,1,0.53168327,1
1,1,0.5447844,1
1,1,0.7170325,1
1,1,0.69551086,1
1,1,0.7454841,1
1,1,0.70763284,1
1,1,0.67539555,1
1,1,0.74389553,1
1,1,0.8150213,1
1,1,0.79697543,1
1,1,0.82553583,1
1,1,0.805752,1
1,1,0.7906756,1
1,1,0.8058626,1
1,1,0.7246539,1
1,1,0.8939487,1
1,1,0.808629,1
1,1,0.8240974,1
1,1,0.92396635,1
1,1,0.83520883,1
1,1,0.9198273,1
1,1,0.8940389,1
1,1,0.9059504,1
1,1,0.928536,1
1,1,0.92785805,1
1,1,0.8606959,1
1,1,0.8620853,1
1,1,0.84811044,1
1,1,0.8555396,1
1,1,0.76288354,1
1,1,0.8940921,1
1,1,0.87445104,1
1,1,0.8434635,1
1,1,0.73363525,1
1,1,0.7971971,1
1,1,0.79068685,1
1,1,0.7059155,1
1,1,0.77630687,1
1,1,0.8600248,1
1,1,0.7705611,1
1,1,0.7771168,1
1,1,0.4175081,0
1,1,0.6664362,1
1,1,0.5241236,1
1,1,0.3842126,0
1,1,0.440102,0
1,1,0.5923101,1
1,1,0.5486978,1
1,1,0.3711475,0
1,1,0.4093619,0
1,1,0.35748404,0
1,1,0.42105806,0
1,1,0.62835526,1
1,1,0.43629694,0
1,1,0.5101521,1
1,1,0.64399725,1
1,1,0.59975594,1
1,1,0.605274,1
1,1,0.615711,1
1,1,0.64808583,1
1,1,0.6452815,1
1,1,0.73190904,1
1,1,0.7577415,1
1,1,0.7956761,1
1,1,0.6932356,1
1,1,0.76489633,1
1,0,0.61823213,1
1,0,0.4845528,0
1,0,0.63476723,1
1,0,0.47182134,0
1,0,0.58476746,1
1,0,0.6613215,1
1,0,0.5215248,1
1,0,0.47929963,0
1,0,0.486873,0
1,0,0.5864717,1
1,0,0.48043522,0
1,0,0.56269324,1
1,0,0.7660598,1
1,0,0.7361427,1
1,0,0.77762777,1
1,0,0.7287034,1
1,0,0.58769584,1
1,0,0.85078967,1
1,0,0.7131783,1
1,0,0.6619826,1
1,0,0.8471583,1
1,0,0.7760851,1
1,0,0.58726895,1
1,0,0.5936857,1
1,0,0.5760246,1
1,0,0.7334687,1
1,0,0.6296438,1
1,1,0.211104,0
1,1,0.22512874,0
1,1,0.23614743,0
1,1,0.36480972,0
1,1,0.14722301,0
1,1,0.4940409,0
1,1,0.5603076,1
1,1,0.3061155,0
1,1,0.68900305,1
1,1,0.2965492,0
1,1,0.45465454,0
1,1,0.7600571,1
1,1,0.5918852,1
1,1,0.42785302,0
1,1,0.65491647,1
1,1,0.8378188,1
1,1,0.3458644,0
1,1,0.1495881,0
1,1,0.6388345,1
1,1,0.54865044,1
1,1,0.65396804,1
1,1,0.64884573,1
1,1,0.72779053,1
1,1,0.5943976,1
1,1,0.7666153,1
1,1,0.8876402,1
1,1,0.8014361,1
1,1,0.7288376,1
1,1,0.7963868,1
1,1,0.8094675,1
1,1,0.7903167,1
1,1,0.64132875,1
1,1,0.8193501,1
1,1,0.12469555,0
1,1,0.5954682,1
1,1,0.3333588,0
1,1,0.8985312,1
1,1,0.98370785,1
1,1,0.92879343,1
1,1,0.7744061,1
1,1,0.5842636,1
1,1,0.28055862,0
1,1,0.046471104,0
1,1,0.2695288,0
1,1,0.09460074,0
1,1,0.55340135,1
1,1,0.36902973,0
1,1,0.69161856,1
1,1,0.7969264,1
1,1,0.7484809,1
1,1,0.7888015,1
1,1,0.5872696,1
1,1,0.75722027,1
1,1,0.7977417,1
1,1,0.4824735,0
1,1,0.53060883,1
1,1,0.82675904,1
1,1,0.7033043,1
1,1,0.67514545,1
1,1,0.72768945,1
1,1,0.71406233,1
1,1,0.7059909,1
1,1,0.78588295,1
1,1,0.79551643,1
1,1,0.8121729,1
1,1,0.77910715,1
1,1,0.7843603,1
1,1,0.83682466,1
1,1,0.7685876,1
1,1,0.8378028,1
1,1,0.8937433,1
1,1,0.81555635,1
1,1,0.8002572,1
1,1,0.86799955,1
1,1,0.7797329,1
1,1,0.80319846,1
1,1,0.81746894,1
1,1,0.8452646,1
1,1,0.8085567,1
1,1,0.78766155,1
1,1,0.61194706,1
1,1,0.6659188,1
1,1,0.76781064,1
1,1,0.60866183,1
1,1,0.5129059,1
1,1,0.4894692,0
1,1,0.49310616,0
1,1,0.63083094,1
1,1,0.7082894,1
1,1,0.4801829,0
1,1,0.6556229,1
1,1,0.4364363,0
1,1,0.621811,1
1,1,0.5517187,1
1,1,0.67801845,1
1,1,0.55002147,1
1,1,0.65831316,1
1,1,0.6465313,1
1,1,0.6422418,1
1,1,0.7394987,1
1,1,0.6819685,1
1,1,0.78350544,1
1,1,0.7479934,1
1,1,0.7961671,1
1,1,0.12780109,0
1,1,0.25359043,0
1,1,0.26670238,0
1,1,0.19039513,0
1,1,0.089020826,0
1,1,0.13888869,0
1,1,0.45368603,0
1,0,0.5607648,1
1,0,0.5877197,1
1,0,0.3588788,0
1,0,0.3683854,0
1,0,0.6211567,1
1,0,0.68304366,1
1,0,0.46034017,0
1,0,0.56987524,1
1,0,0.6414323,1
1,0,0.5509857,1
1,0,0.49339166,0
1,0,0.48142862,0
1,0,0.3459978,0
1,0,0.38012132,0
1,0,0.33687228,0
1,1,0.7371075,1
1,1,0.7206619,1
1,1,0.7988462,1
1,1,0.7485293,1
1,1,0.7214485,1
1,1,0.71845436,1
1,1,0.81746465,1
1,1,0.82871795,1
1,1,0.8812237,1
1,1,0.80705464,1
1,1,0.8193431,1
1,1,0.8666202,1
1,1,0.7718329,1
2,1,0.79214966,1
2,1,0.48562273,0
2,1,0.71569425,1
2,1,0.8308922,1
2,1,0.82978714,1
2,1,0.70082235,1
2,1,0.9127066,1
2,1,0.901954,1
2,1,0.9187389,1
2,1,0.8501749,1
2,1,0.83435935,1
2,0,0.7158264,1
2,0,0.70462704,1
2,0,0.81800234,1
2,0,0.13505338,0
2,0,0.30373007,0
2,0,0.7580521,1
2,0,0.70749664,1
2,0,0.5382646,1
2,0,0.76142925,1
2,0,0.7368191,1
2,0,0.58008915,1
2,0,0.60633105,1
2,1,0.64819545,1
2,1,0.5564304,1
2,1,0.5312393,1
2,1,0.6285308,1
2,1,0.5360906,1
2,1,0.78983694,1
2,1,0.7207028,1
2,1,0.6331465,1
2,1,0.68124765,1
2,1,0.59537345,1
2,1,0.5281324,1
2,1,0.7842059,1
2,1,0.6754802,1
2,1,0.46129563,0
2,1,0.6261005,1
2,1,0.6861157,1
2,1,0.5480542,1
2,1,0.7297025,1
2,1,0.6418472,1
2,1,0.71504354,1
2,1,0.60256976,1
2,1,0.8070688,1
2,1,0.64040905,1
2,1,0.43854836,0
2,1,0.83227783,1
2,1,0.75529,1
2,1,0.76746464,1
2,1,0.637983,1
2,1,0.68310237,1
2,1,0.42262983,0
2,1,0.37033188,0
2,1,0.3788773,0
2,1,0.43439308,0
2,1,0.33322996,0
2,1,0.37186602,0
2,1,0.1411357,0
2,1,0.65287155,1
2,1,0.5706991,1
2,1,0.53256863,1
2,1,0.48772842,0
2,1,0.49187148,0
2,1,0.6619707,1
2,1,0.41634482,0
2,1,0.6134768,1
2,1,0.24159221,0
2,1,0.6751032,1
2,1,0.55498344,1
2,1,0.5397848,1
2,1,0.5215888,1
2,1,0.47663647,0
2,1,0.54002696,1
2,1,0.3559486,0
2,1,0.74800366,1
2,1,0.20310192,0
2,1,0.17551838,0
2,1,0.12307114,0
2,1,0.38768628,0
2,1,0.36125457,0
2,1,0.3304225,0
2,1,0.46191686,0
2,1,0.36780104,0
2,1,0.32105052,0
2,1,0.33553618,0
2,1,0.90195423,1
2,1,0.939613,1
2,1,0.93266207,1
2,1,0.92645836,1
2,1,0.9034993,1
2,1,0.8925684,1
2,1,0.92405,1
2,1,0.9270502,1
2,1,0.90696996,1
2,1,0.92214435,1
2,1,0.9487977,1
2,1,0.9334321,1
2,1,0.91955036,1
2,1,0.9448865,1
2,1,0.9279604,1
2,1,0.9253877,1
2,1,0.8884285,1
2,1,0.9439913,1
2,1,0.90659124,1
2,1,0.9696917,1
2,1,0.94494355,1
2,1,0.95838904,1
2,1,0.927383,1
2,1,0.69131047,1
2,1,0.76888025,1
2,1,0.7054181,1
2,1,0.80704916,1
2,1,0.53116244,1
2,1,0.50926936,1
2,1,0.5469205,1
2,1,0.41285738,0
2,1,0.4069276,0
2,1,0.34491906,0
2,1,0.52860314,1
2,1,0.5540339,1
2,1,0.4945286,0
2,1,0.5483149,1
2,1,0.6215362,1
2,1,0.6099499,1
2,1,0.7032892,1
2,1,0.6895055,1
2,1,0.6342233,1
2,1,0.8221682,1
2,1,0.7363728,1
2,1,0.75620395,1
2,1,0.89041,1
2,1,0.66690713,1
2,1,0.57051116,1
2,1,0.74563867,1
2,1,0.6689538,1
2,1,0.656016,1
2,1,0.68896437,1
2,1,0.9331277,1
2,1,0.87587106,1
2,1,0.8606073,1
2,1,0.929366,1
2,1,0.9310678,1
2,1,0.90017396,1
2,1,0.8346425,1
2,1,0.93924445,1
2,1,0.9254902,1
2,1,0.89172626,1
2,1,0.7953877,1
2,1,0.93253267,1
2,1,0.907983,1
2,1,0.9347055,1
2,1,0.97022074,1
2,1,0.9698933,1
2,1,0.948185,1
2,1,0.9703561,1
2,1,0.9492498,1
2,1,0.95032454,1
2,1,0.9660828,1
2,1,0.94724077,1
2,1,0.9148343,1
2,1,0.96507573,1
2,1,0.96499443,1
2,1,0.96159065,1
2,1,0.9689727,1
2,1,0.96206784,1
2,1,0.9605612,1
2,1,0.9693773,1
2,1,0.9435667,1
2,1,0.9445608,1
2,1,0.9399794,1
2,1,0.95514566,1
2,1,0.9761422,1
2,1,0.97084683,1
2,1,0.9610509,1
2,1,0.9778821,1
2,1,0.9627748,1
2,1,0.96577,1
2,1,0.95495737,1
2,1,0.97405463,1
2,1,0.9668119,1
2,1,0.9792037,1
2,1,0.9670301,1
2,1,0.9761035,1
2,1,0.95755684,1
2,0,0.72610605,1
2,0,0.7159226,1
2,0,0.6598357,1
2,0,0.6847469,1
2,0,0.5992074,1
2,0,0.4940511,0
2,0,0.41131842,0
2,0,0.17137936,0
2,1,0.6413902,1
2,1,0.7422531,1
2,1,0.82811975,1
2,1,0.7427432,1
2,1,0.85559297,1
2,1,0.8550675,1
2,1,0.8978056,1
2,1,0.7991507,1
2,1,0.7791894,1
2,1,0.7369442,1
2,1,0.72262055,1
2,1,0.69693375,1
2,1,0.6731048,1
2,1,0.68893474,1
2,1,0.97452205,1
2,1,0.96744734,1
2,1,0.9248958,1
2,1,0.9689756,1
2,1,0.9366551,1
2,1,0.9227472,1
2,1,0.92728823,1
2,1,0.9369949,1
2,1,0.9268381,1
2,1,0.9161665,1
2,1,0.9091505,1
2,1,0.9641329,1
2,1,0.96018136,1
2,1,0.9318853,1
2,1,0.9451767,1
2,1,0.8843312,1
2,1,0.88309836,1
2,1,0.8948108,1
2,1,0.87400633,1
2,1,0.8744984,1
2,1,0.8681236,1
2,1,0.8117854,1
2,1,0.8213508,1
2,1,0.9153755,1
2,1,0.82192534,1
2,1,0.9101618,1
2,1,0.95538425,1
2,1,0.87486136,1
2,1,0.7367047,1
2,1,0.8371493,1
2,1,0.81727606,1
2,1,0.7593201,1
2,1,0.82049644,1
2,1,0.7383202,1
2,1,0.8411565,1
2,1,0.80733424,1
2,1,0.93169713,1
2,1,0.9168169,1
2,1,0.90376896,1
2,1,0.94929194,1
2,1,0.91931564,1
2,1,0.9333434,1
2,1,0.89039856,1
2,1,0.91525185,1
2,1,0.80712295,1
2,1,0.86570245,1
2,1,0.9621963,1
2,1,0.8027388,1
2,1,0.9305417,1
2,1,0.7530076,1
2,1,0.9020939,1
2,1,0.8321965,1
2,1,0.9143667,1
2,1,0.9213253,1
2,1,0.9303261,1
2,1,0.87218845,1
2,1,0.8717362,1
2,1,0.9042428,1
2,1,0.8949455,1
2,1,0.84161776,1
2,1,0.55120397,1
2,1,0.5872574,1
2,1,0.8168774,1
2,1,0.69255406,1
2,1,0.8191719,1
2,1,0.5333086,1
2,1,0.67836714,1
2,1,0.5593387,1
2,1,0.51950336,1
2,0,0.8943347,1
2,0,0.6809484,1
2,0,0.88662404,1
2,0,0.78847563,1
2,0,0.67820644,1
2,0,0.6259733,1
2,0,0.79120195,1
2,0,0.7627238,1
2,0,0.7613137,1
2,0,0.51497614,1
2,0,0.7975553,1
2,0,0.44380316,0
2,0,0.77443856,1
2,0,0.6840864,1
2,0,0.701726,1
2,0,0.50143814,1
2,0,0.85339105,1
2,0,0.69620836,1
2,0,0.92863244,1
2,0,0.888984,1
2,0,0.82009387,1
2,0,0.752616,1
2,0,0.7851282,1
2,0,0.8947648,1
2,0,0.6383034,1
2,0,0.8486262,1
2,0,0.76316345,1
2,0,0.76118726,1
2,0,0.5662977,1
2,0,0.6387077,1
2,0,0.6038852,1
2,0,0.7012281,1
2,0,0.538677,1
2,0,0.77890223,1
2,0,0.5756265,1
2,0,0.57368875,1
2,0,0.71820486,1
2,0,0.46809644,0
2,0,0.44261998,0
2,0,0.44335705,0
2,0,0.36464164,0
2,0,0.6546606,1
2,0,0.7143485,1
2,0,0.71913344,1
2,0,0.56314415,1
2,0,0.79254115,1
2,0,0.82801676,1
2,0,0.7536702,1
2,0,0.6764457,1
2,0,0.6547731,1
2,0,0.55204153,1
2,0,0.7732489,1
2,0,0.7483351,1
2,0,0.7513837,1
2,0,0.72903717,1
2,0,0.81572133,1
2,0,0.77634007,1
2,0,0.79971325,1
2,0,0.7153617,1
2,0,0.73649085,1
2,0,0.5716649,1
2,0,0.73645353,1
2,0,0.88715833,1
2,0,0.8676443,1
2,0,0.8438016,1
2,0,0.8158716,1
2,0,0.8747555,1
2,0,0.8299579,1
2,0,0.72632617,1
2,0,0.84374136,1
2,0,0.88253033,1
2,0,0.82313156,1
2,0,0.86139596,1
2,0,0.8141615,1
2,0,0.77288544,1
2,0,0.8328435,1
2,0,0.89798236,1
2,0,0.9319253,1
2,0,0.8320147,1
2,0,0.73468655,1
2,0,0.86632514,1
2,0,0.6649957,1
2,0,0.77298653,1
2,0,0.7901249,1
2,0,0.7365319,1
2,0,0.7419064,1
2,0,0.63551027,1
2,0,0.75458974,1
2,1,0.37987277,0
2,1,0.18720399,0
2,1,0.53486264,1
2,1,0.5543843,1
2,1,0.45046106,0
2,1,0.38121635,0
2,1,0.62976706,1
2,1,0.66745573,1
2,1,0.62744415,1
2,1,0.40131524,0
2,1,0.46309566,0
2,1,0.69979167,1
2,1,0.30056757,0
2,1,0.736188,1
2,1,0.8477861,1
2,1,0.8184169,1
2,1,0.78797257,1
2,1,0.85814214,1
2,1,0.7149938,1
2,1,0.8817633,1
2,1,0.93466926,1
2,1,0.90792835,1
2,1,0.83583724,1
2,1,0.887414,1
2,1,0.89655954,1
2,1,0.8964572,1
2,1,0.910454,1
2,1,0.900483,1
2,1,0.85808843,1
2,1,0.9802388,1
2,1,0.9484017,1
2,1,0.9337148,1
2,1,0.9103948,1
2,1,0.733125,1
2,1,0.57703525,1
2,1,0.7011949,1
2,1,0.61520207,1
2,1,0.58519244,1
2,1,0.75979733,1
2,1,0.72402567,1
2,1,0.7260165,1
2,1,0.5222068,1
2,1,0.6393077,1
2,1,0.7454608,1
2,1,0.7073971,1
2,1,0.64478743,1
2,1,0.4566234,0
2,1,0.6066542,1
2,1,0.58948797,1
2,1,0.542837,1
2,1,0.5928838,1
2,1,0.60394853,1
2,1,0.56749827,1
2,1,0.44229698,0
2,1,0.36572397,0
2,1,0.48237458,0
2,1,0.37488535,0
2,1,0.7604433,1
2,1,0.773148,1
2,1,0.54334015,1
2,1,0.14366516,0
2,1,0.4548588,0
2,1,0.43051013,0
2,1,0.3060081,0
2,0,0.9543543,1
2,0,0.96356004,1
2,0,0.93634206,1
2,0,0.9590217,1
2,0,0.9414806,1
2,0,0.9530141,1
2,0,0.87966603,1
2,0,0.88894635,1
2,0,0.7874471,1
2,0,0.8071127,1
2,0,0.91170216,1
2,0,0.8452866,1
2,0,0.8224829,1
2,0,0.9118526,1
2,0,0.71569216,1
2,1,0.5661886,1
2,1,0.6103964,1
2,1,0.42868024,0
2,1,0.5661504,1
2,1,0.86902905,1
2,1,0.84773934,1
2,1,0.8236165,1
2,1,0.8644024,1
2,1,0.86039,1
2,1,0.83735096,1
2,1,0.8950792,1
2,1,0.90196645,1
2,1,0.9055136,1
2,1,0.919566,1
2,1,0.87428,1
2,1,0.85987943,1
2,1,0.6440281,1
2,1,0.70777303,1
2,1,0.49545157,0
2,1,0.77704895,1
2,1,0.6560792,1
2,1,0.8224735,1
2,1,0.66780794,1
2,1,0.6956831,1
2,1,0.76093817,1
2,1,0.7079077,1
2,1,0.75452036,1
2,1,0.6191639,1
2,1,0.80612326,1
2,1,0.71125346,1
2,1,0.8356683,1
2,1,0.73785764,1
2,1,0.9606555,1
2,1,0.96860105,1
2,1,0.9654977,1
2,1,0.9651092,1
2,1,0.95950216,1
2,1,0.9543066,1
2,1,0.9712759,1
2,1,0.9676568,1
2,1,0.9589714,1
2,1,0.95241374,1
2,1,0.9827238,1
2,1,0.9707355,1
2,1,0.965886,1
2,1,0.937435,1
2,1,0.9570491,1
2,1,0.76928884,1
2,1,0.57069755,1
2,1,0.62594616,1
2,1,0.6334328,1
2,1,0.7530912,1
2,1,0.62091076,1
2,1,0.72062373,1
2,1,0.7701481,1
2,1,0.6530321,1
2,1,0.8013152,1
2,1,0.75926244,1
2,1,0.7127991,1
2,1,0.81802654,1
2,1,0.8499141,1
2,1,0.71599877,1
2,1,0.8353722,1
2,1,0.81602675,1
2,1,0.8536607,1
2,1,0.69923425,1
2,1,0.5397839,1
2,1,0.58870864,1
2,1,0.5982497,1
2,1,0.73190176,1
2,1,0.63886434,1
2,1,0.65306515,1
2,1,0.897644,1
2,1,0.89146215,1
2,1,0.8711756,1
2,1,0.8984103,1
2,1,0.91636825,1
2,1,0.9236921,1
2,1,0.92194766,1
2,1,0.9321413,1
2,1,0.7559976,1
2,1,0.8578721,1
2,1,0.89146763,1
2,1,0.9725355,1
2,1,0.85955375,1
2,1,0.6990584,1
2,1,0.8735027,1
2,1,0.72415787,1
2,1,0.88071537,1
2,1,0.90440404,1
2,1,0.9406133,1
2,1,0.9025568,1
2,1,0.8966605,1
2,1,0.5818425,1
2,0,0.8261846,1
2,0,0.58971006,1
2,0,0.84083366,1
2,0,0.7917607,1
2,0,0.76704836,1
2,0,0.8618321,1
2,0,0.82708246,1
2,0,0.8353752,1
2,0,0.77189165,1
2,0,0.85353875,1
2,0,0.9030273,1
2,0,0.8876261,1
2,0,0.82444394,1
2,0,0.8484286,1
2,0,0.94182,1
2,0,0.8595011,1
2,0,0.9328141,1
2,0,0.9501859,1
2,0,0.8408018,1
2,0,0.8302468,1
2,0,0.8941529,1
2,0,0.84426636,1
2,0,0.79975575,1
2,0,0.7112332,1
2,0,0.6911639,1
2,0,0.64396936,1
2,0,0.7182479,1
2,0,0.7699829,1
2,0,0.86116445,1
2,0,0.8459011,1
2,0,0.8034461,1
2,0,0.84814614,1
2,0,0.8705779,1
2,0,0.9139631,1
2,0,0.8781977,1
2,0,0.90704,1
2,0,0.8778959,1
2,0,0.88721293,1
2,0,0.8962148,1
2,0,0.82205606,1
2,0,0.81473595,1
2,0,0.9031313,1
2,0,0.82836634,1
2,0,0.78645337,1
2,0,0.84991455,1
2,0,0.8673804,1
2,0,0.7971258,1
2,0,0.797654,1
2,0,0.7526498,1
2,0,0.8695452,1
2,0,0.7909872,1
2,0,0.8139777,1
2,0,0.71430963,1
2,0,0.6017063,1
2,0,0.48590648,0
2,0,0.6346967,1
2,0,0.7295083,1
2,0,0.604024,1
2,0,0.80106825,1
2,0,0.75732696,1
2,0,0.72913516,1
2,0,0.7007378,1
2,1,0.7694474,1
2,1,0.75164753,1
2,1,0.72411174,1
2,1,0.56734985,1
2,1,0.5606532,1
2,1,0.544787,1
2,1,0.71570516,1
2,1,0.6228235,1
2,1,0.5970664,1
2,1,0.5224691,1
2,1,0.49093783,0
2,1,0.49504668,0
2,1,0.6104875,1
2,1,0.70172226,1
2,1,0.7960623,1
2,1,0.7860122,1
2,1,0.8026724,1
2,1,0.7149054,1
2,1,0.6426008,1
2,1,0.48034462,0
2,1,0.50380325,1
2,1,0.3929375,0
2,1,0.5039853,1
2,1,0.35336944,0
2,1,0.42081377,0
2,1,0.41065803,0
2,1,0.30635968,0
2,1,0.38289297,0
2,1,0.31923777,0
2,1,0.57718116,1
2,1,0.49326384,0
2,1,0.7620426,1
2,1,0.7453458,1
2,1,0.7987956,1
2,1,0.73426396,1
2,1,0.653113,1
2,1,0.5345527,1
2,1,0.81265676,1
2,1,0.77401865,1
2,1,0.59752756,1
2,1,0.77391165,1
2,1,0.6979347,1
2,1,0.7526568,1
2,1,0.8449319,1
2,1,0.88404447,1
2,1,0.84251463,1
2,1,0.8623166,1
2,1,0.9179155,1
2,1,0.91197354,1
2,1,0.8420051,1
2,1,0.7595769,1
2,1,0.55471325,1
2,1,0.5839477,1
2,1,0.5822319,1
2,1,0.6736899,1
2,1,0.5100828,1
2,1,0.5302355,1
2,1,0.41994926,0
2,1,0.33267936,0
2,1,0.21958528,0
2,1,0.30035624,0
2,1,0.29448077,0
2,1,0.39634803,0
2,1,0.32190436,0
2,1,0.25331387,0
2,1,0.2386671,0
2,1,0.43443507,0
2,1,0.4530713,0
2,1,0.34066623,0
2,1,0.36445928,0
2,1,0.4905326,0
2,1,0.5499656,1
2,1,0.4795738,0
2,1,0.6281246,1
2,1,0.6248749,1
2,1,0.36722398,0
2,1,0.42070845,0
2,1,0.3485873,0
2,1,0.53080785,1
2,1,0.41788143,0
2,1,0.59622097,1
2,1,0.63438207,1
2,1,0.52867776,1
2,1,0.79081076,1
2,1,0.62699014,1
2,1,0.5537009,1
2,1,0.61437786,1
2,1,0.5184138,1
2,1,0.38849393,0
2,1,0.5089165,1
2,1,0.8084619,1
2,1,0.76699126,1
2,1,0.82706493,1
2,1,0.8058449,1
2,1,0.8840472,1
2,1,0.75986755,1
2,1,0.7177916,1
2,1,0.7722288,1
2,1,0.7008601,1
2,1,0.5984056,1
2,1,0.61661726,1
2,1,0.75266784,1
2,1,0.76999325,1
2,1,0.7422731,1
2,1,0.6791264,1
2,1,0.6843165,1
2,1,0.621995,1
2,1,0.7810021,1
2,1,0.569999,1
2,1,0.7463686,1
2,1,0.5162336,1
2,1,0.5879834,1
2,1,0.528583,1
2,1,0.6125062,1
2,1,0.6301613,1
2,1,0.73473257,1
2,1,0.50248164,1
2,1,0.52129,1
2,1,0.42109892,0
2,1,0.6363789,1
2,1,0.62609273,1
2,1,0.37127706,0
2,1,0.5315449,1
2,1,0.31808522,0
2,1,0.5168891,1
2,1,0.65889096,1
2,1,0.6487191,1
2,1,0.6686046,1
2,1,0.5839368,1
2,1,0.8996328,1
2,1,0.94784606,1
2,1,0.9321993,1
2,1,0.8144488,1
2,1,0.89965296,1
2,1,0.94413954,1
2,1,0.94601583,1
2,1,0.9602819,1
2,1,0.93653464,1
2,1,0.92585397,1
2,1,0.9748018,1
2,1,0.9718883,1
2,1,0.9872427,1
2,1,0.97619104,1
2,1,0.88720775,1
2,1,0.9263632,1
2,1,0.96244633,1
2,1,0.91617036,1
2,1,0.32663414,0
2,1,0.22761716,0
2,1,0.38495094,0
2,1,0.3087988,0
2,1,0.22208107,0
2,1,0.37098053,0
2,1,0.2607058,0
2,1,0.30189058,0
2,1,0.38908803,0
2,1,0.49201983,0
2,1,0.4584886,0
2,1,0.56008404,1
2,1,0.5348424,1
2,1,0.3833159,0
2,1,0.6843904,1
2,1,0.4840092,0
2,1,0.6840646,1
2,1,0.77356637,1
2,1,0.71568435,1
2,1,0.49476925,0
2,1,0.8355016,1
2,1,0.8151331,1
2,1,0.79707456,1
2,1,0.81178063,1
2,1,0.8577206,1
2,1,0.82097656,1
2,1,0.84739673,1
2,1,0.64694124,1
2,1,0.7251326,1
2,1,0.4780433,0
2,1,0.7837542,1
2,1,0.65585876,1
2,1,0.82106495,1
2,1,0.66857517,1
2,1,0.6955427,1
2,1,0.7856818,1
2,1,0.6991178,1
2,1,0.7740853,1
2,1,0.6434056,1
2,1,0.81187874,1
2,1,0.71978927,1
2,1,0.85392785,1
2,1,0.7749684,1
2,1,0.71579015,1
2,1,0.8689332,1
2,1,0.78289944,1
2,1,0.75452125,1
2,1,0.71373916,1
2,1,0.4640799,0
2,1,0.4903206,0
2,1,0.7564643,1
2,1,0.581116,1
2,1,0.79399663,1
2,1,0.8020417,1
2,1,0.72929204,1
2,1,0.40172023,0
2,1,0.73358977,1
2,1,0.5660626,1
2,1,0.49770212,0
2,1,0.5894578,1
2,1,0.81965935,1
2,1,0.88024,1
2,1,0.9216617,1
2,1,0.8174368,1
2,1,0.80968714,1
2,1,0.91041833,1
2,1,0.9053702,1
2,1,0.90181655,1
2,1,0.8399979,1
2,1,0.89517903,1
2,1,0.9064835,1
2,1,0.6919618,1
2,1,0.8208083,1
2,1,0.7381283,1
2,1,0.8342513,1
2,1,0.67006797,1
2,1,0.5078445,1
2,1,0.71161044,1
2,1,0.71850955,1
2,1,0.70026124,1
2,1,0.77590525,1
2,1,0.7424714,1
2,1,0.66170436,1
2,1,0.6186542,1
2,1,0.7139617,1
2,1,0.8622184,1
2,1,0.6608989,1
2,1,0.5828898,1
2,1,0.8067502,1
2,1,0.891851,1
2,1,0.86577445,1
2,1,0.87804204,1
2,1,0.86753696,1
2,1,0.8308965,1
2,1,0.8188335,1
2,1,0.8608924,1
2,1,0.7867897,1
2,1,0.9099779,1
3,1,0.9637584,1
3,1,0.97191656,1
3,1,0.97189605,1
3,1,0.9331578,1
3,1,0.9107265,1
3,1,0.9786266,1
3,1,0.9709892,1
3,1,0.92784536,1
3,1,0.9675909,1
3,1,0.9549245,1
3,1,0.9626038,1
3,1,0.96797234,1
3,1,0.96968657,1
3,1,0.9309934,1
3,1,0.89279395,1
3,1,0.9772366,1
3,1,0.96454054,1
3,1,0.92268205,1
3,1,0.9602026,1
3,1,0.9733123,1
3,1,0.9615551,1
3,1,0.9017222,1
3,1,0.9397498,1
3,1,0.9623414,1
3,1,0.94040096,1
3,1,0.9416113,1
3,1,0.954439,1
3,1,0.9469001,1
3,1,0.94360214,1
3,1,0.9382874,1
3,1,0.9586915,1
3,1,0.9709991,1
3,1,0.9483996,1
3,1,0.6260686,1
3,1,0.7816377,1
3,1,0.76487345,1
3,1,0.82938457,1
3,1,0.9134671,1
3,1,0.8846039,1
3,1,0.7864067,1
3,1,0.8269625,1
3,1,0.7168844,1
3,1,0.70755893,1
3,1,0.72635835,1
3,1,0.71026427,1
3,1,0.68002063,1
3,1,0.69906896,1
3,1,0.8982031,1
3,1,0.9370672,1
3,1,0.9530197,1
3,1,0.93517494,1
3,1,0.9005192,1
3,1,0.87113947,1
3,1,0.9334147,1
3,1,0.9280769,1
3,1,0.92561436,1
3,1,0.92008954,1
3,1,0.9670729,1
3,1,0.92958814,1
3,1,0.93096775,1
3,1,0.92151946,1
3,1,0.89103776,1
3,1,0.9093839,1
3,1,0.92598313,1
3,1,0.93464434,1
3,1,0.9326996,1
3,1,0.9329439,1
3,1,0.9278993,1
3,1,0.9507348,1
3,1,0.9680472,1
3,1,0.95023704,1
3,0,0.7345582,1
3,0,0.70230883,1
3,0,0.77543557,1
3,0,0.7637767,1
3,0,0.6779313,1
3,0,0.8054275,1
3,0,0.66858065,1
3,0,0.8252317,1
3,0,0.84875757,1
3,0,0.7175929,1
3,0,0.8032978,1
3,0,0.77139485,1
3,0,0.7929763,1
3,0,0.7345909,1
3,0,0.8206909,1
3,1,0.949838,1
3,1,0.96132076,1
3,1,0.9586984,1
3,1,0.9140229,1
3,1,0.8520075,1
3,1,0.97004044,1
3,1,0.9509066,1
3,1,0.9097914,1
3,1,0.94624877,1
3,1,0.9677854,1
3,1,0.950994,1
3,1,0.8948637,1
3,1,0.9196602,1
3,1,0.95535964,1
3,1,0.92695695,1
3,1,0.9367827,1
3,1,0.94211394,1
3,1,0.9361865,1
3,1,0.93405783,1
3,1,0.9227953,1
3,1,0.94766945,1
3,1,0.9662506,1
3,1,0.9144394,1
3,1,0.9484225,1
3,1,0.95860463,1
3,1,0.9681084,1
3,1,0.96636367,1
3,1,0.9264466,1
3,1,0.8881076,1
3,1,0.97572017,1
3,1,0.96639544,1
3,1,0.91980493,1
3,1,0.9583583,1
3,1,0.97763705,1
3,1,0.96257,1
3,1,0.9006064,1
3,1,0.9471713,1
3,1,0.9578265,1
3,1,0.9191578,1
3,1,0.9335835,1
3,1,0.94904697,1
3,1,0.94541353,1
3,1,0.93623936,1
3,1,0.9227007,1
3,1,0.9578101,1
3,1,0.94301695,1
3,1,0.93740726,1
3,1,0.81370723,1
3,1,0.88507825,1
3,1,0.93316394,1
3,1,0.9135109,1
3,1,0.9349149,1
3,1,0.913648,1
3,1,0.7328361,1
3,1,0.9114594,1
3,1,0.81634635,1
3,1,0.98638284,1
3,1,0.9473758,1
3,1,0.83058953,1
3,1,0.80802315,1
3,1,0.89018834,1
3,1,0.78136116,1
3,1,0.84816116,1
3,1,0.95048285,1
3,1,0.96678144,1
3,1,0.95820856,1
3,1,0.93996865,1
3,1,0.89266163,1
3,1,0.961171,1
3,1,0.9367056,1
3,1,0.93482965,1
3,1,0.91579187,1
3,1,0.96919876,1
3,1,0.9465688,1
3,1,0.9515688,1
3,1,0.9457556,1
3,1,0.9450496,1
3,1,0.94323367,1
3,1,0.95075196,1
3,1,0.9528453,1
3,1,0.95393187,1
3,1,0.941796,1
3,1,0.94917506,1
3,1,0.9581133,1
3,1,0.9779285,1
3,1,0.9454191,1
3,1,0.90321535,1
3,1,0.954333,1
3,1,0.9653364,1
3,1,0.96784985,1
3,1,0.9379045,1
3,1,0.8649586,1
3,1,0.93695295,1
3,1,0.85227984,1
3,1,0.9013827,1
3,1,0.8901634,1
3,1,0.86825377,1
3,1,0.8652996,1
3,1,0.90769064,1
3,1,0.89560854,1
3,1,0.944875,1
3,1,0.919975,1
3,1,0.9396813,1
3,1,0.9085125,1
3,1,0.94620043,1
3,1,0.9205248,1
3,1,0.9427996,1
3,1,0.9603557,1
3,1,0.9802239,1
3,1,0.9610547,1
3,1,0.95578426,1
3,1,0.9738255,1
3,1,0.9544076,1
3,1,0.9589609,1
3,1,0.93584836,1
3,1,0.971356,1
3,1,0.92679995,1
3,1,0.93939894,1
3,1,0.9185779,1
3,1,0.934718,1
3,1,0.9450493,1
3,1,0.9100662,1
3,1,0.92340845,1
3,1,0.9482742,1
3,1,0.93567586,1
3,1,0.95458657,1
3,1,0.9434134,1
3,1,0.96047574,1
3,1,0.94780856,1
3,1,0.9411818,1
3,1,0.9454537,1
3,1,0.9708109,1
3,1,0.9787445,1
3,1,0.9595912,1
3,1,0.9665219,1
3,1,0.9676134,1
3,1,0.9345492,1
3,1,0.8846924,1
3,1,0.9425794,1
3,1,0.8953033,1
3,1,0.9138235,1
3,1,0.9168323,1
3,1,0.9096658,1
3,1,0.8931329,1
3,1,0.91951936,1
3,1,0.9133766,1
3,1,0.92034626,1
3,1,0.9319606,1
3,1,0.9469251,1
3,1,0.9476151,1
3,1,0.9479994,1
3,1,0.93077266,1
3,1,0.94907206,1
3,1,0.9550699,1
3,1,0.97624195,1
3,1,0.95986503,1
3,1,0.962826,1
3,1,0.9712791,1
3,1,0.97383726,1
3,1,0.93962747,1
3,1,0.9057141,1
3,1,0.95031583,1
3,1,0.8917489,1
3,1,0.91744584,1
3,1,0.9307331,1
3,1,0.91659284,1
3,1,0.89698344,1
3,1,0.939142,1
3,1,0.9281312,1
3,1,0.9458237,1
3,1,0.9310903,1
3,1,0.94332933,1
3,1,0.9228611,1
3,1,0.9464722,1
3,1,0.92825776,1
3,1,0.9426876,1
3,1,0.95769584,1
3,1,0.97990566,1
3,1,0.96201783,1
3,1,0.9324583,1
3,1,0.9492221,1
3,1,0.9415163,1
3,1,0.89498717,1
3,1,0.78502,1
3,1,0.91964984,1
3,1,0.8330397,1
3,1,0.8503469,1
3,1,0.8497635,1
3,1,0.85121346,1
3,1,0.84413403,1
3,1,0.90901023,1
3,1,0.8912068,1
3,1,0.9173197,1
3,1,0.9132536,1
3,1,0.93789124,1
3,1,0.9267351,1
3,1,0.93541825,1
3,1,0.91539085,1
3,1,0.93064225,1
3,1,0.94638777,1
3,1,0.97098505,1
3,1,0.9300814,1
3,1,0.8519523,1
3,1,0.9399401,1
3,1,0.9647098,1
3,1,0.96374553,1
3,1,0.9386938,1
3,1,0.8878981,1
3,1,0.9630691,1
3,1,0.9214956,1
3,1,0.9346175,1
3,1,0.91894776,1
3,1,0.9587179,1
3,1,0.932886,1
3,1,0.9120851,1
3,1,0.9236964,1
3,1,0.93757594,1
3,1,0.9218256,1
3,1,0.92909086,1
3,1,0.9177231,1
3,1,0.9393691,1
3,1,0.9253689,1
3,1,0.9341424,1
3,1,0.9633138,1
3,1,0.9832032,1
3,1,0.9664875,1
3,0,0.53594834,1
3,0,0.6682124,1
3,0,0.64446354,1
3,0,0.7774211,1
3,0,0.85084915,1
3,0,0.69158137,1
3,0,0.65694916,1
3,0,0.6611371,1
3,0,0.56181407,1
3,0,0.57438177,1
3,0,0.5426546,1
3,0,0.8015176,1
3,0,0.6891439,1
3,0,0.6730334,1
3,0,0.69161665,1
3,0,0.70652795,1
3,0,0.62334174,1
3,0,0.57377934,1
3,0,0.5858759,1
3,0,0.69633204,1
3,0,0.66976655,1
3,0,0.7496049,1
3,0,0.6565682,1
3,0,0.7554595,1
3,0,0.7517586,1
3,0,0.52181,1
3,0,0.6652158,1
3,0,0.6976679,1
3,0,0.6251239,1
3,0,0.6832374,1
3,0,0.71007925,1
3,0,0.7744149,1
3,0,0.7534866,1
3,0,0.69261134,1
3,0,0.64094406,1
3,0,0.6929767,1
3,0,0.6511194,1
3,0,0.6373002,1
3,0,0.7281716,1
3,0,0.76456326,1
3,1,0.6219089,1
3,1,0.5585919,1
3,1,0.35954797,0
3,1,0.38677412,0
3,1,0.31017917,0
3,1,0.31155038,0
3,1,0.4851323,0
3,1,0.30106238,0
3,1,0.3584403,0
3,1,0.39914268,0
3,1,0.31538898,0
3,0,0.5008558,1
3,0,0.6476665,1
3,0,0.6623461,1
3,0,0.5318067,1
3,0,0.6011527,1
3,0,0.58283925,1
3,0,0.75835943,1
3,0,0.6716891,1
3,0,0.5866912,1
3,0,0.6004884,1
3,0,0.77621347,1
3,0,0.5982609,1
3,0,0.648876,1
3,0,0.828435,1
3,0,0.6622344,1
3,0,0.5100861,1
3,0,0.48545858,0
3,0,0.34372514,0
3,0,0.39240322,0
3,0,0.57799375,1
3,0,0.49996477,0
3,0,0.34631503,0
3,0,0.3597115,0
3,0,0.3459643,0
3,0,0.4134256,0
3,0,0.4517311,0
3,0,0.60262036,1
3,0,0.34718153,0
3,0,0.40099996,0
3,0,0.59622467,1
3,0,0.7618404,1
3,0,0.5381799,1
3,0,0.5422181,1
3,0,0.5838138,1
3,0,0.6708508,1
3,0,0.83971566,1
3,0,0.7788238,1
3,0,0.72535646,1
3,0,0.71481,1
3,1,0.9394185,1
3,1,0.95986646,1
3,1,0.9554812,1
3,1,0.9290301,1
3,1,0.8824091,1
3,1,0.9538732,1
3,1,0.9296859,1
3,1,0.92695653,1
3,1,0.9101047,1
3,1,0.9607904,1
3,1,0.93345726,1
3,1,0.90257937,1
3,1,0.90426904,1
3,1,0.8981725,1
3,1,0.89333844,1
3,1,0.9335554,1
3,1,0.93907785,1
3,1,0.94190174,1
3,1,0.9210713,1
3,1,0.940161,1
3,1,0.9597112,1
3,1,0.97155255,1
3,1,0.96060205,1
3,1,0.9314095,1
3,1,0.955119,1
3,1,0.9508544,1
3,1,0.92064905,1
3,1,0.8546314,1
3,1,0.9511181,1
3,1,0.9093409,1
3,1,0.9207448,1
3,1,0.9096571,1
3,1,0.9640865,1
3,1,0.92820126,1
3,1,0.9205242,1
3,1,0.9202916,1
3,1,0.91311264,1
3,1,0.8801031,1
3,1,0.9348002,1
3,1,0.91856575,1
3,1,0.94542056,1
3,1,0.921635,1
3,1,0.9219173,1
3,1,0.9536399,1
3,1,0.9706736,1
3,1,0.9290292,1
3,1,0.87634146,1
3,1,0.96730596,1
3,1,0.95135146,1
3,1,0.92279285,1
3,1,0.9146551,1
3,1,0.9390265,1
3,1,0.82649237,1
3,1,0.8859208,1
3,1,0.8207923,1
3,1,0.8115,1
3,1,0.80708444,1
3,1,0.85868055,1
3,1,0.879386,1
3,1,0.93319196,1
3,1,0.90631294,1
3,1,0.92322195,1
3,1,0.8871328,1
3,1,0.9362481,1
3,1,0.91504246,1
3,1,0.92502654,1
3,1,0.96138906,1
3,1,0.981055,1
3,1,0.9641441,1
3,1,0.9370288,1
3,1,0.95979375,1
3,1,0.95632726,1
3,1,0.92658126,1
3,1,0.8671653,1
3,1,0.95239073,1
3,1,0.9145926,1
3,1,0.92422885,1
3,1,0.9127956,1
3,1,0.9659354,1
3,1,0.9309529,1
3,1,0.92064923,1
3,1,0.9131838,1
3,1,0.91651964,1
3,1,0.8764857,1
3,1,0.9351736,1
3,1,0.9245544,1
3,1,0.94230145,1
3,1,0.90390694,1
3,1,0.93817216,1
3,1,0.95310557,1
3,1,0.97305435,1
3,1,0.9357129,1
3,0,0.9440639,1
3,0,0.9573664,1
3,0,0.94690216,1
3,0,0.9422642,1
3,0,0.8667588,1
3,0,0.94694287,1
3,0,0.86211807,1
3,0,0.8360868,1
3,0,0.82945865,1
3,0,0.8381792,1
3,0,0.8762886,1
3,0,0.72333056,1
3,0,0.9242458,1
3,0,0.8290174,1
3,0,0.8681454,1
3,0,0.83280283,1
3,0,0.907026,1
3,0,0.8769985,1
3,0,0.90939254,1
3,0,0.9324488,1
3,0,0.8989833,1
3,0,0.9528101,1
3,0,0.89598984,1
3,0,0.84605265,1
3,0,0.9031476,1
3,0,0.8759198,1
3,0,0.7754718,1
3,0,0.73338866,1
3,0,0.80274224,1
3,0,0.7496254,1
3,0,0.72818285,1
3,0,0.80016756,1
3,0,0.8253009,1
3,1,0.86722845,1
3,1,0.938771,1
3,1,0.9592657,1
3,1,0.9511205,1
3,1,0.9235703,1
3,1,0.85961753,1
3,1,0.9539476,1
3,1,0.91973,1
3,1,0.92597854,1
3,1,0.9145021,1
3,1,0.9639149,1
3,1,0.93266094,1
3,1,0.93737495,1
3,1,0.9265439,1
3,1,0.917354,1
3,1,0.92392635,1
3,1,0.94628733,1
3,1,0.9469489,1
3,1,0.9472537,1
3,1,0.934945,1
3,1,0.9389228,1
3,1,0.9525368,1
3,1,0.97435397,1
3,1,0.938024,1
3,1,0.9412861,1
3,1,0.9614802,1
3,1,0.9546286,1
3,1,0.9236963,1
3,1,0.8670602,1
3,1,0.95253134,1
3,1,0.92459255,1
3,1,0.92899257,1
3,1,0.91479313,1
3,1,0.96609914,1
3,1,0.9363705,1
3,1,0.9365253,1
3,1,0.9217946,1
3,1,0.91888785,1
3,1,0.9206332,1
3,1,0.9444292,1
3,1,0.94211996,1
3,1,0.9437103,1
3,1,0.9250489,1
3,1,0.9371819,1
3,1,0.9496296,1
3,1,0.9736866,1
3,1,0.9388856,1
3,1,0.9753671,1
3,1,0.96232057,1
3,1,0.9268783,1
3,1,0.9521412,1
3,1,0.9734622,1
3,1,0.96000016,1
3,1,0.9193257,1
3,1,0.95190775,1
3,1,0.9625678,1
3,1,0.9329919,1
3,1,0.9584943,1
3,1,0.9688501,1
3,1,0.95605147,1
3,1,0.9400969,1
3,1,0.92967707,1
3,1,0.94969267,1
3,1,0.97903305,1
3,1,0.91564256,1
3,1,0.9830624,1
3,1,0.99174154,1
3,0,0.96014583,1
3,0,0.89967996,1
3,0,0.9789453,1
3,0,0.98508346,1
3,0,0.9280216,1
3,0,0.86915296,1
3,0,0.97742635,1
3,0,0.8048028,1
3,0,0.8655017,1
3,0,0.92444146,1
3,0,0.96221215,1
3,0,0.9264114,1
3,0,0.8945967,1
3,0,0.9191595,1
3,0,0.91337323,1
3,0,0.8497542,1
3,0,0.818968,1
3,0,0.87939364,1
3,1,0.8339802,1
3,1,0.79986745,1
3,1,0.8760363,1
3,1,0.7805608,1
3,1,0.434138,0
3,1,0.75407463,1
3,1,0.53532076,1
3,1,0.84982437,1
3,1,0.6561664,1
3,1,0.5189643,1
3,1,0.30058417,0
3,1,0.573964,1
3,1,0.29045624,0
3,1,0.2517911,0
3,1,0.4169029,0
3,1,0.33954453,0
3,1,0.37759262,0
3,1,0.27656698,0
3,1,0.1852907,0
3,1,0.7007636,1
3,1,0.9658663,1
3,1,0.9670575,1
3,1,0.9691405,1
3,1,0.9721531,1
3,1,0.9450793,1
3,1,0.91187215,1
3,1,0.9784443,1
3,1,0.96662563,1
3,1,0.9310686,1
3,1,0.96565187,1
3,1,0.9774221,1
3,1,0.9680273,1
3,1,0.923892,1
3,1,0.9493237,1
3,1,0.9682244,1
3,1,0.9313614,1
3,1,0.95846045,1
3,1,0.95992565,1
3,1,0.9099797,1
3,1,0.8581176,1
3,1,0.96811134,1
3,1,0.9266028,1
3,1,0.92354244,1
3,1,0.9192592,1
3,1,0.94943357,1
3,1,0.9395052,1
3,1,0.8731766,1
3,1,0.89274263,1
3,1,0.95529526,1
3,1,0.92726475,1
3,1,0.9464417,1
3,1,0.941262,1
3,1,0.9504146,1
3,1,0.93821716,1
3,1,0.934766,1
3,1,0.9416611,1
3,1,0.9664924,1
3,1,0.9709207,1
3,1,0.85539716,1
3,1,0.9464103,1
3,1,0.96333253,1
3,1,0.9580934,1
3,1,0.9349695,1
3,1,0.8883105,1
3,1,0.95898885,1
3,1,0.93535364,1
3,1,0.9340444,1
3,1,0.9184132,1
3,1,0.96434325,1
3,1,0.9389298,1
3,1,0.91531897,1
3,1,0.91474485,1
3,1,0.91202855,1
3,1,0.9038544,1
3,1,0.93625754,1
3,1,0.9402417,1
3,1,0.9461686,1
3,1,0.9258663,1
3,1,0.9455105,1
3,1,0.9625402,1
3,1,0.97494066,1
3,1,0.96385294,1
3,0,0.8072521,1
3,0,0.8114073,1
3,0,0.8134743,1
3,0,0.86315197,1
3,0,0.8237065,1
3,0,0.8188465,1
3,0,0.8659506,1
3,0,0.8999274,1
3,0,0.8478828,1
3,0,0.88832676,1
3,0,0.922116,1
3,0,0.8695399,1
3,0,0.9322201,1
3,0,0.9086691,1
3,0,0.93756646,1
3,0,0.9377527,1
3,0,0.95701045,1
3,0,0.9587673,1
3,0,0.89349335,1
3,0,0.9338007,1
3,0,0.9570186,1
3,0,0.9840587,1
3,0,0.9772093,1
3,0,0.96401626,1
3,0,0.99025655,1
3,0,0.9846295,1
3,0,0.982406,1
3,0,0.97784746,1
3,0,0.9623794,1
3,0,0.97422487,1
3,0,0.9716905,1
3,0,0.9442875,1
3,1,0.85539716,1
3,1,0.9464103,1
3,1,0.96333253,1
3,1,0.9580934,1
3,1,0.9349695,1
3,1,0.8883105,1
3,1,0.95898885,1
3,1,0.93535364,1
3,1,0.9340444,1
3,1,0.9184132,1
3,1,0.96434325,1
3,1,0.9389298,1
3,1,0.91531897,1
3,1,0.91474485,1
3,1,0.91202855,1
3,1,0.9038544,1
3,1,0.93625754,1
3,1,0.9402417,1
3,1,0.9461686,1
3,1,0.9258663,1
3,1,0.9455105,1
3,1,0.9625402,1
3,1,0.97494066,1
3,1,0.96385294,1
3,1,0.85539716,1
3,1,0.9464103,1
3,1,0.96333253,1
3,1,0.9580934,1
3,1,0.9349695,1
3,1,0.8883105,1
3,1,0.95898885,1
3,1,0.93535364,1
3,1,0.9340444,1
3,1,0.9184132,1
3,1,0.96434325,1
3,1,0.9389298,1
3,1,0.91531897,1
3,1,0.91474485,1
3,1,0.91202855,1
3,1,0.9038544,1
3,1,0.93625754,1
3,1,0.9402417,1
3,1,0.9461686,1
3,1,0.9258663,1
3,1,0.9455105,1
3,1,0.9625402,1
3,1,0.97494066,1
3,1,0.96385294,1
3,1,0.98461723,1
3,1,0.47871906,0
3,1,0.6998417,1
3,1,0.53573847,1
3,1,0.796133,1
3,1,0.55873334,1
3,1,0.49560666,0
3,1,0.27857214,0
3,1,0.5388008,1
3,1,0.27457917,0
3,1,0.23222664,0
3,1,0.3846686,0
3,1,0.29312524,0
3,1,0.38159543,0
3,1,0.24757901,0
3,1,0.16194092,0
3,1,0.6774587,1
3,1,0.54735714,1
3,1,0.73708546,1
3,1,0.5988743,1
3,1,0.86232024,1
3,1,0.6322921,1
3,1,0.31953472,0
3,1,0.5505765,1
3,1,0.6216971,1
3,1,0.5223226,1
3,1,0.6496038,1
3,1,0.3970668,0
3,1,0.92228985,1
3,1,0.4043929,0
3,1,0.8971946,1
3,1,0.7353044,1
3,1,0.8476787,1
3,1,0.7944223,1
3,1,0.8130292,1
3,1,0.8079691,1
3,1,0.7377122,1
3,1,0.94769,1
3,1,0.88573307,1
3,1,0.8386847,1
3,1,0.8181649,1
3,1,0.9559192,1
3,1,0.97548395,1
3,1,0.96612674,1
3,1,0.9779198,1
3,1,0.99026614,1
3,1,0.9712276,1
3,1,0.96775067,1
3,1,0.9731844,1
3,1,0.87565887,1
3,1,0.39610294,0
3,1,0.9481403,1
3,1,0.7632927,1
3,1,0.8310062,1
3,1,0.92227525,1
3,1,0.92490965,1
3,1,0.87834984,1
3,1,0.7928615,1
3,1,0.86852556,1
3,1,0.75716865,1
3,1,0.61010855,1
3,1,0.8639098,1
3,1,0.7787024,1
3,1,0.5807528,1
3,1,0.84283495,1
3,1,0.81877875,1
3,1,0.8565403,1
3,1,0.949236,1
3,1,0.7950607,1
3,1,0.82981956,1
3,1,0.61882293,1
3,1,0.64471,1
3,1,0.73529905,1
3,1,0.5670069,1
3,1,0.8038906,1
3,1,0.6873579,1
3,1,0.9029792,1
3,1,0.8235716,1
3,1,0.6656807,1
3,1,0.67602056,1
3,1,0.62072414,1
3,1,0.75811356,1
3,1,0.67034614,1
3,1,0.820027,1
3,1,0.76064146,1
3,1,0.6933082,1
3,1,0.8489392,1
3,1,0.63364285,1
3,1,0.820618,1
3,1,0.88201374,1
3,0,0.9032375,1
3,0,0.9328272,1
3,0,0.9183736,1
3,0,0.935936,1
3,0,0.97375125,1
3,0,0.943921,1
3,0,0.98306495,1
3,0,0.9653588,1
3,0,0.977482,1
3,0,0.9753988,1
3,0,0.98528266,1
3,0,0.98660594,1
3,0,0.98305386,1
3,0,0.95529157,1
3,0,0.9788921,1
3,0,0.97887415,1
3,0,0.9681677,1
3,0,0.98842174,1
3,0,0.98380995,1
3,0,0.97372854,1
3,0,0.9569116,1
3,0,0.9528588,1
3,0,0.95536464,1
3,0,0.96143544,1
3,0,0.9382165,1
3,0,0.962255,1
3,0,0.9666077,1
3,0,0.9776005,1
3,0,0.9623189,1
3,0,0.95645624,1
3,0,0.9653184,1
3,0,0.94225585,1
3,0,0.9217686,1
3,0,0.9320661,1
3,0,0.89494836,1
3,0,0.9189209,1
3,0,0.90439177,1
3,0,0.96614045,1
3,0,0.92260844,1
3,0,0.97886753,1
3,0,0.9367302,1
3,0,0.96283597,1
3,0,0.9123705,1
3,0,0.9483037,1
3,0,0.9652703,1
3,0,0.99120706,1
3,0,0.9708926,1
3,0,0.96457803,1
3,0,0.99757665,1
3,0,0.9809873,1
3,0,0.93128043,1
3,0,0.97209394,1
3,0,0.9946613,1
3,0,0.9785781,1
3,0,0.95853734,1
3,0,0.96660286,1
3,0,0.86678344,1
3,0,0.9779417,1
3,0,0.95319813,1
3,0,0.98830974,1
3,1,0.9272672,1
3,1,0.9227281,1
3,1,0.90372765,1
3,1,0.9625067,1
3,1,0.9428072,1
3,1,0.9269186,1
3,1,0.89819956,1
3,1,0.90807354,1
3,1,0.92685676,1
3,1,0.9367332,1
3,1,0.9403587,1
3,1,0.94034666,1
3,1,0.91357535,1
3,1,0.9319758,1
3,1,0.95424116,1
3,1,0.9667027,1
3,1,0.9574944,1
3,1,0.9329521,1
3,1,0.90067446,1
3,1,0.9594892,1
3,1,0.93908995,1
3,1,0.9374218,1
3,1,0.92243135,1
3,1,0.9656992,1
3,1,0.9447457,1
3,1,0.91900057,1
3,1,0.9105777,1
3,1,0.9083982,1
3,1,0.8976964,1
3,1,0.93114316,1
3,1,0.9410508,1
3,1,0.9411201,1
3,1,0.9160536,1
3,1,0.9458543,1
3,1,0.9615709,1
3,1,0.9794001,1
3,1,0.9622689,1
3,1,0.88103646,1
3,1,0.93881786,1
3,1,0.96096385,1
3,1,0.9476883,1
3,1,0.91938514,1
3,1,0.87914896,1
3,1,0.9497711,1
3,1,0.9283631,1
3,1,0.9199489,1
3,1,0.9037263,1
3,1,0.96283054,1
3,1,0.93177396,1
3,1,0.91126174,1
3,1,0.8956003,1
3,1,0.9019839,1
3,1,0.69198984,1
3,1,0.7231881,1
3,1,0.76023984,1
3,1,0.7170535,1
3,1,0.7446338,1
3,1,0.7643961,1
3,1,0.69969004,1
3,1,0.56109047,1
3,1,0.6905868,1
3,1,0.74213874,1
3,1,0.687133,1
3,1,0.7062102,1
3,1,0.6473773,1
3,1,0.74889296,1
3,1,0.7501148,1
3,1,0.70223325,1
3,1,0.6526448,1
3,1,0.7027071,1
3,1,0.67533857,1
3,1,0.6270164,1
3,1,0.6420796,1
3,1,0.5396491,1
3,1,0.6798914,1
3,0,0.6274964,1
3,0,0.6560592,1
3,0,0.6486062,1
3,0,0.57689446,1
3,0,0.34945148,0
3,0,0.4106707,0
3,0,0.3373753,0
3,0,0.36274242,0
3,0,0.5853278,1
3,0,0.3605027,0
3,0,0.47363856,0
3,0,0.45459908,0
3,0,0.3601037,0
3,0,0.41028285,0
3,0,0.55728203,1
3,0,0.67994964,1
3,0,0.7042899,1
3,0,0.8375422,1
3,0,0.811732,1
3,0,0.68021506,1
3,0,0.73722154,1
3,0,0.7422961,1
3,0,0.67616653,1
3,0,0.7369165,1
3,0,0.6960322,1
3,0,0.6280643,1
3,0,0.78686464,1
3,0,0.7157755,1
3,0,0.7077676,1
3,0,0.5165638,1
3,0,0.63295823,1
3,0,0.65442705,1
3,0,0.737345,1
3,0,0.6869402,1
3,0,0.64828646,1
3,0,0.7755685,1
3,0,0.8612848,1
3,0,0.86833817,1
3,0,0.9435007,1
3,0,0.8981913,1
3,0,0.85382813,1
3,0,0.9529976,1
3,0,0.9489654,1
3,0,0.9558198,1
3,0,0.975781,1
3,0,0.96370447,1
3,0,0.9918351,1
3,0,0.9853873,1
3,0,0.9942416,1
3,0,0.99305433,1
3,0,0.9946431,1
3,0,0.9913412,1
3,0,0.996265,1
3,0,0.9858517,1
3,0,0.99517643,1
3,0,0.99502325,1
3,0,0.99001443,1
3,0,0.9901107,1
3,0,0.9896882,1
3,0,0.9819739,1
3,0,0.98870826,1
3,0,0.9951454,1
3,0,0.98029286,1
3,0,0.96331954,1
3,0,0.9945576,1
3,0,0.9906974,1
3,0,0.9755445,1
3,0,0.96484995,1
3,0,0.9958158,1
3,0,0.97898716,1
3,0,0.9736013,1
3,0,0.9917956,1
3,0,0.9863521,1
3,0,0.94200677,1
3,0,0.93993205,1
3,0,0.92043823,1
3,0,0.93451536,1
3,0,0.92431164,1
3,0,0.96655285,1
3,0,0.933204,1
3,0,0.89999455,1
3,0,0.9531232,1
3,0,0.95188075,1
3,0,0.92455393,1
3,0,0.9449216,1
3,0,0.9585895,1
3,0,0.90999895,1
3,0,0.9491088,1
3,0,0.95157224,1
3,0,0.964513,1
3,0,0.9110653,1
3,0,0.9263533,1
3,0,0.89199895,1
3,0,0.9009057,1
3,0,0.9224926,1
3,0,0.91615885,1
3,0,0.91415787,1
3,0,0.9291805,1
3,0,0.9418915,1
3,0,0.9140272,1
3,0,0.94170874,1
3,0,0.9439196,1
3,0,0.9698048,1
3,0,0.9592891,1
3,0,0.9747346,1
3,0,0.981181,1
3,0,0.9852024,1
3,0,0.97040063,1
3,0,0.99062645,1
3,0,0.982599,1
3,0,0.94584674,1
3,0,0.98468614,1
3,0,0.9823308,1
3,0,0.9660997,1
3,0,0.9573134,1
3,1,0.5341566,1
3,1,0.6550721,1
3,1,0.4588028,0
3,1,0.36191726,0
3,1,0.39805388,0
3,1,0.3010216,0
3,1,0.26739958,0
3,1,0.22857352,0
3,1,0.30971053,0
3,1,0.38819134,0
3,1,0.44188124,0
3,1,0.5680613,1
3,1,0.32229897,0
3,1,0.25758135,0
3,1,0.49914312,0
3,1,0.47169566,0
3,1,0.3383476,0
3,1,0.6131276,1
3,1,0.67590415,1
3,1,0.6185568,1
3,1,0.55924296,1
3,1,0.5700033,1
3,1,0.41473806,0
3,1,0.55933785,1
3,1,0.55349636,1
3,1,0.5547916,1
3,1,0.48232085,0
3,1,0.4896091,0
3,1,0.5817631,1
3,1,0.5373074,1
3,0,0.7540288,1
3,0,0.5178214,1
3,0,0.65577734,1
3,0,0.71871066,1
3,0,0.7585173,1
3,0,0.71276724,1
3,0,0.599207,1
3,0,0.73395735,1
3,0,0.7248506,1
3,0,0.8551808,1
3,0,0.6836892,1
3,0,0.50261277,1
3,0,0.5137053,1
3,0,0.62920505,1
3,0,0.3316048,0
3,1,0.9332834,1
3,1,0.94720143,1
3,1,0.9376887,1
3,1,0.9171531,1
3,1,0.8923652,1
3,1,0.94615495,1
3,1,0.9348826,1
3,1,0.9398669,1
3,1,0.9308816,1
3,1,0.977011,1
3,1,0.93098783,1
3,1,0.94252115,1
3,1,0.9233985,1
3,1,0.9249228,1
3,1,0.91982406,1
3,1,0.9390997,1
3,1,0.92885196,1
3,1,0.949677,1
3,1,0.9573384,1
3,1,0.9243478,1
3,1,0.9541564,1
3,1,0.9337922,1
3,1,0.9678945,1
3,1,0.9405618,1
3,1,0.9645637,1
3,1,0.96518,1
3,1,0.95459276,1
3,1,0.90334034,1
3,1,0.9680576,1
3,1,0.94178045,1
3,1,0.957925,1
3,1,0.94827247,1
3,1,0.97325134,1
3,1,0.95313686,1
3,1,0.96129256,1
3,1,0.96007496,1
3,1,0.96256834,1
3,1,0.95926595,1
3,1,0.985941,1
3,1,0.9627528,1
3,1,0.9706781,1
3,1,0.97437924,1
3,1,0.9757436,1
3,1,0.98626035,1
3,1,0.9733835,1
3,1,0.95475584,1
3,1,0.94512373,1
3,1,0.9598155,1
3,1,0.9452403,1
3,1,0.9300839,1
3,1,0.90507805,1
3,1,0.94713116,1
3,1,0.93497086,1
3,1,0.9352964,1
3,1,0.9175124,1
3,1,0.97279173,1
3,1,0.9425431,1
3,1,0.93114233,1
3,1,0.90900147,1
3,1,0.91259533,1
3,1,0.89200133,1
3,1,0.92885125,1
3,1,0.9212206,1
3,1,0.9312645,1
3,1,0.88929343,1
3,1,0.9322272,1
3,1,0.9486464,1
3,1,0.9756447,1
3,1,0.9447904,1
3,1,0.9004191,1
3,1,0.94512373,1
3,1,0.9598155,1
3,1,0.9452403,1
3,1,0.9300839,1
3,1,0.90507805,1
3,1,0.94713116,1
3,1,0.93497086,1
3,1,0.9352964,1
3,1,0.9175124,1
3,1,0.97279173,1
3,1,0.9425431,1
3,1,0.93114233,1
3,1,0.90900147,1
3,1,0.91259533,1
3,1,0.9004191,1
3,1,0.94512373,1
3,1,0.9598155,1
3,1,0.9452403,1
3,1,0.9300839,1
3,1,0.90507805,1
3,1,0.94713116,1
3,1,0.93497086,1
3,1,0.9352964,1
3,1,0.9175124,1
3,1,0.97279173,1
3,1,0.9425431,1
3,1,0.93114233,1
3,1,0.90900147,1
3,1,0.91259533,1
3,1,0.89200133,1
3,1,0.92885125,1
3,1,0.9212206,1
3,1,0.9312645,1
3,1,0.88929343,1
3,1,0.9322272,1
3,1,0.9486464,1
3,1,0.9756447,1
3,1,0.9447904,1
3,1,0.9004191,1
3,1,0.94512373,1
3,1,0.9598155,1
3,1,0.9452403,1
3,1,0.9300839,1
3,1,0.90507805,1
3,1,0.94713116,1
3,1,0.93497086,1
3,1,0.9352964,1
3,1,0.9175124,1
3,1,0.97279173,1
3,1,0.9425431,1
3,1,0.93114233,1
3,1,0.90900147,1
3,1,0.91259533,1
3,1,0.89200133,1
3,1,0.92885125,1
3,1,0.9212206,1
3,1,0.9312645,1
3,1,0.88929343,1
3,1,0.9322272,1
3,1,0.9486464,1
3,1,0.9756447,1
3,1,0.9447904,1
3,1,0.94869995,1
3,1,0.9624825,1
3,1,0.95201695,1
3,1,0.9336271,1
3,1,0.9164528,1
3,1,0.95130104,1
3,1,0.9407572,1
3,1,0.93801045,1
3,1,0.92586315,1
3,1,0.9732248,1
3,1,0.9426208,1
3,1,0.93406063,1
3,1,0.9137152,1
3,1,0.9076758,1
3,1,0.900294,1
3,1,0.9294403,1
3,1,0.93203795,1
3,1,0.9303323,1
3,1,0.8978422,1
3,1,0.9406701,1
3,1,0.9511275,1
3,1,0.9754279,1
3,1,0.94737965,1
3,0,0.92673326,1
3,0,0.95640975,1
3,0,0.94672173,1
3,0,0.9186272,1
3,0,0.8599279,1
3,0,0.95303756,1
3,0,0.9195093,1
3,0,0.91805047,1
3,0,0.9028605,1
3,0,0.9610648,1
3,0,0.93088025,1
3,0,0.9112595,1
3,0,0.9053863,1
3,0,0.9139543,1
3,0,0.90037537,1
3,0,0.9361378,1
3,0,0.9215882,1
3,0,0.9469085,1
3,0,0.9267853,1
3,0,0.9266961,1
3,0,0.9540096,1
3,0,0.97011065,1
3,0,0.92654985,1
3,1,0.93670845,1
3,1,0.9480366,1
3,1,0.93901646,1
3,1,0.9142598,1
3,1,0.8585682,1
3,1,0.95260787,1
3,1,0.92432946,1
3,1,0.9284341,1
3,1,0.9110695,1
3,1,0.95596826,1
3,1,0.9339239,1
3,1,0.9283915,1
3,1,0.9190186,1
3,1,0.915986,1
3,1,0.93930113,1
3,1,0.9471905,1
3,1,0.94699943,1
3,1,0.9617822,1
3,1,0.9598087,1
3,1,0.94433296,1
3,1,0.93060106,1
3,1,0.90054363,1
3,1,0.94950145,1
3,1,0.9315582,1
3,1,0.9341339,1
3,1,0.917784,1
3,1,0.9724256,1
3,1,0.94012547,1
3,1,0.9287185,1
3,1,0.8986616,1
3,1,0.90753525,1
3,1,0.8812172,1
3,1,0.9224437,1
3,1,0.9195885,1
3,1,0.9343134,1
3,1,0.8968004,1
3,1,0.923257,1
3,1,0.95209336,1
3,1,0.95899683,1
3,0,0.486988,0
3,0,0.57668906,1
3,0,0.71369064,1
3,0,0.6597595,1
3,0,0.6327678,1
3,0,0.48485216,0
3,0,0.4897936,0
3,0,0.5976997,1
3,0,0.66971034,1
3,0,0.83534896,1
3,0,0.6358404,1
3,0,0.66293174,1
3,0,0.69473726,1
3,0,0.7121196,1
3,0,0.6590099,1
3,0,0.65284514,1
3,0,0.70390433,1
3,0,0.60383636,1
3,0,0.64309627,1
3,0,0.5993794,1
3,0,0.64623344,1
3,0,0.50933635,1
3,0,0.6354621,1
3,0,0.45473507,0
3,0,0.7432959,1
3,0,0.66937363,1
3,0,0.7023997,1
3,0,0.6527248,1
3,0,0.73991925,1
3,0,0.65875,1
3,0,0.789337,1
3,0,0.66951555,1
3,0,0.6967215,1
3,0,0.7527519,1
3,0,0.67301613,1
3,0,0.7231268,1
3,0,0.5684143,1
3,0,0.79818946,1
3,0,0.7586938,1
3,0,0.6835173,1
3,0,0.710952,1
3,0,0.77045417,1
3,0,0.72980106,1
3,0,0.6886364,1
3,0,0.61405194,1
3,0,0.52570885,1
3,0,0.5609083,1
3,0,0.60024863,1
3,0,0.5153177,1
3,0,0.4950797,0
3,0,0.64249337,1
3,0,0.6278368,1
3,0,0.7280543,1
3,0,0.7387077,1
3,0,0.73745865,1
3,0,0.8034243,1
3,0,0.7396323,1
3,0,0.8228479,1
3,0,0.7645799,1
3,0,0.7890086,1
3,0,0.7974824,1
3,0,0.8262336,1
3,0,0.73426443,1
3,0,0.7419458,1
3,0,0.8056755,1
3,0,0.7061094,1
3,0,0.76163375,1
3,0,0.47082198,0
3,0,0.6356739,1
3,0,0.54015595,1
3,0,0.5997193,1
3,0,0.59294325,1
3,0,0.5946335,1
3,0,0.37342483,0
3,0,0.6262553,1
3,0,0.65440965,1
3,0,0.7658916,1
3,0,0.7741138,1
3,0,0.84961486,1
3,0,0.83124447,1
3,0,0.79256576,1
3,0,0.8790847,1
3,0,0.8892284,1
3,0,0.8042446,1
3,0,0.83109635,1
3,0,0.7276439,1
3,0,0.84822494,1
3,0,0.83220696,1
3,0,0.9005192,1
3,0,0.8293047,1
3,0,0.90147626,1
3,0,0.88167715,1
3,0,0.86662555,1
3,0,0.90918154,1
3,0,0.8484452,1
3,0,0.8224372,1
3,0,0.9254256,1
3,0,0.8242038,1
3,0,0.84557414,1
3,0,0.8984081,1
3,0,0.81914926,1
3,0,0.95181507,1
3,0,0.9084652,1
3,0,0.8412095,1
3,0,0.76437646,1
3,0,0.8609987,1
3,0,0.6880034,1
3,0,0.88235664,1
3,0,0.8516649,1
3,0,0.8135341,1
3,0,0.9311894,1
3,0,0.914922,1
3,0,0.8456353,1
3,0,0.9289169,1
3,0,0.9428023,1
3,0,0.9336115,1
3,0,0.8596898,1
3,0,0.92950916,1
3,0,0.9322171,1
3,0,0.9734784,1
3,0,0.9079392,1
3,0,0.9375948,1
3,0,0.9578147,1
3,0,0.9726265,1
3,0,0.97154444,1
3,0,0.9517265,1
3,0,0.93128425,1
3,0,0.94201976,1
3,0,0.92215055,1
3,0,0.9497855,1
3,0,0.59602994,1
3,0,0.85158014,1
3,0,0.6582223,1
3,0,0.6173745,1
3,0,0.63762283,1
3,0,0.50563323,1
3,0,0.73918927,1
3,0,0.8139184,1
3,0,0.76951677,1
3,0,0.6897957,1
3,0,0.58245355,1
3,0,0.78232354,1
3,0,0.8327385,1
3,0,0.7720742,1
3,0,0.7727973,1
3,0,0.8130672,1
3,0,0.88334984,1
3,0,0.76251394,1
3,0,0.8268642,1
3,0,0.8651434,1
3,0,0.787304,1
3,0,0.8231517,1
3,0,0.79791975,1
3,0,0.85813224,1
3,0,0.765596,1
3,0,0.9153726,1
3,0,0.86048037,1
3,0,0.7974782,1
3,0,0.873739,1
3,0,0.90094703,1
3,0,0.8463908,1
3,0,0.8110836,1
3,0,0.92530525,1
3,0,0.89027387,1
3,0,0.7285065,1
3,0,0.7310559,1
3,0,0.66901225,1
3,0,0.5843862,1
3,0,0.7505597,1
3,0,0.53700924,1
3,0,0.98055595,1
3,0,0.98424107,1
3,0,0.97841996,1
3,0,0.9282857,1
3,0,0.9607128,1
3,0,0.9884686,1
3,0,0.9482085,1
3,0,0.9685667,1
3,0,0.975749,1
3,0,0.98590463,1
3,0,0.9232935,1
3,0,0.9047719,1
3,0,0.986927,1
3,0,0.9799653,1
3,0,0.926133,1
3,0,0.97206545,1
3,0,0.9832425,1
3,0,0.90340734,1
3,0,0.93377036,1
3,0,0.9347775,1
3,0,0.87302834,1
3,0,0.812875,1
3,0,0.94466305,1
3,0,0.85128516,1
3,0,0.79703414,1
3,0,0.7146481,1
3,0,0.7112172,1
3,0,0.7718202,1
3,0,0.7226846,1
3,0,0.8873407,1
3,0,0.79942834,1
3,0,0.7942578,1
3,0,0.73103654,1
3,0,0.7837439,1
3,0,0.89009684,1
3,0,0.8337651,1
3,0,0.846415,1
3,0,0.8476014,1
3,0,0.8177179,1
3,0,0.7033253,1
3,0,0.8811145,1
3,0,0.8237365,1
3,0,0.60419905,1
3,0,0.7376349,1
3,0,0.76024675,1
3,0,0.78006774,1
3,0,0.77646184,1
3,0,0.86977226,1
3,0,0.6862163,1
3,0,0.66929054,1
3,0,0.59970254,1
3,0,0.6419181,1
3,0,0.6836772,1
3,0,0.67128956,1
3,0,0.75659704,1
3,0,0.8347897,1
3,0,0.8323659,1
3,0,0.888111,1
3,0,0.7956829,1
3,0,0.7860359,1
3,0,0.7724273,1
3,0,0.69880563,1
3,0,0.80026394,1
3,0,0.7826031,1
3,0,0.8151636,1
3,0,0.82241225,1
3,0,0.80133784,1
3,0,0.80402577,1
3,0,0.7458726,1
3,0,0.686403,1
3,0,0.51080865,1
3,0,0.64885604,1
3,0,0.52601403,1
3,0,0.64772105,1
3,0,0.7918643,1
3,0,0.59321237,1
3,0,0.70935696,1
3,0,0.6511691,1
3,0,0.54362905,1
3,0,0.52372617,1
3,0,0.47387117,0
3,0,0.6585083,1
3,0,0.6862444,1
3,0,0.70770437,1
3,0,0.79697794,1
3,0,0.6178989,1
3,0,0.6175967,1
3,0,0.6762234,1
3,0,0.58747786,1
3,0,0.62665236,1
3,0,0.46241307,0
3,0,0.4485748,0
3,0,0.4345583,0
3,0,0.37159038,0
3,0,0.5127075,1
3,0,0.5447134,1
3,0,0.54966235,1
3,0,0.55749595,1
3,0,0.70986605,1
3,0,0.7232688,1
3,0,0.81525975,1
3,0,0.8415894,1
3,0,0.89651954,1
3,0,0.8524543,1
3,0,0.5428569,1
3,0,0.647992,1
3,0,0.525699,1
3,0,0.83829635,1
3,0,0.8111703,1
3,0,0.872946,1
3,0,0.8265149,1
3,0,0.92310613,1
3,0,0.9145499,1
3,0,0.8432616,1
3,0,0.8910332,1
3,0,0.776316,1
3,0,0.78215814,1
3,0,0.8650337,1
3,0,0.90412027,1
3,0,0.9257679,1
3,0,0.9529266,1
3,0,0.93029207,1
3,0,0.8997376,1
3,0,0.95707726,1
3,0,0.96924657,1
3,0,0.97303367,1
3,0,0.9350739,1
3,0,0.98446006,1
3,0,0.9886553,1
3,0,0.9693555,1
3,0,0.98390067,1
3,0,0.96956563,1
3,0,0.9527886,1
3,0,0.9684673,1
3,0,0.9503583,1
3,0,0.9483448,1
3,0,0.9201702,1
3,0,0.9498853,1
3,0,0.95793617,1
3,0,0.9599228,1
3,0,0.96893007,1
3,0,0.976867,1
3,0,0.9580079,1
3,0,0.9348515,1
3,0,0.903631,1
3,0,0.897981,1
3,0,0.844331,1
3,0,0.89248466,1
3,0,0.8484454,1
3,0,0.8601516,1
3,0,0.8142086,1
3,0,0.7061393,1
3,0,0.8193656,1
3,0,0.8294698,1
3,0,0.854748,1
3,0,0.804756,1
3,0,0.8152215,1
3,0,0.7894576,1
3,0,0.86578053,1
3,0,0.8309652,1
3,0,0.8103682,1
3,0,0.84729505,1
3,0,0.98700106,1
3,0,0.9799954,1
3,0,0.9264684,1
3,0,0.9732146,1
3,0,0.983422,1
3,0,0.9043125,1
3,0,0.9312678,1
3,0,0.93404543,1
3,0,0.8795385,1
3,0,0.8433958,1
3,0,0.9361643,1
3,0,0.9210578,1
3,0,0.85963684,1
3,0,0.9412575,1
3,0,0.8765053,1
3,0,0.87063336,1
3,0,0.91436183,1
3,0,0.90481365,1
3,0,0.9459456,1
3,0,0.91777915,1
3,1,0.8653086,1
3,1,0.9659583,1
3,1,0.9191641,1
3,1,0.95868874,1
3,1,0.8431236,1
3,1,0.9765099,1
3,1,0.883232,1
3,1,0.9643161,1
3,1,0.9260006,1
3,1,0.9689829,1
3,1,0.92901736,1
3,1,0.75877446,1
3,1,0.83996964,1
3,1,0.9860757,1
3,1,0.96296954,1
3,1,0.96167254,1
3,1,0.94534665,1
3,1,0.91860247,1
3,1,0.88198715,1
3,1,0.9194531,1
3,1,0.97300875,1
3,1,0.96730417,1
3,1,0.9799172,1
3,1,0.9476151,1
3,1,0.91350573,1
3,1,0.9769356,1
3,1,0.974879,1
3,1,0.9287187,1
3,1,0.9713497,1
3,1,0.9803618,1
3,1,0.96949446,1
3,1,0.9135819,1
3,1,0.9646673,1
3,1,0.9673998,1
3,1,0.9575677,1
3,1,0.95034003,1
3,1,0.96481043,1
3,1,0.9544041,1
3,1,0.9565343,1
3,1,0.9219244,1
3,1,0.96275204,1
3,1,0.9576196,1
3,1,0.9569821,1
3,1,0.9378783,1
3,1,0.95225686,1
3,1,0.9670269,1
3,1,0.96393484,1
3,1,0.9300478,1
3,1,0.87285584,1
3,1,0.9764292,1
3,1,0.95857316,1
3,1,0.92335194,1
3,1,0.9545792,1
3,1,0.97106546,1
3,1,0.9551712,1
3,1,0.91344583,1
3,1,0.9255389,1
3,1,0.9623836,1
3,1,0.94237465,1
3,1,0.9460303,1
3,1,0.9440224,1
3,1,0.94715476,1
3,1,0.9432574,1
3,1,0.92186546,1
3,1,0.9564895,1
3,1,0.97395647,1
3,1,0.94432795,1
3,1,0.95583254,1
3,1,0.96207774,1
3,1,0.9707069,1
3,1,0.9698728,1
3,1,0.92654586,1
3,1,0.89888763,1
3,1,0.9781954,1
3,1,0.96675694,1
3,1,0.92120636,1
3,1,0.96156174,1
3,1,0.97622097,1
3,1,0.9600775,1
3,1,0.90350527,1
3,1,0.9414584,1
3,1,0.96247536,1
3,1,0.94236445,1
3,1,0.9405308,1
3,1,0.95232886,1
3,1,0.9416025,1
3,1,0.94233406,1
3,1,0.9321987,1
3,1,0.9520403,1
3,1,0.970124,1
3,1,0.9458278,1
3,0,0.97898906,1
3,0,0.9909418,1
3,0,0.9741174,1
3,0,0.9696275,1
3,0,0.9855505,1
3,0,0.98964334,1
3,0,0.9321882,1
3,0,0.9496584,1
3,0,0.9910615,1
3,0,0.9831256,1
3,0,0.96936226,1
3,0,0.98695135,1
3,0,0.9927942,1
3,0,0.99050397,1
3,0,0.9678228,1
3,0,0.99608886,1
3,0,0.99184626,1
3,0,0.95028764,1
3,0,0.98776674,1
3,0,0.9722384,1
3,0,0.96549547,1
3,0,0.94422096,1
3,0,0.8873403,1
3,0,0.9705328,1
3,0,0.9588235,1
3,0,0.8648978,1
3,0,0.8129448,1
3,0,0.7943103,1
3,0,0.7025015,1
3,0,0.805065,1
3,0,0.85799485,1
3,0,0.76231515,1
3,0,0.82438695,1
3,0,0.89678514,1
3,0,0.9434471,1
3,0,0.92667145,1
3,0,0.9476257,1
3,0,0.92622596,1
3,0,0.75889236,1
3,0,0.9216863,1
3,0,0.84761417,1
3,0,0.9879851,1
3,0,0.9503057,1
3,0,0.857995,1
3,1,0.82456505,1
3,1,0.9060659,1
3,1,0.8256577,1
3,1,0.87020516,1
3,1,0.80463195,1
3,1,0.87875533,1
3,1,0.7907416,1
3,1,0.7631393,1
3,1,0.7811724,1
3,1,0.93151385,1
3,1,0.8754611,1
3,1,0.9559847,1
3,1,0.9654547,1
3,1,0.9736313,1
3,1,0.934033,1
3,1,0.8876283,1
3,1,0.94970095,1
3,1,0.91206485,1
3,1,0.89745665,1
3,1,0.92378163,1
3,1,0.86769193,1
3,1,0.84103954,1
3,1,0.90934503,1
3,1,0.8908709,1
3,1,0.9420742,1
3,1,0.9149483,1
3,1,0.93418753,1
3,1,0.8991142,1
3,1,0.93878096,1
3,1,0.9123312,1
3,1,0.9393138,1
3,1,0.95708805,1
3,1,0.9796118,1
3,1,0.95934534,1
3,1,0.95040464,1
3,1,0.9599414,1
3,1,0.965547,1
3,1,0.93334043,1
3,1,0.87108094,1
3,1,0.97211975,1
3,1,0.95649725,1
3,1,0.9315381,1
3,1,0.958132,1
3,1,0.9708802,1
3,1,0.9556478,1
3,1,0.8955687,1
3,1,0.9290916,1
3,1,0.96407783,1
3,1,0.9464717,1
3,1,0.95047647,1
3,1,0.95163333,1
3,1,0.9575015,1
3,1,0.9490329,1
3,1,0.9034547,1
3,1,0.9603704,1
3,1,0.9636599,1
3,1,0.9324453,1
3,1,0.92599815,1
3,1,0.95948404,1
3,1,0.96240324,1
3,1,0.96627384,1
3,1,0.92977506,1
3,1,0.8721489,1
3,1,0.94038093,1
3,1,0.88653165,1
3,1,0.9052092,1
3,1,0.90668195,1
3,1,0.8991921,1
3,1,0.89105487,1
3,1,0.9129187,1
3,1,0.90607154,1
3,1,0.9228359,1
3,1,0.9290895,1
3,1,0.9519679,1
3,1,0.9471627,1
3,1,0.9559005,1
3,1,0.9302483,1
3,1,0.94843876,1
3,1,0.95212567,1
3,1,0.9794255,1
3,1,0.9523811,1
3,1,0.9032152,1
3,1,0.95433265,1
3,1,0.9653364,1
3,1,0.96784985,1
3,1,0.93790436,1
3,1,0.86495835,1
3,1,0.9369528,1
3,1,0.8522796,1
3,1,0.9013828,1
3,1,0.8901635,1
3,1,0.8682539,1
3,1,0.8652994,1
3,1,0.90769064,1
3,1,0.8956083,1
3,1,0.94487494,1
3,1,0.9199751,1
3,1,0.9396812,1
3,1,0.90851235,1
3,1,0.94620043,1
3,1,0.9205247,1
3,1,0.94279957,1
3,1,0.9603557,1
3,1,0.9802239,1
3,1,0.9610547,1
3,1,0.92168003,1
3,1,0.94716305,1
3,1,0.95733744,1
3,1,0.96051896,1
3,1,0.93339014,1
3,1,0.8499171,1
3,1,0.9699144,1
3,1,0.9541376,1
3,1,0.9323924,1
3,1,0.9547252,1
3,1,0.97192615,1
3,1,0.9568766,1
3,1,0.89895505,1
3,1,0.9273659,1
3,1,0.9649667,1
3,1,0.9509591,1
3,1,0.9535737,1
3,1,0.95001376,1
3,1,0.9589533,1
3,1,0.94975334,1
3,1,0.9077765,1
3,1,0.96321493,1
3,1,0.9689171,1
3,1,0.9393196,1
3,1,0.96290004,1
3,1,0.9709293,1
3,1,0.97158337,1
3,1,0.93080664,1
3,1,0.9019654,1
3,1,0.9787264,1
3,1,0.96954983,1
3,1,0.92370594,1
3,1,0.9654208,1
3,1,0.97792816,1
3,1,0.964447,1
3,1,0.90607333,1
3,1,0.9500543,1
3,1,0.96483564,1
3,1,0.9475418,1
3,1,0.943541,1
3,1,0.9568081,1
3,1,0.9457058,1
3,1,0.9464037,1
3,1,0.9379128,1
3,1,0.9570098,1
3,1,0.9721081,1
3,1,0.9498353,1
3,0,0.9345165,1
3,0,0.8738665,1
3,0,0.9678091,1
3,0,0.9520842,1
3,0,0.8822141,1
3,0,0.7934605,1
3,0,0.96160495,1
3,0,0.7456115,1
3,0,0.918865,1
3,0,0.89556193,1
3,0,0.94481957,1
3,0,0.84576654,1
3,0,0.741693,1
3,0,0.87684184,1
3,0,0.8805444,1
3,0,0.7586225,1
3,0,0.82476723,1
3,1,0.88789546,1
3,1,0.79602,1
3,1,0.77350694,1
3,1,0.7871611,1
3,1,0.9357597,1
3,1,0.8868717,1
3,1,0.8992397,1
3,1,0.87828755,1
3,1,0.91369843,1
3,1,0.8927378,1
3,1,0.7546953,1
3,1,0.8778981,1
3,1,0.9087729,1
3,1,0.80464154,1
3,1,0.86279297,1
3,1,0.6325188,1
3,1,0.95543724,1
3,1,0.73274386,1
3,1,0.93378156,1
3,0,0.8987452,1
3,0,0.76502734,1
3,0,0.5320502,1
3,0,0.71950686,1
3,0,0.59939206,1
3,0,0.8050459,1
3,0,0.6915604,1
3,0,0.79822713,1
3,0,0.7963722,1
3,0,0.8237777,1
3,0,0.781157,1
3,0,0.73633915,1
3,0,0.68834734,1
3,0,0.715202,1
3,0,0.84015524,1
3,1,0.95256746,1
3,1,0.95665455,1
3,1,0.9677344,1
3,1,0.96587443,1
3,1,0.9174148,1
3,1,0.8855104,1
3,1,0.9755533,1
3,1,0.9631709,1
3,1,0.9139659,1
3,1,0.95749587,1
3,1,0.97300875,1
3,1,0.95629036,1
3,1,0.89832884,1
3,1,0.93430865,1
3,1,0.95822746,1
3,1,0.9351896,1
3,1,0.93561685,1
3,1,0.94779,1
3,1,0.93623483,1
3,1,0.9379551,1
3,1,0.92640334,1
3,1,0.9484679,1
3,1,0.9679578,1
3,1,0.9430958,1
3,1,0.9781356,1
3,1,0.8360381,1
3,1,0.8054465,1
3,1,0.8178703,1
3,1,0.83178425,1
3,1,0.8602813,1
3,1,0.7733637,1
3,1,0.77334476,1
3,1,0.74643546,1
3,1,0.8382103,1
3,1,0.81195986,1
3,1,0.7787189,1
3,1,0.88906837,1
3,1,0.9207479,1
3,1,0.9547389,1
3,1,0.96768415,1
3,1,0.96684474,1
3,1,0.91381085,1
3,1,0.88607496,1
3,1,0.9756857,1
3,1,0.96647805,1
3,1,0.91553164,1
3,1,0.95938313,1
3,1,0.9733299,1
3,1,0.9610773,1
3,1,0.89302063,1
3,1,0.93384176,1
3,1,0.9574324,1
3,1,0.9235172,1
3,1,0.9320197,1
3,1,0.94532424,1
3,1,0.93995416,1
3,1,0.9416095,1
3,1,0.9224856,1
3,1,0.9336264,1
3,1,0.96509635,1
3,1,0.9302382,1
3,0,0.57092106,1
3,0,0.6164825,1
3,0,0.6968747,1
3,0,0.84912366,1
3,0,0.80683076,1
3,0,0.776706,1
3,0,0.8220819,1
3,0,0.8486215,1
3,0,0.85297036,1
3,0,0.9205191,1
3,0,0.9245785,1
3,0,0.85191554,1
3,0,0.86064714,1
3,0,0.82154864,1
3,0,0.9408528,1
3,0,0.8132173,1
3,0,0.8864148,1
3,0,0.9161956,1
3,0,0.7818044,1
3,0,0.8672126,1
3,0,0.7161026,1
3,0,0.6858106,1
3,1,0.48179832,0
3,1,0.50457263,1
3,1,0.58846396,1
3,1,0.64111316,1
3,1,0.5421812,1
3,1,0.49200624,0
3,1,0.66994673,1
3,1,0.54194653,1
3,1,0.6836122,1
3,1,0.85044116,1
3,1,0.73588187,1
3,1,0.42286626,0
3,1,0.498164,0
3,1,0.64470524,1
3,1,0.37136528,0
3,1,0.46138358,0
3,1,0.54559547,1
3,1,0.78276575,1
3,1,0.78694046,1
3,1,0.8089719,1
3,1,0.9029542,1
4,0,0.8037467,1
4,0,0.847009,1
4,0,0.9105435,1
4,0,0.7899038,1
4,0,0.86276996,1
4,0,0.757211,1
4,0,0.88976145,1
4,0,0.851941,1
4,0,0.8804589,1
4,0,0.9175301,1
4,1,0.96661913,1
4,1,0.951729,1
4,1,0.936301,1
4,1,0.98318535,1
4,1,0.9739879,1
4,1,0.99260545,1
4,1,0.981797,1
4,1,0.947066,1
4,1,0.9322418,1
4,1,0.9516602,1
4,1,0.9219726,1
4,1,0.9254518,1
4,1,0.89542544,1
4,1,0.88338435,1
4,1,0.79851913,1
4,1,0.8836833,1
4,1,0.8115738,1
4,1,0.7197075,1
4,0,0.9007438,1
4,0,0.85379606,1
4,0,0.88058704,1
4,0,0.87553,1
4,0,0.8535296,1
4,0,0.8635623,1
4,0,0.91298205,1
4,0,0.85688704,1
4,0,0.7764318,1
4,0,0.81773025,1
4,0,0.8309335,1
4,0,0.9707381,1
4,0,0.9674814,1
4,0,0.9502878,1
4,0,0.9380851,1
4,0,0.9278558,1
4,0,0.954289,1
4,0,0.9471422,1
4,0,0.9056052,1
4,0,0.9192514,1
4,0,0.8740058,1
4,0,0.90526974,1
4,0,0.8936059,1
4,0,0.8779834,1
4,0,0.86859536,1
4,0,0.8490348,1
4,0,0.72089744,1
4,0,0.8863,1
4,0,0.74226767,1
4,0,0.78990835,1
4,0,0.8798857,1
4,0,0.87984395,1
4,0,0.85262144,1
4,0,0.92022455,1
4,0,0.69141054,1
4,0,0.6610545,1
4,0,0.8950887,1
4,0,0.83970344,1
4,0,0.73504776,1
4,0,0.87760884,1
4,0,0.7739189,1
4,1,0.84038013,1
4,1,0.81355226,1
4,1,0.88356715,1
4,1,0.862494,1
4,1,0.8148554,1
4,1,0.9046056,1
4,1,0.8930289,1
4,1,0.89111763,1
4,1,0.8950663,1
4,1,0.92725897,1
4,1,0.8697835,1
4,1,0.7290413,1
4,1,0.9181167,1
4,1,0.8094723,1
4,1,0.87523687,1
4,1,0.91385275,1
4,1,0.8182895,1
4,1,0.73148817,1
4,1,0.757476,1
4,1,0.7177056,1
4,0,0.6577459,1
4,0,0.7659537,1
4,0,0.83513445,1
4,0,0.7428777,1
4,0,0.7515913,1
4,0,0.7145961,1
4,0,0.64512163,1
4,0,0.56440634,1
4,0,0.5772181,1
4,1,0.6479417,1
4,1,0.71973604,1
4,1,0.6641251,1
4,1,0.7447357,1
4,1,0.5532841,1
4,1,0.44465163,0
4,1,0.33288488,0
4,1,0.2769961,0
4,1,0.42201638,0
4,1,0.20011556,0
4,1,0.28186294,0
4,1,0.29957387,0
4,1,0.39126876,0
4,1,0.52255714,1
4,1,0.41902065,0
4,1,0.41773042,0
4,1,0.3185656,0
4,1,0.37924913,0
4,1,0.32395267,0
4,1,0.22651207,0
4,1,0.21141823,0
4,1,0.3148428,0
4,1,0.5283156,1
4,1,0.20525175,0
4,1,0.9512125,1
4,1,0.91446733,1
4,1,0.88371176,1
4,1,0.95439684,1
4,1,0.9199977,1
4,1,0.8954194,1
4,1,0.95099586,1
4,1,0.8843779,1
4,1,0.8198938,1
4,1,0.7512538,1
4,1,0.76097286,1
4,1,0.80168474,1
4,1,0.6336983,1
4,1,0.5095391,1
4,1,0.30936375,0
4,1,0.27463564,0
4,1,0.51448953,1
4,1,0.17430295,0
4,1,0.2795626,0
4,1,0.27565455,0
4,1,0.38741907,0
4,1,0.51104337,1
4,1,0.32984677,0
4,1,0.35755774,0
4,1,0.27894175,0
4,1,0.31289724,0
4,1,0.37850863,0
4,1,0.19523661,0
4,1,0.21040991,0
4,1,0.24294837,0
4,1,0.43000197,0
4,1,0.19643219,0
4,0,0.5807361,1
4,0,0.6924558,1
4,0,0.6228393,1
4,0,0.6509577,1
4,0,0.6767837,1
4,0,0.8781506,1
4,0,0.8696085,1
4,0,0.7034699,1
4,0,0.8290015,1
4,0,0.9187554,1
4,0,0.8812049,1
4,0,0.78245527,1
4,0,0.9115784,1
4,0,0.92211306,1
4,0,0.8994942,1
4,0,0.6757196,1
4,0,0.8775311,1
4,0,0.90225863,1
4,0,0.6530899,1
4,0,0.793225,1
4,0,0.58869344,1
4,0,0.960575,1
4,0,0.58671045,1
4,0,0.7380394,1
4,0,0.8424981,1
4,0,0.5706915,1
4,0,0.54273957,1
4,0,0.47749004,0
4,0,0.7740583,1
4,0,0.81484854,1
4,0,0.8482595,1
4,0,0.6026237,1
4,0,0.5149486,1
4,0,0.62763846,1
4,0,0.6067705,1
4,0,0.6810987,1
4,0,0.5913289,1
4,0,0.6013523,1
4,0,0.46901217,0
4,0,0.61636907,1
4,0,0.63144064,1
4,0,0.6978354,1
4,0,0.55722773,1
4,0,0.38000137,0
4,0,0.41022065,0
4,0,0.40348062,0
4,0,0.59384423,1
4,0,0.33123976,0
4,0,0.5116695,1
4,0,0.4190946,0
4,0,0.6226824,1
4,0,0.5498605,1
4,0,0.6346437,1
4,0,0.4264713,0
4,0,0.43124622,0
4,0,0.43097448,0
4,0,0.63877577,1
4,0,0.5381391,1
4,0,0.46944365,0
4,0,0.5142743,1
4,0,0.4716921,0
4,0,0.77627236,1
4,0,0.76686984,1
4,0,0.7362906,1
4,0,0.83559614,1
4,0,0.6335853,1
4,0,0.5020399,1
4,0,0.5735688,1
4,0,0.48458683,0
4,0,0.578177,1
4,0,0.50766367,1
4,0,0.5735229,1
4,0,0.41150743,0
4,0,0.3821484,0
4,0,0.4855999,0
4,0,0.48269644,0
4,0,0.43484268,0
4,0,0.28845716,0
4,0,0.30351007,0
4,0,0.4092672,0
4,0,0.39613545,0
4,0,0.36838993,0
4,0,0.40629113,0
4,0,0.45546642,0
4,0,0.40441027,0
4,0,0.37742698,0
4,0,0.25208828,0
4,1,0.77399594,1
4,1,0.7865513,1
4,1,0.7433604,1
4,1,0.67027086,1
4,1,0.7859769,1
4,0,0.54695076,1
4,0,0.42257306,0
4,0,0.82799315,1
4,0,0.75135887,1
4,0,0.5992682,1
4,0,0.87106484,1
4,0,0.81928706,1
4,0,0.87122244,1
4,0,0.80106634,1
4,0,0.91002333,1
4,0,0.757113,1
4,0,0.8482307,1
4,0,0.7805432,1
4,0,0.8232729,1
4,0,0.83671546,1
4,0,0.88214463,1
4,0,0.86216515,1
4,0,0.8830618,1
4,0,0.8617344,1
4,0,0.8090641,1
4,0,0.9266379,1
4,0,0.7793361,1
4,0,0.7520515,1
4,0,0.8902386,1
4,0,0.85340035,1
4,0,0.8220119,1
4,0,0.8604402,1
4,0,0.92103153,1
4,0,0.84642977,1
4,0,0.8212561,1
4,0,0.85235184,1
4,0,0.7902653,1
4,0,0.7202895,1
4,0,0.8225266,1
4,0,0.77985597,1
4,0,0.8318771,1
4,0,0.7785116,1
4,0,0.7159684,1
4,0,0.81617534,1
4,0,0.7150478,1
4,0,0.684395,1
4,0,0.6396559,1
4,0,0.7281373,1
4,0,0.70457786,1
4,0,0.6688868,1
4,0,0.7791942,1
4,0,0.86412364,1
4,0,0.82666,1
4,0,0.868459,1
4,0,0.81751263,1
4,0,0.83105075,1
4,0,0.9414777,1
4,0,0.8205263,1
4,0,0.7918251,1
4,0,0.8637618,1
4,0,0.78185546,1
4,0,0.7733982,1
4,0,0.6159748,1
4,0,0.56073344,1
4,0,0.7656961,1
4,0,0.83254254,1
4,0,0.8758429,1
4,0,0.8445903,1
4,0,0.85766894,1
4,0,0.80449194,1
4,0,0.8450955,1
4,0,0.71315616,1
4,0,0.63522816,1
4,0,0.6854997,1
4,0,0.78256786,1
4,0,0.82222956,1
4,0,0.6666566,1
4,0,0.792874,1
4,0,0.653663,1
4,0,0.7718991,1
4,0,0.7122114,1
4,0,0.68817294,1
4,0,0.6133094,1
4,0,0.76861745,1
4,0,0.8248821,1
4,0,0.7355357,1
4,0,0.6171745,1
4,0,0.8421975,1
4,0,0.7059299,1
4,0,0.7381608,1
4,0,0.8282456,1
4,0,0.7556148,1
4,0,0.6788076,1
4,0,0.7224362,1
4,0,0.77535397,1
4,0,0.9120344,1
4,0,0.940533,1
4,0,0.8502325,1
4,0,0.8847361,1
4,0,0.88890207,1
4,0,0.8973282,1
4,0,0.7819748,1
4,0,0.7554246,1
4,0,0.8341591,1
4,0,0.7743451,1
4,0,0.7316584,1
4,0,0.717735,1
4,0,0.73925096,1
4,0,0.7021899,1
4,0,0.774878,1
4,0,0.7896246,1
4,0,0.866035,1
4,0,0.9394736,1
4,0,0.8988179,1
4,0,0.9060468,1
4,0,0.81044817,1
4,0,0.9319613,1
4,0,0.93471444,1
4,0,0.9501331,1
4,0,0.9038897,1
4,0,0.9678581,1
4,0,0.94766194,1
4,0,0.7855606,1
4,0,0.52356565,1
4,0,0.44195336,0
4,0,0.5317498,1
4,0,0.5154396,1
4,0,0.6255793,1
4,0,0.43531913,0
4,0,0.7822725,1
4,0,0.6967851,1
4,0,0.7020094,1
4,0,0.6077793,1
4,0,0.8348095,1
4,0,0.87538403,1
4,0,0.77269965,1
4,0,0.7772591,1
4,0,0.73285484,1
4,0,0.94112927,1
4,0,0.6762588,1
4,0,0.6922256,1
4,0,0.8717692,1
4,0,0.8448971,1
4,0,0.8637682,1
4,0,0.7952069,1
4,0,0.7301555,1
4,0,0.97301835,1
4,0,0.9018234,1
4,0,0.93620694,1
4,0,0.8421798,1
4,0,0.79834783,1
4,0,0.9082625,1
4,0,0.8728094,1
4,0,0.9585814,1
4,0,0.96565586,1
4,0,0.93450123,1
4,0,0.97793365,1
4,0,0.97095585,1
4,0,0.97144115,1
4,0,0.95746934,1
4,0,0.9240509,1
4,0,0.8925906,1
4,0,0.8995101,1
4,0,0.80090845,1
4,0,0.7011547,1
4,0,0.7831803,1
4,0,0.8655362,1
4,0,0.5743712,1
4,0,0.68348354,1
4,0,0.80465645,1
4,0,0.8744566,1
4,0,0.8720794,1
4,0,0.9737912,1
4,0,0.9604077,1
4,0,0.9768063,1
4,0,0.9699683,1
4,0,0.96102726,1
4,0,0.9386983,1
4,0,0.9439702,1
4,0,0.9441049,1
4,0,0.8931292,1
4,0,0.90365034,1
4,0,0.7167179,1
4,0,0.81104314,1
4,0,0.77573836,1
4,1,0.76572764,1
4,1,0.8607419,1
4,1,0.7633769,1
4,1,0.795355,1
4,1,0.8427067,1
4,1,0.83833694,1
4,1,0.75130814,1
4,1,0.8268381,1
4,1,0.83182424,1
4,1,0.78915226,1
4,1,0.8815012,1
4,1,0.774945,1
4,1,0.85655886,1
4,1,0.72402644,1
4,1,0.72323877,1
4,1,0.7135595,1
4,1,0.5749026,1
4,1,0.7708282,1
4,1,0.8521293,1
4,1,0.75350064,1
4,1,0.6274774,1
4,1,0.9169463,1
4,1,0.8923687,1
4,1,0.88975424,1
4,1,0.91431123,1
4,1,0.91197896,1
4,1,0.9275098,1
4,1,0.9487921,1
4,1,0.9456852,1
4,1,0.94691026,1
4,1,0.9360117,1
4,1,0.93656063,1
4,1,0.97141796,1
4,1,0.9654518,1
4,1,0.9708726,1
4,1,0.9121452,1
4,1,0.9164408,1
4,1,0.98254055,1
4,1,0.9602443,1
4,1,0.9330262,1
4,1,0.9544781,1
4,1,0.98210984,1
4,1,0.961686,1
4,1,0.9405534,1
4,1,0.9340259,1
4,1,0.93835735,1
4,1,0.9019899,1
4,1,0.89751405,1
4,1,0.9116107,1
4,1,0.94155765,1
4,1,0.93318075,1
4,1,0.920175,1
4,1,0.8995052,1
4,1,0.92717886,1
4,1,0.88588697,1
4,1,0.3616514,0
4,1,0.2264724,0
4,1,0.5342032,1
4,1,0.46773267,0
4,1,0.36894438,0
4,1,0.795528,1
4,1,0.67382103,1
4,1,0.8189503,1
4,1,0.6725327,1
4,1,0.7592531,1
4,1,0.76708,1
4,1,0.63264364,1
4,1,0.5504673,1
4,1,0.52197003,1
4,1,0.32655022,0
4,1,0.5158128,1
4,1,0.63268036,1
4,1,0.399148,0
4,1,0.35675448,0
4,1,0.41076028,0
4,1,0.5839185,1
4,1,0.6728719,1
4,1,0.56112707,1
4,1,0.5907372,1
4,1,0.54057705,1
4,1,0.34265518,0
4,1,0.45093808,0
4,1,0.27042022,0
4,1,0.40126306,0
4,1,0.616807,1
4,1,0.49250147,0
4,1,0.6108531,1
4,1,0.71979356,1
4,1,0.8047766,1
4,1,0.82986766,1
4,1,0.8359793,1
4,1,0.8570546,1
4,1,0.8977374,1
4,1,0.881144,1
4,1,0.8399309,1
4,1,0.91112417,1
4,1,0.8798943,1
4,1,0.84197366,1
4,1,0.8355515,1
4,1,0.791239,1
4,1,0.53963864,1
4,1,0.39882338,0
4,1,0.6528735,1
4,1,0.49727955,0
4,1,0.36220148,0
4,1,0.5210427,1
4,1,0.7882419,1
4,1,0.39351356,0
4,1,0.50936985,1
4,1,0.8019088,1
4,1,0.73656166,1
4,1,0.5152445,1
4,1,0.60802865,1
4,1,0.6190704,1
4,1,0.51102924,1
4,1,0.38307166,0
4,1,0.24598536,0
4,1,0.17054889,0
4,1,0.64973533,1
4,1,0.4445816,0
4,1,0.32711133,0
4,1,0.24416608,0
4,1,0.7068658,1
4,1,0.4626225,0
4,1,0.34613934,0
4,1,0.8875552,1
4,1,0.7301543,1
4,1,0.8583819,1
4,1,0.7557026,1
4,1,0.834353,1
4,1,0.8172164,1
4,1,0.32330665,0
4,1,0.5332195,1
4,1,0.385452,0
4,1,0.43844816,0
4,1,0.3177038,0
4,1,0.2102269,0
4,1,0.28890032,0
4,1,0.24600515,0
4,1,0.18747261,0
4,1,0.21921726,0
4,1,0.28664434,0
4,1,0.27601984,0
4,1,0.16060348,0
4,1,0.21768226,0
4,1,0.07337304,0
4,1,0.19154689,0
4,1,0.1091574,0
4,1,0.12111659,0
4,1,0.092217274,0
4,1,0.041532733,0
4,1,0.09971989,0
4,1,0.07566141,0
4,1,0.08565601,0
4,1,0.08084202,0
4,1,0.09813785,0
4,1,0.1407177,0
4,1,0.12508732,0
4,1,0.20439018,0
4,1,0.16426775,0
4,1,0.21930014,0
4,1,0.45816013,0
4,1,0.313599,0
4,1,0.85830754,1
4,1,0.7221975,1
4,1,0.8315677,1
4,1,0.66910475,1
4,1,0.8071283,1
4,1,0.8082507,1
4,1,0.68471384,1
4,1,0.6480745,1
4,1,0.58659196,1
4,1,0.3700792,0
4,1,0.5134961,1
4,1,0.6073658,1
4,1,0.39057204,0
4,1,0.26317286,0
4,1,0.26471728,0
4,1,0.29231566,0
4,1,0.29064247,0
4,1,0.33630887,0
4,1,0.6765789,1
4,1,0.6737749,1
4,1,0.42924264,0
4,1,0.67141914,1
4,1,0.61710817,1
4,1,0.61315143,1
4,1,0.5585925,1
4,1,0.7301863,1
4,1,0.66868085,1
4,1,0.6823075,1
4,1,0.6406736,1
4,1,0.33857432,0
4,1,0.5080945,1
4,1,0.4500055,0
4,1,0.2685736,0
4,1,0.3487754,0
4,1,0.61153156,1
4,1,0.20503835,0
4,1,0.18999353,0
4,1,0.2017935,0
4,1,0.2745622,0
4,1,0.19944225,0
4,1,0.32998094,0
4,1,0.3793906,0
4,1,0.23835601,0
4,1,0.15194944,0
4,1,0.16847585,0
4,1,0.22152759,0
4,1,0.08760176,0
4,1,0.22469482,0
4,1,0.102378055,0
4,1,0.09792694,0
4,1,0.18704763,0
4,1,0.24134527,0
4,1,0.3191713,0
4,1,0.23069249,0
4,1,0.23700877,0
4,1,0.33626992,0
4,1,0.43739656,0
4,1,0.23793004,0
4,1,0.9804191,1
4,1,0.98716265,1
4,1,0.94579256,1
4,1,0.95652723,1
4,1,0.979297,1
4,1,0.9697381,1
4,1,0.9809419,1
4,1,0.97421646,1
4,1,0.8902629,1
4,1,0.9255774,1
4,1,0.9693076,1
4,1,0.87300146,1
4,1,0.90470517,1
4,1,0.947856,1
4,1,0.90511775,1
4,1,0.84081334,1
4,1,0.86471283,1
4,1,0.9118157,1
4,1,0.92238325,1
4,1,0.9388099,1
4,1,0.9504501,1
4,1,0.9453471,1
4,1,0.95726806,1
4,1,0.91759604,1
4,1,0.9512561,1
4,1,0.8605962,1
4,1,0.93226427,1
4,1,0.92726177,1
4,1,0.96735793,1
4,1,0.9175159,1
4,1,0.9668677,1
4,1,0.97282964,1
4,1,0.9792331,1
4,1,0.9553108,1
4,1,0.9809141,1
4,1,0.97227323,1
4,1,0.9659127,1
4,1,0.9743087,1
4,1,0.89730763,1
4,1,0.902502,1
4,1,0.98188466,1
4,1,0.9507229,1
4,1,0.97740865,1
4,1,0.8141265,1
4,1,0.98348236,1
4,1,0.9656894,1
4,1,0.83379567,1
4,1,0.9011659,1
4,1,0.93403816,1
4,1,0.8551566,1
4,1,0.89081115,1
4,1,0.85463965,1
4,1,0.9151531,1
4,1,0.92512584,1
4,1,0.8410659,1
4,1,0.9007952,1
4,1,0.9282097,1
4,1,0.97314465,1
4,1,0.9505035,1
4,1,0.8987944,1
4,1,0.971265,1
4,1,0.96666825,1
4,1,0.96845454,1
4,1,0.92434937,1
4,1,0.93191594,1
4,1,0.971633,1
4,1,0.9535888,1
4,1,0.9454142,1
4,1,0.9468888,1
4,1,0.97849214,1
4,1,0.95060134,1
4,1,0.962339,1
4,1,0.9602819,1
4,1,0.9648032,1
4,1,0.9148767,1
4,1,0.94792616,1
4,1,0.9518192,1
4,1,0.95847,1
4,1,0.9263755,1
4,1,0.9656254,1
4,1,0.93222106,1
4,1,0.9561734,1
4,1,0.9402934,1
4,1,0.98561585,1
4,1,0.977284,1
4,1,0.97497296,1
4,1,0.9622506,1
4,1,0.95599765,1
4,1,0.9781507,1
4,1,0.9649152,1
4,1,0.9633986,1
4,1,0.9592303,1
4,1,0.96969765,1
4,1,0.98233885,1
4,1,0.9657089,1
4,1,0.9442941,1
4,1,0.9611832,1
4,1,0.9548041,1
4,1,0.9604682,1
4,1,0.96350753,1
4,1,0.9806456,1
4,1,0.9574491,1
4,1,0.96950376,1
4,1,0.9556189,1
4,1,0.9748489,1
4,1,0.94810015,1
4,0,0.4720702,0
4,0,0.4687959,0
4,0,0.3955414,0
4,0,0.25546086,0
4,0,0.4670494,0
4,0,0.3348523,0
4,0,0.34621203,0
4,0,0.4609178,0
4,0,0.54215556,1
4,0,0.45126313,0
4,0,0.32130343,0
4,0,0.44628856,0
4,0,0.5174377,1
4,0,0.28669316,0
4,0,0.3463348,0
4,0,0.30036393,0
4,0,0.30479535,0
4,0,0.38462818,0
4,0,0.3969677,0
4,0,0.48561755,0
4,0,0.7299595,1
4,0,0.8356101,1
4,0,0.80082697,1
4,0,0.70888203,1
4,0,0.80629736,1
4,0,0.76774526,1
4,0,0.8798561,1
4,0,0.91921186,1
4,0,0.84888744,1
4,0,0.79566103,1
4,0,0.8185018,1
4,0,0.81913954,1
4,0,0.85080147,1
4,0,0.9345161,1
4,0,0.88282967,1
4,1,0.9511213,1
4,1,0.91847384,1
4,1,0.88008237,1
4,1,0.9136434,1
4,1,0.8844686,1
4,1,0.88741773,1
4,1,0.9169031,1
4,1,0.87020355,1
4,1,0.9277895,1
4,1,0.9358018,1
4,1,0.93198097,1
4,1,0.9507409,1
4,1,0.9443605,1
4,1,0.9569184,1
4,1,0.9648538,1
4,1,0.97452617,1
4,1,0.96104264,1
4,1,0.92918336,1
4,1,0.9689023,1
4,1,0.9614813,1
4,1,0.95040035,1
4,1,0.9392966,1
4,1,0.9228171,1
4,1,0.9007762,1
4,1,0.9267386,1
4,1,0.8232989,1
4,1,0.82655627,1
4,1,0.9029098,1
4,1,0.92503923,1
4,1,0.9325827,1
4,1,0.9072156,1
4,1,0.91404,1
4,1,0.9029795,1
4,1,0.9046609,1
4,1,0.9190328,1
4,1,0.9186317,1
4,1,0.82446116,1
4,1,0.83920854,1
4,1,0.9273329,1
4,1,0.9241068,1
4,1,0.9473944,1
4,1,0.86833143,1
4,1,0.8670625,1
4,1,0.92904174,1
4,1,0.85879797,1
4,1,0.9291002,1
4,1,0.8666708,1
4,1,0.8745137,1
4,1,0.85843396,1
4,1,0.8377772,1
4,1,0.7994056,1
4,1,0.8837368,1
4,1,0.8067192,1
4,1,0.84720784,1
4,1,0.8374944,1
4,1,0.8533954,1
4,1,0.90691066,1
4,1,0.9292656,1
4,1,0.93327624,1
4,1,0.9194773,1
4,1,0.9342868,1
4,1,0.9069535,1
4,1,0.9045685,1
4,1,0.87337416,1
4,1,0.8423168,1
4,1,0.6205476,1
4,1,0.83560044,1
4,1,0.8977823,1
4,1,0.57418054,1
4,1,0.59670407,1
4,1,0.48617184,0
4,1,0.43918458,0
4,1,0.5662383,1
4,1,0.7379086,1
4,1,0.7865563,1
4,1,0.52491665,1
4,1,0.6986446,1
4,1,0.85675657,1
4,1,0.7534656,1
4,1,0.6427204,1
4,1,0.8011829,1
4,1,0.8782777,1
4,1,0.85197145,1
4,1,0.5885068,1
4,1,0.8267233,1
4,1,0.8718054,1
4,1,0.61696064,1
4,1,0.7277272,1
4,0,0.098862484,0
4,0,0.41845873,0
4,0,0.096479625,0
4,0,0.14784706,0
4,0,0.47876978,0
4,0,0.6524702,1
4,0,0.24934743,0
4,0,0.21984321,0
4,0,0.3209049,0
4,0,0.531198,1
4,0,0.78069365,1
4,0,0.69800526,1
4,0,0.7773024,1
4,0,0.7288263,1
4,0,0.76306427,1
4,0,0.76774526,1
4,0,0.8798561,1
4,0,0.91921186,1
4,0,0.84888744,1
4,0,0.79566103,1
4,0,0.8185018,1
4,0,0.81913954,1
4,0,0.85080147,1
4,0,0.9345161,1
4,0,0.88282967,1
4,0,0.9511213,1
4,0,0.91847384,1
4,0,0.88008237,1
4,0,0.9136434,1
4,0,0.8844686,1
4,1,0.74658966,1
4,1,0.704127,1
4,1,0.6325962,1
4,1,0.8341485,1
4,1,0.89778215,1
4,1,0.57078975,1
4,1,0.59231335,1
4,1,0.48451713,0
4,1,0.43744344,0
4,1,0.56124836,1
4,1,0.73322403,1
4,1,0.7855211,1
4,1,0.522013,1
4,1,0.6933743,1
4,1,0.85506165,1
4,1,0.7499315,1
4,1,0.6390333,1
4,1,0.8003391,1
4,1,0.87748384,1
4,1,0.85041916,1
4,1,0.48781812,0
4,1,0.5230557,1
4,1,0.40152413,0
4,1,0.36436495,0
4,1,0.31752777,0
4,1,0.28336072,0
4,1,0.24317968,0
4,1,0.4241408,0
4,1,0.2835967,0
4,1,0.37961107,0
4,1,0.3723397,0
4,1,0.38563517,0
4,1,0.23143624,0
4,1,0.31615156,0
4,1,0.36693004,0
4,1,0.4994807,0
4,1,0.49777418,0
4,1,0.4439951,0
4,1,0.6137135,1
4,1,0.55345553,1
4,1,0.5699066,1
4,1,0.518031,1
4,1,0.64582837,1
4,1,0.53315485,1
4,1,0.5686824,1
4,1,0.50906193,1
4,1,0.7476811,1
4,1,0.37692502,0
4,1,0.4073605,0
4,1,0.6166408,1
4,1,0.39161462,0
4,1,0.33036906,0
4,1,0.55858964,1
4,1,0.29957736,0
4,1,0.21585801,0
4,1,0.32221967,0
4,1,0.22414652,0
4,1,0.3609902,0
4,1,0.7464952,1
4,1,0.5063531,1
4,1,0.53301823,1
4,1,0.5201186,1
4,1,0.44728956,0
4,1,0.33690426,0
4,1,0.52206594,1
4,1,0.48377064,0
4,1,0.3914167,0
4,1,0.2871897,0
4,1,0.1493665,0
4,1,0.20942648,0
4,1,0.2405824,0
4,1,0.11202305,0
4,1,0.33692113,0
4,1,0.5007513,1
4,1,0.3927514,0
4,1,0.3463531,0
4,1,0.32428214,0
4,1,0.3184494,0
4,1,0.2863784,0
4,1,0.84978753,1
4,1,0.1540971,0
4,1,0.6872752,1
4,1,0.43770233,0
4,1,0.79843646,1
4,1,0.7104638,1
4,1,0.79697496,1
4,1,0.7416178,1
4,1,0.8621849,1
4,1,0.63097936,1
4,1,0.41074696,0
4,1,0.6952903,1
4,1,0.5014926,1
4,1,0.89295083,1
4,1,0.4657939,0
4,1,0.52009106,1
4,1,0.09812061,0
4,1,0.4181339,0
4,1,0.09839743,0
4,1,0.15467069,0
4,1,0.50673836,1
4,1,0.37089968,0
4,1,0.15795712,0
4,1,0.23994617,0
4,1,0.21616544,0
4,1,0.24076027,0
4,1,0.29213727,0
4,1,0.48805088,0
4,1,0.4931585,0
4,1,0.5040545,1
4,1,0.5872976,1
4,1,0.705909,1
4,1,0.37393576,0
4,1,0.48180267,0
4,1,0.44785488,0
4,1,0.38170835,0
4,1,0.53732264,1
4,1,0.5541238,1
4,1,0.40136534,0
4,1,0.44395396,0
4,1,0.3539755,0
4,1,0.484619,0
4,1,0.6056325,1
4,1,0.77347463,1
4,1,0.60288864,1
4,1,0.3801074,0
4,1,0.58361834,1
4,1,0.62071896,1
4,1,0.4990767,0
4,1,0.3451597,0
4,1,0.3881927,0
4,1,0.73197734,1
4,1,0.6520347,1
4,1,0.48774484,0
4,1,0.5079241,1
4,1,0.4910436,0
4,1,0.49117905,0
4,1,0.5060876,1
4,1,0.58587617,1
4,1,0.7076802,1
4,1,0.37192172,0
4,1,0.47972763,0
4,1,0.44304535,0
4,1,0.5930081,1
4,1,0.4955166,0
4,1,0.45109135,0
4,1,0.3807809,0
4,1,0.6000667,1
4,1,0.3803293,0
4,1,0.57975674,1
4,1,0.6193678,1
4,1,0.50065196,1
4,1,0.34014407,0
4,1,0.39289266,0
4,1,0.7360764,1
4,1,0.5690486,1
4,1,0.48714167,0
4,1,0.40620604,0
4,1,0.28547412,0
4,1,0.29901913,0
4,1,0.4243019,0
4,1,0.4431144,0
4,0,0.41057593,0
4,0,0.28010935,0
4,0,0.4321542,0
4,0,0.3284518,0
4,0,0.13151559,0
4,0,0.22865207,0
4,0,0.041341193,0
4,1,0.76441896,1
4,1,0.6594147,1
4,1,0.7755461,1
4,1,0.7948641,1
4,1,0.76579803,1
4,0,0.87087655,1
4,0,0.8807915,1
4,0,0.90712005,1
4,0,0.96049666,1
4,0,0.86755794,1
4,0,0.7595546,1
4,0,0.9139255,1
4,0,0.9019259,1
4,0,0.88882595,1
4,0,0.875082,1
4,0,0.8219967,1
4,0,0.739958,1
4,0,0.7720958,1
4,1,0.90378284,1
4,1,0.7431366,1
4,1,0.68327963,1
4,1,0.8103508,1
4,1,0.58009833,1
4,0,0.40766346,0
4,0,0.6224387,1
4,0,0.6637672,1
4,0,0.5376565,1
4,0,0.41570675,0
4,0,0.497212,0
4,1,0.5239216,1
4,1,0.46898994,0
4,1,0.46459454,0
4,1,0.54139423,1
4,1,0.21480091,0
4,1,0.59118587,1
4,1,0.43314728,0
4,1,0.3545852,0
4,1,0.34491575,0
4,1,0.48744774,0
4,1,0.21920344,0
4,1,0.28908253,0
4,1,0.2493874,0
4,1,0.36110362,0
4,1,0.25255096,0
4,1,0.94910043,1
4,1,0.9336709,1
4,1,0.8844363,1
4,1,0.83835024,1
4,1,0.9159808,1
4,1,0.85601795,1
4,1,0.88739306,1
4,1,0.93445563,1
4,1,0.88387346,1
4,1,0.8122477,1
4,1,0.8349731,1
4,1,0.67283916,1
4,1,0.6994318,1
4,1,0.7778516,1
4,1,0.61222965,1
4,1,0.82518023,1
4,1,0.90436137,1
4,1,0.574091,1
4,1,0.5719138,1
4,1,0.49215242,0
4,1,0.46814287,0
4,1,0.6620858,1
4,1,0.8340381,1
4,1,0.7916919,1
4,1,0.6243474,1
4,1,0.6403933,1
4,1,0.88058704,1
4,1,0.8139182,1
4,1,0.6454245,1
4,1,0.83944917,1
4,1,0.8962726,1
4,1,0.82305616,1
4,1,0.512577,1
4,1,0.8345927,1
4,1,0.84853107,1
4,1,0.5344361,1
4,1,0.7458593,1
4,1,0.807266,1
4,1,0.8134384,1
4,1,0.78656155,1
4,1,0.90151334,1
4,1,0.860943,1
4,1,0.70384187,1
4,1,0.8885023,1
4,1,0.75026107,1
4,1,0.7729181,1
4,1,0.8514773,1
4,1,0.8252962,1
4,1,0.8132656,1
4,1,0.85851574,1
4,1,0.91564256,1
4,1,0.63557005,1
4,1,0.4511733,0
4,1,0.6044369,1
4,1,0.5529851,1
4,1,0.33123776,0
4,1,0.5595167,1
4,1,0.28790838,0
4,1,0.55037177,1
4,1,0.4689179,0
4,1,0.41391695,0
4,1,0.31099012,0
4,1,0.30041838,0
4,1,0.3741943,0
4,1,0.42154524,0
4,1,0.35209197,0
4,1,0.43335497,0
4,0,0.7327491,1
4,0,0.7268884,1
4,0,0.5224117,1
4,0,0.5009822,1
4,0,0.52793187,1
4,0,0.5028602,1
4,0,0.35636938,0
4,0,0.4915137,0
4,0,0.3509966,0
4,0,0.36481172,0
4,0,0.40725535,0
4,0,0.4268019,0
4,0,0.6385771,1
4,0,0.4934277,0
4,0,0.25765878,0
4,1,0.024247577,0
4,1,0.027074654,0
4,1,0.018504493,0
4,1,0.042002775,0
4,1,0.026086245,0
4,1,0.030199258,0
4,1,0.044467524,0
4,1,0.4749094,0
4,1,0.4261952,0
4,1,0.4023972,0
4,1,0.4241065,0
4,1,0.4579154,0
4,1,0.5363786,1
4,1,0.6291454,1
4,1,0.49133685,0
4,1,0.3417663,0
4,1,0.42150983,0
4,1,0.45761567,0
4,1,0.5379628,1
4,1,0.5860176,1
4,1,0.44685522,0
4,1,0.5333696,1
4,1,0.71332574,1
4,1,0.7559011,1
4,1,0.5187915,1
4,1,0.5758076,1
4,1,0.491799,0
4,1,0.47117484,0
4,1,0.5449931,1
4,1,0.5173726,1
4,1,0.20777306,0
4,1,0.3481369,0
4,1,0.1475779,0
4,1,0.22864075,0
4,1,0.1978996,0
4,1,0.2292484,0
4,1,0.28012988,0
4,1,0.16042241,0
4,1,0.20939872,0
4,1,0.36228615,0
4,1,0.28121334,0
4,1,0.23206353,0
4,1,0.32130343,0
4,1,0.44628856,0
4,1,0.5404068,1
4,1,0.58301836,1
4,1,0.5680484,1
4,1,0.379386,0
4,1,0.53915274,1
4,1,0.5484372,1
4,1,0.42368197,0
4,1,0.6399167,1
4,1,0.66526496,1
4,1,0.55376923,1
4,1,0.45194295,0
4,1,0.5182043,1
4,1,0.54391557,1
4,1,0.4978591,0
4,0,0.7386538,1
4,0,0.8565696,1
4,0,0.77477753,1
4,0,0.8546012,1
4,0,0.89907575,1
4,0,0.81592005,1
4,0,0.8505092,1
4,0,0.8387079,1
4,0,0.8165023,1
4,1,0.8268581,1
4,1,0.7750141,1
4,1,0.7169339,1
4,1,0.6738979,1
4,1,0.81736666,1
4,1,0.6502659,1
4,1,0.80084056,1
4,1,0.5948894,1
4,1,0.8755867,1
4,1,0.820416,1
4,1,0.86656356,1
4,1,0.8267415,1
4,1,0.7890424,1
4,1,0.66698956,1
4,1,0.80394614,1
4,1,0.81967133,1
4,1,0.71440774,1
4,1,0.82911754,1
4,1,0.8296181,1
4,1,0.77640104,1
4,1,0.8164467,1
4,1,0.8659196,1
4,1,0.6925428,1
4,1,0.71075153,1
4,1,0.79349065,1
4,1,0.8559156,1
4,1,0.887464,1
4,1,0.44808993,0
4,1,0.31459928,0
4,1,0.24250643,0
4,1,0.41464877,0
4,1,0.35339648,0
4,1,0.30978248,0
4,1,0.41240454,0
4,1,0.51004833,1
4,1,0.41703752,0
4,1,0.28677353,0
4,1,0.28446835,0
4,1,0.2903373,0
4,0,0.45876977,0
4,0,0.59654945,1
4,0,0.49068677,0
4,0,0.66148525,1
4,0,0.57962865,1
4,0,0.62736267,1
4,0,0.5220616,1
4,0,0.62159187,1
4,0,0.7557396,1
4,0,0.7122894,1
4,0,0.67182434,1
4,0,0.685994,1
4,0,0.606338,1
4,0,0.59900385,1
4,0,0.5566843,1
4,1,0.7244685,1
4,1,0.43189126,0
4,1,0.6914205,1
4,1,0.65776956,1
4,1,0.6284173,1
4,1,0.5838554,1
4,1,0.75215584,1
4,1,0.7062123,1
4,1,0.7373963,1
4,1,0.7292528,1
4,1,0.42854378,0
4,1,0.5471875,1
4,1,0.6239581,1
4,1,0.32577646,0
4,1,0.43945575,0
4,1,0.6541839,1
4,1,0.35599676,0
4,1,0.29662994,0
4,1,0.82284683,1
4,1,0.85212517,1
4,1,0.8865262,1
4,1,0.84186035,1
4,1,0.8966061,1
4,1,0.89079136,1
4,1,0.8723271,1
4,1,0.87940735,1
4,1,0.9284156,1
4,1,0.8087761,1
4,1,0.7554106,1
4,1,0.8622379,1
4,1,0.8705602,1
4,1,0.8750942,1
4,1,0.84775424,1
4,1,0.5093153,1
4,1,0.7472065,1
4,1,0.79051316,1
4,1,0.6007941,1
4,1,0.6519851,1
4,1,0.88061816,1
4,1,0.7390533,1
4,1,0.69085544,1
4,1,0.7503584,1
4,1,0.79186946,1
4,1,0.93334645,1
4,1,0.8713335,1
4,1,0.89452916,1
4,1,0.9281757,1
4,1,0.8955499,1
4,1,0.9329523,1
4,1,0.9185578,1
4,1,0.90290016,1
4,1,0.8844661,1
4,1,0.8415552,1
4,1,0.70455617,1
4,1,0.8872741,1
4,1,0.7475604,1
4,1,0.8305721,1
4,1,0.87880677,1
4,1,0.8864759,1
4,1,0.8541628,1
4,1,0.8780548,1
4,1,0.677005,1
4,1,0.62818176,1
4,1,0.7935585,1
4,1,0.68735576,1
4,1,0.8788502,1
4,1,0.7780673,1
4,1,0.86252546,1
4,1,0.9052508,1
4,1,0.85324377,1
4,1,0.79522187,1
4,1,0.789844,1
4,1,0.8669932,1
4,1,0.8533632,1
4,1,0.82028013,1
4,1,0.9030886,1
4,1,0.88863665,1
4,1,0.7668262,1
4,1,0.8937809,1
4,1,0.81695586,1
4,1,0.8236667,1
4,0,0.6361409,1
4,0,0.79255193,1
4,0,0.83884555,1
4,0,0.81145424,1
4,0,0.89385545,1
4,0,0.9197166,1
4,0,0.77285445,1
4,0,0.6931064,1
4,0,0.9242071,1
4,0,0.89933777,1
4,0,0.8973724,1
4,0,0.9148842,1
4,0,0.9184989,1
4,0,0.9327606,1
4,0,0.9473902,1
4,0,0.94367146,1
4,0,0.9483738,1
4,0,0.9263045,1
4,0,0.9382889,1
4,1,0.9547854,1
4,1,0.9632333,1
4,1,0.94064075,1
4,1,0.959631,1
4,1,0.88723385,1
4,1,0.8653342,1
4,1,0.96639943,1
4,1,0.9219694,1
4,1,0.8904145,1
4,1,0.9432344,1
4,1,0.96481,1
4,1,0.9548542,1
4,1,0.9142387,1
4,1,0.89590925,1
4,1,0.88261,1
4,1,0.87467647,1
4,1,0.84922826,1
4,1,0.9159629,1
4,1,0.93985057,1
4,1,0.92631936,1
4,1,0.86101294,1
4,1,0.89790523,1
4,1,0.918855,1
4,1,0.82558167,1
4,1,0.1681412,0
4,1,0.19205385,0
4,1,0.1372985,0
4,1,0.24105684,0
4,1,0.28801617,0
4,1,0.1988282,0
4,1,0.2295263,0
4,1,0.2528242,0
4,1,0.25614357,0
4,1,0.32754838,0
4,1,0.45302144,0
4,1,0.2150657,0
4,1,0.24658065,0
4,1,0.15346643,0
4,1,0.09087281,0
4,1,0.15753156,0
4,1,0.17937484,0
4,1,0.16454631,0
4,1,0.13925701,0
4,1,0.12544833,0
4,1,0.15372603,0
4,1,0.16868265,0
4,1,0.18600036,0
4,1,0.18167573,0
4,1,0.30375698,0
4,1,0.24279487,0
4,1,0.12051668,0
4,1,0.23992103,0
4,1,0.30970874,0
4,1,0.24672244,0
4,1,0.20755787,0
4,1,0.27545536,0
4,1,0.117077045,0
4,1,0.30891812,0
4,1,0.13640188,0
4,1,0.6449052,1
4,1,0.79099435,1
4,1,0.7804338,1
4,1,0.7232071,1
4,1,0.8039051,1
4,1,0.9023831,1
4,1,0.8441183,1
4,1,0.9456782,1
4,1,0.91757196,1
4,1,0.86797047,1
4,1,0.9572497,1
4,1,0.9045708,1
4,1,0.9182803,1
4,1,0.94558054,1
4,1,0.87722373,1
4,1,0.79807055,1
4,1,0.86834663,1
4,1,0.7613023,1
4,0,0.65195554,1
4,0,0.66858006,1
4,0,0.58716196,1
4,0,0.6700616,1
4,0,0.6896181,1
4,0,0.6480789,1
4,0,0.7217979,1
4,0,0.52328074,1
4,0,0.6714646,1
4,0,0.6950313,1
4,0,0.59274,1
4,0,0.76034063,1
4,0,0.43520045,0
4,0,0.837204,1
4,0,0.5626083,1
4,0,0.9157947,1
4,0,0.76674587,1
4,0,0.882464,1
4,0,0.42761767,0
4,0,0.7053545,1
4,0,0.7482798,1
4,0,0.7680235,1
4,0,0.8147986,1
4,1,0.38055068,0
4,1,0.28401247,0
4,1,0.28235635,0
4,1,0.18240435,0
4,1,0.08938774,0
4,1,0.1656856,0
4,1,0.19313632,0
4,1,0.31459036,0
4,1,0.13134061,0
4,1,0.20548761,0
4,1,0.15575315,0
4,1,0.2029427,0
4,1,0.27332002,0
4,1,0.14584903,0
4,1,0.18552612,0
4,1,0.30556193,0
4,1,0.24476723,0
4,1,0.20335552,0
4,1,0.3313613,0
4,1,0.3988509,0
4,1,0.5155234,1
4,1,0.2942397,0
4,1,0.30513915,0
4,1,0.40472353,0
4,1,0.37387013,0
4,1,0.26541314,0
4,1,0.7094046,1
4,1,0.8032123,1
4,1,0.7843516,1
4,1,0.62420577,1
4,1,0.65385145,1
4,1,0.89027274,1
4,1,0.86933833,1
4,1,0.81137216,1
4,1,0.83174115,1
4,1,0.7506478,1
4,1,0.8828424,1
4,1,0.9129363,1
4,1,0.87455094,1
4,1,0.89555997,1
4,1,0.7953516,1
4,1,0.9012743,1
4,1,0.8599917,1
4,1,0.95587677,1
4,1,0.94870114,1
4,1,0.89935076,1
4,1,0.96897215,1
4,1,0.96532893,1
4,1,0.96930444,1
4,1,0.9353937,1
4,1,0.91346604,1
4,1,0.8723028,1
4,1,0.8823921,1
4,1,0.3627403,0
4,1,0.2922566,0
4,1,0.30242717,0
4,1,0.21064405,0
4,1,0.31310225,0
4,1,0.347102,0
4,1,0.4217395,0
4,1,0.5148166,1
4,1,0.44057518,0
4,1,0.5822488,1
4,1,0.5450698,1
4,1,0.5159508,1
4,1,0.4458369,0
4,1,0.4626291,0
4,1,0.54935825,1
4,1,0.5708252,1
4,1,0.4702863,0
4,1,0.4197767,0
4,1,0.60044694,1
4,1,0.48907858,0
4,1,0.6629794,1
4,1,0.5112942,1
4,1,0.57289916,1
4,1,0.5617949,1
4,1,0.637821,1
4,1,0.4825066,0
4,1,0.666771,1
4,1,0.76551443,1
4,1,0.8273618,1
4,1,0.14010121,0
4,1,0.61233556,1
4,1,0.34290737,0
4,1,0.7216941,1
4,1,0.6212772,1
4,1,0.7888961,1
4,1,0.68723166,1
4,1,0.85204446,1
4,1,0.123881586,0
4,1,0.23220603,0
4,1,0.44946304,0
4,1,0.736975,1
4,1,0.19373143,0
4,1,0.10350342,0
4,1,0.3702767,0
4,1,0.3397157,0
4,1,0.3952245,0
4,1,0.44247615,0
4,1,0.40354162,0
4,1,0.5188787,1
4,1,0.45818514,0
4,1,0.36918324,0
5,1,0.9358933,1
5,1,0.8065542,1
5,1,0.7805768,1
5,1,0.8017955,1
5,1,0.7690953,1
5,1,0.6283078,1
5,1,0.7938034,1
5,1,0.8156943,1
5,1,0.82548213,1
5,1,0.57719976,1
5,1,0.5941325,1
5,1,0.642663,1
5,1,0.71792144,1
5,1,0.68566793,1
5,1,0.7620353,1
5,1,0.8283711,1
5,1,0.73437935,1
5,1,0.7439387,1
5,1,0.6875961,1
5,1,0.7902366,1
5,1,0.7793598,1
5,1,0.8657716,1
5,1,0.6932096,1
5,1,0.7711636,1
5,1,0.5228779,1
5,1,0.41991064,0
5,1,0.76834226,1
5,1,0.39433464,0
5,1,0.565854,1
5,1,0.6288645,1
5,1,0.81759864,1
5,1,0.56870884,1
5,1,0.5108876,1
5,1,0.7332433,1
5,1,0.53677833,1
5,1,0.54397786,1
5,1,0.48152965,0
5,1,0.44752008,0
5,1,0.38173908,0
5,1,0.4981955,0
5,1,0.7437132,1
5,1,0.46700487,0
5,1,0.6508777,1
5,1,0.608503,1
5,1,0.5817463,1
5,1,0.26463863,0
5,1,0.39525968,0
5,1,0.57154006,1
5,1,0.8078164,1
5,1,0.7859353,1
5,1,0.8436222,1
5,1,0.7586708,1
5,1,0.79492605,1
5,1,0.78143543,1
5,1,0.6067319,1
5,1,0.59066147,1
5,1,0.7071102,1
5,1,0.56833327,1
5,1,0.32700485,0
5,1,0.5068096,1
5,1,0.66291976,1
5,1,0.5514661,1
5,1,0.6798331,1
5,0,0.39967585,0
5,0,0.769664,1
5,0,0.64871985,1
5,0,0.5368099,1
5,0,0.614469,1
5,1,0.71829265,1
5,1,0.68808466,1
5,1,0.5581171,1
5,1,0.7281794,1
5,1,0.4566052,0
5,1,0.53340924,1
5,1,0.45070216,0
5,1,0.5980925,1
5,1,0.44141224,0
5,1,0.48501658,0
5,1,0.6515631,1
5,1,0.5440415,1
5,1,0.5952327,1
5,1,0.45895368,0
5,1,0.63846236,1
5,1,0.6753433,1
5,1,0.60828966,1
5,1,0.5278888,1
5,1,0.52808255,1
5,1,0.64538807,1
5,1,0.6864103,1
5,1,0.7508064,1
5,1,0.71195096,1
5,1,0.6097281,1
5,1,0.61286443,1
5,1,0.68291956,1
5,1,0.6527359,1
5,1,0.70344734,1
5,1,0.692041,1
5,1,0.65823466,1
5,1,0.58895415,1
5,1,0.51300794,1
5,1,0.4975996,0
5,1,0.63208085,1
5,1,0.6803949,1
5,1,0.76095265,1
5,1,0.706362,1
5,1,0.6191382,1
5,1,0.6353784,1
5,1,0.693303,1
5,1,0.640883,1
5,1,0.70186204,1
5,1,0.72640836,1
5,1,0.30247352,0
5,1,0.51758605,1
5,1,0.6318252,1
5,1,0.47660094,0
5,1,0.53261894,1
5,1,0.5735023,1
5,1,0.52315694,1
5,1,0.60646296,1
5,1,0.5761061,1
5,1,0.45876643,0
5,1,0.50759315,1
5,1,0.5242062,1
5,1,0.6332744,1
5,1,0.61223257,1
5,0,0.43397543,0
5,0,0.46320754,0
5,0,0.3681006,0
5,0,0.3867,0
5,0,0.36103612,0
5,0,0.49376523,0
5,0,0.5211101,1
5,0,0.6234201,1
5,1,0.90232664,1
5,1,0.83107954,1
5,1,0.80045366,1
5,1,0.84619325,1
5,1,0.80427504,1
5,1,0.71342796,1
5,1,0.8399195,1
5,1,0.8398397,1
5,1,0.8527768,1
5,0,0.45187426,0
5,0,0.7892184,1
5,0,0.4356773,0
5,0,0.6089079,1
5,0,0.6619756,1
5,0,0.8400302,1
5,0,0.62355703,1
5,0,0.56278753,1
5,0,0.7539777,1
5,0,0.5815257,1
5,0,0.5969141,1
5,0,0.5254258,1
5,0,0.47588584,0
5,0,0.4258291,0
5,1,0.544902,1
5,1,0.7654662,1
5,1,0.50863665,1
5,1,0.70181024,1
5,1,0.65061325,1
5,1,0.6030208,1
5,1,0.2981158,0
5,1,0.4433266,0
5,1,0.6074037,1
5,1,0.5193042,1
5,1,0.6087193,1
5,1,0.71299493,1
5,1,0.46950617,0
5,1,0.41844916,0
5,1,0.49242312,0
5,1,0.5303405,1
5,0,0.3132384,0
5,0,0.54722255,1
5,0,0.61490023,1
5,0,0.53841686,1
5,0,0.6429415,1
5,0,0.5303581,1
5,0,0.5986638,1
5,0,0.5978687,1
5,0,0.5148624,1
5,0,0.84345925,1
5,0,0.50104517,1
5,0,0.3827417,0
5,0,0.601102,1
5,0,0.63601094,1
5,0,0.2093391,0
5,0,0.33706403,0
5,0,0.5063236,1
5,0,0.27801496,0
5,0,0.27887982,0
5,0,0.44412208,0
5,0,0.37883264,0
5,0,0.21617861,0
5,0,0.42715934,0
5,0,0.58356506,1
5,0,0.51229054,1
5,1,0.36674124,0
5,1,0.34710377,0
5,1,0.54568857,1
5,1,0.5391266,1
5,1,0.51142853,1
5,1,0.563106,1
5,1,0.6778472,1
5,1,0.6312589,1
5,1,0.5289463,1
5,1,0.59415245,1
5,1,0.5693131,1
5,1,0.49792978,0
5,1,0.59423804,1
5,1,0.47701156,0
5,0,0.9978961,1
5,0,0.99732023,1
5,0,0.9946813,1
5,0,0.99331206,1
5,0,0.9946084,1
5,0,0.98790234,1
5,0,0.99172497,1
5,0,0.99218446,1
5,0,0.9867011,1
5,0,0.9914487,1
5,0,0.9937689,1
5,0,0.9890399,1
5,0,0.98569655,1
5,0,0.97913903,1
5,0,0.9828143,1
5,0,0.9793904,1
5,0,0.98283136,1
5,0,0.982499,1
5,0,0.99143434,1
5,0,0.98203224,1
5,0,0.98870486,1
5,0,0.9947871,1
5,0,0.99078256,1
5,0,0.96354795,1
5,1,0.65733176,1
5,1,0.6433636,1
5,1,0.38687027,0
5,1,0.58552,1
5,1,0.61435914,1
5,1,0.38943914,0
5,1,0.32440233,0
5,1,0.48255754,0
5,1,0.2894759,0
5,1,0.47340187,0
5,1,0.41551983,0
5,1,0.5057889,1
5,1,0.44523013,0
5,1,0.45137984,0
5,1,0.4337561,0
5,1,0.4346879,0
5,1,0.6278484,1
5,1,0.6907856,1
5,1,0.6002162,1
5,1,0.59441787,1
5,1,0.44687256,0
5,1,0.4124835,0
5,1,0.47325596,0
5,1,0.49792555,0
5,1,0.39524588,0
5,1,0.5563581,1
5,1,0.617362,1
5,1,0.67433655,1
5,1,0.6173468,1
5,1,0.676273,1
5,1,0.66841716,1
5,1,0.7498862,1
5,1,0.7115899,1
5,1,0.6263259,1
5,1,0.510932,1
5,1,0.63443375,1
5,1,0.5543263,1
5,1,0.6108477,1
5,1,0.5338624,1
5,1,0.6924651,1
5,1,0.62377524,1
5,1,0.60878545,1
5,1,0.57509583,1
5,1,0.5383111,1
5,1,0.6474527,1
5,1,0.72313815,1
5,1,0.7371942,1
5,1,0.6242294,1
5,1,0.65258074,1
5,1,0.71600544,1
5,1,0.6636509,1
5,1,0.71200675,1
5,1,0.7448794,1
5,0,0.33552325,0
5,0,0.4147064,0
5,0,0.5075872,1
5,0,0.38158804,0
5,0,0.30300173,0
5,0,0.32522562,0
5,0,0.4038742,0
5,0,0.3091979,0
5,0,0.3368236,0
5,0,0.34179986,0
5,0,0.53325325,1
5,0,0.27450332,0
5,0,0.40904367,0
5,0,0.5999969,1
5,0,0.5559364,1
5,0,0.46393004,0
5,0,0.39805314,0
5,0,0.26220888,0
5,0,0.19889158,0
5,0,0.16231702,0
5,0,0.33014974,0
5,0,0.21527879,0
5,0,0.29797646,0
5,0,0.27750424,0
5,0,0.27214783,0
5,0,0.2189492,0
5,0,0.26235428,0
5,0,0.19854924,0
5,0,0.24645239,0
5,0,0.2994763,0
5,0,0.25751936,0
5,0,0.12761588,0
5,0,0.13330987,0
5,0,0.15039419,0
5,0,0.20223202,0
5,0,0.3472741,0
5,0,0.37228087,0
5,0,0.4140706,0
5,0,0.41778854,0
5,0,0.9108453,1
5,0,0.85751134,1
5,0,0.81273085,1
5,0,0.8635993,1
5,0,0.829666,1
5,1,0.5036175,1
5,1,0.3976823,0
5,1,0.66908133,1
5,1,0.52803016,1
5,1,0.37212932,0
5,1,0.56624424,1
5,1,0.51398903,1
5,1,0.63593924,1
5,0,0.8706621,1
5,0,0.88776547,1
5,0,0.85245913,1
5,0,0.9026125,1
5,0,0.83262634,1
5,0,0.7913726,1
5,0,0.64355206,1
5,0,0.83947974,1
5,1,0.8379275,1
5,1,0.8310903,1
5,1,0.6795609,1
5,1,0.60147035,1
5,1,0.7952998,1
5,1,0.77850544,1
5,1,0.54891276,1
5,1,0.54418534,1
5,1,0.6113612,1
5,1,0.74203897,1
5,1,0.7054875,1
5,1,0.6605077,1
5,1,0.69529563,1
5,1,0.69271857,1
5,1,0.7308896,1
5,1,0.8052429,1
5,1,0.69700074,1
5,1,0.81469357,1
5,1,0.8756596,1
5,1,0.81005055,1
5,1,0.8039571,1
5,1,0.85050064,1
5,1,0.62053865,1
5,1,0.6203677,1
5,1,0.5030558,1
5,1,0.422941,0
5,1,0.28367436,0
5,0,0.612874,1
5,0,0.48100924,0
5,0,0.49267706,0
5,0,0.6691661,1
5,0,0.4140672,0
5,0,0.20217703,0
5,0,0.49436685,0
5,0,0.47262254,0
5,0,0.6521881,1
5,0,0.4585851,0
5,0,0.67903495,1
5,0,0.48711976,0
5,0,0.45904014,0
5,0,0.62050563,1
5,0,0.4281092,0
5,0,0.5061748,1
5,0,0.46854463,0
5,0,0.6992644,1
5,0,0.74612176,1
5,0,0.71217054,1
5,0,0.6637002,1
5,0,0.41125402,0
5,0,0.4880525,0
5,0,0.45195812,0
5,0,0.38400394,0
5,0,0.4422786,0
5,0,0.3735176,0
5,0,0.332439,0
5,0,0.26485837,0
5,0,0.23869312,0
5,0,0.22941741,0
5,0,0.33536044,0
5,0,0.5393959,1
5,0,0.49087456,0
5,0,0.38902572,0
5,0,0.300754,0
5,0,0.26131275,0
5,0,0.5677198,1
5,0,0.43150043,0
5,0,0.36299783,0
5,0,0.33109814,0
5,0,0.43276736,0
5,0,0.48054957,0
5,0,0.35192248,0
5,0,0.49557284,0
5,0,0.6432019,1
5,0,0.68487394,1
5,0,0.71872926,1
5,0,0.8234267,1
5,0,0.71682185,1
5,0,0.6781306,1
5,0,0.54363424,1
5,0,0.6100426,1
5,0,0.6932897,1
5,0,0.6310752,1
5,0,0.55945736,1
5,1,0.6536334,1
5,1,0.6350903,1
5,1,0.38739517,0
5,1,0.5713392,1
5,1,0.5173421,1
5,1,0.47617856,0
5,1,0.32739976,0
5,1,0.4961385,0
5,0,0.59592324,1
5,0,0.66079164,1
5,0,0.6638355,1
5,0,0.65429044,1
5,0,0.56472486,1
5,0,0.48929307,0
5,0,0.3968913,0
5,0,0.3978708,0
5,0,0.4507516,0
5,0,0.7779064,1
5,0,0.41887447,0
5,0,0.573239,1
5,0,0.6485267,1
5,0,0.8346565,1
5,0,0.60603297,1
5,0,0.28703877,0
5,0,0.6007226,1
5,0,0.3131775,0
5,0,0.25927016,0
5,0,0.4360222,0
5,0,0.5454335,1
5,0,0.37686998,0
5,0,0.27803752,0
5,0,0.49432504,0
5,0,0.62895155,1
5,0,0.4222235,0
5,0,0.49292874,0
5,0,0.6341436,1
5,1,0.49314383,0
5,1,0.4957669,0
5,1,0.62347955,1
5,1,0.70301193,1
5,1,0.66914666,1
5,1,0.5288271,1
5,1,0.688236,1
5,1,0.433263,0
5,1,0.48534065,0
5,1,0.44630194,0
5,1,0.5651916,1
5,1,0.4191103,0
5,1,0.4630824,0
5,1,0.6191509,1
5,1,0.51801205,1
5,1,0.56761116,1
5,1,0.44318202,0
5,1,0.61074936,1
5,1,0.6331234,1
5,1,0.38061175,0
5,1,0.3358508,0
5,1,0.37310284,0
5,1,0.33178684,0
5,1,0.34470332,0
5,1,0.17201547,0
5,0,0.32544085,0
5,0,0.76532334,1
5,0,0.26719382,0
5,0,0.40281773,0
5,0,0.22117485,0
5,0,0.56494784,1
5,0,0.44823676,0
5,0,0.4497251,0
5,0,0.103743896,0
5,1,0.51800036,1
5,1,0.4196769,0
5,1,0.5952779,1
5,1,0.64400667,1
5,1,0.61194843,1
5,1,0.6876913,1
5,1,0.64763194,1
5,1,0.8679469,1
5,1,0.7968252,1
5,1,0.9125667,1
5,1,0.8192689,1
5,1,0.64157426,1
5,1,0.4997303,0
5,1,0.52967834,1
5,1,0.4849891,0
5,1,0.55392545,1
5,1,0.4176901,0
5,1,0.5721336,1
5,1,0.45823082,0
5,1,0.4025563,0
5,1,0.6443269,1
5,1,0.5163208,1
5,1,0.46666136,0
5,1,0.39056215,0
5,1,0.27732363,0
5,1,0.42887452,0
5,1,0.46698052,0
5,1,0.31236622,0
5,1,0.26218668,0
5,1,0.67002535,1
5,1,0.51983136,1
5,1,0.14563231,0
5,1,0.34920523,0
5,1,0.7152646,1
5,1,0.96017873,1
5,1,0.9711066,1
5,1,0.92285794,1
5,1,0.9703302,1
5,1,0.9736945,1
5,1,0.9828683,1
5,1,0.9131159,1
5,1,0.8830266,1
5,1,0.82676125,1
5,1,0.9172188,1
5,1,0.52774674,1
5,1,0.719504,1
5,1,0.85967255,1
5,1,0.7779667,1
5,1,0.7533907,1
5,1,0.5913715,1
5,1,0.6121474,1
5,1,0.8619125,1
5,1,0.78429264,1
5,1,0.61442876,1
5,1,0.59239346,1
5,1,0.5084821,1
5,1,0.6283451,1
5,1,0.54014385,1
5,1,0.5021124,1
5,1,0.54243344,1
5,1,0.5043796,1
5,1,0.52161264,1
5,1,0.43349883,0
5,1,0.5295104,1
5,1,0.4395572,0
5,1,0.4874507,0
5,1,0.6443767,1
5,1,0.29305398,0
5,1,0.42030588,0
5,1,0.67351925,1
5,1,0.34504795,0
5,1,0.5637933,1
5,1,0.6769293,1
5,1,0.6469686,1
5,1,0.49250373,0
5,1,0.6492664,1
5,1,0.55916995,1
5,1,0.66531974,1
5,1,0.5077663,1
5,1,0.6213049,1
5,1,0.4384814,0
5,1,0.5796122,1
5,1,0.41086447,0
5,1,0.5849298,1
5,1,0.5042919,1
5,1,0.40259555,0
5,1,0.53337383,1
5,1,0.59846854,1
5,1,0.53718925,1
5,1,0.6691266,1
5,1,0.66540146,1
5,1,0.5878153,1
5,1,0.5019298,1
5,1,0.5451357,1
5,1,0.30833375,0
5,1,0.3362938,0
5,1,0.35325155,0
5,1,0.4484877,0
5,1,0.4324224,0
5,1,0.25752255,0
5,1,0.2912056,0
5,1,0.20427981,0
5,1,0.22214392,0
5,1,0.3042195,0
5,1,0.27576151,0
5,1,0.28530833,0
5,1,0.4975562,0
5,1,0.3199836,0
5,1,0.33969504,0
5,1,0.36239496,0
5,1,0.40104774,0
5,1,0.4044676,0
5,1,0.91189504,1
5,1,0.8545807,1
5,1,0.810596,1
5,1,0.86115986,1
5,1,0.82663333,1
5,1,0.7327581,1
5,1,0.86235446,1
5,1,0.8573411,1
5,1,0.8649348,1
5,1,0.8656002,1
5,1,0.86677223,1
5,1,0.89181966,1
5,1,0.856082,1
5,1,0.87092304,1
5,1,0.9013314,1
5,1,0.7765728,1
5,1,0.8195881,1
5,1,0.81136817,1
5,1,0.7158348,1
5,1,0.7823686,1
5,1,0.7521838,1
5,1,0.54869395,1
5,1,0.6491611,1
5,1,0.756365,1
5,1,0.4962233,0
5,1,0.55568045,1
5,1,0.62507725,1
5,1,0.6517641,1
5,1,0.55367666,1
5,1,0.6701641,1
5,1,0.71586794,1
5,1,0.6306256,1
5,1,0.50491935,1
5,1,0.46890795,0
5,1,0.50452596,1
5,1,0.5030573,1
5,1,0.6195293,1
5,1,0.42603996,0
5,1,0.41217166,0
5,1,0.40223017,0
5,1,0.65745246,1
5,1,0.5669754,1
5,1,0.4843915,0
5,1,0.48564133,0
5,1,0.6592137,1
5,1,0.1982676,0
5,1,0.32527342,0
5,1,0.18324292,0
5,1,0.124271244,0
5,1,0.21514739,0
5,1,0.2117359,0
5,1,0.24750037,0
5,1,0.36966768,0
5,1,0.18546279,0
5,1,0.27028707,0
5,1,0.34964314,0
5,1,0.7078941,1
5,1,0.6319639,1
5,1,0.5725222,1
5,1,0.53830713,1
5,1,0.67668235,1
5,1,0.6954441,1
5,1,0.769728,1
5,1,0.7175397,1
5,1,0.6046764,1
5,1,0.6428457,1
5,1,0.7231073,1
5,1,0.67728454,1
5,1,0.72360337,1
5,1,0.652974,1
5,1,0.9934489,1
5,1,0.9945958,1
5,1,0.9918006,1
5,1,0.99170023,1
5,1,0.9867399,1
5,1,0.994234,1
5,1,0.98903906,1
5,1,0.98279506,1
5,1,0.9854418,1
5,1,0.9935322,1
5,1,0.98578215,1
5,1,0.9890943,1
5,1,0.98032767,1
5,1,0.9862873,1
5,1,0.9747218,1
5,1,0.98448586,1
5,1,0.97685975,1
5,1,0.9887128,1
5,1,0.98355675,1
5,1,0.9821485,1
5,1,0.9918651,1
5,1,0.9892402,1
5,1,0.95726436,1
5,1,0.6805007,1
5,1,0.5967947,1
5,1,0.5532429,1
5,1,0.45271492,0
5,1,0.4330915,0
5,1,0.47655967,0
5,1,0.65702546,1
5,1,0.6657212,1
5,1,0.5247262,1
5,1,0.63264054,1
5,1,0.6680529,1
5,1,0.62460315,1
5,1,0.6744018,1
5,1,0.7257993,1
5,1,0.68228257,1
5,1,0.6217151,1
5,1,0.63709825,1
5,1,0.596891,1
5,1,0.5973471,1
5,1,0.61773497,1
5,1,0.7426787,1
5,1,0.71510756,1
5,1,0.61531526,1
5,1,0.62460244,1
5,1,0.6789152,1
5,1,0.64504117,1
5,1,0.69764143,1
5,1,0.7272788,1
5,1,0.5644826,1
5,1,0.3853647,0
5,1,0.35953945,0
5,1,0.31403872,0
5,1,0.6025063,1
5,1,0.43455073,0
5,1,0.32951733,0
5,1,0.255242,0
5,1,0.50927025,1
5,1,0.33306718,0
5,1,0.39484534,0
5,1,0.41207215,0
5,1,0.266442,0
5,1,0.31008866,0
5,1,0.3710989,0
5,1,0.5218084,1
5,1,0.6407654,1
5,1,0.4726759,0
5,1,0.41814107,0
5,1,0.4472927,0
5,1,0.5217846,1
5,1,0.34425798,0
5,1,0.40197244,0
5,1,0.44034916,0
5,1,0.32738566,0
5,1,0.32579604,0
5,1,0.46122968,0
5,1,0.45398885,0
5,1,0.43802413,0
5,1,0.46786463,0
5,1,0.609042,1
5,1,0.54250836,1
5,1,0.44394028,0
5,1,0.46023056,0
5,1,0.50824994,1
5,1,0.45396468,0
5,1,0.47053167,0
5,1,0.7805552,1
5,1,0.39097884,0
5,1,0.3410497,0
5,1,0.5986158,1
5,1,0.27258042,0
5,1,0.34432063,0
5,1,0.36933652,0
5,1,0.7070147,1
5,1,0.6242854,1
5,1,0.6143325,1
5,1,0.5787452,1
5,1,0.5442628,1
5,1,0.6512152,1
5,1,0.7218963,1
5,1,0.73889554,1
5,1,0.61683375,1
5,1,0.6459177,1
5,1,0.7132127,1
5,1,0.6639263,1
5,1,0.7127272,1
5,1,0.7007178,1
5,1,0.5314994,1
5,1,0.59914476,1
5,1,0.45270118,0
5,1,0.45492214,0
5,1,0.5050623,1
5,1,0.61169904,1
5,1,0.4470655,0
5,1,0.39692175,0
5,1,0.12761588,0
5,1,0.13330987,0
5,1,0.15039419,0
5,1,0.20223202,0
5,1,0.3472741,0
5,1,0.37228087,0
5,1,0.4140706,0
5,1,0.41778854,0
5,1,0.9108453,1
5,1,0.85751134,1
5,1,0.81273085,1
5,1,0.8635993,1
5,1,0.829666,1
5,1,0.7405945,1
5,1,0.86423075,1
5,1,0.8633143,1
5,1,0.868452,1
5,1,0.86894387,1
5,1,0.94543517,1
5,1,0.8727771,1
5,1,0.842406,1
5,1,0.90076345,1
5,1,0.7236477,1
5,1,0.90024424,1
5,1,0.9686266,1
5,1,0.9840912,1
5,1,0.9747122,1
5,1,0.97372186,1
5,1,0.9904793,1
5,1,0.9628342,1
5,1,0.949228,1
5,1,0.9510805,1
5,1,0.88180226,1
5,1,0.96353835,1
5,1,0.9810891,1
5,1,0.98038083,1
5,1,0.9812308,1
5,1,0.9337764,1
5,1,0.79207945,1
5,1,0.74906087,1
5,1,0.59233844,1
5,1,0.7565025,1
5,1,0.7836742,1
5,1,0.7885865,1
5,1,0.5239261,1
5,1,0.69782007,1
5,1,0.518408,1
5,1,0.8213346,1
5,1,0.6038973,1
5,1,0.88932484,1
5,1,0.8432604,1
5,1,0.7299056,1
5,1,0.776064,1
5,1,0.847145,1
5,1,0.7992633,1
5,1,0.84490013,1
5,1,0.82946223,1
5,1,0.87841827,1
5,1,0.64486533,1
5,1,0.8935063,1
5,1,0.67080694,1
5,1,0.83622986,1
5,1,0.78258085,1
5,1,0.8489101,1
5,1,0.80477256,1
5,1,0.8194022,1
5,1,0.8172116,1
5,1,0.89479667,1
5,1,0.86658394,1
5,1,0.89551944,1
5,1,0.9670757,1
5,1,0.9676588,1
5,1,0.9708383,1
5,1,0.8644711,1
5,1,0.87902635,1
5,1,0.9457314,1
5,1,0.930473,1
5,1,0.92745924,1
5,0,0.749271,1
5,0,0.5960168,1
5,0,0.63109875,1
5,0,0.5746764,1
5,0,0.55274415,1
5,0,0.506333,1
5,0,0.53999513,1
5,0,0.6343375,1
5,0,0.7017262,1
5,0,0.41671398,0
5,0,0.71166795,1
5,0,0.764284,1
5,0,0.8140189,1
5,0,0.6914642,1
5,0,0.71343,1
5,1,0.9963767,1
5,1,0.9964619,1
5,1,0.9950584,1
5,1,0.9946078,1
5,1,0.9924353,1
5,1,0.9961365,1
5,1,0.9936866,1
5,1,0.9917761,1
5,1,0.9904722,1
5,1,0.9954014,1
5,1,0.9934355,1
5,1,0.99462223,1
5,1,0.97961205,1
5,1,0.99107903,1
5,1,0.9851857,1
5,1,0.9889816,1
5,1,0.9818631,1
5,1,0.9920293,1
5,1,0.97678226,1
5,1,0.9878582,1
5,1,0.99180037,1
5,1,0.995021,1
5,1,0.9786281,1
5,0,0.3315523,0
5,0,0.36420348,0
5,0,0.3889349,0
5,0,0.33671075,0
5,0,0.39746514,0
5,0,0.34117603,0
5,0,0.4873188,0
5,0,0.80068415,1
5,0,0.61350346,1
5,0,0.5946941,1
5,0,0.5128707,1
5,0,0.38861504,0
5,0,0.47591248,0
5,0,0.70445573,1
5,0,0.62938374,1
5,0,0.3136855,0
5,0,0.33213332,0
5,0,0.48644963,0
5,1,0.77028763,1
5,1,0.66776496,1
5,1,0.28475478,0
5,1,0.24148507,0
5,1,0.48841488,0
5,1,0.4769205,0
5,1,0.42430624,0
5,1,0.36192828,0
5,1,0.4962593,0
5,1,0.6040481,1
5,0,0.3236787,0
5,0,0.32693473,0
5,0,0.53003174,1
5,0,0.44064113,0
5,0,0.37384602,0
5,0,0.2900454,0
5,0,0.4477031,0
5,0,0.43101662,0
5,0,0.6019799,1
5,0,0.7960147,1
5,0,0.67094374,1
5,0,0.45956028,0
5,0,0.47297433,0
5,0,0.5894647,1
5,0,0.56500626,1
5,0,0.42313236,0
5,0,0.46314394,0
5,0,0.5408933,1
5,0,0.5795462,1
5,0,0.59656143,1
5,0,0.4958954,0
5,0,0.57337534,1
5,0,0.5298635,1
5,0,0.6618435,1
5,0,0.6512316,1
5,0,0.5089673,1
5,0,0.688915,1
5,0,0.79449147,1
5,0,0.70418066,1
5,0,0.66302663,1
5,0,0.72300863,1
5,0,0.4709176,0
5,0,0.47069168,0
5,0,0.3375711,0
5,0,0.29875085,0
5,0,0.20106786,0
5,0,0.20000303,0
5,0,0.24901897,0
5,0,0.256411,0
5,0,0.2172688,0
5,0,0.1652456,0
5,0,0.14529993,0
5,0,0.2914639,0
5,0,0.16753975,0
5,0,0.41447607,0
5,0,0.19284564,0
5,0,0.29762676,0
5,0,0.29716638,0
5,0,0.18410732,0
5,0,0.3206638,0
5,0,0.26943722,0
5,0,0.38435268,0
5,0,0.27486438,0
5,0,0.3788295,0
5,0,0.40847018,0
5,0,0.25855666,0
5,0,0.3535392,0
5,0,0.37684765,0
5,0,0.26325858,0
5,0,0.22259484,0
5,0,0.31215453,0
5,0,0.14541414,0
5,0,0.14321318,0
5,0,0.19202809,0
5,0,0.23701523,0
5,0,0.33250573,0
5,0,0.3048242,0
5,0,0.22783597,0
5,0,0.3708953,0
5,0,0.2139622,0
5,0,0.36735398,0
5,0,0.42921892,0
5,0,0.5650516,1
5,0,0.5297287,1
5,0,0.32101285,0
5,0,0.3585865,0
5,0,0.5647861,1
5,0,0.3044212,0
5,0,0.3517252,0
5,0,0.5556363,1
5,0,0.25160632,0
5,0,0.1317363,0
5,0,0.33189207,0
5,0,0.2927894,0
5,0,0.37498286,0
5,0,0.40750945,0
5,0,0.4348041,0
5,0,0.30789062,0
5,0,0.34653822,0
5,0,0.16838425,0
5,0,0.28155324,0
5,0,0.30440295,0
5,0,0.29761606,0
5,0,0.3035585,0
5,0,0.45694926,0
5,0,0.31519303,0
5,0,0.36296114,0
5,0,0.543745,1
5,0,0.40259585,0
5,0,0.46543583,0
5,0,0.4991908,0
5,0,0.385357,0
5,0,0.45197484,0
5,0,0.34130004,0
5,0,0.4856629,0
5,0,0.33432543,0
5,0,0.35970303,0
5,0,0.4461869,0
5,0,0.342479,0
5,0,0.4458558,0
5,0,0.27927047,0
5,0,0.46996891,0
5,0,0.61642104,1
5,0,0.5724768,1
5,0,0.5336771,1
5,0,0.3836287,0
5,0,0.5531745,1
5,0,0.49229655,0
5,0,0.3562406,0
5,0,0.39906326,0
5,0,0.37019432,0
5,0,0.40810317,0
5,0,0.27992553,0
5,0,0.36794,0
5,0,0.26535445,0
5,0,0.31088978,0
5,0,0.4865881,0
5,0,0.4315936,0
5,0,0.44577205,0
5,0,0.36743587,0
5,0,0.41632015,0
5,0,0.5230928,1
5,0,0.392391,0
5,0,0.5176683,1
5,0,0.64058924,1
5,0,0.48359585,0
5,0,0.5294,1
5,0,0.425799,0
5,0,0.5205611,1
5,0,0.5051106,1
5,0,0.29818884,0
5,0,0.44341627,0
5,0,0.2907508,0
5,0,0.30106783,0
5,0,0.5353678,1
5,0,0.49091458,0
5,0,0.5430134,1
5,0,0.54954165,1
5,0,0.5982753,1
5,0,0.5646067,1
5,0,0.51152444,1
5,0,0.45699543,0
5,0,0.27261114,0
5,0,0.41921663,0
5,0,0.5932296,1
5,0,0.43286842,0
5,0,0.5626455,1
5,0,0.31366298,0
5,0,0.3452502,0
5,0,0.3148226,0
5,0,0.45734477,0
5,0,0.31305784,0
5,0,0.42688853,0
5,0,0.32803068,0
5,0,0.26598883,0
5,0,0.15335046,0
5,0,0.17160502,0
5,0,0.24342932,0
5,0,0.24032398,0
5,0,0.2293444,0
5,0,0.29176354,0
5,0,0.17872624,0
5,0,0.2363652,0
5,0,0.13274042,0
5,0,0.22237553,0
5,0,0.2919033,0
5,0,0.3215056,0
5,0,0.2971722,0
5,0,0.23408765,0
5,0,0.22765215,0
5,0,0.2791753,0
5,0,0.33719948,0
5,0,0.23866355,0
5,0,0.43526158,0
5,0,0.4231671,0
5,0,0.45882332,0
5,0,0.42818132,0
5,0,0.5502155,1
5,0,0.48766533,0
5,0,0.4292415,0
5,0,0.5652857,1
5,0,0.52536523,1
5,0,0.4491162,0
5,0,0.61600244,1
5,0,0.60501724,1
5,0,0.43805438,0
5,0,0.33173972,0
5,0,0.34307683,0
5,0,0.3207582,0
5,0,0.31249544,0
5,0,0.27536234,0
5,0,0.3032503,0
5,1,0.7539487,1
5,1,0.6381612,1
5,1,0.64262456,1
5,1,0.594592,1
5,1,0.5893883,1
5,1,0.6553994,1
5,1,0.7532829,1
5,1,0.7508994,1
5,1,0.64807683,1
5,1,0.6590387,1
5,1,0.72428155,1
5,1,0.67009485,1
5,1,0.7226266,1
5,1,0.7450411,1
5,0,0.5121218,1
5,0,0.79586923,1
5,0,0.49634197,0
5,0,0.65981543,1
5,0,0.6572568,1
5,0,0.5205369,1
5,0,0.27113914,0
5,0,0.39098257,0
5,0,0.6233589,1
5,0,0.46738425,0
5,0,0.5892403,1
5,0,0.65802777,1
5,0,0.39642447,0
5,0,0.3462411,0
5,0,0.42044342,0
5,0,0.47176045,0
5,1,0.993342,1
5,1,0.9941057,1
5,1,0.9912827,1
5,1,0.9812701,1
5,1,0.9704293,1
5,1,0.9912834,1
5,1,0.9735405,1
5,1,0.9737437,1
5,1,0.9646198,1
5,1,0.98517585,1
5,1,0.9660957,1
5,1,0.96598387,1
5,1,0.9520095,1
5,1,0.9689154,1
5,1,0.94104356,1
5,1,0.95348334,1
5,1,0.9467999,1
5,1,0.97254384,1
5,1,0.9745619,1
5,1,0.9752602,1
5,1,0.9903549,1
5,1,0.9855043,1
5,1,0.9333052,1
5,1,0.6459386,1
5,1,0.76299167,1
5,1,0.6727139,1
5,1,0.54802185,1
5,1,0.5991432,1
5,1,0.48875087,0
5,1,0.65631396,1
5,1,0.41914624,0
5,1,0.45575514,0
5,1,0.845057,1
5,1,0.8954262,1
5,1,0.8764757,1
5,1,0.83944035,1
5,1,0.68365306,1
5,1,0.65167195,1
5,1,0.74459577,1
5,1,0.7196972,1
5,1,0.6351462,1
5,1,0.6262535,1
5,1,0.5529054,1
5,1,0.54506993,1
5,1,0.641721,1
5,1,0.7284062,1
5,1,0.7117907,1
5,1,0.6151553,1
5,1,0.5949978,1
5,1,0.6811262,1
5,1,0.630777,1
5,1,0.6809449,1
5,1,0.6148717,1
5,1,0.5956244,1
5,1,0.5488462,1
5,1,0.62682927,1
5,1,0.58381826,1
5,1,0.47024342,0
5,1,0.542481,1
5,1,0.8115656,1
5,1,0.7262331,1
5,1,0.7796843,1
5,1,0.75795513,1
5,1,0.55413866,1
5,1,0.6533118,1
5,1,0.76625633,1
5,1,0.5234033,1
5,1,0.93111926,1
5,1,0.80422896,1
5,1,0.9625216,1
5,1,0.9195567,1
5,1,0.7717422,1
5,1,0.89036137,1
5,1,0.9404045,1
5,1,0.87480927,1
5,1,0.9785164,1
5,1,0.8622074,1
5,1,0.94100446,1
5,1,0.95574445,1
5,1,0.9679833,1
5,1,0.9338275,1
5,1,0.96456814,1
5,0,0.9469345,1
5,0,0.95195735,1
5,0,0.92973095,1
5,0,0.8401097,1
5,0,0.8749504,1
5,0,0.85053056,1
5,0,0.8977966,1
5,0,0.8471923,1
5,0,0.95220184,1
5,0,0.8576169,1
5,0,0.68753076,1
5,0,0.8766147,1
5,0,0.97144866,1
5,0,0.75189614,1
5,0,0.8159234,1
5,1,0.5377794,1
5,1,0.4513682,0
5,1,0.4135082,0
5,1,0.48940656,0
5,1,0.466005,0
5,1,0.3548506,0
5,1,0.38629994,0
5,1,0.50209767,1
5,1,0.3840636,0
5,1,0.33007646,0
5,1,0.40895805,0
5,1,0.40670627,0
5,1,0.2278983,0
5,1,0.10368146,0
5,1,0.08262819,0
5,1,0.022921858,0
5,1,0.17429471,0
5,1,0.99905246,1
5,1,0.99490535,1
5,1,0.95182574,1
5,1,0.9601823,1
5,1,0.9800591,1
5,1,0.92184246,1
5,1,0.9394988,1
5,1,0.7717961,1
5,0,0.4784783,0
5,0,0.5579739,1
5,0,0.30779606,0
5,0,0.3403344,0
5,0,0.7287141,1
5,0,0.5473269,1
5,0,0.473397,0
5,0,0.51467973,1
5,0,0.60151356,1
5,0,0.551272,1
5,0,0.83469963,1
5,0,0.676922,1
5,0,0.46990788,0
5,0,0.4331534,0
5,0,0.56884706,1
5,1,0.31883386,0
5,1,0.4285254,0
5,1,0.27998123,0
5,1,0.45412365,0
5,1,0.36675915,0
5,1,0.52261984,1
5,1,0.25191328,0
5,1,0.4544257,0
5,1,0.39641184,0
5,1,0.3873402,0
5,1,0.36613774,0
5,1,0.3900655,0
5,1,0.36034322,0
5,1,0.24089372,0
5,1,0.19849725,0
5,1,0.2277805,0
5,1,0.1332128,0
5,1,0.18607555,0
5,1,0.51892495,1
5,1,0.46880552,0
5,1,0.45023438,0
5,1,0.7186778,1
5,1,0.6459627,1
5,1,0.5763871,1
5,1,0.68024945,1
5,1,0.42544532,0
5,1,0.690145,1
5,1,0.54554254,1
5,1,0.6980429,1
5,1,0.7168561,1
5,1,0.71306324,1
5,1,0.6806168,1
5,1,0.6443527,1
5,1,0.6400087,1
5,1,0.53487676,1
5,1,0.6401226,1
5,1,0.79342854,1
5,1,0.6967125,1
5,0,0.5256194,1
5,0,0.4159969,0
5,0,0.6672454,1
5,0,0.36362106,0
5,0,0.603275,1
5,0,0.3563754,0
5,0,0.46895206,0
5,0,0.6499333,1
5,0,0.56297565,1
5,0,0.6311768,1
5,0,0.94066125,1
5,0,0.8072504,1
5,1,0.3389927,0
5,1,0.49534282,0
5,1,0.5148031,1
5,1,0.46356398,0
5,1,0.3997063,0
5,1,0.31006768,0
5,1,0.547402,1
5,1,0.49578393,0
5,1,0.22526209,0
5,1,0.4432736,0
5,1,0.5569772,1
5,1,0.39973697,0
5,1,0.35056555,0
5,1,0.5304067,1
5,1,0.6932069,1
5,1,0.5091211,1
5,1,0.472474,0
5,1,0.6383789,1
5,1,0.51506704,1
5,0,0.6022652,1
5,0,0.72240096,1
5,0,0.8265683,1
5,0,0.7740345,1
5,0,0.7984044,1
5,0,0.73631644,1
5,0,0.63331795,1
5,0,0.82222205,1
5,0,0.62322366,1
5,0,0.7487042,1
5,0,0.6785765,1
5,0,0.8769859,1
5,0,0.90675294,1
5,0,0.7352626,1
5,0,0.8015945,1
5,1,0.747244,1
5,1,0.640589,1
5,1,0.61725557,1
5,1,0.58284533,1
5,1,0.5472402,1
5,1,0.63683826,1
5,1,0.70924395,1
5,1,0.7209579,1
5,1,0.59805846,1
5,1,0.6301393,1
5,1,0.71119446,1
5,1,0.6489473,1
5,1,0.681444,1
5,1,0.73474175,1
5,1,0.84305924,1
5,1,0.7395173,1
5,1,0.6719279,1
5,1,0.7549393,1
5,1,0.7474588,1
5,1,0.4632525,0
5,1,0.7539461,1
5,1,0.7028241,1
5,1,0.8033057,1
5,1,0.75927705,1
5,1,0.6999037,1
5,1,0.7952614,1
5,1,0.73394406,1
5,1,0.7949116,1
5,1,0.9099953,1
5,1,0.853598,1
5,1,0.9364075,1
5,1,0.88110936,1
5,1,0.9414654,1
5,1,0.95019346,1
5,1,0.4214248,0
5,1,0.7623904,1
5,1,0.7846991,1
5,1,0.7736816,1
5,1,0.8232408,1
5,1,0.4981168,0
5,1,0.3855382,0
5,1,0.45088965,0
5,1,0.52018875,1
5,1,0.30895573,0
5,1,0.43938383,0
5,1,0.4918939,0
5,1,0.3451533,0
5,1,0.4314201,0
5,1,0.5231903,1
5,1,0.4815536,0
5,1,0.51326567,1
5,1,0.55216146,1
5,1,0.46962774,0
5,1,0.5434588,1
5,1,0.44291395,0
5,1,0.4576489,0
5,1,0.3865722,0
5,1,0.6466078,1
5,1,0.45988613,0
5,1,0.36252317,0
5,1,0.28360564,0
5,1,0.95509523,1
5,1,0.9695286,1
5,1,0.9153793,1
5,1,0.96761763,1
5,1,0.9716845,1
5,1,0.9816026,1
5,1,0.90692526,1
5,1,0.8710244,1
5,1,0.7953448,1
5,0,0.7688554,1
5,0,0.6817012,1
5,0,0.54277813,1
5,0,0.39978477,0
5,0,0.6667274,1
5,0,0.6606623,1
5,0,0.5436539,1
5,0,0.62225854,1
5,0,0.60825086,1
5,0,0.63181406,1
5,0,0.71861476,1
5,0,0.7505583,1
5,0,0.8334523,1
5,0,0.6591241,1
5,0,0.9369989,1
5,0,0.77324486,1
5,0,0.7201051,1
5,0,0.8239664,1
5,0,0.81440985,1
5,0,0.55053437,1
5,0,0.8256688,1
5,0,0.8261958,1
5,0,0.8655795,1
5,0,0.811241,1
5,0,0.8136559,1
5,1,0.70122296,1
5,1,0.6709089,1
5,1,0.4715345,0
5,1,0.48938882,0
5,1,0.80155253,1
5,1,0.6901381,1
5,1,0.51403755,1
5,0,0.5269106,1
5,0,0.6302656,1
5,0,0.47815588,0
5,0,0.595103,1
5,0,0.4567634,0
5,1,0.47599736,0
5,1,0.4620851,0
5,1,0.47687382,0
5,1,0.43581665,0
5,1,0.41279238,0
5,1,0.3576883,0
5,1,0.42611197,0
5,0,0.59644026,1
5,0,0.4013295,0
5,0,0.54530334,1
5,0,0.4397442,0
5,0,0.60824203,1
5,0,0.66142535,1
5,0,0.6737351,1
5,0,0.7504762,1
5,0,0.77830845,1
5,0,0.74361974,1
5,0,0.7108277,1
5,0,0.5382239,1
5,0,0.7954252,1
5,0,0.77457285,1
5,0,0.54043716,1
5,0,0.6203591,1
5,0,0.51587135,1
5,0,0.57758677,1
5,1,0.25809023,0
5,1,0.67468613,1
5,1,0.45225665,0
5,1,0.13036694,0
5,1,0.31731936,0
5,1,0.6931183,1
5,1,0.6530335,1
5,1,0.31709906,0
5,1,0.41448903,0
5,1,0.6020696,1
5,1,0.67240626,1
5,1,0.53868526,1
5,1,0.3348402,0
5,1,0.48504224,0
5,1,0.4997905,0
5,1,0.7751388,1
5,1,0.68737006,1
5,1,0.55673724,1
5,1,0.6964485,1
5,1,0.67685044,1
5,1,0.5597606,1
5,1,0.64341736,1
5,1,0.6110359,1
5,1,0.63371795,1
5,1,0.7313452,1
5,1,0.74928284,1
5,1,0.8315881,1
5,1,0.32068267,0
5,1,0.5449713,1
5,1,0.2649549,0
5,1,0.37954816,0
5,1,0.4807501,0
5,1,0.62958014,1
5,1,0.6391879,1
5,1,0.7933929,1
5,1,0.91438276,1
5,1,0.79823405,1
5,1,0.82040054,1
5,1,0.7961315,1
5,1,0.7831811,1
5,1,0.7528998,1
5,1,0.86343086,1
5,1,0.824881,1
5,1,0.82642156,1
5,1,0.75187534,1
5,1,0.71021163,1
5,1,0.6503727,1
5,1,0.70053166,1
5,1,0.48610184,0
5,1,0.586579,1
5,1,0.6794321,1
5,1,0.2452162,0
5,1,0.5234931,1
5,1,0.2542216,0
5,1,0.759318,1
5,1,0.61015815,1
5,1,0.58323747,1
5,1,0.59946734,1
5,1,0.5986933,1
5,1,0.45500112,0
5,1,0.6097668,1
5,1,0.7665729,1
5,1,0.6505143,1
5,1,0.85482275,1
5,1,0.9238763,1
5,1,0.89572203,1
5,1,0.91751444,1
5,1,0.90018874,1
5,1,0.9227638,1
5,1,0.91609454,1
5,1,0.91397184,1
5,1,0.9762379,1
5,1,0.956897,1
5,1,0.94051945,1
5,1,0.9238707,1
5,1,0.92811245,1
5,1,0.954452,1
5,1,0.92491674,1
5,1,0.9723034,1
5,1,0.8615151,1
5,1,0.20118755,0
5,1,0.20842353,0
5,1,0.1788052,0
5,1,0.18716311,0
5,1,0.10407877,0
5,1,0.1167937,0
5,1,0.18519917,0
5,1,0.1291504,0
5,1,0.10716542,0
5,1,0.122656636,0
5,1,0.15765469,0
5,1,0.14839864,0
5,1,0.18037775,0
5,1,0.13678224,0
5,1,0.1973915,0
5,1,0.1834354,0
5,1,0.22286007,0
5,1,0.20869584,0
5,1,0.21105136,0
5,1,0.17867239,0
5,1,0.13963887,0
5,1,0.14644083,0
5,1,0.23619473,0
5,1,0.16902536,0
5,1,0.118254274,0
5,1,0.36766782,0
5,1,0.20432155,0
5,1,0.20349044,0
5,1,0.13883898,0
5,1,0.8462887,1
5,1,0.7653331,1
5,1,0.679568,1
5,1,0.76752955,1
5,1,0.7643745,1
5,1,0.46295217,0
5,1,0.75361216,1
5,1,0.7575402,1
5,1,0.7909768,1
5,1,0.77205104,1
5,1,0.72884125,1
5,1,0.8292476,1
5,1,0.7359199,1
5,1,0.77535933,1
5,1,0.8163907,1
5,1,0.71987176,1
5,1,0.6784269,1
5,1,0.7362978,1
5,1,0.59398997,1
5,1,0.72915834,1
5,1,0.6179801,1
5,1,0.24078019,0
5,1,0.41434187,0
5,1,0.22415118,0
5,1,0.10563181,0
5,1,0.2177015,0
5,1,0.2600414,0
5,1,0.1898229,0
5,1,0.7563911,1
5,1,0.72465825,1
5,1,0.5514785,1
5,1,0.6495814,1
5,1,0.68845105,1
5,1,0.438839,0
5,1,0.5960116,1
5,1,0.46800193,0
5,1,0.60385454,1
5,1,0.6119912,1
5,1,0.5808335,1
5,1,0.56779796,1
5,1,0.60490704,1
5,1,0.46720597,0
5,1,0.5681942,1
5,1,0.64716375,1
5,1,0.62688655,1
5,1,0.83783716,1
5,1,0.83807164,1
5,1,0.29508203,0
5,1,0.5634897,1
5,1,0.6355385,1
5,1,0.4675328,0
5,1,0.54504037,1
5,1,0.38692817,0
5,1,0.48329785,0
5,1,0.48787087,0
5,1,0.6886185,1
5,1,0.74965703,1
5,1,0.661559,1
5,1,0.6034309,1
5,1,0.66539824,1
5,1,0.7298691,1
5,1,0.55383724,1
5,1,0.76345897,1
5,1,0.5971981,1
5,1,0.62271845,1
5,1,0.5460235,1
5,1,0.5763,1
5,1,0.5942971,1
5,1,0.501189,1
5,0,0.94880444,1
5,0,0.99115187,1
5,0,0.9776629,1
5,0,0.94989896,1
5,0,0.9757248,1
5,0,0.9823108,1
5,0,0.95210505,1
5,0,0.9472246,1
5,0,0.9589741,1
5,0,0.9331889,1
5,0,0.9491259,1
5,0,0.978929,1
5,0,0.96266466,1
5,0,0.95976424,1
5,0,0.96242654,1
5,0,0.9572176,1
5,0,0.96436125,1
5,0,0.91319823,1
5,0,0.95537937,1
5,0,0.9623762,1
5,0,0.9102598,1
5,0,0.86989236,1
5,0,0.95851624,1
5,0,0.883939,1
5,1,0.8304898,1
5,1,0.8777541,1
5,1,0.78612995,1
5,1,0.7011334,1
5,1,0.80662787,1
5,1,0.63616633,1
5,1,0.67775244,1
5,1,0.7005118,1
5,1,0.4681338,0
5,1,0.5739836,1
5,1,0.4437586,0
5,1,0.20384286,0
5,1,0.36348343,0
5,1,0.36709225,0
