Fold,Label,Prob,Preds
1,1,0.76786417,1
1,1,0.5724717,1
1,1,0.62576157,1
1,1,0.7537606,1
1,1,0.6621512,1
1,1,0.78259987,1
1,1,0.694752,1
1,1,0.70259386,1
1,1,0.70441216,1
1,1,0.67367893,1
1,1,0.5857052,1
1,1,0.67988706,1
1,1,0.63239586,1
1,1,0.6561793,1
1,1,0.5861235,1
1,1,0.45621333,0
1,1,0.35726154,0
1,1,0.3417235,0
1,1,0.400611,0
1,1,0.47894847,0
1,1,0.28833038,0
1,1,0.31653255,0
1,1,0.38186353,0
1,1,0.2774245,0
1,1,0.41348878,0
1,1,0.43768755,0
1,1,0.308236,0
1,1,0.25445935,0
1,1,0.45392084,0
1,1,0.81760055,1
1,1,0.8156624,1
1,1,0.8302426,1
1,1,0.84695804,1
1,1,0.84626645,1
1,1,0.8742557,1
1,1,0.8872977,1
1,1,0.8508534,1
1,1,0.63241726,1
1,1,0.5442187,1
1,1,0.512964,1
1,1,0.4881024,0
1,1,0.61372197,1
1,1,0.5939046,1
1,1,0.4452128,0
1,1,0.44943342,0
1,1,0.51231974,1
1,1,0.48647168,0
1,1,0.45832753,0
1,1,0.5010628,1
1,1,0.54549074,1
1,1,0.58247435,1
1,1,0.64540267,1
1,1,0.5586436,1
1,1,0.5328475,1
1,1,0.6061958,1
1,1,0.675721,1
1,1,0.6099266,1
1,1,0.68068975,1
1,1,0.6442108,1
1,1,0.6928658,1
1,1,0.52098256,1
1,1,0.65639436,1
1,1,0.6766343,1
1,1,0.467459,0
1,1,0.54375476,1
1,1,0.6391578,1
1,1,0.625648,1
1,1,0.5076435,1
1,1,0.5306328,1
1,1,0.61388063,1
1,1,0.52628994,1
1,1,0.5401893,1
1,1,0.57643473,1
1,1,0.5616874,1
1,1,0.58568585,1
1,1,0.5893401,1
1,1,0.55216104,1
1,1,0.5388561,1
1,1,0.55439323,1
1,1,0.5457545,1
1,1,0.50687784,1
1,1,0.59861463,1
1,1,0.62271816,1
1,1,0.4985253,0
1,1,0.48583344,0
1,1,0.5439967,1
1,1,0.5325832,1
1,1,0.56452614,1
1,1,0.5509473,1
1,1,0.5371602,1
1,1,0.48311448,0
1,0,0.33204666,0
1,0,0.3565273,0
1,0,0.40663353,0
1,0,0.24602674,0
1,0,0.35292977,0
1,0,0.34618884,0
1,0,0.25749248,0
1,0,0.32641146,0
1,0,0.37341154,0
1,1,0.18578951,0
1,1,0.23239945,0
1,1,0.14923675,0
1,1,0.121242166,0
1,1,0.15894298,0
1,1,0.25224677,0
1,1,0.13874146,0
1,1,0.91303605,1
1,1,0.9507459,1
1,1,0.87979513,1
1,1,0.9440575,1
1,1,0.96023595,1
1,1,0.9455733,1
1,1,0.9399247,1
1,1,0.9732968,1
1,1,0.9218195,1
1,1,0.7788294,1
1,1,0.6869673,1
1,1,0.7932006,1
1,1,0.7881133,1
1,1,0.74575466,1
1,1,0.8171478,1
1,1,0.748112,1
1,1,0.80159557,1
1,1,0.7737392,1
1,1,0.6913474,1
1,1,0.61949503,1
1,1,0.74181867,1
1,1,0.64687634,1
1,1,0.70444125,1
1,1,0.79688716,1
1,1,0.71544707,1
1,1,0.7902694,1
1,1,0.768784,1
1,1,0.67264,1
1,1,0.64744836,1
1,1,0.6466709,1
1,1,0.5744178,1
1,1,0.66495824,1
1,1,0.5842191,1
1,1,0.5784327,1
1,1,0.64747846,1
1,1,0.7464019,1
1,1,0.6498783,1
1,1,0.63900006,1
1,1,0.6996206,1
1,1,0.67909604,1
1,1,0.80338347,1
1,1,0.68312985,1
1,1,0.7616762,1
1,1,0.79096675,1
1,1,0.7289524,1
1,1,0.77954096,1
1,1,0.74542093,1
1,1,0.8299572,1
1,1,0.795298,1
1,1,0.79489017,1
1,1,0.68454903,1
1,1,0.67028105,1
1,1,0.50655836,1
1,1,0.56232184,1
1,1,0.6069118,1
1,1,0.54173803,1
1,1,0.48971862,0
1,1,0.57374763,1
1,1,0.6592951,1
1,1,0.59745514,1
1,1,0.65872777,1
1,1,0.64564914,1
1,1,0.6713926,1
1,1,0.51011443,1
1,1,0.626548,1
1,1,0.63937646,1
1,1,0.5806764,1
1,1,0.4795738,0
1,1,0.49373904,0
1,1,0.5645335,1
1,1,0.58332235,1
1,1,0.6116511,1
1,1,0.57951516,1
1,1,0.82360584,1
1,1,0.73101354,1
1,1,0.8370561,1
1,1,0.8384591,1
1,1,0.80267787,1
1,1,0.85129344,1
1,1,0.83363557,1
1,1,0.80407584,1
1,1,0.80574083,1
1,1,0.7497562,1
1,1,0.7245166,1
1,1,0.78874415,1
1,1,0.7589724,1
1,1,0.7668735,1
1,1,0.44289783,0
1,1,0.3454293,0
1,1,0.460622,0
1,1,0.5076367,1
1,1,0.42422247,0
1,1,0.6183357,1
1,1,0.4875856,0
1,1,0.24492094,0
1,1,0.42160487,0
1,1,0.4488341,0
1,1,0.42491588,0
1,1,0.50553715,1
1,1,0.5269446,1
1,1,0.5203827,1
1,1,0.54818404,1
1,1,0.47726575,0
1,1,0.5097878,1
1,1,0.5544336,1
1,1,0.44793865,0
1,1,0.4127455,0
1,1,0.16718023,0
1,1,0.164664,0
1,1,0.1846223,0
1,1,0.12358903,0
1,1,0.17615733,0
1,1,0.16012,0
1,1,0.35260713,0
1,1,0.14338319,0
1,1,0.23103128,0
1,1,0.41211724,0
1,1,0.29276657,0
1,1,0.37033767,0
1,1,0.30151525,0
1,1,0.34693706,0
1,1,0.31147772,0
1,1,0.24844638,0
1,1,0.26314458,0
1,1,0.16895874,0
1,1,0.34833145,0
1,1,0.3330367,0
1,1,0.296906,0
1,1,0.73935163,1
1,1,0.59530556,1
1,1,0.7557731,1
1,1,0.7243276,1
1,1,0.7159388,1
1,1,0.7527232,1
1,1,0.70347434,1
1,1,0.62633246,1
1,1,0.78826183,1
1,1,0.70345455,1
1,1,0.64229333,1
1,1,0.7404833,1
1,1,0.7078871,1
1,1,0.70839643,1
1,1,0.42707413,0
1,1,0.36261192,0
1,1,0.27422315,0
1,1,0.3377488,0
1,1,0.38989708,0
1,1,0.4922062,0
1,1,0.40963706,0
1,1,0.5743434,1
1,1,0.38831225,0
1,1,0.23449232,0
1,1,0.3796415,0
1,1,0.3311118,0
1,1,0.37720954,0
1,1,0.45762756,0
1,1,0.5152137,1
1,1,0.5266134,1
1,1,0.6211049,1
1,1,0.42167342,0
1,1,0.5232335,1
1,1,0.56123126,1
1,1,0.5035538,1
1,1,0.42283118,0
1,1,0.06643714,0
1,1,0.055306613,0
1,1,0.063600965,0
1,1,0.10956943,0
1,1,0.06939954,0
1,1,0.07889379,0
1,1,0.052927725,0
1,1,0.053238247,0
1,1,0.039552987,0
1,1,0.69885147,1
1,1,0.5474407,1
1,1,0.7232037,1
1,1,0.67314285,1
1,1,0.64182687,1
1,1,0.6987139,1
1,1,0.70409465,1
1,1,0.6088422,1
1,1,0.73665863,1
1,1,0.60533136,1
1,1,0.56193,1
1,1,0.6325318,1
1,1,0.61750704,1
1,1,0.6373887,1
1,1,0.5021676,1
1,1,0.46204832,0
1,1,0.48831335,0
1,1,0.52957326,1
1,1,0.463282,0
1,1,0.43277434,0
1,1,0.49992725,0
1,1,0.5495472,1
1,1,0.5296312,1
1,1,0.54389054,1
1,1,0.51267517,1
1,1,0.6084224,1
1,1,0.43872327,0
1,1,0.55699503,1
1,1,0.55199236,1
1,1,0.38500577,0
1,1,0.4383472,0
1,1,0.53494555,1
1,1,0.31441653,0
1,1,0.41722357,0
1,1,0.5329962,1
1,1,0.54408103,1
1,1,0.42511088,0
1,1,0.5586524,1
1,1,0.5187027,1
1,1,0.51935124,1
1,1,0.51417226,1
1,1,0.3543343,0
1,1,0.41707322,0
1,1,0.401808,0
1,1,0.37109867,0
1,1,0.43119314,0
1,1,0.4735063,0
1,1,0.6144665,1
1,1,0.48879063,0
1,1,0.43387523,0
1,1,0.44582444,0
1,1,0.41914818,0
1,1,0.48293263,0
1,1,0.3500375,0
1,1,0.8018785,1
1,1,0.7932239,1
1,1,0.8293151,1
1,1,0.8204085,1
1,1,0.8016337,1
1,1,0.8388812,1
1,1,0.77624226,1
1,1,0.8167116,1
1,1,0.7828451,1
1,1,0.72195745,1
1,1,0.63325155,1
1,1,0.76187104,1
1,1,0.6603174,1
1,1,0.71156096,1
1,1,0.34484583,0
1,1,0.3868757,0
1,1,0.4154422,0
1,1,0.26407716,0
1,1,0.34040675,0
1,1,0.35767934,0
1,1,0.26955205,0
1,1,0.34801573,0
1,1,0.36884665,0
1,1,0.7372104,1
1,1,0.7696483,1
1,1,0.7978237,1
1,1,0.8012302,1
1,1,0.6900333,1
1,1,0.8209853,1
1,1,0.6712941,1
1,1,0.83729637,1
1,1,0.79519755,1
1,1,0.91000146,1
1,1,0.654168,1
1,1,0.72459435,1
1,1,0.81881076,1
1,1,0.80315983,1
1,1,0.74617755,1
1,1,0.57777756,1
1,1,0.74488723,1
1,1,0.70248884,1
1,1,0.6809141,1
1,1,0.73484844,1
1,1,0.702233,1
1,1,0.6292047,1
1,1,0.75263315,1
1,1,0.6075573,1
1,1,0.59035796,1
1,1,0.67592216,1
1,1,0.6666244,1
1,1,0.6489202,1
1,1,0.57351667,1
1,1,0.4431708,0
1,1,0.5425264,1
1,1,0.5756377,1
1,1,0.44036508,0
1,1,0.47529843,0
1,1,0.5433307,1
1,1,0.54867345,1
1,1,0.5741931,1
1,1,0.6594495,1
1,1,0.61209714,1
1,1,0.5963506,1
1,1,0.6319841,1
1,1,0.5721677,1
1,1,0.5077032,1
1,1,0.55707014,1
1,1,0.6164858,1
1,1,0.60108304,1
1,1,0.611392,1
1,1,0.7657141,1
1,1,0.5761711,1
1,1,0.64064723,1
1,1,0.76510596,1
1,1,0.7426544,1
1,1,0.7169913,1
1,1,0.6899024,1
1,1,0.63554317,1
1,1,0.7807178,1
1,1,0.67326635,1
1,1,0.6284885,1
1,1,0.73403656,1
1,1,0.6851353,1
1,1,0.69999564,1
1,0,0.39655933,0
1,0,0.43760163,0
1,0,0.37697515,0
1,0,0.45512712,0
1,0,0.41754285,0
1,0,0.38470018,0
1,0,0.4730933,0
1,0,0.48985374,0
1,0,0.658607,1
1,0,0.54695547,1
1,0,0.5144295,1
1,0,0.507591,1
1,0,0.4785102,0
1,0,0.5768338,1
1,0,0.394673,0
1,0,0.4266868,0
1,0,0.3942353,0
1,1,0.7918481,1
1,1,0.82253176,1
1,1,0.84571296,1
1,1,0.6991877,1
1,1,0.7779425,1
1,1,0.8358586,1
1,1,0.91824704,1
1,1,0.8249844,1
1,1,0.8660577,1
1,1,0.88970625,1
1,1,0.88458174,1
1,1,0.89227325,1
1,1,0.90160346,1
1,1,0.85662097,1
1,1,0.8268939,1
1,1,0.89852047,1
1,1,0.8751105,1
1,1,0.84888023,1
1,1,0.65741825,1
1,1,0.8882316,1
1,1,0.6605728,1
1,1,0.65471727,1
1,1,0.663262,1
1,1,0.73383504,1
1,1,0.6952384,1
1,1,0.6440802,1
1,1,0.7116901,1
1,1,0.76560163,1
1,1,0.5530112,1
1,1,0.7825847,1
1,1,0.6720129,1
1,1,0.4992868,0
1,1,0.5259734,1
1,1,0.42309958,0
1,1,0.63906896,1
1,1,0.63330466,1
1,1,0.3519204,0
1,1,0.4794865,0
1,1,0.52341646,1
1,1,0.5848829,1
1,1,0.46260083,0
1,1,0.6434927,1
1,1,0.5336381,1
1,1,0.45149922,0
1,1,0.4985894,0
1,1,0.57146966,1
1,1,0.49871343,0
1,1,0.3192987,0
1,1,0.31682923,0
1,1,0.40150186,0
1,1,0.4258125,0
1,0,0.30200985,0
1,0,0.35003552,0
1,0,0.42010316,0
1,0,0.29125306,0
1,0,0.38591227,0
1,0,0.4047062,0
1,0,0.2839801,0
1,0,0.23996975,0
1,0,0.40279678,0
1,0,0.3526297,0
1,0,0.5274363,1
1,0,0.5266235,1
1,0,0.31562915,0
1,0,0.4320874,0
1,0,0.24504505,0
1,0,0.46018845,0
1,0,0.26039073,0
1,0,0.616659,1
1,0,0.20839445,0
1,0,0.3085741,0
1,0,0.4240959,0
1,0,0.27659592,0
1,0,0.6061283,1
1,0,0.51835144,1
1,0,0.5657186,1
1,0,0.40710917,0
1,0,0.6694484,1
1,0,0.5219706,1
1,0,0.34561172,0
1,0,0.5650711,1
1,0,0.39226562,0
1,0,0.36782655,0
1,0,0.5176727,1
1,0,0.40768513,0
1,0,0.3731126,0
1,0,0.45027357,0
1,0,0.32355526,0
1,0,0.28217334,0
1,0,0.45712644,0
1,0,0.49397972,0
1,0,0.7233015,1
1,0,0.5473394,1
1,0,0.75207704,1
1,0,0.74933386,1
1,0,0.7274263,1
1,0,0.787625,1
1,0,0.8075082,1
1,0,0.7761901,1
1,0,0.77033335,1
1,0,0.7562487,1
1,0,0.6017029,1
1,0,0.77028,1
1,0,0.59909135,1
1,0,0.59025025,1
1,0,0.59976315,1
1,1,0.7167179,1
1,1,0.7521929,1
1,1,0.7285953,1
1,1,0.6467269,1
1,1,0.7063722,1
1,1,0.6293826,1
1,1,0.68224335,1
1,1,0.7775373,1
1,1,0.6720848,1
1,1,0.54043096,1
1,1,0.60257524,1
1,1,0.7142187,1
1,1,0.55184805,1
1,1,0.4545429,0
1,1,0.78045946,1
1,1,0.64954203,1
1,1,0.68228954,1
1,1,0.7936528,1
1,1,0.530196,1
1,1,0.6853988,1
1,1,0.57690483,1
1,1,0.5903214,1
1,1,0.7693942,1
1,1,0.65619147,1
1,1,0.59520024,1
1,1,0.6369189,1
1,1,0.6081738,1
1,1,0.66063184,1
1,0,0.6492865,1
1,0,0.55503595,1
1,0,0.63943243,1
1,0,0.7219518,1
1,0,0.5973093,1
1,0,0.6059991,1
1,0,0.61500174,1
1,0,0.5573202,1
1,1,0.55994654,1
1,1,0.5790885,1
1,1,0.62902516,1
1,1,0.5106448,1
1,1,0.5843234,1
1,1,0.52746934,1
1,1,0.06138678,0
1,1,0.057641827,0
1,1,0.059313014,0
1,1,0.09781942,0
1,1,0.05953646,0
1,1,0.07390077,0
1,1,0.048953306,0
1,1,0.045370366,0
1,1,0.032730136,0
1,1,0.7049721,1
1,1,0.7371247,1
1,1,0.7009377,1
1,1,0.7075523,1
1,1,0.729596,1
1,1,0.6411177,1
1,1,0.73453736,1
1,1,0.8095183,1
1,0,0.7518012,1
1,0,0.7173305,1
1,0,0.77483207,1
1,0,0.7834871,1
1,0,0.6610682,1
1,0,0.6834873,1
1,0,0.7279626,1
1,0,0.75525033,1
1,0,0.6603172,1
1,0,0.7362184,1
1,0,0.6611508,1
1,0,0.71798724,1
1,0,0.5678225,1
1,0,0.73092115,1
1,0,0.6678374,1
1,0,0.7684099,1
1,0,0.68301094,1
1,0,0.80449903,1
1,0,0.72229373,1
1,0,0.7963538,1
1,0,0.6702099,1
1,0,0.7129902,1
1,0,0.6655976,1
1,0,0.7109895,1
1,0,0.69878256,1
1,0,0.6507125,1
1,0,0.72998947,1
1,0,0.74326545,1
1,0,0.82138324,1
1,0,0.71840835,1
1,0,0.6720128,1
1,0,0.75533897,1
1,0,0.77379465,1
1,0,0.6972516,1
1,0,0.83225673,1
1,0,0.7924996,1
1,0,0.8156969,1
1,0,0.8493714,1
1,0,0.7987674,1
1,0,0.9081343,1
1,0,0.8991701,1
1,0,0.86191124,1
1,0,0.85624444,1
1,0,0.7483012,1
1,0,0.78693306,1
1,0,0.7965346,1
1,0,0.82196814,1
1,0,0.78554624,1
1,0,0.8164248,1
1,0,0.75387555,1
1,0,0.752813,1
1,0,0.7536952,1
1,0,0.62599903,1
1,0,0.8238268,1
1,0,0.76027393,1
1,0,0.6747634,1
1,0,0.6948557,1
1,0,0.72708714,1
1,0,0.8390963,1
1,0,0.6718726,1
1,0,0.81065357,1
1,0,0.84376687,1
1,0,0.6850391,1
1,0,0.6960455,1
1,0,0.8113638,1
1,0,0.71223944,1
1,0,0.68585,1
1,0,0.76929915,1
1,0,0.6743139,1
1,0,0.75571066,1
1,0,0.7838496,1
1,0,0.7529044,1
1,0,0.7786208,1
1,0,0.80074435,1
1,0,0.73074013,1
1,0,0.8684059,1
1,0,0.77466536,1
1,0,0.7510337,1
1,0,0.8232841,1
1,0,0.72161424,1
1,0,0.7397718,1
1,0,0.74838954,1
1,0,0.6702228,1
1,0,0.6335231,1
1,0,0.72499377,1
1,0,0.74921405,1
1,0,0.7447245,1
1,0,0.6861701,1
1,0,0.766744,1
1,0,0.69718,1
1,0,0.690252,1
1,0,0.6257219,1
1,0,0.6314932,1
1,0,0.6129687,1
1,0,0.6481097,1
1,0,0.7462942,1
1,0,0.81035227,1
1,0,0.75310904,1
1,0,0.66264945,1
1,0,0.63277847,1
1,0,0.5990692,1
1,0,0.7231222,1
1,0,0.71285975,1
1,0,0.61906475,1
1,0,0.7629768,1
1,0,0.75413656,1
1,0,0.7756251,1
1,0,0.70897526,1
1,0,0.8508212,1
1,0,0.8163701,1
1,0,0.64956015,1
1,0,0.80212164,1
1,0,0.7847987,1
1,0,0.60446334,1
1,0,0.6303169,1
1,0,0.70089734,1
1,0,0.641349,1
1,0,0.64930725,1
1,1,0.6008178,1
1,1,0.6382046,1
1,1,0.72509855,1
1,1,0.7550146,1
1,1,0.7138444,1
1,1,0.67854667,1
1,1,0.786949,1
1,1,0.71354324,1
1,1,0.78450143,1
1,1,0.7564099,1
1,1,0.6730615,1
1,0,0.62621397,1
1,0,0.62903005,1
1,0,0.57742685,1
1,0,0.6432993,1
1,0,0.58936864,1
1,0,0.5697451,1
1,0,0.59667134,1
1,0,0.7117134,1
1,0,0.6039759,1
1,0,0.5837125,1
1,0,0.65242827,1
1,0,0.52110463,1
1,0,0.5039299,1
1,0,0.52672946,1
1,0,0.6526582,1
1,0,0.6214949,1
1,0,0.6587555,1
1,0,0.7081647,1
1,0,0.6353559,1
1,0,0.6829051,1
1,0,0.6800026,1
1,0,0.6422168,1
1,0,0.7044234,1
1,0,0.6499982,1
1,0,0.8097732,1
1,0,0.75921655,1
1,0,0.7152202,1
1,0,0.7581123,1
1,0,0.7706056,1
1,0,0.663043,1
1,0,0.77836967,1
1,0,0.7817968,1
1,0,0.72818816,1
1,0,0.7961124,1
1,0,0.7325129,1
1,0,0.7940098,1
1,0,0.7671968,1
1,0,0.69351876,1
1,0,0.6074754,1
1,0,0.7338563,1
1,0,0.65891826,1
1,0,0.71170396,1
1,0,0.6448938,1
1,0,0.7225197,1
1,0,0.8070316,1
1,0,0.67642903,1
1,0,0.70000106,1
1,0,0.674643,1
1,0,0.73126173,1
1,0,0.7824008,1
1,0,0.70910925,1
1,0,0.7964829,1
1,0,0.5703692,1
1,0,0.5883107,1
1,0,0.60617805,1
1,0,0.6049085,1
1,0,0.6892076,1
1,0,0.7032158,1
1,0,0.6487943,1
1,0,0.68621266,1
1,0,0.6976455,1
1,0,0.48120177,0
1,0,0.58371425,1
1,0,0.64483035,1
1,0,0.603115,1
1,0,0.6412561,1
1,0,0.71648157,1
1,0,0.64624316,1
1,0,0.6210931,1
1,0,0.6773753,1
1,0,0.6104652,1
1,0,0.60131216,1
1,0,0.74502105,1
1,0,0.63310593,1
1,0,0.70502245,1
1,0,0.6491582,1
1,0,0.6787155,1
1,0,0.5485396,1
1,0,0.72737277,1
1,0,0.6374132,1
1,0,0.84802413,1
1,0,0.6497142,1
1,0,0.78159297,1
1,0,0.63848853,1
1,0,0.67558384,1
1,0,0.77141535,1
1,0,0.80594563,1
1,0,0.7622005,1
1,0,0.80467814,1
1,1,0.31708002,0
1,1,0.42519444,0
1,1,0.5175619,1
1,1,0.5464253,1
1,1,0.40387046,0
1,1,0.54466563,1
1,1,0.5110014,1
1,1,0.5094962,1
1,1,0.52513427,1
1,1,0.52783746,1
1,1,0.5198499,1
1,1,0.48262203,0
1,1,0.3502727,0
1,1,0.250361,0
1,1,0.30839097,0
1,1,0.54901654,1
1,1,0.56294805,1
1,1,0.47762847,0
1,1,0.82964647,1
1,1,0.7432969,1
1,1,0.72411853,1
1,1,0.7109548,1
1,1,0.70096564,1
1,1,0.7396061,1
1,1,0.7663181,1
1,1,0.7738066,1
1,1,0.75527245,1
1,1,0.80555356,1
1,1,0.794993,1
1,1,0.69427925,1
1,1,0.7001241,1
1,1,0.7665928,1
1,1,0.78600824,1
1,1,0.71618086,1
1,1,0.7706045,1
1,1,0.68596184,1
1,1,0.72387886,1
1,1,0.6127964,1
1,1,0.73858273,1
1,1,0.6896792,1
1,1,0.7206479,1
1,1,0.75242054,1
1,1,0.72010654,1
1,1,0.7387969,1
1,1,0.73733085,1
1,1,0.6913881,1
1,1,0.7769858,1
1,1,0.79247886,1
1,1,0.84217715,1
1,1,0.74149823,1
1,1,0.7621783,1
1,1,0.74860644,1
1,1,0.82298064,1
1,1,0.7301459,1
1,1,0.8109577,1
1,1,0.8208557,1
1,1,0.799901,1
1,1,0.81762147,1
1,1,0.84595156,1
1,1,0.77741766,1
1,1,0.72106653,1
1,1,0.57604593,1
1,1,0.67177314,1
1,1,0.530062,1
1,1,0.74439836,1
1,1,0.71187407,1
1,1,0.7035613,1
1,1,0.64238036,1
1,1,0.6496023,1
1,1,0.6508063,1
1,1,0.6966022,1
1,1,0.76460916,1
1,1,0.82296854,1
1,1,0.7913966,1
1,1,0.6985838,1
1,1,0.66142046,1
1,1,0.667891,1
1,1,0.75148463,1
1,1,0.76946425,1
1,1,0.6578394,1
1,1,0.7843892,1
1,1,0.77951306,1
1,1,0.7867674,1
1,1,0.750355,1
1,1,0.84450936,1
1,1,0.83828807,1
1,1,0.75032747,1
1,1,0.7958509,1
1,1,0.7934115,1
1,1,0.6563752,1
1,1,0.6078297,1
1,1,0.6888999,1
1,1,0.68383896,1
1,1,0.71058464,1
1,1,0.6573133,1
1,1,0.7367969,1
1,1,0.71268946,1
1,1,0.6578481,1
1,1,0.82140225,1
1,1,0.71654457,1
1,1,0.8087199,1
1,1,0.757678,1
1,1,0.7595392,1
1,1,0.5994652,1
1,1,0.73555315,1
1,1,0.8223437,1
1,1,0.71483904,1
1,1,0.757513,1
1,1,0.64751405,1
1,1,0.7653102,1
1,1,0.6365854,1
1,1,0.6631153,1
1,1,0.74394214,1
1,1,0.74113494,1
1,1,0.8040251,1
1,1,0.54427505,1
1,1,0.57353276,1
1,1,0.5104808,1
1,1,0.5534074,1
1,1,0.6358873,1
1,1,0.6669356,1
1,1,0.59831154,1
1,1,0.58658403,1
1,1,0.6267805,1
1,1,0.66402125,1
1,1,0.6652363,1
1,1,0.7493744,1
1,1,0.70189697,1
1,1,0.64069134,1
1,1,0.59532666,1
1,1,0.5357213,1
1,1,0.69013035,1
1,1,0.76530176,1
1,1,0.71940035,1
1,1,0.70209396,1
1,1,0.7051432,1
1,1,0.77594656,1
1,1,0.75877553,1
1,1,0.70722216,1
1,1,0.76280093,1
1,1,0.73776186,1
1,1,0.64195746,1
1,1,0.72787386,1
1,1,0.68659073,1
1,1,0.76566344,1
1,1,0.70932037,1
1,1,0.7330176,1
1,1,0.79976374,1
1,1,0.53964216,1
1,1,0.6978317,1
1,1,0.7060715,1
1,1,0.7304029,1
1,1,0.68537843,1
1,1,0.7654144,1
1,1,0.7797611,1
1,1,0.77080435,1
1,1,0.6742735,1
1,1,0.7126534,1
1,1,0.6243273,1
1,1,0.68477595,1
1,1,0.763989,1
1,1,0.6976222,1
1,1,0.7181565,1
1,1,0.77994394,1
1,1,0.76226735,1
1,1,0.6581709,1
1,1,0.7836043,1
1,1,0.74948084,1
1,1,0.66854405,1
1,1,0.76794463,1
1,1,0.74890774,1
1,1,0.71977866,1
1,1,0.7602149,1
1,1,0.63067526,1
1,1,0.77053934,1
1,1,0.8080153,1
1,1,0.7943396,1
1,1,0.67235464,1
1,1,0.7901403,1
1,1,0.7514091,1
1,1,0.62269413,1
1,1,0.7415736,1
1,1,0.65331066,1
1,1,0.45196417,0
1,1,0.58931524,1
1,1,0.52487355,1
1,1,0.6323138,1
1,1,0.6143571,1
1,1,0.4616887,0
1,1,0.5522663,1
1,1,0.74161595,1
1,1,0.6665521,1
1,1,0.7810661,1
1,1,0.77215207,1
1,1,0.7950346,1
1,1,0.85580575,1
1,1,0.829092,1
1,1,0.81140685,1
1,1,0.8503366,1
1,1,0.7516457,1
1,1,0.85364246,1
1,1,0.7269298,1
1,1,0.77331275,1
1,1,0.87387514,1
1,1,0.86627084,1
1,1,0.8793602,1
1,1,0.70249647,1
1,1,0.83451915,1
1,1,0.57688516,1
1,1,0.65706104,1
1,1,0.7724742,1
1,1,0.61364615,1
1,1,0.78834647,1
1,1,0.7041234,1
1,1,0.72239673,1
1,1,0.7457782,1
1,1,0.6522708,1
1,1,0.6068451,1
1,1,0.712406,1
1,1,0.61331517,1
1,1,0.62073237,1
1,1,0.6463623,1
1,1,0.6891089,1
1,1,0.69065005,1
1,1,0.65383905,1
1,1,0.73670876,1
1,1,0.6872128,1
1,1,0.61811805,1
1,1,0.6069391,1
1,1,0.52518517,1
1,1,0.7114007,1
1,1,0.7592526,1
1,1,0.7212165,1
1,1,0.6962028,1
1,1,0.7059827,1
1,1,0.7739347,1
1,1,0.7510073,1
1,1,0.69268876,1
1,1,0.7527083,1
1,0,0.42547217,0
1,0,0.43280822,0
1,0,0.31598407,0
1,0,0.37867388,0
1,0,0.43682122,0
1,0,0.3994377,0
1,0,0.3574798,0
1,0,0.4036514,0
1,0,0.37908474,0
1,0,0.35325947,0
1,0,0.41291997,0
1,0,0.4864684,0
1,0,0.39710796,0
1,0,0.47927725,0
1,0,0.57905686,1
1,0,0.45112598,0
1,0,0.47119644,0
1,0,0.5566006,1
1,0,0.4643566,0
1,0,0.53051215,1
1,0,0.50486934,1
1,0,0.47301817,0
1,0,0.60481155,1
1,0,0.48983997,0
1,0,0.5239054,1
1,0,0.5054151,1
1,0,0.45984507,0
1,0,0.4972137,0
1,0,0.45236248,0
1,0,0.4912183,0
1,0,0.45824867,0
1,0,0.41849107,0
1,0,0.6279869,1
1,0,0.55140513,1
1,0,0.5683981,1
1,0,0.61335504,1
1,0,0.5457577,1
1,0,0.56160444,1
1,0,0.5107561,1
1,0,0.6671548,1
1,0,0.6230016,1
1,0,0.4861811,0
1,0,0.552825,1
1,0,0.3527555,0
1,0,0.53044397,1
1,0,0.4168563,0
1,0,0.47102466,0
1,0,0.43220764,0
1,0,0.41987726,0
1,0,0.46180993,0
1,0,0.42268133,0
1,0,0.48375297,0
1,0,0.45924065,0
1,0,0.39963937,0
1,0,0.46892592,0
1,0,0.49776343,0
1,0,0.4349446,0
1,0,0.47456217,0
1,0,0.51967496,1
1,0,0.5339695,1
1,0,0.48661304,0
1,0,0.54923254,1
1,0,0.43956771,0
1,0,0.42816964,0
1,0,0.37592956,0
1,0,0.3478804,0
1,0,0.37684304,0
1,0,0.3814647,0
1,0,0.5065671,1
1,0,0.47872216,0
1,0,0.3752631,0
1,0,0.4487823,0
1,0,0.5047892,1
1,0,0.45623934,0
1,0,0.5126989,1
1,0,0.5285874,1
1,0,0.42659268,0
1,0,0.49696743,0
1,0,0.4161626,0
1,0,0.4491152,0
1,0,0.44899684,0
1,0,0.49517766,0
1,0,0.38209108,0
1,0,0.30442384,0
1,0,0.45108712,0
1,0,0.35831589,0
1,0,0.50368303,1
1,0,0.36182055,0
1,0,0.36244026,0
1,0,0.4557251,0
1,0,0.38109627,0
1,0,0.4493315,0
1,0,0.4059584,0
1,0,0.52918696,1
1,0,0.56130236,1
1,0,0.57735467,1
1,0,0.6402455,1
1,0,0.49974492,0
1,0,0.63699484,1
1,0,0.6984769,1
1,0,0.6365803,1
1,0,0.621454,1
1,0,0.58826715,1
1,0,0.59350514,1
1,0,0.6189359,1
1,0,0.48947918,0
1,0,0.6632533,1
1,0,0.56354403,1
1,0,0.5209532,1
1,0,0.5231834,1
1,0,0.5682087,1
1,0,0.63017374,1
1,0,0.40240362,0
1,0,0.42437294,0
1,0,0.29293495,0
1,0,0.43935692,0
1,0,0.40966922,0
1,0,0.4914069,0
1,0,0.41015422,0
1,0,0.5754356,1
1,0,0.4879502,0
1,0,0.4803005,0
1,0,0.6240735,1
1,0,0.6081824,1
1,0,0.6292169,1
1,0,0.7493071,1
1,0,0.69408244,1
1,0,0.6580004,1
1,0,0.6688701,1
1,0,0.6340419,1
1,0,0.5748109,1
1,0,0.71801794,1
1,0,0.56319284,1
1,0,0.55138755,1
1,0,0.69831526,1
1,0,0.6540164,1
1,0,0.5426944,1
1,0,0.61372286,1
1,0,0.70676565,1
1,0,0.65418506,1
1,0,0.7278517,1
1,0,0.6659097,1
1,0,0.67716104,1
1,0,0.73523146,1
1,0,0.6762992,1
1,0,0.6280898,1
1,0,0.64336336,1
1,0,0.60007155,1
1,0,0.51621777,1
1,0,0.6356345,1
1,0,0.47539562,0
1,0,0.46782824,0
1,0,0.44412625,0
1,0,0.55193543,1
1,0,0.5762894,1
1,0,0.53594095,1
1,0,0.54778594,1
1,0,0.64421034,1
1,0,0.66292876,1
1,0,0.45212975,0
1,0,0.5521362,1
1,0,0.39700672,0
1,0,0.49706462,0
1,0,0.34712362,0
1,0,0.4949578,0
1,0,0.5643427,1
1,0,0.46187964,0
1,0,0.5871782,1
1,0,0.76548195,1
1,0,0.69669706,1
1,0,0.5859695,1
1,0,0.508006,1
1,0,0.62828684,1
1,0,0.6074361,1
1,0,0.71782947,1
1,0,0.66154534,1
1,0,0.65766364,1
1,0,0.71705234,1
1,0,0.6899698,1
1,0,0.59711117,1
1,0,0.5940911,1
1,0,0.51349944,1
1,0,0.50954807,1
1,0,0.5280511,1
1,0,0.32954064,0
1,0,0.5162409,1
1,0,0.51584303,1
1,0,0.5530136,1
1,0,0.59099627,1
1,0,0.61665046,1
1,0,0.572172,1
1,0,0.6473718,1
1,0,0.54920715,1
1,0,0.53025484,1
1,0,0.64909893,1
1,0,0.62335604,1
1,0,0.6447772,1
1,0,0.5998561,1
1,0,0.65414816,1
1,0,0.6170812,1
1,0,0.73112243,1
1,0,0.57814026,1
1,0,0.62987006,1
1,0,0.6674598,1
1,0,0.6292611,1
1,0,0.68124235,1
1,0,0.690698,1
1,0,0.5757671,1
1,0,0.58584195,1
1,0,0.52637005,1
1,0,0.60422146,1
1,0,0.572064,1
1,0,0.5832619,1
1,0,0.6643527,1
1,0,0.62636757,1
1,0,0.60291255,1
1,0,0.5904909,1
1,0,0.7101266,1
1,0,0.59540004,1
1,0,0.57790935,1
1,0,0.6201534,1
1,0,0.5552015,1
1,0,0.4617508,0
1,0,0.4395779,0
1,0,0.47987646,0
1,0,0.6071848,1
1,0,0.615539,1
1,0,0.63233864,1
1,0,0.56409913,1
1,0,0.57312536,1
1,0,0.6325661,1
1,0,0.53195333,1
1,0,0.59547573,1
1,0,0.5690956,1
1,0,0.65497303,1
1,0,0.6211034,1
1,0,0.57762665,1
1,0,0.6680369,1
1,0,0.61264837,1
1,0,0.67285264,1
1,0,0.54902804,1
1,0,0.55728126,1
1,0,0.57340556,1
1,0,0.52555084,1
1,0,0.5178585,1
1,0,0.51355,1
1,0,0.57301855,1
1,0,0.63066417,1
1,0,0.4634453,0
1,0,0.48548487,0
1,0,0.6412914,1
1,0,0.5506956,1
1,0,0.5795274,1
1,0,0.6325782,1
1,0,0.54769343,1
1,0,0.5534238,1
1,0,0.5657969,1
1,1,0.434803,0
1,1,0.38852137,0
1,1,0.5841938,1
1,1,0.38858435,0
1,1,0.6460528,1
1,1,0.5492835,1
1,1,0.29408616,0
1,1,0.44612053,0
1,1,0.46752387,0
1,0,0.8057893,1
1,0,0.61538893,1
1,0,0.5972522,1
1,0,0.691849,1
1,0,0.59333336,1
1,0,0.64438134,1
1,0,0.67689425,1
1,0,0.6538677,1
1,0,0.7758969,1
1,0,0.7369929,1
1,0,0.80172473,1
1,0,0.8095088,1
1,0,0.72887266,1
1,0,0.70249814,1
1,0,0.7313305,1
1,0,0.79215455,1
1,0,0.71160614,1
1,0,0.759912,1
1,0,0.68094206,1
1,0,0.7523544,1
1,0,0.7477694,1
1,0,0.7123498,1
1,0,0.6273617,1
1,0,0.7232829,1
1,0,0.7475101,1
1,0,0.75600857,1
1,0,0.6905244,1
1,0,0.78666997,1
1,0,0.6420427,1
1,0,0.77718157,1
1,0,0.7487006,1
1,0,0.71941555,1
1,0,0.73068696,1
1,0,0.66968805,1
1,0,0.63667226,1
1,0,0.56097215,1
1,0,0.6439833,1
1,0,0.5508969,1
1,0,0.6821244,1
1,0,0.7022973,1
1,0,0.6784715,1
1,0,0.6237564,1
1,0,0.6316685,1
1,0,0.61110663,1
1,0,0.6399628,1
1,0,0.7081997,1
1,0,0.79316324,1
1,0,0.7380468,1
1,1,0.97862875,1
1,1,0.9855833,1
1,1,0.976107,1
1,1,0.97820115,1
1,1,0.9799831,1
1,1,0.981487,1
1,1,0.9667019,1
1,1,0.98528165,1
1,1,0.97877985,1
1,1,0.97635025,1
1,1,0.9754999,1
1,1,0.981784,1
1,1,0.9723771,1
1,1,0.9777256,1
1,1,0.9761745,1
1,1,0.9750173,1
1,1,0.9791337,1
1,1,0.9815528,1
1,1,0.97210705,1
1,1,0.9838604,1
1,1,0.98783,1
1,1,0.97693825,1
1,1,0.9839377,1
1,1,0.95516473,1
1,1,0.3435189,0
1,1,0.3588834,0
1,1,0.23377533,0
1,1,0.18312106,0
1,1,0.17876484,0
1,1,0.8181238,1
1,1,0.6558285,1
1,1,0.66665596,1
1,1,0.7040356,1
1,1,0.6245052,1
1,1,0.71949434,1
1,1,0.6419407,1
1,1,0.77598786,1
1,0,0.12566736,0
1,0,0.121723466,0
1,0,0.28008133,0
1,0,0.10054713,0
1,0,0.19723797,0
1,0,0.2516731,0
1,0,0.21686254,0
1,0,0.21047053,0
1,0,0.32362226,0
1,0,0.3177841,0
1,0,0.38971087,0
1,0,0.3342298,0
1,0,0.26630238,0
1,0,0.25808397,0
1,0,0.31026655,0
1,0,0.16102746,0
1,0,0.23018451,0
1,0,0.3363379,0
1,0,0.25634328,0
1,0,0.16877505,0
1,0,0.15647739,0
1,0,0.0974868,0
1,0,0.0885124,0
1,1,0.87796134,1
1,1,0.8670025,1
1,1,0.8947098,1
1,1,0.80957067,1
1,1,0.73297644,1
1,1,0.7391753,1
1,1,0.78869075,1
1,1,0.8148206,1
1,1,0.6306677,1
1,1,0.5494446,1
1,1,0.57693464,1
1,1,0.6362507,1
1,1,0.5499186,1
1,1,0.51982105,1
1,1,0.6089996,1
1,1,0.6725996,1
1,1,0.5988873,1
1,1,0.6688239,1
1,1,0.6437588,1
1,1,0.69464815,1
1,1,0.5117753,1
1,1,0.6354611,1
1,1,0.662261,1
1,1,0.7180176,1
1,1,0.754792,1
1,1,0.7350623,1
1,1,0.75976115,1
1,1,0.7225086,1
1,1,0.7446176,1
1,1,0.8349598,1
1,1,0.8096055,1
1,1,0.822121,1
1,1,0.7776798,1
1,1,0.81859785,1
1,1,0.82071465,1
1,1,0.7318635,1
1,1,0.8283528,1
1,1,0.8704871,1
1,1,0.83551705,1
1,1,0.72822005,1
1,1,0.718547,1
1,1,0.7633491,1
1,1,0.74881965,1
1,1,0.76533264,1
1,1,0.7522112,1
1,1,0.77585435,1
1,1,0.7026643,1
1,1,0.76751876,1
1,1,0.8464204,1
1,1,0.6832057,1
1,1,0.7898749,1
1,1,0.7718147,1
1,1,0.73465055,1
1,1,0.8014036,1
1,1,0.77113295,1
1,1,0.6780184,1
1,1,0.73713994,1
1,1,0.7415893,1
1,1,0.8152652,1
1,1,0.7817628,1
1,1,0.7948106,1
1,1,0.7676168,1
1,1,0.7768402,1
1,1,0.7889461,1
1,1,0.87233996,1
1,1,0.7173566,1
1,1,0.8081135,1
1,1,0.8734352,1
1,1,0.7573262,1
1,1,0.80624336,1
1,1,0.819286,1
1,1,0.86803126,1
1,1,0.82971907,1
1,1,0.80193675,1
1,1,0.75518465,1
1,1,0.8372283,1
1,1,0.74155635,1
1,1,0.82150495,1
1,1,0.8401994,1
1,1,0.7773011,1
1,1,0.8249385,1
1,1,0.83531106,1
1,1,0.78581476,1
1,1,0.9090219,1
1,1,0.83884585,1
1,1,0.77813554,1
1,1,0.7330462,1
1,1,0.6691501,1
1,1,0.80830026,1
1,1,0.8293077,1
1,1,0.843643,1
1,1,0.8417711,1
1,1,0.783084,1
1,1,0.76543295,1
1,1,0.7539286,1
1,1,0.7936693,1
1,1,0.8023602,1
1,1,0.77408594,1
1,1,0.64645225,1
1,1,0.66610056,1
1,1,0.77177966,1
1,1,0.6123625,1
1,1,0.7142855,1
1,1,0.69887686,1
1,1,0.6538872,1
1,1,0.5892792,1
1,1,0.69074076,1
1,1,0.718687,1
1,1,0.72158706,1
1,1,0.62588763,1
1,1,0.69413674,1
1,1,0.75731295,1
1,1,0.6690894,1
1,1,0.6918595,1
1,1,0.6981666,1
1,1,0.6893997,1
1,1,0.6848777,1
1,1,0.8193485,1
1,1,0.66260207,1
1,1,0.74780226,1
1,1,0.7794303,1
1,1,0.73076403,1
1,1,0.7631353,1
1,1,0.745145,1
1,1,0.8570211,1
1,1,0.7948842,1
1,0,0.73292863,1
1,0,0.72299826,1
1,0,0.82380265,1
1,0,0.5508465,1
1,0,0.7095461,1
1,0,0.6153412,1
1,0,0.6217035,1
1,0,0.81404483,1
1,0,0.69357187,1
1,0,0.6283822,1
1,0,0.67312986,1
1,0,0.6580064,1
1,0,0.6820327,1
1,0,0.65632313,1
1,0,0.6617012,1
1,0,0.6984066,1
1,0,0.7278532,1
1,0,0.6822902,1
1,0,0.7395996,1
1,0,0.77187,1
1,0,0.7518881,1
1,0,0.682718,1
1,0,0.7204212,1
1,0,0.6219576,1
1,0,0.659892,1
1,0,0.68158174,1
1,0,0.5548913,1
1,1,0.39497492,0
1,1,0.41729462,0
1,1,0.28042105,0
1,1,0.41956756,0
1,1,0.40538716,0
1,1,0.49593022,0
1,1,0.43091065,0
1,1,0.5390918,1
1,1,0.41858244,0
1,1,0.56562793,1
1,1,0.47595963,0
1,1,0.4152613,0
1,1,0.4104061,0
1,1,0.48292306,0
1,1,0.40993226,0
1,1,0.29421765,0
1,1,0.28488734,0
1,1,0.3594448,0
1,1,0.3895636,0
1,1,0.26161355,0
1,1,0.20589493,0
1,1,0.18731546,0
1,1,0.24622399,0
1,1,0.24303968,0
1,1,0.32220468,0
1,1,0.6064862,1
1,1,0.25587055,0
1,1,0.29123467,0
1,1,0.38533545,0
1,1,0.41342047,0
1,1,0.445819,0
1,1,0.4663621,0
1,1,0.2968789,0
1,1,0.7802726,1
1,1,0.8237697,1
1,1,0.5994197,1
1,1,0.49135607,0
1,1,0.31404474,0
1,1,0.33933085,0
1,1,0.7965356,1
1,1,0.8419207,1
1,1,0.8290936,1
1,1,0.6240761,1
1,1,0.820656,1
1,1,0.85764074,1
1,1,0.64556795,1
1,1,0.6675784,1
1,1,0.7227564,1
1,1,0.4196381,0
1,1,0.43394545,0
1,1,0.44075698,0
1,1,0.449237,0
1,1,0.4993391,0
1,1,0.48065174,0
1,1,0.43820456,0
1,1,0.49837404,0
1,1,0.70608026,1
1,1,0.6163128,1
1,1,0.7905615,1
1,1,0.685178,1
1,1,0.753954,1
1,1,0.78647774,1
1,1,0.71556336,1
1,1,0.8384986,1
1,1,0.7894292,1
1,1,0.8372441,1
1,1,0.8107794,1
1,1,0.8063454,1
1,1,0.7016709,1
1,1,0.6993059,1
1,1,0.7223833,1
1,1,0.790369,1
1,1,0.6647445,1
1,1,0.8168171,1
1,1,0.671406,1
1,1,0.7380038,1
1,1,0.62062395,1
1,1,0.77601904,1
1,1,0.66498,1
1,1,0.6933783,1
1,1,0.744085,1
1,1,0.6994194,1
1,1,0.7357225,1
1,1,0.7027733,1
1,1,0.6589149,1
1,1,0.5263851,1
1,1,0.5859502,1
1,1,0.70380723,1
1,1,0.53947765,1
1,1,0.43731034,0
1,1,0.6062004,1
1,1,0.47769907,0
1,1,0.5710002,1
1,1,0.5987096,1
1,1,0.47889358,0
1,1,0.50068146,1
1,1,0.54956055,1
1,1,0.5771546,1
1,1,0.5914531,1
1,1,0.6786187,1
1,1,0.6088111,1
1,1,0.6160178,1
1,1,0.6426133,1
1,1,0.5893161,1
1,1,0.44023898,0
1,1,0.3018478,0
1,1,0.25413284,0
1,1,0.25404513,0
1,1,0.20820141,0
1,1,0.43172014,0
1,1,0.4607592,0
1,0,0.5085474,1
1,0,0.5707336,1
1,0,0.5237719,1
1,0,0.59395605,1
1,0,0.6064263,1
1,0,0.53730327,1
1,0,0.5422022,1
1,0,0.39314547,0
1,0,0.5702873,1
1,0,0.41684088,0
1,0,0.49383685,0
1,0,0.64528483,1
1,0,0.54055434,1
1,0,0.45176205,0
1,0,0.5417938,1
1,1,0.6997503,1
1,1,0.7056238,1
1,1,0.8249313,1
1,1,0.6775192,1
1,1,0.75128835,1
1,1,0.81124455,1
1,1,0.74173397,1
1,1,0.775109,1
1,1,0.76219106,1
1,1,0.82013136,1
1,1,0.80860585,1
1,1,0.77268285,1
1,1,0.7036965,1
2,1,0.3698441,0
2,1,0.53030634,1
2,1,0.44070223,0
2,1,0.3812864,0
2,1,0.35795885,0
2,1,0.38877606,0
2,1,0.38024998,0
2,1,0.591138,1
2,1,0.5462045,1
2,1,0.49051228,0
2,1,0.37471408,0
2,0,0.2948608,0
2,0,0.3267387,0
2,0,0.28103217,0
2,0,0.39760646,0
2,0,0.448547,0
2,0,0.33890703,0
2,0,0.36451182,0
2,0,0.18544646,0
2,0,0.35285702,0
2,0,0.33371186,0
2,0,0.35582197,0
2,0,0.3078321,0
2,1,0.22058459,0
2,1,0.3835941,0
2,1,0.37176052,0
2,1,0.3688894,0
2,1,0.33982155,0
2,1,0.54173744,1
2,1,0.33445406,0
2,1,0.21612915,0
2,1,0.14362156,0
2,1,0.18769959,0
2,1,0.3425267,0
2,1,0.4624166,0
2,1,0.59942436,1
2,1,0.29067555,0
2,1,0.2284192,0
2,1,0.3822776,0
2,1,0.615131,1
2,1,0.564515,1
2,1,0.4807887,0
2,1,0.52346367,1
2,1,0.52322286,1
2,1,0.6056688,1
2,1,0.5625582,1
2,1,0.47095078,0
2,1,0.45670843,0
2,1,0.5497845,1
2,1,0.32774156,0
2,1,0.3639182,0
2,1,0.26405478,0
2,1,0.228896,0
2,1,0.22679959,0
2,1,0.24386118,0
2,1,0.2755514,0
2,1,0.47859487,0
2,1,0.4363035,0
2,1,0.40953925,0
2,1,0.32481766,0
2,1,0.3027531,0
2,1,0.35946062,0
2,1,0.44442555,0
2,1,0.48810458,0
2,1,0.3326772,0
2,1,0.42034346,0
2,1,0.37022966,0
2,1,0.28438714,0
2,1,0.44557813,0
2,1,0.40904933,0
2,1,0.5109992,1
2,1,0.5953695,1
2,1,0.62531817,1
2,1,0.40025732,0
2,1,0.487993,0
2,1,0.39378154,0
2,1,0.33709422,0
2,1,0.44878584,0
2,1,0.38630882,0
2,1,0.3689753,0
2,1,0.47990245,0
2,1,0.53221315,1
2,1,0.54696745,1
2,1,0.55419236,1
2,1,0.5016297,1
2,1,0.40580517,0
2,1,0.94188714,1
2,1,0.9545378,1
2,1,0.93540394,1
2,1,0.92731786,1
2,1,0.92870367,1
2,1,0.93994015,1
2,1,0.9309166,1
2,1,0.9518139,1
2,1,0.9607337,1
2,1,0.93518764,1
2,1,0.9571118,1
2,1,0.95551056,1
2,1,0.96907645,1
2,1,0.94243085,1
2,1,0.96989924,1
2,1,0.9659466,1
2,1,0.97794926,1
2,1,0.9564402,1
2,1,0.9781018,1
2,1,0.97734743,1
2,1,0.96716124,1
2,1,0.97154206,1
2,1,0.92876345,1
2,1,0.78493863,1
2,1,0.7660975,1
2,1,0.66323775,1
2,1,0.7436519,1
2,1,0.75663257,1
2,1,0.6617626,1
2,1,0.6133956,1
2,1,0.67810786,1
2,1,0.61266226,1
2,1,0.5722392,1
2,1,0.54116577,1
2,1,0.5971425,1
2,1,0.5030447,1
2,1,0.580618,1
2,1,0.57935435,1
2,1,0.5257835,1
2,1,0.5971503,1
2,1,0.49945775,0
2,1,0.5916129,1
2,1,0.7011625,1
2,1,0.5860091,1
2,1,0.6578122,1
2,1,0.51359713,1
2,1,0.6065177,1
2,1,0.701185,1
2,1,0.54885936,1
2,1,0.70866114,1
2,1,0.5639056,1
2,1,0.46899983,0
2,1,0.59491557,1
2,1,0.8082184,1
2,1,0.6818012,1
2,1,0.78191495,1
2,1,0.80818456,1
2,1,0.63791937,1
2,1,0.8586845,1
2,1,0.83117276,1
2,1,0.8048085,1
2,1,0.8931076,1
2,1,0.8157157,1
2,1,0.8848085,1
2,1,0.92845494,1
2,1,0.90506953,1
2,1,0.9121686,1
2,1,0.94860274,1
2,1,0.8444276,1
2,1,0.92195517,1
2,1,0.87296563,1
2,1,0.95086324,1
2,1,0.9191746,1
2,1,0.8758799,1
2,1,0.8353578,1
2,1,0.85153884,1
2,1,0.9511794,1
2,1,0.9507445,1
2,1,0.9540395,1
2,1,0.9491658,1
2,1,0.9636572,1
2,1,0.96287906,1
2,1,0.9543247,1
2,1,0.9582846,1
2,1,0.96367955,1
2,1,0.9446591,1
2,1,0.96063757,1
2,1,0.94635886,1
2,1,0.9581159,1
2,1,0.9481352,1
2,1,0.96301156,1
2,1,0.9638443,1
2,1,0.9634496,1
2,1,0.9608038,1
2,1,0.9815865,1
2,1,0.9809428,1
2,1,0.9637565,1
2,1,0.9725609,1
2,1,0.93165773,1
2,0,0.35537905,0
2,0,0.41517675,0
2,0,0.3460852,0
2,0,0.35379755,0
2,0,0.4691582,0
2,0,0.5442017,1
2,0,0.33082515,0
2,0,0.46213996,0
2,1,0.572281,1
2,1,0.65711576,1
2,1,0.5749318,1
2,1,0.5748854,1
2,1,0.5473482,1
2,1,0.5577743,1
2,1,0.5602843,1
2,1,0.44534242,0
2,1,0.5740864,1
2,1,0.45221493,0
2,1,0.43811408,0
2,1,0.497815,0
2,1,0.51531434,1
2,1,0.5177597,1
2,1,0.44347528,0
2,1,0.7758559,1
2,1,0.7491021,1
2,1,0.75929385,1
2,1,0.8113248,1
2,1,0.76187503,1
2,1,0.5114807,1
2,1,0.7155881,1
2,1,0.7824574,1
2,1,0.7244097,1
2,1,0.5083984,1
2,1,0.61842024,1
2,1,0.77863044,1
2,1,0.4888439,0
2,1,0.34356904,0
2,1,0.6127888,1
2,1,0.47021624,0
2,1,0.69252217,1
2,1,0.3878299,0
2,1,0.59323233,1
2,1,0.79617184,1
2,1,0.45256734,0
2,1,0.41572994,0
2,1,0.4832272,0
2,1,0.62718415,1
2,1,0.29524297,0
2,1,0.34748358,0
2,1,0.37348247,0
2,1,0.38163254,0
2,1,0.6341336,1
2,1,0.78153527,1
2,1,0.67812264,1
2,1,0.5791737,1
2,1,0.8019261,1
2,1,0.6679454,1
2,1,0.37462115,0
2,1,0.56187826,1
2,1,0.7017231,1
2,1,0.71169066,1
2,1,0.43138555,0
2,1,0.48443094,0
2,1,0.56528145,1
2,1,0.3214461,0
2,1,0.33747965,0
2,1,0.72890717,1
2,1,0.363056,0
2,1,0.55131626,1
2,1,0.5050134,1
2,1,0.64289534,1
2,1,0.68076855,1
2,1,0.3787332,0
2,1,0.20382224,0
2,1,0.6634943,1
2,1,0.54010546,1
2,1,0.6129848,1
2,1,0.2829356,0
2,1,0.38403636,0
2,1,0.53782845,1
2,1,0.30163786,0
2,1,0.37412342,0
2,1,0.29435456,0
2,1,0.26971516,0
2,1,0.3124755,0
2,1,0.42880726,0
2,1,0.4607574,0
2,1,0.28523603,0
2,1,0.40468103,0
2,1,0.30367294,0
2,1,0.26191285,0
2,0,0.11583064,0
2,0,0.18563357,0
2,0,0.1817335,0
2,0,0.3148079,0
2,0,0.34419084,0
2,0,0.39898166,0
2,0,0.23393333,0
2,0,0.39561665,0
2,0,0.27177,0
2,0,0.18715604,0
2,0,0.25221875,0
2,0,0.19056737,0
2,0,0.20343298,0
2,0,0.28617927,0
2,0,0.41928515,0
2,0,0.2069064,0
2,0,0.26228952,0
2,0,0.20128922,0
2,0,0.07726545,0
2,0,0.2390702,0
2,0,0.12712215,0
2,0,0.19005014,0
2,0,0.22874512,0
2,0,0.2519872,0
2,0,0.24723674,0
2,0,0.13563408,0
2,0,0.14624126,0
2,0,0.13926724,0
2,0,0.2602371,0
2,0,0.19331361,0
2,0,0.27747566,0
2,0,0.33721134,0
2,0,0.24712743,0
2,0,0.25407177,0
2,0,0.07211034,0
2,0,0.18728903,0
2,0,0.21931046,0
2,0,0.4486902,0
2,0,0.500524,1
2,0,0.45665663,0
2,0,0.38803643,0
2,0,0.16109106,0
2,0,0.1446498,0
2,0,0.35330302,0
2,0,0.34898198,0
2,0,0.3136556,0
2,0,0.1741495,0
2,0,0.20097773,0
2,0,0.31365108,0
2,0,0.20778802,0
2,0,0.2414177,0
2,0,0.15757628,0
2,0,0.09464022,0
2,0,0.37527058,0
2,0,0.5148322,1
2,0,0.29041514,0
2,0,0.27256867,0
2,0,0.25396755,0
2,0,0.28830907,0
2,0,0.26050034,0
2,0,0.41171217,0
2,0,0.18549551,0
2,0,0.25556985,0
2,0,0.38694823,0
2,0,0.23962612,0
2,0,0.30029297,0
2,0,0.10104515,0
2,0,0.14509238,0
2,0,0.18486755,0
2,0,0.31343633,0
2,0,0.18245718,0
2,0,0.41950247,0
2,0,0.056211546,0
2,0,0.24005127,0
2,0,0.21606167,0
2,0,0.15983945,0
2,0,0.052520283,0
2,0,0.17309956,0
2,0,0.1864833,0
2,0,0.1416768,0
2,0,0.24950425,0
2,0,0.38244015,0
2,0,0.5486394,1
2,0,0.47945717,0
2,0,0.4896322,0
2,0,0.32647845,0
2,0,0.3945609,0
2,0,0.39299962,0
2,1,0.6263335,1
2,1,0.60895336,1
2,1,0.65079904,1
2,1,0.5278955,1
2,1,0.5760815,1
2,1,0.6710711,1
2,1,0.5549772,1
2,1,0.64067787,1
2,1,0.7504066,1
2,1,0.71740997,1
2,1,0.63501114,1
2,1,0.6036209,1
2,1,0.75862813,1
2,1,0.6929019,1
2,1,0.48164552,0
2,1,0.39771205,0
2,1,0.4500995,0
2,1,0.44735005,0
2,1,0.42582148,0
2,1,0.47345182,0
2,1,0.42391855,0
2,1,0.3705308,0
2,1,0.5654859,1
2,1,0.47124317,0
2,1,0.41400248,0
2,1,0.39921665,0
2,1,0.4613645,0
2,1,0.44237283,0
2,1,0.83815014,1
2,1,0.80130786,1
2,1,0.7456572,1
2,1,0.73209804,1
2,1,0.845816,1
2,1,0.84175915,1
2,1,0.8745483,1
2,1,0.79671407,1
2,1,0.8308434,1
2,1,0.8623392,1
2,1,0.8952185,1
2,1,0.85482734,1
2,1,0.8997176,1
2,1,0.8818412,1
2,1,0.8819549,1
2,1,0.87283885,1
2,1,0.8936184,1
2,1,0.9251155,1
2,1,0.9026732,1
2,1,0.88043773,1
2,1,0.8591785,1
2,1,0.8437858,1
2,1,0.7874013,1
2,1,0.85036546,1
2,1,0.8489755,1
2,1,0.8494635,1
2,1,0.7509059,1
2,1,0.7619062,1
2,1,0.41469657,0
2,1,0.54101783,1
2,1,0.4470263,0
2,1,0.5230141,1
2,1,0.49210176,0
2,1,0.5237978,1
2,1,0.57261914,1
2,1,0.65407705,1
2,0,0.69438064,1
2,0,0.8430539,1
2,0,0.56460965,1
2,0,0.3123029,0
2,0,0.44441268,0
2,0,0.23013191,0
2,0,0.32200098,0
2,0,0.32448086,0
2,0,0.49352643,0
2,0,0.20112817,0
2,0,0.31590292,0
2,0,0.24709126,0
2,0,0.20710781,0
2,0,0.38031343,0
2,0,0.22186032,0
2,1,0.64373547,1
2,1,0.6141897,1
2,1,0.6490875,1
2,1,0.6986709,1
2,1,0.83212304,1
2,1,0.6837696,1
2,1,0.83681947,1
2,1,0.7693395,1
2,1,0.82744193,1
2,1,0.80817705,1
2,1,0.78105474,1
2,1,0.86141783,1
2,1,0.8429595,1
2,1,0.8512798,1
2,1,0.8381008,1
2,1,0.60988677,1
2,1,0.47972518,0
2,1,0.547532,1
2,1,0.5190959,1
2,1,0.5526247,1
2,1,0.50722647,1
2,1,0.5231954,1
2,1,0.48152074,0
2,1,0.55752087,1
2,1,0.6117488,1
2,1,0.62892324,1
2,1,0.55188346,1
2,1,0.5859362,1
2,1,0.6151277,1
2,1,0.6099554,1
2,1,0.4991593,0
2,1,0.51853466,1
2,1,0.9586277,1
2,1,0.97357357,1
2,1,0.97084224,1
2,1,0.9679445,1
2,1,0.97339237,1
2,1,0.9722868,1
2,1,0.970707,1
2,1,0.97205555,1
2,1,0.98189914,1
2,1,0.97293484,1
2,1,0.98336065,1
2,1,0.974096,1
2,1,0.9701784,1
2,1,0.97623914,1
2,1,0.97138256,1
2,1,0.44439855,0
2,1,0.6121517,1
2,1,0.544515,1
2,1,0.5504748,1
2,1,0.6117269,1
2,1,0.44134256,0
2,1,0.57903105,1
2,1,0.65103173,1
2,1,0.4898198,0
2,1,0.63987094,1
2,1,0.6372567,1
2,1,0.58331543,1
2,1,0.7194384,1
2,1,0.7002004,1
2,1,0.54143006,1
2,1,0.641008,1
2,1,0.58669496,1
2,1,0.70133585,1
2,1,0.6143545,1
2,1,0.7115304,1
2,1,0.5291481,1
2,1,0.6083907,1
2,1,0.5849875,1
2,1,0.5576084,1
2,1,0.55473316,1
2,1,0.8467484,1
2,1,0.747886,1
2,1,0.8081613,1
2,1,0.7765815,1
2,1,0.81724983,1
2,1,0.7930062,1
2,1,0.87999004,1
2,1,0.94663215,1
2,1,0.69322914,1
2,1,0.85794353,1
2,1,0.82219976,1
2,1,0.9368706,1
2,1,0.8512555,1
2,1,0.7952555,1
2,1,0.9387957,1
2,1,0.8321524,1
2,1,0.9117619,1
2,1,0.9087088,1
2,1,0.9007708,1
2,1,0.7927857,1
2,1,0.7841131,1
2,1,0.8040689,1
2,0,0.5285586,1
2,0,0.6485312,1
2,0,0.54147255,1
2,0,0.48362374,0
2,0,0.48093012,0
2,0,0.44403848,0
2,0,0.55286586,1
2,0,0.46935564,0
2,0,0.4889439,0
2,0,0.5132733,1
2,0,0.59857094,1
2,0,0.5722636,1
2,0,0.52093565,1
2,0,0.5538841,1
2,0,0.53952515,1
2,0,0.5256038,1
2,0,0.5412884,1
2,0,0.4738158,0
2,0,0.47168744,0
2,0,0.49106777,0
2,0,0.5857679,1
2,0,0.5918348,1
2,0,0.55330294,1
2,0,0.5163626,1
2,0,0.46688932,0
2,0,0.4653435,0
2,0,0.4711897,0
2,0,0.56041265,1
2,0,0.5507126,1
2,0,0.5242952,1
2,0,0.66940033,1
2,0,0.5898016,1
2,0,0.6625479,1
2,0,0.6581604,1
2,0,0.63303983,1
2,0,0.5917311,1
2,0,0.51556855,1
2,0,0.62903905,1
2,0,0.5409361,1
2,0,0.5597511,1
2,0,0.592571,1
2,0,0.55961823,1
2,0,0.5650258,1
2,0,0.5884708,1
2,0,0.7257279,1
2,0,0.5869318,1
2,0,0.6071845,1
2,0,0.5861892,1
2,0,0.46824697,0
2,0,0.5738025,1
2,0,0.62884116,1
2,0,0.63873416,1
2,0,0.66401523,1
2,0,0.53730035,1
2,0,0.46316817,0
2,0,0.5579231,1
2,0,0.5764036,1
2,0,0.5456648,1
2,0,0.5889057,1
2,0,0.5694361,1
2,0,0.5485287,1
2,0,0.4656197,0
2,1,0.43086374,0
2,1,0.5358995,1
2,1,0.37722212,0
2,1,0.4967577,0
2,1,0.4451238,0
2,1,0.5751803,1
2,1,0.5812593,1
2,1,0.61447847,1
2,1,0.58183676,1
2,1,0.5914645,1
2,1,0.69793886,1
2,1,0.63135654,1
2,1,0.64171916,1
2,1,0.42956522,0
2,1,0.4955263,0
2,1,0.52555627,1
2,1,0.5595848,1
2,1,0.47260648,0
2,1,0.42956662,0
2,1,0.4089199,0
2,1,0.3765359,0
2,1,0.4100253,0
2,1,0.52216476,1
2,1,0.44739476,0
2,1,0.42826298,0
2,1,0.42891428,0
2,1,0.39632466,0
2,1,0.44774866,0
2,1,0.39298978,0
2,1,0.46384016,0
2,1,0.4507055,0
2,1,0.61637634,1
2,1,0.57368845,1
2,1,0.59944326,1
2,1,0.5547995,1
2,1,0.46557853,0
2,1,0.4882247,0
2,1,0.54082936,1
2,1,0.51804864,1
2,1,0.55516773,1
2,1,0.68972445,1
2,1,0.6113504,1
2,1,0.58295846,1
2,1,0.5811867,1
2,1,0.70447654,1
2,1,0.67903996,1
2,1,0.69752395,1
2,1,0.68239605,1
2,1,0.5975329,1
2,1,0.71102023,1
2,1,0.5504201,1
2,1,0.63500017,1
2,1,0.515663,1
2,1,0.6527435,1
2,1,0.7064384,1
2,1,0.544904,1
2,1,0.55972755,1
2,1,0.54803133,1
2,1,0.44253284,0
2,1,0.44893023,0
2,1,0.41776875,0
2,1,0.5626782,1
2,1,0.51432055,1
2,1,0.5919526,1
2,1,0.5073214,1
2,1,0.60770565,1
2,1,0.5658122,1
2,1,0.48445866,0
2,1,0.6554606,1
2,1,0.6594631,1
2,1,0.6259048,1
2,1,0.60440296,1
2,1,0.70771474,1
2,1,0.58911794,1
2,1,0.5896071,1
2,1,0.59614,1
2,1,0.565112,1
2,1,0.4580512,0
2,1,0.4072951,0
2,1,0.46341014,0
2,1,0.47405818,0
2,1,0.54444975,1
2,1,0.6123511,1
2,1,0.5886454,1
2,1,0.5811246,1
2,1,0.57004255,1
2,1,0.5116177,1
2,1,0.51330227,1
2,1,0.53151286,1
2,1,0.54767954,1
2,1,0.6876239,1
2,1,0.5486254,1
2,1,0.6452015,1
2,1,0.6118199,1
2,1,0.57687724,1
2,1,0.5922066,1
2,1,0.54796636,1
2,1,0.63921285,1
2,1,0.64547586,1
2,1,0.5679585,1
2,1,0.58916205,1
2,1,0.5680339,1
2,1,0.6157289,1
2,1,0.6503692,1
2,1,0.659151,1
2,1,0.6672606,1
2,1,0.53787154,1
2,1,0.61752886,1
2,1,0.68304133,1
2,1,0.6063313,1
2,1,0.743218,1
2,1,0.5413869,1
2,1,0.583766,1
2,1,0.5884383,1
2,1,0.61859095,1
2,1,0.4733085,0
2,1,0.6343863,1
2,1,0.5275047,1
2,1,0.6901454,1
2,1,0.6156419,1
2,1,0.6759348,1
2,1,0.6604984,1
2,1,0.65959936,1
2,1,0.76217544,1
2,1,0.7274498,1
2,1,0.69543743,1
2,1,0.4854318,0
2,1,0.51460713,1
2,1,0.65082496,1
2,1,0.6311936,1
2,1,0.47474474,0
2,1,0.50888014,1
2,1,0.62193006,1
2,1,0.54761076,1
2,1,0.4510145,0
2,1,0.61693364,1
2,1,0.6339234,1
2,1,0.62666595,1
2,1,0.65177685,1
2,1,0.5539031,1
2,1,0.65507174,1
2,1,0.4771127,0
2,1,0.5900337,1
2,1,0.66347283,1
2,1,0.4242789,0
2,1,0.47316664,0
2,1,0.5573405,1
2,1,0.38664427,0
2,1,0.515122,1
2,1,0.4609176,0
2,1,0.5698574,1
2,1,0.48665515,0
2,1,0.4503307,0
2,1,0.5575015,1
2,1,0.6292691,1
2,1,0.54026884,1
2,1,0.5526664,1
2,1,0.59774,1
2,1,0.5376701,1
2,1,0.5695315,1
2,1,0.5179894,1
2,1,0.6331667,1
2,1,0.6432864,1
2,1,0.6607792,1
2,1,0.6072271,1
2,1,0.68529093,1
2,1,0.7331162,1
2,1,0.6708943,1
2,1,0.7184221,1
2,1,0.78516394,1
2,1,0.78443176,1
2,1,0.75512815,1
2,1,0.7263131,1
2,1,0.5947435,1
2,1,0.4701842,0
2,1,0.5404473,1
2,1,0.49654937,0
2,1,0.5310229,1
2,1,0.50962317,1
2,1,0.5003272,1
2,1,0.47422948,0
2,1,0.5465535,1
2,1,0.5823898,1
2,1,0.60734665,1
2,1,0.5391892,1
2,1,0.55406326,1
2,1,0.5939206,1
2,1,0.5839201,1
2,1,0.48051068,0
2,1,0.49906188,0
2,1,0.5874245,1
2,1,0.5817743,1
2,1,0.5404874,1
2,1,0.53907126,1
2,1,0.82213545,1
2,1,0.88052654,1
2,1,0.802905,1
2,1,0.85848093,1
2,1,0.759499,1
2,1,0.85828054,1
2,1,0.84032464,1
2,1,0.9114772,1
2,1,0.9532372,1
2,1,0.7911833,1
2,1,0.8183057,1
2,1,0.83363855,1
2,1,0.83600926,1
2,1,0.879471,1
2,1,0.9358778,1
2,1,0.9330017,1
2,1,0.909404,1
2,1,0.84553224,1
2,1,0.90543616,1
2,1,0.9355373,1
2,1,0.85888284,1
2,1,0.9214412,1
2,1,0.83148867,1
2,1,0.8821157,1
2,1,0.92720264,1
2,1,0.8122301,1
2,1,0.69880575,1
2,1,0.67304146,1
2,1,0.6058324,1
2,1,0.68132335,1
2,1,0.6022702,1
2,1,0.7053019,1
2,1,0.779363,1
2,1,0.5968169,1
2,1,0.6448645,1
2,1,0.6705088,1
2,1,0.8203207,1
2,1,0.71698254,1
2,1,0.76984227,1
2,1,0.8093039,1
2,1,0.68448275,1
2,1,0.6792836,1
2,1,0.77058417,1
2,1,0.7666594,1
2,1,0.72932255,1
2,1,0.66673076,1
2,1,0.78724116,1
2,1,0.7457287,1
2,1,0.7334202,1
2,1,0.7893272,1
2,1,0.75697994,1
3,1,0.9324314,1
3,1,0.89232886,1
3,1,0.9357219,1
3,1,0.9526011,1
3,1,0.9510933,1
3,1,0.9380854,1
3,1,0.93366545,1
3,1,0.94891727,1
3,1,0.94273865,1
3,1,0.8718146,1
3,1,0.90673673,1
3,1,0.8663694,1
3,1,0.90833056,1
3,1,0.942262,1
3,1,0.93647254,1
3,1,0.92458946,1
3,1,0.9103554,1
3,1,0.9373842,1
3,1,0.9252797,1
3,1,0.93556607,1
3,1,0.90391356,1
3,1,0.94372165,1
3,1,0.9158995,1
3,1,0.92607605,1
3,1,0.9568025,1
3,1,0.96102947,1
3,1,0.95693415,1
3,1,0.9053567,1
3,1,0.96025324,1
3,1,0.9420517,1
3,1,0.9433318,1
3,1,0.95707107,1
3,1,0.92792517,1
3,1,0.8175745,1
3,1,0.7816719,1
3,1,0.8051622,1
3,1,0.76856834,1
3,1,0.8051098,1
3,1,0.83962274,1
3,1,0.8097018,1
3,1,0.8059976,1
3,1,0.7406492,1
3,1,0.825141,1
3,1,0.80381423,1
3,1,0.70994836,1
3,1,0.78279614,1
3,1,0.81746095,1
3,1,0.9062288,1
3,1,0.94668585,1
3,1,0.90405005,1
3,1,0.9331792,1
3,1,0.9605489,1
3,1,0.9441488,1
3,1,0.9482132,1
3,1,0.940576,1
3,1,0.9539192,1
3,1,0.93549293,1
3,1,0.9700401,1
3,1,0.9270167,1
3,1,0.9688116,1
3,1,0.9378533,1
3,1,0.95905703,1
3,1,0.9594899,1
3,1,0.9663058,1
3,1,0.970648,1
3,1,0.9512925,1
3,1,0.98048705,1
3,1,0.9719648,1
3,1,0.9728286,1
3,1,0.9813592,1
3,1,0.9625828,1
3,0,0.70118237,1
3,0,0.773008,1
3,0,0.6547387,1
3,0,0.5803021,1
3,0,0.7337395,1
3,0,0.6461691,1
3,0,0.6194299,1
3,0,0.68309253,1
3,0,0.79696786,1
3,0,0.6806714,1
3,0,0.636244,1
3,0,0.70979065,1
3,0,0.5779172,1
3,0,0.67458045,1
3,0,0.7664842,1
3,1,0.9316815,1
3,1,0.89047843,1
3,1,0.9272666,1
3,1,0.9510661,1
3,1,0.9471908,1
3,1,0.93069476,1
3,1,0.93252504,1
3,1,0.9471089,1
3,1,0.9397096,1
3,1,0.94661814,1
3,1,0.92686343,1
3,1,0.9506646,1
3,1,0.92557293,1
3,1,0.9338845,1
3,1,0.96513414,1
3,1,0.9711792,1
3,1,0.96691126,1
3,1,0.93022335,1
3,1,0.97209555,1
3,1,0.958057,1
3,1,0.9592555,1
3,1,0.9722968,1
3,1,0.9442625,1
3,1,0.89317524,1
3,1,0.93231297,1
3,1,0.89195627,1
3,1,0.92611676,1
3,1,0.9517251,1
3,1,0.94826114,1
3,1,0.9363032,1
3,1,0.93505985,1
3,1,0.9450068,1
3,1,0.93842393,1
3,1,0.9489644,1
3,1,0.9343209,1
3,1,0.95585537,1
3,1,0.9267331,1
3,1,0.95987284,1
3,1,0.9502779,1
3,1,0.9567273,1
3,1,0.9497556,1
3,1,0.9204776,1
3,1,0.9638986,1
3,1,0.9671737,1
3,1,0.9660562,1
3,1,0.9747638,1
3,1,0.9566664,1
3,1,0.98370934,1
3,1,0.9838436,1
3,1,0.9744922,1
3,1,0.9880163,1
3,1,0.97210795,1
3,1,0.98324066,1
3,1,0.9719,1
3,1,0.98600405,1
3,1,0.9612488,1
3,1,0.9769638,1
3,1,0.96296203,1
3,1,0.9581248,1
3,1,0.9524008,1
3,1,0.9494253,1
3,1,0.8936799,1
3,1,0.9143311,1
3,1,0.9366252,1
3,1,0.89604646,1
3,1,0.9348377,1
3,1,0.95895684,1
3,1,0.9469402,1
3,1,0.9523771,1
3,1,0.94245,1
3,1,0.94781154,1
3,1,0.9389502,1
3,1,0.9680826,1
3,1,0.95470583,1
3,1,0.9705903,1
3,1,0.9508375,1
3,1,0.9568215,1
3,1,0.9591853,1
3,1,0.9529124,1
3,1,0.9698906,1
3,1,0.9377694,1
3,1,0.9827591,1
3,1,0.9772125,1
3,1,0.9678207,1
3,1,0.98097736,1
3,1,0.95507807,1
3,1,0.8995424,1
3,1,0.9266639,1
3,1,0.89204544,1
3,1,0.9294838,1
3,1,0.9441378,1
3,1,0.92660093,1
3,1,0.9417695,1
3,1,0.89983255,1
3,1,0.9181692,1
3,1,0.9039151,1
3,1,0.92500114,1
3,1,0.895774,1
3,1,0.9264328,1
3,1,0.930509,1
3,1,0.920274,1
3,1,0.9647106,1
3,1,0.95464534,1
3,1,0.96586823,1
3,1,0.9306631,1
3,1,0.96375483,1
3,1,0.96075624,1
3,1,0.9580561,1
3,1,0.9667428,1
3,1,0.9441543,1
3,1,0.93855655,1
3,1,0.8785997,1
3,1,0.95145625,1
3,1,0.95340115,1
3,1,0.9544855,1
3,1,0.9395659,1
3,1,0.93517673,1
3,1,0.9488872,1
3,1,0.9446501,1
3,1,0.9400155,1
3,1,0.930243,1
3,1,0.95807713,1
3,1,0.9266579,1
3,1,0.9380009,1
3,1,0.96220315,1
3,1,0.96708906,1
3,1,0.9616406,1
3,1,0.9201541,1
3,1,0.97059447,1
3,1,0.95668125,1
3,1,0.9608651,1
3,1,0.96720916,1
3,1,0.9504935,1
3,1,0.93772906,1
3,1,0.9028234,1
3,1,0.937172,1
3,1,0.9494565,1
3,1,0.9323507,1
3,1,0.9519165,1
3,1,0.91668135,1
3,1,0.929713,1
3,1,0.91136587,1
3,1,0.9468483,1
3,1,0.9171201,1
3,1,0.9410441,1
3,1,0.9316056,1
3,1,0.956397,1
3,1,0.9556827,1
3,1,0.95315105,1
3,1,0.96156186,1
3,1,0.94158256,1
3,1,0.9779717,1
3,1,0.97009516,1
3,1,0.96538293,1
3,1,0.9757125,1
3,1,0.95754254,1
3,1,0.93281233,1
3,1,0.9003371,1
3,1,0.9346324,1
3,1,0.9460973,1
3,1,0.9301947,1
3,1,0.9454762,1
3,1,0.90476495,1
3,1,0.92314404,1
3,1,0.9042611,1
3,1,0.9227901,1
3,1,0.9029798,1
3,1,0.93260556,1
3,1,0.9381275,1
3,1,0.9257308,1
3,1,0.96997786,1
3,1,0.9645667,1
3,1,0.97217,1
3,1,0.94435996,1
3,1,0.96902823,1
3,1,0.9655226,1
3,1,0.96153706,1
3,1,0.9694093,1
3,1,0.9481965,1
3,1,0.9426373,1
3,1,0.91176605,1
3,1,0.9420847,1
3,1,0.9555623,1
3,1,0.9495193,1
3,1,0.94887894,1
3,1,0.9189863,1
3,1,0.90928155,1
3,1,0.9192285,1
3,1,0.93568146,1
3,1,0.92416185,1
3,1,0.9482312,1
3,1,0.94113415,1
3,1,0.95802754,1
3,1,0.95867264,1
3,1,0.9570191,1
3,1,0.96859926,1
3,1,0.9450305,1
3,1,0.98151267,1
3,1,0.97621685,1
3,1,0.96645474,1
3,1,0.9796525,1
3,1,0.95522594,1
3,1,0.8757866,1
3,1,0.89887285,1
3,1,0.86968434,1
3,1,0.9121101,1
3,1,0.94173163,1
3,1,0.92969,1
3,1,0.9308498,1
3,1,0.91800535,1
3,1,0.92836213,1
3,1,0.9022137,1
3,1,0.9207759,1
3,1,0.8900239,1
3,1,0.930856,1
3,1,0.9353768,1
3,1,0.90475655,1
3,1,0.9625782,1
3,1,0.93770397,1
3,1,0.95904124,1
3,1,0.9093218,1
3,1,0.9444948,1
3,1,0.946917,1
3,1,0.94250304,1
3,1,0.95793957,1
3,1,0.9334182,1
3,0,0.6969147,1
3,0,0.8039485,1
3,0,0.6873371,1
3,0,0.6762144,1
3,0,0.83224374,1
3,0,0.7665535,1
3,0,0.7342499,1
3,0,0.7641017,1
3,0,0.7374956,1
3,0,0.6806261,1
3,0,0.6687649,1
3,0,0.61747926,1
3,0,0.6434471,1
3,0,0.7691906,1
3,0,0.7940766,1
3,0,0.7330525,1
3,0,0.6897648,1
3,0,0.8078859,1
3,0,0.7714058,1
3,0,0.71610874,1
3,0,0.71196705,1
3,0,0.6950129,1
3,0,0.6936196,1
3,0,0.64837295,1
3,0,0.67429787,1
3,0,0.69972205,1
3,0,0.67756414,1
3,0,0.7207491,1
3,0,0.6987612,1
3,0,0.6376409,1
3,0,0.73073924,1
3,0,0.75220585,1
3,0,0.77036774,1
3,0,0.80537796,1
3,0,0.72164136,1
3,0,0.7518375,1
3,0,0.7786003,1
3,0,0.74772614,1
3,0,0.6451175,1
3,0,0.7390233,1
3,1,0.78741163,1
3,1,0.7391812,1
3,1,0.73358965,1
3,1,0.76681465,1
3,1,0.7070606,1
3,1,0.76434624,1
3,1,0.74852794,1
3,1,0.77367634,1
3,1,0.79209703,1
3,1,0.8221872,1
3,1,0.8724607,1
3,0,0.7288829,1
3,0,0.6621355,1
3,0,0.8044932,1
3,0,0.7541464,1
3,0,0.76703364,1
3,0,0.7488001,1
3,0,0.8285587,1
3,0,0.77817255,1
3,0,0.76870775,1
3,0,0.77400863,1
3,0,0.719557,1
3,0,0.7629714,1
3,0,0.8291421,1
3,0,0.80813694,1
3,0,0.73761344,1
3,0,0.7584542,1
3,0,0.77423066,1
3,0,0.74199355,1
3,0,0.7172804,1
3,0,0.6689859,1
3,0,0.81796914,1
3,0,0.7464577,1
3,0,0.83491874,1
3,0,0.8202568,1
3,0,0.8647392,1
3,0,0.7845366,1
3,0,0.844396,1
3,0,0.85657984,1
3,0,0.8893332,1
3,0,0.8983752,1
3,0,0.9016403,1
3,0,0.91961694,1
3,0,0.8531579,1
3,0,0.85366946,1
3,0,0.90602714,1
3,0,0.8608538,1
3,0,0.8632561,1
3,0,0.90923446,1
3,0,0.899575,1
3,1,0.91614556,1
3,1,0.87517697,1
3,1,0.91568106,1
3,1,0.9453333,1
3,1,0.928036,1
3,1,0.9344381,1
3,1,0.91611207,1
3,1,0.9452422,1
3,1,0.92266256,1
3,1,0.9622129,1
3,1,0.9158501,1
3,1,0.96459055,1
3,1,0.9295008,1
3,1,0.9514017,1
3,1,0.95152867,1
3,1,0.95307916,1
3,1,0.95966125,1
3,1,0.9354842,1
3,1,0.9676288,1
3,1,0.96380967,1
3,1,0.9559643,1
3,1,0.97397554,1
3,1,0.94684494,1
3,1,0.93606436,1
3,1,0.89904803,1
3,1,0.9332947,1
3,1,0.9562796,1
3,1,0.9470855,1
3,1,0.9464307,1
3,1,0.94192535,1
3,1,0.9446081,1
3,1,0.9290719,1
3,1,0.96143985,1
3,1,0.9373247,1
3,1,0.9576344,1
3,1,0.9506027,1
3,1,0.95950544,1
3,1,0.9542227,1
3,1,0.96060103,1
3,1,0.9705931,1
3,1,0.9490391,1
3,1,0.97944003,1
3,1,0.96914285,1
3,1,0.9677472,1
3,1,0.97771204,1
3,1,0.9507033,1
3,1,0.9391545,1
3,1,0.940307,1
3,1,0.940745,1
3,1,0.94541866,1
3,1,0.94909304,1
3,1,0.95078945,1
3,1,0.91944695,1
3,1,0.91049844,1
3,1,0.9177132,1
3,1,0.92052925,1
3,1,0.9043801,1
3,1,0.928989,1
3,1,0.9429854,1
3,1,0.92198694,1
3,1,0.97011787,1
3,1,0.95321333,1
3,1,0.9696434,1
3,1,0.92864716,1
3,1,0.964505,1
3,1,0.9637964,1
3,1,0.96075934,1
3,1,0.9745198,1
3,1,0.95349675,1
3,1,0.9312381,1
3,1,0.8944733,1
3,1,0.92941695,1
3,1,0.9540718,1
3,1,0.94484776,1
3,1,0.9447132,1
3,1,0.9367964,1
3,1,0.94156384,1
3,1,0.9268396,1
3,1,0.95804495,1
3,1,0.9317737,1
3,1,0.95552236,1
3,1,0.94779515,1
3,1,0.95651424,1
3,1,0.95411915,1
3,1,0.95646995,1
3,1,0.9714186,1
3,1,0.9447441,1
3,1,0.9792275,1
3,1,0.9731986,1
3,1,0.9653235,1
3,1,0.9776725,1
3,1,0.94750416,1
3,0,0.67962307,1
3,0,0.7479728,1
3,0,0.7055106,1
3,0,0.7860213,1
3,0,0.6575589,1
3,0,0.79149914,1
3,0,0.80042994,1
3,0,0.75091666,1
3,0,0.82201606,1
3,0,0.7598173,1
3,0,0.644056,1
3,0,0.7374378,1
3,0,0.8129232,1
3,0,0.86824715,1
3,0,0.8591317,1
3,0,0.7695181,1
3,0,0.8228628,1
3,0,0.7736678,1
3,0,0.68166494,1
3,0,0.81598973,1
3,0,0.8291296,1
3,0,0.7030331,1
3,0,0.6580371,1
3,0,0.7451949,1
3,0,0.7064104,1
3,0,0.757768,1
3,0,0.70473,1
3,0,0.55666304,1
3,0,0.6611352,1
3,0,0.6566236,1
3,0,0.7616206,1
3,0,0.68331444,1
3,0,0.535085,1
3,1,0.89273864,1
3,1,0.9316982,1
3,1,0.89869326,1
3,1,0.9278395,1
3,1,0.954163,1
3,1,0.94548076,1
3,1,0.93925124,1
3,1,0.9367344,1
3,1,0.9346725,1
3,1,0.9222103,1
3,1,0.95765746,1
3,1,0.93106985,1
3,1,0.95591986,1
3,1,0.9462586,1
3,1,0.95257425,1
3,1,0.95183516,1
3,1,0.9525307,1
3,1,0.9656025,1
3,1,0.9437152,1
3,1,0.97966945,1
3,1,0.97341645,1
3,1,0.9640475,1
3,1,0.97793895,1
3,1,0.95183784,1
3,1,0.93855345,1
3,1,0.9011442,1
3,1,0.9349366,1
3,1,0.95814717,1
3,1,0.94931525,1
3,1,0.94900936,1
3,1,0.9425541,1
3,1,0.94488585,1
3,1,0.9301365,1
3,1,0.96347314,1
3,1,0.93877196,1
3,1,0.9597606,1
3,1,0.9477751,1
3,1,0.95717895,1
3,1,0.9566971,1
3,1,0.955321,1
3,1,0.97015834,1
3,1,0.94523746,1
3,1,0.982535,1
3,1,0.9777425,1
3,1,0.9681871,1
3,1,0.98096037,1
3,1,0.9561717,1
3,1,0.92933375,1
3,1,0.9217277,1
3,1,0.935803,1
3,1,0.9270148,1
3,1,0.9327215,1
3,1,0.92620367,1
3,1,0.93436944,1
3,1,0.934318,1
3,1,0.9543367,1
3,1,0.94631654,1
3,1,0.9411601,1
3,1,0.9446042,1
3,1,0.9160897,1
3,1,0.9644019,1
3,1,0.9562122,1
3,1,0.94539875,1
3,1,0.9628458,1
3,1,0.949861,1
3,1,0.95692056,1
3,1,0.949148,1
3,0,0.9567285,1
3,0,0.98140657,1
3,0,0.9920678,1
3,0,0.970698,1
3,0,0.80165786,1
3,0,0.8904926,1
3,0,0.9643056,1
3,0,0.9617562,1
3,0,0.9227667,1
3,0,0.95871174,1
3,0,0.9591159,1
3,0,0.9662461,1
3,0,0.96555096,1
3,0,0.9531778,1
3,0,0.9806912,1
3,0,0.9694616,1
3,0,0.9801048,1
3,0,0.97816885,1
3,1,0.96548194,1
3,1,0.9854408,1
3,1,0.96701604,1
3,1,0.98183906,1
3,1,0.95828617,1
3,1,0.98250234,1
3,1,0.9451377,1
3,1,0.9724639,1
3,1,0.9451791,1
3,1,0.94607794,1
3,1,0.9359435,1
3,1,0.9306406,1
3,1,0.85477805,1
3,1,0.8887361,1
3,1,0.9625751,1
3,1,0.9288128,1
3,1,0.9484494,1
3,1,0.9377059,1
3,1,0.93423975,1
3,1,0.9458774,1
3,1,0.7638733,1
3,1,0.83055294,1
3,1,0.8047446,1
3,1,0.84740007,1
3,1,0.90583235,1
3,1,0.877893,1
3,1,0.87993205,1
3,1,0.8270872,1
3,1,0.8876258,1
3,1,0.8493167,1
3,1,0.8677205,1
3,1,0.83436084,1
3,1,0.8989469,1
3,1,0.8320392,1
3,1,0.84982044,1
3,1,0.8886452,1
3,1,0.857825,1
3,1,0.89899397,1
3,1,0.9291103,1
3,1,0.92271286,1
3,1,0.9088687,1
3,1,0.87876755,1
3,1,0.9243026,1
3,1,0.9146056,1
3,1,0.9069807,1
3,1,0.8770831,1
3,1,0.91405886,1
3,1,0.8959331,1
3,1,0.8784108,1
3,1,0.94416004,1
3,1,0.94235665,1
3,1,0.92269546,1
3,1,0.8386665,1
3,1,0.9427993,1
3,1,0.91847324,1
3,1,0.9338952,1
3,1,0.96785617,1
3,1,0.9298507,1
3,1,0.9023298,1
3,1,0.9360652,1
3,1,0.89567566,1
3,1,0.93504286,1
3,1,0.95725507,1
3,1,0.94337887,1
3,1,0.9453176,1
3,1,0.93362045,1
3,1,0.9546041,1
3,1,0.93863195,1
3,1,0.97074866,1
3,1,0.93217194,1
3,1,0.97118574,1
3,1,0.9409113,1
3,1,0.9608585,1
3,1,0.9588411,1
3,1,0.9612943,1
3,1,0.96575224,1
3,1,0.9464102,1
3,1,0.9753053,1
3,1,0.9698935,1
3,1,0.9655658,1
3,1,0.97959304,1
3,1,0.95220155,1
3,0,0.8529383,1
3,0,0.69899106,1
3,0,0.7926005,1
3,0,0.8619649,1
3,0,0.83235246,1
3,0,0.75338215,1
3,0,0.8496753,1
3,0,0.84864295,1
3,0,0.8300491,1
3,0,0.8835374,1
3,0,0.8807875,1
3,0,0.8831802,1
3,0,0.878368,1
3,0,0.7903371,1
3,0,0.73073435,1
3,0,0.7618867,1
3,0,0.7102244,1
3,0,0.67741525,1
3,0,0.63843054,1
3,0,0.75412303,1
3,0,0.63637394,1
3,0,0.7246866,1
3,0,0.57991266,1
3,0,0.62045467,1
3,0,0.7496417,1
3,0,0.7871221,1
3,0,0.7133232,1
3,0,0.78940296,1
3,0,0.80172735,1
3,0,0.6959831,1
3,0,0.7620231,1
3,0,0.6134875,1
3,1,0.9023298,1
3,1,0.9360652,1
3,1,0.89567566,1
3,1,0.93504286,1
3,1,0.95725507,1
3,1,0.94337887,1
3,1,0.9453176,1
3,1,0.93362045,1
3,1,0.9546041,1
3,1,0.93863195,1
3,1,0.97074866,1
3,1,0.93217194,1
3,1,0.97118574,1
3,1,0.9409113,1
3,1,0.9608585,1
3,1,0.9588411,1
3,1,0.9612943,1
3,1,0.96575224,1
3,1,0.9464102,1
3,1,0.9753053,1
3,1,0.9698935,1
3,1,0.9655658,1
3,1,0.97959304,1
3,1,0.95220155,1
3,1,0.9023298,1
3,1,0.9360652,1
3,1,0.89567566,1
3,1,0.93504286,1
3,1,0.95725507,1
3,1,0.94337887,1
3,1,0.9453176,1
3,1,0.93362045,1
3,1,0.9546041,1
3,1,0.93863195,1
3,1,0.97074866,1
3,1,0.93217194,1
3,1,0.97118574,1
3,1,0.9409113,1
3,1,0.9608585,1
3,1,0.9588411,1
3,1,0.9612943,1
3,1,0.96575224,1
3,1,0.9464102,1
3,1,0.9753053,1
3,1,0.9698935,1
3,1,0.9655658,1
3,1,0.97959304,1
3,1,0.95220155,1
3,1,0.96832967,1
3,1,0.9593603,1
3,1,0.9841021,1
3,1,0.94627184,1
3,1,0.978782,1
3,1,0.955115,1
3,1,0.95678097,1
3,1,0.94669354,1
3,1,0.94548833,1
3,1,0.9012815,1
3,1,0.9194582,1
3,1,0.9716268,1
3,1,0.9471153,1
3,1,0.9592521,1
3,1,0.95336336,1
3,1,0.95313305,1
3,1,0.95794386,1
3,1,0.96045566,1
3,1,0.97849864,1
3,1,0.9781844,1
3,1,0.9735093,1
3,1,0.9711944,1
3,1,0.9752906,1
3,1,0.9665187,1
3,1,0.97372025,1
3,1,0.92528826,1
3,1,0.9710226,1
3,1,0.96066284,1
3,1,0.9379563,1
3,1,0.96394634,1
3,1,0.8880457,1
3,1,0.85382366,1
3,1,0.64079887,1
3,1,0.6525006,1
3,1,0.7913035,1
3,1,0.85118634,1
3,1,0.79098696,1
3,1,0.8724991,1
3,1,0.7569701,1
3,1,0.7854,1
3,1,0.8291979,1
3,1,0.851914,1
3,1,0.7748225,1
3,1,0.89214945,1
3,1,0.7530521,1
3,1,0.7718661,1
3,1,0.7779416,1
3,1,0.83614075,1
3,1,0.7771231,1
3,1,0.82828945,1
3,1,0.80049753,1
3,1,0.7941542,1
3,1,0.9110735,1
3,1,0.823534,1
3,1,0.79669225,1
3,1,0.86702424,1
3,1,0.7409227,1
3,1,0.8082628,1
3,1,0.87045103,1
3,1,0.7183276,1
3,1,0.78044266,1
3,1,0.81607103,1
3,1,0.8326554,1
3,1,0.748993,1
3,1,0.8509361,1
3,1,0.7988611,1
3,1,0.81170094,1
3,1,0.8863519,1
3,1,0.8092234,1
3,1,0.80225766,1
3,1,0.8134945,1
3,1,0.778285,1
3,1,0.85001683,1
3,1,0.6733801,1
3,1,0.7961641,1
3,1,0.67511743,1
3,1,0.80307645,1
3,1,0.85590494,1
3,1,0.77363414,1
3,1,0.71366465,1
3,1,0.7811668,1
3,1,0.7106137,1
3,1,0.5547864,1
3,1,0.7326429,1
3,1,0.75730973,1
3,1,0.7818007,1
3,1,0.81681544,1
3,1,0.80068207,1
3,1,0.79035306,1
3,1,0.8448163,1
3,0,0.823313,1
3,0,0.82609123,1
3,0,0.77405953,1
3,0,0.79122645,1
3,0,0.8129815,1
3,0,0.81270415,1
3,0,0.85390353,1
3,0,0.7834328,1
3,0,0.883111,1
3,0,0.8007672,1
3,0,0.837611,1
3,0,0.8481891,1
3,0,0.8324233,1
3,0,0.8032588,1
3,0,0.78602,1
3,0,0.6773451,1
3,0,0.7674227,1
3,0,0.80439806,1
3,0,0.71092993,1
3,0,0.6306428,1
3,0,0.817561,1
3,0,0.64024,1
3,0,0.71324664,1
3,0,0.69440097,1
3,0,0.6901538,1
3,0,0.74952507,1
3,0,0.7360424,1
3,0,0.7371096,1
3,0,0.82815385,1
3,0,0.81730145,1
3,0,0.5869365,1
3,0,0.7404393,1
3,0,0.82021,1
3,0,0.681756,1
3,0,0.75021875,1
3,0,0.778016,1
3,0,0.8175555,1
3,0,0.74494344,1
3,0,0.69187236,1
3,0,0.850724,1
3,0,0.9225161,1
3,0,0.86651343,1
3,0,0.8005538,1
3,0,0.9105622,1
3,0,0.87883294,1
3,0,0.7610815,1
3,0,0.7975779,1
3,0,0.8794059,1
3,0,0.89011467,1
3,0,0.48447126,0
3,0,0.73837286,1
3,0,0.9335862,1
3,0,0.7963321,1
3,0,0.8403073,1
3,0,0.90555954,1
3,0,0.847824,1
3,0,0.49904782,0
3,0,0.8504369,1
3,0,0.72117704,1
3,0,0.7681015,1
3,1,0.9444953,1
3,1,0.9575416,1
3,1,0.94605607,1
3,1,0.9753949,1
3,1,0.9379594,1
3,1,0.9711657,1
3,1,0.93702847,1
3,1,0.9626237,1
3,1,0.9621357,1
3,1,0.9599195,1
3,1,0.9680223,1
3,1,0.9443263,1
3,1,0.98361313,1
3,1,0.9795767,1
3,1,0.932093,1
3,1,0.8948766,1
3,1,0.9285315,1
3,1,0.95737404,1
3,1,0.9434036,1
3,1,0.94679165,1
3,1,0.9306502,1
3,1,0.9527792,1
3,1,0.93384933,1
3,1,0.9686111,1
3,1,0.9240481,1
3,1,0.97019225,1
3,1,0.9387991,1
3,1,0.9617143,1
3,1,0.95758396,1
3,1,0.9596912,1
3,1,0.9643275,1
3,1,0.9412456,1
3,1,0.9712929,1
3,1,0.96524894,1
3,1,0.9642246,1
3,1,0.9741779,1
3,1,0.94981116,1
3,1,0.9011355,1
3,1,0.93460274,1
3,1,0.89929014,1
3,1,0.92936116,1
3,1,0.9580871,1
3,1,0.94636714,1
3,1,0.94644403,1
3,1,0.93727183,1
3,1,0.95335954,1
3,1,0.94314873,1
3,1,0.9717352,1
3,1,0.9312063,1
3,1,0.97106713,1
3,1,0.9379161,1
3,1,0.9618513,1
3,1,0.6905369,1
3,1,0.7462399,1
3,1,0.8167564,1
3,1,0.7764841,1
3,1,0.83926094,1
3,1,0.79128313,1
3,1,0.8016828,1
3,1,0.752635,1
3,1,0.7976447,1
3,1,0.7153759,1
3,1,0.8324477,1
3,1,0.8440083,1
3,1,0.79173213,1
3,1,0.8253945,1
3,1,0.7726154,1
3,1,0.6864339,1
3,1,0.6767303,1
3,1,0.77007145,1
3,1,0.72017264,1
3,1,0.7111779,1
3,1,0.7383817,1
3,1,0.7751409,1
3,1,0.680255,1
3,0,0.747263,1
3,0,0.7583027,1
3,0,0.79063684,1
3,0,0.7567356,1
3,0,0.7456053,1
3,0,0.79136175,1
3,0,0.73134184,1
3,0,0.7765919,1
3,0,0.78504884,1
3,0,0.81257015,1
3,0,0.8198494,1
3,0,0.83680546,1
3,0,0.88730985,1
3,0,0.82547206,1
3,0,0.86819,1
3,0,0.8294082,1
3,0,0.80284184,1
3,0,0.83727545,1
3,0,0.82100683,1
3,0,0.78316206,1
3,0,0.8416419,1
3,0,0.7770721,1
3,0,0.7821189,1
3,0,0.7892538,1
3,0,0.81202734,1
3,0,0.7844513,1
3,0,0.74911237,1
3,0,0.7825735,1
3,0,0.7456234,1
3,0,0.76647943,1
3,0,0.7524443,1
3,0,0.7406567,1
3,0,0.79450727,1
3,0,0.7301557,1
3,0,0.7475567,1
3,0,0.7194227,1
3,0,0.9112144,1
3,0,0.9443975,1
3,0,0.90233344,1
3,0,0.94180804,1
3,0,0.9442628,1
3,0,0.91795284,1
3,0,0.934813,1
3,0,0.9338668,1
3,0,0.9366824,1
3,0,0.93039936,1
3,0,0.95179987,1
3,0,0.93138885,1
3,0,0.9154408,1
3,0,0.9259252,1
3,0,0.93575597,1
3,0,0.894034,1
3,0,0.9619157,1
3,0,0.93604636,1
3,0,0.9450298,1
3,0,0.90863645,1
3,0,0.9355882,1
3,0,0.911227,1
3,0,0.9174123,1
3,0,0.88272333,1
3,0,0.8767756,1
3,0,0.85335207,1
3,0,0.872756,1
3,0,0.8889473,1
3,0,0.91328216,1
3,0,0.9104933,1
3,0,0.92453325,1
3,0,0.94844466,1
3,0,0.919218,1
3,0,0.8976391,1
3,0,0.8895903,1
3,0,0.9210202,1
3,0,0.90903264,1
3,0,0.7983831,1
3,0,0.8596566,1
3,0,0.8599808,1
3,0,0.84199274,1
3,0,0.8528813,1
3,0,0.82893884,1
3,0,0.8320188,1
3,0,0.8114512,1
3,0,0.8783952,1
3,0,0.8247524,1
3,0,0.82846546,1
3,0,0.84505844,1
3,0,0.8559646,1
3,0,0.89575505,1
3,0,0.87902135,1
3,0,0.83791965,1
3,0,0.88939375,1
3,0,0.89244014,1
3,0,0.8813627,1
3,0,0.86242104,1
3,0,0.90204906,1
3,0,0.90095323,1
3,0,0.8800119,1
3,0,0.79080313,1
3,0,0.8628682,1
3,0,0.8639346,1
3,0,0.85934806,1
3,0,0.85440594,1
3,0,0.84422773,1
3,0,0.8454036,1
3,0,0.8170728,1
3,0,0.8725751,1
3,0,0.9184377,1
3,0,0.85623395,1
3,0,0.9248948,1
3,0,0.8816425,1
3,0,0.84805644,1
3,0,0.9091576,1
3,0,0.87241834,1
3,0,0.89835703,1
3,0,0.9055264,1
3,0,0.907555,1
3,1,0.7595176,1
3,1,0.65995485,1
3,1,0.6643307,1
3,1,0.68843883,1
3,1,0.68299943,1
3,1,0.716527,1
3,1,0.76281214,1
3,1,0.5801418,1
3,1,0.637699,1
3,1,0.66898483,1
3,1,0.52645624,1
3,1,0.66846186,1
3,1,0.771137,1
3,1,0.64918983,1
3,1,0.6946409,1
3,1,0.71900386,1
3,1,0.7381944,1
3,1,0.8238253,1
3,1,0.7785578,1
3,1,0.8125221,1
3,1,0.73310244,1
3,1,0.75913274,1
3,1,0.72646546,1
3,1,0.7725018,1
3,1,0.69461393,1
3,1,0.7207911,1
3,1,0.7779573,1
3,1,0.73502517,1
3,1,0.8050937,1
3,1,0.7637896,1
3,0,0.66334546,1
3,0,0.5990621,1
3,0,0.50862414,1
3,0,0.4627177,0
3,0,0.598116,1
3,0,0.5635723,1
3,0,0.47122025,0
3,0,0.53139925,1
3,0,0.53879756,1
3,0,0.5559612,1
3,0,0.5498514,1
3,0,0.59604824,1
3,0,0.6419318,1
3,0,0.58465254,1
3,0,0.6890923,1
3,1,0.9308593,1
3,1,0.8976416,1
3,1,0.91778356,1
3,1,0.951596,1
3,1,0.9365061,1
3,1,0.93941075,1
3,1,0.92959636,1
3,1,0.9497769,1
3,1,0.9312337,1
3,1,0.96754104,1
3,1,0.91952384,1
3,1,0.9623688,1
3,1,0.93706626,1
3,1,0.96219164,1
3,1,0.9609317,1
3,1,0.9610525,1
3,1,0.95973116,1
3,1,0.9379466,1
3,1,0.9766593,1
3,1,0.97516364,1
3,1,0.9679372,1
3,1,0.95237136,1
3,1,0.9817894,1
3,1,0.9257856,1
3,1,0.9037436,1
3,1,0.9342976,1
3,1,0.9531046,1
3,1,0.9463961,1
3,1,0.9461889,1
3,1,0.94491917,1
3,1,0.94924104,1
3,1,0.9368614,1
3,1,0.96165645,1
3,1,0.94000167,1
3,1,0.96019363,1
3,1,0.96106017,1
3,1,0.96598434,1
3,1,0.96321845,1
3,1,0.9524141,1
3,1,0.96786857,1
3,1,0.9512877,1
3,1,0.9718292,1
3,1,0.97437084,1
3,1,0.9765672,1
3,1,0.9809488,1
3,1,0.95795065,1
3,1,0.9339162,1
3,1,0.89885247,1
3,1,0.9332622,1
3,1,0.95749086,1
3,1,0.9453138,1
3,1,0.9528427,1
3,1,0.93462217,1
3,1,0.95635414,1
3,1,0.9455319,1
3,1,0.9731073,1
3,1,0.93674946,1
3,1,0.96473545,1
3,1,0.9444828,1
3,1,0.9579258,1
3,1,0.96368086,1
3,1,0.9589682,1
3,1,0.9691139,1
3,1,0.9435809,1
3,1,0.9746718,1
3,1,0.9692067,1
3,1,0.96351177,1
3,1,0.97674507,1
3,1,0.94769806,1
3,1,0.89615685,1
3,1,0.9339162,1
3,1,0.89885247,1
3,1,0.9332622,1
3,1,0.95749086,1
3,1,0.9453138,1
3,1,0.9528427,1
3,1,0.93462217,1
3,1,0.95635414,1
3,1,0.9455319,1
3,1,0.9731073,1
3,1,0.93674946,1
3,1,0.96473545,1
3,1,0.9444828,1
3,1,0.9579258,1
3,1,0.89615685,1
3,1,0.9339162,1
3,1,0.89885247,1
3,1,0.9332622,1
3,1,0.95749086,1
3,1,0.9453138,1
3,1,0.9528427,1
3,1,0.93462217,1
3,1,0.95635414,1
3,1,0.9455319,1
3,1,0.9731073,1
3,1,0.93674946,1
3,1,0.96473545,1
3,1,0.9444828,1
3,1,0.9579258,1
3,1,0.96368086,1
3,1,0.9589682,1
3,1,0.9691139,1
3,1,0.9435809,1
3,1,0.9746718,1
3,1,0.9692067,1
3,1,0.96351177,1
3,1,0.97674507,1
3,1,0.94769806,1
3,1,0.89615685,1
3,1,0.9339162,1
3,1,0.89885247,1
3,1,0.9332622,1
3,1,0.95749086,1
3,1,0.9453138,1
3,1,0.9528427,1
3,1,0.93462217,1
3,1,0.95635414,1
3,1,0.9455319,1
3,1,0.9731073,1
3,1,0.93674946,1
3,1,0.96473545,1
3,1,0.9444828,1
3,1,0.9579258,1
3,1,0.96368086,1
3,1,0.9589682,1
3,1,0.9691139,1
3,1,0.9435809,1
3,1,0.9746718,1
3,1,0.9692067,1
3,1,0.96351177,1
3,1,0.97674507,1
3,1,0.94769806,1
3,1,0.9316119,1
3,1,0.8969283,1
3,1,0.93065614,1
3,1,0.95557564,1
3,1,0.9430657,1
3,1,0.9495569,1
3,1,0.93100786,1
3,1,0.9538861,1
3,1,0.9445481,1
3,1,0.9705193,1
3,1,0.93319994,1
3,1,0.9645159,1
3,1,0.9431558,1
3,1,0.95618814,1
3,1,0.9643436,1
3,1,0.9563369,1
3,1,0.96757597,1
3,1,0.9420252,1
3,1,0.9719824,1
3,1,0.96266985,1
3,1,0.9577927,1
3,1,0.97229403,1
3,1,0.9448099,1
3,0,0.9341031,1
3,0,0.8979483,1
3,0,0.9334417,1
3,0,0.9580851,1
3,0,0.94798625,1
3,0,0.9490009,1
3,0,0.93962467,1
3,0,0.95343226,1
3,0,0.9417831,1
3,0,0.97234005,1
3,0,0.9319707,1
3,0,0.97039604,1
3,0,0.9375642,1
3,0,0.9615695,1
3,0,0.9544788,1
3,0,0.9599814,1
3,0,0.9609918,1
3,0,0.9369279,1
3,0,0.9756916,1
3,0,0.96433717,1
3,0,0.9629438,1
3,0,0.97478855,1
3,0,0.94827753,1
3,1,0.9377839,1
3,1,0.90674186,1
3,1,0.93033546,1
3,1,0.9555944,1
3,1,0.94407713,1
3,1,0.9475047,1
3,1,0.9381134,1
3,1,0.95411056,1
3,1,0.9409271,1
3,1,0.971009,1
3,1,0.93060094,1
3,1,0.9712809,1
3,1,0.9404097,1
3,1,0.96473455,1
3,1,0.96129286,1
3,1,0.9658034,1
3,1,0.95243126,1
3,1,0.9617752,1
3,1,0.9000221,1
3,1,0.9337416,1
3,1,0.9570685,1
3,1,0.9448651,1
3,1,0.9530088,1
3,1,0.93396133,1
3,1,0.95541817,1
3,1,0.94577575,1
3,1,0.9724248,1
3,1,0.9355184,1
3,1,0.9652042,1
3,1,0.9436906,1
3,1,0.9565197,1
3,1,0.95948046,1
3,1,0.9532481,1
3,1,0.96082395,1
3,1,0.93497044,1
3,1,0.965411,1
3,1,0.9742536,1
3,1,0.9693887,1
3,1,0.97582394,1
3,0,0.5998605,1
3,0,0.5414697,1
3,0,0.58153087,1
3,0,0.5591229,1
3,0,0.490598,0
3,0,0.3563887,0
3,0,0.380589,0
3,0,0.5024737,1
3,0,0.51931083,1
3,0,0.44116026,0
3,0,0.41755325,0
3,0,0.52875525,1
3,0,0.44482803,0
3,0,0.60509807,1
3,0,0.58673996,1
3,0,0.44079462,0
3,0,0.5163305,1
3,0,0.5178164,1
3,0,0.49236917,0
3,0,0.54654795,1
3,0,0.39808357,0
3,0,0.48844403,0
3,0,0.4802757,0
3,0,0.4198795,0
3,0,0.6056503,1
3,0,0.57128453,1
3,0,0.5118382,1
3,0,0.56305397,1
3,0,0.6735526,1
3,0,0.55293787,1
3,0,0.6520557,1
3,0,0.66069,1
3,0,0.7517317,1
3,0,0.694768,1
3,0,0.6506911,1
3,0,0.70368767,1
3,0,0.6739414,1
3,0,0.6842532,1
3,0,0.66022646,1
3,0,0.7045019,1
3,0,0.69350815,1
3,0,0.7099648,1
3,0,0.6540572,1
3,0,0.64435554,1
3,0,0.6155034,1
3,0,0.6548206,1
3,0,0.65973914,1
3,0,0.6247697,1
3,0,0.69617057,1
3,0,0.76896244,1
3,0,0.6741734,1
3,0,0.7438238,1
3,0,0.72951245,1
3,0,0.6924412,1
3,0,0.78083956,1
3,0,0.64268374,1
3,0,0.79167336,1
3,0,0.70719033,1
3,0,0.6973406,1
3,0,0.71235305,1
3,0,0.7590774,1
3,0,0.7255261,1
3,0,0.61387557,1
3,0,0.65434515,1
3,0,0.6342405,1
3,0,0.61675066,1
3,0,0.7123269,1
3,0,0.63430655,1
3,0,0.5871385,1
3,0,0.68932444,1
3,0,0.6993201,1
3,0,0.6509698,1
3,0,0.6485258,1
3,0,0.6296435,1
3,0,0.60675937,1
3,0,0.6894263,1
3,0,0.7380371,1
3,0,0.5551615,1
3,0,0.7511187,1
3,0,0.62526196,1
3,0,0.72270256,1
3,0,0.7314941,1
3,0,0.5912771,1
3,0,0.6157427,1
3,0,0.7345221,1
3,0,0.73367095,1
3,0,0.60996985,1
3,0,0.67682207,1
3,0,0.5427442,1
3,0,0.62099075,1
3,0,0.64100134,1
3,0,0.6860867,1
3,0,0.59817815,1
3,0,0.68352073,1
3,0,0.62580997,1
3,0,0.61919403,1
3,0,0.57326174,1
3,0,0.6878182,1
3,0,0.57031834,1
3,0,0.60073334,1
3,0,0.65079874,1
3,0,0.4850554,0
3,0,0.6660144,1
3,0,0.72020936,1
3,0,0.6220522,1
3,0,0.6099133,1
3,0,0.53188056,1
3,0,0.6724792,1
3,0,0.5972415,1
3,0,0.74066395,1
3,0,0.6637866,1
3,0,0.66257936,1
3,0,0.7365663,1
3,0,0.73654264,1
3,0,0.76021117,1
3,0,0.8132634,1
3,0,0.82486206,1
3,0,0.81897223,1
3,0,0.8076001,1
3,0,0.85857135,1
3,0,0.80241954,1
3,0,0.81862736,1
3,0,0.8150558,1
3,0,0.78605086,1
3,0,0.6806803,1
3,0,0.73941284,1
3,0,0.7104963,1
3,0,0.70329034,1
3,0,0.7501468,1
3,0,0.73526716,1
3,0,0.7090245,1
3,0,0.6226718,1
3,0,0.71352077,1
3,0,0.65368,1
3,0,0.6155807,1
3,0,0.5583603,1
3,0,0.6205427,1
3,0,0.50729436,1
3,0,0.543431,1
3,0,0.48530033,0
3,0,0.50850034,1
3,0,0.58681023,1
3,0,0.58889234,1
3,0,0.51791507,1
3,0,0.5533015,1
3,0,0.63471633,1
3,0,0.7510496,1
3,0,0.6741869,1
3,0,0.7486397,1
3,0,0.7260951,1
3,0,0.65741277,1
3,0,0.74231124,1
3,0,0.60167867,1
3,0,0.72782797,1
3,0,0.7003932,1
3,0,0.70729685,1
3,0,0.6929049,1
3,0,0.64915353,1
3,0,0.76266474,1
3,0,0.6472092,1
3,0,0.69611573,1
3,0,0.8026374,1
3,0,0.77409375,1
3,0,0.70783335,1
3,0,0.69446355,1
3,0,0.734741,1
3,0,0.6786241,1
3,0,0.61529994,1
3,0,0.64671993,1
3,0,0.70588744,1
3,0,0.89213586,1
3,0,0.87489176,1
3,0,0.86292464,1
3,0,0.86115074,1
3,0,0.87721217,1
3,0,0.82414144,1
3,0,0.7853846,1
3,0,0.82099545,1
3,0,0.7867245,1
3,0,0.8676563,1
3,0,0.79085124,1
3,0,0.8391063,1
3,0,0.8808729,1
3,0,0.85657835,1
3,0,0.83882195,1
3,0,0.85865176,1
3,0,0.7929333,1
3,0,0.7208163,1
3,0,0.74997205,1
3,0,0.8235311,1
3,0,0.6996979,1
3,0,0.78793734,1
3,0,0.77189285,1
3,0,0.7474023,1
3,0,0.72887707,1
3,0,0.69540495,1
3,0,0.6836038,1
3,0,0.7061667,1
3,0,0.7387163,1
3,0,0.70665133,1
3,0,0.7976068,1
3,0,0.75543743,1
3,0,0.7809837,1
3,0,0.7393985,1
3,0,0.80383885,1
3,0,0.756706,1
3,0,0.7178947,1
3,0,0.8488839,1
3,0,0.830596,1
3,0,0.7896699,1
3,0,0.7753714,1
3,0,0.79105437,1
3,0,0.76725376,1
3,0,0.7059113,1
3,0,0.7869561,1
3,0,0.83183134,1
3,0,0.80621684,1
3,0,0.72117823,1
3,0,0.7424377,1
3,0,0.770487,1
3,0,0.69527036,1
3,0,0.77577215,1
3,0,0.7473454,1
3,0,0.70263124,1
3,0,0.7803434,1
3,0,0.7792315,1
3,0,0.7797879,1
3,0,0.83281994,1
3,0,0.76612324,1
3,0,0.79324186,1
3,0,0.80215394,1
3,0,0.68138593,1
3,0,0.73123777,1
3,0,0.82295245,1
3,0,0.76252073,1
3,0,0.7551197,1
3,0,0.7667401,1
3,0,0.8153263,1
3,0,0.77394855,1
3,0,0.71702844,1
3,0,0.7160252,1
3,0,0.7698139,1
3,0,0.6686876,1
3,0,0.79608375,1
3,0,0.80468386,1
3,0,0.81767094,1
3,0,0.7879811,1
3,0,0.7963026,1
3,0,0.7545148,1
3,0,0.87608165,1
3,0,0.81468415,1
3,0,0.806858,1
3,0,0.81145287,1
3,0,0.8420248,1
3,0,0.7441379,1
3,0,0.80511814,1
3,0,0.83554745,1
3,0,0.8411701,1
3,0,0.8209891,1
3,0,0.8691912,1
3,0,0.78172237,1
3,0,0.87248415,1
3,0,0.80094266,1
3,0,0.81401795,1
3,0,0.7721205,1
3,0,0.7538787,1
3,0,0.72218597,1
3,0,0.6961696,1
3,0,0.6948171,1
3,0,0.66536057,1
3,0,0.7305359,1
3,0,0.75648355,1
3,0,0.8399323,1
3,0,0.7755103,1
3,0,0.7982706,1
3,0,0.7903672,1
3,0,0.69683963,1
3,0,0.6914234,1
3,0,0.6669101,1
3,0,0.7522691,1
3,0,0.85162634,1
3,0,0.8075186,1
3,0,0.70551497,1
3,0,0.81716645,1
3,0,0.8323538,1
3,0,0.77426034,1
3,0,0.8179458,1
3,0,0.81939554,1
3,0,0.81602174,1
3,0,0.7122466,1
3,0,0.767199,1
3,0,0.7248061,1
3,0,0.6750258,1
3,0,0.7609591,1
3,0,0.8192549,1
3,0,0.75640434,1
3,0,0.8304598,1
3,0,0.73032755,1
3,0,0.79110146,1
3,0,0.885156,1
3,0,0.78574353,1
3,0,0.81681406,1
3,0,0.7313371,1
3,0,0.8689959,1
3,0,0.8473047,1
3,0,0.8658421,1
3,0,0.8722676,1
3,0,0.9208617,1
3,0,0.86904365,1
3,0,0.8459375,1
3,0,0.9451354,1
3,0,0.9525576,1
3,0,0.9356891,1
3,0,0.974698,1
3,0,0.70982873,1
3,0,0.7449523,1
3,0,0.6210642,1
3,0,0.7537963,1
3,0,0.72943175,1
3,0,0.77020806,1
3,0,0.7848385,1
3,0,0.729061,1
3,0,0.6787912,1
3,0,0.71408474,1
3,0,0.6885706,1
3,0,0.716174,1
3,0,0.71925884,1
3,0,0.6893778,1
3,0,0.69344133,1
3,0,0.7474941,1
3,0,0.7127994,1
3,0,0.65868944,1
3,0,0.8842935,1
3,0,0.86479604,1
3,0,0.84912485,1
3,0,0.86112607,1
3,0,0.802647,1
3,0,0.7338743,1
3,0,0.7508145,1
3,0,0.829893,1
3,0,0.7595949,1
3,0,0.78547937,1
3,0,0.7607461,1
3,0,0.7149559,1
3,0,0.7381944,1
3,0,0.77676225,1
3,0,0.7043693,1
3,0,0.69730246,1
3,0,0.7606445,1
3,0,0.7763164,1
3,0,0.6283928,1
3,0,0.74852645,1
3,1,0.7992078,1
3,1,0.81827015,1
3,1,0.86771095,1
3,1,0.8978896,1
3,1,0.8856704,1
3,1,0.9041732,1
3,1,0.7745758,1
3,1,0.9052259,1
3,1,0.83648187,1
3,1,0.8475357,1
3,1,0.74518543,1
3,1,0.78591436,1
3,1,0.827666,1
3,1,0.68782014,1
3,1,0.73964655,1
3,1,0.86606574,1
3,1,0.8891705,1
3,1,0.8129183,1
3,1,0.7309776,1
3,1,0.7943514,1
3,1,0.9066713,1
3,1,0.91353726,1
3,1,0.9255287,1
3,1,0.93619734,1
3,1,0.93970156,1
3,1,0.9300151,1
3,1,0.9153458,1
3,1,0.93523824,1
3,1,0.92680013,1
3,1,0.9300841,1
3,1,0.90830934,1
3,1,0.9434296,1
3,1,0.9114364,1
3,1,0.9294471,1
3,1,0.95415103,1
3,1,0.9441189,1
3,1,0.9417274,1
3,1,0.88258094,1
3,1,0.93947405,1
3,1,0.94052356,1
3,1,0.93367064,1
3,1,0.96691084,1
3,1,0.94285065,1
3,1,0.88837284,1
3,1,0.9205108,1
3,1,0.88782966,1
3,1,0.92980635,1
3,1,0.9498904,1
3,1,0.94763136,1
3,1,0.93128705,1
3,1,0.9291339,1
3,1,0.9477892,1
3,1,0.9390908,1
3,1,0.9413387,1
3,1,0.92361045,1
3,1,0.95246255,1
3,1,0.92398924,1
3,1,0.93365663,1
3,1,0.9618481,1
3,1,0.96999836,1
3,1,0.9611025,1
3,1,0.9323844,1
3,1,0.9672262,1
3,1,0.9541768,1
3,1,0.9576994,1
3,1,0.970293,1
3,1,0.943861,1
3,1,0.9024451,1
3,1,0.93603927,1
3,1,0.8964546,1
3,1,0.9348399,1
3,1,0.95357424,1
3,1,0.95262295,1
3,1,0.9401335,1
3,1,0.9374221,1
3,1,0.95205855,1
3,1,0.9451221,1
3,1,0.9501955,1
3,1,0.9313681,1
3,1,0.95574397,1
3,1,0.93288684,1
3,1,0.9430957,1
3,1,0.96920335,1
3,1,0.97391945,1
3,1,0.97031015,1
3,1,0.9390459,1
3,1,0.9743624,1
3,1,0.9622393,1
3,1,0.96629053,1
3,1,0.9736155,1
3,1,0.9560755,1
3,0,0.982676,1
3,0,0.97172564,1
3,0,0.9908828,1
3,0,0.98989224,1
3,0,0.979423,1
3,0,0.982165,1
3,0,0.9783231,1
3,0,0.96423507,1
3,0,0.9822971,1
3,0,0.99205595,1
3,0,0.98374236,1
3,0,0.980375,1
3,0,0.97179216,1
3,0,0.9804472,1
3,0,0.97459996,1
3,0,0.9898067,1
3,0,0.9881301,1
3,0,0.97617346,1
3,0,0.965371,1
3,0,0.9751432,1
3,0,0.9756881,1
3,0,0.93960255,1
3,0,0.9775154,1
3,0,0.9932997,1
3,0,0.9792306,1
3,0,0.7401025,1
3,0,0.9257395,1
3,0,0.97367924,1
3,0,0.96194804,1
3,0,0.9649799,1
3,0,0.9846097,1
3,0,0.9790385,1
3,0,0.98494416,1
3,0,0.9848645,1
3,0,0.97631806,1
3,0,0.98878914,1
3,0,0.9744912,1
3,0,0.9849861,1
3,0,0.974014,1
3,0,0.986485,1
3,0,0.9626798,1
3,0,0.97871196,1
3,0,0.96598977,1
3,0,0.96170175,1
3,1,0.95493704,1
3,1,0.95042944,1
3,1,0.90040773,1
3,1,0.91449463,1
3,1,0.95862573,1
3,1,0.94572777,1
3,1,0.9593641,1
3,1,0.94777834,1
3,1,0.9551994,1
3,1,0.9556931,1
3,1,0.9637574,1
3,1,0.93314147,1
3,1,0.9066719,1
3,1,0.94649094,1
3,1,0.95609564,1
3,1,0.9441628,1
3,1,0.9636932,1
3,1,0.92806935,1
3,1,0.93970686,1
3,1,0.9277831,1
3,1,0.94097364,1
3,1,0.91266847,1
3,1,0.93583953,1
3,1,0.93495625,1
3,1,0.9312489,1
3,1,0.9675409,1
3,1,0.9581159,1
3,1,0.971825,1
3,1,0.93697095,1
3,1,0.9678426,1
3,1,0.96448827,1
3,1,0.9623147,1
3,1,0.9715,1
3,1,0.944934,1
3,1,0.8939846,1
3,1,0.8587569,1
3,1,0.90899634,1
3,1,0.93446404,1
3,1,0.9304063,1
3,1,0.91886854,1
3,1,0.9088377,1
3,1,0.93033403,1
3,1,0.9237597,1
3,1,0.91750884,1
3,1,0.8999961,1
3,1,0.94517165,1
3,1,0.9059691,1
3,1,0.92429465,1
3,1,0.95056015,1
3,1,0.9429622,1
3,1,0.9336154,1
3,1,0.8720775,1
3,1,0.9361939,1
3,1,0.93623453,1
3,1,0.929325,1
3,1,0.95829797,1
3,1,0.9287493,1
3,1,0.9061672,1
3,1,0.93549645,1
3,1,0.90021294,1
3,1,0.9347582,1
3,1,0.9484567,1
3,1,0.9326682,1
3,1,0.95191723,1
3,1,0.9178395,1
3,1,0.93294555,1
3,1,0.9132759,1
3,1,0.94706815,1
3,1,0.9164404,1
3,1,0.9408808,1
3,1,0.9360662,1
3,1,0.9551756,1
3,1,0.9521416,1
3,1,0.9563653,1
3,1,0.95515776,1
3,1,0.95096624,1
3,1,0.97389424,1
3,1,0.9678848,1
3,1,0.96674836,1
3,1,0.9698756,1
3,1,0.9528073,1
3,1,0.89954233,1
3,1,0.9266639,1
3,1,0.89204526,1
3,1,0.9294837,1
3,1,0.94413775,1
3,1,0.926601,1
3,1,0.94176954,1
3,1,0.8998325,1
3,1,0.9181692,1
3,1,0.9039152,1
3,1,0.92500126,1
3,1,0.89577377,1
3,1,0.9264329,1
3,1,0.930509,1
3,1,0.92027414,1
3,1,0.9647107,1
3,1,0.95464534,1
3,1,0.96586823,1
3,1,0.93066317,1
3,1,0.96375495,1
3,1,0.96075636,1
3,1,0.9580561,1
3,1,0.96674293,1
3,1,0.9441542,1
3,1,0.8715516,1
3,1,0.904637,1
3,1,0.8672291,1
3,1,0.9159167,1
3,1,0.9390619,1
3,1,0.9362294,1
3,1,0.9243179,1
3,1,0.9164379,1
3,1,0.9338435,1
3,1,0.92829937,1
3,1,0.9243041,1
3,1,0.9100391,1
3,1,0.9458122,1
3,1,0.9107866,1
3,1,0.927268,1
3,1,0.9504598,1
3,1,0.95469445,1
3,1,0.9402934,1
3,1,0.8965793,1
3,1,0.9441104,1
3,1,0.94654167,1
3,1,0.94324297,1
3,1,0.96810865,1
3,1,0.93733263,1
3,1,0.9244372,1
3,1,0.88254577,1
3,1,0.92098576,1
3,1,0.9479917,1
3,1,0.94588387,1
3,1,0.9307851,1
3,1,0.9250509,1
3,1,0.94467574,1
3,1,0.93585515,1
3,1,0.94311213,1
3,1,0.9180344,1
3,1,0.94919664,1
3,1,0.92349935,1
3,1,0.93457854,1
3,1,0.9624769,1
3,1,0.9685325,1
3,1,0.96413845,1
3,1,0.92378306,1
3,1,0.96787393,1
3,1,0.9538588,1
3,1,0.95570904,1
3,1,0.9678334,1
3,1,0.9440508,1
3,0,0.9405379,1
3,0,0.9772865,1
3,0,0.9922031,1
3,0,0.97827417,1
3,0,0.7631473,1
3,0,0.9259804,1
3,0,0.9623313,1
3,0,0.9698841,1
3,0,0.9798251,1
3,0,0.9739614,1
3,0,0.97817755,1
3,0,0.9734794,1
3,0,0.95617485,1
3,0,0.96150094,1
3,0,0.98376936,1
3,0,0.97867167,1
3,0,0.98355985,1
3,1,0.9479268,1
3,1,0.9592324,1
3,1,0.9467991,1
3,1,0.9543946,1
3,1,0.9568502,1
3,1,0.9646309,1
3,1,0.97731483,1
3,1,0.97710115,1
3,1,0.9668337,1
3,1,0.9672304,1
3,1,0.96704406,1
3,1,0.9605346,1
3,1,0.9658808,1
3,1,0.9450444,1
3,1,0.9491669,1
3,1,0.9620098,1
3,1,0.94524586,1
3,1,0.9626142,1
3,1,0.9350193,1
3,0,0.8513761,1
3,0,0.7201437,1
3,0,0.79143196,1
3,0,0.8695656,1
3,0,0.68263453,1
3,0,0.7371507,1
3,0,0.6792655,1
3,0,0.7684497,1
3,0,0.78653085,1
3,0,0.75157464,1
3,0,0.7212507,1
3,0,0.7001284,1
3,0,0.7385531,1
3,0,0.7935209,1
3,0,0.87785614,1
3,1,0.9026168,1
3,1,0.9370891,1
3,1,0.9000213,1
3,1,0.93522507,1
3,1,0.9538882,1
3,1,0.95254385,1
3,1,0.9385522,1
3,1,0.9384922,1
3,1,0.95280355,1
3,1,0.9451533,1
3,1,0.9506509,1
3,1,0.9328766,1
3,1,0.9565158,1
3,1,0.93255496,1
3,1,0.9421218,1
3,1,0.9695395,1
3,1,0.9742702,1
3,1,0.9704725,1
3,1,0.93987775,1
3,1,0.9750103,1
3,1,0.9630011,1
3,1,0.96684575,1
3,1,0.97407883,1
3,1,0.9571858,1
3,1,0.9834857,1
3,1,0.38522172,0
3,1,0.52183545,1
3,1,0.5735675,1
3,1,0.67838824,1
3,1,0.6514437,1
3,1,0.6055144,1
3,1,0.6112338,1
3,1,0.68278825,1
3,1,0.6068626,1
3,1,0.66225135,1
3,1,0.65290874,1
3,1,0.69010013,1
3,1,0.7005494,1
3,1,0.92232394,1
3,1,0.8820267,1
3,1,0.91433144,1
3,1,0.94640493,1
3,1,0.9440916,1
3,1,0.9259453,1
3,1,0.92314476,1
3,1,0.94366986,1
3,1,0.9334904,1
3,1,0.93896025,1
3,1,0.9146733,1
3,1,0.94890964,1
3,1,0.92337817,1
3,1,0.9333909,1
3,1,0.96235955,1
3,1,0.96902466,1
3,1,0.9628396,1
3,1,0.91823876,1
3,1,0.9684776,1
3,1,0.955515,1
3,1,0.95409787,1
3,1,0.9636616,1
3,1,0.9596487,1
3,0,0.5902842,1
3,0,0.5831858,1
3,0,0.476851,0
3,0,0.5557965,1
3,0,0.63219196,1
3,0,0.63493687,1
3,0,0.68115515,1
3,0,0.6993548,1
3,0,0.5969864,1
3,0,0.71524465,1
3,0,0.74931884,1
3,0,0.6517959,1
3,0,0.6643696,1
3,0,0.68004256,1
3,0,0.5766125,1
3,0,0.60056955,1
3,0,0.6142645,1
3,0,0.5837688,1
3,0,0.6301639,1
3,0,0.6634783,1
3,0,0.6289557,1
3,0,0.6535958,1
3,1,0.79671264,1
3,1,0.8446838,1
3,1,0.7486243,1
3,1,0.8614411,1
3,1,0.83504546,1
3,1,0.77256614,1
3,1,0.8703755,1
3,1,0.855995,1
3,1,0.8044015,1
3,1,0.89617956,1
3,1,0.8444044,1
3,1,0.82240176,1
3,1,0.795418,1
3,1,0.86305964,1
3,1,0.8536827,1
3,1,0.88882685,1
3,1,0.84623563,1
3,1,0.81661874,1
3,1,0.83509624,1
3,1,0.80360836,1
3,1,0.8342086,1
4,0,0.54420084,1
4,0,0.49319404,0
4,0,0.5323275,1
4,0,0.51346594,1
4,0,0.473899,0
4,0,0.51175785,1
4,0,0.41327807,0
4,0,0.4555073,0
4,0,0.51113635,1
4,0,0.46903512,0
4,1,0.55720335,1
4,1,0.59792584,1
4,1,0.6066547,1
4,1,0.6174127,1
4,1,0.57893145,1
4,1,0.48847872,0
4,1,0.58004785,1
4,1,0.6560613,1
4,1,0.4782682,0
4,1,0.4742217,0
4,1,0.5727327,1
4,1,0.49359772,0
4,1,0.49269134,0
4,1,0.48124602,0
4,1,0.46392062,0
4,1,0.5321157,1
4,1,0.4983093,0
4,1,0.49814075,0
4,0,0.4420308,0
4,0,0.5430579,1
4,0,0.49230176,0
4,0,0.56597936,1
4,0,0.5003071,1
4,0,0.49667725,0
4,0,0.5249347,1
4,0,0.440471,0
4,0,0.49586782,0
4,0,0.49420613,0
4,0,0.56646854,1
4,0,0.46672723,0
4,0,0.494925,0
4,0,0.46432036,0
4,0,0.60789907,1
4,0,0.4882711,0
4,0,0.5034623,1
4,0,0.5707297,1
4,0,0.5149184,1
4,0,0.5442238,1
4,0,0.56607664,1
4,0,0.5148799,1
4,0,0.37594444,0
4,0,0.42973185,0
4,0,0.5684442,1
4,0,0.54178625,1
4,0,0.4485941,0
4,0,0.46201804,0
4,0,0.43837482,0
4,0,0.3965135,0
4,0,0.45382473,0
4,0,0.5235113,1
4,0,0.4887738,0
4,0,0.53213316,1
4,0,0.47095492,0
4,0,0.42097396,0
4,0,0.4776289,0
4,0,0.45529905,0
4,0,0.3928596,0
4,0,0.46126193,0
4,0,0.41365853,0
4,1,0.5071518,1
4,1,0.45071474,0
4,1,0.54544544,1
4,1,0.4513119,0
4,1,0.4209463,0
4,1,0.4308255,0
4,1,0.5004745,1
4,1,0.51541895,1
4,1,0.5040507,1
4,1,0.6430956,1
4,1,0.4960577,0
4,1,0.4905863,0
4,1,0.53716874,1
4,1,0.7289945,1
4,1,0.54381406,1
4,1,0.5088648,1
4,1,0.54897153,1
4,1,0.46454293,0
4,1,0.6164734,1
4,1,0.6147331,1
4,0,0.44647324,0
4,0,0.5155548,1
4,0,0.49606833,0
4,0,0.45600373,0
4,0,0.5124168,1
4,0,0.43132672,0
4,0,0.46242768,0
4,0,0.480005,0
4,0,0.49499297,0
4,1,0.38633424,0
4,1,0.47432193,0
4,1,0.3838863,0
4,1,0.50595695,1
4,1,0.42939946,0
4,1,0.41676596,0
4,1,0.45638424,0
4,1,0.40715802,0
4,1,0.4118239,0
4,1,0.3324424,0
4,1,0.41622156,0
4,1,0.43631998,0
4,1,0.41048276,0
4,1,0.40291354,0
4,1,0.4693901,0
4,1,0.43112975,0
4,1,0.39141214,0
4,1,0.41770732,0
4,1,0.34869024,0
4,1,0.43737355,0
4,1,0.4008166,0
4,1,0.5372424,1
4,1,0.50024956,1
4,1,0.42642313,0
4,1,0.5970334,1
4,1,0.6645188,1
4,1,0.6246967,1
4,1,0.6695387,1
4,1,0.6547872,1
4,1,0.52906257,1
4,1,0.6355763,1
4,1,0.688483,1
4,1,0.50823826,1
4,1,0.48312485,0
4,1,0.41242787,0
4,1,0.48849496,0
4,1,0.4493532,0
4,1,0.4104573,0
4,1,0.41747683,0
4,1,0.39490893,0
4,1,0.42439362,0
4,1,0.32636175,0
4,1,0.4145237,0
4,1,0.41106963,0
4,1,0.43022642,0
4,1,0.41589117,0
4,1,0.4733386,0
4,1,0.43130648,0
4,1,0.38875255,0
4,1,0.4154203,0
4,1,0.40287456,0
4,1,0.406641,0
4,1,0.36489177,0
4,1,0.49156737,0
4,1,0.45640412,0
4,1,0.4058097,0
4,0,0.500062,1
4,0,0.5796122,1
4,0,0.5958441,1
4,0,0.5821545,1
4,0,0.6268032,1
4,0,0.66752106,1
4,0,0.6167276,1
4,0,0.65352935,1
4,0,0.6572979,1
4,0,0.5569712,1
4,0,0.6648594,1
4,0,0.6426698,1
4,0,0.6852693,1
4,0,0.7078016,1
4,0,0.63356775,1
4,0,0.62954575,1
4,0,0.7224131,1
4,0,0.7006052,1
4,0,0.631856,1
4,0,0.57641876,1
4,0,0.6688057,1
4,0,0.7173781,1
4,0,0.7310886,1
4,0,0.73203385,1
4,0,0.64843774,1
4,0,0.67063403,1
4,0,0.8152272,1
4,0,0.75570154,1
4,0,0.75430065,1
4,0,0.8556889,1
4,0,0.8028397,1
4,0,0.88031286,1
4,0,0.87701446,1
4,0,0.8138634,1
4,0,0.82518864,1
4,0,0.80517703,1
4,0,0.7918097,1
4,0,0.83431554,1
4,0,0.76885444,1
4,0,0.8367133,1
4,0,0.7842836,1
4,0,0.70607114,1
4,0,0.7582657,1
4,0,0.6463173,1
4,0,0.7416013,1
4,0,0.61533767,1
4,0,0.8161528,1
4,0,0.67638355,1
4,0,0.74357045,1
4,0,0.6736235,1
4,0,0.76325345,1
4,0,0.67477447,1
4,0,0.70752496,1
4,0,0.62869036,1
4,0,0.7104135,1
4,0,0.52587646,1
4,0,0.62259877,1
4,0,0.7021011,1
4,0,0.6413016,1
4,0,0.67349964,1
4,0,0.7016077,1
4,0,0.5454509,1
4,0,0.58399403,1
4,0,0.53975695,1
4,0,0.5697158,1
4,0,0.5458831,1
4,0,0.5776785,1
4,0,0.5962758,1
4,0,0.5425635,1
4,0,0.5273446,1
4,0,0.48323336,0
4,0,0.63170594,1
4,0,0.47942284,0
4,0,0.5123825,1
4,0,0.6289289,1
4,0,0.49771345,0
4,0,0.5303523,1
4,0,0.66702014,1
4,0,0.49043718,0
4,0,0.60684204,1
4,0,0.62280434,1
4,0,0.7090247,1
4,0,0.6389728,1
4,0,0.6996355,1
4,0,0.7297396,1
4,0,0.74723274,1
4,0,0.7245464,1
4,1,0.50380987,1
4,1,0.4858085,0
4,1,0.45213407,0
4,1,0.63875604,1
4,1,0.47102013,0
4,0,0.66954726,1
4,0,0.51095724,1
4,0,0.6047384,1
4,0,0.7651576,1
4,0,0.8139123,1
4,0,0.7269429,1
4,0,0.6976759,1
4,0,0.7650863,1
4,0,0.7230547,1
4,0,0.8065731,1
4,0,0.69685894,1
4,0,0.6155596,1
4,0,0.4867517,0
4,0,0.738962,1
4,0,0.62981653,1
4,0,0.5332231,1
4,0,0.571111,1
4,0,0.692911,1
4,0,0.67731977,1
4,0,0.6969183,1
4,0,0.6642961,1
4,0,0.66333985,1
4,0,0.6588491,1
4,0,0.68376195,1
4,0,0.6641397,1
4,0,0.60162055,1
4,0,0.6370608,1
4,0,0.5863828,1
4,0,0.5774663,1
4,0,0.6460224,1
4,0,0.5593075,1
4,0,0.62443614,1
4,0,0.5194563,1
4,0,0.5362116,1
4,0,0.5902237,1
4,0,0.59053934,1
4,0,0.6821997,1
4,0,0.568404,1
4,0,0.6081616,1
4,0,0.6554404,1
4,0,0.64388573,1
4,0,0.61303467,1
4,0,0.59716296,1
4,0,0.60363626,1
4,0,0.54978836,1
4,0,0.39313412,0
4,0,0.58750194,1
4,0,0.5130979,1
4,0,0.52588606,1
4,0,0.4971924,0
4,0,0.6309469,1
4,0,0.57262826,1
4,0,0.5109185,1
4,0,0.419743,0
4,0,0.50579375,1
4,0,0.5223086,1
4,0,0.54571605,1
4,0,0.5407674,1
4,0,0.6194833,1
4,0,0.6349741,1
4,0,0.6316074,1
4,0,0.66783035,1
4,0,0.7363041,1
4,0,0.6539795,1
4,0,0.67650414,1
4,0,0.6638252,1
4,0,0.73455185,1
4,0,0.60825443,1
4,0,0.7047927,1
4,0,0.6836454,1
4,0,0.5400212,1
4,0,0.60890704,1
4,0,0.52315176,1
4,0,0.5976256,1
4,0,0.56610006,1
4,0,0.5044511,1
4,0,0.526856,1
4,0,0.60503185,1
4,0,0.5847864,1
4,0,0.6203488,1
4,0,0.6555798,1
4,0,0.6315269,1
4,0,0.5540602,1
4,0,0.63601977,1
4,0,0.6280526,1
4,0,0.6382827,1
4,0,0.5793642,1
4,0,0.4507651,0
4,0,0.44677263,0
4,0,0.5391701,1
4,0,0.53963673,1
4,0,0.5278578,1
4,0,0.5600135,1
4,0,0.5291027,1
4,0,0.517728,1
4,0,0.59262544,1
4,0,0.49405754,0
4,0,0.51899403,1
4,0,0.52838576,1
4,0,0.5616976,1
4,0,0.64207983,1
4,0,0.49129248,0
4,0,0.60803723,1
4,0,0.6477903,1
4,0,0.5061825,1
4,0,0.5626733,1
4,0,0.48586258,0
4,0,0.5327995,1
4,0,0.585085,1
4,0,0.53924805,1
4,0,0.5607751,1
4,0,0.5627531,1
4,0,0.63197845,1
4,0,0.61224777,1
4,0,0.62658477,1
4,0,0.6529299,1
4,0,0.6975273,1
4,0,0.57217723,1
4,0,0.6490776,1
4,0,0.69833523,1
4,0,0.5635765,1
4,0,0.64012295,1
4,0,0.5422549,1
4,0,0.5975553,1
4,0,0.6375343,1
4,0,0.5781755,1
4,0,0.49879017,0
4,0,0.61776346,1
4,0,0.54746664,1
4,0,0.5967488,1
4,0,0.49441162,0
4,0,0.610811,1
4,0,0.5636199,1
4,0,0.6384446,1
4,0,0.6959056,1
4,0,0.7031186,1
4,0,0.52884734,1
4,0,0.4873687,0
4,0,0.5135006,1
4,0,0.5167721,1
4,0,0.545994,1
4,0,0.66252875,1
4,0,0.64100355,1
4,0,0.67202866,1
4,0,0.63904136,1
4,0,0.65255636,1
4,0,0.69570214,1
4,0,0.5778284,1
4,0,0.50273764,1
4,0,0.5256211,1
4,0,0.46564886,0
4,0,0.43453065,0
4,0,0.5609115,1
4,0,0.54062927,1
4,0,0.5830208,1
4,0,0.5500246,1
4,0,0.5403767,1
4,0,0.53050184,1
4,0,0.59023446,1
4,0,0.53825957,1
4,0,0.5152823,1
4,0,0.60166067,1
4,0,0.47711876,0
4,0,0.49975613,0
4,0,0.5775609,1
4,0,0.5097727,1
4,0,0.4977242,0
4,0,0.52590144,1
4,0,0.63797635,1
4,0,0.66396403,1
4,0,0.6478452,1
4,0,0.5700224,1
4,0,0.44573718,0
4,0,0.52188665,1
4,0,0.54446965,1
4,0,0.43468466,0
4,0,0.53682625,1
4,0,0.49836436,0
4,0,0.5876076,1
4,0,0.53729284,1
4,1,0.5610255,1
4,1,0.5263367,1
4,1,0.55350393,1
4,1,0.45991176,0
4,1,0.5752525,1
4,1,0.4527114,0
4,1,0.60216147,1
4,1,0.47200558,0
4,1,0.51062113,1
4,1,0.5385992,1
4,1,0.6415972,1
4,1,0.5578627,1
4,1,0.50536436,1
4,1,0.5113181,1
4,1,0.48323497,0
4,1,0.451205,0
4,1,0.62863034,1
4,1,0.45631576,0
4,1,0.47843006,0
4,1,0.51134723,1
4,1,0.55065405,1
4,1,0.8390504,1
4,1,0.8087921,1
4,1,0.84638923,1
4,1,0.80764097,1
4,1,0.8766668,1
4,1,0.8753154,1
4,1,0.8660139,1
4,1,0.91702896,1
4,1,0.881695,1
4,1,0.88447,1
4,1,0.8516,1
4,1,0.96126753,1
4,1,0.9663208,1
4,1,0.96375287,1
4,1,0.9616052,1
4,1,0.9701185,1
4,1,0.9569708,1
4,1,0.962825,1
4,1,0.961562,1
4,1,0.955071,1
4,1,0.9555528,1
4,1,0.945981,1
4,1,0.9615624,1
4,1,0.9501912,1
4,1,0.94829893,1
4,1,0.94524086,1
4,1,0.97997206,1
4,1,0.9198803,1
4,1,0.9585088,1
4,1,0.9799922,1
4,1,0.97658974,1
4,1,0.96164817,1
4,1,0.96771294,1
4,1,0.93186855,1
4,1,0.77515495,1
4,1,0.83196735,1
4,1,0.7834385,1
4,1,0.82113373,1
4,1,0.88725317,1
4,1,0.76375204,1
4,1,0.8198102,1
4,1,0.8694912,1
4,1,0.90442747,1
4,1,0.8365665,1
4,1,0.9233878,1
4,1,0.72818714,1
4,1,0.80401427,1
4,1,0.6774646,1
4,1,0.83623195,1
4,1,0.787629,1
4,1,0.72309154,1
4,1,0.7789262,1
4,1,0.40153953,0
4,1,0.35233143,0
4,1,0.42776465,0
4,1,0.4494223,0
4,1,0.45760134,0
4,1,0.40917903,0
4,1,0.38380405,0
4,1,0.3893009,0
4,1,0.45462283,0
4,1,0.46528172,0
4,1,0.32035407,0
4,1,0.4321275,0
4,1,0.46629447,0
4,1,0.439608,0
4,1,0.44481745,0
4,1,0.40374452,0
4,1,0.4004942,0
4,1,0.573655,1
4,1,0.49675605,0
4,1,0.43196642,0
4,1,0.41191095,0
4,1,0.45570216,0
4,1,0.5497342,1
4,1,0.6212421,1
4,1,0.46427798,0
4,1,0.5288259,1
4,1,0.5677286,1
4,1,0.4868198,0
4,1,0.8968803,1
4,1,0.8913138,1
4,1,0.77508307,1
4,1,0.7178646,1
4,1,0.85825706,1
4,1,0.7919959,1
4,1,0.8008025,1
4,1,0.7113852,1
4,1,0.8902933,1
4,1,0.7464085,1
4,1,0.6897518,1
4,1,0.6167352,1
4,1,0.6784433,1
4,1,0.84882885,1
4,1,0.8892936,1
4,1,0.73963326,1
4,1,0.82385576,1
4,1,0.7843676,1
4,1,0.8871141,1
4,1,0.74389553,1
4,1,0.81523305,1
4,1,0.7783347,1
4,1,0.7983809,1
4,1,0.8763464,1
4,1,0.79313695,1
4,1,0.83862597,1
4,1,0.8329171,1
4,1,0.9138881,1
4,1,0.8465466,1
4,1,0.91064215,1
4,1,0.71386915,1
4,1,0.7257041,1
4,1,0.77917767,1
4,1,0.7630893,1
4,1,0.76524806,1
4,1,0.7131806,1
4,1,0.79423934,1
4,1,0.80974936,1
4,1,0.7943654,1
4,1,0.75861114,1
4,1,0.7681483,1
4,1,0.6863415,1
4,1,0.58793545,1
4,1,0.7661602,1
4,1,0.7153768,1
4,1,0.64270043,1
4,1,0.7149925,1
4,1,0.6777899,1
4,1,0.67743844,1
4,1,0.6106731,1
4,1,0.71297824,1
4,1,0.62345964,1
4,1,0.472065,0
4,1,0.47885764,0
4,1,0.52450204,1
4,1,0.59143966,1
4,1,0.63192695,1
4,1,0.76283586,1
4,1,0.6855566,1
4,1,0.73147184,1
4,1,0.8217029,1
4,1,0.8858531,1
4,1,0.7848785,1
4,1,0.8316361,1
4,1,0.8731877,1
4,1,0.91104937,1
4,1,0.85063565,1
4,1,0.9261458,1
4,1,0.740737,1
4,1,0.80703264,1
4,1,0.70214754,1
4,1,0.8417847,1
4,1,0.78721863,1
4,1,0.74278283,1
4,1,0.7794119,1
4,1,0.5579369,1
4,1,0.62853044,1
4,1,0.79555106,1
4,1,0.728475,1
4,1,0.7792253,1
4,1,0.7808958,1
4,1,0.78614,1
4,1,0.77878225,1
4,1,0.73932177,1
4,1,0.7964613,1
4,1,0.7875555,1
4,1,0.76978505,1
4,1,0.8383781,1
4,1,0.9068182,1
4,1,0.802917,1
4,1,0.7990517,1
4,1,0.7903427,1
4,1,0.81064594,1
4,1,0.8131468,1
4,1,0.69335866,1
4,1,0.45790803,0
4,1,0.7606894,1
4,1,0.5891615,1
4,1,0.57682073,1
4,1,0.48417127,0
4,1,0.8879426,1
4,1,0.895804,1
4,1,0.78125334,1
4,1,0.8304552,1
4,1,0.8311481,1
4,1,0.8245709,1
4,1,0.8010547,1
4,1,0.8052425,1
4,1,0.66619325,1
4,1,0.77624875,1
4,1,0.7536952,1
4,1,0.870948,1
4,1,0.83101714,1
4,1,0.70029545,1
4,1,0.7819499,1
4,1,0.7655814,1
4,1,0.82921135,1
4,1,0.8278673,1
4,1,0.87171596,1
4,1,0.6222872,1
4,1,0.86343145,1
4,1,0.89887595,1
4,1,0.80823666,1
4,1,0.8996374,1
4,1,0.84576255,1
4,1,0.781992,1
4,1,0.87026554,1
4,1,0.88052636,1
4,1,0.62186754,1
4,1,0.7422418,1
4,1,0.83441055,1
4,1,0.710095,1
4,1,0.76188934,1
4,1,0.7494242,1
4,1,0.77358645,1
4,1,0.6478367,1
4,1,0.6764694,1
4,1,0.739204,1
4,1,0.8316499,1
4,1,0.7080434,1
4,1,0.8508389,1
4,1,0.7573263,1
4,1,0.86295253,1
4,1,0.91271305,1
4,1,0.8498034,1
4,1,0.91779876,1
4,1,0.787673,1
4,1,0.8321165,1
4,1,0.8584279,1
4,1,0.9145047,1
4,1,0.88446367,1
4,1,0.8916776,1
4,1,0.93736774,1
4,1,0.83062357,1
4,1,0.9407782,1
4,1,0.837143,1
4,1,0.9312057,1
4,1,0.9348411,1
4,1,0.85355735,1
4,1,0.773969,1
4,1,0.8571238,1
4,1,0.9437082,1
4,1,0.90839654,1
4,1,0.69159687,1
4,1,0.89140576,1
4,1,0.79146284,1
4,1,0.7961197,1
4,1,0.68486536,1
4,1,0.79688406,1
4,1,0.81107855,1
4,1,0.82828844,1
4,1,0.79075944,1
4,1,0.7829983,1
4,1,0.83897823,1
4,1,0.7208295,1
4,1,0.8735498,1
4,1,0.8091006,1
4,1,0.82602584,1
4,1,0.78399336,1
4,1,0.7449823,1
4,1,0.9586329,1
4,1,0.96475077,1
4,1,0.9639808,1
4,1,0.9579395,1
4,1,0.965739,1
4,1,0.95601934,1
4,1,0.9614477,1
4,1,0.95511544,1
4,1,0.9341018,1
4,1,0.9433077,1
4,1,0.96828264,1
4,1,0.9314411,1
4,1,0.9425562,1
4,1,0.97213924,1
4,1,0.9589385,1
4,1,0.98149306,1
4,1,0.9796876,1
4,1,0.983482,1
4,1,0.9890988,1
4,1,0.99025005,1
4,1,0.98102814,1
4,1,0.97857016,1
4,1,0.94028354,1
4,1,0.9541297,1
4,1,0.96616536,1
4,1,0.96702373,1
4,1,0.9638862,1
4,1,0.96280795,1
4,1,0.9563361,1
4,1,0.959511,1
4,1,0.9699725,1
4,1,0.9557869,1
4,1,0.9714779,1
4,1,0.9542864,1
4,1,0.9708261,1
4,1,0.95183367,1
4,1,0.96082425,1
4,1,0.95687836,1
4,1,0.9840873,1
4,1,0.981294,1
4,1,0.98329675,1
4,1,0.9845504,1
4,1,0.9854418,1
4,1,0.9742321,1
4,1,0.9779263,1
4,1,0.9598877,1
4,0,0.5142902,1
4,0,0.580122,1
4,0,0.5408985,1
4,0,0.62383294,1
4,0,0.5411047,1
4,0,0.56782806,1
4,0,0.45358667,0
4,0,0.4504895,0
4,0,0.5445199,1
4,0,0.49557823,0
4,0,0.46268144,0
4,0,0.5464358,1
4,0,0.509705,1
4,0,0.51110345,1
4,0,0.46551964,0
4,0,0.52865136,1
4,0,0.47964004,0
4,0,0.66560566,1
4,0,0.44183627,0
4,0,0.6129574,1
4,0,0.7019808,1
4,0,0.74396193,1
4,0,0.7262683,1
4,0,0.52622986,1
4,0,0.50758946,1
4,0,0.6641634,1
4,0,0.6762147,1
4,0,0.6164178,1
4,0,0.51635605,1
4,0,0.52732384,1
4,0,0.5592208,1
4,0,0.5347087,1
4,0,0.41497132,0
4,0,0.45576146,0
4,0,0.52833754,1
4,1,0.6269193,1
4,1,0.58816504,1
4,1,0.50260025,1
4,1,0.60479087,1
4,1,0.65468806,1
4,1,0.59645927,1
4,1,0.6237427,1
4,1,0.6418661,1
4,1,0.68372416,1
4,1,0.7041942,1
4,1,0.6232665,1
4,1,0.544872,1
4,1,0.5402581,1
4,1,0.5825989,1
4,1,0.69255984,1
4,1,0.784036,1
4,1,0.5725613,1
4,1,0.6529573,1
4,1,0.65223235,1
4,1,0.6337909,1
4,1,0.4746741,0
4,1,0.51423365,1
4,1,0.61137706,1
4,1,0.493193,0
4,1,0.59630287,1
4,1,0.53394705,1
4,1,0.6440428,1
4,1,0.72677976,1
4,1,0.57617,1
4,1,0.5100489,1
4,1,0.41665646,0
4,1,0.48929164,0
4,1,0.47081828,0
4,1,0.5398649,1
4,1,0.4804621,0
4,1,0.51352155,1
4,1,0.53508633,1
4,1,0.53920054,1
4,1,0.80161864,1
4,1,0.7184655,1
4,1,0.5395181,1
4,1,0.7301685,1
4,1,0.45784572,0
4,1,0.6044779,1
4,1,0.56748056,1
4,1,0.69176596,1
4,1,0.6359733,1
4,1,0.6187008,1
4,1,0.64446515,1
4,1,0.5399137,1
4,1,0.48234022,0
4,1,0.52378464,1
4,1,0.5308537,1
4,1,0.51993257,1
4,1,0.5302014,1
4,1,0.6426502,1
4,1,0.6081019,1
4,1,0.62358195,1
4,1,0.55681825,1
4,1,0.57020545,1
4,1,0.6417978,1
4,1,0.63868093,1
4,1,0.47439283,0
4,1,0.5856711,1
4,1,0.5605874,1
4,1,0.54367876,1
4,1,0.8040974,1
4,1,0.6368837,1
4,1,0.55287385,1
4,1,0.60022604,1
4,1,0.6681872,1
4,1,0.6806147,1
4,1,0.62844545,1
4,1,0.74967414,1
4,1,0.6668316,1
4,1,0.6902698,1
4,1,0.66545844,1
4,1,0.5888725,1
4,1,0.66195273,1
4,1,0.66000396,1
4,1,0.67910844,1
4,1,0.72134906,1
4,1,0.63194966,1
4,1,0.6365169,1
4,1,0.75590163,1
4,1,0.70741534,1
4,1,0.6419538,1
4,1,0.5951157,1
4,0,0.62242717,1
4,0,0.6213826,1
4,0,0.6677295,1
4,0,0.6015015,1
4,0,0.56955856,1
4,0,0.5793158,1
4,0,0.5121528,1
4,0,0.6176555,1
4,0,0.54389966,1
4,0,0.569609,1
4,0,0.5410804,1
4,0,0.58431876,1
4,0,0.6272497,1
4,0,0.6224811,1
4,0,0.51581985,1
4,0,0.6641634,1
4,0,0.6762147,1
4,0,0.6164178,1
4,0,0.51635605,1
4,0,0.52732384,1
4,0,0.5592208,1
4,0,0.5347087,1
4,0,0.41497132,0
4,0,0.45576146,0
4,0,0.52833754,1
4,0,0.6269193,1
4,0,0.58816504,1
4,0,0.50260025,1
4,0,0.60479087,1
4,0,0.65468806,1
4,1,0.7281061,1
4,1,0.64329284,1
4,1,0.66353434,1
4,1,0.80376863,1
4,1,0.63992405,1
4,1,0.55786335,1
4,1,0.60082984,1
4,1,0.6709111,1
4,1,0.6822796,1
4,1,0.6316652,1
4,1,0.74881595,1
4,1,0.6698198,1
4,1,0.6948949,1
4,1,0.6672191,1
4,1,0.5916739,1
4,1,0.66837364,1
4,1,0.66247416,1
4,1,0.6793365,1
4,1,0.7286529,1
4,1,0.63310355,1
4,1,0.5476997,1
4,1,0.58421284,1
4,1,0.51516944,1
4,1,0.64739823,1
4,1,0.58173025,1
4,1,0.5134904,1
4,1,0.5757077,1
4,1,0.6548808,1
4,1,0.65674204,1
4,1,0.5943175,1
4,1,0.63927865,1
4,1,0.555446,1
4,1,0.55508006,1
4,1,0.45570242,0
4,1,0.48354134,0
4,1,0.5217599,1
4,1,0.5726357,1
4,1,0.58828604,1
4,1,0.5212264,1
4,1,0.63647586,1
4,1,0.5402736,1
4,1,0.55668503,1
4,1,0.6889469,1
4,1,0.7098007,1
4,1,0.5146873,1
4,1,0.49646002,0
4,1,0.67292976,1
4,1,0.570603,1
4,1,0.7027635,1
4,1,0.5088343,1
4,1,0.65322983,1
4,1,0.74401695,1
4,1,0.61380446,1
4,1,0.7031552,1
4,1,0.72912705,1
4,1,0.6990656,1
4,1,0.8149013,1
4,1,0.7414514,1
4,1,0.71332365,1
4,1,0.6297799,1
4,1,0.5626177,1
4,1,0.60420644,1
4,1,0.45838404,0
4,1,0.59383905,1
4,1,0.581342,1
4,1,0.54608977,1
4,1,0.4157123,0
4,1,0.43272555,0
4,1,0.4041221,0
4,1,0.32433158,0
4,1,0.4097871,0
4,1,0.40703708,0
4,1,0.5219917,1
4,1,0.5882324,1
4,1,0.48554444,0
4,1,0.62698925,1
4,1,0.56303567,1
4,1,0.4865742,0
4,1,0.5759527,1
4,1,0.53776,1
4,1,0.6090067,1
4,1,0.6501568,1
4,1,0.5702763,1
4,1,0.6130486,1
4,1,0.61772966,1
4,1,0.59184194,1
4,1,0.61038655,1
4,1,0.6410496,1
4,1,0.53398645,1
4,1,0.5564089,1
4,1,0.65355843,1
4,1,0.66343206,1
4,1,0.543865,1
4,1,0.5705528,1
4,1,0.564149,1
4,1,0.6173818,1
4,1,0.61369467,1
4,1,0.6561705,1
4,1,0.5947675,1
4,1,0.56110895,1
4,1,0.43969777,0
4,1,0.5506269,1
4,1,0.5206828,1
4,1,0.4681986,0
4,1,0.43943945,0
4,1,0.5000319,1
4,1,0.62167233,1
4,1,0.7236745,1
4,1,0.55916685,1
4,1,0.5636595,1
4,1,0.5348807,1
4,1,0.6145966,1
4,1,0.5055108,1
4,1,0.51248807,1
4,1,0.5062378,1
4,1,0.5668056,1
4,1,0.5232054,1
4,1,0.53333956,1
4,1,0.6134344,1
4,1,0.5130565,1
4,1,0.6132797,1
4,1,0.7543343,1
4,1,0.8856632,1
4,1,0.7450316,1
4,1,0.6358387,1
4,1,0.817163,1
4,1,0.7498819,1
4,1,0.7755863,1
4,1,0.8519996,1
4,1,0.87505764,1
4,1,0.87374496,1
4,1,0.59659845,1
4,1,0.66652626,1
4,1,0.6690175,1
4,1,0.6226185,1
4,1,0.7245212,1
4,1,0.55997485,1
4,1,0.5613961,1
4,1,0.53235346,1
4,1,0.6206157,1
4,1,0.50468564,1
4,1,0.5113487,1
4,1,0.5447137,1
4,1,0.63219327,1
4,1,0.52197975,1
4,1,0.50375193,1
4,1,0.748076,1
4,1,0.6385215,1
4,1,0.8205471,1
4,1,0.75016415,1
4,1,0.77126354,1
4,1,0.85234946,1
4,1,0.87544835,1
4,1,0.87368363,1
4,1,0.69596976,1
4,1,0.8498505,1
4,1,0.58275944,1
4,1,0.5728367,1
4,1,0.62564427,1
4,1,0.5555249,1
4,1,0.39102015,0
4,0,0.3548136,0
4,0,0.48447323,0
4,0,0.37583718,0
4,0,0.39131895,0
4,0,0.18401709,0
4,0,0.21419197,0
4,0,0.47024584,0
4,1,0.60929734,1
4,1,0.6132393,1
4,1,0.6834018,1
4,1,0.7255022,1
4,1,0.5823953,1
4,0,0.677596,1
4,0,0.7903615,1
4,0,0.7217933,1
4,0,0.7398613,1
4,0,0.7541844,1
4,0,0.6996924,1
4,0,0.6943294,1
4,0,0.6118272,1
4,0,0.6766632,1
4,0,0.7607588,1
4,0,0.71326673,1
4,0,0.75089234,1
4,0,0.7053604,1
4,1,0.7041379,1
4,1,0.6068645,1
4,1,0.65898365,1
4,1,0.6038544,1
4,1,0.6025943,1
4,0,0.59821224,1
4,0,0.7130091,1
4,0,0.6112052,1
4,0,0.6608402,1
4,0,0.5796346,1
4,0,0.5571264,1
4,1,0.6784309,1
4,1,0.5169901,1
4,1,0.5465618,1
4,1,0.6149227,1
4,1,0.71124816,1
4,1,0.5725784,1
4,1,0.59332436,1
4,1,0.659761,1
4,1,0.6584658,1
4,1,0.57058173,1
4,1,0.6625102,1
4,1,0.5031851,1
4,1,0.53169686,1
4,1,0.5163677,1
4,1,0.53705895,1
4,1,0.69621944,1
4,1,0.78584504,1
4,1,0.806605,1
4,1,0.7782637,1
4,1,0.8624,1
4,1,0.74350417,1
4,1,0.8403118,1
4,1,0.7054337,1
4,1,0.77241015,1
4,1,0.69380295,1
4,1,0.65555346,1
4,1,0.688693,1
4,1,0.65184623,1
4,1,0.49938947,0
4,1,0.65029615,1
4,1,0.7954388,1
4,1,0.6352103,1
4,1,0.54249287,1
4,1,0.5773814,1
4,1,0.6713606,1
4,1,0.6732094,1
4,1,0.61592156,1
4,1,0.7318494,1
4,1,0.6558204,1
4,1,0.64187366,1
4,1,0.6543611,1
4,1,0.54538864,1
4,1,0.6611712,1
4,1,0.63382787,1
4,1,0.6593166,1
4,1,0.7131924,1
4,1,0.6250876,1
4,1,0.61874336,1
4,1,0.7424239,1
4,1,0.69813806,1
4,1,0.640533,1
4,1,0.52663183,1
4,1,0.6416417,1
4,1,0.6148192,1
4,1,0.5251018,1
4,1,0.48105502,0
4,1,0.5074295,1
4,1,0.5456385,1
4,1,0.5819218,1
4,1,0.55515856,1
4,1,0.48460367,0
4,1,0.52093387,1
4,1,0.5072364,1
4,1,0.4661621,0
4,1,0.60650045,1
4,1,0.54400045,1
4,1,0.5995874,1
4,1,0.5668667,1
4,1,0.6229605,1
4,1,0.4448954,0
4,1,0.53270024,1
4,1,0.5581187,1
4,1,0.66222143,1
4,1,0.5390845,1
4,1,0.5372906,1
4,1,0.5945892,1
4,1,0.62363994,1
4,1,0.52585167,1
4,1,0.568876,1
4,1,0.54179883,1
4,1,0.46046224,0
4,1,0.5407036,1
4,0,0.62474173,1
4,0,0.47596258,0
4,0,0.425362,0
4,0,0.5069532,1
4,0,0.44999284,0
4,0,0.4786471,0
4,0,0.43218458,0
4,0,0.49579188,0
4,0,0.45245615,0
4,0,0.42174047,0
4,0,0.41195816,0
4,0,0.4377387,0
4,0,0.39532295,0
4,0,0.5146547,1
4,0,0.48422858,0
4,1,0.27470067,0
4,1,0.263413,0
4,1,0.31700143,0
4,1,0.2050756,0
4,1,0.28534582,0
4,1,0.25140095,0
4,1,0.2850461,0
4,1,0.47112077,0
4,1,0.5007891,1
4,1,0.45484558,0
4,1,0.47298816,0
4,1,0.460422,0
4,1,0.48527318,0
4,1,0.49549645,0
4,1,0.57499784,1
4,1,0.5744813,1
4,1,0.4521387,0
4,1,0.4820798,0
4,1,0.52401716,1
4,1,0.50368774,1
4,1,0.46220773,0
4,1,0.5708339,1
4,1,0.6707355,1
4,1,0.57176,1
4,1,0.52562654,1
4,1,0.62777084,1
4,1,0.527499,1
4,1,0.56175417,1
4,1,0.571809,1
4,1,0.6193509,1
4,1,0.41250393,0
4,1,0.43708053,0
4,1,0.54569024,1
4,1,0.5190525,1
4,1,0.46475407,0
4,1,0.43802282,0
4,1,0.49399188,0
4,1,0.4706085,0
4,1,0.4161279,0
4,1,0.43545118,0
4,1,0.5434258,1
4,1,0.42770118,0
4,1,0.46268144,0
4,1,0.5464358,1
4,1,0.5816118,1
4,1,0.65179783,1
4,1,0.68118274,1
4,1,0.47484073,0
4,1,0.6438153,1
4,1,0.5292103,1
4,1,0.59742093,1
4,1,0.7116091,1
4,1,0.61052734,1
4,1,0.6594963,1
4,1,0.5801509,1
4,1,0.5607652,1
4,1,0.6826321,1
4,1,0.51763463,1
4,0,0.5276487,1
4,0,0.51299876,1
4,0,0.48091462,0
4,0,0.4496088,0
4,0,0.5004402,1
4,0,0.49890962,0
4,0,0.39533472,0
4,0,0.43788147,0
4,0,0.39820948,0
4,1,0.49207065,0
4,1,0.5013663,1
4,1,0.5798781,1
4,1,0.47850004,0
4,1,0.5156107,1
4,1,0.541839,1
4,1,0.49920595,0
4,1,0.5307445,1
4,1,0.5141535,1
4,1,0.56299543,1
4,1,0.5007532,1
4,1,0.56319284,1
4,1,0.6224354,1
4,1,0.5355822,1
4,1,0.5246911,1
4,1,0.56720966,1
4,1,0.6438582,1
4,1,0.47769845,0
4,1,0.51986676,1
4,1,0.5083532,1
4,1,0.50791204,1
4,1,0.5939004,1
4,1,0.50846016,1
4,1,0.48928517,0
4,1,0.54491234,1
4,1,0.49308345,0
4,1,0.49728367,0
4,1,0.68501264,1
4,1,0.59137493,1
4,1,0.5840045,1
4,1,0.6243445,1
4,1,0.612777,1
4,1,0.51767117,1
4,1,0.5008166,1
4,1,0.5808574,1
4,1,0.52971184,1
4,1,0.49916467,0
4,1,0.5683322,1
4,1,0.46576867,0
4,0,0.41503257,0
4,0,0.5105114,1
4,0,0.49831405,0
4,0,0.49498606,0
4,0,0.4228126,0
4,0,0.49083966,0
4,0,0.47664282,0
4,0,0.45529386,0
4,0,0.4969766,0
4,0,0.4925687,0
4,0,0.5448988,1
4,0,0.49309295,0
4,0,0.578772,1
4,0,0.56437504,1
4,0,0.51787764,1
4,1,0.7257885,1
4,1,0.7454727,1
4,1,0.73632616,1
4,1,0.7594933,1
4,1,0.7735713,1
4,1,0.78134316,1
4,1,0.7926191,1
4,1,0.87934643,1
4,1,0.76793325,1
4,1,0.71612597,1
4,1,0.76356214,1
4,1,0.751059,1
4,1,0.69259787,1
4,1,0.5793619,1
4,1,0.40652913,0
4,1,0.67582655,1
4,1,0.45855415,0
4,1,0.5994688,1
4,1,0.44110128,0
4,1,0.4207038,0
4,1,0.43921608,0
4,1,0.5533398,1
4,1,0.5009253,1
4,1,0.57463276,1
4,1,0.5101378,1
4,1,0.4982693,0
4,1,0.5208556,1
4,1,0.44525298,0
4,1,0.5017656,1
4,1,0.48876315,0
4,1,0.56828094,1
4,1,0.4727917,0
4,1,0.49435806,0
4,1,0.50968665,1
4,1,0.478056,0
4,1,0.45236048,0
4,1,0.5022882,1
4,1,0.55447745,1
4,1,0.63845116,1
4,1,0.59319806,1
4,1,0.5715449,1
4,1,0.45404342,0
4,1,0.56781656,1
4,1,0.596815,1
4,1,0.54205,1
4,1,0.4454378,0
4,1,0.5456545,1
4,1,0.5735169,1
4,1,0.51579493,1
4,1,0.38148728,0
4,1,0.43726015,0
4,1,0.5661398,1
4,1,0.5317718,1
4,1,0.4369636,0
4,1,0.46215758,0
4,1,0.4403381,0
4,1,0.39938474,0
4,1,0.45176876,0
4,1,0.526135,1
4,1,0.49213442,0
4,1,0.52888054,1
4,1,0.47929862,0
4,1,0.42357996,0
4,1,0.4635141,0
4,1,0.40636832,0
4,1,0.47041333,0
4,1,0.41693792,0
4,1,0.38307735,0
4,1,0.47802556,0
4,1,0.5855556,1
4,1,0.50641334,1
4,1,0.45394227,0
4,1,0.5443335,1
4,1,0.45203975,0
4,1,0.42632732,0
4,1,0.43083063,0
4,1,0.4964831,0
4,1,0.4988828,0
4,1,0.52150714,1
4,1,0.55915517,1
4,1,0.4328015,0
4,0,0.66395676,1
4,0,0.71737945,1
4,0,0.64675266,1
4,0,0.65380275,1
4,0,0.6955617,1
4,0,0.64157605,1
4,0,0.6952713,1
4,0,0.7663465,1
4,0,0.8300526,1
4,0,0.7810842,1
4,0,0.8025209,1
4,0,0.7817364,1
4,0,0.85593176,1
4,0,0.845946,1
4,0,0.84323204,1
4,0,0.8961264,1
4,0,0.83523643,1
4,0,0.853659,1
4,0,0.8227982,1
4,1,0.8100188,1
4,1,0.7455569,1
4,1,0.7741459,1
4,1,0.7167975,1
4,1,0.7947154,1
4,1,0.77008396,1
4,1,0.75688064,1
4,1,0.70252,1
4,1,0.74488455,1
4,1,0.71724415,1
4,1,0.75680345,1
4,1,0.7202951,1
4,1,0.8213293,1
4,1,0.6837856,1
4,1,0.7187224,1
4,1,0.69870645,1
4,1,0.7358095,1
4,1,0.6826994,1
4,1,0.71396506,1
4,1,0.82207817,1
4,1,0.72836363,1
4,1,0.690558,1
4,1,0.694929,1
4,1,0.60763574,1
4,1,0.544901,1
4,1,0.5214635,1
4,1,0.52204293,1
4,1,0.44820753,0
4,1,0.53120244,1
4,1,0.5732552,1
4,1,0.51836246,1
4,1,0.57410467,1
4,1,0.5956222,1
4,1,0.60032064,1
4,1,0.5619901,1
4,1,0.5681324,1
4,1,0.5954267,1
4,1,0.49501842,0
4,1,0.46437705,0
4,1,0.46598956,0
4,1,0.44656342,0
4,1,0.41306537,0
4,1,0.42200702,0
4,1,0.3891806,0
4,1,0.39129823,0
4,1,0.3635921,0
4,1,0.37568703,0
4,1,0.3857435,0
4,1,0.4068517,0
4,1,0.4571983,0
4,1,0.42423645,0
4,1,0.4219017,0
4,1,0.42458743,0
4,1,0.37599996,0
4,1,0.35838193,0
4,1,0.41185507,0
4,1,0.3271749,0
4,1,0.3450384,0
4,1,0.36017746,0
4,1,0.611157,1
4,1,0.52477944,1
4,1,0.5421854,1
4,1,0.54326403,1
4,1,0.55114204,1
4,1,0.52368313,1
4,1,0.5825585,1
4,1,0.5916496,1
4,1,0.6290959,1
4,1,0.6074,1
4,1,0.64916974,1
4,1,0.63698953,1
4,1,0.5208991,1
4,1,0.6169617,1
4,1,0.6778575,1
4,1,0.50003844,1
4,1,0.49739018,0
4,1,0.5733102,1
4,0,0.45069635,0
4,0,0.58691764,1
4,0,0.57394886,1
4,0,0.5747498,1
4,0,0.5585587,1
4,0,0.58371115,1
4,0,0.5177173,1
4,0,0.44445264,0
4,0,0.53639525,1
4,0,0.59557897,1
4,0,0.49087918,0
4,0,0.5025387,1
4,0,0.56964725,1
4,0,0.53890544,1
4,0,0.69217426,1
4,0,0.68910754,1
4,0,0.6960763,1
4,0,0.6859214,1
4,0,0.59573805,1
4,0,0.54654896,1
4,0,0.585683,1
4,0,0.5596989,1
4,0,0.6488691,1
4,1,0.3685145,0
4,1,0.52336144,1
4,1,0.46491402,0
4,1,0.4964304,0
4,1,0.4485343,0
4,1,0.4894975,0
4,1,0.4123705,0
4,1,0.44194984,0
4,1,0.54465663,1
4,1,0.5154174,1
4,1,0.45523852,0
4,1,0.44066605,0
4,1,0.49072278,0
4,1,0.46623993,0
4,1,0.40965712,0
4,1,0.43170556,0
4,1,0.5329587,1
4,1,0.42415854,0
4,1,0.45245406,0
4,1,0.53985035,1
4,1,0.5070061,1
4,1,0.5105421,1
4,1,0.46648434,0
4,1,0.63735276,1
4,1,0.53481114,1
4,1,0.4532075,0
4,1,0.72097933,1
4,1,0.79181767,1
4,1,0.789548,1
4,1,0.7995863,1
4,1,0.6976087,1
4,1,0.6374246,1
4,1,0.59229285,1
4,1,0.53377634,1
4,1,0.54659027,1
4,1,0.5979405,1
4,1,0.68434757,1
4,1,0.6845303,1
4,1,0.6965732,1
4,1,0.5417493,1
4,1,0.5958709,1
4,1,0.58479995,1
4,1,0.6038679,1
4,1,0.5028916,1
4,1,0.623122,1
4,1,0.56248623,1
4,1,0.4840524,0
4,1,0.638613,1
4,1,0.59245664,1
4,1,0.5438715,1
4,1,0.5937522,1
4,1,0.56528956,1
4,1,0.56475395,1
4,1,0.6339883,1
4,1,0.63402206,1
4,1,0.5282313,1
4,1,0.5435886,1
4,1,0.46621612,0
4,1,0.50936294,1
4,1,0.4969518,0
4,1,0.5588375,1
4,1,0.55833983,1
4,1,0.49367848,0
4,1,0.57573336,1
4,1,0.48189777,0
4,1,0.48046732,0
4,1,0.5680614,1
4,1,0.6340194,1
4,1,0.49612883,0
4,1,0.5240608,1
4,1,0.55081844,1
4,1,0.57764,1
4,1,0.5248715,1
4,1,0.5759452,1
4,1,0.57778627,1
4,1,0.54176897,1
4,1,0.5877822,1
4,1,0.5523887,1
4,1,0.5498982,1
4,1,0.62215185,1
4,1,0.6201291,1
4,1,0.53869545,1
4,1,0.59882843,1
4,1,0.6512253,1
4,1,0.56664425,1
4,1,0.6462419,1
4,1,0.5723545,1
4,1,0.5964153,1
4,1,0.5938617,1
4,1,0.6919708,1
4,1,0.77008224,1
4,1,0.7190294,1
4,1,0.71799195,1
4,1,0.5469067,1
4,1,0.68751043,1
4,1,0.7613969,1
4,1,0.6199369,1
4,1,0.7476121,1
4,1,0.7028684,1
4,1,0.726409,1
4,1,0.7314898,1
4,1,0.58683896,1
4,1,0.6233736,1
4,1,0.7465945,1
5,1,0.7546439,1
5,1,0.6622102,1
5,1,0.7229724,1
5,1,0.64979917,1
5,1,0.6483167,1
5,1,0.75592005,1
5,1,0.6171319,1
5,1,0.75338167,1
5,1,0.740006,1
5,1,0.5412961,1
5,1,0.525549,1
5,1,0.5256592,1
5,1,0.6044903,1
5,1,0.6412137,1
5,1,0.5838467,1
5,1,0.590886,1
5,1,0.52836174,1
5,1,0.5999351,1
5,1,0.4982721,0
5,1,0.47489408,0
5,1,0.5288781,1
5,1,0.5548249,1
5,1,0.5837483,1
5,1,0.5855365,1
5,1,0.42169666,0
5,1,0.46207035,0
5,1,0.5237257,1
5,1,0.4492633,0
5,1,0.63908553,1
5,1,0.6478113,1
5,1,0.43560916,0
5,1,0.4555241,0
5,1,0.700596,1
5,1,0.7521473,1
5,1,0.3127795,0
5,1,0.5142834,1
5,1,0.6449456,1
5,1,0.4312915,0
5,1,0.4957719,0
5,1,0.72870535,1
5,1,0.4442954,0
5,1,0.31345692,0
5,1,0.5692066,1
5,1,0.7161011,1
5,1,0.5974299,1
5,1,0.42297173,0
5,1,0.71017903,1
5,1,0.60754627,1
5,1,0.71458966,1
5,1,0.6361156,1
5,1,0.7933681,1
5,1,0.6801609,1
5,1,0.72748065,1
5,1,0.6120349,1
5,1,0.71176,1
5,1,0.62465334,1
5,1,0.7904113,1
5,1,0.6692789,1
5,1,0.5228721,1
5,1,0.73762053,1
5,1,0.6536839,1
5,1,0.5360316,1
5,1,0.6474988,1
5,0,0.6088306,1
5,0,0.5374728,1
5,0,0.6506407,1
5,0,0.6738345,1
5,0,0.6641575,1
5,1,0.49427232,0
5,1,0.56672204,1
5,1,0.61101294,1
5,1,0.5483251,1
5,1,0.55058897,1
5,1,0.47262174,0
5,1,0.5133573,1
5,1,0.43982595,0
5,1,0.496696,0
5,1,0.42328084,0
5,1,0.5957245,1
5,1,0.49593452,0
5,1,0.43460009,0
5,1,0.5581292,1
5,1,0.45745772,0
5,1,0.64692044,1
5,1,0.5036756,1
5,1,0.66521096,1
5,1,0.66110146,1
5,1,0.58133465,1
5,1,0.65367025,1
5,1,0.57558787,1
5,1,0.55858886,1
5,1,0.619626,1
5,1,0.59002495,1
5,1,0.5006071,1
5,1,0.56483626,1
5,1,0.5494599,1
5,1,0.59402436,1
5,1,0.64201593,1
5,1,0.4980784,0
5,1,0.6624466,1
5,1,0.6515576,1
5,1,0.5740371,1
5,1,0.64350563,1
5,1,0.5765461,1
5,1,0.55286115,1
5,1,0.6184853,1
5,1,0.5941593,1
5,1,0.48966303,0
5,1,0.556167,1
5,1,0.5107103,1
5,1,0.5402181,1
5,1,0.55934566,1
5,1,0.56282246,1
5,1,0.54482716,1
5,1,0.5879382,1
5,1,0.549738,1
5,1,0.5550094,1
5,1,0.4914308,0
5,1,0.46744436,0
5,1,0.45785028,0
5,1,0.46412215,0
5,1,0.37914127,0
5,1,0.4618607,0
5,1,0.42215982,0
5,1,0.5244718,1
5,0,0.4957714,0
5,0,0.5931645,1
5,0,0.4666079,0
5,0,0.5189721,1
5,0,0.6144802,1
5,0,0.58958787,1
5,0,0.6514195,1
5,0,0.59776866,1
5,1,0.64539915,1
5,1,0.5608709,1
5,1,0.737234,1
5,1,0.6299552,1
5,1,0.6519941,1
5,1,0.7458053,1
5,1,0.64980656,1
5,1,0.81842345,1
5,1,0.7593566,1
5,0,0.4563632,0
5,0,0.51680714,1
5,0,0.45426244,0
5,0,0.6532772,1
5,0,0.64691824,1
5,0,0.4324141,0
5,0,0.45649797,0
5,0,0.7054586,1
5,0,0.75388384,1
5,0,0.31183308,0
5,0,0.52028346,1
5,0,0.63923204,1
5,0,0.4186428,0
5,0,0.49608952,0
5,1,0.72878736,1
5,1,0.43934822,0
5,1,0.31969035,0
5,1,0.57864165,1
5,1,0.7166163,1
5,1,0.6008497,1
5,1,0.43809232,0
5,1,0.72212386,1
5,1,0.6128845,1
5,1,0.47162125,0
5,1,0.60707855,1
5,1,0.6616225,1
5,1,0.64118445,1
5,1,0.38414285,0
5,1,0.56018275,1
5,1,0.74098814,1
5,0,0.48082855,0
5,0,0.56851023,1
5,0,0.6730038,1
5,0,0.7575738,1
5,0,0.53224534,1
5,0,0.64236635,1
5,0,0.7150878,1
5,0,0.7494634,1
5,0,0.652614,1
5,0,0.6470369,1
5,0,0.60409534,1
5,0,0.53159237,1
5,0,0.5704113,1
5,0,0.5943024,1
5,0,0.5038019,1
5,0,0.45369977,0
5,0,0.5339753,1
5,0,0.62863874,1
5,0,0.42020524,0
5,0,0.61964595,1
5,0,0.43356326,0
5,0,0.4902244,0
5,0,0.4483082,0
5,0,0.5888509,1
5,0,0.6594947,1
5,1,0.5244588,1
5,1,0.52402,1
5,1,0.51491636,1
5,1,0.62296987,1
5,1,0.6294581,1
5,1,0.57778215,1
5,1,0.6170405,1
5,1,0.55691195,1
5,1,0.6170049,1
5,1,0.5708905,1
5,1,0.5059877,1
5,1,0.51495105,1
5,1,0.6351731,1
5,1,0.56299967,1
5,0,0.9666923,1
5,0,0.96532327,1
5,0,0.98045427,1
5,0,0.9671242,1
5,0,0.9707611,1
5,0,0.9775493,1
5,0,0.9684796,1
5,0,0.9795368,1
5,0,0.98566216,1
5,0,0.98198825,1
5,0,0.9875674,1
5,0,0.9762897,1
5,0,0.9631857,1
5,0,0.97206736,1
5,0,0.9631582,1
5,0,0.9698093,1
5,0,0.98125803,1
5,0,0.97765994,1
5,0,0.97845185,1
5,0,0.9834162,1
5,0,0.9878022,1
5,0,0.9797237,1
5,0,0.9823728,1
5,0,0.9480394,1
5,1,0.48845974,0
5,1,0.44683525,0
5,1,0.38997865,0
5,1,0.54065657,1
5,1,0.6115349,1
5,1,0.43105042,0
5,1,0.44930166,0
5,1,0.48392665,0
5,1,0.551927,1
5,1,0.4566709,0
5,1,0.5055555,1
5,1,0.55837005,1
5,1,0.6157463,1
5,1,0.6108054,1
5,1,0.5991475,1
5,1,0.6036981,1
5,1,0.5540544,1
5,1,0.47380614,0
5,1,0.5421424,1
5,1,0.6393981,1
5,1,0.53637755,1
5,1,0.5184818,1
5,1,0.5170548,1
5,1,0.6207306,1
5,1,0.4453297,0
5,1,0.59153295,1
5,1,0.5762817,1
5,1,0.5032243,1
5,1,0.54409915,1
5,1,0.5846713,1
5,1,0.5821779,1
5,1,0.580355,1
5,1,0.5551649,1
5,1,0.544149,1
5,1,0.52271914,1
5,1,0.50009245,1
5,1,0.5112562,1
5,1,0.48391291,0
5,1,0.46588296,0
5,1,0.5961069,1
5,1,0.48500302,0
5,1,0.6199703,1
5,1,0.59154874,1
5,1,0.5277084,1
5,1,0.5899756,1
5,1,0.5269969,1
5,1,0.51208967,1
5,1,0.5899528,1
5,1,0.5338455,1
5,1,0.47556445,0
5,1,0.52817595,1
5,1,0.4976871,0
5,1,0.52289534,1
5,0,0.48562464,0
5,0,0.54442805,1
5,0,0.6477413,1
5,0,0.54772854,1
5,0,0.5792125,1
5,0,0.5614316,1
5,0,0.60437614,1
5,0,0.625924,1
5,0,0.6304165,1
5,0,0.6031388,1
5,0,0.5731385,1
5,0,0.569314,1
5,0,0.6999923,1
5,0,0.65497386,1
5,0,0.5651337,1
5,0,0.5353253,1
5,0,0.54687184,1
5,0,0.63588446,1
5,0,0.5073677,1
5,0,0.45163855,0
5,0,0.5539298,1
5,0,0.4520191,0
5,0,0.5585876,1
5,0,0.58401734,1
5,0,0.6209075,1
5,0,0.50638604,1
5,0,0.58345354,1
5,0,0.63212514,1
5,0,0.6345479,1
5,0,0.67759436,1
5,0,0.6233741,1
5,0,0.5371659,1
5,0,0.43711275,0
5,0,0.4542478,0
5,0,0.48076555,0
5,0,0.47857523,0
5,0,0.4942738,0
5,0,0.552514,1
5,0,0.5849704,1
5,0,0.67207944,1
5,0,0.56461513,1
5,0,0.71598977,1
5,0,0.6239491,1
5,0,0.66072303,1
5,1,0.86815494,1
5,1,0.8561085,1
5,1,0.6761945,1
5,1,0.7561425,1
5,1,0.78082323,1
5,1,0.8736271,1
5,1,0.656789,1
5,1,0.7905071,1
5,0,0.88963246,1
5,0,0.7864149,1
5,0,0.74078494,1
5,0,0.92803985,1
5,0,0.8325641,1
5,0,0.8407655,1
5,0,0.88578385,1
5,0,0.69228905,1
5,1,0.50605845,1
5,1,0.4798635,0
5,1,0.49728534,0
5,1,0.548865,1
5,1,0.56049186,1
5,1,0.60657084,1
5,1,0.4891566,0
5,1,0.56839925,1
5,1,0.60595614,1
5,1,0.4957243,0
5,1,0.542859,1
5,1,0.6429274,1
5,1,0.50323737,1
5,1,0.5239054,1
5,1,0.63242537,1
5,1,0.6046137,1
5,1,0.64186305,1
5,1,0.64770615,1
5,1,0.55589586,1
5,1,0.66602373,1
5,1,0.5323585,1
5,1,0.61939865,1
5,1,0.64298594,1
5,1,0.4262061,0
5,1,0.4851677,0
5,1,0.54090345,1
5,1,0.5680687,1
5,0,0.5056483,1
5,0,0.536008,1
5,0,0.42689925,0
5,0,0.5097376,1
5,0,0.4711367,0
5,0,0.461055,0
5,0,0.57357526,1
5,0,0.60549736,1
5,0,0.497516,0
5,0,0.5844308,1
5,0,0.59484476,1
5,0,0.48569393,0
5,0,0.5323397,1
5,0,0.5496455,1
5,0,0.5516476,1
5,0,0.52079266,1
5,0,0.5562069,1
5,0,0.400768,0
5,0,0.5082703,1
5,0,0.50485927,1
5,0,0.444336,0
5,0,0.43250674,0
5,0,0.41650274,0
5,0,0.43241414,0
5,0,0.3690559,0
5,0,0.49106655,0
5,0,0.5103367,1
5,0,0.43518615,0
5,0,0.46692386,0
5,0,0.44050318,0
5,0,0.43782142,0
5,0,0.5040733,1
5,0,0.40702277,0
5,0,0.5141442,1
5,0,0.5034105,1
5,0,0.5334576,1
5,0,0.5173204,1
5,0,0.47053647,0
5,0,0.5907712,1
5,0,0.5734376,1
5,0,0.55430925,1
5,0,0.53026265,1
5,0,0.56255466,1
5,0,0.51380354,1
5,0,0.6113976,1
5,0,0.5198487,1
5,0,0.57529134,1
5,0,0.58026195,1
5,0,0.5328751,1
5,0,0.586812,1
5,0,0.52826107,1
5,0,0.5381596,1
5,0,0.51044744,1
5,0,0.5566349,1
5,0,0.54210377,1
5,0,0.517062,1
5,1,0.5420859,1
5,1,0.6082394,1
5,1,0.6340814,1
5,1,0.6041956,1
5,1,0.5343219,1
5,1,0.6853492,1
5,1,0.5782402,1
5,1,0.6806723,1
5,0,0.66799545,1
5,0,0.554778,1
5,0,0.5841562,1
5,0,0.56530017,1
5,0,0.5476133,1
5,0,0.5031699,1
5,0,0.4897776,0
5,0,0.61192364,1
5,0,0.57779324,1
5,0,0.6194456,1
5,0,0.519579,1
5,0,0.65448517,1
5,0,0.7010448,1
5,0,0.54254925,1
5,0,0.5700632,1
5,0,0.48560718,0
5,0,0.6033394,1
5,0,0.4689505,0
5,0,0.49349004,0
5,0,0.44370198,0
5,0,0.5869596,1
5,0,0.5962976,1
5,0,0.5357113,1
5,0,0.6393379,1
5,0,0.49671444,0
5,0,0.5974352,1
5,0,0.5114688,1
5,0,0.6224864,1
5,1,0.5379317,1
5,1,0.64120775,1
5,1,0.5136202,1
5,1,0.47301036,0
5,1,0.54651356,1
5,1,0.59409946,1
5,1,0.53300846,1
5,1,0.5327164,1
5,1,0.4596524,0
5,1,0.4929068,0
5,1,0.42718786,0
5,1,0.48782596,0
5,1,0.40583798,0
5,1,0.5848049,1
5,1,0.485959,0
5,1,0.4114333,0
5,1,0.549227,1
5,1,0.4545668,0
5,1,0.68115324,1
5,1,0.5678594,1
5,1,0.3892855,0
5,1,0.5514836,1
5,1,0.27505824,0
5,1,0.25225008,0
5,1,0.28852692,0
5,0,0.15442497,0
5,0,0.19676583,0
5,0,0.13672532,0
5,0,0.18476884,0
5,0,0.11711422,0
5,0,0.4498369,0
5,0,0.17599383,0
5,0,0.12322261,0
5,0,0.2967106,0
5,1,0.36161226,0
5,1,0.35881338,0
5,1,0.35368657,0
5,1,0.3726432,0
5,1,0.37398386,0
5,1,0.3912808,0
5,1,0.4342646,0
5,1,0.43672037,0
5,1,0.43669242,0
5,1,0.3671967,0
5,1,0.3354941,0
5,1,0.37979558,0
5,1,0.32359952,0
5,1,0.35904425,0
5,1,0.45981973,0
5,1,0.42521107,0
5,1,0.5290385,1
5,1,0.3610231,0
5,1,0.4263051,0
5,1,0.4322944,0
5,1,0.43971452,0
5,1,0.41362652,0
5,1,0.40168253,0
5,1,0.5004444,1
5,1,0.38215774,0
5,1,0.4225715,0
5,1,0.48083302,0
5,1,0.4590387,0
5,1,0.50766754,1
5,1,0.36836115,0
5,1,0.39328468,0
5,1,0.39541242,0
5,1,0.48845273,0
5,1,0.5083906,1
5,1,0.5994116,1
5,1,0.6109409,1
5,1,0.6357367,1
5,1,0.54342324,1
5,1,0.6419037,1
5,1,0.5236811,1
5,1,0.62414217,1
5,1,0.6678612,1
5,1,0.47189814,0
5,1,0.5161285,1
5,1,0.5925074,1
5,1,0.4097631,0
5,1,0.58269316,1
5,1,0.43615535,0
5,1,0.47788695,0
5,1,0.49596614,0
5,1,0.43910637,0
5,1,0.5330309,1
5,1,0.51901484,1
5,1,0.49408823,0
5,1,0.48145518,0
5,1,0.55071783,1
5,1,0.49844617,0
5,1,0.50947404,1
5,1,0.5990141,1
5,1,0.5437353,1
5,1,0.5332389,1
5,1,0.6018428,1
5,1,0.46874806,0
5,1,0.5723189,1
5,1,0.47903767,0
5,1,0.53377473,1
5,1,0.46624646,0
5,1,0.51427865,1
5,1,0.4813357,0
5,1,0.5390068,1
5,1,0.46383175,0
5,1,0.49084473,0
5,1,0.49643728,0
5,1,0.5785082,1
5,1,0.51015556,1
5,1,0.55197835,1
5,1,0.42561692,0
5,1,0.5855848,1
5,1,0.569989,1
5,1,0.5541417,1
5,1,0.6119757,1
5,1,0.50290585,1
5,1,0.5314979,1
5,1,0.49999055,0
5,1,0.5019085,1
5,1,0.5898474,1
5,1,0.54211247,1
5,1,0.53800404,1
5,1,0.3930621,0
5,1,0.3997673,0
5,1,0.5655862,1
5,1,0.49002102,0
5,1,0.46594143,0
5,1,0.40744826,0
5,1,0.40274307,0
5,1,0.40233958,0
5,1,0.4394459,0
5,1,0.5226014,1
5,1,0.47654063,0
5,1,0.46664542,0
5,1,0.427535,0
5,1,0.4184155,0
5,1,0.49388656,0
5,1,0.57083315,1
5,1,0.47342512,0
5,1,0.5811131,1
5,1,0.5283824,1
5,1,0.5544968,1
5,1,0.49240395,0
5,1,0.5003548,1
5,1,0.5562165,1
5,1,0.5870533,1
5,1,0.6651446,1
5,1,0.5583281,1
5,1,0.7199606,1
5,1,0.61934894,1
5,1,0.6575333,1
5,1,0.71966004,1
5,1,0.6517871,1
5,1,0.7915178,1
5,1,0.72291994,1
5,1,0.7550202,1
5,1,0.75723946,1
5,1,0.790104,1
5,1,0.7687771,1
5,1,0.66037357,1
5,1,0.8003392,1
5,1,0.7263249,1
5,1,0.76999104,1
5,1,0.6327144,1
5,1,0.72680706,1
5,1,0.6237591,1
5,1,0.68729854,1
5,1,0.7483546,1
5,1,0.72597665,1
5,1,0.7213399,1
5,1,0.66767424,1
5,1,0.57558846,1
5,1,0.6554248,1
5,1,0.66761494,1
5,1,0.62366515,1
5,1,0.73722154,1
5,1,0.6587106,1
5,1,0.59208536,1
5,1,0.52785325,1
5,1,0.47912833,0
5,1,0.49683508,0
5,1,0.45976943,0
5,1,0.63350266,1
5,1,0.48719147,0
5,1,0.56131566,1
5,1,0.5640782,1
5,1,0.53089136,1
5,1,0.50042105,1
5,1,0.5128387,1
5,1,0.48638237,0
5,1,0.5483127,1
5,1,0.5164808,1
5,1,0.47308895,0
5,1,0.4423809,0
5,1,0.3890071,0
5,1,0.46487737,0
5,1,0.4442017,0
5,1,0.56505066,1
5,1,0.40534824,0
5,1,0.46142045,0
5,1,0.49371326,0
5,1,0.5634904,1
5,1,0.63127434,1
5,1,0.52425706,1
5,1,0.6825136,1
5,1,0.65357035,1
5,1,0.58755845,1
5,1,0.6430582,1
5,1,0.5676277,1
5,1,0.56039405,1
5,1,0.6059433,1
5,1,0.57537377,1
5,1,0.49731848,0
5,1,0.55495805,1
5,1,0.5225526,1
5,1,0.5686068,1
5,1,0.98873734,1
5,1,0.98853856,1
5,1,0.9887368,1
5,1,0.9918359,1
5,1,0.9906121,1
5,1,0.98830914,1
5,1,0.99379903,1
5,1,0.99339926,1
5,1,0.9930628,1
5,1,0.994337,1
5,1,0.9901204,1
5,1,0.98320067,1
5,1,0.9869118,1
5,1,0.9828918,1
5,1,0.97923046,1
5,1,0.9894326,1
5,1,0.97763205,1
5,1,0.97211,1
5,1,0.9891228,1
5,1,0.99179626,1
5,1,0.9806317,1
5,1,0.9869387,1
5,1,0.9271606,1
5,1,0.6278374,1
5,1,0.4834396,0
5,1,0.6636313,1
5,1,0.59354115,1
5,1,0.59196496,1
5,1,0.6213855,1
5,1,0.51833546,1
5,1,0.51794285,1
5,1,0.5957793,1
5,1,0.55490714,1
5,1,0.48636207,0
5,1,0.53734636,1
5,1,0.50568324,1
5,1,0.5326085,1
5,1,0.64435405,1
5,1,0.5724145,1
5,1,0.68137217,1
5,1,0.66414857,1
5,1,0.60121167,1
5,1,0.67471236,1
5,1,0.5527661,1
5,1,0.54245967,1
5,1,0.6142803,1
5,1,0.5832341,1
5,1,0.5108204,1
5,1,0.55370754,1
5,1,0.5353497,1
5,1,0.5500961,1
5,1,0.56400293,1
5,1,0.5001941,1
5,1,0.5904061,1
5,1,0.6445695,1
5,1,0.55619645,1
5,1,0.63650095,1
5,1,0.59916323,1
5,1,0.5506519,1
5,1,0.5714647,1
5,1,0.5639365,1
5,1,0.4804435,0
5,1,0.6086077,1
5,1,0.51718575,1
5,1,0.4762307,0
5,1,0.5805412,1
5,1,0.79016155,1
5,1,0.72629446,1
5,1,0.6609583,1
5,1,0.7838795,1
5,1,0.7076443,1
5,1,0.6600404,1
5,1,0.67934763,1
5,1,0.6992699,1
5,1,0.65622747,1
5,1,0.71421576,1
5,1,0.6346587,1
5,1,0.63419014,1
5,1,0.6328942,1
5,1,0.6189068,1
5,1,0.64120454,1
5,1,0.62257916,1
5,1,0.6427481,1
5,1,0.59879553,1
5,1,0.670085,1
5,1,0.72230893,1
5,1,0.6292479,1
5,1,0.6957745,1
5,1,0.58043194,1
5,1,0.7147972,1
5,1,0.69162774,1
5,1,0.7531454,1
5,1,0.8009189,1
5,1,0.7438904,1
5,1,0.70535374,1
5,1,0.6028249,1
5,1,0.49754894,0
5,1,0.62607884,1
5,1,0.6018493,1
5,1,0.53217083,1
5,1,0.5981761,1
5,1,0.535211,1
5,1,0.52243537,1
5,1,0.5908445,1
5,1,0.5312734,1
5,1,0.4808268,0
5,1,0.53803307,1
5,1,0.5224615,1
5,1,0.5772886,1
5,1,0.5920296,1
5,1,0.5562682,1
5,1,0.6191177,1
5,1,0.5195538,1
5,1,0.44169235,0
5,1,0.49639544,0
5,1,0.523912,1
5,1,0.5038023,1
5,1,0.5371659,1
5,1,0.43711275,0
5,1,0.4542478,0
5,1,0.48076555,0
5,1,0.47857523,0
5,1,0.4942738,0
5,1,0.552514,1
5,1,0.5849704,1
5,1,0.67207944,1
5,1,0.56461513,1
5,1,0.71598977,1
5,1,0.6239491,1
5,1,0.66072303,1
5,1,0.7148118,1
5,1,0.65264314,1
5,1,0.7941847,1
5,1,0.71181816,1
5,1,0.7485202,1
5,1,0.58634806,1
5,1,0.655417,1
5,1,0.76594293,1
5,1,0.76887244,1
5,1,0.7993669,1
5,1,0.81690764,1
5,1,0.8721754,1
5,1,0.82986146,1
5,1,0.84687084,1
5,1,0.76725525,1
5,1,0.8131234,1
5,1,0.8948211,1
5,1,0.7922268,1
5,1,0.6670356,1
5,1,0.6121571,1
5,1,0.71123844,1
5,1,0.7345047,1
5,1,0.6741548,1
5,1,0.6020008,1
5,1,0.63513386,1
5,1,0.90771633,1
5,1,0.8569093,1
5,1,0.6586386,1
5,1,0.8069833,1
5,1,0.91429967,1
5,1,0.9307551,1
5,1,0.8709734,1
5,1,0.8886367,1
5,1,0.864104,1
5,1,0.8920016,1
5,1,0.57061243,1
5,1,0.86068803,1
5,1,0.76750696,1
5,1,0.7209793,1
5,1,0.83838373,1
5,1,0.8671235,1
5,1,0.86401933,1
5,1,0.79285204,1
5,1,0.8491412,1
5,1,0.91980374,1
5,1,0.79719764,1
5,1,0.85961676,1
5,1,0.9481664,1
5,1,0.8144738,1
5,1,0.81919694,1
5,1,0.89620155,1
5,1,0.7726272,1
5,1,0.8250139,1
5,1,0.9138012,1
5,1,0.9137476,1
5,1,0.8035387,1
5,1,0.6601901,1
5,1,0.83448404,1
5,1,0.890815,1
5,1,0.9060517,1
5,1,0.9094046,1
5,1,0.8396458,1
5,1,0.89125794,1
5,1,0.9438078,1
5,1,0.9691529,1
5,0,0.5707977,1
5,0,0.61966956,1
5,0,0.53016216,1
5,0,0.537774,1
5,0,0.57434034,1
5,0,0.5544956,1
5,0,0.57465994,1
5,0,0.6430351,1
5,0,0.5410628,1
5,0,0.58645636,1
5,0,0.5600301,1
5,0,0.6140354,1
5,0,0.5946771,1
5,0,0.5574006,1
5,0,0.7054728,1
5,1,0.98654443,1
5,1,0.9883957,1
5,1,0.9863404,1
5,1,0.9901334,1
5,1,0.9893273,1
5,1,0.98570585,1
5,1,0.9922131,1
5,1,0.9944878,1
5,1,0.99328977,1
5,1,0.99531364,1
5,1,0.9848683,1
5,1,0.99008137,1
5,1,0.9820341,1
5,1,0.9837499,1
5,1,0.9812506,1
5,1,0.9867063,1
5,1,0.9711368,1
5,1,0.95745796,1
5,1,0.98401666,1
5,1,0.99336714,1
5,1,0.9761855,1
5,1,0.99149305,1
5,1,0.96449697,1
5,0,0.5016068,1
5,0,0.44306836,0
5,0,0.44680172,0
5,0,0.49151573,0
5,0,0.3897487,0
5,0,0.4921348,0
5,0,0.41465393,0
5,0,0.46506622,0
5,0,0.39620912,0
5,0,0.47524482,0
5,0,0.43173808,0
5,0,0.4129652,0
5,0,0.45392513,0
5,0,0.390798,0
5,0,0.41065958,0
5,0,0.47062007,0
5,0,0.38924944,0
5,0,0.44701356,0
5,1,0.35402706,0
5,1,0.4737048,0
5,1,0.45755833,0
5,1,0.49229053,0
5,1,0.51682097,1
5,1,0.48330116,0
5,1,0.47249153,0
5,1,0.41706052,0
5,1,0.49776623,0
5,1,0.5849194,1
5,0,0.5675457,1
5,0,0.48388255,0
5,0,0.4317005,0
5,0,0.44830495,0
5,0,0.60555446,1
5,0,0.5202815,1
5,0,0.54166365,1
5,0,0.45571473,0
5,0,0.5396654,1
5,0,0.52666545,1
5,0,0.4457532,0
5,0,0.45276654,0
5,0,0.54433936,1
5,0,0.5530955,1
5,0,0.61779755,1
5,0,0.48284024,0
5,0,0.54634285,1
5,0,0.55664957,1
5,0,0.47270972,0
5,0,0.54934305,1
5,0,0.6283767,1
5,0,0.49650943,0
5,0,0.52435493,1
5,0,0.61119413,1
5,0,0.6171555,1
5,0,0.63490546,1
5,0,0.6391594,1
5,0,0.5421476,1
5,0,0.6674569,1
5,0,0.53621817,1
5,0,0.59576136,1
5,0,0.6534023,1
5,0,0.41985583,0
5,0,0.483684,0
5,0,0.5426759,1
5,0,0.56232905,1
5,0,0.4665811,0
5,0,0.50789565,1
5,0,0.5791576,1
5,0,0.5140523,1
5,0,0.45764402,0
5,0,0.4438783,0
5,0,0.4979643,0
5,0,0.44935697,0
5,0,0.44829708,0
5,0,0.429218,0
5,0,0.46862686,0
5,0,0.4748829,0
5,0,0.44057474,0
5,0,0.45122007,0
5,0,0.43056294,0
5,0,0.4887272,0
5,0,0.5438151,1
5,0,0.417244,0
5,0,0.45072424,0
5,0,0.51328456,1
5,0,0.47594714,0
5,0,0.54772466,1
5,0,0.51794297,1
5,0,0.45521706,0
5,0,0.5019135,1
5,0,0.46792158,0
5,0,0.45361167,0
5,0,0.44414583,0
5,0,0.5135455,1
5,0,0.51597065,1
5,0,0.55955297,1
5,0,0.5362887,1
5,0,0.48195332,0
5,0,0.52027047,1
5,0,0.54054797,1
5,0,0.54478025,1
5,0,0.54506946,1
5,0,0.50731176,1
5,0,0.46159104,0
5,0,0.52019435,1
5,0,0.4984249,0
5,0,0.55047214,1
5,0,0.45527378,0
5,0,0.47169238,0
5,0,0.5301345,1
5,0,0.49493238,0
5,0,0.53390855,1
5,0,0.58839035,1
5,0,0.42791164,0
5,0,0.57303387,1
5,0,0.64459556,1
5,0,0.47955897,0
5,0,0.4363992,0
5,0,0.47955307,0
5,0,0.49478906,0
5,0,0.45968348,0
5,0,0.47346854,0
5,0,0.42962775,0
5,0,0.49553815,0
5,0,0.51826805,1
5,0,0.48943052,0
5,0,0.43924147,0
5,0,0.49530208,0
5,0,0.528109,1
5,0,0.52469635,1
5,0,0.5338386,1
5,0,0.526026,1
5,0,0.6018279,1
5,0,0.5922318,1
5,0,0.47597855,0
5,0,0.5273948,1
5,0,0.54086715,1
5,0,0.55590934,1
5,0,0.4800705,0
5,0,0.5082131,1
5,0,0.44467658,0
5,0,0.44895753,0
5,0,0.513089,1
5,0,0.46703944,0
5,0,0.45822293,0
5,0,0.4020187,0
5,0,0.52196425,1
5,0,0.46054894,0
5,0,0.5396101,1
5,0,0.57490736,1
5,0,0.42210954,0
5,0,0.4858501,0
5,0,0.4560433,0
5,0,0.45552352,0
5,0,0.5163043,1
5,0,0.40579313,0
5,0,0.4274052,0
5,0,0.43537122,0
5,0,0.44394764,0
5,0,0.4206158,0
5,0,0.41880327,0
5,0,0.48897728,0
5,0,0.42902467,0
5,0,0.4433717,0
5,0,0.44502637,0
5,0,0.43246272,0
5,0,0.42227468,0
5,0,0.4647036,0
5,0,0.47218242,0
5,0,0.46736357,0
5,0,0.56220883,1
5,0,0.4811569,0
5,0,0.505622,1
5,0,0.5016413,1
5,0,0.60077953,1
5,0,0.58907545,1
5,0,0.6086278,1
5,0,0.5423847,1
5,0,0.49342924,0
5,0,0.5578016,1
5,0,0.57047904,1
5,0,0.50382215,1
5,0,0.5602941,1
5,0,0.548107,1
5,0,0.52352947,1
5,0,0.47909465,0
5,0,0.5221141,1
5,0,0.75190365,1
5,0,0.4374441,0
5,0,0.52712,1
5,0,0.61727047,1
5,0,0.575354,1
5,0,0.60472447,1
5,0,0.5412061,1
5,0,0.5615934,1
5,0,0.48398077,0
5,0,0.53529346,1
5,0,0.43110886,0
5,0,0.45312887,0
5,0,0.5129494,1
5,0,0.56015027,1
5,0,0.45916432,0
5,0,0.4361685,0
5,0,0.6323281,1
5,0,0.558397,1
5,0,0.5683573,1
5,0,0.5319647,1
5,0,0.55741316,1
5,0,0.5878453,1
5,0,0.520587,1
5,0,0.52077216,1
5,0,0.733334,1
5,0,0.5006294,1
5,0,0.469141,0
5,0,0.5543074,1
5,0,0.53693867,1
5,0,0.4672734,0
5,0,0.51839453,1
5,0,0.48682526,0
5,0,0.5371339,1
5,0,0.44568998,0
5,0,0.47926903,0
5,0,0.46837512,0
5,0,0.48189676,0
5,0,0.48200893,0
5,0,0.54363227,1
5,0,0.48378143,0
5,0,0.5419572,1
5,0,0.54098916,1
5,0,0.52094316,1
5,0,0.5268878,1
5,1,0.52666545,1
5,1,0.47766432,0
5,1,0.62788945,1
5,1,0.6194208,1
5,1,0.5380306,1
5,1,0.6041905,1
5,1,0.528525,1
5,1,0.5181523,1
5,1,0.59516037,1
5,1,0.5483962,1
5,1,0.4732811,0
5,1,0.5359845,1
5,1,0.49973935,0
5,1,0.5269217,1
5,0,0.7534838,1
5,0,0.5258583,1
5,0,0.428809,0
5,0,0.5935919,1
5,0,0.7560459,1
5,0,0.64061415,1
5,0,0.5476807,1
5,0,0.6558237,1
5,0,0.6465768,1
5,0,0.5246531,1
5,0,0.60144275,1
5,0,0.63427645,1
5,0,0.656874,1
5,0,0.47272852,0
5,0,0.55693126,1
5,0,0.65496665,1
5,1,0.98513734,1
5,1,0.98704135,1
5,1,0.98504734,1
5,1,0.9894226,1
5,1,0.9883399,1
5,1,0.9879952,1
5,1,0.9881632,1
5,1,0.99208283,1
5,1,0.9886451,1
5,1,0.9903715,1
5,1,0.9856478,1
5,1,0.98736763,1
5,1,0.9827681,1
5,1,0.9782113,1
5,1,0.98336166,1
5,1,0.9905359,1
5,1,0.97601867,1
5,1,0.9773971,1
5,1,0.9897646,1
5,1,0.9881337,1
5,1,0.9816488,1
5,1,0.9828006,1
5,1,0.92269504,1
5,1,0.48901507,0
5,1,0.46840453,0
5,1,0.41871035,0
5,1,0.5086358,1
5,1,0.45917824,0
5,1,0.59528553,1
5,1,0.52550876,1
5,1,0.45877233,0
5,1,0.45812112,0
5,1,0.885688,1
5,1,0.8951387,1
5,1,0.9064243,1
5,1,0.9034044,1
5,1,0.9502174,1
5,1,0.9270636,1
5,1,0.8713446,1
5,1,0.67169434,1
5,1,0.5625772,1
5,1,0.69600815,1
5,1,0.66304094,1
5,1,0.5914641,1
5,1,0.66781855,1
5,1,0.5917012,1
5,1,0.57001317,1
5,1,0.6458939,1
5,1,0.58753234,1
5,1,0.54522455,1
5,1,0.6120985,1
5,1,0.6059534,1
5,1,0.6178563,1
5,1,0.50845367,1
5,1,0.62305343,1
5,1,0.50950384,1
5,1,0.5640811,1
5,1,0.64307606,1
5,1,0.6499739,1
5,1,0.6136888,1
5,1,0.7084512,1
5,1,0.6031311,1
5,1,0.6723044,1
5,1,0.7748139,1
5,1,0.74119604,1
5,1,0.7344945,1
5,1,0.6641822,1
5,1,0.763382,1
5,1,0.81760734,1
5,1,0.83204716,1
5,1,0.6793675,1
5,1,0.79228747,1
5,1,0.82933253,1
5,1,0.70530915,1
5,1,0.7003119,1
5,1,0.82427686,1
5,1,0.8679681,1
5,1,0.8473553,1
5,1,0.9533783,1
5,1,0.92869526,1
5,1,0.9253567,1
5,1,0.8720739,1
5,0,0.9472779,1
5,0,0.92433405,1
5,0,0.9541589,1
5,0,0.91426927,1
5,0,0.8876146,1
5,0,0.839888,1
5,0,0.9348583,1
5,0,0.9620185,1
5,0,0.9669835,1
5,0,0.902697,1
5,0,0.8561389,1
5,0,0.7885347,1
5,0,0.85724473,1
5,0,0.93359774,1
5,0,0.844563,1
5,1,0.50729066,1
5,1,0.5461951,1
5,1,0.50817317,1
5,1,0.55278736,1
5,1,0.55553156,1
5,1,0.57094175,1
5,1,0.53210604,1
5,1,0.5193206,1
5,1,0.48357958,0
5,1,0.5490581,1
5,1,0.69490886,1
5,1,0.52744657,1
5,1,0.6283594,1
5,1,0.380401,0
5,1,0.21089534,0
5,1,0.3202689,0
5,1,0.1743143,0
5,1,0.9131342,1
5,1,0.91828036,1
5,1,0.9532808,1
5,1,0.68222725,1
5,1,0.86956507,1
5,1,0.77507204,1
5,1,0.547758,1
5,1,0.8940311,1
5,0,0.5562874,1
5,0,0.63754326,1
5,0,0.62343574,1
5,0,0.55622876,1
5,0,0.5294144,1
5,0,0.58642477,1
5,0,0.6769525,1
5,0,0.6513567,1
5,0,0.6096579,1
5,0,0.53964114,1
5,0,0.61226004,1
5,0,0.62756664,1
5,0,0.5554571,1
5,0,0.6586762,1
5,0,0.53484267,1
5,1,0.48113674,0
5,1,0.47352284,0
5,1,0.3350725,0
5,1,0.48318046,0
5,1,0.47456187,0
5,1,0.4375329,0
5,1,0.60911626,1
5,1,0.43725634,0
5,1,0.48095098,0
5,1,0.5855109,1
5,1,0.42269805,0
5,1,0.54184705,1
5,1,0.39757806,0
5,1,0.5434513,1
5,1,0.52749276,1
5,1,0.39295125,0
5,1,0.30062044,0
5,1,0.4522673,0
5,1,0.65388435,1
5,1,0.6418331,1
5,1,0.602704,1
5,1,0.76709396,1
5,1,0.5878496,1
5,1,0.61653376,1
5,1,0.6492048,1
5,1,0.50459373,1
5,1,0.65747315,1
5,1,0.50435036,1
5,1,0.42777175,0
5,1,0.5392544,1
5,1,0.5359883,1
5,1,0.4896985,0
5,1,0.42480174,0
5,1,0.47351363,0
5,1,0.6348744,1
5,1,0.4765201,0
5,1,0.47976038,0
5,1,0.52234656,1
5,0,0.5681164,1
5,0,0.60983896,1
5,0,0.6330575,1
5,0,0.62046635,1
5,0,0.60180795,1
5,0,0.7131745,1
5,0,0.6793015,1
5,0,0.6194665,1
5,0,0.64910614,1
5,0,0.65730625,1
5,0,0.75842893,1
5,0,0.65475476,1
5,1,0.54498553,1
5,1,0.6196614,1
5,1,0.54210925,1
5,1,0.56570894,1
5,1,0.5654922,1
5,1,0.54810816,1
5,1,0.5742149,1
5,1,0.6130311,1
5,1,0.5732017,1
5,1,0.6051044,1
5,1,0.6546211,1
5,1,0.58787507,1
5,1,0.5250461,1
5,1,0.5529607,1
5,1,0.6064428,1
5,1,0.6119553,1
5,1,0.5418439,1
5,1,0.56306344,1
5,1,0.65541303,1
5,0,0.8436701,1
5,0,0.8808528,1
5,0,0.83941674,1
5,0,0.8685477,1
5,0,0.8646502,1
5,0,0.82732564,1
5,0,0.86895955,1
5,0,0.8628958,1
5,0,0.7946,1
5,0,0.8377916,1
5,0,0.85884184,1
5,0,0.78178495,1
5,0,0.8978203,1
5,0,0.8942524,1
5,0,0.82741874,1
5,1,0.5845885,1
5,1,0.4493354,0
5,1,0.60021067,1
5,1,0.5675928,1
5,1,0.51005536,1
5,1,0.54910886,1
5,1,0.5022782,1
5,1,0.4841047,0
5,1,0.5217938,1
5,1,0.49632064,0
5,1,0.46234548,0
5,1,0.49244928,0
5,1,0.4529772,0
5,1,0.5045899,1
5,1,0.73665714,1
5,1,0.5979159,1
5,1,0.6749326,1
5,1,0.6133431,1
5,1,0.61999726,1
5,1,0.7298786,1
5,1,0.61421824,1
5,1,0.7123671,1
5,1,0.69820136,1
5,1,0.6799268,1
5,1,0.7047378,1
5,1,0.66606355,1
5,1,0.7186995,1
5,1,0.56947494,1
5,1,0.8804814,1
5,1,0.8283229,1
5,1,0.8854786,1
5,1,0.8998777,1
5,1,0.86329544,1
5,1,0.8579308,1
5,1,0.63803566,1
5,1,0.92746323,1
5,1,0.9093857,1
5,1,0.929161,1
5,1,0.9504921,1
5,1,0.6255569,1
5,1,0.58705086,1
5,1,0.6094277,1
5,1,0.6277976,1
5,1,0.6337557,1
5,1,0.6173672,1
5,1,0.5982852,1
5,1,0.5605958,1
5,1,0.6193998,1
5,1,0.46794543,0
5,1,0.50318986,1
5,1,0.55635947,1
5,1,0.608361,1
5,1,0.5944202,1
5,1,0.5483974,1
5,1,0.47771928,0
5,1,0.572677,1
5,1,0.63970065,1
5,1,0.5525202,1
5,1,0.6179449,1
5,1,0.6013032,1
5,1,0.5484287,1
5,1,0.5947037,1
5,1,0.61384785,1
5,1,0.63502914,1
5,1,0.53784114,1
5,1,0.6376817,1
5,1,0.520994,1
5,1,0.62288713,1
5,1,0.6643116,1
5,1,0.4660596,0
5,0,0.47795984,0
5,0,0.55437964,1
5,0,0.5043978,1
5,0,0.58398753,1
5,0,0.5336268,1
5,0,0.4867802,0
5,0,0.6310351,1
5,0,0.6365663,1
5,0,0.62079877,1
5,0,0.59184355,1
5,0,0.66061556,1
5,0,0.5640499,1
5,0,0.5258194,1
5,0,0.5593423,1
5,0,0.65643984,1
5,0,0.6085788,1
5,0,0.6540258,1
5,0,0.5995448,1
5,0,0.60136354,1
5,0,0.7294153,1
5,0,0.6043078,1
5,0,0.74030346,1
5,0,0.7333097,1
5,0,0.7128256,1
5,0,0.6933631,1
5,1,0.43283424,0
5,1,0.47675285,0
5,1,0.4933653,0
5,1,0.43513888,0
5,1,0.5249426,1
5,1,0.5089186,1
5,1,0.48777112,0
5,0,0.47574174,0
5,0,0.45949945,0
5,0,0.44936186,0
5,0,0.52840686,1
5,0,0.54109854,1
5,1,0.5090732,1
5,1,0.595835,1
5,1,0.53544664,1
5,1,0.5282674,1
5,1,0.59665173,1
5,1,0.4647981,0
5,1,0.5694253,1
5,0,0.36514536,0
5,0,0.42399016,0
5,0,0.44157353,0
5,0,0.45399153,0
5,0,0.41902342,0
5,0,0.45466465,0
5,0,0.49085143,0
5,0,0.40483934,0
5,0,0.45831844,0
5,0,0.4517781,0
5,0,0.42787707,0
5,0,0.398393,0
5,0,0.49035156,0
5,0,0.4803615,0
5,0,0.4668635,0
5,0,0.5853897,1
5,0,0.5052907,1
5,0,0.45820507,0
5,1,0.50230914,1
5,1,0.37459826,0
5,1,0.4003645,0
5,1,0.40237883,0
5,1,0.49118823,0
5,1,0.5183098,1
5,1,0.45297846,0
5,1,0.4974296,0
5,1,0.39681438,0
5,1,0.52671164,1
5,1,0.5599948,1
5,1,0.5697968,1
5,1,0.46051896,0
5,1,0.44090956,0
5,1,0.5844946,1
5,1,0.4767375,0
5,1,0.5467034,1
5,1,0.50262964,1
5,1,0.52095187,1
5,1,0.48925483,0
5,1,0.63299364,1
5,1,0.62121993,1
5,1,0.61591506,1
5,1,0.59262264,1
5,1,0.65847564,1
5,1,0.56024987,1
5,1,0.52737033,1
5,1,0.7706196,1
5,1,0.7109492,1
5,1,0.7785442,1
5,1,0.7422445,1
5,1,0.71603256,1
5,1,0.6908398,1
5,1,0.75071985,1
5,1,0.7796114,1
5,1,0.8611343,1
5,1,0.82569116,1
5,1,0.82205087,1
5,1,0.7427996,1
5,1,0.80894923,1
5,1,0.84355223,1
5,1,0.75910264,1
5,1,0.8691226,1
5,1,0.83989465,1
5,1,0.8153016,1
5,1,0.80892736,1
5,1,0.5405809,1
5,1,0.6305799,1
5,1,0.70096844,1
5,1,0.5691558,1
5,1,0.60421115,1
5,1,0.5954295,1
5,1,0.58805287,1
5,1,0.5780336,1
5,1,0.6729728,1
5,1,0.62923306,1
5,1,0.5298608,1
5,1,0.6458864,1
5,1,0.669945,1
5,1,0.54753894,1
5,1,0.5787669,1
5,1,0.648473,1
5,1,0.6947939,1
5,1,0.5474417,1
5,1,0.5650812,1
5,1,0.66129446,1
5,1,0.7680565,1
5,1,0.7218733,1
5,1,0.5682613,1
5,1,0.72157866,1
5,1,0.72772247,1
5,1,0.82649624,1
5,1,0.8017252,1
5,1,0.70726043,1
5,1,0.68812096,1
5,1,0.84807855,1
5,1,0.7403674,1
5,1,0.7730351,1
5,1,0.8426789,1
5,1,0.54176253,1
5,1,0.4384904,0
5,1,0.48103935,0
5,1,0.45497337,0
5,1,0.43919605,0
5,1,0.44861773,0
5,1,0.40418512,0
5,1,0.43225133,0
5,1,0.4636275,0
5,1,0.4739757,0
5,1,0.44760936,0
5,1,0.4725355,0
5,1,0.5061685,1
5,1,0.53220665,1
5,1,0.54444814,1
5,1,0.6140572,1
5,1,0.5320444,1
5,1,0.6099224,1
5,1,0.54047436,1
5,1,0.4716678,0
5,1,0.47736406,0
5,1,0.5098994,1
5,1,0.49085614,0
5,1,0.41165182,0
5,1,0.43633148,0
5,1,0.5174724,1
5,1,0.46901417,0
5,1,0.41795748,0
5,1,0.5079604,1
5,1,0.44603506,0
5,1,0.7111006,1
5,1,0.602425,1
5,1,0.6880627,1
5,1,0.61150604,1
5,1,0.61657405,1
5,1,0.7225795,1
5,1,0.59557396,1
5,1,0.74169004,1
5,1,0.7153741,1
5,1,0.69342124,1
5,1,0.7134764,1
5,1,0.7095747,1
5,1,0.72062343,1
5,1,0.59901553,1
5,1,0.65157294,1
5,1,0.7006203,1
5,1,0.6546408,1
5,1,0.726733,1
5,1,0.6188583,1
5,1,0.68110454,1
5,1,0.6446477,1
5,1,0.68623817,1
5,1,0.5674508,1
5,1,0.5581549,1
5,1,0.61030436,1
5,1,0.57748735,1
5,1,0.56492966,1
5,1,0.48375472,0
5,1,0.5453974,1
5,1,0.6305902,1
5,1,0.6778477,1
5,1,0.563907,1
5,1,0.6526914,1
5,1,0.5669502,1
5,1,0.61002195,1
5,1,0.57583034,1
5,1,0.6121519,1
5,1,0.6201775,1
5,1,0.58657515,1
5,1,0.64562213,1
5,1,0.65999615,1
5,1,0.5730004,1
5,1,0.6402161,1
5,1,0.6335887,1
5,1,0.70152885,1
5,1,0.6137326,1
5,1,0.6375564,1
5,1,0.5448282,1
5,1,0.63003016,1
5,1,0.45496488,0
5,1,0.53166324,1
5,1,0.4018065,0
5,1,0.54137766,1
5,1,0.5724825,1
5,1,0.45942655,0
5,1,0.5278256,1
5,1,0.50573474,1
5,1,0.4707799,0
5,1,0.4314234,0
5,1,0.49997443,0
5,1,0.5438221,1
5,1,0.3830728,0
5,1,0.5401097,1
5,1,0.30896816,0
5,1,0.4602637,0
5,1,0.4265556,0
5,1,0.5754703,1
5,1,0.5022014,1
5,1,0.38041574,0
5,0,0.8408055,1
5,0,0.77432954,1
5,0,0.8650375,1
5,0,0.87899363,1
5,0,0.7949147,1
5,0,0.8653476,1
5,0,0.7602824,1
5,0,0.76860946,1
5,0,0.7947705,1
5,0,0.67312247,1
5,0,0.8429686,1
5,0,0.7984796,1
5,0,0.8323164,1
5,0,0.601736,1
5,0,0.7875079,1
5,0,0.7571535,1
5,0,0.8342929,1
5,0,0.8315433,1
5,0,0.5453923,1
5,0,0.7884586,1
5,0,0.65217626,1
5,0,0.48058027,0
5,0,0.61604047,1
5,0,0.67136705,1
5,1,0.6599697,1
5,1,0.7186616,1
5,1,0.7428555,1
5,1,0.6730117,1
5,1,0.82797587,1
5,1,0.7151275,1
5,1,0.74907416,1
5,1,0.6428295,1
5,1,0.7556777,1
5,1,0.6555513,1
5,1,0.6552257,1
5,1,0.6730753,1
5,1,0.66047734,1
5,1,0.5422839,1
