Fold,Label,Prob,Preds
1,1,0.5652659,1
1,1,0.575447,1
1,1,0.58048785,1
1,1,0.60763025,1
1,1,0.6088708,1
1,1,0.6373231,1
1,1,0.70353913,1
1,1,0.64438367,1
1,1,0.5866903,1
1,1,0.6042325,1
1,1,0.6292667,1
1,1,0.62326646,1
1,1,0.59670776,1
1,1,0.5780863,1
1,1,0.64733577,1
1,1,0.64733577,1
1,1,0.67573196,1
1,1,0.6710211,1
1,1,0.68259746,1
1,1,0.6925707,1
1,1,0.68868864,1
1,1,0.642529,1
1,1,0.64513874,1
1,1,0.59479743,1
1,1,0.603692,1
1,1,0.5872797,1
1,1,0.5761975,1
1,1,0.56428754,1
1,1,0.5450558,1
1,1,0.61728454,1
1,1,0.62546426,1
1,1,0.59234244,1
1,1,0.6267855,1
1,1,0.62990266,1
1,1,0.53079766,1
1,1,0.5780466,1
1,1,0.6467623,1
1,1,0.662809,1
1,1,0.6104973,1
1,1,0.5660007,1
1,1,0.43439075,0
1,1,0.6161713,1
1,1,0.60207355,1
1,1,0.60943305,1
1,1,0.556035,1
1,1,0.5628866,1
1,1,0.5244443,1
1,1,0.5367422,1
1,1,0.52363145,1
1,1,0.54104406,1
1,1,0.5381899,1
1,1,0.52319133,1
1,1,0.530611,1
1,1,0.5403346,1
1,1,0.53140634,1
1,1,0.5339328,1
1,1,0.5600543,1
1,1,0.5600543,1
1,1,0.54996127,1
1,1,0.55195415,1
1,1,0.56253904,1
1,1,0.54156286,1
1,1,0.5279425,1
1,1,0.515971,1
1,1,0.5089105,1
1,1,0.43489358,0
1,1,0.5099165,1
1,1,0.534647,1
1,1,0.5262813,1
1,1,0.5262813,1
1,1,0.51718825,1
1,1,0.49637195,0
1,0,0.35231072,0
1,0,0.36694854,0
1,0,0.35608983,0
1,0,0.32069644,0
1,0,0.33674487,0
1,0,0.394924,0
1,0,0.34919062,0
1,0,0.36102238,0
1,0,0.4174427,0
1,0,0.563017,1
1,0,0.6284493,1
1,0,0.5210603,1
1,0,0.55161136,1
1,0,0.55263764,1
1,0,0.5184704,1
1,0,0.5184704,1
1,0,0.5902474,1
1,0,0.62278754,1
1,0,0.5976564,1
1,0,0.5686007,1
1,0,0.5686007,1
1,0,0.4649619,0
1,0,0.53778064,1
1,0,0.58509314,1
1,0,0.5794184,1
1,0,0.5593073,1
1,0,0.5377574,1
1,0,0.5232145,1
1,0,0.53072065,1
1,0,0.56172884,1
1,0,0.57596433,1
1,0,0.5561221,1
1,0,0.59487617,1
1,0,0.507491,1
1,0,0.6699963,1
1,0,0.62057626,1
1,0,0.5562438,1
1,0,0.42496362,0
1,0,0.32051528,0
1,0,0.54210895,1
1,0,0.5523913,1
1,0,0.5523913,1
1,1,0.42998815,0
1,1,0.52996475,1
1,1,0.5724399,1
1,1,0.5019879,1
1,1,0.4526807,0
1,1,0.4296417,0
1,1,0.40961796,0
1,1,0.35469782,0
1,1,0.44248927,0
1,1,0.3653318,0
1,1,0.4883788,0
1,1,0.5107672,1
1,1,0.5592633,1
1,1,0.416064,0
1,1,0.45726302,0
1,1,0.45726302,0
1,1,0.45726302,0
1,1,0.45726302,0
1,1,0.51742494,1
1,1,0.6460759,1
1,1,0.68013686,1
1,1,0.667273,1
1,1,0.59237945,1
1,1,0.667273,1
1,1,0.67356575,1
1,1,0.57960236,1
1,1,0.34979615,0
1,1,0.41112489,0
1,1,0.56507826,1
1,1,0.64707094,1
1,1,0.6147923,1
1,1,0.61506414,1
1,1,0.61919457,1
1,1,0.4347917,0
1,1,0.14426579,0
1,1,0.12605916,0
1,1,0.03698435,0
1,1,0.044239946,0
1,1,0.07426592,0
1,1,0.04902303,0
1,1,0.68293995,1
1,1,0.6543827,1
1,1,0.87236476,1
1,1,0.95754474,1
1,1,0.94198966,1
1,1,0.96725357,1
1,1,0.9682561,1
1,1,0.99299896,1
1,1,0.9890519,1
1,1,0.99182844,1
1,1,0.99822754,1
1,1,0.99779034,1
1,1,0.9986015,1
1,1,0.9970913,1
1,1,0.9919225,1
1,1,0.99648726,1
1,1,0.9993943,1
1,1,0.9977977,1
1,1,0.98728836,1
1,1,0.55291915,1
1,1,0.55291915,1
1,1,0.56516457,1
1,1,0.6076203,1
1,1,0.6199152,1
1,1,0.61705285,1
1,1,0.6344942,1
1,1,0.64418703,1
1,1,0.64418703,1
1,1,0.62535244,1
1,1,0.6594358,1
1,1,0.60990095,1
1,1,0.6331688,1
1,1,0.6974869,1
1,1,0.7448081,1
1,0,0.5175877,1
1,0,0.5287341,1
1,0,0.53415424,1
1,0,0.56369513,1
1,0,0.56369513,1
1,0,0.6223681,1
1,0,0.6586185,1
1,0,0.67261183,1
1,0,0.68610775,1
1,0,0.69403106,1
1,0,0.74064046,1
1,0,0.7787821,1
1,0,0.77782184,1
1,0,0.7862849,1
1,0,0.76544434,1
1,0,0.7678537,1
1,0,0.78666306,1
1,0,0.78293175,1
1,0,0.7080257,1
1,0,0.68714595,1
1,0,0.64506334,1
1,0,0.64823437,1
1,0,0.62694424,1
1,0,0.55784225,1
1,0,0.5930086,1
1,0,0.5552176,1
1,0,0.56716037,1
1,0,0.5849334,1
1,0,0.61582464,1
1,0,0.56139714,1
1,0,0.6049912,1
1,0,0.58135194,1
1,0,0.58135194,1
1,0,0.62688214,1
1,0,0.5545511,1
1,1,0.12412558,0
1,1,0.13932393,0
1,1,0.14246523,0
1,1,0.20041668,0
1,1,0.10889519,0
1,1,0.05034192,0
1,1,0.02540684,0
1,1,0.01388137,0
1,1,0.025932461,0
1,1,0.011758699,0
1,1,0.024695715,0
1,1,0.08348635,0
1,1,0.1547087,0
1,1,0.066263705,0
1,1,0.057944722,0
1,1,0.057944722,0
1,1,0.11435973,0
1,0,0.57456344,1
1,0,0.5613889,1
1,0,0.59133095,1
1,0,0.5758516,1
1,0,0.5583636,1
1,0,0.56281126,1
1,0,0.5786176,1
1,0,0.57997924,1
1,0,0.5878056,1
1,0,0.55849195,1
1,1,0.26669043,0
1,1,0.26669043,0
1,1,0.26669043,0
1,1,0.26669043,0
1,1,0.26669043,0
1,1,0.27338037,0
1,1,0.31506303,0
1,1,0.33244982,0
1,1,0.22328104,0
1,1,0.44188303,0
1,1,0.4539383,0
1,1,0.49181786,0
1,1,0.49660027,0
1,1,0.4915913,0
1,1,0.50273454,1
1,1,0.5111858,1
1,0,0.5090351,1
1,0,0.54871374,1
1,0,0.6043819,1
1,0,0.5224056,1
1,0,0.5241689,1
1,0,0.5196973,1
1,0,0.49975193,0
1,0,0.5582824,1
1,0,0.585223,1
1,0,0.57820904,1
1,0,0.54525596,1
1,0,0.57070106,1
1,0,0.507008,1
1,0,0.48609596,0
1,0,0.4686339,0
1,0,0.44658557,0
1,0,0.4018362,0
1,0,0.4018362,0
1,0,0.5124962,1
1,0,0.51329577,1
1,0,0.5831003,1
1,0,0.58873856,1
1,0,0.5834766,1
1,0,0.54892874,1
1,0,0.5440921,1
1,0,0.64371955,1
1,0,0.64371955,1
1,0,0.64743865,1
1,0,0.7518294,1
1,0,0.75992453,1
1,0,0.69819796,1
1,0,0.6424405,1
1,0,0.67715317,1
1,0,0.56119865,1
1,0,0.55495065,1
1,0,0.52966267,1
1,0,0.5445577,1
1,0,0.5731462,1
1,0,0.5701856,1
1,0,0.59934497,1
1,0,0.57785153,1
1,0,0.55696064,1
1,0,0.59891087,1
1,0,0.6005031,1
1,0,0.5866002,1
1,0,0.63035786,1
1,0,0.6260804,1
1,0,0.6343236,1
1,0,0.6375355,1
1,0,0.66641474,1
1,0,0.65848035,1
1,0,0.65848035,1
1,0,0.6885377,1
1,0,0.60178494,1
1,0,0.5884073,1
1,0,0.5684609,1
1,0,0.5592838,1
1,0,0.52727115,1
1,0,0.57060057,1
1,0,0.600309,1
1,0,0.5808574,1
1,0,0.5629681,1
1,0,0.5829124,1
1,0,0.58604175,1
1,0,0.58604175,1
1,0,0.5839273,1
1,0,0.57337403,1
1,0,0.5293149,1
1,0,0.6082141,1
1,0,0.6029351,1
1,0,0.6442154,1
1,0,0.6442154,1
1,0,0.6693802,1
1,0,0.6232407,1
1,0,0.5966326,1
1,0,0.5970631,1
1,0,0.61041886,1
1,0,0.62877274,1
1,0,0.62091446,1
1,0,0.62091446,1
1,0,0.6024218,1
1,0,0.62885183,1
1,0,0.62996143,1
1,0,0.546507,1
1,0,0.5533492,1
1,0,0.46574664,0
1,0,0.45608443,0
1,0,0.42130607,0
1,0,0.41858527,0
1,0,0.40765527,0
1,0,0.47314706,0
1,0,0.5557413,1
1,0,0.55478394,1
1,0,0.5630954,1
1,0,0.5396983,1
1,0,0.5677724,1
1,0,0.5365461,1
1,0,0.52521443,1
1,0,0.5282679,1
1,0,0.5282679,1
1,0,0.5365461,1
1,0,0.51949334,1
1,0,0.5242708,1
1,0,0.51115674,1
1,0,0.5107672,1
1,0,0.5129597,1
1,0,0.48007542,0
1,0,0.3438722,0
1,0,0.34256256,0
1,0,0.33191195,0
1,0,0.26222423,0
1,0,0.4312174,0
1,0,0.5509308,1
1,0,0.5534906,1
1,0,0.53241384,1
1,0,0.53241384,1
1,0,0.59057075,1
1,0,0.5776648,1
1,0,0.5904519,1
1,0,0.6038554,1
1,0,0.5924833,1
1,0,0.65550965,1
1,0,0.6563397,1
1,0,0.66993135,1
1,0,0.6720777,1
1,0,0.5934792,1
1,0,0.5934792,1
1,0,0.5934792,1
1,0,0.4998205,0
1,0,0.475362,0
1,0,0.4998205,0
1,0,0.4998205,0
1,0,0.47846553,0
1,0,0.524412,1
1,0,0.50946116,1
1,0,0.5107672,1
1,0,0.5107672,1
1,0,0.53361243,1
1,0,0.53361243,1
1,0,0.52483267,1
1,0,0.52483267,1
1,0,0.5254674,1
1,0,0.5254674,1
1,0,0.5316,1
1,0,0.53079736,1
1,0,0.5421435,1
1,0,0.5396238,1
1,0,0.4371571,0
1,0,0.4882884,0
1,0,0.49392718,0
1,0,0.23808637,0
1,0,0.30788177,0
1,0,0.39748886,0
1,0,0.46560746,0
1,0,0.5099795,1
1,0,0.548701,1
1,0,0.548701,1
1,0,0.5312695,1
1,0,0.5406411,1
1,0,0.5447607,1
1,0,0.5319262,1
1,0,0.5225077,1
1,0,0.5380293,1
1,0,0.52844316,1
1,0,0.5470367,1
1,0,0.5779712,1
1,0,0.53364366,1
1,0,0.5368402,1
1,0,0.5726502,1
1,0,0.5858806,1
1,0,0.5914616,1
1,0,0.5951341,1
1,0,0.5849612,1
1,0,0.5978429,1
1,0,0.61705434,1
1,0,0.6348378,1
1,0,0.6901838,1
1,0,0.7440392,1
1,0,0.7440392,1
1,0,0.71395034,1
1,0,0.5203958,1
1,0,0.71395034,1
1,0,0.55948526,1
1,0,0.4892059,0
1,0,0.5869221,1
1,0,0.5330764,1
1,0,0.48413655,0
1,0,0.52856207,1
1,0,0.557755,1
1,0,0.55581135,1
1,0,0.5886635,1
1,0,0.4958364,0
1,0,0.55182135,1
1,0,0.5412269,1
1,0,0.5043049,1
1,0,0.59669495,1
1,0,0.6090404,1
1,0,0.5967725,1
1,0,0.6382847,1
1,0,0.6041375,1
1,0,0.62378734,1
1,0,0.6629336,1
1,0,0.7011547,1
1,0,0.7088608,1
1,0,0.7186962,1
1,0,0.7929463,1
1,0,0.73847204,1
1,0,0.6801642,1
1,0,0.6851144,1
1,0,0.71236527,1
1,0,0.6073653,1
1,0,0.6159366,1
1,0,0.6513567,1
1,0,0.63071376,1
1,0,0.60566366,1
1,0,0.6095859,1
1,0,0.5580547,1
1,0,0.510861,1
1,0,0.4834591,0
1,0,0.47636813,0
1,0,0.4123675,0
1,0,0.42674613,0
1,0,0.45605025,0
1,0,0.42988077,0
1,0,0.42988077,0
1,0,0.4331418,0
1,0,0.42220342,0
1,0,0.48553613,0
1,0,0.46503648,0
1,0,0.46503648,0
1,0,0.47527122,0
1,0,0.5203935,1
1,0,0.5203935,1
1,0,0.540698,1
1,0,0.5389702,1
1,0,0.5748051,1
1,0,0.58627653,1
1,0,0.60108423,1
1,0,0.60975224,1
1,0,0.59555846,1
1,0,0.5849965,1
1,0,0.59930384,1
1,0,0.62154156,1
1,0,0.6359991,1
1,0,0.62154156,1
1,0,0.65782934,1
1,0,0.61312413,1
1,0,0.6533717,1
1,0,0.64911443,1
1,0,0.63087535,1
1,0,0.5776472,1
1,0,0.5520669,1
1,0,0.49507412,0
1,0,0.43100148,0
1,0,0.51141936,1
1,0,0.5115745,1
1,0,0.57183504,1
1,0,0.57183504,1
1,0,0.58042634,1
1,0,0.59461987,1
1,0,0.5767474,1
1,0,0.46874163,0
1,0,0.34937578,0
1,0,0.35198593,0
1,0,0.5494256,1
1,0,0.61163324,1
1,0,0.6333437,1
1,0,0.6461562,1
1,0,0.6489894,1
1,0,0.64123213,1
1,0,0.6590187,1
1,0,0.6515658,1
1,0,0.623176,1
1,0,0.65188575,1
1,0,0.6566164,1
1,0,0.5662796,1
1,0,0.6142804,1
1,0,0.61637115,1
1,0,0.5420955,1
1,0,0.61449385,1
1,0,0.62413377,1
1,0,0.57712793,1
1,0,0.59771913,1
1,0,0.539502,1
1,0,0.43748686,0
1,0,0.46764296,0
1,0,0.460808,0
1,0,0.48915768,0
1,0,0.46359164,0
1,0,0.3318628,0
1,0,0.4631843,0
1,0,0.43739292,0
1,0,0.37292373,0
1,0,0.41617817,0
1,0,0.3565347,0
1,0,0.30070984,0
1,0,0.43018,0
1,0,0.41199976,0
1,0,0.42871004,0
1,0,0.42216077,0
1,0,0.4202962,0
1,0,0.4441648,0
1,0,0.42231447,0
1,0,0.41063306,0
1,0,0.44717202,0
1,0,0.39100617,0
1,0,0.3867731,0
1,0,0.36412105,0
1,0,0.37170023,0
1,0,0.42887044,0
1,0,0.4153061,0
1,0,0.44996077,0
1,0,0.40988776,0
1,0,0.4437426,0
1,0,0.47259256,0
1,0,0.5168299,1
1,0,0.4977375,0
1,0,0.5699808,1
1,0,0.5699808,1
1,0,0.5964444,1
1,0,0.61495066,1
1,0,0.61375004,1
1,0,0.61117333,1
1,0,0.61862195,1
1,1,0.56818664,1
1,1,0.5488387,1
1,1,0.46788743,0
1,1,0.47828048,0
1,1,0.45113984,0
1,1,0.26078922,0
1,1,0.26371843,0
1,1,0.46305588,0
1,1,0.44044128,0
1,1,0.49761626,0
1,1,0.7295215,1
1,1,0.70331997,1
1,1,0.8944305,1
1,1,0.95754474,1
1,1,0.94198966,1
1,1,0.96725357,1
1,1,0.9682561,1
1,1,0.99299896,1
1,1,0.9890519,1
1,1,0.99182844,1
1,1,0.99822754,1
1,1,0.99779034,1
1,1,0.9986015,1
1,1,0.9970913,1
1,1,0.9919225,1
1,1,0.99648726,1
1,1,0.9993943,1
1,1,0.9977977,1
1,1,0.98728836,1
1,0,0.056838088,0
1,0,0.11126217,0
1,0,0.11836135,0
1,0,0.06916616,0
1,0,0.042671643,0
1,0,0.04866345,0
1,0,0.026919411,0
1,0,0.05337971,0
1,0,0.10890585,0
1,0,0.06785667,0
1,0,0.030350523,0
1,0,0.027054125,0
1,0,0.06016327,0
1,0,0.1676434,0
1,0,0.1676434,0
1,0,0.1676434,0
1,0,0.14980549,0
1,0,0.2081878,0
1,0,0.30605116,0
1,0,0.4401987,0
1,0,0.53225285,1
1,0,0.65919966,1
1,0,0.64222133,1
1,0,0.60556537,1
1,0,0.59600395,1
1,0,0.60391206,1
1,0,0.56370634,1
1,0,0.5427211,1
1,0,0.5260029,1
1,0,0.55624974,1
1,0,0.56687146,1
1,0,0.5418397,1
1,0,0.5418397,1
1,0,0.5132095,1
1,0,0.44604945,0
1,0,0.4273109,0
1,0,0.34198427,0
1,0,0.34198427,0
1,0,0.3980174,0
1,0,0.4254575,0
1,0,0.4665866,0
1,0,0.491561,0
1,0,0.53295785,1
1,0,0.551896,1
1,0,0.551896,1
1,0,0.54657936,1
1,0,0.5600369,1
1,0,0.5600369,1
1,0,0.5893611,1
1,0,0.62610465,1
1,0,0.58541656,1
1,0,0.5737263,1
1,0,0.60260206,1
1,0,0.57359856,1
1,0,0.57882935,1
1,0,0.5874253,1
1,0,0.5874253,1
1,0,0.56566596,1
1,0,0.5617391,1
1,0,0.5422671,1
1,0,0.5469586,1
1,0,0.46652198,0
1,0,0.4357827,0
1,0,0.4357827,0
1,0,0.4232925,0
1,0,0.4232925,0
1,0,0.5283343,1
1,1,0.5374802,1
1,1,0.5239623,1
1,1,0.60339427,1
1,1,0.60339427,1
1,1,0.63920206,1
1,1,0.5955594,1
1,1,0.60014033,1
1,1,0.6466815,1
1,1,0.7056835,1
1,0,0.8162555,1
1,0,0.76749974,1
1,0,0.7413245,1
1,0,0.6484308,1
1,0,0.63328415,1
1,0,0.5921391,1
1,0,0.6315628,1
1,0,0.6315628,1
1,0,0.5405736,1
1,0,0.5825289,1
1,0,0.58808404,1
1,0,0.65066653,1
1,0,0.6393936,1
1,0,0.6637839,1
1,0,0.61341316,1
1,0,0.6086158,1
1,0,0.5247616,1
1,0,0.5166389,1
1,0,0.50647515,1
1,0,0.5493129,1
1,0,0.5528807,1
1,0,0.5522539,1
1,0,0.55316365,1
1,0,0.61028504,1
1,0,0.6023964,1
1,0,0.5910271,1
1,0,0.59320074,1
1,0,0.5401104,1
1,0,0.5135798,1
1,0,0.59050477,1
1,0,0.5779705,1
1,0,0.6226136,1
1,0,0.6023142,1
1,0,0.58633554,1
1,0,0.59877944,1
1,0,0.5911272,1
1,0,0.62548006,1
1,0,0.62548006,1
1,0,0.6575482,1
1,0,0.6433898,1
1,0,0.55951494,1
1,0,0.54462093,1
1,0,0.5911106,1
1,0,0.50752443,1
1,0,0.5205294,1
1,0,0.4457172,0
1,0,0.41916692,0
1,0,0.45647967,0
1,0,0.44227302,0
1,0,0.46295822,0
1,0,0.47707394,0
1,0,0.5352103,1
1,0,0.52704895,1
1,0,0.5522287,1
1,0,0.5694258,1
1,0,0.5784246,1
1,0,0.55967945,1
1,0,0.5496297,1
1,0,0.5427616,1
1,0,0.5520531,1
1,0,0.5566685,1
1,0,0.5566685,1
1,0,0.56436795,1
1,0,0.58254653,1
1,0,0.5774331,1
1,0,0.5773063,1
1,0,0.55462873,1
1,0,0.5726723,1
1,0,0.43819976,0
1,0,0.36110517,0
1,0,0.25401708,0
1,0,0.51869094,1
1,0,0.24029535,0
1,0,0.49716103,0
1,0,0.26979423,0
1,0,0.5211619,1
1,0,0.41889304,0
1,0,0.42427632,0
1,0,0.33405867,0
1,0,0.3807785,0
1,0,0.35461286,0
1,0,0.41904417,0
1,0,0.3321384,0
1,0,0.4440495,0
1,0,0.40292782,0
1,0,0.40790787,0
1,0,0.4554003,0
1,0,0.45484143,0
1,0,0.45484143,0
1,0,0.45894155,0
1,0,0.4631085,0
1,0,0.47857508,0
1,0,0.510113,1
1,0,0.4742527,0
1,0,0.47726664,0
1,0,0.53793126,1
1,0,0.4807032,0
1,0,0.52777344,1
1,0,0.5212243,1
1,0,0.54062635,1
1,0,0.5281632,1
1,0,0.5267778,1
1,1,0.514844,1
1,1,0.53235954,1
1,1,0.5135551,1
1,1,0.53701407,1
1,1,0.47632852,0
1,1,0.48497027,0
1,1,0.55824655,1
1,1,0.48698094,0
1,1,0.3610525,0
1,0,0.31387734,0
1,0,0.2786426,0
1,0,0.38459167,0
1,0,0.18152873,0
1,0,0.4056097,0
1,0,0.4142388,0
1,0,0.29365236,0
1,0,0.3697164,0
1,0,0.51776886,1
1,0,0.41446605,0
1,0,0.5453167,1
1,0,0.53795296,1
1,0,0.52162755,1
1,0,0.63585556,1
1,0,0.65514785,1
1,0,0.66620666,1
1,0,0.6505337,1
1,0,0.62242645,1
1,0,0.58163786,1
1,0,0.65932304,1
1,0,0.62277484,1
1,0,0.5757532,1
1,0,0.61441904,1
1,0,0.6316353,1
1,0,0.5866966,1
1,0,0.5742468,1
1,0,0.55844796,1
1,0,0.5639002,1
1,0,0.5535706,1
1,0,0.53881323,1
1,0,0.53605574,1
1,0,0.5446536,1
1,0,0.5249378,1
1,0,0.54031456,1
1,0,0.5041606,1
1,0,0.5324548,1
1,0,0.5523895,1
1,0,0.4754069,0
1,0,0.3927995,0
1,0,0.3310968,0
1,0,0.3960196,0
1,0,0.32560387,0
1,0,0.28162602,0
1,0,0.29992232,0
1,0,0.2104328,0
1,0,0.20152588,0
1,1,0.2491742,0
1,1,0.27715766,0
1,1,0.23672125,0
1,1,0.13097563,0
1,1,0.13339335,0
1,1,0.2206079,0
1,1,0.32233107,0
1,1,0.32292998,0
1,1,0.3878893,0
1,1,0.3878893,0
1,1,0.44616786,0
1,1,0.5013807,1
1,1,0.53412586,1
1,0,0.53412586,1
1,0,0.517331,1
1,0,0.5341387,1
1,0,0.53330356,1
1,0,0.5262089,1
1,0,0.5641191,1
1,0,0.5577387,1
1,0,0.5588167,1
1,0,0.5836918,1
1,0,0.5876525,1
1,0,0.60714203,1
1,0,0.65981895,1
1,0,0.6540513,1
1,0,0.6451815,1
1,0,0.60921013,1
1,0,0.58231044,1
1,0,0.60972315,1
1,0,0.60713226,1
1,0,0.58725226,1
1,0,0.6286644,1
1,0,0.5841181,1
1,0,0.66922987,1
1,0,0.7765278,1
1,1,0.7357753,1
1,1,0.701057,1
1,1,0.5683695,1
1,1,0.469885,0
1,1,0.4568999,0
1,1,0.48013029,0
1,1,0.5069351,1
1,1,0.54630744,1
1,1,0.5757658,1
1,1,0.60841656,1
1,1,0.690079,1
1,1,0.5898063,1
1,1,0.699845,1
1,1,0.56028455,1
1,1,0.37613127,0
1,1,0.68293995,1
1,1,0.6543827,1
1,1,0.87236476,1
1,1,0.95754474,1
1,1,0.94198966,1
1,1,0.96725357,1
1,1,0.9682561,1
1,1,0.99299896,1
1,1,0.9890519,1
1,1,0.99182844,1
1,1,0.99822754,1
1,1,0.99779034,1
1,1,0.9986015,1
1,1,0.9970913,1
1,1,0.9919225,1
1,1,0.99648726,1
1,1,0.9993943,1
1,1,0.9977977,1
1,1,0.98728836,1
1,1,0.28565317,0
1,1,0.28026822,0
1,1,0.15435947,0
1,1,0.07691959,0
1,1,0.054969985,0
1,1,0.10666391,0
1,1,0.6775266,1
1,1,0.65059227,1
1,1,0.6314666,1
1,1,0.6314666,1
1,1,0.6374515,1
1,1,0.5693371,1
1,1,0.58928174,1
1,1,0.6455226,1
1,1,0.57955104,1
1,1,0.58412904,1
1,1,0.5741291,1
1,1,0.6072659,1
1,1,0.62667567,1
1,1,0.6473898,1
1,1,0.5732612,1
1,1,0.6051798,1
1,1,0.66544574,1
1,1,0.6896467,1
1,1,0.6507674,1
1,1,0.59875417,1
1,1,0.5900017,1
1,1,0.52903926,1
1,1,0.5576396,1
1,1,0.55392545,1
1,1,0.53493494,1
1,1,0.574271,1
1,1,0.5169349,1
1,1,0.4607055,0
1,1,0.30286917,0
1,1,0.25289643,0
1,1,0.4764255,0
1,1,0.5243516,1
1,1,0.458074,0
1,1,0.46691155,0
1,1,0.49797258,0
1,1,0.5122512,1
1,1,0.5446293,1
1,1,0.53170407,1
1,1,0.40766427,0
1,1,0.42104998,0
1,1,0.46614724,0
1,1,0.44416296,0
1,1,0.518661,1
1,1,0.538233,1
1,1,0.41757673,0
1,1,0.48209655,0
1,1,0.5825161,1
1,1,0.6064797,1
1,1,0.6138636,1
1,1,0.60967654,1
1,1,0.49426302,0
1,1,0.5131152,1
1,1,0.50261116,1
1,1,0.58860165,1
1,1,0.5347717,1
1,1,0.5655809,1
1,1,0.5566969,1
1,1,0.61288005,1
1,1,0.6400502,1
1,1,0.6062985,1
1,1,0.6153515,1
1,1,0.564359,1
1,1,0.564359,1
1,1,0.4328866,0
1,1,0.39686033,0
1,1,0.4423073,0
1,1,0.39020383,0
1,1,0.3378566,0
1,1,0.5910643,1
1,1,0.56873894,1
1,1,0.45491225,0
1,1,0.48304865,0
1,1,0.61081356,1
1,1,0.5397983,1
1,1,0.55444175,1
1,1,0.55444175,1
1,1,0.6165757,1
1,1,0.6756678,1
1,1,0.73589426,1
1,1,0.62329966,1
1,1,0.65739894,1
1,1,0.6875566,1
1,1,0.6365753,1
1,1,0.59092057,1
1,1,0.6146338,1
1,1,0.6146338,1
1,1,0.5991317,1
1,1,0.5563077,1
1,1,0.50826496,1
1,1,0.50826496,1
1,1,0.51226616,1
1,1,0.5244667,1
1,1,0.53646046,1
1,1,0.54737985,1
1,1,0.5611581,1
1,1,0.56082714,1
1,1,0.56082714,1
1,1,0.55913067,1
1,1,0.33207962,0
1,1,0.3772919,0
1,1,0.3295524,0
1,1,0.39002943,0
1,1,0.4435903,0
1,1,0.47081307,0
1,1,0.38045132,0
1,1,0.38690183,0
1,1,0.45639437,0
1,1,0.44134504,0
1,1,0.5842676,1
1,1,0.6032284,1
1,1,0.6032284,1
1,1,0.59073657,1
1,1,0.62112314,1
1,1,0.5939531,1
1,1,0.47342083,0
1,1,0.5753887,1
1,1,0.5925776,1
1,1,0.5350666,1
1,1,0.56595117,1
1,1,0.5389178,1
1,1,0.49718323,0
1,1,0.47277915,0
1,1,0.53709847,1
1,1,0.5036731,1
1,1,0.6141034,1
1,1,0.6205125,1
1,1,0.62311256,1
1,1,0.55773896,1
1,1,0.41212738,0
1,1,0.30640653,0
1,1,0.3060408,0
1,1,0.36416388,0
1,1,0.36416388,0
1,1,0.6760944,1
1,1,0.667409,1
1,1,0.72928476,1
1,1,0.6817294,1
1,1,0.7093021,1
1,1,0.6916414,1
1,1,0.71709186,1
1,1,0.7058574,1
1,1,0.7257142,1
1,1,0.7013925,1
1,1,0.6051303,1
1,1,0.6278793,1
1,1,0.6385036,1
1,1,0.63535285,1
1,1,0.652401,1
1,1,0.64043945,1
1,1,0.61179674,1
1,1,0.6303915,1
1,1,0.66929805,1
1,1,0.56608886,1
1,1,0.60400105,1
1,1,0.60400105,1
1,1,0.60400105,1
1,1,0.5818877,1
1,1,0.5930943,1
1,1,0.58676875,1
1,1,0.56968415,1
1,1,0.56968415,1
1,1,0.5621987,1
1,1,0.5937948,1
1,1,0.49705407,0
1,1,0.5012541,1
1,1,0.51658744,1
1,1,0.46834463,0
1,1,0.50557613,1
1,1,0.55755347,1
1,1,0.56138945,1
1,1,0.6013655,1
1,1,0.5633752,1
1,1,0.42948648,0
1,1,0.39538643,0
1,1,0.17716898,0
1,1,0.32152593,0
1,1,0.1878582,0
1,1,0.42647326,0
1,1,0.22451004,0
1,1,0.4386379,0
1,1,0.5108369,1
1,1,0.5471671,1
1,1,0.6743502,1
1,1,0.6599399,1
1,1,0.7284732,1
1,1,0.72798556,1
1,1,0.802312,1
1,1,0.7573315,1
1,1,0.8464864,1
1,1,0.90504414,1
1,1,0.89072317,1
1,1,0.89072317,1
1,1,0.89072317,1
1,1,0.91663086,1
1,1,0.85729295,1
1,1,0.78301513,1
1,1,0.76941496,1
1,1,0.8558212,1
1,1,0.8519814,1
1,1,0.8359657,1
1,1,0.7681175,1
1,1,0.75085974,1
1,1,0.8343596,1
1,1,0.8446034,1
1,1,0.76078886,1
1,1,0.68725854,1
1,1,0.60767585,1
1,1,0.5987876,1
1,1,0.5993988,1
1,1,0.5418509,1
1,1,0.55832815,1
1,1,0.55832815,1
1,1,0.5092397,1
1,1,0.5900727,1
1,1,0.6317137,1
1,1,0.62379056,1
1,1,0.6756392,1
1,1,0.6756392,1
1,1,0.64027125,1
1,1,0.61910903,1
1,1,0.65976924,1
1,1,0.62320596,1
1,1,0.6009589,1
1,1,0.6251057,1
1,1,0.6132977,1
1,1,0.5961817,1
1,1,0.60477734,1
1,1,0.5765858,1
1,1,0.61827034,1
1,1,0.54792327,1
1,1,0.56161624,1
1,1,0.5221095,1
1,1,0.55679965,1
1,1,0.5743598,1
1,1,0.5465626,1
1,1,0.46176344,0
1,1,0.4629308,0
1,1,0.5140587,1
1,1,0.52619606,1
1,1,0.5553342,1
1,1,0.55910736,1
1,1,0.53889716,1
1,1,0.57376206,1
1,1,0.5712666,1
1,1,0.5927161,1
1,1,0.5633301,1
1,1,0.5633301,1
1,1,0.5689781,1
1,1,0.60302144,1
1,1,0.60302144,1
1,1,0.30797842,0
1,1,0.3040994,0
1,1,0.23307931,0
1,1,0.23763455,0
1,1,0.30320856,0
1,1,0.3758696,0
1,1,0.4091633,0
1,1,0.4084248,0
1,1,0.398452,0
1,1,0.41009927,0
1,1,0.45246378,0
1,1,0.4949154,0
1,1,0.49763358,0
1,1,0.45806268,0
1,1,0.56280595,1
1,1,0.5553675,1
1,1,0.57736075,1
1,1,0.5089609,1
1,1,0.46167922,0
1,1,0.46167922,0
1,1,0.51622427,1
1,1,0.5946035,1
1,1,0.56679887,1
1,1,0.49465773,0
1,1,0.56539977,1
1,1,0.513368,1
1,1,0.5299546,1
1,1,0.4919988,0
1,1,0.4820985,0
1,1,0.48930204,0
2,1,0.33781612,0
2,1,0.483811,0
2,1,0.7788799,1
2,1,0.6994262,1
2,1,0.83317184,1
2,1,0.84308875,1
2,1,0.96555895,1
2,1,0.9670446,1
2,1,0.98066574,1
2,1,0.9964044,1
2,1,0.9970797,1
2,1,0.9987921,1
2,1,0.9973557,1
2,1,0.99323374,1
2,1,0.99766004,1
2,1,0.99955016,1
2,1,0.99871063,1
2,1,0.9955764,1
2,1,0.5568234,1
2,1,0.5337779,1
2,1,0.51000494,1
2,1,0.48549122,0
2,1,0.50286233,1
2,1,0.5203415,1
2,1,0.5082229,1
2,1,0.4918325,0
2,1,0.47708318,0
2,1,0.47520465,0
2,1,0.47024423,0
2,1,0.4770015,0
2,1,0.46905556,0
2,1,0.46905556,0
2,1,0.5112909,1
2,1,0.5409289,1
2,1,0.554046,1
2,1,0.5658869,1
2,1,0.62498814,1
2,1,0.6191684,1
2,1,0.63508725,1
2,1,0.61782676,1
2,1,0.6129394,1
2,1,0.64872825,1
2,1,0.63601446,1
2,1,0.61881673,1
2,1,0.63801974,1
2,1,0.37409243,0
2,1,0.36766648,0
2,1,0.3973927,0
2,1,0.48492005,0
2,1,0.42959455,0
2,1,0.41061187,0
2,1,0.4132172,0
2,1,0.4026683,0
2,1,0.4026683,0
2,1,0.4026683,0
2,1,0.41232753,0
2,1,0.4283532,0
2,1,0.47902972,0
2,1,0.49034944,0
2,1,0.51302946,1
2,1,0.48541048,0
2,1,0.50037783,1
2,1,0.4771902,0
2,1,0.47591737,0
2,1,0.52109236,1
2,1,0.5278647,1
2,1,0.5188002,1
2,1,0.5283869,1
2,1,0.53691983,1
2,1,0.53452337,1
2,1,0.50080985,1
2,1,0.51042783,1
2,1,0.5480435,1
2,1,0.33117864,0
2,1,0.32359967,0
2,1,0.3215282,0
2,1,0.335007,0
2,1,0.37857857,0
2,1,0.37857857,0
2,1,0.35498628,0
2,1,0.34788492,0
2,1,0.3092346,0
2,1,0.30106753,0
2,1,0.34492588,0
2,1,0.3434667,0
2,1,0.36147013,0
2,1,0.33259737,0
2,1,0.46069673,0
2,1,0.46396655,0
2,1,0.5124403,1
2,1,0.53090525,1
2,1,0.53510463,1
2,1,0.5466562,1
2,1,0.5879006,1
2,1,0.6274063,1
2,1,0.6136428,1
2,1,0.60813826,1
2,1,0.59991395,1
2,1,0.5875605,1
2,1,0.5811605,1
2,1,0.5889711,1
2,1,0.47172126,0
2,1,0.49451244,0
2,1,0.47172126,0
2,1,0.47172126,0
2,1,0.47865656,0
2,1,0.49645177,0
2,1,0.500958,1
2,1,0.5109172,1
2,1,0.54292554,1
2,1,0.5690106,1
2,1,0.54561543,1
2,1,0.5385715,1
2,1,0.55843216,1
2,1,0.54301476,1
2,1,0.5162066,1
2,1,0.48282906,0
2,1,0.5100415,1
2,1,0.5375296,1
2,1,0.5955832,1
2,1,0.5200826,1
2,1,0.49372205,0
2,1,0.49453583,0
2,1,0.49560556,0
2,1,0.501654,1
2,1,0.49453583,0
2,1,0.49453583,0
2,1,0.47123903,0
2,1,0.47159997,0
2,1,0.47159997,0
2,1,0.467558,0
2,1,0.46754554,0
2,1,0.49466723,0
2,1,0.48604208,0
2,1,0.49019533,0
2,1,0.4552263,0
2,1,0.40942124,0
2,1,0.39652792,0
2,1,0.3934397,0
2,1,0.40011385,0
2,1,0.413591,0
2,1,0.42740658,0
2,1,0.413591,0
2,1,0.403568,0
2,1,0.4061814,0
2,1,0.40371385,0
2,1,0.42875576,0
2,1,0.42953607,0
2,1,0.418983,0
2,1,0.42953607,0
2,1,0.5117156,1
2,1,0.470038,0
2,1,0.4644357,0
2,1,0.45890158,0
2,1,0.45207524,0
2,1,0.45128623,0
2,1,0.45551604,0
2,1,0.46686006,0
2,1,0.45092422,0
2,1,0.4177267,0
2,1,0.30958766,0
2,1,0.34218815,0
2,1,0.39694446,0
2,1,0.45205155,0
2,1,0.4528225,0
2,1,0.54229134,1
2,1,0.5656042,1
2,1,0.60336345,1
2,1,0.558686,1
2,1,0.55587447,1
2,1,0.54445255,1
2,1,0.5839897,1
2,1,0.58477473,1
2,1,0.56049883,1
2,1,0.64675224,1
2,1,0.68449134,1
2,1,0.5658213,1
2,1,0.5895785,1
2,1,0.64285904,1
2,1,0.5898986,1
2,1,0.4701874,0
2,1,0.42487133,0
2,1,0.3329998,0
2,1,0.37975684,0
2,1,0.3478601,0
2,1,0.37474948,0
2,1,0.618855,1
2,1,0.585332,1
2,1,0.6390201,1
2,1,0.6390201,1
2,1,0.5149926,1
2,1,0.5888745,1
2,1,0.5489219,1
2,1,0.68982947,1
2,1,0.6410428,1
2,1,0.65704936,1
2,1,0.5947587,1
2,1,0.5428572,1
2,1,0.41498262,0
2,1,0.4899847,0
2,1,0.5067516,1
2,1,0.50164205,1
2,1,0.4780193,0
2,1,0.4517002,0
2,1,0.4473506,0
2,1,0.4473506,0
2,1,0.42615506,0
2,1,0.4367941,0
2,1,0.4297557,0
2,1,0.48258898,0
2,1,0.45595017,0
2,1,0.49435446,0
2,1,0.46790573,0
2,1,0.43925473,0
2,1,0.5044722,1
2,1,0.5044722,1
2,1,0.52885085,1
2,1,0.47671282,0
2,1,0.5167185,1
2,1,0.526023,1
2,1,0.5158435,1
2,1,0.49339247,0
2,1,0.45235234,0
2,1,0.4352333,0
2,1,0.4371683,0
2,1,0.47035122,0
2,1,0.47146264,0
2,1,0.48251086,0
2,1,0.4895326,0
2,1,0.4629115,0
2,1,0.5064946,1
2,1,0.5208236,1
2,1,0.5154902,1
2,1,0.44557336,0
2,1,0.425362,0
2,1,0.5955689,1
2,1,0.56579524,1
2,1,0.56579524,1
2,1,0.59014684,1
2,1,0.6650404,1
2,1,0.57943726,1
2,1,0.5419644,1
2,1,0.5890109,1
2,1,0.597494,1
2,1,0.6405744,1
2,1,0.6405744,1
2,1,0.6347319,1
2,1,0.64848465,1
2,1,0.65561855,1
2,1,0.64730036,1
2,1,0.66357934,1
2,1,0.6642453,1
2,1,0.6295394,1
2,1,0.60131395,1
2,1,0.6177406,1
2,1,0.66331387,1
2,1,0.62486327,1
2,1,0.41376472,0
2,1,0.41811475,0
2,1,0.43611103,0
2,1,0.48118058,0
2,1,0.4938131,0
2,1,0.49861225,0
2,1,0.46217874,0
2,1,0.48875165,0
2,1,0.55829364,1
2,1,0.5204683,1
2,1,0.5751618,1
2,1,0.54393286,1
2,1,0.5751618,1
2,1,0.5910924,1
2,1,0.57019424,1
2,1,0.5703917,1
2,1,0.53659654,1
2,1,0.53659654,1
2,1,0.45993024,0
2,1,0.44729075,0
2,1,0.44729075,0
2,1,0.51189387,1
2,1,0.5246071,1
2,1,0.4185853,0
2,1,0.42367807,0
2,1,0.46883154,0
2,1,0.48601976,0
2,1,0.5010773,1
2,1,0.5010773,1
2,1,0.47836205,0
2,1,0.52528495,1
2,1,0.48970434,0
2,1,0.5109859,1
2,1,0.52320635,1
2,1,0.49247274,0
2,1,0.45679158,0
2,1,0.455652,0
2,1,0.44817308,0
2,1,0.44817308,0
2,1,0.47589836,0
2,1,0.4796172,0
2,1,0.48638412,0
2,1,0.45543364,0
2,1,0.46550867,0
2,1,0.39485323,0
2,1,0.3994952,0
2,1,0.41398603,0
2,1,0.39922473,0
2,1,0.3513066,0
2,1,0.40484202,0
2,1,0.45047548,0
2,1,0.42661908,0
2,1,0.40452304,0
2,1,0.39897177,0
2,1,0.39782238,0
2,1,0.65119135,1
2,1,0.6089817,1
2,1,0.57545006,1
2,1,0.56578916,1
2,1,0.59298676,1
2,1,0.56719226,1
2,1,0.5615217,1
2,1,0.5354786,1
2,1,0.50146765,1
2,1,0.50146765,1
2,1,0.50568163,1
2,1,0.5446789,1
2,1,0.5502738,1
2,1,0.5601856,1
2,1,0.5954462,1
2,1,0.4566506,0
2,1,0.4566506,0
2,1,0.46529886,0
2,1,0.49395874,0
2,1,0.48695228,0
2,1,0.49853534,0
2,1,0.53940976,1
2,1,0.45986152,0
2,1,0.4677529,0
2,1,0.4677529,0
2,1,0.42095852,0
2,1,0.4118695,0
2,1,0.4118695,0
2,1,0.3095241,0
2,1,0.35777223,0
2,1,0.40987945,0
2,1,0.28708476,0
2,1,0.44731975,0
2,1,0.40086368,0
2,1,0.42930993,0
2,1,0.43216467,0
2,1,0.42777663,0
2,1,0.41755715,0
2,1,0.43046126,0
2,1,0.4368353,0
2,1,0.40743628,0
2,1,0.40274385,0
2,1,0.42219716,0
2,1,0.42147684,0
2,1,0.42147684,0
2,1,0.43793285,0
2,1,0.44435117,0
2,1,0.38417402,0
2,1,0.36457056,0
2,1,0.37637505,0
2,1,0.38035676,0
2,1,0.41233188,0
2,1,0.43293315,0
2,1,0.50526273,1
2,1,0.5010962,1
2,1,0.5010962,1
2,1,0.5184477,1
2,1,0.5134851,1
2,1,0.5303577,1
2,1,0.46107483,0
2,1,0.53894293,1
2,1,0.53894293,1
2,1,0.54965043,1
2,1,0.5389078,1
2,1,0.5323949,1
2,1,0.5339286,1
2,1,0.5339286,1
2,1,0.53966075,1
2,1,0.5543671,1
2,1,0.59758013,1
2,1,0.6107876,1
2,1,0.6313239,1
2,1,0.66302884,1
2,1,0.65646565,1
2,1,0.3668493,0
2,1,0.38880774,0
2,1,0.41582343,0
2,1,0.43036544,0
2,1,0.4354127,0
2,1,0.4750272,0
2,1,0.48673013,0
2,1,0.42819953,0
2,1,0.42772958,0
2,1,0.46311772,0
2,1,0.457125,0
2,1,0.46437186,0
2,1,0.4630535,0
2,1,0.42804947,0
2,1,0.51945627,1
2,1,0.5507761,1
2,1,0.4039587,0
2,1,0.4116596,0
2,1,0.44583535,0
2,1,0.46398538,0
2,1,0.38063118,0
2,1,0.38382238,0
2,1,0.36145073,0
2,1,0.3423638,0
2,1,0.33559462,0
2,1,0.333039,0
2,1,0.3524351,0
2,1,0.35386193,0
2,1,0.4659294,0
2,1,0.49044102,0
2,1,0.4379345,0
2,1,0.4262142,0
2,1,0.48709542,0
2,1,0.5085015,1
2,1,0.51697326,1
2,1,0.6007278,1
2,1,0.68935204,1
2,1,0.7937066,1
2,1,0.7860321,1
2,1,0.77904856,1
2,1,0.7258519,1
2,1,0.6911037,1
2,1,0.6931016,1
2,1,0.6915675,1
2,1,0.67503667,1
2,1,0.7268641,1
2,1,0.776237,1
2,1,0.74242747,1
2,1,0.72802156,1
2,1,0.7268213,1
2,0,0.4153873,0
2,0,0.37750098,0
2,0,0.38432235,0
2,0,0.43172553,0
2,0,0.44374996,0
2,0,0.47197452,0
2,0,0.47989184,0
2,0,0.492534,0
2,0,0.49525174,0
2,0,0.47593692,0
2,0,0.47593692,0
2,0,0.49677393,0
2,0,0.49869785,0
2,0,0.49869785,0
2,0,0.48485154,0
2,0,0.48485154,0
2,0,0.48485154,0
2,0,0.46818125,0
2,0,0.487434,0
2,0,0.48781008,0
2,0,0.49889794,0
2,0,0.49845925,0
2,0,0.495284,0
2,0,0.49106482,0
2,0,0.47778493,0
2,0,0.47041023,0
2,0,0.42712504,0
2,0,0.4024603,0
2,0,0.4080465,0
2,0,0.4674635,0
2,0,0.45803162,0
2,0,0.49310905,0
2,0,0.49771446,0
2,0,0.4927286,0
2,0,0.49012738,0
2,0,0.42368233,0
2,0,0.4727692,0
2,0,0.49715775,0
2,0,0.49715775,0
2,0,0.5089513,1
2,0,0.42926055,0
2,0,0.4961715,0
2,0,0.47323397,0
2,0,0.48206863,0
2,0,0.40506616,0
2,0,0.40670392,0
2,0,0.43253133,0
2,0,0.43822417,0
2,0,0.38122052,0
2,0,0.36750036,0
2,0,0.41257212,0
2,0,0.33404988,0
2,0,0.34181827,0
2,0,0.3368903,0
2,0,0.3368903,0
2,0,0.38783053,0
2,0,0.39324248,0
2,0,0.45509425,0
2,0,0.41641712,0
2,0,0.41641712,0
2,0,0.41315764,0
2,0,0.39666942,0
2,0,0.4368507,0
2,0,0.47453627,0
2,0,0.44326293,0
2,0,0.52028245,1
2,0,0.5708285,1
2,0,0.5440171,1
2,0,0.50414735,1
2,0,0.4318324,0
2,0,0.43834144,0
2,0,0.45446366,0
2,0,0.45925507,0
2,0,0.4954455,0
2,0,0.531302,1
2,0,0.518263,1
2,0,0.5333646,1
2,0,0.548703,1
2,0,0.5193336,1
2,0,0.5737058,1
2,0,0.5849555,1
2,0,0.58727545,1
2,0,0.55840033,1
2,0,0.5249235,1
2,0,0.4876257,0
2,1,0.36533767,0
2,1,0.35981178,0
2,1,0.45359835,0
2,1,0.48690504,0
2,1,0.49754503,0
2,1,0.5094344,1
2,1,0.6202747,1
2,1,0.66433483,1
2,1,0.69328916,1
2,1,0.6785374,1
2,1,0.6515525,1
2,1,0.6201843,1
2,1,0.65099734,1
2,1,0.63666755,1
2,1,0.623147,1
2,1,0.4041183,0
2,1,0.4412287,0
2,1,0.50673455,1
2,1,0.47830537,0
2,1,0.5034616,1
2,1,0.4619219,0
2,1,0.42892024,0
2,1,0.420797,0
2,1,0.33781612,0
2,1,0.483811,0
2,1,0.7788799,1
2,1,0.6994262,1
2,1,0.83317184,1
2,1,0.84308875,1
2,1,0.96555895,1
2,1,0.9670446,1
2,1,0.98066574,1
2,1,0.9964044,1
2,1,0.9970797,1
2,1,0.9987921,1
2,1,0.9973557,1
2,1,0.99323374,1
2,1,0.99766004,1
2,1,0.99955016,1
2,1,0.99871063,1
2,1,0.9955764,1
2,1,0.49373668,0
2,1,0.48747784,0
2,1,0.4990803,0
2,1,0.5262576,1
2,1,0.537763,1
2,1,0.5273544,1
2,1,0.45993477,0
2,1,0.4301893,0
2,1,0.37062725,0
2,1,0.38615775,0
2,1,0.3998041,0
2,1,0.40874484,0
2,0,0.3178371,0
2,0,0.37071455,0
2,0,0.3874193,0
2,0,0.38688812,0
2,0,0.35339245,0
2,0,0.36045444,0
2,0,0.3687931,0
2,0,0.36877552,0
2,0,0.38943848,0
2,0,0.38764435,0
2,0,0.37766182,0
2,0,0.40642744,0
2,0,0.3882349,0
2,0,0.35828677,0
2,0,0.36663264,0
2,0,0.3246699,0
2,0,0.31337038,0
2,0,0.2970362,0
2,0,0.30593187,0
2,0,0.33015934,0
2,0,0.32879132,0
2,0,0.34254462,0
2,0,0.34348622,0
2,0,0.36744466,0
2,0,0.4181755,0
2,0,0.41955382,0
2,0,0.37192717,0
2,0,0.37933528,0
2,0,0.41538185,0
2,0,0.40502027,0
2,0,0.48102668,0
2,0,0.45670688,0
2,0,0.48616996,0
2,0,0.4414733,0
2,0,0.43072534,0
2,0,0.40240037,0
2,0,0.4425829,0
2,0,0.48674822,0
2,0,0.49234563,0
2,0,0.39711192,0
2,0,0.44183066,0
2,0,0.5237273,1
2,0,0.45639881,0
2,0,0.43195432,0
2,0,0.42145914,0
2,0,0.4314792,0
2,0,0.45702913,0
2,0,0.46505132,0
2,0,0.4713598,0
2,0,0.45876366,0
2,0,0.5167946,1
2,0,0.52177167,1
2,0,0.4793566,0
2,0,0.46947515,0
2,0,0.4814756,0
2,0,0.45393074,0
2,0,0.45393074,0
2,0,0.40774494,0
2,0,0.44496349,0
2,0,0.4737466,0
2,0,0.45158678,0
2,0,0.36914662,0
2,0,0.36469042,0
2,0,0.36813423,0
2,0,0.3533775,0
2,0,0.33244988,0
2,0,0.3123225,0
2,0,0.31043744,0
2,0,0.33622342,0
2,0,0.31996277,0
2,0,0.31996277,0
2,0,0.31953943,0
2,0,0.3809313,0
2,0,0.38539347,0
2,0,0.32481837,0
2,0,0.32432058,0
2,0,0.33696514,0
2,0,0.3235758,0
2,0,0.32088467,0
2,0,0.35655355,0
2,0,0.32979605,0
2,0,0.33307958,0
2,0,0.36601657,0
2,0,0.35520473,0
2,0,0.34374544,0
2,0,0.34975845,0
2,0,0.3373262,0
2,0,0.36356553,0
2,0,0.36722487,0
2,0,0.40649313,0
2,0,0.38520068,0
2,0,0.40649313,0
2,0,0.41312742,0
2,0,0.44344106,0
2,0,0.4267905,0
2,0,0.4772526,0
2,0,0.3739672,0
2,0,0.30973145,0
2,0,0.31045982,0
2,0,0.3293628,0
2,0,0.2994699,0
2,0,0.2994699,0
2,0,0.25289115,0
2,0,0.2539338,0
2,0,0.22080421,0
2,0,0.24579506,0
2,0,0.27102563,0
2,0,0.20801914,0
2,0,0.2136027,0
2,0,0.21311037,0
2,0,0.2198534,0
2,0,0.24597156,0
2,0,0.27702317,0
2,0,0.27828035,0
2,0,0.2874058,0
2,0,0.2908332,0
2,0,0.2975215,0
2,0,0.31340832,0
2,0,0.3027884,0
2,0,0.33609948,0
2,0,0.33609948,0
2,0,0.34837165,0
2,0,0.3694469,0
2,0,0.32682806,0
2,0,0.31834996,0
2,0,0.31785452,0
2,0,0.37083513,0
2,0,0.3443387,0
2,0,0.3347869,0
2,0,0.35248834,0
2,0,0.406603,0
2,0,0.4257811,0
2,0,0.47830173,0
2,0,0.48588187,0
2,0,0.51214683,1
2,0,0.51048625,1
2,0,0.5270068,1
2,0,0.59462076,1
2,0,0.6103629,1
2,0,0.60712045,1
2,0,0.6508052,1
2,0,0.64820254,1
2,0,0.64820254,1
2,0,0.63977027,1
2,0,0.6240345,1
2,0,0.54594374,1
2,0,0.5526965,1
2,0,0.5051888,1
2,0,0.480684,0
2,0,0.5030589,1
2,0,0.5030589,1
2,0,0.49871618,0
2,0,0.40256572,0
2,0,0.32382235,0
2,0,0.28820586,0
2,0,0.24503237,0
2,0,0.25387818,0
2,0,0.25832295,0
2,0,0.23465067,0
2,0,0.2277539,0
2,0,0.26730692,0
2,0,0.29283774,0
2,0,0.28340155,0
2,0,0.3078915,0
2,0,0.28291163,0
2,0,0.26807395,0
2,0,0.23907378,0
2,0,0.25637978,0
2,0,0.30711934,0
2,0,0.33229822,0
2,0,0.3431395,0
2,0,0.3500033,0
2,0,0.32352734,0
2,0,0.36026967,0
2,0,0.36785644,0
2,0,0.33606648,0
2,0,0.26206183,0
2,0,0.30566296,0
2,0,0.2716423,0
2,0,0.30514142,0
2,0,0.32043645,0
2,0,0.39506114,0
2,0,0.4476505,0
2,0,0.41756022,0
2,0,0.41551498,0
2,0,0.4105744,0
2,0,0.40025437,0
2,0,0.450497,0
2,0,0.40555748,0
2,0,0.3587779,0
2,0,0.3587779,0
2,0,0.36685702,0
2,0,0.369944,0
2,0,0.369944,0
2,0,0.37387475,0
2,0,0.30732203,0
2,0,0.24527708,0
2,0,0.24668175,0
2,0,0.2202304,0
2,0,0.22311987,0
2,0,0.23969214,0
2,0,0.25125918,0
2,0,0.25725096,0
2,0,0.23876378,0
2,0,0.24097951,0
2,0,0.29365188,0
2,0,0.33455095,0
2,0,0.3258005,0
2,0,0.36594495,0
2,0,0.36594495,0
2,0,0.34295022,0
2,0,0.34295022,0
2,0,0.36028847,0
2,0,0.39188787,0
2,0,0.34298196,0
2,0,0.39014098,0
2,0,0.39414638,0
2,0,0.4570575,0
2,0,0.4402875,0
2,0,0.4341168,0
2,0,0.4113893,0
2,0,0.4309866,0
2,0,0.4309866,0
2,0,0.42922652,0
2,0,0.42922652,0
2,0,0.41933408,0
2,0,0.3750327,0
2,0,0.37032613,0
2,0,0.38037032,0
2,0,0.34976047,0
2,0,0.31303778,0
2,0,0.32969075,0
2,0,0.33845168,0
2,0,0.38085392,0
2,0,0.3923093,0
2,0,0.3777123,0
2,0,0.38071385,0
2,0,0.40435714,0
2,0,0.38516578,0
2,0,0.38433424,0
2,0,0.384119,0
2,0,0.384119,0
2,0,0.384119,0
2,0,0.38177845,0
2,0,0.38177845,0
2,0,0.39176008,0
2,0,0.3419632,0
2,0,0.31155863,0
2,0,0.30662933,0
2,0,0.2753283,0
2,0,0.3224397,0
2,0,0.3224397,0
2,0,0.33110872,0
2,0,0.36461896,0
2,0,0.35407856,0
2,0,0.3613887,0
2,0,0.40149486,0
2,0,0.37083006,0
2,0,0.33333382,0
2,0,0.3591021,0
2,0,0.37675914,0
2,0,0.45181042,0
2,0,0.4808792,0
2,0,0.50241405,1
2,0,0.51747614,1
2,0,0.49625313,0
2,0,0.4970577,0
2,0,0.45285115,0
2,0,0.4505396,0
2,0,0.43209887,0
2,0,0.4241049,0
2,0,0.42100075,0
2,0,0.42910853,0
2,0,0.43902436,0
2,0,0.4310538,0
2,0,0.4261587,0
2,0,0.39812607,0
2,0,0.40665662,0
2,0,0.317503,0
2,0,0.317503,0
2,0,0.3087217,0
2,0,0.3087217,0
2,0,0.37179923,0
2,0,0.31101468,0
2,0,0.29153454,0
2,0,0.31494832,0
2,0,0.29153454,0
2,0,0.3175061,0
2,0,0.36018673,0
2,0,0.45391917,0
2,0,0.4132642,0
2,0,0.42355508,0
2,0,0.39176437,0
2,0,0.4738556,0
2,0,0.44602507,0
2,0,0.50606525,1
2,0,0.47331616,0
2,0,0.36454594,0
2,0,0.42708406,0
2,0,0.46093935,0
2,0,0.45368516,0
2,0,0.47390854,0
2,0,0.4379383,0
2,0,0.38010266,0
2,0,0.35886195,0
2,0,0.3429635,0
2,0,0.3429635,0
2,0,0.3428816,0
2,0,0.34013575,0
2,0,0.36586025,0
2,0,0.37693378,0
2,0,0.34728608,0
2,0,0.38162604,0
2,0,0.32937852,0
2,1,0.3244821,0
2,1,0.3228497,0
2,1,0.3366131,0
2,1,0.324846,0
2,1,0.38269883,0
2,1,0.38520598,0
2,1,0.407404,0
2,1,0.407404,0
2,1,0.4154827,0
2,0,0.42206225,0
2,0,0.42116216,0
2,0,0.41213202,0
2,0,0.41043735,0
2,0,0.41121978,0
2,0,0.43944713,0
2,0,0.4275466,0
2,0,0.4576803,0
2,0,0.45967215,0
2,0,0.45265424,0
2,0,0.4389975,0
2,0,0.4283966,0
2,0,0.40270498,0
2,0,0.4174605,0
2,0,0.41560805,0
2,0,0.42506388,0
2,0,0.3951017,0
2,0,0.44136053,0
2,0,0.47831747,0
2,0,0.5378181,1
2,0,0.41669962,0
2,0,0.41669962,0
2,0,0.37837544,0
2,0,0.36237308,0
2,0,0.36094084,0
2,0,0.34357274,0
2,0,0.3758431,0
2,0,0.44395402,0
2,0,0.44141343,0
2,0,0.4702201,0
2,0,0.5192685,1
2,0,0.5451831,1
2,0,0.5109545,1
2,0,0.46933323,0
2,0,0.4560232,0
2,0,0.5743178,1
2,0,0.6435706,1
2,0,0.6063223,1
2,0,0.6184304,1
2,0,0.62160397,1
2,0,0.6016499,1
2,0,0.55733234,1
2,0,0.34387925,0
2,0,0.36284342,0
2,0,0.35843834,0
2,0,0.3518206,0
2,0,0.30879766,0
2,0,0.30879766,0
2,0,0.35452548,0
2,0,0.36731517,0
2,0,0.37393314,0
2,0,0.3620191,0
2,0,0.3989708,0
2,0,0.41380554,0
2,0,0.44368395,0
2,0,0.43872154,0
2,0,0.4540574,0
2,0,0.5308639,1
2,0,0.5218959,1
2,0,0.5504206,1
2,0,0.51891863,1
2,0,0.5434587,1
2,0,0.54855645,1
2,0,0.58030945,1
2,0,0.6307621,1
2,0,0.6238928,1
2,0,0.6238928,1
2,0,0.6238928,1
2,0,0.6278973,1
2,0,0.61752367,1
2,0,0.61752367,1
2,0,0.6251682,1
2,0,0.6217399,1
2,0,0.64184964,1
2,0,0.6373123,1
2,0,0.6863426,1
2,0,0.6666799,1
2,0,0.6841121,1
2,0,0.65142417,1
2,0,0.602584,1
2,0,0.5898583,1
2,0,0.5574434,1
2,0,0.54341334,1
2,0,0.5064443,1
2,0,0.51623297,1
2,0,0.51623297,1
2,0,0.49108934,0
2,0,0.42672908,0
2,0,0.40548044,0
2,0,0.4026518,0
2,0,0.36516565,0
2,0,0.4141933,0
2,0,0.3631915,0
2,0,0.39730203,0
2,0,0.3769678,0
2,0,0.35929832,0
2,0,0.37725106,0
2,0,0.3748279,0
2,0,0.41723213,0
2,0,0.45679724,0
2,0,0.45679724,0
2,0,0.3750639,0
2,0,0.38779333,0
2,0,0.4523268,0
2,0,0.4507907,0
2,0,0.44326252,0
2,0,0.45001775,0
2,0,0.492136,0
2,0,0.44728208,0
2,0,0.4004,0
2,0,0.3601021,0
2,0,0.38351285,0
2,0,0.383353,0
2,0,0.37143064,0
2,0,0.38771728,0
2,0,0.41193196,0
2,0,0.5027773,1
2,0,0.5261587,1
2,0,0.44498554,0
2,0,0.45796454,0
2,0,0.47580484,0
2,0,0.44774333,0
2,0,0.46922114,0
2,0,0.4867211,0
2,0,0.5077799,1
2,0,0.52499884,1
2,0,0.5146152,1
2,0,0.4943504,0
2,0,0.46556833,0
2,0,0.47104514,0
2,0,0.48147228,0
2,0,0.47199896,0
2,0,0.4626658,0
2,0,0.41142032,0
2,0,0.36151427,0
2,0,0.36695495,0
2,0,0.3878803,0
2,0,0.37482882,0
2,0,0.28432065,0
2,0,0.29238218,0
2,0,0.30259457,0
2,0,0.27937594,0
2,0,0.32914475,0
2,0,0.37458053,0
2,0,0.37664345,0
2,0,0.35636073,0
2,0,0.34176466,0
2,0,0.39751688,0
2,0,0.36303008,0
2,0,0.34583065,0
2,0,0.33297515,0
2,0,0.31989318,0
2,0,0.31878817,0
2,0,0.36703104,0
2,0,0.37367883,0
2,0,0.4003804,0
2,0,0.4073077,0
2,0,0.42393705,0
2,0,0.43242684,0
2,0,0.41562018,0
2,0,0.4240798,0
2,0,0.4586781,0
2,0,0.45743796,0
2,0,0.489705,0
2,0,0.45701584,0
2,0,0.45675594,0
2,0,0.42330402,0
2,0,0.4386835,0
2,0,0.44934705,0
2,0,0.4077184,0
2,0,0.43047318,0
2,0,0.45515838,0
2,0,0.43937314,0
2,0,0.42509878,0
2,0,0.46845412,0
2,0,0.46052015,0
2,0,0.43403396,0
2,0,0.41887394,0
2,0,0.44284138,0
2,0,0.44284138,0
2,0,0.43979162,0
2,0,0.45552626,0
2,0,0.46495616,0
2,0,0.46015882,0
2,0,0.46240345,0
2,0,0.46282876,0
2,0,0.43490642,0
2,0,0.4437394,0
2,0,0.4437394,0
2,0,0.43066204,0
2,0,0.4471097,0
2,0,0.4617122,0
2,0,0.48181254,0
2,0,0.4606103,0
2,0,0.4674471,0
2,0,0.51136756,1
2,0,0.4958116,0
2,0,0.46773636,0
2,0,0.41557497,0
2,0,0.4085271,0
2,0,0.43292403,0
2,0,0.426553,0
2,0,0.43846083,0
2,0,0.43846083,0
2,0,0.41150126,0
2,0,0.40157205,0
2,0,0.37199438,0
2,0,0.30918875,0
2,0,0.34665796,0
2,0,0.3780545,0
2,0,0.32570735,0
2,0,0.35163367,0
2,0,0.39048776,0
2,0,0.42811218,0
2,0,0.44820604,0
2,0,0.4544796,0
2,0,0.43787506,0
2,0,0.4293739,0
2,0,0.44235957,0
2,0,0.43934855,0
2,0,0.38347563,0
2,0,0.41161188,0
2,0,0.49228472,0
2,0,0.50661,1
2,0,0.51021075,1
2,0,0.5561321,1
2,0,0.62125283,1
2,0,0.69064873,1
2,0,0.7495702,1
2,0,0.60249585,1
2,1,0.44113535,0
2,1,0.44272688,0
2,1,0.45311648,0
2,1,0.4774399,0
2,1,0.45824102,0
2,1,0.4628145,0
2,1,0.43898016,0
2,1,0.3609771,0
2,1,0.3609771,0
2,1,0.3609771,0
2,1,0.363214,0
2,1,0.4673348,0
2,1,0.4673348,0
2,1,0.52072024,1
2,1,0.55458647,1
2,1,0.45354474,0
2,1,0.4269302,0
2,1,0.4269302,0
2,1,0.39604625,0
2,1,0.4278143,0
2,1,0.47596577,0
2,1,0.5011558,1
2,1,0.5416802,1
2,1,0.509334,1
2,1,0.5635422,1
2,1,0.5393396,1
2,1,0.5032208,1
2,1,0.50369996,1
2,1,0.46807393,0
2,1,0.46651745,0
2,1,0.47127718,0
2,1,0.52291083,1
2,1,0.5351051,1
2,1,0.5510182,1
2,1,0.5219757,1
2,1,0.55380213,1
2,1,0.554511,1
2,1,0.5484325,1
2,1,0.571803,1
2,1,0.49620208,0
2,1,0.26840922,0
2,1,0.2138363,0
2,1,0.23300135,0
2,1,0.30658448,0
2,1,0.34929088,0
2,1,0.43418682,0
2,1,0.5160714,1
2,1,0.5598334,1
2,1,0.5991178,1
2,1,0.6058988,1
2,1,0.37221593,0
2,1,0.3644961,0
2,1,0.41488844,0
2,1,0.42214534,0
2,1,0.442723,0
2,1,0.44226715,0
2,1,0.4672708,0
2,1,0.4672708,0
2,1,0.4763106,0
2,1,0.48478323,0
2,1,0.47823542,0
2,1,0.46837246,0
2,1,0.5015299,1
2,1,0.4746917,0
2,1,0.4574927,0
2,1,0.46210766,0
2,1,0.46751234,0
2,1,0.4604514,0
2,1,0.46695864,0
2,1,0.46506718,0
2,0,0.3840383,0
2,0,0.36905837,0
2,0,0.42454264,0
2,0,0.4323419,0
2,0,0.41955373,0
2,0,0.4395774,0
2,0,0.43634033,0
2,0,0.48443276,0
2,0,0.48443276,0
2,0,0.48163456,0
2,0,0.43653297,0
2,0,0.4556383,0
2,0,0.4556383,0
2,1,0.5212588,1
2,1,0.5191268,1
2,1,0.52641577,1
2,1,0.53183484,1
2,1,0.5110564,1
2,1,0.45108297,0
2,1,0.4088937,0
2,1,0.41026717,0
2,1,0.35718057,0
2,1,0.3522187,0
2,1,0.35062566,0
2,1,0.3742115,0
2,1,0.39614397,0
2,1,0.38618967,0
2,1,0.38618967,0
2,1,0.41864267,0
2,1,0.40532818,0
2,1,0.36441773,0
2,1,0.33805054,0
2,1,0.31033683,0
2,1,0.26615906,0
2,1,0.52369857,1
2,1,0.5803054,1
2,1,0.5803054,1
2,1,0.44558418,0
2,1,0.50336254,1
2,1,0.4432832,0
2,1,0.6293371,1
2,1,0.5816427,1
2,1,0.5860711,1
2,1,0.61062795,1
2,1,0.5160658,1
2,1,0.5257616,1
2,1,0.49014428,0
2,1,0.46789837,0
2,1,0.49340078,0
2,1,0.5222292,1
2,1,0.5396005,1
2,1,0.5253448,1
2,1,0.5303982,1
2,1,0.47964332,0
2,1,0.49566823,0
2,1,0.42585343,0
3,0,0.5541112,1
3,0,0.5399741,1
3,0,0.5399741,1
3,0,0.60390514,1
3,0,0.5609617,1
3,0,0.61444354,1
3,0,0.547067,1
3,0,0.52366817,1
3,0,0.6514056,1
3,0,0.55965316,1
3,0,0.43655938,0
3,0,0.4731677,0
3,0,0.3941191,0
3,0,0.3815036,0
3,0,0.4403561,0
3,0,0.45554748,0
3,0,0.424376,0
3,0,0.39940912,0
3,0,0.39940912,0
3,0,0.4166308,0
3,0,0.4838838,0
3,0,0.43771198,0
3,0,0.26780045,0
3,0,0.2629048,0
3,0,0.3227795,0
3,0,0.31059685,0
3,0,0.356876,0
3,0,0.41516852,0
3,0,0.3296608,0
3,1,0.26181594,0
3,1,0.26181594,0
3,1,0.26738134,0
3,1,0.30421966,0
3,1,0.27125013,0
3,1,0.2311601,0
3,1,0.2434017,0
3,1,0.28189713,0
3,1,0.32404345,0
3,1,0.40409914,0
3,1,0.31101203,0
3,1,0.3503735,0
3,1,0.28838488,0
3,1,0.28838488,0
3,1,0.33116227,0
3,1,0.435198,0
3,1,0.50506043,1
3,1,0.5309943,1
3,1,0.58364975,1
3,1,0.64583135,1
3,0,0.59991527,1
3,0,0.5992607,1
3,0,0.56960917,1
3,0,0.667321,1
3,0,0.6836623,1
3,0,0.75189066,1
3,0,0.6639296,1
3,0,0.696989,1
3,0,0.696989,1
3,0,0.70390445,1
3,0,0.58036226,1
3,0,0.6001082,1
3,0,0.6032633,1
3,0,0.5792201,1
3,0,0.5193976,1
3,0,0.55864847,1
3,0,0.5146087,1
3,0,0.5577472,1
3,0,0.43494505,0
3,0,0.36415973,0
3,0,0.37714216,0
3,0,0.43256575,0
3,0,0.5090275,1
3,0,0.5266326,1
3,0,0.4839653,0
3,0,0.5923519,1
3,0,0.5923519,1
3,0,0.53241956,1
3,0,0.44365865,0
3,0,0.436269,0
3,0,0.21896945,0
3,0,0.31416157,0
3,0,0.24369451,0
3,0,0.28563374,0
3,0,0.38521293,0
3,0,0.39491618,0
3,0,0.33201286,0
3,0,0.28575495,0
3,0,0.2351185,0
3,0,0.23142348,0
3,0,0.1980136,0
3,0,0.1647289,0
3,0,0.18960707,0
3,0,0.16229896,0
3,0,0.20326914,0
3,0,0.23190026,0
3,0,0.25675026,0
3,0,0.2874956,0
3,0,0.2734289,0
3,0,0.248634,0
3,0,0.18392222,0
3,0,0.20241846,0
3,0,0.60390514,1
3,0,0.5609617,1
3,0,0.60540175,1
3,0,0.5411809,1
3,0,0.5189073,1
3,0,0.6433946,1
3,0,0.5447037,1
3,0,0.42660877,0
3,0,0.45813707,0
3,0,0.45813707,0
3,0,0.073558494,0
3,0,0.045447934,0
3,0,0.059270456,0
3,0,0.10921848,0
3,0,0.1121681,0
3,0,0.07832348,0
3,0,0.057037417,0
3,0,0.071889825,0
3,0,0.1470603,0
3,0,0.07193233,0
3,0,0.08657951,0
3,0,0.13827217,0
3,0,0.15013835,0
3,0,0.18661422,0
3,1,0.16152552,0
3,1,0.2676477,0
3,1,0.36331028,0
3,1,0.4653147,0
3,1,0.4010536,0
3,1,0.472768,0
3,1,0.54074335,1
3,1,0.54074335,1
3,1,0.51280063,1
3,1,0.51280063,1
3,1,0.5625056,1
3,1,0.5625056,1
3,1,0.6022006,1
3,0,0.54828316,1
3,0,0.5335512,1
3,0,0.6432374,1
3,0,0.57058114,1
3,0,0.45813707,0
3,0,0.45813707,0
3,0,0.45813707,0
3,0,0.38447836,0
3,0,0.37198022,0
3,0,0.42310268,0
3,0,0.43726006,0
3,0,0.4088475,0
3,0,0.38374102,0
3,0,0.38374102,0
3,0,0.26780045,0
3,0,0.2629048,0
3,0,0.3227795,0
3,0,0.31059685,0
3,0,0.356876,0
3,0,0.41516852,0
3,0,0.3296608,0
3,0,0.26181594,0
3,0,0.26181594,0
3,0,0.26738134,0
3,0,0.30421966,0
3,0,0.27125013,0
3,0,0.2311601,0
3,0,0.2434017,0
3,0,0.28189713,0
3,0,0.37881362,0
3,0,0.47494313,0
3,0,0.36879557,0
3,0,0.41372624,0
3,1,0.33115858,0
3,1,0.33115858,0
3,1,0.38267776,0
3,1,0.50663704,1
3,1,0.5809701,1
3,1,0.59823614,1
3,1,0.64269316,1
3,1,0.68854386,1
3,1,0.6665672,1
3,1,0.6514348,1
3,1,0.63536745,1
3,1,0.667321,1
3,1,0.6836623,1
3,1,0.75189066,1
3,1,0.6639296,1
3,1,0.696989,1
3,1,0.696989,1
3,1,0.70390445,1
3,1,0.58036226,1
3,1,0.6001082,1
3,1,0.6032633,1
3,0,0.5792201,1
3,0,0.5193976,1
3,0,0.55864847,1
3,0,0.5146087,1
3,0,0.5577472,1
3,0,0.43494505,0
3,0,0.36415973,0
3,0,0.37714216,0
3,0,0.43256575,0
3,0,0.5090275,1
3,0,0.5266326,1
3,0,0.4839653,0
3,0,0.5923519,1
3,0,0.5923519,1
3,0,0.53241956,1
3,0,0.44365865,0
3,0,0.436269,0
3,0,0.21896945,0
3,0,0.31416157,0
3,0,0.24369451,0
3,0,0.28563374,0
3,0,0.38521293,0
3,0,0.39491618,0
3,0,0.33201286,0
3,0,0.28575495,0
3,0,0.2351185,0
3,0,0.23142348,0
3,0,0.1980136,0
3,0,0.1647289,0
3,0,0.18960707,0
3,0,0.16229896,0
3,0,0.20598732,0
3,0,0.22967385,0
3,0,0.2579265,0
3,0,0.29149142,0
3,0,0.26577163,0
3,0,0.2409098,0
3,0,0.18161368,0
3,0,0.20007537,0
3,0,0.17412253,0
3,1,0.45435125,0
3,1,0.5203232,1
3,1,0.5350485,1
3,1,0.5826025,1
3,1,0.5258606,1
3,1,0.46617064,0
3,1,0.45793876,0
3,1,0.46127114,0
3,1,0.44769755,0
3,1,0.44586474,0
3,1,0.46924004,0
3,1,0.48782727,0
3,1,0.34918827,0
3,1,0.6522308,1
3,1,0.63391525,1
3,1,0.63391525,1
3,1,0.71260697,1
3,1,0.7597929,1
3,1,0.68041,1
3,1,0.6360025,1
3,1,0.6614504,1
3,1,0.44066247,0
3,1,0.38826472,0
3,1,0.42967167,0
3,1,0.39805782,0
3,1,0.3920347,0
3,1,0.50792754,1
3,1,0.55464035,1
3,1,0.22246881,0
3,1,0.35491982,0
3,1,0.23031923,0
3,1,0.24272473,0
3,1,0.18527062,0
3,1,0.20344248,0
3,1,0.20344248,0
3,1,0.11859483,0
3,1,0.1807856,0
3,1,0.106451444,0
3,1,0.09850977,0
3,1,0.13713154,0
3,1,0.169844,0
3,1,0.13434008,0
3,1,0.11193085,0
3,1,0.22809376,0
3,0,0.5879543,1
3,0,0.6348839,1
3,0,0.6127438,1
3,0,0.5847893,1
3,0,0.54373544,1
3,0,0.5018599,1
3,0,0.5660342,1
3,0,0.5889767,1
3,0,0.5663163,1
3,0,0.62200344,1
3,0,0.6258473,1
3,0,0.6258473,1
3,0,0.49395773,0
3,0,0.4078041,0
3,0,0.3009689,0
3,0,0.28495088,0
3,0,0.27732304,0
3,0,0.31367627,0
3,0,0.35901275,0
3,0,0.44770744,0
3,0,0.5278936,1
3,0,0.38514632,0
3,0,0.30302778,0
3,0,0.38529897,0
3,0,0.38110605,0
3,0,0.46848583,0
3,0,0.5173876,1
3,0,0.525,1
3,0,0.47480142,0
3,0,0.40837723,0
3,0,0.44362062,0
3,0,0.3810708,0
3,0,0.38979098,0
3,0,0.33186233,0
3,0,0.3241992,0
3,0,0.31559205,0
3,0,0.27372852,0
3,0,0.38642278,0
3,0,0.34564927,0
3,0,0.32292873,0
3,0,0.25074157,0
3,0,0.16845965,0
3,0,0.16004597,0
3,0,0.23080973,0
3,0,0.26035756,0
3,0,0.15106219,0
3,0,0.14607598,0
3,0,0.1045732,0
3,0,0.1743007,0
3,1,0.19256103,0
3,1,0.2044153,0
3,1,0.28254816,0
3,1,0.2785663,0
3,1,0.38486612,0
3,1,0.41945842,0
3,1,0.57949215,1
3,1,0.67670363,1
3,1,0.63694805,1
3,1,0.5302969,1
3,1,0.40229604,0
3,1,0.4310991,0
3,1,0.3949051,0
3,1,0.29008985,0
3,1,0.23610562,0
3,1,0.23610562,0
3,1,0.33467856,0
3,1,0.21434793,0
3,1,0.18715,0
3,1,0.15397178,0
3,1,0.11067861,0
3,1,0.11067861,0
3,1,0.14928354,0
3,1,0.14776143,0
3,1,0.14442706,0
3,1,0.43113646,0
3,1,0.43113646,0
3,1,0.48481497,0
3,1,0.45472676,0
3,1,0.45472676,0
3,1,0.42873225,0
3,1,0.35092753,0
3,1,0.47779587,0
3,1,0.53110504,1
3,1,0.5453607,1
3,1,0.56451553,1
3,1,0.6580728,1
3,0,0.2918152,0
3,0,0.32438838,0
3,0,0.28162166,0
3,0,0.2778129,0
3,0,0.2846304,0
3,0,0.338544,0
3,0,0.39651173,0
3,0,0.46393228,0
3,0,0.47690445,0
3,0,0.48151135,0
3,0,0.38701934,0
3,0,0.2992573,0
3,0,0.30025536,0
3,0,0.548237,1
3,0,0.5227205,1
3,0,0.44431084,0
3,0,0.39481625,0
3,0,0.48639682,0
3,0,0.45555332,0
3,0,0.33866322,0
3,0,0.34745505,0
3,0,0.34745505,0
3,0,0.3407217,0
3,0,0.23740897,0
3,0,0.23740897,0
3,0,0.09297506,0
3,0,0.10996062,0
3,0,0.17342995,0
3,1,0.29782617,0
3,1,0.36310598,0
3,1,0.40754715,0
3,1,0.34650216,0
3,1,0.33559203,0
3,1,0.38244766,0
3,1,0.43746787,0
3,1,0.47871938,0
3,1,0.49529293,0
3,1,0.514916,1
3,1,0.6143873,1
3,1,0.65436864,1
3,1,0.6533254,1
3,1,0.653112,1
3,1,0.6380925,1
3,1,0.58738375,1
3,1,0.50189656,1
3,1,0.50189656,1
3,1,0.48937497,0
3,1,0.51781696,1
3,1,0.48546466,0
3,1,0.47384378,0
3,1,0.4241908,0
3,1,0.4192465,0
3,1,0.37265897,0
3,1,0.3845113,0
3,1,0.33953294,0
3,1,0.27065474,0
3,1,0.27065474,0
3,1,0.20857942,0
3,0,0.19034143,0
3,0,0.19034143,0
3,0,0.2198563,0
3,0,0.27992412,0
3,0,0.33434054,0
3,0,0.28290516,0
3,0,0.31846917,0
3,0,0.37534583,0
3,0,0.3578091,0
3,0,0.41189054,0
3,0,0.36334875,0
3,0,0.41652596,0
3,0,0.4726207,0
3,1,0.31695473,0
3,1,0.23216288,0
3,1,0.19004133,0
3,1,0.20914683,0
3,1,0.2735877,0
3,1,0.23709847,0
3,1,0.28072125,0
3,1,0.28627035,0
3,1,0.33613226,0
3,1,0.33778566,0
3,1,0.464277,0
3,1,0.36743024,0
3,1,0.36743024,0
3,1,0.34082362,0
3,1,0.37154442,0
3,1,0.42874986,0
3,1,0.4604509,0
3,1,0.490673,0
3,1,0.37083626,0
3,1,0.49188298,0
3,1,0.48427048,0
3,1,0.4430578,0
3,1,0.5325802,1
3,1,0.5147742,1
3,1,0.44856456,0
3,1,0.38700393,0
3,1,0.4428545,0
3,1,0.4428545,0
3,1,0.44832057,0
3,1,0.33841226,0
3,1,0.1785454,0
3,1,0.21385443,0
3,1,0.270098,0
3,1,0.2974647,0
3,1,0.2974647,0
3,1,0.22109722,0
3,1,0.19792563,0
3,1,0.35975266,0
3,1,0.31503963,0
3,1,0.36330894,0
3,1,0.38313097,0
3,1,0.39601666,0
3,1,0.43206382,0
3,1,0.43206382,0
3,1,0.3939697,0
3,1,0.36678335,0
3,1,0.43712914,0
3,1,0.39767194,0
3,1,0.485463,0
3,1,0.4574468,0
3,1,0.5299314,1
3,1,0.57403606,1
3,1,0.5088635,1
3,1,0.56090873,1
3,1,0.5407298,1
3,1,0.46052587,0
3,1,0.4496371,0
3,1,0.42947915,0
3,1,0.4111346,0
3,1,0.43770874,0
3,1,0.43770874,0
3,1,0.37791628,0
3,1,0.37527633,0
3,1,0.29980063,0
3,1,0.25297067,0
3,1,0.20530099,0
3,1,0.39162788,0
3,1,0.39683315,0
3,1,0.41166857,0
3,1,0.4587483,0
3,1,0.38042256,0
3,1,0.4670471,0
3,1,0.4670471,0
3,1,0.30123284,0
3,1,0.33193663,0
3,1,0.31922355,0
3,1,0.33525953,0
3,1,0.2543464,0
3,1,0.34521458,0
3,1,0.35183528,0
3,1,0.36288676,0
3,1,0.31140438,0
3,1,0.3303052,0
3,1,0.36528143,0
3,1,0.30481946,0
3,1,0.3545971,0
3,1,0.27239063,0
3,1,0.38736352,0
3,1,0.4167573,0
3,1,0.3495049,0
3,0,0.53481853,1
3,0,0.53860563,1
3,0,0.5505754,1
3,0,0.5505754,1
3,0,0.54518247,1
3,0,0.54518247,1
3,0,0.54518247,1
3,0,0.5180077,1
3,0,0.43942916,0
3,0,0.44095466,0
3,0,0.41736883,0
3,0,0.39835632,0
3,0,0.4615987,0
3,0,0.39835632,0
3,0,0.39116204,0
3,0,0.3353027,0
3,0,0.40808493,0
3,0,0.38347876,0
3,0,0.4577796,0
3,0,0.44018906,0
3,0,0.44018906,0
3,0,0.3569026,0
3,0,0.37660328,0
3,0,0.46259323,0
3,0,0.4594624,0
3,0,0.54944795,1
3,0,0.5014179,1
3,0,0.41480708,0
3,0,0.41276878,0
3,0,0.3293439,0
3,0,0.40884417,0
3,0,0.36621436,0
3,0,0.384585,0
3,0,0.36774084,0
3,0,0.35223588,0
3,0,0.35223588,0
3,0,0.44072565,0
3,0,0.44459355,0
3,0,0.44017452,0
3,0,0.4795705,0
3,0,0.50542265,1
3,0,0.46971762,0
3,0,0.55351645,1
3,0,0.62920105,1
3,0,0.6808451,1
3,0,0.64588904,1
3,0,0.6443348,1
3,0,0.5865816,1
3,0,0.5182096,1
3,0,0.52475834,1
3,0,0.47465992,0
3,0,0.55957776,1
3,0,0.46471247,0
3,0,0.39753035,0
3,0,0.40793353,0
3,0,0.3602483,0
3,0,0.3602483,0
3,0,0.35184368,0
3,0,0.40361235,0
3,0,0.48772964,0
3,0,0.514439,1
3,0,0.5599634,1
3,0,0.43175688,0
3,0,0.43175688,0
3,0,0.43992415,0
3,0,0.43992415,0
3,0,0.43992415,0
3,0,0.43992415,0
3,0,0.43195468,0
3,0,0.43195468,0
3,0,0.50005627,1
3,0,0.39781922,0
3,0,0.32049477,0
3,0,0.28500554,0
3,0,0.26162374,0
3,0,0.29258925,0
3,0,0.28882456,0
3,0,0.3405778,0
3,0,0.34767684,0
3,0,0.2991449,0
3,0,0.34767684,0
3,0,0.2810242,0
3,0,0.33339742,0
3,0,0.31286472,0
3,0,0.27744776,0
3,0,0.644925,1
3,0,0.70839596,1
3,0,0.6764901,1
3,0,0.65336895,1
3,0,0.6787302,1
3,0,0.71877486,1
3,0,0.6580982,1
3,0,0.6580982,1
3,0,0.5001046,1
3,0,0.58018476,1
3,0,0.68000734,1
3,0,0.5859933,1
3,0,0.57639086,1
3,0,0.5540544,1
3,0,0.44201922,0
3,0,0.3982224,0
3,0,0.3798737,0
3,0,0.45633897,0
3,0,0.4462242,0
3,0,0.39773434,0
3,0,0.20368277,0
3,0,0.20368277,0
3,0,0.12460892,0
3,0,0.2740227,0
3,0,0.2740227,0
3,0,0.27156043,0
3,0,0.19719122,0
3,0,0.32043847,0
3,0,0.31531537,0
3,0,0.29390556,0
3,0,0.29390556,0
3,0,0.31113815,0
3,0,0.24851966,0
3,0,0.20946296,0
3,0,0.2316994,0
3,0,0.28129673,0
3,0,0.3649936,0
3,0,0.3825588,0
3,0,0.37763613,0
3,0,0.31694207,0
3,0,0.36578804,0
3,0,0.348389,0
3,0,0.3399716,0
3,0,0.42371878,0
3,0,0.4653095,0
3,0,0.4653095,0
3,0,0.44600958,0
3,1,0.19145092,0
3,1,0.2738882,0
3,1,0.2738882,0
3,1,0.3798207,0
3,1,0.37878418,0
3,1,0.4707082,0
3,1,0.58119434,1
3,1,0.56974745,1
3,1,0.6212931,1
3,1,0.6341787,1
3,1,0.6341787,1
3,1,0.61067355,1
3,1,0.5796899,1
3,1,0.4514516,0
3,1,0.5118964,1
3,1,0.49737895,0
3,1,0.4129725,0
3,1,0.43980807,0
3,1,0.42740223,0
3,1,0.39958653,0
3,1,0.37171462,0
3,1,0.37468374,0
3,1,0.37468374,0
3,1,0.37468374,0
3,1,0.3002346,0
3,1,0.24855717,0
3,1,0.3002346,0
3,1,0.3002346,0
3,1,0.32180107,0
3,1,0.4492156,0
3,1,0.46171296,0
3,1,0.50091016,1
3,1,0.4294171,0
3,1,0.42280903,0
3,1,0.40476546,0
3,1,0.41500294,0
3,1,0.39752114,0
3,1,0.48358616,0
3,1,0.4564797,0
3,1,0.39947888,0
3,1,0.33081114,0
3,1,0.3092303,0
3,1,0.3569679,0
3,1,0.44055483,0
3,1,0.36986694,0
3,1,0.42339933,0
3,1,0.50064516,1
3,1,0.376308,0
3,1,0.27980345,0
3,1,0.28390768,0
3,1,0.28456607,0
3,1,0.30989164,0
3,1,0.3147672,0
3,1,0.29458198,0
3,1,0.37866396,0
3,1,0.34941363,0
3,1,0.3416088,0
3,1,0.2736264,0
3,1,0.2139617,0
3,1,0.2139617,0
3,1,0.23729593,0
3,1,0.19849588,0
3,1,0.19849588,0
3,1,0.23179989,0
3,1,0.21531117,0
3,1,0.19005434,0
3,1,0.21295282,0
3,1,0.21096082,0
3,1,0.18151572,0
3,1,0.14902121,0
3,1,0.16476142,0
3,1,0.13642076,0
3,1,0.21256863,0
3,1,0.24391392,0
3,1,0.28944317,0
3,1,0.33309582,0
3,1,0.3529697,0
3,1,0.3211835,0
3,1,0.32005268,0
3,1,0.29654226,0
3,1,0.32703975,0
3,1,0.2853372,0
3,1,0.279368,0
3,1,0.24483797,0
3,1,0.2439535,0
3,1,0.19890511,0
3,1,0.19989912,0
3,1,0.22268486,0
3,1,0.22268486,0
3,1,0.18519308,0
3,1,0.15390548,0
3,1,0.14194936,0
3,1,0.13951129,0
3,1,0.13901362,0
3,1,0.13901362,0
3,1,0.39058134,0
3,1,0.34900957,0
3,1,0.34900957,0
3,1,0.3538923,0
3,1,0.29251224,0
3,1,0.38540533,0
3,1,0.4130792,0
3,1,0.29537207,0
3,1,0.2928185,0
3,1,0.39839625,0
3,1,0.39839625,0
3,1,0.42620292,0
3,1,0.5128999,1
3,1,0.48760816,0
3,1,0.5592725,1
3,1,0.2889258,0
3,1,0.37135893,0
3,1,0.40557426,0
3,1,0.41821998,0
3,1,0.3124158,0
3,1,0.30752733,0
3,1,0.20315619,0
3,1,0.26170745,0
3,1,0.22574311,0
3,1,0.25539598,0
3,1,0.25539598,0
3,1,0.20723337,0
3,1,0.32707754,0
3,1,0.32707754,0
3,1,0.411089,0
3,1,0.41718486,0
3,1,0.19256103,0
3,1,0.2044153,0
3,1,0.28254816,0
3,1,0.2785663,0
3,1,0.38486612,0
3,1,0.41945842,0
3,1,0.57949215,1
3,1,0.67670363,1
3,1,0.63694805,1
3,1,0.5302969,1
3,1,0.40229604,0
3,1,0.4310991,0
3,1,0.3949051,0
3,1,0.29008985,0
3,1,0.23610562,0
3,1,0.23610562,0
3,1,0.33467856,0
3,1,0.21434793,0
3,1,0.18715,0
3,1,0.15397178,0
3,1,0.11067861,0
3,1,0.11067861,0
3,1,0.14928354,0
3,1,0.14776143,0
3,1,0.14442706,0
3,1,0.14442706,0
3,1,0.42091945,0
3,1,0.42474014,0
3,1,0.3252888,0
3,1,0.3305813,0
3,1,0.3305813,0
3,1,0.43930566,0
3,1,0.40057248,0
3,1,0.4146648,0
3,1,0.39592317,0
3,1,0.41973642,0
3,1,0.48007834,0
3,1,0.4236654,0
3,1,0.37293175,0
3,1,0.20840709,0
3,1,0.26788944,0
3,1,0.26788944,0
3,1,0.2865439,0
3,1,0.2542753,0
3,1,0.29394785,0
3,1,0.23980224,0
3,1,0.20519379,0
3,1,0.19857708,0
3,1,0.2033481,0
3,1,0.2302097,0
3,1,0.24478838,0
3,1,0.24143805,0
3,1,0.22743618,0
3,1,0.27381846,0
3,1,0.1230859,0
3,1,0.08968589,0
3,1,0.11362672,0
3,1,0.1503124,0
3,1,0.11290739,0
3,1,0.1453417,0
3,1,0.09860843,0
3,1,0.09860843,0
3,1,0.5035673,1
3,1,0.49654195,0
3,1,0.5226485,1
3,1,0.4974345,0
3,1,0.4974345,0
3,1,0.598176,1
3,1,0.53498197,1
3,1,0.6524726,1
3,0,0.35663202,0
3,0,0.29196227,0
3,0,0.34539464,0
3,0,0.32028258,0
3,0,0.3412632,0
3,0,0.31539035,0
3,0,0.27802417,0
3,0,0.30614015,0
3,0,0.38227585,0
3,0,0.3180818,0
3,0,0.38278952,0
3,0,0.4665768,0
3,0,0.44745624,0
3,0,0.33120534,0
3,0,0.41003582,0
3,0,0.32078376,0
3,0,0.37803897,0
3,0,0.32660046,0
3,0,0.30129278,0
3,0,0.22331621,0
3,0,0.18043211,0
3,0,0.18233134,0
3,0,0.20266618,0
3,0,0.20367566,0
3,0,0.6430824,1
3,0,0.6404276,1
3,0,0.54973847,1
3,0,0.55005586,1
3,0,0.54741764,1
3,0,0.49453104,0
3,0,0.505905,1
3,0,0.5176067,1
3,0,0.45524466,0
3,0,0.45524466,0
3,0,0.4551117,0
3,0,0.4551117,0
3,0,0.46598795,0
3,0,0.46813446,0
3,0,0.53977215,1
3,0,0.601411,1
3,0,0.5308781,1
3,0,0.5713818,1
3,0,0.51929224,1
3,0,0.5897047,1
3,1,0.39322737,0
3,1,0.34498775,0
3,1,0.31463185,0
3,1,0.35990858,0
3,1,0.4314152,0
3,1,0.36084643,0
3,1,0.075723626,0
3,1,0.16312832,0
3,1,0.1536471,0
3,1,0.15474783,0
3,1,0.13894215,0
3,1,0.1559181,0
3,1,0.25376853,0
3,1,0.25376853,0
3,1,0.25877762,0
3,1,0.332307,0
3,1,0.27421921,0
3,1,0.22065675,0
3,1,0.3083106,0
3,1,0.3492495,0
3,1,0.3201348,0
3,1,0.31567454,0
3,1,0.36735135,0
3,1,0.33376732,0
3,1,0.41023445,0
3,1,0.53504246,1
3,1,0.510279,1
3,1,0.5829431,1
3,1,0.541255,1
3,1,0.29244235,0
3,1,0.27163032,0
3,1,0.23000781,0
3,1,0.2503918,0
3,1,0.25739762,0
3,1,0.31337702,0
3,1,0.5678593,1
3,1,0.6154248,1
3,1,0.54611015,1
3,1,0.5686707,1
3,1,0.6126405,1
3,1,0.42375103,0
3,1,0.4167483,0
3,1,0.53195024,1
3,1,0.4760958,0
3,1,0.47353894,0
3,0,0.17914209,0
3,0,0.08947366,0
3,0,0.13403738,0
3,0,0.28082174,0
3,0,0.22911964,0
3,0,0.10418658,0
3,0,0.11184552,0
3,0,0.06788555,0
3,0,0.094350696,0
3,0,0.094350696,0
3,0,0.033736434,0
3,0,0.063374504,0
3,0,0.10992652,0
3,0,0.21169557,0
3,0,0.19201276,0
3,0,0.14348446,0
3,0,0.32231444,0
3,0,0.24574988,0
3,0,0.30429226,0
3,0,0.33822137,0
3,0,0.4145562,0
3,0,0.34979323,0
3,0,0.34841913,0
3,0,0.34970036,0
3,0,0.4478969,0
3,0,0.51693743,1
3,0,0.45084637,0
3,0,0.45084637,0
3,0,0.43789518,0
3,0,0.3741722,0
3,1,0.38924965,0
3,1,0.31386542,0
3,1,0.39334172,0
3,1,0.44419467,0
3,1,0.41387862,0
3,1,0.41387862,0
3,1,0.51542944,1
3,1,0.59917474,1
3,1,0.6064362,1
3,1,0.53492653,1
3,1,0.4733575,0
3,1,0.5858647,1
3,1,0.5114854,1
3,1,0.5114854,1
3,1,0.60746956,1
3,1,0.644925,1
3,1,0.70839596,1
3,1,0.6764901,1
3,1,0.65336895,1
3,1,0.6787302,1
3,1,0.71877486,1
3,1,0.6580982,1
3,1,0.6580982,1
3,1,0.4395078,0
3,1,0.41317272,0
3,1,0.41317272,0
3,1,0.40462112,0
3,1,0.52349186,1
3,1,0.4651567,0
3,1,0.39625227,0
3,1,0.3172122,0
3,1,0.1916569,0
3,1,0.15366533,0
3,1,0.3159957,0
3,1,0.28349677,0
3,1,0.42933533,0
3,1,0.26386952,0
3,1,0.15279718,0
3,1,0.35185423,0
3,1,0.16209735,0
3,1,0.14935435,0
3,1,0.17249675,0
3,1,0.34603623,0
3,1,0.47031492,0
3,1,0.45167395,0
3,1,0.4766213,0
3,1,0.4276751,0
3,1,0.52488965,1
3,1,0.48411477,0
3,1,0.47039557,0
3,1,0.46171254,0
3,1,0.46017593,0
3,1,0.4326304,0
3,1,0.4326304,0
3,1,0.43248168,0
3,1,0.41751146,0
3,1,0.41583246,0
3,1,0.48079318,0
3,1,0.4509452,0
3,1,0.4509452,0
3,1,0.4688288,0
3,1,0.48427993,0
3,1,0.4612622,0
3,1,0.41275945,0
3,1,0.31880656,0
3,1,0.18958682,0
3,1,0.167506,0
3,1,0.33338168,0
3,1,0.19545947,0
3,1,0.14263347,0
3,1,0.16325891,0
3,1,0.3091701,0
3,1,0.2734825,0
3,1,0.18307677,0
3,0,0.39925027,0
3,0,0.41045985,0
3,0,0.39402193,0
3,0,0.34901685,0
3,0,0.34901685,0
3,0,0.37255704,0
3,0,0.45957607,0
3,0,0.4506435,0
3,0,0.5197083,1
3,0,0.51429415,1
3,0,0.5336431,1
3,0,0.5720102,1
3,0,0.46142668,0
3,0,0.46142668,0
3,0,0.522195,1
3,0,0.52023613,1
3,0,0.52333885,1
3,0,0.5445228,1
3,0,0.479941,0
3,0,0.5815571,1
3,0,0.64322925,1
3,0,0.5366527,1
3,0,0.4466231,0
3,0,0.39585257,0
3,0,0.39574552,0
3,0,0.40375227,0
3,0,0.359201,0
3,1,0.3567945,0
3,1,0.37716046,0
3,1,0.39783484,0
3,1,0.4833337,0
3,1,0.4844873,0
3,1,0.53440154,1
3,1,0.5910385,1
3,1,0.60344046,1
3,1,0.60345596,1
3,1,0.63948685,1
3,1,0.6740654,1
3,1,0.6740654,1
3,1,0.63948685,1
3,1,0.6544584,1
3,1,0.7022868,1
3,1,0.7136353,1
3,1,0.6431462,1
3,1,0.58435565,1
3,1,0.46451402,0
3,1,0.5408621,1
3,1,0.5977471,1
3,1,0.60549915,1
3,1,0.5501524,1
3,1,0.61555487,1
3,1,0.678215,1
3,1,0.698305,1
3,1,0.698305,1
3,1,0.64418995,1
3,1,0.62091756,1
3,1,0.57951003,1
3,1,0.5715687,1
3,1,0.61293143,1
3,1,0.4194212,0
3,1,0.5213886,1
3,1,0.59118944,1
3,1,0.65505487,1
3,1,0.63975215,1
3,1,0.64212763,1
3,1,0.69561577,1
3,1,0.6479824,1
3,1,0.68994534,1
3,1,0.6366666,1
3,1,0.5623097,1
3,1,0.5928539,1
3,1,0.5928539,1
3,1,0.60669345,1
3,1,0.6202642,1
3,1,0.6478875,1
3,1,0.6478875,1
3,1,0.6336104,1
3,1,0.5405609,1
3,1,0.52745956,1
3,1,0.52007866,1
3,1,0.4298125,0
3,1,0.42790222,0
3,1,0.15103196,0
3,1,0.2921049,0
3,1,0.3825144,0
3,1,0.4001798,0
3,1,0.2012623,0
3,1,0.54565305,1
3,1,0.47004074,0
3,1,0.5708034,1
3,1,0.53828937,1
3,1,0.5294743,1
3,1,0.55001885,1
3,1,0.46099183,0
3,1,0.5281809,1
3,1,0.44012526,0
3,1,0.32395726,0
3,1,0.26616332,0
3,1,0.28566042,0
3,1,0.3006111,0
3,1,0.36161453,0
3,1,0.18862717,0
3,1,0.18862717,0
3,1,0.22117238,0
3,1,0.25863475,0
3,1,0.24301721,0
3,1,0.3485874,0
3,1,0.33198142,0
3,1,0.31374952,0
3,1,0.28084219,0
3,1,0.23324546,0
3,1,0.17067295,0
3,1,0.1351894,0
3,1,0.13842069,0
3,1,0.3914588,0
3,1,0.5063775,1
3,1,0.29977852,0
3,1,0.30296022,0
3,1,0.332922,0
3,1,0.36335403,0
3,1,0.30577886,0
3,1,0.3440497,0
3,1,0.2695898,0
3,1,0.35619146,0
3,1,0.3230513,0
3,1,0.33236754,0
3,1,0.28970984,0
3,1,0.2668896,0
3,1,0.36341473,0
3,1,0.36944512,0
3,1,0.41990548,0
3,1,0.48087788,0
3,1,0.52582157,1
3,1,0.550505,1
3,1,0.51035154,1
3,1,0.68330383,1
3,1,0.68330383,1
3,1,0.6110472,1
3,1,0.6110472,1
3,1,0.6110472,1
3,1,0.68573517,1
3,1,0.604593,1
3,1,0.5926526,1
3,1,0.68275756,1
3,1,0.810585,1
3,1,0.83034503,1
3,1,0.6090842,1
3,1,0.6090842,1
3,1,0.77471983,1
3,1,0.8384786,1
3,1,0.9057593,1
3,1,0.8558944,1
3,1,0.75879365,1
3,1,0.6536614,1
3,1,0.5896299,1
3,1,0.5896299,1
3,1,0.587363,1
3,1,0.48730978,0
3,1,0.51616186,1
3,1,0.42068246,0
3,1,0.35044628,0
3,1,0.4395877,0
3,1,0.5973627,1
3,1,0.6391959,1
3,1,0.7599136,1
3,1,0.74368894,1
3,1,0.7792158,1
3,1,0.8199737,1
3,1,0.7701705,1
3,1,0.76331425,1
3,1,0.79605144,1
3,1,0.79474545,1
3,1,0.37923414,0
3,1,0.39524072,0
3,1,0.43456322,0
3,1,0.39591175,0
3,1,0.31074646,0
3,1,0.37574494,0
3,1,0.4707773,0
3,1,0.50661415,1
3,1,0.58176637,1
3,1,0.5878518,1
3,1,0.5397879,1
3,1,0.42620495,0
3,1,0.42620495,0
3,1,0.43456322,0
3,1,0.39591175,0
3,1,0.31074646,0
3,1,0.37574494,0
3,1,0.4707773,0
3,1,0.50661415,1
3,1,0.58176637,1
3,1,0.5878518,1
3,1,0.5397879,1
3,1,0.42620495,0
3,1,0.42620495,0
3,1,0.36609662,0
3,1,0.47747397,0
3,1,0.40188438,0
3,1,0.32957026,0
3,1,0.29395032,0
3,1,0.35388196,0
3,1,0.39742061,0
3,1,0.38566497,0
3,1,0.32307276,0
3,1,0.4087625,0
3,1,0.41160947,0
3,1,0.3658581,0
3,1,0.64495766,1
3,1,0.61201054,1
3,1,0.58843046,1
3,1,0.53735185,1
3,1,0.56069094,1
3,1,0.4020769,0
3,1,0.49771485,0
3,1,0.49409008,0
3,1,0.5693688,1
3,1,0.49409008,0
3,1,0.36791703,0
3,1,0.3471471,0
3,1,0.15857683,0
3,1,0.1490675,0
3,1,0.088023625,0
3,1,0.055364355,0
3,1,0.06803654,0
3,1,0.07479253,0
3,1,0.17695592,0
3,1,0.187868,0
3,1,0.26213905,0
3,1,0.30857927,0
3,1,0.3849457,0
3,1,0.4317355,0
3,1,0.29988283,0
3,1,0.29988283,0
3,1,0.20673418,0
3,1,0.24043305,0
3,1,0.24973226,0
3,1,0.19128743,0
3,1,0.1472314,0
3,1,0.05374901,0
3,1,0.07425533,0
3,1,0.06829617,0
3,1,0.070796266,0
3,1,0.054458573,0
3,1,0.41350666,0
3,1,0.45925155,0
3,1,0.42721495,0
3,1,0.4119025,0
3,1,0.35016727,0
3,1,0.2780353,0
3,1,0.2780353,0
3,1,0.22803459,0
3,1,0.2292786,0
3,1,0.09983832,0
3,1,0.060770664,0
3,1,0.035719227,0
3,1,0.09932065,0
3,1,0.18786229,0
3,1,0.22370122,0
3,1,0.24102424,0
3,1,0.26062623,0
3,1,0.22650059,0
3,1,0.27231252,0
3,1,0.28557095,0
3,1,0.24424246,0
3,1,0.2616665,0
3,1,0.29080963,0
3,1,0.18628678,0
3,1,0.23952307,0
3,1,0.20569791,0
3,1,0.3217022,0
3,1,0.16576165,0
3,1,0.28484607,0
4,0,0.4426357,0
4,0,0.6058274,1
4,0,0.56343365,1
4,0,0.6727703,1
4,0,0.69710284,1
4,0,0.7368673,1
4,0,0.76927197,1
4,0,0.7377965,1
4,0,0.7909876,1
4,0,0.83446187,1
4,0,0.8479361,1
4,0,0.8557491,1
4,0,0.8557491,1
4,0,0.88743746,1
4,0,0.88665193,1
4,0,0.9125291,1
4,0,0.9125291,1
4,0,0.93314266,1
4,0,0.8817252,1
4,0,0.8817252,1
4,0,0.8614584,1
4,0,0.8326606,1
4,0,0.8915809,1
4,0,0.83685195,1
4,0,0.7656213,1
4,0,0.75884444,1
4,0,0.76302844,1
4,0,0.76302844,1
4,0,0.77264917,1
4,0,0.8346628,1
4,0,0.8346628,1
4,0,0.749218,1
4,0,0.78609467,1
4,1,0.82075775,1
4,1,0.8282163,1
4,1,0.84317905,1
4,1,0.84461004,1
4,1,0.83316547,1
4,1,0.79873896,1
4,1,0.74870634,1
4,1,0.75315833,1
4,0,0.7676655,1
4,0,0.7676655,1
4,0,0.6451397,1
4,0,0.45980802,0
4,0,0.47494936,0
4,0,0.53249717,1
4,0,0.36453524,0
4,0,0.45929274,0
4,0,0.3586883,0
4,0,0.3315626,0
4,0,0.5703924,1
4,0,0.49887198,0
4,0,0.5411766,1
4,0,0.5523754,1
4,0,0.60092854,1
4,0,0.6588426,1
4,0,0.667456,1
4,0,0.6667205,1
4,0,0.7671428,1
4,0,0.8243994,1
4,0,0.85649765,1
4,0,0.866065,1
4,0,0.866065,1
4,0,0.8906649,1
4,0,0.9128124,1
4,0,0.8895386,1
4,0,0.90292895,1
4,0,0.9147165,1
4,0,0.87898993,1
4,0,0.81508356,1
4,0,0.7627654,1
4,0,0.7627654,1
4,0,0.68981034,1
4,0,0.6164188,1
4,0,0.56564885,1
4,0,0.65807384,1
4,0,0.6931902,1
4,0,0.70141554,1
4,0,0.63666403,1
4,0,0.66019666,1
4,0,0.5422911,1
4,0,0.6395674,1
4,0,0.6460401,1
4,0,0.66187406,1
4,0,0.6398269,1
4,0,0.7299346,1
4,0,0.7299346,1
4,0,0.77948695,1
4,0,0.7301075,1
4,0,0.67390597,1
4,0,0.5520696,1
4,0,0.6247952,1
4,0,0.57318455,1
4,0,0.67235065,1
4,0,0.68659717,1
4,0,0.63597065,1
4,0,0.6649186,1
4,0,0.6500749,1
4,0,0.61808056,1
4,0,0.6583429,1
4,0,0.6397667,1
4,0,0.603016,1
4,0,0.5653388,1
4,0,0.5874203,1
4,0,0.60268784,1
4,0,0.60268784,1
4,0,0.5520732,1
4,0,0.60245514,1
4,0,0.58327556,1
4,0,0.5919408,1
4,0,0.6371106,1
4,0,0.64258564,1
4,0,0.60261106,1
4,0,0.64785403,1
4,0,0.5158151,1
4,0,0.5158151,1
4,0,0.562851,1
4,0,0.53939277,1
4,0,0.61256576,1
4,0,0.6032929,1
4,0,0.60263795,1
4,0,0.64089566,1
4,0,0.60263795,1
4,0,0.63631237,1
4,0,0.64252186,1
4,0,0.5684452,1
4,0,0.48420444,0
4,0,0.48420444,0
4,0,0.5153892,1
4,0,0.5435667,1
4,0,0.5110543,1
4,0,0.5034854,1
4,0,0.5459011,1
4,0,0.4954348,0
4,0,0.5275757,1
4,0,0.5227796,1
4,0,0.48549226,0
4,0,0.4922974,0
4,0,0.5403198,1
4,0,0.5373625,1
4,0,0.4842337,0
4,0,0.5641004,1
4,0,0.6140268,1
4,0,0.59504366,1
4,0,0.55850726,1
4,0,0.60500944,1
4,0,0.60715103,1
4,0,0.5480437,1
4,0,0.54731923,1
4,0,0.59690535,1
4,0,0.6305018,1
4,0,0.6019049,1
4,0,0.6217425,1
4,0,0.6407875,1
4,0,0.5613612,1
4,0,0.5613612,1
4,0,0.5913524,1
4,0,0.5432016,1
4,0,0.5093797,1
4,0,0.56549484,1
4,0,0.52504987,1
4,0,0.6271758,1
4,0,0.67397726,1
4,0,0.6786817,1
4,0,0.6786817,1
4,0,0.642085,1
4,0,0.65392596,1
4,0,0.60605806,1
4,0,0.42820385,0
4,0,0.5264295,1
4,0,0.53329396,1
4,0,0.5036388,1
4,0,0.42470217,0
4,0,0.45916644,0
4,0,0.47881362,0
4,0,0.53874135,1
4,0,0.6197557,1
4,0,0.6808811,1
4,0,0.6808811,1
4,0,0.5867777,1
4,0,0.5933321,1
4,0,0.6107814,1
4,0,0.6537795,1
4,0,0.7558175,1
4,0,0.8040667,1
4,0,0.8040667,1
4,0,0.72969186,1
4,0,0.7580202,1
4,0,0.79963595,1
4,0,0.7584225,1
4,0,0.7335628,1
4,0,0.7576949,1
4,0,0.73240936,1
4,0,0.6050954,1
4,0,0.7713953,1
4,0,0.6864761,1
4,0,0.8236256,1
4,0,0.75694513,1
4,0,0.8580232,1
4,0,0.8526518,1
4,0,0.8911968,1
4,0,0.914501,1
4,0,0.86957693,1
4,0,0.801169,1
4,0,0.8536869,1
4,0,0.8253797,1
4,0,0.78296685,1
4,0,0.73743284,1
4,0,0.7191728,1
4,0,0.6891207,1
4,0,0.706741,1
4,0,0.7339544,1
4,0,0.77917576,1
4,0,0.8078666,1
4,0,0.8010957,1
4,0,0.7967874,1
4,0,0.74685764,1
4,0,0.66032904,1
4,0,0.7226745,1
4,0,0.6673323,1
4,0,0.7128198,1
4,0,0.707291,1
4,0,0.67441887,1
4,0,0.64579517,1
4,0,0.65911025,1
4,0,0.65621793,1
4,0,0.5809386,1
4,0,0.6344511,1
4,0,0.460466,0
4,0,0.54369205,1
4,0,0.6212301,1
4,0,0.6212301,1
4,0,0.73506093,1
4,0,0.76288986,1
4,0,0.77043676,1
4,0,0.7352875,1
4,0,0.7333767,1
4,0,0.743243,1
4,0,0.77697766,1
4,0,0.7473074,1
4,0,0.7575458,1
4,0,0.72743374,1
4,0,0.7211115,1
4,0,0.74857146,1
4,0,0.6959586,1
4,0,0.6202643,1
4,0,0.62623286,1
4,0,0.5500617,1
4,0,0.5143439,1
4,0,0.581272,1
4,0,0.6516103,1
4,0,0.61245716,1
4,0,0.64702773,1
4,0,0.6255249,1
4,0,0.5999647,1
4,0,0.5366992,1
4,0,0.5939312,1
4,0,0.6339458,1
4,0,0.5777116,1
4,0,0.5963517,1
4,0,0.49942535,0
4,0,0.34213543,0
4,0,0.3349301,0
4,0,0.4806471,0
4,0,0.48136675,0
4,0,0.39114603,0
4,0,0.50749403,1
4,0,0.51302373,1
4,0,0.58247346,1
4,0,0.57517856,1
4,0,0.49540013,0
4,0,0.4762136,0
4,0,0.46552414,0
4,0,0.46552414,0
4,0,0.43793818,0
4,0,0.46497333,0
4,0,0.45479497,0
4,0,0.4594486,0
4,0,0.4594486,0
4,0,0.4870301,0
4,0,0.4967022,0
4,0,0.47397706,0
4,0,0.5116536,1
4,0,0.49482054,0
4,0,0.49032873,0
4,0,0.5554698,1
4,0,0.5792965,1
4,0,0.5997924,1
4,0,0.614508,1
4,0,0.6638836,1
4,0,0.6943139,1
4,0,0.7701459,1
4,0,0.7116299,1
4,0,0.77289546,1
4,0,0.76362276,1
4,0,0.70817107,1
4,0,0.74189866,1
4,0,0.77171427,1
4,0,0.7465209,1
4,0,0.7040366,1
4,0,0.6789306,1
4,0,0.6427242,1
4,0,0.6287321,1
4,0,0.66174734,1
4,0,0.62823486,1
4,0,0.6188477,1
4,0,0.6161967,1
4,0,0.6882265,1
4,0,0.6882265,1
4,0,0.65467405,1
4,0,0.67188984,1
4,0,0.6833013,1
4,0,0.6833013,1
4,0,0.60192555,1
4,0,0.6870477,1
4,0,0.6870477,1
4,0,0.6297488,1
4,0,0.74276793,1
4,0,0.7529661,1
4,0,0.71844935,1
4,0,0.6698961,1
4,0,0.6698961,1
4,0,0.58763087,1
4,0,0.5002235,1
4,0,0.47808436,0
4,0,0.4660263,0
4,0,0.37913716,0
4,0,0.29954797,0
4,0,0.3416488,0
4,0,0.3110675,0
4,0,0.21473587,0
4,0,0.5670621,1
4,0,0.545357,1
4,0,0.66764134,1
4,0,0.66764134,1
4,0,0.6029277,1
4,0,0.7402041,1
4,0,0.65014565,1
4,0,0.67244935,1
4,0,0.7019629,1
4,0,0.6423508,1
4,0,0.51065755,1
4,0,0.5707482,1
4,0,0.5590137,1
4,0,0.5615934,1
4,0,0.5586412,1
4,0,0.5960681,1
4,0,0.5960681,1
4,0,0.4460668,0
4,0,0.5801669,1
4,0,0.6441607,1
4,0,0.5134374,1
4,0,0.5134374,1
4,0,0.56470627,1
4,0,0.47377464,0
4,0,0.50900114,1
4,0,0.5600101,1
4,0,0.5591254,1
4,0,0.631118,1
4,0,0.61121553,1
4,0,0.68582165,1
4,0,0.6914955,1
4,0,0.7408669,1
4,0,0.7115994,1
4,0,0.62359387,1
4,0,0.62359387,1
4,0,0.6276759,1
4,0,0.62086725,1
4,0,0.59724,1
4,0,0.5596148,1
4,0,0.62252927,1
4,0,0.72095907,1
4,0,0.7209731,1
4,0,0.5963237,1
4,0,0.6712562,1
4,0,0.634512,1
4,0,0.58767587,1
4,0,0.51727456,1
4,0,0.58427316,1
4,0,0.59381646,1
4,0,0.56733996,1
4,0,0.6267394,1
4,0,0.58863294,1
4,0,0.58863294,1
4,0,0.7704359,1
4,0,0.67333126,1
4,0,0.47055638,0
4,0,0.5445366,1
4,0,0.58582294,1
4,0,0.66073537,1
4,0,0.7510896,1
4,0,0.72329,1
4,0,0.8069875,1
4,0,0.7609532,1
4,0,0.6450863,1
4,0,0.4704496,0
4,0,0.6083917,1
4,0,0.7014861,1
4,0,0.7520096,1
4,0,0.6973043,1
4,0,0.8233754,1
4,0,0.8154078,1
4,0,0.8687929,1
4,0,0.83839566,1
4,0,0.8224091,1
4,0,0.66705644,1
4,0,0.8189361,1
4,0,0.7202148,1
4,0,0.6539709,1
4,0,0.67821914,1
4,0,0.80637974,1
4,0,0.7737176,1
4,0,0.5849046,1
4,0,0.6481211,1
4,0,0.728561,1
4,0,0.606523,1
4,0,0.6785508,1
4,0,0.614512,1
4,0,0.6362101,1
4,0,0.5237172,1
4,0,0.59929943,1
4,0,0.5183782,1
4,0,0.5720135,1
4,0,0.53209263,1
4,0,0.46851435,0
4,0,0.36217326,0
4,0,0.46931675,0
4,0,0.5255334,1
4,0,0.51429415,1
4,0,0.5128133,1
4,0,0.51853085,1
4,0,0.5118096,1
4,0,0.504397,1
4,0,0.49864733,0
4,0,0.44597203,0
4,0,0.4877817,0
4,0,0.59444517,1
4,0,0.7397462,1
4,0,0.83625185,1
4,0,0.82859224,1
4,0,0.80517703,1
4,0,0.84044796,1
4,0,0.72670895,1
4,0,0.84861857,1
4,0,0.72670895,1
4,0,0.7153093,1
4,0,0.78746015,1
4,0,0.78138775,1
4,0,0.817498,1
4,0,0.7549557,1
4,0,0.6924205,1
4,0,0.6774987,1
4,0,0.59807295,1
4,0,0.5898277,1
4,0,0.6316447,1
4,0,0.6296395,1
4,0,0.55939746,1
4,0,0.59291387,1
4,0,0.5461938,1
4,0,0.5762555,1
4,0,0.5750125,1
4,0,0.5351499,1
4,0,0.57467484,1
4,0,0.5942206,1
4,0,0.6145803,1
4,0,0.61741364,1
4,0,0.45903116,0
4,0,0.5300828,1
4,0,0.25864285,0
4,0,0.21235217,0
4,0,0.32270402,0
4,0,0.33170855,0
4,0,0.19900884,0
4,0,0.13658197,0
4,0,0.06418193,0
4,0,0.056236185,0
4,0,0.06428173,0
4,0,0.077595726,0
4,1,0.70391905,1
4,1,0.7260781,1
4,1,0.77130836,1
4,1,0.648,1
4,1,0.71005416,1
4,1,0.58148044,1
4,1,0.60116094,1
4,1,0.6353497,1
4,1,0.42066804,0
4,1,0.17738,0
4,1,0.21438573,0
4,1,0.26217532,0
4,1,0.31730023,0
4,1,0.5335759,1
4,1,0.5335759,1
4,1,0.73537266,1
4,1,0.7060113,1
4,1,0.66101515,1
4,1,0.62870526,1
4,1,0.7751216,1
4,1,0.66314346,1
4,1,0.74121255,1
4,1,0.7078837,1
4,1,0.69086695,1
4,1,0.64880747,1
4,1,0.6726127,1
4,1,0.6372341,1
4,1,0.667647,1
4,1,0.6911629,1
4,1,0.54795474,1
4,1,0.5910558,1
4,1,0.5152951,1
4,1,0.3454338,0
4,1,0.17797838,0
4,1,0.1943845,0
4,1,0.36464924,0
4,1,0.48332223,0
4,1,0.5442542,1
4,1,0.57542014,1
4,1,0.46353048,0
4,1,0.44379634,0
4,1,0.3582486,0
4,1,0.35029233,0
4,1,0.25990573,0
4,1,0.25990573,0
4,1,0.30961972,0
4,1,0.56276804,1
4,1,0.50910157,1
4,1,0.4778632,0
4,1,0.5971528,1
4,1,0.5372522,1
4,1,0.5508079,1
4,1,0.58557796,1
4,1,0.5724917,1
4,1,0.58424866,1
4,1,0.5986054,1
4,1,0.63632244,1
4,1,0.6471343,1
4,1,0.6381022,1
4,1,0.62168103,1
4,1,0.62168103,1
4,1,0.30630952,0
4,1,0.41414902,0
4,1,0.42120895,0
4,1,0.50255775,1
4,1,0.50385386,1
4,1,0.50550735,1
4,1,0.56303024,1
4,1,0.4948014,0
4,1,0.6771585,1
4,1,0.68692374,1
4,1,0.60974914,1
4,1,0.6491601,1
4,1,0.6777592,1
4,1,0.7057758,1
4,1,0.45806623,0
4,1,0.44675523,0
4,1,0.41083476,0
4,1,0.3522197,0
4,1,0.27873117,0
4,1,0.36343503,0
4,1,0.36334917,0
4,1,0.4772374,0
4,1,0.44024506,0
4,1,0.48764053,0
4,1,0.5017885,1
4,1,0.46986532,0
4,1,0.58290255,1
4,0,0.6612077,1
4,0,0.66321415,1
4,0,0.5933541,1
4,0,0.63985187,1
4,0,0.62101567,1
4,0,0.652504,1
4,0,0.62127495,1
4,0,0.5780127,1
4,0,0.59335953,1
4,0,0.6073354,1
4,0,0.58242834,1
4,1,0.8319747,1
4,1,0.7289565,1
4,1,0.7738702,1
4,1,0.7754371,1
4,1,0.656962,1
4,1,0.5957767,1
4,1,0.6896075,1
4,1,0.72951585,1
4,1,0.72951585,1
4,1,0.67996895,1
4,1,0.6657377,1
4,1,0.65880805,1
4,1,0.7208093,1
4,1,0.7208093,1
4,1,0.8174343,1
4,1,0.78787637,1
4,1,0.82377994,1
4,1,0.8470329,1
4,1,0.80718684,1
4,1,0.8612766,1
4,1,0.9567783,1
4,1,0.9567783,1
4,0,0.56670606,1
4,0,0.5372189,1
4,0,0.5882608,1
4,0,0.5347227,1
4,0,0.5636395,1
4,0,0.5339851,1
4,0,0.5610206,1
4,0,0.63238066,1
4,0,0.63238066,1
4,0,0.57995504,1
4,0,0.57995504,1
4,0,0.61646616,1
4,0,0.6795593,1
4,0,0.722141,1
4,0,0.62511086,1
4,0,0.2846379,0
4,0,0.3312886,0
4,0,0.44287822,0
4,0,0.4340739,0
4,0,0.36198282,0
4,0,0.37073997,0
4,0,0.46980813,0
4,0,0.4595206,0
4,0,0.5065331,1
4,0,0.5231974,1
4,0,0.48192924,0
4,0,0.56650794,1
4,0,0.53188753,1
4,0,0.44694355,0
4,0,0.20367102,0
4,0,0.19007644,0
4,0,0.27836302,0
4,0,0.18036924,0
4,0,0.22903968,0
4,0,0.3673939,0
4,0,0.37033486,0
4,0,0.24599583,0
4,0,0.45183334,0
4,0,0.59187746,1
4,0,0.62478304,1
4,0,0.613601,1
4,0,0.54988563,1
4,0,0.6076218,1
4,0,0.5089459,1
4,0,0.5658439,1
4,0,0.622555,1
4,0,0.6100265,1
4,0,0.75577205,1
4,0,0.65135705,1
4,0,0.5265959,1
4,0,0.7244543,1
4,0,0.74599016,1
4,0,0.62087244,1
4,0,0.51006913,1
4,0,0.5826916,1
4,0,0.6650376,1
4,0,0.6247968,1
4,0,0.49118504,0
4,0,0.5104899,1
4,0,0.54727626,1
4,0,0.51574934,1
4,0,0.4541551,0
4,0,0.3958977,0
4,0,0.47562164,0
4,0,0.47562164,0
4,0,0.32583156,0
4,0,0.20375223,0
4,0,0.20375223,0
4,0,0.2887814,0
4,0,0.18167478,0
4,0,0.20269303,0
4,0,0.3164256,0
4,0,0.42590648,0
4,0,0.513539,1
4,0,0.6380412,1
4,0,0.6475663,1
4,0,0.66687435,1
4,0,0.6953978,1
4,0,0.6322222,1
4,0,0.61132324,1
4,0,0.61423606,1
4,0,0.6097204,1
4,0,0.6165294,1
4,0,0.6009876,1
4,0,0.6301175,1
4,0,0.6213014,1
4,0,0.6130486,1
4,0,0.57108617,1
4,0,0.53353274,1
4,0,0.41694626,0
4,0,0.43509993,0
4,0,0.46764272,0
4,0,0.46659493,0
4,0,0.41997176,0
4,0,0.53089267,1
4,0,0.55304515,1
4,0,0.65290153,1
4,0,0.5139758,1
4,0,0.43405494,0
4,0,0.43405494,0
4,0,0.6088633,1
4,0,0.4497411,0
4,0,0.63898855,1
4,0,0.79364944,1
4,0,0.8260849,1
4,0,0.70476013,1
4,0,0.7290246,1
4,0,0.80309045,1
4,0,0.7619503,1
4,0,0.6733509,1
4,0,0.6857368,1
4,0,0.53129673,1
4,0,0.5196508,1
4,0,0.71207017,1
4,0,0.68975127,1
4,0,0.6979654,1
4,0,0.7818506,1
4,0,0.6977256,1
4,0,0.5134585,1
4,0,0.5189335,1
4,0,0.7248667,1
4,0,0.58483994,1
4,0,0.3263103,0
4,0,0.3741395,0
4,0,0.4365046,0
4,0,0.40045324,0
4,0,0.3055494,0
4,0,0.31069458,0
4,0,0.13539934,0
4,0,0.17455332,0
4,0,0.15929444,0
4,0,0.14312331,0
4,0,0.09739234,0
4,0,0.103335686,0
4,0,0.10500861,0
4,0,0.10558241,0
4,0,0.120420344,0
4,0,0.25571805,0
4,0,0.18716335,0
4,0,0.21942112,0
4,0,0.19269654,0
4,0,0.21623647,0
4,0,0.21623647,0
4,0,0.4402952,0
4,0,0.50048006,1
4,0,0.54732233,1
4,0,0.39837474,0
4,0,0.34212473,0
4,0,0.41434804,0
4,0,0.4431457,0
4,0,0.44514254,0
4,0,0.44514254,0
4,0,0.42847818,0
4,0,0.5254268,1
4,0,0.489735,0
4,0,0.6113972,1
4,0,0.6425164,1
4,0,0.6462737,1
4,0,0.6236881,1
4,0,0.63734865,1
4,0,0.6137188,1
4,0,0.6226065,1
4,0,0.6031531,1
4,0,0.6080044,1
4,0,0.61738575,1
4,0,0.6277101,1
4,0,0.590782,1
4,0,0.5599311,1
4,0,0.5828961,1
4,0,0.5636632,1
4,0,0.53595287,1
4,0,0.5333069,1
4,0,0.55770874,1
4,0,0.5807028,1
4,0,0.57098967,1
4,0,0.5831859,1
4,0,0.5446825,1
4,0,0.5983516,1
4,0,0.6338467,1
4,0,0.6005957,1
4,0,0.5746385,1
4,0,0.6343743,1
4,0,0.5954228,1
4,0,0.62951136,1
4,0,0.5510102,1
4,0,0.59761065,1
4,0,0.61117405,1
4,0,0.5042762,1
4,0,0.32779709,0
4,0,0.38907385,0
4,0,0.3613836,0
4,0,0.42227063,0
4,0,0.4017112,0
4,0,0.3655264,0
4,0,0.48676315,0
4,0,0.41176552,0
4,0,0.43989918,0
4,0,0.5654208,1
4,0,0.5692601,1
4,0,0.6344773,1
4,0,0.63768834,1
4,0,0.5657015,1
4,0,0.70595485,1
4,0,0.689237,1
4,0,0.6322463,1
4,0,0.7277484,1
4,0,0.6328971,1
4,0,0.62024504,1
4,0,0.62024504,1
4,0,0.62877566,1
4,0,0.7904944,1
4,0,0.7904944,1
4,0,0.6404301,1
4,0,0.65091336,1
4,0,0.61219203,1
4,0,0.48452595,0
4,0,0.64342004,1
4,0,0.5824193,1
4,0,0.7193021,1
4,0,0.68027437,1
4,0,0.67244333,1
4,0,0.67244333,1
4,0,0.67244333,1
4,0,0.6362134,1
4,0,0.6254591,1
4,0,0.5372327,1
4,0,0.43296668,0
4,0,0.3534855,0
4,0,0.39265177,0
4,0,0.42026332,0
4,0,0.52055883,1
4,0,0.3303185,0
4,0,0.17609653,0
4,0,0.20917751,0
4,0,0.20917751,0
4,0,0.15323865,0
4,0,0.2017406,0
4,0,0.38023672,0
4,0,0.39008522,0
4,0,0.45967346,0
4,0,0.5359153,1
4,0,0.5321678,1
4,0,0.56453377,1
4,0,0.50127244,1
4,0,0.5570673,1
4,0,0.5416956,1
4,0,0.5416956,1
4,0,0.70040375,1
4,0,0.613516,1
4,0,0.6591587,1
4,0,0.62844425,1
4,0,0.62844425,1
4,0,0.5934059,1
4,0,0.5930108,1
4,0,0.56476873,1
4,0,0.48160604,0
4,0,0.48320583,0
4,0,0.52390075,1
4,0,0.5789806,1
4,0,0.57826376,1
4,0,0.55794585,1
4,0,0.49336043,0
4,0,0.4174901,0
4,0,0.4523336,0
4,0,0.49001968,0
4,0,0.44175732,0
4,0,0.39734694,0
4,0,0.4811325,0
4,0,0.47859028,0
4,0,0.64753413,1
4,0,0.7223736,1
4,0,0.7066232,1
4,0,0.6630502,1
4,0,0.53746516,1
4,0,0.5293457,1
4,0,0.55503297,1
4,0,0.59694135,1
4,0,0.56965536,1
4,0,0.66896296,1
4,0,0.66896296,1
4,0,0.6486373,1
4,0,0.6950967,1
4,0,0.642374,1
4,0,0.5476956,1
4,0,0.5066156,1
4,0,0.44673225,0
4,0,0.48524135,0
4,0,0.50872266,1
4,0,0.58092433,1
4,0,0.54231334,1
4,0,0.5555061,1
4,0,0.5555061,1
4,0,0.56309885,1
4,0,0.5398202,1
4,0,0.49850437,0
4,0,0.5954825,1
4,0,0.54399395,1
4,0,0.5471138,1
4,0,0.6284489,1
4,0,0.596742,1
4,0,0.5222678,1
4,0,0.47229534,0
4,0,0.4808617,0
4,0,0.49017894,0
4,0,0.43497235,0
4,0,0.38044813,0
4,0,0.32461226,0
4,0,0.35747808,0
4,0,0.41153362,0
4,0,0.39479935,0
4,0,0.33982852,0
4,0,0.2998569,0
4,0,0.29802468,0
4,0,0.22125801,0
4,0,0.19769429,0
4,1,0.8152734,1
4,1,0.8152734,1
4,1,0.8864465,1
4,1,0.8230949,1
4,1,0.74482006,1
4,1,0.74021494,1
4,1,0.7932096,1
4,1,0.83439165,1
4,1,0.57886523,1
4,1,0.56737244,1
4,1,0.57886523,1
4,1,0.5897613,1
4,1,0.5794626,1
4,1,0.5683119,1
4,1,0.58726704,1
4,1,0.55512637,1
4,1,0.55512637,1
4,1,0.60002434,1
4,1,0.62062067,1
4,1,0.5607094,1
4,1,0.5337408,1
4,1,0.5337408,1
4,1,0.4935876,0
4,1,0.38713118,0
4,1,0.4336012,0
4,1,0.4988283,0
4,1,0.44369394,0
4,1,0.54441494,1
4,1,0.54441494,1
4,1,0.585993,1
4,1,0.5696572,1
4,1,0.53685594,1
4,1,0.6012698,1
4,1,0.5779897,1
4,1,0.58729964,1
4,1,0.6424364,1
4,1,0.63355404,1
4,1,0.60505295,1
4,1,0.6267033,1
4,1,0.64557946,1
4,1,0.6794335,1
4,1,0.5362963,1
4,1,0.51515067,1
4,1,0.56406474,1
4,1,0.51525116,1
4,1,0.51525116,1
4,1,0.52856034,1
4,1,0.5539048,1
4,1,0.59185904,1
4,1,0.5999785,1
4,1,0.6289476,1
4,1,0.63647527,1
4,1,0.6094302,1
4,1,0.5997782,1
4,1,0.63963085,1
4,1,0.6528426,1
4,1,0.6605327,1
4,1,0.7227402,1
4,1,0.6881083,1
4,1,0.7001062,1
4,1,0.67178917,1
4,1,0.63069415,1
4,1,0.5293783,1
4,1,0.5293783,1
4,1,0.54168844,1
4,1,0.5148741,1
4,1,0.52392656,1
4,1,0.47921982,0
4,1,0.47956672,0
4,1,0.45124072,0
4,1,0.45499414,0
4,1,0.46341863,0
4,1,0.44863793,0
4,1,0.45909852,0
4,1,0.47542226,0
4,1,0.47542226,0
4,1,0.4673563,0
4,1,0.4631047,0
4,1,0.4800356,0
4,1,0.43603045,0
4,1,0.42086726,0
4,1,0.4377182,0
4,1,0.4595311,0
4,1,0.49383056,0
4,1,0.5175296,1
4,1,0.5395597,1
4,1,0.56622964,1
4,1,0.53680426,1
4,1,0.5638605,1
4,1,0.54998314,1
4,1,0.54761595,1
4,1,0.6028647,1
4,1,0.59978783,1
4,1,0.60188204,1
4,1,0.6907323,1
4,1,0.7207503,1
4,1,0.77572703,1
4,1,0.70187384,1
4,1,0.70187384,1
4,1,0.70187384,1
4,1,0.65884686,1
4,1,0.67712384,1
4,1,0.71124655,1
4,1,0.6541086,1
4,1,0.68794644,1
4,1,0.45005685,0
4,1,0.38004896,0
4,1,0.34811527,0
4,1,0.3173571,0
4,1,0.3069584,0
4,1,0.25225335,0
4,1,0.27710104,0
4,1,0.2717741,0
4,1,0.27744412,0
4,1,0.296068,0
4,1,0.41417402,0
4,1,0.45946395,0
4,1,0.4717957,0
4,1,0.50169593,1
4,1,0.502116,1
4,1,0.5168514,1
4,1,0.53266114,1
4,1,0.52764493,1
4,1,0.53203994,1
4,1,0.536435,1
4,1,0.536435,1
4,1,0.49096236,0
4,1,0.4670405,0
4,1,0.46925256,0
4,1,0.516973,1
4,1,0.55146,1
4,1,0.5069354,1
4,1,0.52291334,1
4,1,0.5037996,1
4,1,0.47087893,0
4,1,0.45500502,0
4,1,0.45500502,0
4,1,0.49033943,0
4,1,0.51618,1
4,1,0.55288863,1
4,1,0.5685423,1
4,1,0.5373194,1
4,1,0.5132721,1
4,1,0.55571437,1
4,1,0.5518227,1
4,1,0.5895864,1
4,1,0.64217865,1
4,1,0.69007033,1
4,1,0.779592,1
4,1,0.7512055,1
4,1,0.6272023,1
4,1,0.5907711,1
4,1,0.59720075,1
4,1,0.6363212,1
4,1,0.60381216,1
4,1,0.56815165,1
4,1,0.62776285,1
4,1,0.62776285,1
4,1,0.62776285,1
4,1,0.5911896,1
4,1,0.60527307,1
4,1,0.6441868,1
4,1,0.6597826,1
4,1,0.65584123,1
4,1,0.6813811,1
4,1,0.6813811,1
4,1,0.7183018,1
4,1,0.6461933,1
4,1,0.6643586,1
4,1,0.62097305,1
4,1,0.6114742,1
4,1,0.69710284,1
4,1,0.7368673,1
4,1,0.76927197,1
4,1,0.7377965,1
4,1,0.7909876,1
4,1,0.83446187,1
4,1,0.8479361,1
4,1,0.8557491,1
4,1,0.8557491,1
4,1,0.88743746,1
4,1,0.9125291,1
4,1,0.9125291,1
4,1,0.93314266,1
4,1,0.8817252,1
4,1,0.8817252,1
4,1,0.8614584,1
4,1,0.8326606,1
4,1,0.8915809,1
4,1,0.83685195,1
4,1,0.7656213,1
4,1,0.75884444,1
4,1,0.76302844,1
4,1,0.61765367,1
4,1,0.60367495,1
4,1,0.6550213,1
4,1,0.659271,1
4,1,0.659271,1
4,1,0.63947594,1
4,1,0.5974015,1
4,1,0.58327556,1
4,1,0.5919408,1
4,1,0.6371106,1
4,1,0.6808811,1
4,1,0.6808811,1
4,1,0.5867777,1
4,1,0.5933321,1
4,1,0.6107814,1
4,1,0.6537795,1
4,1,0.7558175,1
4,1,0.8040667,1
4,1,0.8040667,1
4,1,0.72969186,1
4,1,0.64579517,1
4,1,0.65911025,1
4,1,0.65621793,1
4,1,0.5809386,1
4,1,0.6344511,1
4,1,0.460466,0
4,1,0.54369205,1
4,1,0.6212301,1
4,1,0.6212301,1
4,1,0.73506093,1
4,1,0.76288986,1
4,1,0.34213543,0
4,1,0.3349301,0
4,1,0.4806471,0
4,1,0.48136675,0
4,1,0.39114603,0
4,1,0.50749403,1
4,1,0.51302373,1
4,1,0.58247346,1
4,1,0.57517856,1
4,1,0.49540013,0
4,1,0.4762136,0
4,1,0.46552414,0
4,1,0.5116536,1
4,1,0.49482054,0
4,1,0.49032873,0
4,1,0.5554698,1
4,1,0.5792965,1
4,1,0.5997924,1
4,1,0.614508,1
4,1,0.6638836,1
4,1,0.6943139,1
4,1,0.7701459,1
4,0,0.74189866,1
4,0,0.77171427,1
4,0,0.7465209,1
4,0,0.7040366,1
4,0,0.6789306,1
4,0,0.6427242,1
4,0,0.6287321,1
4,0,0.66174734,1
4,0,0.62823486,1
4,0,0.6188477,1
4,0,0.6161967,1
4,0,0.6882265,1
4,1,0.6916059,1
4,1,0.7756785,1
4,1,0.8216194,1
4,1,0.8203653,1
4,1,0.9219151,1
4,1,0.9488284,1
4,1,0.9488284,1
4,1,0.9071129,1
4,1,0.834064,1
4,1,0.7917341,1
4,1,0.7954627,1
4,1,0.43082535,0
4,1,0.61313665,1
4,1,0.43069005,0
4,1,0.35293147,0
4,1,0.35293147,0
4,1,0.23330192,0
4,1,0.32903388,0
4,1,0.26672983,0
4,1,0.18870947,0
4,1,0.19466443,0
4,1,0.25530416,0
4,1,0.20263332,0
4,1,0.26095176,0
4,1,0.60063106,1
4,1,0.59366214,1
4,1,0.60031027,1
4,1,0.60031027,1
4,1,0.62897885,1
4,1,0.67864144,1
4,1,0.6890207,1
4,1,0.68618625,1
4,1,0.70676094,1
4,1,0.65914494,1
4,1,0.59641993,1
4,1,0.60463655,1
4,1,0.5984977,1
4,1,0.6666904,1
4,1,0.684969,1
4,1,0.74943393,1
4,1,0.7495565,1
4,1,0.7594451,1
4,1,0.6687331,1
4,1,0.5917546,1
4,1,0.5558195,1
4,1,0.551827,1
4,1,0.596694,1
4,1,0.52675605,1
4,1,0.4776107,0
4,1,0.45406926,0
4,1,0.5287638,1
4,1,0.52161264,1
4,1,0.5287638,1
4,1,0.5781547,1
4,1,0.5644041,1
4,1,0.5644041,1
4,1,0.6119428,1
4,1,0.56852186,1
4,1,0.5957672,1
4,1,0.5818269,1
4,1,0.5818269,1
4,1,0.55660844,1
4,1,0.5214085,1
4,1,0.56481093,1
4,1,0.39102277,0
4,1,0.39102277,0
4,1,0.44594112,0
4,1,0.5867464,1
4,1,0.41026488,0
4,1,0.30562085,0
4,1,0.30562085,0
4,1,0.40574852,0
4,1,0.8005184,1
4,1,0.7063882,1
4,1,0.5669858,1
4,1,0.42536804,0
4,1,0.5212635,1
4,1,0.62142575,1
4,1,0.47162086,0
4,1,0.51959807,1
4,1,0.5167389,1
4,1,0.57149863,1
4,1,0.52340776,1
4,1,0.52340776,1
4,1,0.5023513,1
4,1,0.5275435,1
4,1,0.60235864,1
4,1,0.55162424,1
4,1,0.49559245,0
4,1,0.5488629,1
4,1,0.50838053,1
4,1,0.40320325,0
4,1,0.40533018,0
4,1,0.42362028,0
5,1,0.336233,0
5,1,0.31450927,0
5,1,0.31227034,0
5,1,0.27070007,0
5,1,0.24143736,0
5,1,0.25769147,0
5,1,0.27185124,0
5,1,0.22387074,0
5,1,0.21822074,0
5,1,0.22998087,0
5,1,0.23290263,0
5,1,0.7657924,1
5,1,0.675789,1
5,1,0.6822711,1
5,1,0.5966197,1
5,1,0.78833914,1
5,1,0.69705814,1
5,1,0.69705814,1
5,1,0.66221154,1
5,1,0.7280558,1
5,1,0.56119484,1
5,1,0.5327516,1
5,1,0.3295006,0
5,1,0.33763045,0
5,1,0.37316176,0
5,1,0.34079865,0
5,1,0.35763165,0
5,1,0.33457407,0
5,1,0.36520734,0
5,1,0.40025264,0
5,1,0.40025264,0
5,1,0.6377375,1
5,1,0.83486396,1
5,1,0.90826577,1
5,1,0.9029515,1
5,1,0.9610243,1
5,1,0.9677435,1
5,1,0.99532026,1
5,1,0.9910796,1
5,1,0.9933467,1
5,1,0.998052,1
5,1,0.9996207,1
5,1,0.9998586,1
5,1,0.9997032,1
5,1,0.99924767,1
5,1,0.9997414,1
5,1,0.9999759,1
5,1,0.99991775,1
5,1,0.87760955,1
5,1,0.8604235,1
5,1,0.801057,1
5,1,0.49150005,0
5,1,0.65287167,1
5,1,0.51533973,1
5,1,0.3910794,0
5,1,0.2675585,0
5,1,0.321745,0
5,1,0.27609855,0
5,1,0.34094772,0
5,1,0.38244182,0
5,1,0.41271785,0
5,1,0.31115705,0
5,1,0.42698023,0
5,1,0.4608115,0
5,1,0.26226214,0
5,1,0.2598699,0
5,1,0.28170457,0
5,1,0.3118663,0
5,1,0.29274118,0
5,1,0.24372084,0
5,1,0.29589555,0
5,1,0.34088743,0
5,1,0.4811482,0
5,1,0.62508404,1
5,1,0.5927753,1
5,1,0.5916565,1
5,1,0.52298343,1
5,1,0.5916565,1
5,1,0.41711685,0
5,1,0.32612264,0
5,1,0.3502893,0
5,1,0.38091466,0
5,1,0.24051122,0
5,1,0.21489224,0
5,1,0.21489224,0
5,1,0.22543654,0
5,1,0.22094722,0
5,1,0.2167257,0
5,1,0.22739477,0
5,1,0.22626002,0
5,1,0.2435092,0
5,1,0.28193396,0
5,1,0.32699767,0
5,1,0.3102043,0
5,1,0.26692522,0
5,1,0.29466394,0
5,1,0.3181019,0
5,1,0.26727393,0
5,1,0.28728306,0
5,1,0.57637954,1
5,1,0.6980899,1
5,1,0.4524473,0
5,1,0.38108817,0
5,1,0.38108817,0
5,1,0.38108817,0
5,1,0.32601568,0
5,1,0.2540986,0
5,1,0.3076681,0
5,1,0.28676564,0
5,1,0.20355727,0
5,1,0.27087677,0
5,1,0.27644476,0
5,1,0.3744907,0
5,1,0.39499107,0
5,1,0.40702617,0
5,1,0.3139535,0
5,1,0.3139535,0
5,1,0.30474216,0
5,1,0.26632917,0
5,1,0.26632917,0
5,1,0.25498918,0
5,1,0.25498918,0
5,1,0.25498918,0
5,1,0.28267795,0
5,1,0.30181187,0
5,1,0.28376174,0
5,1,0.28336078,0
5,1,0.2807549,0
5,1,0.27854055,0
5,1,0.28229332,0
5,1,0.2738529,0
5,1,0.32095614,0
5,1,0.29555494,0
5,1,0.28775704,0
5,1,0.25421384,0
5,1,0.27843463,0
5,1,0.28949213,0
5,1,0.24593444,0
5,1,0.2004286,0
5,1,0.16071784,0
5,1,0.23069575,0
5,1,0.20977432,0
5,1,0.24206391,0
5,1,0.25633782,0
5,1,0.23027423,0
5,1,0.2646612,0
5,1,0.25918615,0
5,1,0.27978674,0
5,1,0.4379567,0
5,1,0.39856982,0
5,1,0.22447953,0
5,1,0.29403713,0
5,1,0.29403713,0
5,1,0.27022174,0
5,1,0.2749118,0
5,1,0.29236805,0
5,1,0.24134958,0
5,1,0.33603737,0
5,1,0.39839593,0
5,1,0.6561093,1
5,1,0.66373014,1
5,1,0.46313113,0
5,1,0.4649705,0
5,1,0.47392213,0
5,1,0.38400012,0
5,1,0.3882226,0
5,1,0.33378956,0
5,1,0.28722888,0
5,1,0.28722888,0
5,1,0.27012163,0
5,1,0.33685568,0
5,1,0.26161057,0
5,1,0.22408475,0
5,1,0.27989414,0
5,1,0.7267733,1
5,1,0.82563674,1
5,1,0.7617134,1
5,1,0.5710274,1
5,1,0.699093,1
5,1,0.83066124,1
5,1,0.8438689,1
5,1,0.8438689,1
5,1,0.8711576,1
5,1,0.89324397,1
5,1,0.93916386,1
5,1,0.93916386,1
5,1,0.974531,1
5,1,0.9710798,1
5,1,0.98996663,1
5,1,0.991967,1
5,1,0.99368906,1
5,1,0.25845817,0
5,1,0.40056342,0
5,1,0.36555675,0
5,1,0.20514947,0
5,1,0.27090728,0
5,1,0.27090728,0
5,1,0.27022174,0
5,1,0.2749118,0
5,0,0.5486981,1
5,0,0.503839,1
5,0,0.55614567,1
5,0,0.40285376,0
5,0,0.39667884,0
5,0,0.3914907,0
5,0,0.39043218,0
5,0,0.39647642,0
5,0,0.4187195,0
5,0,0.41378936,0
5,0,0.4393617,0
5,0,0.40114436,0
5,0,0.2954438,0
5,0,0.35018387,0
5,0,0.29623368,0
5,1,0.47260353,0
5,1,0.4606483,0
5,1,0.5595759,1
5,1,0.41825494,0
5,1,0.40850064,0
5,1,0.40850064,0
5,1,0.4235229,0
5,1,0.43500832,0
5,1,0.43500832,0
5,1,0.4589208,0
5,1,0.45756406,0
5,1,0.38334543,0
5,1,0.37065232,0
5,1,0.39820254,0
5,1,0.3907579,0
5,1,0.25860617,0
5,1,0.25860617,0
5,1,0.20144701,0
5,0,0.43196505,0
5,0,0.48837242,0
5,0,0.40758434,0
5,0,0.48535636,0
5,0,0.5666373,1
5,0,0.718516,1
5,0,0.6976246,1
5,0,0.6090896,1
5,0,0.5685037,1
5,0,0.47503555,0
5,0,0.65766037,1
5,0,0.5807592,1
5,0,0.53978366,1
5,0,0.6297091,1
5,0,0.5693881,1
5,0,0.6549536,1
5,0,0.73874027,1
5,0,0.8455445,1
5,0,0.80195844,1
5,0,0.8005793,1
5,0,0.6727973,1
5,0,0.6699965,1
5,0,0.6699965,1
5,0,0.60175776,1
5,0,0.60175776,1
5,0,0.42333296,0
5,0,0.44032037,0
5,0,0.47969213,0
5,0,0.36650982,0
5,0,0.43645382,0
5,0,0.31870484,0
5,0,0.23481591,0
5,0,0.23491988,0
5,0,0.2249405,0
5,0,0.21315858,0
5,0,0.2553468,0
5,1,0.44413948,0
5,1,0.36595654,0
5,1,0.3422838,0
5,1,0.31102836,0
5,1,0.30457836,0
5,1,0.28204504,0
5,1,0.30245772,0
5,1,0.3910807,0
5,1,0.49032524,0
5,1,0.44487572,0
5,1,0.46497312,0
5,1,0.4481854,0
5,1,0.36181518,0
5,1,0.33159214,0
5,1,0.34489182,0
5,1,0.47511154,0
5,1,0.47511154,0
5,1,0.5067036,1
5,1,0.55230314,1
5,1,0.4834497,0
5,1,0.4834497,0
5,0,0.3861514,0
5,0,0.25880128,0
5,0,0.34891838,0
5,0,0.39189106,0
5,0,0.37956044,0
5,0,0.27895996,0
5,0,0.23199695,0
5,0,0.21478117,0
5,0,0.22200651,0
5,0,0.23613602,0
5,0,0.2439695,0
5,0,0.25059608,0
5,0,0.24906942,0
5,0,0.24759239,0
5,0,0.25391525,0
5,0,0.2265199,0
5,0,0.20287175,0
5,0,0.29110423,0
5,0,0.3150587,0
5,0,0.30329984,0
5,0,0.28566357,0
5,0,0.40997976,0
5,0,0.4465623,0
5,0,0.45646203,0
5,0,0.44945598,0
5,0,0.44243282,0
5,0,0.45519847,0
5,0,0.5500813,1
5,0,0.51943123,1
5,0,0.52010095,1
5,0,0.5417114,1
5,0,0.55444175,1
5,0,0.44336522,0
5,0,0.31800425,0
5,0,0.30990583,0
5,0,0.4462366,0
5,0,0.33607084,0
5,0,0.3115333,0
5,0,0.32854646,0
5,0,0.4462366,0
5,0,0.5205272,1
5,0,0.54760265,1
5,0,0.5936134,1
5,0,0.624587,1
5,0,0.6437597,1
5,0,0.6315583,1
5,0,0.6048933,1
5,0,0.5524341,1
5,0,0.5262371,1
5,0,0.7350925,1
5,0,0.661109,1
5,0,0.4833013,0
5,0,0.45140022,0
5,0,0.3555204,0
5,0,0.3555204,0
5,0,0.2958972,0
5,0,0.25934553,0
5,0,0.24232958,0
5,0,0.22748332,0
5,0,0.17122325,0
5,0,0.22428678,0
5,0,0.28161165,0
5,0,0.2933566,0
5,0,0.36813417,0
5,0,0.28411338,0
5,0,0.17352833,0
5,0,0.20026132,0
5,0,0.20026132,0
5,0,0.24587592,0
5,0,0.29368126,0
5,0,0.19898725,0
5,0,0.21071398,0
5,0,0.1761486,0
5,0,0.10850912,0
5,0,0.14716299,0
5,0,0.13340098,0
5,0,0.13252787,0
5,0,0.11187297,0
5,0,0.09995078,0
5,0,0.16667758,0
5,0,0.2408387,0
5,0,0.24542919,0
5,0,0.3364993,0
5,0,0.24542919,0
5,0,0.14964378,0
5,0,0.2279726,0
5,0,0.312636,0
5,0,0.36479264,0
5,0,0.4039091,0
5,0,0.484253,0
5,0,0.5014443,1
5,0,0.4625153,0
5,0,0.4570967,0
5,0,0.41029602,0
5,0,0.5223163,1
5,0,0.4716539,0
5,0,0.56588846,1
5,0,0.47079694,0
5,0,0.63473344,1
5,0,0.7782063,1
5,0,0.7658602,1
5,0,0.7158296,1
5,0,0.48464328,0
5,0,0.48464328,0
5,0,0.4671424,0
5,0,0.5199836,1
5,0,0.5495805,1
5,0,0.5283167,1
5,0,0.63991815,1
5,0,0.47207147,0
5,0,0.53271055,1
5,0,0.42075238,0
5,0,0.5245865,1
5,0,0.51748055,1
5,0,0.62389725,1
5,0,0.42798832,0
5,0,0.6011889,1
5,0,0.9072412,1
5,0,0.75869536,1
5,0,0.6416265,1
5,0,0.64253056,1
5,0,0.64253056,1
5,0,0.6927848,1
5,0,0.751328,1
5,0,0.8492518,1
5,0,0.91192716,1
5,0,0.8861095,1
5,0,0.8459195,1
5,0,0.79988647,1
5,0,0.6637945,1
5,0,0.79235315,1
5,0,0.24118178,0
5,0,0.3965813,0
5,0,0.3949015,0
5,0,0.25450137,0
5,0,0.16940968,0
5,0,0.1120759,0
5,0,0.08115003,0
5,0,0.096274264,0
5,0,0.09794306,0
5,0,0.13248637,0
5,0,0.13248637,0
5,0,0.17356655,0
5,0,0.18911397,0
5,0,0.18911397,0
5,0,0.21038023,0
5,0,0.14269187,0
5,0,0.08322009,0
5,0,0.050234642,0
5,0,0.050234642,0
5,0,0.080238126,0
5,0,0.23796654,0
5,0,0.39846262,0
5,0,0.45232683,0
5,0,0.5869491,1
5,0,0.3552945,0
5,0,0.17648466,0
5,0,0.1322196,0
5,0,0.23239629,0
5,0,0.4377361,0
5,0,0.25247312,0
5,0,0.25247312,0
5,0,0.433735,0
5,0,0.34187236,0
5,0,0.25334662,0
5,0,0.1893527,0
5,0,0.1893527,0
5,0,0.1514409,0
5,0,0.09723994,0
5,0,0.09512078,0
5,0,0.11136676,0
5,0,0.11136676,0
5,0,0.09512078,0
5,0,0.11061985,0
5,0,0.06590351,0
5,0,0.104765795,0
5,0,0.091721736,0
5,0,0.07822052,0
5,0,0.15307997,0
5,0,0.14125012,0
5,0,0.12717819,0
5,0,0.12717819,0
5,0,0.18374504,0
5,0,0.1029209,0
5,0,0.1029209,0
5,0,0.08339097,0
5,0,0.09466324,0
5,0,0.08145353,0
5,0,0.07273835,0
5,0,0.04045521,0
5,0,0.04020983,0
5,0,0.037089456,0
5,0,0.041777413,0
5,0,0.031407412,0
5,0,0.05758032,0
5,0,0.086770795,0
5,0,0.21399893,0
5,0,0.1528338,0
5,0,0.20411183,0
5,0,0.2809496,0
5,0,0.3745822,0
5,0,0.54399,1
5,0,0.69195074,1
5,0,0.70352817,1
5,0,0.71325564,1
5,0,0.6697028,1
5,0,0.7340244,1
5,0,0.7335755,1
5,0,0.71770644,1
5,0,0.7370513,1
5,0,0.8299277,1
5,0,0.77149135,1
5,0,0.8683186,1
5,0,0.9549359,1
5,0,0.9330038,1
5,0,0.86053395,1
5,0,0.82874787,1
5,0,0.75079244,1
5,0,0.84662205,1
5,0,0.8347821,1
5,0,0.8635047,1
5,0,0.71921974,1
5,0,0.7374422,1
5,0,0.78320545,1
5,0,0.8318719,1
5,0,0.7300822,1
5,0,0.5748152,1
5,0,0.47766823,0
5,0,0.39754075,0
5,0,0.5963534,1
5,0,0.66931236,1
5,0,0.6559696,1
5,0,0.5074115,1
5,0,0.5074115,1
5,0,0.48681805,0
5,0,0.51856565,1
5,0,0.6042085,1
5,0,0.624522,1
5,0,0.687039,1
5,0,0.52468985,1
5,0,0.6576339,1
5,0,0.6576339,1
5,0,0.60296005,1
5,0,0.54284656,1
5,0,0.43300152,0
5,0,0.36888123,0
5,0,0.38146418,0
5,0,0.4142363,0
5,0,0.2853728,0
5,0,0.33967307,0
5,0,0.33967307,0
5,0,0.34454858,0
5,0,0.30273113,0
5,0,0.21394226,0
5,0,0.24923286,0
5,0,0.16510075,0
5,0,0.19893374,0
5,0,0.20182244,0
5,0,0.16510075,0
5,0,0.14463384,0
5,0,0.16796604,0
5,0,0.13484244,0
5,0,0.16008623,0
5,0,0.12762675,0
5,0,0.21473412,0
5,0,0.17405057,0
5,0,0.24155883,0
5,0,0.2951071,0
5,0,0.331656,0
5,0,0.28399488,0
5,0,0.46119133,0
5,0,0.53095263,1
5,0,0.5667829,1
5,0,0.66560787,1
5,0,0.70402324,1
5,0,0.7167385,1
5,0,0.8425612,1
5,0,0.8957447,1
5,0,0.1969097,0
5,0,0.18729548,0
5,0,0.22143607,0
5,0,0.19438106,0
5,0,0.19450852,0
5,0,0.192869,0
5,0,0.15862498,0
5,0,0.11948086,0
5,0,0.15817142,0
5,0,0.0949951,0
5,0,0.15887696,0
5,0,0.14324962,0
5,0,0.13033378,0
5,0,0.07065284,0
5,0,0.08920576,0
5,0,0.058172803,0
5,0,0.089868955,0
5,0,0.12636901,0
5,0,0.1892447,0
5,0,0.20822828,0
5,0,0.20822828,0
5,0,0.23353441,0
5,0,0.3014881,0
5,0,0.329188,0
5,0,0.44290936,0
5,0,0.3924652,0
5,0,0.38831082,0
5,0,0.3672961,0
5,0,0.36592385,0
5,0,0.41493642,0
5,0,0.50945586,1
5,0,0.45226073,0
5,0,0.45226073,0
5,0,0.39557162,0
5,0,0.46429425,0
5,0,0.5264322,1
5,0,0.6291125,1
5,0,0.7515183,1
5,0,0.81979877,1
5,0,0.7329055,1
5,0,0.80547744,1
5,0,0.77668935,1
5,0,0.8111762,1
5,0,0.80184233,1
5,0,0.7350872,1
5,0,0.7752576,1
5,0,0.6863902,1
5,0,0.54959285,1
5,0,0.56039494,1
5,0,0.4846585,0
5,0,0.53536195,1
5,0,0.4846585,0
5,0,0.38096347,0
5,0,0.3851601,0
5,0,0.45945796,0
5,0,0.41809908,0
5,0,0.4796646,0
5,0,0.44499284,0
5,0,0.44499284,0
5,0,0.5557284,1
5,0,0.4628139,0
5,0,0.47603992,0
5,0,0.50562716,1
5,0,0.5026823,1
5,0,0.4864989,0
5,0,0.39018297,0
5,0,0.36572677,0
5,0,0.36546975,0
5,0,0.3007516,0
5,0,0.27830276,0
5,0,0.27101615,0
5,0,0.24414884,0
5,0,0.26755542,0
5,0,0.26516217,0
5,0,0.2538326,0
5,0,0.26702115,0
5,0,0.24453592,0
5,0,0.26739126,0
5,0,0.30397627,0
5,0,0.31981906,0
5,0,0.34621435,0
5,0,0.3609668,0
5,0,0.32047465,0
5,0,0.35426673,0
5,0,0.3096766,0
5,0,0.3096766,0
5,0,0.33086583,0
5,0,0.2758108,0
5,0,0.28001451,0
5,0,0.34742945,0
5,0,0.29314047,0
5,0,0.32402185,0
5,0,0.2914569,0
5,0,0.29465103,0
5,0,0.3437378,0
5,0,0.30239022,0
5,0,0.32134098,0
5,0,0.47233734,0
5,0,0.5916949,1
5,0,0.62786406,1
5,0,0.6805622,1
5,0,0.7572982,1
5,0,0.75824714,1
5,0,0.7423148,1
5,0,0.5149015,1
5,0,0.7423148,1
5,0,0.8168595,1
5,0,0.8758306,1
5,0,0.87119293,1
5,0,0.772908,1
5,0,0.843707,1
5,0,0.8929673,1
5,0,0.88650835,1
5,1,0.6260371,1
5,1,0.6618134,1
5,1,0.53223807,1
5,1,0.56828004,1
5,1,0.44284955,0
5,1,0.4915462,0
5,1,0.33284748,0
5,1,0.1637691,0
5,1,0.1829374,0
5,1,0.28022543,0
5,1,0.35855207,0
5,1,0.32360384,0
5,1,0.30452237,0
5,1,0.4552983,0
5,1,0.41069436,0
5,1,0.39450258,0
5,1,0.45430198,0
5,1,0.37159947,0
5,1,0.29648766,0
5,1,0.28017336,0
5,1,0.24345866,0
5,1,0.2502856,0
5,1,0.21931094,0
5,1,0.19894892,0
5,1,0.23701727,0
5,1,0.15969858,0
5,1,0.24145392,0
5,1,0.29593858,0
5,1,0.18937758,0
5,1,0.33087972,0
5,1,0.28401917,0
5,1,0.28218967,0
5,1,0.28285557,0
5,1,0.30331758,0
5,1,0.30331758,0
5,1,0.2544131,0
5,1,0.27329156,0
5,1,0.23158251,0
5,1,0.16553575,0
5,1,0.2038843,0
5,1,0.24138325,0
5,1,0.22447054,0
5,1,0.26373193,0
5,1,0.23152035,0
5,1,0.29480326,0
5,1,0.29480326,0
5,1,0.29498142,0
5,1,0.2801653,0
5,1,0.29586357,0
5,1,0.29586357,0
5,1,0.27530485,0
5,1,0.2556075,0
5,1,0.24190253,0
5,1,0.24190253,0
5,1,0.3248023,0
5,1,0.44700453,0
5,1,0.37441278,0
5,1,0.33877882,0
5,1,0.30523434,0
5,1,0.30893484,0
5,1,0.5227003,1
5,1,0.40705642,0
5,1,0.43770385,0
5,1,0.30371302,0
5,1,0.34000453,0
5,1,0.27177793,0
5,1,0.3038776,0
5,1,0.47142205,0
5,1,0.64375216,1
5,1,0.67697203,1
5,1,0.46081552,0
5,1,0.2237128,0
5,1,0.27691665,0
5,1,0.3176854,0
5,1,0.25720415,0
5,1,0.21857274,0
5,1,0.21857274,0
5,1,0.2682845,0
5,1,0.2682845,0
5,1,0.23163265,0
5,1,0.24048433,0
5,1,0.25913334,0
5,1,0.21509206,0
5,1,0.2391083,0
5,1,0.29196894,0
5,1,0.34339184,0
5,1,0.45331636,0
5,1,0.4114168,0
5,1,0.49677482,0
5,1,0.6341473,1
5,1,0.72039384,1
5,1,0.661449,1
5,1,0.6115755,1
5,1,0.72621953,1
5,1,0.748021,1
5,1,0.6610597,1
5,1,0.51435435,1
5,1,0.36930442,0
5,1,0.30968034,0
5,1,0.29530686,0
5,1,0.23338833,0
5,1,0.22404937,0
5,1,0.20390157,0
5,1,0.2056856,0
5,1,0.336233,0
5,1,0.31450927,0
5,1,0.31227034,0
5,1,0.27070007,0
5,1,0.24143736,0
5,1,0.25769147,0
5,1,0.27185124,0
5,1,0.22387074,0
5,1,0.21822074,0
5,1,0.22998087,0
5,1,0.23290263,0
5,1,0.2265273,0
5,1,0.20555808,0
5,1,0.1898214,0
5,1,0.20647317,0
5,1,0.20555808,0
5,1,0.19463322,0
5,1,0.21619667,0
5,1,0.41215068,0
5,1,0.31270248,0
5,1,0.32508212,0
5,1,0.34433538,0
5,1,0.32929328,0
5,1,0.3185109,0
5,1,0.33944872,0
5,1,0.31055126,0
5,1,0.24191771,0
5,1,0.3295006,0
5,1,0.3701898,0
5,1,0.34844816,0
5,1,0.24187846,0
5,1,0.29823986,0
5,1,0.3295006,0
5,1,0.33763045,0
5,1,0.37316176,0
5,1,0.34079865,0
5,1,0.35763165,0
5,1,0.33457407,0
5,1,0.36520734,0
5,1,0.40025264,0
5,1,0.40025264,0
5,1,0.37710172,0
5,1,0.27033526,0
5,1,0.28807873,0
5,1,0.338838,0
5,1,0.38087797,0
5,1,0.310177,0
5,1,0.44140416,0
5,1,0.5173873,1
5,1,0.50705755,1
5,1,0.60726404,1
5,1,0.5361384,1
5,1,0.61310744,1
5,1,0.65665627,1
5,1,0.65364635,1
5,1,0.5679172,1
5,1,0.65364635,1
5,1,0.6125722,1
5,1,0.23233238,0
5,1,0.214372,0
5,1,0.23984133,0
5,1,0.25320217,0
5,1,0.2527895,0
5,1,0.22735928,0
5,1,0.24469584,0
5,1,0.23722619,0
5,1,0.21970999,0
5,1,0.21970999,0
5,1,0.37567198,0
5,1,0.38690904,0
5,1,0.4653166,0
5,1,0.46881032,0
5,1,0.6215914,1
5,1,0.53816444,1
5,1,0.46122542,0
5,1,0.4720848,0
5,1,0.38624185,0
5,1,0.3873319,0
5,1,0.3575144,0
5,1,0.29265064,0
5,1,0.363578,0
5,1,0.34731767,0
5,0,0.68356854,1
5,0,0.70957565,1
5,0,0.70957565,1
5,0,0.8432872,1
5,0,0.8216371,1
5,0,0.825204,1
5,0,0.8387271,1
5,0,0.8005141,1
5,0,0.8642894,1
5,0,0.90081316,1
5,0,0.91934264,1
5,0,0.91223925,1
5,0,0.8719292,1
5,0,0.8263307,1
5,0,0.90774,1
5,0,0.9090779,1
5,0,0.91982824,1
5,0,0.87415045,1
5,0,0.71937704,1
5,0,0.6711064,1
5,0,0.7340797,1
5,0,0.67519706,1
5,0,0.7246654,1
5,0,0.7246654,1
5,0,0.769833,1
5,0,0.53973347,1
5,0,0.55212665,1
5,0,0.4642127,0
5,0,0.4717282,0
5,0,0.32476968,0
5,0,0.26382807,0
5,0,0.22458671,0
5,0,0.20539242,0
5,0,0.23535338,0
5,0,0.25528073,0
5,0,0.24906239,0
5,0,0.33714843,0
5,0,0.36425313,0
5,0,0.3174237,0
5,0,0.33432305,0
5,0,0.33432305,0
5,0,0.3174237,0
5,0,0.3181515,0
5,0,0.3684063,0
5,0,0.4550493,0
5,0,0.5169088,1
5,0,0.53870386,1
5,0,0.5195739,1
5,0,0.55919135,1
5,0,0.5355843,1
5,0,0.5231833,1
5,0,0.47415552,0
5,0,0.5053811,1
5,0,0.46852913,0
5,0,0.3879279,0
5,0,0.46076164,0
5,0,0.39845,0
5,0,0.610881,1
5,0,0.75208724,1
5,0,0.6263496,1
5,0,0.64881593,1
5,0,0.61239344,1
5,0,0.56007564,1
5,0,0.56007564,1
5,0,0.6236672,1
5,0,0.77585685,1
5,0,0.6612539,1
5,0,0.67859256,1
5,0,0.67859256,1
5,0,0.7882827,1
5,0,0.7364693,1
5,0,0.81026083,1
5,0,0.7198828,1
5,0,0.6382285,1
5,0,0.6861646,1
5,0,0.5908543,1
5,0,0.6419631,1
5,0,0.5226989,1
5,0,0.3889915,0
5,0,0.3241089,0
5,0,0.26393768,0
5,0,0.26508057,0
5,0,0.38741657,0
5,0,0.31193653,0
5,0,0.23784086,0
5,0,0.23188967,0
5,0,0.19994473,0
5,0,0.20034511,0
5,0,0.19201028,0
5,0,0.20567428,0
5,0,0.21611309,0
5,0,0.18825862,0
5,0,0.23550367,0
5,0,0.23345561,0
5,0,0.23217387,0
5,0,0.2423479,0
5,0,0.2956238,0
5,0,0.25181592,0
5,0,0.3112992,0
5,0,0.44324735,0
5,0,0.46660164,0
5,0,0.5940952,1
5,1,0.6741324,1
5,1,0.59119695,1
5,1,0.6343339,1
5,1,0.73715246,1
5,1,0.73715246,1
5,1,0.73715246,1
5,1,0.85554594,1
5,1,0.78968775,1
5,1,0.8389823,1
5,1,0.7502809,1
5,1,0.7687997,1
5,1,0.71379423,1
5,1,0.6217395,1
5,1,0.66541445,1
5,1,0.73681456,1
5,1,0.6399368,1
5,1,0.8312014,1
5,1,0.8216604,1
5,0,0.74535704,1
5,0,0.71288764,1
5,0,0.50083214,1
5,0,0.50083214,1
5,0,0.5257898,1
5,0,0.39822835,0
5,0,0.37839016,0
5,0,0.35382152,0
5,0,0.39225084,0
5,0,0.3836212,0
5,0,0.4028311,0
5,0,0.45381665,0
5,0,0.38798308,0
5,0,0.44919974,0
5,0,0.3668955,0
5,0,0.37870574,0
5,0,0.5463478,1
5,0,0.6258132,1
5,0,0.68855464,1
5,0,0.795884,1
5,0,0.86844057,1
5,0,0.9139734,1
5,0,0.8856092,1
5,0,0.8146626,1
5,0,0.7553585,1
5,0,0.6229102,1
5,0,0.48089737,0
5,0,0.7324136,1
5,0,0.5834143,1
5,0,0.5834143,1
5,0,0.5405169,1
5,0,0.47469983,0
5,0,0.51262426,1
5,0,0.51262426,1
5,0,0.45362473,0
5,0,0.4043277,0
5,0,0.50631505,1
5,0,0.38245383,0
5,0,0.5782044,1
5,0,0.8043497,1
5,0,0.8314656,1
5,0,0.88566333,1
5,0,0.8106056,1
5,0,0.8106056,1
5,0,0.7918981,1
5,0,0.85857093,1
5,0,0.81700706,1
5,0,0.76686686,1
5,0,0.8027798,1
5,0,0.7735435,1
5,0,0.73867106,1
5,0,0.7611926,1
5,0,0.8597528,1
5,0,0.7276829,1
5,0,0.7276829,1
5,0,0.7785516,1
5,0,0.7582351,1
5,0,0.72903967,1
5,0,0.8465042,1
5,0,0.8912498,1
5,0,0.8931876,1
5,0,0.93688124,1
5,0,0.96289206,1
5,0,0.8726501,1
5,0,0.9017138,1
5,0,0.88023216,1
5,0,0.91354066,1
5,0,0.92071444,1
5,0,0.9454342,1
5,0,0.97149694,1
5,0,0.9574903,1
5,0,0.88096005,1
5,0,0.5817226,1
5,0,0.44739714,0
5,0,0.53737015,1
5,0,0.52617913,1
5,0,0.40915847,0
5,0,0.46655747,0
5,0,0.46655747,0
5,0,0.46655747,0
5,0,0.3593047,0
5,0,0.2510477,0
5,0,0.3117111,0
5,0,0.29804152,0
5,0,0.27344403,0
5,0,0.38132405,0
5,0,0.4173123,0
5,0,0.40538877,0
5,0,0.39778468,0
5,0,0.34214494,0
5,0,0.5156502,1
5,0,0.5980983,1
5,0,0.5063458,1
5,0,0.4673492,0
5,0,0.5692402,1
5,0,0.53639215,1
5,0,0.5911177,1
5,0,0.5422271,1
5,0,0.63498455,1
5,0,0.5752325,1
5,0,0.44437236,0
5,0,0.41357693,0
5,0,0.39786237,0
5,0,0.42328662,0
5,0,0.36395738,0
5,1,0.36395738,0
5,1,0.2926504,0
5,1,0.4053674,0
5,1,0.4072395,0
5,1,0.35342607,0
5,1,0.33116952,0
5,1,0.34945303,0
5,1,0.29537123,0
5,1,0.29296938,0
5,1,0.3024361,0
5,1,0.34752873,0
5,1,0.36826536,0
5,1,0.3800329,0
5,0,0.37528765,0
5,0,0.51187897,1
5,0,0.36458617,0
5,0,0.31602332,0
5,0,0.3103735,0
5,0,0.30377975,0
5,0,0.30377975,0
5,0,0.3107662,0
5,0,0.49091503,0
5,0,0.31832075,0
5,0,0.25389168,0
5,0,0.22311206,0
5,0,0.2854812,0
5,0,0.3639176,0
5,0,0.47861785,0
5,0,0.41912016,0
5,0,0.2809088,0
5,0,0.34843108,0
5,0,0.2978958,0
5,0,0.40525994,0
5,0,0.34550843,0
5,0,0.19288124,0
5,0,0.1888064,0
5,0,0.1653163,0
5,0,0.19961505,0
5,0,0.23387139,0
5,0,0.19234796,0
5,0,0.20467955,0
5,0,0.13457257,0
5,0,0.11711274,0
5,0,0.11981665,0
5,0,0.0894073,0
5,0,0.07625741,0
5,0,0.1320301,0
5,0,0.1647057,0
5,0,0.18267424,0
5,0,0.27312702,0
5,0,0.30745372,0
5,0,0.3454792,0
5,0,0.3454792,0
5,0,0.45458925,0
5,0,0.4696334,0
5,0,0.3509197,0
5,0,0.41639662,0
5,0,0.41020116,0
5,0,0.38006163,0
5,0,0.4504545,0
5,0,0.59138817,1
5,0,0.5494348,1
5,0,0.43918437,0
5,0,0.42964202,0
5,0,0.4268835,0
5,0,0.29167986,0
5,0,0.24094456,0
5,0,0.24094456,0
5,0,0.22005044,0
5,0,0.2477302,0
5,0,0.31453136,0
5,0,0.26118517,0
5,0,0.26118517,0
5,0,0.17740807,0
5,0,0.2318575,0
5,0,0.23392053,0
5,0,0.30093274,0
5,0,0.4562895,0
5,0,0.37297928,0
5,0,0.28840983,0
5,0,0.28840983,0
5,0,0.28840983,0
5,0,0.33633536,0
5,0,0.3196002,0
5,0,0.32731125,0
5,0,0.36260283,0
5,0,0.30862913,0
5,0,0.30079442,0
5,0,0.32354742,0
5,0,0.27403826,0
5,0,0.26059327,0
5,0,0.26059327,0
5,0,0.26742193,0
5,0,0.282281,0
5,0,0.38269988,0
5,0,0.42661506,0
5,0,0.42661506,0
5,0,0.29003078,0
5,0,0.29703748,0
5,0,0.24840866,0
5,0,0.2257785,0
5,0,0.2686993,0
5,0,0.33603272,0
5,0,0.2839808,0
5,0,0.37578636,0
5,0,0.37578636,0
5,0,0.441607,0
5,0,0.37795025,0
5,0,0.37795025,0
5,0,0.3161659,0
5,0,0.37795025,0
5,0,0.40392295,0
5,0,0.4362713,0
5,0,0.40092406,0
5,0,0.37744132,0
5,1,0.35464957,0
5,1,0.48956543,0
5,1,0.44170466,0
5,1,0.4728157,0
5,1,0.5668631,1
5,1,0.5227207,1
5,1,0.4863918,0
5,1,0.49625528,0
5,1,0.6201725,1
5,1,0.71141857,1
5,1,0.5638596,1
5,1,0.5785874,1
5,1,0.5638596,1
5,1,0.5335139,1
5,1,0.5437695,1
5,1,0.5525219,1
5,1,0.4585164,0
5,1,0.52320814,1
5,0,0.59816754,1
5,0,0.48566964,0
5,0,0.4925796,0
5,0,0.43097827,0
5,0,0.40071666,0
5,0,0.30897492,0
5,0,0.2689024,0
5,0,0.2578267,0
5,0,0.24066207,0
5,0,0.23044685,0
5,0,0.24995896,0
5,0,0.2704066,0
5,0,0.2704066,0
5,0,0.25228077,0
5,0,0.27950707,0
5,0,0.22194737,0
5,0,0.22718042,0
5,0,0.2187177,0
5,0,0.23554309,0
5,0,0.26751682,0
5,0,0.28073964,0
5,0,0.31854728,0
5,0,0.2687989,0
5,0,0.2724869,0
5,0,0.30099198,0
5,0,0.28975382,0
5,0,0.34732342,0
5,0,0.30588078,0
5,0,0.31634632,0
5,0,0.30314058,0
5,0,0.32689506,0
5,0,0.36007032,0
5,0,0.43444496,0
5,0,0.4622027,0
5,0,0.4624826,0
5,0,0.4934317,0
