Fold,Label,Prob,Preds
1,1,0.6257544,1
1,1,0.4865715,0
1,1,0.48125926,0
1,1,0.45348763,0
1,1,0.32565942,0
1,1,0.4089082,0
1,1,0.4519775,0
1,1,0.38499728,0
1,1,0.40242022,0
1,1,0.58922064,1
1,1,0.65825444,1
1,1,0.53904676,1
1,1,0.6849506,1
1,1,0.38420027,0
1,1,0.5499427,1
1,1,0.47793046,0
1,1,0.569361,1
1,0,0.7809998,1
1,0,0.64489967,1
1,0,0.4619153,0
1,0,0.39084122,0
1,0,0.46480182,0
1,0,0.35204262,0
1,0,0.3960636,0
1,0,0.23101842,0
1,0,0.21628246,0
1,0,0.13627373,0
1,0,0.22266515,0
1,0,0.26732475,0
1,0,0.31029752,0
1,0,0.37343818,0
1,0,0.5352505,1
1,0,0.38521197,0
1,0,0.55134743,1
1,0,0.2899309,0
1,0,0.3629172,0
1,0,0.41873008,0
1,0,0.6373729,1
1,0,0.4123284,0
1,0,0.3729552,0
1,0,0.28465524,0
1,0,0.32663685,0
1,0,0.3298082,0
1,0,0.32136497,0
1,0,0.37241256,0
1,0,0.20307223,0
1,0,0.19649966,0
1,0,0.2559732,0
1,0,0.2805006,0
1,0,0.29857406,0
1,0,0.24072994,0
1,0,0.31511977,0
1,0,0.21530741,0
1,0,0.2538798,0
1,0,0.32000807,0
1,0,0.40865257,0
1,0,0.28962678,0
1,0,0.39884806,0
1,0,0.25252205,0
1,0,0.20381516,0
1,0,0.32432005,0
1,0,0.24791043,0
1,0,0.3221767,0
1,0,0.3537969,0
1,0,0.36476585,0
1,0,0.33738524,0
1,0,0.2634527,0
1,0,0.3970678,0
1,0,0.34905154,0
1,0,0.42188352,0
1,0,0.41730422,0
1,0,0.33424976,0
1,0,0.3493272,0
1,0,0.47315758,0
1,0,0.3807141,0
1,0,0.46372443,0
1,0,0.499718,0
1,0,0.49995402,0
1,0,0.5951454,1
1,0,0.4349694,0
1,0,0.6287785,1
1,0,0.3892035,0
1,0,0.4496739,0
1,0,0.5022866,1
1,0,0.5527637,1
1,0,0.6082611,1
1,0,0.73179346,1
1,0,0.5097515,1
1,0,0.53545594,1
1,0,0.750901,1
1,0,0.68331486,1
1,0,0.83366317,1
1,0,0.72080654,1
1,0,0.7074076,1
1,0,0.5605323,1
1,0,0.40401936,0
1,0,0.62380856,1
1,0,0.6283974,1
1,0,0.6224511,1
1,0,0.467986,0
1,0,0.4330932,0
1,0,0.51896304,1
1,0,0.58490694,1
1,0,0.63866717,1
1,0,0.6468119,1
1,0,0.7952677,1
1,0,0.7139762,1
1,0,0.79894716,1
1,0,0.59207946,1
1,0,0.6848337,1
1,0,0.6116952,1
1,0,0.49860716,0
1,1,0.72976214,1
1,1,0.82935065,1
1,1,0.9024676,1
1,1,0.89818215,1
1,1,0.907124,1
1,1,0.8447866,1
1,1,0.86883897,1
1,1,0.814709,1
1,1,0.76283175,1
1,1,0.7536544,1
1,1,0.70140976,1
1,1,0.7848357,1
1,1,0.7502306,1
1,1,0.8162579,1
1,1,0.662344,1
1,1,0.7666961,1
1,1,0.7431622,1
1,1,0.76956743,1
1,1,0.60551965,1
1,1,0.68981916,1
1,1,0.68570155,1
1,1,0.7438841,1
1,1,0.5935428,1
1,1,0.5909199,1
1,1,0.85106647,1
1,1,0.7729534,1
1,1,0.79141796,1
1,1,0.84275305,1
1,1,0.84986925,1
1,1,0.82659894,1
1,1,0.8509831,1
1,1,0.7340714,1
1,1,0.74602413,1
1,1,0.734006,1
1,1,0.5726546,1
1,1,0.5886045,1
1,1,0.55816203,1
1,1,0.5719876,1
1,1,0.57067114,1
1,1,0.41935506,0
1,1,0.3569055,0
1,1,0.45261735,0
1,1,0.27775055,0
1,1,0.31716233,0
1,1,0.29078448,0
1,1,0.36076495,0
1,1,0.3428141,0
1,1,0.32802743,0
1,1,0.38691744,0
1,1,0.22262658,0
1,1,0.2843239,0
1,1,0.41509834,0
1,1,0.21329708,0
1,1,0.2976121,0
1,1,0.4166999,0
1,1,0.2874185,0
1,1,0.3800264,0
1,1,0.35332865,0
1,1,0.34700096,0
1,1,0.36376554,0
1,1,0.26035386,0
1,1,0.387874,0
1,1,0.3457923,0
1,1,0.3947695,0
1,1,0.39718032,0
1,1,0.3116184,0
1,1,0.3381035,0
1,1,0.46373037,0
1,1,0.37964633,0
1,1,0.37301996,0
1,1,0.6253459,1
1,1,0.61685437,1
1,1,0.9048939,1
1,1,0.7715496,1
1,1,0.81218433,1
1,1,0.81988996,1
1,1,0.7473487,1
1,1,0.83460414,1
1,1,0.82105756,1
1,1,0.8941745,1
1,1,0.9312088,1
1,1,0.9120938,1
1,1,0.8888498,1
1,1,0.8358811,1
1,1,0.9276461,1
1,1,0.8796729,1
1,1,0.81407833,1
1,1,0.8097354,1
1,1,0.8382397,1
1,1,0.70925367,1
1,1,0.57851434,1
1,1,0.52516806,1
1,1,0.510276,1
1,1,0.38777998,0
1,1,0.48594865,0
1,1,0.6515887,1
1,1,0.4043157,0
1,1,0.48046756,0
1,1,0.64906204,1
1,1,0.5343621,1
1,1,0.8119135,1
1,1,0.62723094,1
1,1,0.67009366,1
1,1,0.55908805,1
1,1,0.58952135,1
1,1,0.45775595,0
1,1,0.69499654,1
1,1,0.5719679,1
1,1,0.45493942,0
1,1,0.34996465,0
1,1,0.6765621,1
1,1,0.51247776,1
1,1,0.62058777,1
1,1,0.43913043,0
1,1,0.5349445,1
1,1,0.50499696,1
1,1,0.5895527,1
1,0,0.37344268,0
1,0,0.45351425,0
1,0,0.2973575,0
1,0,0.47322223,0
1,0,0.32354575,0
1,0,0.46411988,0
1,0,0.48091602,0
1,0,0.48320383,0
1,0,0.57473296,1
1,0,0.4164426,0
1,0,0.6168863,1
1,0,0.63686806,1
1,0,0.41782022,0
1,0,0.37687337,0
1,0,0.47577792,0
1,0,0.5052551,1
1,0,0.34556535,0
1,0,0.28824648,0
1,0,0.35107756,0
1,0,0.39647588,0
1,0,0.28723255,0
1,0,0.3970364,0
1,0,0.5758765,1
1,0,0.44646075,0
1,0,0.43966138,0
1,0,0.3670661,0
1,0,0.31447786,0
1,0,0.41465637,0
1,0,0.43430355,0
1,0,0.28631127,0
1,0,0.17284748,0
1,0,0.536377,1
1,0,0.29417253,0
1,0,0.19942354,0
1,1,0.7082524,1
1,1,0.20617919,0
1,1,0.5316003,1
1,1,0.5136043,1
1,1,0.5587294,1
1,1,0.32822934,0
1,1,0.33378303,0
1,1,0.36842972,0
1,1,0.39146206,0
1,1,0.22031394,0
1,0,0.3902993,0
1,0,0.32839695,0
1,0,0.28401616,0
1,0,0.213157,0
1,0,0.16961071,0
1,0,0.28726783,0
1,0,0.2783604,0
1,0,0.1489708,0
1,0,0.20160665,0
1,0,0.23019157,0
1,0,0.30666542,0
1,0,0.48060298,0
1,0,0.30795193,0
1,0,0.17191097,0
1,0,0.5301832,1
1,0,0.38585812,0
1,0,0.5000267,1
1,0,0.6082924,1
1,0,0.45288104,0
1,0,0.38779387,0
1,0,0.3701042,0
1,0,0.33321056,0
1,0,0.28987485,0
1,0,0.38916877,0
1,0,0.39641795,0
1,0,0.44547316,0
1,0,0.7526871,1
1,0,0.68850845,1
1,0,0.48791358,0
1,0,0.41266719,0
1,0,0.58184713,1
1,0,0.6483808,1
1,0,0.40658292,0
1,0,0.34135175,0
1,0,0.3024737,0
1,0,0.45514318,0
1,0,0.6472541,1
1,0,0.5572574,1
1,0,0.53361535,1
1,0,0.6326606,1
1,0,0.72741616,1
1,0,0.60716355,1
1,0,0.4432054,0
1,0,0.7096727,1
1,0,0.5130374,1
1,0,0.39267918,0
1,0,0.5766386,1
1,0,0.51124626,1
1,0,0.3955631,0
1,0,0.3345794,0
1,0,0.21983205,0
1,0,0.20324847,0
1,0,0.24756773,0
1,0,0.2570513,0
1,0,0.15467273,0
1,0,0.23689546,0
1,0,0.35302275,0
1,0,0.28795084,0
1,0,0.35296077,0
1,0,0.2323821,0
1,0,0.26563454,0
1,0,0.20894162,0
1,0,0.4644576,0
1,0,0.5682612,1
1,0,0.32514018,0
1,0,0.34395263,0
1,0,0.48500183,0
1,0,0.31095275,0
1,0,0.30310765,0
1,0,0.38894168,0
1,0,0.7066894,1
1,0,0.3966764,0
1,0,0.53281945,1
1,0,0.46057016,0
1,0,0.52139574,1
1,0,0.24176918,0
1,0,0.5424153,1
1,0,0.40088776,0
1,0,0.30357024,0
1,0,0.57208014,1
1,0,0.50378335,1
1,0,0.20804112,0
1,0,0.38586614,0
1,0,0.3874669,0
1,0,0.18824285,0
1,0,0.34475023,0
1,0,0.28004003,0
1,0,0.34501833,0
1,0,0.24133198,0
1,0,0.39083958,0
1,0,0.42316908,0
1,0,0.2895031,0
1,0,0.1772764,0
1,0,0.47682416,0
1,0,0.34790638,0
1,0,0.14848574,0
1,0,0.14353582,0
1,0,0.2882511,0
1,0,0.24542212,0
1,0,0.18888587,0
1,0,0.19477192,0
1,0,0.13930276,0
1,0,0.138184,0
1,0,0.23520356,0
1,0,0.3122127,0
1,0,0.17706323,0
1,0,0.21143049,0
1,0,0.08325454,0
1,0,0.1443259,0
1,0,0.12929022,0
1,0,0.2058396,0
1,0,0.20734993,0
1,0,0.09007841,0
1,0,0.15213278,0
1,0,0.10256182,0
1,0,0.59883773,1
1,0,0.25774634,0
1,0,0.6179577,1
1,0,0.25143674,0
1,0,0.21983519,0
1,0,0.32413408,0
1,0,0.4548973,0
1,0,0.6476177,1
1,0,0.55102867,1
1,0,0.49781087,0
1,0,0.56167805,1
1,0,0.6695738,1
1,0,0.45908472,0
1,0,0.5709404,1
1,0,0.5619186,1
1,0,0.6063469,1
1,0,0.53127414,1
1,0,0.44554752,0
1,0,0.40441182,0
1,0,0.63981414,1
1,0,0.4789451,0
1,0,0.6001722,1
1,0,0.4112002,0
1,0,0.3853187,0
1,0,0.35460147,0
1,0,0.42555347,0
1,0,0.31984082,0
1,0,0.41073084,0
1,0,0.25003383,0
1,0,0.4280316,0
1,0,0.34093887,0
1,0,0.2739265,0
1,0,0.3483211,0
1,0,0.27907386,0
1,0,0.35264522,0
1,0,0.20517327,0
1,0,0.36693904,0
1,0,0.41060188,0
1,0,0.37085915,0
1,0,0.6141232,1
1,0,0.52294916,1
1,0,0.2763299,0
1,0,0.27049166,0
1,0,0.56015587,1
1,0,0.4190212,0
1,0,0.3793524,0
1,0,0.61535,1
1,0,0.54427975,1
1,0,0.5292664,1
1,0,0.5961384,1
1,0,0.667357,1
1,0,0.4995976,0
1,0,0.54086965,1
1,0,0.4374303,0
1,0,0.5289985,1
1,0,0.62166935,1
1,0,0.5655539,1
1,0,0.31562662,0
1,0,0.37177354,0
1,0,0.3861457,0
1,0,0.23744251,0
1,0,0.21035716,0
1,0,0.3025979,0
1,0,0.31648457,0
1,0,0.29013994,0
1,0,0.37925854,0
1,0,0.3831316,0
1,0,0.23703122,0
1,0,0.44228074,0
1,0,0.32662353,0
1,0,0.347874,0
1,0,0.2921743,0
1,0,0.29184988,0
1,0,0.39701045,0
1,0,0.3805834,0
1,0,0.35914508,0
1,0,0.5467198,1
1,0,0.39457652,0
1,0,0.31831473,0
1,0,0.44069105,0
1,0,0.2995397,0
1,0,0.50569034,1
1,0,0.5823146,1
1,0,0.31072387,0
1,0,0.24880454,0
1,0,0.54719937,1
1,0,0.31539813,0
1,0,0.2508456,0
1,0,0.1838927,0
1,0,0.38523152,0
1,0,0.39712736,0
1,0,0.4046806,0
1,0,0.2461802,0
1,0,0.21769415,0
1,0,0.17303847,0
1,0,0.33754328,0
1,0,0.2129711,0
1,0,0.17105,0
1,0,0.16075647,0
1,0,0.35878873,0
1,0,0.28130612,0
1,0,0.2666935,0
1,0,0.25631067,0
1,0,0.2604337,0
1,0,0.13098976,0
1,0,0.3815068,0
1,0,0.351788,0
1,0,0.23983145,0
1,0,0.31870523,0
1,0,0.170103,0
1,0,0.61482716,1
1,0,0.4174842,0
1,0,0.31828335,0
1,0,0.5328376,1
1,0,0.5895623,1
1,0,0.5328256,1
1,0,0.54854196,1
1,0,0.35434073,0
1,0,0.29482102,0
1,0,0.45837343,0
1,0,0.39856964,0
1,0,0.24463068,0
1,0,0.35093698,0
1,0,0.38720345,0
1,0,0.24230197,0
1,0,0.27347067,0
1,0,0.51479197,1
1,0,0.31680226,0
1,0,0.41274503,0
1,0,0.42183048,0
1,0,0.47627738,0
1,0,0.61020106,1
1,0,0.3102002,0
1,0,0.5828743,1
1,0,0.46475765,0
1,0,0.5692481,1
1,0,0.5972477,1
1,0,0.65146554,1
1,0,0.493207,0
1,0,0.57114315,1
1,0,0.5851765,1
1,0,0.5543745,1
1,0,0.6862971,1
1,0,0.5875375,1
1,0,0.6068565,1
1,0,0.89147264,1
1,0,0.6293529,1
1,0,0.663792,1
1,0,0.5162015,1
1,0,0.43486485,0
1,0,0.4377599,0
1,0,0.6051916,1
1,0,0.54822505,1
1,0,0.19972312,0
1,0,0.4915346,0
1,0,0.56968546,1
1,0,0.46865132,0
1,0,0.4239084,0
1,0,0.6740967,1
1,0,0.65096414,1
1,0,0.31746626,0
1,0,0.47001347,0
1,0,0.4099602,0
1,0,0.4463738,0
1,0,0.5643693,1
1,0,0.61417395,1
1,0,0.59647083,1
1,0,0.47307923,0
1,0,0.45943663,0
1,0,0.37585357,0
1,0,0.67912203,1
1,0,0.5997653,1
1,0,0.37207854,0
1,0,0.6634369,1
1,0,0.47143593,0
1,0,0.540862,1
1,0,0.67386067,1
1,0,0.4213045,0
1,0,0.5467441,1
1,0,0.45794362,0
1,0,0.73179215,1
1,0,0.47989535,0
1,0,0.33624595,0
1,1,0.30365255,0
1,1,0.206937,0
1,1,0.31004032,0
1,1,0.3644089,0
1,1,0.25315502,0
1,1,0.4335703,0
1,1,0.4121341,0
1,1,0.4861566,0
1,1,0.5487247,1
1,1,0.5420349,1
1,1,0.19302717,0
1,1,0.1689959,0
1,1,0.17851272,0
1,1,0.15759465,0
1,1,0.53831345,1
1,1,0.57821935,1
1,1,0.65229046,1
1,1,0.8082339,1
1,1,0.6757718,1
1,1,0.75862926,1
1,1,0.6391343,1
1,1,0.7850763,1
1,1,0.72605383,1
1,1,0.7519648,1
1,1,0.79383343,1
1,1,0.7963045,1
1,1,0.8911025,1
1,1,0.8919267,1
1,1,0.9169467,1
1,1,0.82832,1
1,1,0.86785424,1
1,1,0.90528,1
1,1,0.8501402,1
1,1,0.71683896,1
1,1,0.81738514,1
1,1,0.69409794,1
1,1,0.3995847,0
1,1,0.5444507,1
1,1,0.47490254,0
1,1,0.57495767,1
1,1,0.40969878,0
1,1,0.63125855,1
1,1,0.64303446,1
1,1,0.6377892,1
1,1,0.48297703,0
1,1,0.45092443,0
1,1,0.54182464,1
1,1,0.59554857,1
1,1,0.6452378,1
1,1,0.64709276,1
1,1,0.1790172,0
1,1,0.56794614,1
1,1,0.22123933,0
1,1,0.45902714,0
1,1,0.36355075,0
1,1,0.5317106,1
1,1,0.38060236,0
1,1,0.5415417,1
1,1,0.44987822,0
1,1,0.4212021,0
1,1,0.43766034,0
1,1,0.29764843,0
1,1,0.2564473,0
1,1,0.42331612,0
1,0,0.5930399,1
1,0,0.55143416,1
1,0,0.80415183,1
1,0,0.76662254,1
1,0,0.7875308,1
1,0,0.8010607,1
1,0,0.7997549,1
1,0,0.68713427,1
1,0,0.8069352,1
1,0,0.7291799,1
1,0,0.69824004,1
1,0,0.631644,1
1,0,0.667904,1
1,0,0.6954999,1
1,1,0.6800474,1
1,1,0.66893137,1
1,1,0.78835934,1
1,1,0.8346124,1
1,1,0.8042561,1
1,1,0.7740928,1
1,1,0.815286,1
1,1,0.5069176,1
1,1,0.6015921,1
1,1,0.52295125,1
1,1,0.54729205,1
1,1,0.5763229,1
1,1,0.8220024,1
1,1,0.6395358,1
1,1,0.57057995,1
1,1,0.5959462,1
1,1,0.6125229,1
1,1,0.61569905,1
1,1,0.8259328,1
1,1,0.8189144,1
1,1,0.6825294,1
1,1,0.6336516,1
1,1,0.7283696,1
1,1,0.71516836,1
1,1,0.19853982,0
1,1,0.28718144,0
1,1,0.7833899,1
1,1,0.3937208,0
1,1,0.74075997,1
1,1,0.69846946,1
1,1,0.6015501,1
1,1,0.4049832,0
1,1,0.5744893,1
1,1,0.63944477,1
1,1,0.14804344,0
1,1,0.22077286,0
1,1,0.75650626,1
1,1,0.41421455,0
1,1,0.6285789,1
1,1,0.7151666,1
1,1,0.60139173,1
1,1,0.40943742,0
1,1,0.42404142,0
1,1,0.48857954,0
1,1,0.53759396,1
1,1,0.58247,1
1,1,0.45378932,0
1,1,0.47598013,0
1,1,0.5525291,1
1,1,0.30429098,0
1,1,0.49437654,0
1,1,0.60971725,1
1,1,0.55733025,1
1,1,0.62694,1
1,1,0.5094237,1
1,1,0.5311815,1
1,1,0.6495087,1
1,1,0.6634302,1
1,1,0.62613326,1
1,1,0.5248625,1
1,1,0.59196776,1
1,1,0.7374232,1
1,1,0.6167959,1
1,1,0.58952683,1
1,1,0.71265477,1
1,0,0.71311235,1
1,0,0.64188296,1
1,0,0.5997094,1
1,0,0.6739685,1
1,0,0.66109407,1
1,0,0.84852844,1
1,0,0.6360767,1
1,0,0.7687842,1
1,0,0.82567596,1
1,0,0.81868607,1
1,0,0.86870426,1
1,0,0.916177,1
1,0,0.7639382,1
1,0,0.7829462,1
1,0,0.8327065,1
1,0,0.81658405,1
1,0,0.76403165,1
1,0,0.7740854,1
1,0,0.76362514,1
1,0,0.59252167,1
1,0,0.32609087,0
1,0,0.33016568,0
1,0,0.40501875,0
1,0,0.11791115,0
1,0,0.081191964,0
1,0,0.103991084,0
1,0,0.05983717,0
1,0,0.02478418,0
1,0,0.028718434,0
1,0,0.03494443,0
1,0,0.041156933,0
1,0,0.035943758,0
1,0,0.044041608,0
1,0,0.025534753,0
1,0,0.07104605,0
1,0,0.021082804,0
1,0,0.03431728,0
1,0,0.031787366,0
1,0,0.05549192,0
1,0,0.03394894,0
1,0,0.030787913,0
1,0,0.047709048,0
1,0,0.054946598,0
1,0,0.050539427,0
1,0,0.07105,0
1,0,0.102036096,0
1,0,0.12030082,0
1,0,0.14398037,0
1,0,0.15670964,0
1,0,0.26898772,0
1,0,0.4242536,0
1,0,0.44140264,0
1,0,0.32735845,0
1,0,0.40999764,0
1,0,0.51510584,1
1,0,0.61318076,1
1,0,0.51472235,1
1,0,0.37869152,0
1,0,0.6550637,1
1,0,0.28003383,0
1,0,0.3558121,0
1,0,0.3319944,0
1,0,0.47720787,0
1,0,0.25235373,0
1,0,0.3492581,0
1,0,0.6762656,1
1,0,0.3976504,0
1,0,0.22939311,0
1,0,0.2891095,0
1,0,0.47333467,0
1,0,0.19882333,0
1,0,0.29517323,0
1,0,0.4347542,0
1,0,0.46475762,0
1,0,0.26472074,0
1,0,0.5196112,1
1,0,0.6305419,1
1,0,0.5065105,1
1,0,0.5388468,1
1,0,0.5203151,1
1,0,0.56509763,1
1,0,0.46971145,0
1,0,0.44256788,0
1,0,0.5769626,1
1,0,0.28223956,0
1,0,0.36313215,0
1,0,0.2480316,0
1,0,0.43070912,0
1,0,0.4032991,0
1,0,0.23822483,0
1,0,0.27121818,0
1,0,0.40542588,0
1,0,0.4078383,0
1,0,0.3407224,0
1,0,0.37838972,0
1,0,0.4012017,0
1,0,0.321325,0
1,0,0.24774411,0
1,0,0.5099393,1
1,0,0.31107306,0
1,0,0.19142778,0
1,0,0.27550504,0
1,0,0.44346508,0
1,0,0.21100861,0
1,0,0.19958098,0
1,0,0.23012786,0
1,0,0.40242413,0
1,0,0.28345227,0
1,0,0.22603482,0
1,0,0.26454043,0
1,0,0.24882592,0
1,0,0.37705028,0
1,0,0.3200103,0
1,1,0.5584239,1
1,1,0.5007812,1
1,1,0.53796065,1
1,1,0.44262195,0
1,1,0.2852133,0
1,1,0.35825187,0
1,1,0.38427088,0
1,1,0.40817013,0
1,1,0.41497356,0
1,1,0.41626352,0
1,1,0.57712275,1
1,1,0.48682043,0
1,1,0.73117536,1
1,1,0.5007903,1
1,1,0.45970652,0
1,0,0.40398294,0
1,0,0.55735666,1
1,0,0.67369246,1
1,0,0.52584755,1
1,0,0.4350553,0
1,0,0.62737113,1
1,0,0.6068188,1
1,0,0.40218544,0
1,0,0.5064952,1
1,0,0.410606,0
1,0,0.3527417,0
1,0,0.49527663,0
1,0,0.34555006,0
1,0,0.3106372,0
1,0,0.33948863,0
1,0,0.4814839,0
1,0,0.36442572,0
1,0,0.4483883,0
1,0,0.38230368,0
1,0,0.33535963,0
1,0,0.48641068,0
1,0,0.39892647,0
1,0,0.2966604,0
1,0,0.1812426,0
1,0,0.21415281,0
1,0,0.2325854,0
1,0,0.22328083,0
1,0,0.28747165,0
1,0,0.22914633,0
1,0,0.2054052,0
1,0,0.25571254,0
1,0,0.1858018,0
1,0,0.1651749,0
1,0,0.23252197,0
1,0,0.21516861,0
1,0,0.16491067,0
1,0,0.21151276,0
1,0,0.34433213,0
1,0,0.23770888,0
1,0,0.20224102,0
1,0,0.3229329,0
1,0,0.2625451,0
1,0,0.18699205,0
1,0,0.21955092,0
1,0,0.28842402,0
1,0,0.2002819,0
1,0,0.31082734,0
1,0,0.2655383,0
1,0,0.23229007,0
1,0,0.28556737,0
1,0,0.23517716,0
1,0,0.27823794,0
1,0,0.25353456,0
1,0,0.32296062,0
1,0,0.33564225,0
1,0,0.254899,0
1,0,0.29021323,0
1,0,0.34269458,0
1,0,0.31960934,0
1,0,0.43834257,0
1,0,0.23830636,0
1,0,0.3356483,0
1,0,0.27697375,0
1,0,0.340564,0
1,0,0.34704384,0
1,0,0.28027484,0
1,0,0.23065609,0
1,0,0.19458744,0
1,0,0.22072819,0
1,0,0.23139158,0
1,0,0.13383861,0
1,0,0.22191471,0
1,0,0.25474575,0
1,0,0.2395649,0
1,0,0.25887054,0
1,0,0.3499793,0
1,0,0.18861595,0
1,0,0.19711839,0
1,0,0.14695142,0
1,0,0.16329701,0
1,0,0.13421883,0
1,0,0.32515976,0
1,0,0.24806587,0
1,0,0.1711531,0
1,0,0.28615466,0
1,0,0.31661236,0
1,0,0.38564566,0
1,0,0.5176515,1
1,0,0.48150542,0
1,0,0.5205682,1
1,0,0.5504125,1
1,0,0.6623969,1
1,0,0.59464306,1
1,0,0.65436614,1
1,0,0.37578255,0
1,0,0.43289584,0
1,0,0.45274326,0
1,0,0.3128294,0
1,0,0.27133307,0
1,1,0.24681358,0
1,1,0.34357563,0
1,1,0.23928644,0
1,1,0.2283877,0
1,1,0.29947206,0
1,1,0.35425,0
1,1,0.2127036,0
1,1,0.25247553,0
1,1,0.3326781,0
1,1,0.31195265,0
1,1,0.30379966,0
1,1,0.45020276,0
1,1,0.5480887,1
1,1,0.6183998,1
1,1,0.6844298,1
1,0,0.41261333,0
1,0,0.43522045,0
1,0,0.50458217,1
1,0,0.32850355,0
1,0,0.4494968,0
1,0,0.5279405,1
1,0,0.50392914,1
1,0,0.39485115,0
1,0,0.51565623,1
1,0,0.3975339,0
1,0,0.41723102,0
1,0,0.36993778,0
1,0,0.5077161,1
1,0,0.5401133,1
1,0,0.66188234,1
1,1,0.43864647,0
1,1,0.6353107,1
1,1,0.5328303,1
1,1,0.597507,1
1,1,0.409989,0
1,1,0.37649667,0
1,1,0.6071122,1
1,1,0.40553945,0
1,1,0.37523517,0
1,1,0.30599517,0
1,1,0.5247013,1
1,1,0.34447494,0
1,1,0.43467823,0
1,1,0.45115554,0
1,1,0.36037531,0
1,0,0.33033654,0
1,0,0.2961495,0
1,0,0.31178385,0
1,0,0.27961007,0
1,0,0.3168581,0
1,0,0.37725666,0
1,0,0.45657998,0
1,0,0.27003667,0
1,0,0.37797856,0
1,0,0.37647778,0
1,0,0.4074087,0
1,0,0.32806215,0
1,0,0.40320784,0
1,0,0.43743965,0
1,0,0.4248986,0
1,1,0.5061054,1
1,1,0.48683318,0
1,1,0.5017098,1
1,1,0.4950828,0
1,1,0.469642,0
1,1,0.638208,1
1,1,0.59053314,1
1,1,0.5658258,1
1,1,0.5203703,1
1,1,0.5970018,1
1,1,0.6320696,1
1,1,0.4489424,0
1,1,0.50839645,1
1,1,0.47957993,0
1,1,0.4986204,0
1,0,0.61185634,1
1,0,0.5089146,1
1,0,0.6261228,1
1,0,0.41150528,0
1,0,0.35214946,0
1,0,0.4922571,0
1,0,0.46763775,0
1,0,0.45166898,0
1,0,0.45448878,0
1,0,0.48374897,0
1,0,0.42729437,0
1,0,0.538148,1
1,0,0.47753218,0
1,0,0.53764176,1
1,0,0.52946115,1
1,0,0.44225156,0
1,0,0.56787133,1
1,0,0.4439544,0
1,0,0.44595265,0
1,0,0.4738007,0
1,0,0.42876044,0
1,0,0.1880504,0
1,0,0.38575017,0
1,0,0.42100888,0
1,0,0.3626367,0
1,0,0.3075196,0
1,0,0.23387092,0
1,0,0.23938057,0
1,0,0.25505528,0
1,0,0.20673291,0
1,0,0.33424565,0
1,0,0.3822911,0
1,0,0.51362455,1
1,0,0.36634636,0
1,0,0.5064193,1
1,0,0.41057974,0
1,0,0.31967497,0
1,0,0.4633121,0
1,0,0.26099408,0
1,0,0.28857696,0
1,0,0.34018838,0
1,0,0.2796684,0
1,0,0.25705764,0
1,0,0.3151773,0
1,0,0.34214354,0
1,0,0.47463864,0
1,0,0.372419,0
1,0,0.20239535,0
1,0,0.384326,0
1,0,0.32702148,0
1,0,0.3831728,0
1,0,0.30013338,0
1,0,0.29780287,0
1,0,0.29950967,0
1,0,0.3102032,0
1,0,0.32497215,0
1,0,0.1969116,0
1,0,0.2607477,0
1,0,0.21342951,0
1,0,0.2048666,0
1,0,0.19542138,0
1,0,0.25214314,0
1,0,0.3204159,0
1,0,0.37296602,0
1,0,0.25193632,0
1,0,0.18729764,0
1,0,0.19557635,0
1,0,0.3171581,0
1,0,0.28365505,0
1,0,0.308535,0
1,0,0.2033351,0
1,0,0.27562687,0
1,0,0.2078252,0
1,0,0.26453432,0
1,0,0.21743466,0
1,0,0.16460277,0
1,0,0.37511367,0
1,0,0.29327175,0
1,0,0.19139348,0
1,0,0.28830105,0
1,0,0.27356496,0
1,0,0.3600971,0
1,0,0.28015763,0
1,0,0.26419726,0
1,0,0.32788682,0
1,0,0.259538,0
1,0,0.27818614,0
1,0,0.26178178,0
1,0,0.17371437,0
1,0,0.30810186,0
1,0,0.24073207,0
1,0,0.34314355,0
1,0,0.23436338,0
1,0,0.36192334,0
1,0,0.39278886,0
1,0,0.2255501,0
1,0,0.34454665,0
1,0,0.2589987,0
1,0,0.22755194,0
1,0,0.21612094,0
1,0,0.30020466,0
1,0,0.24223411,0
1,0,0.24208832,0
1,0,0.31879282,0
1,0,0.30725822,0
1,0,0.29136524,0
1,0,0.26359448,0
1,0,0.3068728,0
1,0,0.25712487,0
1,0,0.30371806,0
1,0,0.333131,0
1,0,0.20438184,0
1,0,0.44708878,0
1,0,0.29979908,0
1,0,0.2671786,0
1,0,0.2104963,0
1,0,0.34513152,0
1,0,0.36906064,0
1,0,0.20274974,0
1,0,0.47508624,0
1,0,0.31602094,0
1,0,0.4177989,0
1,0,0.32409757,0
1,0,0.51892394,1
1,0,0.3727081,0
1,0,0.19996075,0
1,0,0.35710737,0
1,0,0.42601976,0
1,0,0.30889326,0
1,0,0.22396655,0
1,0,0.33540678,0
1,0,0.19493857,0
1,0,0.32884452,0
1,0,0.18877281,0
1,0,0.41548142,0
1,0,0.16926292,0
1,0,0.22065999,0
1,0,0.18918207,0
1,0,0.24490066,0
1,0,0.2838511,0
1,0,0.25529066,0
1,0,0.34240228,0
1,0,0.28794426,0
1,0,0.3528919,0
1,0,0.46438,0
1,0,0.50931257,1
1,0,0.3632449,0
1,0,0.3488088,0
1,0,0.36790356,0
1,0,0.44984725,0
1,0,0.39432573,0
1,0,0.3565731,0
1,0,0.531518,1
1,0,0.52692485,1
1,0,0.4275408,0
1,0,0.65280765,1
1,0,0.48323154,0
1,0,0.47386843,0
1,0,0.39461142,0
1,0,0.6127744,1
1,0,0.48905128,0
1,0,0.5004815,1
1,0,0.5573354,1
1,0,0.57916707,1
1,0,0.56547743,1
1,0,0.54141355,1
1,0,0.3618432,0
1,0,0.4701162,0
1,0,0.47859243,0
1,0,0.35355344,0
1,0,0.5120478,1
1,0,0.4168358,0
1,0,0.546405,1
1,0,0.30229425,0
1,0,0.4054086,0
1,0,0.4450158,0
1,0,0.41423768,0
1,0,0.29714164,0
1,0,0.34458545,0
1,0,0.22295523,0
1,0,0.22585082,0
1,0,0.33679107,0
1,0,0.5146801,1
1,0,0.35819635,0
1,0,0.27093598,0
1,0,0.27488774,0
1,0,0.30988246,0
1,0,0.3522892,0
1,0,0.227849,0
1,0,0.30125082,0
1,0,0.23813759,0
1,0,0.23756352,0
1,0,0.17985328,0
1,0,0.35999674,0
1,0,0.30784774,0
1,0,0.22181417,0
1,0,0.29726693,0
1,1,0.33665314,0
1,1,0.27281654,0
1,1,0.2881226,0
1,1,0.3424172,0
1,1,0.22565444,0
1,1,0.51093537,1
1,1,0.33253694,0
1,1,0.2549525,0
1,1,0.32561216,0
1,1,0.4498981,0
1,1,0.40599284,0
1,1,0.5182895,1
1,1,0.32968244,0
1,1,0.5443044,1
1,1,0.5742479,1
1,0,0.49861935,0
1,0,0.64047295,1
1,0,0.5572705,1
1,0,0.45108482,0
1,0,0.6652607,1
1,0,0.6602713,1
1,0,0.5147806,1
1,0,0.49452433,0
1,0,0.74166626,1
1,0,0.67322123,1
1,0,0.534759,1
1,0,0.7202619,1
1,0,0.7259425,1
1,0,0.58221257,1
1,0,0.14320727,0
1,0,0.15662925,0
1,0,0.20806584,0
1,0,0.17122276,0
1,0,0.13916934,0
1,0,0.19898689,0
1,0,0.29673135,0
1,0,0.107107595,0
1,0,0.2287465,0
1,0,0.25280622,0
1,0,0.2616747,0
1,0,0.36293373,0
1,0,0.25273857,0
1,0,0.25504085,0
1,0,0.66331744,1
1,0,0.24532783,0
1,0,0.3671653,0
1,0,0.25800803,0
1,0,0.26743194,0
1,0,0.578913,1
1,0,0.48387647,0
1,0,0.6879206,1
1,0,0.7783993,1
1,0,0.7093736,1
1,0,0.6314221,1
1,0,0.7896363,1
1,0,0.63050896,1
1,0,0.76822287,1
1,0,0.7524918,1
1,0,0.69056004,1
1,0,0.43454173,0
1,0,0.71731734,1
1,0,0.6628414,1
1,0,0.71435404,1
1,0,0.4787672,0
1,0,0.6621861,1
1,0,0.7023582,1
1,0,0.7027632,1
1,0,0.55960494,1
1,0,0.64144605,1
1,0,0.34367368,0
1,0,0.69747806,1
1,1,0.24782255,0
1,1,0.18777992,0
1,1,0.16422847,0
1,1,0.21226862,0
1,1,0.15048945,0
1,1,0.17470148,0
1,1,0.22316068,0
1,1,0.12923646,0
1,1,0.24559055,0
1,1,0.10424386,0
1,1,0.19131279,0
1,1,0.1540358,0
1,1,0.12236769,0
1,1,0.123954,0
1,1,0.122655354,0
1,1,0.19234632,0
1,1,0.16093324,0
1,1,0.1147565,0
1,1,0.186773,0
1,1,0.16186106,0
1,1,0.19726752,0
1,1,0.16280377,0
1,1,0.19310167,0
1,1,0.21386008,0
1,1,0.35023212,0
1,1,0.3755421,0
1,1,0.39922857,0
1,1,0.50884736,1
1,1,0.5229731,1
1,1,0.4559923,0
1,1,0.5249178,1
1,1,0.7110676,1
1,1,0.5931688,1
1,1,0.5639007,1
1,1,0.6413013,1
1,1,0.52619547,1
1,1,0.6718482,1
1,1,0.39346617,0
1,1,0.4534434,0
1,1,0.46483472,0
1,1,0.45806155,0
1,1,0.41250056,0
1,1,0.59828746,1
1,1,0.3641933,0
1,1,0.41120154,0
1,1,0.41994777,0
1,1,0.6256338,1
1,1,0.39324087,0
1,1,0.49113792,0
1,1,0.38611928,0
1,1,0.39371556,0
1,1,0.4842956,0
1,1,0.5154452,1
1,1,0.4164072,0
1,1,0.63903433,1
1,1,0.5134546,1
1,1,0.43712184,0
1,1,0.2696641,0
1,1,0.49322504,0
1,1,0.5933542,1
1,1,0.7468882,1
1,1,0.6676812,1
1,1,0.6039827,1
1,1,0.5858622,1
1,1,0.56536764,1
1,1,0.48640803,0
1,1,0.45298243,0
1,1,0.46864265,0
1,1,0.2715458,0
1,1,0.55970937,1
1,1,0.38521957,0
1,1,0.47142303,0
1,1,0.5918481,1
1,1,0.37880096,0
1,1,0.3205057,0
1,1,0.28105715,0
1,1,0.29486084,0
1,1,0.18363364,0
1,1,0.2388502,0
1,1,0.30814964,0
1,1,0.33495516,0
1,1,0.2671362,0
1,1,0.29778194,0
1,1,0.43549013,0
1,1,0.26812476,0
1,1,0.21141683,0
1,1,0.3135333,0
1,1,0.28189743,0
1,1,0.37471023,0
1,1,0.5268005,1
1,1,0.44890207,0
1,1,0.5725484,1
1,1,0.38923055,0
1,1,0.2575967,0
1,1,0.38318303,0
1,1,0.28160974,0
1,1,0.2611263,0
1,1,0.2631888,0
1,1,0.22804664,0
1,1,0.24372534,0
1,1,0.21933995,0
1,1,0.39976662,0
1,1,0.15446077,0
1,1,0.31367934,0
1,1,0.39300784,0
1,1,0.49350446,0
1,1,0.8193432,1
1,1,0.4995146,0
1,1,0.56834114,1
1,1,0.4252254,0
1,1,0.6503001,1
1,1,0.18536247,0
1,1,0.29068235,0
1,1,0.3825152,0
1,1,0.4865492,0
1,1,0.12805256,0
1,1,0.19796889,0
1,1,0.24846587,0
1,1,0.23149656,0
1,1,0.48764354,0
1,1,0.4941513,0
1,1,0.6433836,1
1,1,0.48078203,0
1,1,0.5251446,1
1,1,0.54006743,1
1,1,0.47552553,0
1,1,0.36826378,0
1,1,0.61142784,1
1,1,0.6679788,1
1,1,0.718208,1
1,1,0.49920562,0
1,1,0.48283923,0
1,1,0.61118054,1
1,1,0.53026503,1
1,1,0.6767967,1
1,1,0.4051422,0
1,1,0.521806,1
1,1,0.53749776,1
1,1,0.44815403,0
1,1,0.4400009,0
1,1,0.6255676,1
1,1,0.5145678,1
1,1,0.65876776,1
1,1,0.32758695,0
1,1,0.3179794,0
1,1,0.5027957,1
1,1,0.2257849,0
1,1,0.48967573,0
1,1,0.61005825,1
1,1,0.60464627,1
1,1,0.32765406,0
1,1,0.39437377,0
1,1,0.3587623,0
1,1,0.38508078,0
1,1,0.42854708,0
1,1,0.32472205,0
1,1,0.36211127,0
1,1,0.3062058,0
1,1,0.6551763,1
1,1,0.46793956,0
1,1,0.57096195,1
1,1,0.59949905,1
1,1,0.5029604,1
1,1,0.63105017,1
1,1,0.5740872,1
1,1,0.49547318,0
1,1,0.61879444,1
1,1,0.7425678,1
1,1,0.70400786,1
1,1,0.66606927,1
1,1,0.5866039,1
1,1,0.47037357,0
1,1,0.7049975,1
1,1,0.4002905,0
1,1,0.47763142,0
1,1,0.5016589,1
1,1,0.37726024,0
1,1,0.5427147,1
1,1,0.6300672,1
1,1,0.71877944,1
1,1,0.7762044,1
1,1,0.7292828,1
1,1,0.71875393,1
1,1,0.7398839,1
1,1,0.7573109,1
1,1,0.7027932,1
1,1,0.7541914,1
1,1,0.75307333,1
1,1,0.7455984,1
1,1,0.7903176,1
1,1,0.66200995,1
1,1,0.761763,1
1,1,0.63581014,1
1,1,0.6482805,1
1,1,0.62428117,1
1,1,0.57531357,1
1,1,0.6686712,1
1,1,0.4634688,0
1,1,0.5512481,1
1,1,0.61932266,1
1,1,0.61094713,1
1,1,0.6636898,1
1,1,0.5866503,1
1,1,0.48348296,0
1,1,0.6086865,1
1,0,0.38445997,0
1,0,0.35522974,0
1,0,0.48296767,0
1,0,0.45453823,0
1,0,0.44940817,0
1,1,0.46292806,0
1,1,0.49995288,0
1,1,0.425016,0
1,1,0.52066946,1
1,1,0.46636713,0
1,1,0.5444343,1
1,1,0.5037776,1
1,1,0.46404025,0
1,1,0.5559754,1
1,1,0.40226164,0
1,1,0.37879694,0
1,1,0.45249453,0
1,1,0.39514324,0
1,1,0.15961276,0
1,1,0.3586423,0
1,1,0.3660229,0
1,1,0.32135233,0
1,1,0.503984,1
1,1,0.5654237,1
1,1,0.4436353,0
1,1,0.382938,0
1,1,0.49732244,0
1,1,0.41539046,0
1,1,0.51160705,1
1,1,0.4554271,0
1,1,0.54087675,1
1,1,0.49021825,0
1,1,0.5514614,1
1,1,0.4123636,0
1,1,0.4338419,0
1,1,0.33587617,0
1,1,0.35979843,0
1,1,0.43609616,0
1,1,0.3588196,0
1,1,0.33941472,0
1,1,0.6005037,1
1,1,0.60826635,1
1,1,0.4492286,0
1,1,0.6336021,1
1,1,0.36351198,0
1,1,0.42845035,0
1,1,0.38654613,0
1,1,0.46275005,0
1,1,0.44974726,0
1,1,0.4861314,0
1,0,0.29005212,0
1,0,0.33732343,0
1,0,0.5433187,1
1,0,0.38673413,0
1,0,0.5477405,1
1,0,0.28054222,0
1,0,0.34965703,0
1,0,0.41657862,0
1,0,0.63035774,1
1,0,0.4139106,0
1,0,0.36640856,0
1,0,0.44765735,0
1,0,0.4874626,0
1,0,0.32268938,0
1,0,0.26915178,0
1,0,0.3352122,0
1,0,0.3733296,0
1,0,0.2689716,0
1,0,0.372788,0
1,0,0.42022502,0
1,0,0.418137,0
1,0,0.34580633,0
1,0,0.30312285,0
1,0,0.39982635,0
1,0,0.40807682,0
1,0,0.27490333,0
1,0,0.1626608,0
1,0,0.5153513,1
1,0,0.29062438,0
1,0,0.18838109,0
1,0,0.6940994,1
1,0,0.20729902,0
1,0,0.50782293,1
1,0,0.49641603,0
1,0,0.5572849,1
1,0,0.32492247,0
1,0,0.32040006,0
1,0,0.35519707,0
1,0,0.37047789,0
1,0,0.21548516,0
1,0,0.14517182,0
1,0,0.22782615,0
1,0,0.21039012,0
1,0,0.17448053,0
1,0,0.19469275,0
1,0,0.25337917,0
1,0,0.15237272,0
1,0,0.21621187,0
1,0,0.29955897,0
1,0,0.24427985,0
1,0,0.38380954,0
1,0,0.2721363,0
1,0,0.33880407,0
1,0,0.53505546,1
1,0,0.37886745,0
1,0,0.37221402,0
1,0,0.32045737,0
1,0,0.2712938,0
1,0,0.20531078,0
1,0,0.16236028,0
1,0,0.28053185,0
1,0,0.267565,0
1,0,0.13846597,0
1,0,0.19558413,0
1,0,0.22154015,0
1,0,0.2992187,0
1,0,0.30457792,0
1,0,0.16529341,0
1,0,0.51472193,1
1,0,0.37559474,0
1,0,0.48155624,0
1,0,0.5917209,1
1,0,0.43971208,0
1,0,0.3864053,0
1,0,0.34269422,0
1,0,0.32278997,0
1,0,0.2809279,0
1,0,0.3907813,0
1,0,0.34971985,0
1,0,0.32476133,0
1,0,0.47577357,0
1,0,0.32007116,0
1,0,0.30738583,0
1,0,0.3961145,0
1,0,0.30468407,0
1,0,0.35493374,0
1,0,0.5575031,1
1,0,0.7282444,1
1,0,0.17468919,0
1,0,0.46492606,0
1,0,0.26105797,0
1,0,0.40698475,0
1,0,0.2061128,0
1,0,0.32405415,0
1,0,0.58754176,1
1,0,0.45099336,0
1,0,0.47199187,0
1,0,0.47173527,0
1,0,0.37228605,0
1,0,0.4791457,0
1,0,0.60618633,1
1,0,0.51807714,1
1,0,0.4944344,0
1,0,0.3395826,0
1,0,0.30808064,0
1,0,0.45126948,0
1,0,0.35988787,0
1,0,0.38134572,0
1,0,0.30718383,0
1,0,0.2997257,0
1,0,0.36753905,0
1,0,0.37230793,0
1,0,0.4256468,0
1,0,0.73474634,1
1,0,0.6630163,1
1,0,0.47874463,0
1,0,0.4011954,0
1,0,0.5563413,1
1,0,0.619771,1
1,0,0.3864895,0
1,0,0.31631115,0
1,0,0.21112391,0
1,0,0.30526042,0
1,0,0.43377665,0
1,0,0.637744,1
1,0,0.5320288,1
1,0,0.4807156,0
1,0,0.54072505,1
1,0,0.6585228,1
1,0,0.44353163,0
1,0,0.5517077,1
1,0,0.5471939,1
1,0,0.5779293,1
1,0,0.5882883,1
1,0,0.51044255,1
1,0,0.42944944,0
1,0,0.38046494,0
1,0,0.62204427,1
1,0,0.46042284,0
1,0,0.58151746,1
1,0,0.39573455,0
1,0,0.36987802,0
1,0,0.34217528,0
1,0,0.4130412,0
1,0,0.25540146,0
1,0,0.33620337,0
1,0,0.26841867,0
1,0,0.3325532,0
1,0,0.19505402,0
1,0,0.3574751,0
1,0,0.39692965,0
1,0,0.34315547,0
1,0,0.58617884,1
1,0,0.4978961,0
1,0,0.2578198,0
1,0,0.37992892,0
1,0,0.25215128,0
1,0,0.53309995,1
1,0,0.3910417,0
1,0,0.3530958,0
1,0,0.5967957,1
1,0,0.5226011,1
1,0,0.5096395,1
1,0,0.56976646,1
1,0,0.6484201,1
1,0,0.47686726,0
1,0,0.5108029,1
1,0,0.4162752,0
1,0,0.5033693,1
1,0,0.60256547,1
1,0,0.53400713,1
1,0,0.47531715,0
1,0,0.49055484,0
1,0,0.4675316,0
1,0,0.2594799,0
1,0,0.4468473,0
1,0,0.31068006,0
1,0,0.34543452,0
1,0,0.36590698,0
1,0,0.22244927,0
1,0,0.19704896,0
1,0,0.28720307,0
1,0,0.29986277,0
1,0,0.26827902,0
1,0,0.3541829,0
1,0,0.3542687,0
1,0,0.22181831,0
1,0,0.38721144,0
1,0,0.4547581,0
1,0,0.58185595,1
1,0,0.2815635,0
1,0,0.5605263,1
1,0,0.44787908,0
1,0,0.53814495,1
1,0,0.5686747,1
1,0,0.631095,1
1,0,0.4581288,0
1,0,0.5484139,1
1,0,0.5579776,1
1,0,0.5423315,1
1,0,0.67279506,1
1,0,0.56127644,1
1,0,0.59232724,1
1,0,0.8851817,1
1,0,0.60550314,1
1,0,0.6449986,1
1,0,0.50154394,1
1,0,0.41618973,0
1,0,0.41053748,0
1,0,0.58448637,1
1,0,0.6219942,1
1,0,0.5309224,1
1,0,0.18790974,0
1,0,0.48213288,0
1,0,0.56219536,1
1,0,0.4552353,0
1,0,0.40379402,0
1,0,0.66039205,1
1,0,0.63104093,1
1,0,0.30714962,0
1,0,0.4461157,0
1,0,0.39783782,0
1,0,0.3494062,0
1,0,0.6492211,1
1,0,0.44199684,0
1,0,0.50518125,1
1,0,0.6530867,1
1,0,0.39274013,0
1,0,0.51021224,1
1,0,0.42628363,0
1,0,0.70662355,1
1,0,0.4469186,0
1,0,0.30759385,0
1,0,0.7003097,1
1,0,0.61672544,1
1,0,0.43300095,0
1,0,0.43901777,0
1,0,0.51845,1
1,0,0.35217068,0
1,0,0.32920766,0
1,0,0.5170886,1
1,0,0.5788871,1
1,0,0.537259,1
1,0,0.3622397,0
1,0,0.5889664,1
1,0,0.623827,1
1,0,0.7199808,1
1,0,0.82230717,1
1,0,0.89784354,1
1,0,0.8949924,1
1,0,0.9051925,1
1,0,0.84576714,1
1,0,0.86200833,1
1,0,0.75320727,1
1,0,0.7616149,1
1,0,0.6843356,1
1,0,0.7768694,1
1,0,0.7241257,1
1,0,0.8071543,1
1,0,0.6446776,1
1,0,0.7498273,1
1,0,0.7205919,1
1,0,0.7417215,1
1,0,0.5824218,1
1,0,0.65780413,1
1,0,0.64141905,1
1,0,0.6367214,1
1,0,0.71844625,1
1,0,0.60806614,1
1,0,0.53649366,1
1,0,0.69506186,1
1,0,0.48249847,0
1,0,0.55817455,1
1,0,0.61612606,1
1,0,0.52387494,1
1,0,0.65410954,1
1,0,0.72766626,1
1,0,0.56847584,1
1,0,0.56258255,1
1,0,0.8419463,1
1,0,0.7521962,1
1,0,0.77600396,1
1,0,0.8269345,1
1,0,0.8367766,1
1,0,0.80332583,1
1,0,0.8924389,1
1,0,0.79901737,1
1,0,0.67772925,1
1,0,0.69176006,1
1,0,0.8262421,1
1,0,0.62182933,1
1,0,0.7020544,1
1,0,0.65885276,1
1,0,0.68004405,1
1,0,0.6492369,1
1,0,0.6526969,1
1,0,0.6257176,1
1,0,0.67539144,1
1,0,0.71297216,1
1,0,0.7722523,1
1,0,0.7090569,1
1,0,0.73761606,1
1,0,0.5890564,1
1,0,0.7506081,1
1,0,0.8788247,1
1,0,0.8422968,1
1,0,0.83574665,1
1,0,0.871542,1
1,0,0.9081032,1
1,0,0.8309836,1
1,0,0.9149226,1
1,0,0.8814664,1
1,0,0.89472836,1
1,0,0.84448254,1
1,0,0.8313521,1
1,0,0.82150286,1
1,0,0.6913379,1
1,0,0.69755054,1
1,0,0.6707288,1
1,0,0.50933594,1
1,0,0.5042068,1
1,0,0.4708018,0
1,0,0.49951777,0
1,0,0.49436846,0
1,0,0.35586938,0
1,0,0.29907542,0
1,0,0.36366314,0
1,0,0.21639876,0
1,0,0.2573406,0
1,0,0.2187729,0
1,0,0.22743016,0
1,0,0.27111843,0
1,0,0.28558388,0
1,0,0.29878426,0
1,0,0.14922024,0
1,0,0.14339794,0
1,0,0.29569265,0
1,0,0.27397534,0
1,0,0.21964973,0
1,0,0.33675185,0
1,0,0.29554278,0
1,0,0.36866158,0
1,0,0.37646785,0
1,0,0.29111996,0
1,0,0.28197667,0
1,0,0.45301887,0
1,0,0.34332043,0
1,0,0.36212867,0
1,0,0.31470343,0
1,0,0.42437127,0
1,0,0.5240038,1
1,0,0.5221156,1
1,0,0.5716184,1
1,0,0.54386705,1
1,0,0.59201723,1
1,0,0.49115077,0
1,0,0.51230454,1
1,0,0.6838667,1
1,0,0.40367824,0
1,0,0.37514937,0
1,0,0.45133418,0
1,0,0.39668107,0
1,0,0.310239,0
1,0,0.57867706,1
1,0,0.3190743,0
1,0,0.41136995,0
1,0,0.49045885,0
1,0,0.5932107,1
1,0,0.5827431,1
1,0,0.558242,1
1,0,0.89737254,1
1,0,0.7671532,1
1,0,0.7942526,1
1,0,0.8059034,1
1,0,0.7094875,1
1,0,0.79011565,1
1,0,0.77618337,1
1,0,0.87779176,1
1,0,0.9271149,1
1,0,0.9026161,1
1,0,0.8755918,1
1,0,0.8147919,1
1,0,0.91305023,1
1,0,0.85840267,1
1,0,0.7855215,1
1,0,0.78837115,1
1,0,0.81635135,1
1,0,0.68292165,1
1,0,0.6380792,1
1,0,0.5380674,1
1,0,0.8871798,1
1,0,0.880493,1
1,0,0.7664829,1
1,0,0.79649323,1
1,0,0.8141404,1
1,0,0.78090435,1
1,0,0.6459142,1
1,0,0.6484872,1
1,0,0.57407665,1
1,0,0.5886197,1
1,0,0.64333516,1
1,0,0.49551105,0
1,0,0.4563017,0
1,0,0.4554059,0
1,0,0.59910774,1
1,0,0.4929812,0
1,0,0.43314263,0
1,0,0.36232874,0
1,0,0.50970554,1
1,0,0.48369467,0
1,0,0.46769896,0
1,0,0.35617775,0
1,0,0.4484222,0
1,0,0.61108017,1
1,0,0.38355628,0
1,0,0.4471998,0
1,0,0.6143837,1
1,0,0.5048147,1
1,0,0.7875666,1
1,0,0.5969193,1
1,0,0.609233,1
1,0,0.5022104,1
1,0,0.5388272,1
1,0,0.6544602,1
1,0,0.45032743,0
1,0,0.52308655,1
1,0,0.38779613,0
1,0,0.43965134,0
1,0,0.42441985,0
1,0,0.52115464,1
1,0,0.33846107,0
1,0,0.383676,0
1,0,0.27694714,0
1,0,0.4270432,0
1,0,0.29759383,0
1,0,0.39831832,0
1,0,0.42878756,0
1,0,0.46267712,0
1,0,0.5370821,1
1,0,0.39152995,0
1,0,0.5725021,1
1,0,0.32818475,0
1,0,0.41337496,0
1,0,0.48130196,0
1,0,0.49116224,0
1,0,0.533415,1
1,0,0.51571953,1
1,0,0.50028646,1
1,0,0.72097045,1
1,0,0.68704575,1
1,0,0.8101225,1
1,0,0.6788188,1
1,0,0.68579334,1
1,0,0.7510353,1
1,0,0.5144891,1
1,0,0.78796613,1
1,0,0.75327665,1
1,0,0.75433654,1
1,0,0.58744526,1
1,0,0.7500975,1
1,0,0.62608355,1
1,0,0.6302975,1
1,0,0.73007935,1
1,0,0.671252,1
1,0,0.5230746,1
1,0,0.5332085,1
1,0,0.8322768,1
1,0,0.7706093,1
1,0,0.71840966,1
1,0,0.7780821,1
1,0,0.6782977,1
1,0,0.4377042,0
1,0,0.40438008,0
1,0,0.8046688,1
1,0,0.56502783,1
1,0,0.73723686,1
1,0,0.5907165,1
1,0,0.6488989,1
1,0,0.78216904,1
1,0,0.6836231,1
1,0,0.80962396,1
1,0,0.51400673,1
1,0,0.35155267,0
1,0,0.44280085,0
1,0,0.644057,1
1,0,0.57229245,1
1,0,0.32395786,0
1,0,0.38156778,0
1,0,0.53125274,1
1,0,0.40569896,0
1,0,0.5312357,1
1,0,0.596315,1
1,0,0.60995984,1
1,0,0.613371,1
1,0,0.5899932,1
1,0,0.6722024,1
1,0,0.63127005,1
1,0,0.72618324,1
1,0,0.6750205,1
1,0,0.7110589,1
1,0,0.51412106,1
1,0,0.82760537,1
1,0,0.8364138,1
1,0,0.62202996,1
1,0,0.8224246,1
1,0,0.51658034,1
1,0,0.6993416,1
1,0,0.7093595,1
1,0,0.5881833,1
1,0,0.6538797,1
1,0,0.47425288,0
1,0,0.54664356,1
1,0,0.56765294,1
1,0,0.5013745,1
1,0,0.6374404,1
1,0,0.52309906,1
1,0,0.4973022,0
1,0,0.25406843,0
1,0,0.5847923,1
1,0,0.6350898,1
1,0,0.47881252,0
1,0,0.2687363,0
1,0,0.67628574,1
1,0,0.44217768,0
1,0,0.60511595,1
1,0,0.6262974,1
1,0,0.6384975,1
1,0,0.6112698,1
1,0,0.49155802,0
1,0,0.574727,1
1,0,0.5539674,1
1,0,0.77880555,1
1,0,0.555069,1
1,0,0.56816506,1
1,0,0.6794707,1
1,0,0.6461857,1
1,0,0.6708729,1
1,0,0.7506662,1
1,0,0.7046695,1
1,0,0.67097795,1
1,0,0.43223277,0
1,1,0.86246705,1
1,1,0.8440208,1
1,1,0.74947363,1
1,1,0.81247413,1
1,1,0.83106804,1
1,1,0.6964387,1
1,1,0.7453537,1
1,1,0.9055449,1
1,1,0.85258764,1
1,1,0.9132395,1
1,1,0.9114922,1
1,1,0.8853093,1
1,1,0.7370685,1
1,1,0.91051793,1
1,1,0.902113,1
1,1,0.9224502,1
1,1,0.9079177,1
1,1,0.90284586,1
1,1,0.8930652,1
1,1,0.9199206,1
1,1,0.97306776,1
1,1,0.9023129,1
1,1,0.9623348,1
1,1,0.94935906,1
1,1,0.899787,1
1,1,0.9473323,1
1,1,0.96148825,1
1,1,0.9149317,1
1,1,0.9588274,1
1,1,0.94155645,1
1,0,0.8988547,1
1,0,0.9081965,1
1,0,0.84717226,1
1,0,0.86918545,1
1,0,0.8160217,1
1,0,0.7651292,1
1,1,0.68714833,1
1,1,0.74237126,1
1,1,0.59686476,1
1,1,0.5905666,1
1,1,0.8512124,1
1,0,0.68265355,1
1,0,0.8325447,1
1,0,0.71920353,1
1,0,0.7045435,1
1,0,0.76915383,1
1,0,0.55688787,1
1,0,0.7959207,1
1,0,0.7651769,1
1,0,0.757829,1
1,0,0.61430055,1
1,0,0.7642338,1
1,0,0.6532903,1
1,0,0.66817605,1
1,0,0.7480437,1
1,0,0.6885765,1
1,0,0.5358042,1
1,0,0.53046066,1
1,0,0.8370986,1
1,0,0.7765206,1
1,0,0.7178327,1
1,0,0.7727524,1
1,0,0.67072856,1
1,0,0.4487628,0
1,0,0.4338706,0
1,0,0.81431216,1
1,0,0.581731,1
1,1,0.5107407,1
1,1,0.43623623,0
1,1,0.791687,1
1,1,0.54292774,1
1,1,0.8197745,1
1,1,0.86360836,1
1,1,0.931722,1
1,1,0.88388,1
1,1,0.4962383,0
1,1,0.37108845,0
1,1,0.35520834,0
1,1,0.40041265,0
1,1,0.58570117,1
1,1,0.6873074,1
1,1,0.72900397,1
1,1,0.47834542,0
1,1,0.31275752,0
1,1,0.6543538,1
1,1,0.59268945,1
1,1,0.6256095,1
1,1,0.62948835,1
1,1,0.3430572,0
1,1,0.4141677,0
1,1,0.33702275,0
1,1,0.45294136,0
1,1,0.2876716,0
1,1,0.41663924,0
1,1,0.41457042,0
1,1,0.69385016,1
1,1,0.22580938,0
1,1,0.19988497,0
1,1,0.29923046,0
1,1,0.47539347,0
1,1,0.24106072,0
1,1,0.21936586,0
1,1,0.3950457,0
1,1,0.413869,0
1,1,0.6393132,1
1,1,0.54456353,1
1,1,0.32143822,0
1,1,0.4789442,0
1,1,0.5199655,1
1,1,0.6358921,1
1,1,0.5058205,1
1,1,0.08607903,0
1,1,0.15603581,0
1,1,0.102211185,0
1,1,0.25583872,0
1,1,0.17146493,0
1,1,0.07021119,0
1,1,0.15836298,0
1,1,0.05232855,0
1,1,0.16460821,0
1,1,0.51170176,1
1,1,0.2997565,0
1,1,0.50729054,1
1,1,0.15032354,0
1,1,0.07177728,0
1,1,0.08246052,0
1,1,0.14929713,0
1,1,0.0939851,0
1,1,0.1226184,0
1,1,0.099960215,0
1,1,0.07995379,0
1,1,0.25110644,0
1,1,0.45653877,0
1,1,0.55090636,1
1,1,0.3955022,0
1,1,0.7524951,1
1,1,0.74737704,1
1,1,0.6176426,1
1,1,0.75663596,1
1,1,0.63160634,1
1,1,0.6811276,1
1,1,0.787707,1
1,1,0.53238064,1
1,1,0.65923643,1
1,1,0.8387067,1
1,1,0.828503,1
1,1,0.7306198,1
1,1,0.86935514,1
1,1,0.705032,1
1,1,0.7734452,1
1,1,0.67935836,1
1,1,0.81988674,1
1,1,0.73352194,1
1,1,0.8349347,1
1,1,0.7989829,1
1,1,0.83537203,1
1,0,0.66920376,1
1,0,0.5667339,1
1,0,0.75669956,1
1,0,0.5981701,1
1,0,0.6406315,1
1,0,0.6251078,1
1,0,0.70272166,1
1,0,0.73947096,1
1,0,0.6560624,1
1,0,0.7435751,1
1,0,0.7154117,1
1,0,0.7583167,1
1,0,0.72434354,1
1,0,0.74575806,1
1,1,0.3716658,0
1,1,0.5749978,1
1,1,0.3925334,0
1,1,0.5810752,1
1,1,0.54586864,1
1,1,0.49277174,0
1,1,0.6103186,1
1,1,0.6368505,1
1,1,0.57790464,1
1,1,0.6654441,1
1,1,0.67651594,1
1,1,0.84153336,1
1,1,0.7105343,1
1,1,0.69534093,1
1,1,0.38373452,0
1,1,0.547183,1
2,1,0.05302514,0
2,1,0.11934278,0
2,1,0.06817783,0
2,1,0.08472564,0
2,1,0.057659935,0
2,1,0.082039826,0
2,1,0.06807585,0
2,1,0.05321633,0
2,1,0.05203566,0
2,1,0.11281258,0
2,1,0.11137129,0
2,1,0.11770104,0
2,1,0.11070711,0
2,1,0.14635576,0
2,1,0.09049716,0
2,1,0.15505235,0
2,1,0.13694488,0
2,1,0.047625538,0
2,0,0.07643423,0
2,0,0.045040537,0
2,0,0.038641624,0
2,0,0.06972379,0
2,0,0.062311035,0
2,0,0.10552987,0
2,0,0.058178052,0
2,0,0.06961739,0
2,0,0.15810163,0
2,0,0.15299074,0
2,0,0.10984362,0
2,0,0.022879189,0
2,1,0.188147,0
2,1,0.25868973,0
2,1,0.25851732,0
2,1,0.25471222,0
2,1,0.48007786,0
2,1,0.3838976,0
2,1,0.09289024,0
2,1,0.123017415,0
2,1,0.02263228,0
2,1,0.476659,0
2,1,0.10676337,0
2,1,0.07803214,0
2,1,0.20728014,0
2,1,0.21909818,0
2,1,0.16062565,0
2,1,0.21004768,0
2,1,0.2637975,0
2,1,0.74328494,1
2,1,0.7988077,1
2,1,0.8792354,1
2,1,0.712881,1
2,1,0.8644082,1
2,1,0.91616756,1
2,1,0.8773636,1
2,1,0.6228578,1
2,1,0.4194397,0
2,1,0.780812,1
2,1,0.6207382,1
2,1,0.17993152,0
2,1,0.35717848,0
2,1,0.7174446,1
2,1,0.3923781,0
2,1,0.7445355,1
2,1,0.795312,1
2,1,0.6418387,1
2,1,0.77045417,1
2,1,0.25232184,0
2,1,0.4147146,0
2,1,0.71502787,1
2,1,0.4507677,0
2,1,0.42476404,0
2,1,0.5419319,1
2,1,0.68577427,1
2,1,0.66186625,1
2,0,0.71888214,1
2,0,0.7193726,1
2,0,0.8506207,1
2,0,0.87589794,1
2,0,0.88254994,1
2,0,0.82364947,1
2,0,0.8536092,1
2,0,0.7593641,1
2,0,0.80907494,1
2,0,0.80953056,1
2,0,0.83004344,1
2,0,0.8713932,1
2,0,0.8522775,1
2,0,0.6448464,1
2,0,0.5755328,1
2,0,0.5618212,1
2,0,0.519472,1
2,0,0.86728054,1
2,0,0.84034723,1
2,0,0.8287725,1
2,0,0.89473516,1
2,0,0.82156914,1
2,0,0.8124814,1
2,0,0.82413197,1
2,0,0.83912647,1
2,0,0.73519504,1
2,0,0.81845397,1
2,0,0.6244539,1
2,0,0.80338645,1
2,0,0.8107015,1
2,0,0.82938844,1
2,0,0.911101,1
2,0,0.92136824,1
2,0,0.874893,1
2,0,0.86157167,1
2,0,0.7404363,1
2,0,0.7799763,1
2,0,0.7453141,1
2,0,0.6578869,1
2,0,0.6826829,1
2,0,0.6787596,1
2,0,0.7973428,1
2,0,0.5636107,1
2,0,0.772595,1
2,0,0.817754,1
2,0,0.8804042,1
2,0,0.84126127,1
2,0,0.8584449,1
2,0,0.7571367,1
2,0,0.72610515,1
2,0,0.5365897,1
2,0,0.87082946,1
2,0,0.76789254,1
2,0,0.7339295,1
2,0,0.5313272,1
2,0,0.5152784,1
2,0,0.52460045,1
2,0,0.6323556,1
2,0,0.6501137,1
2,0,0.6908805,1
2,0,0.52821916,1
2,0,0.6461918,1
2,0,0.7014344,1
2,0,0.70732665,1
2,0,0.5548263,1
2,0,0.6493003,1
2,0,0.550314,1
2,0,0.657775,1
2,0,0.57954043,1
2,0,0.48248395,0
2,0,0.45429787,0
2,0,0.57036316,1
2,0,0.36483133,0
2,0,0.5252615,1
2,0,0.3353594,0
2,0,0.5606988,1
2,0,0.62064576,1
2,0,0.6296398,1
2,0,0.5108763,1
2,0,0.44863418,0
2,0,0.5345802,1
2,0,0.63491935,1
2,0,0.4981446,0
2,0,0.5803797,1
2,0,0.34244123,0
2,0,0.2601461,0
2,0,0.7733568,1
2,0,0.41976485,0
2,0,0.46420017,0
2,0,0.56376165,1
2,0,0.6194799,1
2,0,0.13484262,0
2,0,0.3864934,0
2,0,0.43067014,0
2,0,0.505421,1
2,0,0.3687718,0
2,0,0.23830384,0
2,0,0.48639113,0
2,0,0.39474165,0
2,0,0.49883145,0
2,0,0.77488124,1
2,0,0.48136494,0
2,0,0.40950218,0
2,0,0.43626535,0
2,0,0.39351338,0
2,0,0.30450955,0
2,0,0.24631724,0
2,0,0.3066214,0
2,0,0.48390725,0
2,0,0.37790954,0
2,0,0.40347275,0
2,0,0.6333435,1
2,0,0.5954304,1
2,0,0.30655137,0
2,0,0.5305512,1
2,0,0.67473537,1
2,0,0.6415066,1
2,0,0.7909097,1
2,0,0.7892455,1
2,0,0.8518947,1
2,0,0.91289335,1
2,0,0.90387243,1
2,0,0.7886353,1
2,0,0.7407939,1
2,0,0.7630168,1
2,0,0.76028407,1
2,0,0.64457357,1
2,0,0.824342,1
2,0,0.77896893,1
2,0,0.77123255,1
2,0,0.5089251,1
2,0,0.52787006,1
2,0,0.797915,1
2,0,0.724058,1
2,0,0.6475155,1
2,0,0.8396293,1
2,0,0.8131432,1
2,0,0.32545352,0
2,0,0.49422765,0
2,0,0.45017406,0
2,0,0.72169703,1
2,0,0.8330303,1
2,0,0.7563759,1
2,0,0.74982464,1
2,0,0.47972703,0
2,0,0.35997415,0
2,0,0.49053803,0
2,0,0.54746646,1
2,0,0.80465394,1
2,0,0.8307689,1
2,0,0.7821218,1
2,0,0.6455087,1
2,0,0.36539936,0
2,0,0.6201549,1
2,0,0.6533189,1
2,0,0.8405581,1
2,0,0.85530627,1
2,0,0.9560799,1
2,1,0.843226,1
2,1,0.8868676,1
2,1,0.91665643,1
2,1,0.8235261,1
2,1,0.68755955,1
2,1,0.90312093,1
2,1,0.9339313,1
2,1,0.83802146,1
2,1,0.7991225,1
2,1,0.7687743,1
2,1,0.86839896,1
2,1,0.68678457,1
2,1,0.76386344,1
2,1,0.7345812,1
2,1,0.7495095,1
2,1,0.58402616,1
2,1,0.718827,1
2,1,0.7901147,1
2,1,0.769419,1
2,1,0.7970969,1
2,1,0.8014286,1
2,1,0.8629552,1
2,1,0.81820244,1
2,1,0.8571025,1
2,1,0.87034553,1
2,1,0.7463653,1
2,1,0.92078984,1
2,1,0.6629164,1
2,1,0.59795165,1
2,0,0.4147146,0
2,0,0.71502787,1
2,0,0.4507677,0
2,0,0.42476404,0
2,0,0.5419319,1
2,0,0.68577427,1
2,0,0.66186625,1
2,0,0.6587794,1
2,0,0.69991684,1
2,0,0.84490293,1
2,0,0.80295753,1
2,0,0.56001866,1
2,0,0.4186623,0
2,0,0.851862,1
2,0,0.7329258,1
2,0,0.84443754,1
2,0,0.664644,1
2,0,0.7593801,1
2,0,0.9056402,1
2,0,0.8564752,1
2,0,0.8997262,1
2,0,0.87375736,1
2,0,0.80861175,1
2,0,0.9568143,1
2,0,0.7359084,1
2,0,0.81039166,1
2,0,0.6863049,1
2,0,0.72046036,1
2,0,0.44009823,0
2,0,0.5831449,1
2,0,0.6956767,1
2,0,0.7589007,1
2,0,0.6241673,1
2,0,0.7598091,1
2,0,0.7504334,1
2,0,0.7809248,1
2,0,0.5796424,1
2,0,0.5943302,1
2,0,0.7616522,1
2,0,0.5351419,1
2,0,0.54519033,1
2,0,0.5844219,1
2,0,0.502742,1
2,0,0.42960036,0
2,0,0.6295317,1
2,0,0.4381778,0
2,0,0.69236255,1
2,0,0.48037684,0
2,0,0.823585,1
2,0,0.6994129,1
2,0,0.49520785,0
2,0,0.5992458,1
2,0,0.7707628,1
2,0,0.7412406,1
2,0,0.6853506,1
2,0,0.7715489,1
2,0,0.9258182,1
2,0,0.4302433,0
2,0,0.8400592,1
2,0,0.9163039,1
2,0,0.83998114,1
2,0,0.7339474,1
2,0,0.7351726,1
2,0,0.7933245,1
2,0,0.9080174,1
2,0,0.91287833,1
2,0,0.912857,1
2,0,0.86394626,1
2,0,0.8923323,1
2,0,0.84519273,1
2,0,0.9132915,1
2,0,0.8834399,1
2,0,0.9305648,1
2,0,0.9574409,1
2,0,0.93512917,1
2,0,0.90018946,1
2,0,0.8895194,1
2,0,0.9416538,1
2,0,0.89649874,1
2,0,0.92509,1
2,0,0.9258295,1
2,0,0.9447106,1
2,0,0.9472822,1
2,0,0.95555127,1
2,0,0.95339155,1
2,0,0.96980995,1
2,0,0.96796453,1
2,0,0.8948335,1
2,0,0.97225463,1
2,0,0.97520477,1
2,0,0.96912426,1
2,0,0.9773333,1
2,0,0.97572017,1
2,0,0.9441512,1
2,0,0.9471951,1
2,0,0.97245747,1
2,0,0.9709192,1
2,0,0.9647887,1
2,0,0.9710017,1
2,0,0.41501987,0
2,0,0.49432853,0
2,0,0.6862959,1
2,0,0.6973076,1
2,0,0.7770278,1
2,0,0.72841984,1
2,0,0.84349036,1
2,0,0.80104905,1
2,0,0.5853873,1
2,1,0.48962307,0
2,1,0.73402023,1
2,1,0.6082126,1
2,1,0.61067045,1
2,1,0.76894087,1
2,1,0.6275797,1
2,1,0.61930406,1
2,1,0.6177814,1
2,1,0.6491599,1
2,1,0.4446483,0
2,1,0.55774194,1
2,1,0.6644379,1
2,1,0.4423855,0
2,1,0.5716997,1
2,1,0.61587304,1
2,1,0.7335977,1
2,1,0.8003124,1
2,1,0.68603736,1
2,1,0.7387806,1
2,1,0.767929,1
2,1,0.71061325,1
2,0,0.5115862,1
2,0,0.86415005,1
2,0,0.8426983,1
2,0,0.8254353,1
2,0,0.89457417,1
2,0,0.82276464,1
2,0,0.8090416,1
2,0,0.8213354,1
2,0,0.83630306,1
2,0,0.735139,1
2,0,0.81789327,1
2,0,0.6234004,1
2,0,0.8034623,1
2,0,0.8092274,1
2,0,0.828074,1
2,0,0.81589484,1
2,0,0.8788003,1
2,0,0.8388032,1
2,0,0.8577128,1
2,0,0.7541892,1
2,0,0.72394776,1
2,0,0.53545356,1
2,0,0.87008125,1
2,0,0.7649438,1
2,0,0.73086935,1
2,0,0.5277122,1
2,0,0.5126972,1
2,0,0.5200324,1
2,0,0.63137287,1
2,0,0.57344097,1
2,0,0.6720762,1
2,0,0.67875606,1
2,0,0.77153206,1
2,0,0.8381313,1
2,0,0.6465583,1
2,0,0.6865768,1
2,0,0.68639284,1
2,0,0.7104184,1
2,0,0.64523566,1
2,0,0.6848224,1
2,0,0.5280825,1
2,0,0.6426031,1
2,0,0.69996375,1
2,0,0.706788,1
2,0,0.5528367,1
2,0,0.6475418,1
2,0,0.5472083,1
2,0,0.65790653,1
2,0,0.57746524,1
2,0,0.39002627,0
2,0,0.58803564,1
2,0,0.5229663,1
2,0,0.33034694,0
2,0,0.5605254,1
2,0,0.2583574,0
2,0,0.77326345,1
2,0,0.4161966,0
2,0,0.46545377,0
2,0,0.559287,1
2,0,0.61328924,1
2,0,0.13029638,0
2,0,0.38492545,0
2,0,0.42987943,0
2,1,0.29527,0
2,1,0.45988256,0
2,1,0.45882243,0
2,1,0.5179823,1
2,1,0.29077798,0
2,1,0.22621848,0
2,1,0.30827165,0
2,1,0.5635421,1
2,0,0.6265656,1
2,0,0.44386736,0
2,0,0.5503646,1
2,0,0.50898033,1
2,0,0.5696295,1
2,0,0.35073724,0
2,0,0.39614415,0
2,0,0.39548165,0
2,0,0.3788322,0
2,0,0.453458,0
2,0,0.4432306,0
2,0,0.42643216,0
2,0,0.5210665,1
2,0,0.46644172,0
2,0,0.47173682,0
2,0,0.6464152,1
2,0,0.75646293,1
2,0,0.8192983,1
2,0,0.3837857,0
2,0,0.3530825,0
2,0,0.38278067,0
2,0,0.29068127,0
2,0,0.6637071,1
2,0,0.4080009,0
2,0,0.3523862,0
2,0,0.3579251,0
2,0,0.4478686,0
2,0,0.37906802,0
2,0,0.49890998,0
2,0,0.287949,0
2,0,0.3984294,0
2,0,0.32601178,0
2,0,0.38222855,0
2,0,0.2605851,0
2,0,0.37359816,0
2,0,0.21836053,0
2,0,0.36450607,0
2,0,0.2901765,0
2,0,0.2913456,0
2,0,0.3515527,0
2,0,0.5721533,1
2,0,0.64802885,1
2,0,0.4658508,0
2,0,0.28848547,0
2,0,0.3650529,0
2,0,0.45629463,0
2,0,0.3463959,0
2,0,0.28153303,0
2,0,0.25227177,0
2,0,0.5124038,1
2,0,0.3458344,0
2,0,0.39112914,0
2,0,0.13869543,0
2,0,0.2750947,0
2,0,0.21936399,0
2,0,0.3423501,0
2,0,0.25104758,0
2,0,0.09332525,0
2,0,0.18989947,0
2,0,0.28310817,0
2,0,0.21621135,0
2,0,0.15099308,0
2,0,0.2039633,0
2,0,0.21956964,0
2,0,0.31573102,0
2,0,0.29318732,0
2,0,0.25523946,0
2,0,0.2663504,0
2,0,0.38771284,0
2,0,0.41234255,0
2,0,0.3693766,0
2,0,0.20556566,0
2,0,0.22036457,0
2,0,0.36317185,0
2,0,0.2496329,0
2,0,0.20635904,0
2,0,0.45559123,0
2,0,0.21911962,0
2,0,0.43363982,0
2,0,0.46623123,0
2,0,0.55453813,1
2,0,0.71125895,1
2,0,0.47059473,0
2,0,0.534922,1
2,0,0.4239378,0
2,0,0.6629546,1
2,0,0.39838424,0
2,0,0.521564,1
2,0,0.33749002,0
2,0,0.5919126,1
2,0,0.29277045,0
2,0,0.40663272,0
2,0,0.37132323,0
2,0,0.24734364,0
2,0,0.20362015,0
2,0,0.17586851,0
2,0,0.5225754,1
2,0,0.19947155,0
2,0,0.20894966,0
2,0,0.1571024,0
2,0,0.20446403,0
2,0,0.259571,0
2,0,0.20671321,0
2,0,0.19691035,0
2,0,0.13696335,0
2,0,0.12555616,0
2,0,0.31662306,0
2,0,0.58814627,1
2,0,0.77161175,1
2,0,0.47496617,0
2,0,0.40581116,0
2,0,0.4310898,0
2,0,0.3900002,0
2,0,0.29654327,0
2,0,0.24202101,0
2,0,0.29960802,0
2,0,0.47661588,0
2,0,0.37342957,0
2,0,0.3943361,0
2,0,0.62853676,1
2,0,0.8667731,1
2,0,0.73997355,1
2,0,0.9180093,1
2,0,0.6571471,1
2,0,0.5910112,1
2,0,0.64841133,1
2,0,0.6308646,1
2,0,0.44144312,0
2,0,0.5592632,1
2,0,0.4025668,0
2,0,0.52268684,1
2,0,0.7136643,1
2,0,0.62961555,1
2,0,0.3465918,0
2,0,0.24274255,0
2,0,0.30975395,0
2,0,0.7027528,1
2,0,0.75058436,1
2,0,0.6416501,1
2,0,0.68505293,1
2,0,0.77061427,1
2,0,0.8191382,1
2,0,0.7869618,1
2,0,0.90045476,1
2,0,0.78445846,1
2,0,0.76780236,1
2,0,0.7433085,1
2,0,0.7773806,1
2,0,0.84230936,1
2,0,0.72549593,1
2,0,0.6567618,1
2,0,0.55383223,1
2,0,0.7011057,1
2,0,0.68070644,1
2,0,0.48590764,0
2,0,0.7135972,1
2,0,0.79393256,1
2,0,0.7555113,1
2,0,0.41235387,0
2,0,0.53864,1
2,0,0.31341505,0
2,0,0.74435735,1
2,0,0.749515,1
2,0,0.89103955,1
2,0,0.91486657,1
2,0,0.72574484,1
2,0,0.8714707,1
2,0,0.9409822,1
2,0,0.95985967,1
2,0,0.9202709,1
2,0,0.89526737,1
2,0,0.825561,1
2,0,0.8397832,1
2,0,0.8199624,1
2,0,0.8556748,1
2,0,0.9158618,1
2,0,0.8824401,1
2,0,0.8590954,1
2,0,0.8855492,1
2,0,0.85636693,1
2,0,0.6334601,1
2,0,0.7558775,1
2,0,0.8314809,1
2,0,0.44767076,0
2,0,0.6693135,1
2,0,0.43587175,0
2,0,0.68090534,1
2,0,0.6157297,1
2,0,0.7502278,1
2,0,0.24868095,0
2,0,0.4132761,0
2,0,0.69958276,1
2,0,0.4448102,0
2,0,0.3991387,0
2,0,0.49648717,0
2,0,0.6674788,1
2,0,0.58315986,1
2,0,0.6015846,1
2,0,0.65171283,1
2,0,0.8334336,1
2,0,0.6902681,1
2,0,0.6838543,1
2,0,0.810244,1
2,0,0.71810496,1
2,0,0.78087133,1
2,0,0.92655903,1
2,0,0.8700809,1
2,0,0.9143185,1
2,0,0.8703511,1
2,0,0.8197712,1
2,0,0.9430601,1
2,0,0.7321903,1
2,0,0.80577487,1
2,0,0.6833208,1
2,0,0.71544456,1
2,0,0.45371288,0
2,0,0.55546033,1
2,0,0.66869783,1
2,0,0.7448467,1
2,0,0.6148887,1
2,0,0.7134691,1
2,0,0.7339502,1
2,0,0.76243925,1
2,0,0.5621337,1
2,0,0.5560133,1
2,0,0.7541549,1
2,0,0.50692993,1
2,0,0.50546885,1
2,0,0.5643506,1
2,0,0.48475108,0
2,0,0.41075855,0
2,0,0.5957471,1
2,0,0.4088412,0
2,0,0.6597631,1
2,0,0.44812852,0
2,0,0.80469084,1
2,0,0.68122214,1
2,0,0.482566,0
2,0,0.56844765,1
2,0,0.752414,1
2,0,0.725078,1
2,0,0.6501518,1
2,0,0.7569029,1
2,0,0.9209662,1
2,0,0.4114397,0
2,0,0.8255978,1
2,0,0.90981746,1
2,0,0.8263981,1
2,0,0.70370585,1
2,0,0.7228998,1
2,0,0.78506374,1
2,0,0.8995592,1
2,0,0.9081546,1
2,0,0.90989375,1
2,0,0.8554026,1
2,0,0.8893719,1
2,0,0.84551203,1
2,0,0.91343707,1
2,0,0.88318855,1
2,0,0.92956865,1
2,0,0.95562315,1
2,0,0.9349251,1
2,0,0.89382935,1
2,0,0.8878373,1
2,0,0.9401901,1
2,0,0.8967629,1
2,0,0.9421501,1
2,0,0.9458436,1
2,0,0.9534544,1
2,0,0.9525631,1
2,0,0.9688523,1
2,0,0.96735436,1
2,0,0.89034736,1
2,0,0.9716674,1
2,0,0.97474855,1
2,0,0.9676192,1
2,0,0.9767567,1
2,0,0.9755819,1
2,0,0.94377446,1
2,0,0.9468252,1
2,0,0.97184515,1
2,0,0.9708544,1
2,0,0.9640301,1
2,0,0.9701343,1
2,0,0.96908194,1
2,0,0.9644104,1
2,0,0.9546336,1
2,0,0.9758209,1
2,0,0.984565,1
2,0,0.97210634,1
2,0,0.94816864,1
2,0,0.9637143,1
2,0,0.98538744,1
2,0,0.9749801,1
2,0,0.9444115,1
2,0,0.9622147,1
2,0,0.95667875,1
2,0,0.9619963,1
2,0,0.97169274,1
2,0,0.87900245,1
2,0,0.8822083,1
2,0,0.80050766,1
2,0,0.84496576,1
2,0,0.7124382,1
2,0,0.6295402,1
2,0,0.79644954,1
2,0,0.8692318,1
2,0,0.56526655,1
2,0,0.6180933,1
2,0,0.37153533,0
2,0,0.7136477,1
2,0,0.1960039,0
2,0,0.68990815,1
2,0,0.48206413,0
2,0,0.82275844,1
2,0,0.41570172,0
2,0,0.23077731,0
2,1,0.7339603,1
2,1,0.7652253,1
2,1,0.74831426,1
2,1,0.8136352,1
2,1,0.7844245,1
2,1,0.84239465,1
2,1,0.78085965,1
2,1,0.5648503,1
2,1,0.8663916,1
2,1,0.6691634,1
2,1,0.7953581,1
2,1,0.7209189,1
2,1,0.8289127,1
2,1,0.7011331,1
2,1,0.6908834,1
2,1,0.6411346,1
2,1,0.68567,1
2,1,0.5552542,1
2,1,0.7353448,1
2,1,0.58273095,1
2,1,0.6291739,1
2,1,0.46540096,0
2,1,0.7901613,1
2,1,0.7748444,1
2,1,0.6423042,1
2,1,0.6418479,1
2,1,0.5507753,1
2,1,0.6344639,1
2,1,0.6736151,1
2,1,0.6388761,1
2,1,0.79716396,1
2,1,0.63548654,1
2,1,0.49990702,0
2,1,0.6131451,1
2,1,0.5948799,1
2,1,0.6608154,1
2,1,0.8391762,1
2,1,0.8954235,1
2,1,0.6472164,1
2,1,0.79769284,1
2,1,0.6426447,1
2,1,0.69558644,1
2,1,0.54447323,1
2,1,0.53422284,1
2,1,0.6064277,1
2,1,0.7466293,1
2,1,0.72726756,1
2,1,0.6615835,1
2,1,0.6407972,1
2,1,0.74337226,1
2,1,0.65435016,1
2,1,0.6702178,1
2,1,0.52769107,1
2,1,0.70407176,1
2,0,0.46723452,0
2,0,0.38187057,0
2,0,0.3554598,0
2,0,0.40963897,0
2,0,0.55271167,1
2,0,0.2425632,0
2,0,0.36771977,0
2,0,0.4109595,0
2,0,0.2671933,0
2,0,0.52376133,1
2,0,0.4262022,0
2,0,0.2719502,0
2,0,0.33062357,0
2,0,0.20765644,0
2,0,0.4689626,0
2,0,0.77710783,1
2,0,0.8196842,1
2,0,0.6894007,1
2,0,0.6782713,1
2,0,0.7612433,1
2,0,0.53996855,1
2,0,0.5775078,1
2,0,0.5348849,1
2,0,0.39988804,0
2,0,0.575045,1
2,1,0.43092713,0
2,1,0.6909064,1
2,1,0.6538906,1
2,1,0.9028543,1
2,1,0.54775935,1
2,1,0.47237274,0
2,1,0.46664628,0
2,1,0.5305254,1
2,1,0.34082705,0
2,1,0.48847958,0
2,1,0.5714764,1
2,1,0.38867173,0
2,1,0.6864007,1
2,1,0.65053135,1
2,1,0.3198357,0
2,1,0.15251493,0
2,1,0.26692966,0
2,1,0.49444056,0
2,1,0.52571905,1
2,1,0.6546309,1
2,0,0.6802235,1
2,0,0.83510107,1
2,0,0.8727924,1
2,0,0.87390566,1
2,0,0.8246931,1
2,0,0.83787197,1
2,0,0.73611814,1
2,0,0.7818525,1
2,0,0.787282,1
2,0,0.8368409,1
2,0,0.86302274,1
2,0,0.83334804,1
2,0,0.59781235,1
2,0,0.5397502,1
2,0,0.53600174,1
2,0,0.48123533,0
2,0,0.84832245,1
2,0,0.79066557,1
2,0,0.8003182,1
2,0,0.8597105,1
2,0,0.79241425,1
2,1,0.64019096,1
2,1,0.7591219,1
2,1,0.562907,1
2,1,0.7592377,1
2,1,0.8090521,1
2,1,0.8784344,1
2,1,0.85133,1
2,1,0.8513013,1
2,1,0.7414151,1
2,1,0.6977349,1
2,1,0.5053141,1
2,1,0.8463977,1
2,1,0.7678705,1
2,1,0.71442235,1
2,1,0.50341386,1
2,1,0.5141076,1
2,1,0.42623967,0
2,1,0.49497557,0
2,1,0.47783187,0
2,1,0.44182593,0
2,1,0.39563644,0
2,1,0.40329564,0
2,1,0.5616918,1
2,1,0.35800797,0
2,1,0.4145751,0
2,1,0.33283144,0
2,1,0.19941851,0
2,1,0.6569435,1
2,1,0.33709735,0
2,1,0.2604742,0
2,1,0.38083717,0
2,1,0.41969666,0
2,1,0.07952411,0
2,1,0.22314152,0
2,1,0.3589521,0
2,1,0.4174305,0
2,1,0.26491204,0
2,1,0.19593151,0
2,1,0.34959632,0
2,1,0.60633785,1
2,1,0.7358095,1
2,1,0.8038516,1
2,1,0.3257293,0
2,1,0.3126656,0
2,1,0.36233848,0
2,1,0.2681211,0
2,1,0.6268905,1
2,1,0.38191894,0
2,1,0.3130897,0
2,1,0.36785287,0
2,1,0.41816106,0
2,1,0.3609426,0
2,1,0.46862462,0
2,1,0.28589356,0
2,1,0.33812234,0
2,1,0.6027127,1
2,1,0.44474864,0
2,1,0.48877344,0
2,1,0.33135524,0
2,1,0.5708685,1
2,1,0.2545288,0
2,1,0.4426042,0
2,1,0.44219923,0
2,1,0.32889488,0
2,1,0.28219602,0
2,1,0.3231954,0
2,1,0.5134858,1
2,1,0.20083049,0
2,1,0.2976876,0
2,1,0.30338812,0
2,1,0.28968978,0
2,1,0.34161094,0
2,1,0.41656947,0
2,1,0.35549355,0
2,1,0.47879413,0
2,1,0.50736594,1
2,1,0.37282956,0
2,1,0.67974514,1
2,1,0.6616375,1
2,1,0.23655003,0
2,1,0.34301955,0
2,1,0.78727674,1
2,1,0.83931875,1
2,1,0.87836325,1
2,1,0.8603928,1
2,1,0.73059005,1
2,1,0.71182144,1
2,1,0.7214024,1
2,1,0.72002655,1
2,1,0.5529814,1
2,1,0.75130385,1
2,1,0.60320944,1
2,1,0.70320356,1
2,1,0.51514673,1
2,1,0.8392734,1
2,1,0.8654396,1
2,1,0.8331325,1
2,1,0.70451474,1
2,1,0.5962931,1
2,1,0.69167006,1
2,1,0.7022907,1
2,1,0.7645973,1
2,1,0.81190294,1
2,1,0.7143874,1
2,1,0.47136757,0
2,1,0.6654097,1
2,1,0.6083865,1
2,1,0.6629452,1
2,1,0.7519795,1
2,1,0.7486289,1
2,1,0.65847725,1
2,1,0.6701883,1
2,1,0.61574715,1
2,1,0.5768981,1
2,1,0.6975027,1
2,1,0.4358118,0
2,1,0.5093529,1
2,1,0.73924553,1
2,1,0.68362916,1
2,1,0.69658995,1
2,1,0.8368733,1
2,1,0.7158918,1
2,1,0.9269853,1
2,1,0.93515974,1
2,1,0.8573879,1
2,1,0.7986455,1
2,1,0.8163977,1
2,1,0.876399,1
2,1,0.62335104,1
2,1,0.7641102,1
2,1,0.75082856,1
2,1,0.7470774,1
2,1,0.82169384,1
2,1,0.85682046,1
2,1,0.7959805,1
2,1,0.85579485,1
2,1,0.86797774,1
2,1,0.74842733,1
2,1,0.90260863,1
2,1,0.3143484,0
2,1,0.6859119,1
2,1,0.7315279,1
2,1,0.6113031,1
2,1,0.6563821,1
2,1,0.7640206,1
2,1,0.7364918,1
2,1,0.7928438,1
2,1,0.8860646,1
2,1,0.872297,1
2,1,0.78686845,1
2,1,0.64287156,1
2,1,0.6296714,1
2,1,0.55355084,1
2,1,0.6943438,1
2,1,0.9155826,1
2,1,0.901317,1
2,1,0.9210807,1
2,1,0.65277135,1
2,1,0.732205,1
2,1,0.7710659,1
2,1,0.64420253,1
2,1,0.69738346,1
2,1,0.7600555,1
2,1,0.5949793,1
2,1,0.7534218,1
2,1,0.795129,1
2,1,0.8769104,1
2,1,0.7073212,1
2,1,0.873242,1
2,1,0.9219015,1
2,1,0.87727463,1
2,1,0.63059485,1
2,1,0.40728468,0
2,1,0.78254634,1
2,1,0.62373257,1
2,1,0.16728997,0
2,0,0.34296703,0
2,0,0.7053522,1
2,0,0.3678299,0
2,0,0.74242747,1
2,0,0.79038566,1
2,0,0.35318846,0
2,0,0.4155285,0
2,0,0.61397064,1
2,0,0.87726915,1
2,0,0.89264613,1
2,0,0.8245355,1
2,0,0.917251,1
2,0,0.94464403,1
2,0,0.8843649,1
2,0,0.92423373,1
2,0,0.7189687,1
2,0,0.8920202,1
2,0,0.9419584,1
2,0,0.96045464,1
2,0,0.9208188,1
2,0,0.89479977,1
2,0,0.8115168,1
2,0,0.84131205,1
2,1,0.93138885,1
2,1,0.8788476,1
2,1,0.9227416,1
2,1,0.8873619,1
2,1,0.8267335,1
2,1,0.9485485,1
2,1,0.74383545,1
2,1,0.8240792,1
2,1,0.69781756,1
2,1,0.74275,1
2,1,0.42869416,0
2,1,0.5851824,1
2,1,0.6747069,1
2,1,0.7509937,1
2,1,0.6156967,1
2,1,0.7629507,1
2,1,0.68807787,1
2,1,0.49400267,0
2,1,0.82459444,1
2,1,0.6963564,1
2,1,0.51293314,1
2,1,0.60067964,1
2,1,0.76193357,1
2,1,0.7322112,1
2,1,0.7063274,1
2,1,0.7744663,1
2,1,0.9356776,1
2,1,0.44395992,0
2,1,0.85696566,1
2,1,0.91972625,1
2,1,0.8593615,1
2,0,0.72288805,1
2,0,0.7788475,1
2,0,0.8232789,1
2,0,0.91062653,1
2,0,0.92830974,1
2,0,0.924899,1
2,0,0.86839795,1
2,0,0.90704656,1
2,0,0.86374724,1
2,0,0.92156243,1
2,0,0.89334404,1
2,0,0.9449783,1
2,0,0.9641596,1
2,0,0.94487876,1
2,0,0.91369975,1
2,0,0.9112064,1
2,0,0.9496813,1
2,0,0.91767544,1
2,0,0.9436606,1
2,0,0.9511577,1
2,0,0.95127267,1
2,0,0.9579327,1
2,0,0.981383,1
2,0,0.9794927,1
2,0,0.95199233,1
2,0,0.9682413,1
2,0,0.9825316,1
2,0,0.9802838,1
2,0,0.97058105,1
2,0,0.9790981,1
2,0,0.98088443,1
2,0,0.97763205,1
2,0,0.96383095,1
2,1,0.98404086,1
2,1,0.98776174,1
2,1,0.97771615,1
2,1,0.95655376,1
2,1,0.96922493,1
2,1,0.98650974,1
2,1,0.97661865,1
2,1,0.949988,1
2,1,0.9626772,1
2,1,0.95972675,1
2,1,0.9646378,1
2,1,0.9763691,1
2,1,0.88494736,1
2,1,0.90683573,1
2,1,0.833668,1
2,1,0.8677343,1
2,0,0.033002984,0
2,0,0.030326696,0
2,0,0.008141826,0
2,0,0.07048224,0
2,0,0.40570843,0
2,0,0.42733046,0
2,0,0.51088446,1
2,0,0.43536925,0
2,0,0.49014458,0
2,1,0.658955,1
2,1,0.7856567,1
2,1,0.5554224,1
2,1,0.74924994,1
2,1,0.76363844,1
2,1,0.84143883,1
2,1,0.81421155,1
2,1,0.84086204,1
2,1,0.7450156,1
2,1,0.7040473,1
2,1,0.5250819,1
2,1,0.8647851,1
2,1,0.7851713,1
2,1,0.7329918,1
2,1,0.54845303,1
2,1,0.50740296,1
2,1,0.968332,1
2,1,0.97518027,1
2,1,0.9703216,1
2,1,0.95223767,1
2,1,0.96185964,1
2,1,0.9848663,1
2,1,0.9809033,1
2,1,0.9357505,1
2,1,0.9477532,1
2,1,0.94379634,1
2,1,0.9723208,1
2,1,0.9599891,1
2,1,0.87525374,1
2,1,0.8949223,1
2,1,0.79610646,1
2,1,0.820502,1
2,0,0.24171035,0
2,0,0.4078841,0
2,0,0.34826794,0
2,0,0.29852355,0
2,0,0.48008662,0
2,0,0.39888138,0
2,0,0.30519742,0
2,0,0.23705229,0
2,0,0.2005023,0
2,0,0.31972048,0
2,0,0.3390453,0
2,0,0.57460684,1
2,0,0.31953093,0
2,0,0.46646854,0
2,0,0.46637207,0
2,0,0.5552414,1
2,0,0.35858968,0
2,0,0.39281365,0
2,0,0.5491571,1
2,0,0.31187925,0
2,1,0.55916816,1
2,1,0.5296108,1
2,1,0.6458107,1
2,1,0.5534607,1
2,1,0.39082733,0
2,1,0.522591,1
2,1,0.5937715,1
2,1,0.6405615,1
2,1,0.7395648,1
2,1,0.654679,1
2,1,0.40331155,0
2,1,0.7523428,1
2,1,0.7381929,1
2,1,0.74504143,1
2,1,0.9098325,1
2,1,0.6526466,1
2,1,0.6976275,1
2,1,0.8428348,1
2,1,0.87268203,1
2,1,0.8754372,1
2,1,0.80888444,1
2,0,0.85035115,1
2,0,0.8143585,1
2,0,0.61176497,1
2,0,0.5525717,1
2,0,0.54560554,1
2,0,0.47789255,0
2,0,0.84751624,1
2,0,0.8324285,1
2,0,0.8108778,1
2,0,0.8707454,1
2,0,0.785857,1
2,0,0.7848341,1
2,0,0.7964808,1
2,0,0.7993438,1
2,0,0.66065276,1
2,0,0.79603064,1
2,0,0.592065,1
2,0,0.7835311,1
2,0,0.78581095,1
2,0,0.81318176,1
2,1,0.65823203,1
2,1,0.80337983,1
2,1,0.54007167,1
2,1,0.74442685,1
2,1,0.8177933,1
2,1,0.8863118,1
2,1,0.85011756,1
2,1,0.8466382,1
2,1,0.75731385,1
2,1,0.68715316,1
2,1,0.50110346,1
2,1,0.85336995,1
2,1,0.76955897,1
2,1,0.73371905,1
2,1,0.56131256,1
2,1,0.5148599,1
2,0,0.3696574,0
2,0,0.3388125,0
2,0,0.42773306,0
2,0,0.39783484,0
2,0,0.42756814,0
2,0,0.51606584,1
2,0,0.4483447,0
2,0,0.47240087,0
2,0,0.61871415,1
2,0,0.73349357,1
2,0,0.80682975,1
2,0,0.3796304,0
2,0,0.2970451,0
2,0,0.38403618,0
2,0,0.29021356,0
2,0,0.6016129,1
2,0,0.39978045,0
2,0,0.34263617,0
2,0,0.3711608,0
2,0,0.34890065,0
2,0,0.3131708,0
2,0,0.43222103,0
2,0,0.2689694,0
2,0,0.3591716,0
2,0,0.30097127,0
2,1,0.75188726,1
2,1,0.63262236,1
2,1,0.8037776,1
2,1,0.74587965,1
2,1,0.7884596,1
2,1,0.6260355,1
2,1,0.69962084,1
2,1,0.52707726,1
2,1,0.6024733,1
2,1,0.7569586,1
2,1,0.9210459,1
2,1,0.8779191,1
2,1,0.9146326,1
2,1,0.8667461,1
2,1,0.778969,1
2,1,0.83012426,1
2,0,0.20845188,0
2,0,0.34054282,0
2,0,0.38813677,0
2,0,0.49966043,0
2,0,0.8697112,1
2,0,0.59167886,1
2,0,0.41390222,0
2,0,0.68142134,1
2,0,0.64842844,1
2,0,0.9040637,1
2,0,0.55211085,1
2,0,0.47383845,0
2,0,0.46359366,0
2,0,0.5274476,1
2,0,0.33469254,0
2,0,0.48322955,0
2,0,0.5608259,1
2,0,0.36323193,0
2,0,0.6734906,1
2,0,0.6473286,1
2,0,0.31827468,0
2,0,0.14686553,0
2,0,0.2506176,0
2,0,0.47823638,0
2,0,0.50264543,1
2,1,0.6459768,1
2,1,0.60955375,1
2,1,0.655501,1
2,1,0.676012,1
2,1,0.70569986,1
2,1,0.88784444,1
2,0,0.14424089,0
2,0,0.056630615,0
2,0,0.008089873,0
2,0,0.022800682,0
2,0,0.0069252066,0
2,0,0.007675144,0
2,0,0.0071256584,0
2,0,0.012600862,0
2,0,0.009835956,0
2,0,0.0036701965,0
2,0,0.008965062,0
2,0,0.009814195,0
2,0,0.009310528,0
2,0,0.006389519,0
2,0,0.009541772,0
2,0,0.008106408,0
2,0,0.0033933455,0
2,0,0.0034510724,0
2,0,0.0036983131,0
2,0,0.005100636,0
2,0,0.0036615632,0
2,0,0.009455389,0
2,0,0.003011281,0
2,0,0.0038014445,0
2,0,0.0032465234,0
2,0,0.0064930758,0
2,0,0.015685955,0
2,0,0.019770507,0
2,0,0.037100345,0
2,0,0.037157744,0
2,0,0.0103223305,0
2,0,0.06698749,0
2,0,0.36990678,0
2,0,0.3605331,0
2,0,0.5534052,1
2,0,0.41781998,0
2,0,0.4976836,0
2,0,0.70862323,1
2,0,0.70262855,1
2,0,0.7601495,1
2,0,0.7164231,1
2,0,0.83235496,1
2,0,0.7983285,1
2,0,0.58792996,1
2,0,0.4531245,0
2,0,0.696769,1
2,0,0.59858733,1
2,0,0.5535236,1
2,0,0.726557,1
2,0,0.57200855,1
2,0,0.60384953,1
2,0,0.6266172,1
2,0,0.62612075,1
2,0,0.37974623,0
2,0,0.5309771,1
2,0,0.6006672,1
2,0,0.39392677,0
2,0,0.54696643,1
2,0,0.58162904,1
2,0,0.7146472,1
2,0,0.76956034,1
2,0,0.6918969,1
2,0,0.74759245,1
2,0,0.7431859,1
2,0,0.6670584,1
2,0,0.71159226,1
2,0,0.8504857,1
2,0,0.8748149,1
2,0,0.8778442,1
2,0,0.8056189,1
2,0,0.8445105,1
2,0,0.71105325,1
2,0,0.7826742,1
2,0,0.78680944,1
2,0,0.82748604,1
2,0,0.84425926,1
2,0,0.806745,1
2,0,0.60112584,1
2,0,0.5489775,1
2,0,0.59124583,1
2,0,0.82570875,1
2,0,0.7774973,1
2,0,0.79178566,1
2,0,0.79244787,1
2,0,0.66403115,1
2,0,0.7936668,1
2,0,0.58418596,1
2,0,0.76421434,1
2,0,0.7786846,1
2,0,0.8149007,1
2,0,0.7835773,1
2,0,0.9032332,1
2,0,0.90984744,1
2,0,0.86291224,1
2,0,0.8574222,1
2,0,0.6927643,1
2,0,0.7525158,1
2,0,0.73816395,1
2,0,0.64409167,1
2,0,0.66425914,1
2,0,0.6494879,1
2,0,0.7665783,1
2,0,0.5528777,1
2,0,0.74748707,1
2,0,0.79720706,1
2,0,0.8718785,1
2,0,0.8399115,1
2,0,0.83563894,1
2,0,0.7405939,1
2,0,0.68111277,1
2,0,0.4988967,0
2,0,0.85282683,1
2,0,0.77005917,1
2,0,0.70969456,1
2,0,0.5352269,1
2,0,0.49601573,0
2,0,0.5160302,1
2,0,0.61037517,1
2,0,0.55126584,1
2,0,0.63669497,1
2,0,0.6415314,1
2,0,0.7395162,1
2,0,0.8343642,1
2,0,0.62765145,1
2,0,0.6561763,1
2,0,0.6488111,1
2,0,0.66893363,1
2,0,0.6121661,1
2,0,0.6324685,1
2,0,0.48348802,0
2,0,0.56776243,1
2,0,0.6960878,1
2,0,0.68027014,1
2,0,0.53674614,1
2,0,0.6185741,1
2,0,0.52987766,1
2,0,0.6059054,1
2,0,0.5292834,1
2,0,0.39254892,0
2,0,0.35715503,0
2,0,0.48945677,0
2,0,0.28826666,0
2,0,0.26345143,0
2,0,0.3263554,0
2,0,0.38029975,0
2,0,0.2755374,0
2,0,0.44695807,0
2,0,0.4408417,0
2,0,0.27538466,0
2,0,0.4321536,0
2,0,0.48591578,0
2,0,0.45260984,0
2,0,0.42266148,0
2,0,0.35761714,0
2,0,0.39130622,0
2,0,0.5384456,1
2,0,0.3502806,0
2,0,0.37647656,0
2,0,0.3545413,0
2,0,0.19899088,0
2,0,0.61377895,1
2,0,0.32483244,0
2,0,0.20822613,0
2,0,0.36564243,0
2,0,0.40880603,0
2,0,0.08126613,0
2,0,0.21885246,0
2,0,0.33170903,0
2,0,0.41547748,0
2,0,0.28865847,0
2,0,0.21128012,0
2,0,0.3796234,0
2,0,0.3037955,0
2,0,0.35830024,0
2,0,0.2965572,0
2,0,0.22869831,0
2,0,0.36012927,0
2,0,0.34788102,0
2,0,0.40060115,0
2,0,0.28491595,0
2,0,0.19624639,0
2,0,0.24877247,0
2,0,0.48038024,0
2,0,0.6110574,1
2,0,0.44558623,0
2,0,0.5072501,1
2,0,0.4701389,0
2,0,0.61604506,1
2,0,0.34244078,0
2,0,0.36865038,0
2,0,0.39734772,0
2,0,0.33545974,0
2,0,0.4676385,0
2,0,0.43024695,0
2,0,0.4358923,0
2,0,0.48091096,0
2,0,0.40901345,0
2,0,0.4248426,0
2,0,0.63072735,1
2,0,0.7013423,1
2,1,0.7511925,1
2,1,0.585868,1
2,1,0.4328722,0
2,1,0.33158708,0
2,1,0.5092557,1
2,0,0.41572332,0
2,0,0.50719744,1
2,0,0.19868696,0
2,0,0.311842,0
2,0,0.31336322,0
2,0,0.37864286,0
2,0,0.40747827,0
2,0,0.24802199,0
2,0,0.33905944,0
2,0,0.28371966,0
2,0,0.3196614,0
2,0,0.26467285,0
2,0,0.30707696,0
2,0,0.27074167,0
2,0,0.33165252,0
2,0,0.27410385,0
2,0,0.27216086,0
2,0,0.3204133,0
2,0,0.4630441,0
2,0,0.49818093,0
2,0,0.39557937,0
2,0,0.18200988,0
2,0,0.35354084,0
2,0,0.4070505,0
2,0,0.37281683,0
2,0,0.278896,0
2,0,0.2105216,0
2,0,0.53643966,1
2,0,0.26075327,0
2,0,0.27369738,0
2,0,0.15665063,0
2,0,0.17409824,0
2,0,0.1880591,0
2,0,0.26838338,0
2,0,0.21560542,0
2,0,0.080296606,0
2,0,0.1950341,0
2,0,0.32562,0
2,0,0.24085066,0
2,0,0.18574548,0
2,0,0.12869398,0
2,0,0.15675843,0
2,0,0.11531551,0
2,0,0.12625258,0
2,0,0.18049985,0
2,0,0.14274538,0
2,0,0.35106137,0
2,0,0.48636088,0
2,0,0.28508535,0
2,0,0.16138358,0
2,0,0.17102517,0
2,0,0.26240376,0
2,0,0.17569424,0
2,0,0.15254323,0
2,0,0.4479423,0
2,0,0.16617441,0
2,0,0.34694427,0
2,0,0.45134345,0
2,0,0.45942092,0
2,0,0.6306879,1
2,0,0.29654577,0
2,0,0.4768506,0
2,0,0.3485008,0
2,0,0.6005641,1
2,0,0.34863323,0
2,0,0.44956726,0
2,0,0.2709955,0
2,0,0.522399,1
2,0,0.22307652,0
2,0,0.39733568,0
2,0,0.3791702,0
2,0,0.30249038,0
2,0,0.2400331,0
2,0,0.2891434,0
2,0,0.4875815,0
2,0,0.14713193,0
2,0,0.2612402,0
2,0,0.23363143,0
2,0,0.2499024,0
2,0,0.44853124,0
2,0,0.25900623,0
2,0,0.1599852,0
2,0,0.14554913,0
2,0,0.11636785,0
2,0,0.34355947,0
2,0,0.6569766,1
2,0,0.76099986,1
2,0,0.44479418,0
2,0,0.44964206,0
2,0,0.57471627,1
2,0,0.4055235,0
2,0,0.32650766,0
2,0,0.29609898,0
2,0,0.2938619,0
2,0,0.46223477,0
2,0,0.4331188,0
2,0,0.46266243,0
2,0,0.68826294,1
2,0,0.700112,1
2,0,0.28814474,0
2,0,0.5031726,1
2,0,0.5861596,1
2,0,0.71425414,1
2,0,0.66061777,1
2,0,0.81504613,1
2,0,0.7488803,1
2,0,0.84784377,1
2,0,0.92872703,1
2,0,0.8696404,1
2,0,0.740324,1
2,0,0.7712493,1
2,0,0.78558487,1
2,0,0.75862575,1
2,0,0.6471484,1
2,0,0.8245897,1
2,0,0.7770018,1
2,0,0.80945736,1
2,0,0.64579034,1
2,0,0.72384316,1
2,0,0.56512135,1
2,0,0.6526193,1
2,0,0.7923987,1
2,0,0.9272502,1
2,0,0.8910901,1
2,0,0.91872793,1
2,0,0.88458174,1
2,0,0.7935161,1
2,0,0.8464511,1
2,0,0.6033181,1
2,0,0.8828042,1
2,0,0.8870359,1
2,0,0.86749125,1
2,0,0.6794387,1
2,0,0.6565162,1
2,0,0.6309946,1
2,0,0.6567857,1
2,0,0.761244,1
2,0,0.74827534,1
2,0,0.6975497,1
2,0,0.47867632,0
2,0,0.6075446,1
2,0,0.60685325,1
2,0,0.55553025,1
2,0,0.80169505,1
2,0,0.8224348,1
2,0,0.67774564,1
2,0,0.7106087,1
2,0,0.6498228,1
2,0,0.72912866,1
2,0,0.7874517,1
2,0,0.60011667,1
2,0,0.5501813,1
2,0,0.79105604,1
2,0,0.7151555,1
2,0,0.66096497,1
2,0,0.8293127,1
2,0,0.8332363,1
2,0,0.31515032,0
2,0,0.5326974,1
2,0,0.5155167,1
2,0,0.7301223,1
2,0,0.7985849,1
2,0,0.76984775,1
2,0,0.7270883,1
2,0,0.61570555,1
2,0,0.24658035,0
2,0,0.5670606,1
2,0,0.66146255,1
2,0,0.7103492,1
2,0,0.84236944,1
2,0,0.874371,1
2,0,0.587608,1
2,0,0.46786946,0
2,0,0.47505337,0
2,0,0.5524095,1
2,1,0.8438249,1
2,1,0.8285202,1
2,1,0.94246143,1
2,1,0.7973735,1
2,1,0.8708342,1
2,1,0.87986046,1
2,1,0.7533109,1
2,1,0.6001876,1
2,1,0.87310356,1
2,1,0.88985896,1
2,1,0.733529,1
2,1,0.7514022,1
2,1,0.7178751,1
2,1,0.7720664,1
2,1,0.55064046,1
2,1,0.6030071,1
2,1,0.5344703,1
2,1,0.26182914,0
2,1,0.3868298,0
2,1,0.41801107,0
2,1,0.5487605,1
2,1,0.88109624,1
2,0,0.59343934,1
2,0,0.46748066,0
2,0,0.69040287,1
2,0,0.6780499,1
2,0,0.90509754,1
2,0,0.53475565,1
2,0,0.5338805,1
2,0,0.3498954,0
2,0,0.6879122,1
2,0,0.62705725,1
2,0,0.26431757,0
2,0,0.13242923,0
2,0,0.28275728,0
2,0,0.4967011,0
2,0,0.5515304,1
2,0,0.676551,1
2,0,0.6480673,1
2,0,0.69337374,1
2,0,0.7221394,1
2,0,0.7533788,1
2,0,0.89736754,1
2,0,0.74267626,1
2,0,0.73847324,1
2,0,0.648534,1
2,0,0.5185923,1
2,0,0.51130325,1
2,0,0.6505036,1
2,0,0.6864009,1
2,0,0.55706674,1
2,0,0.7255215,1
2,0,0.42769966,0
2,0,0.61412066,1
2,0,0.71954405,1
2,0,0.787346,1
2,0,0.73241764,1
2,0,0.31265104,0
2,0,0.4159614,0
2,0,0.34028906,0
2,0,0.7574652,1
2,0,0.8555945,1
2,0,0.88971853,1
2,0,0.81971264,1
2,0,0.68423426,1
2,0,0.5794362,1
2,0,0.5561937,1
2,0,0.7057117,1
2,0,0.91469616,1
2,0,0.91814774,1
2,0,0.9299216,1
2,0,0.6791721,1
2,0,0.55983466,1
2,0,0.7703963,1
2,0,0.86456573,1
2,0,0.74697,1
2,0,0.58417714,1
2,0,0.6844516,1
2,0,0.7472618,1
2,0,0.63073635,1
2,0,0.703506,1
2,0,0.7371666,1
2,0,0.5824563,1
2,0,0.7414286,1
2,0,0.7702938,1
2,0,0.87689763,1
2,0,0.7328406,1
2,0,0.86579365,1
2,0,0.91518253,1
2,0,0.8649222,1
2,0,0.6573467,1
2,0,0.38409778,0
2,0,0.7839206,1
2,0,0.61556816,1
2,0,0.16083041,0
2,0,0.32202938,0
2,0,0.6894951,1
2,0,0.36909312,0
2,0,0.7147475,1
2,0,0.7722583,1
2,0,0.35035273,0
2,0,0.44765505,0
2,0,0.6561927,1
2,0,0.8212567,1
2,0,0.91156465,1
2,0,0.8072544,1
2,0,0.92800504,1
2,0,0.9452775,1
2,0,0.9029858,1
2,0,0.8547038,1
2,0,0.8334671,1
2,0,0.9178381,1
2,0,0.9498171,1
2,0,0.9569161,1
2,0,0.91380996,1
2,0,0.90211505,1
2,0,0.8429464,1
2,0,0.832371,1
2,0,0.83112293,1
2,0,0.8746825,1
2,0,0.92653245,1
2,0,0.89979184,1
2,0,0.8764941,1
2,0,0.90070647,1
2,0,0.87910676,1
2,0,0.68432593,1
2,0,0.77507514,1
2,0,0.8497715,1
2,0,0.5017321,1
2,0,0.7157531,1
2,0,0.47260728,0
2,0,0.7267068,1
2,0,0.63732046,1
2,0,0.7729998,1
2,0,0.2850669,0
2,0,0.442235,0
2,0,0.75172895,1
2,0,0.48633787,0
2,0,0.39705902,0
2,0,0.56826425,1
2,0,0.7303296,1
2,0,0.60801,1
2,0,0.6423843,1
2,0,0.6878951,1
2,0,0.8656076,1
2,0,0.73147917,1
2,0,0.71118224,1
2,0,0.6356805,1
2,0,0.80979216,1
2,0,0.80405456,1
2,0,0.84074825,1
2,0,0.7633547,1
2,0,0.80543983,1
2,0,0.929688,1
2,0,0.88260126,1
2,0,0.9246655,1
2,0,0.88083756,1
2,0,0.83042985,1
2,0,0.94561124,1
2,0,0.75539964,1
2,0,0.7954649,1
2,0,0.69635564,1
2,0,0.72027624,1
2,0,0.49005547,0
2,0,0.5381595,1
2,0,0.6637393,1
2,0,0.7615108,1
2,0,0.6175455,1
2,0,0.7169805,1
2,0,0.7277536,1
2,0,0.78904194,1
2,0,0.5598521,1
2,0,0.5606818,1
2,0,0.76074624,1
2,0,0.5220267,1
2,0,0.49331173,0
2,0,0.57980144,1
2,0,0.51669127,1
2,0,0.4133823,0
2,0,0.59797233,1
2,0,0.4188359,0
2,0,0.6691042,1
2,0,0.466463,0
2,0,0.8056627,1
2,0,0.70521015,1
2,0,0.48666525,0
2,0,0.5642495,1
2,0,0.75948584,1
2,0,0.73743397,1
2,0,0.6539306,1
2,0,0.75986385,1
2,0,0.9226835,1
2,0,0.4137478,0
2,0,0.8288308,1
2,0,0.9044768,1
2,0,0.8336716,1
2,0,0.70892125,1
2,0,0.72616667,1
2,0,0.79340017,1
2,0,0.9101866,1
2,0,0.9047977,1
2,0,0.9013273,1
2,0,0.8592891,1
2,0,0.88366675,1
2,0,0.8355114,1
2,0,0.9112769,1
2,0,0.8865158,1
2,0,0.5092562,1
2,0,0.45991972,0
2,0,0.3848245,0
2,0,0.76947147,1
2,0,0.65940464,1
2,0,0.59203017,1
2,0,0.6090427,1
2,0,0.8014202,1
2,0,0.9131238,1
2,0,0.925888,1
2,0,0.77736026,1
2,1,0.87329006,1
2,1,0.8384513,1
2,1,0.83630824,1
2,1,0.7286713,1
2,1,0.6878385,1
2,1,0.46122727,0
2,1,0.8399313,1
2,1,0.7522044,1
2,1,0.70129186,1
2,1,0.520534,1
2,1,0.97660714,1
2,1,0.95715,1
2,1,0.950693,1
2,1,0.9768886,1
2,1,0.975111,1
2,1,0.97208154,1
2,1,0.9750337,1
2,1,0.9726441,1
2,1,0.97433794,1
2,1,0.9624251,1
2,1,0.97805107,1
2,1,0.9489793,1
2,1,0.94941944,1
2,1,0.9315547,1
2,1,0.8683383,1
2,1,0.9662203,1
2,1,0.97549224,1
2,1,0.862234,1
2,1,0.96012396,1
2,1,0.9601518,1
2,1,0.898495,1
2,1,0.9688028,1
2,1,0.95502114,1
2,1,0.9263224,1
2,0,0.13322574,0
2,0,0.055297844,0
2,0,0.00832675,0
2,0,0.024408137,0
2,0,0.007574093,0
2,0,0.007929392,0
2,0,0.007382821,0
2,0,0.013942319,0
2,0,0.010758466,0
2,0,0.0034106015,0
2,0,0.009562796,0
2,0,0.0098727215,0
2,0,0.009453501,0
2,0,0.00621143,0
2,0,0.009274057,0
2,0,0.008159907,0
2,0,0.0032546516,0
2,0,0.0031123962,0
2,0,0.0033496018,0
2,0,0.004582787,0
2,0,0.0033473903,0
2,0,0.008530802,0
2,0,0.0025506322,0
2,0,0.0033781677,0
2,0,0.0032403376,0
2,0,0.0068959044,0
2,0,0.016881794,0
2,0,0.019828632,0
2,0,0.03822173,0
2,0,0.029971128,0
2,0,0.010938881,0
2,0,0.052347988,0
2,0,0.38457137,0
2,0,0.2734974,0
2,0,0.53630066,1
2,0,0.38385218,0
2,0,0.47965083,0
2,0,0.68651634,1
2,0,0.68720114,1
2,0,0.75193125,1
2,0,0.7133985,1
2,0,0.82350844,1
2,0,0.8009113,1
2,0,0.57624245,1
2,0,0.45851585,0
2,0,0.71004456,1
2,0,0.5887772,1
2,0,0.5733195,1
2,0,0.7217691,1
2,0,0.5819858,1
2,0,0.7826758,1
2,0,0.762294,1
2,0,0.7769831,1
2,0,0.7620957,1
2,0,0.6469126,1
2,1,0.76832885,1
2,1,0.5577915,1
2,1,0.74436593,1
2,1,0.7540484,1
2,1,0.79602116,1
2,0,0.7826881,1
2,0,0.89907473,1
2,0,0.90512717,1
2,0,0.8644649,1
2,0,0.84624726,1
2,0,0.6768022,1
2,0,0.7232725,1
2,0,0.71989566,1
2,0,0.6331209,1
2,0,0.649003,1
2,0,0.6194801,1
2,0,0.74750906,1
2,0,0.5432503,1
2,0,0.7457295,1
2,0,0.80332875,1
2,0,0.87185395,1
2,0,0.8425759,1
2,0,0.8419728,1
2,0,0.7302675,1
2,0,0.68155396,1
2,0,0.474925,0
2,0,0.8373348,1
2,0,0.7612928,1
2,0,0.7060214,1
2,0,0.4964218,0
2,0,0.5096937,1
2,0,0.49480262,0
2,0,0.59514177,1
2,0,0.535081,1
2,0,0.61289406,1
2,0,0.62071717,1
2,0,0.7167364,1
2,0,0.81890106,1
2,0,0.60397744,1
2,0,0.6237299,1
2,0,0.61953974,1
2,0,0.64770555,1
2,0,0.5798186,1
2,0,0.594705,1
2,0,0.4955194,0
2,0,0.5623417,1
2,0,0.6897578,1
2,0,0.67433685,1
2,0,0.54328257,1
2,0,0.60632104,1
2,0,0.50845104,1
2,0,0.58138096,1
2,0,0.50754935,1
2,0,0.38812476,0
2,0,0.32455832,0
2,0,0.4595145,0
2,0,0.29569325,0
2,0,0.2450395,0
2,0,0.3279073,0
2,0,0.38031694,0
2,0,0.28883275,0
2,0,0.4515672,0
2,0,0.41202885,0
2,0,0.26133642,0
2,0,0.4162847,0
2,0,0.46846697,0
2,0,0.46341774,0
2,0,0.4223468,0
2,0,0.37051493,0
2,0,0.3985374,0
2,0,0.5549708,1
2,0,0.33493215,0
2,0,0.38396186,0
2,0,0.3149353,0
2,0,0.17457558,0
2,0,0.62125206,1
2,0,0.30883777,0
2,0,0.24389888,0
2,0,0.35903218,0
2,0,0.40842187,0
2,0,0.0773371,0
2,0,0.2046147,0
2,0,0.31802207,0
2,0,0.38604525,0
2,0,0.2591175,0
2,0,0.18374945,0
2,0,0.33767974,0
2,0,0.28291503,0
2,0,0.35369807,0
2,0,0.2730203,0
2,0,0.19678287,0
2,0,0.32616317,0
2,0,0.3301412,0
2,0,0.39108053,0
2,0,0.23132853,0
2,0,0.1547543,0
2,0,0.22602941,0
2,0,0.44671455,0
2,0,0.5644361,1
2,0,0.37527436,0
2,0,0.47557205,0
2,0,0.3989852,0
2,0,0.5226849,1
2,0,0.26125818,0
2,0,0.32795328,0
2,0,0.3502844,0
2,0,0.30861926,0
2,0,0.38500443,0
2,0,0.37594137,0
2,0,0.3699933,0
2,0,0.2840162,0
2,0,0.456579,0
2,0,0.3369954,0
2,0,0.21742916,0
2,0,0.17736118,0
2,0,0.14280754,0
2,0,0.37882832,0
2,0,0.6803436,1
2,0,0.7847607,1
2,0,0.50094616,1
2,0,0.49677104,0
2,0,0.54497993,1
2,0,0.476367,0
2,0,0.3438695,0
2,0,0.41463605,0
2,0,0.36741096,0
2,0,0.45037255,0
2,0,0.4923819,0
2,0,0.36824003,0
2,0,0.67049056,1
2,0,0.67964786,1
2,0,0.22898383,0
2,0,0.32965085,0
2,0,0.5303993,1
2,0,0.7547597,1
2,0,0.5954059,1
2,0,0.798756,1
2,0,0.7720505,1
2,0,0.8266942,1
2,0,0.86632586,1
2,0,0.8484161,1
2,0,0.7074809,1
2,0,0.6981509,1
2,0,0.70560396,1
2,0,0.69072115,1
2,0,0.49451688,0
2,0,0.7255266,1
2,0,0.6649239,1
2,0,0.6722194,1
2,0,0.57516223,1
2,0,0.5530247,1
2,0,0.4997134,0
2,1,0.8485753,1
2,1,0.8677653,1
2,1,0.9120483,1
2,1,0.81798387,1
2,1,0.54923517,1
2,1,0.6501737,1
2,1,0.45151457,0
2,1,0.8263044,1
2,1,0.84619254,1
2,1,0.82886046,1
2,1,0.6501547,1
2,1,0.56940407,1
2,1,0.63570607,1
2,1,0.6781322,1
2,1,0.74823534,1
2,1,0.79196453,1
2,1,0.6917894,1
2,1,0.44810298,0
2,1,0.6149423,1
2,0,0.5867135,1
2,0,0.6278541,1
2,0,0.77328205,1
2,0,0.77560055,1
2,0,0.6597877,1
2,0,0.64129156,1
2,0,0.6132335,1
2,0,0.58003545,1
2,0,0.68960166,1
2,0,0.4541747,0
2,0,0.47497582,0
2,0,0.72686785,1
2,0,0.67152196,1
2,0,0.6668917,1
2,0,0.82137865,1
2,0,0.80203074,1
2,0,0.33093506,0
2,0,0.5068308,1
2,0,0.45772734,0
2,0,0.7012355,1
2,0,0.7626628,1
2,0,0.6637617,1
2,0,0.74581486,1
2,0,0.63994324,1
2,0,0.27229702,0
2,0,0.58488935,1
2,0,0.61951834,1
2,0,0.696317,1
2,0,0.80363566,1
2,0,0.7465395,1
2,0,0.5561022,1
2,0,0.3153045,0
2,0,0.6139,1
2,0,0.6011748,1
2,0,0.81121695,1
2,0,0.81596416,1
2,0,0.9419724,1
2,0,0.77908313,1
2,0,0.8432738,1
2,0,0.8850573,1
2,0,0.7763549,1
2,1,0.62165105,1
2,1,0.8939375,1
2,1,0.91184944,1
2,1,0.80963904,1
2,1,0.7339265,1
2,1,0.74749374,1
2,1,0.8307941,1
2,1,0.5884274,1
2,1,0.71415067,1
2,1,0.63081527,1
2,1,0.67387956,1
2,1,0.50372833,1
2,1,0.656472,1
2,1,0.72836715,1
2,1,0.68578136,1
2,1,0.72654444,1
2,1,0.75077766,1
2,1,0.8038022,1
2,0,0.74609774,1
2,0,0.80083066,1
2,0,0.83827466,1
2,0,0.65735227,1
2,0,0.88314986,1
2,0,0.44532967,0
2,0,0.38526243,0
2,0,0.4521428,0
2,0,0.48854294,0
2,0,0.3076623,0
2,1,0.4029012,0
2,1,0.44206247,0
2,1,0.31408915,0
2,1,0.62746346,1
2,1,0.5776655,1
2,0,0.26510254,0
2,0,0.14542359,0
2,0,0.22929896,0
2,0,0.55253977,1
2,0,0.4989946,0
2,0,0.6403189,1
2,0,0.6800559,1
2,0,0.6703532,1
2,0,0.6612979,1
2,0,0.7315385,1
2,0,0.8556508,1
2,0,0.68493205,1
2,0,0.7814292,1
2,0,0.6378748,1
2,0,0.6072706,1
2,0,0.62205094,1
2,0,0.655202,1
2,0,0.5048793,1
2,0,0.5071469,1
2,0,0.61317474,1
2,0,0.53268164,1
2,0,0.32860845,0
2,0,0.56962395,1
2,0,0.75162446,1
2,0,0.5991999,1
2,0,0.3075901,0
2,0,0.44163802,0
2,0,0.25617984,0
2,0,0.7078377,1
2,0,0.66178524,1
2,0,0.8182772,1
2,0,0.7043818,1
2,0,0.5593437,1
2,0,0.5169308,1
2,0,0.43372762,0
2,0,0.59184206,1
2,0,0.8840954,1
2,0,0.87178487,1
2,0,0.8833995,1
2,0,0.56210595,1
2,0,0.41876158,0
2,0,0.70425165,1
2,0,0.8166433,1
2,0,0.7123863,1
2,0,0.53356695,1
2,0,0.64928883,1
2,0,0.7253569,1
2,0,0.59015214,1
2,0,0.63983005,1
2,0,0.731575,1
2,0,0.57866144,1
2,0,0.76034105,1
2,0,0.79287934,1
2,0,0.85992026,1
2,0,0.68300223,1
2,0,0.8478893,1
2,0,0.90443605,1
2,0,0.8399476,1
2,0,0.557412,1
2,0,0.38407817,0
2,0,0.73677015,1
2,0,0.53623945,1
2,0,0.17063817,0
2,0,0.33485398,0
2,0,0.6227223,1
2,1,0.3311213,0
2,1,0.7055402,1
2,1,0.7766329,1
2,1,0.3703321,0
2,1,0.31398594,0
2,1,0.49710667,0
2,1,0.91220033,1
2,1,0.8384605,1
2,1,0.8610821,1
2,1,0.894506,1
2,1,0.9582635,1
2,1,0.9104543,1
2,1,0.93322265,1
2,1,0.7394831,1
2,1,0.87542474,1
2,0,0.9477744,1
2,0,0.9610143,1
2,0,0.9262304,1
2,0,0.88865864,1
2,0,0.81396395,1
2,0,0.82496053,1
2,0,0.8166894,1
2,0,0.8476226,1
2,0,0.9116641,1
2,0,0.8721662,1
2,0,0.85148525,1
2,0,0.88092643,1
2,0,0.85164666,1
2,0,0.60647273,1
2,1,0.7484545,1
2,1,0.8138546,1
2,1,0.4133252,0
2,1,0.6316426,1
2,1,0.39498356,0
2,1,0.63614726,1
2,1,0.5881634,1
2,1,0.7221109,1
2,1,0.22889605,0
2,1,0.37829217,0
2,1,0.65854555,1
2,1,0.40057185,0
2,1,0.37860397,0
2,1,0.46370143,0
2,1,0.63366914,1
2,1,0.5643469,1
2,1,0.5611394,1
2,1,0.6162791,1
2,1,0.81724626,1
2,1,0.6558061,1
2,1,0.6334389,1
2,1,0.5207044,1
2,1,0.75014836,1
2,1,0.7499149,1
2,1,0.79102707,1
2,1,0.6895068,1
2,1,0.7591415,1
2,1,0.9199745,1
2,1,0.8626101,1
2,0,0.9079694,1
2,0,0.86985505,1
2,0,0.803737,1
2,0,0.9341494,1
2,0,0.72897786,1
2,0,0.8052812,1
2,0,0.67421204,1
2,0,0.7110193,1
2,0,0.43248767,0
2,0,0.5357997,1
2,0,0.6619701,1
2,0,0.7297396,1
2,0,0.6000468,1
2,0,0.6902502,1
2,0,0.71869475,1
2,0,0.74343807,1
2,0,0.5327598,1
2,0,0.5281291,1
2,0,0.7418838,1
2,0,0.47760808,0
2,0,0.47825304,0
2,0,0.535105,1
2,0,0.44996533,0
2,0,0.40699053,0
2,0,0.5688826,1
2,0,0.37355375,0
2,0,0.6338488,1
2,0,0.40455487,0
2,0,0.7683765,1
2,0,0.6332921,1
2,0,0.46603382,0
2,0,0.53422475,1
2,0,0.71611285,1
2,0,0.69782263,1
2,0,0.62743306,1
2,0,0.7384719,1
2,0,0.9130612,1
2,0,0.40773657,0
2,0,0.8091399,1
2,0,0.8962563,1
2,0,0.80524325,1
2,0,0.68822956,1
2,0,0.6926362,1
2,0,0.7747529,1
2,0,0.88954014,1
2,0,0.9014845,1
2,0,0.90189767,1
2,0,0.8340913,1
2,0,0.88074523,1
2,0,0.83396435,1
2,0,0.9051558,1
2,0,0.85884845,1
2,1,0.9251994,1
2,1,0.9510994,1
2,1,0.9254061,1
2,1,0.88424885,1
2,1,0.88097143,1
2,0,0.9348856,1
2,0,0.88247466,1
2,0,0.916863,1
2,0,0.9202364,1
2,0,0.9383308,1
2,1,0.9419172,1
2,1,0.9528596,1
2,1,0.95193875,1
2,1,0.967956,1
2,1,0.9663291,1
2,1,0.88299024,1
2,1,0.9713198,1
2,1,0.9753043,1
2,1,0.9667839,1
2,1,0.9758105,1
2,1,0.9746345,1
2,1,0.94108915,1
2,1,0.9435419,1
2,1,0.9694113,1
2,0,0.970547,1
2,0,0.959269,1
2,0,0.9673555,1
2,0,0.9669698,1
2,0,0.9625168,1
2,0,0.9512593,1
2,0,0.97403777,1
2,0,0.9831907,1
2,0,0.97055817,1
2,0,0.93944776,1
2,0,0.96089524,1
2,0,0.98454446,1
2,0,0.9725131,1
2,0,0.93865323,1
2,0,0.959324,1
2,0,0.9540076,1
2,0,0.9612609,1
2,0,0.97105294,1
2,0,0.8662076,1
2,0,0.8751903,1
2,0,0.783585,1
2,0,0.8423462,1
2,0,0.6959847,1
2,0,0.60813993,1
2,0,0.78475404,1
2,0,0.85369396,1
2,0,0.53579694,1
2,0,0.5936373,1
2,0,0.35396594,0
2,0,0.6759238,1
2,0,0.17735209,0
2,0,0.66032785,1
2,0,0.4529248,0
2,0,0.8028848,1
2,0,0.38390702,0
2,0,0.5089257,1
2,0,0.5278703,1
2,0,0.797916,1
2,0,0.72405916,1
2,0,0.6475161,1
2,0,0.8396289,1
2,0,0.8131435,1
2,0,0.3254546,0
2,0,0.49422663,0
2,0,0.45017475,0
2,0,0.7216971,1
2,0,0.8330301,1
2,0,0.7563766,1
2,0,0.7498255,1
2,0,0.479728,0
2,0,0.35997486,0
2,0,0.49053994,0
2,0,0.54746616,1
2,0,0.8046532,1
2,0,0.8307691,1
2,0,0.7821223,1
2,0,0.64550835,1
2,0,0.36539972,0
2,0,0.6201559,1
2,0,0.6533194,1
2,0,0.8405584,1
2,0,0.8553064,1
2,0,0.9560799,1
2,0,0.8432265,1
2,0,0.8868676,1
2,0,0.9166563,1
2,0,0.8235268,1
2,0,0.68756014,1
2,0,0.90312123,1
2,0,0.9339313,1
2,0,0.83802176,1
2,1,0.7991222,1
2,1,0.76877445,1
2,1,0.8683995,1
2,1,0.6867848,1
2,1,0.7638641,1
2,1,0.73458165,1
2,1,0.7495106,1
2,1,0.5840267,1
2,1,0.7188281,1
2,1,0.7901151,1
2,1,0.7694203,1
2,1,0.7970982,1
2,0,0.80142915,1
2,0,0.86295545,1
2,0,0.8182034,1
2,0,0.8571029,1
2,0,0.87034565,1
2,0,0.7463653,1
2,0,0.92078984,1
2,0,0.6629169,1
2,0,0.5979519,1
2,0,0.65486443,1
2,0,0.63756377,1
2,0,0.44635516,0
2,0,0.565974,1
2,0,0.40824202,0
2,0,0.5271577,1
2,0,0.718858,1
2,0,0.63523,1
2,0,0.35370794,0
2,0,0.24808137,0
2,0,0.31491694,0
2,0,0.706556,1
2,0,0.7527045,1
2,0,0.6465884,1
2,0,0.68924683,1
2,0,0.7754861,1
2,0,0.82142586,1
2,0,0.7898825,1
2,0,0.90268505,1
2,0,0.7882079,1
2,0,0.77589506,1
2,0,0.7495572,1
2,0,0.78131866,1
2,0,0.84825265,1
2,0,0.73191655,1
2,0,0.66067344,1
2,0,0.5615313,1
2,0,0.41471437,0
2,0,0.7150273,1
2,0,0.45076713,0
2,0,0.4247639,0
2,0,0.54193175,1
2,0,0.68577474,1
2,0,0.66186583,1
2,0,0.65877837,1
2,0,0.6999161,1
2,0,0.84490305,1
2,0,0.8029569,1
2,0,0.56001896,1
2,0,0.4186625,0
2,0,0.8518616,1
2,0,0.7329259,1
2,0,0.84443766,1
2,0,0.66464466,1
2,0,0.75938034,1
2,0,0.9056402,1
2,0,0.8564752,1
2,0,0.8997264,1
2,0,0.87375754,1
2,0,0.8086114,1
2,0,0.95681417,1
2,0,0.73590857,1
2,0,0.81039095,1
2,0,0.6863042,1
2,0,0.7204604,1
2,0,0.44009784,0
2,0,0.58314514,1
2,0,0.69567597,1
2,0,0.7588997,1
2,0,0.62416637,1
2,0,0.7598091,1
2,0,0.75043374,1
2,0,0.7809244,1
2,0,0.57964194,1
2,0,0.5943301,1
2,0,0.7616519,1
2,0,0.5351416,1
2,0,0.5451915,1
2,0,0.5844218,1
2,0,0.50274116,1
2,0,0.42960063,0
2,0,0.629532,1
2,0,0.43817705,0
2,0,0.69236124,1
2,0,0.4803767,0
2,0,0.83998173,1
2,0,0.7339471,1
2,0,0.7351725,1
2,0,0.7933246,1
2,0,0.9080174,1
2,0,0.91287833,1
2,0,0.9128571,1
2,0,0.8639463,1
2,0,0.89233255,1
2,0,0.84519297,1
2,0,0.9132916,1
2,0,0.8834401,1
2,0,0.9305651,1
2,0,0.95744103,1
2,0,0.9351293,1
2,0,0.90018964,1
2,0,0.88951916,1
2,0,0.9416538,1
2,0,0.896499,1
2,0,0.92509,1
2,0,0.92582965,1
2,0,0.94471073,1
2,0,0.9472821,1
2,0,0.95555127,1
2,0,0.9533917,1
2,0,0.96981007,1
2,0,0.96796453,1
2,0,0.89483374,1
2,0,0.97225463,1
2,0,0.97520477,1
2,0,0.96912426,1
2,0,0.9773333,1
2,0,0.97572017,1
2,0,0.9441512,1
2,0,0.9471953,1
2,0,0.97245747,1
2,0,0.9709192,1
2,0,0.9647888,1
2,0,0.9710018,1
2,0,0.96831024,1
2,0,0.9642002,1
2,0,0.9549181,1
2,0,0.97648084,1
2,0,0.9846364,1
2,0,0.97214025,1
2,0,0.94975525,1
2,0,0.9644819,1
2,0,0.9855875,1
2,0,0.97525316,1
2,0,0.9456241,1
2,0,0.96298295,1
2,0,0.95744,1
2,0,0.9623094,1
2,0,0.9723436,1
2,0,0.8822929,1
2,0,0.8855956,1
2,0,0.80731845,1
2,0,0.84616846,1
2,0,0.7189143,1
2,0,0.63901156,1
3,1,0.14365631,0
3,1,0.2797949,0
3,1,0.19761007,0
3,1,0.27724308,0
3,1,0.14369719,0
3,1,0.6362907,1
3,1,0.094664425,0
3,1,0.20763901,0
3,1,0.28569087,0
3,1,0.10297825,0
3,1,0.59887,1
3,1,0.8999678,1
3,1,0.7618192,1
3,1,0.8058261,1
3,1,0.72311,1
3,1,0.7682289,1
3,1,0.66847765,1
3,1,0.6687409,1
3,1,0.59856164,1
3,1,0.6267438,1
3,1,0.80867064,1
3,1,0.8235953,1
3,1,0.8335629,1
3,1,0.7809955,1
3,1,0.78927296,1
3,1,0.8343866,1
3,1,0.8588253,1
3,1,0.72665894,1
3,1,0.85433364,1
3,1,0.6274669,1
3,1,0.41090974,0
3,1,0.41548324,0
3,1,0.458581,0
3,1,0.6281507,1
3,1,0.45708987,0
3,1,0.4950611,0
3,1,0.5218585,1
3,1,0.50340474,1
3,1,0.623453,1
3,1,0.45078424,0
3,1,0.5980598,1
3,1,0.663641,1
3,1,0.65142226,1
3,1,0.5457506,1
3,1,0.6840593,1
3,1,0.48092708,0
3,1,0.33610633,0
3,1,0.51481766,1
3,1,0.86618924,1
3,1,0.6848883,1
3,1,0.7184059,1
3,1,0.60066336,1
3,1,0.6851736,1
3,1,0.5610739,1
3,1,0.61483514,1
3,1,0.56714326,1
3,1,0.6607849,1
3,1,0.5932825,1
3,1,0.51508147,1
3,1,0.7729717,1
3,1,0.5953302,1
3,1,0.8137595,1
3,1,0.7593801,1
3,1,0.77435887,1
3,1,0.7825787,1
3,1,0.84797823,1
3,1,0.7811898,1
3,1,0.65908545,1
3,1,0.6940341,1
3,1,0.65411115,1
3,1,0.90566725,1
3,1,0.8802881,1
3,1,0.75316745,1
3,1,0.717167,1
3,1,0.9063263,1
3,1,0.9257479,1
3,1,0.9108319,1
3,1,0.94203806,1
3,1,0.92940736,1
3,1,0.9315198,1
3,1,0.9593898,1
3,1,0.8653004,1
3,1,0.8798707,1
3,1,0.91610456,1
3,1,0.8578259,1
3,1,0.8949896,1
3,1,0.83887374,1
3,1,0.92334145,1
3,1,0.94973385,1
3,1,0.9429075,1
3,1,0.84823287,1
3,1,0.9056082,1
3,1,0.92382944,1
3,1,0.88425684,1
3,1,0.8679257,1
3,1,0.7669768,1
3,1,0.8390752,1
3,1,0.7175722,1
3,1,0.7595754,1
3,1,0.83914256,1
3,1,0.8643863,1
3,1,0.8185606,1
3,1,0.8535577,1
3,1,0.8364103,1
3,1,0.71580225,1
3,1,0.7262678,1
3,1,0.44223598,0
3,1,0.68719804,1
3,1,0.7021017,1
3,1,0.6255302,1
3,1,0.7249461,1
3,1,0.76847255,1
3,1,0.7208622,1
3,1,0.53722477,1
3,1,0.73053735,1
3,1,0.7350388,1
3,1,0.6830072,1
3,1,0.84113187,1
3,1,0.5171411,1
3,1,0.5178343,1
3,1,0.38762006,0
3,1,0.28426856,0
3,1,0.41613698,0
3,1,0.9450989,1
3,1,0.8351884,1
3,1,0.83118117,1
3,1,0.9304885,1
3,1,0.8833514,1
3,1,0.9299916,1
3,0,0.63605464,1
3,0,0.70032394,1
3,0,0.8017971,1
3,0,0.7536786,1
3,0,0.8744464,1
3,0,0.85651374,1
3,0,0.82627034,1
3,0,0.7627188,1
3,0,0.8508125,1
3,0,0.69627804,1
3,0,0.6023763,1
3,0,0.6008283,1
3,0,0.5112962,1
3,0,0.62538743,1
3,1,0.27972686,0
3,1,0.5119842,1
3,1,0.3946042,0
3,1,0.37667635,0
3,1,0.519412,1
3,1,0.45776573,0
3,1,0.5536332,1
3,1,0.46874428,0
3,1,0.62160933,1
3,1,0.63475543,1
3,1,0.48841774,0
3,1,0.5122743,1
3,1,0.3978733,0
3,1,0.43085614,0
3,1,0.6721025,1
3,1,0.16831708,0
3,1,0.1260589,0
3,1,0.14046718,0
3,1,0.07548041,0
3,1,0.18820998,0
3,1,0.15333301,0
3,1,0.27808988,0
3,1,0.27666026,0
3,1,0.23435295,0
3,1,0.33796594,0
3,1,0.29985806,0
3,1,0.2591977,0
3,1,0.3935852,0
3,1,0.26342437,0
3,1,0.392647,0
3,1,0.3906798,0
3,1,0.47048914,0
3,1,0.36238247,0
3,1,0.43335605,0
3,1,0.4532327,0
3,1,0.56145847,1
3,1,0.5822703,1
3,1,0.585983,1
3,0,0.11987336,0
3,0,0.3454566,0
3,0,0.22760151,0
3,0,0.21339354,0
3,0,0.24038287,0
3,0,0.38476005,0
3,0,0.44258782,0
3,0,0.46612227,0
3,0,0.4942601,0
3,0,0.3378173,0
3,0,0.51870483,1
3,0,0.32579842,0
3,0,0.24037954,0
3,0,0.21395227,0
3,1,0.4984761,0
3,1,0.64852744,1
3,1,0.43174258,0
3,1,0.39829454,0
3,1,0.81319475,1
3,1,0.22218065,0
3,1,0.5080367,1
3,1,0.69745135,1
3,1,0.24381079,0
3,1,0.4210152,0
3,1,0.81995636,1
3,1,0.1228984,0
3,1,0.636396,1
3,1,0.65697265,1
3,1,0.6930648,1
3,1,0.76851827,1
3,1,0.68758833,1
3,1,0.8838943,1
3,1,0.8069346,1
3,1,0.87690616,1
3,1,0.87481165,1
3,1,0.8399355,1
3,1,0.78876567,1
3,1,0.8039501,1
3,1,0.8144887,1
3,1,0.8634808,1
3,1,0.7942216,1
3,1,0.8530117,1
3,1,0.8847468,1
3,1,0.84681123,1
3,1,0.79253924,1
3,1,0.8306451,1
3,1,0.8465302,1
3,1,0.77857006,1
3,1,0.73359174,1
3,1,0.37442204,0
3,1,0.62329125,1
3,1,0.46103057,0
3,1,0.46218848,0
3,1,0.648564,1
3,1,0.6923376,1
3,1,0.7258875,1
3,1,0.9064765,1
3,1,0.7870985,1
3,1,0.8804067,1
3,1,0.87469256,1
3,1,0.6856684,1
3,1,0.7570692,1
3,1,0.76226074,1
3,1,0.5838079,1
3,1,0.6838579,1
3,1,0.80251735,1
3,1,0.20935541,0
3,1,0.17722031,0
3,1,0.34816608,0
3,1,0.37986425,0
3,1,0.3319536,0
3,1,0.6265169,1
3,1,0.22952008,0
3,1,0.104376405,0
3,1,0.57283247,1
3,1,0.6603713,1
3,1,0.5073371,1
3,1,0.5470495,1
3,1,0.65658265,1
3,1,0.617226,1
3,1,0.5443715,1
3,1,0.5292675,1
3,1,0.44675505,0
3,1,0.48274037,0
3,1,0.35510874,0
3,1,0.5845484,1
3,1,0.32165545,0
3,1,0.63596195,1
3,1,0.58839315,1
3,1,0.54873306,1
3,1,0.53716683,1
3,1,0.73357946,1
3,1,0.74578106,1
3,1,0.616663,1
3,1,0.7965378,1
3,1,0.6284784,1
3,1,0.594982,1
3,1,0.6986721,1
3,1,0.5164636,1
3,1,0.640567,1
3,1,0.59676707,1
3,1,0.7751505,1
3,1,0.7203095,1
3,1,0.69346035,1
3,1,0.62200665,1
3,1,0.8130371,1
3,1,0.70707554,1
3,1,0.653703,1
3,1,0.7685827,1
3,1,0.65028536,1
3,1,0.79704344,1
3,1,0.74721515,1
3,1,0.8365877,1
3,1,0.8029339,1
3,1,0.75437963,1
3,1,0.67723197,1
3,1,0.77978987,1
3,1,0.8425838,1
3,1,0.79806924,1
3,1,0.8659332,1
3,1,0.88864315,1
3,1,0.8952065,1
3,1,0.8754425,1
3,1,0.8866568,1
3,1,0.9120532,1
3,1,0.936622,1
3,1,0.9091998,1
3,0,0.13027467,0
3,0,0.19277628,0
3,0,0.71350455,1
3,0,0.5504022,1
3,0,0.76131976,1
3,0,0.84843194,1
3,0,0.6696762,1
3,0,0.5546926,1
3,0,0.41635957,0
3,0,0.6911505,1
3,0,0.6069137,1
3,0,0.3835335,0
3,0,0.19842744,0
3,0,0.4372503,0
3,0,0.36608347,0
3,1,0.624273,1
3,1,0.5117564,1
3,1,0.71540934,1
3,1,0.4843308,0
3,1,0.50598097,1
3,1,0.6859106,1
3,1,0.7533435,1
3,1,0.7668039,1
3,1,0.704644,1
3,0,0.73882616,1
3,0,0.7850081,1
3,0,0.69720936,1
3,0,0.7352064,1
3,0,0.75806236,1
3,1,0.69536465,1
3,1,0.79234016,1
3,1,0.74625504,1
3,1,0.7651945,1
3,1,0.6725557,1
3,1,0.42612767,0
3,1,0.60726655,1
3,1,0.7125471,1
3,1,0.76705563,1
3,1,0.8014454,1
3,1,0.68426394,1
3,1,0.82912564,1
3,1,0.7991884,1
3,0,0.43323192,0
3,0,0.25309336,0
3,0,0.42418885,0
3,0,0.28422034,0
3,0,0.33880818,0
3,0,0.19551907,0
3,0,0.042847805,0
3,0,0.23609826,0
3,0,0.21565455,0
3,0,0.14404987,0
3,0,0.14447077,0
3,0,0.25745916,0
3,0,0.35129595,0
3,0,0.0744874,0
3,0,0.17147067,0
3,0,0.7896736,1
3,0,0.12584098,0
3,0,0.17440833,0
3,0,0.6479671,1
3,0,0.19731389,0
3,0,0.12596893,0
3,0,0.60825783,1
3,0,0.3390308,0
3,0,0.45523956,0
3,0,0.33742094,0
3,0,0.44450936,0
3,0,0.24817684,0
3,0,0.53326476,1
3,0,0.45903444,0
3,0,0.31836087,0
3,0,0.16232131,0
3,0,0.17842108,0
3,0,0.0783534,0
3,0,0.060502037,0
3,0,0.19864038,0
3,0,0.066229396,0
3,0,0.08120812,0
3,0,0.21957305,0
3,0,0.16019201,0
3,0,0.16271268,0
3,0,0.086414725,0
3,0,0.49651662,0
3,0,0.048063826,0
3,0,0.10158188,0
3,0,0.1979084,0
3,0,0.068551935,0
3,0,0.11358948,0
3,0,0.061448403,0
3,0,0.3052315,0
3,0,0.03126652,0
3,0,0.064918354,0
3,0,0.17083175,0
3,0,0.03969934,0
3,0,0.053221487,0
3,0,0.08152519,0
3,0,0.37954703,0
3,0,0.07897433,0
3,0,0.17322585,0
3,0,0.3174428,0
3,0,0.21851915,0
3,0,0.11876581,0
3,0,0.16071501,0
3,0,0.3763984,0
3,0,0.41998643,0
3,0,0.25355828,0
3,0,0.16713525,0
3,0,0.23783778,0
3,0,0.2531689,0
3,0,0.4038551,0
3,0,0.4879874,0
3,0,0.5099719,1
3,0,0.45332453,0
3,0,0.43483743,0
3,0,0.39175054,0
3,0,0.23528871,0
3,0,0.3234393,0
3,0,0.53868765,1
3,0,0.59374803,1
3,0,0.5536755,1
3,0,0.60834295,1
3,0,0.6944333,1
3,0,0.7684536,1
3,0,0.6272861,1
3,0,0.7456154,1
3,0,0.63555557,1
3,0,0.6613566,1
3,0,0.55058545,1
3,0,0.6284469,1
3,0,0.40402132,0
3,0,0.6037867,1
3,0,0.40238488,0
3,0,0.63048244,1
3,0,0.8059279,1
3,0,0.7001041,1
3,0,0.6219047,1
3,0,0.72704434,1
3,0,0.6429953,1
3,0,0.5245531,1
3,0,0.65085274,1
3,0,0.5895162,1
3,0,0.5885268,1
3,0,0.5600695,1
3,0,0.71928275,1
3,0,0.69091046,1
3,0,0.70415145,1
3,0,0.6434978,1
3,0,0.6016527,1
3,0,0.5249415,1
3,0,0.5728006,1
3,0,0.46928027,0
3,0,0.49127892,0
3,0,0.5276768,1
3,0,0.5297288,1
3,0,0.729835,1
3,0,0.54711986,1
3,0,0.4757005,0
3,0,0.583083,1
3,0,0.5159846,1
3,0,0.5399279,1
3,0,0.5130796,1
3,0,0.64415413,1
3,0,0.47748077,0
3,0,0.60346293,1
3,0,0.6744384,1
3,0,0.6724561,1
3,0,0.55670387,1
3,0,0.7043417,1
3,0,0.49592233,0
3,0,0.35778758,0
3,0,0.53118134,1
3,0,0.8663891,1
3,0,0.6821565,1
3,0,0.71336406,1
3,0,0.6326096,1
3,0,0.6964085,1
3,0,0.57351005,1
3,0,0.56915313,1
3,0,0.75690883,1
3,0,0.80379534,1
3,0,0.847312,1
3,0,0.7885,1
3,0,0.7957752,1
3,0,0.8053679,1
3,0,0.84632796,1
3,0,0.79808784,1
3,0,0.8064049,1
3,0,0.7842911,1
3,0,0.76036566,1
3,0,0.7618121,1
3,0,0.7365432,1
3,0,0.835609,1
3,0,0.79109854,1
3,0,0.8853757,1
3,0,0.6491572,1
3,0,0.6769225,1
3,0,0.6207714,1
3,0,0.6461385,1
3,0,0.75606745,1
3,0,0.73258656,1
3,0,0.7612762,1
3,0,0.7703008,1
3,0,0.8076218,1
3,0,0.7771094,1
3,0,0.7815889,1
3,0,0.7457023,1
3,0,0.72410697,1
3,0,0.65640146,1
3,0,0.7174534,1
3,0,0.65218073,1
3,0,0.7836907,1
3,0,0.6464517,1
3,0,0.55252934,1
3,0,0.6942141,1
3,0,0.572532,1
3,0,0.5881323,1
3,0,0.5219257,1
3,0,0.6551546,1
3,0,0.46329916,0
3,0,0.38849622,0
3,0,0.5495402,1
3,0,0.56159836,1
3,0,0.6367908,1
3,0,0.5589692,1
3,0,0.6120734,1
3,0,0.4704936,0
3,0,0.76004213,1
3,0,0.5695405,1
3,0,0.8023138,1
3,0,0.74821126,1
3,0,0.7512729,1
3,0,0.7782382,1
3,0,0.8513031,1
3,0,0.7892217,1
3,0,0.59145164,1
3,0,0.701044,1
3,0,0.6109778,1
3,0,0.78911746,1
3,0,0.6764538,1
3,0,0.7373201,1
3,0,0.7825882,1
3,0,0.77776134,1
3,0,0.7078753,1
3,0,0.6167667,1
3,0,0.8168729,1
3,0,0.7084154,1
3,0,0.61773694,1
3,0,0.7758512,1
3,0,0.75390196,1
3,0,0.8161969,1
3,0,0.7724335,1
3,0,0.78782696,1
3,0,0.7806735,1
3,0,0.5959477,1
3,0,0.64754045,1
3,0,0.7464649,1
3,0,0.89716536,1
3,0,0.82089216,1
3,0,0.9051168,1
3,0,0.76228654,1
3,0,0.78472936,1
3,0,0.7000118,1
3,0,0.6561834,1
3,0,0.6458031,1
3,0,0.695729,1
3,0,0.6832773,1
3,0,0.7936326,1
3,0,0.7320824,1
3,0,0.7982723,1
3,0,0.8017891,1
3,0,0.6893516,1
3,0,0.8082371,1
3,0,0.72991085,1
3,0,0.8185076,1
3,0,0.78764653,1
3,0,0.7872525,1
3,0,0.8037459,1
3,0,0.8533461,1
3,1,0.36993945,0
3,1,0.5975008,1
3,1,0.3951156,0
3,1,0.51726,1
3,1,0.38074037,0
3,1,0.3401754,0
3,1,0.4350448,0
3,1,0.3368476,0
3,1,0.26387042,0
3,1,0.5267947,1
3,1,0.4468991,0
3,1,0.42803442,0
3,1,0.6318807,1
3,1,0.4021226,0
3,1,0.6491521,1
3,1,0.69143236,1
3,1,0.60762286,1
3,1,0.58332515,1
3,1,0.72493905,1
3,1,0.68381715,1
3,1,0.6658916,1
3,1,0.7188576,1
3,1,0.72701067,1
3,1,0.607484,1
3,1,0.29555485,0
3,1,0.24310179,0
3,1,0.42001703,0
3,1,0.34299177,0
3,1,0.4040745,0
3,1,0.42533505,0
3,1,0.51192856,1
3,1,0.48430243,0
3,1,0.43281838,0
3,1,0.52839714,1
3,1,0.5955289,1
3,1,0.57142305,1
3,1,0.56181365,1
3,0,0.64051026,1
3,0,0.77569574,1
3,0,0.7840924,1
3,0,0.68202436,1
3,0,0.82971233,1
3,0,0.66011333,1
3,0,0.592571,1
3,0,0.5239834,1
3,0,0.6271012,1
3,0,0.5407305,1
3,0,0.79073846,1
3,0,0.7307185,1
3,0,0.7804551,1
3,0,0.6983035,1
3,0,0.682131,1
3,1,0.82396233,1
3,1,0.9235692,1
3,1,0.7732262,1
3,1,0.82838714,1
3,1,0.8644926,1
3,1,0.8584364,1
3,1,0.7482241,1
3,1,0.5924984,1
3,1,0.857544,1
3,1,0.64855623,1
3,1,0.73406583,1
3,1,0.59812856,1
3,1,0.56830084,1
3,1,0.7617589,1
3,1,0.62900764,1
3,1,0.5771741,1
3,1,0.7161722,1
3,1,0.80755895,1
3,1,0.8409644,1
3,1,0.7531273,1
3,0,0.7031004,1
3,0,0.6603599,1
3,0,0.7083678,1
3,0,0.6663559,1
3,0,0.70345443,1
3,0,0.5653783,1
3,0,0.65274334,1
3,0,0.70100045,1
3,0,0.6689428,1
3,0,0.68608373,1
3,0,0.58136916,1
3,0,0.62905633,1
3,0,0.6151763,1
3,0,0.6664207,1
3,0,0.6774265,1
3,0,0.6135019,1
3,0,0.7403824,1
3,0,0.52728206,1
3,0,0.46586537,0
3,0,0.66577035,1
3,0,0.5936459,1
3,0,0.6695039,1
3,0,0.59324044,1
3,0,0.6798879,1
3,0,0.4839536,0
3,0,0.4240922,0
3,0,0.5720665,1
3,0,0.4926906,0
3,0,0.58287483,1
3,0,0.60260105,1
3,0,0.75008506,1
3,0,0.47832018,0
3,0,0.1779314,0
3,0,0.201533,0
3,0,0.16433138,0
3,0,0.14140126,0
3,0,0.35472053,0
3,0,0.59717256,1
3,0,0.3446141,0
3,0,0.30593994,0
3,0,0.33635023,0
3,0,0.26086167,0
3,0,0.36443743,0
3,0,0.39800122,0
3,0,0.21177047,0
3,0,0.21824515,0
3,0,0.25250763,0
3,0,0.47107404,0
3,0,0.27982804,0
3,0,0.27362162,0
3,0,0.3867504,0
3,0,0.41300708,0
3,0,0.3476211,0
3,0,0.5841396,1
3,0,0.70078534,1
3,0,0.71477866,1
3,0,0.55197936,1
3,0,0.69380045,1
3,0,0.60602176,1
3,0,0.47274736,0
3,0,0.7159978,1
3,0,0.48308098,0
3,0,0.5764193,1
3,0,0.6397155,1
3,0,0.5691851,1
3,0,0.62320143,1
3,0,0.5759759,1
3,0,0.5444982,1
3,0,0.43706253,0
3,0,0.4963161,0
3,0,0.48276752,0
3,0,0.5303208,1
3,0,0.6597113,1
3,0,0.74234194,1
3,0,0.7686589,1
3,0,0.6119165,1
3,0,0.7404446,1
3,0,0.75241685,1
3,0,0.7540945,1
3,0,0.72376597,1
3,0,0.625614,1
3,0,0.46394777,0
3,0,0.091262914,0
3,0,0.34271154,0
3,0,0.31730503,0
3,0,0.29420352,0
3,0,0.04263134,0
3,0,0.018359378,0
3,0,0.076454215,0
3,0,0.16478513,0
3,0,0.17061906,0
3,0,0.044827,0
3,0,0.014124798,0
3,0,0.04435155,0
3,0,0.059463385,0
3,0,0.039644133,0
3,0,0.029308025,0
3,0,0.09438744,0
3,0,0.12122546,0
3,0,0.052474353,0
3,0,0.047336765,0
3,0,0.122789286,0
3,0,0.15942101,0
3,0,0.15744944,0
3,0,0.053078108,0
3,0,0.17754972,0
3,0,0.27223805,0
3,0,0.55663615,1
3,0,0.21688226,0
3,0,0.507493,1
3,0,0.29918623,0
3,0,0.3110665,0
3,0,0.6990701,1
3,0,0.23942915,0
3,0,0.5947109,1
3,0,0.70771545,1
3,0,0.51641124,1
3,0,0.5541755,1
3,0,0.7410039,1
3,0,0.67771006,1
3,0,0.48073232,0
3,0,0.44422358,0
3,0,0.5695186,1
3,0,0.32013237,0
3,0,0.6475672,1
3,0,0.5641837,1
3,0,0.24819791,0
3,0,0.59404725,1
3,0,0.81661016,1
3,0,0.36106312,0
3,0,0.27641818,0
3,0,0.6285606,1
3,0,0.5694594,1
3,0,0.287308,0
3,0,0.49023288,0
3,0,0.55696756,1
3,0,0.35592684,0
3,0,0.5998996,1
3,0,0.62039757,1
3,0,0.46511164,0
3,0,0.28528658,0
3,0,0.47512484,0
3,0,0.38309148,0
3,0,0.365794,0
3,0,0.5862808,1
3,0,0.40546867,0
3,0,0.48276109,0
3,0,0.4760948,0
3,0,0.3422908,0
3,0,0.5152279,1
3,0,0.5862304,1
3,0,0.69517624,1
3,0,0.5417304,1
3,0,0.44970092,0
3,0,0.738383,1
3,0,0.69560313,1
3,0,0.43866077,0
3,0,0.58205044,1
3,0,0.74945253,1
3,0,0.480695,0
3,0,0.5031303,1
3,0,0.6186206,1
3,0,0.5443942,1
3,0,0.5225763,1
3,0,0.47469676,0
3,0,0.46847194,0
3,0,0.5841152,1
3,0,0.6056787,1
3,0,0.7703576,1
3,0,0.7958704,1
3,0,0.5899786,1
3,0,0.67211586,1
3,0,0.66941744,1
3,0,0.60996234,1
3,0,0.54232734,1
3,0,0.5865363,1
3,0,0.70111954,1
3,0,0.5854857,1
3,0,0.6825078,1
3,0,0.6542745,1
3,0,0.74905443,1
3,0,0.41415152,0
3,0,0.38005605,0
3,0,0.4538283,0
3,0,0.5629002,1
3,0,0.39782602,0
3,0,0.45064154,0
3,0,0.52054787,1
3,0,0.557308,1
3,0,0.54657215,1
3,0,0.51827973,1
3,0,0.52237946,1
3,0,0.34045684,0
3,0,0.3867469,0
3,1,0.7188948,1
3,1,0.76802695,1
3,1,0.6986068,1
3,1,0.65679973,1
3,1,0.589538,1
3,1,0.5780796,1
3,1,0.51653826,1
3,1,0.38506374,0
3,1,0.6719846,1
3,1,0.47341666,0
3,1,0.59877276,1
3,1,0.43531078,0
3,1,0.64525414,1
3,1,0.79986835,1
3,1,0.69632846,1
3,1,0.5343376,1
3,1,0.6283692,1
3,0,0.74248517,1
3,0,0.7763431,1
3,0,0.7316347,1
3,0,0.8341512,1
3,0,0.62440324,1
3,0,0.72547835,1
3,0,0.7655052,1
3,0,0.5610832,1
3,0,0.6952621,1
3,0,0.63068235,1
3,0,0.4241236,0
3,0,0.47379407,0
3,0,0.6397155,1
3,0,0.5691851,1
3,0,0.62320143,1
3,0,0.5759759,1
3,0,0.5444982,1
3,0,0.43706253,0
3,0,0.4963161,0
3,1,0.09665656,0
3,1,0.03394567,0
3,1,0.051105395,0
3,1,0.06782457,0
3,1,0.027480885,0
3,1,0.031801477,0
3,1,0.023880737,0
3,1,0.06695501,0
3,1,0.046777043,0
3,1,0.05241677,0
3,1,0.09322298,0
3,1,0.09739178,0
3,1,0.07240309,0
3,1,0.07390347,0
3,1,0.15561454,0
3,1,0.06875418,0
3,1,0.06912915,0
3,1,0.09699454,0
3,1,0.15328102,0
3,1,0.12415497,0
3,1,0.13456045,0
3,1,0.060251188,0
3,1,0.13637938,0
3,1,0.10003223,0
3,0,0.24241659,0
3,0,0.24843843,0
3,0,0.15087338,0
3,0,0.31854367,0
3,0,0.5055099,1
3,0,0.21781181,0
3,0,0.52378935,1
3,0,0.4195978,0
3,0,0.44881886,0
3,0,0.4490856,0
3,0,0.50349647,1
3,0,0.4846759,0
3,0,0.76398927,1
3,0,0.59357625,1
3,0,0.37756944,0
3,0,0.37656155,0
3,0,0.19199415,0
3,0,0.24293996,0
3,0,0.14209689,0
3,0,0.05271326,0
3,0,0.09470151,0
3,0,0.07576102,0
3,0,0.13292973,0
3,0,0.10664507,0
3,0,0.07382009,0
3,0,0.05825882,0
3,0,0.045534156,0
3,0,0.03330046,0
3,0,0.020415228,0
3,0,0.026271045,0
3,0,0.01907075,0
3,0,0.0348213,0
3,0,0.031012427,0
3,0,0.04537164,0
3,0,0.12961595,0
3,0,0.145803,0
3,0,0.10741896,0
3,0,0.69200855,1
3,0,0.51736516,1
3,0,0.7749779,1
3,0,0.83354443,1
3,0,0.61993486,1
3,0,0.5242325,1
3,0,0.3901223,0
3,0,0.682245,1
3,0,0.6036762,1
3,0,0.33872342,0
3,0,0.526057,1
3,0,0.21589766,0
3,0,0.24359596,0
3,0,0.3401585,0
3,0,0.2591211,0
3,0,0.32025766,0
3,0,0.37036467,0
3,0,0.5224243,1
3,0,0.33341733,0
3,0,0.4674113,0
3,0,0.56408316,1
3,0,0.6485594,1
3,0,0.74000615,1
3,0,0.8817256,1
3,1,0.6991168,1
3,1,0.8647898,1
3,1,0.8248564,1
3,1,0.613406,1
3,1,0.45522943,0
3,1,0.6397765,1
3,1,0.45812154,0
3,1,0.44289044,0
3,1,0.69155836,1
3,1,0.7048574,1
3,1,0.7332308,1
3,1,0.6323708,1
3,1,0.73507035,1
3,1,0.78580034,1
3,1,0.70929277,1
3,1,0.6883085,1
3,1,0.7143073,1
3,1,0.6171424,1
3,1,0.71253735,1
3,1,0.69630533,1
3,1,0.7367905,1
3,1,0.6895277,1
3,1,0.45115843,0
3,1,0.6178582,1
3,1,0.69764477,1
3,1,0.7386246,1
3,1,0.8171827,1
3,1,0.6553587,1
3,1,0.802212,1
3,1,0.8079641,1
3,1,0.38632107,0
3,1,0.47319034,0
3,1,0.5002178,1
3,1,0.45785078,0
3,1,0.43197158,0
3,1,0.39779612,0
3,1,0.2399528,0
3,1,0.59888756,1
3,1,0.6978189,1
3,1,0.75694233,1
3,1,0.633002,1
3,1,0.7131385,1
3,1,0.59556615,1
3,1,0.6299985,1
3,1,0.506427,1
3,1,0.6103896,1
3,1,0.37210092,0
3,1,0.5838233,1
3,1,0.3850756,0
3,1,0.60163575,1
3,1,0.79137623,1
3,1,0.6732443,1
3,1,0.5911139,1
3,1,0.7137567,1
3,1,0.6211115,1
3,1,0.5051224,1
3,1,0.64636844,1
3,1,0.5849626,1
3,1,0.5749169,1
3,1,0.5417535,1
3,1,0.7110022,1
3,1,0.6835525,1
3,1,0.6862048,1
3,1,0.61828655,1
3,1,0.5882999,1
3,1,0.50940686,1
3,1,0.61597186,1
3,1,0.7757944,1
3,1,0.773217,1
3,1,0.7676797,1
3,1,0.7131275,1
3,1,0.7658719,1
3,1,0.75184417,1
3,1,0.76395196,1
3,1,0.73225385,1
3,1,0.83602303,1
3,1,0.85690576,1
3,1,0.7831757,1
3,1,0.77403665,1
3,1,0.84260416,1
3,1,0.8282958,1
3,1,0.7829924,1
3,1,0.8031925,1
3,1,0.78409725,1
3,1,0.7655301,1
3,1,0.76969784,1
3,1,0.7489486,1
3,1,0.8451457,1
3,1,0.80160224,1
3,1,0.89486265,1
3,1,0.65702516,1
3,1,0.69479406,1
3,1,0.6386649,1
3,1,0.67028534,1
3,1,0.77610487,1
3,1,0.7475029,1
3,1,0.7729717,1
3,1,0.5953302,1
3,1,0.8137595,1
3,1,0.7593801,1
3,1,0.77435887,1
3,1,0.7825787,1
3,1,0.84797823,1
3,1,0.7811898,1
3,1,0.65908545,1
3,1,0.6940341,1
3,1,0.65411115,1
3,0,0.8003787,1
3,0,0.71663,1
3,0,0.7232814,1
3,0,0.8000124,1
3,0,0.7835825,1
3,0,0.7145824,1
3,0,0.6373941,1
3,0,0.8234838,1
3,0,0.74393606,1
3,0,0.5577973,1
3,0,0.769277,1
3,0,0.7609864,1
3,0,0.8346823,1
3,0,0.77110285,1
3,0,0.81401235,1
3,0,0.78992534,1
3,0,0.5991191,1
3,0,0.68509704,1
3,0,0.7604847,1
3,0,0.9081064,1
3,0,0.81935453,1
3,0,0.9074178,1
3,0,0.75662094,1
3,0,0.804178,1
3,0,0.7152932,1
3,0,0.69022405,1
3,0,0.6637923,1
3,0,0.72722644,1
3,0,0.71353644,1
3,0,0.82094675,1
3,0,0.76718825,1
3,0,0.81829304,1
3,0,0.8259275,1
3,0,0.70303535,1
3,1,0.8252408,1
3,1,0.726583,1
3,1,0.82558393,1
3,1,0.7905411,1
3,1,0.79585576,1
3,1,0.807166,1
3,1,0.860167,1
3,1,0.86577916,1
3,1,0.87129545,1
3,1,0.9038145,1
3,1,0.71184397,1
3,1,0.7612548,1
3,1,0.8123988,1
3,1,0.8310564,1
3,1,0.8035878,1
3,1,0.78458387,1
3,1,0.8050286,1
3,1,0.81393075,1
3,1,0.7222481,1
3,1,0.7122883,1
3,1,0.80039316,1
3,1,0.78573346,1
3,0,0.6310641,1
3,0,0.7328446,1
3,0,0.73863214,1
3,0,0.7420317,1
3,0,0.62497175,1
3,0,0.6783446,1
3,0,0.56450593,1
3,0,0.52031815,1
3,0,0.658643,1
3,0,0.7515738,1
3,0,0.6064494,1
3,0,0.6678991,1
3,0,0.6579827,1
3,0,0.69922596,1
3,0,0.7060576,1
3,0,0.78050965,1
3,0,0.8402428,1
3,0,0.81627584,1
3,0,0.78541106,1
3,0,0.90657294,1
3,0,0.78743315,1
3,0,0.8240822,1
3,0,0.79383606,1
3,0,0.6824722,1
3,0,0.79848874,1
3,1,0.46281895,0
3,1,0.65939736,1
3,1,0.75413954,1
3,1,0.7781333,1
3,1,0.7183814,1
3,1,0.87507397,1
3,1,0.83948916,1
3,1,0.801733,1
3,1,0.89552104,1
3,1,0.9027546,1
3,1,0.8685939,1
3,1,0.82154363,1
3,1,0.79733557,1
3,1,0.88296795,1
3,1,0.8375859,1
3,1,0.8321051,1
3,1,0.84448504,1
3,1,0.8975932,1
3,1,0.87918645,1
3,1,0.9094655,1
3,1,0.7446146,1
3,1,0.54907256,1
3,1,0.35189533,0
3,1,0.25138697,0
3,1,0.38624945,0
3,1,0.41286007,0
3,1,0.6118068,1
3,1,0.6741932,1
3,1,0.7597306,1
3,1,0.7267278,1
3,1,0.5258706,1
3,1,0.41582742,0
3,1,0.31167942,0
3,1,0.72536355,1
3,1,0.66756207,1
3,1,0.60015273,1
3,1,0.66208166,1
3,1,0.5867084,1
3,1,0.76475096,1
3,1,0.6964504,1
3,1,0.716112,1
3,1,0.74978125,1
3,1,0.7851937,1
3,1,0.6302748,1
3,1,0.66677564,1
3,1,0.52971274,1
3,1,0.59755254,1
3,1,0.5225704,1
3,1,0.56674933,1
3,1,0.61982137,1
3,1,0.7031771,1
3,1,0.62881976,1
3,1,0.82973766,1
3,1,0.7461239,1
3,1,0.8170801,1
3,1,0.8143468,1
3,1,0.786895,1
3,1,0.71090025,1
3,1,0.72443825,1
3,1,0.7792046,1
3,1,0.81319034,1
3,1,0.74617416,1
3,1,0.8231411,1
3,1,0.85096294,1
3,1,0.7852548,1
3,1,0.7001266,1
3,1,0.77512145,1
3,1,0.78443176,1
3,1,0.67908394,1
3,1,0.67976606,1
3,1,0.437037,0
3,1,0.35740337,0
3,1,0.423251,0
3,1,0.38410887,0
3,1,0.439628,0
3,1,0.4719382,0
3,1,0.5669369,1
3,1,0.5516272,1
3,1,0.58906335,1
3,1,0.6028627,1
3,1,0.51006776,1
3,1,0.34303427,0
3,1,0.6224552,1
3,1,0.54485106,1
3,1,0.62384844,1
3,1,0.5002354,1
3,1,0.6196677,1
3,1,0.71943027,1
3,1,0.6105549,1
3,1,0.5821836,1
3,1,0.47655755,0
3,1,0.5833176,1
3,1,0.69397324,1
3,1,0.79296994,1
3,1,0.7589213,1
3,1,0.7131121,1
3,1,0.53305435,1
3,1,0.43933228,0
3,1,0.5901406,1
3,1,0.58982193,1
3,1,0.42994657,0
3,1,0.66829675,1
3,1,0.87531376,1
3,1,0.7905101,1
3,1,0.81658727,1
3,1,0.8404116,1
3,1,0.80282104,1
3,1,0.9070289,1
3,1,0.916633,1
3,1,0.84632814,1
3,1,0.82628185,1
3,1,0.8651967,1
3,0,0.09687304,0
3,0,0.076033995,0
3,0,0.090177745,0
3,0,0.047982756,0
3,0,0.10951721,0
3,0,0.16490144,0
3,0,0.4028654,0
3,0,0.63414633,1
3,0,0.18361536,0
3,1,0.6642409,1
3,1,0.65445083,1
3,1,0.7069845,1
3,1,0.75677764,1
3,1,0.84677476,1
3,0,0.06518611,0
3,0,0.087607816,0
3,0,0.34208778,0
3,0,0.07025054,0
3,0,0.17226806,0
3,0,0.31056923,0
3,0,0.19767848,0
3,0,0.13418011,0
3,0,0.13722847,0
3,0,0.30760184,0
3,0,0.39824632,0
3,0,0.21437284,0
3,0,0.1551988,0
3,0,0.20426652,0
3,0,0.19058199,0
3,0,0.69470906,1
3,0,0.5741954,1
3,0,0.81985354,1
3,0,0.7192595,1
3,0,0.5194959,1
3,0,0.35402104,0
3,0,0.5716765,1
3,0,0.60511345,1
3,0,0.64593923,1
3,0,0.56744105,1
3,0,0.59386414,1
3,0,0.650821,1
3,0,0.48500443,0
3,0,0.7168615,1
3,0,0.7926993,1
3,0,0.5476627,1
3,0,0.5597136,1
3,0,0.7062066,1
3,0,0.7560181,1
3,0,0.78942645,1
3,0,0.75572693,1
3,0,0.7025331,1
3,1,0.73782957,1
3,1,0.6121672,1
3,1,0.48065853,0
3,1,0.49473813,0
3,1,0.6639259,1
3,1,0.79692847,1
3,1,0.7139322,1
3,1,0.6556946,1
3,1,0.6652431,1
3,1,0.7442542,1
3,1,0.7789403,1
3,1,0.52389777,1
3,1,0.7246734,1
3,1,0.66748124,1
3,1,0.6937996,1
3,1,0.61498994,1
3,1,0.5212755,1
3,1,0.63644844,1
3,1,0.73453915,1
3,1,0.7327545,1
3,1,0.70575833,1
3,1,0.72470874,1
3,1,0.74042773,1
3,1,0.69028616,1
3,1,0.70802426,1
3,1,0.7389719,1
3,1,0.6567671,1
3,1,0.7054483,1
3,1,0.66246426,1
3,1,0.71927327,1
3,1,0.668194,1
3,1,0.70747066,1
3,1,0.57881385,1
3,1,0.64718103,1
3,1,0.71620286,1
3,1,0.71320784,1
3,1,0.6974957,1
3,1,0.5698193,1
3,1,0.5767682,1
3,1,0.5212879,1
3,1,0.64814997,1
3,1,0.46620932,0
3,1,0.3904036,0
3,1,0.5532002,1
3,1,0.56968695,1
3,1,0.65595555,1
3,1,0.5568447,1
3,1,0.62334996,1
3,1,0.46739703,0
3,1,0.7582082,1
3,1,0.55930257,1
3,1,0.79639566,1
3,1,0.7474999,1
3,1,0.7449732,1
3,1,0.7646603,1
3,1,0.85031927,1
3,1,0.7859982,1
3,1,0.5873831,1
3,1,0.70057875,1
3,1,0.6140781,1
3,1,0.7917888,1
3,1,0.785131,1
3,1,0.64705706,1
3,1,0.4419875,0
3,1,0.4627871,0
3,1,0.47352836,0
3,1,0.5487057,1
3,1,0.4215253,0
3,1,0.6996705,1
3,1,0.5503687,1
3,1,0.86603385,1
3,1,0.7512902,1
3,1,0.86714184,1
3,1,0.8683425,1
3,1,0.8142439,1
3,1,0.7683244,1
3,1,0.81762207,1
3,1,0.8554986,1
3,1,0.89782894,1
3,1,0.8448952,1
3,1,0.8898369,1
3,1,0.8659695,1
3,1,0.8985951,1
3,1,0.9157126,1
3,1,0.9130048,1
3,1,0.85940534,1
3,1,0.86791897,1
3,1,0.8886945,1
3,1,0.9211349,1
3,1,0.86612797,1
3,1,0.8843198,1
3,1,0.8623481,1
3,1,0.8784699,1
3,1,0.8632833,1
3,1,0.90022594,1
3,1,0.877574,1
3,1,0.13714592,0
3,1,0.075940214,0
3,1,0.12387789,0
3,1,0.11850193,0
3,1,0.12194811,0
3,1,0.071247764,0
3,1,0.06078124,0
3,1,0.04572654,0
3,1,0.057047438,0
3,1,0.091407195,0
3,1,0.049741726,0
3,1,0.092374705,0
3,1,0.04198101,0
3,1,0.057882838,0
3,0,0.2579532,0
3,0,0.4036839,0
3,0,0.48902878,0
3,0,0.6015217,1
3,0,0.5315196,1
3,0,0.6439262,1
3,0,0.6885497,1
3,0,0.6291404,1
3,0,0.46511683,0
3,1,0.57211924,1
3,1,0.5933819,1
3,1,0.5168828,1
3,1,0.7091521,1
3,1,0.659771,1
3,1,0.6679652,1
3,1,0.5443146,1
3,1,0.41959083,0
3,1,0.44678506,0
3,0,0.32547504,0
3,0,0.35940462,0
3,0,0.4166438,0
3,0,0.50281966,1
3,0,0.43278247,0
3,0,0.61220413,1
3,0,0.67116946,1
3,0,0.627229,1
3,0,0.51064724,1
3,0,0.6811676,1
3,0,0.6577388,1
3,0,0.76886517,1
3,0,0.67940533,1
3,0,0.4500445,0
3,0,0.39286453,0
3,0,0.36970633,0
3,0,0.5404163,1
3,0,0.56908804,1
3,0,0.46767727,0
3,0,0.54649556,1
3,0,0.6363214,1
3,0,0.30322665,0
3,0,0.43472221,0
3,0,0.25928435,0
3,0,0.44330287,0
3,0,0.3869369,0
3,0,0.24922238,0
3,0,0.30689272,0
3,0,0.5585687,1
3,0,0.3584515,0
3,0,0.322643,0
3,0,0.33525988,0
3,0,0.5125035,1
3,0,0.3655272,0
3,0,0.33334947,0
3,0,0.47392607,0
3,0,0.4154129,0
3,0,0.43374425,0
3,0,0.3411175,0
3,0,0.5037716,1
3,0,0.36056674,0
3,0,0.34960863,0
3,0,0.3400578,0
3,0,0.35178939,0
3,0,0.39060608,0
3,0,0.35536724,0
3,0,0.36703026,0
3,0,0.43615213,0
3,0,0.42650622,0
3,0,0.52591246,1
3,0,0.7194371,1
3,0,0.58794576,1
3,0,0.56574136,1
3,0,0.4256545,0
3,0,0.63015914,1
3,0,0.5068929,1
3,0,0.6605449,1
3,0,0.42314067,0
3,0,0.4421777,0
3,0,0.6942711,1
3,1,0.36080196,0
3,1,0.49930292,0
3,1,0.4873456,0
3,1,0.44874534,0
3,1,0.4540859,0
3,1,0.4832657,0
3,1,0.58170503,1
3,1,0.48444787,0
3,1,0.57293427,1
3,0,0.3935449,0
3,0,0.35333398,0
3,0,0.37224883,0
3,0,0.3834012,0
3,0,0.48015478,0
3,0,0.5353118,1
3,0,0.41828912,0
3,0,0.42099825,0
3,0,0.4110838,0
3,1,0.3485991,0
3,1,0.44137162,0
3,1,0.45305806,0
3,1,0.479807,0
3,1,0.35141283,0
3,1,0.40698037,0
3,1,0.44478154,0
3,1,0.32518008,0
3,1,0.2628268,0
3,0,0.30634558,0
3,0,0.2247485,0
3,0,0.25138456,0
3,0,0.5462532,1
3,0,0.5835047,1
3,0,0.57475704,1
3,0,0.67369276,1
3,0,0.5942772,1
3,0,0.6830836,1
3,0,0.49017423,0
3,0,0.42949444,0
3,0,0.570937,1
3,0,0.494388,0
3,0,0.5813544,1
3,0,0.60214096,1
3,0,0.7451729,1
3,0,0.46864673,0
3,0,0.58780795,1
3,0,0.5745435,1
3,0,0.64619213,1
3,0,0.6486029,1
3,0,0.72750056,1
3,0,0.7348845,1
3,0,0.65644515,1
3,0,0.59854174,1
3,0,0.64674854,1
3,0,0.81815124,1
3,0,0.7735354,1
3,0,0.72947794,1
3,0,0.6639651,1
3,0,0.6417863,1
3,0,0.49832472,0
3,0,0.7378886,1
3,0,0.57681984,1
3,0,0.6127679,1
3,0,0.77615637,1
3,0,0.8173633,1
3,0,0.7298224,1
3,0,0.82589,1
3,0,0.85012686,1
3,0,0.86007065,1
3,1,0.84916335,1
3,1,0.72597516,1
3,1,0.84125745,1
3,1,0.812905,1
3,1,0.81234306,1
3,1,0.7836063,1
3,1,0.7581004,1
3,1,0.7620697,1
3,1,0.7245317,1
3,0,0.7522923,1
3,0,0.6531074,1
3,0,0.81948537,1
3,0,0.7775397,1
3,0,0.7735367,1
3,0,0.6900376,1
3,0,0.6292731,1
3,0,0.7353368,1
3,0,0.7919188,1
3,0,0.7296198,1
3,0,0.7125878,1
3,0,0.6438327,1
3,0,0.6006349,1
3,0,0.7680325,1
3,0,0.62270606,1
3,0,0.675265,1
3,0,0.52109945,1
3,0,0.5336666,1
3,0,0.5928522,1
3,0,0.565055,1
3,0,0.5838373,1
3,0,0.57745,1
3,0,0.6234303,1
3,0,0.6097617,1
3,0,0.59111917,1
3,0,0.63745177,1
3,0,0.40706608,0
3,0,0.4040653,0
3,0,0.2809106,0
3,0,0.3041798,0
3,0,0.6252146,1
3,0,0.4042512,0
3,0,0.21253581,0
3,0,0.42111877,0
3,0,0.25533673,0
3,0,0.19883068,0
3,0,0.07408723,0
3,0,0.1643523,0
3,0,0.03945457,0
3,0,0.049618043,0
3,0,0.08655543,0
3,0,0.012272229,0
3,0,0.02523696,0
3,0,0.025742928,0
3,0,0.27489573,0
3,0,0.041922115,0
3,0,0.09502259,0
3,0,0.23513418,0
3,0,0.049711064,0
3,0,0.055162106,0
3,0,0.24110809,0
3,0,0.43648303,0
3,0,0.057628613,0
3,0,0.19744243,0
3,0,0.5663262,1
3,0,0.06606098,0
3,0,0.08527954,0
3,0,0.18023892,0
3,0,0.3197009,0
3,0,0.028078863,0
3,0,0.10187796,0
3,0,0.66089785,1
3,0,0.08347371,0
3,0,0.070451036,0
3,0,0.12243929,0
3,0,0.22533824,0
3,0,0.09962575,0
3,0,0.061545,0
3,0,0.39349464,0
3,0,0.15388769,0
3,0,0.25395948,0
3,0,0.33155856,0
3,0,0.0841099,0
3,0,0.11575803,0
3,0,0.10865925,0
3,0,0.4546219,0
3,0,0.059289645,0
3,0,0.16134764,0
3,0,0.6381191,1
3,0,0.06465519,0
3,0,0.10973693,0
3,0,0.18975684,0
3,0,0.4562646,0
3,0,0.09494538,0
3,0,0.1814109,0
3,0,0.19653167,0
3,0,0.16373402,0
3,0,0.14243542,0
3,0,0.3587977,0
3,0,0.59231776,1
3,0,0.34344208,0
3,0,0.31096965,0
3,0,0.33634654,0
3,0,0.26351196,0
3,0,0.3690084,0
3,0,0.35246882,0
3,0,0.57943374,1
3,0,0.7075894,1
3,0,0.71974665,1
3,0,0.5561186,1
3,0,0.7033316,1
3,0,0.6116621,1
3,0,0.48952442,0
3,0,0.7324299,1
3,0,0.49462858,0
3,0,0.58538175,1
3,0,0.25432703,0
3,0,0.30419117,0
3,0,0.48707965,0
3,0,0.4192487,0
3,0,0.44328868,0
3,0,0.68596774,1
3,0,0.6270261,1
3,0,0.67837715,1
3,0,0.85059726,1
3,0,0.7067269,1
3,0,0.6773355,1
3,0,0.8219859,1
3,0,0.72576046,1
3,0,0.8325238,1
3,0,0.82168937,1
3,0,0.81305915,1
3,0,0.86565536,1
3,0,0.8719838,1
3,0,0.7937305,1
3,0,0.77512544,1
3,0,0.8051458,1
3,0,0.81773055,1
3,0,0.72481424,1
3,0,0.7388114,1
3,1,0.7743326,1
3,1,0.74727327,1
3,1,0.49533743,0
3,1,0.8098454,1
3,1,0.7847967,1
3,1,0.78373265,1
3,1,0.81552035,1
3,1,0.7836216,1
3,1,0.8813234,1
3,1,0.68661976,1
3,1,0.76066184,1
3,1,0.83986855,1
3,1,0.7967222,1
3,1,0.7696192,1
3,1,0.562524,1
3,1,0.5738035,1
3,1,0.7126042,1
3,1,0.6161549,1
3,1,0.6899731,1
3,1,0.6683585,1
3,1,0.5966868,1
3,1,0.44788045,0
3,1,0.51245576,1
3,1,0.52764744,1
3,1,0.5734491,1
3,1,0.7180833,1
3,1,0.7768598,1
3,0,0.03852023,0
3,0,0.029757697,0
3,0,0.0954782,0
3,0,0.12314756,0
3,0,0.05149654,0
3,0,0.048651252,0
3,0,0.123825625,0
3,0,0.15716866,0
3,0,0.16046426,0
3,0,0.056482133,0
3,0,0.17976928,0
3,0,0.08974033,0
3,0,0.13057265,0
3,0,0.56494504,1
3,0,0.23865215,0
3,0,0.22809412,0
3,0,0.2690057,0
3,0,0.5475352,1
3,0,0.21470001,0
3,0,0.50386053,1
3,0,0.29717663,0
3,0,0.3087335,0
3,0,0.69876945,1
3,0,0.23972493,0
3,0,0.58785766,1
3,0,0.70921993,1
3,0,0.5120222,1
3,0,0.24383268,0
3,0,0.5956369,1
3,0,0.8149422,1
3,0,0.35914117,0
3,0,0.26474786,0
3,0,0.6297313,1
3,0,0.5695204,1
3,0,0.28198257,0
3,0,0.48772776,0
3,0,0.55607027,1
3,0,0.3515641,0
3,0,0.5999514,1
3,0,0.6157024,1
3,0,0.4635096,0
3,0,0.28396508,0
3,0,0.47711483,0
3,0,0.38404852,0
3,0,0.3636101,0
3,0,0.5877112,1
3,0,0.40313852,0
3,0,0.48258448,0
3,0,0.47792113,0
3,0,0.34314147,0
3,0,0.5157594,1
3,0,0.5881777,1
3,0,0.69862586,1
3,0,0.54044855,1
3,0,0.44766846,0
3,0,0.7430763,1
3,0,0.6998003,1
3,0,0.43693373,0
3,0,0.58148617,1
3,0,0.7507474,1
3,0,0.47902885,0
3,0,0.5083505,1
3,0,0.6180688,1
3,0,0.54361403,1
3,0,0.523259,1
3,0,0.47490767,0
3,0,0.47218016,0
3,0,0.58849096,1
3,0,0.6102241,1
3,0,0.7723563,1
3,0,0.7977262,1
3,0,0.58802867,1
3,0,0.6755298,1
3,0,0.67439467,1
3,0,0.6091001,1
3,0,0.4933911,0
3,0,0.58939576,1
3,0,0.625016,1
3,0,0.6598351,1
3,0,0.6044292,1
3,0,0.53903025,1
3,0,0.58413506,1
3,0,0.70234364,1
3,0,0.57913035,1
3,0,0.67792535,1
3,0,0.6522436,1
3,0,0.74867535,1
3,0,0.41012,0
3,0,0.38164693,0
3,0,0.4449815,0
3,0,0.81800216,1
3,0,0.84670246,1
3,0,0.8236717,1
3,0,0.8315251,1
3,0,0.714615,1
3,0,0.75270396,1
3,0,0.7311546,1
3,0,0.49071753,0
3,0,0.45854864,0
3,0,0.80187035,1
3,0,0.6784754,1
3,0,0.6782306,1
3,0,0.72092783,1
3,0,0.6700388,1
3,0,0.78067565,1
3,0,0.8218897,1
3,0,0.68264234,1
3,0,0.8628428,1
3,0,0.75194484,1
3,0,0.5987656,1
3,0,0.71243566,1
3,0,0.5524321,1
3,0,0.5096044,1
3,0,0.6948505,1
3,0,0.6934888,1
3,0,0.60589486,1
3,0,0.781696,1
3,0,0.6199648,1
3,0,0.56647474,1
3,0,0.6845662,1
3,0,0.55682474,1
3,0,0.6132263,1
3,0,0.5823137,1
3,0,0.6245314,1
3,0,0.7022084,1
3,0,0.6508978,1
3,0,0.6783271,1
3,0,0.86903274,1
3,0,0.5961992,1
3,0,0.66674495,1
3,0,0.6283912,1
3,0,0.6797853,1
3,0,0.7642505,1
3,0,0.7959541,1
3,0,0.6719271,1
3,0,0.6942415,1
3,0,0.6845485,1
3,0,0.5917693,1
3,0,0.6577883,1
3,0,0.7248769,1
3,0,0.72548074,1
3,0,0.83555645,1
3,0,0.806661,1
3,0,0.7171244,1
3,0,0.8611914,1
3,0,0.8440715,1
3,0,0.82518274,1
3,0,0.83284104,1
3,0,0.77786165,1
3,0,0.8837919,1
3,0,0.65146685,1
3,0,0.67307067,1
3,0,0.7280859,1
3,0,0.4775897,0
3,0,0.69416755,1
3,0,0.47995192,0
3,0,0.6421038,1
3,0,0.57514286,1
3,0,0.5319807,1
3,0,0.6517308,1
3,0,0.5512555,1
3,0,0.5838214,1
3,0,0.6690705,1
3,0,0.7932607,1
3,0,0.7886867,1
3,0,0.7959335,1
3,0,0.63920814,1
3,0,0.5712342,1
3,0,0.6724388,1
3,0,0.7148078,1
3,0,0.71446395,1
3,0,0.6254453,1
3,0,0.5369318,1
3,0,0.61021143,1
3,0,0.6017973,1
3,0,0.6819705,1
3,0,0.7047388,1
3,0,0.73438233,1
3,0,0.6367709,1
3,0,0.6850826,1
3,0,0.63037765,1
3,0,0.65504605,1
3,0,0.72202003,1
3,0,0.5430362,1
3,0,0.6761294,1
3,0,0.5554521,1
3,0,0.65321654,1
3,0,0.3534513,0
3,0,0.47520548,0
3,0,0.49316108,0
3,0,0.52042514,1
3,0,0.47131497,0
3,0,0.50840497,1
3,0,0.6176214,1
3,0,0.51496434,1
3,0,0.5833877,1
3,0,0.43472692,0
3,0,0.3550675,0
3,0,0.38222256,0
3,0,0.33122203,0
3,0,0.41529447,0
3,0,0.44557777,0
3,0,0.3018653,0
3,0,0.3953628,0
3,0,0.36734456,0
3,0,0.53541696,1
3,0,0.3391864,0
3,0,0.32382712,0
3,0,0.3415182,0
3,0,0.51806,1
3,0,0.30439278,0
3,0,0.3575613,0
3,0,0.5212208,1
3,0,0.30867836,0
3,0,0.2478349,0
3,0,0.52568084,1
3,0,0.38623983,0
3,0,0.31299892,0
3,0,0.37205476,0
3,0,0.44448736,0
3,0,0.5477266,1
3,0,0.5312953,1
3,0,0.62624687,1
3,0,0.6566269,1
3,0,0.5908161,1
3,0,0.5488516,1
3,0,0.5563507,1
3,0,0.3000324,0
3,0,0.48566738,0
3,0,0.4785353,0
3,0,0.33266258,0
3,0,0.49883792,0
3,0,0.43345776,0
3,0,0.44489834,0
3,0,0.43798345,0
3,0,0.48072466,0
3,0,0.4526402,0
3,0,0.64884025,1
3,0,0.4281726,0
3,0,0.54636973,1
3,0,0.56812936,1
3,0,0.39742237,0
3,0,0.4762644,0
3,0,0.31929937,0
3,0,0.40313542,0
3,0,0.29255757,0
3,0,0.5237907,1
3,0,0.45493957,0
3,0,0.32191938,0
3,0,0.4666412,0
3,0,0.36643106,0
3,0,0.39319322,0
3,0,0.29982698,0
3,0,0.4962514,0
3,0,0.21459156,0
3,0,0.54682374,1
3,0,0.29495308,0
3,0,0.32949167,0
3,0,0.46162874,0
3,0,0.22674093,0
3,0,0.43327603,0
3,0,0.290006,0
3,0,0.44657716,0
3,0,0.31550637,0
3,0,0.32674682,0
3,0,0.3347721,0
3,0,0.6164482,1
3,0,0.3689194,0
3,0,0.33726755,0
3,0,0.5083603,1
3,0,0.44062158,0
3,0,0.52432543,1
3,0,0.43043125,0
3,0,0.4732615,0
3,0,0.30832013,0
3,0,0.37987745,0
3,0,0.43329433,0
3,0,0.44970852,0
3,0,0.52812886,1
3,0,0.6833262,1
3,0,0.67676455,1
3,0,0.6992131,1
3,0,0.6629885,1
3,0,0.6724176,1
3,0,0.6575919,1
3,0,0.60264415,1
3,0,0.5842915,1
3,0,0.5325201,1
3,0,0.72805697,1
3,0,0.5685878,1
3,0,0.7306624,1
3,0,0.79910576,1
3,0,0.62876296,1
3,0,0.81424457,1
3,0,0.5548183,1
3,0,0.7206869,1
3,0,0.57633895,1
3,0,0.7241417,1
3,0,0.3982672,0
3,0,0.5676502,1
3,0,0.40970963,0
3,0,0.8555812,1
3,0,0.66283375,1
3,0,0.75042176,1
3,0,0.60046035,1
3,0,0.7846017,1
3,0,0.5389014,1
3,0,0.7012959,1
3,0,0.63048565,1
3,1,0.548924,1
3,1,0.56219685,1
3,1,0.6771857,1
3,1,0.6679675,1
3,1,0.66557175,1
3,1,0.5182652,1
3,1,0.7306997,1
3,1,0.6818806,1
3,1,0.72348803,1
3,0,0.64297044,1
3,0,0.73560095,1
3,0,0.8470919,1
3,0,0.6409966,1
3,0,0.6628654,1
3,0,0.45131698,0
3,0,0.5714197,1
3,0,0.7031162,1
3,0,0.7823415,1
3,0,0.596556,1
3,0,0.6519276,1
3,0,0.68227845,1
3,0,0.55519205,1
3,0,0.40560696,0
3,0,0.4955085,0
3,0,0.75588757,1
3,0,0.61026806,1
3,0,0.7041574,1
3,0,0.78847104,1
3,0,0.7969173,1
3,0,0.56094724,1
3,0,0.83555925,1
3,0,0.7122883,1
3,0,0.55152935,1
3,0,0.7269782,1
3,0,0.73919857,1
3,0,0.7999586,1
3,0,0.7029849,1
3,0,0.7204397,1
3,0,0.8573739,1
3,0,0.827115,1
3,0,0.8314792,1
3,0,0.86322135,1
3,0,0.78365475,1
3,0,0.85336614,1
3,0,0.7764059,1
3,0,0.5898587,1
3,0,0.80746883,1
3,0,0.61788446,1
3,0,0.74970317,1
3,0,0.74375093,1
3,0,0.6317696,1
3,0,0.8459798,1
3,0,0.78245276,1
3,0,0.6860365,1
3,0,0.6673749,1
3,0,0.565334,1
3,0,0.7987233,1
3,0,0.6776706,1
3,0,0.64483714,1
3,0,0.74402463,1
3,0,0.644255,1
3,0,0.7765445,1
3,0,0.7236055,1
3,0,0.81318307,1
3,0,0.76229495,1
3,0,0.7414249,1
3,0,0.7942046,1
3,0,0.8070599,1
3,0,0.60064,1
3,0,0.6694009,1
3,0,0.79099125,1
3,0,0.68282706,1
3,0,0.66445094,1
3,0,0.4507933,0
3,0,0.85530174,1
3,0,0.59501,1
3,0,0.7852124,1
3,0,0.8745092,1
3,0,0.7826808,1
3,0,0.9023455,1
3,0,0.77088267,1
3,0,0.8737531,1
3,0,0.78386927,1
3,0,0.88673705,1
3,0,0.7116184,1
3,0,0.79833376,1
3,0,0.8711711,1
3,0,0.8841313,1
3,0,0.7938825,1
3,0,0.7122955,1
3,0,0.6391146,1
3,0,0.7421189,1
3,0,0.8016017,1
3,0,0.7764418,1
3,0,0.80976,1
3,0,0.8490372,1
3,0,0.8785979,1
3,0,0.85570675,1
3,0,0.9213684,1
3,0,0.89809215,1
3,0,0.9190727,1
3,0,0.8823264,1
3,0,0.18973154,0
3,0,0.43056756,0
3,0,0.3360917,0
3,0,0.35138795,0
3,0,0.5039322,1
3,0,0.62908435,1
3,0,0.7181558,1
3,0,0.88097346,1
3,0,0.5812014,1
3,0,0.80290425,1
3,0,0.8272008,1
3,0,0.59359884,1
3,0,0.4834996,0
3,0,0.6130171,1
3,0,0.43968084,0
3,0,0.41415086,0
3,0,0.65142876,1
3,0,0.673461,1
3,0,0.7189552,1
3,0,0.6200562,1
3,0,0.7118514,1
3,0,0.76366305,1
3,0,0.65453863,1
3,0,0.70301193,1
3,0,0.69488,1
3,0,0.726787,1
3,0,0.62068737,1
3,0,0.6895885,1
3,0,0.57423,1
3,0,0.6208586,1
3,0,0.56747603,1
3,0,0.6689922,1
3,0,0.59282273,1
3,0,0.54294217,1
3,0,0.86386573,1
3,0,0.68831223,1
3,0,0.57461995,1
3,0,0.8246533,1
3,0,0.7158137,1
3,0,0.5097988,1
3,0,0.3412308,0
3,0,0.56222785,1
3,0,0.59897745,1
3,0,0.64592284,1
3,0,0.5621612,1
3,0,0.59008664,1
3,0,0.6457627,1
3,0,0.47982588,0
3,0,0.7117294,1
3,0,0.7814139,1
3,0,0.52486145,1
3,0,0.5451575,1
3,0,0.6996503,1
3,0,0.7512475,1
3,0,0.7810837,1
3,0,0.75448006,1
3,0,0.69696385,1
3,0,0.73255074,1
3,0,0.60149497,1
3,0,0.46268144,0
3,0,0.48715323,0
3,0,0.66239107,1
3,0,0.7953182,1
3,0,0.70483994,1
3,0,0.6535902,1
3,0,0.66293526,1
3,0,0.73851955,1
3,0,0.7773772,1
3,0,0.51904213,1
3,0,0.7257052,1
3,0,0.66555095,1
3,0,0.6912012,1
3,0,0.47930774,0
3,0,0.5204237,1
3,0,0.5756369,1
3,0,0.60833573,1
3,0,0.61713475,1
3,0,0.52027303,1
3,0,0.63967705,1
3,0,0.73407084,1
3,0,0.7344946,1
3,0,0.7053618,1
3,0,0.72678024,1
3,0,0.7397677,1
3,0,0.69128704,1
3,0,0.7062423,1
3,0,0.7407078,1
3,0,0.65960157,1
3,0,0.7067145,1
3,0,0.66348845,1
3,0,0.7200967,1
3,0,0.6703071,1
3,0,0.70934314,1
3,0,0.5807926,1
3,0,0.64876884,1
3,0,0.71773285,1
3,0,0.7048599,1
3,0,0.6935889,1
3,0,0.66634625,1
3,0,0.63474697,1
3,0,0.63045377,1
3,0,0.6019151,1
3,0,0.7192963,1
3,0,0.68369484,1
3,0,0.65586156,1
3,0,0.6357516,1
3,0,0.78341985,1
3,0,0.5945762,1
3,0,0.6644508,1
3,0,0.70372045,1
3,0,0.68503076,1
3,0,0.6232738,1
3,0,0.7178765,1
3,0,0.68123215,1
3,0,0.70484555,1
3,0,0.75805074,1
3,0,0.5578437,1
3,0,0.665418,1
3,0,0.6702547,1
3,0,0.5957774,1
3,0,0.7589225,1
3,0,0.6319762,1
3,0,0.6789032,1
3,0,0.70301557,1
3,0,0.72954786,1
3,0,0.74125516,1
3,0,0.5796921,1
3,0,0.59564966,1
3,0,0.75947803,1
3,0,0.7602202,1
3,0,0.7589841,1
3,0,0.7093261,1
3,0,0.7679962,1
3,0,0.74691343,1
3,0,0.7410001,1
3,0,0.7499417,1
3,0,0.7980515,1
3,0,0.8360965,1
3,0,0.78606457,1
3,0,0.76206726,1
3,1,0.74353164,1
3,1,0.73968434,1
3,1,0.9105866,1
3,1,0.7418513,1
3,1,0.77367413,1
3,1,0.69433296,1
3,1,0.6682657,1
3,1,0.7135745,1
3,1,0.8116792,1
3,1,0.86608434,1
3,1,0.74287134,1
3,1,0.7947695,1
3,1,0.6245604,1
3,1,0.6811051,1
3,1,0.41753232,0
3,1,0.3948832,0
3,1,0.21419439,0
3,1,0.119510025,0
3,1,0.109838806,0
3,1,0.12273384,0
3,1,0.4817186,0
3,1,0.48619708,0
3,1,0.48367682,0
3,1,0.610052,1
3,1,0.43105334,0
3,1,0.5780203,1
3,1,0.65428525,1
3,1,0.63345486,1
3,1,0.5302519,1
3,1,0.6724193,1
3,1,0.45969495,0
3,1,0.32576993,0
3,1,0.49921948,0
3,1,0.8511802,1
3,1,0.6600647,1
3,1,0.7003403,1
3,1,0.5822474,1
3,1,0.6681967,1
3,1,0.5519245,1
3,1,0.60751647,1
3,1,0.55528504,1
3,1,0.6375126,1
3,1,0.56721956,1
3,1,0.5026908,1
3,1,0.4541282,0
3,1,0.46606803,0
3,1,0.48929933,0
3,1,0.48146465,0
3,1,0.6600793,1
3,1,0.6583267,1
3,1,0.7205787,1
3,1,0.7392109,1
3,1,0.78272897,1
3,1,0.7418732,1
3,1,0.4756607,0
3,1,0.65602607,1
3,1,0.5975296,1
3,1,0.4875842,0
3,1,0.5773467,1
4,0,0.8532938,1
4,0,0.8060745,1
4,0,0.8723328,1
4,0,0.87402636,1
4,0,0.89787054,1
4,0,0.7552388,1
4,0,0.80075496,1
4,0,0.8640836,1
4,0,0.9104362,1
4,0,0.8128232,1
4,0,0.9003191,1
4,0,0.87815905,1
4,0,0.9479137,1
4,0,0.91197443,1
4,0,0.8317226,1
4,0,0.85200155,1
4,0,0.92933935,1
4,0,0.88829213,1
4,0,0.89391685,1
4,0,0.85618895,1
4,0,0.90736115,1
4,0,0.87569004,1
4,0,0.75709623,1
4,0,0.81363815,1
4,0,0.9058238,1
4,0,0.88152987,1
4,0,0.7417731,1
4,0,0.74381375,1
4,0,0.8992952,1
4,0,0.8875927,1
4,0,0.79124594,1
4,0,0.8697413,1
4,0,0.8727197,1
4,0,0.85932237,1
4,0,0.79774034,1
4,0,0.82918847,1
4,0,0.89932734,1
4,0,0.93276113,1
4,0,0.85636884,1
4,0,0.8673097,1
4,0,0.92068976,1
4,0,0.8896383,1
4,0,0.8260136,1
4,0,0.8374421,1
4,0,0.7506913,1
4,0,0.72916305,1
4,0,0.7530561,1
4,0,0.687434,1
4,0,0.8124389,1
4,0,0.77700734,1
4,0,0.79812527,1
4,0,0.78088844,1
4,0,0.72145116,1
4,1,0.74131906,1
4,1,0.79682493,1
4,1,0.7196766,1
4,1,0.736718,1
4,1,0.69588786,1
4,1,0.68975693,1
4,1,0.79220265,1
4,1,0.74380875,1
4,1,0.68620044,1
4,0,0.846427,1
4,0,0.8634984,1
4,0,0.7297345,1
4,0,0.7634294,1
4,0,0.7873512,1
4,0,0.892841,1
4,0,0.8310855,1
4,0,0.791631,1
4,0,0.76692814,1
4,0,0.8581342,1
4,0,0.68459344,1
4,0,0.7733349,1
4,0,0.86920726,1
4,0,0.80512685,1
4,0,0.75553864,1
4,0,0.77756166,1
4,0,0.77378446,1
4,0,0.6027196,1
4,0,0.9161596,1
4,0,0.86293125,1
4,0,0.7545654,1
4,0,0.8095003,1
4,0,0.9227686,1
4,0,0.90764856,1
4,0,0.82074887,1
4,0,0.8172817,1
4,0,0.9588427,1
4,0,0.8565993,1
4,0,0.7927999,1
4,0,0.81671685,1
4,1,0.89026517,1
4,1,0.9053209,1
4,1,0.8857476,1
4,1,0.93523496,1
4,1,0.86450493,1
4,1,0.8761338,1
4,1,0.8520664,1
4,1,0.85604423,1
4,1,0.7775846,1
4,1,0.8640934,1
4,1,0.7988653,1
4,1,0.84504753,1
4,1,0.89333904,1
4,1,0.9087451,1
4,1,0.921485,1
4,1,0.90453744,1
4,1,0.8616449,1
4,1,0.8276963,1
4,1,0.86330557,1
4,1,0.7821873,1
4,1,0.72749734,1
4,1,0.86107355,1
4,1,0.74037063,1
4,1,0.81762564,1
4,1,0.82793754,1
4,1,0.7436359,1
4,1,0.642464,1
4,1,0.7914445,1
4,1,0.7073407,1
4,1,0.6129821,1
4,1,0.77111,1
4,1,0.7277864,1
4,1,0.73456675,1
4,1,0.5248718,1
4,1,0.79656994,1
4,1,0.7386815,1
4,1,0.8404565,1
4,1,0.7575417,1
4,1,0.7256555,1
4,1,0.82326335,1
4,1,0.5942006,1
4,1,0.26392508,0
4,1,0.1964969,0
4,1,0.30710155,0
4,1,0.29733923,0
4,1,0.42936382,0
4,1,0.2268523,0
4,1,0.22023797,0
4,1,0.2321279,0
4,1,0.2239887,0
4,1,0.47444347,0
4,1,0.33403295,0
4,1,0.21759988,0
4,1,0.73309475,1
4,1,0.7779178,1
4,1,0.7528998,1
4,1,0.80665773,1
4,1,0.7140604,1
4,1,0.74887204,1
4,1,0.88750035,1
4,1,0.8459038,1
4,1,0.7746467,1
4,1,0.82539576,1
4,1,0.8837436,1
4,1,0.89774764,1
4,1,0.9134873,1
4,1,0.89660925,1
4,1,0.8360529,1
4,1,0.81617886,1
4,0,0.8452233,1
4,0,0.7456399,1
4,0,0.781241,1
4,0,0.90274364,1
4,0,0.8990318,1
4,0,0.71960646,1
4,0,0.7440199,1
4,0,0.89008397,1
4,0,0.90967363,1
4,0,0.773556,1
4,0,0.8913411,1
4,0,0.8943385,1
4,0,0.80722535,1
4,0,0.9226695,1
4,0,0.91081256,1
4,0,0.7686279,1
4,0,0.81446004,1
4,0,0.91748023,1
4,0,0.8359531,1
4,0,0.7345257,1
4,0,0.8022714,1
4,0,0.9238896,1
4,0,0.9103147,1
4,0,0.7458102,1
4,0,0.76982856,1
4,0,0.75719434,1
4,0,0.7356629,1
4,0,0.78863114,1
4,0,0.891927,1
4,0,0.82542175,1
4,0,0.8596143,1
4,0,0.81986856,1
4,0,0.86553496,1
4,0,0.8709701,1
4,0,0.74517196,1
4,0,0.80604804,1
4,0,0.83230126,1
4,0,0.8345963,1
4,0,0.7600309,1
4,0,0.794032,1
4,0,0.7966427,1
4,0,0.6828067,1
4,1,0.8630691,1
4,1,0.8165765,1
4,1,0.6283473,1
4,1,0.63494897,1
4,1,0.80907893,1
4,1,0.8153359,1
4,1,0.68906593,1
4,1,0.69761556,1
4,1,0.82383615,1
4,1,0.81835526,1
4,1,0.72574717,1
4,1,0.7295129,1
4,1,0.8849657,1
4,1,0.89840764,1
4,1,0.8095903,1
4,1,0.83061296,1
4,1,0.89745176,1
4,1,0.8317465,1
4,0,0.7586443,1
4,0,0.77461886,1
4,0,0.79379183,1
4,0,0.8605384,1
4,0,0.852402,1
4,0,0.71625453,1
4,0,0.80829406,1
4,0,0.6984411,1
4,0,0.6890134,1
4,1,0.7461249,1
4,1,0.59624815,1
4,1,0.7209755,1
4,1,0.6521304,1
4,1,0.7176162,1
4,1,0.57722604,1
4,1,0.7217954,1
4,1,0.6951574,1
4,1,0.54598355,1
4,0,0.69496566,1
4,0,0.593439,1
4,0,0.7101595,1
4,0,0.7956699,1
4,0,0.78520244,1
4,0,0.67676145,1
4,0,0.74805313,1
4,0,0.6529382,1
4,0,0.6100924,1
4,0,0.1422716,0
4,0,0.16627584,0
4,0,0.18871646,0
4,0,0.1494744,0
4,0,0.1434478,0
4,0,0.319471,0
4,0,0.19162726,0
4,0,0.29616654,0
4,0,0.3422259,0
4,0,0.29757345,0
4,0,0.42054704,0
4,0,0.3392953,0
4,0,0.41709003,0
4,0,0.43052092,0
4,0,0.52174425,1
4,0,0.29699853,0
4,0,0.47893164,0
4,0,0.3276777,0
4,0,0.30626306,0
4,0,0.402813,0
4,0,0.31030762,0
4,0,0.2743798,0
4,0,0.24309196,0
4,0,0.2582314,0
4,0,0.26807594,0
4,0,0.5641461,1
4,0,0.46771628,0
4,0,0.37611607,0
4,0,0.31793332,0
4,0,0.45157683,0
4,0,0.6143635,1
4,0,0.42542148,0
4,0,0.36641842,0
4,0,0.56170154,1
4,0,0.6988414,1
4,0,0.6200415,1
4,0,0.41677162,0
4,0,0.79368174,1
4,0,0.56502694,1
4,0,0.8686913,1
4,0,0.8049989,1
4,0,0.7044619,1
4,0,0.52133614,1
4,0,0.6629506,1
4,0,0.5722683,1
4,0,0.68786234,1
4,0,0.7289009,1
4,0,0.57495695,1
4,0,0.4920872,0
4,0,0.35459328,0
4,0,0.5487465,1
4,0,0.4271222,0
4,0,0.48460534,0
4,0,0.34722525,0
4,0,0.38388345,0
4,0,0.52623147,1
4,0,0.48000836,0
4,0,0.31296548,0
4,0,0.4601299,0
4,0,0.3124247,0
4,0,0.42319566,0
4,0,0.6009927,1
4,0,0.53471196,1
4,0,0.2719801,0
4,0,0.60477364,1
4,0,0.5383781,1
4,0,0.58256835,1
4,0,0.7712048,1
4,0,0.73672116,1
4,0,0.6696397,1
4,0,0.713999,1
4,0,0.7128205,1
4,0,0.6694531,1
4,0,0.698012,1
4,0,0.6297891,1
4,0,0.78047603,1
4,0,0.72553474,1
4,0,0.7264336,1
4,0,0.7686115,1
4,0,0.6942388,1
4,0,0.59310544,1
4,0,0.81419027,1
4,0,0.6670537,1
4,0,0.71715254,1
4,0,0.71563625,1
4,0,0.56184405,1
4,0,0.4572367,0
4,0,0.48474866,0
4,0,0.744507,1
4,0,0.69707644,1
4,0,0.66137487,1
4,0,0.6393588,1
4,0,0.5964977,1
4,0,0.55163944,1
4,0,0.6563376,1
4,0,0.8680274,1
4,0,0.6339346,1
4,0,0.6380468,1
4,0,0.6139133,1
4,0,0.6984228,1
4,0,0.5163786,1
4,0,0.74459565,1
4,0,0.8018721,1
4,0,0.57369864,1
4,0,0.6082556,1
4,0,0.5670436,1
4,0,0.7268312,1
4,0,0.55474216,1
4,0,0.7407616,1
4,0,0.71875054,1
4,0,0.61870915,1
4,0,0.77950233,1
4,1,0.6873351,1
4,1,0.5879888,1
4,1,0.7634719,1
4,1,0.70626956,1
4,1,0.7173527,1
4,1,0.5070436,1
4,1,0.7881784,1
4,1,0.7196302,1
4,1,0.8331114,1
4,0,0.7468779,1
4,0,0.70929617,1
4,0,0.8113735,1
4,0,0.58748114,1
4,0,0.607341,1
4,0,0.7183544,1
4,0,0.70730853,1
4,0,0.7019711,1
4,0,0.7023202,1
4,0,0.7086337,1
4,0,0.44261497,0
4,0,0.6705133,1
4,0,0.8452222,1
4,0,0.62167734,1
4,0,0.52026355,1
4,0,0.2805917,0
4,0,0.59757376,1
4,0,0.4885744,0
4,0,0.464377,0
4,0,0.49861613,0
4,0,0.56395924,1
4,0,0.3698194,0
4,0,0.639254,1
4,0,0.56183374,1
4,0,0.66031784,1
4,0,0.48996246,0
4,0,0.69591403,1
4,0,0.6697915,1
4,0,0.8075172,1
4,0,0.80429816,1
4,0,0.80390275,1
4,0,0.7351027,1
4,0,0.88443375,1
4,0,0.73460996,1
4,1,0.3821359,0
4,1,0.28697702,0
4,1,0.35050017,0
4,1,0.26167017,0
4,1,0.33293042,0
4,1,0.26326796,0
4,1,0.39230767,0
4,1,0.46075076,0
4,1,0.20285462,0
4,1,0.26304927,0
4,1,0.47026667,0
4,1,0.25855196,0
4,1,0.26807842,0
4,1,0.25181395,0
4,1,0.2697871,0
4,1,0.11109554,0
4,1,0.3339715,0
4,1,0.12787546,0
4,1,0.89082277,1
4,1,0.8732408,1
4,1,0.8561111,1
4,1,0.864233,1
4,1,0.86480576,1
4,1,0.9160176,1
4,1,0.9028667,1
4,1,0.8650083,1
4,1,0.91523564,1
4,1,0.94353753,1
4,1,0.8885483,1
4,1,0.92362666,1
4,1,0.9149421,1
4,1,0.9263788,1
4,1,0.9057129,1
4,1,0.9264542,1
4,1,0.85896266,1
4,1,0.88192827,1
4,1,0.89996576,1
4,1,0.8585698,1
4,1,0.82345754,1
4,1,0.83820575,1
4,1,0.80481666,1
4,0,0.32953626,0
4,0,0.5049797,1
4,0,0.36931458,0
4,0,0.42869484,0
4,0,0.22782789,0
4,0,0.35137486,0
4,0,0.15589458,0
4,0,0.28764337,0
4,0,0.12986518,0
4,0,0.179936,0
4,0,0.17929278,0
4,0,0.2544646,0
4,0,0.15691973,0
4,0,0.10737487,0
4,0,0.24129757,0
4,0,0.36837342,0
4,0,0.5960768,1
4,0,0.5509019,1
4,0,0.5941302,1
4,0,0.6395115,1
4,0,0.72135437,1
4,0,0.7150142,1
4,0,0.7183346,1
4,0,0.69121355,1
4,0,0.79264516,1
4,0,0.7625202,1
4,0,0.8526818,1
4,0,0.7984606,1
4,0,0.78602254,1
4,0,0.83865565,1
4,0,0.68033355,1
4,0,0.73360634,1
4,0,0.668855,1
4,0,0.8227972,1
4,0,0.7330279,1
4,0,0.7679276,1
4,0,0.80540943,1
4,0,0.6977779,1
4,0,0.711025,1
4,1,0.784649,1
4,1,0.78981173,1
4,1,0.77471626,1
4,1,0.7283289,1
4,1,0.6102958,1
4,1,0.8537761,1
4,1,0.87388724,1
4,1,0.784493,1
4,1,0.8408819,1
4,1,0.81970704,1
4,1,0.80461967,1
4,1,0.81247944,1
4,1,0.81246424,1
4,1,0.7141898,1
4,1,0.7830559,1
4,0,0.8654305,1
4,0,0.8529459,1
4,0,0.6829229,1
4,0,0.8950229,1
4,0,0.7951884,1
4,0,0.81574005,1
4,0,0.6530262,1
4,0,0.8250575,1
4,0,0.8068319,1
4,0,0.70231086,1
4,0,0.8573809,1
4,0,0.7645908,1
4,0,0.73174757,1
4,0,0.5929489,1
4,0,0.7105389,1
4,0,0.64038414,1
4,0,0.7442711,1
4,0,0.76087075,1
4,0,0.69590473,1
4,0,0.7158268,1
4,0,0.83231425,1
4,0,0.6624061,1
4,0,0.77564144,1
4,0,0.7524117,1
4,0,0.7890455,1
4,0,0.7215682,1
4,0,0.59289306,1
4,0,0.6980295,1
4,0,0.7921852,1
4,0,0.74692833,1
4,1,0.76364183,1
4,1,0.7282367,1
4,1,0.8052687,1
4,1,0.7905721,1
4,1,0.8221493,1
4,1,0.6881218,1
4,1,0.8149328,1
4,1,0.83776754,1
4,1,0.731228,1
4,1,0.61701024,1
4,1,0.8443795,1
4,1,0.8741705,1
4,1,0.88295865,1
4,1,0.79269457,1
4,1,0.82976204,1
4,0,0.82918847,1
4,0,0.89932734,1
4,0,0.93276113,1
4,0,0.85636884,1
4,0,0.8673097,1
4,0,0.92068976,1
4,0,0.8896383,1
4,0,0.8260136,1
4,0,0.8374421,1
4,0,0.9016694,1
4,0,0.9411755,1
4,0,0.8660593,1
4,0,0.85792536,1
4,1,0.9224591,1
4,1,0.9047821,1
4,1,0.8308494,1
4,1,0.8611751,1
4,1,0.890194,1
4,1,0.93730605,1
4,1,0.85938936,1
4,1,0.84821236,1
4,1,0.91667855,1
4,0,0.82359844,1
4,0,0.84498745,1
4,0,0.87103575,1
4,0,0.89775234,1
4,0,0.87734133,1
4,0,0.8896025,1
4,0,0.8910086,1
4,0,0.8830575,1
4,0,0.8923471,1
4,0,0.8781345,1
4,0,0.8386191,1
4,0,0.7996843,1
4,0,0.8688965,1
4,0,0.8080699,1
4,0,0.8908921,1
4,0,0.88731945,1
4,0,0.9267683,1
4,0,0.87811446,1
4,0,0.8995639,1
4,1,0.9171196,1
4,1,0.9133265,1
4,1,0.899768,1
4,1,0.83113295,1
4,1,0.8928453,1
4,1,0.8666292,1
4,1,0.9109609,1
4,1,0.84341395,1
4,1,0.85265505,1
4,1,0.85437244,1
4,1,0.87452865,1
4,1,0.8572193,1
4,1,0.86869156,1
4,1,0.8099463,1
4,0,0.87404495,1
4,0,0.83706343,1
4,0,0.87956166,1
4,0,0.90088046,1
4,0,0.71174455,1
4,0,0.8535638,1
4,0,0.86917454,1
4,0,0.8306129,1
4,0,0.84457016,1
4,0,0.8617188,1
4,0,0.7429499,1
4,0,0.8212187,1
4,0,0.8908607,1
4,0,0.8378008,1
4,0,0.77545285,1
4,0,0.8172329,1
4,0,0.8236676,1
4,0,0.6217976,1
4,0,0.8317363,1
4,0,0.8755693,1
4,0,0.74653095,1
4,0,0.7322846,1
4,0,0.8736235,1
4,0,0.8588305,1
4,0,0.8120088,1
4,0,0.750663,1
4,0,0.6857121,1
4,0,0.6550973,1
4,0,0.6691317,1
4,0,0.6927605,1
4,0,0.6312554,1
4,0,0.65389824,1
4,0,0.66140866,1
4,0,0.65622395,1
4,0,0.7051752,1
4,0,0.6750231,1
4,0,0.7306853,1
4,0,0.576667,1
4,0,0.7109844,1
4,0,0.7271587,1
4,0,0.62934834,1
4,0,0.51450497,1
4,0,0.78540814,1
4,0,0.8188661,1
4,0,0.83684206,1
4,0,0.7422983,1
4,1,0.8004129,1
4,1,0.9191468,1
4,1,0.90930057,1
4,1,0.8329356,1
4,1,0.8754931,1
4,1,0.91711384,1
4,1,0.91944045,1
4,1,0.90655214,1
4,1,0.9140704,1
4,1,0.8799658,1
4,1,0.91291064,1
4,1,0.91722494,1
4,1,0.8931365,1
4,0,0.8691884,1
4,0,0.88916427,1
4,0,0.8832534,1
4,0,0.7766146,1
4,0,0.843261,1
4,0,0.8891777,1
4,0,0.8069647,1
4,0,0.8306235,1
4,0,0.77050513,1
4,0,0.8626594,1
4,0,0.8556364,1
4,1,0.86893725,1
4,1,0.7418992,1
4,1,0.79060465,1
4,1,0.84489816,1
4,1,0.8971207,1
4,1,0.80471665,1
4,1,0.8782175,1
4,1,0.8527174,1
4,1,0.93681806,1
4,1,0.8924634,1
4,1,0.76837856,1
4,0,0.7985675,1
4,0,0.90511465,1
4,0,0.84164953,1
4,0,0.83768255,1
4,0,0.79734427,1
4,0,0.8645027,1
4,0,0.8148262,1
4,0,0.6760334,1
4,0,0.69788575,1
4,0,0.8599586,1
4,0,0.81395644,1
4,0,0.6283152,1
4,0,0.6310685,1
4,0,0.8055255,1
4,0,0.81233984,1
4,0,0.6853579,1
4,1,0.69629335,1
4,1,0.81959105,1
4,1,0.8181426,1
4,1,0.72448444,1
4,1,0.72704774,1
4,1,0.8819797,1
4,1,0.898098,1
4,0,0.8249921,1
4,0,0.8943884,1
4,0,0.8299172,1
4,0,0.7492429,1
4,0,0.7745714,1
4,0,0.8829932,1
4,0,0.8936842,1
4,0,0.79316723,1
4,0,0.74551183,1
4,0,0.86026067,1
4,0,0.82967293,1
4,0,0.76480824,1
4,0,0.78648764,1
4,0,0.8286692,1
4,0,0.87475395,1
4,1,0.7006325,1
4,1,0.77688915,1
4,1,0.80157113,1
4,1,0.6774186,1
4,1,0.7734433,1
4,1,0.7494,1
4,1,0.8530506,1
4,1,0.77669054,1
4,1,0.81389713,1
4,0,0.8936171,1
4,0,0.8129123,1
4,0,0.81837505,1
4,0,0.8925876,1
4,0,0.8156707,1
4,0,0.7064951,1
4,0,0.7980424,1
4,0,0.9021482,1
4,0,0.9002559,1
4,0,0.78052694,1
4,0,0.8218674,1
4,0,0.94255906,1
4,1,0.8880306,1
4,1,0.8878274,1
4,1,0.7073358,1
4,1,0.76654845,1
4,1,0.8776228,1
4,1,0.8939787,1
4,1,0.7402397,1
4,1,0.8941464,1
4,1,0.875941,1
4,0,0.9162312,1
4,0,0.7894813,1
4,0,0.85030574,1
4,0,0.8771107,1
4,0,0.8226565,1
4,0,0.8027108,1
4,0,0.83835727,1
4,0,0.7861143,1
4,0,0.7733938,1
4,0,0.8491035,1
4,0,0.8192534,1
4,0,0.7781514,1
4,0,0.68145037,1
4,0,0.8056106,1
4,0,0.72351277,1
4,0,0.7318658,1
4,0,0.86034447,1
4,0,0.82195324,1
4,0,0.761408,1
4,0,0.7886695,1
4,0,0.80457896,1
4,0,0.84703976,1
4,0,0.8550718,1
4,0,0.79569364,1
4,0,0.7187405,1
4,0,0.6818637,1
4,0,0.75127935,1
4,1,0.78944564,1
4,1,0.7529267,1
4,1,0.7905536,1
4,1,0.7790671,1
4,1,0.76197135,1
4,1,0.7016632,1
4,1,0.5442315,1
4,1,0.724318,1
4,1,0.68164647,1
4,0,0.7088135,1
4,0,0.6805506,1
4,0,0.7472563,1
4,0,0.71800435,1
4,0,0.58980834,1
4,0,0.63833266,1
4,0,0.8223557,1
4,0,0.8064994,1
4,0,0.79834306,1
4,0,0.7021384,1
4,0,0.6476919,1
4,0,0.7202906,1
4,0,0.81709456,1
4,0,0.7688911,1
4,0,0.67892647,1
4,0,0.73959684,1
4,0,0.71954256,1
4,0,0.6799176,1
4,0,0.65808666,1
4,0,0.6375691,1
4,0,0.44951594,0
4,0,0.8123391,1
4,0,0.72078955,1
4,0,0.8166059,1
4,0,0.76491934,1
4,0,0.6346025,1
4,0,0.6555365,1
4,0,0.47206187,0
4,0,0.53294456,1
4,0,0.7049423,1
4,0,0.5712543,1
4,0,0.38132852,0
4,0,0.5334236,1
4,0,0.36760843,0
4,0,0.5739292,1
4,0,0.38414168,0
4,0,0.50672567,1
4,0,0.553154,1
4,0,0.44195357,0
4,0,0.3877458,0
4,0,0.4956749,0
4,0,0.44022816,0
4,0,0.42611283,0
4,0,0.54080063,1
4,0,0.5727187,1
4,0,0.42506784,0
4,0,0.5212907,1
4,0,0.5041178,1
4,0,0.7050587,1
4,0,0.71244484,1
4,0,0.7307463,1
4,0,0.7827628,1
4,0,0.71083903,1
4,0,0.7957779,1
4,0,0.80501467,1
4,1,0.8229293,1
4,1,0.81830037,1
4,1,0.6445318,1
4,1,0.8587295,1
4,1,0.86465985,1
4,1,0.57827884,1
4,1,0.44035694,0
4,1,0.749219,1
4,1,0.7364633,1
4,1,0.7120869,1
4,0,0.7968965,1
4,0,0.5961134,1
4,0,0.74610096,1
4,0,0.81989914,1
4,0,0.6129375,1
4,0,0.78850925,1
4,0,0.7418435,1
4,0,0.47214958,0
4,0,0.32250127,0
4,0,0.38117498,0
4,0,0.5165156,1
4,0,0.64800054,1
4,0,0.4692829,0
4,0,0.5453513,1
4,0,0.23960337,0
4,0,0.3806802,0
4,0,0.5346155,1
4,0,0.5985777,1
4,0,0.5242114,1
4,0,0.63180715,1
4,0,0.48923057,0
4,0,0.3942762,0
4,0,0.5558301,1
4,0,0.45103022,0
4,0,0.42937982,0
4,0,0.5803862,1
4,0,0.7306615,1
4,0,0.5578548,1
4,0,0.5494777,1
4,0,0.648772,1
4,1,0.7021349,1
4,1,0.7987191,1
4,1,0.8253159,1
4,1,0.6861161,1
4,1,0.58263737,1
4,1,0.6812505,1
4,1,0.7025223,1
4,1,0.75953674,1
4,1,0.65977013,1
4,0,0.12155328,0
4,0,0.047445763,0
4,0,0.06659346,0
4,0,0.040128,0
4,0,0.0362974,0
4,0,0.012097661,0
4,0,0.02103424,0
4,0,0.005681967,0
4,0,0.051574357,0
4,0,0.16644572,0
4,0,0.08684219,0
4,0,0.0465518,0
4,0,0.163018,0
4,0,0.030349463,0
4,0,0.049205545,0
4,0,0.051492434,0
4,0,0.019284317,0
4,0,0.017684137,0
4,1,0.7548926,1
4,1,0.7123324,1
4,1,0.7487905,1
4,1,0.75917995,1
4,1,0.67112684,1
4,1,0.7693549,1
4,1,0.6640479,1
4,1,0.74759287,1
4,1,0.6126328,1
5,0,0.23882556,0
5,0,0.33833006,0
5,0,0.48930097,0
5,0,0.72919965,1
5,0,0.78940046,1
5,0,0.7057131,1
5,0,0.7050862,1
5,0,0.8114539,1
5,0,0.7794693,1
5,0,0.72645533,1
5,0,0.8255137,1
5,0,0.78727365,1
5,0,0.7821791,1
5,0,0.8305906,1
5,0,0.7943951,1
5,0,0.8457818,1
5,0,0.7814859,1
5,0,0.79666626,1
5,0,0.8658762,1
5,0,0.7927666,1
5,0,0.81016695,1
5,0,0.77728146,1
5,0,0.8502746,1
5,0,0.7726793,1
5,0,0.74305356,1
5,0,0.6244191,1
5,0,0.45294115,0
5,0,0.6513928,1
5,0,0.74876904,1
5,0,0.5573451,1
5,0,0.47150123,0
5,0,0.30700788,0
5,0,0.41365832,0
5,0,0.42458048,0
5,0,0.55159235,1
5,0,0.478094,0
5,0,0.49619943,0
5,0,0.59591925,1
5,0,0.42734933,0
5,0,0.3302913,0
5,0,0.37462926,0
5,0,0.48727387,0
5,0,0.5225397,1
5,0,0.5394931,1
5,0,0.6859563,1
5,0,0.5116599,1
5,0,0.28571796,0
5,0,0.531623,1
5,0,0.33670938,0
5,0,0.39066237,0
5,0,0.24504074,0
5,0,0.42843184,0
5,0,0.47675166,0
5,0,0.20213735,0
5,0,0.23817578,0
5,0,0.2617516,0
5,0,0.40079176,0
5,0,0.2437539,0
5,0,0.18055406,0
5,0,0.1896782,0
5,0,0.2627757,0
5,0,0.3013244,0
5,0,0.28823057,0
5,0,0.46050668,0
5,0,0.26096344,0
5,0,0.46015978,0
5,0,0.39226532,0
5,0,0.3602841,0
5,0,0.38197812,0
5,0,0.4279688,0
5,0,0.32526538,0
5,0,0.4032356,0
5,0,0.40105513,0
5,0,0.6319641,1
5,0,0.35426742,0
5,0,0.22541198,0
5,0,0.29544804,0
5,0,0.30182964,0
5,0,0.17546915,0
5,0,0.16634673,0
5,0,0.098836854,0
5,0,0.07968174,0
5,0,0.13835801,0
5,0,0.16994464,0
5,0,0.29180917,0
5,0,0.24928324,0
5,0,0.38521987,0
5,0,0.3529971,0
5,0,0.5673342,1
5,0,0.47105256,0
5,0,0.5747035,1
5,0,0.5214514,1
5,0,0.71679175,1
5,0,0.61453474,1
5,0,0.6034014,1
5,0,0.5849733,1
5,0,0.6758755,1
5,0,0.3900871,0
5,0,0.66393954,1
5,0,0.7859446,1
5,0,0.75112456,1
5,0,0.6732729,1
5,0,0.69359744,1
5,0,0.88340014,1
5,0,0.612613,1
5,0,0.8263312,1
5,0,0.74841046,1
5,0,0.6572299,1
5,0,0.587844,1
5,0,0.6537843,1
5,0,0.7762401,1
5,0,0.54002553,1
5,0,0.73326623,1
5,0,0.7306463,1
5,0,0.8128907,1
5,0,0.8049063,1
5,0,0.76262164,1
5,0,0.88042283,1
5,0,0.82752764,1
5,0,0.8282344,1
5,0,0.8149157,1
5,0,0.6800889,1
5,0,0.8294526,1
5,0,0.637545,1
5,0,0.66134745,1
5,0,0.6221932,1
5,0,0.7405226,1
5,0,0.7257635,1
5,0,0.6737638,1
5,0,0.6300786,1
5,0,0.7109804,1
5,0,0.7117796,1
5,0,0.62099177,1
5,0,0.45200172,0
5,0,0.6261451,1
5,0,0.79695773,1
5,0,0.6373498,1
5,0,0.55305505,1
5,0,0.4256856,0
5,0,0.52822524,1
5,0,0.48938316,0
5,0,0.45033613,0
5,0,0.7193474,1
5,0,0.6569407,1
5,0,0.6039404,1
5,0,0.7283814,1
5,0,0.62671137,1
5,0,0.62415296,1
5,0,0.6643915,1
5,0,0.5628077,1
5,0,0.49595383,0
5,0,0.5751192,1
5,0,0.6150662,1
5,0,0.57024354,1
5,0,0.5561895,1
5,0,0.6454352,1
5,0,0.59680825,1
5,0,0.49575245,0
5,0,0.5356038,1
5,0,0.45280558,0
5,0,0.58789074,1
5,0,0.3402053,0
5,0,0.56003857,1
5,0,0.18384506,0
5,0,0.19619009,0
5,0,0.3601958,0
5,0,0.34853023,0
5,0,0.1465602,0
5,0,0.1879781,0
5,0,0.3210983,0
5,0,0.28134727,0
5,0,0.3292178,0
5,0,0.14229883,0
5,0,0.21333423,0
5,0,0.24773112,0
5,0,0.2543887,0
5,0,0.31453648,0
5,0,0.15667044,0
5,0,0.25624934,0
5,0,0.21154648,0
5,0,0.15096295,0
5,0,0.21800055,0
5,0,0.27486405,0
5,0,0.20336404,0
5,0,0.23627155,0
5,0,0.49944595,0
5,0,0.44925746,0
5,0,0.32382247,0
5,0,0.4281081,0
5,0,0.66884655,1
5,0,0.45156273,0
5,0,0.60333437,1
5,0,0.7229976,1
5,0,0.6574407,1
5,0,0.45450425,0
5,0,0.649865,1
5,0,0.6210376,1
5,0,0.37376216,0
5,0,0.6612905,1
5,0,0.6710304,1
5,0,0.6458013,1
5,0,0.5339947,1
5,0,0.50921035,1
5,0,0.64731395,1
5,0,0.5268329,1
5,0,0.6200656,1
5,0,0.5607088,1
5,0,0.5408537,1
5,0,0.58493924,1
5,0,0.57948846,1
5,0,0.6280622,1
5,0,0.6979076,1
5,0,0.5160976,1
5,0,0.63436234,1
5,0,0.60269356,1
5,0,0.6281355,1
5,0,0.7216513,1
5,0,0.4617113,0
5,0,0.5604808,1
5,0,0.5153381,1
5,0,0.4284799,0
5,0,0.5047092,1
5,0,0.3337912,0
5,0,0.3507229,0
5,0,0.40568107,0
5,0,0.43681836,0
5,0,0.37246528,0
5,0,0.48944992,0
5,0,0.526061,1
5,0,0.4747323,0
5,0,0.52053463,1
5,0,0.32724148,0
5,0,0.27204558,0
5,0,0.2605954,0
5,0,0.3298541,0
5,0,0.47008166,0
5,0,0.35086098,0
5,0,0.5434144,1
5,0,0.42493644,0
5,0,0.30671194,0
5,0,0.37756345,0
5,0,0.64320207,1
5,0,0.4389918,0
5,0,0.45830798,0
5,0,0.5512748,1
5,0,0.45479155,0
5,0,0.26503572,0
5,0,0.6122157,1
5,0,0.7034063,1
5,0,0.7718783,1
5,0,0.40123683,0
5,0,0.53854585,1
5,0,0.44174933,0
5,0,0.5431724,1
5,0,0.56347066,1
5,0,0.39718416,0
5,0,0.642686,1
5,0,0.30442467,0
5,0,0.66593426,1
5,0,0.4359165,0
5,0,0.3572694,0
5,0,0.5676155,1
5,0,0.40752158,0
5,0,0.37369287,0
5,0,0.42354196,0
5,0,0.42771047,0
5,0,0.36603785,0
5,0,0.22624135,0
5,0,0.55965483,1
5,0,0.46213484,0
5,0,0.42751485,0
5,0,0.41143557,0
5,0,0.55723745,1
5,0,0.5662457,1
5,0,0.6004431,1
5,0,0.353358,0
5,0,0.5479286,1
5,0,0.39012292,0
5,0,0.33411875,0
5,0,0.3427939,0
5,0,0.31890363,0
5,0,0.24687302,0
5,0,0.2271996,0
5,0,0.311275,0
5,0,0.53213173,1
5,0,0.3093965,0
5,0,0.3456698,0
5,0,0.49897128,0
5,0,0.46436056,0
5,0,0.4807111,0
5,0,0.34889624,0
5,0,0.32088968,0
5,0,0.36216614,0
5,0,0.50143784,1
5,0,0.37873548,0
5,0,0.3195977,0
5,0,0.4455232,0
5,0,0.3218618,0
5,0,0.21488719,0
5,0,0.29120588,0
5,0,0.45877928,0
5,0,0.32815155,0
5,0,0.40077087,0
5,0,0.28221643,0
5,0,0.27969542,0
5,0,0.41174126,0
5,0,0.27480376,0
5,0,0.43624905,0
5,0,0.37207225,0
5,0,0.36425757,0
5,0,0.5185583,1
5,0,0.65561295,1
5,0,0.69590896,1
5,0,0.7548123,1
5,0,0.59987086,1
5,0,0.5140493,1
5,0,0.5575242,1
5,0,0.49562958,0
5,0,0.58660567,1
5,0,0.67731553,1
5,0,0.7650311,1
5,0,0.7157006,1
5,0,0.6606677,1
5,0,0.5267529,1
5,0,0.67579126,1
5,0,0.726888,1
5,0,0.5721078,1
5,0,0.4749384,0
5,0,0.7458283,1
5,0,0.49057484,0
5,0,0.43477356,0
5,0,0.3311215,0
5,0,0.4746586,0
5,0,0.18079612,0
5,0,0.45886314,0
5,0,0.23084708,0
5,0,0.33790874,0
5,0,0.21881527,0
5,0,0.34490225,0
5,0,0.25364253,0
5,0,0.29017472,0
5,0,0.35352266,0
5,0,0.27684307,0
5,0,0.2774725,0
5,0,0.50927854,1
5,0,0.32953262,0
5,0,0.3080197,0
5,0,0.42672858,0
5,0,0.31252354,0
5,0,0.37675694,0
5,0,0.48735404,0
5,0,0.5784521,1
5,0,0.4559333,0
5,0,0.49322894,0
5,0,0.5962251,1
5,0,0.6830716,1
5,0,0.7015855,1
5,0,0.5797595,1
5,0,0.66273457,1
5,0,0.5249349,1
5,0,0.38599402,0
5,0,0.523156,1
5,0,0.59732616,1
5,0,0.5852203,1
5,0,0.47127438,0
5,0,0.49741304,0
5,0,0.38576585,0
5,0,0.46129066,0
5,0,0.33560115,0
5,0,0.5875468,1
5,0,0.2414257,0
5,0,0.6223581,1
5,0,0.52020913,1
5,0,0.4433119,0
5,0,0.5216357,1
5,0,0.5910521,1
5,0,0.8105065,1
5,0,0.6457548,1
5,0,0.5100941,1
5,0,0.7576872,1
5,0,0.7344986,1
5,0,0.62822443,1
5,0,0.7199552,1
5,0,0.50821096,1
5,0,0.796483,1
5,0,0.7257332,1
5,0,0.6957495,1
5,0,0.6138016,1
5,0,0.77461,1
5,0,0.667631,1
5,0,0.6652482,1
5,0,0.7024996,1
5,0,0.833461,1
5,0,0.75104773,1
5,0,0.83047163,1
5,0,0.75098604,1
5,0,0.8507703,1
5,0,0.8138292,1
5,0,0.86470413,1
5,0,0.86827844,1
5,0,0.8210067,1
5,0,0.7993376,1
5,0,0.8717013,1
5,0,0.90260416,1
5,0,0.9124484,1
5,0,0.8729177,1
5,0,0.8961947,1
5,0,0.8654328,1
5,0,0.89200133,1
5,0,0.9396838,1
5,0,0.9033311,1
5,0,0.91843534,1
5,0,0.88080233,1
5,0,0.8836907,1
5,0,0.9090163,1
5,0,0.9319495,1
5,0,0.92342734,1
5,0,0.923595,1
5,0,0.9317852,1
5,0,0.9480761,1
5,0,0.9151503,1
5,0,0.952037,1
5,0,0.9560309,1
5,0,0.9535317,1
5,0,0.9567645,1
5,0,0.9091246,1
5,0,0.9433967,1
5,0,0.7972319,1
5,0,0.9187271,1
5,0,0.88768923,1
5,0,0.90254676,1
5,0,0.87105465,1
5,0,0.86746335,1
5,0,0.84526956,1
5,0,0.9097782,1
5,0,0.8673102,1
5,0,0.84126157,1
5,0,0.8464004,1
5,0,0.8423232,1
5,0,0.8883847,1
5,0,0.793083,1
5,0,0.8388688,1
5,0,0.8824982,1
5,0,0.8969973,1
5,0,0.84420854,1
5,0,0.8846809,1
5,0,0.8928599,1
5,0,0.8907643,1
5,0,0.84905195,1
5,0,0.89456064,1
5,0,0.9361366,1
5,0,0.8730552,1
5,0,0.7435366,1
5,0,0.91096497,1
5,0,0.9279854,1
5,0,0.9409364,1
5,0,0.94366235,1
5,0,0.9480212,1
5,0,0.96402895,1
5,0,0.9486139,1
5,0,0.93922263,1
5,1,0.9069854,1
5,1,0.931591,1
5,1,0.9554355,1
5,1,0.95329964,1
5,1,0.94037545,1
5,1,0.9211347,1
5,1,0.95777357,1
5,1,0.91737646,1
5,1,0.93333805,1
5,1,0.9456015,1
5,0,0.96616215,1
5,0,0.95139223,1
5,0,0.9628566,1
5,0,0.96245426,1
5,0,0.9617925,1
5,0,0.97410446,1
5,0,0.9742459,1
5,0,0.98535764,1
5,0,0.9827405,1
5,0,0.96082854,1
5,0,0.9841322,1
5,0,0.9861618,1
5,0,0.9743079,1
5,0,0.93753904,1
5,0,0.9870749,1
5,0,0.98127985,1
5,0,0.9545431,1
5,0,0.93729126,1
5,0,0.9839993,1
5,0,0.9617874,1
5,0,0.90355325,1
5,0,0.8538744,1
5,0,0.8677609,1
5,0,0.7309693,1
5,0,0.80899537,1
5,0,0.8300891,1
5,0,0.7468181,1
5,0,0.8498857,1
5,0,0.832371,1
5,0,0.83334917,1
5,0,0.79007953,1
5,0,0.8669739,1
5,0,0.879148,1
5,0,0.93605983,1
5,0,0.8544736,1
5,0,0.8566822,1
5,0,0.8777356,1
5,0,0.8478339,1
5,0,0.9366418,1
5,0,0.91356325,1
5,0,0.8832797,1
5,0,0.8649009,1
5,0,0.83269566,1
5,0,0.85597724,1
5,0,0.8671566,1
5,0,0.8111354,1
5,0,0.74838054,1
5,0,0.8543215,1
5,0,0.8330027,1
5,0,0.8314074,1
5,0,0.8675167,1
5,0,0.8737185,1
5,0,0.7587237,1
5,1,0.47640592,0
5,1,0.4975509,0
5,1,0.51228493,1
5,1,0.74444276,1
5,1,0.6922619,1
5,1,0.780437,1
5,1,0.69055635,1
5,1,0.756188,1
5,1,0.8907682,1
5,1,0.8468809,1
5,1,0.84967107,1
5,1,0.89747787,1
5,1,0.93225616,1
5,1,0.9032278,1
5,1,0.7878338,1
5,1,0.7675958,1
5,1,0.90592664,1
5,1,0.8643409,1
5,1,0.8618234,1
5,1,0.8867026,1
5,1,0.8316652,1
5,1,0.9105466,1
5,1,0.9277968,1
5,1,0.86594784,1
5,1,0.87224674,1
5,1,0.89983827,1
5,1,0.9273408,1
5,1,0.9061217,1
5,1,0.9211025,1
5,1,0.88111573,1
5,1,0.8696851,1
5,1,0.95912236,1
5,1,0.30611214,0
5,1,0.34734923,0
5,1,0.45585737,0
5,1,0.35069633,0
5,1,0.3682782,0
5,1,0.39093083,0
5,1,0.49863452,0
5,1,0.53765297,1
5,1,0.3240825,0
5,1,0.4915144,0
5,1,0.6191083,1
5,1,0.4946619,0
5,1,0.5091542,1
5,1,0.5499439,1
5,1,0.5491404,1
5,1,0.5491969,1
5,0,0.85708684,1
5,0,0.8850818,1
5,0,0.8894478,1
5,0,0.8915181,1
5,0,0.917206,1
5,0,0.82462037,1
5,0,0.9264781,1
5,0,0.8630046,1
5,0,0.86786824,1
5,0,0.8967186,1
5,0,0.87552005,1
5,0,0.8815421,1
5,0,0.8863994,1
5,0,0.8228775,1
5,0,0.88847256,1
5,0,0.86161083,1
5,1,0.87513953,1
5,1,0.96482444,1
5,1,0.95920366,1
5,1,0.96312803,1
5,1,0.97336304,1
5,1,0.57748723,1
5,1,0.4448292,0
5,1,0.2859626,0
5,1,0.34999338,0
5,1,0.5728089,1
5,1,0.5899322,1
5,1,0.42419943,0
5,1,0.42252606,0
5,1,0.5965486,1
5,1,0.4514198,0
5,1,0.47554356,0
5,1,0.51369435,1
5,1,0.63475734,1
5,1,0.7813245,1
5,1,0.858928,1
5,1,0.8669722,1
5,1,0.87108105,1
5,1,0.88008326,1
5,1,0.8627747,1
5,1,0.8588183,1
5,1,0.7622569,1
5,1,0.6996784,1
5,1,0.5173273,1
5,1,0.4880082,0
5,1,0.54756755,1
5,1,0.40535265,0
5,1,0.6143808,1
5,1,0.10137281,0
5,1,0.66444767,1
5,1,0.33041203,0
5,1,0.3809559,0
5,1,0.8102816,1
5,1,0.6707956,1
5,1,0.7138151,1
5,1,0.7452082,1
5,1,0.67675364,1
5,1,0.79488564,1
5,1,0.84260976,1
5,1,0.91705406,1
5,1,0.8598566,1
5,1,0.8476884,1
5,1,0.89909536,1
5,1,0.87059885,1
5,1,0.9423193,1
5,1,0.97917193,1
5,1,0.93059474,1
5,1,0.96429163,1
5,1,0.93722314,1
5,1,0.9378284,1
5,1,0.95374066,1
5,1,0.9641011,1
5,1,0.18461017,0
5,1,0.14946613,0
5,1,0.25585654,0
5,1,0.3291541,0
5,1,0.2160173,0
5,1,0.087919325,0
5,1,0.26128614,0
5,1,0.1253931,0
5,1,0.1744866,0
5,1,0.15972143,0
5,1,0.3363021,0
5,1,0.27082324,0
5,1,0.6783935,1
5,1,0.6890182,1
5,1,0.7888615,1
5,1,0.5485502,1
5,1,0.63421094,1
5,1,0.6325145,1
5,1,0.58561546,1
5,1,0.7921715,1
5,1,0.59740907,1
5,1,0.6656452,1
5,1,0.6171399,1
5,1,0.5941801,1
5,1,0.5925684,1
5,1,0.5916662,1
5,1,0.6151501,1
5,1,0.47580403,0
5,1,0.51739794,1
5,1,0.59825546,1
5,1,0.6508989,1
5,1,0.5928643,1
5,1,0.75425816,1
5,1,0.7070333,1
5,1,0.8249362,1
5,1,0.5511358,1
5,1,0.6753475,1
5,1,0.7249868,1
5,1,0.70701206,1
5,1,0.7680393,1
5,1,0.709129,1
5,1,0.7566471,1
5,1,0.6894666,1
5,1,0.7074115,1
5,1,0.7024122,1
5,1,0.6923308,1
5,1,0.60235995,1
5,1,0.5897884,1
5,1,0.6769971,1
5,1,0.7683967,1
5,1,0.5755806,1
5,1,0.59111685,1
5,1,0.64817756,1
5,1,0.5643102,1
5,1,0.67823374,1
5,1,0.69460535,1
5,1,0.77509457,1
5,1,0.73186743,1
5,1,0.79744524,1
5,1,0.78232384,1
5,1,0.5817951,1
5,1,0.8408307,1
5,1,0.8405697,1
5,1,0.8483484,1
5,1,0.86454916,1
5,1,0.7502303,1
5,1,0.8223679,1
5,1,0.7800439,1
5,1,0.83657694,1
5,1,0.8396176,1
5,1,0.6820458,1
5,1,0.95252806,1
5,1,0.9664042,1
5,1,0.97318834,1
5,1,0.9724187,1
5,1,0.9841389,1
5,1,0.98199296,1
5,1,0.98093516,1
5,1,0.97990257,1
5,1,0.9751507,1
5,1,0.9694696,1
5,1,0.9828364,1
5,1,0.97902495,1
5,1,0.96428794,1
5,1,0.9714087,1
5,1,0.9716708,1
5,0,0.6787039,1
5,0,0.84652364,1
5,0,0.91959167,1
5,0,0.8666952,1
5,0,0.7953381,1
5,0,0.7853528,1
5,0,0.82805765,1
5,0,0.8959129,1
5,0,0.64188397,1
5,0,0.8233136,1
5,0,0.9029216,1
5,0,0.8405411,1
5,0,0.777544,1
5,0,0.76294076,1
5,0,0.82772183,1
5,0,0.9030456,1
5,1,0.8396252,1
5,1,0.87276536,1
5,1,0.57189536,1
5,1,0.795128,1
5,1,0.83299434,1
5,1,0.7729168,1
5,1,0.74234325,1
5,1,0.77576673,1
5,1,0.84235436,1
5,1,0.8947927,1
5,1,0.8995812,1
5,1,0.90383506,1
5,1,0.89144844,1
5,1,0.7415877,1
5,1,0.88062304,1
5,1,0.9036269,1
5,1,0.9251494,1
5,1,0.8720671,1
5,1,0.9046579,1
5,1,0.8110165,1
5,1,0.85341287,1
5,1,0.82861364,1
5,1,0.8754071,1
5,1,0.8906079,1
5,1,0.84321415,1
5,1,0.9291906,1
5,1,0.9153011,1
5,1,0.84273374,1
5,1,0.9176942,1
5,1,0.9046945,1
5,1,0.8762529,1
5,1,0.8685904,1
5,1,0.8066557,1
5,1,0.7359045,1
5,1,0.8755233,1
5,0,0.27023318,0
5,0,0.4329622,0
5,0,0.44044644,0
5,0,0.31522354,0
5,0,0.37949988,0
5,0,0.26610237,0
5,0,0.2558119,0
5,0,0.37515044,0
5,0,0.23090008,0
5,0,0.20311607,0
5,0,0.33403322,0
5,0,0.21605895,0
5,0,0.15578498,0
5,0,0.22008555,0
5,0,0.31467387,0
5,0,0.5471948,1
5,0,0.18900095,0
5,0,0.14982446,0
5,0,0.23134023,0
5,0,0.25421435,0
5,0,0.21672401,0
5,0,0.19100338,0
5,0,0.26568016,0
5,0,0.34092814,0
5,0,0.4607498,0
5,0,0.4562046,0
5,0,0.34047478,0
5,0,0.65515894,1
5,0,0.443766,0
5,0,0.53264457,1
5,0,0.5374186,1
5,0,0.74329376,1
5,0,0.5754555,1
5,0,0.4254938,0
5,0,0.6411317,1
5,0,0.4277004,0
5,0,0.523055,1
5,0,0.74597234,1
5,0,0.33847454,0
5,0,0.57460755,1
5,0,0.5219892,1
5,0,0.56718624,1
5,0,0.6028725,1
5,0,0.5529616,1
5,0,0.36681235,0
5,0,0.5271151,1
5,0,0.38944715,0
5,0,0.547611,1
5,0,0.7604495,1
5,0,0.47429627,0
5,0,0.45524293,0
5,0,0.3908815,0
5,0,0.66850996,1
5,0,0.4938514,0
5,0,0.56482923,1
5,0,0.5395123,1
5,0,0.7597813,1
5,0,0.6743004,1
5,0,0.54606664,1
5,0,0.72761106,1
5,0,0.82706004,1
5,0,0.66807586,1
5,0,0.84965307,1
5,0,0.86284965,1
5,0,0.6933288,1
5,0,0.6368718,1
5,0,0.65624607,1
5,0,0.7942274,1
5,0,0.63099134,1
5,0,0.20122696,0
5,0,0.41584507,0
5,0,0.5889246,1
5,0,0.5216164,1
5,0,0.32861257,0
5,0,0.6516627,1
5,0,0.48662278,0
5,0,0.55333906,1
5,0,0.49102703,0
5,0,0.4943326,0
5,0,0.266109,0
5,0,0.3610008,0
5,0,0.62845254,1
5,0,0.4488892,0
5,0,0.56313306,1
5,0,0.46064022,0
5,0,0.6267772,1
5,0,0.44514507,0
5,0,0.46194252,0
5,0,0.5739358,1
5,0,0.4975136,0
5,0,0.48833674,0
5,0,0.5546915,1
5,0,0.43378976,0
5,0,0.37401998,0
5,0,0.28683197,0
5,0,0.38477954,0
5,0,0.49381503,0
5,0,0.35674107,0
5,0,0.581038,1
5,0,0.52536803,1
5,0,0.51163775,1
5,0,0.5720581,1
5,0,0.58704424,1
5,0,0.5900929,1
5,0,0.73562074,1
5,0,0.69579595,1
5,0,0.7631985,1
5,0,0.7016575,1
5,0,0.7699134,1
5,0,0.90463805,1
5,0,0.8584597,1
5,0,0.868228,1
5,0,0.91092813,1
5,0,0.9443675,1
5,0,0.92286474,1
5,0,0.8218384,1
5,0,0.8156806,1
5,0,0.9277662,1
5,0,0.8970759,1
5,0,0.8941177,1
5,0,0.17549564,0
5,0,0.17197722,0
5,0,0.5003288,1
5,0,0.2486595,0
5,0,0.20022017,0
5,0,0.2457494,0
5,0,0.5382594,1
5,0,0.19882938,0
5,0,0.35493585,0
5,0,0.40085706,0
5,0,0.29409236,0
5,0,0.12821028,0
5,0,0.52945673,1
5,0,0.7027106,1
5,0,0.37101945,0
5,0,0.50447834,1
5,0,0.3694239,0
5,0,0.24922153,0
5,0,0.41137764,0
5,0,0.36776248,0
5,0,0.10090299,0
5,0,0.09780943,0
5,0,0.14877668,0
5,0,0.16005218,0
5,0,0.06927748,0
5,0,0.3291761,0
5,0,0.28368112,0
5,0,0.4325904,0
5,0,0.2023552,0
5,0,0.22904903,0
5,0,0.3874341,0
5,0,0.20040743,0
5,0,0.31067717,0
5,1,0.9131367,1
5,1,0.8760318,1
5,1,0.90757805,1
5,1,0.9249674,1
5,1,0.9109398,1
5,1,0.911658,1
5,1,0.9106743,1
5,1,0.8825633,1
5,1,0.88522565,1
5,1,0.9202353,1
5,1,0.93716323,1
5,1,0.9206052,1
5,1,0.9615892,1
5,1,0.9746765,1
5,0,0.8968465,1
5,0,0.9285371,1
5,0,0.9255917,1
5,0,0.9069199,1
5,0,0.8276123,1
5,0,0.88608927,1
5,0,0.9515975,1
5,0,0.9669142,1
5,0,0.9525482,1
5,0,0.9686526,1
5,0,0.9736317,1
5,0,0.9672089,1
5,0,0.956605,1
5,0,0.9442967,1
5,0,0.9516488,1
5,0,0.961921,1
5,0,0.96757466,1
5,0,0.9483396,1
5,0,0.93322754,1
5,0,0.9620449,1
5,1,0.94460475,1
5,1,0.9621167,1
5,1,0.9609909,1
5,1,0.9561331,1
5,1,0.97207403,1
5,1,0.9730295,1
5,1,0.98478055,1
5,1,0.98305446,1
5,1,0.9510801,1
5,1,0.9869391,1
5,1,0.983964,1
5,1,0.95435286,1
5,1,0.97006094,1
5,1,0.9873908,1
5,1,0.97334754,1
5,1,0.9367832,1
5,1,0.94588155,1
5,1,0.9798493,1
5,1,0.860473,1
5,1,0.88257855,1
5,1,0.86128604,1
5,1,0.9374756,1
5,1,0.9020575,1
5,1,0.8839235,1
5,1,0.8477756,1
5,1,0.7506728,1
5,1,0.76543576,1
5,1,0.8126704,1
5,1,0.7749225,1
5,1,0.80851024,1
5,1,0.8547431,1
5,1,0.8046228,1
5,1,0.748724,1
5,1,0.89602876,1
5,1,0.91660875,1
5,1,0.8101822,1
5,1,0.87063634,1
5,1,0.89136493,1
5,1,0.8004517,1
5,1,0.8472322,1
5,1,0.80536264,1
5,1,0.8199319,1
5,1,0.6867377,1
5,1,0.7403589,1
5,1,0.78868276,1
5,1,0.7539941,1
5,1,0.8372878,1
5,1,0.8619006,1
5,1,0.9262683,1
5,1,0.8655269,1
5,1,0.89561903,1
5,1,0.90763956,1
5,1,0.8592882,1
5,1,0.9407861,1
5,1,0.98285747,1
5,1,0.92251563,1
5,1,0.69862324,1
5,1,0.75320065,1
5,1,0.9268225,1
5,1,0.7006164,1
5,1,0.8487147,1
5,1,0.8832737,1
5,1,0.8835376,1
5,1,0.7034768,1
5,1,0.70730597,1
5,1,0.9299848,1
5,1,0.8007859,1
5,1,0.82563657,1
5,1,0.8447472,1
5,1,0.8996748,1
5,1,0.880464,1
5,1,0.8928659,1
5,1,0.946456,1
5,1,0.95031863,1
5,1,0.9013461,1
5,1,0.9187863,1
5,1,0.8976586,1
5,1,0.7291136,1
5,1,0.765642,1
5,1,0.9107682,1
5,1,0.78076404,1
5,1,0.7063581,1
5,1,0.81572634,1
5,1,0.9210643,1
5,1,0.75880283,1
5,1,0.8193947,1
5,1,0.9154622,1
5,1,0.91182303,1
5,1,0.8659623,1
5,1,0.6750494,1
5,1,0.85914224,1
5,1,0.8398077,1
5,1,0.9236533,1
5,1,0.87106603,1
5,1,0.9232883,1
5,1,0.9012137,1
5,1,0.911782,1
5,1,0.94287163,1
5,1,0.92405415,1
5,1,0.9520156,1
5,1,0.957603,1
5,1,0.9604409,1
5,1,0.9454327,1
5,1,0.9481657,1
5,1,0.9305491,1
5,1,0.8936839,1
5,1,0.9084616,1
5,1,0.93565243,1
5,1,0.93250996,1
5,1,0.9338821,1
5,1,0.90622747,1
5,1,0.92477816,1
5,1,0.95307374,1
5,1,0.91105986,1
5,1,0.849616,1
5,1,0.83289033,1
5,1,0.840304,1
5,1,0.7481228,1
5,1,0.7858707,1
5,1,0.7249975,1
5,1,0.7293473,1
5,1,0.756705,1
5,1,0.61485136,1
5,1,0.8501392,1
5,1,0.88373977,1
5,1,0.6020849,1
5,1,0.8663046,1
5,1,0.87192297,1
5,1,0.9192342,1
5,1,0.9349076,1
5,1,0.9401615,1
5,1,0.9231837,1
5,1,0.9691917,1
5,1,0.97583485,1
5,1,0.9714181,1
5,1,0.9564162,1
5,1,0.935476,1
5,1,0.9508319,1
5,1,0.9685781,1
5,1,0.9782929,1
5,1,0.97254837,1
5,1,0.97979707,1
5,1,0.9640222,1
5,1,0.97588706,1
5,1,0.95526654,1
5,1,0.8853352,1
5,1,0.8902829,1
5,1,0.84952813,1
5,1,0.89720535,1
5,1,0.8995266,1
5,1,0.9050957,1
5,1,0.894675,1
5,1,0.85687023,1
5,1,0.92249745,1
5,1,0.9652031,1
5,1,0.9594622,1
5,1,0.9436171,1
5,1,0.9092057,1
5,1,0.90621436,1
5,1,0.87699133,1
5,1,0.9011895,1
5,1,0.8987463,1
5,1,0.8549535,1
5,1,0.9247221,1
5,1,0.9126085,1
5,1,0.89030033,1
5,1,0.9086644,1
5,1,0.7187806,1
5,1,0.90669304,1
5,1,0.8625722,1
5,1,0.8649498,1
5,1,0.77950406,1
5,1,0.9365226,1
5,1,0.9194438,1
5,1,0.7261643,1
5,1,0.8833226,1
5,1,0.7967185,1
5,1,0.8024329,1
5,1,0.8295797,1
5,1,0.9623935,1
5,1,0.9153676,1
5,1,0.8653476,1
5,1,0.8157001,1
5,1,0.90649813,1
5,1,0.8575199,1
5,1,0.887003,1
5,1,0.8035408,1
5,1,0.90610385,1
5,1,0.91770357,1
5,1,0.89400226,1
5,1,0.96352303,1
5,1,0.94987637,1
5,1,0.8978644,1
5,1,0.9219283,1
5,1,0.952583,1
5,1,0.9405449,1
5,1,0.9476841,1
5,1,0.9091776,1
5,1,0.9331319,1
5,1,0.9379921,1
5,1,0.9596259,1
5,1,0.94888365,1
5,1,0.95845455,1
5,1,0.98464453,1
5,1,0.94702595,1
5,1,0.9794517,1
5,1,0.9790775,1
5,1,0.9535856,1
5,1,0.88027614,1
5,1,0.86594784,1
5,1,0.87224674,1
5,1,0.89983827,1
5,1,0.9273408,1
5,1,0.9061217,1
5,1,0.9211025,1
5,1,0.88111573,1
5,1,0.8696851,1
5,1,0.95912236,1
5,1,0.87957215,1
5,1,0.850207,1
5,1,0.8793518,1
5,1,0.88126343,1
5,1,0.82479984,1
5,0,0.5789153,1
5,0,0.2582184,0
5,0,0.53483,1
5,0,0.43053758,0
5,0,0.50991875,1
5,0,0.38955972,0
5,0,0.42223367,0
5,0,0.44517657,0
5,0,0.31777972,0
5,0,0.18670008,0
5,0,0.25545454,0
5,0,0.29264846,0
5,0,0.48705983,0
5,0,0.5147891,1
5,0,0.41825065,0
5,0,0.7058772,1
5,0,0.43289483,0
5,0,0.20233198,0
5,0,0.33998352,0
5,0,0.37636662,0
5,0,0.70919037,1
5,0,0.3667187,0
5,0,0.6139093,1
5,0,0.6998356,1
5,0,0.7466537,1
5,0,0.7132895,1
5,0,0.72994906,1
5,0,0.8249537,1
5,0,0.81204504,1
5,0,0.6986831,1
5,0,0.8043073,1
5,0,0.7823305,1
5,0,0.6772734,1
5,0,0.70302993,1
5,0,0.6232404,1
5,0,0.75182426,1
5,0,0.6145427,1
5,0,0.71226054,1
5,0,0.5176573,1
5,0,0.5455606,1
5,0,0.3306184,0
5,0,0.47562078,0
5,0,0.7451107,1
5,0,0.52488875,1
5,0,0.45744208,0
5,0,0.6126061,1
5,0,0.35340744,0
5,1,0.6048187,1
5,1,0.67141455,1
5,1,0.6042107,1
5,1,0.64947075,1
5,1,0.6698852,1
5,1,0.5933564,1
5,1,0.5109404,1
5,1,0.6678657,1
5,1,0.6567108,1
5,1,0.41177127,0
5,1,0.67602974,1
5,1,0.6648467,1
5,1,0.56869006,1
5,1,0.5088709,1
5,1,0.56640536,1
5,1,0.52568865,1
5,1,0.6186212,1
5,1,0.48040062,0
5,1,0.5939035,1
5,1,0.6411542,1
5,1,0.83709687,1
5,1,0.6913994,1
5,1,0.6597774,1
5,1,0.795421,1
5,1,0.78233427,1
5,1,0.65227544,1
5,1,0.706625,1
5,1,0.66643566,1
5,1,0.7249089,1
5,1,0.7044519,1
5,1,0.85459346,1
5,1,0.70752096,1
5,1,0.6933857,1
5,1,0.7290039,1
5,1,0.74392915,1
5,1,0.59158224,1
5,1,0.69076836,1
5,1,0.8769849,1
5,1,0.66328347,1
5,1,0.72858864,1
5,0,0.122812316,0
5,0,0.33434552,0
5,0,0.17166083,0
5,0,0.2983445,0
5,0,0.45228603,0
5,0,0.6663629,1
5,0,0.4448587,0
5,0,0.4894073,0
5,0,0.5318847,1
5,0,0.69814706,1
5,0,0.6411104,1
5,0,0.57794243,1
5,0,0.7729208,1
5,0,0.89275235,1
5,0,0.78400594,1
5,0,0.96452254,1
5,0,0.86516553,1
5,0,0.9079887,1
5,0,0.7831361,1
5,0,0.9500198,1
5,0,0.8498371,1
5,0,0.8422145,1
5,0,0.91164273,1
5,0,0.8148384,1
5,0,0.7987054,1
5,0,0.7461977,1
5,0,0.80519235,1
5,0,0.8051442,1
5,0,0.79096615,1
5,0,0.9256627,1
5,0,0.856015,1
5,0,0.89607614,1
5,0,0.8817793,1
5,0,0.8999488,1
5,0,0.933191,1
5,0,0.9102903,1
5,0,0.8891114,1
5,0,0.9414118,1
5,0,0.8630044,1
5,0,0.86200434,1
5,0,0.75242037,1
5,0,0.9211082,1
5,0,0.8695727,1
5,0,0.60679567,1
5,0,0.7744448,1
5,0,0.71519244,1
5,0,0.76043534,1
5,0,0.94106984,1
5,0,0.811123,1
5,0,0.77640593,1
5,0,0.86980814,1
5,0,0.70686287,1
5,0,0.81507957,1
5,0,0.8475145,1
5,0,0.9137565,1
5,0,0.7204988,1
5,0,0.85654336,1
5,0,0.91188073,1
5,0,0.91009486,1
5,0,0.9345085,1
5,0,0.92288214,1
5,0,0.94480914,1
5,0,0.9550224,1
5,0,0.925048,1
5,0,0.89195144,1
5,0,0.913291,1
5,0,0.92634964,1
5,0,0.91654664,1
5,0,0.87865657,1
5,0,0.91603553,1
5,0,0.9264044,1
5,0,0.90910923,1
5,0,0.8894137,1
5,0,0.84295875,1
5,0,0.8025965,1
5,0,0.8255097,1
5,0,0.83539206,1
5,0,0.7567294,1
5,0,0.7968338,1
5,0,0.80003005,1
5,0,0.8257427,1
5,0,0.90101856,1
5,0,0.82846105,1
5,0,0.7566262,1
5,0,0.7258446,1
5,0,0.87567425,1
5,0,0.8844404,1
5,0,0.90038973,1
5,0,0.86430836,1
5,0,0.880586,1
5,0,0.74434614,1
5,0,0.7425676,1
5,0,0.78708005,1
5,0,0.87419295,1
5,0,0.90969855,1
5,0,0.86274666,1
5,0,0.80333894,1
5,0,0.80616874,1
5,0,0.75852317,1
5,0,0.7420033,1
5,0,0.79981554,1
5,0,0.9215328,1
5,0,0.8819933,1
5,0,0.85127157,1
5,0,0.8936179,1
5,0,0.86309075,1
5,0,0.7459013,1
5,0,0.85778874,1
5,0,0.5721696,1
5,0,0.6945507,1
5,0,0.7027753,1
5,0,0.28861013,0
5,0,0.68448406,1
5,0,0.65797234,1
5,0,0.85206985,1
5,0,0.72791076,1
5,0,0.74719834,1
5,0,0.43197435,0
5,0,0.38466057,0
5,0,0.7097081,1
5,0,0.7258486,1
5,0,0.77901965,1
5,0,0.804029,1
5,0,0.87496966,1
5,0,0.9333751,1
5,0,0.62777686,1
5,0,0.6300765,1
5,0,0.6315411,1
5,0,0.88588053,1
5,0,0.9009092,1
5,0,0.91009235,1
5,0,0.89159775,1
5,0,0.8193782,1
5,0,0.8461129,1
5,0,0.90859896,1
5,0,0.89025795,1
5,0,0.90472263,1
5,0,0.8963731,1
5,0,0.8596881,1
5,0,0.8605027,1
5,0,0.88953114,1
5,0,0.90649766,1
5,0,0.9105313,1
5,0,0.87966937,1
5,0,0.8721471,1
5,0,0.74949735,1
5,0,0.82305735,1
5,0,0.87761396,1
5,0,0.88953364,1
5,0,0.8816262,1
5,0,0.82949483,1
5,0,0.87760806,1
5,0,0.8283805,1
5,0,0.9022103,1
5,0,0.8975261,1
5,0,0.91425663,1
5,0,0.87894446,1
5,0,0.8282251,1
5,0,0.84085196,1
5,0,0.85424805,1
5,0,0.8671415,1
5,0,0.89771116,1
5,0,0.86981356,1
5,0,0.8253152,1
5,0,0.8034475,1
5,0,0.8435023,1
5,0,0.526367,1
5,0,0.8145301,1
5,0,0.6965805,1
5,0,0.8461319,1
5,0,0.6251552,1
5,0,0.75111663,1
5,0,0.8566969,1
5,0,0.8856351,1
5,0,0.7139672,1
5,0,0.722083,1
5,0,0.78939563,1
5,0,0.87335885,1
5,0,0.9222945,1
5,0,0.92878884,1
5,0,0.92762476,1
5,0,0.8750616,1
5,0,0.8364255,1
5,0,0.756054,1
5,0,0.9179973,1
5,0,0.95621455,1
5,0,0.9035442,1
5,0,0.949103,1
5,0,0.91303664,1
5,0,0.938502,1
5,0,0.9537384,1
5,0,0.9594942,1
5,0,0.9396657,1
5,0,0.93433976,1
5,0,0.93367493,1
5,0,0.9353211,1
5,0,0.9134129,1
5,0,0.89681053,1
5,0,0.9146338,1
5,0,0.90321136,1
5,0,0.84313476,1
5,0,0.9115573,1
5,0,0.88756835,1
5,0,0.82386124,1
5,0,0.8782597,1
5,0,0.9210364,1
5,0,0.8501942,1
5,0,0.8897203,1
5,0,0.8639279,1
5,0,0.6944578,1
5,0,0.84344435,1
5,0,0.8518304,1
5,0,0.79017746,1
5,0,0.8079345,1
5,0,0.8094216,1
5,0,0.7752912,1
5,0,0.8140554,1
5,0,0.85837686,1
5,0,0.517148,1
5,0,0.85868025,1
5,0,0.7973461,1
5,0,0.9474755,1
5,0,0.95586795,1
5,0,0.8693177,1
5,0,0.8623465,1
5,0,0.80985504,1
5,0,0.89690673,1
5,0,0.86708885,1
5,0,0.870363,1
5,0,0.8782374,1
5,0,0.64627606,1
5,0,0.71692985,1
5,0,0.7872039,1
5,0,0.9281366,1
5,0,0.78577405,1
5,0,0.70574474,1
5,0,0.838938,1
5,0,0.7112219,1
5,0,0.89296883,1
5,0,0.82764703,1
5,0,0.88775384,1
5,0,0.70110047,1
5,0,0.83095914,1
5,0,0.7305505,1
5,0,0.877636,1
5,0,0.7536989,1
5,0,0.79924005,1
5,0,0.80300623,1
5,0,0.8818181,1
5,0,0.9330448,1
5,0,0.91217506,1
5,0,0.815015,1
5,0,0.83035547,1
5,0,0.65020967,1
5,0,0.48273593,0
5,0,0.8377767,1
5,0,0.7050911,1
5,0,0.88298965,1
5,0,0.71137536,1
5,0,0.9451288,1
5,0,0.9294493,1
5,0,0.66578007,1
5,0,0.88964826,1
5,0,0.7876976,1
5,0,0.8912484,1
5,0,0.7586833,1
5,0,0.7200763,1
5,0,0.86697173,1
5,0,0.8878586,1
5,0,0.9303987,1
5,0,0.88233495,1
5,0,0.91395557,1
5,0,0.89914584,1
5,0,0.85791904,1
5,0,0.9102563,1
5,0,0.8902469,1
5,0,0.74691176,1
5,0,0.65148145,1
5,0,0.69727474,1
5,0,0.76759624,1
5,0,0.90381926,1
5,0,0.846198,1
5,0,0.85888064,1
5,0,0.6610601,1
5,0,0.83887666,1
5,0,0.7495491,1
5,0,0.7675545,1
5,0,0.8722492,1
5,0,0.71606517,1
5,0,0.7451893,1
5,0,0.64496565,1
5,0,0.8813898,1
5,0,0.79858834,1
5,0,0.8569362,1
5,0,0.7652857,1
5,0,0.4322042,0
5,0,0.03284144,0
5,0,0.030504353,0
5,0,0.078551665,0
5,0,0.017394334,0
5,0,0.04474631,0
5,0,0.020795569,0
5,0,0.030411148,0
5,0,0.031536732,0
5,0,0.016169455,0
5,0,0.03379802,0
5,0,0.01658431,0
5,0,0.039713696,0
5,0,0.014582557,0
5,0,0.015557459,0
5,0,0.010599914,0
5,0,0.0051017203,0
5,0,0.002896533,0
5,0,0.004699021,0
5,0,0.008339413,0
5,0,0.0063764574,0
5,0,0.010071871,0
5,0,0.0032584625,0
5,0,0.0031491544,0
5,0,0.004387691,0
5,0,0.0068892334,0
5,0,0.007268064,0
5,0,0.013917428,0
5,0,0.03406853,0
5,0,0.01746652,0
5,0,0.008693959,0
5,0,0.015062559,0
5,0,0.1360813,0
5,0,0.13683562,0
5,0,0.40936756,0
5,0,0.29388896,0
5,0,0.39816958,0
5,0,0.52944773,1
5,0,0.43193796,0
5,0,0.4754717,0
5,0,0.5402336,1
5,0,0.5768999,1
5,0,0.55013233,1
5,0,0.32286248,0
5,0,0.41416746,0
5,0,0.6235801,1
5,0,0.45597446,0
5,0,0.5699943,1
5,0,0.6071548,1
5,0,0.62670654,1
5,0,0.56829685,1
5,0,0.45991272,0
5,0,0.496024,0
5,0,0.38017702,0
5,0,0.41901058,0
5,0,0.56154644,1
5,0,0.39678678,0
5,0,0.31209642,0
5,0,0.34974208,0
5,0,0.4933406,0
5,0,0.4930988,0
5,0,0.47130707,0
5,0,0.52205783,1
5,0,0.39934596,0
5,0,0.39158884,0
5,0,0.5508337,1
5,0,0.5347729,1
5,0,0.6868579,1
5,0,0.7219876,1
5,0,0.64442027,1
5,0,0.7452085,1
5,0,0.71328974,1
5,0,0.81919616,1
5,0,0.71503,1
5,0,0.5662804,1
5,0,0.552352,1
5,0,0.6817012,1
5,0,0.3815112,0
5,0,0.38399073,0
5,0,0.39368472,0
5,0,0.3535305,0
5,0,0.4277181,0
5,0,0.4324909,0
5,0,0.43888104,0
5,0,0.4192582,0
5,0,0.5474385,1
5,0,0.38811818,0
5,0,0.50095695,1
5,0,0.40898296,0
5,0,0.3050604,0
5,0,0.40262786,0
5,0,0.33780298,0
5,0,0.51811427,1
5,0,0.56565416,1
5,0,0.5568027,1
5,0,0.52111644,1
5,0,0.62376726,1
5,0,0.6040532,1
5,0,0.60776323,1
5,0,0.6062376,1
5,0,0.45178246,0
5,0,0.6193674,1
5,0,0.4856194,0
5,0,0.66293067,1
5,0,0.5690629,1
5,0,0.48558703,0
5,0,0.54119396,1
5,0,0.49585962,0
5,0,0.5142269,1
5,0,0.6771206,1
5,0,0.64441055,1
5,0,0.46068892,0
5,0,0.37930825,0
5,0,0.44607222,0
5,0,0.36735263,0
5,0,0.5024408,1
5,0,0.50720567,1
5,0,0.40268573,0
5,0,0.5615789,1
5,0,0.41400668,0
5,0,0.39249802,0
5,0,0.36117232,0
5,0,0.39071158,0
5,0,0.35611153,0
5,0,0.28792423,0
5,0,0.38025224,0
5,0,0.34934625,0
5,0,0.4452356,0
5,0,0.30303398,0
5,0,0.24560037,0
5,0,0.3003291,0
5,0,0.29852507,0
5,0,0.21459773,0
5,0,0.38303557,0
5,0,0.3140939,0
5,0,0.38727608,0
5,0,0.37697765,0
5,0,0.27720857,0
5,0,0.33559453,0
5,0,0.39303568,0
5,0,0.41626015,0
5,0,0.46223912,0
5,0,0.43766078,0
5,0,0.35711858,0
5,0,0.19632943,0
5,0,0.3241412,0
5,0,0.4264175,0
5,0,0.41433427,0
5,0,0.5878829,1
5,0,0.6265982,1
5,0,0.5886381,1
5,0,0.4536387,0
5,0,0.30389714,0
5,0,0.24797125,0
5,0,0.30267772,0
5,0,0.23292701,0
5,0,0.10865386,0
5,0,0.14670421,0
5,0,0.28044808,0
5,0,0.38505706,0
5,0,0.29052773,0
5,0,0.2297332,0
5,0,0.33564436,0
5,0,0.3954122,0
5,0,0.5150616,1
5,0,0.30186382,0
5,0,0.2618029,0
5,0,0.3713674,0
5,0,0.32871193,0
5,0,0.41890353,0
5,0,0.27623296,0
5,0,0.2738097,0
5,0,0.15141194,0
5,0,0.41124052,0
5,0,0.49490184,0
5,0,0.3556282,0
5,0,0.4568075,0
5,0,0.39221817,0
5,0,0.3211447,0
5,0,0.22433175,0
5,0,0.2658432,0
5,0,0.34037104,0
5,0,0.31378695,0
5,0,0.4350088,0
5,0,0.55973613,1
5,0,0.38210863,0
5,0,0.63142675,1
5,0,0.5281469,1
5,0,0.5125064,1
5,0,0.49448034,0
5,0,0.55281097,1
5,0,0.76494926,1
5,0,0.5109901,1
5,0,0.48905036,0
5,0,0.5701997,1
5,0,0.43881604,0
5,0,0.6150228,1
5,0,0.36766228,0
5,0,0.3477276,0
5,0,0.32893494,0
5,0,0.3607103,0
5,0,0.4681684,0
5,0,0.49578416,0
5,0,0.41424954,0
5,0,0.3975322,0
5,0,0.2598628,0
5,0,0.26190907,0
5,0,0.31273723,0
5,0,0.37768424,0
5,0,0.435936,0
5,0,0.38264874,0
5,0,0.4461993,0
5,0,0.44196513,0
5,0,0.2552614,0
5,0,0.5396071,1
5,0,0.57907706,1
5,0,0.7517152,1
5,0,0.43251592,0
5,0,0.6500035,1
5,0,0.7462186,1
5,0,0.71200997,1
5,0,0.6085407,1
5,0,0.58440024,1
5,0,0.449598,0
5,0,0.38833246,0
5,0,0.3364179,0
5,0,0.33183217,0
5,0,0.28155342,0
5,0,0.67609566,1
5,0,0.48903164,0
5,0,0.6552708,1
5,0,0.30530187,0
5,0,0.37329578,0
5,0,0.38713863,0
5,0,0.4205166,0
5,0,0.20526572,0
5,0,0.21525012,0
5,0,0.2229197,0
5,0,0.08018548,0
5,0,0.20706931,0
5,0,0.33881766,0
5,0,0.28030577,0
5,0,0.45378804,0
5,0,0.73775935,1
5,0,0.40767416,0
5,0,0.51963776,1
5,0,0.2763915,0
5,0,0.34027764,0
5,0,0.22686605,0
5,0,0.18653524,0
5,0,0.36467683,0
5,0,0.30528498,0
5,0,0.2157163,0
5,0,0.19213602,0
5,0,0.41084892,0
5,0,0.48128185,0
5,0,0.41587174,0
5,0,0.5636308,1
5,0,0.5769827,1
5,0,0.6666477,1
5,0,0.49288538,0
5,0,0.6521577,1
5,0,0.5379404,1
5,0,0.5835363,1
5,0,0.63140327,1
5,0,0.5853332,1
5,0,0.6730938,1
5,0,0.5237757,1
5,0,0.4069265,0
5,0,0.5058882,1
5,0,0.71307707,1
5,0,0.370916,0
5,0,0.5193755,1
5,0,0.5295291,1
5,0,0.66421485,1
5,0,0.72957313,1
5,0,0.4669768,0
5,0,0.4907856,0
5,0,0.48919654,0
5,0,0.49321625,0
5,0,0.44223022,0
5,1,0.5960231,1
5,1,0.64350533,1
5,1,0.49442226,0
5,1,0.57799685,1
5,1,0.7156859,1
5,1,0.59374696,1
5,1,0.6334279,1
5,1,0.72790813,1
5,1,0.6743189,1
5,1,0.51952106,1
5,1,0.5581217,1
5,1,0.57223815,1
5,1,0.5674837,1
5,1,0.53390145,1
5,1,0.5795682,1
5,1,0.55707777,1
5,1,0.5200487,1
5,1,0.31342202,0
5,1,0.44913933,0
5,1,0.55567133,1
5,1,0.7897602,1
5,1,0.3302817,0
5,1,0.48749328,0
5,1,0.745867,1
5,1,0.2816109,0
5,1,0.47980592,0
5,1,0.30723324,0
5,1,0.31840816,0
5,1,0.56638116,1
5,1,0.30935726,0
5,1,0.4318595,0
5,1,0.4509031,0
5,1,0.20954771,0
5,1,0.41852376,0
5,1,0.47589806,0
5,1,0.66328406,1
5,1,0.34641626,0
5,1,0.69003356,1
5,1,0.44626153,0
5,1,0.6416135,1
5,1,0.6157216,1
5,1,0.57429665,1
5,1,0.68110216,1
5,1,0.6638873,1
5,0,0.8031705,1
5,0,0.83963484,1
5,0,0.8868503,1
5,0,0.7077891,1
5,0,0.8412666,1
5,0,0.8127322,1
5,0,0.86896944,1
5,0,0.70396036,1
5,0,0.7910867,1
5,0,0.7902387,1
5,0,0.78900754,1
5,0,0.7629341,1
5,0,0.82858807,1
5,0,0.72729367,1
5,0,0.8342026,1
5,0,0.7488231,1
5,0,0.69677186,1
5,0,0.73791575,1
5,1,0.5993838,1
5,1,0.5231593,1
5,1,0.52644897,1
5,1,0.51432264,1
5,1,0.6258735,1
5,1,0.52192515,1
5,1,0.69153726,1
5,1,0.5733407,1
5,1,0.63624716,1
5,1,0.5958564,1
5,1,0.5183279,1
5,1,0.45539394,0
5,1,0.65466887,1
5,1,0.54667026,1
5,1,0.6189585,1
5,1,0.6361509,1
5,1,0.76468575,1
5,1,0.7539081,1
5,1,0.72885495,1
5,1,0.7319224,1
5,0,0.7930132,1
5,0,0.5143526,1
5,0,0.5036842,1
5,0,0.6666081,1
5,0,0.5610293,1
5,0,0.48123622,0
5,0,0.36790586,0
5,0,0.46539503,0
5,0,0.5883572,1
5,0,0.54433876,1
5,0,0.639666,1
5,0,0.381478,0
5,0,0.50108624,1
5,0,0.44773155,0
5,0,0.5583919,1
5,1,0.47485453,0
5,1,0.59131956,1
5,1,0.45415208,0
5,1,0.3668708,0
5,1,0.49822807,0
5,0,0.27009195,0
5,0,0.47160628,0
5,0,0.5336308,1
5,0,0.5709063,1
5,0,0.4769497,0
5,0,0.41671002,0
5,0,0.7272432,1
5,0,0.6145273,1
5,0,0.5660691,1
5,0,0.63234675,1
5,0,0.72355115,1
5,0,0.6715352,1
5,0,0.6499064,1
5,0,0.6694906,1
5,0,0.7027302,1
5,1,0.5393473,1
5,1,0.6696142,1
5,1,0.7217611,1
5,1,0.6468563,1
5,1,0.5191504,1
5,1,0.5065181,1
5,1,0.6044058,1
5,1,0.52880037,1
5,1,0.41914135,0
5,1,0.71747005,1
5,1,0.53877395,1
5,1,0.61330014,1
5,1,0.63605493,1
5,1,0.5264022,1
5,1,0.45165125,0
5,1,0.43081224,0
5,1,0.5339207,1
5,1,0.67871535,1
5,1,0.3981501,0
5,1,0.4467406,0
5,1,0.7302067,1
5,1,0.81709105,1
5,1,0.72766376,1
5,1,0.7445579,1
5,1,0.7409968,1
5,1,0.654472,1
5,1,0.73718905,1
5,1,0.6890723,1
5,1,0.73214126,1
5,1,0.5068927,1
5,1,0.4336737,0
5,1,0.5211809,1
5,1,0.42637652,0
5,1,0.6697489,1
5,1,0.6953507,1
5,1,0.6174842,1
5,1,0.6557738,1
5,1,0.55157256,1
5,1,0.7565534,1
5,1,0.5729038,1
5,1,0.47014037,0
5,1,0.78511465,1
5,1,0.62860894,1
5,1,0.71809775,1
5,1,0.8052667,1
5,1,0.7641507,1
5,1,0.8930021,1
5,1,0.9192049,1
5,1,0.8944206,1
5,1,0.8856433,1
5,1,0.79255545,1
5,1,0.83131295,1
5,1,0.7486731,1
5,1,0.9164399,1
5,1,0.914162,1
5,1,0.7626867,1
5,1,0.8917471,1
5,1,0.92156416,1
5,1,0.8401925,1
5,1,0.8483788,1
5,1,0.91331977,1
5,1,0.83752024,1
5,1,0.7626818,1
5,1,0.82603234,1
5,1,0.74867153,1
5,1,0.19498827,0
5,1,0.22168885,0
5,1,0.3834069,0
5,1,0.09942971,0
5,1,0.09736391,0
5,1,0.3320028,0
5,1,0.2475266,0
5,1,0.3101033,0
5,1,0.4386723,0
5,1,0.2739339,0
5,1,0.18295589,0
5,1,0.644742,1
5,1,0.43058118,0
5,1,0.34062612,0
5,1,0.31524995,0
5,1,0.32056415,0
5,1,0.52110827,1
5,1,0.46736267,0
5,1,0.5500024,1
5,1,0.48672053,0
5,1,0.6618475,1
5,1,0.46518207,0
5,1,0.33725542,0
5,1,0.41289815,0
5,1,0.34930128,0
5,1,0.32293105,0
5,1,0.36763465,0
5,1,0.31957167,0
5,1,0.2226953,0
5,1,0.30168414,0
5,1,0.17778504,0
5,1,0.17156492,0
5,1,0.17557429,0
5,1,0.12320241,0
5,1,0.1842343,0
5,1,0.22137941,0
5,1,0.19720666,0
5,1,0.17688707,0
5,1,0.16868113,0
5,1,0.15451966,0
5,1,0.389569,0
5,1,0.24098617,0
5,1,0.24197376,0
5,1,0.49403137,0
5,1,0.31488103,0
5,1,0.22099797,0
5,1,0.3180845,0
5,1,0.16501135,0
5,1,0.20052531,0
5,1,0.23622894,0
5,1,0.25647667,0
5,1,0.25067246,0
5,1,0.2574639,0
5,1,0.38361377,0
5,1,0.59785706,1
5,1,0.6255755,1
5,1,0.65672493,1
5,1,0.8022297,1
5,1,0.8474168,1
5,1,0.93052167,1
5,1,0.9090054,1
5,0,0.40601698,0
5,0,0.50659317,1
5,0,0.6989468,1
5,0,0.35539678,0
5,0,0.5279806,1
5,0,0.52132046,1
5,0,0.6886391,1
5,0,0.7338526,1
5,0,0.49754187,0
5,0,0.4973242,0
5,0,0.43967673,0
5,0,0.3897992,0
5,0,0.50980884,1
5,0,0.7448477,1
5,0,0.4263108,0
5,0,0.85066247,1
5,0,0.8381806,1
5,0,0.7564164,1
5,0,0.7972898,1
5,0,0.8151853,1
5,0,0.7875907,1
5,0,0.69596016,1
5,0,0.6447007,1
5,0,0.66300756,1
5,0,0.77228874,1
5,0,0.50665617,1
5,0,0.66173387,1
5,0,0.61173046,1
5,1,0.88306713,1
5,1,0.8771461,1
5,1,0.8158735,1
5,1,0.91892517,1
5,1,0.9191314,1
5,1,0.8382575,1
5,1,0.9150208,1
5,1,0.89544976,1
5,1,0.8583774,1
5,1,0.87266135,1
5,1,0.8304208,1
5,1,0.79498345,1
5,1,0.90114343,1
