Fold,Label,Prob,Preds
1,1,0.685759,1
1,1,0.6847326,1
1,1,0.68721837,1
1,1,0.6865652,1
1,1,0.69506466,1
1,1,0.68694144,1
1,1,0.6881334,1
1,1,0.7015174,1
1,1,0.69006896,1
1,1,0.6966114,1
1,1,0.68392855,1
1,1,0.6918341,1
1,1,0.69220096,1
1,1,0.6837586,1
1,1,0.6914883,1
1,1,0.6907557,1
1,1,0.68456066,1
1,1,0.5076576,1
1,1,0.5075382,1
1,1,0.5078131,1
1,1,0.5077339,1
1,1,0.50682765,1
1,1,0.50977564,1
1,1,0.5091171,1
1,1,0.51088846,1
1,1,0.5079535,1
1,1,0.5082146,1
1,1,0.507146,1
1,1,0.50816786,1
1,1,0.50585014,1
1,1,0.50707555,1
1,1,0.50966614,1
1,1,0.50631106,1
1,1,0.5063296,1
1,1,0.50752836,1
1,1,0.5090664,1
1,1,0.51109177,1
1,1,0.5100311,1
1,1,0.51123357,1
1,1,0.51086164,1
1,1,0.5103257,1
1,1,0.5102329,1
1,1,0.51327664,1
1,1,0.51130056,1
1,1,0.5114407,1
1,1,0.5096903,1
1,1,0.5101489,1
1,1,0.50934213,1
1,1,0.50905055,1
1,1,0.5081308,1
1,1,0.5088708,1
1,1,0.50915754,1
1,0,0.48970237,0
1,0,0.49696037,0
1,0,0.5039386,1
1,0,0.50766927,1
1,0,0.51943105,1
1,0,0.5251239,1
1,0,0.53301555,1
1,0,0.53365713,1
1,0,0.5311657,1
1,0,0.5339974,1
1,0,0.5343381,1
1,0,0.53238314,1
1,1,0.53129804,1
1,1,0.5309281,1
1,1,0.529745,1
1,1,0.5196918,1
1,1,0.5147698,1
1,1,0.5188693,1
1,1,0.51287663,1
1,1,0.5197706,1
1,1,0.51427025,1
1,1,0.51489097,1
1,1,0.5123231,1
1,1,0.5151849,1
1,1,0.51311284,1
1,1,0.5127114,1
1,1,0.51407534,1
1,1,0.51361436,1
1,1,0.51207286,1
1,1,0.51120394,1
1,1,0.5104463,1
1,1,0.5078637,1
1,1,0.5087348,1
1,0,0.5087871,1
1,0,0.50884354,1
1,0,0.5085472,1
1,0,0.5091811,1
1,0,0.50978386,1
1,0,0.50871503,1
1,0,0.5080156,1
1,0,0.50797546,1
1,0,0.5093626,1
1,0,0.50665605,1
1,0,0.5052413,1
1,1,0.5060179,1
1,1,0.5066164,1
1,1,0.50685745,1
1,1,0.5076935,1
1,1,0.5069621,1
1,0,0.5069595,1
1,0,0.5067208,1
1,0,0.50629824,1
1,0,0.5076457,1
1,0,0.50556594,1
1,0,0.5056046,1
1,0,0.5053947,1
1,0,0.5052256,1
1,0,0.5042551,1
1,0,0.5070472,1
1,0,0.5059144,1
1,0,0.5059871,1
1,0,0.50638646,1
1,0,0.50575536,1
1,0,0.50560874,1
1,0,0.5074835,1
1,0,0.5069352,1
1,0,0.5050911,1
1,0,0.5039423,1
1,0,0.5048953,1
1,0,0.5038303,1
1,0,0.50267965,1
1,0,0.5035559,1
1,1,0.50334567,1
1,1,0.5044148,1
1,1,0.5070327,1
1,1,0.50435907,1
1,1,0.50477034,1
1,1,0.5040452,1
1,1,0.5052408,1
1,1,0.50375795,1
1,1,0.50539315,1
1,0,0.5037872,1
1,0,0.50445217,1
1,0,0.50625986,1
1,0,0.50573397,1
1,0,0.5059535,1
1,0,0.50594765,1
1,0,0.50485617,1
1,0,0.50596505,1
1,0,0.504923,1
1,0,0.505191,1
1,0,0.5037621,1
1,0,0.5047921,1
1,0,0.5043158,1
1,0,0.50480443,1
1,0,0.5050805,1
1,0,0.502493,1
1,0,0.5036624,1
1,0,0.5043551,1
1,0,0.50507015,1
1,0,0.503872,1
1,0,0.50443715,1
1,0,0.5050292,1
1,0,0.503402,1
1,0,0.50483596,1
1,0,0.5047528,1
1,0,0.504284,1
1,0,0.50490904,1
1,0,0.50500304,1
1,0,0.5031552,1
1,0,0.5045791,1
1,0,0.5051562,1
1,0,0.5043931,1
1,0,0.50502,1
1,0,0.5050025,1
1,0,0.50414467,1
1,0,0.504931,1
1,0,0.50406045,1
1,0,0.5029955,1
1,1,0.503931,1
1,1,0.5062725,1
1,1,0.5052865,1
1,1,0.5025557,1
1,1,0.50359386,1
1,1,0.5057963,1
1,1,0.5043031,1
1,1,0.50414544,1
1,1,0.5051042,1
1,0,0.50278413,1
1,0,0.5029276,1
1,0,0.5032706,1
1,0,0.50389624,1
1,0,0.50460887,1
1,0,0.50531113,1
1,0,0.5044986,1
1,0,0.5046048,1
1,0,0.5051749,1
1,0,0.50304943,1
1,0,0.5044162,1
1,0,0.50511384,1
1,0,0.50476366,1
1,0,0.501566,1
1,0,0.5035351,1
1,0,0.5035005,1
1,0,0.5046,1
1,0,0.5035738,1
1,0,0.5055635,1
1,0,0.504333,1
1,0,0.50348735,1
1,0,0.5040076,1
1,0,0.50413364,1
1,0,0.5028273,1
1,0,0.50284153,1
1,0,0.5033005,1
1,0,0.5024338,1
1,1,0.503289,1
1,1,0.50417286,1
1,1,0.50335455,1
1,1,0.50369376,1
1,1,0.5033259,1
1,1,0.50370204,1
1,1,0.503209,1
1,1,0.5039581,1
1,1,0.50467914,1
1,0,0.50419396,1
1,0,0.5036216,1
1,0,0.5041827,1
1,0,0.5041745,1
1,0,0.5049028,1
1,0,0.504643,1
1,0,0.5046399,1
1,1,0.5026932,1
1,1,0.5032294,1
1,1,0.50300336,1
1,1,0.50408375,1
1,1,0.5041275,1
1,1,0.50481224,1
1,1,0.50311244,1
1,1,0.50338763,1
1,1,0.504669,1
1,1,0.50408137,1
1,1,0.50419956,1
1,1,0.50296235,1
1,1,0.50455505,1
1,1,0.50449336,1
1,1,0.5063006,1
1,1,0.50504243,1
1,1,0.5048449,1
1,1,0.5041096,1
1,1,0.505301,1
1,1,0.50531507,1
1,1,0.5048488,1
1,0,0.50358254,1
1,0,0.5042248,1
1,0,0.5018975,1
1,0,0.5026632,1
1,0,0.5039981,1
1,0,0.5031472,1
1,0,0.50214076,1
1,0,0.5032969,1
1,0,0.5042478,1
1,0,0.50405514,1
1,0,0.5047982,1
1,0,0.5053869,1
1,0,0.50504994,1
1,0,0.5047848,1
1,0,0.5051653,1
1,1,0.5065226,1
1,1,0.50376934,1
1,1,0.503551,1
1,1,0.5039858,1
1,1,0.5044233,1
1,1,0.50327075,1
1,1,0.5032854,1
1,1,0.50314784,1
1,1,0.50221896,1
1,1,0.50298125,1
1,1,0.5022756,1
1,1,0.5053056,1
1,1,0.5030003,1
1,1,0.50310785,1
1,1,0.50456256,1
1,1,0.5039377,1
1,1,0.504272,1
1,0,0.5045984,1
1,0,0.5051029,1
1,0,0.5044975,1
1,0,0.5029279,1
1,0,0.5043126,1
1,0,0.5044884,1
1,0,0.5046894,1
1,0,0.50561947,1
1,0,0.5049348,1
1,0,0.5048719,1
1,0,0.5048256,1
1,1,0.5037918,1
1,1,0.50562364,1
1,1,0.50653815,1
1,1,0.5052508,1
1,1,0.50493973,1
1,1,0.5051004,1
1,1,0.5062115,1
1,1,0.50500417,1
1,1,0.5051669,1
1,1,0.5062611,1
1,1,0.50439656,1
1,1,0.5062625,1
1,1,0.50441384,1
1,1,0.504603,1
1,1,0.5048229,1
1,1,0.5050852,1
1,1,0.5047906,1
1,1,0.50506455,1
1,1,0.50513643,1
1,1,0.5038648,1
1,1,0.50505376,1
1,1,0.5066291,1
1,1,0.5052081,1
1,1,0.50544214,1
1,1,0.5077804,1
1,1,0.5051393,1
1,1,0.50418216,1
1,1,0.50656754,1
1,1,0.5061814,1
1,1,0.5055111,1
1,1,0.50463325,1
1,1,0.505626,1
1,1,0.5049873,1
1,1,0.50287837,1
1,1,0.50654197,1
1,1,0.50690496,1
1,1,0.506286,1
1,1,0.50588155,1
1,1,0.5077495,1
1,1,0.50557446,1
1,1,0.5065889,1
1,1,0.50645393,1
1,1,0.50591785,1
1,1,0.50452286,1
1,1,0.50576097,1
1,1,0.5055678,1
1,1,0.5056617,1
1,1,0.50539124,1
1,1,0.5049659,1
1,1,0.50529045,1
1,1,0.5061287,1
1,1,0.50593835,1
1,1,0.50533336,1
1,1,0.50671214,1
1,0,0.5055093,1
1,0,0.50512606,1
1,0,0.50585777,1
1,0,0.50642574,1
1,0,0.50509936,1
1,0,0.5046451,1
1,0,0.50567156,1
1,0,0.5063077,1
1,0,0.5050976,1
1,0,0.50383556,1
1,0,0.50536263,1
1,0,0.50583947,1
1,0,0.50337946,1
1,0,0.5051892,1
1,0,0.50427186,1
1,0,0.5067887,1
1,0,0.50643957,1
1,0,0.5066144,1
1,0,0.5074347,1
1,0,0.5079845,1
1,0,0.5054845,1
1,0,0.5059511,1
1,0,0.5047538,1
1,0,0.50396043,1
1,0,0.50567883,1
1,0,0.5047849,1
1,0,0.50587475,1
1,0,0.5058027,1
1,0,0.504406,1
1,0,0.50420356,1
1,0,0.50652283,1
1,1,0.5058117,1
1,1,0.50492823,1
1,1,0.50674087,1
1,1,0.5056783,1
1,1,0.50630605,1
1,1,0.50464714,1
1,1,0.5053157,1
1,1,0.50583434,1
1,1,0.5042135,1
1,1,0.50454956,1
1,1,0.50594294,1
1,1,0.5051277,1
1,0,0.50648296,1
1,0,0.50439227,1
1,0,0.5071409,1
1,0,0.5044811,1
1,0,0.5038396,1
1,0,0.5046529,1
1,0,0.5055037,1
1,0,0.5045465,1
1,0,0.5042965,1
1,0,0.5049972,1
1,0,0.50610995,1
1,0,0.5050904,1
1,1,0.50534916,1
1,1,0.5069893,1
1,1,0.5052135,1
1,1,0.5049143,1
1,1,0.5057289,1
1,0,0.5063849,1
1,0,0.5049576,1
1,0,0.5047891,1
1,0,0.50681233,1
1,0,0.5065021,1
1,0,0.50779355,1
1,0,0.5060333,1
1,0,0.5058744,1
1,0,0.5068514,1
1,0,0.506001,1
1,0,0.50510406,1
1,0,0.50504744,1
1,0,0.5048217,1
1,0,0.5053636,1
1,0,0.5041502,1
1,0,0.50545007,1
1,0,0.50534,1
1,0,0.50705063,1
1,0,0.50471056,1
1,0,0.5053938,1
1,0,0.50682384,1
1,0,0.5068287,1
1,0,0.50631315,1
1,0,0.5058622,1
1,0,0.5063065,1
1,0,0.5062605,1
1,0,0.5054809,1
1,0,0.504798,1
1,0,0.5057304,1
1,0,0.5068427,1
1,0,0.5037525,1
1,0,0.50405633,1
1,0,0.50392836,1
1,0,0.504347,1
1,0,0.50529456,1
1,0,0.5060484,1
1,0,0.5059279,1
1,0,0.5075668,1
1,0,0.5068966,1
1,0,0.5070145,1
1,0,0.50709987,1
1,0,0.5080854,1
1,0,0.50900775,1
1,0,0.50650036,1
1,0,0.50757396,1
1,0,0.50873214,1
1,0,0.50651133,1
1,0,0.50469476,1
1,0,0.5063935,1
1,0,0.50577277,1
1,0,0.5059933,1
1,0,0.5075473,1
1,0,0.5073803,1
1,0,0.5069842,1
1,0,0.505704,1
1,0,0.50585,1
1,0,0.505996,1
1,0,0.50738364,1
1,0,0.5069182,1
1,0,0.5072308,1
1,0,0.50716245,1
1,0,0.5068556,1
1,0,0.50661606,1
1,0,0.5074095,1
1,0,0.505658,1
1,0,0.5065312,1
1,0,0.50603276,1
1,0,0.507432,1
1,0,0.5068187,1
1,0,0.5074696,1
1,0,0.50669014,1
1,0,0.50621694,1
1,0,0.5090427,1
1,0,0.50877815,1
1,0,0.50736326,1
1,0,0.5067361,1
1,0,0.507705,1
1,0,0.5083208,1
1,0,0.5071022,1
1,0,0.50883895,1
1,0,0.5085417,1
1,0,0.50709116,1
1,0,0.50606674,1
1,0,0.50889224,1
1,0,0.50570494,1
1,0,0.50422835,1
1,0,0.50499725,1
1,0,0.5042515,1
1,0,0.504397,1
1,0,0.5052806,1
1,0,0.50656015,1
1,0,0.5065992,1
1,0,0.5073422,1
1,0,0.5071769,1
1,0,0.50571966,1
1,0,0.50676334,1
1,0,0.50706935,1
1,0,0.5071231,1
1,0,0.50626874,1
1,0,0.5079097,1
1,0,0.50703543,1
1,0,0.50948566,1
1,0,0.5101459,1
1,0,0.5079319,1
1,0,0.5074079,1
1,0,0.5093373,1
1,0,0.5069677,1
1,0,0.5080676,1
1,0,0.5067703,1
1,0,0.50676304,1
1,0,0.50875694,1
1,0,0.5087628,1
1,0,0.5081027,1
1,0,0.5074787,1
1,0,0.5096339,1
1,0,0.5089453,1
1,0,0.5056292,1
1,0,0.5058482,1
1,0,0.5066772,1
1,0,0.50583017,1
1,0,0.50624216,1
1,0,0.5067839,1
1,0,0.50739914,1
1,0,0.5081504,1
1,0,0.508641,1
1,0,0.5256132,1
1,0,0.5276676,1
1,0,0.5271654,1
1,0,0.5269008,1
1,0,0.5259136,1
1,0,0.527784,1
1,0,0.5282592,1
1,0,0.52443206,1
1,0,0.5273573,1
1,0,0.5289221,1
1,0,0.52729344,1
1,0,0.52834827,1
1,0,0.52803767,1
1,0,0.5285738,1
1,0,0.5254028,1
1,0,0.53073555,1
1,0,0.5313497,1
1,0,0.5281588,1
1,0,0.525478,1
1,0,0.529291,1
1,0,0.5285089,1
1,0,0.5284704,1
1,0,0.5283697,1
1,0,0.5265195,1
1,0,0.52507937,1
1,0,0.5260225,1
1,0,0.52537745,1
1,0,0.528556,1
1,0,0.5272237,1
1,0,0.52483875,1
1,0,0.5264071,1
1,0,0.52705795,1
1,0,0.52411485,1
1,0,0.5267929,1
1,0,0.5267943,1
1,0,0.52805394,1
1,0,0.5297134,1
1,0,0.52861565,1
1,0,0.52736217,1
1,0,0.5258078,1
1,0,0.5252147,1
1,0,0.5282336,1
1,0,0.52820736,1
1,0,0.52755713,1
1,0,0.5288141,1
1,0,0.5278299,1
1,0,0.5285152,1
1,0,0.5285886,1
1,0,0.5299012,1
1,0,0.5280922,1
1,0,0.5256002,1
1,0,0.52461493,1
1,0,0.524669,1
1,0,0.52647877,1
1,0,0.5274372,1
1,0,0.5224474,1
1,0,0.5260673,1
1,0,0.52671915,1
1,0,0.52908015,1
1,0,0.5238522,1
1,0,0.5241793,1
1,0,0.52673787,1
1,0,0.5256144,1
1,0,0.524328,1
1,0,0.5239487,1
1,0,0.52582407,1
1,0,0.52397466,1
1,0,0.5271081,1
1,0,0.5253423,1
1,0,0.5267907,1
1,0,0.52590257,1
1,0,0.5254029,1
1,0,0.5283424,1
1,0,0.5284013,1
1,0,0.5267398,1
1,0,0.5282209,1
1,0,0.5279925,1
1,0,0.52685755,1
1,0,0.52641505,1
1,0,0.52705663,1
1,0,0.5285155,1
1,0,0.5273822,1
1,0,0.5256852,1
1,0,0.5269582,1
1,0,0.5263814,1
1,1,0.5415383,1
1,1,0.54351145,1
1,1,0.542401,1
1,1,0.54125136,1
1,1,0.54385644,1
1,1,0.54250896,1
1,1,0.54147625,1
1,1,0.5429322,1
1,1,0.53869087,1
1,1,0.5404859,1
1,1,0.5476461,1
1,1,0.55262977,1
1,1,0.54097253,1
1,1,0.5463741,1
1,1,0.5480116,1
1,1,0.55436367,1
1,1,0.54476625,1
1,1,0.54531354,1
1,1,0.54126835,1
1,1,0.53323704,1
1,1,0.53643674,1
1,1,0.533546,1
1,1,0.53409445,1
1,1,0.5364255,1
1,1,0.5388483,1
1,1,0.5335177,1
1,1,0.53483534,1
1,1,0.5380918,1
1,1,0.53516394,1
1,1,0.52138543,1
1,1,0.5234022,1
1,1,0.5210132,1
1,1,0.5206726,1
1,1,0.5219051,1
1,1,0.5237948,1
1,1,0.5232787,1
1,1,0.5233055,1
1,1,0.5242523,1
1,1,0.520068,1
1,1,0.52132434,1
1,1,0.52033836,1
1,1,0.5213855,1
1,1,0.52156043,1
1,1,0.5235136,1
1,1,0.52382946,1
1,1,0.5234981,1
1,1,0.5228754,1
1,1,0.5245937,1
1,1,0.52463526,1
1,1,0.52323854,1
1,1,0.52294046,1
1,1,0.511762,1
1,1,0.50786865,1
1,1,0.50728256,1
1,1,0.5077998,1
1,1,0.50518185,1
1,1,0.5059512,1
1,1,0.50593233,1
1,1,0.5054645,1
1,1,0.50419074,1
1,1,0.5046259,1
1,1,0.5047151,1
1,1,0.5011668,1
1,1,0.502964,1
1,1,0.50209093,1
1,1,0.5012896,1
1,1,0.5009418,1
1,1,0.5015458,1
1,1,0.5023174,1
1,1,0.50220066,1
1,1,0.5010086,1
1,1,0.5023026,1
1,1,0.50225794,1
1,1,0.500955,1
1,1,0.500655,1
1,1,0.50201875,1
1,1,0.502764,1
1,1,0.5024719,1
1,1,0.50281787,1
1,1,0.5022993,1
1,1,0.5025783,1
1,1,0.50333536,1
1,1,0.5030439,1
1,1,0.5022045,1
1,1,0.50284964,1
1,1,0.50082356,1
1,1,0.5011609,1
1,1,0.5001948,1
1,1,0.500729,1
1,1,0.50023997,1
1,1,0.5007078,1
1,1,0.5012286,1
1,1,0.5013557,1
1,1,0.5018126,1
1,1,0.5000589,1
1,1,0.5007355,1
1,1,0.50057864,1
1,1,0.50303566,1
1,1,0.5023941,1
1,1,0.5001147,1
1,1,0.5014511,1
1,1,0.50175875,1
1,1,0.50344586,1
1,1,0.5031803,1
1,1,0.5033347,1
1,1,0.5021426,1
1,1,0.5024799,1
1,1,0.5018399,1
1,1,0.50303197,1
1,1,0.50306964,1
1,1,0.50223416,1
1,1,0.50211555,1
1,1,0.5019651,1
1,1,0.50151324,1
1,1,0.5020279,1
1,1,0.5024337,1
1,1,0.5028384,1
1,1,0.5012271,1
1,1,0.5008531,1
1,1,0.50286835,1
1,1,0.5024747,1
1,1,0.5016092,1
1,1,0.50147945,1
1,1,0.50206697,1
1,1,0.50238836,1
1,1,0.50039446,1
1,1,0.5022884,1
1,1,0.5005448,1
1,1,0.49966535,0
1,1,0.50013083,1
1,1,0.50104254,1
1,1,0.50264573,1
1,1,0.500828,1
1,1,0.5026118,1
1,1,0.5008834,1
1,1,0.50245535,1
1,1,0.50111663,1
1,1,0.50073516,1
1,1,0.49979132,0
1,1,0.49988925,0
1,1,0.5017878,1
1,1,0.50189275,1
1,1,0.50062525,1
1,1,0.5012543,1
1,1,0.5030588,1
1,1,0.50333583,1
1,1,0.50257796,1
1,1,0.502587,1
1,1,0.505075,1
1,1,0.50397235,1
1,1,0.50423163,1
1,1,0.5027253,1
1,1,0.504195,1
1,1,0.5034026,1
1,1,0.50433373,1
1,1,0.5049932,1
1,1,0.50461507,1
1,1,0.50400585,1
1,1,0.50442195,1
1,0,0.525342,1
1,0,0.5304596,1
1,0,0.5296345,1
1,0,0.5265902,1
1,0,0.5258951,1
1,0,0.5243724,1
1,0,0.5228582,1
1,0,0.51963234,1
1,0,0.51820236,1
1,0,0.5195656,1
1,0,0.51727766,1
1,0,0.52097267,1
1,0,0.5169477,1
1,0,0.5152307,1
1,0,0.5145084,1
1,0,0.48567852,0
1,0,0.49153373,0
1,0,0.49480158,0
1,0,0.49038512,0
1,0,0.48987335,0
1,0,0.489974,0
1,0,0.49643448,0
1,0,0.5088372,1
1,0,0.5194662,1
1,0,0.52085906,1
1,0,0.5283861,1
1,0,0.5280973,1
1,0,0.52733976,1
1,0,0.5362359,1
1,0,0.534178,1
1,0,0.531741,1
1,0,0.5299241,1
1,0,0.53315926,1
1,0,0.53253275,1
1,0,0.52465403,1
1,0,0.5226373,1
1,0,0.52157855,1
1,0,0.51658267,1
1,0,0.5162279,1
1,0,0.5162032,1
1,0,0.5171639,1
1,0,0.5200728,1
1,0,0.51259893,1
1,0,0.51616424,1
1,0,0.5164366,1
1,0,0.5163333,1
1,0,0.518178,1
1,0,0.51332843,1
1,0,0.51226306,1
1,0,0.5131532,1
1,0,0.51477665,1
1,0,0.51497483,1
1,0,0.5139452,1
1,0,0.51332283,1
1,0,0.51114255,1
1,0,0.5126561,1
1,0,0.51074034,1
1,0,0.511431,1
1,0,0.5121284,1
1,0,0.51031834,1
1,0,0.50965947,1
1,0,0.51220614,1
1,0,0.5113666,1
1,0,0.51171833,1
1,0,0.5113519,1
1,0,0.51247996,1
1,0,0.5114557,1
1,0,0.5107415,1
1,0,0.5129689,1
1,0,0.51036006,1
1,0,0.51008016,1
1,0,0.51027775,1
1,0,0.51016414,1
1,0,0.51075023,1
1,0,0.5110676,1
1,0,0.51053977,1
1,0,0.5103543,1
1,0,0.51183355,1
1,0,0.51191497,1
1,0,0.5089826,1
1,0,0.5114304,1
1,0,0.5115912,1
1,0,0.51058,1
1,0,0.5090798,1
1,0,0.5108316,1
1,0,0.51073056,1
1,0,0.51244974,1
1,0,0.5084934,1
1,0,0.5121676,1
1,0,0.50956166,1
1,0,0.5091697,1
1,0,0.50993645,1
1,0,0.5114837,1
1,0,0.51096463,1
1,0,0.5079,1
1,0,0.5110828,1
1,0,0.5101491,1
1,0,0.5091613,1
1,0,0.5077987,1
1,0,0.51149887,1
1,0,0.508471,1
1,0,0.5093008,1
1,0,0.5085919,1
1,0,0.509578,1
1,0,0.50878817,1
1,0,0.50857097,1
1,0,0.5085632,1
1,0,0.5089612,1
1,0,0.5094739,1
1,0,0.50993466,1
1,0,0.50850165,1
1,0,0.5085744,1
1,0,0.5070045,1
1,0,0.5082224,1
1,0,0.50784725,1
1,0,0.51004905,1
1,0,0.5111163,1
1,0,0.5100077,1
1,0,0.50858223,1
1,0,0.51107085,1
1,0,0.5109403,1
1,0,0.5097575,1
1,0,0.5099664,1
1,0,0.5099664,1
1,0,0.5104125,1
1,0,0.51088166,1
1,0,0.50984585,1
1,0,0.5099489,1
1,1,0.50761014,1
1,1,0.5040664,1
1,1,0.5089639,1
1,1,0.51757944,1
1,1,0.51708907,1
1,1,0.5133387,1
1,1,0.52139455,1
1,1,0.5201877,1
1,1,0.52454484,1
1,1,0.5207043,1
1,1,0.52398276,1
1,1,0.5223893,1
1,1,0.51612747,1
1,1,0.5228354,1
1,1,0.5198846,1
1,1,0.5213646,1
1,1,0.52032787,1
1,1,0.5223352,1
1,1,0.5206037,1
1,1,0.51420844,1
1,1,0.5193895,1
1,1,0.5229815,1
1,1,0.5187976,1
1,1,0.52252483,1
1,1,0.5249762,1
1,1,0.5215936,1
1,1,0.5213246,1
1,1,0.5211053,1
1,1,0.5180545,1
1,1,0.51918614,1
1,1,0.5236283,1
1,1,0.52468824,1
1,1,0.522567,1
1,1,0.5228412,1
1,1,0.52135324,1
1,1,0.5223107,1
1,1,0.52131957,1
1,1,0.52333575,1
1,1,0.5233836,1
1,1,0.5204769,1
1,1,0.52248526,1
1,1,0.5239037,1
1,1,0.5228983,1
1,1,0.5188158,1
1,1,0.5222917,1
1,1,0.5236865,1
1,1,0.52173936,1
1,1,0.5193618,1
1,1,0.5228137,1
1,1,0.5213325,1
1,1,0.52138126,1
1,1,0.50415486,1
1,1,0.50275874,1
1,1,0.50572264,1
1,1,0.50501424,1
1,1,0.50634867,1
1,1,0.50765526,1
1,1,0.50723064,1
1,0,0.4720614,0
1,0,0.47726512,0
1,0,0.48180535,0
1,0,0.50176036,1
1,0,0.51417327,1
1,0,0.5171308,1
1,0,0.5182212,1
1,0,0.52588296,1
1,0,0.5266066,1
1,0,0.5191948,1
1,0,0.52199477,1
1,0,0.53081495,1
1,0,0.52661294,1
1,0,0.523703,1
1,0,0.53190476,1
1,0,0.5234272,1
1,0,0.5179425,1
1,0,0.51529795,1
1,0,0.5193735,1
1,0,0.5104272,1
1,1,0.5154801,1
1,1,0.5126027,1
1,1,0.5109975,1
1,1,0.51071024,1
1,1,0.511072,1
1,1,0.51074886,1
1,1,0.51268226,1
1,1,0.5116131,1
1,1,0.50968766,1
1,1,0.5088392,1
1,1,0.50774074,1
1,1,0.50787824,1
1,1,0.5068901,1
1,1,0.5059621,1
1,1,0.50521064,1
1,1,0.5053391,1
1,1,0.50581443,1
1,1,0.5055238,1
1,1,0.5055096,1
1,1,0.5056786,1
1,1,0.50504524,1
1,1,0.504864,1
1,1,0.5047665,1
1,1,0.5028481,1
1,1,0.5022073,1
1,0,0.5046758,1
1,0,0.5024046,1
1,0,0.5021412,1
1,0,0.50172657,1
1,0,0.50137055,1
1,0,0.50233704,1
1,0,0.50314635,1
1,0,0.5018268,1
1,0,0.5039613,1
1,0,0.50423235,1
1,0,0.504746,1
1,0,0.5021907,1
1,0,0.5039654,1
1,0,0.504576,1
1,0,0.503163,1
1,0,0.5011258,1
1,0,0.502443,1
1,0,0.50418234,1
1,0,0.50209457,1
1,0,0.50518763,1
1,0,0.5030217,1
1,0,0.5042763,1
1,0,0.50149244,1
1,0,0.50140053,1
1,0,0.50187105,1
1,0,0.5045409,1
1,0,0.50247407,1
1,0,0.50230515,1
1,0,0.5034006,1
1,0,0.5025803,1
1,0,0.50166184,1
1,0,0.50375617,1
1,0,0.50102663,1
1,0,0.50241303,1
1,0,0.4993238,0
1,0,0.50093454,1
1,0,0.5014535,1
1,0,0.5018197,1
1,0,0.50044936,1
1,0,0.50058705,1
1,0,0.50201523,1
1,0,0.50177556,1
1,0,0.4999097,0
1,0,0.5028972,1
1,0,0.50433433,1
1,0,0.5023296,1
1,0,0.50141585,1
1,0,0.50134254,1
1,0,0.50196284,1
1,0,0.50085413,1
1,0,0.5031252,1
1,0,0.501895,1
1,0,0.5006359,1
1,0,0.5017253,1
1,0,0.50042135,1
1,0,0.50086695,1
1,0,0.50151753,1
1,0,0.5005503,1
1,0,0.5010531,1
1,0,0.501488,1
1,0,0.5015933,1
1,0,0.49963146,0
1,0,0.5019139,1
1,0,0.5027759,1
1,0,0.5018199,1
1,0,0.50184894,1
1,0,0.50257516,1
1,0,0.50137025,1
1,0,0.500336,1
1,0,0.501341,1
1,0,0.5013952,1
1,0,0.5012838,1
1,0,0.5007601,1
1,0,0.5023238,1
1,0,0.5013374,1
1,0,0.501061,1
1,0,0.49974707,0
1,0,0.5015668,1
1,0,0.5014953,1
1,0,0.50070965,1
1,0,0.50276655,1
1,0,0.50046223,1
1,0,0.50252324,1
1,0,0.5009046,1
1,0,0.5010922,1
1,0,0.50118184,1
1,0,0.50170135,1
1,0,0.5017559,1
1,0,0.5018727,1
1,0,0.50112414,1
1,0,0.50092256,1
1,0,0.5011082,1
1,0,0.5019896,1
1,0,0.50243527,1
1,0,0.5016403,1
1,0,0.50123096,1
1,0,0.5015252,1
1,0,0.5010336,1
1,0,0.50071096,1
1,0,0.5026367,1
1,0,0.5012428,1
1,0,0.49993345,0
1,0,0.50052106,1
1,0,0.50158674,1
1,0,0.50132626,1
1,0,0.5004908,1
1,0,0.5017393,1
1,0,0.5010346,1
1,0,0.5016139,1
1,0,0.5015577,1
1,0,0.50222963,1
1,0,0.49994424,0
1,0,0.49990755,0
1,0,0.4999422,0
1,0,0.49949697,0
1,0,0.5005052,1
1,0,0.5010219,1
1,0,0.500695,1
1,0,0.50039274,1
1,0,0.5006475,1
1,0,0.50087315,1
1,0,0.5003768,1
1,0,0.50105226,1
1,0,0.5008635,1
1,0,0.5003923,1
1,0,0.49909022,0
1,0,0.50014186,1
1,0,0.5012449,1
1,0,0.50120753,1
1,0,0.5001725,1
1,0,0.49863118,0
1,0,0.5005174,1
1,0,0.5006658,1
1,0,0.5010089,1
1,0,0.5004015,1
1,0,0.49789184,0
1,0,0.49973392,0
1,0,0.49977905,0
1,0,0.5011378,1
1,0,0.50055677,1
1,0,0.50136864,1
1,0,0.5001817,1
1,0,0.50088376,1
1,0,0.5000134,1
1,0,0.5001297,1
1,1,0.49943194,0
1,1,0.5010211,1
1,1,0.5001331,1
1,1,0.49927142,0
1,1,0.49925268,0
1,1,0.49984512,0
1,1,0.49944696,0
1,1,0.5017397,1
1,1,0.50096285,1
1,1,0.50085014,1
1,0,0.50202656,1
1,0,0.5013423,1
1,0,0.50233334,1
1,0,0.5008466,1
1,0,0.4990384,0
1,0,0.49934095,0
1,0,0.4995538,0
1,0,0.50090706,1
1,0,0.4997831,0
1,0,0.49867263,0
1,0,0.49986714,0
1,0,0.49968475,0
1,0,0.49948892,0
1,0,0.49938294,0
1,0,0.4986413,0
1,0,0.50098735,1
1,0,0.50120693,1
1,0,0.5011001,1
1,0,0.50051445,1
1,0,0.4998513,0
1,0,0.4994246,0
1,0,0.4992882,0
1,0,0.4990349,0
1,0,0.5004762,1
1,0,0.50168353,1
1,0,0.49963596,0
1,0,0.49864116,0
1,0,0.50034755,1
1,0,0.5002095,1
1,0,0.50107425,1
1,0,0.49938205,0
1,0,0.5016077,1
1,0,0.49956787,0
1,0,0.5015433,1
1,0,0.5016248,1
1,0,0.5009518,1
1,0,0.50154924,1
1,0,0.5008416,1
1,0,0.5017858,1
1,0,0.4999252,0
1,0,0.50040597,1
1,0,0.5008607,1
1,0,0.5005203,1
1,0,0.5021578,1
1,0,0.50208795,1
1,1,0.5015162,1
1,1,0.50277907,1
1,1,0.50100493,1
1,1,0.49996564,0
1,1,0.5003617,1
1,0,0.49974552,0
1,0,0.4999726,0
1,0,0.5008205,1
1,0,0.5001757,1
1,0,0.50101346,1
1,0,0.5006226,1
1,0,0.5014791,1
1,0,0.4997158,0
1,0,0.50266886,1
1,0,0.5026643,1
1,0,0.5020146,1
1,0,0.50168586,1
1,0,0.5010247,1
1,0,0.5002754,1
1,0,0.50188303,1
1,0,0.49979818,0
1,0,0.5000121,1
1,0,0.49959558,0
1,0,0.499621,0
1,0,0.4993516,0
1,0,0.5013068,1
1,0,0.5014498,1
1,0,0.502908,1
1,0,0.5017509,1
1,0,0.5020969,1
1,0,0.5019574,1
1,0,0.5019952,1
1,1,0.7214212,1
1,1,0.72540873,1
1,1,0.7289116,1
1,1,0.7244817,1
1,1,0.72788054,1
1,1,0.7256002,1
1,1,0.72193456,1
1,1,0.7265468,1
1,1,0.72876555,1
1,1,0.7239907,1
1,1,0.72468406,1
1,1,0.7299995,1
1,1,0.72732925,1
1,1,0.7263819,1
1,1,0.72719914,1
1,1,0.72427464,1
1,1,0.7304797,1
1,1,0.7240786,1
1,1,0.72460395,1
1,1,0.72290045,1
1,1,0.72564006,1
1,1,0.730602,1
1,1,0.7255169,1
1,1,0.72515446,1
1,1,0.7279078,1
1,1,0.7252565,1
1,1,0.7257145,1
1,1,0.72994214,1
1,0,0.734289,1
1,0,0.73278964,1
1,0,0.72859883,1
1,0,0.7415822,1
1,0,0.7347113,1
1,0,0.73185986,1
1,0,0.7300736,1
1,0,0.732928,1
1,0,0.7347231,1
1,0,0.7362401,1
1,0,0.7340421,1
1,0,0.73415834,1
1,0,0.7306313,1
1,0,0.73937553,1
1,0,0.73650515,1
1,0,0.7376433,1
1,0,0.73181397,1
1,0,0.7385158,1
1,0,0.7330625,1
1,0,0.73081654,1
1,0,0.73894984,1
1,0,0.73528296,1
1,0,0.7421583,1
1,0,0.73922086,1
1,0,0.73655534,1
1,0,0.73128974,1
1,0,0.7327255,1
1,1,0.74023116,1
1,1,0.74002445,1
1,1,0.7441508,1
1,1,0.7387949,1
1,1,0.7453128,1
1,1,0.7422054,1
1,1,0.74543875,1
1,1,0.7465484,1
1,1,0.74516577,1
1,1,0.73995906,1
1,1,0.7440318,1
1,1,0.7393603,1
1,1,0.7418718,1
1,1,0.7423645,1
1,1,0.7438103,1
1,1,0.7402171,1
1,1,0.74229467,1
1,1,0.74228805,1
1,0,0.5150285,1
1,0,0.51370823,1
1,0,0.5151367,1
1,0,0.51295656,1
1,0,0.5135849,1
1,0,0.51388574,1
1,0,0.5124957,1
1,0,0.5126575,1
1,0,0.51215875,1
1,0,0.51262474,1
1,0,0.5119607,1
1,0,0.5138365,1
1,0,0.5108755,1
1,0,0.5123531,1
1,0,0.51310366,1
1,0,0.5128538,1
1,0,0.51387405,1
1,0,0.5142422,1
1,1,0.5159972,1
1,1,0.51641804,1
1,1,0.51506215,1
1,1,0.51586115,1
1,1,0.516523,1
1,1,0.5132692,1
1,1,0.5155556,1
1,1,0.51555496,1
1,1,0.5162202,1
1,1,0.5138767,1
1,1,0.5139835,1
1,1,0.51655954,1
1,1,0.5155856,1
1,1,0.5153673,1
1,1,0.51453125,1
1,1,0.514594,1
1,1,0.51372874,1
1,1,0.5156306,1
1,1,0.5118758,1
1,1,0.5152066,1
1,1,0.5140977,1
1,1,0.5157722,1
1,1,0.5126959,1
1,1,0.5142497,1
1,1,0.513276,1
1,0,0.5156239,1
1,0,0.5151729,1
1,0,0.5138866,1
1,0,0.51335657,1
1,0,0.51269615,1
1,0,0.5128314,1
1,0,0.51116997,1
1,0,0.5124179,1
1,0,0.51255125,1
1,0,0.51200604,1
1,0,0.5125023,1
1,0,0.51221377,1
1,0,0.51325816,1
1,0,0.51004136,1
1,1,0.5138247,1
1,1,0.51495403,1
1,1,0.51340705,1
1,1,0.51551586,1
1,1,0.51365453,1
1,1,0.51239043,1
1,1,0.5136111,1
1,1,0.5118991,1
1,1,0.5125923,1
1,1,0.5126074,1
1,1,0.5130746,1
1,1,0.51307696,1
1,1,0.5135948,1
1,1,0.5131376,1
1,1,0.5711,1
1,1,0.5831016,1
1,1,0.575876,1
1,1,0.5821147,1
1,1,0.58909345,1
1,1,0.57700455,1
1,1,0.578912,1
1,1,0.5804234,1
1,1,0.5848502,1
1,1,0.57572156,1
1,1,0.5718298,1
1,1,0.57461065,1
1,1,0.5864985,1
1,1,0.5030586,1
1,1,0.5018581,1
1,1,0.50218385,1
1,1,0.50304693,1
1,1,0.5043982,1
1,1,0.50268495,1
1,1,0.50165546,1
1,1,0.50176775,1
1,1,0.50224835,1
1,1,0.50333977,1
1,1,0.50174105,1
1,1,0.5019687,1
1,1,0.50226444,1
1,1,0.5022041,1
1,1,0.5026929,1
1,1,0.5018505,1
1,1,0.4991518,0
1,1,0.5004461,1
1,1,0.4998706,0
1,1,0.5018304,1
1,1,0.5012506,1
1,1,0.4991805,0
1,1,0.55248123,1
1,1,0.55390525,1
1,1,0.5530843,1
1,1,0.56023,1
1,1,0.5512684,1
1,1,0.553272,1
1,1,0.55081975,1
1,1,0.5478322,1
1,1,0.55224615,1
1,1,0.55480385,1
1,1,0.5572551,1
1,1,0.5715474,1
1,1,0.5760778,1
1,1,0.5721376,1
1,1,0.57339394,1
1,1,0.57945967,1
1,1,0.57901436,1
1,1,0.5859556,1
1,1,0.5709887,1
1,1,0.5746454,1
1,1,0.58921903,1
1,1,0.58159786,1
1,1,0.58416533,1
1,1,0.58487,1
1,1,0.5826196,1
1,1,0.5914976,1
1,1,0.58228576,1
1,1,0.57990015,1
1,1,0.57169724,1
1,1,0.57242197,1
1,1,0.5786243,1
1,1,0.5723103,1
1,1,0.57348657,1
1,1,0.5801154,1
1,1,0.5760177,1
1,1,0.5821911,1
1,1,0.56946576,1
1,1,0.5681194,1
1,1,0.57009774,1
1,0,0.51426804,1
1,0,0.5128802,1
1,0,0.51376134,1
1,0,0.51299417,1
1,0,0.5121298,1
1,0,0.5144827,1
1,0,0.51172143,1
1,0,0.50837946,1
1,0,0.50783616,1
1,0,0.5085081,1
1,0,0.50654274,1
1,0,0.50535786,1
1,0,0.50722,1
1,0,0.50504076,1
1,0,0.50628614,1
1,0,0.5069336,1
1,0,0.506447,1
1,0,0.50394624,1
1,0,0.50363004,1
1,0,0.50386834,1
1,0,0.5052468,1
1,0,0.50594103,1
1,0,0.5040171,1
1,0,0.5057773,1
1,0,0.50577843,1
1,0,0.50454533,1
1,0,0.50358933,1
1,0,0.50424963,1
1,0,0.50477886,1
1,0,0.50384927,1
1,0,0.5035578,1
1,0,0.5053739,1
1,0,0.5023343,1
1,0,0.5032164,1
1,0,0.50251675,1
1,0,0.50389886,1
1,0,0.50255775,1
1,0,0.5037304,1
1,0,0.5038288,1
1,0,0.5038733,1
1,0,0.5031299,1
1,0,0.5060103,1
1,0,0.5042157,1
1,0,0.50192577,1
1,0,0.5043445,1
1,0,0.5042927,1
1,0,0.5042228,1
1,0,0.5022604,1
1,0,0.50554234,1
1,0,0.50355387,1
1,0,0.5049817,1
1,0,0.5032503,1
1,0,0.50542843,1
1,0,0.50267595,1
1,0,0.50601566,1
1,0,0.5022507,1
1,0,0.50304306,1
1,0,0.5015685,1
1,0,0.5028696,1
1,0,0.5021449,1
1,0,0.5020382,1
1,0,0.5017863,1
1,0,0.50370806,1
1,0,0.5019107,1
1,0,0.50384986,1
1,0,0.5021291,1
1,0,0.5037576,1
1,0,0.5024294,1
1,0,0.50298655,1
1,0,0.504676,1
1,0,0.5028659,1
1,0,0.5033963,1
1,0,0.50380474,1
1,0,0.50343853,1
1,0,0.50494355,1
1,0,0.5038423,1
1,0,0.50464845,1
1,0,0.5021413,1
1,0,0.50259584,1
1,0,0.50341445,1
1,0,0.50171596,1
1,0,0.50162625,1
1,0,0.50141054,1
1,0,0.5005041,1
1,0,0.5019989,1
1,0,0.50140184,1
1,0,0.50173086,1
1,0,0.5017458,1
1,0,0.5021473,1
1,0,0.5027339,1
1,0,0.50103426,1
1,0,0.5001335,1
1,0,0.50105417,1
1,0,0.50070804,1
1,0,0.5025867,1
1,0,0.5007329,1
1,0,0.50184304,1
1,0,0.50194514,1
1,0,0.5016404,1
1,0,0.502052,1
1,0,0.50049484,1
1,0,0.5005004,1
1,0,0.4999768,0
1,0,0.49933696,0
1,0,0.500091,1
1,0,0.5014437,1
1,0,0.4998576,0
1,0,0.5024901,1
1,0,0.50101644,1
1,0,0.5001934,1
1,0,0.5002785,1
1,0,0.50057185,1
1,0,0.50027204,1
1,0,0.5012706,1
1,0,0.5014436,1
1,0,0.501099,1
1,0,0.49994346,0
1,0,0.5010269,1
1,0,0.50071627,1
1,0,0.5015263,1
1,0,0.50065815,1
1,0,0.5024961,1
1,0,0.50188285,1
1,0,0.5002605,1
1,0,0.50085,1
1,0,0.5008368,1
1,0,0.5004762,1
1,0,0.5013532,1
1,0,0.5008892,1
1,0,0.5007529,1
1,0,0.5004152,1
1,0,0.50147605,1
1,0,0.50131464,1
1,0,0.5007476,1
1,0,0.50040835,1
1,0,0.50068074,1
1,0,0.5028468,1
1,0,0.50143933,1
1,0,0.5012894,1
1,0,0.5025279,1
1,0,0.50082785,1
1,0,0.500351,1
1,0,0.49973384,0
1,0,0.5002136,1
1,0,0.50020367,1
1,0,0.5011629,1
1,0,0.49927178,0
1,0,0.5009166,1
1,0,0.49998036,0
1,0,0.5011581,1
1,0,0.5007243,1
1,0,0.50135225,1
1,0,0.4996955,0
1,0,0.500713,1
1,0,0.50092053,1
1,0,0.500456,1
1,0,0.50242025,1
1,0,0.5013405,1
1,0,0.50230604,1
1,0,0.5026852,1
1,0,0.50120336,1
1,0,0.502016,1
1,0,0.50449854,1
1,0,0.50223154,1
1,0,0.5028508,1
1,0,0.5030422,1
1,0,0.5048741,1
1,0,0.5028083,1
1,0,0.50260335,1
1,0,0.50134236,1
1,0,0.5023303,1
1,0,0.50081795,1
1,0,0.5019139,1
1,0,0.5008589,1
1,0,0.50132376,1
1,0,0.50056803,1
1,0,0.5010014,1
1,0,0.50178725,1
1,0,0.5015929,1
1,0,0.5014987,1
1,0,0.4995466,0
1,0,0.50239474,1
1,0,0.49944314,0
1,0,0.5007968,1
1,0,0.4996057,0
1,0,0.50013745,1
1,0,0.50068176,1
1,0,0.5006392,1
1,0,0.5015364,1
1,0,0.5027707,1
1,0,0.50240606,1
1,0,0.5023612,1
1,0,0.5019947,1
1,0,0.5026593,1
1,0,0.50173706,1
1,0,0.5035182,1
1,0,0.50309414,1
1,0,0.5024862,1
1,0,0.5024999,1
1,0,0.5025555,1
1,0,0.5026223,1
1,0,0.5026786,1
1,0,0.5024373,1
1,0,0.5035166,1
1,0,0.5024762,1
1,0,0.5034435,1
1,0,0.50226915,1
1,0,0.5033614,1
1,0,0.5047851,1
1,0,0.50232166,1
1,0,0.5020244,1
1,0,0.50202084,1
1,0,0.5023045,1
1,0,0.50271904,1
1,0,0.5032752,1
1,0,0.50233644,1
1,0,0.501399,1
1,0,0.50201035,1
1,0,0.5035147,1
1,0,0.50270337,1
1,0,0.50042343,1
1,0,0.5022211,1
1,0,0.5012143,1
1,0,0.5016657,1
1,0,0.500869,1
1,0,0.50130785,1
1,0,0.5011061,1
1,0,0.50179,1
1,0,0.50213575,1
1,0,0.5021252,1
1,0,0.5033135,1
1,0,0.5024815,1
1,0,0.5025442,1
1,0,0.5027942,1
1,0,0.50356793,1
1,0,0.5019863,1
1,0,0.5025986,1
1,0,0.5036847,1
1,0,0.5024373,1
1,0,0.5022829,1
1,0,0.5028843,1
1,0,0.50254,1
1,0,0.5038333,1
1,0,0.50332785,1
1,0,0.50342095,1
1,0,0.5009128,1
1,0,0.50212544,1
1,0,0.5024458,1
1,0,0.5021269,1
1,0,0.5013945,1
1,0,0.5034101,1
1,0,0.50221896,1
1,0,0.5022746,1
1,0,0.502264,1
1,0,0.5010867,1
1,0,0.50040555,1
1,0,0.5009502,1
1,0,0.50101817,1
1,0,0.5008937,1
1,0,0.50050676,1
1,0,0.5022882,1
1,0,0.501156,1
1,0,0.5016063,1
1,0,0.50096005,1
1,0,0.5008477,1
1,0,0.5006941,1
1,0,0.50176585,1
1,0,0.50156546,1
1,0,0.5019711,1
1,0,0.50192416,1
1,0,0.50174135,1
1,0,0.50072163,1
1,0,0.50331914,1
1,0,0.5018841,1
1,0,0.50370806,1
1,0,0.502146,1
1,0,0.5041718,1
1,0,0.50176567,1
1,0,0.50320745,1
1,0,0.50373405,1
1,0,0.5025492,1
1,0,0.50044715,1
1,0,0.50207156,1
1,0,0.50165915,1
1,0,0.5021259,1
1,0,0.5013216,1
1,0,0.5012327,1
1,0,0.5002678,1
1,0,0.5017245,1
1,0,0.500435,1
1,0,0.50058824,1
1,0,0.5003967,1
1,0,0.50113666,1
1,0,0.50065935,1
1,0,0.5001342,1
1,0,0.5011284,1
1,0,0.50009555,1
1,0,0.49973738,0
1,0,0.5016348,1
1,0,0.50159264,1
1,0,0.50220674,1
1,0,0.50186414,1
1,0,0.5015439,1
1,0,0.5022107,1
1,0,0.5035331,1
1,0,0.50055707,1
1,0,0.5008404,1
1,0,0.50157094,1
1,0,0.5011129,1
1,0,0.5006462,1
1,0,0.5013454,1
1,0,0.5016639,1
1,0,0.5026758,1
1,0,0.50186515,1
1,0,0.5027248,1
1,0,0.502366,1
1,0,0.50251657,1
1,0,0.50378174,1
1,0,0.50298655,1
1,0,0.5036318,1
1,0,0.5027742,1
1,0,0.50343317,1
1,0,0.5041551,1
1,0,0.50162137,1
1,1,0.50204444,1
1,1,0.5011271,1
1,1,0.50146866,1
1,1,0.50258774,1
1,1,0.5009407,1
1,1,0.5011221,1
1,1,0.50232404,1
1,1,0.5006921,1
1,1,0.5012588,1
1,1,0.5006456,1
1,1,0.52355814,1
1,1,0.5256686,1
1,1,0.52460456,1
1,1,0.5262168,1
1,1,0.523482,1
1,1,0.52620053,1
1,1,0.52448875,1
1,1,0.5258877,1
1,1,0.52611405,1
1,1,0.5253174,1
1,1,0.52491796,1
1,1,0.52226245,1
1,1,0.52455616,1
1,1,0.5242707,1
1,1,0.52603656,1
1,1,0.5242166,1
1,1,0.524672,1
1,1,0.52432936,1
1,1,0.52469754,1
1,1,0.5260698,1
1,1,0.5238123,1
1,1,0.52391446,1
1,1,0.5258737,1
1,1,0.5229684,1
1,1,0.52749884,1
1,1,0.5255834,1
1,1,0.5262161,1
1,1,0.526887,1
1,1,0.5261277,1
1,1,0.5247046,1
1,1,0.52641886,1
1,0,0.5018667,1
1,0,0.50004286,1
1,0,0.50172186,1
1,0,0.5010093,1
1,0,0.50183743,1
1,0,0.50058436,1
1,0,0.5006071,1
1,0,0.5005091,1
1,1,0.5389335,1
1,1,0.53557485,1
1,1,0.53660476,1
1,1,0.5360429,1
1,1,0.53690565,1
1,1,0.5385342,1
1,1,0.53434694,1
1,1,0.5368918,1
1,1,0.53870106,1
1,1,0.53276426,1
1,1,0.54417247,1
1,0,0.69014406,1
1,0,0.69264674,1
1,0,0.6889853,1
1,0,0.6886362,1
1,0,0.6833056,1
1,0,0.68301594,1
1,0,0.6867486,1
1,0,0.6903462,1
1,0,0.6859775,1
1,0,0.685696,1
1,0,0.6839446,1
1,0,0.6855324,1
1,0,0.69035375,1
1,0,0.68531007,1
1,0,0.6896274,1
1,0,0.6911288,1
1,0,0.6918143,1
1,0,0.6845742,1
1,0,0.68479514,1
1,0,0.6830533,1
1,0,0.68527,1
1,0,0.6890961,1
1,0,0.69114965,1
1,0,0.6862205,1
1,0,0.68786085,1
1,0,0.68770504,1
1,0,0.68827313,1
1,0,0.6890199,1
1,0,0.69295347,1
1,0,0.685975,1
1,1,0.7086398,1
1,1,0.7104818,1
1,1,0.7135983,1
1,1,0.7118484,1
1,1,0.7114205,1
1,1,0.71154284,1
1,1,0.7096158,1
1,1,0.7113677,1
1,1,0.7089548,1
1,1,0.5258836,1
1,1,0.531853,1
1,1,0.526703,1
1,1,0.53035104,1
1,1,0.52632076,1
1,1,0.5271262,1
1,1,0.528325,1
1,1,0.52785456,1
1,1,0.52858484,1
1,1,0.5274821,1
1,1,0.5292698,1
1,1,0.5246004,1
1,1,0.5238699,1
1,1,0.52565974,1
1,1,0.5242852,1
1,1,0.5218277,1
1,1,0.52521926,1
1,1,0.52405465,1
1,1,0.52253497,1
1,1,0.52240235,1
1,1,0.52218,1
1,1,0.5218134,1
1,1,0.5218954,1
1,1,0.5235413,1
1,1,0.520951,1
1,1,0.5217381,1
1,1,0.52096206,1
1,1,0.5215248,1
1,1,0.52204025,1
1,1,0.52306235,1
1,1,0.5222993,1
1,1,0.52030575,1
1,1,0.5222863,1
1,1,0.5227648,1
1,1,0.5217583,1
1,1,0.52039164,1
1,1,0.5221713,1
1,1,0.5212379,1
1,1,0.5220314,1
1,1,0.5223428,1
1,1,0.52252597,1
1,1,0.52243626,1
1,1,0.5205942,1
1,1,0.52316064,1
1,1,0.5243096,1
1,1,0.52224696,1
1,1,0.5234207,1
1,1,0.5231729,1
1,1,0.5238415,1
1,1,0.5239542,1
1,1,0.5248862,1
1,1,0.5241604,1
1,1,0.52513576,1
1,1,0.5249812,1
1,1,0.5237949,1
1,1,0.5260893,1
1,1,0.5244476,1
1,1,0.52242553,1
1,1,0.52315474,1
1,1,0.52323115,1
1,1,0.52243114,1
1,1,0.52288586,1
1,1,0.52368015,1
1,1,0.5239229,1
1,1,0.52331376,1
1,1,0.5214673,1
1,1,0.52302444,1
1,1,0.52237874,1
1,1,0.5218656,1
1,1,0.52368313,1
1,1,0.522899,1
1,1,0.52415717,1
1,1,0.52141804,1
1,1,0.52414685,1
1,1,0.5225365,1
1,1,0.5238569,1
1,1,0.52423996,1
1,1,0.523288,1
1,1,0.52272016,1
1,1,0.5247135,1
1,1,0.52195853,1
1,1,0.5236645,1
1,1,0.522907,1
1,1,0.5240451,1
1,1,0.52225566,1
1,1,0.52259034,1
1,1,0.5231584,1
1,1,0.52305603,1
1,1,0.52305275,1
1,1,0.52456427,1
1,1,0.5232846,1
1,1,0.52367455,1
1,1,0.5235984,1
1,1,0.52336514,1
1,1,0.52417284,1
1,1,0.52416146,1
1,1,0.52265334,1
1,1,0.5251849,1
1,1,0.5257368,1
1,1,0.524653,1
1,1,0.5237839,1
1,1,0.52132857,1
1,1,0.52564406,1
1,1,0.5239843,1
1,1,0.5242466,1
1,1,0.5250488,1
1,1,0.52404237,1
1,1,0.5229302,1
1,1,0.5243667,1
1,1,0.52409095,1
1,1,0.52195174,1
1,1,0.52410567,1
1,1,0.5243471,1
1,1,0.52287126,1
1,1,0.5229043,1
1,1,0.5228163,1
1,1,0.5235493,1
1,1,0.5227717,1
1,1,0.522152,1
1,1,0.52398455,1
1,1,0.52303064,1
1,1,0.5219878,1
1,1,0.5219651,1
1,1,0.5220578,1
1,1,0.5220762,1
1,1,0.52174824,1
1,1,0.51949066,1
1,1,0.52124476,1
1,1,0.52159345,1
1,1,0.52173716,1
1,1,0.521741,1
1,1,0.5189022,1
1,1,0.51944596,1
1,1,0.5203527,1
1,1,0.5214393,1
1,1,0.52243197,1
1,1,0.5196751,1
1,1,0.52083546,1
1,1,0.5218826,1
1,1,0.52110314,1
1,1,0.52194166,1
1,1,0.52022177,1
1,1,0.5209717,1
1,1,0.5210537,1
1,1,0.52213603,1
1,1,0.5231855,1
1,1,0.5200223,1
1,1,0.52186817,1
1,1,0.5193061,1
1,1,0.5232043,1
1,0,0.52292997,1
1,0,0.518654,1
1,0,0.51331055,1
1,0,0.5134261,1
1,0,0.5139154,1
1,0,0.5171278,1
1,0,0.5182737,1
1,0,0.5169578,1
1,0,0.51947075,1
1,0,0.51823145,1
1,0,0.51339465,1
1,0,0.51206344,1
1,0,0.5145318,1
1,0,0.5136243,1
1,0,0.51674867,1
1,1,0.5439578,1
1,1,0.53838384,1
1,1,0.53552675,1
1,1,0.5349161,1
1,1,0.53627247,1
1,1,0.54006493,1
1,1,0.5400849,1
1,1,0.5414509,1
1,1,0.5022505,1
1,1,0.50228417,1
1,1,0.5020496,1
1,1,0.5034092,1
1,1,0.5021485,1
1,1,0.5041085,1
1,1,0.5037831,1
1,1,0.49977136,0
1,1,0.5028816,1
1,1,0.49994078,0
1,1,0.5129254,1
1,1,0.512451,1
1,1,0.5129352,1
1,1,0.5126783,1
1,1,0.5130566,1
1,1,0.512653,1
1,1,0.5137452,1
1,1,0.51403624,1
1,1,0.5134143,1
1,1,0.51301503,1
1,1,0.51322126,1
1,1,0.5116469,1
1,1,0.5112877,1
1,1,0.51130855,1
1,1,0.5124887,1
1,1,0.51347065,1
1,1,0.5127222,1
1,1,0.5124069,1
1,1,0.5125813,1
1,1,0.51237726,1
1,1,0.5114651,1
1,1,0.5113708,1
1,1,0.51180017,1
1,1,0.51245797,1
1,1,0.5116991,1
1,1,0.5010606,1
1,1,0.5023355,1
1,1,0.5011297,1
1,1,0.5020831,1
1,1,0.5010986,1
1,1,0.5036466,1
1,1,0.50259817,1
1,1,0.49864215,0
1,1,0.50143325,1
1,1,0.49907085,0
1,1,0.6566316,1
1,1,0.65956473,1
1,1,0.66171217,1
1,1,0.66159344,1
1,1,0.6598235,1
1,1,0.65447974,1
1,1,0.66018474,1
1,1,0.6622029,1
1,1,0.6654082,1
1,1,0.6573261,1
1,1,0.6604569,1
1,1,0.6565687,1
1,1,0.6680115,1
1,1,0.66608405,1
1,1,0.6605137,1
1,1,0.662288,1
1,1,0.66851515,1
1,1,0.6544694,1
1,1,0.6631606,1
1,1,0.66297907,1
1,1,0.66049594,1
1,1,0.6675878,1
1,1,0.6620801,1
1,1,0.6585821,1
1,1,0.66069907,1
1,1,0.6596756,1
1,1,0.6662103,1
1,1,0.6670273,1
1,1,0.6649299,1
1,1,0.6628563,1
1,1,0.6571844,1
1,1,0.6663246,1
1,1,0.65861905,1
1,1,0.6602058,1
1,1,0.657838,1
1,1,0.6500041,1
1,1,0.65999347,1
1,1,0.654154,1
1,1,0.65555215,1
1,1,0.6540116,1
1,1,0.6477665,1
1,1,0.6462447,1
1,1,0.6527193,1
1,1,0.6469881,1
1,1,0.6493216,1
1,1,0.6463154,1
1,1,0.64702797,1
1,1,0.64910203,1
1,1,0.6572315,1
1,1,0.6492508,1
1,1,0.6537757,1
1,1,0.6541593,1
1,1,0.64717335,1
1,1,0.65456665,1
1,1,0.65289503,1
1,1,0.6549248,1
1,1,0.64984006,1
1,1,0.6509164,1
1,1,0.6545828,1
1,1,0.54323125,1
1,1,0.54820246,1
1,1,0.5455521,1
1,1,0.5458321,1
1,1,0.5436025,1
1,1,0.5484396,1
1,1,0.5446679,1
1,1,0.54597175,1
1,1,0.5653579,1
1,1,0.5654711,1
1,1,0.5644178,1
1,1,0.559907,1
1,1,0.5683833,1
1,1,0.56586224,1
1,1,0.56290513,1
1,1,0.55822766,1
1,1,0.691802,1
1,1,0.6948089,1
1,1,0.6934751,1
1,1,0.69344735,1
1,1,0.69693685,1
1,1,0.69431144,1
1,1,0.6960134,1
1,1,0.6916087,1
1,1,0.5005351,1
1,1,0.5014123,1
1,1,0.5003317,1
1,1,0.5013056,1
1,1,0.5008212,1
1,1,0.50203145,1
1,1,0.50198656,1
1,1,0.4980433,0
1,1,0.50134975,1
1,1,0.498221,0
1,1,0.50069606,1
1,1,0.5007964,1
1,1,0.50014496,1
1,1,0.50174624,1
1,1,0.50037277,1
1,1,0.5017354,1
1,1,0.502332,1
1,1,0.49791333,0
1,1,0.5014615,1
1,1,0.49841118,0
1,1,0.529203,1
1,1,0.52120835,1
1,1,0.52589226,1
1,1,0.5271994,1
1,1,0.5212021,1
1,1,0.5206575,1
1,1,0.52658087,1
1,1,0.528278,1
1,0,0.55171055,1
1,0,0.5565658,1
1,0,0.5652264,1
1,0,0.55502564,1
1,0,0.5581721,1
1,0,0.55138636,1
1,0,0.5551706,1
1,0,0.558886,1
1,0,0.56409603,1
1,0,0.554967,1
1,0,0.552886,1
1,0,0.55513,1
1,0,0.5559914,1
1,0,0.56294084,1
1,0,0.55140823,1
1,0,0.5304473,1
1,0,0.52866274,1
1,0,0.5289832,1
1,0,0.53030473,1
1,0,0.5304055,1
1,0,0.5293533,1
1,0,0.5292002,1
1,0,0.5310133,1
1,0,0.5301805,1
1,0,0.5293483,1
1,0,0.52956533,1
1,0,0.52994734,1
1,0,0.53006124,1
1,0,0.52932286,1
1,0,0.5296933,1
1,1,0.69042754,1
1,1,0.68587345,1
1,1,0.69073665,1
1,1,0.6901554,1
1,1,0.6836807,1
1,1,0.68435156,1
1,1,0.6857329,1
1,1,0.688303,1
1,1,0.6890695,1
1,1,0.68707997,1
1,1,0.6843137,1
1,1,0.6835653,1
1,1,0.69111454,1
1,1,0.68433464,1
1,1,0.6841906,1
1,1,0.6908846,1
1,1,0.6900676,1
1,1,0.6904813,1
1,1,0.6850406,1
1,1,0.684097,1
1,1,0.6858701,1
1,1,0.68737906,1
1,1,0.68461335,1
1,1,0.68825626,1
1,1,0.49960735,0
1,1,0.500936,1
1,1,0.5013048,1
1,1,0.50108725,1
1,1,0.5028016,1
1,1,0.5028176,1
1,1,0.5011994,1
1,1,0.5028342,1
1,1,0.5025017,1
1,1,0.502855,1
1,1,0.50499266,1
1,1,0.5034116,1
1,1,0.5035465,1
1,1,0.5042612,1
1,1,0.50301844,1
1,1,0.5038594,1
1,1,0.50189775,1
1,1,0.502313,1
1,1,0.50234324,1
1,1,0.5028246,1
1,1,0.5024775,1
1,1,0.504089,1
1,1,0.5042607,1
1,1,0.5038607,1
1,1,0.50240237,1
1,1,0.50198954,1
1,1,0.5022042,1
1,1,0.5030836,1
1,1,0.50000346,1
1,1,0.5023609,1
1,1,0.5022624,1
1,1,0.5025408,1
1,1,0.5043191,1
1,1,0.5045416,1
2,1,0.64616805,1
2,1,0.6425403,1
2,1,0.6418938,1
2,1,0.63915324,1
2,1,0.6379783,1
2,1,0.64391977,1
2,1,0.6407691,1
2,1,0.6449155,1
2,1,0.6411993,1
2,1,0.6398653,1
2,1,0.6410651,1
2,1,0.6412528,1
2,1,0.64603686,1
2,1,0.6456122,1
2,1,0.64956695,1
2,1,0.6427149,1
2,1,0.644091,1
2,1,0.644435,1
2,1,0.6469841,1
2,1,0.64519703,1
2,1,0.6458416,1
2,1,0.64282066,1
2,1,0.643388,1
2,1,0.6420948,1
2,1,0.6382677,1
2,1,0.64096314,1
2,1,0.6423445,1
2,1,0.6394637,1
2,1,0.6433207,1
2,1,0.6436585,1
2,1,0.64375985,1
2,1,0.651577,1
2,1,0.6452479,1
2,1,0.64039034,1
2,1,0.65177137,1
2,1,0.6476365,1
2,1,0.6432293,1
2,1,0.6442468,1
2,1,0.639913,1
2,1,0.6417401,1
2,1,0.64679295,1
2,1,0.6467614,1
2,1,0.64732206,1
2,1,0.6476159,1
2,1,0.6480403,1
2,1,0.65251786,1
2,1,0.65315443,1
2,1,0.6559629,1
2,1,0.66068345,1
2,1,0.65704477,1
2,1,0.6564933,1
2,1,0.65764767,1
2,1,0.65930086,1
2,1,0.65669805,1
2,1,0.6528303,1
2,1,0.6542619,1
2,1,0.65104896,1
2,1,0.6555484,1
2,1,0.6572048,1
2,1,0.64982855,1
2,1,0.6492436,1
2,1,0.65478104,1
2,1,0.6555495,1
2,1,0.6540829,1
2,1,0.6556163,1
2,1,0.65689623,1
2,1,0.65289855,1
2,1,0.65899736,1
2,1,0.6563228,1
2,1,0.6572945,1
2,1,0.654853,1
2,1,0.65150106,1
2,1,0.66297114,1
2,1,0.66382575,1
2,1,0.6623363,1
2,1,0.66677254,1
2,1,0.6651082,1
2,1,0.66514784,1
2,1,0.66342205,1
2,1,0.6617397,1
2,1,0.661968,1
2,1,0.6637448,1
2,1,0.66517246,1
2,1,0.66174084,1
2,1,0.65721244,1
2,1,0.6581303,1
2,1,0.6616518,1
2,1,0.66339755,1
2,1,0.63501096,1
2,1,0.63294816,1
2,1,0.63520175,1
2,1,0.63365215,1
2,1,0.6354233,1
2,1,0.6321587,1
2,1,0.6324419,1
2,1,0.63246554,1
2,1,0.63504964,1
2,1,0.63284665,1
2,1,0.6403877,1
2,1,0.63251704,1
2,1,0.64014256,1
2,1,0.6353363,1
2,1,0.63226426,1
2,1,0.6375722,1
2,1,0.63916594,1
2,1,0.6448511,1
2,1,0.63645434,1
2,1,0.6357715,1
2,1,0.6372878,1
2,1,0.6363253,1
2,1,0.635439,1
2,1,0.64354616,1
2,1,0.64177775,1
2,1,0.6561867,1
2,1,0.6566486,1
2,1,0.6504839,1
2,1,0.655077,1
2,1,0.65020293,1
2,1,0.65655506,1
2,1,0.65389806,1
2,1,0.65276915,1
2,1,0.6565273,1
2,1,0.65388995,1
2,1,0.6540334,1
2,1,0.65575963,1
2,1,0.6535594,1
2,1,0.6205301,1
2,1,0.6128988,1
2,1,0.6222915,1
2,1,0.62485844,1
2,1,0.6248796,1
2,1,0.6276898,1
2,1,0.6261094,1
2,1,0.6194619,1
2,1,0.61874753,1
2,1,0.62254035,1
2,1,0.62891245,1
2,1,0.6274852,1
2,1,0.62915355,1
2,1,0.62476945,1
2,1,0.62965775,1
2,0,0.5897494,1
2,0,0.5923495,1
2,0,0.5915228,1
2,0,0.58865887,1
2,0,0.58825713,1
2,0,0.58886856,1
2,0,0.5876506,1
2,0,0.5891323,1
2,0,0.5883769,1
2,0,0.5891005,1
2,0,0.5879533,1
2,0,0.58635575,1
2,0,0.58780617,1
2,0,0.5875148,1
2,0,0.5868081,1
2,0,0.5874429,1
2,0,0.5871411,1
2,0,0.58602196,1
2,0,0.58651257,1
2,0,0.5849478,1
2,0,0.58554184,1
2,0,0.5843779,1
2,0,0.58468,1
2,0,0.58439136,1
2,0,0.58416134,1
2,0,0.5832811,1
2,0,0.58491343,1
2,0,0.5850045,1
2,0,0.58448744,1
2,0,0.5856235,1
2,0,0.5846076,1
2,0,0.5832278,1
2,0,0.58540654,1
2,0,0.5861223,1
2,0,0.584183,1
2,0,0.5839095,1
2,0,0.58464366,1
2,0,0.5841775,1
2,0,0.5834281,1
2,0,0.5841726,1
2,0,0.58253074,1
2,0,0.5845061,1
2,0,0.58330685,1
2,0,0.58399266,1
2,0,0.5836949,1
2,0,0.58314204,1
2,0,0.5824565,1
2,0,0.5813827,1
2,0,0.58366305,1
2,0,0.58163154,1
2,0,0.5832942,1
2,0,0.5821088,1
2,0,0.5831513,1
2,0,0.58221513,1
2,0,0.5813596,1
2,0,0.5823933,1
2,0,0.582608,1
2,0,0.582624,1
2,0,0.5814685,1
2,0,0.581803,1
2,0,0.5812099,1
2,0,0.5821832,1
2,0,0.5818391,1
2,0,0.5816249,1
2,0,0.5831294,1
2,0,0.58146507,1
2,0,0.5813268,1
2,0,0.5823332,1
2,0,0.58365524,1
2,0,0.5800198,1
2,0,0.57991266,1
2,0,0.580601,1
2,0,0.5805766,1
2,0,0.5810552,1
2,0,0.58044016,1
2,0,0.580553,1
2,0,0.5814753,1
2,0,0.58009166,1
2,0,0.5802782,1
2,0,0.5823737,1
2,0,0.5814516,1
2,0,0.58140886,1
2,0,0.58216244,1
2,0,0.5807722,1
2,0,0.6609357,1
2,0,0.66330695,1
2,0,0.6633278,1
2,0,0.6613097,1
2,0,0.6578516,1
2,0,0.66171044,1
2,0,0.6623922,1
2,0,0.6619211,1
2,0,0.6619205,1
2,0,0.6645078,1
2,0,0.6604476,1
2,0,0.6669706,1
2,0,0.66060376,1
2,0,0.65799487,1
2,0,0.6633597,1
2,1,0.5853079,1
2,1,0.58599126,1
2,1,0.5861021,1
2,1,0.5861095,1
2,1,0.5850948,1
2,1,0.5849109,1
2,1,0.58439565,1
2,1,0.5833913,1
2,1,0.5828422,1
2,1,0.5846111,1
2,1,0.5835153,1
2,1,0.5831751,1
2,1,0.58182514,1
2,1,0.58199984,1
2,1,0.5814184,1
2,1,0.58242935,1
2,1,0.58188397,1
2,1,0.58279943,1
2,1,0.5819678,1
2,1,0.5822412,1
2,1,0.58128077,1
2,1,0.5814732,1
2,1,0.58095926,1
2,1,0.581691,1
2,1,0.5815486,1
2,1,0.581226,1
2,1,0.57951945,1
2,1,0.58052725,1
2,1,0.5809802,1
2,1,0.5813861,1
2,1,0.57919985,1
2,1,0.5806219,1
2,1,0.58015746,1
2,1,0.57848513,1
2,1,0.5797423,1
2,1,0.57928777,1
2,1,0.5795994,1
2,1,0.5808123,1
2,1,0.5800499,1
2,1,0.57997334,1
2,1,0.5802513,1
2,1,0.58111763,1
2,1,0.57972234,1
2,1,0.58167124,1
2,1,0.58126616,1
2,1,0.58077186,1
2,1,0.5806524,1
2,1,0.57927704,1
2,1,0.58075947,1
2,1,0.57989514,1
2,1,0.57987076,1
2,1,0.57970583,1
2,1,0.57999706,1
2,1,0.57941157,1
2,0,0.59707826,1
2,0,0.60046065,1
2,0,0.59743494,1
2,0,0.5955816,1
2,0,0.5951259,1
2,0,0.59507906,1
2,0,0.600271,1
2,0,0.5955065,1
2,0,0.5976856,1
2,0,0.60022515,1
2,0,0.59713,1
2,0,0.59486485,1
2,0,0.5941414,1
2,0,0.5938833,1
2,0,0.59594613,1
2,0,0.5967583,1
2,0,0.5938797,1
2,0,0.59585327,1
2,0,0.59347534,1
2,0,0.5957636,1
2,0,0.5965841,1
2,0,0.5923711,1
2,0,0.5970712,1
2,0,0.5941229,1
2,0,0.5968109,1
2,0,0.6011741,1
2,0,0.60558254,1
2,0,0.6015031,1
2,0,0.5943111,1
2,0,0.5972043,1
2,0,0.6004609,1
2,0,0.6015787,1
2,0,0.59328264,1
2,0,0.5966897,1
2,0,0.5942269,1
2,0,0.59047943,1
2,0,0.59120405,1
2,0,0.5945871,1
2,0,0.60482097,1
2,0,0.59710187,1
2,0,0.59019,1
2,0,0.5885113,1
2,0,0.58923304,1
2,0,0.5879075,1
2,0,0.5898554,1
2,0,0.5922289,1
2,0,0.5910592,1
2,0,0.5898081,1
2,0,0.5910405,1
2,0,0.5874054,1
2,0,0.59414166,1
2,0,0.59534526,1
2,0,0.5906396,1
2,0,0.5907438,1
2,0,0.59457374,1
2,0,0.59246945,1
2,0,0.59107316,1
2,0,0.5896097,1
2,0,0.5885872,1
2,0,0.5919076,1
2,0,0.5920909,1
2,0,0.5899617,1
2,0,0.58933973,1
2,0,0.59445596,1
2,0,0.6038759,1
2,0,0.59387016,1
2,0,0.590245,1
2,0,0.5898819,1
2,0,0.59768444,1
2,0,0.59283733,1
2,0,0.58828616,1
2,0,0.59434414,1
2,0,0.5914347,1
2,0,0.5914891,1
2,0,0.5893347,1
2,0,0.5946605,1
2,0,0.5928801,1
2,0,0.5942453,1
2,0,0.59469175,1
2,0,0.5939208,1
2,0,0.59097797,1
2,0,0.59200186,1
2,0,0.5964233,1
2,0,0.599273,1
2,0,0.5926638,1
2,0,0.5962245,1
2,0,0.5985917,1
2,0,0.5940724,1
2,0,0.59262246,1
2,0,0.5905647,1
2,0,0.59350854,1
2,0,0.5945422,1
2,0,0.5957047,1
2,0,0.59595525,1
2,0,0.5925714,1
2,0,0.59139323,1
2,0,0.5880146,1
2,0,0.5927875,1
2,0,0.59745944,1
2,0,0.5960832,1
2,0,0.5899649,1
2,0,0.59302515,1
2,0,0.5931601,1
2,0,0.5884191,1
2,0,0.59059465,1
2,0,0.59042954,1
2,0,0.59232634,1
2,0,0.59397507,1
2,0,0.5952226,1
2,0,0.5896855,1
2,0,0.59231704,1
2,0,0.5969887,1
2,0,0.60216606,1
2,0,0.59032315,1
2,0,0.5937824,1
2,0,0.5915621,1
2,0,0.5899907,1
2,0,0.5953413,1
2,0,0.5926898,1
2,0,0.58996975,1
2,0,0.58973277,1
2,0,0.59288955,1
2,0,0.5953824,1
2,0,0.59607714,1
2,0,0.59546155,1
2,0,0.5940445,1
2,0,0.59159124,1
2,0,0.5980705,1
2,0,0.60550886,1
2,0,0.59852433,1
2,0,0.5942763,1
2,0,0.5942586,1
2,0,0.5939486,1
2,0,0.58981013,1
2,0,0.5955073,1
2,0,0.5943392,1
2,0,0.59157336,1
2,0,0.5915287,1
2,0,0.5900015,1
2,0,0.5902115,1
2,0,0.5915116,1
2,0,0.5934903,1
2,0,0.5926868,1
2,0,0.5951247,1
2,0,0.5918171,1
2,0,0.5920804,1
2,0,0.59017414,1
2,0,0.5906491,1
2,0,0.59463,1
2,0,0.5941961,1
2,0,0.5917236,1
2,0,0.5928898,1
2,0,0.59573746,1
2,0,0.5966136,1
2,0,0.5928071,1
2,0,0.58922243,1
2,0,0.58885247,1
2,0,0.58976054,1
2,0,0.59657085,1
2,0,0.59106654,1
2,0,0.6008315,1
2,0,0.5999553,1
2,0,0.5908301,1
2,0,0.5955538,1
2,0,0.5950987,1
2,0,0.59636945,1
2,0,0.59112805,1
2,0,0.59029126,1
2,0,0.5966374,1
2,0,0.6015298,1
2,0,0.597444,1
2,0,0.59776145,1
2,0,0.6001168,1
2,0,0.594693,1
2,0,0.59455574,1
2,0,0.5952717,1
2,0,0.59380794,1
2,0,0.5924902,1
2,0,0.58702517,1
2,0,0.5950927,1
2,0,0.59682053,1
2,0,0.59076566,1
2,0,0.59358007,1
2,0,0.60000604,1
2,0,0.5944481,1
2,0,0.6015154,1
2,0,0.5952869,1
2,0,0.5987799,1
2,0,0.605857,1
2,0,0.5996746,1
2,0,0.59731853,1
2,0,0.6037847,1
2,0,0.60042477,1
2,0,0.6041125,1
2,0,0.5982342,1
2,0,0.59479004,1
2,0,0.5980674,1
2,0,0.5918217,1
2,0,0.59800977,1
2,0,0.6005514,1
2,0,0.6044745,1
2,0,0.60878634,1
2,0,0.6031819,1
2,0,0.6068593,1
2,0,0.6043512,1
2,0,0.5998716,1
2,0,0.59968245,1
2,0,0.60502404,1
2,0,0.5981512,1
2,0,0.594338,1
2,0,0.5947328,1
2,0,0.59646493,1
2,0,0.59533775,1
2,0,0.5936628,1
2,0,0.5946545,1
2,0,0.58974016,1
2,0,0.5914547,1
2,0,0.5930927,1
2,0,0.59056216,1
2,0,0.59056705,1
2,0,0.58945596,1
2,0,0.59177,1
2,0,0.5918588,1
2,0,0.59012955,1
2,0,0.6006324,1
2,0,0.5918447,1
2,0,0.5937045,1
2,0,0.5917233,1
2,0,0.59702086,1
2,0,0.6031387,1
2,0,0.60326827,1
2,0,0.60202795,1
2,0,0.60016316,1
2,0,0.59393173,1
2,0,0.6005224,1
2,0,0.59496856,1
2,0,0.5980466,1
2,0,0.6010176,1
2,0,0.5953777,1
2,0,0.59190845,1
2,0,0.59215987,1
2,0,0.5935577,1
2,0,0.5898611,1
2,0,0.5954201,1
2,0,0.59136516,1
2,0,0.5904112,1
2,0,0.5898029,1
2,0,0.5916303,1
2,0,0.5863798,1
2,0,0.59696174,1
2,0,0.6007574,1
2,0,0.59706026,1
2,0,0.59400094,1
2,0,0.59494483,1
2,0,0.5916389,1
2,0,0.5934712,1
2,0,0.59174484,1
2,0,0.5890421,1
2,0,0.5935215,1
2,0,0.5992498,1
2,0,0.59068483,1
2,0,0.6010715,1
2,0,0.5929556,1
2,0,0.5920262,1
2,0,0.589843,1
2,0,0.59119093,1
2,0,0.5899003,1
2,0,0.5943684,1
2,0,0.59877294,1
2,0,0.59367234,1
2,0,0.5871281,1
2,0,0.5894075,1
2,0,0.5916065,1
2,0,0.5913391,1
2,0,0.5907702,1
2,0,0.5937773,1
2,0,0.59023446,1
2,0,0.5906847,1
2,0,0.59055626,1
2,0,0.5871773,1
2,0,0.588445,1
2,0,0.59064126,1
2,0,0.58964646,1
2,0,0.59829813,1
2,0,0.59012026,1
2,0,0.5911661,1
2,0,0.58894354,1
2,0,0.589515,1
2,0,0.5878139,1
2,0,0.5973451,1
2,0,0.59741473,1
2,0,0.59149885,1
2,0,0.59282064,1
2,0,0.5903879,1
2,0,0.5976388,1
2,0,0.5946075,1
2,0,0.5930862,1
2,0,0.5912702,1
2,0,0.599153,1
2,0,0.6015747,1
2,1,0.579248,1
2,1,0.57823175,1
2,1,0.5786387,1
2,1,0.5779856,1
2,1,0.5792314,1
2,1,0.5793632,1
2,1,0.57845587,1
2,1,0.57957774,1
2,1,0.57877815,1
2,1,0.56207275,1
2,1,0.5787835,1
2,1,0.58240914,1
2,1,0.58552974,1
2,1,0.58609235,1
2,1,0.5853161,1
2,1,0.5855031,1
2,1,0.58517146,1
2,1,0.58491623,1
2,1,0.58371127,1
2,1,0.58466977,1
2,1,0.58438057,1
2,1,0.5843998,1
2,1,0.58419913,1
2,1,0.5842205,1
2,1,0.584675,1
2,1,0.58536345,1
2,1,0.5837349,1
2,1,0.5825137,1
2,1,0.58318925,1
2,1,0.5826802,1
2,1,0.58394724,1
2,1,0.58382916,1
2,1,0.582624,1
2,1,0.5814849,1
2,1,0.5839003,1
2,1,0.58392304,1
2,1,0.5789661,1
2,1,0.5787695,1
2,1,0.5796717,1
2,1,0.57904744,1
2,1,0.57891357,1
2,1,0.57921576,1
2,1,0.580061,1
2,1,0.58000404,1
2,1,0.57798773,1
2,1,0.57895815,1
2,1,0.5789703,1
2,1,0.5789142,1
2,1,0.57913864,1
2,1,0.5790813,1
2,1,0.57996005,1
2,1,0.57954675,1
2,1,0.5790365,1
2,1,0.58075446,1
2,1,0.58102596,1
2,1,0.579548,1
2,1,0.5804021,1
2,1,0.58169633,1
2,1,0.5808738,1
2,1,0.5806625,1
2,1,0.58209234,1
2,1,0.58199525,1
2,1,0.58172786,1
2,1,0.58352864,1
2,1,0.5819448,1
2,1,0.5818773,1
2,1,0.5829381,1
2,1,0.58249015,1
2,1,0.5830545,1
2,1,0.58278507,1
2,1,0.58330595,1
2,1,0.58287734,1
2,1,0.5839543,1
2,1,0.58348835,1
2,1,0.58285743,1
2,1,0.58364236,1
2,1,0.582523,1
2,1,0.5834894,1
2,1,0.583259,1
2,1,0.5826564,1
2,1,0.5809371,1
2,1,0.58243203,1
2,1,0.5808371,1
2,1,0.5817066,1
2,1,0.5817942,1
2,1,0.58090687,1
2,1,0.58188504,1
2,1,0.58118474,1
2,1,0.5839603,1
2,1,0.5825328,1
2,1,0.581195,1
2,1,0.5826328,1
2,1,0.58333874,1
2,1,0.5814353,1
2,1,0.5823159,1
2,1,0.5812537,1
2,1,0.5817186,1
2,1,0.5829661,1
2,1,0.5813637,1
2,1,0.5805086,1
2,1,0.58131695,1
2,1,0.58245057,1
2,1,0.5821748,1
2,1,0.5821663,1
2,1,0.58197224,1
2,1,0.5832779,1
2,1,0.58382934,1
2,1,0.5838526,1
2,1,0.5820457,1
2,1,0.5845387,1
2,1,0.5838333,1
2,1,0.5838361,1
2,1,0.58523977,1
2,1,0.5837683,1
2,1,0.58559144,1
2,1,0.5835279,1
2,1,0.5821856,1
2,1,0.5838252,1
2,1,0.582789,1
2,1,0.5844776,1
2,1,0.58454293,1
2,1,0.58354497,1
2,1,0.5507339,1
2,1,0.55107117,1
2,1,0.5508621,1
2,1,0.5523054,1
2,1,0.54963756,1
2,1,0.54668343,1
2,1,0.5527645,1
2,1,0.54507536,1
2,1,0.548145,1
2,1,0.5490062,1
2,1,0.5511901,1
2,1,0.55007035,1
2,1,0.5500425,1
2,1,0.54964167,1
2,1,0.5441435,1
2,1,0.54794604,1
2,1,0.5494687,1
2,1,0.5802709,1
2,1,0.5798876,1
2,1,0.580815,1
2,1,0.57944053,1
2,1,0.58018106,1
2,1,0.58008426,1
2,1,0.57866675,1
2,1,0.5794558,1
2,1,0.57991326,1
2,1,0.58118385,1
2,1,0.58014715,1
2,1,0.5802075,1
2,1,0.57921356,1
2,1,0.5791955,1
2,1,0.5797968,1
2,1,0.58141184,1
2,1,0.5802701,1
2,1,0.5813841,1
2,1,0.5794433,1
2,1,0.58002436,1
2,1,0.57987386,1
2,1,0.5791728,1
2,1,0.5805921,1
2,1,0.5809397,1
2,1,0.5808401,1
2,1,0.5812487,1
2,1,0.579948,1
2,1,0.5984812,1
2,1,0.5977325,1
2,1,0.59816265,1
2,1,0.5995911,1
2,1,0.5979097,1
2,1,0.59923995,1
2,1,0.59715295,1
2,1,0.59783614,1
2,1,0.597417,1
2,1,0.5992453,1
2,1,0.5983817,1
2,1,0.5997752,1
2,1,0.596848,1
2,1,0.59848666,1
2,1,0.5948064,1
2,1,0.5960757,1
2,1,0.5983603,1
2,1,0.59712243,1
2,1,0.5988384,1
2,1,0.5970276,1
2,1,0.5975955,1
2,1,0.59650916,1
2,1,0.5976122,1
2,1,0.59623545,1
2,1,0.59815454,1
2,1,0.5972527,1
2,1,0.59943944,1
2,1,0.59667647,1
2,1,0.59537005,1
2,1,0.59565955,1
2,1,0.5965579,1
2,1,0.5973439,1
2,1,0.5957957,1
2,1,0.59710974,1
2,1,0.5951505,1
2,1,0.59663594,1
2,1,0.5981579,1
2,1,0.59909695,1
2,1,0.5967002,1
2,1,0.59772736,1
2,1,0.5988258,1
2,1,0.5976224,1
2,1,0.58277994,1
2,1,0.5842314,1
2,1,0.58351,1
2,1,0.58392,1
2,1,0.5834946,1
2,1,0.5830495,1
2,1,0.5838525,1
2,1,0.5834357,1
2,1,0.58353275,1
2,1,0.58393365,1
2,1,0.5825407,1
2,1,0.5821269,1
2,1,0.5826446,1
2,1,0.5824607,1
2,1,0.5815059,1
2,1,0.5805673,1
2,1,0.58341295,1
2,1,0.58157164,1
2,1,0.5830368,1
2,1,0.5837236,1
2,1,0.5838776,1
2,1,0.58225715,1
2,1,0.58344436,1
2,1,0.58493257,1
2,1,0.5825891,1
2,1,0.5814777,1
2,1,0.58325964,1
2,1,0.58332694,1
2,1,0.58291495,1
2,1,0.581412,1
2,1,0.58164275,1
2,1,0.5831791,1
2,1,0.5820967,1
2,1,0.5823013,1
2,1,0.58271533,1
2,1,0.5830199,1
2,1,0.5844143,1
2,1,0.58236176,1
2,1,0.58319384,1
2,1,0.58190787,1
2,1,0.58304137,1
2,1,0.5828161,1
2,1,0.58304024,1
2,1,0.5822041,1
2,1,0.58370835,1
2,1,0.5809848,1
2,1,0.58157146,1
2,1,0.582367,1
2,1,0.5820532,1
2,1,0.58122766,1
2,1,0.5828544,1
2,1,0.5822388,1
2,1,0.5822296,1
2,1,0.58308977,1
2,1,0.58322763,1
2,1,0.58264583,1
2,1,0.5830789,1
2,1,0.58418125,1
2,1,0.33881742,0
2,1,0.29665735,0
2,1,0.28701732,0
2,1,0.28930295,0
2,1,0.29017204,0
2,1,0.28824034,0
2,1,0.28049907,0
2,1,0.28901628,0
2,1,0.28999364,0
2,1,0.3009784,0
2,1,0.3084976,0
2,1,0.31996652,0
2,1,0.31952822,0
2,1,0.3160709,0
2,1,0.34303796,0
2,1,0.37824756,0
2,1,0.38539612,0
2,1,0.42217287,0
2,1,0.4639982,0
2,1,0.4686842,0
2,1,0.516019,1
2,1,0.54571915,1
2,1,0.55911547,1
2,0,0.58502024,1
2,0,0.588824,1
2,0,0.58781797,1
2,0,0.5893331,1
2,0,0.5876922,1
2,0,0.5892349,1
2,0,0.58907574,1
2,0,0.58968693,1
2,0,0.58828205,1
2,0,0.58767736,1
2,0,0.58908457,1
2,0,0.58607763,1
2,0,0.58690095,1
2,0,0.58692616,1
2,0,0.58549,1
2,0,0.58593583,1
2,0,0.5847855,1
2,0,0.5857619,1
2,0,0.58516014,1
2,0,0.5862261,1
2,0,0.58471197,1
2,0,0.5848672,1
2,0,0.5855797,1
2,0,0.58455896,1
2,0,0.5820302,1
2,0,0.5835656,1
2,0,0.5834654,1
2,0,0.58313257,1
2,0,0.58500993,1
2,0,0.585043,1
2,0,0.5834554,1
2,1,0.5831297,1
2,1,0.584057,1
2,1,0.5829169,1
2,1,0.5841658,1
2,1,0.58364046,1
2,1,0.5841579,1
2,1,0.5842913,1
2,1,0.583931,1
2,1,0.58398765,1
2,1,0.58394814,1
2,1,0.5831672,1
2,1,0.5842741,1
2,1,0.5838015,1
2,1,0.5838908,1
2,1,0.58333,1
2,1,0.58236873,1
2,1,0.5827181,1
2,1,0.5834766,1
2,1,0.5834363,1
2,1,0.5832276,1
2,1,0.5837402,1
2,1,0.5833156,1
2,1,0.5839385,1
2,1,0.5841859,1
2,1,0.58289766,1
2,1,0.5821915,1
2,1,0.58377177,1
2,1,0.5826597,1
2,1,0.5837613,1
2,1,0.5840372,1
2,1,0.58217555,1
2,1,0.5815052,1
2,0,0.58230585,1
2,0,0.5821651,1
2,0,0.5826264,1
2,0,0.58173645,1
2,0,0.5831103,1
2,0,0.58286935,1
2,0,0.58330226,1
2,1,0.58348805,1
2,1,0.58307016,1
2,1,0.58307904,1
2,1,0.58312404,1
2,1,0.5826843,1
2,0,0.5820689,1
2,0,0.5836963,1
2,0,0.5829468,1
2,0,0.5832244,1
2,0,0.58276373,1
2,0,0.58321476,1
2,0,0.58326083,1
2,1,0.58288497,1
2,1,0.58155316,1
2,1,0.5826016,1
2,1,0.58288443,1
2,1,0.58183384,1
2,1,0.5836652,1
2,1,0.581744,1
2,1,0.5813483,1
2,1,0.5817877,1
2,1,0.5810317,1
2,1,0.5815384,1
2,1,0.58106714,1
2,1,0.5834114,1
2,1,0.582685,1
2,1,0.58093894,1
2,1,0.5817499,1
2,1,0.58122873,1
2,1,0.5803956,1
2,1,0.5809034,1
2,1,0.5807407,1
2,1,0.58087856,1
2,1,0.58072495,1
2,0,0.5813106,1
2,0,0.5814365,1
2,0,0.580756,1
2,0,0.5808193,1
2,0,0.58164364,1
2,0,0.5808156,1
2,0,0.58167845,1
2,0,0.58139354,1
2,0,0.58109957,1
2,0,0.58108383,1
2,0,0.5805655,1
2,0,0.5809972,1
2,0,0.5802268,1
2,1,0.58203393,1
2,1,0.58080274,1
2,1,0.5811105,1
2,1,0.58173627,1
2,1,0.58188325,1
2,1,0.5814086,1
2,1,0.58146214,1
2,1,0.5805185,1
2,1,0.5812059,1
2,1,0.58227575,1
2,1,0.58200336,1
2,1,0.5819512,1
2,1,0.5821168,1
2,1,0.58102083,1
2,1,0.5821811,1
2,1,0.5820369,1
2,1,0.58092296,1
2,1,0.5822855,1
2,1,0.5799329,1
2,1,0.5824592,1
2,1,0.58128643,1
2,1,0.58217794,1
2,1,0.58212173,1
2,1,0.58255297,1
2,1,0.5815447,1
2,1,0.58328635,1
2,0,0.55532706,1
2,0,0.5745178,1
2,0,0.5795544,1
2,0,0.5894283,1
2,0,0.5864868,1
2,0,0.587996,1
2,0,0.5891492,1
2,0,0.58989346,1
2,0,0.5899048,1
2,0,0.58954704,1
2,0,0.5886775,1
2,0,0.5871313,1
2,0,0.5893241,1
2,0,0.5885394,1
2,0,0.58812785,1
2,0,0.58822596,1
2,0,0.58812326,1
2,0,0.5879619,1
2,0,0.58766556,1
2,0,0.588303,1
2,0,0.58690625,1
2,0,0.5874344,1
2,0,0.5855865,1
2,0,0.58468634,1
2,0,0.5848763,1
2,0,0.5859742,1
2,0,0.58466154,1
2,0,0.58598584,1
2,0,0.5850429,1
2,0,0.5852571,1
2,0,0.5846236,1
2,0,0.5850902,1
2,0,0.5835889,1
2,0,0.583842,1
2,0,0.5843307,1
2,0,0.5843863,1
2,0,0.58381766,1
2,0,0.5845657,1
2,0,0.58433133,1
2,0,0.58487254,1
2,0,0.58484906,1
2,0,0.584606,1
2,0,0.5842498,1
2,0,0.58496463,1
2,0,0.5842218,1
2,0,0.584713,1
2,0,0.58476603,1
2,0,0.5851095,1
2,0,0.5851039,1
2,0,0.58599186,1
2,0,0.5854492,1
2,0,0.5838202,1
2,0,0.5845103,1
2,0,0.5855635,1
2,0,0.58556396,1
2,0,0.5852089,1
2,0,0.5851727,1
2,0,0.58380777,1
2,0,0.58371717,1
2,0,0.5838775,1
2,0,0.5836703,1
2,0,0.583866,1
2,0,0.5850313,1
2,0,0.5833637,1
2,0,0.58400726,1
2,0,0.58327585,1
2,0,0.5840403,1
2,0,0.5845245,1
2,0,0.5839834,1
2,0,0.5840271,1
2,0,0.5848452,1
2,0,0.58388907,1
2,0,0.5826966,1
2,0,0.58384454,1
2,0,0.58416986,1
2,0,0.584613,1
2,0,0.58287406,1
2,0,0.58225316,1
2,0,0.58240056,1
2,0,0.5821252,1
2,0,0.583616,1
2,0,0.5835879,1
2,0,0.58447206,1
2,0,0.58390623,1
2,0,0.58311653,1
2,0,0.58241576,1
2,0,0.5829196,1
2,0,0.58313876,1
2,0,0.58297324,1
2,0,0.5838461,1
2,0,0.5833154,1
2,0,0.58435774,1
2,0,0.5839175,1
2,0,0.58457005,1
2,0,0.5844338,1
2,0,0.58346444,1
2,0,0.5835376,1
2,0,0.5839554,1
2,0,0.582591,1
2,0,0.58311945,1
2,0,0.58192354,1
2,0,0.5829619,1
2,0,0.5820986,1
2,0,0.5817664,1
2,0,0.5821881,1
2,0,0.5824511,1
2,0,0.58234763,1
2,0,0.5827499,1
2,0,0.58156276,1
2,0,0.5821316,1
2,0,0.58267075,1
2,0,0.58289564,1
2,0,0.58383816,1
2,0,0.584137,1
2,0,0.5837448,1
2,0,0.58383775,1
2,0,0.58256286,1
2,0,0.58198845,1
2,0,0.5823731,1
2,0,0.5836326,1
2,0,0.5826007,1
2,0,0.58236265,1
2,0,0.58259165,1
2,0,0.58355415,1
2,0,0.58291626,1
2,0,0.58342564,1
2,0,0.5839172,1
2,0,0.5822548,1
2,0,0.582417,1
2,0,0.58339816,1
2,0,0.58263624,1
2,0,0.5835818,1
2,0,0.5836523,1
2,0,0.58256024,1
2,0,0.58297324,1
2,0,0.58205986,1
2,0,0.5818441,1
2,0,0.5827723,1
2,0,0.5819552,1
2,0,0.58211046,1
2,0,0.58274174,1
2,0,0.58303416,1
2,0,0.5821402,1
2,0,0.5823885,1
2,0,0.582427,1
2,0,0.58370996,1
2,0,0.5825486,1
2,1,0.583675,1
2,1,0.58465797,1
2,1,0.58314186,1
2,1,0.58340347,1
2,1,0.58326983,1
2,1,0.5827988,1
2,1,0.5845146,1
2,1,0.5842403,1
2,1,0.58356166,1
2,1,0.5845474,1
2,1,0.5838044,1
2,1,0.5852764,1
2,1,0.58599627,1
2,1,0.5861039,1
2,1,0.5861233,1
2,1,0.5850645,1
2,1,0.5848817,1
2,1,0.5843573,1
2,1,0.5833433,1
2,1,0.5827899,1
2,1,0.5845637,1
2,1,0.5834607,1
2,1,0.58312154,1
2,1,0.5817621,1
2,1,0.5819589,1
2,1,0.5813868,1
2,1,0.5823824,1
2,1,0.5818279,1
2,1,0.5827332,1
2,1,0.58190763,1
2,1,0.5821755,1
2,1,0.5812138,1
2,1,0.58141893,1
2,1,0.5809038,1
2,1,0.5816353,1
2,1,0.581516,1
2,1,0.57976055,1
2,1,0.5797323,1
2,1,0.57985294,1
2,1,0.5811329,1
2,1,0.5810458,1
2,1,0.58078766,1
2,1,0.58001995,1
2,1,0.5810235,1
2,1,0.5811224,1
2,1,0.5811304,1
2,1,0.58153033,1
2,1,0.58025795,1
2,1,0.57961774,1
2,1,0.5810069,1
2,1,0.58090216,1
2,1,0.58027697,1
2,1,0.5820071,1
2,1,0.58032846,1
2,1,0.5794469,1
2,1,0.5817903,1
2,1,0.58089626,1
2,1,0.5814422,1
2,1,0.5815201,1
2,1,0.58022475,1
2,1,0.58063257,1
2,1,0.58019865,1
2,1,0.58008057,1
2,1,0.5795126,1
2,1,0.58106256,1
2,1,0.5810762,1
2,1,0.5799164,1
2,1,0.58008397,1
2,1,0.57879865,1
2,1,0.5799791,1
2,1,0.57970315,1
2,1,0.57986456,1
2,1,0.57922894,1
2,1,0.58057904,1
2,1,0.57948333,1
2,1,0.580013,1
2,1,0.5798304,1
2,0,0.5812756,1
2,0,0.5822408,1
2,0,0.5814737,1
2,0,0.5813102,1
2,0,0.5824522,1
2,0,0.581671,1
2,0,0.5813245,1
2,0,0.582132,1
2,0,0.58177584,1
2,0,0.5801779,1
2,0,0.5820686,1
2,1,0.6659954,1
2,1,0.6669255,1
2,1,0.6633981,1
2,1,0.6656101,1
2,1,0.6674279,1
2,1,0.6673277,1
2,1,0.6664566,1
2,1,0.66372156,1
2,1,0.6666249,1
2,1,0.6632237,1
2,1,0.66202223,1
2,1,0.6637231,1
2,1,0.65679073,1
2,1,0.65919775,1
2,1,0.66340005,1
2,1,0.6618033,1
2,1,0.66478765,1
2,1,0.66010666,1
2,1,0.6566384,1
2,1,0.6631214,1
2,1,0.6559878,1
2,1,0.65550894,1
2,1,0.66345924,1
2,1,0.65587085,1
2,1,0.65381646,1
2,1,0.6611615,1
2,1,0.6533493,1
2,1,0.65481853,1
2,1,0.66144216,1
2,1,0.6597329,1
2,1,0.5448408,1
2,1,0.5479223,1
2,1,0.54662454,1
2,1,0.54773366,1
2,1,0.55106074,1
2,1,0.55034745,1
2,1,0.5464331,1
2,1,0.54583037,1
2,1,0.5457061,1
2,1,0.5443952,1
2,1,0.5495227,1
2,1,0.54528004,1
2,1,0.54621345,1
2,1,0.54819167,1
2,1,0.5518518,1
2,1,0.55051666,1
2,1,0.55274445,1
2,1,0.5515872,1
2,1,0.5486073,1
2,1,0.5525006,1
2,1,0.5490502,1
2,1,0.546911,1
2,1,0.55358976,1
2,1,0.5488171,1
2,0,0.54792595,1
2,0,0.5489784,1
2,0,0.54986644,1
2,0,0.55046254,1
2,0,0.547924,1
2,0,0.54663104,1
2,0,0.54733276,1
2,0,0.550346,1
2,0,0.54789656,1
2,0,0.54466474,1
2,0,0.54785377,1
2,0,0.5458493,1
2,0,0.54662496,1
2,0,0.55374515,1
2,0,0.54907703,1
2,0,0.5463234,1
2,0,0.55123276,1
2,0,0.55511135,1
2,0,0.5486766,1
2,0,0.5481707,1
2,0,0.550418,1
2,0,0.5485448,1
2,0,0.5509592,1
2,0,0.54789865,1
2,0,0.5511209,1
2,0,0.5480245,1
2,0,0.5471547,1
2,0,0.5539265,1
2,0,0.5454384,1
2,0,0.54956996,1
2,1,0.54980737,1
2,1,0.5466569,1
2,1,0.5483347,1
2,1,0.54785234,1
2,1,0.55074465,1
2,1,0.5448748,1
2,1,0.5437247,1
2,1,0.5466622,1
2,1,0.5474379,1
2,1,0.54619735,1
2,1,0.54587746,1
2,1,0.5440255,1
2,1,0.54910815,1
2,1,0.5468615,1
2,1,0.54619145,1
2,1,0.5472278,1
2,1,0.54820544,1
2,1,0.5475419,1
2,1,0.54808587,1
2,1,0.54855704,1
2,1,0.5462154,1
2,1,0.5463505,1
2,1,0.5474849,1
2,1,0.5429894,1
2,1,0.54911435,1
2,1,0.5496074,1
2,1,0.54771507,1
2,1,0.5507902,1
2,1,0.5503055,1
2,1,0.5451601,1
2,1,0.5534941,1
2,1,0.54636157,1
2,1,0.54780746,1
2,1,0.5513249,1
2,1,0.5503176,1
2,0,0.54783434,1
2,0,0.55173814,1
2,0,0.54773873,1
2,0,0.5458825,1
2,0,0.55107486,1
2,0,0.5479047,1
2,0,0.5508744,1
2,0,0.5520767,1
2,0,0.550718,1
2,0,0.5470316,1
2,0,0.5505489,1
2,0,0.54964954,1
2,0,0.5476489,1
2,0,0.54758227,1
2,0,0.5492345,1
2,0,0.5491434,1
2,0,0.5476523,1
2,0,0.55343,1
2,0,0.55193675,1
2,0,0.5546793,1
2,0,0.55019945,1
2,0,0.54675424,1
2,1,0.5458811,1
2,1,0.5535265,1
2,1,0.5515665,1
2,1,0.55370975,1
2,1,0.55348927,1
2,1,0.549366,1
2,1,0.5500451,1
2,1,0.54940104,1
2,1,0.5511558,1
2,1,0.5532663,1
2,1,0.54834515,1
2,1,0.54681855,1
2,1,0.5551351,1
2,1,0.55178344,1
2,1,0.54582053,1
2,1,0.55269194,1
2,1,0.54888046,1
2,1,0.5504135,1
2,1,0.54965913,1
2,1,0.549659,1
2,1,0.55464184,1
2,1,0.55124885,1
2,1,0.5486385,1
2,1,0.54902244,1
2,1,0.54920524,1
2,1,0.5531445,1
2,1,0.5535048,1
2,1,0.5472128,1
2,1,0.5551405,1
2,1,0.549871,1
2,0,0.5520686,1
2,0,0.55252326,1
2,0,0.55011326,1
2,0,0.55295235,1
2,0,0.55163497,1
2,0,0.55292463,1
2,0,0.55466825,1
2,0,0.5530959,1
2,0,0.5521581,1
2,0,0.55110455,1
2,0,0.5465639,1
2,0,0.54783714,1
2,0,0.5516116,1
2,0,0.5474531,1
2,0,0.5525764,1
2,1,0.5834654,1
2,1,0.58313257,1
2,1,0.58500993,1
2,1,0.585043,1
2,1,0.5834554,1
2,1,0.5831297,1
2,1,0.584057,1
2,1,0.5829169,1
2,1,0.5841658,1
2,1,0.58364046,1
2,1,0.5841579,1
2,1,0.5842913,1
2,1,0.583931,1
2,1,0.58398765,1
2,1,0.58394814,1
2,1,0.5831672,1
2,1,0.58374643,1
2,1,0.5842741,1
2,1,0.5838015,1
2,1,0.5838908,1
2,1,0.58333,1
2,1,0.58236873,1
2,1,0.5832084,1
2,0,0.58330226,1
2,0,0.58348805,1
2,0,0.58307016,1
2,0,0.58307904,1
2,0,0.58312404,1
2,0,0.5826843,1
2,0,0.5820689,1
2,0,0.5836963,1
2,0,0.5829468,1
2,1,0.5805655,1
2,1,0.5809972,1
2,1,0.5802268,1
2,1,0.58203393,1
2,1,0.58080274,1
2,1,0.5811105,1
2,1,0.58173627,1
2,1,0.58188325,1
2,1,0.5814086,1
2,1,0.58146214,1
2,1,0.5805185,1
2,1,0.5812059,1
2,1,0.58227575,1
2,1,0.58200336,1
2,1,0.5819512,1
2,1,0.5821168,1
2,1,0.58102083,1
2,1,0.5821811,1
2,1,0.5820369,1
2,1,0.58092296,1
2,1,0.5822855,1
2,1,0.5799329,1
2,1,0.5824592,1
2,1,0.58128643,1
2,1,0.56706625,1
2,1,0.56671375,1
2,1,0.5648033,1
2,1,0.5657089,1
2,1,0.56686836,1
2,1,0.5671873,1
2,1,0.5692219,1
2,1,0.5682552,1
2,1,0.57067674,1
2,1,0.6383394,1
2,1,0.6288852,1
2,1,0.62562364,1
2,1,0.62419474,1
2,1,0.6293958,1
2,1,0.6260289,1
2,1,0.6275578,1
2,1,0.6302627,1
2,1,0.63352734,1
2,1,0.59972507,1
2,1,0.592573,1
2,1,0.59039587,1
2,1,0.58788687,1
2,1,0.5943265,1
2,1,0.5929579,1
2,1,0.5961492,1
2,1,0.59532845,1
2,1,0.5936791,1
2,1,0.586861,1
2,1,0.585307,1
2,1,0.58592314,1
2,1,0.58527976,1
2,1,0.5849595,1
2,1,0.58514947,1
2,1,0.58565825,1
2,1,0.5837068,1
2,1,0.5847381,1
2,1,0.58378285,1
2,1,0.58322054,1
2,1,0.5827948,1
2,1,0.58330214,1
2,1,0.58359325,1
2,1,0.5827776,1
2,1,0.58110934,1
2,1,0.58069354,1
2,1,0.5807933,1
2,1,0.5817119,1
2,1,0.5810977,1
2,1,0.58043367,1
2,1,0.5805742,1
2,1,0.5812915,1
2,1,0.5803348,1
2,1,0.58162946,1
2,1,0.58081484,1
2,1,0.5825069,1
2,1,0.5827517,1
2,1,0.58187526,1
2,1,0.31912133,0
2,1,0.29564446,0
2,1,0.29233438,0
2,1,0.2872806,0
2,1,0.27541718,0
2,1,0.26492357,0
2,1,0.26300648,0
2,1,0.27042,0
2,1,0.27528787,0
2,1,0.27891028,0
2,1,0.2979103,0
2,1,0.2959624,0
2,1,0.29551578,0
2,1,0.29563498,0
2,1,0.315004,0
2,1,0.354182,0
2,1,0.37896928,0
2,0,0.5992729,1
2,0,0.59784627,1
2,0,0.59899974,1
2,0,0.59965634,1
2,0,0.5971802,1
2,0,0.59866977,1
2,0,0.601907,1
2,0,0.5980623,1
2,0,0.5962666,1
2,0,0.5984934,1
2,1,0.59610486,1
2,1,0.5950415,1
2,1,0.5961786,1
2,1,0.59729916,1
2,1,0.59765095,1
2,1,0.5977655,1
2,1,0.59651846,1
2,1,0.59767103,1
2,1,0.5973486,1
2,1,0.5967318,1
2,1,0.59527016,1
2,1,0.59709364,1
2,1,0.5957798,1
2,1,0.5968218,1
2,1,0.5976147,1
2,1,0.59707475,1
2,1,0.59605604,1
2,1,0.59487,1
2,1,0.59660137,1
2,1,0.6009271,1
2,1,0.60009444,1
2,1,0.597973,1
2,1,0.59696406,1
2,1,0.5968628,1
2,1,0.598063,1
2,1,0.6018544,1
2,1,0.6028666,1
2,1,0.60002655,1
2,1,0.5993354,1
2,1,0.60010624,1
2,1,0.5964213,1
2,1,0.59720355,1
2,1,0.598933,1
2,1,0.5953717,1
2,1,0.5876723,1
2,1,0.5875038,1
2,1,0.58649194,1
2,1,0.5877489,1
2,1,0.5881335,1
2,1,0.58433175,1
2,1,0.58482355,1
2,1,0.58562595,1
2,1,0.5845845,1
2,1,0.58508414,1
2,1,0.5846518,1
2,1,0.5853307,1
2,1,0.583948,1
2,1,0.58456093,1
2,1,0.58623344,1
2,1,0.5841297,1
2,1,0.67977965,1
2,1,0.6798446,1
2,1,0.67943543,1
2,1,0.6735676,1
2,1,0.67790437,1
2,1,0.6813424,1
2,1,0.68020535,1
2,1,0.6819896,1
2,1,0.6777901,1
2,1,0.6800718,1
2,1,0.6796692,1
2,1,0.6777741,1
2,1,0.68506134,1
2,1,0.6802313,1
2,1,0.67741054,1
2,1,0.60551286,1
2,1,0.60429275,1
2,1,0.60292435,1
2,1,0.6063171,1
2,1,0.60551417,1
2,1,0.60472244,1
2,1,0.60228986,1
2,1,0.6041112,1
2,1,0.60531616,1
2,1,0.6036117,1
2,1,0.60510397,1
2,1,0.6038093,1
2,1,0.60423756,1
2,1,0.6052473,1
2,1,0.6053942,1
2,0,0.5460813,1
2,0,0.57798797,1
2,0,0.5821298,1
2,0,0.5865608,1
2,0,0.58723193,1
2,0,0.5875703,1
2,0,0.5878599,1
2,0,0.5874781,1
2,0,0.5855746,1
2,0,0.5861187,1
2,0,0.58716303,1
2,0,0.5874879,1
2,0,0.58729583,1
2,0,0.5859018,1
2,0,0.58598953,1
2,0,0.58572316,1
2,0,0.585326,1
2,0,0.5865553,1
2,0,0.5854342,1
2,0,0.5854747,1
2,0,0.58447975,1
2,0,0.5835053,1
2,0,0.58494896,1
2,0,0.58475864,1
2,0,0.5842799,1
2,0,0.5835338,1
2,0,0.5834352,1
2,0,0.58403563,1
2,0,0.5841318,1
2,0,0.58309895,1
2,0,0.583305,1
2,0,0.58327514,1
2,0,0.582408,1
2,0,0.5823213,1
2,0,0.58285576,1
2,0,0.58363634,1
2,0,0.5831894,1
2,0,0.5828067,1
2,0,0.5845721,1
2,0,0.5828371,1
2,0,0.58223915,1
2,0,0.58281577,1
2,0,0.58337444,1
2,0,0.5825702,1
2,0,0.583745,1
2,0,0.58211267,1
2,0,0.58130497,1
2,0,0.58180714,1
2,0,0.5825585,1
2,0,0.58252525,1
2,0,0.5833725,1
2,0,0.5821644,1
2,0,0.58192116,1
2,0,0.58263624,1
2,0,0.5824963,1
2,0,0.5818119,1
2,0,0.5823998,1
2,0,0.5819206,1
2,0,0.58328307,1
2,0,0.5822321,1
2,0,0.58232284,1
2,0,0.58268905,1
2,0,0.5829085,1
2,0,0.58189374,1
2,0,0.5809455,1
2,0,0.5816041,1
2,0,0.58184844,1
2,0,0.58215547,1
2,0,0.58155113,1
2,0,0.58258235,1
2,0,0.58262926,1
2,0,0.58286583,1
2,0,0.5831301,1
2,0,0.58182514,1
2,0,0.58285445,1
2,0,0.5814702,1
2,0,0.5814047,1
2,0,0.58301777,1
2,0,0.58211356,1
2,0,0.5817027,1
2,0,0.58264434,1
2,0,0.58196455,1
2,0,0.58267796,1
2,0,0.58275324,1
2,0,0.58278304,1
2,0,0.5827002,1
2,0,0.5816256,1
2,0,0.5804607,1
2,0,0.58151466,1
2,0,0.58283997,1
2,0,0.58192104,1
2,0,0.582478,1
2,0,0.5830173,1
2,0,0.58114004,1
2,0,0.5822576,1
2,0,0.581122,1
2,0,0.58157617,1
2,0,0.5821256,1
2,0,0.5821959,1
2,0,0.5812547,1
2,0,0.5838603,1
2,0,0.58219695,1
2,1,0.5810634,1
2,1,0.58216494,1
2,1,0.5821001,1
2,1,0.58210474,1
2,1,0.5819111,1
2,1,0.58386606,1
2,1,0.58189684,1
2,1,0.5811038,1
2,1,0.5827456,1
2,1,0.5821699,1
2,1,0.57969254,1
2,1,0.5818851,1
2,1,0.581551,1
2,1,0.58057654,1
2,1,0.5811829,1
2,1,0.5811284,1
2,1,0.58254313,1
2,1,0.5810412,1
2,0,0.5822841,1
2,0,0.5815838,1
2,0,0.58152866,1
2,0,0.5821925,1
2,0,0.58132094,1
2,0,0.58187705,1
2,0,0.58098596,1
2,0,0.58007675,1
2,0,0.5812931,1
2,0,0.5811598,1
2,0,0.5797919,1
2,0,0.58067036,1
2,0,0.5818355,1
2,0,0.5809579,1
2,0,0.5822627,1
2,0,0.58071685,1
2,0,0.5801079,1
2,0,0.58012426,1
2,0,0.5823335,1
2,0,0.58217907,1
2,0,0.5830935,1
2,0,0.5827673,1
2,0,0.58168155,1
2,0,0.5822722,1
2,0,0.58269227,1
2,0,0.5817128,1
2,0,0.58117926,1
2,0,0.5808477,1
2,0,0.58007944,1
2,0,0.5800314,1
2,0,0.58048785,1
2,0,0.5817326,1
2,0,0.5803399,1
2,0,0.5817798,1
2,0,0.5813696,1
2,0,0.5807715,1
2,1,0.66976905,1
2,1,0.6789755,1
2,1,0.67208916,1
2,1,0.6735429,1
2,1,0.66782624,1
2,1,0.6709434,1
2,1,0.6708346,1
2,1,0.67436945,1
2,1,0.6767125,1
2,1,0.67325336,1
2,1,0.6679213,1
2,1,0.67336595,1
2,1,0.67722344,1
2,1,0.6741976,1
2,1,0.6774845,1
2,1,0.66773766,1
2,1,0.6706852,1
2,1,0.67385113,1
2,1,0.6746612,1
2,1,0.6748734,1
2,1,0.6729564,1
2,1,0.6736399,1
2,1,0.6717331,1
2,1,0.6698325,1
2,1,0.6683472,1
2,1,0.6737445,1
2,1,0.67009264,1
2,1,0.6656013,1
2,1,0.6719501,1
2,1,0.66801333,1
2,1,0.6637508,1
2,1,0.5470961,1
2,1,0.54444677,1
2,1,0.5469611,1
2,1,0.5461657,1
2,1,0.54545426,1
2,1,0.54802525,1
2,1,0.54940134,1
2,1,0.5485178,1
2,1,0.5479624,1
2,1,0.5768504,1
2,1,0.57887346,1
2,1,0.579877,1
2,1,0.57800394,1
2,1,0.57973486,1
2,1,0.5777268,1
2,1,0.5781795,1
2,1,0.57879156,1
2,1,0.5781797,1
2,1,0.5792294,1
2,1,0.579066,1
2,1,0.57937306,1
2,1,0.6137139,1
2,1,0.61410636,1
2,1,0.61421025,1
2,1,0.6219393,1
2,1,0.6141313,1
2,1,0.622462,1
2,0,0.57613933,1
2,0,0.5739408,1
2,0,0.57809865,1
2,0,0.5764128,1
2,0,0.57765305,1
2,0,0.5740528,1
2,0,0.5716681,1
2,0,0.57677406,1
2,0,0.57558095,1
2,0,0.5741291,1
2,1,0.6550163,1
2,1,0.65230393,1
2,1,0.64738214,1
2,1,0.65018815,1
2,1,0.6484209,1
2,1,0.64435494,1
2,1,0.64549035,1
2,1,0.644124,1
2,1,0.64442915,1
2,1,0.6475647,1
2,1,0.646235,1
2,1,0.648036,1
2,1,0.6519804,1
2,1,0.6523461,1
2,1,0.6545808,1
2,1,0.6533551,1
2,0,0.43231758,0
2,0,0.45204303,0
2,0,0.45897678,0
2,0,0.4773281,0
2,0,0.4921458,0
2,0,0.48385894,0
2,0,0.4912934,0
2,0,0.50603914,1
2,0,0.524744,1
2,0,0.53516644,1
2,0,0.5323035,1
2,0,0.5588927,1
2,0,0.577989,1
2,0,0.57537156,1
2,0,0.58042854,1
2,0,0.5839099,1
2,0,0.58662474,1
2,0,0.585689,1
2,0,0.58513635,1
2,0,0.5856225,1
2,0,0.5850103,1
2,0,0.5841527,1
2,0,0.58382154,1
2,0,0.58468133,1
2,0,0.584591,1
2,0,0.5848931,1
2,0,0.5848287,1
2,0,0.58434695,1
2,0,0.58515525,1
2,0,0.5861226,1
2,0,0.5841588,1
2,0,0.5831493,1
2,0,0.5834485,1
2,0,0.58309144,1
2,0,0.58467394,1
2,0,0.58447814,1
2,0,0.58327436,1
2,0,0.58239144,1
2,0,0.58437514,1
2,0,0.584239,1
2,0,0.58262074,1
2,0,0.58311474,1
2,0,0.58357936,1
2,0,0.58312124,1
2,0,0.5838759,1
2,0,0.5847457,1
2,0,0.5834567,1
2,0,0.5835742,1
2,0,0.5836004,1
2,0,0.5835455,1
2,0,0.5825758,1
2,0,0.5827052,1
2,0,0.5821281,1
2,0,0.58311373,1
2,0,0.5826694,1
2,0,0.5828289,1
2,0,0.5825926,1
2,0,0.5827354,1
2,0,0.5824621,1
2,0,0.5828245,1
2,0,0.58289725,1
2,0,0.5841333,1
2,0,0.58194923,1
2,0,0.5827149,1
2,0,0.5825923,1
2,0,0.5832957,1
2,0,0.58273757,1
2,0,0.5837596,1
2,0,0.58276397,1
2,0,0.5813767,1
2,0,0.58247364,1
2,0,0.5826824,1
2,0,0.5828159,1
2,0,0.5825282,1
2,0,0.5822852,1
2,0,0.5833823,1
2,0,0.58142686,1
2,0,0.5828282,1
2,0,0.5826829,1
2,0,0.5826724,1
2,0,0.5823439,1
2,0,0.58181536,1
2,0,0.58171904,1
2,0,0.58319986,1
2,0,0.58275026,1
2,0,0.5819935,1
2,0,0.58148545,1
2,0,0.58211404,1
2,0,0.5819896,1
2,0,0.58270717,1
2,0,0.5814177,1
2,0,0.5818421,1
2,0,0.5811893,1
2,0,0.5820139,1
2,0,0.58180976,1
2,0,0.5814393,1
2,0,0.58238524,1
2,0,0.5821807,1
2,0,0.5821633,1
2,0,0.582417,1
2,0,0.58259934,1
2,0,0.582507,1
2,0,0.5829535,1
2,0,0.5823106,1
2,0,0.5827202,1
2,0,0.58210623,1
2,0,0.58292973,1
2,0,0.5829998,1
2,0,0.5819397,1
2,0,0.5819182,1
2,0,0.581629,1
2,0,0.5813326,1
2,0,0.5809568,1
2,0,0.5817753,1
2,0,0.5810084,1
2,0,0.5810954,1
2,0,0.5816292,1
2,0,0.58235776,1
2,0,0.5825536,1
2,0,0.58060247,1
2,0,0.5816705,1
2,0,0.5818449,1
2,0,0.58177,1
2,0,0.5815547,1
2,0,0.58150405,1
2,0,0.58221054,1
2,0,0.58179605,1
2,0,0.5811575,1
2,0,0.5832361,1
2,0,0.5814706,1
2,0,0.5812184,1
2,0,0.58328384,1
2,0,0.5813484,1
2,0,0.58189476,1
2,0,0.5822195,1
2,0,0.58248365,1
2,0,0.58340734,1
2,0,0.58126885,1
2,0,0.58152944,1
2,0,0.5818223,1
2,0,0.5815358,1
2,0,0.5804458,1
2,0,0.5809405,1
2,0,0.5807208,1
2,0,0.5812062,1
2,0,0.58128643,1
2,0,0.58103484,1
2,0,0.581722,1
2,0,0.5816347,1
2,0,0.58181363,1
2,0,0.5814669,1
2,0,0.58206946,1
2,0,0.58252263,1
2,0,0.582579,1
2,0,0.58169293,1
2,0,0.5827742,1
2,0,0.5816193,1
2,0,0.58321625,1
2,0,0.5820855,1
2,0,0.5836211,1
2,0,0.5822279,1
2,0,0.5834769,1
2,0,0.58178693,1
2,0,0.5818846,1
2,0,0.5823633,1
2,0,0.58077455,1
2,0,0.5821491,1
2,0,0.58210814,1
2,0,0.58273584,1
2,0,0.58358806,1
2,0,0.5831938,1
2,0,0.58230364,1
2,0,0.5815752,1
2,0,0.5819175,1
2,0,0.5817278,1
2,0,0.5819989,1
2,0,0.5828945,1
2,0,0.5816612,1
2,0,0.58167785,1
2,0,0.58272916,1
2,0,0.5815792,1
2,0,0.5824422,1
2,0,0.5826074,1
2,0,0.582234,1
2,0,0.5826212,1
2,0,0.58194804,1
2,0,0.58379585,1
2,0,0.58214176,1
2,0,0.582973,1
2,0,0.58383065,1
2,0,0.583799,1
2,0,0.58385026,1
2,0,0.5844575,1
2,0,0.5842703,1
2,0,0.58408344,1
2,0,0.5860292,1
2,0,0.58437854,1
2,0,0.58493316,1
2,0,0.58505154,1
2,0,0.5853446,1
2,0,0.58619875,1
2,0,0.5855877,1
2,0,0.585801,1
2,0,0.58577734,1
2,0,0.58723396,1
2,0,0.58589625,1
2,0,0.58627367,1
2,0,0.58679986,1
2,0,0.5854496,1
2,0,0.586302,1
2,0,0.58609164,1
2,0,0.5850582,1
2,0,0.5844317,1
2,0,0.5844392,1
2,0,0.5844319,1
2,0,0.58361256,1
2,0,0.58379245,1
2,0,0.58463496,1
2,0,0.58440036,1
2,0,0.5833823,1
2,0,0.5848228,1
2,0,0.583173,1
2,0,0.5842009,1
2,0,0.5840061,1
2,0,0.58345085,1
2,0,0.58408713,1
2,0,0.58347714,1
2,0,0.5864976,1
2,0,0.58529645,1
2,0,0.5838419,1
2,0,0.58526033,1
2,0,0.58595514,1
2,0,0.58426493,1
2,0,0.58515835,1
2,0,0.5842384,1
2,0,0.58380634,1
2,0,0.5842311,1
2,0,0.58434796,1
2,0,0.58461046,1
2,0,0.5840274,1
2,0,0.58407396,1
2,0,0.58383495,1
2,0,0.58401394,1
2,0,0.583894,1
2,0,0.5832032,1
2,0,0.5834292,1
2,0,0.5832787,1
2,0,0.58287376,1
2,0,0.5827447,1
2,0,0.58169043,1
2,0,0.5823747,1
2,0,0.58263683,1
2,0,0.58392596,1
2,0,0.5827486,1
2,0,0.583345,1
2,0,0.58428496,1
2,0,0.58338445,1
2,0,0.5825848,1
2,0,0.5831065,1
2,0,0.5830282,1
2,0,0.5839172,1
2,0,0.58335865,1
2,0,0.5837789,1
2,0,0.5829025,1
2,0,0.5821263,1
2,0,0.58370733,1
2,0,0.5831869,1
2,0,0.58428776,1
2,0,0.5827423,1
2,0,0.58292013,1
2,0,0.58405125,1
2,0,0.58246887,1
2,0,0.5830764,1
2,0,0.582327,1
2,0,0.58300704,1
2,0,0.58314204,1
2,0,0.5840286,1
2,0,0.5817769,1
2,0,0.5833463,1
2,0,0.5828366,1
2,0,0.5840469,1
2,0,0.58327574,1
2,0,0.5820788,1
2,0,0.5828548,1
2,0,0.5841729,1
2,0,0.58221406,1
2,0,0.5839785,1
2,0,0.5830865,1
2,0,0.5815277,1
2,0,0.58331704,1
2,0,0.5827932,1
2,0,0.5840726,1
2,0,0.5840227,1
2,0,0.5830661,1
2,0,0.58432084,1
2,0,0.58272725,1
2,0,0.58191663,1
2,0,0.58360106,1
2,0,0.58325356,1
2,0,0.58413863,1
2,0,0.58194774,1
2,0,0.5842158,1
2,0,0.58225274,1
2,0,0.5823123,1
2,0,0.58272463,1
2,0,0.5845463,1
2,0,0.58406144,1
2,0,0.5832536,1
2,0,0.58320844,1
2,0,0.5842344,1
2,0,0.5837279,1
2,0,0.58406436,1
2,0,0.58429354,1
2,0,0.5835322,1
2,0,0.5831364,1
2,0,0.5826098,1
2,0,0.5838276,1
2,0,0.583622,1
2,0,0.583381,1
2,0,0.58343357,1
2,0,0.5836423,1
2,0,0.5845464,1
2,0,0.58208305,1
2,0,0.5829699,1
2,0,0.5835327,1
2,0,0.58359474,1
2,0,0.5838309,1
2,0,0.5834939,1
2,0,0.58264565,1
2,0,0.5837667,1
2,0,0.5836562,1
2,0,0.5842017,1
2,0,0.58356994,1
2,0,0.5832471,1
2,0,0.5840551,1
2,0,0.5858311,1
2,0,0.5844766,1
2,0,0.58729815,1
2,0,0.585647,1
2,0,0.5847928,1
2,0,0.5848871,1
2,0,0.5853772,1
2,0,0.585722,1
2,0,0.5854824,1
2,0,0.5856638,1
2,0,0.5849621,1
2,0,0.5820223,1
2,0,0.5818947,1
2,0,0.581482,1
2,0,0.58126795,1
2,0,0.5809919,1
2,0,0.58186436,1
2,0,0.5812541,1
2,0,0.5820962,1
2,0,0.5811087,1
2,0,0.5801138,1
2,0,0.5803707,1
2,0,0.5813184,1
2,0,0.5810206,1
2,0,0.58100104,1
2,0,0.5817962,1
2,0,0.5806938,1
2,0,0.5812313,1
2,0,0.58106476,1
2,0,0.58081174,1
2,0,0.5820012,1
2,0,0.5813236,1
2,0,0.5804781,1
2,0,0.5807104,1
2,0,0.5810022,1
2,0,0.5814291,1
2,0,0.58111894,1
2,0,0.58092594,1
2,0,0.5801399,1
2,0,0.58120406,1
2,0,0.58087134,1
2,0,0.58095866,1
2,0,0.581591,1
2,0,0.581947,1
2,0,0.57995814,1
2,0,0.5803359,1
2,0,0.5801482,1
3,1,0.51470727,1
3,1,0.51554567,1
3,1,0.5163208,1
3,1,0.51592904,1
3,1,0.5198731,1
3,1,0.51810557,1
3,1,0.51503736,1
3,1,0.51609534,1
3,1,0.5168008,1
3,1,0.51645184,1
3,1,0.5165156,1
3,1,0.5157247,1
3,1,0.51552707,1
3,1,0.51641697,1
3,1,0.51805145,1
3,1,0.51482934,1
3,1,0.6377273,1
3,1,0.6389999,1
3,1,0.6352127,1
3,1,0.6376328,1
3,1,0.63838756,1
3,1,0.6453555,1
3,1,0.65073377,1
3,1,0.6486382,1
3,1,0.57028395,1
3,1,0.5680966,1
3,1,0.57235354,1
3,1,0.5707511,1
3,1,0.5726453,1
3,1,0.567788,1
3,1,0.57196295,1
3,1,0.5703398,1
3,1,0.56967086,1
3,1,0.5686848,1
3,1,0.5755911,1
3,1,0.5077546,1
3,1,0.5055913,1
3,1,0.50337774,1
3,1,0.50410354,1
3,1,0.5036014,1
3,1,0.50551134,1
3,1,0.5053067,1
3,1,0.50466275,1
3,1,0.503012,1
3,1,0.5055946,1
3,1,0.5047074,1
3,1,0.5049426,1
3,1,0.5039104,1
3,1,0.5051141,1
3,1,0.5030522,1
3,1,0.50165755,1
3,1,0.50343305,1
3,1,0.5022273,1
3,1,0.5005204,1
3,1,0.500303,1
3,1,0.501888,1
3,1,0.5002797,1
3,1,0.5013591,1
3,1,0.50193536,1
3,1,0.50090927,1
3,1,0.5008718,1
3,1,0.49903023,0
3,1,0.4990097,0
3,1,0.49794576,0
3,1,0.49828187,0
3,1,0.4987504,0
3,1,0.50042033,1
3,1,0.49882802,0
3,1,0.49853706,0
3,1,0.49921963,0
3,1,0.49811473,0
3,1,0.49735528,0
3,1,0.4981059,0
3,1,0.4983304,0
3,1,0.49866167,0
3,1,0.49888325,0
3,1,0.49922398,0
3,1,0.49880144,0
3,1,0.49982172,0
3,1,0.5001384,1
3,1,0.49835953,0
3,1,0.49776083,0
3,1,0.49829918,0
3,1,0.49823675,0
3,1,0.49684027,0
3,1,0.4966615,0
3,1,0.4984882,0
3,1,0.49746644,0
3,1,0.49719614,0
3,1,0.49816483,0
3,1,0.4999633,0
3,1,0.49989265,0
3,1,0.49956918,0
3,1,0.5000722,1
3,1,0.49839044,0
3,1,0.49973023,0
3,1,0.49948648,0
3,1,0.49788857,0
3,1,0.49855646,0
3,1,0.49870607,0
3,1,0.4989753,0
3,1,0.4982823,0
3,1,0.49957022,0
3,1,0.5000055,1
3,1,0.49960053,0
3,1,0.49952435,0
3,1,0.5004583,1
3,1,0.5001414,1
3,1,0.49869445,0
3,1,0.4997877,0
3,1,0.4988735,0
3,1,0.49838114,0
3,1,0.49776784,0
3,1,0.4975166,0
3,1,0.4973097,0
3,1,0.49657455,0
3,1,0.49670544,0
3,1,0.49519938,0
3,1,0.4983695,0
3,1,0.4984318,0
3,1,0.49813765,0
3,1,0.49893633,0
3,1,0.5007624,1
3,1,0.49976805,0
3,1,0.49903604,0
3,1,0.4990348,0
3,1,0.4982934,0
3,1,0.49861366,0
3,1,0.4998112,0
3,1,0.4990987,0
3,1,0.49865782,0
3,1,0.49866754,0
3,1,0.49848634,0
3,1,0.49849683,0
3,1,0.4976078,0
3,1,0.4984012,0
3,1,0.49820808,0
3,1,0.49894494,0
3,1,0.49842563,0
3,1,0.49933547,0
3,1,0.5005187,1
3,1,0.49972034,0
3,1,0.4993136,0
3,1,0.5002711,1
3,1,0.49999294,0
3,1,0.49980265,0
3,1,0.49861324,0
3,1,0.4983772,0
3,1,0.5008993,1
3,1,0.5020494,1
3,1,0.5005572,1
3,1,0.5010561,1
3,1,0.5011504,1
3,1,0.5003586,1
3,1,0.5006544,1
3,1,0.5011798,1
3,1,0.5016818,1
3,1,0.5017189,1
3,1,0.5007615,1
3,1,0.5008132,1
3,1,0.4989476,0
3,1,0.49994865,0
3,1,0.49865788,0
3,1,0.5180729,1
3,1,0.517546,1
3,1,0.5187178,1
3,1,0.5163967,1
3,1,0.5190752,1
3,1,0.51753336,1
3,1,0.51712775,1
3,1,0.5932049,1
3,1,0.59069145,1
3,1,0.5833002,1
3,1,0.5804218,1
3,1,0.5783757,1
3,1,0.57954156,1
3,1,0.58332896,1
3,1,0.5827669,1
3,1,0.58174264,1
3,1,0.57748604,1
3,1,0.579572,1
3,1,0.5835197,1
3,1,0.58678246,1
3,1,0.58066237,1
3,1,0.58281034,1
3,1,0.58163166,1
3,1,0.57813656,1
3,1,0.5754069,1
3,1,0.5811464,1
3,1,0.58716404,1
3,1,0.5818268,1
3,1,0.5810119,1
3,1,0.5721679,1
3,1,0.5621816,1
3,1,0.55779237,1
3,1,0.5646963,1
3,1,0.5622344,1
3,1,0.56772923,1
3,1,0.5560757,1
3,0,0.49843618,0
3,0,0.49752262,0
3,0,0.49713695,0
3,0,0.49883032,0
3,0,0.49810803,0
3,0,0.49911478,0
3,0,0.49970034,0
3,0,0.5007845,1
3,0,0.49981502,0
3,0,0.49987906,0
3,0,0.49885765,0
3,0,0.49979025,0
3,0,0.5002532,1
3,0,0.500996,1
3,0,0.49936345,0
3,0,0.50115675,1
3,0,0.4992309,0
3,0,0.49894282,0
3,0,0.49795085,0
3,0,0.4998775,0
3,0,0.49831596,0
3,0,0.49805704,0
3,0,0.49924597,0
3,0,0.5003055,1
3,0,0.5008777,1
3,0,0.5010101,1
3,0,0.50042856,1
3,0,0.5012351,1
3,0,0.49814922,0
3,0,0.49899086,0
3,0,0.49779305,0
3,0,0.49780282,0
3,0,0.50046587,1
3,0,0.5000366,1
3,0,0.49895218,0
3,0,0.49911484,0
3,0,0.49929363,0
3,0,0.49790043,0
3,0,0.4992353,0
3,0,0.4985964,0
3,0,0.49700928,0
3,0,0.4994233,0
3,0,0.4992313,0
3,0,0.49777874,0
3,0,0.49761775,0
3,0,0.49689502,0
3,0,0.4991122,0
3,0,0.49754453,0
3,0,0.49752593,0
3,0,0.49809095,0
3,0,0.49836296,0
3,0,0.49816054,0
3,0,0.49876723,0
3,0,0.49792323,0
3,0,0.49866855,0
3,0,0.49953535,0
3,0,0.49988812,0
3,0,0.49935573,0
3,0,0.50038266,1
3,0,0.49981382,0
3,0,0.49972278,0
3,0,0.49730426,0
3,0,0.5010745,1
3,0,0.50094825,1
3,0,0.49756095,0
3,0,0.49842456,0
3,0,0.5003034,1
3,0,0.49904904,0
3,0,0.49780068,0
3,0,0.500205,1
3,0,0.49949935,0
3,0,0.49910328,0
3,0,0.49829897,0
3,0,0.50045294,1
3,0,0.50033665,1
3,0,0.4991546,0
3,0,0.50092095,1
3,0,0.49992773,0
3,0,0.49849573,0
3,0,0.49951062,0
3,0,0.5002177,1
3,0,0.49815685,0
3,0,0.4999832,0
3,0,0.5019085,1
3,0,0.49987978,0
3,0,0.4977684,0
3,0,0.49941683,0
3,0,0.5009718,1
3,0,0.49859485,0
3,0,0.4975597,0
3,0,0.5008509,1
3,0,0.49958888,0
3,0,0.49817654,0
3,0,0.49990243,0
3,0,0.5004466,1
3,0,0.5004649,1
3,0,0.498374,0
3,0,0.49983835,0
3,0,0.5002464,1
3,0,0.5014944,1
3,0,0.5006443,1
3,0,0.5013352,1
3,0,0.5014019,1
3,0,0.50126046,1
3,0,0.49898636,0
3,0,0.5017801,1
3,0,0.49871305,0
3,1,0.49930778,0
3,1,0.5014904,1
3,1,0.50153923,1
3,1,0.50100845,1
3,1,0.5010623,1
3,1,0.5016568,1
3,1,0.4995756,0
3,1,0.5008213,1
3,1,0.49999705,0
3,1,0.5001377,1
3,0,0.49950752,0
3,0,0.49953505,0
3,0,0.5013989,1
3,0,0.49879605,0
3,0,0.4991662,0
3,0,0.49966002,0
3,0,0.50218856,1
3,0,0.49869874,0
3,0,0.4995021,0
3,0,0.5004584,1
3,0,0.49963135,0
3,0,0.49846995,0
3,0,0.50094354,1
3,0,0.49946338,0
3,0,0.49920687,0
3,0,0.49937752,0
3,0,0.5005534,1
3,0,0.5005026,1
3,0,0.5019669,1
3,0,0.50102496,1
3,0,0.500657,1
3,0,0.50208104,1
3,0,0.50142395,1
3,0,0.49971372,0
3,0,0.5014031,1
3,0,0.50093883,1
3,0,0.5006923,1
3,0,0.5012766,1
3,0,0.5017147,1
3,0,0.5006439,1
3,0,0.5002519,1
3,0,0.5019761,1
3,0,0.49983105,0
3,0,0.50131655,1
3,0,0.5016986,1
3,0,0.5000574,1
3,0,0.4998069,0
3,0,0.5029524,1
3,0,0.50125986,1
3,0,0.5013377,1
3,0,0.5015659,1
3,0,0.5013083,1
3,0,0.5001444,1
3,0,0.50063956,1
3,0,0.5002615,1
3,0,0.4991281,0
3,0,0.5010148,1
3,0,0.49848154,0
3,0,0.5012695,1
3,0,0.50004375,1
3,0,0.500178,1
3,0,0.50100344,1
3,0,0.5026803,1
3,0,0.50014484,1
3,0,0.5009636,1
3,0,0.50148773,1
3,0,0.5003278,1
3,0,0.49949408,0
3,0,0.500937,1
3,0,0.5013716,1
3,0,0.5003088,1
3,0,0.4994964,0
3,0,0.5005697,1
3,0,0.49981612,0
3,0,0.50155604,1
3,0,0.50084615,1
3,0,0.50307244,1
3,0,0.5006724,1
3,0,0.50191444,1
3,0,0.5015904,1
3,0,0.5018852,1
3,0,0.5010997,1
3,0,0.5007958,1
3,0,0.5026023,1
3,0,0.50192434,1
3,0,0.50051856,1
3,0,0.5006506,1
3,0,0.50057924,1
3,0,0.50039744,1
3,0,0.49971873,0
3,1,0.5000009,1
3,1,0.50132257,1
3,1,0.49922013,0
3,1,0.49914348,0
3,1,0.5008311,1
3,1,0.5005032,1
3,1,0.5013807,1
3,1,0.5006533,1
3,1,0.50043243,1
3,1,0.50045466,1
3,1,0.5006563,1
3,1,0.5005456,1
3,1,0.50069255,1
3,1,0.5012271,1
3,1,0.5021038,1
3,1,0.5000663,1
3,1,0.502318,1
3,1,0.50207186,1
3,1,0.5053438,1
3,1,0.5026387,1
3,0,0.5033364,1
3,0,0.50399184,1
3,0,0.501924,1
3,0,0.5014708,1
3,0,0.5027059,1
3,0,0.50078076,1
3,0,0.50336903,1
3,0,0.50061244,1
3,0,0.50161666,1
3,0,0.50074303,1
3,0,0.5012232,1
3,0,0.50044936,1
3,0,0.5009309,1
3,0,0.5015745,1
3,0,0.50251555,1
3,0,0.5018786,1
3,0,0.5024656,1
3,0,0.50203896,1
3,0,0.50164425,1
3,0,0.50141287,1
3,0,0.50289506,1
3,0,0.5035728,1
3,0,0.50130886,1
3,0,0.5029288,1
3,0,0.50302446,1
3,0,0.5011124,1
3,0,0.50325614,1
3,0,0.50393826,1
3,0,0.50319016,1
3,0,0.50124747,1
3,0,0.50227547,1
3,0,0.5027699,1
3,0,0.50453675,1
3,0,0.5018323,1
3,0,0.5030525,1
3,0,0.5053281,1
3,0,0.50382984,1
3,0,0.50156295,1
3,0,0.50384986,1
3,0,0.50437057,1
3,0,0.50197595,1
3,0,0.50228596,1
3,0,0.50335485,1
3,0,0.50306267,1
3,0,0.5016051,1
3,0,0.50288665,1
3,0,0.5016219,1
3,0,0.50332415,1
3,0,0.5022201,1
3,0,0.5017965,1
3,0,0.5043902,1
3,0,0.50304925,1
3,0,0.5030448,1
3,0,0.50403863,1
3,0,0.50418454,1
3,0,0.5018995,1
3,0,0.5024935,1
3,0,0.50487554,1
3,0,0.50241435,1
3,0,0.50230926,1
3,0,0.50323814,1
3,0,0.5030645,1
3,0,0.50175476,1
3,0,0.50384873,1
3,0,0.50496423,1
3,0,0.50231105,1
3,0,0.5036609,1
3,0,0.50157726,1
3,0,0.50190794,1
3,0,0.5003737,1
3,1,0.5039705,1
3,1,0.50202715,1
3,1,0.5030533,1
3,1,0.503744,1
3,1,0.50278723,1
3,1,0.5034719,1
3,1,0.5032018,1
3,1,0.5030276,1
3,1,0.50273126,1
3,1,0.50381345,1
3,1,0.5030632,1
3,1,0.5042724,1
3,1,0.5043546,1
3,1,0.5051936,1
3,1,0.5038049,1
3,1,0.50275666,1
3,1,0.5052583,1
3,1,0.5041614,1
3,1,0.502573,1
3,1,0.5034801,1
3,0,0.5042966,1
3,0,0.5032616,1
3,0,0.5035083,1
3,0,0.5027765,1
3,0,0.5036381,1
3,0,0.5054212,1
3,0,0.5044343,1
3,0,0.50479484,1
3,0,0.5053327,1
3,0,0.50488216,1
3,0,0.50494105,1
3,0,0.50387925,1
3,0,0.50473064,1
3,0,0.5027588,1
3,0,0.5053188,1
3,0,0.50587195,1
3,1,0.5036042,1
3,1,0.5044831,1
3,1,0.50561136,1
3,1,0.5058723,1
3,1,0.5055686,1
3,1,0.5052167,1
3,1,0.50703436,1
3,1,0.50440127,1
3,1,0.50396276,1
3,1,0.50598776,1
3,1,0.5044714,1
3,1,0.50431573,1
3,1,0.5042337,1
3,1,0.50544816,1
3,1,0.5249068,1
3,1,0.524126,1
3,1,0.52390516,1
3,1,0.52358735,1
3,1,0.52203536,1
3,1,0.5236945,1
3,1,0.52367264,1
3,1,0.52458656,1
3,1,0.52364826,1
3,1,0.52375925,1
3,1,0.52331775,1
3,1,0.5212654,1
3,1,0.5250402,1
3,1,0.52326965,1
3,0,0.49037158,0
3,0,0.48265627,0
3,0,0.48351267,0
3,0,0.48492885,0
3,0,0.48781034,0
3,0,0.4857368,0
3,0,0.49123242,0
3,0,0.48280123,0
3,0,0.488104,0
3,0,0.49124503,0
3,0,0.4944358,0
3,0,0.49342373,0
3,0,0.49488577,0
3,0,0.4990794,0
3,0,0.50116664,1
3,0,0.5060039,1
3,0,0.5058156,1
3,0,0.50732994,1
3,0,0.51143473,1
3,0,0.5081851,1
3,0,0.5136795,1
3,0,0.5175162,1
3,0,0.51791275,1
3,0,0.5163503,1
3,0,0.5176465,1
3,0,0.5174676,1
3,1,0.51501906,1
3,1,0.5165064,1
3,1,0.5147734,1
3,1,0.51669264,1
3,1,0.5152622,1
3,1,0.5143397,1
3,1,0.5147142,1
3,1,0.51644063,1
3,1,0.5168951,1
3,1,0.5132514,1
3,1,0.51545566,1
3,1,0.51591676,1
3,1,0.5144204,1
3,1,0.514383,1
3,1,0.51375896,1
3,1,0.5142341,1
3,1,0.5116852,1
3,1,0.5090869,1
3,1,0.5110802,1
3,1,0.5074206,1
3,1,0.5085949,1
3,1,0.5100992,1
3,1,0.51042867,1
3,1,0.5095143,1
3,1,0.50887054,1
3,1,0.50883627,1
3,1,0.5074911,1
3,1,0.5082244,1
3,1,0.50849336,1
3,1,0.50743884,1
3,1,0.509063,1
3,1,0.50681764,1
3,1,0.50713384,1
3,1,0.506741,1
3,1,0.50654817,1
3,1,0.5082149,1
3,1,0.50664574,1
3,1,0.50708854,1
3,1,0.5070494,1
3,1,0.5073262,1
3,1,0.50800365,1
3,1,0.50795525,1
3,1,0.50863487,1
3,0,0.5075474,1
3,0,0.5083918,1
3,0,0.5086381,1
3,0,0.506847,1
3,0,0.5068555,1
3,0,0.5087733,1
3,0,0.5065624,1
3,0,0.5054532,1
3,0,0.50794005,1
3,0,0.5072799,1
3,0,0.5062964,1
3,0,0.50746995,1
3,0,0.5086053,1
3,0,0.5079367,1
3,0,0.5082328,1
3,0,0.5090614,1
3,0,0.50775665,1
3,0,0.508034,1
3,0,0.5064088,1
3,0,0.5075052,1
3,0,0.5079161,1
3,0,0.50719905,1
3,0,0.50780934,1
3,0,0.51001006,1
3,0,0.50840586,1
3,1,0.50679934,1
3,1,0.5085847,1
3,1,0.5090481,1
3,1,0.5078277,1
3,1,0.50604635,1
3,1,0.50811076,1
3,1,0.5066523,1
3,1,0.5071146,1
3,1,0.5070224,1
3,1,0.5082307,1
3,1,0.5063166,1
3,1,0.5061157,1
3,1,0.50748384,1
3,1,0.5068366,1
3,1,0.5071851,1
3,1,0.5065003,1
3,1,0.50804454,1
3,1,0.50836325,1
3,0,0.500069,1
3,0,0.5007787,1
3,0,0.5016138,1
3,0,0.5003633,1
3,0,0.500472,1
3,0,0.50044394,1
3,0,0.5008957,1
3,0,0.4982171,0
3,0,0.49791774,0
3,0,0.49753466,0
3,0,0.50003254,1
3,0,0.4994754,0
3,0,0.5000089,1
3,0,0.49829996,0
3,0,0.49860588,0
3,1,0.50630224,1
3,1,0.50765765,1
3,1,0.506996,1
3,1,0.5076436,1
3,1,0.5080491,1
3,1,0.5053525,1
3,1,0.50757056,1
3,1,0.5061306,1
3,1,0.504782,1
3,1,0.5050692,1
3,1,0.50583297,1
3,1,0.50474197,1
3,1,0.5051988,1
3,0,0.41310033,0
3,0,0.392426,0
3,0,0.38949302,0
3,0,0.39587787,0
3,0,0.3966043,0
3,0,0.39626512,0
3,0,0.39489606,0
3,0,0.40391058,0
3,0,0.41131166,0
3,0,0.41542402,0
3,0,0.41302544,0
3,0,0.4124389,0
3,0,0.420357,0
3,0,0.4228438,0
3,0,0.4319377,0
3,0,0.44039068,0
3,0,0.45032537,0
3,0,0.45109746,0
3,0,0.46242353,0
3,0,0.47586238,0
3,0,0.48223075,0
3,0,0.4912577,0
3,0,0.5036213,1
3,0,0.50396764,1
3,0,0.5064809,1
3,0,0.50740707,1
3,0,0.5043924,1
3,0,0.50637174,1
3,0,0.50647223,1
3,0,0.5038929,1
3,0,0.5029506,1
3,0,0.5053788,1
3,0,0.5059721,1
3,0,0.50444716,1
3,0,0.5025905,1
3,0,0.5032329,1
3,0,0.5030233,1
3,0,0.50185394,1
3,0,0.5026686,1
3,0,0.503561,1
3,0,0.5027004,1
3,0,0.5021694,1
3,0,0.5040311,1
3,0,0.50314146,1
3,0,0.5017492,1
3,0,0.5010229,1
3,0,0.50216943,1
3,0,0.5037804,1
3,0,0.50060076,1
3,0,0.5008477,1
3,0,0.5018327,1
3,0,0.5003909,1
3,0,0.5004898,1
3,0,0.5018134,1
3,0,0.5017495,1
3,0,0.5010972,1
3,0,0.5024159,1
3,0,0.50093615,1
3,0,0.50130594,1
3,0,0.4997113,0
3,0,0.4992169,0
3,0,0.4993504,0
3,0,0.5017081,1
3,0,0.5010394,1
3,0,0.49950483,0
3,0,0.49995095,0
3,0,0.5008532,1
3,1,0.49934697,0
3,1,0.499354,0
3,1,0.49801254,0
3,1,0.5000795,1
3,1,0.49816397,0
3,1,0.4972618,0
3,1,0.49952292,0
3,1,0.4967767,0
3,1,0.49814507,0
3,0,0.49807084,0
3,0,0.49652126,0
3,0,0.49650553,0
3,0,0.4978902,0
3,0,0.49775591,0
3,0,0.49747568,0
3,0,0.49779013,0
3,0,0.49733257,0
3,0,0.49673384,0
3,0,0.49860248,0
3,0,0.49892342,0
3,0,0.49792215,0
3,0,0.49896574,0
3,0,0.49854988,0
3,0,0.4966336,0
3,0,0.49665654,0
3,0,0.49654838,0
3,0,0.49748486,0
3,0,0.49553046,0
3,0,0.49617788,0
3,0,0.4962825,0
3,0,0.49658462,0
3,0,0.4952049,0
3,0,0.49554047,0
3,0,0.49723557,0
3,0,0.49541634,0
3,0,0.49551338,0
3,0,0.49731734,0
3,0,0.49817362,0
3,0,0.49699154,0
3,0,0.49603352,0
3,0,0.49714267,0
3,0,0.4975036,0
3,0,0.4979927,0
3,0,0.49633566,0
3,0,0.4976831,0
3,0,0.49719843,0
3,0,0.49874657,0
3,0,0.49710956,0
3,0,0.49828008,0
3,0,0.49679744,0
3,0,0.4962112,0
3,0,0.49665388,0
3,0,0.4958917,0
3,0,0.4965615,0
3,0,0.4951315,0
3,0,0.49575284,0
3,0,0.49709976,0
3,0,0.4960663,0
3,0,0.49701375,0
3,0,0.49738836,0
3,0,0.49817502,0
3,0,0.4963699,0
3,0,0.49604997,0
3,0,0.49886367,0
3,0,0.49718282,0
3,0,0.49838546,0
3,0,0.49901047,0
3,0,0.49862233,0
3,0,0.49729103,0
3,0,0.4966603,0
3,0,0.49700513,0
3,0,0.49738652,0
3,0,0.49628082,0
3,0,0.49517438,0
3,0,0.4966319,0
3,0,0.49670044,0
3,0,0.4957321,0
3,0,0.49640095,0
3,0,0.49865443,0
3,0,0.4972769,0
3,0,0.4978081,0
3,0,0.49758112,0
3,0,0.49983206,0
3,0,0.4969498,0
3,0,0.4969382,0
3,0,0.49708015,0
3,0,0.49755955,0
3,0,0.4965154,0
3,0,0.4973533,0
3,0,0.49714485,0
3,0,0.49723455,0
3,0,0.4973682,0
3,0,0.49837908,0
3,0,0.49683368,0
3,0,0.49796778,0
3,0,0.49813798,0
3,0,0.4970884,0
3,0,0.49576417,0
3,0,0.49621367,0
3,0,0.49523008,0
3,0,0.49657914,0
3,0,0.49522823,0
3,0,0.49700978,0
3,0,0.49762422,0
3,0,0.49700093,0
3,0,0.49681285,0
3,0,0.4981562,0
3,0,0.49722713,0
3,0,0.49718922,0
3,0,0.4964747,0
3,0,0.49623764,0
3,1,0.4976102,0
3,1,0.49451354,0
3,1,0.4984459,0
3,1,0.49635395,0
3,1,0.49703076,0
3,1,0.49458322,0
3,1,0.49753985,0
3,1,0.49552256,0
3,1,0.4955361,0
3,0,0.49592668,0
3,0,0.4965792,0
3,0,0.49625072,0
3,0,0.4961319,0
3,0,0.49746364,0
3,0,0.497486,0
3,0,0.4953168,0
3,0,0.49631158,0
3,0,0.4967328,0
3,0,0.49574354,0
3,0,0.49584842,0
3,0,0.49651325,0
3,0,0.4960901,0
3,0,0.49608675,0
3,0,0.49696717,0
3,0,0.49570817,0
3,0,0.4943543,0
3,0,0.49662173,0
3,0,0.49536273,0
3,0,0.49664524,0
3,0,0.49555072,0
3,0,0.49589282,0
3,0,0.4961134,0
3,0,0.4967293,0
3,0,0.49672988,0
3,0,0.49620566,0
3,0,0.49662802,0
3,0,0.4967731,0
3,0,0.49450204,0
3,0,0.4966549,0
3,0,0.49736282,0
3,0,0.49698594,0
3,0,0.49700457,0
3,0,0.4978527,0
3,0,0.49642685,0
3,0,0.4962149,0
3,0,0.49587557,0
3,0,0.49695814,0
3,0,0.49730495,0
3,0,0.4963035,0
3,0,0.49606267,0
3,0,0.49615926,0
3,0,0.49611187,0
3,0,0.49664813,0
3,0,0.49641928,0
3,0,0.49526528,0
3,1,0.4959904,0
3,1,0.496788,0
3,1,0.49580988,0
3,1,0.49694985,0
3,1,0.49703223,0
3,1,0.49649677,0
3,1,0.49548268,0
3,1,0.49583617,0
3,1,0.49760675,0
3,1,0.49716914,0
3,1,0.49633983,0
3,1,0.49655345,0
3,1,0.4988618,0
3,0,0.49601653,0
3,0,0.49678057,0
3,0,0.49674338,0
3,0,0.49709406,0
3,0,0.49653065,0
3,0,0.49707448,0
3,0,0.49772987,0
3,0,0.49544883,0
3,0,0.49703914,0
3,0,0.4978201,0
3,0,0.49841502,0
3,0,0.49846244,0
3,0,0.49900535,0
3,0,0.49844387,0
3,0,0.4973283,0
3,0,0.49749267,0
3,0,0.4977053,0
3,0,0.4982472,0
3,0,0.4968456,0
3,0,0.49812835,0
3,0,0.49813128,0
3,0,0.49915367,0
3,0,0.49794847,0
3,1,0.499729,0
3,1,0.49868146,0
3,1,0.5001913,1
3,1,0.49869505,0
3,1,0.49781016,0
3,1,0.49599737,0
3,1,0.49792382,0
3,1,0.4966106,0
3,1,0.49757528,0
3,1,0.49796817,0
3,1,0.49872428,0
3,1,0.49723256,0
3,1,0.4973699,0
3,1,0.4970743,0
3,1,0.49736023,0
3,0,0.71264875,1
3,0,0.71107244,1
3,0,0.70948184,1
3,0,0.7121882,1
3,0,0.70713294,1
3,0,0.7044336,1
3,0,0.7098155,1
3,0,0.70542645,1
3,0,0.7006344,1
3,0,0.70212805,1
3,0,0.70194536,1
3,0,0.6982649,1
3,0,0.698914,1
3,0,0.7006795,1
3,0,0.70093256,1
3,0,0.70351803,1
3,0,0.70497084,1
3,0,0.7040354,1
3,0,0.70514,1
3,0,0.70367056,1
3,0,0.7073345,1
3,0,0.70995647,1
3,0,0.71277297,1
3,0,0.7121773,1
3,0,0.71002686,1
3,0,0.70737535,1
3,0,0.7049063,1
3,0,0.7033684,1
3,0,0.7033976,1
3,0,0.70189047,1
3,0,0.69609827,1
3,0,0.69745857,1
3,0,0.7003738,1
3,0,0.6975191,1
3,0,0.6979344,1
3,0,0.6998168,1
3,0,0.702805,1
3,0,0.706668,1
3,0,0.70386606,1
3,0,0.7064751,1
3,0,0.7036395,1
3,0,0.707173,1
3,0,0.7035567,1
3,0,0.7047468,1
3,0,0.70020115,1
3,0,0.70303255,1
3,0,0.69818723,1
3,0,0.70437616,1
3,0,0.70762074,1
3,0,0.7059159,1
3,0,0.70775867,1
3,0,0.70475185,1
3,0,0.7063135,1
3,0,0.70163,1
3,0,0.7018416,1
3,0,0.7050516,1
3,0,0.7053577,1
3,0,0.7043941,1
3,0,0.7085063,1
3,0,0.70686626,1
3,0,0.70720667,1
3,0,0.71120584,1
3,0,0.71121097,1
3,0,0.7070647,1
3,0,0.7101084,1
3,0,0.7071734,1
3,0,0.71461743,1
3,0,0.71471053,1
3,0,0.71310914,1
3,0,0.71156347,1
3,0,0.71791553,1
3,0,0.7191318,1
3,0,0.7173878,1
3,0,0.7166645,1
3,0,0.7214686,1
3,0,0.72486407,1
3,0,0.7191475,1
3,0,0.7204258,1
3,0,0.7134733,1
3,0,0.71887946,1
3,0,0.7213606,1
3,0,0.7221174,1
3,0,0.71884507,1
3,0,0.7182576,1
3,0,0.72154486,1
3,0,0.71997356,1
3,0,0.720265,1
3,0,0.7165045,1
3,0,0.72186595,1
3,0,0.72120976,1
3,0,0.7192914,1
3,0,0.71410793,1
3,0,0.71732265,1
3,0,0.71750736,1
3,0,0.71437347,1
3,0,0.7159792,1
3,0,0.72019666,1
3,0,0.71716654,1
3,0,0.7178394,1
3,0,0.71847016,1
3,0,0.71484065,1
3,0,0.71803343,1
3,0,0.71964747,1
3,0,0.7218682,1
3,0,0.71858823,1
3,0,0.720451,1
3,0,0.7172558,1
3,0,0.72044647,1
3,0,0.7186064,1
3,0,0.72279227,1
3,0,0.7205538,1
3,0,0.7192423,1
3,0,0.7225824,1
3,0,0.7166437,1
3,0,0.7167938,1
3,0,0.7191444,1
3,0,0.7155974,1
3,0,0.72037786,1
3,0,0.7238408,1
3,0,0.72206223,1
3,0,0.72767484,1
3,0,0.7262393,1
3,0,0.7245355,1
3,0,0.7206518,1
3,0,0.72343165,1
3,0,0.72448754,1
3,0,0.719736,1
3,0,0.72511625,1
3,0,0.7273615,1
3,0,0.72548836,1
3,0,0.7261356,1
3,0,0.72377896,1
3,0,0.7246072,1
3,0,0.7244397,1
3,0,0.7252097,1
3,0,0.7273262,1
3,0,0.7259127,1
3,0,0.7248465,1
3,0,0.72510093,1
3,0,0.723123,1
3,0,0.72387874,1
3,0,0.7246035,1
3,0,0.7252352,1
3,0,0.72280174,1
3,0,0.72802836,1
3,0,0.72683,1
3,0,0.7269038,1
3,1,0.75228494,1
3,1,0.75429183,1
3,1,0.75097847,1
3,1,0.750788,1
3,1,0.748079,1
3,1,0.74914753,1
3,1,0.7480337,1
3,1,0.75003463,1
3,1,0.7494859,1
3,1,0.75031877,1
3,1,0.7445196,1
3,1,0.74560916,1
3,1,0.7520388,1
3,1,0.7472497,1
3,1,0.7478826,1
3,1,0.75061166,1
3,1,0.7489985,1
3,1,0.7427562,1
3,1,0.74097204,1
3,1,0.7379215,1
3,1,0.7414662,1
3,1,0.7413701,1
3,1,0.7448749,1
3,1,0.74558353,1
3,1,0.74151284,1
3,1,0.7438925,1
3,1,0.74137664,1
3,1,0.74147695,1
3,1,0.74357843,1
3,1,0.7416615,1
3,1,0.7409384,1
3,1,0.7443271,1
3,1,0.747391,1
3,1,0.7499911,1
3,1,0.746593,1
3,1,0.7444299,1
3,1,0.740949,1
3,1,0.74622715,1
3,1,0.7488002,1
3,1,0.4999278,0
3,1,0.50705165,1
3,1,0.50759745,1
3,1,0.50973064,1
3,1,0.50919336,1
3,1,0.5085679,1
3,1,0.5082295,1
3,1,0.5075597,1
3,1,0.5078098,1
3,1,0.5064692,1
3,1,0.50538385,1
3,1,0.5065129,1
3,1,0.50723857,1
3,1,0.5071351,1
3,1,0.50700366,1
3,1,0.5040377,1
3,1,0.50498945,1
3,1,0.50463885,1
3,1,0.50530595,1
3,1,0.5052466,1
3,1,0.5057959,1
3,1,0.5062551,1
3,1,0.5041589,1
3,1,0.50584424,1
3,1,0.5055136,1
3,1,0.50615907,1
3,1,0.505565,1
3,1,0.5059155,1
3,1,0.7658196,1
3,1,0.7672364,1
3,1,0.760665,1
3,1,0.76403016,1
3,1,0.76566446,1
3,1,0.7664359,1
3,1,0.7638472,1
3,1,0.7654758,1
3,1,0.7666977,1
3,1,0.7630511,1
3,1,0.7645469,1
3,1,0.7630743,1
3,1,0.7633552,1
3,1,0.7657919,1
3,1,0.76403755,1
3,1,0.5057606,1
3,1,0.50654304,1
3,1,0.50744927,1
3,1,0.5062448,1
3,1,0.50637645,1
3,1,0.5065093,1
3,1,0.50543606,1
3,1,0.50636685,1
3,1,0.5079318,1
3,1,0.50424737,1
3,1,0.5055355,1
3,1,0.5083167,1
3,1,0.5078759,1
3,1,0.506387,1
3,1,0.5082196,1
3,1,0.50718784,1
3,1,0.72108984,1
3,1,0.7158005,1
3,1,0.7227175,1
3,1,0.72046936,1
3,1,0.71853244,1
3,1,0.7156046,1
3,1,0.71510047,1
3,1,0.7198085,1
3,1,0.7171517,1
3,1,0.71811706,1
3,1,0.7154564,1
3,1,0.7194975,1
3,1,0.7255858,1
3,1,0.7240256,1
3,1,0.72662127,1
3,1,0.7246809,1
3,1,0.7208146,1
3,1,0.7176877,1
3,1,0.7172034,1
3,1,0.7250859,1
3,1,0.72482896,1
3,1,0.725718,1
3,1,0.7022499,1
3,1,0.6941896,1
3,1,0.6958777,1
3,1,0.7015419,1
3,1,0.704309,1
3,1,0.71199673,1
3,1,0.7065989,1
3,1,0.704024,1
3,1,0.7069147,1
3,1,0.70515954,1
3,1,0.70262575,1
3,1,0.7064128,1
3,1,0.70968616,1
3,1,0.7140776,1
3,1,0.7128997,1
3,1,0.7125018,1
3,1,0.70912695,1
3,1,0.7039897,1
3,1,0.69547856,1
3,1,0.7010588,1
3,1,0.71287173,1
3,1,0.70038027,1
3,1,0.69849443,1
3,1,0.70878124,1
3,1,0.709673,1
3,1,0.7005981,1
3,1,0.69994116,1
3,1,0.7056313,1
3,1,0.7107992,1
3,1,0.7047237,1
3,1,0.70595616,1
3,1,0.6983686,1
3,1,0.7039236,1
3,1,0.70975906,1
3,1,0.7044896,1
3,1,0.7048115,1
3,1,0.7135157,1
3,1,0.7021532,1
3,1,0.69601214,1
3,1,0.69945204,1
3,1,0.70011944,1
3,1,0.6959486,1
3,1,0.70450115,1
3,1,0.69584066,1
3,1,0.714289,1
3,1,0.71542853,1
3,1,0.7127388,1
3,1,0.7153533,1
3,1,0.7151206,1
3,1,0.7128657,1
3,1,0.7173968,1
3,1,0.7058899,1
3,1,0.6927895,1
3,0,0.69771934,1
3,0,0.7084084,1
3,0,0.71115667,1
3,0,0.6858694,1
3,0,0.6912355,1
3,0,0.6968959,1
3,0,0.70430344,1
3,0,0.6949999,1
3,0,0.6926925,1
3,0,0.6928852,1
3,0,0.69013834,1
3,0,0.69317585,1
3,1,0.5191295,1
3,1,0.51799613,1
3,1,0.5176915,1
3,1,0.5177844,1
3,1,0.5187697,1
3,1,0.5195937,1
3,1,0.5217862,1
3,1,0.5191352,1
3,1,0.51931864,1
3,1,0.5185608,1
3,1,0.51725876,1
3,1,0.5197463,1
3,1,0.52080655,1
3,1,0.5175931,1
3,1,0.5201029,1
3,0,0.49758342,0
3,0,0.49638647,0
3,0,0.49644744,0
3,0,0.49610955,0
3,0,0.49503094,0
3,0,0.4962816,0
3,0,0.49634466,0
3,0,0.49602145,0
3,0,0.4954318,0
3,0,0.49710032,0
3,0,0.49802357,0
3,0,0.496321,0
3,0,0.4966534,0
3,0,0.49551466,0
3,0,0.4976682,0
3,1,0.5167311,1
3,1,0.516174,1
3,1,0.51368743,1
3,1,0.5143452,1
3,1,0.5100501,1
3,1,0.50916815,1
3,1,0.5150886,1
3,1,0.51177126,1
3,1,0.5089172,1
3,1,0.50962955,1
3,1,0.5130237,1
3,1,0.5120226,1
3,1,0.5128429,1
3,1,0.50984865,1
3,1,0.5129975,1
3,1,0.51371497,1
3,1,0.5096797,1
3,1,0.51279324,1
3,0,0.5316473,1
3,0,0.5316915,1
3,0,0.52971476,1
3,0,0.5336471,1
3,0,0.5374298,1
3,0,0.53472334,1
3,0,0.53545874,1
3,0,0.5320434,1
3,0,0.5303287,1
3,0,0.53234875,1
3,0,0.5331507,1
3,0,0.53179044,1
3,0,0.53396076,1
3,0,0.5331712,1
3,0,0.53245664,1
3,0,0.5309005,1
3,0,0.53484553,1
3,0,0.53397065,1
3,0,0.53496003,1
3,0,0.53306055,1
3,0,0.5352077,1
3,0,0.534002,1
3,0,0.5362707,1
3,0,0.53737044,1
3,0,0.53650385,1
3,0,0.53642195,1
3,0,0.53305054,1
3,0,0.5342436,1
3,0,0.53447604,1
3,0,0.5329137,1
3,0,0.5323845,1
3,0,0.5367079,1
3,0,0.53443956,1
3,0,0.5367562,1
3,0,0.53412503,1
3,0,0.5360746,1
3,0,0.5341339,1
3,0,0.53168887,1
3,0,0.53435993,1
3,0,0.5402595,1
3,0,0.5348031,1
3,0,0.5314825,1
3,1,0.5326148,1
3,1,0.53557515,1
3,1,0.5322978,1
3,1,0.5340741,1
3,1,0.53812146,1
3,1,0.54010874,1
3,1,0.53857523,1
3,1,0.53718185,1
3,1,0.5393816,1
3,1,0.5428191,1
3,1,0.5370919,1
3,1,0.53754336,1
3,1,0.50358206,1
3,1,0.504981,1
3,1,0.5057369,1
3,1,0.50641143,1
3,1,0.5022713,1
3,1,0.50485027,1
3,1,0.50363535,1
3,1,0.5037665,1
3,1,0.5030327,1
3,1,0.502294,1
3,1,0.50357676,1
3,1,0.5009185,1
3,1,0.49919885,0
3,1,0.4981307,0
3,1,0.49825275,0
3,1,0.4986178,0
3,1,0.4996037,0
3,1,0.49956828,0
3,1,0.5005104,1
3,1,0.49801043,0
3,1,0.4990992,0
3,1,0.49842384,0
3,1,0.4977562,0
3,1,0.4975225,0
3,1,0.49682206,0
3,1,0.49818313,0
3,1,0.49702162,0
3,1,0.497641,0
3,1,0.49771613,0
3,1,0.49802855,0
3,1,0.49733195,0
3,0,0.50117517,1
3,0,0.50399846,1
3,0,0.51224595,1
3,0,0.5140436,1
3,0,0.513059,1
3,0,0.5139591,1
3,0,0.5112561,1
3,0,0.50997543,1
3,0,0.50918657,1
3,0,0.5091787,1
3,0,0.51032746,1
3,0,0.5101741,1
3,0,0.50845486,1
3,1,0.513726,1
3,1,0.51589096,1
3,1,0.5104852,1
3,1,0.50989383,1
3,1,0.51453924,1
3,1,0.5121882,1
3,1,0.5103646,1
3,1,0.51035905,1
3,1,0.51264435,1
3,1,0.51243013,1
3,1,0.51346505,1
3,1,0.5106867,1
3,1,0.5125071,1
3,1,0.51303625,1
3,1,0.50966054,1
3,1,0.5124122,1
3,1,0.51356965,1
3,1,0.74392796,1
3,1,0.7419539,1
3,1,0.7404067,1
3,1,0.7403724,1
3,1,0.73955804,1
3,1,0.74148655,1
3,1,0.74222094,1
3,1,0.74062586,1
3,1,0.7388155,1
3,1,0.7441166,1
3,1,0.7470896,1
3,1,0.7476522,1
3,1,0.74666023,1
3,1,0.742472,1
3,1,0.7380553,1
3,1,0.73949474,1
3,1,0.7376236,1
3,1,0.7381489,1
3,1,0.7400081,1
3,1,0.73962325,1
3,1,0.73961973,1
3,1,0.74241984,1
3,1,0.74235034,1
3,1,0.74314815,1
3,1,0.7460416,1
3,1,0.74510723,1
3,1,0.7472073,1
3,1,0.7486201,1
3,1,0.747854,1
3,1,0.74616474,1
3,1,0.7454167,1
3,1,0.7427811,1
3,1,0.74418074,1
3,1,0.7441462,1
3,1,0.74817294,1
3,1,0.7444856,1
3,1,0.7408888,1
3,1,0.7444465,1
3,1,0.74617934,1
3,1,0.74211836,1
3,1,0.74460655,1
3,1,0.7489202,1
3,1,0.7480539,1
3,1,0.74730366,1
3,1,0.7517678,1
3,1,0.752344,1
3,1,0.7478308,1
3,1,0.7511264,1
3,1,0.7453442,1
3,1,0.74950415,1
3,1,0.74757946,1
3,1,0.74600756,1
3,1,0.74426305,1
3,1,0.7441769,1
3,1,0.7436838,1
3,1,0.746076,1
3,1,0.7482346,1
3,1,0.7499437,1
3,1,0.74332345,1
3,1,0.7495832,1
3,1,0.74944395,1
3,1,0.74709934,1
3,1,0.74597967,1
3,1,0.7453826,1
3,1,0.7482856,1
3,1,0.74855834,1
3,1,0.7485635,1
3,1,0.75284994,1
3,1,0.7532096,1
3,1,0.7485724,1
3,1,0.755089,1
3,1,0.7568578,1
3,1,0.74866843,1
3,1,0.7533598,1
3,1,0.75489545,1
3,1,0.7506381,1
3,1,0.7479804,1
3,1,0.7550817,1
3,1,0.7576454,1
3,1,0.7529569,1
3,1,0.7523276,1
3,1,0.752882,1
3,1,0.7542927,1
3,1,0.7533466,1
3,1,0.75424606,1
3,1,0.75266224,1
3,0,0.5025678,1
3,0,0.50200766,1
3,0,0.504598,1
3,0,0.503289,1
3,0,0.5032658,1
3,0,0.50430536,1
3,0,0.5044942,1
3,0,0.50217336,1
3,0,0.5028661,1
3,0,0.5052866,1
3,0,0.50281507,1
3,0,0.50271237,1
3,0,0.5035732,1
3,0,0.503475,1
3,0,0.50198025,1
3,0,0.5041657,1
3,0,0.5052599,1
3,0,0.502497,1
3,0,0.5038323,1
3,0,0.5017535,1
3,0,0.5020605,1
3,0,0.5006299,1
3,0,0.5041477,1
3,0,0.50223666,1
3,0,0.50335395,1
3,0,0.5041519,1
3,0,0.7313646,1
3,0,0.72996414,1
3,0,0.7296752,1
3,0,0.727733,1
3,0,0.7285899,1
3,0,0.72446865,1
3,0,0.7299674,1
3,0,0.7289914,1
3,0,0.72699845,1
3,0,0.7246288,1
3,0,0.72505647,1
3,0,0.7278952,1
3,0,0.7257272,1
3,0,0.7265221,1
3,0,0.72377133,1
3,0,0.72454053,1
3,0,0.7273078,1
3,0,0.73325473,1
3,0,0.7321601,1
3,0,0.734162,1
3,0,0.732462,1
3,0,0.7297497,1
3,0,0.7275575,1
3,0,0.7272665,1
3,0,0.732688,1
3,0,0.73228943,1
3,0,0.733208,1
3,0,0.72891426,1
3,0,0.728869,1
3,0,0.7277027,1
3,0,0.728336,1
3,0,0.7311241,1
3,0,0.73215526,1
3,1,0.73256665,1
3,1,0.73089993,1
3,1,0.7295869,1
3,1,0.72749966,1
3,1,0.72755724,1
3,1,0.7291229,1
3,1,0.7239102,1
3,1,0.7235736,1
3,0,0.71954453,1
3,0,0.7187488,1
3,0,0.7179334,1
3,0,0.7254572,1
3,0,0.72465503,1
3,0,0.7209971,1
3,0,0.72368497,1
3,0,0.71848917,1
3,0,0.7176122,1
3,0,0.71516347,1
3,0,0.7228761,1
3,0,0.72060937,1
3,0,0.7195774,1
3,0,0.72094125,1
3,0,0.7247745,1
3,0,0.72499424,1
3,0,0.72314566,1
3,0,0.7245099,1
3,0,0.725346,1
3,0,0.7210011,1
3,0,0.73050475,1
3,0,0.73228467,1
3,0,0.72532934,1
3,0,0.7142818,1
3,0,0.71424866,1
3,0,0.7256834,1
3,0,0.72826487,1
3,0,0.7239621,1
3,0,0.7167273,1
3,0,0.7263476,1
3,0,0.72821826,1
3,0,0.72260696,1
3,0,0.7097226,1
3,0,0.71892226,1
3,0,0.72506016,1
3,0,0.72564834,1
3,0,0.7198125,1
3,0,0.7154818,1
3,0,0.71425086,1
3,0,0.70977527,1
3,0,0.7046455,1
3,0,0.70994955,1
3,0,0.7182337,1
3,0,0.7123833,1
3,0,0.70769125,1
3,0,0.7211266,1
3,0,0.7176047,1
3,0,0.7165865,1
3,0,0.7163331,1
3,0,0.7216859,1
3,0,0.71359456,1
3,0,0.71794313,1
3,0,0.71730596,1
3,0,0.7101121,1
3,0,0.7072038,1
3,0,0.70813876,1
3,0,0.7081101,1
3,0,0.7048467,1
3,0,0.70435053,1
3,0,0.7151028,1
3,0,0.7094913,1
3,0,0.7189375,1
3,0,0.71008396,1
3,0,0.71043295,1
3,0,0.7172317,1
3,0,0.7206215,1
3,0,0.72606957,1
3,0,0.7205889,1
3,0,0.7177418,1
3,0,0.7199045,1
3,0,0.7188788,1
3,0,0.7114848,1
3,0,0.7081475,1
3,0,0.7087679,1
3,0,0.7085223,1
3,0,0.7154579,1
3,0,0.72090226,1
3,0,0.7291095,1
3,0,0.72832745,1
3,0,0.7248646,1
3,0,0.72474563,1
3,0,0.71933883,1
3,0,0.7154685,1
3,0,0.71806395,1
3,0,0.71757644,1
3,0,0.71827704,1
3,0,0.7182583,1
3,0,0.7104372,1
3,0,0.7043514,1
3,0,0.70809036,1
3,0,0.71091586,1
3,0,0.7123268,1
3,0,0.7095279,1
3,0,0.70978945,1
3,0,0.7171075,1
3,0,0.72224,1
3,0,0.71379066,1
3,0,0.7120236,1
3,0,0.7074756,1
3,0,0.7010066,1
3,0,0.7094015,1
3,0,0.70790553,1
3,0,0.70825577,1
3,0,0.7065973,1
3,0,0.7073143,1
3,0,0.71809864,1
3,0,0.71317077,1
3,0,0.6993177,1
3,0,0.70692927,1
3,0,0.7192016,1
3,0,0.7089672,1
3,0,0.7009253,1
3,0,0.7132388,1
3,0,0.7120563,1
3,0,0.7119787,1
3,0,0.70454955,1
3,0,0.7022395,1
3,0,0.70323807,1
3,0,0.6990582,1
3,0,0.7114176,1
3,0,0.7152038,1
3,0,0.7103399,1
3,0,0.7015329,1
3,0,0.7143331,1
3,0,0.7098746,1
3,0,0.7023455,1
3,0,0.7028538,1
3,0,0.71522033,1
3,0,0.7092226,1
3,0,0.7075984,1
3,0,0.70758957,1
3,0,0.7087429,1
3,0,0.7105582,1
3,0,0.715918,1
3,0,0.71606827,1
3,0,0.71782553,1
3,0,0.7135855,1
3,0,0.7175126,1
3,0,0.7186258,1
3,0,0.72225904,1
3,0,0.7263155,1
3,0,0.7265774,1
3,0,0.7253157,1
3,0,0.7218862,1
3,0,0.7186262,1
3,0,0.70925593,1
3,0,0.7142553,1
3,0,0.72358507,1
3,0,0.71520287,1
3,0,0.7152058,1
3,0,0.71424496,1
3,0,0.7038591,1
3,0,0.70277643,1
3,0,0.71315205,1
3,0,0.7258606,1
3,0,0.72533756,1
3,0,0.7139696,1
3,0,0.715762,1
3,0,0.723774,1
3,0,0.72203726,1
3,0,0.7174342,1
3,0,0.72668093,1
3,0,0.72803617,1
3,0,0.725679,1
3,0,0.71395993,1
3,0,0.7247845,1
3,0,0.72354895,1
3,0,0.7243791,1
3,0,0.7158987,1
3,0,0.71303517,1
3,0,0.71471316,1
3,0,0.7159548,1
3,0,0.72131985,1
3,0,0.7195278,1
3,0,0.7178174,1
3,0,0.7224767,1
3,0,0.7149613,1
3,0,0.71181816,1
3,0,0.72475594,1
3,0,0.72793204,1
3,0,0.7229696,1
3,0,0.7212692,1
3,0,0.7212376,1
3,0,0.72566295,1
3,0,0.71434504,1
3,0,0.71221477,1
3,0,0.722379,1
3,0,0.7216343,1
3,0,0.71434224,1
3,0,0.714109,1
3,0,0.71963793,1
3,0,0.7233642,1
3,0,0.7186214,1
3,0,0.71919733,1
3,0,0.72658396,1
3,0,0.7154915,1
3,0,0.71289927,1
3,0,0.7268679,1
3,0,0.7295347,1
3,0,0.72085965,1
3,0,0.71394217,1
3,0,0.71289885,1
3,0,0.70754534,1
3,0,0.7088291,1
3,0,0.7059433,1
3,0,0.70536083,1
3,0,0.71003217,1
3,0,0.7078511,1
3,0,0.7137099,1
3,0,0.7202115,1
3,0,0.7138519,1
3,0,0.7152255,1
3,0,0.71431345,1
3,0,0.710809,1
3,0,0.7097196,1
3,0,0.7133212,1
3,0,0.71950895,1
3,0,0.70721227,1
3,0,0.70933026,1
3,0,0.7134557,1
3,0,0.7148353,1
3,0,0.7129818,1
3,0,0.71794397,1
3,0,0.72308415,1
3,0,0.7191271,1
3,0,0.71837413,1
3,0,0.7250353,1
3,0,0.7158154,1
3,0,0.70995474,1
3,0,0.7137605,1
3,0,0.7140186,1
3,0,0.7120615,1
3,0,0.7172984,1
3,0,0.7248694,1
3,0,0.7133563,1
3,0,0.71917427,1
3,0,0.7211302,1
3,0,0.71945876,1
3,0,0.7174879,1
3,0,0.7193628,1
3,0,0.71345335,1
3,0,0.70871097,1
3,0,0.709949,1
3,0,0.7259402,1
3,0,0.72636914,1
3,0,0.72505325,1
3,0,0.7261914,1
3,0,0.72711223,1
3,0,0.7253692,1
3,0,0.7289934,1
3,0,0.71948457,1
3,0,0.70862377,1
3,0,0.71135956,1
3,0,0.7190477,1
3,0,0.72123545,1
3,0,0.711783,1
3,0,0.7114723,1
3,0,0.72132677,1
3,0,0.7246011,1
3,0,0.7016354,1
3,0,0.7061259,1
3,0,0.71180904,1
3,0,0.71675456,1
3,0,0.71021587,1
3,0,0.7072624,1
3,0,0.70806944,1
3,0,0.7052353,1
3,0,0.7085574,1
3,0,0.7038241,1
3,0,0.7054195,1
3,0,0.7088384,1
3,0,0.7201033,1
3,0,0.7084596,1
3,0,0.7034513,1
3,0,0.7024849,1
3,0,0.7047302,1
3,0,0.71420383,1
3,0,0.70842445,1
3,0,0.70322967,1
3,0,0.70798063,1
3,0,0.70879227,1
3,0,0.7193868,1
3,0,0.71708953,1
3,0,0.720153,1
3,0,0.7155756,1
3,0,0.71946025,1
3,0,0.70688826,1
3,0,0.69779867,1
3,0,0.7028855,1
3,0,0.7047814,1
3,0,0.70388234,1
3,1,0.5101034,1
3,1,0.51109993,1
3,1,0.51188725,1
3,1,0.5091735,1
3,1,0.50866044,1
3,1,0.5128319,1
3,1,0.50974506,1
3,1,0.5040915,1
3,1,0.5413887,1
3,1,0.5402105,1
3,1,0.5437247,1
3,1,0.54265946,1
3,1,0.5433782,1
3,1,0.54072285,1
3,1,0.54083264,1
3,1,0.5424339,1
3,1,0.54222983,1
3,1,0.54047465,1
3,1,0.5426006,1
3,1,0.50229394,1
3,1,0.50219804,1
3,1,0.5037763,1
3,1,0.5039717,1
3,1,0.5033668,1
3,1,0.50186926,1
3,1,0.5033758,1
3,1,0.5030972,1
3,1,0.5029726,1
3,1,0.5033693,1
3,1,0.5034466,1
3,1,0.50273955,1
3,1,0.5003978,1
3,1,0.5010997,1
3,1,0.5040435,1
3,1,0.5021379,1
3,1,0.50102377,1
3,1,0.5021829,1
3,1,0.502339,1
3,1,0.50295955,1
3,1,0.5017332,1
3,1,0.5029857,1
3,1,0.5021046,1
3,1,0.50100595,1
3,1,0.5021642,1
3,1,0.5032602,1
3,1,0.50019306,1
3,1,0.50397235,1
3,1,0.50336003,1
3,1,0.5040029,1
3,1,0.5040414,1
3,1,0.50427896,1
3,1,0.503192,1
3,1,0.5031113,1
3,1,0.5024471,1
3,1,0.50202477,1
3,1,0.5009402,1
3,1,0.5027364,1
3,1,0.5022758,1
3,1,0.50266993,1
3,1,0.5025791,1
3,1,0.5029534,1
3,1,0.5017161,1
3,1,0.5016324,1
3,1,0.50352705,1
3,1,0.50111514,1
3,1,0.4996947,0
3,1,0.4992663,0
3,1,0.5000013,1
3,1,0.4999774,0
3,1,0.50000834,1
3,1,0.5001202,1
3,1,0.5004882,1
3,1,0.4999933,0
3,1,0.4982217,0
3,1,0.49895743,0
3,1,0.49824256,0
3,1,0.49834546,0
3,1,0.49784297,0
3,1,0.49830237,0
3,1,0.4974717,0
3,1,0.49892473,0
3,1,0.49935302,0
3,1,0.49867982,0
3,1,0.49822763,0
3,1,0.49671996,0
3,1,0.49789658,0
3,1,0.49741048,0
3,1,0.49600944,0
3,1,0.4974419,0
3,1,0.49720952,0
3,1,0.49923328,0
3,1,0.4984347,0
3,1,0.49968004,0
3,1,0.49811313,0
3,1,0.49750444,0
3,1,0.49804538,0
3,1,0.49718928,0
3,1,0.4980214,0
3,1,0.49958807,0
3,1,0.49998298,0
3,1,0.49838048,0
3,1,0.4968489,0
3,1,0.49766687,0
3,1,0.49816206,0
3,1,0.50004816,1
3,1,0.4977609,0
3,1,0.4968957,0
3,1,0.4984443,0
3,1,0.49722883,0
3,1,0.49779484,0
3,1,0.496801,0
3,1,0.49642006,0
3,1,0.49901572,0
3,1,0.49939352,0
3,1,0.49959505,0
3,1,0.49991423,0
3,1,0.4980952,0
3,1,0.49906343,0
3,1,0.49763718,0
3,1,0.50033945,1
3,1,0.7436293,1
3,1,0.74768656,1
3,1,0.74943453,1
3,1,0.7431768,1
3,1,0.74503535,1
3,1,0.7404034,1
3,1,0.7401962,1
3,1,0.74061054,1
3,1,0.7497526,1
3,1,0.7231418,1
3,1,0.7167579,1
3,1,0.71866447,1
3,1,0.72050995,1
3,1,0.71722525,1
3,1,0.71127766,1
3,1,0.71538216,1
3,1,0.7168802,1
3,1,0.71986103,1
3,1,0.70937496,1
3,1,0.70571166,1
3,1,0.6979501,1
3,1,0.6916005,1
3,1,0.696841,1
3,1,0.70501745,1
3,1,0.699,1
3,1,0.6998424,1
3,1,0.7052134,1
3,1,0.70560414,1
3,1,0.7116725,1
3,1,0.71883565,1
3,1,0.71804196,1
3,0,0.6813703,1
3,0,0.68568236,1
3,0,0.68890154,1
3,0,0.6871284,1
3,0,0.6943471,1
3,0,0.6852091,1
3,0,0.6806281,1
3,0,0.68704784,1
3,0,0.69550616,1
3,0,0.68841916,1
3,0,0.6932615,1
3,0,0.69304,1
3,0,0.69228977,1
3,0,0.69430536,1
3,0,0.6887223,1
3,1,0.49968398,0
3,1,0.49947304,0
3,1,0.49888033,0
3,1,0.5003975,1
3,1,0.4987131,0
3,1,0.4990534,0
3,1,0.499569,0
3,1,0.49850386,0
3,1,0.49945566,0
3,1,0.5003074,1
3,1,0.49920082,0
3,1,0.5009793,1
3,1,0.49887547,0
3,1,0.49832258,0
3,1,0.49937102,0
3,0,0.67667574,1
3,0,0.68132985,1
3,0,0.685371,1
3,0,0.68347067,1
3,0,0.6901704,1
3,0,0.68063897,1
3,0,0.6765339,1
3,0,0.6834998,1
3,0,0.6927508,1
3,0,0.6848115,1
3,0,0.69000995,1
3,0,0.68912077,1
3,0,0.6893195,1
3,0,0.69082546,1
3,0,0.6854104,1
3,1,0.49829474,0
3,1,0.49591875,0
3,1,0.49673408,0
3,1,0.4971973,0
3,1,0.49591422,0
3,1,0.49667785,0
3,1,0.4975072,0
3,1,0.4964143,0
3,1,0.4957342,0
3,1,0.494703,0
3,1,0.5923641,1
3,1,0.59012544,1
3,1,0.5921477,1
3,1,0.5867637,1
3,1,0.58397955,1
3,1,0.5835065,1
3,1,0.5827342,1
3,1,0.5793458,1
3,1,0.58103776,1
3,1,0.58179927,1
3,1,0.5833421,1
3,1,0.58450675,1
3,1,0.5897641,1
3,1,0.5961534,1
3,1,0.5921324,1
3,1,0.58634263,1
3,1,0.58228385,1
3,1,0.58252597,1
3,1,0.58240646,1
3,1,0.5811428,1
3,1,0.5812093,1
3,1,0.58148634,1
3,1,0.58445376,1
3,1,0.58605266,1
3,1,0.59163576,1
3,1,0.50089455,1
3,1,0.5002113,1
3,1,0.4986724,0
3,1,0.50121176,1
3,1,0.49843675,0
3,1,0.49917746,0
3,1,0.4996635,0
3,1,0.5004847,1
3,1,0.4997151,0
3,1,0.4989464,0
3,1,0.49928287,0
3,1,0.5004158,1
3,1,0.50060016,1
3,1,0.49818224,0
3,1,0.49805552,0
3,1,0.4992431,0
3,1,0.5001121,1
3,1,0.5008426,1
3,1,0.4983249,0
3,1,0.49877226,0
3,1,0.5001908,1
3,1,0.49957296,0
3,1,0.49868402,0
3,1,0.5009641,1
3,1,0.50069296,1
3,1,0.4986912,0
3,1,0.5167311,1
3,1,0.516174,1
3,1,0.51368743,1
3,1,0.5143452,1
3,1,0.5100501,1
3,1,0.50916815,1
3,1,0.5150887,1
3,1,0.5117713,1
3,1,0.5089172,1
3,1,0.5096296,1
3,1,0.5130237,1
3,1,0.5120226,1
3,1,0.5128429,1
3,1,0.50984865,1
3,1,0.51299757,1
3,1,0.51371497,1
3,1,0.5096797,1
3,1,0.5127933,1
3,1,0.5073523,1
3,1,0.50758535,1
3,1,0.5060786,1
3,1,0.5053357,1
3,1,0.5066652,1
3,1,0.50596404,1
3,1,0.505237,1
3,1,0.5054916,1
3,1,0.50709236,1
3,1,0.50469077,1
3,1,0.5038914,1
3,1,0.5049952,1
3,1,0.50339746,1
3,1,0.5044943,1
3,1,0.50570047,1
3,1,0.5044283,1
3,1,0.50411403,1
3,1,0.5052498,1
3,1,0.50537527,1
3,1,0.50538516,1
3,1,0.50559336,1
3,1,0.50466406,1
3,1,0.5049125,1
3,1,0.5061517,1
3,1,0.504985,1
3,1,0.5039279,1
3,1,0.50549394,1
3,0,0.548794,1
3,0,0.54555064,1
3,0,0.5468593,1
3,0,0.547139,1
3,0,0.5467782,1
3,0,0.5443191,1
3,0,0.5486655,1
3,0,0.54754514,1
3,0,0.5481796,1
3,0,0.5513034,1
3,0,0.5493587,1
3,0,0.5463101,1
3,0,0.5516066,1
3,0,0.54965717,1
3,0,0.5481845,1
3,0,0.7424966,1
3,0,0.7437756,1
3,0,0.7406464,1
3,0,0.74246955,1
3,0,0.7427455,1
3,0,0.7437227,1
3,0,0.74005026,1
3,0,0.74137634,1
3,0,0.74587,1
3,0,0.74220973,1
3,0,0.74655783,1
3,0,0.7428376,1
3,0,0.7436237,1
3,0,0.7442448,1
3,0,0.7455342,1
3,1,0.74502057,1
3,1,0.7403607,1
3,1,0.7407983,1
3,1,0.74062985,1
3,1,0.74064016,1
3,1,0.7413877,1
3,1,0.7416383,1
3,1,0.7418522,1
3,1,0.7436376,1
3,1,0.7402073,1
3,1,0.740918,1
3,1,0.745905,1
3,1,0.745622,1
3,1,0.74242604,1
3,1,0.7438179,1
3,1,0.7462606,1
3,1,0.74208134,1
3,1,0.7457365,1
3,1,0.7458298,1
3,1,0.74621713,1
3,1,0.741761,1
3,1,0.74188524,1
3,1,0.7400878,1
3,1,0.7394138,1
3,1,0.7426607,1
3,1,0.74442065,1
3,1,0.74129474,1
3,1,0.74567854,1
3,1,0.7442557,1
3,1,0.7420014,1
3,0,0.744839,1
3,0,0.74345267,1
3,0,0.7387782,1
3,0,0.7409548,1
3,0,0.7404697,1
3,0,0.7385642,1
3,0,0.74157125,1
3,0,0.7384559,1
3,0,0.7380518,1
3,0,0.74288917,1
3,0,0.74390954,1
3,0,0.7460913,1
3,0,0.74618894,1
4,1,0.543147,1
4,1,0.5396273,1
4,1,0.5388891,1
4,1,0.5411116,1
4,1,0.53853637,1
4,1,0.54262257,1
4,1,0.54604834,1
4,1,0.539722,1
4,1,0.5400585,1
4,0,0.5412729,1
4,0,0.54093325,1
4,0,0.53864044,1
4,0,0.5405595,1
4,0,0.5418954,1
4,0,0.54250467,1
4,0,0.5415198,1
4,0,0.5416308,1
4,0,0.54431826,1
4,0,0.5432845,1
4,0,0.5382481,1
4,1,0.55838615,1
4,1,0.5595,1
4,1,0.5584902,1
4,1,0.55728364,1
4,1,0.5584108,1
4,1,0.55319977,1
4,1,0.5550843,1
4,1,0.55696213,1
4,1,0.5607953,1
4,1,0.56071407,1
4,1,0.55928016,1
4,1,0.5598353,1
4,1,0.55651563,1
4,1,0.53679925,1
4,1,0.53755665,1
4,1,0.5389676,1
4,1,0.5399616,1
4,1,0.53552777,1
4,1,0.5407184,1
4,1,0.5398856,1
4,1,0.5213809,1
4,1,0.52490264,1
4,1,0.5217657,1
4,1,0.52235925,1
4,1,0.5218862,1
4,1,0.5206738,1
4,1,0.51933825,1
4,1,0.5202358,1
4,1,0.52063686,1
4,1,0.5200294,1
4,1,0.52050316,1
4,1,0.54399544,1
4,1,0.5442975,1
4,1,0.5451968,1
4,1,0.5451311,1
4,1,0.54579264,1
4,1,0.5446511,1
4,1,0.5442113,1
4,1,0.54471034,1
4,1,0.54482865,1
4,1,0.54884416,1
4,1,0.54863816,1
4,1,0.54931843,1
4,1,0.549982,1
4,1,0.55118686,1
4,1,0.54948634,1
4,1,0.5503098,1
4,1,0.551503,1
4,1,0.5500583,1
4,1,0.54950017,1
4,1,0.5486724,1
4,1,0.54983217,1
4,1,0.5487519,1
4,1,0.5497946,1
4,1,0.548849,1
4,1,0.55017394,1
4,1,0.5488863,1
4,1,0.5489249,1
4,1,0.5489213,1
4,1,0.54356307,1
4,1,0.5452008,1
4,1,0.5453578,1
4,1,0.54625833,1
4,1,0.5450606,1
4,1,0.5425653,1
4,1,0.5446226,1
4,1,0.5411863,1
4,1,0.5429377,1
4,1,0.54315233,1
4,1,0.54217446,1
4,1,0.54147905,1
4,1,0.5410774,1
4,1,0.5408886,1
4,1,0.540783,1
4,1,0.5417884,1
4,1,0.54164433,1
4,1,0.54089195,1
4,1,0.5411872,1
4,1,0.54161996,1
4,1,0.5411901,1
4,1,0.5402693,1
4,1,0.5404565,1
4,1,0.53992075,1
4,1,0.54118085,1
4,1,0.539495,1
4,1,0.5409287,1
4,1,0.5409456,1
4,1,0.5402501,1
4,1,0.5395972,1
4,0,0.54047215,1
4,0,0.5410463,1
4,0,0.54090667,1
4,0,0.5417035,1
4,0,0.54039305,1
4,0,0.53987193,1
4,0,0.540476,1
4,0,0.539481,1
4,0,0.54011476,1
4,0,0.5408906,1
4,0,0.54128116,1
4,0,0.53994095,1
4,0,0.54006404,1
4,1,0.54020816,1
4,1,0.53989446,1
4,1,0.54142594,1
4,1,0.53984284,1
4,1,0.5408321,1
4,1,0.5412643,1
4,1,0.53991735,1
4,1,0.54034173,1
4,1,0.5416728,1
4,1,0.5404872,1
4,1,0.5409855,1
4,1,0.5388626,1
4,1,0.5402591,1
4,1,0.53927106,1
4,1,0.53925514,1
4,1,0.53988206,1
4,1,0.53888464,1
4,1,0.5387166,1
4,1,0.53920674,1
4,1,0.5397547,1
4,1,0.53840876,1
4,1,0.5413038,1
4,1,0.5402592,1
4,1,0.5405183,1
4,1,0.5398272,1
4,1,0.5397067,1
4,1,0.5402936,1
4,1,0.54118556,1
4,1,0.54045457,1
4,1,0.5409554,1
4,1,0.5396154,1
4,1,0.5218352,1
4,1,0.52257097,1
4,1,0.5282194,1
4,1,0.5264839,1
4,1,0.52613235,1
4,1,0.52498645,1
4,1,0.5229654,1
4,1,0.521722,1
4,1,0.5248656,1
4,1,0.52236897,1
4,1,0.5140124,1
4,1,0.51194173,1
4,1,0.50780976,1
4,1,0.5070902,1
4,1,0.50687003,1
4,1,0.5082117,1
4,1,0.5084144,1
4,1,0.5095496,1
4,1,0.50937074,1
4,1,0.50862765,1
4,1,0.5102049,1
4,1,0.5084774,1
4,1,0.5100129,1
4,1,0.5399371,1
4,1,0.54133487,1
4,1,0.5405092,1
4,1,0.5412957,1
4,1,0.5409419,1
4,1,0.54030997,1
4,1,0.54052067,1
4,1,0.5401204,1
4,1,0.54037476,1
4,1,0.5408508,1
4,1,0.54080325,1
4,1,0.5420835,1
4,1,0.5407364,1
4,1,0.54014254,1
4,1,0.5417609,1
4,1,0.5398823,1
4,1,0.5419796,1
4,1,0.5406708,1
4,1,0.5403288,1
4,1,0.54143894,1
4,1,0.5405319,1
4,1,0.5402747,1
4,1,0.54081523,1
4,1,0.5404143,1
4,1,0.54025865,1
4,1,0.59271765,1
4,1,0.590279,1
4,1,0.5894794,1
4,1,0.59282964,1
4,1,0.59339327,1
4,1,0.59177256,1
4,1,0.5913949,1
4,1,0.59629554,1
4,1,0.59496,1
4,1,0.59720063,1
4,1,0.5936186,1
4,1,0.59647673,1
4,1,0.5972462,1
4,1,0.5947856,1
4,1,0.590388,1
4,1,0.5924166,1
4,1,0.5951831,1
4,1,0.592484,1
4,0,0.59145737,1
4,0,0.59266126,1
4,0,0.59256834,1
4,0,0.5945914,1
4,0,0.5962599,1
4,0,0.5939533,1
4,0,0.59280694,1
4,0,0.59002095,1
4,0,0.59227777,1
4,0,0.5933569,1
4,0,0.5930281,1
4,0,0.5939518,1
4,0,0.5903774,1
4,0,0.5916543,1
4,0,0.59601593,1
4,0,0.5926206,1
4,0,0.594073,1
4,0,0.592974,1
4,0,0.59711224,1
4,0,0.5920831,1
4,0,0.59023386,1
4,0,0.59413546,1
4,0,0.5968034,1
4,0,0.5943056,1
4,0,0.59548,1
4,0,0.5918486,1
4,0,0.59326243,1
4,0,0.5885003,1
4,0,0.59292275,1
4,0,0.59333664,1
4,0,0.5911503,1
4,0,0.59067094,1
4,0,0.59209466,1
4,0,0.591569,1
4,1,0.54107326,1
4,1,0.54131997,1
4,1,0.5397221,1
4,1,0.54022926,1
4,1,0.5401513,1
4,1,0.53982174,1
4,1,0.54009724,1
4,0,0.5404848,1
4,0,0.5395807,1
4,0,0.5399024,1
4,0,0.54041255,1
4,0,0.5402709,1
4,0,0.5396804,1
4,0,0.53955734,1
4,0,0.53964627,1
4,0,0.54024494,1
4,0,0.5400394,1
4,0,0.54030746,1
4,0,0.5390216,1
4,0,0.53996867,1
4,0,0.53995466,1
4,0,0.53929746,1
4,1,0.53970194,1
4,1,0.5396013,1
4,1,0.5400859,1
4,1,0.5410552,1
4,1,0.5408033,1
4,1,0.53976625,1
4,1,0.5404268,1
4,1,0.5410773,1
4,1,0.540322,1
4,1,0.5409209,1
4,1,0.5406741,1
4,1,0.54050505,1
4,1,0.54109836,1
4,1,0.54045975,1
4,1,0.541152,1
4,1,0.54044,1
4,1,0.54127216,1
4,1,0.53970253,1
4,1,0.54073423,1
4,1,0.5406009,1
4,1,0.541178,1
4,1,0.53938705,1
4,1,0.53963506,1
4,1,0.53962976,1
4,1,0.54020673,1
4,1,0.5447588,1
4,1,0.5450932,1
4,1,0.5442883,1
4,1,0.544242,1
4,1,0.5440311,1
4,1,0.54415196,1
4,1,0.5443995,1
4,1,0.54350895,1
4,0,0.53327614,1
4,0,0.5338541,1
4,0,0.53320104,1
4,0,0.53594744,1
4,0,0.5382099,1
4,0,0.53557813,1
4,0,0.5350546,1
4,0,0.53422076,1
4,0,0.53647935,1
4,0,0.5355114,1
4,0,0.534092,1
4,0,0.5338086,1
4,0,0.53697556,1
4,0,0.53697175,1
4,0,0.5372055,1
4,0,0.53428537,1
4,0,0.5362693,1
4,0,0.5366377,1
4,0,0.5358899,1
4,0,0.5358428,1
4,0,0.53635645,1
4,0,0.5372928,1
4,0,0.5340976,1
4,0,0.5362146,1
4,0,0.5358804,1
4,0,0.53570175,1
4,0,0.53371453,1
4,0,0.5363925,1
4,0,0.5374713,1
4,0,0.5352547,1
4,0,0.5435037,1
4,0,0.5358472,1
4,0,0.53639555,1
4,0,0.5343846,1
4,0,0.5386487,1
4,0,0.5345215,1
4,0,0.5374725,1
4,0,0.5370288,1
4,0,0.5362803,1
4,0,0.538275,1
4,0,0.5342229,1
4,0,0.53698266,1
4,0,0.5364962,1
4,0,0.53723526,1
4,0,0.5359903,1
4,0,0.53552043,1
4,0,0.5367254,1
4,0,0.53502506,1
4,0,0.5363109,1
4,0,0.5356691,1
4,0,0.5344645,1
4,0,0.53496176,1
4,0,0.53339905,1
4,0,0.5357557,1
4,0,0.53238153,1
4,0,0.53672016,1
4,0,0.5372295,1
4,0,0.5358473,1
4,0,0.5308851,1
4,0,0.53595823,1
4,0,0.53680044,1
4,0,0.5322134,1
4,0,0.5368056,1
4,0,0.5383514,1
4,0,0.5358831,1
4,0,0.537282,1
4,0,0.53793544,1
4,0,0.5367342,1
4,0,0.5350227,1
4,0,0.5373098,1
4,0,0.5397433,1
4,0,0.5361535,1
4,0,0.54039145,1
4,0,0.53890085,1
4,0,0.53709966,1
4,0,0.53725445,1
4,0,0.54253596,1
4,0,0.5362092,1
4,0,0.53489065,1
4,0,0.5369457,1
4,0,0.53922516,1
4,0,0.53588915,1
4,0,0.53844297,1
4,0,0.5342696,1
4,0,0.5339899,1
4,0,0.54277754,1
4,0,0.5364583,1
4,0,0.5382946,1
4,0,0.53560793,1
4,0,0.53510046,1
4,0,0.53719467,1
4,0,0.53535223,1
4,0,0.53551036,1
4,0,0.53575087,1
4,0,0.5340506,1
4,0,0.5353991,1
4,0,0.53676945,1
4,0,0.5338766,1
4,0,0.53740066,1
4,0,0.538281,1
4,0,0.5362262,1
4,0,0.5371163,1
4,0,0.5380504,1
4,0,0.53421545,1
4,0,0.53840244,1
4,0,0.5376145,1
4,0,0.5424158,1
4,0,0.5376899,1
4,0,0.53778225,1
4,0,0.53834844,1
4,0,0.53911144,1
4,0,0.5347642,1
4,0,0.54372066,1
4,0,0.5388075,1
4,0,0.5346511,1
4,0,0.5397427,1
4,0,0.53883404,1
4,0,0.53818744,1
4,0,0.53770876,1
4,0,0.5381922,1
4,0,0.53966045,1
4,0,0.538861,1
4,0,0.5377731,1
4,0,0.5390702,1
4,0,0.54286134,1
4,0,0.538455,1
4,0,0.5364926,1
4,0,0.54203945,1
4,0,0.538698,1
4,0,0.535885,1
4,0,0.5358454,1
4,0,0.5380782,1
4,0,0.5368876,1
4,0,0.53775597,1
4,0,0.53675985,1
4,0,0.53783494,1
4,0,0.5348924,1
4,0,0.53461945,1
4,0,0.5391444,1
4,0,0.53655356,1
4,0,0.5401093,1
4,0,0.53845674,1
4,0,0.5380126,1
4,0,0.5425991,1
4,0,0.53392816,1
4,0,0.5381299,1
4,0,0.53695965,1
4,0,0.5365222,1
4,0,0.5376892,1
4,0,0.538676,1
4,0,0.53698826,1
4,0,0.5394635,1
4,0,0.53546154,1
4,0,0.5399998,1
4,0,0.5389128,1
4,0,0.5356669,1
4,0,0.536227,1
4,0,0.5389468,1
4,0,0.5398179,1
4,0,0.5374442,1
4,0,0.5372635,1
4,0,0.53700805,1
4,0,0.5388547,1
4,0,0.54015285,1
4,0,0.5384665,1
4,0,0.53683406,1
4,0,0.5394082,1
4,0,0.539032,1
4,0,0.5374222,1
4,0,0.5372857,1
4,0,0.5368349,1
4,0,0.53860605,1
4,0,0.53753,1
4,0,0.5339115,1
4,0,0.5372185,1
4,0,0.5314739,1
4,0,0.53341943,1
4,0,0.53801316,1
4,0,0.53977144,1
4,0,0.53819937,1
4,0,0.5400622,1
4,0,0.5374657,1
4,0,0.53941923,1
4,0,0.54348993,1
4,0,0.5378523,1
4,0,0.53827786,1
4,0,0.5388447,1
4,0,0.538374,1
4,0,0.53935754,1
4,0,0.54023206,1
4,0,0.5384378,1
4,0,0.5404097,1
4,0,0.53674006,1
4,0,0.53819174,1
4,0,0.5354212,1
4,0,0.5364076,1
4,0,0.53752005,1
4,0,0.53856486,1
4,0,0.5374786,1
4,0,0.537922,1
4,0,0.5382423,1
4,0,0.53600955,1
4,0,0.53617525,1
4,0,0.53845394,1
4,0,0.53938276,1
4,0,0.53761953,1
4,0,0.53806734,1
4,0,0.5340904,1
4,0,0.5373075,1
4,0,0.53623456,1
4,0,0.54266894,1
4,0,0.53638434,1
4,0,0.54199404,1
4,0,0.5376548,1
4,0,0.53739375,1
4,0,0.5380076,1
4,0,0.5370984,1
4,0,0.5413383,1
4,0,0.537989,1
4,0,0.5341999,1
4,0,0.5390201,1
4,0,0.5381334,1
4,0,0.5400294,1
4,0,0.53841764,1
4,0,0.5435605,1
4,0,0.5362921,1
4,0,0.53882754,1
4,0,0.5381573,1
4,0,0.5379227,1
4,0,0.53790385,1
4,0,0.5381011,1
4,0,0.5392646,1
4,0,0.5371781,1
4,0,0.53928375,1
4,0,0.5376393,1
4,0,0.53864443,1
4,0,0.537809,1
4,0,0.5367735,1
4,0,0.5363349,1
4,0,0.5391741,1
4,0,0.5387874,1
4,0,0.53988034,1
4,0,0.53846616,1
4,0,0.544579,1
4,0,0.5389527,1
4,0,0.5397633,1
4,0,0.53835785,1
4,0,0.53940916,1
4,0,0.5395542,1
4,0,0.5382937,1
4,0,0.538138,1
4,0,0.5384836,1
4,0,0.53863037,1
4,0,0.53591394,1
4,0,0.5376509,1
4,0,0.53792065,1
4,0,0.5381314,1
4,0,0.5333711,1
4,0,0.5428828,1
4,0,0.53387487,1
4,0,0.53868896,1
4,0,0.54277056,1
4,0,0.5343348,1
4,0,0.53662425,1
4,0,0.53609437,1
4,0,0.5372375,1
4,0,0.5354246,1
4,0,0.53668976,1
4,0,0.53937715,1
4,0,0.5388072,1
4,0,0.5370108,1
4,0,0.5359683,1
4,0,0.5375306,1
4,0,0.53658676,1
4,0,0.5388134,1
4,0,0.53773975,1
4,0,0.54022646,1
4,0,0.5365596,1
4,0,0.53905857,1
4,0,0.538644,1
4,0,0.5383002,1
4,0,0.5371616,1
4,0,0.5436543,1
4,0,0.53561115,1
4,0,0.5396618,1
4,0,0.5355098,1
4,0,0.5386129,1
4,0,0.53824985,1
4,0,0.5380481,1
4,0,0.53750485,1
4,0,0.5360015,1
4,0,0.5367527,1
4,0,0.5384234,1
4,0,0.5348295,1
4,0,0.53476286,1
4,0,0.5357383,1
4,0,0.5376193,1
4,0,0.53771144,1
4,0,0.53874004,1
4,0,0.5350956,1
4,0,0.53700584,1
4,0,0.5365968,1
4,0,0.5371758,1
4,0,0.5365632,1
4,0,0.5372582,1
4,0,0.5366128,1
4,0,0.5371801,1
4,0,0.5368403,1
4,0,0.5356932,1
4,0,0.53647566,1
4,0,0.533066,1
4,0,0.541859,1
4,0,0.53683823,1
4,0,0.536204,1
4,1,0.5377219,1
4,1,0.53700006,1
4,1,0.53722686,1
4,1,0.53772247,1
4,1,0.53423756,1
4,1,0.53891283,1
4,1,0.5354072,1
4,1,0.5380063,1
4,1,0.53925616,1
4,0,0.5350949,1
4,0,0.5424485,1
4,0,0.53574264,1
4,0,0.53486496,1
4,0,0.53681374,1
4,0,0.5366281,1
4,0,0.53630483,1
4,0,0.5371961,1
4,0,0.5331329,1
4,0,0.5359101,1
4,0,0.53707546,1
4,0,0.5405583,1
4,0,0.53599876,1
4,0,0.5362487,1
4,0,0.533784,1
4,0,0.534437,1
4,0,0.5371718,1
4,0,0.53396505,1
4,0,0.5370892,1
4,0,0.537572,1
4,0,0.535842,1
4,0,0.5358459,1
4,0,0.536302,1
4,0,0.53624326,1
4,0,0.5369627,1
4,0,0.53617954,1
4,0,0.5385482,1
4,0,0.5343499,1
4,0,0.53716546,1
4,0,0.53756666,1
4,0,0.5390486,1
4,0,0.5376464,1
4,0,0.53766465,1
4,0,0.5358203,1
4,0,0.532744,1
4,0,0.5361254,1
4,0,0.5364791,1
4,0,0.5351145,1
4,0,0.5384773,1
4,0,0.5381286,1
4,0,0.5343797,1
4,0,0.5358654,1
4,0,0.5353901,1
4,0,0.5365382,1
4,0,0.53567386,1
4,0,0.5358456,1
4,0,0.53613836,1
4,0,0.54208046,1
4,0,0.53447837,1
4,0,0.5341081,1
4,0,0.53698325,1
4,0,0.5389513,1
4,0,0.5371452,1
4,0,0.5345614,1
4,0,0.5377596,1
4,0,0.5374253,1
4,0,0.5382185,1
4,0,0.5351527,1
4,0,0.53523374,1
4,0,0.5327956,1
4,0,0.5333007,1
4,0,0.5348271,1
4,0,0.53830695,1
4,0,0.53442717,1
4,0,0.53089494,1
4,0,0.536135,1
4,0,0.5298821,1
4,0,0.53686595,1
4,0,0.5346934,1
4,0,0.5330387,1
4,0,0.5292602,1
4,0,0.53253853,1
4,0,0.5361304,1
4,0,0.53376657,1
4,0,0.5291431,1
4,0,0.5303518,1
4,0,0.5327357,1
4,0,0.53519595,1
4,0,0.52878386,1
4,0,0.53300273,1
4,0,0.5294973,1
4,0,0.53170574,1
4,0,0.53429854,1
4,0,0.5344675,1
4,0,0.53635293,1
4,0,0.53378505,1
4,0,0.5368203,1
4,0,0.5357244,1
4,0,0.5363997,1
4,0,0.538747,1
4,0,0.5361884,1
4,0,0.53861964,1
4,0,0.5383951,1
4,0,0.53871113,1
4,0,0.53581953,1
4,0,0.53812337,1
4,0,0.5364081,1
4,0,0.53867304,1
4,0,0.5379659,1
4,0,0.53430617,1
4,0,0.5394894,1
4,0,0.5429727,1
4,0,0.53622633,1
4,0,0.53592,1
4,0,0.5354018,1
4,0,0.53038585,1
4,0,0.53351533,1
4,0,0.5358619,1
4,0,0.53407824,1
4,0,0.53580856,1
4,0,0.5330432,1
4,0,0.5363724,1
4,0,0.53640956,1
4,0,0.5379965,1
4,0,0.5365011,1
4,0,0.53379536,1
4,0,0.53452533,1
4,0,0.5335802,1
4,0,0.5311232,1
4,0,0.53748244,1
4,0,0.5407726,1
4,0,0.5364079,1
4,0,0.5363048,1
4,0,0.535847,1
4,0,0.5333758,1
4,0,0.5365002,1
4,0,0.53140444,1
4,0,0.53446096,1
4,0,0.53690475,1
4,0,0.5301294,1
4,0,0.53691494,1
4,0,0.5362144,1
4,0,0.5359648,1
4,0,0.54408044,1
4,0,0.53749204,1
4,0,0.5329389,1
4,0,0.5367827,1
4,0,0.5378616,1
4,0,0.5373011,1
4,0,0.5364852,1
4,0,0.5349444,1
4,0,0.5371804,1
4,0,0.5315728,1
4,0,0.5307517,1
4,0,0.5352324,1
4,0,0.535034,1
4,0,0.5323554,1
4,0,0.53705543,1
4,0,0.53772634,1
4,0,0.53602487,1
4,0,0.5389356,1
4,0,0.5379538,1
4,0,0.53656423,1
4,0,0.5370587,1
4,0,0.5386869,1
4,0,0.5335195,1
4,0,0.5379577,1
4,0,0.5393916,1
4,0,0.53781533,1
4,0,0.53921086,1
4,0,0.5361926,1
4,0,0.5361338,1
4,0,0.53713495,1
4,0,0.5369548,1
4,0,0.5339832,1
4,0,0.53104407,1
4,0,0.5347817,1
4,0,0.53495103,1
4,0,0.53056633,1
4,0,0.5357092,1
4,0,0.53530216,1
4,0,0.53669226,1
4,0,0.5407243,1
4,0,0.53345084,1
4,0,0.53448063,1
4,0,0.5296334,1
4,0,0.53276265,1
4,0,0.5357295,1
4,0,0.5360155,1
4,0,0.5367833,1
4,0,0.5351458,1
4,0,0.5335421,1
4,0,0.53620195,1
4,0,0.5363001,1
4,0,0.53701586,1
4,0,0.5363629,1
4,0,0.5368338,1
4,0,0.53454113,1
4,0,0.536225,1
4,0,0.5367398,1
4,0,0.5357506,1
4,0,0.53257996,1
4,0,0.53543484,1
4,0,0.5386126,1
4,0,0.53677374,1
4,0,0.53674406,1
4,0,0.5372717,1
4,0,0.5365628,1
4,0,0.53661585,1
4,0,0.5354996,1
4,0,0.5362242,1
4,0,0.5383366,1
4,0,0.53402746,1
4,0,0.5337437,1
4,0,0.53398865,1
4,0,0.5338547,1
4,0,0.53463423,1
4,0,0.52794194,1
4,0,0.535055,1
4,0,0.5302938,1
4,0,0.53417385,1
4,0,0.53593856,1
4,0,0.5349982,1
4,0,0.534208,1
4,0,0.5328874,1
4,0,0.53659844,1
4,0,0.5364545,1
4,0,0.5354727,1
4,0,0.5354792,1
4,0,0.5298339,1
4,0,0.535191,1
4,0,0.53374755,1
4,0,0.5317557,1
4,0,0.5322312,1
4,0,0.53236,1
4,0,0.52546424,1
4,0,0.53068084,1
4,0,0.531109,1
4,0,0.5337753,1
4,0,0.53338057,1
4,0,0.5444557,1
4,0,0.5452511,1
4,0,0.5454921,1
4,0,0.5466835,1
4,0,0.5453802,1
4,0,0.5450017,1
4,0,0.5451982,1
4,0,0.5461114,1
4,0,0.54454213,1
4,0,0.54537636,1
4,1,0.5396054,1
4,1,0.5397576,1
4,1,0.5423752,1
4,1,0.5437739,1
4,1,0.5432458,1
4,1,0.5452465,1
4,1,0.5462632,1
4,1,0.5455538,1
4,1,0.5442959,1
4,1,0.5433131,1
4,1,0.54401636,1
4,1,0.54304576,1
4,1,0.543261,1
4,1,0.54501903,1
4,1,0.54359365,1
4,1,0.5421134,1
4,1,0.54219913,1
4,1,0.5439639,1
4,1,0.54251534,1
4,1,0.5422804,1
4,1,0.5433316,1
4,1,0.5434781,1
4,1,0.5425946,1
4,1,0.54062235,1
4,1,0.5414992,1
4,1,0.5420835,1
4,1,0.54092824,1
4,1,0.54064703,1
4,1,0.54200774,1
4,1,0.5413573,1
4,1,0.54155755,1
4,1,0.54114634,1
4,1,0.5412836,1
4,1,0.5409785,1
4,1,0.54223245,1
4,1,0.53960896,1
4,1,0.54082334,1
4,1,0.54058737,1
4,1,0.54087627,1
4,1,0.54009414,1
4,1,0.5402453,1
4,1,0.5406241,1
4,1,0.5412309,1
4,1,0.5397093,1
4,1,0.53935754,1
4,1,0.5402159,1
4,1,0.5402523,1
4,1,0.540119,1
4,1,0.53863615,1
4,1,0.53909105,1
4,1,0.5407722,1
4,1,0.54042894,1
4,1,0.541179,1
4,1,0.5398942,1
4,1,0.54059076,1
4,1,0.5403819,1
4,1,0.53886265,1
4,1,0.54006237,1
4,1,0.5400671,1
4,1,0.5398026,1
4,1,0.5403103,1
4,1,0.5397944,1
4,1,0.5410458,1
4,1,0.54036087,1
4,1,0.54047656,1
4,1,0.5408497,1
4,1,0.54155743,1
4,1,0.54017663,1
4,1,0.54265875,1
4,1,0.54146403,1
4,1,0.54076225,1
4,1,0.54327154,1
4,1,0.54159003,1
4,1,0.5409401,1
4,1,0.54089385,1
4,1,0.54058206,1
4,1,0.54091656,1
4,1,0.54035205,1
4,1,0.54114753,1
4,1,0.5415246,1
4,1,0.54065686,1
4,1,0.53960574,1
4,1,0.54081887,1
4,1,0.54039246,1
4,1,0.5404336,1
4,1,0.54074055,1
4,1,0.53973246,1
4,1,0.5402786,1
4,1,0.5414894,1
4,1,0.5392672,1
4,1,0.53989065,1
4,1,0.54013765,1
4,1,0.5402088,1
4,1,0.5388794,1
4,1,0.5414451,1
4,1,0.5402296,1
4,1,0.539705,1
4,1,0.5407411,1
4,1,0.5402153,1
4,1,0.54006404,1
4,1,0.5397053,1
4,1,0.5406309,1
4,1,0.5401914,1
4,1,0.5411002,1
4,1,0.54069567,1
4,1,0.54007447,1
4,1,0.5402103,1
4,1,0.54027563,1
4,1,0.5396442,1
4,1,0.5389693,1
4,1,0.5400298,1
4,1,0.54032695,1
4,1,0.5392605,1
4,1,0.53940696,1
4,1,0.5397566,1
4,1,0.53891426,1
4,1,0.5399567,1
4,1,0.53983045,1
4,1,0.538978,1
4,1,0.53907204,1
4,1,0.525373,1
4,1,0.52188706,1
4,1,0.5247514,1
4,1,0.523339,1
4,1,0.5258867,1
4,1,0.52207863,1
4,1,0.52206516,1
4,1,0.52519965,1
4,1,0.5194163,1
4,1,0.5212961,1
4,1,0.52496046,1
4,1,0.5228846,1
4,1,0.5243962,1
4,1,0.5196565,1
4,1,0.5204459,1
4,1,0.5146515,1
4,1,0.5159372,1
4,1,0.52190584,1
4,1,0.5233437,1
4,1,0.52101976,1
4,1,0.518342,1
4,1,0.52242434,1
4,1,0.51878285,1
4,1,0.5226885,1
4,1,0.52311957,1
4,1,0.52265894,1
4,1,0.51995385,1
4,1,0.5226961,1
4,1,0.5241158,1
4,1,0.5237518,1
4,1,0.5200759,1
4,1,0.5212287,1
4,1,0.5113839,1
4,1,0.51833504,1
4,1,0.522686,1
4,1,0.52591765,1
4,1,0.51647055,1
4,1,0.51839894,1
4,1,0.51954067,1
4,1,0.5508273,1
4,1,0.5527286,1
4,1,0.5516196,1
4,1,0.5519221,1
4,1,0.551563,1
4,1,0.55125725,1
4,1,0.55095404,1
4,1,0.5511922,1
4,1,0.5507466,1
4,1,0.5518664,1
4,1,0.5507809,1
4,1,0.55178714,1
4,1,0.55019075,1
4,1,0.5528748,1
4,1,0.5510666,1
4,0,0.5523173,1
4,0,0.5520391,1
4,0,0.55142397,1
4,0,0.5510732,1
4,0,0.5521846,1
4,0,0.55183405,1
4,0,0.5516893,1
4,0,0.552865,1
4,0,0.5524788,1
4,0,0.5531683,1
4,0,0.5525782,1
4,0,0.5510981,1
4,0,0.5529621,1
4,0,0.5517912,1
4,1,0.5530529,1
4,1,0.55206895,1
4,1,0.5493287,1
4,1,0.5522418,1
4,1,0.5517758,1
4,1,0.5521603,1
4,1,0.5519721,1
4,1,0.5508537,1
4,1,0.55310684,1
4,1,0.5515998,1
4,1,0.55172,1
4,1,0.5513089,1
4,1,0.55347735,1
4,1,0.5498046,1
4,1,0.55219126,1
4,1,0.55242556,1
4,0,0.5527635,1
4,0,0.55284774,1
4,0,0.55278486,1
4,0,0.5526583,1
4,0,0.5535366,1
4,0,0.55054384,1
4,0,0.5539036,1
4,0,0.5511302,1
4,0,0.5524429,1
4,0,0.55288136,1
4,0,0.55296844,1
4,0,0.5524062,1
4,0,0.5529269,1
4,0,0.55213946,1
4,0,0.55278444,1
4,0,0.5540902,1
4,0,0.5505476,1
4,0,0.5516227,1
4,0,0.5531483,1
4,0,0.5533478,1
4,0,0.5505541,1
4,0,0.55289364,1
4,0,0.55271703,1
4,0,0.55315655,1
4,0,0.5530359,1
4,0,0.55446035,1
4,0,0.5537122,1
4,0,0.5517021,1
4,0,0.5539454,1
4,0,0.5538867,1
4,0,0.55581206,1
4,0,0.55411166,1
4,0,0.55293316,1
4,0,0.55388576,1
4,0,0.5547917,1
4,0,0.55174947,1
4,1,0.54624736,1
4,1,0.5455405,1
4,1,0.5457823,1
4,1,0.5450135,1
4,1,0.54608464,1
4,1,0.5462981,1
4,1,0.54437214,1
4,1,0.54449,1
4,1,0.5455411,1
4,1,0.54578596,1
4,1,0.54492366,1
4,1,0.54528433,1
4,1,0.54452205,1
4,1,0.54470724,1
4,1,0.5443177,1
4,1,0.54429966,1
4,1,0.5449642,1
4,1,0.5439166,1
4,1,0.54413325,1
4,1,0.54392177,1
4,1,0.543779,1
4,1,0.5441501,1
4,1,0.5444483,1
4,1,0.54383814,1
4,1,0.5444852,1
4,1,0.5449995,1
4,1,0.5449229,1
4,1,0.54409844,1
4,1,0.544406,1
4,1,0.5430346,1
4,1,0.5442202,1
4,1,0.5444855,1
4,1,0.54468673,1
4,1,0.54500264,1
4,1,0.54440105,1
4,1,0.5434421,1
4,1,0.5437101,1
4,1,0.5430975,1
4,1,0.54331535,1
4,1,0.54370826,1
4,1,0.5445957,1
4,1,0.5426245,1
4,1,0.5431421,1
4,1,0.5446212,1
4,1,0.5439594,1
4,1,0.5431815,1
4,1,0.54445755,1
4,1,0.5423029,1
4,1,0.5436793,1
4,1,0.5453682,1
4,1,0.5448253,1
4,1,0.5429889,1
4,1,0.5434259,1
4,1,0.54411453,1
4,1,0.54335475,1
4,1,0.5437797,1
4,1,0.5441206,1
4,1,0.54543316,1
4,1,0.54316205,1
4,1,0.5425096,1
4,1,0.5427923,1
4,1,0.54280317,1
4,1,0.5423547,1
4,1,0.54282945,1
4,1,0.5425479,1
4,1,0.54312605,1
4,1,0.5427337,1
4,1,0.54419816,1
4,1,0.54539,1
4,1,0.54453474,1
4,1,0.5451147,1
4,1,0.5450127,1
4,1,0.54447144,1
4,1,0.5450756,1
4,1,0.54465955,1
4,1,0.5446875,1
4,1,0.5446374,1
4,1,0.5432071,1
4,1,0.54404706,1
4,1,0.54289013,1
4,1,0.5445016,1
4,1,0.5445805,1
4,1,0.5445544,1
4,1,0.5440767,1
4,1,0.54511976,1
4,1,0.5448086,1
4,1,0.5441154,1
4,1,0.5453584,1
4,1,0.5446239,1
4,1,0.5443783,1
4,1,0.54431266,1
4,1,0.5458276,1
4,1,0.5452477,1
4,1,0.54453576,1
4,1,0.5439252,1
4,1,0.54345626,1
4,1,0.5439791,1
4,1,0.54394996,1
4,1,0.58880943,1
4,1,0.582508,1
4,1,0.58530635,1
4,1,0.58385146,1
4,1,0.59166706,1
4,1,0.5915774,1
4,1,0.58408755,1
4,1,0.5825396,1
4,1,0.5905727,1
4,1,0.5790755,1
4,1,0.59372705,1
4,1,0.5888593,1
4,1,0.5861204,1
4,1,0.59291226,1
4,1,0.59226084,1
4,1,0.5913183,1
4,1,0.5917287,1
4,1,0.59001887,1
4,1,0.596691,1
4,1,0.5917667,1
4,1,0.5911638,1
4,1,0.59542364,1
4,1,0.5864604,1
4,1,0.58825237,1
4,1,0.52707076,1
4,1,0.5242505,1
4,1,0.52008414,1
4,1,0.5220437,1
4,1,0.5250632,1
4,1,0.5298743,1
4,1,0.5212755,1
4,1,0.5250049,1
4,1,0.5252852,1
4,1,0.5245324,1
4,1,0.522579,1
4,1,0.517419,1
4,0,0.5395684,1
4,0,0.5383825,1
4,0,0.53902525,1
4,0,0.5402084,1
4,0,0.54056656,1
4,0,0.53980815,1
4,0,0.5394373,1
4,0,0.5414715,1
4,0,0.5403196,1
4,0,0.540517,1
4,0,0.53947586,1
4,0,0.5396011,1
4,0,0.53854537,1
4,0,0.54070246,1
4,0,0.54143465,1
4,0,0.5407816,1
4,0,0.54036885,1
4,0,0.541435,1
4,0,0.5400616,1
4,0,0.53978777,1
4,0,0.5399228,1
4,0,0.5394991,1
4,0,0.539852,1
4,0,0.54004854,1
4,0,0.5390511,1
4,0,0.5394309,1
4,0,0.5396558,1
4,0,0.5399412,1
4,0,0.53978765,1
4,0,0.5388899,1
4,0,0.5392967,1
4,0,0.5394205,1
4,0,0.53925556,1
4,0,0.53899807,1
4,0,0.539221,1
4,1,0.5377213,1
4,1,0.5430923,1
4,1,0.5431066,1
4,1,0.54116637,1
4,1,0.54136515,1
4,1,0.54304576,1
4,1,0.5426029,1
4,1,0.5414785,1
4,1,0.5382437,1
4,1,0.54326504,1
4,1,0.54000705,1
4,1,0.538715,1
4,1,0.5476874,1
4,1,0.5402215,1
4,1,0.5402767,1
4,1,0.57887465,1
4,1,0.5779232,1
4,1,0.57570934,1
4,1,0.57337666,1
4,1,0.5793108,1
4,1,0.5776655,1
4,1,0.57612514,1
4,1,0.5768231,1
4,1,0.5776521,1
4,1,0.5728061,1
4,1,0.5746288,1
4,1,0.5766817,1
4,1,0.5758346,1
4,1,0.57658345,1
4,1,0.5762946,1
4,1,0.57383364,1
4,1,0.5745755,1
4,1,0.57508695,1
4,1,0.57701206,1
4,1,0.5746836,1
4,1,0.5782565,1
4,1,0.57821876,1
4,1,0.57571155,1
4,1,0.57886684,1
4,1,0.5756335,1
4,1,0.5777368,1
4,1,0.57700753,1
4,1,0.5793821,1
4,1,0.5735745,1
4,1,0.57627755,1
4,1,0.57950747,1
4,1,0.5762869,1
4,1,0.5772177,1
4,1,0.57530415,1
4,1,0.57893986,1
4,1,0.5749287,1
4,1,0.5744043,1
4,1,0.57546365,1
4,1,0.57781184,1
4,1,0.57731074,1
4,1,0.5742649,1
4,1,0.57511514,1
4,1,0.5779602,1
4,1,0.57683796,1
4,1,0.575993,1
4,1,0.57621294,1
4,1,0.57551295,1
4,1,0.5754607,1
4,1,0.5774264,1
4,1,0.57393014,1
4,1,0.5740022,1
4,1,0.57307065,1
4,1,0.5719187,1
4,1,0.574604,1
4,1,0.57510793,1
4,1,0.5716233,1
4,1,0.57458127,1
4,1,0.573686,1
4,1,0.5741502,1
4,1,0.57193124,1
4,1,0.50829035,1
4,1,0.50727206,1
4,1,0.5115476,1
4,1,0.5047639,1
4,1,0.5041433,1
4,1,0.50691605,1
4,1,0.50243396,1
4,1,0.5047647,1
4,1,0.5028032,1
4,1,0.5036844,1
4,1,0.5039542,1
4,1,0.50746685,1
4,1,0.5059366,1
4,0,0.4342332,0
4,0,0.42704386,0
4,0,0.42235222,0
4,0,0.42963797,0
4,0,0.412911,0
4,0,0.43571335,0
4,0,0.4360869,0
4,0,0.43017572,0
4,0,0.43477955,0
4,0,0.430244,0
4,0,0.43340382,0
4,0,0.44773984,0
4,0,0.45234832,0
4,0,0.46654314,0
4,0,0.48371047,0
4,0,0.50268745,1
4,0,0.52602583,1
4,0,0.5246892,1
4,0,0.5368795,1
4,0,0.54321223,1
4,0,0.54242843,1
4,0,0.54204214,1
4,0,0.5419389,1
4,0,0.54262733,1
4,0,0.54222447,1
4,0,0.54245037,1
4,0,0.5433372,1
4,0,0.54233557,1
4,0,0.541659,1
4,0,0.5409536,1
4,0,0.54414785,1
4,0,0.54217684,1
4,0,0.5417186,1
4,0,0.54212403,1
4,0,0.5429271,1
4,0,0.54141575,1
4,1,0.5435034,1
4,1,0.5424798,1
4,1,0.54178053,1
4,1,0.54125184,1
4,1,0.542128,1
4,1,0.5416842,1
4,1,0.541698,1
4,1,0.5422507,1
4,1,0.5423552,1
4,0,0.542796,1
4,0,0.54342204,1
4,0,0.5420603,1
4,0,0.54376143,1
4,0,0.5412894,1
4,0,0.54157966,1
4,0,0.5424233,1
4,0,0.54144615,1
4,0,0.5421455,1
4,0,0.54319596,1
4,0,0.54275227,1
4,0,0.543226,1
4,0,0.5431059,1
4,0,0.54332584,1
4,0,0.54334056,1
4,0,0.5432483,1
4,0,0.54259676,1
4,0,0.5417987,1
4,0,0.5415605,1
4,1,0.5468885,1
4,1,0.5466339,1
4,1,0.5467294,1
4,1,0.54733026,1
4,1,0.5484963,1
4,1,0.5463179,1
4,1,0.54701555,1
4,1,0.54846966,1
4,1,0.54719484,1
4,1,0.54685485,1
4,1,0.5463545,1
4,1,0.5477491,1
4,1,0.54649603,1
4,1,0.5476126,1
4,1,0.5466568,1
4,1,0.54793036,1
4,1,0.5467717,1
4,1,0.54683363,1
4,1,0.5472935,1
4,1,0.51841396,1
4,1,0.51335514,1
4,1,0.516914,1
4,1,0.5171493,1
4,1,0.51457316,1
4,1,0.5138714,1
4,1,0.5148168,1
4,1,0.51247096,1
4,1,0.51360947,1
4,1,0.51547164,1
4,1,0.5145255,1
4,1,0.5127987,1
4,0,0.53864175,1
4,0,0.54418075,1
4,0,0.54342365,1
4,0,0.545649,1
4,0,0.54471457,1
4,0,0.5445948,1
4,0,0.5442313,1
4,0,0.5440049,1
4,0,0.54390466,1
4,0,0.54562515,1
4,0,0.54354835,1
4,0,0.5426356,1
4,0,0.5420007,1
4,0,0.5434318,1
4,0,0.541682,1
4,0,0.54297227,1
4,0,0.5427502,1
4,0,0.54295367,1
4,0,0.54081583,1
4,0,0.54215294,1
4,0,0.5425758,1
4,0,0.54191244,1
4,0,0.5409214,1
4,0,0.54069513,1
4,0,0.5409413,1
4,0,0.5410717,1
4,0,0.5397713,1
4,0,0.5413353,1
4,0,0.54008955,1
4,0,0.5408036,1
4,0,0.54056925,1
4,0,0.5405535,1
4,0,0.540579,1
4,0,0.5413676,1
4,0,0.5408095,1
4,0,0.5402036,1
4,0,0.5400659,1
4,0,0.5406269,1
4,0,0.54025096,1
4,0,0.5399319,1
4,0,0.5391797,1
4,0,0.539951,1
4,0,0.53994197,1
4,0,0.5397673,1
4,0,0.5400766,1
4,0,0.5406242,1
4,0,0.54092216,1
4,0,0.5402879,1
4,0,0.53943807,1
4,0,0.5403404,1
4,0,0.53881854,1
4,0,0.53906053,1
4,0,0.53893524,1
4,0,0.53916067,1
4,0,0.5395804,1
4,0,0.5388968,1
4,0,0.5402627,1
4,0,0.5397322,1
4,0,0.540018,1
4,0,0.5401974,1
4,0,0.53941333,1
4,0,0.53996944,1
4,0,0.5394696,1
4,0,0.53927594,1
4,0,0.5392435,1
4,0,0.5403374,1
4,0,0.5382992,1
4,0,0.5391369,1
4,0,0.53926134,1
4,0,0.53877795,1
4,0,0.53991,1
4,0,0.5397674,1
4,0,0.53931403,1
4,0,0.5389705,1
4,0,0.53898627,1
4,0,0.5386096,1
4,0,0.53856605,1
4,0,0.53845966,1
4,0,0.53764373,1
4,0,0.5382559,1
4,0,0.5386173,1
4,0,0.53792316,1
4,0,0.5385666,1
4,0,0.5394708,1
4,0,0.5381237,1
4,0,0.5392893,1
4,0,0.53869814,1
4,0,0.5381261,1
4,0,0.53866965,1
4,0,0.5387762,1
4,0,0.5396308,1
4,0,0.53881496,1
4,0,0.5385228,1
4,0,0.53905576,1
4,0,0.53881985,1
4,0,0.538708,1
4,0,0.53893,1
4,0,0.539261,1
4,0,0.5381242,1
4,0,0.53948486,1
4,0,0.5392758,1
4,0,0.53900695,1
4,0,0.53879446,1
4,0,0.53934026,1
4,0,0.53752285,1
4,0,0.5397514,1
4,0,0.5381905,1
4,0,0.5389462,1
4,0,0.53802884,1
4,0,0.5390247,1
4,0,0.5392042,1
4,0,0.5385065,1
4,0,0.53911704,1
4,0,0.53867006,1
4,0,0.5392033,1
4,0,0.539772,1
4,0,0.53933245,1
4,0,0.53973055,1
4,0,0.53993005,1
4,0,0.5392369,1
4,0,0.5405525,1
4,0,0.540612,1
4,0,0.5405065,1
4,0,0.5403814,1
4,0,0.5402427,1
4,0,0.5401955,1
4,0,0.54118425,1
4,0,0.5415829,1
4,0,0.5405772,1
4,0,0.53958434,1
4,0,0.5407794,1
4,0,0.5402401,1
4,0,0.542133,1
4,0,0.5404493,1
4,0,0.54081833,1
4,0,0.5389603,1
4,0,0.5406185,1
4,0,0.54050213,1
4,0,0.54048973,1
4,0,0.53987956,1
4,0,0.53950083,1
4,0,0.5399789,1
4,0,0.5398685,1
4,0,0.53892434,1
4,0,0.5398238,1
4,0,0.5387438,1
4,0,0.5383301,1
4,0,0.53982306,1
4,0,0.5386478,1
4,0,0.54007745,1
4,0,0.5393747,1
4,0,0.5392088,1
4,0,0.5397219,1
4,0,0.5403126,1
4,0,0.53958774,1
4,0,0.5401138,1
4,0,0.5402918,1
4,0,0.5402682,1
4,0,0.5390661,1
4,0,0.5410315,1
4,0,0.54014313,1
4,0,0.5403358,1
4,0,0.5403002,1
4,0,0.5404029,1
4,0,0.5413873,1
4,0,0.5414732,1
4,0,0.5409635,1
4,0,0.5420718,1
4,0,0.5411695,1
4,0,0.5416677,1
4,0,0.54116505,1
4,0,0.5415211,1
4,0,0.5414838,1
4,0,0.54095376,1
4,0,0.5410094,1
4,0,0.54200655,1
4,0,0.54104507,1
4,0,0.54038984,1
4,0,0.5411689,1
4,0,0.53928643,1
4,0,0.5402795,1
4,0,0.5387642,1
4,0,0.54095733,1
4,0,0.53918016,1
4,0,0.5408841,1
4,0,0.5402736,1
4,0,0.5400672,1
4,0,0.53979737,1
4,0,0.53973603,1
4,0,0.54037553,1
4,0,0.5408093,1
4,0,0.53965265,1
4,0,0.5409505,1
4,0,0.54107076,1
4,0,0.5395646,1
4,0,0.54168606,1
4,0,0.5402726,1
4,0,0.5401788,1
4,0,0.54039466,1
4,0,0.5397012,1
4,0,0.5391329,1
4,0,0.5397396,1
4,0,0.5392486,1
4,0,0.54052764,1
4,0,0.5395917,1
4,0,0.5397411,1
4,0,0.53976375,1
4,0,0.53928614,1
4,0,0.5400165,1
4,0,0.54052377,1
4,0,0.5396331,1
4,0,0.5393222,1
4,0,0.5393774,1
4,0,0.53935605,1
4,0,0.5389352,1
4,0,0.5398045,1
4,0,0.5391643,1
4,0,0.5388821,1
4,0,0.5393889,1
4,0,0.53997886,1
4,0,0.53928715,1
4,0,0.5407451,1
4,0,0.5401001,1
4,0,0.5402442,1
4,0,0.53990126,1
4,0,0.5393214,1
4,0,0.5405994,1
4,0,0.53996086,1
4,0,0.54083526,1
4,0,0.5405609,1
4,0,0.5407244,1
4,0,0.54147047,1
4,0,0.5401429,1
4,0,0.5399364,1
4,0,0.54067546,1
4,0,0.53933895,1
4,0,0.53992677,1
4,0,0.54076594,1
4,0,0.5406803,1
4,0,0.5411285,1
4,0,0.541911,1
4,0,0.54014695,1
4,0,0.53986293,1
4,0,0.54029477,1
4,0,0.5403311,1
4,0,0.5393159,1
4,0,0.5407419,1
4,0,0.54043895,1
4,0,0.53997844,1
4,0,0.5409278,1
4,0,0.54009396,1
4,0,0.53986776,1
4,0,0.54012746,1
4,0,0.54140306,1
4,0,0.53941834,1
4,0,0.53965485,1
4,0,0.5395458,1
4,0,0.5399163,1
4,0,0.53918684,1
4,0,0.540123,1
4,0,0.53992444,1
4,0,0.540321,1
4,0,0.5402288,1
4,0,0.541223,1
4,0,0.5403531,1
4,1,0.53910464,1
4,1,0.5404415,1
4,1,0.5408481,1
4,1,0.5402664,1
4,1,0.5412671,1
4,1,0.5410694,1
4,1,0.5401516,1
4,1,0.54071623,1
4,1,0.5407689,1
4,0,0.54050183,1
4,0,0.5404807,1
4,0,0.5408065,1
4,0,0.5409477,1
4,0,0.54022485,1
4,0,0.54066646,1
4,0,0.5407454,1
4,0,0.53949803,1
4,0,0.5409385,1
4,0,0.54031765,1
4,0,0.54079336,1
4,0,0.53882396,1
4,0,0.53973746,1
4,0,0.53989965,1
4,0,0.54124403,1
4,0,0.5392088,1
4,0,0.53982997,1
4,0,0.53917176,1
4,0,0.54101497,1
4,0,0.5398505,1
4,0,0.5410036,1
4,0,0.5404416,1
4,0,0.5403248,1
4,0,0.5395899,1
4,0,0.5404759,1
4,0,0.5387872,1
4,0,0.54020005,1
4,0,0.5400708,1
4,0,0.5399521,1
4,0,0.5413508,1
4,1,0.54125255,1
4,1,0.5406442,1
4,1,0.54116523,1
4,1,0.5408253,1
4,1,0.54029685,1
4,1,0.54203653,1
4,1,0.5405739,1
4,1,0.5405448,1
4,1,0.54086435,1
4,1,0.5401524,1
4,1,0.540895,1
4,1,0.539146,1
4,1,0.53983325,1
4,1,0.54019046,1
4,0,0.5411513,1
4,0,0.54031336,1
4,0,0.54017293,1
4,0,0.54040825,1
4,0,0.54090977,1
4,0,0.5397623,1
4,0,0.54059535,1
4,0,0.53966504,1
4,0,0.5448037,1
4,0,0.5439316,1
4,0,0.5469002,1
4,0,0.54411185,1
4,0,0.5446893,1
4,0,0.5449016,1
4,0,0.54638696,1
4,0,0.5446156,1
4,0,0.5444205,1
4,0,0.5442879,1
4,0,0.5453769,1
4,0,0.544396,1
4,0,0.54502183,1
4,0,0.54275733,1
4,0,0.5424711,1
4,0,0.5443033,1
4,0,0.5447323,1
4,0,0.5435832,1
4,0,0.5447051,1
4,0,0.5438587,1
4,0,0.5438576,1
4,0,0.54249406,1
4,0,0.5438653,1
4,0,0.54302263,1
4,0,0.54398185,1
4,0,0.54404885,1
4,0,0.5436434,1
4,0,0.54345423,1
4,0,0.5431347,1
4,1,0.5434888,1
4,1,0.54315656,1
4,1,0.54387563,1
4,1,0.5423978,1
4,1,0.544619,1
4,1,0.5449088,1
4,1,0.54403,1
4,1,0.54367834,1
4,1,0.54427654,1
4,1,0.54344386,1
4,1,0.54312885,1
4,1,0.543181,1
4,1,0.5429189,1
4,1,0.54332834,1
4,1,0.54336375,1
4,1,0.5424206,1
4,1,0.5440417,1
4,1,0.54402786,1
4,1,0.54279375,1
4,1,0.54244876,1
4,0,0.5439304,1
4,0,0.54293656,1
4,0,0.5430061,1
4,0,0.54502016,1
4,0,0.5430829,1
4,0,0.5436584,1
4,0,0.5428415,1
4,0,0.5437518,1
4,0,0.5447094,1
4,0,0.5438628,1
4,0,0.5441694,1
4,0,0.54387456,1
4,0,0.5448111,1
4,0,0.54474396,1
4,0,0.5446344,1
4,0,0.5455938,1
4,0,0.5446251,1
4,0,0.54419947,1
4,0,0.542625,1
4,0,0.5467542,1
4,0,0.543668,1
4,0,0.5438439,1
4,0,0.544689,1
4,0,0.54463375,1
4,0,0.5437931,1
4,0,0.5452514,1
4,0,0.54462016,1
4,0,0.5439214,1
4,0,0.5429579,1
4,0,0.5440896,1
4,0,0.5430433,1
4,0,0.5436788,1
4,0,0.5448431,1
4,0,0.5444265,1
4,0,0.544967,1
4,0,0.5445277,1
4,0,0.5440741,1
4,0,0.54577255,1
4,0,0.542793,1
4,0,0.5430544,1
4,0,0.5438947,1
4,0,0.54302216,1
4,0,0.5438608,1
4,0,0.54585093,1
4,0,0.54444635,1
4,0,0.5454062,1
4,0,0.5454245,1
4,0,0.54490566,1
4,0,0.5451424,1
4,0,0.544334,1
4,0,0.5433941,1
4,0,0.54449356,1
4,0,0.4395177,0
4,0,0.41904658,0
4,0,0.41355124,0
4,0,0.42595175,0
4,0,0.4049864,0
4,0,0.48418108,0
4,0,0.420347,0
4,0,0.40510413,0
4,0,0.41945255,0
4,0,0.40085354,0
4,0,0.40189427,0
4,0,0.41644356,0
4,0,0.42228806,0
4,0,0.43970475,0
4,1,0.44993496,0
4,1,0.47662675,0
4,1,0.51045007,1
4,1,0.5057667,1
4,1,0.5351544,1
4,1,0.5402536,1
4,1,0.5434774,1
4,1,0.5466023,1
4,1,0.545288,1
4,1,0.54791766,1
4,1,0.5461378,1
4,1,0.54772013,1
4,1,0.54804635,1
4,0,0.54939693,1
4,0,0.54836434,1
4,0,0.5465916,1
4,0,0.5473924,1
4,0,0.54831064,1
4,0,0.546624,1
4,0,0.5479153,1
4,0,0.54794014,1
4,0,0.5456191,1
4,0,0.54553014,1
4,0,0.54770654,1
4,0,0.5471994,1
4,0,0.54625964,1
4,0,0.5477373,1
4,0,0.5466266,1
4,0,0.54576486,1
4,0,0.5469733,1
4,0,0.5470407,1
4,0,0.5467445,1
4,0,0.54603225,1
4,0,0.54578334,1
4,0,0.5460822,1
4,0,0.54549176,1
4,0,0.54630864,1
4,0,0.54491293,1
4,0,0.5472821,1
4,0,0.5476331,1
4,0,0.5464012,1
4,0,0.54662734,1
4,0,0.54748994,1
4,0,0.54595757,1
4,0,0.5460269,1
4,0,0.54590595,1
4,1,0.54658365,1
4,1,0.546183,1
4,1,0.5454258,1
4,1,0.5457852,1
4,1,0.5467228,1
4,1,0.547025,1
4,1,0.54622954,1
4,1,0.5452265,1
4,1,0.5475409,1
4,1,0.5460568,1
4,1,0.5467267,1
4,1,0.54853266,1
4,1,0.546337,1
4,1,0.5471507,1
4,1,0.546344,1
4,1,0.54684466,1
4,1,0.5482352,1
4,1,0.5469588,1
4,1,0.5475537,1
4,1,0.54730666,1
4,1,0.5485403,1
4,0,0.54857945,1
4,0,0.5487585,1
4,0,0.5497019,1
4,0,0.54852283,1
4,0,0.5479403,1
4,0,0.54668236,1
4,0,0.5509527,1
4,0,0.5474479,1
4,0,0.5477055,1
4,0,0.55003244,1
4,0,0.5488094,1
4,0,0.5480464,1
4,0,0.5487039,1
4,0,0.5489217,1
4,0,0.54751533,1
4,0,0.5473631,1
4,0,0.54762506,1
4,0,0.5470566,1
4,0,0.54762137,1
4,0,0.54912156,1
4,0,0.5482429,1
4,0,0.54979235,1
4,0,0.5474654,1
4,0,0.5477716,1
4,0,0.54983413,1
4,0,0.5465012,1
4,0,0.54700464,1
4,0,0.5482798,1
4,0,0.5466867,1
4,0,0.5479341,1
4,0,0.5499116,1
4,0,0.5487454,1
4,0,0.54953384,1
4,0,0.5495908,1
4,0,0.5490379,1
4,0,0.5495768,1
4,0,0.5482609,1
4,0,0.54747635,1
4,0,0.5478555,1
4,0,0.54740506,1
4,1,0.5737051,1
4,1,0.5708095,1
4,1,0.5713671,1
4,1,0.5745573,1
4,1,0.57181185,1
4,1,0.57050186,1
4,1,0.5707935,1
4,1,0.57274014,1
4,1,0.5734506,1
4,1,0.5726092,1
4,1,0.5706205,1
4,1,0.5723057,1
4,1,0.57417303,1
4,1,0.5713426,1
4,1,0.57228124,1
4,1,0.5738426,1
4,1,0.5716059,1
4,1,0.5718775,1
4,1,0.5704858,1
4,1,0.5704878,1
4,1,0.5742305,1
4,1,0.57359886,1
4,1,0.56972206,1
4,1,0.5695476,1
4,1,0.5726051,1
4,1,0.5725734,1
4,1,0.5694327,1
4,1,0.5721353,1
4,1,0.56879413,1
4,1,0.5717822,1
4,1,0.570095,1
4,1,0.572795,1
4,1,0.569634,1
4,1,0.5725521,1
4,1,0.5716742,1
4,1,0.5159903,1
4,1,0.51468885,1
4,1,0.51636064,1
4,1,0.5166465,1
4,1,0.5138507,1
4,1,0.51570654,1
4,1,0.517173,1
4,1,0.5145748,1
4,1,0.51336616,1
4,1,0.5112952,1
4,1,0.5137282,1
4,1,0.5095307,1
4,1,0.5059452,1
4,1,0.51306504,1
4,1,0.5130038,1
4,1,0.5121786,1
4,1,0.5108216,1
4,1,0.50359297,1
4,1,0.50982577,1
4,1,0.51324433,1
4,1,0.51214665,1
4,1,0.5078789,1
4,0,0.5444296,1
4,0,0.5449928,1
4,0,0.5462801,1
4,0,0.54429036,1
4,0,0.5421342,1
4,0,0.5432929,1
4,0,0.5442569,1
4,0,0.54324925,1
4,0,0.5428745,1
4,0,0.54295236,1
4,0,0.5435966,1
4,0,0.5434322,1
4,0,0.5423742,1
4,0,0.5437533,1
4,0,0.54153425,1
4,0,0.54062444,1
4,0,0.54213834,1
4,0,0.540822,1
4,0,0.54229903,1
4,0,0.54200715,1
4,0,0.5423477,1
4,0,0.5424281,1
4,0,0.5425011,1
4,0,0.5422034,1
4,0,0.54173756,1
4,0,0.54241043,1
4,0,0.5419266,1
4,0,0.5424648,1
4,0,0.5414316,1
4,0,0.5428462,1
4,0,0.5430009,1
4,0,0.5431262,1
4,0,0.5428009,1
4,0,0.5425967,1
4,0,0.54188323,1
4,0,0.541649,1
4,0,0.5420038,1
4,0,0.541404,1
4,0,0.5418672,1
4,0,0.5416457,1
4,0,0.5410731,1
4,0,0.5425637,1
4,0,0.5425644,1
4,0,0.54058254,1
4,0,0.5408058,1
4,0,0.5422669,1
4,0,0.54109573,1
4,1,0.541274,1
4,1,0.54296523,1
4,1,0.54108894,1
4,1,0.541947,1
4,1,0.5410767,1
4,1,0.5422941,1
4,1,0.5428484,1
4,1,0.5422804,1
4,1,0.5416963,1
4,1,0.54236233,1
4,1,0.54203635,1
4,1,0.54236984,1
4,1,0.54306847,1
4,1,0.54222155,1
4,0,0.5421125,1
4,0,0.54155463,1
4,0,0.5418017,1
4,0,0.5426927,1
4,0,0.5413043,1
4,0,0.54340386,1
4,0,0.5422144,1
4,0,0.54161274,1
4,0,0.5409994,1
4,0,0.5420615,1
4,0,0.5414384,1
4,0,0.5416094,1
4,0,0.5420051,1
4,0,0.5420163,1
4,0,0.542625,1
4,0,0.54346555,1
4,0,0.54194117,1
4,0,0.5435557,1
4,0,0.54115784,1
4,0,0.5414324,1
4,0,0.54219735,1
4,0,0.54124933,1
4,0,0.54192585,1
4,0,0.5429687,1
4,0,0.5425834,1
4,0,0.54306144,1
4,0,0.542893,1
4,0,0.5431303,1
4,0,0.5431589,1
4,0,0.5430183,1
4,0,0.5423172,1
4,0,0.54156375,1
4,0,0.54137194,1
4,1,0.5836093,1
4,1,0.58205575,1
4,1,0.5863941,1
4,1,0.5813894,1
4,1,0.58508253,1
4,1,0.5785512,1
4,1,0.5799014,1
4,1,0.5805171,1
4,1,0.5849469,1
4,1,0.5831243,1
4,1,0.58432674,1
4,1,0.5781312,1
4,1,0.5848853,1
4,1,0.5789383,1
4,1,0.58106375,1
4,1,0.58017427,1
4,1,0.5864508,1
4,1,0.58486617,1
4,1,0.5786754,1
4,1,0.5817133,1
4,1,0.5824797,1
4,1,0.58449817,1
4,1,0.5806902,1
4,1,0.5834532,1
4,1,0.5827621,1
4,1,0.5810562,1
4,1,0.59516233,1
4,1,0.59753495,1
4,1,0.596659,1
4,1,0.59540945,1
4,1,0.59223014,1
4,1,0.59318936,1
4,1,0.59511507,1
4,1,0.5954121,1
4,1,0.5970994,1
4,1,0.5951334,1
4,1,0.59726554,1
4,1,0.5989139,1
4,1,0.5952207,1
4,1,0.5947256,1
4,1,0.54786646,1
4,1,0.5473306,1
4,1,0.54935217,1
4,1,0.54768956,1
4,1,0.5482003,1
4,1,0.5470877,1
4,1,0.547058,1
4,1,0.5467845,1
4,1,0.5476178,1
4,1,0.54724675,1
4,1,0.5469162,1
4,1,0.5475814,1
4,1,0.5464303,1
4,1,0.5470018,1
4,1,0.54604816,1
4,1,0.5466819,1
4,1,0.54660106,1
4,1,0.5481671,1
4,1,0.5453446,1
4,1,0.5475583,1
4,1,0.52760476,1
4,1,0.52614343,1
4,1,0.5245428,1
4,1,0.52082163,1
4,1,0.52299386,1
4,1,0.52625906,1
4,1,0.52438456,1
4,1,0.52220964,1
4,1,0.5227912,1
4,1,0.5233983,1
4,1,0.5226718,1
4,1,0.520535,1
4,1,0.52080566,1
4,1,0.52015716,1
4,1,0.5245048,1
4,1,0.5467571,1
4,1,0.54640895,1
4,1,0.5465333,1
4,1,0.54717654,1
4,1,0.54844093,1
4,1,0.5462519,1
4,1,0.54684365,1
4,1,0.5485942,1
4,1,0.5471352,1
4,1,0.5465733,1
4,1,0.5460501,1
4,1,0.5476496,1
4,1,0.54642856,1
4,1,0.5474652,1
4,1,0.54646343,1
4,1,0.5477824,1
4,1,0.546726,1
4,1,0.54661036,1
4,1,0.54709476,1
4,1,0.52758443,1
4,1,0.52497554,1
4,1,0.5260229,1
4,1,0.52581066,1
4,1,0.5253809,1
4,1,0.5245177,1
4,1,0.5245839,1
4,1,0.5222582,1
4,1,0.539592,1
4,1,0.5395203,1
4,1,0.5395892,1
4,1,0.5397456,1
4,1,0.5389603,1
4,1,0.5393646,1
4,1,0.5392596,1
4,1,0.53982306,1
4,1,0.53998226,1
4,1,0.5390364,1
4,1,0.5419139,1
4,1,0.5420954,1
4,1,0.5406061,1
4,1,0.5425621,1
4,1,0.5418057,1
4,1,0.54179305,1
4,1,0.54225194,1
4,1,0.54171455,1
4,1,0.5412927,1
4,1,0.54185826,1
4,1,0.5413946,1
4,1,0.50320554,1
4,1,0.5017935,1
4,1,0.50584894,1
4,1,0.5078304,1
4,1,0.5045184,1
4,1,0.5078794,1
4,1,0.5016713,1
4,1,0.5056704,1
4,1,0.5008292,1
4,1,0.503774,1
4,1,0.50618345,1
4,1,0.5020062,1
4,1,0.505209,1
4,1,0.505927,1
4,1,0.5054661,1
4,1,0.5062544,1
4,1,0.50449234,1
4,1,0.50448215,1
4,1,0.5047489,1
4,1,0.53656775,1
4,1,0.53501505,1
4,1,0.53444797,1
4,1,0.53528273,1
4,1,0.5350936,1
4,1,0.5369093,1
4,1,0.5366811,1
4,1,0.5374093,1
4,1,0.5373992,1
4,1,0.5386165,1
5,1,0.4904718,0
5,1,0.49964178,0
5,1,0.4927955,0
5,1,0.50129515,1
5,1,0.50247836,1
5,1,0.49499908,0
5,1,0.49598286,0
5,1,0.49936953,0
5,1,0.5068279,1
5,1,0.5147508,1
5,1,0.5083224,1
5,1,0.51643467,1
5,1,0.5187078,1
5,1,0.52203226,1
5,1,0.5201161,1
5,1,0.5356982,1
5,1,0.5320558,1
5,1,0.53942686,1
5,1,0.54422003,1
5,1,0.54135954,1
5,1,0.54920244,1
5,1,0.5502489,1
5,1,0.54535925,1
5,1,0.54935265,1
5,1,0.5434928,1
5,1,0.54963577,1
5,1,0.5495295,1
5,1,0.54521364,1
5,1,0.54703665,1
5,1,0.54567844,1
5,0,0.5462248,1
5,0,0.5445933,1
5,0,0.54543716,1
5,0,0.5458178,1
5,0,0.5467934,1
5,0,0.5458011,1
5,0,0.5459766,1
5,0,0.5474688,1
5,0,0.5467727,1
5,0,0.54666275,1
5,0,0.5425723,1
5,0,0.5467944,1
5,0,0.5447163,1
5,0,0.545931,1
5,0,0.5468316,1
5,0,0.54542243,1
5,0,0.5442081,1
5,0,0.5442085,1
5,0,0.54521817,1
5,0,0.5460464,1
5,0,0.5455913,1
5,0,0.54822904,1
5,0,0.5449984,1
5,0,0.5476614,1
5,0,0.5449734,1
5,0,0.54741013,1
5,0,0.5468857,1
5,0,0.54710996,1
5,0,0.5464325,1
5,0,0.549064,1
5,0,0.5493261,1
5,0,0.54961675,1
5,0,0.5478165,1
5,1,0.5467484,1
5,1,0.5477191,1
5,1,0.54661304,1
5,1,0.549366,1
5,1,0.54758567,1
5,1,0.5469397,1
5,1,0.54739374,1
5,1,0.54515374,1
5,1,0.5453805,1
5,1,0.54675734,1
5,1,0.5463574,1
5,1,0.54613656,1
5,1,0.54553807,1
5,1,0.54713106,1
5,1,0.5490513,1
5,1,0.5487112,1
5,1,0.54870945,1
5,1,0.54451066,1
5,1,0.54783547,1
5,1,0.5479366,1
5,1,0.54794157,1
5,1,0.5460621,1
5,1,0.5475233,1
5,1,0.54568195,1
5,1,0.62318814,1
5,1,0.6292767,1
5,1,0.62749135,1
5,1,0.6320355,1
5,1,0.6236443,1
5,1,0.62250304,1
5,1,0.62281054,1
5,1,0.62874514,1
5,1,0.62598723,1
5,1,0.61853397,1
5,1,0.6222068,1
5,1,0.6278213,1
5,1,0.6228677,1
5,1,0.6251666,1
5,1,0.62393093,1
5,1,0.62606466,1
5,1,0.6231721,1
5,1,0.6334225,1
5,1,0.6295302,1
5,1,0.6252418,1
5,1,0.62405086,1
5,1,0.6199987,1
5,1,0.6262745,1
5,1,0.63040495,1
5,1,0.639454,1
5,1,0.6306168,1
5,1,0.63312894,1
5,1,0.6272425,1
5,1,0.6300674,1
5,0,0.53672975,1
5,0,0.5370778,1
5,0,0.5372802,1
5,0,0.5362326,1
5,0,0.5331286,1
5,0,0.53577983,1
5,0,0.5368037,1
5,0,0.5379032,1
5,0,0.54912055,1
5,0,0.5384262,1
5,0,0.5351847,1
5,0,0.5342452,1
5,0,0.53827983,1
5,0,0.5385637,1
5,0,0.53814864,1
5,1,0.47941294,0
5,1,0.47532913,0
5,1,0.474345,0
5,1,0.48160073,0
5,1,0.47710544,0
5,1,0.4826708,0
5,1,0.48050278,0
5,1,0.48283404,0
5,1,0.4802212,0
5,1,0.47959593,0
5,1,0.4747866,0
5,1,0.47950193,0
5,1,0.47930095,0
5,1,0.5275683,1
5,1,0.5289616,1
5,1,0.5263139,1
5,1,0.5268817,1
5,1,0.52809435,1
5,1,0.52799004,1
5,1,0.5284039,1
5,1,0.5268444,1
5,1,0.5296362,1
5,1,0.52698535,1
5,1,0.5294354,1
5,1,0.53203964,1
5,1,0.530579,1
5,1,0.53065884,1
5,1,0.5303095,1
5,1,0.5322088,1
5,1,0.53117174,1
5,1,0.5323268,1
5,1,0.53107935,1
5,1,0.5292049,1
5,1,0.48970672,0
5,1,0.49263638,0
5,1,0.49299732,0
5,1,0.4897368,0
5,1,0.4879281,0
5,1,0.49076545,0
5,1,0.48908547,0
5,1,0.49923715,0
5,1,0.49469325,0
5,1,0.48851413,0
5,1,0.4936426,0
5,1,0.48988712,0
5,1,0.49016458,0
5,1,0.48856902,0
5,1,0.49430615,0
5,1,0.49408978,0
5,1,0.4901066,0
5,1,0.4882346,0
5,1,0.4910442,0
5,1,0.49775076,0
5,1,0.48966795,0
5,1,0.49220222,0
5,1,0.48967317,0
5,1,0.48718688,0
5,1,0.48860455,0
5,1,0.4948084,0
5,1,0.4881722,0
5,1,0.4863581,0
5,1,0.48787606,0
5,1,0.4853233,0
5,1,0.48871353,0
5,1,0.48782384,0
5,1,0.48984876,0
5,1,0.49694908,0
5,1,0.49149284,0
5,1,0.4855867,0
5,1,0.49234387,0
5,1,0.49010006,0
5,1,0.48947003,0
5,1,0.49321654,0
5,1,0.49046618,0
5,1,0.49247983,0
5,1,0.4911146,0
5,1,0.48871866,0
5,1,0.48951846,0
5,1,0.49184555,0
5,1,0.4847613,0
5,1,0.49114743,0
5,1,0.4898497,0
5,1,0.48867887,0
5,1,0.4913285,0
5,1,0.48934537,0
5,1,0.4925369,0
5,1,0.5030704,1
5,1,0.50077164,1
5,1,0.5004235,1
5,1,0.50151885,1
5,1,0.5018862,1
5,1,0.5092794,1
5,1,0.5016402,1
5,1,0.5057776,1
5,1,0.5047783,1
5,1,0.5042428,1
5,1,0.5032787,1
5,1,0.5011997,1
5,1,0.5072351,1
5,1,0.50960475,1
5,1,0.50220877,1
5,0,0.56500036,1
5,0,0.5647708,1
5,0,0.570398,1
5,0,0.5656534,1
5,0,0.5626093,1
5,0,0.560752,1
5,0,0.5635376,1
5,0,0.5626814,1
5,0,0.56566787,1
5,0,0.5610271,1
5,0,0.5645059,1
5,0,0.5629339,1
5,0,0.56104404,1
5,0,0.5733332,1
5,0,0.56789166,1
5,0,0.5640449,1
5,0,0.56617904,1
5,0,0.56926954,1
5,0,0.56746554,1
5,0,0.56640196,1
5,0,0.5650958,1
5,0,0.5670545,1
5,0,0.5674507,1
5,0,0.5647933,1
5,0,0.56813735,1
5,0,0.5697389,1
5,0,0.57495844,1
5,0,0.57672477,1
5,0,0.57642215,1
5,0,0.5751402,1
5,0,0.57188,1
5,0,0.5673712,1
5,0,0.5680704,1
5,0,0.565636,1
5,0,0.5682771,1
5,0,0.566107,1
5,0,0.565104,1
5,0,0.56567675,1
5,0,0.5649579,1
5,0,0.56506723,1
5,0,0.56509703,1
5,0,0.56816226,1
5,0,0.56597495,1
5,0,0.5675569,1
5,0,0.56466585,1
5,0,0.5649411,1
5,0,0.5640258,1
5,1,0.532623,1
5,1,0.5327245,1
5,1,0.53140503,1
5,1,0.53371096,1
5,1,0.52968913,1
5,1,0.5388648,1
5,1,0.5623144,1
5,1,0.5586325,1
5,1,0.5624831,1
5,1,0.56856865,1
5,1,0.55409384,1
5,1,0.55512094,1
5,1,0.56742823,1
5,1,0.5615001,1
5,1,0.55353194,1
5,1,0.5575947,1
5,1,0.56366086,1
5,1,0.55785704,1
5,1,0.5624172,1
5,0,0.58714265,1
5,0,0.5957929,1
5,0,0.5898246,1
5,0,0.585831,1
5,0,0.5886217,1
5,0,0.5922652,1
5,0,0.5898243,1
5,0,0.5894369,1
5,0,0.58573645,1
5,0,0.5894884,1
5,0,0.59031194,1
5,0,0.5869993,1
5,0,0.587437,1
5,0,0.5894938,1
5,0,0.5884865,1
5,0,0.59302455,1
5,0,0.5954977,1
5,0,0.5903034,1
5,0,0.5878187,1
5,0,0.5880021,1
5,0,0.59076416,1
5,0,0.58794343,1
5,0,0.5838829,1
5,0,0.58532935,1
5,0,0.5867487,1
5,0,0.5834757,1
5,0,0.5815888,1
5,0,0.59136295,1
5,0,0.59795177,1
5,0,0.58639765,1
5,1,0.54817003,1
5,1,0.54960716,1
5,1,0.5506809,1
5,1,0.5481687,1
5,1,0.54917336,1
5,1,0.54942924,1
5,1,0.54769385,1
5,1,0.54930586,1
5,1,0.5472985,1
5,1,0.5467927,1
5,1,0.54916465,1
5,1,0.5494001,1
5,1,0.5472382,1
5,1,0.5469384,1
5,1,0.5495565,1
5,1,0.5512038,1
5,1,0.54766995,1
5,1,0.5479417,1
5,1,0.5472749,1
5,1,0.548009,1
5,1,0.54575396,1
5,1,0.5497576,1
5,1,0.54654264,1
5,1,0.55016494,1
5,1,0.54585874,1
5,1,0.5457711,1
5,1,0.5478153,1
5,1,0.54501903,1
5,1,0.54705644,1
5,1,0.5456491,1
5,1,0.54759467,1
5,0,0.5472522,1
5,0,0.5492885,1
5,0,0.55302453,1
5,0,0.54788303,1
5,0,0.54906034,1
5,0,0.54966843,1
5,0,0.5498921,1
5,0,0.546522,1
5,0,0.54934764,1
5,0,0.55430275,1
5,0,0.54827434,1
5,0,0.548541,1
5,0,0.5474378,1
5,0,0.54796654,1
5,0,0.5478622,1
5,0,0.5517904,1
5,0,0.54796547,1
5,0,0.5494994,1
5,0,0.5489433,1
5,0,0.5489188,1
5,0,0.5506106,1
5,0,0.5506598,1
5,0,0.5486404,1
5,0,0.5501792,1
5,0,0.55014426,1
5,0,0.5507619,1
5,0,0.55632263,1
5,0,0.55201954,1
5,0,0.555185,1
5,0,0.5512071,1
5,0,0.55314827,1
5,0,0.553149,1
5,0,0.5504712,1
5,0,0.5480258,1
5,0,0.5489203,1
5,0,0.54878926,1
5,0,0.5472832,1
5,0,0.55017084,1
5,0,0.5493841,1
5,0,0.5510914,1
5,0,0.55396616,1
5,0,0.5502442,1
5,0,0.55001587,1
5,0,0.5525394,1
5,0,0.55226505,1
5,0,0.55183476,1
5,0,0.5551695,1
5,0,0.55991775,1
5,0,0.5526417,1
5,1,0.5673215,1
5,1,0.5646671,1
5,1,0.56146663,1
5,1,0.56251895,1
5,1,0.5657746,1
5,1,0.56309676,1
5,1,0.571322,1
5,1,0.56707275,1
5,1,0.57180566,1
5,1,0.5646063,1
5,1,0.56578743,1
5,1,0.5736962,1
5,1,0.5706727,1
5,1,0.56670105,1
5,1,0.5646905,1
5,1,0.5650155,1
5,1,0.5649021,1
5,1,0.5705107,1
5,1,0.56576145,1
5,1,0.56268686,1
5,1,0.5608381,1
5,1,0.56358063,1
5,1,0.5626872,1
5,0,0.53490007,1
5,0,0.53400385,1
5,0,0.53524166,1
5,0,0.53591895,1
5,0,0.5355117,1
5,0,0.5330629,1
5,0,0.53487694,1
5,0,0.533589,1
5,0,0.5347956,1
5,0,0.53254974,1
5,0,0.5328795,1
5,0,0.53646934,1
5,0,0.53295964,1
5,0,0.5313134,1
5,0,0.5327926,1
5,0,0.53168887,1
5,0,0.53048295,1
5,0,0.5294782,1
5,0,0.532467,1
5,0,0.53037876,1
5,0,0.52990246,1
5,0,0.5294829,1
5,0,0.5285356,1
5,0,0.53205377,1
5,0,0.53163934,1
5,0,0.5331812,1
5,0,0.53213716,1
5,0,0.53154916,1
5,0,0.5333017,1
5,0,0.5340297,1
5,1,0.5126745,1
5,1,0.5216286,1
5,1,0.5377768,1
5,1,0.5344434,1
5,1,0.5342127,1
5,1,0.53243905,1
5,1,0.52596724,1
5,1,0.5285949,1
5,1,0.52975935,1
5,1,0.526596,1
5,1,0.52576095,1
5,1,0.5275573,1
5,1,0.52900887,1
5,0,0.7638847,1
5,0,0.76285136,1
5,0,0.7647611,1
5,0,0.7641828,1
5,0,0.7641954,1
5,0,0.7567601,1
5,0,0.761301,1
5,0,0.76229,1
5,0,0.7665688,1
5,0,0.75914997,1
5,0,0.7592663,1
5,0,0.76028126,1
5,0,0.76128626,1
5,0,0.7633203,1
5,0,0.7585484,1
5,0,0.7626529,1
5,0,0.7620234,1
5,0,0.7619994,1
5,0,0.75912887,1
5,0,0.7594016,1
5,0,0.7634086,1
5,0,0.7640741,1
5,0,0.7643862,1
5,0,0.7640505,1
5,0,0.7556325,1
5,0,0.7602938,1
5,0,0.76377094,1
5,0,0.7598847,1
5,0,0.76136374,1
5,0,0.75940824,1
5,0,0.76486385,1
5,0,0.76039326,1
5,0,0.76014155,1
5,0,0.7647359,1
5,0,0.76450753,1
5,0,0.7619722,1
5,0,0.7622687,1
5,0,0.764821,1
5,0,0.7615465,1
5,0,0.75770223,1
5,0,0.75646186,1
5,0,0.7600905,1
5,0,0.75978255,1
5,0,0.7628159,1
5,0,0.7639603,1
5,0,0.76023775,1
5,0,0.7576754,1
5,0,0.75974363,1
5,0,0.76282895,1
5,0,0.7629758,1
5,0,0.7616054,1
5,0,0.76745135,1
5,0,0.7636347,1
5,0,0.7612607,1
5,0,0.7638015,1
5,0,0.7626881,1
5,0,0.7665192,1
5,0,0.76463723,1
5,0,0.7649193,1
5,0,0.7607383,1
5,0,0.75953746,1
5,0,0.7575283,1
5,0,0.762179,1
5,0,0.76184005,1
5,0,0.7617513,1
5,0,0.7630914,1
5,0,0.76610196,1
5,0,0.7589625,1
5,0,0.76027834,1
5,0,0.7635741,1
5,0,0.7686999,1
5,0,0.75961125,1
5,0,0.75953317,1
5,0,0.76446074,1
5,0,0.76749724,1
5,0,0.76563907,1
5,0,0.7637135,1
5,0,0.7581839,1
5,0,0.7625112,1
5,0,0.76683664,1
5,0,0.76393646,1
5,0,0.76074904,1
5,0,0.76434886,1
5,0,0.75962555,1
5,0,0.75746036,1
5,0,0.7595743,1
5,0,0.76088583,1
5,0,0.76520485,1
5,0,0.758854,1
5,0,0.76372266,1
5,0,0.76427865,1
5,0,0.76373506,1
5,0,0.7603009,1
5,0,0.76191723,1
5,0,0.7654779,1
5,0,0.7652611,1
5,0,0.7586728,1
5,0,0.75935733,1
5,0,0.7594454,1
5,0,0.75678164,1
5,0,0.7607936,1
5,0,0.7587225,1
5,0,0.7634933,1
5,0,0.7577295,1
5,0,0.75922513,1
5,0,0.7614406,1
5,0,0.7611579,1
5,0,0.76348096,1
5,0,0.76267815,1
5,0,0.7588978,1
5,0,0.76267713,1
5,0,0.7613604,1
5,0,0.76157093,1
5,0,0.756622,1
5,0,0.7624015,1
5,0,0.76474607,1
5,0,0.7650853,1
5,0,0.76207346,1
5,1,0.538698,1
5,1,0.5382458,1
5,1,0.5367257,1
5,1,0.53335226,1
5,1,0.5327966,1
5,1,0.5337463,1
5,1,0.53188735,1
5,1,0.5335648,1
5,1,0.5342806,1
5,1,0.53293854,1
5,1,0.53535557,1
5,1,0.5346041,1
5,1,0.53345406,1
5,1,0.5331242,1
5,1,0.5326116,1
5,1,0.5340804,1
5,1,0.53463584,1
5,1,0.53081274,1
5,1,0.53485304,1
5,1,0.53270584,1
5,1,0.53206486,1
5,1,0.53398275,1
5,1,0.45038673,0
5,1,0.45020416,0
5,1,0.45465985,0
5,1,0.44923684,0
5,1,0.44597656,0
5,1,0.45270285,0
5,1,0.44758186,0
5,1,0.44798294,0
5,1,0.449167,0
5,1,0.4502349,0
5,1,0.4509845,0
5,1,0.4473395,0
5,1,0.4505551,0
5,1,0.44928983,0
5,1,0.4469063,0
5,0,0.55138004,1
5,0,0.5518686,1
5,0,0.5524831,1
5,0,0.55077684,1
5,0,0.55158097,1
5,0,0.55435085,1
5,0,0.5474641,1
5,0,0.55124235,1
5,0,0.5515972,1
5,0,0.5508201,1
5,0,0.5494481,1
5,0,0.5512281,1
5,0,0.5536333,1
5,0,0.55152696,1
5,0,0.5543405,1
5,0,0.55768836,1
5,0,0.55689985,1
5,0,0.5525329,1
5,0,0.55189276,1
5,0,0.551946,1
5,0,0.5531409,1
5,0,0.55313677,1
5,0,0.54973793,1
5,0,0.5513024,1
5,0,0.5503861,1
5,0,0.5533441,1
5,0,0.55141735,1
5,0,0.5536986,1
5,0,0.54812634,1
5,0,0.55188787,1
5,0,0.5527272,1
5,0,0.5510031,1
5,0,0.550766,1
5,0,0.55153984,1
5,0,0.55201846,1
5,0,0.5567197,1
5,0,0.5525234,1
5,0,0.5516096,1
5,0,0.5522487,1
5,0,0.5506472,1
5,0,0.5509163,1
5,0,0.55335283,1
5,0,0.55404925,1
5,0,0.5490961,1
5,1,0.5524636,1
5,1,0.5507398,1
5,1,0.5486963,1
5,1,0.5520823,1
5,1,0.55177057,1
5,1,0.5519429,1
5,1,0.5930612,1
5,1,0.60871017,1
5,1,0.5940188,1
5,1,0.5923,1
5,1,0.59876114,1
5,1,0.5945976,1
5,1,0.58824974,1
5,1,0.5960445,1
5,1,0.5962987,1
5,1,0.60102874,1
5,1,0.59132355,1
5,1,0.60567665,1
5,1,0.6147156,1
5,1,0.58988404,1
5,1,0.59035444,1
5,1,0.5912682,1
5,1,0.6002443,1
5,1,0.5895551,1
5,1,0.5907172,1
5,1,0.5997139,1
5,1,0.595873,1
5,1,0.5868748,1
5,1,0.5858941,1
5,1,0.60594356,1
5,1,0.59542364,1
5,1,0.5916581,1
5,1,0.5957874,1
5,1,0.5958581,1
5,1,0.5933429,1
5,1,0.5276978,1
5,1,0.5289191,1
5,1,0.52602684,1
5,1,0.5278191,1
5,1,0.5237872,1
5,1,0.5262925,1
5,1,0.5259558,1
5,1,0.52890366,1
5,1,0.5277871,1
5,1,0.5283315,1
5,1,0.5277042,1
5,1,0.5306568,1
5,1,0.52972996,1
5,1,0.5280465,1
5,1,0.5280511,1
5,1,0.52994525,1
5,1,0.5265434,1
5,1,0.52739865,1
5,1,0.52813727,1
5,1,0.52861995,1
5,1,0.5267171,1
5,1,0.52542174,1
5,1,0.5295472,1
5,1,0.52119815,1
5,1,0.5311426,1
5,1,0.5208216,1
5,1,0.524397,1
5,1,0.5179881,1
5,1,0.52868897,1
5,1,0.5247782,1
5,1,0.52237374,1
5,1,0.51947165,1
5,1,0.5363362,1
5,1,0.5282405,1
5,1,0.5200893,1
5,1,0.5197849,1
5,1,0.5192811,1
5,1,0.5245232,1
5,1,0.51759416,1
5,1,0.52211875,1
5,1,0.52804106,1
5,1,0.51902103,1
5,1,0.5217485,1
5,1,0.5227426,1
5,1,0.52446926,1
5,1,0.5226419,1
5,1,0.5239345,1
5,1,0.5268138,1
5,1,0.5266424,1
5,1,0.5254817,1
5,1,0.5306975,1
5,1,0.5242979,1
5,1,0.5259033,1
5,1,0.52505404,1
5,1,0.5245527,1
5,1,0.5275284,1
5,1,0.537239,1
5,1,0.52737397,1
5,1,0.52301687,1
5,1,0.5238823,1
5,1,0.5295164,1
5,1,0.52414656,1
5,1,0.53119475,1
5,1,0.53555185,1
5,1,0.531442,1
5,1,0.52772933,1
5,1,0.53354055,1
5,1,0.52227324,1
5,1,0.5217248,1
5,1,0.5212197,1
5,1,0.524944,1
5,1,0.52269053,1
5,1,0.5221032,1
5,1,0.5179967,1
5,1,0.5264233,1
5,1,0.5234329,1
5,1,0.5280442,1
5,1,0.52685624,1
5,0,0.52883995,1
5,0,0.5305105,1
5,0,0.5316889,1
5,0,0.53048295,1
5,0,0.5294782,1
5,0,0.53246707,1
5,0,0.53037876,1
5,0,0.5299026,1
5,0,0.52948284,1
5,0,0.5285356,1
5,0,0.53205377,1
5,0,0.5316393,1
5,0,0.5331812,1
5,0,0.5321372,1
5,0,0.5315492,1
5,0,0.35878932,0
5,0,0.36091018,0
5,0,0.35896453,0
5,0,0.34753668,0
5,0,0.35174674,0
5,0,0.35870114,0
5,0,0.35338446,0
5,0,0.36194617,0
5,0,0.36785194,0
5,0,0.3830255,0
5,0,0.39166158,0
5,0,0.40727797,0
5,0,0.44184342,0
5,0,0.47529858,0
5,0,0.47966424,0
5,0,0.5277269,1
5,0,0.53066653,1
5,0,0.527695,1
5,0,0.5297327,1
5,0,0.5288624,1
5,0,0.52810305,1
5,0,0.5281467,1
5,0,0.5298646,1
5,0,0.52904195,1
5,0,0.52800673,1
5,0,0.5285941,1
5,0,0.52588075,1
5,0,0.5301897,1
5,0,0.52711225,1
5,0,0.52556115,1
5,0,0.5273527,1
5,0,0.52550054,1
5,0,0.5271026,1
5,0,0.5286756,1
5,0,0.5282786,1
5,0,0.52779484,1
5,0,0.52693355,1
5,0,0.5293118,1
5,0,0.52817017,1
5,0,0.52937806,1
5,0,0.52901644,1
5,0,0.529175,1
5,0,0.52712643,1
5,0,0.5295013,1
5,0,0.5293827,1
5,0,0.52900344,1
5,0,0.5278439,1
5,0,0.52806294,1
5,0,0.5263025,1
5,0,0.5256078,1
5,0,0.5283367,1
5,0,0.5283587,1
5,0,0.5273649,1
5,0,0.52920157,1
5,0,0.52967715,1
5,0,0.52606064,1
5,0,0.5264323,1
5,0,0.5286137,1
5,0,0.5279344,1
5,0,0.52696484,1
5,0,0.5273162,1
5,0,0.5254991,1
5,0,0.52732533,1
5,0,0.5262481,1
5,0,0.52559894,1
5,0,0.52749926,1
5,0,0.5277863,1
5,0,0.526193,1
5,0,0.52885306,1
5,0,0.52954996,1
5,0,0.5268884,1
5,0,0.52769756,1
5,0,0.5268795,1
5,0,0.52690667,1
5,0,0.526707,1
5,0,0.5287757,1
5,0,0.5260602,1
5,0,0.5264012,1
5,0,0.52734226,1
5,0,0.52761483,1
5,0,0.52717906,1
5,0,0.5272034,1
5,0,0.5273593,1
5,0,0.5272623,1
5,0,0.5275378,1
5,0,0.52825636,1
5,0,0.526836,1
5,0,0.5274849,1
5,0,0.52691495,1
5,0,0.52738386,1
5,0,0.52795005,1
5,0,0.5269932,1
5,0,0.5268579,1
5,0,0.527014,1
5,0,0.52605903,1
5,0,0.52593535,1
5,0,0.52722585,1
5,0,0.5271223,1
5,0,0.52778155,1
5,0,0.526944,1
5,0,0.5268184,1
5,0,0.52671003,1
5,0,0.5254144,1
5,0,0.5252991,1
5,0,0.52382445,1
5,0,0.52722627,1
5,0,0.5263004,1
5,0,0.52470815,1
5,0,0.52535427,1
5,0,0.5246073,1
5,0,0.5258721,1
5,0,0.5252937,1
5,0,0.5268272,1
5,0,0.5268698,1
5,0,0.5258584,1
5,0,0.52748597,1
5,0,0.52627224,1
5,0,0.5268748,1
5,0,0.5265663,1
5,0,0.52686846,1
5,0,0.5269391,1
5,0,0.52600753,1
5,0,0.5239407,1
5,0,0.52837056,1
5,0,0.5277047,1
5,0,0.5249062,1
5,0,0.5269545,1
5,0,0.5275023,1
5,0,0.5247257,1
5,1,0.5265525,1
5,1,0.52734095,1
5,1,0.52748364,1
5,1,0.52509135,1
5,1,0.5271509,1
5,1,0.5278132,1
5,1,0.5270127,1
5,1,0.5275454,1
5,1,0.5271823,1
5,1,0.5269226,1
5,1,0.52477527,1
5,1,0.52709794,1
5,1,0.5266553,1
5,1,0.5251348,1
5,1,0.5248312,1
5,0,0.5252339,1
5,0,0.5281107,1
5,0,0.52655375,1
5,0,0.52568454,1
5,0,0.52710414,1
5,0,0.526929,1
5,0,0.524428,1
5,0,0.5236474,1
5,0,0.5243103,1
5,0,0.522793,1
5,0,0.5251432,1
5,0,0.52570444,1
5,0,0.52536327,1
5,0,0.5241488,1
5,0,0.52542925,1
5,0,0.52499795,1
5,0,0.525842,1
5,0,0.5267707,1
5,0,0.52774024,1
5,0,0.5267568,1
5,0,0.52686197,1
5,0,0.5264061,1
5,0,0.52621937,1
5,0,0.5270656,1
5,0,0.5286947,1
5,0,0.52921885,1
5,0,0.527328,1
5,0,0.52700263,1
5,0,0.52930427,1
5,0,0.52553135,1
5,0,0.5285989,1
5,0,0.5264871,1
5,0,0.5264138,1
5,0,0.5277003,1
5,0,0.5280511,1
5,0,0.5273436,1
5,0,0.5257353,1
5,0,0.5288005,1
5,0,0.52537215,1
5,0,0.5261919,1
5,0,0.5266675,1
5,0,0.52743554,1
5,0,0.52576643,1
5,0,0.5260661,1
5,0,0.530006,1
5,1,0.52860165,1
5,1,0.5266219,1
5,1,0.5247232,1
5,1,0.5307239,1
5,1,0.5285913,1
5,1,0.5273931,1
5,1,0.526052,1
5,1,0.5283236,1
5,1,0.52660054,1
5,1,0.5280968,1
5,1,0.52931535,1
5,1,0.5296227,1
5,1,0.528001,1
5,1,0.5278234,1
5,1,0.5255103,1
5,1,0.5295128,1
5,1,0.5263124,1
5,1,0.52799237,1
5,0,0.52611446,1
5,0,0.5274287,1
5,0,0.52939296,1
5,0,0.5287539,1
5,0,0.5258227,1
5,0,0.52861863,1
5,0,0.5309833,1
5,0,0.532014,1
5,0,0.53119785,1
5,0,0.5303681,1
5,0,0.5308936,1
5,0,0.52883095,1
5,0,0.53028065,1
5,0,0.5326413,1
5,0,0.5313515,1
5,0,0.5320402,1
5,0,0.5315934,1
5,0,0.5300694,1
5,0,0.53175443,1
5,0,0.5315228,1
5,0,0.5312109,1
5,1,0.5340356,1
5,1,0.5336707,1
5,1,0.5328933,1
5,1,0.5329465,1
5,1,0.532921,1
5,1,0.5324343,1
5,1,0.5300423,1
5,1,0.5327318,1
5,1,0.5346117,1
5,1,0.5318316,1
5,1,0.5324226,1
5,1,0.5325741,1
5,1,0.53276193,1
5,1,0.5300528,1
5,1,0.5300516,1
5,1,0.53432924,1
5,1,0.5412363,1
5,1,0.53939724,1
5,1,0.5413745,1
5,1,0.54128414,1
5,1,0.5412352,1
5,1,0.5404417,1
5,1,0.5409453,1
5,1,0.54016036,1
5,1,0.5350274,1
5,1,0.5381452,1
5,1,0.5401281,1
5,1,0.54055184,1
5,1,0.53762656,1
5,1,0.53735054,1
5,1,0.53829056,1
5,1,0.5377466,1
5,1,0.5392749,1
5,1,0.5343087,1
5,1,0.5388415,1
5,1,0.539889,1
5,1,0.53836817,1
5,1,0.53786457,1
5,1,0.5370593,1
5,1,0.53760475,1
5,1,0.5383468,1
5,1,0.521994,1
5,1,0.5244283,1
5,1,0.5229393,1
5,1,0.52387995,1
5,1,0.523684,1
5,1,0.52428925,1
5,1,0.522586,1
5,1,0.52170885,1
5,1,0.5223888,1
5,1,0.5234324,1
5,1,0.5224393,1
5,1,0.5202498,1
5,0,0.49306646,0
5,0,0.49889395,0
5,0,0.49933007,0
5,0,0.4934773,0
5,0,0.49912822,0
5,1,0.49447247,0
5,1,0.49318054,0
5,1,0.49551764,0
5,1,0.49798802,0
5,1,0.49877962,0
5,1,0.49774158,0
5,1,0.5006501,1
5,1,0.4996706,0
5,1,0.49790928,0
5,1,0.49974483,0
5,1,0.50215787,1
5,1,0.5002729,1
5,1,0.5019037,1
5,1,0.5004617,1
5,1,0.5042789,1
5,1,0.49987644,0
5,1,0.5005437,1
5,1,0.49476135,0
5,1,0.49860197,0
5,1,0.499652,0
5,1,0.50213397,1
5,1,0.50224197,1
5,1,0.5036628,1
5,1,0.5022405,1
5,1,0.49783564,0
5,0,0.51759726,1
5,0,0.50786376,1
5,0,0.5052777,1
5,0,0.50448596,1
5,0,0.5032429,1
5,0,0.49589136,0
5,0,0.50134915,1
5,0,0.5052336,1
5,0,0.5037329,1
5,0,0.5058438,1
5,0,0.49493974,0
5,0,0.49805358,0
5,0,0.5028203,1
5,0,0.5053694,1
5,0,0.5082962,1
5,0,0.5023796,1
5,0,0.50064087,1
5,0,0.5071491,1
5,0,0.49503115,0
5,0,0.49791926,0
5,0,0.49806646,0
5,0,0.50195795,1
5,0,0.50082284,1
5,0,0.49908677,0
5,0,0.5063006,1
5,0,0.50845456,1
5,0,0.50465477,1
5,0,0.50323737,1
5,0,0.50502235,1
5,0,0.50482357,1
5,0,0.50216204,1
5,0,0.50470275,1
5,0,0.49655572,0
5,0,0.49648178,0
5,0,0.50937504,1
5,0,0.5048164,1
5,0,0.49880108,0
5,0,0.5023081,1
5,0,0.5039691,1
5,0,0.5014992,1
5,0,0.49884275,0
5,0,0.49956566,0
5,0,0.49228713,0
5,0,0.50702107,1
5,0,0.50427395,1
5,0,0.5039675,1
5,0,0.50782627,1
5,0,0.5016885,1
5,0,0.5060343,1
5,0,0.50359386,1
5,0,0.5058702,1
5,0,0.49783173,0
5,0,0.5144847,1
5,0,0.50180376,1
5,0,0.50443035,1
5,0,0.4970512,0
5,0,0.5026298,1
5,0,0.49737197,0
5,0,0.4965515,0
5,0,0.50242895,1
5,1,0.5003732,1
5,1,0.5035713,1
5,1,0.50450915,1
5,1,0.50965977,1
5,1,0.5044982,1
5,1,0.4989857,0
5,1,0.49574074,0
5,1,0.5026609,1
5,1,0.50117713,1
5,1,0.49420926,0
5,0,0.5073223,1
5,0,0.49982098,0
5,0,0.4969071,0
5,0,0.496227,0
5,0,0.49653277,0
5,0,0.4963919,0
5,0,0.4942686,0
5,0,0.49799627,0
5,0,0.49316877,0
5,0,0.49413404,0
5,1,0.49888423,0
5,1,0.49420547,0
5,1,0.49222344,0
5,1,0.4945806,0
5,1,0.5030128,1
5,1,0.49885938,0
5,1,0.49972874,0
5,1,0.49386773,0
5,1,0.49650222,0
5,1,0.50147945,1
5,1,0.5044888,1
5,1,0.50338006,1
5,1,0.49968818,0
5,1,0.49774995,0
5,1,0.50010824,1
5,0,0.5000645,1
5,0,0.5123079,1
5,0,0.5101027,1
5,0,0.5039896,1
5,0,0.4961011,0
5,0,0.5118823,1
5,0,0.5047741,1
5,0,0.4960175,0
5,0,0.49318686,0
5,0,0.5095064,1
5,0,0.4954343,0
5,0,0.49791667,0
5,0,0.49821454,0
5,0,0.49664962,0
5,0,0.50769883,1
5,0,0.49420288,0
5,0,0.4958553,0
5,0,0.49259487,0
5,0,0.4951719,0
5,0,0.5006828,1
5,0,0.4954998,0
5,0,0.49695727,0
5,0,0.49536818,0
5,0,0.49958155,0
5,0,0.50282156,1
5,0,0.50075465,1
5,0,0.50021255,1
5,0,0.49924445,0
5,0,0.49620587,0
5,0,0.50235605,1
5,0,0.49977928,0
5,0,0.49881005,0
5,0,0.4997267,0
5,0,0.49463737,0
5,0,0.49525335,0
5,0,0.49838465,0
5,0,0.49838552,0
5,0,0.49992627,0
5,0,0.49496564,0
5,0,0.49610463,0
5,0,0.49550533,0
5,0,0.49513853,0
5,0,0.4947619,0
5,0,0.49725235,0
5,0,0.4984167,0
5,1,0.4977802,0
5,1,0.4985665,0
5,1,0.5001423,1
5,1,0.49602574,0
5,1,0.49225157,0
5,1,0.50049126,1
5,1,0.49824694,0
5,1,0.49842888,0
5,1,0.49916047,0
5,1,0.49882695,0
5,0,0.50169283,1
5,0,0.49842206,0
5,0,0.49766698,0
5,0,0.49798864,0
5,0,0.50093436,1
5,0,0.5017246,1
5,0,0.49783593,0
5,0,0.49510822,0
5,0,0.50293505,1
5,0,0.49534506,0
5,0,0.5007878,1
5,0,0.5103606,1
5,0,0.49919763,0
5,0,0.5041934,1
5,0,0.5031468,1
5,0,0.502651,1
5,0,0.5095342,1
5,0,0.49933764,0
5,0,0.50195384,1
5,0,0.5007237,1
5,0,0.4988364,0
5,0,0.4933233,0
5,0,0.50018173,1
5,0,0.4995587,0
5,0,0.4997816,0
5,0,0.49988228,0
5,0,0.49926022,0
5,0,0.50019115,1
5,0,0.49233967,0
5,0,0.50155354,1
5,0,0.5055089,1
5,0,0.50586647,1
5,0,0.5158064,1
5,0,0.5070032,1
5,0,0.50122035,1
5,0,0.5117135,1
5,0,0.50231326,1
5,0,0.50460047,1
5,0,0.52082336,1
5,0,0.5093754,1
5,1,0.5291828,1
5,1,0.5279721,1
5,1,0.52986836,1
5,1,0.52915275,1
5,1,0.5287204,1
5,1,0.52631205,1
5,1,0.5278987,1
5,1,0.52847064,1
5,1,0.5273977,1
5,1,0.5266711,1
5,1,0.52384603,1
5,1,0.5234819,1
5,1,0.5247625,1
5,1,0.52442026,1
5,1,0.5243011,1
5,1,0.52474135,1
5,1,0.5239465,1
5,1,0.5249619,1
5,1,0.5233306,1
5,1,0.5224149,1
5,1,0.52453226,1
5,1,0.52172035,1
5,1,0.5243144,1
5,1,0.5229137,1
5,1,0.52204645,1
5,1,0.5218984,1
5,1,0.5244728,1
5,1,0.5242315,1
5,1,0.52386284,1
5,1,0.52364165,1
5,1,0.5238461,1
5,1,0.52399176,1
5,1,0.5239401,1
5,1,0.52720517,1
5,1,0.5248755,1
5,1,0.52632093,1
5,1,0.563133,1
5,1,0.5651876,1
5,1,0.5628746,1
5,1,0.5647252,1
5,1,0.56152624,1
5,1,0.5650192,1
5,1,0.5642063,1
5,1,0.56402427,1
5,1,0.5623887,1
5,1,0.5645604,1
5,1,0.5648012,1
5,1,0.5600469,1
5,1,0.56376904,1
5,1,0.5612043,1
5,1,0.5635758,1
5,1,0.56083715,1
5,1,0.5623461,1
5,1,0.5621993,1
5,1,0.56161803,1
5,1,0.5632529,1
5,1,0.563295,1
5,1,0.5593358,1
5,1,0.56028223,1
5,1,0.5601742,1
5,1,0.5597081,1
5,1,0.5605237,1
5,1,0.55859137,1
5,1,0.5589666,1
5,1,0.5607151,1
5,1,0.56134355,1
5,1,0.55721605,1
5,1,0.5573352,1
5,1,0.56465346,1
5,1,0.5622926,1
5,1,0.5550922,1
5,1,0.55709016,1
5,1,0.5593612,1
5,1,0.5595148,1
5,1,0.56216663,1
5,1,0.55757356,1
5,1,0.55926925,1
5,1,0.5603238,1
5,1,0.55732435,1
5,1,0.5594135,1
5,1,0.55551046,1
5,1,0.562105,1
5,1,0.5586824,1
5,1,0.5558641,1
5,1,0.5552098,1
5,1,0.5560408,1
5,1,0.5568299,1
5,1,0.56215054,1
5,1,0.5562062,1
5,1,0.56126356,1
5,1,0.5599382,1
5,1,0.56143403,1
5,1,0.5592995,1
5,1,0.55824244,1
5,1,0.56295604,1
5,1,0.55952865,1
5,1,0.55891746,1
5,1,0.55695206,1
5,1,0.5551533,1
5,1,0.55614036,1
5,1,0.5561213,1
5,1,0.5586055,1
5,1,0.55681014,1
5,1,0.55791384,1
5,1,0.56151706,1
5,1,0.5611724,1
5,1,0.5604784,1
5,1,0.56125265,1
5,1,0.56143606,1
5,1,0.5576134,1
5,1,0.56576306,1
5,1,0.5619694,1
5,1,0.55868477,1
5,1,0.5563638,1
5,1,0.5611474,1
5,1,0.55713814,1
5,1,0.55675393,1
5,1,0.55792063,1
5,1,0.55912656,1
5,1,0.55756515,1
5,1,0.55876154,1
5,1,0.5595493,1
5,1,0.554612,1
5,1,0.5571344,1
5,1,0.5572408,1
5,1,0.5555382,1
5,1,0.55748004,1
5,1,0.5568266,1
5,1,0.558022,1
5,1,0.5584902,1
5,1,0.5576766,1
5,1,0.55820185,1
5,1,0.5591299,1
5,1,0.5589326,1
5,1,0.53792644,1
5,1,0.5342028,1
5,1,0.5340968,1
5,1,0.53218365,1
5,1,0.5257468,1
5,1,0.5283852,1
5,1,0.5296067,1
5,1,0.52645075,1
5,1,0.5256868,1
5,1,0.52744657,1
5,1,0.52903455,1
5,1,0.5268786,1
5,1,0.52657217,1
5,1,0.52335185,1
5,1,0.52446777,1
5,1,0.52255,1
5,1,0.52316195,1
5,1,0.5233824,1
5,1,0.52169675,1
5,1,0.52309537,1
5,1,0.5232219,1
5,1,0.52305627,1
5,1,0.5224166,1
5,1,0.52167803,1
5,1,0.5207669,1
5,1,0.5205378,1
5,1,0.52399194,1
5,1,0.52093995,1
5,1,0.52120787,1
5,1,0.5219839,1
5,1,0.5217088,1
5,1,0.52228385,1
5,1,0.5229267,1
5,1,0.52326167,1
5,1,0.5222394,1
5,1,0.52179325,1
5,1,0.5215108,1
5,1,0.5201422,1
5,1,0.5204424,1
5,1,0.5189625,1
5,1,0.5213053,1
5,1,0.5206806,1
5,1,0.51908743,1
5,1,0.5229143,1
5,1,0.5227249,1
5,1,0.5215179,1
5,1,0.5222071,1
5,1,0.51969045,1
5,1,0.5224664,1
5,1,0.52105176,1
5,1,0.5214436,1
5,1,0.5225052,1
5,1,0.52101403,1
5,1,0.5222531,1
5,1,0.5236378,1
5,1,0.5216756,1
5,1,0.5213742,1
5,1,0.5218393,1
5,1,0.522331,1
5,1,0.52088976,1
5,1,0.5205044,1
5,1,0.5202295,1
5,1,0.5208482,1
5,1,0.52075934,1
5,1,0.52173424,1
5,1,0.52142185,1
5,1,0.5187586,1
5,1,0.51996905,1
5,1,0.52138174,1
5,1,0.5222299,1
5,1,0.5206147,1
5,1,0.5222345,1
5,1,0.5233183,1
5,1,0.52276427,1
5,1,0.52253103,1
5,1,0.52193534,1
5,1,0.5225863,1
5,1,0.5228846,1
5,1,0.5238802,1
5,1,0.51943,1
5,1,0.52369887,1
5,1,0.5237456,1
5,1,0.5208151,1
5,1,0.522575,1
5,1,0.5235479,1
5,1,0.52272207,1
5,1,0.52178633,1
5,1,0.52365965,1
5,1,0.5819642,1
5,1,0.5824976,1
5,1,0.5813472,1
5,1,0.57996917,1
5,1,0.58338666,1
5,1,0.584629,1
5,1,0.5839434,1
5,1,0.58319336,1
5,1,0.5864557,1
5,1,0.57999104,1
5,1,0.58269596,1
5,1,0.584727,1
5,1,0.583925,1
5,1,0.5857838,1
5,1,0.58303756,1
5,1,0.58190566,1
5,1,0.5812985,1
5,1,0.5854884,1
5,1,0.58272576,1
5,1,0.58411294,1
5,1,0.58376074,1
5,1,0.5847759,1
5,1,0.5861749,1
5,1,0.5826236,1
5,1,0.5821328,1
5,1,0.58533376,1
5,1,0.58837,1
5,1,0.5886583,1
5,1,0.5845291,1
5,1,0.58391273,1
5,1,0.5865189,1
5,1,0.5852686,1
5,1,0.58357626,1
5,1,0.58216536,1
5,1,0.5844105,1
5,1,0.586066,1
5,1,0.5918708,1
5,1,0.58608043,1
5,1,0.58715016,1
5,1,0.5927525,1
5,1,0.58636445,1
5,1,0.58569497,1
5,1,0.7580047,1
5,1,0.7525148,1
5,1,0.7532249,1
5,1,0.7580931,1
5,1,0.74844646,1
5,1,0.75584656,1
5,1,0.75422376,1
5,1,0.7593029,1
5,1,0.6839599,1
5,1,0.69497246,1
5,1,0.70058376,1
5,1,0.6756723,1
5,1,0.6880381,1
5,1,0.6902358,1
5,1,0.69486344,1
5,1,0.7020699,1
5,1,0.6988658,1
5,1,0.68061024,1
5,1,0.68138576,1
5,1,0.68492913,1
5,1,0.69610715,1
5,1,0.6780622,1
5,1,0.6866365,1
5,1,0.69373155,1
5,1,0.68779474,1
5,1,0.6915283,1
5,1,0.69913256,1
5,1,0.6960863,1
5,1,0.68860614,1
5,1,0.68062276,1
5,1,0.6869646,1
5,1,0.6820694,1
5,1,0.67239565,1
5,1,0.67952764,1
5,1,0.6721876,1
5,1,0.67071486,1
5,1,0.6758516,1
5,1,0.66902137,1
5,1,0.5437442,1
5,1,0.55190635,1
5,1,0.5555249,1
5,1,0.5561804,1
5,1,0.55665034,1
5,1,0.55766827,1
5,1,0.557193,1
5,1,0.55330664,1
5,1,0.5530925,1
5,1,0.5532923,1
5,1,0.55195385,1
5,1,0.55128825,1
5,1,0.55040455,1
5,1,0.55382496,1
5,1,0.5515644,1
5,1,0.60266846,1
5,1,0.60129476,1
5,1,0.6065321,1
5,1,0.60621554,1
5,1,0.6104496,1
5,1,0.61157244,1
5,1,0.60609335,1
5,1,0.6170663,1
5,1,0.5351488,1
5,1,0.5357101,1
5,1,0.53673136,1
5,1,0.53395534,1
5,1,0.5342623,1
5,1,0.5342876,1
5,1,0.5342763,1
5,1,0.5349365,1
5,1,0.52880365,1
5,1,0.52940893,1
5,1,0.5293135,1
5,1,0.53095704,1
5,1,0.530423,1
5,1,0.5268494,1
5,1,0.52935517,1
5,1,0.5292595,1
5,1,0.53227204,1
5,1,0.53056216,1
5,1,0.5282978,1
5,1,0.53098935,1
5,1,0.5343071,1
5,1,0.5296921,1
5,1,0.53044015,1
5,1,0.53154206,1
5,1,0.531885,1
5,1,0.53006095,1
5,1,0.52922225,1
5,1,0.5300982,1
5,1,0.52956325,1
5,1,0.53052586,1
5,1,0.531239,1
5,1,0.5294816,1
5,1,0.53293645,1
5,1,0.530799,1
5,1,0.531069,1
5,1,0.5310633,1
5,1,0.5300734,1
5,1,0.52931035,1
5,1,0.5324692,1
5,1,0.53102833,1
5,1,0.53127235,1
5,0,0.5292156,1
5,0,0.53144073,1
5,0,0.5283841,1
5,0,0.5270241,1
5,0,0.52727,1
5,0,0.53021026,1
5,0,0.5313495,1
5,0,0.52905136,1
5,0,0.5339269,1
5,0,0.53188497,1
5,0,0.53213406,1
5,0,0.53055054,1
5,0,0.5296925,1
5,0,0.5288413,1
5,0,0.5278994,1
5,0,0.52830297,1
5,0,0.52664554,1
5,0,0.5266258,1
5,0,0.5286954,1
5,0,0.5287604,1
5,0,0.52709484,1
5,0,0.5277075,1
5,0,0.5254188,1
5,0,0.52875805,1
5,0,0.52641296,1
5,0,0.524956,1
5,0,0.5269937,1
5,0,0.5261054,1
5,0,0.524389,1
5,0,0.5272295,1
5,0,0.5277566,1
5,0,0.52657527,1
5,0,0.52498907,1
5,0,0.5249974,1
5,0,0.52730364,1
5,0,0.52596074,1
5,0,0.5265852,1
5,0,0.5261597,1
5,0,0.525825,1
5,0,0.52509904,1
5,0,0.5264905,1
5,0,0.5240558,1
5,0,0.5259146,1
5,0,0.5250493,1
5,0,0.5282207,1
5,0,0.5251792,1
5,0,0.52669287,1
5,0,0.52666354,1
5,0,0.5251185,1
5,0,0.52518964,1
5,0,0.5268056,1
5,0,0.52599925,1
5,0,0.5249411,1
5,0,0.5251307,1
5,0,0.52300805,1
5,0,0.5272779,1
5,0,0.5236723,1
5,0,0.52493286,1
5,0,0.52254534,1
5,0,0.5237949,1
5,0,0.52291334,1
5,0,0.52348065,1
5,0,0.5243057,1
5,0,0.5240437,1
5,0,0.5238036,1
5,0,0.5233084,1
5,0,0.52462256,1
5,0,0.5242298,1
5,0,0.5251014,1
5,0,0.524925,1
5,0,0.52553505,1
5,0,0.523019,1
5,0,0.52430993,1
5,0,0.52448887,1
5,0,0.5253375,1
5,0,0.52335227,1
5,0,0.52461237,1
5,0,0.52332014,1
5,0,0.5223792,1
5,0,0.52445096,1
5,0,0.5251079,1
5,0,0.5243151,1
5,0,0.5255128,1
5,0,0.52597547,1
5,0,0.5229604,1
5,0,0.5234007,1
5,0,0.5244164,1
5,0,0.5245214,1
5,0,0.5237982,1
5,0,0.52372456,1
5,0,0.5229577,1
5,0,0.5238576,1
5,0,0.52310026,1
5,0,0.5225387,1
5,0,0.52415735,1
5,0,0.5243724,1
5,0,0.5224903,1
5,0,0.5250369,1
5,0,0.525152,1
5,0,0.5238405,1
5,0,0.5258966,1
5,0,0.52370113,1
5,0,0.52392113,1
5,0,0.52334046,1
5,0,0.52546,1
5,0,0.52312696,1
5,0,0.52369094,1
5,0,0.52405703,1
5,0,0.52381563,1
5,0,0.5230373,1
5,1,0.5228146,1
5,1,0.5238302,1
5,1,0.52380484,1
5,1,0.52438116,1
5,1,0.5236394,1
5,1,0.5228085,1
5,1,0.5240369,1
5,1,0.5231874,1
5,1,0.5239272,1
5,1,0.52470005,1
5,1,0.5238362,1
5,1,0.5233909,1
5,1,0.52403736,1
5,1,0.5229699,1
5,1,0.5225613,1
5,1,0.52344924,1
5,1,0.5231728,1
5,1,0.5244928,1
5,0,0.52283293,1
5,0,0.52397484,1
5,0,0.52280885,1
5,0,0.5221537,1
5,0,0.52159864,1
5,0,0.520651,1
5,0,0.5231141,1
5,0,0.523413,1
5,0,0.52068913,1
5,0,0.52390385,1
5,0,0.5220542,1
5,0,0.52394325,1
5,0,0.5213098,1
5,0,0.5213627,1
5,0,0.5228123,1
5,0,0.5236562,1
5,0,0.5236572,1
5,0,0.5227866,1
5,0,0.52245533,1
5,0,0.5221567,1
5,0,0.5231213,1
5,0,0.52533585,1
5,0,0.52302706,1
5,0,0.52109087,1
5,0,0.52445936,1
5,0,0.523494,1
5,0,0.52185726,1
5,0,0.5230043,1
5,0,0.5239917,1
5,0,0.52153504,1
5,0,0.52367276,1
5,0,0.5226242,1
5,0,0.52364606,1
5,0,0.52143794,1
5,0,0.52412766,1
5,0,0.5233298,1
5,0,0.5229059,1
5,0,0.52289826,1
5,0,0.5232239,1
5,0,0.5237507,1
5,0,0.521876,1
5,0,0.52352065,1
5,0,0.52316326,1
5,0,0.5217132,1
5,0,0.52151096,1
5,0,0.5202371,1
5,0,0.5237872,1
5,0,0.52355474,1
5,0,0.5236376,1
5,0,0.5236032,1
5,0,0.524049,1
5,0,0.52194667,1
5,0,0.5208844,1
5,0,0.5205789,1
5,0,0.5187051,1
5,0,0.5221089,1
5,0,0.5221953,1
5,0,0.5216559,1
5,0,0.52073324,1
5,0,0.52216804,1
5,0,0.52202755,1
5,0,0.52406657,1
5,0,0.5209112,1
5,0,0.5229911,1
5,0,0.5228139,1
5,0,0.522491,1
5,0,0.5224481,1
5,0,0.5222368,1
5,0,0.5230844,1
5,0,0.52496845,1
5,0,0.5250352,1
5,0,0.52341616,1
5,0,0.5239665,1
5,0,0.5225927,1
5,0,0.5218726,1
5,0,0.5233746,1
5,0,0.5243401,1
5,0,0.5216644,1
5,0,0.52339095,1
5,0,0.5224903,1
5,0,0.5234131,1
5,0,0.5223947,1
5,0,0.5234612,1
5,0,0.52212685,1
5,0,0.5244397,1
5,0,0.52500147,1
5,0,0.52383953,1
5,0,0.5209963,1
5,0,0.5225335,1
5,0,0.5254727,1
5,0,0.52451295,1
5,0,0.52163506,1
5,0,0.5203966,1
5,0,0.52467054,1
5,0,0.52470833,1
5,0,0.5243185,1
5,0,0.5219131,1
5,0,0.5235029,1
5,0,0.5227031,1
5,0,0.52373224,1
5,0,0.52520347,1
5,0,0.5254617,1
5,0,0.524199,1
5,0,0.524811,1
5,0,0.52249527,1
5,1,0.5263528,1
5,1,0.52212566,1
5,1,0.5244762,1
5,1,0.5261014,1
5,1,0.52594364,1
5,1,0.52515304,1
5,1,0.523939,1
5,1,0.52582103,1
5,1,0.5253109,1
5,1,0.5238823,1
5,1,0.5261044,1
5,1,0.52378833,1
5,1,0.5251542,1
5,1,0.5875872,1
5,1,0.59179384,1
5,1,0.5887089,1
5,1,0.59387517,1
5,1,0.59148157,1
5,1,0.5944317,1
5,1,0.5910074,1
5,1,0.5930954,1
5,1,0.59561574,1
5,1,0.59238756,1
5,1,0.5906424,1
5,1,0.592924,1
5,1,0.591262,1
5,1,0.59673584,1
5,1,0.5919534,1
5,1,0.5906031,1
5,1,0.59161866,1
5,1,0.5934505,1
5,1,0.59752196,1
5,1,0.5928815,1
5,1,0.59414834,1
5,1,0.5926371,1
5,1,0.5348277,1
5,1,0.5356703,1
5,1,0.5347289,1
5,1,0.5353841,1
5,1,0.53390896,1
5,1,0.535264,1
5,1,0.53318965,1
5,1,0.5353285,1
5,1,0.5343254,1
5,1,0.5334192,1
5,1,0.5338651,1
5,1,0.5362926,1
5,1,0.53320974,1
5,1,0.53228384,1
5,1,0.5326077,1
5,1,0.5334284,1
5,1,0.5323946,1
5,1,0.5343053,1
5,1,0.5330699,1
5,1,0.5339649,1
5,1,0.52817875,1
5,1,0.53061104,1
5,1,0.5269183,1
5,1,0.5281804,1
5,1,0.5278656,1
5,1,0.5256593,1
5,1,0.52863485,1
5,1,0.52886134,1
5,1,0.530262,1
5,1,0.52754694,1
5,1,0.5309602,1
5,1,0.52813464,1
5,1,0.52736115,1
5,1,0.52806824,1
5,1,0.52800393,1
5,1,0.52606994,1
5,1,0.5222531,1
5,1,0.5171926,1
5,1,0.5099539,1
5,1,0.51598555,1
5,1,0.5144521,1
5,1,0.51486003,1
5,1,0.5111858,1
5,1,0.51678926,1
5,1,0.5158846,1
5,1,0.5122995,1
5,1,0.515176,1
5,1,0.5185662,1
5,1,0.5117846,1
5,1,0.51279056,1
5,1,0.5132127,1
5,1,0.5470784,1
5,1,0.5467782,1
5,1,0.54739684,1
5,1,0.5497521,1
5,1,0.5475035,1
5,1,0.54726034,1
5,1,0.5460365,1
5,1,0.55443436,1
5,1,0.5516782,1
5,1,0.5482734,1
5,1,0.5507853,1
5,1,0.55040133,1
5,1,0.5502412,1
5,1,0.54695255,1
5,1,0.5516902,1
5,1,0.5189371,1
5,1,0.52591527,1
5,1,0.5350616,1
5,1,0.539488,1
5,1,0.5416264,1
5,1,0.53936344,1
5,1,0.53612405,1
5,1,0.5344402,1
5,1,0.53377235,1
5,0,0.5301883,1
5,0,0.52907854,1
5,0,0.528347,1
5,0,0.52747697,1
5,0,0.5255152,1
5,0,0.5290489,1
5,0,0.52817154,1
5,0,0.52912325,1
5,0,0.5264997,1
5,0,0.52761257,1
5,0,0.5287843,1
5,0,0.5277701,1
5,0,0.5272819,1
5,0,0.5231382,1
5,0,0.5261215,1
5,0,0.52895975,1
5,0,0.52611077,1
5,0,0.5244831,1
5,0,0.5241486,1
5,0,0.52583915,1
5,0,0.52404094,1
5,0,0.52381593,1
5,0,0.52332073,1
5,0,0.52369905,1
5,0,0.5247241,1
5,0,0.52413535,1
5,0,0.5238302,1
5,0,0.52503765,1
5,0,0.52531236,1
5,0,0.5235644,1
5,0,0.5236687,1
5,0,0.52428997,1
5,0,0.52467495,1
5,0,0.5233042,1
5,0,0.52234644,1
5,0,0.52428466,1
5,0,0.52338403,1
5,0,0.52381,1
5,0,0.52317804,1
5,0,0.52061963,1
5,0,0.52102786,1
5,0,0.523095,1
5,0,0.5253337,1
5,0,0.5246834,1
5,0,0.52386767,1
5,0,0.5234215,1
5,0,0.52359265,1
5,0,0.5226486,1
5,0,0.5241977,1
5,0,0.52361995,1
5,0,0.5236574,1
5,0,0.52363074,1
5,0,0.5237025,1
5,0,0.5230217,1
5,0,0.52330667,1
5,0,0.5238414,1
5,0,0.5224482,1
5,0,0.522756,1
5,0,0.5230401,1
5,0,0.52555966,1
5,0,0.52512795,1
5,0,0.52322936,1
5,0,0.523473,1
5,0,0.5253328,1
5,0,0.5256551,1
5,0,0.5275676,1
5,0,0.5243672,1
5,0,0.52571654,1
5,0,0.5274245,1
5,0,0.5258389,1
5,0,0.5257774,1
5,0,0.52722013,1
5,0,0.5259867,1
5,0,0.5277154,1
5,0,0.5276947,1
5,0,0.52711546,1
5,0,0.52716213,1
5,0,0.52830946,1
5,0,0.5272217,1
5,0,0.5277239,1
5,0,0.5264002,1
5,0,0.52891994,1
5,0,0.5262415,1
5,0,0.5249912,1
5,0,0.5287151,1
5,0,0.5256662,1
5,0,0.52620625,1
5,0,0.52366155,1
5,0,0.5274938,1
5,0,0.52612555,1
5,0,0.525613,1
5,0,0.5275548,1
5,0,0.5231439,1
5,0,0.52296615,1
5,0,0.52457577,1
5,0,0.5251734,1
5,0,0.52584755,1
5,0,0.52423346,1
5,0,0.52481043,1
5,0,0.5242126,1
5,0,0.52339154,1
5,0,0.521547,1
5,0,0.52356786,1
5,0,0.52514577,1
5,0,0.524866,1
5,0,0.5238945,1
5,0,0.5249303,1
5,0,0.5236485,1
5,0,0.5214394,1
5,0,0.5235563,1
5,0,0.525615,1
5,0,0.5227674,1
5,0,0.52476704,1
5,0,0.5245969,1
5,0,0.5249427,1
5,0,0.52315235,1
5,0,0.52488273,1
5,0,0.5232153,1
5,0,0.5252847,1
5,0,0.5249811,1
5,0,0.52368593,1
5,0,0.5221332,1
5,0,0.52457595,1
5,0,0.5256406,1
5,0,0.5228962,1
5,0,0.5242528,1
5,0,0.52524966,1
5,0,0.5251092,1
5,0,0.5235041,1
5,0,0.52523834,1
5,0,0.52581024,1
5,0,0.5240938,1
5,1,0.5247065,1
5,1,0.5238505,1
5,1,0.52582157,1
5,1,0.52607197,1
5,1,0.5273958,1
5,1,0.52592003,1
5,1,0.5291058,1
5,1,0.5267465,1
5,1,0.5272813,1
5,1,0.526383,1
5,1,0.5308167,1
5,0,0.52636486,1
5,0,0.52843785,1
5,0,0.5291517,1
5,0,0.52914506,1
5,0,0.5284936,1
5,0,0.5272705,1
5,0,0.52969056,1
5,0,0.52782613,1
5,0,0.5301595,1
5,0,0.52887565,1
5,0,0.528165,1
5,0,0.5294985,1
5,0,0.5300349,1
5,0,0.53004444,1
5,1,0.5263956,1
5,1,0.5310232,1
5,1,0.5283901,1
5,1,0.52868325,1
5,1,0.5276073,1
5,1,0.52891326,1
5,1,0.526831,1
5,1,0.5261884,1
5,1,0.5273399,1
5,1,0.52930814,1
5,1,0.52627754,1
5,1,0.52649313,1
5,1,0.53006965,1
5,1,0.52854,1
5,1,0.528802,1
5,1,0.5291198,1
5,1,0.52869,1
5,1,0.530771,1
5,1,0.5309382,1
5,1,0.52975774,1
5,1,0.5294554,1
5,1,0.5296981,1
5,1,0.5295927,1
5,1,0.52934784,1
5,1,0.52928746,1
5,1,0.5284372,1
5,1,0.52732676,1
5,1,0.52949727,1
5,1,0.5301477,1
5,1,0.5281587,1
5,1,0.52748805,1
5,1,0.52928454,1
5,1,0.52956206,1
5,1,0.52865523,1
5,1,0.52932674,1
5,1,0.5268917,1
5,1,0.5294683,1
5,1,0.5305112,1
5,1,0.52875924,1
5,1,0.5314236,1
5,1,0.5297652,1
5,1,0.53068495,1
5,1,0.5313818,1
5,1,0.5297569,1
5,1,0.5306744,1
5,1,0.53277326,1
5,1,0.530629,1
5,1,0.52959967,1
5,1,0.5312359,1
5,1,0.46727294,0
5,1,0.4685873,0
5,1,0.4682244,0
5,1,0.4635841,0
5,1,0.4696109,0
5,1,0.46931845,0
5,1,0.4675728,0
5,1,0.47260672,0
5,1,0.46408504,0
5,1,0.47349387,0
5,1,0.46669492,0
5,1,0.46885124,0
5,1,0.469754,0
5,1,0.4684527,0
5,1,0.4725629,0
5,1,0.54702604,1
5,1,0.54860383,1
5,1,0.548665,1
5,1,0.5495488,1
5,1,0.5458866,1
5,1,0.54952896,1
5,1,0.5486685,1
5,1,0.54764277,1
5,1,0.54608107,1
5,1,0.54551464,1
5,1,0.5785067,1
5,1,0.5633839,1
5,1,0.57240117,1
5,1,0.57466847,1
5,1,0.5639606,1
5,1,0.57006246,1
5,1,0.57793075,1
5,1,0.56828153,1
5,1,0.5618972,1
5,1,0.56170624,1
5,1,0.56061333,1
5,1,0.5583919,1
5,1,0.5663327,1
5,1,0.56727934,1
5,1,0.5662397,1
5,1,0.57323575,1
5,1,0.5684234,1
5,1,0.5675872,1
5,0,0.4988165,0
5,0,0.49341103,0
5,0,0.49652758,0
5,0,0.49784806,0
5,0,0.49982297,0
5,0,0.5001902,1
5,0,0.4986015,0
5,0,0.5013019,1
5,0,0.4997035,0
5,0,0.50155985,1
5,0,0.5021423,1
5,0,0.49571258,0
5,0,0.5040019,1
5,0,0.78907084,1
5,0,0.7904719,1
5,0,0.795459,1
5,0,0.7875129,1
5,0,0.7912586,1
5,0,0.7920838,1
5,0,0.7964974,1
5,0,0.7952492,1
5,0,0.79127276,1
5,0,0.7881845,1
5,0,0.78964996,1
5,0,0.7887624,1
5,0,0.78993165,1
5,0,0.7964748,1
5,0,0.790475,1
5,0,0.79051274,1
5,0,0.78889394,1
5,0,0.79156154,1
5,0,0.79644215,1
5,0,0.79015946,1
5,0,0.79281515,1
5,0,0.7916645,1
5,0,0.79300004,1
5,0,0.79034376,1
5,0,0.79536104,1
5,0,0.78914493,1
5,0,0.78887695,1
5,0,0.79554987,1
5,0,0.7886697,1
5,0,0.79162955,1
