Fold,Label,Prob,Preds
1,1,0.59116834,1
1,1,0.59231824,1
1,1,0.59836215,1
1,1,0.5888841,1
1,1,0.5938573,1
1,1,0.59015733,1
1,1,0.5908588,1
1,1,0.5877294,1
1,1,0.59192383,1
1,1,0.5910279,1
1,1,0.59223765,1
1,1,0.58738536,1
1,1,0.588375,1
1,1,0.5918875,1
1,1,0.5848245,1
1,1,0.5878535,1
1,1,0.5900276,1
1,1,0.6327035,1
1,1,0.6332442,1
1,1,0.6283581,1
1,1,0.62989074,1
1,1,0.6290803,1
1,1,0.62951714,1
1,1,0.6271343,1
1,1,0.6278749,1
1,1,0.63177836,1
1,1,0.62956554,1
1,1,0.62677824,1
1,1,0.62892866,1
1,1,0.63162357,1
1,1,0.6301032,1
1,1,0.63015854,1
1,1,0.6275596,1
1,1,0.6259692,1
1,1,0.6262087,1
1,1,0.62709796,1
1,1,0.6319011,1
1,1,0.63031065,1
1,1,0.6310952,1
1,1,0.6345376,1
1,1,0.6296265,1
1,1,0.628711,1
1,1,0.6330468,1
1,1,0.6334244,1
1,1,0.6372774,1
1,1,0.6325297,1
1,1,0.63110507,1
1,1,0.6375649,1
1,1,0.63374823,1
1,1,0.62676215,1
1,1,0.6293864,1
1,1,0.62946033,1
1,0,0.63226545,1
1,0,0.6353028,1
1,0,0.63773507,1
1,0,0.6393692,1
1,0,0.6339326,1
1,0,0.63773423,1
1,0,0.63962203,1
1,0,0.6388997,1
1,0,0.6395989,1
1,0,0.6386115,1
1,0,0.6391407,1
1,0,0.6382032,1
1,1,0.63948345,1
1,1,0.6422083,1
1,1,0.6379024,1
1,1,0.6392596,1
1,1,0.6366092,1
1,1,0.6392952,1
1,1,0.63660717,1
1,1,0.6377193,1
1,1,0.63909316,1
1,1,0.6414278,1
1,1,0.64005125,1
1,1,0.6392113,1
1,1,0.6410674,1
1,1,0.63343865,1
1,1,0.6380114,1
1,1,0.64365953,1
1,1,0.64385915,1
1,1,0.64661175,1
1,1,0.63890624,1
1,1,0.6403514,1
1,1,0.64211947,1
1,0,0.6419024,1
1,0,0.64222497,1
1,0,0.6392346,1
1,0,0.64266557,1
1,0,0.64169014,1
1,0,0.6388011,1
1,0,0.64131,1
1,0,0.63787574,1
1,0,0.6414687,1
1,0,0.6413119,1
1,0,0.6394454,1
1,1,0.6382397,1
1,1,0.64048123,1
1,1,0.6407698,1
1,1,0.64324635,1
1,1,0.63756746,1
1,0,0.63958025,1
1,0,0.6383808,1
1,0,0.64181954,1
1,0,0.64241886,1
1,0,0.64408547,1
1,0,0.639655,1
1,0,0.6384445,1
1,0,0.640422,1
1,0,0.64248383,1
1,0,0.63949496,1
1,0,0.63687766,1
1,0,0.64107823,1
1,0,0.6412172,1
1,0,0.6409048,1
1,0,0.6383683,1
1,0,0.63813204,1
1,0,0.63926005,1
1,0,0.6439118,1
1,0,0.64342964,1
1,0,0.63940483,1
1,0,0.64064735,1
1,0,0.6389828,1
1,0,0.638266,1
1,1,0.640008,1
1,1,0.6412483,1
1,1,0.6401807,1
1,1,0.63977957,1
1,1,0.6407677,1
1,1,0.6418206,1
1,1,0.6402854,1
1,1,0.6396317,1
1,1,0.63937736,1
1,0,0.64229214,1
1,0,0.63880724,1
1,0,0.6380947,1
1,0,0.6388796,1
1,0,0.6388273,1
1,0,0.63736975,1
1,0,0.63862777,1
1,0,0.63745874,1
1,0,0.63707626,1
1,0,0.6363388,1
1,0,0.6440547,1
1,0,0.6389491,1
1,0,0.6380053,1
1,0,0.6380743,1
1,0,0.6386851,1
1,0,0.6367993,1
1,0,0.63785505,1
1,0,0.63535464,1
1,0,0.6376874,1
1,0,0.63699985,1
1,0,0.63756174,1
1,0,0.6390161,1
1,0,0.6394875,1
1,0,0.6368585,1
1,0,0.6414987,1
1,0,0.63909876,1
1,0,0.63845634,1
1,0,0.637573,1
1,0,0.6386077,1
1,0,0.6351879,1
1,0,0.6357936,1
1,0,0.64129186,1
1,0,0.6344441,1
1,0,0.63899493,1
1,0,0.6389717,1
1,0,0.63789743,1
1,0,0.6427868,1
1,0,0.64024276,1
1,1,0.63769203,1
1,1,0.6376034,1
1,1,0.63805926,1
1,1,0.63689935,1
1,1,0.6360012,1
1,1,0.6374834,1
1,1,0.6386763,1
1,1,0.6376384,1
1,1,0.63659286,1
1,0,0.64046323,1
1,0,0.63794005,1
1,0,0.6385986,1
1,0,0.6379092,1
1,0,0.64001334,1
1,0,0.63615304,1
1,0,0.6390479,1
1,0,0.6378217,1
1,0,0.6359842,1
1,0,0.64006865,1
1,0,0.63813126,1
1,0,0.6357567,1
1,0,0.6357688,1
1,0,0.6342603,1
1,0,0.6356688,1
1,0,0.63467056,1
1,0,0.634917,1
1,0,0.63742435,1
1,0,0.6370838,1
1,0,0.63805485,1
1,0,0.6423412,1
1,0,0.640778,1
1,0,0.64227504,1
1,0,0.6435094,1
1,0,0.6374845,1
1,0,0.6387366,1
1,0,0.64116687,1
1,1,0.6371325,1
1,1,0.6360305,1
1,1,0.64083725,1
1,1,0.6377463,1
1,1,0.6383796,1
1,1,0.63796633,1
1,1,0.6371039,1
1,1,0.636777,1
1,1,0.6361346,1
1,0,0.64398414,1
1,0,0.63977784,1
1,0,0.63582927,1
1,0,0.6349378,1
1,0,0.636883,1
1,0,0.6385337,1
1,0,0.63592505,1
1,1,0.64170146,1
1,1,0.639861,1
1,1,0.63816434,1
1,1,0.63845956,1
1,1,0.6392773,1
1,1,0.63734347,1
1,1,0.63941145,1
1,1,0.64092505,1
1,1,0.6373843,1
1,1,0.6380252,1
1,1,0.6414002,1
1,1,0.64472663,1
1,1,0.6384438,1
1,1,0.63615614,1
1,1,0.64159626,1
1,1,0.635998,1
1,1,0.64103067,1
1,1,0.6394492,1
1,1,0.63840383,1
1,1,0.63938123,1
1,1,0.6385223,1
1,0,0.6363787,1
1,0,0.63513213,1
1,0,0.63642156,1
1,0,0.6381558,1
1,0,0.63787866,1
1,0,0.63672566,1
1,0,0.63814515,1
1,0,0.64046705,1
1,0,0.6379872,1
1,0,0.6357641,1
1,0,0.63908726,1
1,0,0.6377281,1
1,0,0.64380807,1
1,0,0.63731647,1
1,0,0.63969874,1
1,1,0.6402934,1
1,1,0.6384477,1
1,1,0.6382961,1
1,1,0.63660383,1
1,1,0.6368397,1
1,1,0.63766867,1
1,1,0.6366288,1
1,1,0.6414566,1
1,1,0.63931644,1
1,1,0.6372272,1
1,1,0.6363679,1
1,1,0.6389297,1
1,1,0.6380955,1
1,1,0.6411781,1
1,1,0.6389455,1
1,1,0.6384382,1
1,1,0.64240134,1
1,0,0.6388361,1
1,0,0.64427507,1
1,0,0.64089483,1
1,0,0.63598084,1
1,0,0.6390078,1
1,0,0.6383917,1
1,0,0.6406799,1
1,0,0.63911974,1
1,0,0.63774323,1
1,0,0.6408641,1
1,0,0.6379487,1
1,1,0.6451021,1
1,1,0.64133215,1
1,1,0.6388618,1
1,1,0.63967186,1
1,1,0.6443884,1
1,1,0.642521,1
1,1,0.6372693,1
1,1,0.6372039,1
1,1,0.6360796,1
1,1,0.63888794,1
1,1,0.63741064,1
1,1,0.639455,1
1,1,0.637175,1
1,1,0.6428158,1
1,1,0.6373907,1
1,1,0.6376197,1
1,1,0.6381055,1
1,1,0.6364412,1
1,1,0.640817,1
1,1,0.64107645,1
1,1,0.6406695,1
1,1,0.6360553,1
1,1,0.63664937,1
1,1,0.634166,1
1,1,0.6336627,1
1,1,0.6352695,1
1,1,0.6413909,1
1,1,0.6373476,1
1,1,0.635083,1
1,1,0.63952476,1
1,1,0.6365404,1
1,1,0.634238,1
1,1,0.63845366,1
1,1,0.6359661,1
1,1,0.63694596,1
1,1,0.6367057,1
1,1,0.63751584,1
1,1,0.63555574,1
1,1,0.6378377,1
1,1,0.6370442,1
1,1,0.6404855,1
1,1,0.64158803,1
1,1,0.63812244,1
1,1,0.6390493,1
1,1,0.63803625,1
1,1,0.63629305,1
1,1,0.6354905,1
1,1,0.6367085,1
1,1,0.6381763,1
1,1,0.6373696,1
1,1,0.63743687,1
1,1,0.64302224,1
1,1,0.63834757,1
1,1,0.63715583,1
1,0,0.6378752,1
1,0,0.63657683,1
1,0,0.6351189,1
1,0,0.6414561,1
1,0,0.6448349,1
1,0,0.63637656,1
1,0,0.63724494,1
1,0,0.6384796,1
1,0,0.63683534,1
1,0,0.6416462,1
1,0,0.6410217,1
1,0,0.6388713,1
1,0,0.6386538,1
1,0,0.64329153,1
1,0,0.6381638,1
1,0,0.63664716,1
1,0,0.63833225,1
1,0,0.64412534,1
1,0,0.6460613,1
1,0,0.63982844,1
1,0,0.637686,1
1,0,0.63799137,1
1,0,0.6355697,1
1,0,0.63572514,1
1,0,0.6359072,1
1,0,0.63632476,1
1,0,0.64000565,1
1,0,0.6369933,1
1,0,0.641071,1
1,0,0.636887,1
1,0,0.6366599,1
1,1,0.63835174,1
1,1,0.6378299,1
1,1,0.6364158,1
1,1,0.63611823,1
1,1,0.64151955,1
1,1,0.63996184,1
1,1,0.6372524,1
1,1,0.6427263,1
1,1,0.63874257,1
1,1,0.6345873,1
1,1,0.63877434,1
1,1,0.6392544,1
1,0,0.63730586,1
1,0,0.6328298,1
1,0,0.63797605,1
1,0,0.6426099,1
1,0,0.6399053,1
1,0,0.6386624,1
1,0,0.63949025,1
1,0,0.64266664,1
1,0,0.63832015,1
1,0,0.6385727,1
1,0,0.63866895,1
1,0,0.63773304,1
1,1,0.6363664,1
1,1,0.6403247,1
1,1,0.63977987,1
1,1,0.640433,1
1,1,0.6387965,1
1,0,0.63627,1
1,0,0.6402727,1
1,0,0.6389559,1
1,0,0.6392674,1
1,0,0.64000624,1
1,0,0.6392536,1
1,0,0.6404083,1
1,0,0.64149296,1
1,0,0.6399822,1
1,0,0.6398025,1
1,0,0.63723904,1
1,0,0.6396636,1
1,0,0.6419996,1
1,0,0.6367381,1
1,0,0.63664716,1
1,0,0.63748187,1
1,0,0.63567317,1
1,0,0.6366771,1
1,0,0.63909847,1
1,0,0.638468,1
1,0,0.63572973,1
1,0,0.64356714,1
1,0,0.63864315,1
1,0,0.63415253,1
1,0,0.63725215,1
1,0,0.6360645,1
1,0,0.63827276,1
1,0,0.6391179,1
1,0,0.63665795,1
1,0,0.63859653,1
1,0,0.6376878,1
1,0,0.63829964,1
1,0,0.63599235,1
1,0,0.63791287,1
1,0,0.6390405,1
1,0,0.63809496,1
1,0,0.6396552,1
1,0,0.63934326,1
1,0,0.6357519,1
1,0,0.63776815,1
1,0,0.6382466,1
1,0,0.6331539,1
1,0,0.6343041,1
1,0,0.6383012,1
1,0,0.63313293,1
1,0,0.6334152,1
1,0,0.6358886,1
1,0,0.63912797,1
1,0,0.637408,1
1,0,0.6372387,1
1,0,0.6347803,1
1,0,0.6389274,1
1,0,0.63923705,1
1,0,0.6373425,1
1,0,0.6377429,1
1,0,0.6368325,1
1,0,0.6369141,1
1,0,0.6342935,1
1,0,0.63526684,1
1,0,0.63619685,1
1,0,0.63388103,1
1,0,0.63962924,1
1,0,0.6371098,1
1,0,0.6358297,1
1,0,0.6354063,1
1,0,0.6324727,1
1,0,0.6355327,1
1,0,0.63347304,1
1,0,0.6355056,1
1,0,0.63442814,1
1,0,0.6391604,1
1,0,0.6345841,1
1,0,0.63389504,1
1,0,0.63576424,1
1,0,0.6361839,1
1,0,0.63562685,1
1,0,0.63832957,1
1,0,0.6364905,1
1,0,0.6343964,1
1,0,0.63730156,1
1,0,0.63404167,1
1,0,0.6335591,1
1,0,0.6355508,1
1,0,0.63518023,1
1,0,0.6373985,1
1,0,0.63535523,1
1,0,0.63587534,1
1,0,0.6349021,1
1,0,0.63406414,1
1,0,0.63692635,1
1,0,0.63752204,1
1,0,0.6387751,1
1,0,0.63778675,1
1,0,0.63953215,1
1,0,0.6421893,1
1,0,0.6413523,1
1,0,0.6397891,1
1,0,0.640388,1
1,0,0.6339712,1
1,0,0.6326792,1
1,0,0.631146,1
1,0,0.6353931,1
1,0,0.6362152,1
1,0,0.63318336,1
1,0,0.64014965,1
1,0,0.6355927,1
1,0,0.6370916,1
1,0,0.6367962,1
1,0,0.6326403,1
1,0,0.63617796,1
1,0,0.6365567,1
1,0,0.6368071,1
1,0,0.64203125,1
1,0,0.63448024,1
1,0,0.6334159,1
1,0,0.63635343,1
1,0,0.6367011,1
1,0,0.63544786,1
1,0,0.63330823,1
1,0,0.6337005,1
1,0,0.63455904,1
1,0,0.6347374,1
1,0,0.6374141,1
1,0,0.63579625,1
1,0,0.6323886,1
1,0,0.6340551,1
1,0,0.63497394,1
1,0,0.6345991,1
1,0,0.6324948,1
1,0,0.6356369,1
1,0,0.6332094,1
1,0,0.6358617,1
1,0,0.6407981,1
1,0,0.6420036,1
1,0,0.6349883,1
1,0,0.6360236,1
1,0,0.63734484,1
1,0,0.63613164,1
1,0,0.6367954,1
1,0,0.63814396,1
1,0,0.6364754,1
1,0,0.63209116,1
1,0,0.6324422,1
1,0,0.6330438,1
1,0,0.6330289,1
1,0,0.6315046,1
1,0,0.6332965,1
1,0,0.6354662,1
1,0,0.63445663,1
1,0,0.63542455,1
1,0,0.63549393,1
1,0,0.63494754,1
1,0,0.63420594,1
1,0,0.63356954,1
1,0,0.63363415,1
1,0,0.63483804,1
1,0,0.6338804,1
1,0,0.6350616,1
1,0,0.633569,1
1,0,0.63302463,1
1,0,0.63547343,1
1,0,0.6339297,1
1,0,0.6319104,1
1,0,0.6316443,1
1,0,0.63524544,1
1,0,0.6363418,1
1,0,0.634652,1
1,0,0.6367294,1
1,0,0.6365448,1
1,0,0.6350795,1
1,0,0.6377208,1
1,0,0.63497573,1
1,0,0.6354795,1
1,0,0.63701624,1
1,0,0.635506,1
1,0,0.6331873,1
1,0,0.6314816,1
1,0,0.63214415,1
1,0,0.6318348,1
1,0,0.6344625,1
1,0,0.63461846,1
1,0,0.6326174,1
1,0,0.6299228,1
1,0,0.63475466,1
1,0,0.63858294,1
1,0,0.6352481,1
1,0,0.63431144,1
1,0,0.631801,1
1,0,0.6323002,1
1,0,0.6345307,1
1,0,0.6325406,1
1,0,0.6373682,1
1,0,0.63518685,1
1,0,0.6330187,1
1,0,0.6322405,1
1,0,0.6352009,1
1,0,0.6351711,1
1,0,0.63124794,1
1,0,0.6342589,1
1,0,0.63661635,1
1,0,0.6348361,1
1,0,0.63251317,1
1,0,0.63418925,1
1,0,0.6381837,1
1,0,0.6352034,1
1,0,0.6328186,1
1,0,0.6327738,1
1,0,0.6268192,1
1,0,0.6280725,1
1,0,0.63003546,1
1,1,0.5311122,1
1,1,0.5238169,1
1,1,0.53015286,1
1,1,0.5269547,1
1,1,0.52457005,1
1,1,0.5294189,1
1,1,0.52280813,1
1,1,0.5253245,1
1,1,0.5307556,1
1,1,0.52891153,1
1,1,0.5259445,1
1,1,0.5254081,1
1,1,0.5283979,1
1,1,0.5241144,1
1,1,0.5265593,1
1,1,0.52387893,1
1,1,0.5238979,1
1,1,0.529278,1
1,1,0.5284624,1
1,1,0.63193375,1
1,1,0.6316119,1
1,1,0.6311654,1
1,1,0.6309516,1
1,1,0.63104385,1
1,1,0.6301088,1
1,1,0.6273953,1
1,1,0.6277399,1
1,1,0.62681305,1
1,1,0.63027805,1
1,1,0.6340524,1
1,1,0.6328275,1
1,1,0.6356864,1
1,1,0.6355543,1
1,1,0.6303429,1
1,1,0.6322889,1
1,1,0.6310047,1
1,1,0.6312835,1
1,1,0.6282495,1
1,1,0.6326647,1
1,1,0.6327456,1
1,1,0.63379884,1
1,1,0.63337773,1
1,1,0.6352132,1
1,1,0.63292944,1
1,1,0.63054305,1
1,1,0.6321284,1
1,1,0.6323119,1
1,1,0.63161284,1
1,1,0.6315967,1
1,1,0.6292042,1
1,1,0.62765443,1
1,1,0.58860576,1
1,1,0.585075,1
1,1,0.58454424,1
1,1,0.58322126,1
1,1,0.588677,1
1,1,0.58360976,1
1,1,0.5805839,1
1,1,0.5855139,1
1,1,0.5847569,1
1,1,0.5887672,1
1,1,0.5844155,1
1,1,0.58396745,1
1,1,0.5861745,1
1,1,0.5816507,1
1,1,0.581602,1
1,1,0.5843938,1
1,1,0.5836913,1
1,1,0.5850473,1
1,1,0.58343923,1
1,1,0.58126926,1
1,1,0.58204615,1
1,1,0.57922685,1
1,1,0.5784135,1
1,1,0.581975,1
1,1,0.58678085,1
1,1,0.5837853,1
1,1,0.58254457,1
1,1,0.5783053,1
1,1,0.58169013,1
1,1,0.58240324,1
1,1,0.5796206,1
1,1,0.5740077,1
1,1,0.576804,1
1,1,0.5795126,1
1,1,0.5813293,1
1,1,0.58390874,1
1,1,0.58143324,1
1,1,0.5757563,1
1,1,0.57512987,1
1,1,0.5795683,1
1,1,0.581223,1
1,1,0.5730025,1
1,1,0.5785638,1
1,1,0.5764427,1
1,1,0.57406485,1
1,1,0.58173305,1
1,1,0.5772249,1
1,1,0.5765537,1
1,1,0.5756409,1
1,1,0.57362586,1
1,1,0.58742905,1
1,1,0.5851195,1
1,1,0.5861367,1
1,1,0.5817907,1
1,1,0.5824174,1
1,1,0.5864782,1
1,1,0.58639586,1
1,1,0.58507293,1
1,1,0.5867011,1
1,1,0.58352053,1
1,1,0.5883616,1
1,1,0.58941317,1
1,1,0.58713067,1
1,1,0.5839176,1
1,1,0.58225,1
1,1,0.58148354,1
1,1,0.5866763,1
1,1,0.58109665,1
1,1,0.58144104,1
1,1,0.58265007,1
1,1,0.58069897,1
1,1,0.5770399,1
1,1,0.5842467,1
1,1,0.5786556,1
1,1,0.5867377,1
1,1,0.5833995,1
1,1,0.5841964,1
1,1,0.5819408,1
1,1,0.57919925,1
1,1,0.5835834,1
1,1,0.5841299,1
1,1,0.5821679,1
1,1,0.58146185,1
1,1,0.5799603,1
1,1,0.5741215,1
1,1,0.5730177,1
1,1,0.5772418,1
1,1,0.5783128,1
1,1,0.57596856,1
1,1,0.5781934,1
1,1,0.5758458,1
1,1,0.5744651,1
1,1,0.5765744,1
1,1,0.57518435,1
1,1,0.52062523,1
1,1,0.5137945,1
1,1,0.5171758,1
1,1,0.5138339,1
1,1,0.5169112,1
1,1,0.5148907,1
1,1,0.51612705,1
1,1,0.5173619,1
1,1,0.5185414,1
1,1,0.52146757,1
1,1,0.5205739,1
1,1,0.5168674,1
1,1,0.5159193,1
1,1,0.51746744,1
1,0,0.6299402,1
1,0,0.6291891,1
1,0,0.63099074,1
1,0,0.63305235,1
1,0,0.6334302,1
1,0,0.6266015,1
1,0,0.6309959,1
1,0,0.630026,1
1,0,0.6299375,1
1,0,0.6299671,1
1,0,0.6271125,1
1,0,0.6314677,1
1,0,0.62737536,1
1,0,0.6274306,1
1,0,0.6266026,1
1,0,0.6032843,1
1,0,0.6066847,1
1,0,0.6015115,1
1,0,0.6014564,1
1,0,0.60163003,1
1,0,0.60343367,1
1,0,0.6022934,1
1,0,0.60154605,1
1,0,0.6051979,1
1,0,0.59323555,1
1,0,0.59911543,1
1,0,0.60413927,1
1,0,0.59816927,1
1,0,0.60031945,1
1,0,0.5979204,1
1,0,0.5978943,1
1,0,0.5998764,1
1,0,0.59706724,1
1,0,0.6015533,1
1,0,0.5993733,1
1,0,0.59948546,1
1,0,0.6043488,1
1,0,0.60407424,1
1,0,0.5991477,1
1,0,0.59918845,1
1,0,0.59928644,1
1,0,0.6043623,1
1,0,0.5997088,1
1,0,0.5993606,1
1,0,0.6070302,1
1,0,0.60118955,1
1,0,0.6031676,1
1,0,0.5963672,1
1,0,0.5967716,1
1,0,0.5997622,1
1,0,0.60078454,1
1,0,0.5985096,1
1,0,0.6025974,1
1,0,0.6001022,1
1,0,0.5978294,1
1,0,0.59872013,1
1,0,0.60214084,1
1,0,0.5954537,1
1,0,0.6020357,1
1,0,0.6042582,1
1,0,0.6033952,1
1,0,0.59654003,1
1,0,0.593464,1
1,0,0.60086286,1
1,0,0.6002921,1
1,0,0.5975993,1
1,0,0.5983789,1
1,0,0.6017685,1
1,0,0.5998747,1
1,0,0.6022337,1
1,0,0.5992937,1
1,0,0.60547626,1
1,0,0.60085243,1
1,0,0.5942474,1
1,0,0.5951146,1
1,0,0.59704244,1
1,0,0.6024464,1
1,0,0.5953027,1
1,0,0.59639627,1
1,0,0.6009638,1
1,0,0.59777766,1
1,0,0.59913254,1
1,0,0.5968357,1
1,0,0.6005161,1
1,0,0.59876597,1
1,0,0.5982119,1
1,0,0.60405034,1
1,0,0.5959595,1
1,0,0.6005302,1
1,0,0.6018361,1
1,0,0.6020285,1
1,0,0.5973372,1
1,0,0.59449375,1
1,0,0.59908223,1
1,0,0.5964532,1
1,0,0.59858334,1
1,0,0.60424215,1
1,0,0.59739923,1
1,0,0.5969951,1
1,0,0.59157157,1
1,0,0.6012605,1
1,0,0.5986783,1
1,0,0.5932128,1
1,0,0.5993053,1
1,0,0.6038527,1
1,0,0.5994773,1
1,0,0.6015424,1
1,0,0.596839,1
1,0,0.59917223,1
1,0,0.60184866,1
1,0,0.5982609,1
1,0,0.60306823,1
1,0,0.5995709,1
1,0,0.59877855,1
1,0,0.59682477,1
1,0,0.59848565,1
1,0,0.5878074,1
1,0,0.59604675,1
1,0,0.59345144,1
1,0,0.60153437,1
1,0,0.59642774,1
1,0,0.5983272,1
1,0,0.5952527,1
1,0,0.5965779,1
1,0,0.5914734,1
1,0,0.596836,1
1,0,0.5988279,1
1,0,0.59752387,1
1,1,0.61366224,1
1,1,0.6141304,1
1,1,0.6135625,1
1,1,0.6177017,1
1,1,0.6138528,1
1,1,0.61245215,1
1,1,0.6152248,1
1,1,0.61339855,1
1,1,0.6117165,1
1,1,0.61289847,1
1,1,0.6155156,1
1,1,0.6141026,1
1,1,0.61251605,1
1,1,0.6122832,1
1,1,0.61483,1
1,1,0.61054397,1
1,1,0.610946,1
1,1,0.6142509,1
1,1,0.6124886,1
1,1,0.61358505,1
1,1,0.6109162,1
1,1,0.6129293,1
1,1,0.616076,1
1,1,0.6158118,1
1,1,0.61741275,1
1,1,0.6176429,1
1,1,0.61369157,1
1,1,0.6142449,1
1,1,0.6156349,1
1,1,0.61924183,1
1,1,0.6158088,1
1,1,0.6123334,1
1,1,0.61386883,1
1,1,0.61072266,1
1,1,0.6147594,1
1,1,0.6215987,1
1,1,0.61696327,1
1,1,0.6158768,1
1,1,0.61409944,1
1,1,0.616776,1
1,1,0.6175751,1
1,1,0.6162475,1
1,1,0.6195565,1
1,1,0.6169194,1
1,1,0.61525947,1
1,1,0.61593854,1
1,1,0.61942905,1
1,1,0.6198203,1
1,1,0.618159,1
1,1,0.6158652,1
1,1,0.6169577,1
1,1,0.63388723,1
1,1,0.6339763,1
1,1,0.6322556,1
1,1,0.6339437,1
1,1,0.6324154,1
1,1,0.6319573,1
1,1,0.6300096,1
1,0,0.62294865,1
1,0,0.6255201,1
1,0,0.6272565,1
1,0,0.6237784,1
1,0,0.62255865,1
1,0,0.62459433,1
1,0,0.6243475,1
1,0,0.6270551,1
1,0,0.6259277,1
1,0,0.6278437,1
1,0,0.62698734,1
1,0,0.6264244,1
1,0,0.6275859,1
1,0,0.6253475,1
1,0,0.62478155,1
1,0,0.6281612,1
1,0,0.62282175,1
1,0,0.6262209,1
1,0,0.6300648,1
1,0,0.6246876,1
1,1,0.6258685,1
1,1,0.6225558,1
1,1,0.62297064,1
1,1,0.6282613,1
1,1,0.6252662,1
1,1,0.6253427,1
1,1,0.62688327,1
1,1,0.6310253,1
1,1,0.62750924,1
1,1,0.621761,1
1,1,0.63117874,1
1,1,0.63064,1
1,1,0.6278321,1
1,1,0.62678206,1
1,1,0.6276612,1
1,1,0.62717044,1
1,1,0.62875485,1
1,1,0.6285101,1
1,1,0.6252872,1
1,1,0.62733287,1
1,1,0.628531,1
1,1,0.6282312,1
1,1,0.6261597,1
1,1,0.62314725,1
1,1,0.62986284,1
1,0,0.6292838,1
1,0,0.62210286,1
1,0,0.6312443,1
1,0,0.6309666,1
1,0,0.6264467,1
1,0,0.6256265,1
1,0,0.63034153,1
1,0,0.62694216,1
1,0,0.62772113,1
1,0,0.6271352,1
1,0,0.6252026,1
1,0,0.62558556,1
1,0,0.6265353,1
1,0,0.6248449,1
1,0,0.625879,1
1,0,0.62178653,1
1,0,0.62853706,1
1,0,0.6285984,1
1,0,0.6270714,1
1,0,0.62934655,1
1,0,0.62454164,1
1,0,0.62489516,1
1,0,0.6292593,1
1,0,0.6340388,1
1,0,0.6236451,1
1,0,0.6243323,1
1,0,0.622951,1
1,0,0.6233764,1
1,0,0.626076,1
1,0,0.6292719,1
1,0,0.628618,1
1,0,0.62621593,1
1,0,0.62138313,1
1,0,0.6311021,1
1,0,0.62613285,1
1,0,0.62775034,1
1,0,0.63043386,1
1,0,0.62245244,1
1,0,0.624775,1
1,0,0.6250614,1
1,0,0.6232843,1
1,0,0.62568027,1
1,0,0.63073164,1
1,0,0.62462544,1
1,0,0.6283046,1
1,0,0.6271877,1
1,0,0.63091815,1
1,0,0.62612927,1
1,0,0.6234553,1
1,0,0.6275049,1
1,0,0.6267156,1
1,0,0.6241328,1
1,0,0.6277702,1
1,0,0.6239164,1
1,0,0.62713873,1
1,0,0.6256879,1
1,0,0.6274609,1
1,0,0.6269836,1
1,0,0.62535787,1
1,0,0.6224211,1
1,0,0.6230699,1
1,0,0.6293291,1
1,0,0.6290749,1
1,0,0.6286752,1
1,0,0.6290572,1
1,0,0.62662077,1
1,0,0.62439877,1
1,0,0.6226888,1
1,0,0.62573516,1
1,0,0.6253339,1
1,0,0.6237381,1
1,0,0.6264378,1
1,0,0.625627,1
1,0,0.6280568,1
1,0,0.63010937,1
1,0,0.6314081,1
1,0,0.62685186,1
1,0,0.62807,1
1,0,0.62687796,1
1,0,0.6248982,1
1,0,0.6306399,1
1,0,0.6277296,1
1,0,0.6273163,1
1,0,0.62625134,1
1,0,0.63041025,1
1,0,0.62932676,1
1,0,0.62577045,1
1,0,0.6298082,1
1,0,0.6230848,1
1,0,0.6314459,1
1,0,0.6330152,1
1,0,0.63272744,1
1,0,0.62909067,1
1,0,0.62588906,1
1,0,0.6279038,1
1,0,0.62526,1
1,0,0.6293982,1
1,0,0.63233984,1
1,0,0.62200093,1
1,0,0.6253009,1
1,0,0.62643844,1
1,0,0.62697816,1
1,0,0.62387145,1
1,0,0.6245509,1
1,0,0.62273365,1
1,0,0.62343657,1
1,0,0.6259392,1
1,0,0.62668705,1
1,0,0.6313422,1
1,0,0.62917984,1
1,0,0.62767535,1
1,0,0.6247001,1
1,0,0.6219189,1
1,0,0.6261516,1
1,0,0.62533766,1
1,0,0.62697065,1
1,0,0.62207544,1
1,0,0.6252901,1
1,0,0.6236668,1
1,0,0.6234562,1
1,0,0.6264858,1
1,0,0.62649304,1
1,0,0.6251125,1
1,0,0.6224088,1
1,0,0.6247549,1
1,0,0.6292883,1
1,0,0.62558985,1
1,0,0.62345195,1
1,0,0.62536097,1
1,0,0.6253271,1
1,0,0.62907124,1
1,0,0.6225217,1
1,0,0.62255263,1
1,0,0.6226972,1
1,0,0.6243384,1
1,0,0.6238168,1
1,0,0.6231096,1
1,0,0.627165,1
1,0,0.62571734,1
1,0,0.6216027,1
1,0,0.62319577,1
1,0,0.62166,1
1,0,0.6254616,1
1,0,0.6248411,1
1,0,0.62864256,1
1,1,0.6256962,1
1,1,0.6266837,1
1,1,0.62437344,1
1,1,0.62145835,1
1,1,0.6216249,1
1,1,0.62496984,1
1,1,0.62604225,1
1,1,0.62458473,1
1,1,0.6200154,1
1,1,0.6212154,1
1,0,0.62333184,1
1,0,0.6269394,1
1,0,0.6277909,1
1,0,0.62182915,1
1,0,0.6220911,1
1,0,0.6263967,1
1,0,0.621732,1
1,0,0.6238844,1
1,0,0.6257216,1
1,0,0.62594247,1
1,0,0.6253504,1
1,0,0.62098044,1
1,0,0.623371,1
1,0,0.62641597,1
1,0,0.6303699,1
1,0,0.62468857,1
1,0,0.625542,1
1,0,0.6260699,1
1,0,0.62436664,1
1,0,0.6235627,1
1,0,0.62222,1
1,0,0.6253223,1
1,0,0.6294002,1
1,0,0.62481236,1
1,0,0.6251394,1
1,0,0.6204001,1
1,0,0.6216842,1
1,0,0.623263,1
1,0,0.6267314,1
1,0,0.62563837,1
1,0,0.62262106,1
1,0,0.62929535,1
1,0,0.6216201,1
1,0,0.62613404,1
1,0,0.6269179,1
1,0,0.6252696,1
1,0,0.6251575,1
1,0,0.6230798,1
1,0,0.6210661,1
1,0,0.623332,1
1,0,0.6229357,1
1,0,0.6241859,1
1,0,0.626679,1
1,0,0.62424684,1
1,0,0.62407094,1
1,1,0.62455267,1
1,1,0.6286734,1
1,1,0.63052535,1
1,1,0.6212978,1
1,1,0.6292087,1
1,0,0.6264746,1
1,0,0.62285525,1
1,0,0.62258035,1
1,0,0.621807,1
1,0,0.6221163,1
1,0,0.62240624,1
1,0,0.6260263,1
1,0,0.62516326,1
1,0,0.623654,1
1,0,0.62215394,1
1,0,0.6249411,1
1,0,0.62304777,1
1,0,0.6206642,1
1,0,0.6305815,1
1,0,0.62529635,1
1,0,0.63166285,1
1,0,0.62729275,1
1,0,0.6240184,1
1,0,0.62335956,1
1,0,0.6230456,1
1,0,0.62165225,1
1,0,0.6218304,1
1,0,0.6217241,1
1,0,0.6230979,1
1,0,0.6253891,1
1,0,0.6206611,1
1,0,0.6204274,1
1,1,0.5200101,1
1,1,0.52020764,1
1,1,0.52038854,1
1,1,0.51819366,1
1,1,0.521687,1
1,1,0.5178295,1
1,1,0.52254313,1
1,1,0.51886404,1
1,1,0.5232728,1
1,1,0.52070284,1
1,1,0.5220049,1
1,1,0.51859164,1
1,1,0.5214705,1
1,1,0.5155962,1
1,1,0.52065223,1
1,1,0.51836276,1
1,1,0.51828873,1
1,1,0.516398,1
1,1,0.52032405,1
1,1,0.52162594,1
1,1,0.5176529,1
1,1,0.51997995,1
1,1,0.5191966,1
1,1,0.5214057,1
1,1,0.5202031,1
1,1,0.5192965,1
1,1,0.51824415,1
1,1,0.5210534,1
1,0,0.52044934,1
1,0,0.52602905,1
1,0,0.5221738,1
1,0,0.5242347,1
1,0,0.5241081,1
1,0,0.52076966,1
1,0,0.5177822,1
1,0,0.51841235,1
1,0,0.5220298,1
1,0,0.51996034,1
1,0,0.521478,1
1,0,0.5217181,1
1,0,0.5195896,1
1,0,0.52472126,1
1,0,0.52275383,1
1,0,0.5264086,1
1,0,0.5252078,1
1,0,0.52208287,1
1,0,0.52207434,1
1,0,0.51862174,1
1,0,0.5199233,1
1,0,0.5230637,1
1,0,0.5263876,1
1,0,0.5272857,1
1,0,0.5233916,1
1,0,0.5239749,1
1,0,0.5245017,1
1,1,0.53227794,1
1,1,0.53264874,1
1,1,0.5290361,1
1,1,0.53485614,1
1,1,0.5393486,1
1,1,0.5362099,1
1,1,0.54034084,1
1,1,0.53913563,1
1,1,0.5334328,1
1,1,0.5350751,1
1,1,0.5353358,1
1,1,0.5390067,1
1,1,0.5415948,1
1,1,0.5343654,1
1,1,0.53505915,1
1,1,0.53785926,1
1,1,0.5367217,1
1,1,0.537114,1
1,0,0.56215906,1
1,0,0.5657169,1
1,0,0.5686468,1
1,0,0.5639053,1
1,0,0.5681501,1
1,0,0.56641114,1
1,0,0.56624085,1
1,0,0.57116246,1
1,0,0.5644531,1
1,0,0.5697005,1
1,0,0.56102496,1
1,0,0.5625431,1
1,0,0.5633605,1
1,0,0.56127083,1
1,0,0.5625189,1
1,0,0.5606749,1
1,0,0.56479394,1
1,0,0.56497383,1
1,1,0.569645,1
1,1,0.56487894,1
1,1,0.56599647,1
1,1,0.564662,1
1,1,0.5696476,1
1,1,0.5669911,1
1,1,0.56959826,1
1,1,0.56773514,1
1,1,0.56141114,1
1,1,0.56400114,1
1,1,0.57146025,1
1,1,0.56556565,1
1,1,0.56347406,1
1,1,0.56246525,1
1,1,0.5630074,1
1,1,0.56908315,1
1,1,0.57043946,1
1,1,0.5661204,1
1,1,0.56728154,1
1,1,0.56581885,1
1,1,0.56312495,1
1,1,0.5593856,1
1,1,0.5649579,1
1,1,0.56168085,1
1,1,0.5633628,1
1,0,0.55789536,1
1,0,0.56223065,1
1,0,0.5605817,1
1,0,0.5607148,1
1,0,0.5630063,1
1,0,0.5690752,1
1,0,0.5691847,1
1,0,0.56145334,1
1,0,0.56847066,1
1,0,0.5678107,1
1,0,0.5647925,1
1,0,0.56146294,1
1,0,0.56135947,1
1,0,0.5645745,1
1,1,0.57286257,1
1,1,0.5617841,1
1,1,0.5628212,1
1,1,0.5631321,1
1,1,0.5675616,1
1,1,0.57092685,1
1,1,0.5705641,1
1,1,0.5667209,1
1,1,0.56754196,1
1,1,0.5647171,1
1,1,0.56070954,1
1,1,0.5614049,1
1,1,0.5617103,1
1,1,0.5618898,1
1,1,0.5332434,1
1,1,0.53385407,1
1,1,0.5306973,1
1,1,0.5363215,1
1,1,0.5298861,1
1,1,0.53371316,1
1,1,0.53392446,1
1,1,0.5322818,1
1,1,0.5301455,1
1,1,0.5279655,1
1,1,0.53428084,1
1,1,0.5348346,1
1,1,0.5301838,1
1,1,0.5167999,1
1,1,0.51229554,1
1,1,0.5145622,1
1,1,0.5139744,1
1,1,0.5137814,1
1,1,0.5113371,1
1,1,0.5122653,1
1,1,0.51576895,1
1,1,0.51635474,1
1,1,0.51513934,1
1,1,0.5101239,1
1,1,0.51014316,1
1,1,0.5131053,1
1,1,0.5154982,1
1,1,0.5140947,1
1,1,0.60679823,1
1,1,0.60596085,1
1,1,0.6050649,1
1,1,0.6018859,1
1,1,0.6077988,1
1,1,0.6077562,1
1,1,0.60430205,1
1,1,0.53553754,1
1,1,0.5381014,1
1,1,0.53406405,1
1,1,0.53163856,1
1,1,0.53597045,1
1,1,0.53673023,1
1,1,0.53801,1
1,1,0.5376463,1
1,1,0.5346893,1
1,1,0.5386474,1
1,1,0.53644055,1
1,1,0.53295934,1
1,1,0.53098136,1
1,1,0.5347581,1
1,1,0.5270381,1
1,1,0.5310155,1
1,1,0.53190655,1
1,1,0.5221986,1
1,1,0.5269575,1
1,1,0.5268318,1
1,1,0.5201251,1
1,1,0.52319044,1
1,1,0.5210421,1
1,1,0.52425504,1
1,1,0.52290314,1
1,1,0.52318484,1
1,1,0.52141976,1
1,1,0.52152675,1
1,1,0.52644104,1
1,1,0.52807105,1
1,1,0.5229463,1
1,1,0.5273134,1
1,1,0.52342725,1
1,1,0.52047914,1
1,1,0.5224655,1
1,1,0.52374625,1
1,1,0.5248538,1
1,1,0.52934885,1
1,1,0.5305554,1
1,0,0.61297435,1
1,0,0.6130768,1
1,0,0.6100334,1
1,0,0.61327183,1
1,0,0.6168199,1
1,0,0.61465156,1
1,0,0.6133472,1
1,0,0.61795455,1
1,0,0.61654454,1
1,0,0.61080694,1
1,0,0.6143081,1
1,0,0.61473334,1
1,0,0.6121208,1
1,0,0.6148766,1
1,0,0.61529154,1
1,0,0.61442274,1
1,0,0.6145644,1
1,0,0.61466813,1
1,0,0.61494106,1
1,0,0.6137337,1
1,0,0.61628693,1
1,0,0.61917293,1
1,0,0.61290133,1
1,0,0.61110085,1
1,0,0.617684,1
1,0,0.6168937,1
1,0,0.6172948,1
1,0,0.6159366,1
1,0,0.61906755,1
1,0,0.62094426,1
1,0,0.6106173,1
1,0,0.6154949,1
1,0,0.6119382,1
1,0,0.6140223,1
1,0,0.6184474,1
1,0,0.6159827,1
1,0,0.61830735,1
1,0,0.616897,1
1,0,0.61296743,1
1,0,0.61685675,1
1,0,0.61271524,1
1,0,0.61526567,1
1,0,0.6126115,1
1,0,0.61465067,1
1,0,0.6125477,1
1,0,0.6114206,1
1,0,0.6171658,1
1,0,0.6182722,1
1,0,0.61426485,1
1,0,0.61581796,1
1,0,0.6154611,1
1,0,0.6174411,1
1,0,0.6131465,1
1,0,0.61608344,1
1,0,0.6157905,1
1,0,0.6147865,1
1,0,0.61433643,1
1,0,0.61783385,1
1,0,0.6134689,1
1,0,0.61808467,1
1,0,0.6179497,1
1,0,0.6182162,1
1,0,0.6186742,1
1,0,0.6160728,1
1,0,0.61247635,1
1,0,0.6170388,1
1,0,0.61817783,1
1,0,0.62137854,1
1,0,0.62038976,1
1,0,0.6141189,1
1,0,0.6168637,1
1,0,0.61349905,1
1,0,0.61132896,1
1,0,0.6135039,1
1,0,0.61532766,1
1,0,0.61619705,1
1,0,0.61359626,1
1,0,0.61358786,1
1,0,0.6185242,1
1,0,0.6147596,1
1,0,0.61410344,1
1,0,0.6165865,1
1,0,0.6128589,1
1,0,0.61221313,1
1,0,0.6138758,1
1,0,0.61132276,1
1,0,0.61651003,1
1,0,0.6162936,1
1,0,0.6149925,1
1,0,0.61896896,1
1,0,0.614523,1
1,0,0.61465067,1
1,0,0.6172467,1
1,0,0.61625075,1
1,0,0.6134499,1
1,0,0.61287504,1
1,0,0.6135623,1
1,0,0.6167471,1
1,0,0.6133128,1
1,0,0.617028,1
1,0,0.61784464,1
1,0,0.61765814,1
1,0,0.6154485,1
1,0,0.6144376,1
1,0,0.613235,1
1,0,0.62083966,1
1,0,0.61805016,1
1,0,0.616444,1
1,0,0.6158174,1
1,0,0.6184218,1
1,0,0.6185478,1
1,0,0.61712396,1
1,0,0.61961883,1
1,0,0.61781466,1
1,0,0.61351657,1
1,0,0.6169201,1
1,0,0.6160208,1
1,0,0.61254364,1
1,0,0.61196595,1
1,0,0.6186266,1
1,0,0.6189195,1
1,0,0.6170096,1
1,0,0.61457324,1
1,0,0.61794376,1
1,0,0.61508065,1
1,0,0.6206691,1
1,0,0.62004936,1
1,0,0.6147517,1
1,0,0.609936,1
1,0,0.6131029,1
1,0,0.6172479,1
1,0,0.61699706,1
1,0,0.61224186,1
1,0,0.61452687,1
1,0,0.6157557,1
1,0,0.6161685,1
1,0,0.6142947,1
1,0,0.6141907,1
1,0,0.61699677,1
1,0,0.61693454,1
1,0,0.620644,1
1,0,0.6158979,1
1,0,0.6200545,1
1,0,0.6117131,1
1,0,0.6110353,1
1,0,0.61401445,1
1,0,0.6122309,1
1,0,0.6139831,1
1,0,0.6150604,1
1,0,0.6169556,1
1,0,0.61337584,1
1,0,0.6177601,1
1,0,0.61266834,1
1,0,0.611364,1
1,0,0.6135484,1
1,0,0.6167236,1
1,0,0.615342,1
1,0,0.61103666,1
1,0,0.61486197,1
1,0,0.615548,1
1,0,0.6200415,1
1,0,0.61663383,1
1,0,0.6197625,1
1,0,0.61356777,1
1,0,0.61421263,1
1,0,0.60999346,1
1,0,0.6140238,1
1,0,0.61497575,1
1,0,0.610654,1
1,0,0.61482894,1
1,0,0.6120475,1
1,0,0.61418235,1
1,0,0.61403996,1
1,0,0.61186886,1
1,0,0.61458653,1
1,0,0.6151538,1
1,0,0.6156346,1
1,0,0.6148551,1
1,0,0.61283547,1
1,0,0.6196267,1
1,0,0.6161943,1
1,0,0.620202,1
1,0,0.617127,1
1,0,0.61529785,1
1,0,0.6127367,1
1,0,0.615141,1
1,0,0.6146141,1
1,0,0.6144931,1
1,0,0.6162418,1
1,0,0.61311615,1
1,0,0.6173204,1
1,0,0.6136855,1
1,0,0.61333895,1
1,0,0.61584944,1
1,0,0.61650723,1
1,0,0.6185584,1
1,0,0.61374193,1
1,0,0.6167037,1
1,0,0.6118628,1
1,0,0.6175148,1
1,0,0.6156612,1
1,0,0.61333114,1
1,0,0.6133736,1
1,0,0.61161554,1
1,0,0.61123395,1
1,0,0.61237895,1
1,0,0.61574227,1
1,0,0.61326295,1
1,0,0.6117299,1
1,0,0.6093257,1
1,0,0.6115487,1
1,0,0.61379856,1
1,0,0.6162175,1
1,0,0.61446744,1
1,0,0.6130771,1
1,0,0.6132818,1
1,0,0.6140278,1
1,0,0.6118572,1
1,0,0.6119731,1
1,0,0.61689186,1
1,0,0.6124862,1
1,0,0.6159261,1
1,0,0.6184396,1
1,0,0.62001216,1
1,0,0.6130063,1
1,0,0.61643595,1
1,0,0.61103773,1
1,0,0.6145778,1
1,0,0.6166755,1
1,0,0.6190445,1
1,0,0.61648667,1
1,0,0.61531585,1
1,0,0.61816347,1
1,0,0.61492515,1
1,0,0.6171366,1
1,0,0.6187269,1
1,0,0.61479056,1
1,0,0.61196285,1
1,0,0.61598283,1
1,0,0.6130094,1
1,0,0.6149822,1
1,0,0.6172001,1
1,0,0.61337507,1
1,0,0.61080754,1
1,0,0.61462694,1
1,0,0.62139404,1
1,0,0.6157438,1
1,0,0.6127751,1
1,0,0.6124327,1
1,0,0.6094827,1
1,0,0.60883033,1
1,0,0.61979526,1
1,0,0.6127749,1
1,0,0.61199605,1
1,0,0.61719036,1
1,0,0.61597383,1
1,0,0.612883,1
1,0,0.61360264,1
1,0,0.6140256,1
1,0,0.61536205,1
1,0,0.613655,1
1,0,0.61886144,1
1,0,0.61694014,1
1,0,0.6156327,1
1,0,0.6138599,1
1,0,0.61274576,1
1,0,0.6121202,1
1,0,0.6117456,1
1,0,0.61259425,1
1,0,0.6141796,1
1,0,0.6138821,1
1,0,0.6102688,1
1,0,0.61128294,1
1,0,0.60982877,1
1,0,0.61612386,1
1,0,0.6130379,1
1,0,0.61574674,1
1,0,0.6118011,1
1,0,0.6124444,1
1,0,0.6116069,1
1,0,0.613898,1
1,0,0.61307096,1
1,0,0.6121204,1
1,0,0.61385155,1
1,0,0.61214507,1
1,0,0.6120384,1
1,0,0.61391675,1
1,0,0.614442,1
1,0,0.614028,1
1,0,0.61374307,1
1,0,0.6130885,1
1,0,0.6145912,1
1,0,0.6180685,1
1,0,0.6159655,1
1,0,0.61224926,1
1,0,0.6143131,1
1,0,0.6156208,1
1,0,0.61841476,1
1,0,0.615722,1
1,0,0.6164235,1
1,0,0.61734,1
1,0,0.61664283,1
1,0,0.61262786,1
1,0,0.61820126,1
1,0,0.6187705,1
1,0,0.6217767,1
1,0,0.61740756,1
1,0,0.6136178,1
1,0,0.614827,1
1,0,0.6162166,1
1,0,0.61384857,1
1,0,0.61764705,1
1,0,0.6183148,1
1,0,0.6122705,1
1,0,0.613552,1
1,0,0.6187765,1
1,0,0.61767644,1
1,0,0.616317,1
1,0,0.6144298,1
1,0,0.61355996,1
1,0,0.61586064,1
1,0,0.619748,1
1,0,0.6125665,1
1,0,0.6118314,1
1,1,0.61253786,1
1,1,0.61385477,1
1,1,0.6144675,1
1,1,0.61488503,1
1,1,0.6215876,1
1,1,0.6206536,1
1,1,0.6199858,1
1,1,0.6162192,1
1,1,0.61366355,1
1,1,0.6135472,1
1,1,0.6327812,1
1,1,0.6327285,1
1,1,0.6305104,1
1,1,0.63118243,1
1,1,0.63142407,1
1,1,0.6319205,1
1,1,0.6315413,1
1,1,0.6294463,1
1,1,0.6293887,1
1,1,0.63189363,1
1,1,0.633857,1
1,1,0.62945396,1
1,1,0.63263077,1
1,1,0.6328534,1
1,1,0.62670684,1
1,1,0.62643474,1
1,1,0.62990195,1
1,1,0.63003135,1
1,1,0.62835187,1
1,1,0.62907636,1
1,1,0.6285837,1
1,1,0.6240833,1
1,1,0.63162225,1
1,1,0.63318527,1
1,1,0.63213915,1
1,1,0.6290916,1
1,1,0.62930274,1
1,1,0.6305022,1
1,1,0.6306364,1
1,1,0.6345021,1
1,1,0.63238245,1
1,0,0.61960757,1
1,0,0.6220895,1
1,0,0.62215686,1
1,0,0.61954945,1
1,0,0.621929,1
1,0,0.6242214,1
1,0,0.6241618,1
1,0,0.62671596,1
1,1,0.5464806,1
1,1,0.546104,1
1,1,0.54605114,1
1,1,0.5474892,1
1,1,0.54503673,1
1,1,0.54676855,1
1,1,0.547935,1
1,1,0.54413915,1
1,1,0.5459932,1
1,1,0.54763985,1
1,1,0.54341567,1
1,0,0.5197034,1
1,0,0.51513624,1
1,0,0.51712304,1
1,0,0.516698,1
1,0,0.5174056,1
1,0,0.5196726,1
1,0,0.51735044,1
1,0,0.5191565,1
1,0,0.5198681,1
1,0,0.5204514,1
1,0,0.51788545,1
1,0,0.5181956,1
1,0,0.5204824,1
1,0,0.5188678,1
1,0,0.51611656,1
1,0,0.52034074,1
1,0,0.51624507,1
1,0,0.5176822,1
1,0,0.5192037,1
1,0,0.51886636,1
1,0,0.52123606,1
1,0,0.5241378,1
1,0,0.52247566,1
1,0,0.52240986,1
1,0,0.520863,1
1,0,0.5222101,1
1,0,0.5212433,1
1,0,0.52419305,1
1,0,0.5196068,1
1,0,0.5203988,1
1,1,0.5790102,1
1,1,0.5792486,1
1,1,0.57522553,1
1,1,0.57719964,1
1,1,0.57705814,1
1,1,0.575593,1
1,1,0.57174855,1
1,1,0.5758339,1
1,1,0.5778844,1
1,1,0.62898195,1
1,1,0.62946546,1
1,1,0.6302458,1
1,1,0.628793,1
1,1,0.6296918,1
1,1,0.62978464,1
1,1,0.6295927,1
1,1,0.6309581,1
1,1,0.632961,1
1,1,0.63177526,1
1,1,0.6310577,1
1,1,0.6373481,1
1,1,0.63658774,1
1,1,0.6325514,1
1,1,0.63110936,1
1,1,0.6322637,1
1,1,0.62914324,1
1,1,0.6286654,1
1,1,0.634184,1
1,1,0.6309134,1
1,1,0.6334884,1
1,1,0.6305534,1
1,1,0.63589853,1
1,1,0.63202363,1
1,1,0.631273,1
1,1,0.63041383,1
1,1,0.62944144,1
1,1,0.6309842,1
1,1,0.63129234,1
1,1,0.63148606,1
1,1,0.6286094,1
1,1,0.629087,1
1,1,0.631503,1
1,1,0.62711775,1
1,1,0.63148814,1
1,1,0.6345265,1
1,1,0.63083774,1
1,1,0.63016766,1
1,1,0.6318595,1
1,1,0.63448197,1
1,1,0.6352639,1
1,1,0.6312992,1
1,1,0.6339116,1
1,1,0.6305329,1
1,1,0.63028663,1
1,1,0.6320184,1
1,1,0.63101757,1
1,1,0.6354099,1
1,1,0.634472,1
1,1,0.63368183,1
1,1,0.62993217,1
1,1,0.62902415,1
1,1,0.6310181,1
1,1,0.6313879,1
1,1,0.6314772,1
1,1,0.6270906,1
1,1,0.6270325,1
1,1,0.62934536,1
1,1,0.6309111,1
1,1,0.6309371,1
1,1,0.6322085,1
1,1,0.6305045,1
1,1,0.63022786,1
1,1,0.6285213,1
1,1,0.62717366,1
1,1,0.63195544,1
1,1,0.6310788,1
1,1,0.6323527,1
1,1,0.632207,1
1,1,0.6320915,1
1,1,0.6299017,1
1,1,0.6305876,1
1,1,0.6308556,1
1,1,0.63125724,1
1,1,0.6309483,1
1,1,0.62882984,1
1,1,0.6287984,1
1,1,0.6313073,1
1,1,0.6332776,1
1,1,0.6292847,1
1,1,0.6313132,1
1,1,0.62839085,1
1,1,0.6288753,1
1,1,0.62997204,1
1,1,0.6303249,1
1,1,0.6301034,1
1,1,0.6300935,1
1,1,0.6313626,1
1,1,0.63313854,1
1,1,0.63014144,1
1,1,0.63026226,1
1,1,0.6305175,1
1,1,0.62948245,1
1,1,0.63109905,1
1,1,0.6313721,1
1,1,0.6347195,1
1,1,0.63355273,1
1,1,0.63124335,1
1,1,0.6281406,1
1,1,0.6287541,1
1,1,0.631273,1
1,1,0.6328393,1
1,1,0.6316137,1
1,1,0.62868726,1
1,1,0.6289693,1
1,1,0.6301583,1
1,1,0.63019884,1
1,1,0.633958,1
1,1,0.6318853,1
1,1,0.6307864,1
1,1,0.63199383,1
1,1,0.62784755,1
1,1,0.6294601,1
1,1,0.62961084,1
1,1,0.6297435,1
1,1,0.6302891,1
1,1,0.6320775,1
1,1,0.633229,1
1,1,0.634295,1
1,1,0.6319779,1
1,1,0.6282651,1
1,1,0.63009965,1
1,1,0.6306894,1
1,1,0.63285357,1
1,1,0.63351387,1
1,1,0.6296143,1
1,1,0.6345674,1
1,1,0.63316435,1
1,1,0.63151157,1
1,1,0.63203764,1
1,1,0.6334856,1
1,1,0.6378774,1
1,1,0.63738525,1
1,1,0.63557774,1
1,1,0.6337808,1
1,1,0.62889755,1
1,1,0.6328873,1
1,1,0.6334612,1
1,1,0.6284345,1
1,1,0.63091415,1
1,1,0.63229275,1
1,1,0.63289404,1
1,1,0.6310212,1
1,1,0.6301257,1
1,1,0.6304291,1
1,1,0.6323865,1
1,1,0.6317089,1
1,1,0.63165075,1
1,1,0.6329107,1
1,1,0.63310546,1
1,0,0.5325106,1
1,0,0.5356084,1
1,0,0.53564304,1
1,0,0.53756183,1
1,0,0.5419143,1
1,0,0.54103476,1
1,0,0.53776306,1
1,0,0.5370414,1
1,0,0.5383383,1
1,0,0.53887564,1
1,0,0.5403901,1
1,0,0.543698,1
1,0,0.5442286,1
1,0,0.5418298,1
1,0,0.54115164,1
1,1,0.523172,1
1,1,0.5212696,1
1,1,0.52454096,1
1,1,0.5237248,1
1,1,0.5218491,1
1,1,0.5220746,1
1,1,0.52504593,1
1,1,0.5205528,1
1,1,0.6256002,1
1,1,0.632613,1
1,1,0.6285097,1
1,1,0.62677306,1
1,1,0.6313294,1
1,1,0.6292227,1
1,1,0.62921923,1
1,1,0.6261219,1
1,1,0.629613,1
1,1,0.6302925,1
1,1,0.622489,1
1,1,0.62446594,1
1,1,0.6176464,1
1,1,0.6207955,1
1,1,0.62546766,1
1,1,0.6243647,1
1,1,0.6237431,1
1,1,0.62439775,1
1,1,0.6236758,1
1,1,0.621606,1
1,1,0.62196106,1
1,1,0.6218924,1
1,1,0.6261769,1
1,1,0.6252121,1
1,1,0.62761915,1
1,1,0.62119806,1
1,1,0.6208765,1
1,1,0.6217524,1
1,1,0.6202014,1
1,1,0.6245762,1
1,1,0.62389565,1
1,1,0.62490386,1
1,1,0.6241928,1
1,1,0.6245824,1
1,1,0.62318504,1
1,1,0.61294276,1
1,1,0.6156083,1
1,1,0.6098653,1
1,1,0.61455375,1
1,1,0.6149389,1
1,1,0.6124701,1
1,1,0.61150575,1
1,1,0.6101633,1
1,1,0.6138703,1
1,1,0.6128536,1
1,1,0.515942,1
1,1,0.5175636,1
1,1,0.51913166,1
1,1,0.5191143,1
1,1,0.5175807,1
1,1,0.51937354,1
1,1,0.51781166,1
1,1,0.51895547,1
1,1,0.51655954,1
1,1,0.5175936,1
1,1,0.5174783,1
1,1,0.51941806,1
1,1,0.52074873,1
1,1,0.516787,1
1,1,0.51812756,1
1,1,0.5184181,1
1,1,0.51702017,1
1,1,0.5182866,1
1,1,0.51549697,1
1,1,0.51668346,1
1,1,0.51326156,1
1,1,0.51351714,1
1,1,0.5157672,1
1,1,0.5152465,1
1,1,0.5131197,1
1,1,0.5157538,1
1,1,0.51292807,1
1,1,0.5142263,1
1,1,0.51349926,1
1,1,0.5121073,1
1,1,0.51338965,1
1,1,0.5160935,1
1,1,0.5130709,1
1,1,0.51744807,1
1,1,0.51644355,1
1,1,0.5162839,1
1,1,0.51461554,1
1,1,0.51335037,1
1,1,0.5154293,1
1,1,0.51445645,1
1,1,0.5133445,1
1,1,0.5154305,1
1,1,0.5171006,1
1,1,0.51371753,1
1,1,0.5135767,1
1,1,0.5160635,1
1,1,0.51378167,1
1,1,0.5140998,1
1,1,0.5159385,1
1,1,0.51401263,1
1,1,0.5193096,1
1,1,0.51673126,1
1,1,0.516299,1
1,1,0.5199019,1
1,1,0.5177941,1
1,1,0.5195913,1
1,1,0.5170256,1
1,1,0.5172627,1
1,1,0.5194198,1
1,1,0.597804,1
1,1,0.5988443,1
1,1,0.59803474,1
1,1,0.59847707,1
1,1,0.5970941,1
1,1,0.6008452,1
1,1,0.5952864,1
1,1,0.5964055,1
1,1,0.53247964,1
1,1,0.53414255,1
1,1,0.533094,1
1,1,0.5323145,1
1,1,0.53263605,1
1,1,0.53307736,1
1,1,0.54121786,1
1,1,0.53645813,1
1,1,0.5143474,1
1,1,0.51779395,1
1,1,0.5154249,1
1,1,0.5131662,1
1,1,0.5143575,1
1,1,0.5156687,1
1,1,0.51706755,1
1,1,0.5154607,1
1,1,0.61955905,1
1,1,0.6234274,1
1,1,0.6190027,1
1,1,0.62371564,1
1,1,0.624075,1
1,1,0.62088853,1
1,1,0.6223972,1
1,1,0.61973727,1
1,1,0.6228268,1
1,1,0.62301964,1
1,1,0.621691,1
1,1,0.62836057,1
1,1,0.6235181,1
1,1,0.62247044,1
1,1,0.6285922,1
1,1,0.62404627,1
1,1,0.6241113,1
1,1,0.6201492,1
1,1,0.62431115,1
1,1,0.62506884,1
1,1,0.5334337,1
1,1,0.53427696,1
1,1,0.53376776,1
1,1,0.53481823,1
1,1,0.53483015,1
1,1,0.53398496,1
1,1,0.53541726,1
1,1,0.5346858,1
1,0,0.53609586,1
1,0,0.53232,1
1,0,0.5302284,1
1,0,0.5301728,1
1,0,0.52973795,1
1,0,0.5355746,1
1,0,0.5299499,1
1,0,0.52848125,1
1,0,0.5303662,1
1,0,0.53222764,1
1,0,0.5349208,1
1,0,0.53258485,1
1,0,0.53569055,1
1,0,0.52812856,1
1,0,0.53045267,1
1,0,0.6309855,1
1,0,0.6336038,1
1,0,0.6336861,1
1,0,0.63084966,1
1,0,0.63189095,1
1,0,0.6341065,1
1,0,0.63010114,1
1,0,0.63188905,1
1,0,0.63426137,1
1,0,0.63365656,1
1,0,0.633708,1
1,0,0.6308257,1
1,0,0.6297779,1
1,0,0.63523716,1
1,0,0.63162994,1
1,1,0.51219153,1
1,1,0.5157963,1
1,1,0.5148363,1
1,1,0.5161216,1
1,1,0.51395947,1
1,1,0.5129017,1
1,1,0.51574904,1
1,1,0.5132634,1
1,1,0.5163292,1
1,1,0.5167492,1
1,1,0.5127478,1
1,1,0.51350886,1
1,1,0.51241744,1
1,1,0.5115885,1
1,1,0.51062757,1
1,1,0.51169467,1
1,1,0.514559,1
1,1,0.5131216,1
1,1,0.514549,1
1,1,0.511148,1
1,1,0.511803,1
1,1,0.5150568,1
1,1,0.51311874,1
1,1,0.5125911,1
1,1,0.6360762,1
1,1,0.6345455,1
1,1,0.63683575,1
1,1,0.6378628,1
1,1,0.63837725,1
1,1,0.63608205,1
1,1,0.6393247,1
1,1,0.63787794,1
1,1,0.63813764,1
1,1,0.6373161,1
1,1,0.6346861,1
1,1,0.6327868,1
1,1,0.63630843,1
1,1,0.6366108,1
1,1,0.63450944,1
1,1,0.63494337,1
1,1,0.63972294,1
1,1,0.63201094,1
1,1,0.63526124,1
1,1,0.63940465,1
1,1,0.63999563,1
1,1,0.63412315,1
1,1,0.63587475,1
1,1,0.6317163,1
1,1,0.63652927,1
1,1,0.636135,1
1,1,0.63638234,1
1,1,0.6352548,1
1,1,0.63298655,1
1,1,0.63387847,1
1,1,0.63566595,1
1,1,0.63396806,1
1,1,0.63393635,1
1,1,0.63475275,1
2,1,0.51341194,1
2,1,0.52126014,1
2,1,0.5179728,1
2,1,0.51582325,1
2,1,0.51354736,1
2,1,0.5175354,1
2,1,0.5132431,1
2,1,0.51024854,1
2,1,0.5165136,1
2,1,0.5142577,1
2,1,0.5167341,1
2,1,0.5153871,1
2,1,0.51689035,1
2,1,0.51971966,1
2,1,0.51658696,1
2,1,0.5113786,1
2,1,0.51566726,1
2,1,0.5141485,1
2,1,0.5217054,1
2,1,0.5176116,1
2,1,0.5225505,1
2,1,0.5171598,1
2,1,0.5173383,1
2,1,0.5133818,1
2,1,0.51480365,1
2,1,0.5151989,1
2,1,0.51284444,1
2,1,0.51517963,1
2,1,0.5189854,1
2,1,0.516471,1
2,1,0.5208621,1
2,1,0.51740456,1
2,1,0.50837016,1
2,1,0.50963736,1
2,1,0.5165193,1
2,1,0.51201934,1
2,1,0.51274914,1
2,1,0.5144519,1
2,1,0.51760274,1
2,1,0.52001345,1
2,1,0.5170618,1
2,1,0.5250551,1
2,1,0.5281745,1
2,1,0.52612525,1
2,1,0.5241268,1
2,1,0.5250537,1
2,1,0.5258925,1
2,1,0.5234166,1
2,1,0.5232675,1
2,1,0.51792926,1
2,1,0.52119637,1
2,1,0.5246293,1
2,1,0.51653886,1
2,1,0.52043676,1
2,1,0.5249254,1
2,1,0.5216505,1
2,1,0.51891613,1
2,1,0.5246094,1
2,1,0.5254663,1
2,1,0.5240191,1
2,1,0.5209619,1
2,1,0.52005476,1
2,1,0.52933604,1
2,1,0.5265286,1
2,1,0.52640295,1
2,1,0.5207685,1
2,1,0.52212054,1
2,1,0.52206844,1
2,1,0.52601665,1
2,1,0.5267757,1
2,1,0.5266927,1
2,1,0.52251536,1
2,1,0.5239699,1
2,1,0.52158934,1
2,1,0.5224042,1
2,1,0.528554,1
2,1,0.5216146,1
2,1,0.52421004,1
2,1,0.5241962,1
2,1,0.52256036,1
2,1,0.5229614,1
2,1,0.5272333,1
2,1,0.5233213,1
2,1,0.5201367,1
2,1,0.52093226,1
2,1,0.52425253,1
2,1,0.52704334,1
2,1,0.52207303,1
2,1,0.5250068,1
2,1,0.5272155,1
2,1,0.5241184,1
2,1,0.5257426,1
2,1,0.531422,1
2,1,0.52668387,1
2,1,0.52381414,1
2,1,0.5261766,1
2,1,0.5252354,1
2,1,0.5243352,1
2,1,0.5231328,1
2,1,0.52463025,1
2,1,0.52180874,1
2,1,0.52977526,1
2,1,0.5229954,1
2,1,0.5266282,1
2,1,0.52122355,1
2,1,0.5285676,1
2,1,0.52547765,1
2,1,0.5234617,1
2,1,0.5257844,1
2,1,0.525602,1
2,1,0.5240794,1
2,1,0.5287313,1
2,1,0.5220338,1
2,1,0.49948224,0
2,1,0.5043647,1
2,1,0.49988186,0
2,1,0.5010817,1
2,1,0.49856415,0
2,1,0.50283164,1
2,1,0.49739268,0
2,1,0.49986702,0
2,1,0.49945274,0
2,1,0.49783617,0
2,1,0.49797827,0
2,1,0.49917662,0
2,1,0.49541694,0
2,1,0.55077857,1
2,1,0.5433567,1
2,1,0.53898233,1
2,1,0.54449534,1
2,1,0.5397522,1
2,1,0.5354186,1
2,1,0.54587406,1
2,1,0.5392885,1
2,1,0.5390072,1
2,1,0.5380642,1
2,1,0.547973,1
2,1,0.5459253,1
2,1,0.5405013,1
2,1,0.5405332,1
2,1,0.5410716,1
2,0,0.5300455,1
2,0,0.5207464,1
2,0,0.5183502,1
2,0,0.51336414,1
2,0,0.5237867,1
2,0,0.52280265,1
2,0,0.52085805,1
2,0,0.5126438,1
2,0,0.5179195,1
2,0,0.51740736,1
2,0,0.51345456,1
2,0,0.52311057,1
2,0,0.5127096,1
2,0,0.5105417,1
2,0,0.50830436,1
2,0,0.51331604,1
2,0,0.5149316,1
2,0,0.5183314,1
2,0,0.5233317,1
2,0,0.51648456,1
2,0,0.5185675,1
2,0,0.51869035,1
2,0,0.5076334,1
2,0,0.51548725,1
2,0,0.51687163,1
2,0,0.52030015,1
2,0,0.51476616,1
2,0,0.517445,1
2,0,0.5104125,1
2,0,0.5160086,1
2,0,0.5240175,1
2,0,0.51812863,1
2,0,0.51690346,1
2,0,0.51842016,1
2,0,0.5148398,1
2,0,0.5249485,1
2,0,0.5220223,1
2,0,0.5203989,1
2,0,0.51862216,1
2,0,0.5158369,1
2,0,0.520371,1
2,0,0.5204628,1
2,0,0.5213036,1
2,0,0.5186421,1
2,0,0.51928115,1
2,0,0.52482146,1
2,0,0.5225465,1
2,0,0.52133954,1
2,0,0.52321106,1
2,0,0.52406305,1
2,0,0.5235595,1
2,0,0.51645905,1
2,0,0.51802385,1
2,0,0.5282707,1
2,0,0.5171512,1
2,0,0.52079505,1
2,0,0.5191426,1
2,0,0.51937497,1
2,0,0.5170778,1
2,0,0.52175635,1
2,0,0.5244179,1
2,0,0.5274065,1
2,0,0.5255166,1
2,0,0.5231916,1
2,0,0.52149165,1
2,0,0.51701874,1
2,0,0.51840365,1
2,0,0.52416486,1
2,0,0.51957357,1
2,0,0.5621471,1
2,0,0.5629905,1
2,0,0.5647768,1
2,0,0.5598816,1
2,0,0.5650153,1
2,0,0.5635151,1
2,0,0.5639498,1
2,0,0.5621183,1
2,0,0.56250566,1
2,0,0.55858564,1
2,0,0.56101924,1
2,0,0.56464046,1
2,0,0.56175065,1
2,0,0.5701577,1
2,0,0.5651964,1
2,0,0.5263819,1
2,0,0.5361738,1
2,0,0.52815235,1
2,0,0.528507,1
2,0,0.5320986,1
2,0,0.5319278,1
2,0,0.5288052,1
2,0,0.5344679,1
2,0,0.5351643,1
2,0,0.5382105,1
2,0,0.53580296,1
2,0,0.5330334,1
2,0,0.5325196,1
2,0,0.53359264,1
2,0,0.53108394,1
2,1,0.5735675,1
2,1,0.5716142,1
2,1,0.5765932,1
2,1,0.57632995,1
2,1,0.5697588,1
2,1,0.57554865,1
2,1,0.57893634,1
2,1,0.57528335,1
2,1,0.5727168,1
2,1,0.5723904,1
2,1,0.5739946,1
2,1,0.5757923,1
2,1,0.5774842,1
2,1,0.5764761,1
2,1,0.58038574,1
2,1,0.57673204,1
2,1,0.5711829,1
2,1,0.57197976,1
2,1,0.57105434,1
2,1,0.57059574,1
2,1,0.5690219,1
2,1,0.572106,1
2,1,0.5768283,1
2,1,0.57278574,1
2,1,0.5740098,1
2,1,0.572793,1
2,1,0.54726815,1
2,1,0.54940003,1
2,1,0.5466809,1
2,1,0.5468118,1
2,1,0.54417527,1
2,1,0.5464993,1
2,1,0.54698616,1
2,1,0.54875535,1
2,1,0.5510035,1
2,1,0.55342406,1
2,1,0.5560319,1
2,1,0.5505896,1
2,1,0.5534439,1
2,1,0.54666543,1
2,1,0.5488207,1
2,1,0.55071753,1
2,1,0.55046135,1
2,1,0.5434541,1
2,1,0.5694202,1
2,1,0.5707957,1
2,1,0.5693259,1
2,1,0.5667696,1
2,1,0.57223797,1
2,1,0.5718126,1
2,1,0.5736626,1
2,1,0.57598513,1
2,1,0.5758188,1
2,1,0.571417,1
2,0,0.54180574,1
2,0,0.5506607,1
2,0,0.54974705,1
2,0,0.54241717,1
2,0,0.5430157,1
2,0,0.5363711,1
2,0,0.53867126,1
2,0,0.5522903,1
2,0,0.5400308,1
2,0,0.5387428,1
2,0,0.55313826,1
2,0,0.5607665,1
2,0,0.5593214,1
2,0,0.5537611,1
2,0,0.5684616,1
2,0,0.5536935,1
2,0,0.54400533,1
2,0,0.547252,1
2,0,0.5479968,1
2,0,0.55051684,1
2,0,0.5520812,1
2,0,0.5502511,1
2,0,0.5487743,1
2,0,0.54450125,1
2,0,0.5527644,1
2,0,0.54883903,1
2,0,0.5422794,1
2,0,0.54714465,1
2,0,0.55561763,1
2,0,0.5449309,1
2,0,0.5462387,1
2,0,0.5540444,1
2,0,0.5530147,1
2,0,0.5571776,1
2,0,0.5519346,1
2,0,0.55760014,1
2,0,0.56565225,1
2,0,0.5496139,1
2,0,0.54462695,1
2,0,0.54652876,1
2,0,0.5552672,1
2,0,0.56209487,1
2,0,0.5551977,1
2,0,0.5504349,1
2,0,0.5664363,1
2,0,0.56651,1
2,0,0.5532929,1
2,0,0.5617955,1
2,0,0.5555367,1
2,0,0.55851257,1
2,0,0.55691993,1
2,0,0.5547886,1
2,0,0.5544868,1
2,0,0.5615743,1
2,0,0.55562764,1
2,0,0.5601348,1
2,0,0.5617397,1
2,0,0.5689577,1
2,0,0.56111705,1
2,0,0.57534224,1
2,0,0.5691772,1
2,0,0.56166595,1
2,0,0.5579332,1
2,0,0.5613298,1
2,0,0.5496337,1
2,0,0.5535248,1
2,0,0.5597134,1
2,0,0.563631,1
2,0,0.5613712,1
2,0,0.5580236,1
2,0,0.5635812,1
2,0,0.55990946,1
2,0,0.5609692,1
2,0,0.5653181,1
2,0,0.5638787,1
2,0,0.5618072,1
2,0,0.56376785,1
2,0,0.5589466,1
2,0,0.56242776,1
2,0,0.561895,1
2,0,0.5601658,1
2,0,0.5600183,1
2,0,0.56258696,1
2,0,0.5469076,1
2,0,0.5504932,1
2,0,0.5637997,1
2,0,0.5474819,1
2,0,0.551047,1
2,0,0.55975384,1
2,0,0.5643404,1
2,0,0.5619223,1
2,0,0.56422466,1
2,0,0.5635171,1
2,0,0.5688507,1
2,0,0.55905765,1
2,0,0.5619128,1
2,0,0.57090986,1
2,0,0.56602126,1
2,0,0.55971456,1
2,0,0.5569858,1
2,0,0.5586618,1
2,0,0.571842,1
2,0,0.56419003,1
2,0,0.56640476,1
2,0,0.56192845,1
2,0,0.56225103,1
2,0,0.5705554,1
2,0,0.5606586,1
2,0,0.5586349,1
2,0,0.5565995,1
2,0,0.5599652,1
2,0,0.5627358,1
2,0,0.5478244,1
2,0,0.5547803,1
2,0,0.5552299,1
2,0,0.55092275,1
2,0,0.5563999,1
2,0,0.5579714,1
2,0,0.56734926,1
2,0,0.5556466,1
2,0,0.56117237,1
2,0,0.557118,1
2,0,0.55825895,1
2,0,0.5542937,1
2,0,0.57125044,1
2,0,0.56542283,1
2,0,0.557663,1
2,0,0.54929405,1
2,0,0.55504644,1
2,0,0.54827,1
2,0,0.5688075,1
2,0,0.5603304,1
2,0,0.57391113,1
2,0,0.5648729,1
2,0,0.56055564,1
2,0,0.55692136,1
2,0,0.5624175,1
2,0,0.5729388,1
2,0,0.5697137,1
2,0,0.56402427,1
2,0,0.56604296,1
2,0,0.564349,1
2,0,0.558343,1
2,0,0.5633588,1
2,0,0.5624097,1
2,0,0.564838,1
2,0,0.5611549,1
2,0,0.56075186,1
2,0,0.5635639,1
2,0,0.56307316,1
2,0,0.5581334,1
2,0,0.56137675,1
2,0,0.5635708,1
2,0,0.5669771,1
2,0,0.5646229,1
2,0,0.5657123,1
2,0,0.5630363,1
2,0,0.5677446,1
2,0,0.5620177,1
2,0,0.5663996,1
2,0,0.5636784,1
2,0,0.5562607,1
2,0,0.55701333,1
2,0,0.5568761,1
2,0,0.55298525,1
2,0,0.5583916,1
2,0,0.5592756,1
2,0,0.5622981,1
2,0,0.5672408,1
2,0,0.5603315,1
2,0,0.5560696,1
2,0,0.567371,1
2,0,0.5593443,1
2,0,0.5580243,1
2,0,0.5649489,1
2,0,0.560524,1
2,0,0.5625626,1
2,0,0.5528054,1
2,0,0.5619971,1
2,0,0.5690123,1
2,0,0.56864595,1
2,0,0.56376964,1
2,0,0.5566373,1
2,0,0.5536686,1
2,0,0.5605598,1
2,0,0.5598687,1
2,0,0.5584178,1
2,0,0.55669755,1
2,0,0.55246925,1
2,0,0.5527785,1
2,0,0.55782765,1
2,0,0.5601894,1
2,0,0.5581952,1
2,0,0.5719724,1
2,0,0.5531954,1
2,0,0.5653556,1
2,0,0.5700698,1
2,0,0.5650446,1
2,0,0.5709676,1
2,0,0.57148075,1
2,0,0.56031674,1
2,0,0.55088127,1
2,0,0.55098003,1
2,0,0.5540246,1
2,0,0.5578863,1
2,0,0.5635701,1
2,0,0.56775045,1
2,0,0.56258905,1
2,0,0.5552258,1
2,0,0.56066394,1
2,0,0.5599869,1
2,0,0.56092095,1
2,0,0.56510144,1
2,0,0.57307434,1
2,0,0.5697488,1
2,0,0.5642351,1
2,0,0.5587738,1
2,0,0.55517364,1
2,0,0.56877667,1
2,0,0.5614369,1
2,0,0.56580716,1
2,0,0.5631795,1
2,0,0.56245685,1
2,0,0.5589137,1
2,0,0.55420846,1
2,0,0.555412,1
2,0,0.5604636,1
2,0,0.5600846,1
2,0,0.5620953,1
2,0,0.5501046,1
2,0,0.5604344,1
2,0,0.5560368,1
2,0,0.5472384,1
2,0,0.55687743,1
2,0,0.5547402,1
2,0,0.55453813,1
2,0,0.55632734,1
2,0,0.5581117,1
2,0,0.558696,1
2,0,0.559792,1
2,0,0.56202114,1
2,0,0.5622411,1
2,0,0.5639292,1
2,0,0.56005216,1
2,0,0.561173,1
2,0,0.56252337,1
2,0,0.5645212,1
2,0,0.55998605,1
2,0,0.56695646,1
2,0,0.5640999,1
2,0,0.5509278,1
2,0,0.55922306,1
2,0,0.56354237,1
2,0,0.56649685,1
2,0,0.5662859,1
2,0,0.56804454,1
2,0,0.55858904,1
2,0,0.56407297,1
2,0,0.5662793,1
2,0,0.55570793,1
2,0,0.5647439,1
2,0,0.55602545,1
2,0,0.5619367,1
2,0,0.5588601,1
2,0,0.5662418,1
2,0,0.5633943,1
2,0,0.56266433,1
2,0,0.55885476,1
2,0,0.5545229,1
2,0,0.56043285,1
2,0,0.56657,1
2,0,0.5627658,1
2,0,0.5620925,1
2,0,0.56360453,1
2,0,0.56733626,1
2,0,0.5628189,1
2,0,0.5745548,1
2,0,0.5669887,1
2,0,0.5562585,1
2,0,0.56335014,1
2,0,0.5618618,1
2,0,0.55600774,1
2,0,0.5592295,1
2,0,0.5523954,1
2,0,0.5623362,1
2,0,0.5617773,1
2,0,0.5633595,1
2,0,0.55699605,1
2,0,0.5572776,1
2,0,0.55228364,1
2,0,0.5487605,1
2,0,0.56109256,1
2,0,0.55572355,1
2,0,0.5544256,1
2,0,0.55786204,1
2,0,0.55678374,1
2,0,0.5568695,1
2,0,0.56192976,1
2,0,0.55363804,1
2,0,0.5488319,1
2,1,0.5655335,1
2,1,0.56265944,1
2,1,0.5651887,1
2,1,0.56413746,1
2,1,0.56685305,1
2,1,0.56594586,1
2,1,0.56383127,1
2,1,0.5665694,1
2,1,0.5641796,1
2,1,0.5758635,1
2,1,0.57725185,1
2,1,0.57448953,1
2,1,0.5766513,1
2,1,0.57469845,1
2,1,0.572654,1
2,1,0.57162577,1
2,1,0.5713687,1
2,1,0.5720869,1
2,1,0.57350594,1
2,1,0.5741327,1
2,1,0.57477397,1
2,1,0.5737194,1
2,1,0.57335705,1
2,1,0.5790199,1
2,1,0.57325906,1
2,1,0.5722251,1
2,1,0.57055575,1
2,1,0.5728126,1
2,1,0.57630324,1
2,1,0.5766859,1
2,1,0.5737155,1
2,1,0.57561165,1
2,1,0.5773792,1
2,1,0.57202876,1
2,1,0.5760017,1
2,1,0.58012104,1
2,1,0.56929654,1
2,1,0.5674199,1
2,1,0.56845075,1
2,1,0.5683264,1
2,1,0.5679064,1
2,1,0.5720758,1
2,1,0.569262,1
2,1,0.5684767,1
2,1,0.5660263,1
2,1,0.56524163,1
2,1,0.5668326,1
2,1,0.5637727,1
2,1,0.5705159,1
2,1,0.5667611,1
2,1,0.5666049,1
2,1,0.57003903,1
2,1,0.5652777,1
2,1,0.5705905,1
2,1,0.57257634,1
2,1,0.57148796,1
2,1,0.5723946,1
2,1,0.57598656,1
2,1,0.57840055,1
2,1,0.5813054,1
2,1,0.57735014,1
2,1,0.577827,1
2,1,0.5764538,1
2,1,0.57797885,1
2,1,0.5783705,1
2,1,0.5818619,1
2,1,0.5817783,1
2,1,0.5816218,1
2,1,0.5819657,1
2,1,0.58174384,1
2,1,0.5841876,1
2,1,0.581998,1
2,1,0.58136296,1
2,1,0.58349645,1
2,1,0.57949907,1
2,1,0.57754266,1
2,1,0.57759506,1
2,1,0.5765452,1
2,1,0.57412404,1
2,1,0.5723246,1
2,1,0.5692121,1
2,1,0.5688957,1
2,1,0.5682095,1
2,1,0.57057863,1
2,1,0.56998724,1
2,1,0.5693248,1
2,1,0.57371897,1
2,1,0.5659845,1
2,1,0.5718577,1
2,1,0.57768154,1
2,1,0.56667554,1
2,1,0.57234377,1
2,1,0.5705746,1
2,1,0.57156813,1
2,1,0.5733785,1
2,1,0.57094055,1
2,1,0.577011,1
2,1,0.57915336,1
2,1,0.5778189,1
2,1,0.5771536,1
2,1,0.5811821,1
2,1,0.5804952,1
2,1,0.5830873,1
2,1,0.5867905,1
2,1,0.5820087,1
2,1,0.56341946,1
2,1,0.5656746,1
2,1,0.567816,1
2,1,0.5650156,1
2,1,0.56513697,1
2,1,0.56806827,1
2,1,0.5642363,1
2,1,0.5701892,1
2,1,0.5672355,1
2,1,0.5646803,1
2,1,0.5645168,1
2,1,0.56000537,1
2,1,0.5699193,1
2,1,0.5658516,1
2,1,0.56642157,1
2,1,0.5646182,1
2,1,0.56320554,1
2,1,0.56724834,1
2,1,0.56111723,1
2,1,0.55661243,1
2,1,0.55738336,1
2,1,0.5628198,1
2,1,0.56635,1
2,1,0.5651784,1
2,1,0.5684567,1
2,1,0.57041645,1
2,1,0.5666844,1
2,1,0.56266284,1
2,1,0.57040817,1
2,1,0.56116366,1
2,1,0.5753711,1
2,1,0.5674908,1
2,1,0.5765518,1
2,1,0.5709694,1
2,1,0.5784988,1
2,1,0.576516,1
2,1,0.57268304,1
2,1,0.5725934,1
2,1,0.5701934,1
2,1,0.57119864,1
2,1,0.5691074,1
2,1,0.57841563,1
2,1,0.5715639,1
2,1,0.5780568,1
2,1,0.5721064,1
2,1,0.5734905,1
2,1,0.5741826,1
2,1,0.57637066,1
2,1,0.5700391,1
2,1,0.56808543,1
2,1,0.57045054,1
2,1,0.5743125,1
2,1,0.5666772,1
2,1,0.56702656,1
2,1,0.5722672,1
2,1,0.5666464,1
2,1,0.578321,1
2,1,0.57110655,1
2,1,0.5690722,1
2,1,0.57277185,1
2,1,0.5692793,1
2,1,0.5729152,1
2,1,0.5754238,1
2,1,0.57770824,1
2,1,0.5765008,1
2,1,0.5721881,1
2,1,0.5785578,1
2,1,0.572966,1
2,1,0.5760535,1
2,1,0.5752848,1
2,1,0.57774377,1
2,1,0.5697892,1
2,1,0.57344574,1
2,1,0.5742299,1
2,1,0.57401454,1
2,1,0.5723608,1
2,1,0.5793278,1
2,1,0.57476705,1
2,1,0.5720187,1
2,1,0.5786823,1
2,1,0.5735683,1
2,1,0.57495487,1
2,1,0.5747595,1
2,1,0.5789668,1
2,1,0.57491326,1
2,1,0.57703274,1
2,1,0.5752838,1
2,1,0.5780138,1
2,1,0.57420784,1
2,1,0.5735816,1
2,1,0.5746173,1
2,1,0.57350105,1
2,1,0.5763249,1
2,1,0.578516,1
2,1,0.58286124,1
2,1,0.57863617,1
2,1,0.57835704,1
2,1,0.58176935,1
2,1,0.5827352,1
2,1,0.5792652,1
2,1,0.5775347,1
2,1,0.5794557,1
2,1,0.57767326,1
2,1,0.57438266,1
2,1,0.5759906,1
2,1,0.57283777,1
2,1,0.5748609,1
2,1,0.5707449,1
2,1,0.5709938,1
2,1,0.5702552,1
2,1,0.56871134,1
2,1,0.57083356,1
2,1,0.566706,1
2,1,0.5634422,1
2,1,0.567616,1
2,1,0.5717618,1
2,1,0.5760062,1
2,1,0.5760444,1
2,1,0.56631786,1
2,1,0.57181495,1
2,1,0.5772254,1
2,1,0.5726415,1
2,1,0.5761677,1
2,1,0.5734724,1
2,1,0.5714488,1
2,1,0.5723331,1
2,1,0.5709761,1
2,1,0.57406455,1
2,1,0.5713438,1
2,1,0.5797288,1
2,1,0.57590264,1
2,1,0.578357,1
2,1,0.57902473,1
2,1,0.5738767,1
2,1,0.5771211,1
2,1,0.5759949,1
2,1,0.57887536,1
2,1,0.5817006,1
2,1,0.5765227,1
2,1,0.5767975,1
2,1,0.57218534,1
2,1,0.57428694,1
2,1,0.57136136,1
2,1,0.575009,1
2,1,0.5747862,1
2,1,0.57366884,1
2,1,0.57560223,1
2,1,0.57354575,1
2,1,0.56481004,1
2,1,0.57045203,1
2,1,0.56596416,1
2,1,0.56317425,1
2,1,0.5696065,1
2,1,0.57568765,1
2,1,0.5725351,1
2,1,0.5738465,1
2,1,0.5753086,1
2,1,0.5731618,1
2,1,0.576597,1
2,1,0.57439965,1
2,1,0.579874,1
2,1,0.57201666,1
2,1,0.57148045,1
2,1,0.5690765,1
2,1,0.5720849,1
2,1,0.5779382,1
2,1,0.576492,1
2,1,0.57243514,1
2,1,0.570953,1
2,1,0.57361573,1
2,1,0.5740879,1
2,1,0.57409024,1
2,1,0.5749337,1
2,1,0.5765748,1
2,1,0.57502574,1
2,1,0.5792321,1
2,1,0.57621026,1
2,1,0.5776071,1
2,1,0.5789273,1
2,1,0.5761964,1
2,1,0.57124233,1
2,1,0.57720375,1
2,1,0.5765576,1
2,1,0.5727731,1
2,0,0.5754356,1
2,0,0.57941216,1
2,0,0.57652855,1
2,0,0.5825832,1
2,0,0.581503,1
2,0,0.58178365,1
2,0,0.5772018,1
2,0,0.5812861,1
2,0,0.5787522,1
2,0,0.5783732,1
2,0,0.57582074,1
2,0,0.5746711,1
2,0,0.57444745,1
2,0,0.57603234,1
2,0,0.5759774,1
2,0,0.57229394,1
2,0,0.5720181,1
2,0,0.57445043,1
2,0,0.57248205,1
2,0,0.5750625,1
2,0,0.5731269,1
2,0,0.56931674,1
2,0,0.5733127,1
2,0,0.5742393,1
2,0,0.57794154,1
2,0,0.5747216,1
2,0,0.57543945,1
2,0,0.5766276,1
2,0,0.57036763,1
2,0,0.5714196,1
2,0,0.57278883,1
2,1,0.5705961,1
2,1,0.5739296,1
2,1,0.5710035,1
2,1,0.57455516,1
2,1,0.57360995,1
2,1,0.57654387,1
2,1,0.5744127,1
2,1,0.57235235,1
2,1,0.5719369,1
2,1,0.57426184,1
2,1,0.5732302,1
2,1,0.5727244,1
2,1,0.5743312,1
2,1,0.5725343,1
2,1,0.57409465,1
2,1,0.57279885,1
2,1,0.5717339,1
2,1,0.5784796,1
2,1,0.5757198,1
2,1,0.5794457,1
2,1,0.5786661,1
2,1,0.580296,1
2,1,0.5754759,1
2,1,0.5776669,1
2,1,0.57342637,1
2,1,0.5682468,1
2,1,0.5731762,1
2,1,0.5721237,1
2,1,0.576662,1
2,1,0.5777768,1
2,1,0.5744663,1
2,1,0.5735471,1
2,0,0.5737439,1
2,0,0.5708706,1
2,0,0.57220864,1
2,0,0.5712621,1
2,0,0.5728255,1
2,0,0.57246983,1
2,0,0.57449716,1
2,1,0.57558286,1
2,1,0.57320195,1
2,1,0.56881267,1
2,1,0.57069945,1
2,1,0.5678033,1
2,0,0.5690528,1
2,0,0.5720544,1
2,0,0.57093626,1
2,0,0.5717952,1
2,0,0.5728427,1
2,0,0.57481223,1
2,0,0.5680897,1
2,1,0.56931585,1
2,1,0.56909865,1
2,1,0.569653,1
2,1,0.5708219,1
2,1,0.5687644,1
2,1,0.5694714,1
2,1,0.5692988,1
2,1,0.5735366,1
2,1,0.56916976,1
2,1,0.57123715,1
2,1,0.57800007,1
2,1,0.5737875,1
2,1,0.5704235,1
2,1,0.57324916,1
2,1,0.5675074,1
2,1,0.5702903,1
2,1,0.5722778,1
2,1,0.5660727,1
2,1,0.57129997,1
2,1,0.5709984,1
2,1,0.5707253,1
2,1,0.5716225,1
2,0,0.5666414,1
2,0,0.56838083,1
2,0,0.56810427,1
2,0,0.5678623,1
2,0,0.5726687,1
2,0,0.5737149,1
2,0,0.56972617,1
2,0,0.5742597,1
2,0,0.5685982,1
2,0,0.5650614,1
2,0,0.56688243,1
2,0,0.5658824,1
2,0,0.5686288,1
2,1,0.5661199,1
2,1,0.5701985,1
2,1,0.5673023,1
2,1,0.566237,1
2,1,0.57349175,1
2,1,0.56869745,1
2,1,0.5699316,1
2,1,0.5716449,1
2,1,0.568169,1
2,1,0.5696482,1
2,1,0.57037485,1
2,1,0.5723124,1
2,1,0.5722853,1
2,1,0.5674153,1
2,1,0.56701505,1
2,1,0.5730378,1
2,1,0.5660355,1
2,1,0.5696236,1
2,1,0.56999236,1
2,1,0.5709891,1
2,1,0.57070607,1
2,1,0.57046276,1
2,1,0.5711883,1
2,1,0.5751649,1
2,1,0.56534946,1
2,1,0.56975245,1
2,0,0.57716656,1
2,0,0.5763384,1
2,0,0.57301855,1
2,0,0.571277,1
2,0,0.5744627,1
2,0,0.57797134,1
2,0,0.57502186,1
2,0,0.579395,1
2,0,0.57783633,1
2,0,0.581941,1
2,0,0.5775096,1
2,0,0.57870406,1
2,0,0.57560277,1
2,0,0.5763253,1
2,0,0.5756767,1
2,0,0.5746346,1
2,0,0.57376575,1
2,0,0.57379633,1
2,0,0.57570064,1
2,0,0.5771262,1
2,0,0.57415074,1
2,0,0.57646513,1
2,0,0.5761809,1
2,0,0.5782236,1
2,0,0.5772026,1
2,0,0.5779496,1
2,0,0.5823669,1
2,0,0.5779612,1
2,0,0.57600594,1
2,0,0.5719464,1
2,0,0.57344687,1
2,0,0.5743066,1
2,0,0.5751609,1
2,0,0.57759446,1
2,0,0.57585114,1
2,0,0.5769557,1
2,0,0.580562,1
2,0,0.5749788,1
2,0,0.5734002,1
2,0,0.5738065,1
2,0,0.5726598,1
2,0,0.5753249,1
2,0,0.5732585,1
2,0,0.5679289,1
2,0,0.56832063,1
2,0,0.5698401,1
2,0,0.57418805,1
2,0,0.5716367,1
2,0,0.5708266,1
2,0,0.57047486,1
2,0,0.5748111,1
2,0,0.5703632,1
2,0,0.5745628,1
2,0,0.5759436,1
2,0,0.57574475,1
2,0,0.57224655,1
2,0,0.57231474,1
2,0,0.5708932,1
2,0,0.57139236,1
2,0,0.57317394,1
2,0,0.5696533,1
2,0,0.57244956,1
2,0,0.5759095,1
2,0,0.5701782,1
2,0,0.57815784,1
2,0,0.5756806,1
2,0,0.5739901,1
2,0,0.5747684,1
2,0,0.5787944,1
2,0,0.5733701,1
2,0,0.5735909,1
2,0,0.5742045,1
2,0,0.57291067,1
2,0,0.57994646,1
2,0,0.57699627,1
2,0,0.5760504,1
2,0,0.5750258,1
2,0,0.5749349,1
2,0,0.5738012,1
2,0,0.5753154,1
2,0,0.57748723,1
2,0,0.5754401,1
2,0,0.57627237,1
2,0,0.5726892,1
2,0,0.57254183,1
2,0,0.5734244,1
2,0,0.5732776,1
2,0,0.57376105,1
2,0,0.57305264,1
2,0,0.5771646,1
2,0,0.5774066,1
2,0,0.574981,1
2,0,0.5756124,1
2,0,0.571414,1
2,0,0.5694394,1
2,0,0.5724493,1
2,0,0.5711248,1
2,0,0.574218,1
2,0,0.574588,1
2,0,0.57394284,1
2,0,0.57316476,1
2,0,0.5715675,1
2,0,0.57428616,1
2,0,0.57535005,1
2,0,0.57717603,1
2,0,0.57906765,1
2,0,0.57029104,1
2,0,0.5761405,1
2,0,0.5695782,1
2,0,0.57313424,1
2,0,0.5764354,1
2,0,0.5774901,1
2,0,0.5785221,1
2,0,0.5799841,1
2,0,0.5735353,1
2,0,0.5718481,1
2,0,0.5713322,1
2,0,0.572091,1
2,0,0.57255375,1
2,0,0.58001816,1
2,0,0.57684153,1
2,0,0.5783661,1
2,0,0.5754453,1
2,0,0.57596534,1
2,0,0.5792045,1
2,0,0.5787206,1
2,0,0.57936615,1
2,0,0.58161485,1
2,0,0.5805356,1
2,0,0.5773387,1
2,0,0.57909286,1
2,0,0.5799907,1
2,0,0.57699275,1
2,0,0.57038915,1
2,0,0.57603574,1
2,0,0.5807632,1
2,0,0.57195175,1
2,0,0.57465696,1
2,0,0.57409865,1
2,0,0.57785964,1
2,0,0.571472,1
2,0,0.57175195,1
2,0,0.5689733,1
2,0,0.57437706,1
2,0,0.5737207,1
2,0,0.5742827,1
2,0,0.57904315,1
2,1,0.5716356,1
2,1,0.57320166,1
2,1,0.5685747,1
2,1,0.57014596,1
2,1,0.5730441,1
2,1,0.57210404,1
2,1,0.57496387,1
2,1,0.57604486,1
2,1,0.5726928,1
2,1,0.5734831,1
2,1,0.5716596,1
2,1,0.5733842,1
2,1,0.57138926,1
2,1,0.5763988,1
2,1,0.57609546,1
2,1,0.56957614,1
2,1,0.57533544,1
2,1,0.5787106,1
2,1,0.57498646,1
2,1,0.5724713,1
2,1,0.5721271,1
2,1,0.57371616,1
2,1,0.5754819,1
2,1,0.57720935,1
2,1,0.5762472,1
2,1,0.5801491,1
2,1,0.5764704,1
2,1,0.5709535,1
2,1,0.5717273,1
2,1,0.5707775,1
2,1,0.5703282,1
2,1,0.56873375,1
2,1,0.5717818,1
2,1,0.5764965,1
2,1,0.57249933,1
2,1,0.57371557,1
2,1,0.5669455,1
2,1,0.56961566,1
2,1,0.5704884,1
2,1,0.5685811,1
2,1,0.5750483,1
2,1,0.57418305,1
2,1,0.57398975,1
2,1,0.57277155,1
2,1,0.5749851,1
2,1,0.5749266,1
2,1,0.5756239,1
2,1,0.5744772,1
2,1,0.55362904,1
2,1,0.5613774,1
2,1,0.56333154,1
2,1,0.55822945,1
2,1,0.56128913,1
2,1,0.5659431,1
2,1,0.56067663,1
2,1,0.56379694,1
2,1,0.56484944,1
2,1,0.56400913,1
2,1,0.55609125,1
2,1,0.5581573,1
2,1,0.55745155,1
2,1,0.55571824,1
2,1,0.5592918,1
2,1,0.55137646,1
2,1,0.55716103,1
2,1,0.55982625,1
2,1,0.55518854,1
2,1,0.55872095,1
2,1,0.55977553,1
2,1,0.5550746,1
2,1,0.56331164,1
2,1,0.56234854,1
2,1,0.5618251,1
2,1,0.559979,1
2,1,0.5581126,1
2,1,0.56164384,1
2,1,0.5568024,1
2,0,0.538484,1
2,0,0.5405955,1
2,0,0.5436798,1
2,0,0.5439455,1
2,0,0.5416639,1
2,0,0.54412884,1
2,0,0.544862,1
2,0,0.5423764,1
2,0,0.54094714,1
2,0,0.53775513,1
2,0,0.5433589,1
2,1,0.5436528,1
2,1,0.54388547,1
2,1,0.54516333,1
2,1,0.5456423,1
2,1,0.5439514,1
2,1,0.54202145,1
2,1,0.5389975,1
2,1,0.54351753,1
2,1,0.5476698,1
2,1,0.54758173,1
2,1,0.5515996,1
2,1,0.54824424,1
2,1,0.55093914,1
2,1,0.5518079,1
2,1,0.5527919,1
2,1,0.5514616,1
2,1,0.5508449,1
2,1,0.5509794,1
2,1,0.5501982,1
2,1,0.55079234,1
2,1,0.55078113,1
2,1,0.5501317,1
2,1,0.5511882,1
2,1,0.55024934,1
2,1,0.55025655,1
2,1,0.55126524,1
2,1,0.5493973,1
2,1,0.5484028,1
2,1,0.5503665,1
2,1,0.5480283,1
2,1,0.56767964,1
2,1,0.5683317,1
2,1,0.57287616,1
2,1,0.55945486,1
2,1,0.56260943,1
2,1,0.556405,1
2,1,0.5572412,1
2,1,0.56692725,1
2,1,0.56530315,1
2,1,0.5693103,1
2,1,0.56712574,1
2,1,0.5694334,1
2,1,0.5658144,1
2,1,0.56575775,1
2,1,0.5712849,1
2,1,0.5652704,1
2,1,0.5679523,1
2,1,0.562782,1
2,1,0.5716537,1
2,1,0.57108855,1
2,1,0.57475793,1
2,1,0.58145016,1
2,1,0.57009256,1
2,1,0.57377064,1
2,0,0.57211435,1
2,0,0.57050043,1
2,0,0.5727492,1
2,0,0.571331,1
2,0,0.572841,1
2,0,0.5667925,1
2,0,0.56967413,1
2,0,0.5702327,1
2,0,0.5615149,1
2,0,0.5706192,1
2,0,0.57711023,1
2,0,0.56553054,1
2,0,0.5754041,1
2,0,0.5722859,1
2,0,0.5700897,1
2,0,0.57602876,1
2,0,0.5714286,1
2,0,0.57209504,1
2,0,0.5683522,1
2,0,0.5677102,1
2,0,0.577146,1
2,0,0.57583255,1
2,0,0.57544607,1
2,0,0.5775137,1
2,0,0.575939,1
2,0,0.5757473,1
2,0,0.5774684,1
2,0,0.5777037,1
2,0,0.57612544,1
2,0,0.58108884,1
2,1,0.5747276,1
2,1,0.57766914,1
2,1,0.57613146,1
2,1,0.5780986,1
2,1,0.56982404,1
2,1,0.5688879,1
2,1,0.5753434,1
2,1,0.5700632,1
2,1,0.57427317,1
2,1,0.58371615,1
2,1,0.5782669,1
2,1,0.57624197,1
2,1,0.58024794,1
2,1,0.5791141,1
2,1,0.5764987,1
2,1,0.56983685,1
2,1,0.57064694,1
2,1,0.5786462,1
2,1,0.57318234,1
2,1,0.5677313,1
2,1,0.5701818,1
2,1,0.5746479,1
2,1,0.57310134,1
2,1,0.5764897,1
2,1,0.5723512,1
2,1,0.5779467,1
2,1,0.57653815,1
2,1,0.5783987,1
2,1,0.57893723,1
2,1,0.5775214,1
2,1,0.573518,1
2,1,0.5705309,1
2,1,0.57873845,1
2,1,0.5742749,1
2,1,0.57507354,1
2,0,0.5766033,1
2,0,0.5695732,1
2,0,0.56981206,1
2,0,0.576311,1
2,0,0.5702718,1
2,0,0.5773009,1
2,0,0.56820816,1
2,0,0.56876177,1
2,0,0.56722826,1
2,0,0.5709356,1
2,0,0.5755766,1
2,0,0.5760121,1
2,0,0.5776976,1
2,0,0.57412964,1
2,0,0.5812004,1
2,0,0.5739304,1
2,0,0.5747232,1
2,0,0.56990075,1
2,0,0.5729731,1
2,0,0.56689864,1
2,0,0.5687574,1
2,0,0.5771427,1
2,1,0.5775319,1
2,1,0.5762594,1
2,1,0.5768275,1
2,1,0.5709446,1
2,1,0.56945974,1
2,1,0.5762931,1
2,1,0.57818407,1
2,1,0.57780707,1
2,1,0.57858104,1
2,1,0.5741217,1
2,1,0.57868946,1
2,1,0.5750098,1
2,1,0.5743128,1
2,1,0.569448,1
2,1,0.5724863,1
2,1,0.5781295,1
2,1,0.5727353,1
2,1,0.57870704,1
2,1,0.57305765,1
2,1,0.572828,1
2,1,0.5708562,1
2,1,0.5747862,1
2,1,0.5722297,1
2,1,0.5726803,1
2,1,0.5809853,1
2,1,0.5747449,1
2,1,0.5781838,1
2,1,0.58000636,1
2,1,0.5749113,1
2,1,0.5773436,1
2,0,0.5786423,1
2,0,0.5811146,1
2,0,0.57032675,1
2,0,0.57550234,1
2,0,0.57431686,1
2,0,0.57071674,1
2,0,0.5712988,1
2,0,0.57561725,1
2,0,0.569908,1
2,0,0.57164544,1
2,0,0.5695002,1
2,0,0.5784649,1
2,0,0.5764444,1
2,0,0.581982,1
2,0,0.57595456,1
2,1,0.57543945,1
2,1,0.5766276,1
2,1,0.57036763,1
2,1,0.5714196,1
2,1,0.57278883,1
2,1,0.5705961,1
2,1,0.5739296,1
2,1,0.5710035,1
2,1,0.57455516,1
2,1,0.57360995,1
2,1,0.57654387,1
2,1,0.5744127,1
2,1,0.57235235,1
2,1,0.5719369,1
2,1,0.57426184,1
2,1,0.5732302,1
2,1,0.57641536,1
2,1,0.5727244,1
2,1,0.5743312,1
2,1,0.5725343,1
2,1,0.57409465,1
2,1,0.57279885,1
2,1,0.5748014,1
2,0,0.57449716,1
2,0,0.57558286,1
2,0,0.57320195,1
2,0,0.56881267,1
2,0,0.57069945,1
2,0,0.5678033,1
2,0,0.5690528,1
2,0,0.5720544,1
2,0,0.57093626,1
2,1,0.56688243,1
2,1,0.5658824,1
2,1,0.5686288,1
2,1,0.5661199,1
2,1,0.5701985,1
2,1,0.5673023,1
2,1,0.566237,1
2,1,0.57349175,1
2,1,0.56869745,1
2,1,0.5699316,1
2,1,0.5716449,1
2,1,0.568169,1
2,1,0.5696482,1
2,1,0.57037485,1
2,1,0.5723124,1
2,1,0.5722853,1
2,1,0.5674153,1
2,1,0.56701505,1
2,1,0.5730378,1
2,1,0.5660355,1
2,1,0.5696236,1
2,1,0.56999236,1
2,1,0.5709891,1
2,1,0.57070607,1
2,1,0.53526443,1
2,1,0.53090364,1
2,1,0.53337294,1
2,1,0.5352758,1
2,1,0.53725827,1
2,1,0.52868783,1
2,1,0.5379656,1
2,1,0.5341035,1
2,1,0.5304233,1
2,1,0.5272722,1
2,1,0.5244406,1
2,1,0.5250688,1
2,1,0.5329064,1
2,1,0.5273862,1
2,1,0.5250793,1
2,1,0.52504385,1
2,1,0.5238588,1
2,1,0.52500653,1
2,1,0.5675061,1
2,1,0.5782987,1
2,1,0.5720697,1
2,1,0.5789679,1
2,1,0.578141,1
2,1,0.57989585,1
2,1,0.5799293,1
2,1,0.5758462,1
2,1,0.5797918,1
2,1,0.57221735,1
2,1,0.57499945,1
2,1,0.5721609,1
2,1,0.5767337,1
2,1,0.58062,1
2,1,0.5770739,1
2,1,0.577454,1
2,1,0.5794482,1
2,1,0.5768944,1
2,1,0.5730456,1
2,1,0.5759546,1
2,1,0.580706,1
2,1,0.5727881,1
2,1,0.57653505,1
2,1,0.5726754,1
2,1,0.5708179,1
2,1,0.5724404,1
2,1,0.5700618,1
2,1,0.5702656,1
2,1,0.56997985,1
2,1,0.5686538,1
2,1,0.57032996,1
2,1,0.5713869,1
2,1,0.56649005,1
2,1,0.5723754,1
2,1,0.56698215,1
2,1,0.5707589,1
2,1,0.57349056,1
2,1,0.5673291,1
2,1,0.5721836,1
2,1,0.5697239,1
2,1,0.5724854,1
2,1,0.56953233,1
2,1,0.57236254,1
2,1,0.57490873,1
2,1,0.5782163,1
2,1,0.5753547,1
2,1,0.5781354,1
2,1,0.5783203,1
2,1,0.5750101,1
2,1,0.57541466,1
2,1,0.57456607,1
2,1,0.5751361,1
2,1,0.57638705,1
2,1,0.5785155,1
2,1,0.5772429,1
2,0,0.509417,1
2,0,0.5099827,1
2,0,0.5093837,1
2,0,0.5097675,1
2,0,0.5071879,1
2,0,0.50929135,1
2,0,0.5095318,1
2,0,0.5076354,1
2,0,0.5083961,1
2,0,0.509906,1
2,1,0.5750345,1
2,1,0.5701154,1
2,1,0.571057,1
2,1,0.5737386,1
2,1,0.574287,1
2,1,0.57362443,1
2,1,0.5752644,1
2,1,0.5725671,1
2,1,0.5727619,1
2,1,0.5725318,1
2,1,0.5693153,1
2,1,0.5710757,1
2,1,0.5682688,1
2,1,0.57148737,1
2,1,0.5739377,1
2,1,0.5769935,1
2,1,0.5748019,1
2,1,0.57247436,1
2,1,0.56894785,1
2,1,0.5437593,1
2,1,0.552903,1
2,1,0.547082,1
2,1,0.54528743,1
2,1,0.548876,1
2,1,0.5470996,1
2,1,0.5412127,1
2,1,0.5387543,1
2,1,0.5466396,1
2,1,0.54596984,1
2,1,0.54570365,1
2,1,0.5453111,1
2,1,0.54673344,1
2,1,0.54514194,1
2,1,0.54505855,1
2,1,0.50129926,1
2,1,0.49833575,0
2,1,0.51017874,1
2,1,0.5002032,1
2,1,0.501945,1
2,1,0.50197047,1
2,1,0.5031119,1
2,1,0.500065,1
2,1,0.50766546,1
2,1,0.49849653,0
2,1,0.5007655,1
2,1,0.5114693,1
2,1,0.50807273,1
2,1,0.5028668,1
2,1,0.5076179,1
2,1,0.50235975,1
2,1,0.520864,1
2,1,0.51382124,1
2,1,0.51054806,1
2,1,0.5128187,1
2,1,0.51367044,1
2,1,0.5132263,1
2,1,0.51519895,1
2,1,0.5090953,1
2,1,0.5104124,1
2,1,0.50956887,1
2,1,0.51653767,1
2,1,0.5117099,1
2,1,0.5114428,1
2,1,0.5171126,1
2,1,0.513152,1
2,1,0.5437185,1
2,1,0.53864545,1
2,1,0.5343107,1
2,1,0.5448482,1
2,1,0.5356718,1
2,1,0.5337788,1
2,1,0.5439286,1
2,1,0.5368911,1
2,1,0.5404803,1
2,1,0.54012614,1
2,1,0.540357,1
2,1,0.54377997,1
2,1,0.5356071,1
2,1,0.5349694,1
2,1,0.53576887,1
2,0,0.578227,1
2,0,0.5748355,1
2,0,0.5746576,1
2,0,0.5772983,1
2,0,0.5720743,1
2,0,0.5734835,1
2,0,0.5741087,1
2,0,0.5788838,1
2,0,0.57485175,1
2,0,0.5789555,1
2,0,0.5730974,1
2,0,0.57514924,1
2,0,0.5721677,1
2,0,0.5799953,1
2,0,0.5774071,1
2,0,0.5720115,1
2,0,0.5710657,1
2,0,0.57363147,1
2,0,0.57697403,1
2,0,0.5815743,1
2,0,0.5755855,1
2,0,0.56994313,1
2,0,0.57569337,1
2,0,0.5737321,1
2,0,0.5731867,1
2,0,0.57325643,1
2,0,0.5706352,1
2,0,0.57342106,1
2,0,0.572221,1
2,0,0.57037884,1
2,0,0.5729868,1
2,0,0.57531166,1
2,0,0.5770021,1
2,0,0.57671225,1
2,0,0.5736948,1
2,0,0.5778549,1
2,0,0.582254,1
2,0,0.57320166,1
2,0,0.57424587,1
2,0,0.5725919,1
2,0,0.5720425,1
2,0,0.57471037,1
2,0,0.5819668,1
2,0,0.5754822,1
2,0,0.5823864,1
2,0,0.58355165,1
2,0,0.58218694,1
2,0,0.5794931,1
2,0,0.5799331,1
2,0,0.5765635,1
2,0,0.57749534,1
2,0,0.5746298,1
2,0,0.57179964,1
2,0,0.5738672,1
2,0,0.5776808,1
2,0,0.5726293,1
2,0,0.5730137,1
2,0,0.5721816,1
2,0,0.5745472,1
2,0,0.5738969,1
2,0,0.5764951,1
2,0,0.5751278,1
2,0,0.5784878,1
2,0,0.5728653,1
2,0,0.57235956,1
2,0,0.5700356,1
2,0,0.57290643,1
2,0,0.574459,1
2,0,0.5754596,1
2,0,0.5754436,1
2,0,0.57901585,1
2,0,0.5818901,1
2,0,0.581061,1
2,0,0.5754944,1
2,0,0.5786858,1
2,0,0.58152664,1
2,0,0.5764516,1
2,0,0.5772746,1
2,0,0.58106244,1
2,0,0.5725326,1
2,0,0.576496,1
2,0,0.57392484,1
2,0,0.5777506,1
2,0,0.57616514,1
2,0,0.5748943,1
2,0,0.57981724,1
2,0,0.57921565,1
2,0,0.57565814,1
2,0,0.57922256,1
2,0,0.5816187,1
2,0,0.5790192,1
2,0,0.5752276,1
2,0,0.57434773,1
2,0,0.57397336,1
2,0,0.57478565,1
2,0,0.5749499,1
2,0,0.57122517,1
2,0,0.57539743,1
2,0,0.5793927,1
2,0,0.57513434,1
2,0,0.5742219,1
2,0,0.5740522,1
2,1,0.5751162,1
2,1,0.58191854,1
2,1,0.5791954,1
2,1,0.58125854,1
2,1,0.58092326,1
2,1,0.57911044,1
2,1,0.5778743,1
2,1,0.57670945,1
2,1,0.57866913,1
2,1,0.57976377,1
2,1,0.5773807,1
2,1,0.58090466,1
2,1,0.57757604,1
2,1,0.57958746,1
2,1,0.57915246,1
2,1,0.57792324,1
2,1,0.5761661,1
2,1,0.57434875,1
2,0,0.57845974,1
2,0,0.5749971,1
2,0,0.5712792,1
2,0,0.5779856,1
2,0,0.5752506,1
2,0,0.57579434,1
2,0,0.5809387,1
2,0,0.5752046,1
2,0,0.5789438,1
2,0,0.57446855,1
2,0,0.5684101,1
2,0,0.5733597,1
2,0,0.5710264,1
2,0,0.5732073,1
2,0,0.5722678,1
2,0,0.5698522,1
2,0,0.5728288,1
2,0,0.57508713,1
2,0,0.5754918,1
2,0,0.5724039,1
2,0,0.5715976,1
2,0,0.571947,1
2,0,0.5708782,1
2,0,0.5776687,1
2,0,0.57639086,1
2,0,0.5782815,1
2,0,0.5782013,1
2,0,0.5760352,1
2,0,0.5783286,1
2,0,0.5744158,1
2,0,0.5781283,1
2,0,0.5812246,1
2,0,0.57759297,1
2,0,0.5717632,1
2,0,0.57737875,1
2,0,0.5770054,1
2,1,0.51177907,1
2,1,0.51861006,1
2,1,0.5138044,1
2,1,0.50974065,1
2,1,0.5119534,1
2,1,0.5157388,1
2,1,0.51264125,1
2,1,0.50750047,1
2,1,0.51294804,1
2,1,0.51183003,1
2,1,0.5094032,1
2,1,0.51805073,1
2,1,0.5071604,1
2,1,0.50676644,1
2,1,0.5074234,1
2,1,0.520627,1
2,1,0.5196802,1
2,1,0.5207672,1
2,1,0.51475066,1
2,1,0.516058,1
2,1,0.51429117,1
2,1,0.51328486,1
2,1,0.5164257,1
2,1,0.51604384,1
2,1,0.51370305,1
2,1,0.5213986,1
2,1,0.5162917,1
2,1,0.51524866,1
2,1,0.52320176,1
2,1,0.51618296,1
2,1,0.5133726,1
2,1,0.5755184,1
2,1,0.5695691,1
2,1,0.571484,1
2,1,0.5722809,1
2,1,0.5692423,1
2,1,0.568833,1
2,1,0.5741461,1
2,1,0.57269883,1
2,1,0.57175773,1
2,1,0.5573319,1
2,1,0.5622595,1
2,1,0.56284386,1
2,1,0.5556156,1
2,1,0.55771416,1
2,1,0.55372906,1
2,1,0.5532333,1
2,1,0.5544986,1
2,1,0.5530495,1
2,1,0.5554965,1
2,1,0.5588357,1
2,1,0.5621742,1
2,1,0.5458759,1
2,1,0.54345363,1
2,1,0.53927237,1
2,1,0.5476727,1
2,1,0.5429065,1
2,1,0.5395878,1
2,0,0.5664105,1
2,0,0.5657343,1
2,0,0.5651907,1
2,0,0.56220627,1
2,0,0.56575817,1
2,0,0.5694214,1
2,0,0.5687243,1
2,0,0.5668391,1
2,0,0.5760474,1
2,0,0.5700791,1
2,1,0.5559133,1
2,1,0.56549484,1
2,1,0.5694784,1
2,1,0.56844085,1
2,1,0.56146353,1
2,1,0.5661101,1
2,1,0.5616025,1
2,1,0.5615205,1
2,1,0.5586359,1
2,1,0.5628375,1
2,1,0.5624429,1
2,1,0.55678225,1
2,1,0.55815274,1
2,1,0.56490743,1
2,1,0.56053096,1
2,1,0.56343293,1
2,0,0.57387054,1
2,0,0.5742923,1
2,0,0.5766767,1
2,0,0.5783353,1
2,0,0.57924527,1
2,0,0.5771113,1
2,0,0.57822776,1
2,0,0.5778888,1
2,0,0.5770772,1
2,0,0.5768728,1
2,0,0.5738219,1
2,0,0.5790498,1
2,0,0.5756584,1
2,0,0.5771119,1
2,0,0.5781624,1
2,0,0.576115,1
2,0,0.57795984,1
2,0,0.57550913,1
2,0,0.5730752,1
2,0,0.5718068,1
2,0,0.5721546,1
2,0,0.5723872,1
2,0,0.5740718,1
2,0,0.57451975,1
2,0,0.5753198,1
2,0,0.5740785,1
2,0,0.5729562,1
2,0,0.5788909,1
2,0,0.5734958,1
2,0,0.57237625,1
2,0,0.57061183,1
2,0,0.5731437,1
2,0,0.57626563,1
2,0,0.57721007,1
2,0,0.5742709,1
2,0,0.5761354,1
2,0,0.57800794,1
2,0,0.5722012,1
2,0,0.57645464,1
2,0,0.5812073,1
2,0,0.5728364,1
2,0,0.5769806,1
2,0,0.5774716,1
2,0,0.5752794,1
2,0,0.5737411,1
2,0,0.575128,1
2,0,0.5730904,1
2,0,0.5715557,1
2,0,0.56902575,1
2,0,0.5722851,1
2,0,0.57143825,1
2,0,0.5737523,1
2,0,0.57415056,1
2,0,0.5752869,1
2,0,0.5722517,1
2,0,0.57211745,1
2,0,0.5732669,1
2,0,0.56929046,1
2,0,0.5716076,1
2,0,0.57645416,1
2,0,0.5714877,1
2,0,0.57273877,1
2,0,0.5700337,1
2,0,0.56963974,1
2,0,0.57224804,1
2,0,0.5734557,1
2,0,0.5734538,1
2,0,0.5694295,1
2,0,0.57008594,1
2,0,0.56725544,1
2,0,0.569346,1
2,0,0.57113856,1
2,0,0.5706715,1
2,0,0.5735352,1
2,0,0.56871283,1
2,0,0.5742182,1
2,0,0.5720736,1
2,0,0.572695,1
2,0,0.57754475,1
2,0,0.5793461,1
2,0,0.5777968,1
2,0,0.5741376,1
2,0,0.5769647,1
2,0,0.573356,1
2,0,0.572948,1
2,0,0.56692064,1
2,0,0.57148296,1
2,0,0.567686,1
2,0,0.5684227,1
2,0,0.567405,1
2,0,0.56490093,1
2,0,0.56967294,1
2,0,0.56669813,1
2,0,0.57072234,1
2,0,0.56665605,1
2,0,0.56595546,1
2,0,0.5731138,1
2,0,0.576696,1
2,0,0.57099354,1
2,0,0.56516606,1
2,0,0.56566215,1
2,0,0.57135236,1
2,0,0.5689426,1
2,0,0.56634223,1
2,0,0.5713824,1
2,0,0.5685718,1
2,0,0.5761896,1
2,0,0.57040304,1
2,0,0.57151884,1
2,0,0.5690627,1
2,0,0.5707107,1
2,0,0.57016367,1
2,0,0.56769836,1
2,0,0.5691986,1
2,0,0.569065,1
2,0,0.56943774,1
2,0,0.57342416,1
2,0,0.5710809,1
2,0,0.5704525,1
2,0,0.5678386,1
2,0,0.5664661,1
2,0,0.56804407,1
2,0,0.56486326,1
2,0,0.57227004,1
2,0,0.5677927,1
2,0,0.568028,1
2,0,0.57145834,1
2,0,0.5670558,1
2,0,0.5720047,1
2,0,0.5716935,1
2,0,0.57521224,1
2,0,0.57243913,1
2,0,0.573423,1
2,0,0.5754159,1
2,0,0.5761631,1
2,0,0.5733759,1
2,0,0.572089,1
2,0,0.57170933,1
2,0,0.57355195,1
2,0,0.5716138,1
2,0,0.5717743,1
2,0,0.5699432,1
2,0,0.5741511,1
2,0,0.5708682,1
2,0,0.5729301,1
2,0,0.5713179,1
2,0,0.57105714,1
2,0,0.571822,1
2,0,0.56967634,1
2,0,0.5620677,1
2,0,0.5652534,1
2,0,0.566571,1
2,0,0.56605095,1
2,0,0.5699113,1
2,0,0.5696426,1
2,0,0.57383144,1
2,0,0.56871724,1
2,0,0.56772345,1
2,0,0.57258755,1
2,0,0.57031775,1
2,0,0.5708302,1
2,0,0.5706394,1
2,0,0.57086843,1
2,0,0.57191736,1
2,0,0.5704675,1
2,0,0.56677365,1
2,0,0.5720324,1
2,0,0.56935155,1
2,0,0.5720583,1
2,0,0.5684686,1
2,0,0.5686723,1
2,0,0.5694978,1
2,0,0.5634454,1
2,0,0.5707391,1
2,0,0.57209754,1
2,0,0.5696295,1
2,0,0.5734786,1
2,0,0.57393014,1
2,0,0.5702851,1
2,0,0.5683673,1
2,0,0.5661058,1
2,0,0.56945217,1
2,0,0.56894314,1
2,0,0.57081115,1
2,0,0.57486165,1
2,0,0.5735415,1
2,0,0.57420915,1
2,0,0.5729011,1
2,0,0.5730034,1
2,0,0.5771616,1
2,0,0.57847804,1
2,0,0.58157796,1
2,0,0.57758296,1
2,0,0.57783055,1
2,0,0.57643497,1
2,0,0.57852304,1
2,0,0.57860136,1
2,0,0.5817615,1
2,0,0.5821049,1
2,0,0.5816347,1
2,0,0.58229077,1
2,0,0.5829177,1
2,0,0.5849793,1
2,0,0.5825013,1
2,0,0.58167094,1
2,0,0.58506024,1
2,0,0.58045197,1
2,0,0.57837206,1
2,0,0.5783447,1
2,0,0.57745534,1
2,0,0.5747806,1
2,0,0.5729594,1
2,0,0.57868,1
2,0,0.57461244,1
2,0,0.5715885,1
2,0,0.5723589,1
2,0,0.56973374,1
2,0,0.5707217,1
2,0,0.57152754,1
2,0,0.57005316,1
2,0,0.56952685,1
2,0,0.56881225,1
2,0,0.5716552,1
2,0,0.5711063,1
2,0,0.57056606,1
2,0,0.57496643,1
2,0,0.5669372,1
2,0,0.5726263,1
2,0,0.57844466,1
2,0,0.56767666,1
2,0,0.5727646,1
2,0,0.5706423,1
2,0,0.5722902,1
2,0,0.57400125,1
2,0,0.5717535,1
2,0,0.5699938,1
2,0,0.57279295,1
2,0,0.57115424,1
2,0,0.57148415,1
2,0,0.5742959,1
2,0,0.5695573,1
2,0,0.5703937,1
2,0,0.57351387,1
2,0,0.5729904,1
2,0,0.56668884,1
2,0,0.5720911,1
2,0,0.5769292,1
2,0,0.5698789,1
2,0,0.57018775,1
2,0,0.57320035,1
2,0,0.5695683,1
2,0,0.57417923,1
2,0,0.57570463,1
2,0,0.57370335,1
2,0,0.5678239,1
2,0,0.56974435,1
2,0,0.570205,1
2,0,0.5687013,1
2,0,0.57157826,1
2,0,0.5754941,1
2,0,0.5679767,1
2,0,0.5676332,1
2,0,0.5757244,1
2,0,0.57345635,1
2,0,0.5747158,1
2,0,0.5701554,1
2,0,0.56833416,1
2,0,0.56951576,1
2,0,0.56828284,1
2,0,0.57130075,1
2,0,0.567541,1
2,0,0.56892,1
2,0,0.5736746,1
2,0,0.56949955,1
2,0,0.5724185,1
2,0,0.5667172,1
2,0,0.57291085,1
2,0,0.5663371,1
2,0,0.57384187,1
2,0,0.57047904,1
2,0,0.5672649,1
2,0,0.5752278,1
2,0,0.56988686,1
2,0,0.564519,1
2,0,0.57030684,1
2,0,0.5633577,1
2,0,0.5666445,1
2,0,0.56591094,1
2,0,0.560535,1
2,0,0.5694154,1
2,0,0.5633608,1
2,0,0.57307446,1
2,0,0.57586646,1
2,0,0.5671398,1
2,0,0.56902945,1
2,0,0.57211846,1
2,0,0.5733549,1
2,0,0.57024854,1
2,0,0.56943244,1
2,0,0.57189,1
2,0,0.5681883,1
2,0,0.57073617,1
2,0,0.56727105,1
2,0,0.57062006,1
2,0,0.5672045,1
2,0,0.570507,1
2,0,0.57259333,1
2,0,0.56947625,1
2,0,0.5664834,1
2,0,0.56857693,1
2,0,0.5717133,1
2,0,0.5691394,1
2,0,0.5700535,1
2,0,0.57000244,1
2,0,0.5692929,1
2,0,0.56866467,1
2,0,0.5678893,1
2,0,0.5640134,1
2,0,0.5687985,1
2,0,0.563417,1
2,0,0.56251246,1
2,0,0.5677188,1
2,0,0.56897897,1
2,0,0.567905,1
2,0,0.567604,1
2,0,0.5734782,1
2,0,0.56800044,1
2,0,0.5751631,1
2,0,0.56959313,1
2,0,0.5730022,1
2,0,0.5702874,1
2,0,0.57194436,1
2,0,0.5734644,1
2,0,0.57434416,1
2,0,0.5732373,1
2,0,0.57446593,1
2,0,0.57876027,1
2,0,0.57452774,1
2,0,0.5799908,1
2,0,0.58124954,1
2,0,0.58168066,1
2,0,0.5818726,1
2,0,0.5844706,1
2,0,0.5845114,1
2,0,0.5853511,1
2,0,0.5815399,1
2,0,0.5606715,1
2,0,0.5602821,1
2,0,0.5604753,1
2,0,0.56593895,1
2,0,0.5622127,1
2,0,0.56441385,1
2,0,0.56450015,1
2,0,0.566072,1
2,0,0.5651573,1
2,0,0.55982643,1
2,0,0.5645797,1
2,0,0.56669486,1
2,0,0.5662219,1
2,0,0.56703967,1
2,0,0.5635083,1
2,0,0.56284237,1
2,0,0.56623787,1
2,0,0.5628329,1
2,0,0.5663947,1
2,0,0.5645169,1
2,0,0.5624366,1
2,0,0.5659934,1
2,0,0.5642899,1
2,0,0.5647244,1
2,0,0.5644706,1
2,0,0.56578827,1
2,0,0.566984,1
2,0,0.56069046,1
2,0,0.56735015,1
2,0,0.5622991,1
2,0,0.56032825,1
2,0,0.5598984,1
2,0,0.55960846,1
2,0,0.5579076,1
2,0,0.5585043,1
2,0,0.565687,1
3,1,0.57489973,1
3,1,0.57612556,1
3,1,0.57719207,1
3,1,0.5735114,1
3,1,0.5748784,1
3,1,0.57850903,1
3,1,0.5747324,1
3,1,0.5774453,1
3,1,0.57230467,1
3,1,0.5738163,1
3,1,0.57458496,1
3,1,0.5745473,1
3,1,0.5751068,1
3,1,0.57517505,1
3,1,0.57286847,1
3,1,0.57447416,1
3,1,0.58294123,1
3,1,0.58087987,1
3,1,0.5840858,1
3,1,0.58003855,1
3,1,0.5814097,1
3,1,0.58256,1
3,1,0.5842676,1
3,1,0.58249,1
3,1,0.56989074,1
3,1,0.5716023,1
3,1,0.56793416,1
3,1,0.5663938,1
3,1,0.5652138,1
3,1,0.5689354,1
3,1,0.5668097,1
3,1,0.5639702,1
3,1,0.56786203,1
3,1,0.56635654,1
3,1,0.5635205,1
3,1,0.56435454,1
3,1,0.5638264,1
3,1,0.56287223,1
3,1,0.5671333,1
3,1,0.56596386,1
3,1,0.56519157,1
3,1,0.5642193,1
3,1,0.56421494,1
3,1,0.56125003,1
3,1,0.566058,1
3,1,0.56234646,1
3,1,0.56359124,1
3,1,0.5610454,1
3,1,0.56583905,1
3,1,0.5658175,1
3,1,0.5605843,1
3,1,0.56260693,1
3,1,0.5608753,1
3,1,0.5630228,1
3,1,0.5643858,1
3,1,0.5609057,1
3,1,0.56499064,1
3,1,0.56250656,1
3,1,0.56477386,1
3,1,0.563322,1
3,1,0.56326705,1
3,1,0.5664878,1
3,1,0.5641184,1
3,1,0.5651092,1
3,1,0.56286985,1
3,1,0.56366855,1
3,1,0.563084,1
3,1,0.5624874,1
3,1,0.5631112,1
3,1,0.5649154,1
3,1,0.5614676,1
3,1,0.5648419,1
3,1,0.56389433,1
3,1,0.56812066,1
3,1,0.5666607,1
3,1,0.5645974,1
3,1,0.5635976,1
3,1,0.5662299,1
3,1,0.5677355,1
3,1,0.5634793,1
3,1,0.5618199,1
3,1,0.5675799,1
3,1,0.5620159,1
3,1,0.5658393,1
3,1,0.5634256,1
3,1,0.5633098,1
3,1,0.5623871,1
3,1,0.5630785,1
3,1,0.56620425,1
3,1,0.56241405,1
3,1,0.56103635,1
3,1,0.56051755,1
3,1,0.56371355,1
3,1,0.5639508,1
3,1,0.5622878,1
3,1,0.5634865,1
3,1,0.5611453,1
3,1,0.5661009,1
3,1,0.5648478,1
3,1,0.56396765,1
3,1,0.5656973,1
3,1,0.5642334,1
3,1,0.5619703,1
3,1,0.564221,1
3,1,0.56601197,1
3,1,0.56658435,1
3,1,0.56575006,1
3,1,0.5635184,1
3,1,0.56077176,1
3,1,0.56173515,1
3,1,0.56558347,1
3,1,0.5660837,1
3,1,0.5640209,1
3,1,0.56217563,1
3,1,0.56574434,1
3,1,0.56653655,1
3,1,0.56454647,1
3,1,0.5634238,1
3,1,0.56174284,1
3,1,0.56760055,1
3,1,0.5660712,1
3,1,0.56432533,1
3,1,0.56155825,1
3,1,0.56292915,1
3,1,0.566024,1
3,1,0.56060594,1
3,1,0.563622,1
3,1,0.5612251,1
3,1,0.5617704,1
3,1,0.5612502,1
3,1,0.56469285,1
3,1,0.5633333,1
3,1,0.5643614,1
3,1,0.5649898,1
3,1,0.56473494,1
3,1,0.565859,1
3,1,0.56537795,1
3,1,0.565643,1
3,1,0.56592894,1
3,1,0.5611185,1
3,1,0.56865937,1
3,1,0.56294143,1
3,1,0.5684242,1
3,1,0.5685013,1
3,1,0.5626276,1
3,1,0.56590223,1
3,1,0.5679547,1
3,1,0.5653492,1
3,1,0.5629681,1
3,1,0.56236887,1
3,1,0.56271416,1
3,1,0.56032866,1
3,1,0.5679946,1
3,1,0.5652783,1
3,1,0.56525195,1
3,1,0.56493086,1
3,1,0.5628346,1
3,1,0.5632451,1
3,1,0.56627077,1
3,1,0.5639064,1
3,1,0.56445104,1
3,1,0.56685764,1
3,1,0.56813705,1
3,1,0.56376153,1
3,1,0.5615985,1
3,1,0.5644505,1
3,1,0.5613604,1
3,1,0.5657645,1
3,1,0.5670203,1
3,1,0.5621445,1
3,1,0.5843017,1
3,1,0.58266354,1
3,1,0.58539927,1
3,1,0.5865114,1
3,1,0.5857129,1
3,1,0.5817986,1
3,1,0.5847148,1
3,1,0.58529127,1
3,1,0.5781161,1
3,1,0.5829738,1
3,1,0.5833333,1
3,1,0.5809755,1
3,1,0.5822049,1
3,1,0.5814371,1
3,1,0.5814575,1
3,1,0.57894206,1
3,1,0.58035386,1
3,1,0.5824896,1
3,1,0.581741,1
3,1,0.5836861,1
3,1,0.58367056,1
3,1,0.58077955,1
3,1,0.5831946,1
3,1,0.5849261,1
3,1,0.5806443,1
3,1,0.5845204,1
3,1,0.581375,1
3,1,0.5836137,1
3,1,0.58479345,1
3,0,0.56503814,1
3,0,0.5615119,1
3,0,0.5696915,1
3,0,0.56746453,1
3,0,0.5677846,1
3,0,0.5635975,1
3,0,0.5668546,1
3,0,0.57522947,1
3,0,0.5741252,1
3,0,0.57113236,1
3,0,0.57220644,1
3,0,0.5733411,1
3,0,0.573315,1
3,0,0.57145774,1
3,0,0.57260203,1
3,0,0.5730167,1
3,0,0.5672999,1
3,0,0.5740219,1
3,0,0.5776176,1
3,0,0.5733945,1
3,0,0.571164,1
3,0,0.575295,1
3,0,0.5712495,1
3,0,0.5696967,1
3,0,0.56974506,1
3,0,0.5712084,1
3,0,0.56713474,1
3,0,0.56893134,1
3,0,0.56756276,1
3,0,0.56762993,1
3,0,0.5622707,1
3,0,0.57150793,1
3,0,0.5710244,1
3,0,0.57748413,1
3,0,0.5713513,1
3,0,0.5669868,1
3,0,0.56793207,1
3,0,0.5724065,1
3,0,0.56683546,1
3,0,0.5653588,1
3,0,0.5766698,1
3,0,0.5723122,1
3,0,0.56911045,1
3,0,0.5726695,1
3,0,0.56945664,1
3,0,0.5658224,1
3,0,0.5697449,1
3,0,0.5695677,1
3,0,0.5733541,1
3,0,0.574217,1
3,0,0.5716317,1
3,0,0.56889474,1
3,0,0.5688283,1
3,0,0.5704867,1
3,0,0.57042736,1
3,0,0.56971294,1
3,0,0.5676671,1
3,0,0.57424355,1
3,0,0.570133,1
3,0,0.5709649,1
3,0,0.56891197,1
3,0,0.57197344,1
3,0,0.5653481,1
3,0,0.5652212,1
3,0,0.57303345,1
3,0,0.57526505,1
3,0,0.56793535,1
3,0,0.56719536,1
3,0,0.5689013,1
3,0,0.57029897,1
3,0,0.57312775,1
3,0,0.57239485,1
3,0,0.5728682,1
3,0,0.5737879,1
3,0,0.5781545,1
3,0,0.57638586,1
3,0,0.5752688,1
3,0,0.56881136,1
3,0,0.57479244,1
3,0,0.5742515,1
3,0,0.5669802,1
3,0,0.57319784,1
3,0,0.58025664,1
3,0,0.56918436,1
3,0,0.5651911,1
3,0,0.56185305,1
3,0,0.5715372,1
3,0,0.56314427,1
3,0,0.5648903,1
3,0,0.57018363,1
3,0,0.5701638,1
3,0,0.57205594,1
3,0,0.57248664,1
3,0,0.5737848,1
3,0,0.570097,1
3,0,0.5723731,1
3,0,0.57208,1
3,0,0.5731983,1
3,0,0.56984466,1
3,0,0.56525004,1
3,0,0.57178366,1
3,0,0.56625503,1
3,0,0.5667091,1
3,0,0.57065105,1
3,0,0.5723322,1
3,0,0.5677179,1
3,0,0.5647573,1
3,1,0.57168216,1
3,1,0.5674821,1
3,1,0.57596034,1
3,1,0.5710892,1
3,1,0.56611955,1
3,1,0.56754583,1
3,1,0.570915,1
3,1,0.5743903,1
3,1,0.57097435,1
3,1,0.5697698,1
3,0,0.56955606,1
3,0,0.56559384,1
3,0,0.5658618,1
3,0,0.56840694,1
3,0,0.5653496,1
3,0,0.57168615,1
3,0,0.5681828,1
3,0,0.5782712,1
3,0,0.56991667,1
3,0,0.5646263,1
3,0,0.5700839,1
3,0,0.57466054,1
3,0,0.57437044,1
3,0,0.56808025,1
3,0,0.57631564,1
3,0,0.5746378,1
3,0,0.56657547,1
3,0,0.5763857,1
3,0,0.5728356,1
3,0,0.5701871,1
3,0,0.57350665,1
3,0,0.56828374,1
3,0,0.5698392,1
3,0,0.57283497,1
3,0,0.56482947,1
3,0,0.56780577,1
3,0,0.5709536,1
3,0,0.56945276,1
3,0,0.57129973,1
3,0,0.5758609,1
3,0,0.56511813,1
3,0,0.56686664,1
3,0,0.5692595,1
3,0,0.56900275,1
3,0,0.5630528,1
3,0,0.57016605,1
3,0,0.5675333,1
3,0,0.5650714,1
3,0,0.56476295,1
3,0,0.5721233,1
3,0,0.5657976,1
3,0,0.5659041,1
3,0,0.5678975,1
3,0,0.5736381,1
3,0,0.5703786,1
3,0,0.5775118,1
3,0,0.5724988,1
3,0,0.5765002,1
3,0,0.57390714,1
3,0,0.56807846,1
3,0,0.57071465,1
3,0,0.57062817,1
3,0,0.56921923,1
3,0,0.5724296,1
3,0,0.5706492,1
3,0,0.56616396,1
3,0,0.5722799,1
3,0,0.5721957,1
3,0,0.565983,1
3,0,0.57264525,1
3,0,0.57681024,1
3,0,0.5751843,1
3,0,0.57134026,1
3,0,0.5718732,1
3,0,0.57190853,1
3,0,0.5695674,1
3,0,0.566724,1
3,0,0.5655865,1
3,0,0.56929386,1
3,0,0.57055616,1
3,0,0.56605136,1
3,0,0.5676687,1
3,0,0.5710053,1
3,0,0.56691235,1
3,0,0.57244366,1
3,0,0.5780781,1
3,0,0.56850487,1
3,0,0.5681361,1
3,0,0.5725531,1
3,0,0.569739,1
3,1,0.57109725,1
3,1,0.5791033,1
3,1,0.5708701,1
3,1,0.5750403,1
3,1,0.56609404,1
3,1,0.5760007,1
3,1,0.5698819,1
3,1,0.5750047,1
3,1,0.57477593,1
3,1,0.5696879,1
3,1,0.5755298,1
3,1,0.5684829,1
3,1,0.5715873,1
3,1,0.57048666,1
3,1,0.56762844,1
3,1,0.57010543,1
3,1,0.5652824,1
3,1,0.5722317,1
3,1,0.56637484,1
3,1,0.5686303,1
3,0,0.56903785,1
3,0,0.5687168,1
3,0,0.5687487,1
3,0,0.5725424,1
3,0,0.56816715,1
3,0,0.5687967,1
3,0,0.57321936,1
3,0,0.56921244,1
3,0,0.57096064,1
3,0,0.5695904,1
3,0,0.5682307,1
3,0,0.57003665,1
3,0,0.5666904,1
3,0,0.5699441,1
3,0,0.572319,1
3,0,0.56684226,1
3,0,0.57097924,1
3,0,0.5709226,1
3,0,0.5681422,1
3,0,0.5729544,1
3,0,0.57108164,1
3,0,0.56757116,1
3,0,0.5655776,1
3,0,0.5662194,1
3,0,0.5668385,1
3,0,0.5726091,1
3,0,0.5706234,1
3,0,0.56897944,1
3,0,0.5709721,1
3,0,0.5698974,1
3,0,0.5688198,1
3,0,0.5749014,1
3,0,0.5665118,1
3,0,0.57164276,1
3,0,0.5719002,1
3,0,0.5731836,1
3,0,0.5685387,1
3,0,0.5705272,1
3,0,0.5652254,1
3,0,0.56662834,1
3,0,0.5687544,1
3,0,0.5701067,1
3,0,0.57041836,1
3,0,0.5643519,1
3,0,0.5712018,1
3,0,0.56591725,1
3,0,0.57384145,1
3,0,0.56846,1
3,0,0.5688315,1
3,0,0.5681852,1
3,0,0.56601185,1
3,0,0.5724989,1
3,0,0.57428324,1
3,0,0.56674826,1
3,0,0.57185,1
3,0,0.5745064,1
3,0,0.5683127,1
3,0,0.5667632,1
3,0,0.56638676,1
3,0,0.57105595,1
3,0,0.57175267,1
3,0,0.5687308,1
3,0,0.5682166,1
3,0,0.5654703,1
3,0,0.5657646,1
3,0,0.5711627,1
3,0,0.5647681,1
3,0,0.5688818,1
3,0,0.56694293,1
3,0,0.57037616,1
3,1,0.568412,1
3,1,0.5697012,1
3,1,0.566269,1
3,1,0.56799597,1
3,1,0.5664093,1
3,1,0.57140374,1
3,1,0.5710788,1
3,1,0.57005817,1
3,1,0.57231474,1
3,1,0.5705319,1
3,1,0.5726836,1
3,1,0.5688109,1
3,1,0.57456553,1
3,1,0.56702244,1
3,1,0.5626846,1
3,1,0.57157403,1
3,1,0.569455,1
3,1,0.5698208,1
3,1,0.56832165,1
3,1,0.56997234,1
3,0,0.5725062,1
3,0,0.5653307,1
3,0,0.56657356,1
3,0,0.5615851,1
3,0,0.5728583,1
3,0,0.5712645,1
3,0,0.5718,1
3,0,0.5711119,1
3,0,0.5708027,1
3,0,0.5666023,1
3,0,0.5660488,1
3,0,0.5626017,1
3,0,0.56688106,1
3,0,0.5709259,1
3,0,0.57028615,1
3,0,0.56924313,1
3,1,0.5691716,1
3,1,0.5675777,1
3,1,0.5706741,1
3,1,0.56729823,1
3,1,0.56878394,1
3,1,0.5692024,1
3,1,0.57345456,1
3,1,0.56575847,1
3,1,0.5695002,1
3,1,0.56969285,1
3,1,0.56385815,1
3,1,0.57206446,1
3,1,0.57184637,1
3,1,0.5688703,1
3,1,0.56261235,1
3,1,0.56371707,1
3,1,0.56358063,1
3,1,0.5635548,1
3,1,0.56233716,1
3,1,0.5617966,1
3,1,0.56291944,1
3,1,0.56138074,1
3,1,0.5640207,1
3,1,0.5652328,1
3,1,0.5615317,1
3,1,0.56251967,1
3,1,0.5594722,1
3,1,0.56385165,1
3,0,0.5630713,1
3,0,0.5636056,1
3,0,0.56891924,1
3,0,0.5661018,1
3,0,0.5655965,1
3,0,0.5670369,1
3,0,0.5671708,1
3,0,0.56567854,1
3,0,0.5656041,1
3,0,0.56834936,1
3,0,0.5697753,1
3,0,0.56799746,1
3,0,0.56836677,1
3,0,0.5734593,1
3,0,0.5709785,1
3,0,0.5703119,1
3,0,0.5714958,1
3,0,0.5739267,1
3,0,0.5751388,1
3,0,0.5712048,1
3,0,0.5716736,1
3,0,0.5651675,1
3,0,0.5709065,1
3,0,0.56965107,1
3,0,0.568307,1
3,0,0.56832427,1
3,1,0.5710839,1
3,1,0.567759,1
3,1,0.56418633,1
3,1,0.56796294,1
3,1,0.569016,1
3,1,0.56562275,1
3,1,0.5683642,1
3,1,0.5645832,1
3,1,0.56691575,1
3,1,0.56950134,1
3,1,0.5711102,1
3,1,0.5680559,1
3,1,0.56728154,1
3,1,0.5688154,1
3,1,0.5661198,1
3,1,0.56867117,1
3,1,0.5677418,1
3,1,0.5714246,1
3,1,0.56727344,1
3,1,0.56863254,1
3,1,0.56991947,1
3,1,0.568769,1
3,1,0.5659587,1
3,1,0.56779003,1
3,1,0.5693386,1
3,1,0.56568044,1
3,1,0.5648102,1
3,1,0.5719191,1
3,1,0.5677276,1
3,1,0.5688812,1
3,1,0.5706631,1
3,1,0.57156116,1
3,1,0.56692725,1
3,1,0.569902,1
3,1,0.57046634,1
3,1,0.5671675,1
3,1,0.5682538,1
3,1,0.56946695,1
3,1,0.5656525,1
3,1,0.5707071,1
3,1,0.57281125,1
3,1,0.5704432,1
3,1,0.5709604,1
3,0,0.57049596,1
3,0,0.568949,1
3,0,0.5641162,1
3,0,0.57197213,1
3,0,0.56714666,1
3,0,0.5692632,1
3,0,0.5675646,1
3,0,0.5677146,1
3,0,0.56470877,1
3,0,0.5685709,1
3,0,0.56751907,1
3,0,0.5675412,1
3,0,0.570718,1
3,0,0.5690033,1
3,0,0.56847197,1
3,0,0.566528,1
3,0,0.5654188,1
3,0,0.56769836,1
3,0,0.5663317,1
3,0,0.56691736,1
3,0,0.56469506,1
3,0,0.5657919,1
3,0,0.5681708,1
3,0,0.56293476,1
3,0,0.56572145,1
3,1,0.5653103,1
3,1,0.5658411,1
3,1,0.56469035,1
3,1,0.5685053,1
3,1,0.5698655,1
3,1,0.5659211,1
3,1,0.570472,1
3,1,0.56439,1
3,1,0.5706671,1
3,1,0.5727934,1
3,1,0.56828547,1
3,1,0.569119,1
3,1,0.56811464,1
3,1,0.5732303,1
3,1,0.5691611,1
3,1,0.57198364,1
3,1,0.57060087,1
3,1,0.5742601,1
3,0,0.5626956,1
3,0,0.56142664,1
3,0,0.5643649,1
3,0,0.5651062,1
3,0,0.56360996,1
3,0,0.564243,1
3,0,0.5646639,1
3,0,0.5670266,1
3,0,0.5648502,1
3,0,0.56749314,1
3,0,0.5666314,1
3,0,0.56258494,1
3,0,0.56322527,1
3,0,0.56824803,1
3,0,0.5643678,1
3,1,0.5681248,1
3,1,0.5648097,1
3,1,0.57011837,1
3,1,0.5706356,1
3,1,0.566928,1
3,1,0.5691587,1
3,1,0.565056,1
3,1,0.5677033,1
3,1,0.56381774,1
3,1,0.56784946,1
3,1,0.5668352,1
3,1,0.56583875,1
3,1,0.5679521,1
3,0,0.56368494,1
3,0,0.55854535,1
3,0,0.56172144,1
3,0,0.5604154,1
3,0,0.5662261,1
3,0,0.56307524,1
3,0,0.563759,1
3,0,0.56577086,1
3,0,0.56750447,1
3,0,0.56609493,1
3,0,0.56356525,1
3,0,0.562295,1
3,0,0.56630796,1
3,0,0.56666756,1
3,0,0.5649691,1
3,0,0.5633956,1
3,0,0.5639094,1
3,0,0.56731665,1
3,0,0.5695418,1
3,0,0.5701101,1
3,0,0.57038933,1
3,0,0.5690908,1
3,0,0.5685387,1
3,0,0.5678404,1
3,0,0.56114984,1
3,0,0.5640715,1
3,0,0.5614141,1
3,0,0.56782484,1
3,0,0.5636326,1
3,0,0.5627592,1
3,0,0.56386966,1
3,0,0.56247705,1
3,0,0.56269556,1
3,0,0.56395364,1
3,0,0.5634538,1
3,0,0.5609394,1
3,0,0.56214744,1
3,0,0.564741,1
3,0,0.5648181,1
3,0,0.560526,1
3,0,0.5641988,1
3,0,0.56404364,1
3,0,0.5643121,1
3,0,0.56379724,1
3,0,0.5643473,1
3,0,0.56303805,1
3,0,0.56030494,1
3,0,0.5661697,1
3,0,0.5623664,1
3,0,0.56581867,1
3,0,0.56842816,1
3,0,0.56460637,1
3,0,0.5626792,1
3,0,0.5641077,1
3,0,0.5590007,1
3,0,0.56195503,1
3,0,0.55994743,1
3,0,0.5637929,1
3,0,0.5638576,1
3,0,0.56349725,1
3,0,0.5603493,1
3,0,0.5647468,1
3,0,0.5647704,1
3,0,0.5649343,1
3,0,0.5643759,1
3,0,0.5610942,1
3,0,0.5613069,1
3,1,0.5631911,1
3,1,0.5645159,1
3,1,0.5651634,1
3,1,0.5622071,1
3,1,0.5641657,1
3,1,0.5651225,1
3,1,0.5656271,1
3,1,0.5638493,1
3,1,0.5644531,1
3,0,0.5615041,1
3,0,0.56372255,1
3,0,0.5698963,1
3,0,0.5654393,1
3,0,0.5663571,1
3,0,0.56507087,1
3,0,0.56708026,1
3,0,0.56671274,1
3,0,0.5634057,1
3,0,0.56617045,1
3,0,0.56203246,1
3,0,0.5664533,1
3,0,0.5627651,1
3,0,0.56593716,1
3,0,0.56470925,1
3,0,0.56424415,1
3,0,0.5597628,1
3,0,0.5627406,1
3,0,0.5640044,1
3,0,0.5607689,1
3,0,0.5683897,1
3,0,0.5648945,1
3,0,0.5645034,1
3,0,0.5627642,1
3,0,0.5630564,1
3,0,0.5610744,1
3,0,0.5604059,1
3,0,0.56521785,1
3,0,0.5629828,1
3,0,0.5606642,1
3,0,0.56160134,1
3,0,0.56131285,1
3,0,0.5626431,1
3,0,0.5608356,1
3,0,0.56487906,1
3,0,0.5577186,1
3,0,0.561055,1
3,0,0.560567,1
3,0,0.562851,1
3,0,0.5638074,1
3,0,0.56441313,1
3,0,0.5624238,1
3,0,0.5666442,1
3,0,0.5633528,1
3,0,0.5611304,1
3,0,0.5631908,1
3,0,0.5590935,1
3,0,0.55956465,1
3,0,0.5620567,1
3,0,0.5644314,1
3,0,0.56193024,1
3,0,0.56085753,1
3,0,0.56216866,1
3,0,0.56359416,1
3,0,0.5628071,1
3,0,0.56052285,1
3,0,0.56333387,1
3,0,0.5642676,1
3,0,0.5640575,1
3,0,0.5634747,1
3,0,0.5628657,1
3,0,0.563398,1
3,0,0.5618135,1
3,0,0.564153,1
3,0,0.56302506,1
3,0,0.56181014,1
3,0,0.5656518,1
3,0,0.5650649,1
3,0,0.56602925,1
3,0,0.561356,1
3,0,0.5638564,1
3,0,0.56433123,1
3,0,0.56283075,1
3,0,0.5596069,1
3,0,0.5661683,1
3,0,0.56231624,1
3,0,0.5675417,1
3,0,0.56241596,1
3,0,0.56211925,1
3,0,0.5649628,1
3,0,0.5619701,1
3,0,0.56548166,1
3,0,0.56168973,1
3,0,0.5635506,1
3,0,0.56219393,1
3,0,0.56414866,1
3,0,0.56123716,1
3,0,0.56328183,1
3,0,0.56420517,1
3,0,0.5635681,1
3,0,0.5645068,1
3,0,0.5618059,1
3,0,0.5658224,1
3,0,0.5662481,1
3,0,0.56657284,1
3,0,0.56617266,1
3,0,0.5618519,1
3,0,0.5674401,1
3,0,0.56165326,1
3,0,0.5664509,1
3,0,0.56470567,1
3,0,0.5628698,1
3,1,0.5643357,1
3,1,0.5630032,1
3,1,0.56342155,1
3,1,0.5620041,1
3,1,0.5615711,1
3,1,0.5622946,1
3,1,0.56136453,1
3,1,0.56073934,1
3,1,0.5630498,1
3,0,0.562053,1
3,0,0.56691104,1
3,0,0.56545466,1
3,0,0.56131506,1
3,0,0.56448436,1
3,0,0.56690645,1
3,0,0.56673443,1
3,0,0.56850505,1
3,0,0.5684845,1
3,0,0.5666756,1
3,0,0.568857,1
3,0,0.56262386,1
3,0,0.56258917,1
3,0,0.56585103,1
3,0,0.5648834,1
3,0,0.56453466,1
3,0,0.56697994,1
3,0,0.56491417,1
3,0,0.5656694,1
3,0,0.566619,1
3,0,0.56641215,1
3,0,0.5624209,1
3,0,0.5638605,1
3,0,0.5619638,1
3,0,0.565151,1
3,0,0.563758,1
3,0,0.5609773,1
3,0,0.56484,1
3,0,0.55976826,1
3,0,0.5639493,1
3,0,0.56272537,1
3,0,0.5625622,1
3,0,0.5651807,1
3,0,0.56501484,1
3,0,0.5611004,1
3,0,0.5644944,1
3,0,0.5626478,1
3,0,0.5650686,1
3,0,0.5659134,1
3,0,0.565355,1
3,0,0.56411326,1
3,0,0.56441355,1
3,0,0.5648641,1
3,0,0.5648212,1
3,0,0.56621194,1
3,0,0.56620497,1
3,1,0.5673212,1
3,1,0.5601171,1
3,1,0.56353784,1
3,1,0.56696033,1
3,1,0.56359446,1
3,1,0.5654694,1
3,1,0.5637264,1
3,1,0.56345975,1
3,1,0.56399834,1
3,1,0.5651902,1
3,1,0.5649136,1
3,1,0.5657647,1
3,1,0.5657228,1
3,0,0.5638652,1
3,0,0.5647399,1
3,0,0.5649936,1
3,0,0.56199896,1
3,0,0.5672706,1
3,0,0.56815314,1
3,0,0.5658001,1
3,0,0.565532,1
3,0,0.5662451,1
3,0,0.5622505,1
3,0,0.56111246,1
3,0,0.5658068,1
3,0,0.5622634,1
3,0,0.56471556,1
3,0,0.5623558,1
3,0,0.5656503,1
3,0,0.5671234,1
3,0,0.56226915,1
3,0,0.56610185,1
3,0,0.56996506,1
3,0,0.56567633,1
3,0,0.56570417,1
3,0,0.5667728,1
3,1,0.56577194,1
3,1,0.56525826,1
3,1,0.56225365,1
3,1,0.56830204,1
3,1,0.5668552,1
3,1,0.5675929,1
3,1,0.56977445,1
3,1,0.5659703,1
3,1,0.5649851,1
3,1,0.5674429,1
3,1,0.5664796,1
3,1,0.56885934,1
3,1,0.56707346,1
3,1,0.5641293,1
3,1,0.56750304,1
3,0,0.577296,1
3,0,0.573507,1
3,0,0.5728936,1
3,0,0.5736581,1
3,0,0.5752282,1
3,0,0.5744443,1
3,0,0.573343,1
3,0,0.5745473,1
3,0,0.57248914,1
3,0,0.5733759,1
3,0,0.5749902,1
3,0,0.57545674,1
3,0,0.57620317,1
3,0,0.5766458,1
3,0,0.575439,1
3,0,0.575407,1
3,0,0.57357895,1
3,0,0.5745838,1
3,0,0.57507414,1
3,0,0.57428706,1
3,0,0.5730617,1
3,0,0.573834,1
3,0,0.5744857,1
3,0,0.57328916,1
3,0,0.5720285,1
3,0,0.57410485,1
3,0,0.5730851,1
3,0,0.5737463,1
3,0,0.5751778,1
3,0,0.57439756,1
3,0,0.5747569,1
3,0,0.5757687,1
3,0,0.57685405,1
3,0,0.57779616,1
3,0,0.5780986,1
3,0,0.57599175,1
3,0,0.57602143,1
3,0,0.57568216,1
3,0,0.5757768,1
3,0,0.57789457,1
3,0,0.5769053,1
3,0,0.57478863,1
3,0,0.57471615,1
3,0,0.5742832,1
3,0,0.5751875,1
3,0,0.57426625,1
3,0,0.57484293,1
3,0,0.57513785,1
3,0,0.5753286,1
3,0,0.5749793,1
3,0,0.57463735,1
3,0,0.57529134,1
3,0,0.57538813,1
3,0,0.57545054,1
3,0,0.5752331,1
3,0,0.5746857,1
3,0,0.5757707,1
3,0,0.5746781,1
3,0,0.57569194,1
3,0,0.5744042,1
3,0,0.5734376,1
3,0,0.5744028,1
3,0,0.5739094,1
3,0,0.5754345,1
3,0,0.57312864,1
3,0,0.5729758,1
3,0,0.5739885,1
3,0,0.5729326,1
3,0,0.5733778,1
3,0,0.5730202,1
3,0,0.57358885,1
3,0,0.5723004,1
3,0,0.574666,1
3,0,0.5739832,1
3,0,0.57337266,1
3,0,0.57425785,1
3,0,0.57499105,1
3,0,0.57426155,1
3,0,0.57384616,1
3,0,0.57365984,1
3,0,0.5742132,1
3,0,0.57431066,1
3,0,0.5749792,1
3,0,0.5754821,1
3,0,0.5760986,1
3,0,0.57486373,1
3,0,0.57542634,1
3,0,0.5749756,1
3,0,0.57552,1
3,0,0.575286,1
3,0,0.5747719,1
3,0,0.57442045,1
3,0,0.5749522,1
3,0,0.5760413,1
3,0,0.5758737,1
3,0,0.5758636,1
3,0,0.5755445,1
3,0,0.5754592,1
3,0,0.57542175,1
3,0,0.575617,1
3,0,0.5757331,1
3,0,0.5766652,1
3,0,0.57617617,1
3,0,0.57538766,1
3,0,0.5752097,1
3,0,0.57661366,1
3,0,0.57525957,1
3,0,0.5762694,1
3,0,0.5744947,1
3,0,0.57563305,1
3,0,0.57522553,1
3,0,0.5745037,1
3,0,0.57442236,1
3,0,0.5762164,1
3,0,0.57721925,1
3,0,0.5753055,1
3,0,0.57490057,1
3,0,0.5760804,1
3,0,0.57560915,1
3,0,0.574852,1
3,0,0.57452786,1
3,0,0.575256,1
3,0,0.5757379,1
3,0,0.5748086,1
3,0,0.57449436,1
3,0,0.574746,1
3,0,0.57401407,1
3,0,0.575451,1
3,0,0.5738495,1
3,0,0.5741269,1
3,0,0.57579136,1
3,0,0.57665426,1
3,0,0.57571226,1
3,0,0.57623464,1
3,0,0.5743439,1
3,0,0.5750886,1
3,0,0.57460093,1
3,0,0.57551014,1
3,0,0.57521063,1
3,0,0.57407343,1
3,0,0.57525164,1
3,0,0.5771562,1
3,0,0.57486886,1
3,0,0.57435626,1
3,0,0.5748456,1
3,0,0.5771794,1
3,0,0.5770277,1
3,1,0.5755834,1
3,1,0.57357734,1
3,1,0.57673675,1
3,1,0.5761648,1
3,1,0.578036,1
3,1,0.57555264,1
3,1,0.57792646,1
3,1,0.5764793,1
3,1,0.5764744,1
3,1,0.57745045,1
3,1,0.57425535,1
3,1,0.57323855,1
3,1,0.5759156,1
3,1,0.57868296,1
3,1,0.5761124,1
3,1,0.5767354,1
3,1,0.5754462,1
3,1,0.58643025,1
3,1,0.58486146,1
3,1,0.5797686,1
3,1,0.5792147,1
3,1,0.58053815,1
3,1,0.582843,1
3,1,0.5824018,1
3,1,0.57706445,1
3,1,0.5785672,1
3,1,0.5775763,1
3,1,0.57767254,1
3,1,0.576293,1
3,1,0.57662773,1
3,1,0.57578915,1
3,1,0.5747026,1
3,1,0.5734423,1
3,1,0.5752969,1
3,1,0.574443,1
3,1,0.57567674,1
3,1,0.5783672,1
3,1,0.5771131,1
3,1,0.57550144,1
3,1,0.56796634,1
3,1,0.56374866,1
3,1,0.5644394,1
3,1,0.5643811,1
3,1,0.5648478,1
3,1,0.56265116,1
3,1,0.5642418,1
3,1,0.5614971,1
3,1,0.5649432,1
3,1,0.56277496,1
3,1,0.5649943,1
3,1,0.56388843,1
3,1,0.5658163,1
3,1,0.5618258,1
3,1,0.56858,1
3,1,0.5619688,1
3,1,0.5619366,1
3,1,0.5664738,1
3,1,0.56439984,1
3,1,0.56545436,1
3,1,0.5613238,1
3,1,0.5646946,1
3,1,0.5656583,1
3,1,0.5626214,1
3,1,0.5667025,1
3,1,0.56333804,1
3,1,0.5628668,1
3,1,0.56169295,1
3,1,0.575352,1
3,1,0.57426524,1
3,1,0.57866365,1
3,1,0.57667977,1
3,1,0.57917976,1
3,1,0.57768667,1
3,1,0.578676,1
3,1,0.57509583,1
3,1,0.5777303,1
3,1,0.5781251,1
3,1,0.580593,1
3,1,0.5776707,1
3,1,0.57910126,1
3,1,0.5794742,1
3,1,0.57916015,1
3,1,0.57653296,1
3,1,0.5768728,1
3,1,0.5774686,1
3,1,0.5772884,1
3,1,0.57690656,1
3,1,0.57556456,1
3,1,0.5775567,1
3,1,0.5762501,1
3,1,0.57650477,1
3,1,0.5771077,1
3,1,0.5769644,1
3,1,0.5740289,1
3,1,0.5764402,1
3,1,0.5771378,1
3,1,0.577033,1
3,1,0.57643837,1
3,1,0.5757752,1
3,1,0.57625383,1
3,1,0.57450694,1
3,1,0.5757499,1
3,1,0.5762641,1
3,1,0.5772029,1
3,1,0.5755302,1
3,1,0.5747085,1
3,1,0.5758288,1
3,1,0.576295,1
3,1,0.57598907,1
3,1,0.5754148,1
3,1,0.5746147,1
3,1,0.57519186,1
3,1,0.57550025,1
3,1,0.5754633,1
3,1,0.5772212,1
3,1,0.5769063,1
3,1,0.5769179,1
3,1,0.57543766,1
3,1,0.5765554,1
3,1,0.5749736,1
3,1,0.5761185,1
3,1,0.57704055,1
3,1,0.577158,1
3,1,0.5788286,1
3,1,0.5798318,1
3,1,0.57696337,1
3,1,0.5773922,1
3,1,0.5781361,1
3,1,0.5789889,1
3,1,0.5779325,1
3,1,0.5786793,1
3,1,0.578044,1
3,1,0.57881415,1
3,1,0.58065337,1
3,1,0.5786272,1
3,1,0.5774301,1
3,1,0.579282,1
3,1,0.57844204,1
3,1,0.57788056,1
3,1,0.57911557,1
3,1,0.57602465,1
3,1,0.5776251,1
3,1,0.5773935,1
3,1,0.5776656,1
3,1,0.57781214,1
3,1,0.5767838,1
3,1,0.5774002,1
3,1,0.57742655,1
3,1,0.57676023,1
3,1,0.5771614,1
3,1,0.5778275,1
3,1,0.5789613,1
3,1,0.5795541,1
3,1,0.5801226,1
3,1,0.57929486,1
3,1,0.5797717,1
3,1,0.5796686,1
3,1,0.58081776,1
3,1,0.5811007,1
3,1,0.579415,1
3,1,0.5782139,1
3,1,0.5783009,1
3,1,0.58051825,1
3,1,0.57998866,1
3,1,0.57865596,1
3,1,0.5791512,1
3,1,0.5767539,1
3,1,0.5784783,1
3,1,0.57699203,1
3,1,0.57748157,1
3,1,0.57583714,1
3,1,0.57680225,1
3,1,0.5776027,1
3,0,0.57781607,1
3,0,0.57703614,1
3,0,0.57545567,1
3,0,0.5767819,1
3,0,0.5771734,1
3,0,0.5775149,1
3,0,0.5772425,1
3,0,0.5779557,1
3,0,0.5784536,1
3,0,0.57917386,1
3,0,0.57848746,1
3,0,0.57814074,1
3,1,0.5833277,1
3,1,0.58311665,1
3,1,0.58536416,1
3,1,0.58290267,1
3,1,0.583747,1
3,1,0.58173877,1
3,1,0.5820126,1
3,1,0.57949936,1
3,1,0.5836609,1
3,1,0.5808564,1
3,1,0.5837858,1
3,1,0.5806465,1
3,1,0.5829178,1
3,1,0.5837759,1
3,1,0.5838459,1
3,0,0.57656926,1
3,0,0.578857,1
3,0,0.579469,1
3,0,0.5801767,1
3,0,0.57902884,1
3,0,0.5784506,1
3,0,0.57893336,1
3,0,0.5832186,1
3,0,0.57905585,1
3,0,0.57922536,1
3,0,0.5806656,1
3,0,0.5798412,1
3,0,0.57772803,1
3,0,0.5778964,1
3,0,0.5798425,1
3,1,0.56958497,1
3,1,0.5724888,1
3,1,0.57445496,1
3,1,0.572334,1
3,1,0.57301193,1
3,1,0.57090074,1
3,1,0.5720998,1
3,1,0.574229,1
3,1,0.57491815,1
3,1,0.57598305,1
3,1,0.5677513,1
3,1,0.5805626,1
3,1,0.5777191,1
3,1,0.57714343,1
3,1,0.5787327,1
3,1,0.58089364,1
3,1,0.5796579,1
3,1,0.5760818,1
3,0,0.5819275,1
3,0,0.5846149,1
3,0,0.58493394,1
3,0,0.5849505,1
3,0,0.58134586,1
3,0,0.58243686,1
3,0,0.5825317,1
3,0,0.5821388,1
3,0,0.58399236,1
3,0,0.5816187,1
3,0,0.5789324,1
3,0,0.58010197,1
3,0,0.58075494,1
3,0,0.5800303,1
3,0,0.57932794,1
3,0,0.5817888,1
3,0,0.5818591,1
3,0,0.5784157,1
3,0,0.5807595,1
3,0,0.57970786,1
3,0,0.579836,1
3,0,0.58066684,1
3,0,0.5816664,1
3,0,0.57913786,1
3,0,0.578016,1
3,0,0.5804042,1
3,0,0.5813534,1
3,0,0.5820528,1
3,0,0.57870805,1
3,0,0.58241856,1
3,0,0.5784034,1
3,0,0.5787534,1
3,0,0.5776868,1
3,0,0.5789683,1
3,0,0.5820928,1
3,0,0.5795232,1
3,0,0.5819143,1
3,0,0.5781124,1
3,0,0.5775936,1
3,0,0.57376593,1
3,0,0.5773691,1
3,0,0.57761896,1
3,1,0.58145386,1
3,1,0.5795376,1
3,1,0.5809851,1
3,1,0.58111286,1
3,1,0.5810385,1
3,1,0.58047724,1
3,1,0.581301,1
3,1,0.5805901,1
3,1,0.5796611,1
3,1,0.57996625,1
3,1,0.58036155,1
3,1,0.57785094,1
3,1,0.56320876,1
3,1,0.5676361,1
3,1,0.5637905,1
3,1,0.56348014,1
3,1,0.56216305,1
3,1,0.5653224,1
3,1,0.5632652,1
3,1,0.5623215,1
3,1,0.56419635,1
3,1,0.56418604,1
3,1,0.5629271,1
3,1,0.5634317,1
3,1,0.56234586,1
3,1,0.56529456,1
3,1,0.56345904,1
3,1,0.5591253,1
3,1,0.5618716,1
3,1,0.5636852,1
3,1,0.56562984,1
3,1,0.56431305,1
3,1,0.5611035,1
3,1,0.56172174,1
3,1,0.56142676,1
3,1,0.564676,1
3,1,0.5624214,1
3,1,0.56503665,1
3,1,0.5630026,1
3,1,0.56237656,1
3,1,0.56546366,1
3,1,0.564824,1
3,1,0.5603774,1
3,0,0.5712649,1
3,0,0.57160354,1
3,0,0.5650754,1
3,0,0.5659465,1
3,0,0.56863445,1
3,0,0.5641101,1
3,0,0.56992453,1
3,0,0.5685099,1
3,0,0.56528723,1
3,0,0.56935656,1
3,0,0.5663641,1
3,0,0.56506,1
3,0,0.56279075,1
3,1,0.5748527,1
3,1,0.5694781,1
3,1,0.57247305,1
3,1,0.57143766,1
3,1,0.569685,1
3,1,0.5724131,1
3,1,0.57376087,1
3,1,0.5730963,1
3,1,0.5649958,1
3,1,0.5762583,1
3,1,0.57388467,1
3,1,0.5753481,1
3,1,0.57506454,1
3,1,0.5782145,1
3,1,0.57738364,1
3,1,0.57856536,1
3,1,0.571593,1
3,1,0.57922316,1
3,1,0.5773848,1
3,1,0.5786114,1
3,1,0.576993,1
3,1,0.5800167,1
3,1,0.5802,1
3,1,0.57865024,1
3,1,0.5765486,1
3,1,0.5746229,1
3,1,0.57682776,1
3,1,0.57604635,1
3,1,0.579146,1
3,1,0.5768709,1
3,1,0.57705545,1
3,1,0.5790962,1
3,1,0.5789221,1
3,1,0.5790439,1
3,1,0.5772595,1
3,1,0.57839316,1
3,1,0.57938707,1
3,1,0.5799871,1
3,1,0.57580537,1
3,1,0.5795448,1
3,1,0.5813474,1
3,1,0.57983553,1
3,1,0.58110476,1
3,1,0.5825004,1
3,1,0.57990897,1
3,1,0.580838,1
3,1,0.5802666,1
3,1,0.5803716,1
3,1,0.57976377,1
3,1,0.5799965,1
3,1,0.57996917,1
3,1,0.57848823,1
3,1,0.5801041,1
3,1,0.5778071,1
3,1,0.5793179,1
3,1,0.5788801,1
3,1,0.5784434,1
3,1,0.57943916,1
3,1,0.5792653,1
3,1,0.5785371,1
3,1,0.5791116,1
3,1,0.5742397,1
3,1,0.5773584,1
3,1,0.5769026,1
3,1,0.57884884,1
3,1,0.57574195,1
3,1,0.5772921,1
3,1,0.57989615,1
3,1,0.57840264,1
3,1,0.57815975,1
3,1,0.5764154,1
3,1,0.57938284,1
3,1,0.5781245,1
3,1,0.5792724,1
3,1,0.5754892,1
3,1,0.5767851,1
3,1,0.5762966,1
3,1,0.57803,1
3,1,0.5789016,1
3,1,0.57794213,1
3,1,0.57819897,1
3,1,0.57920486,1
3,1,0.5791526,1
3,1,0.5779009,1
3,1,0.57777333,1
3,1,0.5742496,1
3,1,0.57706356,1
3,1,0.57671434,1
3,1,0.57807976,1
3,1,0.57839257,1
3,1,0.5792483,1
3,1,0.58027047,1
3,1,0.5754332,1
3,1,0.57845783,1
3,1,0.57582664,1
3,1,0.5767839,1
3,1,0.57707,1
3,1,0.57676655,1
3,1,0.57695204,1
3,1,0.5758259,1
3,1,0.58027875,1
3,1,0.5769446,1
3,1,0.577244,1
3,0,0.57158107,1
3,0,0.57043445,1
3,0,0.56910294,1
3,0,0.5746017,1
3,0,0.5764755,1
3,0,0.56940037,1
3,0,0.573283,1
3,0,0.5759416,1
3,0,0.5695247,1
3,0,0.56891346,1
3,0,0.56872004,1
3,0,0.57339215,1
3,0,0.57378286,1
3,0,0.57113236,1
3,0,0.5704603,1
3,0,0.5679012,1
3,0,0.56860703,1
3,0,0.5750653,1
3,0,0.5669846,1
3,0,0.5723666,1
3,0,0.5687822,1
3,0,0.5718847,1
3,0,0.56930786,1
3,0,0.57176316,1
3,0,0.567351,1
3,0,0.56930876,1
3,0,0.57442796,1
3,0,0.57534933,1
3,0,0.57631546,1
3,0,0.5755658,1
3,0,0.57564014,1
3,0,0.5763265,1
3,0,0.57437605,1
3,0,0.5758487,1
3,0,0.5762798,1
3,0,0.5772518,1
3,0,0.57536906,1
3,0,0.5745841,1
3,0,0.5757064,1
3,0,0.5761985,1
3,0,0.57643765,1
3,0,0.57585496,1
3,0,0.5754319,1
3,0,0.5746539,1
3,0,0.5752385,1
3,0,0.57541406,1
3,0,0.57537496,1
3,0,0.57729435,1
3,0,0.57679296,1
3,0,0.5766987,1
3,0,0.575424,1
3,0,0.5765838,1
3,0,0.57486033,1
3,0,0.5764233,1
3,0,0.5739898,1
3,0,0.5757119,1
3,0,0.57436544,1
3,0,0.57640684,1
3,0,0.5743294,1
3,1,0.5746922,1
3,1,0.5767978,1
3,1,0.5752252,1
3,1,0.5767705,1
3,1,0.5779132,1
3,1,0.57783127,1
3,1,0.57497907,1
3,1,0.5772091,1
3,0,0.57890886,1
3,0,0.5789715,1
3,0,0.5773704,1
3,0,0.57766396,1
3,0,0.5772001,1
3,0,0.57692116,1
3,0,0.577311,1
3,0,0.574958,1
3,0,0.5757632,1
3,0,0.57618374,1
3,0,0.5764614,1
3,0,0.57699376,1
3,0,0.5773326,1
3,0,0.5776106,1
3,0,0.5762787,1
3,0,0.5770047,1
3,0,0.5767985,1
3,0,0.5757001,1
3,0,0.5771602,1
3,0,0.57719076,1
3,0,0.5754513,1
3,0,0.57402074,1
3,0,0.57627064,1
3,0,0.57507074,1
3,0,0.5778367,1
3,0,0.5756606,1
3,0,0.57487154,1
3,0,0.57675284,1
3,0,0.57663333,1
3,0,0.5774847,1
3,0,0.57548034,1
3,0,0.57610995,1
3,0,0.5787861,1
3,0,0.5768256,1
3,0,0.57827854,1
3,0,0.577526,1
3,0,0.57654077,1
3,0,0.5774159,1
3,0,0.5759408,1
3,0,0.57656443,1
3,0,0.5750162,1
3,0,0.57790345,1
3,0,0.5758445,1
3,0,0.57811296,1
3,0,0.57834136,1
3,0,0.57698727,1
3,0,0.57587856,1
3,0,0.5772739,1
3,0,0.5787041,1
3,0,0.57454836,1
3,0,0.5768369,1
3,0,0.5777562,1
3,0,0.5775111,1
3,0,0.57679623,1
3,0,0.5772449,1
3,0,0.5768708,1
3,0,0.5771596,1
3,0,0.5767879,1
3,0,0.57738996,1
3,0,0.57728,1
3,0,0.57599634,1
3,0,0.5763883,1
3,0,0.57717544,1
3,0,0.5769936,1
3,0,0.57847375,1
3,0,0.5798077,1
3,0,0.57695115,1
3,0,0.5770665,1
3,0,0.5780111,1
3,0,0.57888734,1
3,0,0.57779336,1
3,0,0.5785139,1
3,0,0.57856596,1
3,0,0.57812595,1
3,0,0.5767419,1
3,0,0.57854354,1
3,0,0.5782135,1
3,0,0.5773628,1
3,0,0.5777721,1
3,0,0.57824713,1
3,0,0.5798899,1
3,0,0.5785269,1
3,0,0.579026,1
3,0,0.5793638,1
3,0,0.57890254,1
3,0,0.57814837,1
3,0,0.57852036,1
3,0,0.5793736,1
3,0,0.5798052,1
3,0,0.5784774,1
3,0,0.57730544,1
3,0,0.5780777,1
3,0,0.5773701,1
3,0,0.5789469,1
3,0,0.5782769,1
3,0,0.57594377,1
3,0,0.5767121,1
3,0,0.57803816,1
3,0,0.5773016,1
3,0,0.57773644,1
3,0,0.5793857,1
3,0,0.57805216,1
3,0,0.5762371,1
3,0,0.5786144,1
3,0,0.5778592,1
3,0,0.5780061,1
3,0,0.57565445,1
3,0,0.57726246,1
3,0,0.57647353,1
3,0,0.5761932,1
3,0,0.5771691,1
3,0,0.5776659,1
3,0,0.57630086,1
3,0,0.5754796,1
3,0,0.5753268,1
3,0,0.5764621,1
3,0,0.57647306,1
3,0,0.5769905,1
3,0,0.5763286,1
3,0,0.57577366,1
3,0,0.57565594,1
3,0,0.5771894,1
3,0,0.5779069,1
3,0,0.57478446,1
3,0,0.5759158,1
3,0,0.57713187,1
3,0,0.57766056,1
3,0,0.5782141,1
3,0,0.578866,1
3,0,0.57617486,1
3,0,0.57662517,1
3,0,0.5774144,1
3,0,0.57678574,1
3,0,0.5769642,1
3,0,0.5784033,1
3,0,0.5788316,1
3,0,0.5782736,1
3,0,0.57868135,1
3,0,0.57804203,1
3,0,0.57865477,1
3,0,0.5804807,1
3,0,0.57881755,1
3,0,0.5774857,1
3,0,0.57958686,1
3,0,0.5785218,1
3,0,0.5781343,1
3,0,0.57922447,1
3,0,0.57746065,1
3,0,0.5775706,1
3,0,0.57651424,1
3,0,0.5768907,1
3,0,0.5778136,1
3,0,0.57712406,1
3,0,0.5775155,1
3,0,0.5755117,1
3,0,0.57552314,1
3,0,0.5783328,1
3,0,0.57802385,1
3,0,0.5773003,1
3,0,0.57740104,1
3,0,0.5781268,1
3,0,0.5757868,1
3,0,0.5771831,1
3,0,0.5756565,1
3,0,0.57622916,1
3,0,0.57354945,1
3,0,0.5756368,1
3,0,0.5754391,1
3,0,0.57673776,1
3,0,0.57701457,1
3,0,0.578615,1
3,0,0.57548183,1
3,0,0.5790781,1
3,0,0.57909685,1
3,0,0.57807946,1
3,0,0.57770354,1
3,0,0.5789696,1
3,0,0.57848597,1
3,0,0.57707685,1
3,0,0.57726353,1
3,0,0.5732094,1
3,0,0.5774407,1
3,0,0.5778924,1
3,0,0.5761065,1
3,0,0.57751036,1
3,0,0.5774857,1
3,0,0.5774828,1
3,0,0.577538,1
3,0,0.57667744,1
3,0,0.5776674,1
3,0,0.57770306,1
3,0,0.5766282,1
3,0,0.57728904,1
3,0,0.57804585,1
3,0,0.5764177,1
3,0,0.57634854,1
3,0,0.5778393,1
3,0,0.57811624,1
3,0,0.5771979,1
3,0,0.57634264,1
3,0,0.5788837,1
3,0,0.5783377,1
3,0,0.57760596,1
3,0,0.576037,1
3,0,0.576814,1
3,0,0.5780032,1
3,0,0.57883656,1
3,0,0.57707953,1
3,0,0.5763466,1
3,0,0.5763544,1
3,0,0.57635623,1
3,0,0.5773518,1
3,0,0.5769772,1
3,0,0.5782068,1
3,0,0.5790712,1
3,0,0.5780044,1
3,0,0.57700557,1
3,0,0.57822794,1
3,0,0.5780094,1
3,0,0.57778746,1
3,0,0.5787497,1
3,0,0.5787547,1
3,0,0.57959837,1
3,0,0.5802783,1
3,0,0.5790475,1
3,0,0.58025736,1
3,0,0.579532,1
3,0,0.5808346,1
3,0,0.5812429,1
3,0,0.57933,1
3,0,0.57803154,1
3,0,0.57826996,1
3,0,0.5804647,1
3,0,0.57699776,1
3,0,0.5772829,1
3,0,0.57620186,1
3,0,0.57801884,1
3,0,0.5798564,1
3,0,0.5789341,1
3,0,0.5795568,1
3,0,0.5811648,1
3,0,0.58033687,1
3,0,0.57981485,1
3,0,0.57859606,1
3,0,0.5790908,1
3,0,0.5765713,1
3,0,0.5784015,1
3,0,0.5769058,1
3,0,0.5775992,1
3,0,0.57579523,1
3,0,0.5767944,1
3,0,0.57780224,1
3,0,0.5767488,1
3,0,0.57569194,1
3,0,0.5766387,1
3,0,0.57778656,1
3,0,0.5777317,1
3,0,0.57694894,1
3,0,0.57557064,1
3,0,0.57662034,1
3,0,0.5768842,1
3,0,0.57758886,1
3,0,0.57742625,1
3,0,0.57793576,1
3,0,0.5784778,1
3,0,0.57899106,1
3,0,0.5781776,1
3,0,0.57782304,1
3,0,0.57701147,1
3,0,0.577565,1
3,0,0.5783046,1
3,0,0.57609785,1
3,0,0.5760811,1
3,0,0.57612216,1
3,0,0.5767611,1
3,0,0.57740724,1
3,0,0.57753295,1
3,0,0.57833666,1
3,0,0.5783935,1
3,0,0.57895696,1
3,0,0.57995254,1
3,0,0.57896376,1
3,0,0.57670546,1
3,0,0.57613534,1
3,0,0.5793813,1
3,0,0.5766711,1
3,0,0.5794402,1
3,0,0.5785923,1
3,0,0.5787367,1
3,0,0.5796364,1
3,0,0.5784083,1
3,1,0.5644284,1
3,1,0.564146,1
3,1,0.5635899,1
3,1,0.5651261,1
3,1,0.5669148,1
3,1,0.563614,1
3,1,0.56042594,1
3,1,0.5615119,1
3,1,0.56396157,1
3,1,0.5668392,1
3,1,0.5685248,1
3,1,0.56503046,1
3,1,0.5668567,1
3,1,0.56490564,1
3,1,0.5644167,1
3,1,0.565764,1
3,1,0.5663439,1
3,1,0.56605923,1
3,1,0.564417,1
3,1,0.5607139,1
3,1,0.5679534,1
3,1,0.567671,1
3,1,0.5651817,1
3,1,0.56506187,1
3,1,0.564289,1
3,1,0.5627626,1
3,1,0.56513685,1
3,1,0.5646323,1
3,1,0.56712615,1
3,1,0.56586415,1
3,1,0.56382895,1
3,1,0.5646433,1
3,1,0.5657362,1
3,1,0.56464624,1
3,1,0.56408733,1
3,1,0.56537694,1
3,1,0.56403345,1
3,1,0.56476456,1
3,1,0.5619356,1
3,1,0.56861544,1
3,1,0.56788105,1
3,1,0.5648411,1
3,1,0.5628048,1
3,1,0.5683185,1
3,1,0.56480867,1
3,1,0.56639093,1
3,1,0.55999315,1
3,1,0.56435317,1
3,1,0.56616175,1
3,1,0.5696997,1
3,1,0.5643927,1
3,1,0.56579614,1
3,1,0.5701492,1
3,1,0.5673343,1
3,1,0.5663898,1
3,1,0.5672058,1
3,1,0.5678986,1
3,1,0.5630668,1
3,1,0.56929505,1
3,1,0.564349,1
3,1,0.5631675,1
3,1,0.56375843,1
3,1,0.5644595,1
3,1,0.56437284,1
3,1,0.56520534,1
3,1,0.5619768,1
3,1,0.5667126,1
3,1,0.56941706,1
3,1,0.5666513,1
3,1,0.56719387,1
3,1,0.56870335,1
3,1,0.5697922,1
3,1,0.565615,1
3,1,0.5695546,1
3,1,0.56461036,1
3,1,0.56844985,1
3,1,0.56631136,1
3,1,0.5668598,1
3,1,0.5665068,1
3,1,0.56243664,1
3,1,0.56264406,1
3,1,0.56752,1
3,1,0.5667775,1
3,1,0.56679285,1
3,1,0.5654523,1
3,1,0.5666435,1
3,1,0.56595623,1
3,1,0.565628,1
3,1,0.5653867,1
3,1,0.56706554,1
3,1,0.5674575,1
3,1,0.56690645,1
3,1,0.56121767,1
3,1,0.564653,1
3,1,0.5696606,1
3,1,0.56701064,1
3,1,0.5641245,1
3,1,0.56577504,1
3,1,0.56606966,1
3,1,0.56389385,1
3,1,0.5688487,1
3,1,0.5610777,1
3,1,0.56582457,1
3,1,0.5623486,1
3,1,0.5632256,1
3,1,0.5652286,1
3,1,0.5686684,1
3,1,0.56425697,1
3,1,0.5645273,1
3,1,0.5620704,1
3,1,0.56344366,1
3,1,0.5670074,1
3,1,0.56182116,1
3,1,0.56618917,1
3,1,0.56342465,1
3,1,0.56732273,1
3,1,0.5679746,1
3,1,0.5667284,1
3,1,0.5628408,1
3,1,0.56215864,1
3,1,0.5746964,1
3,1,0.57353485,1
3,1,0.57184,1
3,1,0.5733895,1
3,1,0.5739226,1
3,1,0.5750313,1
3,1,0.57354987,1
3,1,0.57450664,1
3,1,0.5726196,1
3,1,0.58199275,1
3,1,0.5819099,1
3,1,0.58173525,1
3,1,0.5841534,1
3,1,0.5834955,1
3,1,0.58177274,1
3,1,0.58129984,1
3,1,0.5824759,1
3,1,0.5814568,1
3,1,0.5774661,1
3,1,0.5806088,1
3,1,0.58310807,1
3,1,0.58347327,1
3,1,0.5838206,1
3,1,0.5839376,1
3,1,0.5819783,1
3,1,0.58168554,1
3,1,0.5815397,1
3,1,0.5785573,1
3,1,0.5779645,1
3,1,0.57803696,1
3,1,0.5786258,1
3,0,0.58723885,1
3,0,0.5875645,1
3,0,0.5860639,1
3,0,0.58544564,1
3,0,0.58341867,1
3,0,0.5829298,1
3,0,0.5876479,1
3,0,0.5853002,1
3,0,0.58687294,1
3,0,0.5871414,1
3,0,0.58665866,1
3,0,0.586309,1
3,0,0.58575886,1
3,0,0.5848079,1
3,0,0.5852349,1
3,1,0.5611333,1
3,1,0.5683583,1
3,1,0.56434643,1
3,1,0.5640403,1
3,1,0.565488,1
3,1,0.56309384,1
3,1,0.5630288,1
3,1,0.56834036,1
3,1,0.56695545,1
3,1,0.56693834,1
3,1,0.5631623,1
3,1,0.56630814,1
3,1,0.5634229,1
3,1,0.5650368,1
3,1,0.56392443,1
3,0,0.5871374,1
3,0,0.5874641,1
3,0,0.585868,1
3,0,0.5852016,1
3,0,0.58319575,1
3,0,0.582697,1
3,0,0.5875294,1
3,0,0.5850725,1
3,0,0.5866899,1
3,0,0.5869809,1
3,0,0.586293,1
3,0,0.5861053,1
3,0,0.5857552,1
3,0,0.584716,1
3,0,0.58515453,1
3,1,0.55971694,1
3,1,0.5636406,1
3,1,0.56230706,1
3,1,0.5644414,1
3,1,0.5599353,1
3,1,0.56493914,1
3,1,0.5613572,1
3,1,0.5620091,1
3,1,0.5631527,1
3,1,0.5604059,1
3,1,0.5845752,1
3,1,0.58498746,1
3,1,0.58395195,1
3,1,0.5840773,1
3,1,0.5853432,1
3,1,0.58795416,1
3,1,0.58599675,1
3,1,0.5863518,1
3,1,0.5873501,1
3,1,0.5839571,1
3,1,0.5836235,1
3,1,0.58288604,1
3,1,0.5830241,1
3,1,0.58427227,1
3,1,0.58509916,1
3,1,0.5867397,1
3,1,0.5858939,1
3,1,0.5850668,1
3,1,0.58796203,1
3,1,0.5853497,1
3,1,0.5878218,1
3,1,0.58361065,1
3,1,0.5853937,1
3,1,0.58363664,1
3,1,0.5852777,1
3,1,0.5610837,1
3,1,0.5642729,1
3,1,0.5655072,1
3,1,0.56417334,1
3,1,0.56255984,1
3,1,0.5651951,1
3,1,0.5597377,1
3,1,0.5634688,1
3,1,0.56368107,1
3,1,0.5650251,1
3,1,0.5622788,1
3,1,0.56020194,1
3,1,0.56278104,1
3,1,0.56255096,1
3,1,0.55856085,1
3,1,0.56163925,1
3,1,0.56479305,1
3,1,0.56264174,1
3,1,0.56118655,1
3,1,0.5617814,1
3,1,0.5583503,1
3,1,0.56003654,1
3,1,0.56476575,1
3,1,0.5620796,1
3,1,0.5631041,1
3,1,0.560823,1
3,1,0.56958497,1
3,1,0.5724888,1
3,1,0.57445496,1
3,1,0.572334,1
3,1,0.57301193,1
3,1,0.57090074,1
3,1,0.5720998,1
3,1,0.574229,1
3,1,0.57491815,1
3,1,0.57598305,1
3,1,0.5677513,1
3,1,0.5805626,1
3,1,0.5777191,1
3,1,0.57714343,1
3,1,0.5787327,1
3,1,0.58089364,1
3,1,0.5796579,1
3,1,0.5760818,1
3,1,0.5672435,1
3,1,0.5625838,1
3,1,0.5672162,1
3,1,0.5633975,1
3,1,0.56296104,1
3,1,0.5650107,1
3,1,0.56189966,1
3,1,0.56290776,1
3,1,0.5632381,1
3,1,0.56214315,1
3,1,0.5597035,1
3,1,0.5631229,1
3,1,0.56168413,1
3,1,0.5626927,1
3,1,0.5626585,1
3,1,0.5622632,1
3,1,0.5634096,1
3,1,0.56329674,1
3,1,0.5619967,1
3,1,0.5616578,1
3,1,0.56296736,1
3,1,0.5593112,1
3,1,0.5600007,1
3,1,0.5636128,1
3,1,0.5639878,1
3,1,0.5614712,1
3,1,0.5621803,1
3,0,0.5806681,1
3,0,0.5806693,1
3,0,0.5818939,1
3,0,0.5829376,1
3,0,0.5849031,1
3,0,0.58280194,1
3,0,0.5813642,1
3,0,0.58070993,1
3,0,0.58066154,1
3,0,0.5822034,1
3,0,0.5832773,1
3,0,0.5814316,1
3,0,0.5811685,1
3,0,0.5783421,1
3,0,0.5771303,1
3,0,0.58043927,1
3,0,0.5796713,1
3,0,0.5790037,1
3,0,0.57959974,1
3,0,0.5782687,1
3,0,0.5813832,1
3,0,0.58045834,1
3,0,0.5792785,1
3,0,0.57815844,1
3,0,0.5800482,1
3,0,0.57912725,1
3,0,0.57978165,1
3,0,0.5791524,1
3,0,0.58115095,1
3,0,0.58147275,1
3,1,0.58216655,1
3,1,0.58230567,1
3,1,0.5820986,1
3,1,0.5846286,1
3,1,0.58242923,1
3,1,0.5789729,1
3,1,0.5800604,1
3,1,0.58017373,1
3,1,0.5799137,1
3,1,0.5810169,1
3,1,0.58003014,1
3,1,0.5811226,1
3,1,0.58234835,1
3,1,0.5841032,1
3,1,0.5836212,1
3,1,0.5805506,1
3,1,0.58106804,1
3,1,0.5807607,1
3,1,0.58069825,1
3,1,0.58029157,1
3,1,0.5799918,1
3,1,0.5814051,1
3,1,0.5831155,1
3,1,0.5825866,1
3,1,0.5834516,1
3,1,0.58241194,1
3,1,0.57915395,1
3,1,0.5796579,1
3,1,0.5811274,1
3,1,0.5809653,1
3,0,0.5828371,1
3,0,0.58296216,1
3,0,0.58514124,1
3,0,0.5851514,1
3,0,0.58302337,1
3,0,0.5823139,1
3,0,0.58421737,1
3,0,0.5883056,1
3,0,0.58486897,1
3,0,0.58366627,1
3,0,0.58217406,1
3,0,0.5846953,1
3,0,0.5850685,1
4,1,0.47269043,0
4,1,0.47372058,0
4,1,0.4751532,0
4,1,0.4713405,0
4,1,0.47319627,0
4,1,0.47460496,0
4,1,0.4723019,0
4,1,0.4733081,0
4,1,0.47145137,0
4,0,0.47165337,0
4,0,0.4744685,0
4,0,0.47320485,0
4,0,0.47233424,0
4,0,0.47217095,0
4,0,0.47423977,0
4,0,0.47173977,0
4,0,0.4711175,0
4,0,0.47098014,0
4,0,0.47062114,0
4,0,0.470203,0
4,1,0.46673205,0
4,1,0.46838042,0
4,1,0.46765915,0
4,1,0.46853426,0
4,1,0.47003257,0
4,1,0.4686082,0
4,1,0.466799,0
4,1,0.466109,0
4,1,0.46842605,0
4,1,0.4677891,0
4,1,0.4696934,0
4,1,0.46971792,0
4,1,0.46686998,0
4,1,0.46759242,0
4,1,0.46814054,0
4,1,0.46981612,0
4,1,0.46814027,0
4,1,0.46854058,0
4,1,0.46954772,0
4,1,0.46812046,0
4,1,0.48995957,0
4,1,0.4943627,0
4,1,0.49046528,0
4,1,0.4939854,0
4,1,0.4933888,0
4,1,0.4941146,0
4,1,0.49610686,0
4,1,0.496249,0
4,1,0.493198,0
4,1,0.49599883,0
4,1,0.49513453,0
4,1,0.5791905,1
4,1,0.57862556,1
4,1,0.57653105,1
4,1,0.572636,1
4,1,0.5794569,1
4,1,0.57418513,1
4,1,0.5749408,1
4,1,0.5773975,1
4,1,0.5782519,1
4,1,0.5666163,1
4,1,0.5710375,1
4,1,0.5712067,1
4,1,0.5675428,1
4,1,0.5676989,1
4,1,0.5588814,1
4,1,0.56029195,1
4,1,0.56454164,1
4,1,0.5624072,1
4,1,0.5621393,1
4,1,0.5643528,1
4,1,0.5640879,1
4,1,0.5651154,1
4,1,0.564839,1
4,1,0.5651413,1
4,1,0.56499606,1
4,1,0.56638634,1
4,1,0.5634291,1
4,1,0.5667384,1
4,1,0.5793154,1
4,1,0.5809583,1
4,1,0.58519745,1
4,1,0.579455,1
4,1,0.58065885,1
4,1,0.57924086,1
4,1,0.5841789,1
4,1,0.5836569,1
4,1,0.58012754,1
4,1,0.57904655,1
4,1,0.5800021,1
4,1,0.58200675,1
4,1,0.5821934,1
4,1,0.57910436,1
4,1,0.5810814,1
4,1,0.5824358,1
4,1,0.58197296,1
4,1,0.5798963,1
4,1,0.5817662,1
4,1,0.5748566,1
4,1,0.5841032,1
4,1,0.5788769,1
4,1,0.5803082,1
4,1,0.5752281,1
4,1,0.57982284,1
4,1,0.5811002,1
4,1,0.5791222,1
4,1,0.58190036,1
4,1,0.58095324,1
4,1,0.5832334,1
4,0,0.57634294,1
4,0,0.58063996,1
4,0,0.5748439,1
4,0,0.57747996,1
4,0,0.5795293,1
4,0,0.5771228,1
4,0,0.5778384,1
4,0,0.5827031,1
4,0,0.5812386,1
4,0,0.57496804,1
4,0,0.57955724,1
4,0,0.57548046,1
4,0,0.57383657,1
4,1,0.58067167,1
4,1,0.5761957,1
4,1,0.579388,1
4,1,0.58105206,1
4,1,0.5789001,1
4,1,0.5774994,1
4,1,0.5793166,1
4,1,0.58342427,1
4,1,0.580821,1
4,1,0.5806756,1
4,1,0.5816032,1
4,1,0.5729674,1
4,1,0.5790432,1
4,1,0.57870966,1
4,1,0.57712996,1
4,1,0.5784036,1
4,1,0.57996076,1
4,1,0.5760283,1
4,1,0.5780703,1
4,1,0.5817327,1
4,1,0.577786,1
4,1,0.58045286,1
4,1,0.57925946,1
4,1,0.5798032,1
4,1,0.579541,1
4,1,0.5779378,1
4,1,0.5795078,1
4,1,0.58012325,1
4,1,0.58017933,1
4,1,0.5794246,1
4,1,0.5795216,1
4,1,0.4883104,0
4,1,0.49155572,0
4,1,0.49168476,0
4,1,0.4888824,0
4,1,0.4924029,0
4,1,0.4897823,0
4,1,0.48868743,0
4,1,0.4903971,0
4,1,0.49046224,0
4,1,0.48643056,0
4,1,0.4722966,0
4,1,0.47313192,0
4,1,0.4737832,0
4,1,0.47618982,0
4,1,0.47164875,0
4,1,0.4720315,0
4,1,0.4716118,0
4,1,0.47401425,0
4,1,0.4724342,0
4,1,0.47169945,0
4,1,0.47170052,0
4,1,0.47266456,0
4,1,0.4738292,0
4,1,0.57106197,1
4,1,0.56798905,1
4,1,0.5690644,1
4,1,0.56684434,1
4,1,0.5679513,1
4,1,0.57014716,1
4,1,0.5686266,1
4,1,0.5579086,1
4,1,0.56316316,1
4,1,0.5595015,1
4,1,0.5580652,1
4,1,0.5595587,1
4,1,0.5658637,1
4,1,0.559109,1
4,1,0.56104606,1
4,1,0.5627501,1
4,1,0.5627752,1
4,1,0.5573176,1
4,1,0.56230044,1
4,1,0.56123626,1
4,1,0.5575125,1
4,1,0.5588182,1
4,1,0.56153566,1
4,1,0.5682497,1
4,1,0.5624692,1
4,1,0.56251985,1
4,1,0.5606714,1
4,1,0.5658484,1
4,1,0.56526476,1
4,1,0.56223005,1
4,1,0.5615791,1
4,1,0.5669325,1
4,1,0.56865925,1
4,1,0.5629159,1
4,1,0.56364214,1
4,1,0.56752306,1
4,1,0.56446683,1
4,1,0.56281096,1
4,1,0.568372,1
4,1,0.5641126,1
4,1,0.56570494,1
4,1,0.5649599,1
4,1,0.5662878,1
4,0,0.5637117,1
4,0,0.5623712,1
4,0,0.5653351,1
4,0,0.5651139,1
4,0,0.5624742,1
4,0,0.56421745,1
4,0,0.568454,1
4,0,0.561179,1
4,0,0.5628802,1
4,0,0.56148946,1
4,0,0.5656021,1
4,0,0.5627154,1
4,0,0.5577542,1
4,0,0.56105006,1
4,0,0.5623669,1
4,0,0.55863637,1
4,0,0.56266534,1
4,0,0.56252843,1
4,0,0.5620636,1
4,0,0.5560196,1
4,0,0.5673197,1
4,0,0.56025416,1
4,0,0.563195,1
4,0,0.56116843,1
4,0,0.56797755,1
4,0,0.5638064,1
4,0,0.5627696,1
4,0,0.5637374,1
4,0,0.56782454,1
4,0,0.5606012,1
4,0,0.56179774,1
4,0,0.56698424,1
4,0,0.56778115,1
4,0,0.56059843,1
4,1,0.58009064,1
4,1,0.58374333,1
4,1,0.5824417,1
4,1,0.5830754,1
4,1,0.5834625,1
4,1,0.58841157,1
4,1,0.58642745,1
4,0,0.5524831,1
4,0,0.5502636,1
4,0,0.55246955,1
4,0,0.55717963,1
4,0,0.5583188,1
4,0,0.54729825,1
4,0,0.55234814,1
4,0,0.5512008,1
4,0,0.54831797,1
4,0,0.5501456,1
4,0,0.54975104,1
4,0,0.5483052,1
4,0,0.55065334,1
4,0,0.54827905,1
4,0,0.54490954,1
4,1,0.5450526,1
4,1,0.54751664,1
4,1,0.54648733,1
4,1,0.540269,1
4,1,0.54521275,1
4,1,0.544948,1
4,1,0.5444617,1
4,1,0.5454667,1
4,1,0.54450816,1
4,1,0.5512297,1
4,1,0.54358387,1
4,1,0.55511546,1
4,1,0.5509154,1
4,1,0.55489635,1
4,1,0.5570458,1
4,1,0.5522204,1
4,1,0.5579092,1
4,1,0.55443805,1
4,1,0.5533302,1
4,1,0.5479858,1
4,1,0.5501859,1
4,1,0.5503888,1
4,1,0.5513355,1
4,1,0.5428776,1
4,1,0.55203694,1
4,1,0.57497185,1
4,1,0.5789413,1
4,1,0.5767793,1
4,1,0.57636833,1
4,1,0.57723635,1
4,1,0.57363516,1
4,1,0.5780059,1
4,1,0.576719,1
4,0,0.48275873,0
4,0,0.48691508,0
4,0,0.48759896,0
4,0,0.48520848,0
4,0,0.48664838,0
4,0,0.48417193,0
4,0,0.48829892,0
4,0,0.48563212,0
4,0,0.48861343,0
4,0,0.4906508,0
4,0,0.48965,0
4,0,0.48655722,0
4,0,0.49184126,0
4,0,0.4909722,0
4,0,0.48920643,0
4,0,0.4867493,0
4,0,0.48912472,0
4,0,0.48840603,0
4,0,0.48880368,0
4,0,0.4861926,0
4,0,0.48764843,0
4,0,0.48890913,0
4,0,0.48638552,0
4,0,0.48438957,0
4,0,0.48436117,0
4,0,0.4855527,0
4,0,0.4834849,0
4,0,0.4846372,0
4,0,0.48413044,0
4,0,0.48440984,0
4,0,0.4831487,0
4,0,0.4835673,0
4,0,0.48618436,0
4,0,0.48453853,0
4,0,0.488377,0
4,0,0.48955077,0
4,0,0.48758227,0
4,0,0.48600423,0
4,0,0.48708516,0
4,0,0.4890935,0
4,0,0.48612115,0
4,0,0.48663905,0
4,0,0.4873838,0
4,0,0.49030957,0
4,0,0.48571,0
4,0,0.4872747,0
4,0,0.48718494,0
4,0,0.48564532,0
4,0,0.48916218,0
4,0,0.48729125,0
4,0,0.4856601,0
4,0,0.48737478,0
4,0,0.4875558,0
4,0,0.48672292,0
4,0,0.48503405,0
4,0,0.48491257,0
4,0,0.48464164,0
4,0,0.48317364,0
4,0,0.48261395,0
4,0,0.4855312,0
4,0,0.48634672,0
4,0,0.4859236,0
4,0,0.4883807,0
4,0,0.48924914,0
4,0,0.48792443,0
4,0,0.4879956,0
4,0,0.4865749,0
4,0,0.48865438,0
4,0,0.48725307,0
4,0,0.4887274,0
4,0,0.48799333,0
4,0,0.48733744,0
4,0,0.48845065,0
4,0,0.48600352,0
4,0,0.48835802,0
4,0,0.48845387,0
4,0,0.48556635,0
4,0,0.48718667,0
4,0,0.48560488,0
4,0,0.4846624,0
4,0,0.48779315,0
4,0,0.48710126,0
4,0,0.48701006,0
4,0,0.48843193,0
4,0,0.48714486,0
4,0,0.48728296,0
4,0,0.49132806,0
4,0,0.49049908,0
4,0,0.48999172,0
4,0,0.48607436,0
4,0,0.49401104,0
4,0,0.49107742,0
4,0,0.49047965,0
4,0,0.4885991,0
4,0,0.48942563,0
4,0,0.4916707,0
4,0,0.48946762,0
4,0,0.48974133,0
4,0,0.49032047,0
4,0,0.49282256,0
4,0,0.49011457,0
4,0,0.4898733,0
4,0,0.49267465,0
4,0,0.49067837,0
4,0,0.48783898,0
4,0,0.490633,0
4,0,0.49105155,0
4,0,0.49102327,0
4,0,0.4894947,0
4,0,0.48960412,0
4,0,0.48922834,0
4,0,0.4912435,0
4,0,0.4872072,0
4,0,0.4892605,0
4,0,0.4885788,0
4,0,0.49016106,0
4,0,0.49081075,0
4,0,0.49041113,0
4,0,0.4859616,0
4,0,0.49007994,0
4,0,0.492925,0
4,0,0.49033022,0
4,0,0.49188954,0
4,0,0.48936176,0
4,0,0.49306622,0
4,0,0.49330783,0
4,0,0.49251345,0
4,0,0.4950231,0
4,0,0.4945924,0
4,0,0.4908921,0
4,0,0.49117172,0
4,0,0.49108392,0
4,0,0.49009523,0
4,0,0.49196225,0
4,0,0.49080876,0
4,0,0.49191388,0
4,0,0.4893483,0
4,0,0.49045396,0
4,0,0.49068105,0
4,0,0.49130487,0
4,0,0.49200702,0
4,0,0.49141484,0
4,0,0.49152836,0
4,0,0.49034455,0
4,0,0.4904677,0
4,0,0.49090305,0
4,0,0.49494222,0
4,0,0.493591,0
4,0,0.49557582,0
4,0,0.49333784,0
4,0,0.4954996,0
4,0,0.49506044,0
4,0,0.4964235,0
4,0,0.49557114,0
4,0,0.49516982,0
4,0,0.49209982,0
4,0,0.49220812,0
4,0,0.49118683,0
4,0,0.4914734,0
4,0,0.49058416,0
4,0,0.4942073,0
4,0,0.49334493,0
4,0,0.49370083,0
4,0,0.49427322,0
4,0,0.4957824,0
4,0,0.49406272,0
4,0,0.49236923,0
4,0,0.49216905,0
4,0,0.4921022,0
4,0,0.49244386,0
4,0,0.49181798,0
4,0,0.49187672,0
4,0,0.4956697,0
4,0,0.4914285,0
4,0,0.49035728,0
4,0,0.49111193,0
4,0,0.4908783,0
4,0,0.49192697,0
4,0,0.4928922,0
4,0,0.4920246,0
4,0,0.4943868,0
4,0,0.4930779,0
4,0,0.4928345,0
4,0,0.49403468,0
4,0,0.49531385,0
4,0,0.4913657,0
4,0,0.4943132,0
4,0,0.49536884,0
4,0,0.49375254,0
4,0,0.4971431,0
4,0,0.49722686,0
4,0,0.4972226,0
4,0,0.49474517,0
4,0,0.4995958,0
4,0,0.49238315,0
4,0,0.4924091,0
4,0,0.49172598,0
4,0,0.49463925,0
4,0,0.49544057,0
4,0,0.49390236,0
4,0,0.49335378,0
4,0,0.49466515,0
4,0,0.49129272,0
4,0,0.4926101,0
4,0,0.49233508,0
4,0,0.4915188,0
4,0,0.49188796,0
4,0,0.495264,0
4,0,0.4918902,0
4,0,0.49249434,0
4,0,0.4932167,0
4,0,0.4960052,0
4,0,0.49331367,0
4,0,0.49586648,0
4,0,0.49545532,0
4,0,0.49588987,0
4,0,0.49489942,0
4,0,0.49230424,0
4,0,0.49352288,0
4,0,0.49276,0
4,0,0.49502504,0
4,0,0.49408215,0
4,0,0.49572307,0
4,0,0.49380597,0
4,0,0.49530175,0
4,0,0.4925425,0
4,0,0.49486724,0
4,0,0.49445108,0
4,0,0.49705753,0
4,0,0.49390376,0
4,0,0.49479344,0
4,0,0.49604142,0
4,0,0.49433383,0
4,0,0.49078742,0
4,0,0.49348354,0
4,0,0.49417892,0
4,0,0.4906769,0
4,0,0.49171832,0
4,0,0.49053305,0
4,0,0.48979026,0
4,0,0.48919076,0
4,0,0.48764145,0
4,0,0.4877112,0
4,0,0.48712167,0
4,0,0.4905058,0
4,0,0.4899154,0
4,0,0.489021,0
4,0,0.48985633,0
4,0,0.48911056,0
4,0,0.4909261,0
4,0,0.4878329,0
4,0,0.49155796,0
4,0,0.49289545,0
4,0,0.4898616,0
4,0,0.48916662,0
4,0,0.49137482,0
4,0,0.49158853,0
4,0,0.48971173,0
4,0,0.49048576,0
4,0,0.48981988,0
4,0,0.49164945,0
4,0,0.48962405,0
4,0,0.4916207,0
4,0,0.4906328,0
4,0,0.49001098,0
4,0,0.49072954,0
4,0,0.4914461,0
4,0,0.49035725,0
4,0,0.49098647,0
4,0,0.49196538,0
4,0,0.49223465,0
4,0,0.49373302,0
4,0,0.49029127,0
4,0,0.49109718,0
4,0,0.49180233,0
4,0,0.49309036,0
4,0,0.49548522,0
4,0,0.49630296,0
4,0,0.49482408,0
4,0,0.49170515,0
4,0,0.491879,0
4,0,0.49232873,0
4,0,0.492006,0
4,0,0.4922616,0
4,0,0.49562275,0
4,0,0.4953501,0
4,0,0.49352843,0
4,0,0.49137816,0
4,0,0.49128926,0
4,0,0.4892193,0
4,0,0.49029967,0
4,0,0.48998308,0
4,0,0.4923378,0
4,0,0.4879216,0
4,0,0.48821175,0
4,0,0.4889826,0
4,0,0.48749053,0
4,0,0.490599,0
4,0,0.49006042,0
4,0,0.4885564,0
4,0,0.48834303,0
4,0,0.48801985,0
4,0,0.49099088,0
4,0,0.49057502,0
4,0,0.49046263,0
4,0,0.49317136,0
4,0,0.49277562,0
4,0,0.49005282,0
4,0,0.49037328,0
4,0,0.4904677,0
4,0,0.49042276,0
4,0,0.48976305,0
4,0,0.49089265,0
4,0,0.49247468,0
4,1,0.49140567,0
4,1,0.4913979,0
4,1,0.49061096,0
4,1,0.4894212,0
4,1,0.48870715,0
4,1,0.49007615,0
4,1,0.48960748,0
4,1,0.49002355,0
4,1,0.49101496,0
4,0,0.49204397,0
4,0,0.4885557,0
4,0,0.48911732,0
4,0,0.4924695,0
4,0,0.49209735,0
4,0,0.48874375,0
4,0,0.49103695,0
4,0,0.4908843,0
4,0,0.4904042,0
4,0,0.48974144,0
4,0,0.4920274,0
4,0,0.49095795,0
4,0,0.4913079,0
4,0,0.4927541,0
4,0,0.4907145,0
4,0,0.49029785,0
4,0,0.49047527,0
4,0,0.489269,0
4,0,0.48910034,0
4,0,0.4893541,0
4,0,0.49007335,0
4,0,0.4917145,0
4,0,0.48907435,0
4,0,0.49008203,0
4,0,0.49106032,0
4,0,0.4891928,0
4,0,0.49159312,0
4,0,0.49082986,0
4,0,0.48835298,0
4,0,0.48986623,0
4,0,0.49084878,0
4,0,0.48789343,0
4,0,0.4867949,0
4,0,0.48842815,0
4,0,0.4891394,0
4,0,0.486847,0
4,0,0.48991144,0
4,0,0.4899536,0
4,0,0.4887024,0
4,0,0.4889054,0
4,0,0.4888745,0
4,0,0.4884165,0
4,0,0.48786423,0
4,0,0.4908687,0
4,0,0.49004495,0
4,0,0.49012762,0
4,0,0.49167386,0
4,0,0.49475998,0
4,0,0.49086145,0
4,0,0.48932958,0
4,0,0.48826444,0
4,0,0.4900802,0
4,0,0.4890716,0
4,0,0.4883228,0
4,0,0.4869904,0
4,0,0.48976046,0
4,0,0.4910226,0
4,0,0.48722166,0
4,0,0.48515266,0
4,0,0.4872612,0
4,0,0.48962548,0
4,0,0.4888111,0
4,0,0.48702365,0
4,0,0.48945653,0
4,0,0.48741382,0
4,0,0.4895815,0
4,0,0.48939067,0
4,0,0.4901341,0
4,0,0.4893645,0
4,0,0.48924318,0
4,0,0.48687363,0
4,0,0.48975804,0
4,0,0.49072236,0
4,0,0.4901668,0
4,0,0.48886344,0
4,0,0.4899755,0
4,0,0.49088037,0
4,0,0.49038902,0
4,0,0.48976085,0
4,0,0.49195504,0
4,0,0.4906389,0
4,0,0.49129173,0
4,0,0.494566,0
4,0,0.49349013,0
4,0,0.49392214,0
4,0,0.49244142,0
4,0,0.49452713,0
4,0,0.49226698,0
4,0,0.4916031,0
4,0,0.4892389,0
4,0,0.49367937,0
4,0,0.49141207,0
4,0,0.4926572,0
4,0,0.490793,0
4,0,0.49038666,0
4,0,0.49068686,0
4,0,0.48717308,0
4,0,0.49212602,0
4,0,0.48819384,0
4,0,0.48672208,0
4,0,0.48959357,0
4,0,0.49016204,0
4,0,0.4899074,0
4,0,0.48745558,0
4,0,0.49121985,0
4,0,0.48948914,0
4,0,0.4883713,0
4,0,0.48928744,0
4,0,0.48941594,0
4,0,0.48836085,0
4,0,0.4903905,0
4,0,0.48975673,0
4,0,0.48888287,0
4,0,0.48771656,0
4,0,0.48869815,0
4,0,0.4874385,0
4,0,0.4869916,0
4,0,0.48734552,0
4,0,0.48726538,0
4,0,0.48958865,0
4,0,0.48898414,0
4,0,0.49014798,0
4,0,0.4932928,0
4,0,0.4902235,0
4,0,0.48938975,0
4,0,0.49118736,0
4,0,0.48933348,0
4,0,0.4897312,0
4,0,0.48877835,0
4,0,0.49050507,0
4,0,0.49041927,0
4,0,0.49120927,0
4,0,0.4893388,0
4,0,0.49008167,0
4,0,0.49093127,0
4,0,0.48938292,0
4,0,0.48950598,0
4,0,0.49136204,0
4,0,0.49081552,0
4,0,0.4900822,0
4,0,0.48916295,0
4,0,0.4924289,0
4,0,0.49056035,0
4,0,0.49018323,0
4,0,0.48945266,0
4,0,0.4899951,0
4,0,0.48895475,0
4,0,0.48953548,0
4,0,0.48864442,0
4,0,0.4914016,0
4,0,0.4898533,0
4,0,0.49004248,0
4,0,0.48818955,0
4,0,0.48628455,0
4,0,0.48750368,0
4,0,0.4909487,0
4,0,0.48639885,0
4,0,0.4862256,0
4,0,0.488573,0
4,0,0.4879658,0
4,0,0.48742944,0
4,0,0.4860517,0
4,0,0.48971936,0
4,0,0.48833853,0
4,0,0.48890087,0
4,0,0.48735335,0
4,0,0.48691455,0
4,0,0.48911217,0
4,0,0.48594752,0
4,0,0.48726505,0
4,0,0.48487616,0
4,0,0.48628676,0
4,0,0.48797637,0
4,0,0.48590907,0
4,0,0.4871806,0
4,0,0.49039316,0
4,0,0.49245676,0
4,0,0.49214822,0
4,0,0.48887885,0
4,0,0.49127528,0
4,0,0.48847458,0
4,0,0.48793027,0
4,0,0.48683107,0
4,0,0.4876419,0
4,0,0.48647788,0
4,0,0.48680344,0
4,0,0.48752627,0
4,0,0.4920615,0
4,0,0.48990014,0
4,0,0.48995623,0
4,0,0.4908963,0
4,0,0.48652282,0
4,0,0.48544848,0
4,0,0.49218878,0
4,0,0.49146807,0
4,0,0.48867443,0
4,0,0.4881378,0
4,0,0.48918337,0
4,0,0.48405567,0
4,0,0.4887763,0
4,0,0.48928148,0
4,0,0.493557,0
4,0,0.4892086,0
4,0,0.48878762,0
4,0,0.4869298,0
4,0,0.487773,0
4,0,0.48855704,0
4,0,0.4869501,0
4,0,0.48473155,0
4,0,0.48912916,0
4,0,0.48869294,0
4,0,0.48700434,0
4,0,0.48487115,0
4,0,0.48627627,0
4,0,0.48608798,0
4,0,0.48442703,0
4,0,0.48513937,0
4,0,0.48586372,0
4,0,0.48699707,0
4,0,0.48879954,0
4,0,0.49226165,0
4,0,0.48728335,0
4,0,0.48596725,0
4,0,0.4876064,0
4,0,0.49265447,0
4,0,0.4884258,0
4,0,0.4894875,0
4,0,0.4884231,0
4,0,0.48976934,0
4,0,0.491435,0
4,0,0.52093047,1
4,0,0.5118962,1
4,0,0.5155836,1
4,0,0.515103,1
4,0,0.5147528,1
4,0,0.51355886,1
4,0,0.5211699,1
4,0,0.5155404,1
4,0,0.51568717,1
4,0,0.5143088,1
4,1,0.47987834,0
4,1,0.4792756,0
4,1,0.47860757,0
4,1,0.4750822,0
4,1,0.47719592,0
4,1,0.47837752,0
4,1,0.4776434,0
4,1,0.47735596,0
4,1,0.4791873,0
4,1,0.47725946,0
4,1,0.4783284,0
4,1,0.47600737,0
4,1,0.47704837,0
4,1,0.47781026,0
4,1,0.47642985,0
4,1,0.4792619,0
4,1,0.47624794,0
4,1,0.47780305,0
4,1,0.4772359,0
4,1,0.4800743,0
4,1,0.48069784,0
4,1,0.48010406,0
4,1,0.48025396,0
4,1,0.48166394,0
4,1,0.47891423,0
4,1,0.47750375,0
4,1,0.47958848,0
4,1,0.4800425,0
4,1,0.4806943,0
4,1,0.47859728,0
4,1,0.48131722,0
4,1,0.48167697,0
4,1,0.47670472,0
4,1,0.47782332,0
4,1,0.47885826,0
4,1,0.4824343,0
4,1,0.48025426,0
4,1,0.48052162,0
4,1,0.48297334,0
4,1,0.48391628,0
4,1,0.47753465,0
4,1,0.48043314,0
4,1,0.48365986,0
4,1,0.48072654,0
4,1,0.48069623,0
4,1,0.48030776,0
4,1,0.48055786,0
4,1,0.4824928,0
4,1,0.48201263,0
4,1,0.4788761,0
4,1,0.4818985,0
4,1,0.48260126,0
4,1,0.47807622,0
4,1,0.4799665,0
4,1,0.47883368,0
4,1,0.4823376,0
4,1,0.47813854,0
4,1,0.47947937,0
4,1,0.47706574,0
4,1,0.47751486,0
4,1,0.47706223,0
4,1,0.4765691,0
4,1,0.47893852,0
4,1,0.47883755,0
4,1,0.48324075,0
4,1,0.47705913,0
4,1,0.4786133,0
4,1,0.4769627,0
4,1,0.47682315,0
4,1,0.47794348,0
4,1,0.47478905,0
4,1,0.4772093,0
4,1,0.47778293,0
4,1,0.47615835,0
4,1,0.47803387,0
4,1,0.47605863,0
4,1,0.47746405,0
4,1,0.47183245,0
4,1,0.47529548,0
4,1,0.47684726,0
4,1,0.47536826,0
4,1,0.47437444,0
4,1,0.47607774,0
4,1,0.47733843,0
4,1,0.4773893,0
4,1,0.47615147,0
4,1,0.47428307,0
4,1,0.47354978,0
4,1,0.47323412,0
4,1,0.47603145,0
4,1,0.4744186,0
4,1,0.47747976,0
4,1,0.47750583,0
4,1,0.47504252,0
4,1,0.47338727,0
4,1,0.47187865,0
4,1,0.4799635,0
4,1,0.47726193,0
4,1,0.47497937,0
4,1,0.4724559,0
4,1,0.4753722,0
4,1,0.47976992,0
4,1,0.4804033,0
4,1,0.47878623,0
4,1,0.47964483,0
4,1,0.47494748,0
4,1,0.47433764,0
4,1,0.47377566,0
4,1,0.4764527,0
4,1,0.47717217,0
4,1,0.47473654,0
4,1,0.47631964,0
4,1,0.4756065,0
4,1,0.4759817,0
4,1,0.47859105,0
4,1,0.477908,0
4,1,0.47236216,0
4,1,0.47356623,0
4,1,0.47762933,0
4,1,0.4760077,0
4,1,0.49692664,0
4,1,0.49474645,0
4,1,0.49536663,0
4,1,0.4929169,0
4,1,0.49738905,0
4,1,0.4956765,0
4,1,0.49452323,0
4,1,0.49430552,0
4,1,0.49504602,0
4,1,0.4942383,0
4,1,0.49469396,0
4,1,0.4949636,0
4,1,0.49307492,0
4,1,0.4952946,0
4,1,0.49469066,0
4,1,0.49485302,0
4,1,0.49664098,0
4,1,0.49467352,0
4,1,0.49905372,0
4,1,0.4990533,0
4,1,0.4927423,0
4,1,0.49530056,0
4,1,0.4976235,0
4,1,0.49536413,0
4,1,0.49978474,0
4,1,0.4948739,0
4,1,0.49708435,0
4,1,0.49515846,0
4,1,0.49693376,0
4,1,0.49384448,0
4,1,0.4956961,0
4,1,0.49463296,0
4,1,0.49275675,0
4,1,0.49547586,0
4,1,0.49721485,0
4,1,0.49721247,0
4,1,0.49862903,0
4,1,0.4960905,0
4,1,0.49687517,0
4,1,0.56556934,1
4,1,0.5669034,1
4,1,0.5636588,1
4,1,0.55991924,1
4,1,0.565255,1
4,1,0.5661347,1
4,1,0.566139,1
4,1,0.5660662,1
4,1,0.56883085,1
4,1,0.5674062,1
4,1,0.5629403,1
4,1,0.5656847,1
4,1,0.55884874,1
4,1,0.56230676,1
4,1,0.5562631,1
4,0,0.56658703,1
4,0,0.56530416,1
4,0,0.56418943,1
4,0,0.57072127,1
4,0,0.5646474,1
4,0,0.5669274,1
4,0,0.56644243,1
4,0,0.56856483,1
4,0,0.56415135,1
4,0,0.56458545,1
4,0,0.56396556,1
4,0,0.5576735,1
4,0,0.55467546,1
4,0,0.563383,1
4,1,0.5657396,1
4,1,0.56619364,1
4,1,0.562192,1
4,1,0.564008,1
4,1,0.5586685,1
4,1,0.5664919,1
4,1,0.56649554,1
4,1,0.5638176,1
4,1,0.5645958,1
4,1,0.56610566,1
4,1,0.56325257,1
4,1,0.5544418,1
4,1,0.5615264,1
4,1,0.55974895,1
4,1,0.56281185,1
4,1,0.55775124,1
4,0,0.56479657,1
4,0,0.56490064,1
4,0,0.55875784,1
4,0,0.56387806,1
4,0,0.567577,1
4,0,0.55843604,1
4,0,0.5670409,1
4,0,0.5657991,1
4,0,0.5618486,1
4,0,0.565261,1
4,0,0.5635703,1
4,0,0.5669511,1
4,0,0.56816626,1
4,0,0.5619933,1
4,0,0.55945385,1
4,0,0.56460273,1
4,0,0.5600353,1
4,0,0.55671525,1
4,0,0.55657655,1
4,0,0.5618401,1
4,0,0.55715305,1
4,0,0.5596865,1
4,0,0.56009406,1
4,0,0.56346005,1
4,0,0.5624951,1
4,0,0.5610165,1
4,0,0.57083154,1
4,0,0.5582373,1
4,0,0.56021875,1
4,0,0.5556286,1
4,0,0.56630903,1
4,0,0.55942446,1
4,0,0.56041986,1
4,0,0.5623288,1
4,0,0.5608588,1
4,0,0.5562725,1
4,1,0.5828804,1
4,1,0.58251643,1
4,1,0.58233905,1
4,1,0.5811557,1
4,1,0.5830066,1
4,1,0.5803308,1
4,1,0.58011156,1
4,1,0.5812702,1
4,1,0.580264,1
4,1,0.57798177,1
4,1,0.57711047,1
4,1,0.57922417,1
4,1,0.57599443,1
4,1,0.5802779,1
4,1,0.5806781,1
4,1,0.5794804,1
4,1,0.5830855,1
4,1,0.5796562,1
4,1,0.5798726,1
4,1,0.5833761,1
4,1,0.5795471,1
4,1,0.5815878,1
4,1,0.58139056,1
4,1,0.57917047,1
4,1,0.58547646,1
4,1,0.5777252,1
4,1,0.58071005,1
4,1,0.5824617,1
4,1,0.58071166,1
4,1,0.5800417,1
4,1,0.57828814,1
4,1,0.5769793,1
4,1,0.5761879,1
4,1,0.5819864,1
4,1,0.5822665,1
4,1,0.5744414,1
4,1,0.57850033,1
4,1,0.5800266,1
4,1,0.5798821,1
4,1,0.5803915,1
4,1,0.57892996,1
4,1,0.5825222,1
4,1,0.5795644,1
4,1,0.57617,1
4,1,0.5728814,1
4,1,0.5714204,1
4,1,0.5805996,1
4,1,0.57864845,1
4,1,0.5716992,1
4,1,0.5799726,1
4,1,0.5765173,1
4,1,0.57731956,1
4,1,0.5760251,1
4,1,0.5706156,1
4,1,0.57625467,1
4,1,0.57004374,1
4,1,0.5727773,1
4,1,0.5739816,1
4,1,0.57874304,1
4,1,0.5770923,1
4,1,0.579147,1
4,1,0.58104146,1
4,1,0.57499874,1
4,1,0.58087975,1
4,1,0.5697564,1
4,1,0.58179617,1
4,1,0.5734756,1
4,1,0.5765043,1
4,1,0.57620454,1
4,1,0.5745743,1
4,1,0.57266206,1
4,1,0.572367,1
4,1,0.5769058,1
4,1,0.57646006,1
4,1,0.5754772,1
4,1,0.57193047,1
4,1,0.57708454,1
4,1,0.57399213,1
4,1,0.5745992,1
4,1,0.5745164,1
4,1,0.57119685,1
4,1,0.5748042,1
4,1,0.5770819,1
4,1,0.57275295,1
4,1,0.5791803,1
4,1,0.57794327,1
4,1,0.57443464,1
4,1,0.5770479,1
4,1,0.5740591,1
4,1,0.57473326,1
4,1,0.57125,1
4,1,0.57383996,1
4,1,0.5761703,1
4,1,0.5747481,1
4,1,0.5727809,1
4,1,0.5780781,1
4,1,0.5799641,1
4,1,0.5779967,1
4,1,0.5608972,1
4,1,0.5581895,1
4,1,0.5620869,1
4,1,0.55798525,1
4,1,0.56113577,1
4,1,0.5613678,1
4,1,0.55754036,1
4,1,0.56079257,1
4,1,0.56371355,1
4,1,0.55921227,1
4,1,0.5648693,1
4,1,0.5628704,1
4,1,0.55807096,1
4,1,0.5638699,1
4,1,0.5616699,1
4,1,0.56206465,1
4,1,0.55726105,1
4,1,0.56105727,1
4,1,0.5620466,1
4,1,0.5622869,1
4,1,0.5627409,1
4,1,0.56612927,1
4,1,0.56777567,1
4,1,0.5640003,1
4,1,0.4833831,0
4,1,0.48213264,0
4,1,0.48659602,0
4,1,0.48231718,0
4,1,0.48267868,0
4,1,0.48385903,0
4,1,0.48300108,0
4,1,0.48334432,0
4,1,0.48430163,0
4,1,0.48524806,0
4,1,0.48320416,0
4,1,0.4814014,0
4,0,0.560804,1
4,0,0.55718774,1
4,0,0.5528345,1
4,0,0.55427855,1
4,0,0.5567353,1
4,0,0.55438983,1
4,0,0.5466014,1
4,0,0.5548709,1
4,0,0.55549765,1
4,0,0.55059135,1
4,0,0.5583646,1
4,0,0.5584849,1
4,0,0.5582838,1
4,0,0.5518653,1
4,0,0.55165076,1
4,0,0.5557047,1
4,0,0.5565501,1
4,0,0.55686563,1
4,0,0.5497029,1
4,0,0.56084096,1
4,0,0.55181015,1
4,0,0.5585695,1
4,0,0.5577114,1
4,0,0.55581325,1
4,0,0.5618985,1
4,0,0.5513971,1
4,0,0.5527419,1
4,0,0.5571037,1
4,0,0.55335724,1
4,0,0.55813426,1
4,0,0.55278903,1
4,0,0.5534793,1
4,0,0.55309045,1
4,0,0.55159426,1
4,0,0.555016,1
4,1,0.4944268,0
4,1,0.49643105,0
4,1,0.49560705,0
4,1,0.49600393,0
4,1,0.49305254,0
4,1,0.49481863,0
4,1,0.49463475,0
4,1,0.4956489,0
4,1,0.49467477,0
4,1,0.49717608,0
4,1,0.49344394,0
4,1,0.49426138,0
4,1,0.49652132,0
4,1,0.49700513,0
4,1,0.4941704,0
4,1,0.46947977,0
4,1,0.46885455,0
4,1,0.46672302,0
4,1,0.47168115,0
4,1,0.46922207,0
4,1,0.4690027,0
4,1,0.46773618,0
4,1,0.465826,0
4,1,0.46991912,0
4,1,0.4703855,0
4,1,0.466556,0
4,1,0.46892646,0
4,1,0.46969092,0
4,1,0.47333798,0
4,1,0.46923512,0
4,1,0.46864435,0
4,1,0.46806452,0
4,1,0.47076023,0
4,1,0.4679685,0
4,1,0.47010732,0
4,1,0.46656746,0
4,1,0.46501842,0
4,1,0.4713543,0
4,1,0.4707767,0
4,1,0.4683759,0
4,1,0.46772248,0
4,1,0.4669215,0
4,1,0.46906802,0
4,1,0.47030148,0
4,1,0.47043344,0
4,1,0.4696386,0
4,1,0.46510354,0
4,1,0.46905634,0
4,1,0.4692952,0
4,1,0.47019914,0
4,1,0.4719716,0
4,1,0.4697216,0
4,1,0.46769533,0
4,1,0.47102138,0
4,1,0.47105,0
4,1,0.47220302,0
4,1,0.46836293,0
4,1,0.46920857,0
4,1,0.46927238,0
4,1,0.46652687,0
4,1,0.46783453,0
4,1,0.46789885,0
4,1,0.46871448,0
4,1,0.47028604,0
4,1,0.4667822,0
4,1,0.46383196,0
4,1,0.47265527,0
4,1,0.47435805,0
4,1,0.47062674,0
4,1,0.47123745,0
4,1,0.4747544,0
4,1,0.47023714,0
4,1,0.4692022,0
4,1,0.4705366,0
4,1,0.4748201,0
4,1,0.49230117,0
4,1,0.48998383,0
4,1,0.4881247,0
4,1,0.48859757,0
4,1,0.48863474,0
4,1,0.4887309,0
4,1,0.48954865,0
4,1,0.48820257,0
4,1,0.4849528,0
4,1,0.48828462,0
4,1,0.48691398,0
4,1,0.48904,0
4,1,0.48843372,0
4,0,0.4773515,0
4,0,0.4756054,0
4,0,0.4733901,0
4,0,0.47940525,0
4,0,0.4724053,0
4,0,0.4793916,0
4,0,0.48526123,0
4,0,0.47745743,0
4,0,0.47797787,0
4,0,0.4767121,0
4,0,0.47759125,0
4,0,0.47617692,0
4,0,0.4787078,0
4,0,0.47812414,0
4,0,0.48159173,0
4,0,0.483306,0
4,0,0.48382443,0
4,0,0.4812962,0
4,0,0.48518318,0
4,0,0.4837446,0
4,0,0.4873557,0
4,0,0.48076585,0
4,0,0.47904077,0
4,0,0.4790643,0
4,0,0.4850413,0
4,0,0.48335552,0
4,0,0.48195225,0
4,0,0.48225957,0
4,0,0.48380673,0
4,0,0.47774875,0
4,0,0.47905836,0
4,0,0.48222226,0
4,0,0.48165536,0
4,0,0.47797498,0
4,0,0.47765404,0
4,0,0.48430023,0
4,1,0.48255965,0
4,1,0.4842618,0
4,1,0.48325127,0
4,1,0.48102757,0
4,1,0.48838994,0
4,1,0.47817186,0
4,1,0.4805416,0
4,1,0.47777417,0
4,1,0.47387874,0
4,0,0.4805902,0
4,0,0.4830809,0
4,0,0.48275727,0
4,0,0.48351726,0
4,0,0.4798039,0
4,0,0.4809904,0
4,0,0.47645006,0
4,0,0.48076022,0
4,0,0.47567704,0
4,0,0.47985324,0
4,0,0.47887722,0
4,0,0.47599322,0
4,0,0.47878525,0
4,0,0.48036778,0
4,0,0.4793164,0
4,0,0.48348266,0
4,0,0.4801793,0
4,0,0.48443735,0
4,0,0.48021007,0
4,1,0.56870097,1
4,1,0.57291675,1
4,1,0.5730376,1
4,1,0.5693109,1
4,1,0.5693423,1
4,1,0.5610563,1
4,1,0.5623533,1
4,1,0.566181,1
4,1,0.56418663,1
4,1,0.564296,1
4,1,0.5660935,1
4,1,0.56575125,1
4,1,0.56678057,1
4,1,0.56658393,1
4,1,0.56652707,1
4,1,0.5665246,1
4,1,0.5678273,1
4,1,0.56486374,1
4,1,0.56787425,1
4,1,0.47137406,0
4,1,0.47033265,0
4,1,0.47141775,0
4,1,0.47056997,0
4,1,0.47015095,0
4,1,0.47323784,0
4,1,0.47229454,0
4,1,0.46860987,0
4,1,0.4689344,0
4,1,0.47057033,0
4,1,0.47028723,0
4,1,0.46757972,0
4,0,0.5748664,1
4,0,0.575187,1
4,0,0.57591015,1
4,0,0.5746822,1
4,0,0.5777733,1
4,0,0.5734789,1
4,0,0.57204527,1
4,0,0.56724364,1
4,0,0.5708785,1
4,0,0.5747864,1
4,0,0.5720386,1
4,0,0.572936,1
4,0,0.56927866,1
4,0,0.5727676,1
4,0,0.5727077,1
4,0,0.57287157,1
4,0,0.57442105,1
4,0,0.5749954,1
4,0,0.57778263,1
4,0,0.5715542,1
4,0,0.5724291,1
4,0,0.576099,1
4,0,0.57422066,1
4,0,0.5699695,1
4,0,0.5740989,1
4,0,0.575058,1
4,0,0.573158,1
4,0,0.5726178,1
4,0,0.57001114,1
4,0,0.57178366,1
4,0,0.5742247,1
4,0,0.57462156,1
4,0,0.5685759,1
4,0,0.5727941,1
4,0,0.5735304,1
4,0,0.5727303,1
4,0,0.5710229,1
4,0,0.5740749,1
4,0,0.5734689,1
4,0,0.5739293,1
4,0,0.57252693,1
4,0,0.5702489,1
4,0,0.5697911,1
4,0,0.57262725,1
4,0,0.57275,1
4,0,0.5750968,1
4,0,0.5716784,1
4,0,0.5741004,1
4,0,0.57354856,1
4,0,0.5739818,1
4,0,0.57346094,1
4,0,0.57463604,1
4,0,0.56976956,1
4,0,0.5689392,1
4,0,0.5754744,1
4,0,0.5760145,1
4,0,0.57520217,1
4,0,0.5727369,1
4,0,0.5739744,1
4,0,0.57663375,1
4,0,0.5745324,1
4,0,0.57082933,1
4,0,0.56736076,1
4,0,0.57085454,1
4,0,0.5691194,1
4,0,0.57304585,1
4,0,0.5729235,1
4,0,0.5713388,1
4,0,0.57232255,1
4,0,0.57849574,1
4,0,0.5735991,1
4,0,0.571584,1
4,0,0.5771213,1
4,0,0.5689818,1
4,0,0.57307607,1
4,0,0.5724041,1
4,0,0.57199895,1
4,0,0.57567674,1
4,0,0.5751158,1
4,0,0.5755749,1
4,0,0.5763499,1
4,0,0.5718559,1
4,0,0.5766305,1
4,0,0.5717407,1
4,0,0.57067347,1
4,0,0.57369834,1
4,0,0.57373446,1
4,0,0.56973875,1
4,0,0.57450145,1
4,0,0.57527363,1
4,0,0.5754745,1
4,0,0.57011306,1
4,0,0.57422096,1
4,0,0.57348335,1
4,0,0.5761433,1
4,0,0.5740062,1
4,0,0.5683964,1
4,0,0.5734424,1
4,0,0.57548445,1
4,0,0.5721079,1
4,0,0.57284296,1
4,0,0.5791571,1
4,0,0.5756938,1
4,0,0.57719517,1
4,0,0.5739473,1
4,0,0.57406974,1
4,0,0.5696715,1
4,0,0.5730053,1
4,0,0.57305336,1
4,0,0.5679049,1
4,0,0.5699149,1
4,0,0.56765026,1
4,0,0.57369953,1
4,0,0.5728422,1
4,0,0.5674298,1
4,0,0.5698836,1
4,0,0.5744636,1
4,0,0.5729462,1
4,0,0.5700343,1
4,0,0.5654953,1
4,0,0.57134306,1
4,0,0.5706707,1
4,0,0.5699385,1
4,0,0.5704609,1
4,0,0.574879,1
4,0,0.57603014,1
4,0,0.5729894,1
4,0,0.56954294,1
4,0,0.5751282,1
4,0,0.56824934,1
4,0,0.5761182,1
4,0,0.57484305,1
4,0,0.5714305,1
4,0,0.5698885,1
4,0,0.57672954,1
4,0,0.5729003,1
4,0,0.5709325,1
4,0,0.5726102,1
4,0,0.57024556,1
4,0,0.57088304,1
4,0,0.56962687,1
4,0,0.56982183,1
4,0,0.5684281,1
4,0,0.57357687,1
4,0,0.5765936,1
4,0,0.573778,1
4,0,0.57134265,1
4,0,0.57268226,1
4,0,0.5707975,1
4,0,0.573818,1
4,0,0.5665352,1
4,0,0.5734528,1
4,0,0.57321805,1
4,0,0.5708755,1
4,0,0.5729365,1
4,0,0.5713384,1
4,0,0.573844,1
4,0,0.573346,1
4,0,0.5723093,1
4,0,0.5706092,1
4,0,0.57289165,1
4,0,0.57481337,1
4,0,0.578279,1
4,0,0.56810576,1
4,0,0.57444793,1
4,0,0.57469934,1
4,0,0.57105994,1
4,0,0.57413137,1
4,0,0.56998336,1
4,0,0.57095945,1
4,0,0.5693743,1
4,0,0.56666064,1
4,0,0.5691494,1
4,0,0.56659526,1
4,0,0.5686189,1
4,0,0.56661856,1
4,0,0.5755583,1
4,0,0.5702432,1
4,0,0.5777617,1
4,0,0.5726443,1
4,0,0.5732855,1
4,0,0.5595418,1
4,0,0.57711935,1
4,0,0.5703531,1
4,0,0.5693355,1
4,0,0.57281435,1
4,0,0.57516074,1
4,0,0.5699894,1
4,0,0.5721938,1
4,0,0.5677978,1
4,0,0.5682483,1
4,0,0.57240796,1
4,0,0.57272995,1
4,0,0.57359856,1
4,0,0.57143825,1
4,0,0.5752338,1
4,0,0.56792355,1
4,0,0.5677582,1
4,0,0.5690747,1
4,0,0.5699096,1
4,0,0.5664098,1
4,0,0.57176083,1
4,0,0.56890726,1
4,0,0.57030123,1
4,0,0.56312937,1
4,0,0.5695234,1
4,0,0.57267636,1
4,0,0.56513166,1
4,0,0.5686991,1
4,0,0.56715834,1
4,0,0.5638849,1
4,0,0.56398374,1
4,0,0.5644192,1
4,0,0.56808907,1
4,0,0.5667398,1
4,0,0.56730783,1
4,0,0.5688785,1
4,0,0.5696695,1
4,0,0.5650511,1
4,0,0.5708842,1
4,0,0.5701328,1
4,0,0.5702904,1
4,0,0.5704591,1
4,0,0.56553644,1
4,0,0.57388663,1
4,0,0.5650206,1
4,0,0.56937647,1
4,0,0.5613292,1
4,0,0.5670054,1
4,0,0.5682513,1
4,0,0.5687355,1
4,0,0.56598246,1
4,0,0.5677879,1
4,0,0.56468654,1
4,0,0.56318057,1
4,0,0.5637457,1
4,0,0.56854695,1
4,0,0.56487095,1
4,0,0.56787616,1
4,0,0.569535,1
4,0,0.5671797,1
4,0,0.5602904,1
4,0,0.56478995,1
4,0,0.5684792,1
4,0,0.56488645,1
4,0,0.5678676,1
4,0,0.5726389,1
4,0,0.5676371,1
4,0,0.5725781,1
4,0,0.57106197,1
4,0,0.56768435,1
4,0,0.564816,1
4,0,0.56421703,1
4,0,0.5687611,1
4,0,0.5657568,1
4,0,0.5660456,1
4,0,0.56519514,1
4,0,0.5699575,1
4,0,0.5630431,1
4,0,0.5659689,1
4,0,0.5653223,1
4,0,0.5650438,1
4,0,0.5684936,1
4,0,0.56813544,1
4,0,0.56526214,1
4,1,0.5707182,1
4,1,0.5619011,1
4,1,0.56495607,1
4,1,0.566619,1
4,1,0.5678956,1
4,1,0.5673798,1
4,1,0.56173235,1
4,1,0.56701446,1
4,1,0.5689126,1
4,0,0.5687878,1
4,0,0.56366456,1
4,0,0.56246036,1
4,0,0.56590426,1
4,0,0.564448,1
4,0,0.56295705,1
4,0,0.56554765,1
4,0,0.5678869,1
4,0,0.5649475,1
4,0,0.56560946,1
4,0,0.56849724,1
4,0,0.5660644,1
4,0,0.56510365,1
4,0,0.5686825,1
4,0,0.5690005,1
4,0,0.56388426,1
4,0,0.5660026,1
4,0,0.5645241,1
4,0,0.5676609,1
4,0,0.5657855,1
4,0,0.56603444,1
4,0,0.56480634,1
4,0,0.5681834,1
4,0,0.5661242,1
4,0,0.5731446,1
4,0,0.5671618,1
4,0,0.5689749,1
4,0,0.565938,1
4,0,0.5672866,1
4,0,0.5676376,1
4,1,0.5695656,1
4,1,0.5692597,1
4,1,0.5681053,1
4,1,0.5693183,1
4,1,0.5637583,1
4,1,0.5671314,1
4,1,0.5620846,1
4,1,0.56731427,1
4,1,0.56269985,1
4,1,0.5641286,1
4,1,0.56365526,1
4,1,0.56236297,1
4,1,0.56280804,1
4,1,0.56245273,1
4,0,0.5680727,1
4,0,0.5634709,1
4,0,0.56255746,1
4,0,0.5618586,1
4,0,0.56581,1
4,0,0.56252253,1
4,0,0.5640862,1
4,0,0.56078863,1
4,0,0.51780725,1
4,0,0.51732343,1
4,0,0.5189604,1
4,0,0.52197695,1
4,0,0.5116324,1
4,0,0.515737,1
4,0,0.51476663,1
4,0,0.51479316,1
4,0,0.5139939,1
4,0,0.52022445,1
4,0,0.51545244,1
4,0,0.51656437,1
4,0,0.519155,1
4,0,0.51915944,1
4,0,0.5127438,1
4,0,0.51047117,1
4,0,0.5148718,1
4,0,0.5190075,1
4,0,0.5136199,1
4,0,0.5107393,1
4,0,0.51339346,1
4,0,0.5118465,1
4,0,0.50550884,1
4,0,0.5142357,1
4,0,0.5242043,1
4,0,0.5156385,1
4,0,0.5153535,1
4,0,0.5123114,1
4,0,0.5230986,1
4,1,0.51153296,1
4,1,0.5155863,1
4,1,0.5194576,1
4,1,0.5122276,1
4,1,0.51426893,1
4,1,0.512667,1
4,1,0.51224524,1
4,1,0.5118063,1
4,1,0.5111914,1
4,1,0.5138911,1
4,1,0.51941264,1
4,1,0.52001256,1
4,1,0.50821203,1
4,1,0.5216463,1
4,1,0.51930994,1
4,1,0.5222616,1
4,1,0.52346903,1
4,1,0.5192088,1
4,1,0.51216406,1
4,1,0.51067346,1
4,0,0.51244885,1
4,0,0.5137541,1
4,0,0.5120114,1
4,0,0.5189222,1
4,0,0.52438176,1
4,0,0.52201456,1
4,0,0.51862013,1
4,0,0.5152836,1
4,0,0.51434547,1
4,0,0.52663124,1
4,0,0.51600784,1
4,0,0.51381654,1
4,0,0.51358336,1
4,0,0.5179529,1
4,0,0.5141413,1
4,0,0.518529,1
4,0,0.5160654,1
4,0,0.51628006,1
4,0,0.5089196,1
4,0,0.51713914,1
4,0,0.5198433,1
4,0,0.5165071,1
4,0,0.514197,1
4,0,0.5133398,1
4,0,0.5210723,1
4,0,0.5192697,1
4,0,0.51818657,1
4,0,0.5187675,1
4,0,0.520496,1
4,0,0.52345055,1
4,0,0.5132851,1
4,0,0.5142504,1
4,0,0.51479065,1
4,0,0.5160544,1
4,0,0.51512545,1
4,0,0.5148946,1
4,0,0.51708806,1
4,0,0.5183994,1
4,0,0.51498574,1
4,0,0.520119,1
4,0,0.51651955,1
4,0,0.5211418,1
4,0,0.5161294,1
4,0,0.5175109,1
4,0,0.5225255,1
4,0,0.5145235,1
4,0,0.5155863,1
4,0,0.51802593,1
4,0,0.5140717,1
4,0,0.51772773,1
4,0,0.5125538,1
4,0,0.51707757,1
4,0,0.47919735,0
4,0,0.4768622,0
4,0,0.47209576,0
4,0,0.4777087,0
4,0,0.4696017,0
4,0,0.47997805,0
4,0,0.47787756,0
4,0,0.47792453,0
4,0,0.4771842,0
4,0,0.47631472,0
4,0,0.47860533,0
4,0,0.47950363,0
4,0,0.47783548,0
4,0,0.4775882,0
4,1,0.48271945,0
4,1,0.48367238,0
4,1,0.4827419,0
4,1,0.48016065,0
4,1,0.48365048,0
4,1,0.48321015,0
4,1,0.48712036,0
4,1,0.4826083,0
4,1,0.47739467,0
4,1,0.48086467,0
4,1,0.4843075,0
4,1,0.47826833,0
4,1,0.4818019,0
4,0,0.47704682,0
4,0,0.48050708,0
4,0,0.4832832,0
4,0,0.4883826,0
4,0,0.47871184,0
4,0,0.48079917,0
4,0,0.47896785,0
4,0,0.47962338,0
4,0,0.4828146,0
4,0,0.47553274,0
4,0,0.47825,0
4,0,0.48097783,0
4,0,0.48596445,0
4,0,0.4788087,0
4,0,0.475503,0
4,0,0.4806955,0
4,0,0.48617613,0
4,0,0.47794157,0
4,0,0.48206544,0
4,0,0.47639441,0
4,0,0.48747945,0
4,0,0.482901,0
4,0,0.4837382,0
4,0,0.48823217,0
4,0,0.47450623,0
4,0,0.47738314,0
4,0,0.4736499,0
4,0,0.4795076,0
4,0,0.47833964,0
4,0,0.47900656,0
4,0,0.47940376,0
4,0,0.4846997,0
4,0,0.483521,0
4,1,0.47568756,0
4,1,0.48607042,0
4,1,0.48814943,0
4,1,0.47804362,0
4,1,0.48374075,0
4,1,0.47983825,0
4,1,0.47503412,0
4,1,0.47540942,0
4,1,0.4760734,0
4,1,0.47758555,0
4,1,0.47471577,0
4,1,0.48485598,0
4,1,0.48393247,0
4,1,0.48049626,0
4,1,0.4854526,0
4,1,0.4814367,0
4,1,0.48063812,0
4,1,0.48697495,0
4,1,0.47878882,0
4,1,0.47781688,0
4,1,0.4796137,0
4,0,0.48536378,0
4,0,0.4847047,0
4,0,0.48332122,0
4,0,0.48378208,0
4,0,0.48539358,0
4,0,0.4784077,0
4,0,0.48105702,0
4,0,0.48546442,0
4,0,0.48320094,0
4,0,0.47948995,0
4,0,0.4805074,0
4,0,0.48735058,0
4,0,0.48281267,0
4,0,0.48576885,0
4,0,0.484857,0
4,0,0.48130992,0
4,0,0.4899995,0
4,0,0.4773308,0
4,0,0.47805148,0
4,0,0.47951746,0
4,0,0.47642422,0
4,0,0.48082602,0
4,0,0.48298857,0
4,0,0.48316857,0
4,0,0.48459637,0
4,0,0.48200035,0
4,0,0.4835307,0
4,0,0.47969595,0
4,0,0.48536593,0
4,0,0.4798194,0
4,0,0.48077354,0
4,0,0.48701966,0
4,0,0.47999913,0
4,0,0.48199466,0
4,0,0.48390797,0
4,0,0.4812395,0
4,0,0.4866682,0
4,0,0.48392764,0
4,0,0.47828978,0
4,0,0.48444998,0
4,1,0.5650984,1
4,1,0.56043816,1
4,1,0.5602162,1
4,1,0.5633207,1
4,1,0.56214577,1
4,1,0.5618094,1
4,1,0.5607152,1
4,1,0.56046426,1
4,1,0.5647925,1
4,1,0.56183094,1
4,1,0.5546241,1
4,1,0.5581738,1
4,1,0.56232893,1
4,1,0.56403184,1
4,1,0.55904406,1
4,1,0.55939317,1
4,1,0.5607359,1
4,1,0.559433,1
4,1,0.5551882,1
4,1,0.5580368,1
4,1,0.5600231,1
4,1,0.56139594,1
4,1,0.556102,1
4,1,0.55181354,1
4,1,0.55892086,1
4,1,0.5612789,1
4,1,0.5611925,1
4,1,0.56025094,1
4,1,0.56172836,1
4,1,0.56056535,1
4,1,0.5586006,1
4,1,0.563646,1
4,1,0.5569415,1
4,1,0.5615915,1
4,1,0.5592702,1
4,1,0.48360404,0
4,1,0.48372298,0
4,1,0.48212704,0
4,1,0.48351094,0
4,1,0.48204628,0
4,1,0.484645,0
4,1,0.48357213,0
4,1,0.48292246,0
4,1,0.48490885,0
4,1,0.48202783,0
4,1,0.48504463,0
4,1,0.4846262,0
4,1,0.48696828,0
4,1,0.4833478,0
4,1,0.48441896,0
4,1,0.48427406,0
4,1,0.48408115,0
4,1,0.4835522,0
4,1,0.48602033,0
4,1,0.4872287,0
4,1,0.48589966,0
4,1,0.48638406,0
4,0,0.49971926,0
4,0,0.49461922,0
4,0,0.49567032,0
4,0,0.4975199,0
4,0,0.49297845,0
4,0,0.4946211,0
4,0,0.4891477,0
4,0,0.49227852,0
4,0,0.49186096,0
4,0,0.49294966,0
4,0,0.4882234,0
4,0,0.4918256,0
4,0,0.49306715,0
4,0,0.4930232,0
4,0,0.4965725,0
4,0,0.4887225,0
4,0,0.4919095,0
4,0,0.4885134,0
4,0,0.48896483,0
4,0,0.4946145,0
4,0,0.50024575,1
4,0,0.4927271,0
4,0,0.4947004,0
4,0,0.4902297,0
4,0,0.50239146,1
4,0,0.49428394,0
4,0,0.49582538,0
4,0,0.500152,1
4,0,0.49070656,0
4,0,0.4916386,0
4,0,0.4878277,0
4,0,0.49262345,0
4,0,0.4942695,0
4,0,0.49320883,0
4,0,0.49469924,0
4,0,0.49914318,0
4,0,0.4976496,0
4,0,0.48911616,0
4,0,0.49449366,0
4,0,0.5021262,1
4,0,0.50046766,1
4,0,0.5016117,1
4,0,0.496574,0
4,0,0.4899227,0
4,0,0.49075443,0
4,0,0.49152577,0
4,0,0.49357522,0
4,1,0.49067,0
4,1,0.49859706,0
4,1,0.5022347,1
4,1,0.4974815,0
4,1,0.5001288,1
4,1,0.49688777,0
4,1,0.49530384,0
4,1,0.50504553,1
4,1,0.4925194,0
4,1,0.49221763,0
4,1,0.49874267,0
4,1,0.49671066,0
4,1,0.4960715,0
4,1,0.49578768,0
4,0,0.49863428,0
4,0,0.49587476,0
4,0,0.49259382,0
4,0,0.49185395,0
4,0,0.49813166,0
4,0,0.4959972,0
4,0,0.4989241,0
4,0,0.4972566,0
4,0,0.49584246,0
4,0,0.5015058,1
4,0,0.49062327,0
4,0,0.49367282,0
4,0,0.4923395,0
4,0,0.48827767,0
4,0,0.4952206,0
4,0,0.49637157,0
4,0,0.4963549,0
4,0,0.49725592,0
4,0,0.49441558,0
4,0,0.4971155,0
4,0,0.4913285,0
4,0,0.4958321,0
4,0,0.48918134,0
4,0,0.49287918,0
4,0,0.4929238,0
4,0,0.48973012,0
4,0,0.49204552,0
4,0,0.49453187,0
4,0,0.4924564,0
4,0,0.49782884,0
4,0,0.49229175,0
4,0,0.49970028,0
4,0,0.49638975,0
4,1,0.47491786,0
4,1,0.4666108,0
4,1,0.46883214,0
4,1,0.4706962,0
4,1,0.47041696,0
4,1,0.46698612,0
4,1,0.46669525,0
4,1,0.46695602,0
4,1,0.4675454,0
4,1,0.4681653,0
4,1,0.4701986,0
4,1,0.46548313,0
4,1,0.4708381,0
4,1,0.47063416,0
4,1,0.46805847,0
4,1,0.4687656,0
4,1,0.4679658,0
4,1,0.47073573,0
4,1,0.47068298,0
4,1,0.46974447,0
4,1,0.4715219,0
4,1,0.47051895,0
4,1,0.46998388,0
4,1,0.4652178,0
4,1,0.46447557,0
4,1,0.4686042,0
4,1,0.5082951,1
4,1,0.5089959,1
4,1,0.5112836,1
4,1,0.50928587,1
4,1,0.50999945,1
4,1,0.5067081,1
4,1,0.5091392,1
4,1,0.51205486,1
4,1,0.51018924,1
4,1,0.5153777,1
4,1,0.5120682,1
4,1,0.508983,1
4,1,0.51248807,1
4,1,0.5106399,1
4,1,0.5724726,1
4,1,0.5724706,1
4,1,0.5736872,1
4,1,0.57090414,1
4,1,0.5745529,1
4,1,0.57026285,1
4,1,0.57302344,1
4,1,0.57276136,1
4,1,0.5752792,1
4,1,0.57267886,1
4,1,0.57422245,1
4,1,0.5666125,1
4,1,0.5727903,1
4,1,0.5701217,1
4,1,0.57472646,1
4,1,0.571779,1
4,1,0.57016975,1
4,1,0.574478,1
4,1,0.57388514,1
4,1,0.57442105,1
4,1,0.48621362,0
4,1,0.48404038,0
4,1,0.482559,0
4,1,0.48231223,0
4,1,0.4855739,0
4,1,0.48434746,0
4,1,0.48325557,0
4,1,0.48408997,0
4,1,0.48566794,0
4,1,0.4854045,0
4,1,0.48292306,0
4,1,0.48233682,0
4,1,0.48300683,0
4,1,0.4829223,0
4,1,0.48508748,0
4,1,0.5669572,1
4,1,0.5713207,1
4,1,0.57157266,1
4,1,0.56762326,1
4,1,0.5681225,1
4,1,0.5609962,1
4,1,0.5617553,1
4,1,0.5650494,1
4,1,0.5630883,1
4,1,0.5635761,1
4,1,0.56525147,1
4,1,0.5646216,1
4,1,0.5651313,1
4,1,0.5652847,1
4,1,0.5651782,1
4,1,0.5648265,1
4,1,0.5661243,1
4,1,0.5636719,1
4,1,0.56642425,1
4,1,0.48520222,0
4,1,0.48526216,0
4,1,0.48681995,0
4,1,0.48547894,0
4,1,0.48440546,0
4,1,0.48668483,0
4,1,0.4850099,0
4,1,0.48191735,0
4,1,0.57435954,1
4,1,0.574831,1
4,1,0.5708177,1
4,1,0.57900417,1
4,1,0.57273376,1
4,1,0.57341254,1
4,1,0.56959856,1
4,1,0.57166976,1
4,1,0.57173985,1
4,1,0.5683385,1
4,1,0.58569515,1
4,1,0.5847026,1
4,1,0.5869167,1
4,1,0.58684254,1
4,1,0.5834088,1
4,1,0.5854952,1
4,1,0.5840315,1
4,1,0.5821695,1
4,1,0.57794636,1
4,1,0.5854944,1
4,1,0.58568126,1
4,1,0.4860354,0
4,1,0.48793447,0
4,1,0.48806584,0
4,1,0.48606408,0
4,1,0.487714,0
4,1,0.48502862,0
4,1,0.4866922,0
4,1,0.48365292,0
4,1,0.49330914,0
4,1,0.49445695,0
4,1,0.49161038,0
4,1,0.48992267,0
4,1,0.49588954,0
4,1,0.4935401,0
4,1,0.4929946,0
4,1,0.4918062,0
4,1,0.49523115,0
4,1,0.49245617,0
4,1,0.4907898,0
4,1,0.5033537,1
4,1,0.50259745,1
4,1,0.50348854,1
4,1,0.50289756,1
4,1,0.5026268,1
4,1,0.50189424,1
4,1,0.50529885,1
4,1,0.5008965,1
4,1,0.5018161,1
4,1,0.5029448,1
5,1,0.52987266,1
5,1,0.5349062,1
5,1,0.5338251,1
5,1,0.53401446,1
5,1,0.5315888,1
5,1,0.5368992,1
5,1,0.5305283,1
5,1,0.53270227,1
5,1,0.5286357,1
5,1,0.5285429,1
5,1,0.5333651,1
5,1,0.53200006,1
5,1,0.53238624,1
5,1,0.53142506,1
5,1,0.53457004,1
5,1,0.53451437,1
5,1,0.53237337,1
5,1,0.53378046,1
5,1,0.53497356,1
5,1,0.5364962,1
5,1,0.53570795,1
5,1,0.5413613,1
5,1,0.53440005,1
5,1,0.5387537,1
5,1,0.532574,1
5,1,0.5397879,1
5,1,0.53828895,1
5,1,0.5379447,1
5,1,0.5412072,1
5,1,0.53697354,1
5,0,0.549288,1
5,0,0.5380441,1
5,0,0.5368239,1
5,0,0.53914684,1
5,0,0.547543,1
5,0,0.54088587,1
5,0,0.5415299,1
5,0,0.54092693,1
5,0,0.54956824,1
5,0,0.5375989,1
5,0,0.53997684,1
5,0,0.54499906,1
5,0,0.54268557,1
5,0,0.53526545,1
5,0,0.5442426,1
5,0,0.54361373,1
5,0,0.53875726,1
5,0,0.53973943,1
5,0,0.5422107,1
5,0,0.5435914,1
5,0,0.54722637,1
5,0,0.5512956,1
5,0,0.53511137,1
5,0,0.55197084,1
5,0,0.5431679,1
5,0,0.546415,1
5,0,0.5405123,1
5,0,0.54505,1
5,0,0.5407075,1
5,0,0.54198146,1
5,0,0.5457076,1
5,0,0.54572374,1
5,0,0.53952837,1
5,1,0.5356824,1
5,1,0.5341839,1
5,1,0.5365499,1
5,1,0.53543305,1
5,1,0.5359861,1
5,1,0.5419173,1
5,1,0.5381392,1
5,1,0.5374339,1
5,1,0.5428201,1
5,1,0.54478496,1
5,1,0.55145174,1
5,1,0.54047525,1
5,1,0.53932047,1
5,1,0.53938264,1
5,1,0.5398769,1
5,1,0.53693146,1
5,1,0.5387393,1
5,1,0.5380664,1
5,1,0.54132503,1
5,1,0.53750795,1
5,1,0.5371474,1
5,1,0.54196227,1
5,1,0.54877317,1
5,1,0.5393063,1
5,1,0.50145286,1
5,1,0.5052841,1
5,1,0.512846,1
5,1,0.50777,1
5,1,0.50215256,1
5,1,0.5010394,1
5,1,0.49990827,0
5,1,0.50129616,1
5,1,0.49957737,0
5,1,0.499571,0
5,1,0.49870175,0
5,1,0.50509185,1
5,1,0.50131273,1
5,1,0.5029829,1
5,1,0.5010067,1
5,1,0.5113091,1
5,1,0.49992308,0
5,1,0.5074403,1
5,1,0.50416553,1
5,1,0.50186926,1
5,1,0.50378287,1
5,1,0.5042449,1
5,1,0.5022,1
5,1,0.4994756,0
5,1,0.5091791,1
5,1,0.5071216,1
5,1,0.51024204,1
5,1,0.5122911,1
5,1,0.5044121,1
5,0,0.55959284,1
5,0,0.5619355,1
5,0,0.56365085,1
5,0,0.5665122,1
5,0,0.55975384,1
5,0,0.56288946,1
5,0,0.56344074,1
5,0,0.5621348,1
5,0,0.55944,1
5,0,0.56113595,1
5,0,0.56794584,1
5,0,0.56877434,1
5,0,0.56452185,1
5,0,0.56227666,1
5,0,0.559869,1
5,1,0.565347,1
5,1,0.5631205,1
5,1,0.5630193,1
5,1,0.56763154,1
5,1,0.5582674,1
5,1,0.5607677,1
5,1,0.56419766,1
5,1,0.56261075,1
5,1,0.5595992,1
5,1,0.56228924,1
5,1,0.56237376,1
5,1,0.56766313,1
5,1,0.55999035,1
5,1,0.5439222,1
5,1,0.5351147,1
5,1,0.5445891,1
5,1,0.53840566,1
5,1,0.5371475,1
5,1,0.5412813,1
5,1,0.54412895,1
5,1,0.5433708,1
5,1,0.544647,1
5,1,0.54223365,1
5,1,0.54481584,1
5,1,0.5452252,1
5,1,0.54309034,1
5,1,0.5436458,1
5,1,0.54784936,1
5,1,0.54410046,1
5,1,0.54745233,1
5,1,0.5447449,1
5,1,0.5430662,1
5,1,0.54285806,1
5,1,0.56547713,1
5,1,0.5660336,1
5,1,0.5655506,1
5,1,0.5620715,1
5,1,0.5671816,1
5,1,0.56537026,1
5,1,0.56304735,1
5,1,0.56223696,1
5,1,0.56503934,1
5,1,0.56635165,1
5,1,0.5642733,1
5,1,0.5614375,1
5,1,0.5631121,1
5,1,0.56488013,1
5,1,0.5635447,1
5,1,0.5622586,1
5,1,0.5640894,1
5,1,0.56017727,1
5,1,0.5614398,1
5,1,0.560664,1
5,1,0.56455797,1
5,1,0.5629561,1
5,1,0.5646026,1
5,1,0.56630987,1
5,1,0.56437296,1
5,1,0.5601999,1
5,1,0.56293696,1
5,1,0.5636788,1
5,1,0.56427956,1
5,1,0.56593835,1
5,1,0.5635944,1
5,1,0.5685111,1
5,1,0.56273985,1
5,1,0.56163496,1
5,1,0.561514,1
5,1,0.56288856,1
5,1,0.560674,1
5,1,0.5660239,1
5,1,0.56280464,1
5,1,0.5608469,1
5,1,0.5634027,1
5,1,0.5647611,1
5,1,0.5630921,1
5,1,0.56349623,1
5,1,0.5661251,1
5,1,0.5652115,1
5,1,0.56316996,1
5,1,0.56194866,1
5,1,0.5644185,1
5,1,0.5668135,1
5,1,0.56320447,1
5,1,0.56464654,1
5,1,0.56627816,1
5,1,0.563725,1
5,1,0.56978333,1
5,1,0.56427133,1
5,1,0.56280756,1
5,1,0.56131613,1
5,1,0.56501544,1
5,1,0.5696679,1
5,1,0.5655217,1
5,1,0.56725746,1
5,1,0.56416136,1
5,1,0.56276524,1
5,1,0.56364036,1
5,1,0.5633681,1
5,1,0.56089526,1
5,1,0.56372005,1
5,0,0.537584,1
5,0,0.5350862,1
5,0,0.536668,1
5,0,0.539862,1
5,0,0.5393595,1
5,0,0.5370517,1
5,0,0.54141235,1
5,0,0.5388249,1
5,0,0.5362783,1
5,0,0.53909427,1
5,0,0.54266196,1
5,0,0.5354354,1
5,0,0.5338435,1
5,0,0.5400024,1
5,0,0.54363954,1
5,0,0.5392373,1
5,0,0.5468729,1
5,0,0.5345941,1
5,0,0.5383933,1
5,0,0.5393188,1
5,0,0.5392042,1
5,0,0.5382631,1
5,0,0.5468735,1
5,0,0.53753275,1
5,0,0.54051495,1
5,0,0.5327805,1
5,0,0.5390114,1
5,0,0.53951204,1
5,0,0.53850687,1
5,0,0.538389,1
5,0,0.54119325,1
5,0,0.5469593,1
5,0,0.54716223,1
5,0,0.53916603,1
5,0,0.541608,1
5,0,0.5361103,1
5,0,0.53653866,1
5,0,0.5472849,1
5,0,0.53744465,1
5,0,0.53692263,1
5,0,0.5412104,1
5,0,0.5469524,1
5,0,0.53420925,1
5,0,0.54272246,1
5,0,0.5407428,1
5,0,0.53872055,1
5,0,0.53695667,1
5,1,0.56558055,1
5,1,0.56369793,1
5,1,0.56424177,1
5,1,0.5653931,1
5,1,0.5617913,1
5,1,0.56076735,1
5,1,0.567473,1
5,1,0.5645768,1
5,1,0.56188816,1
5,1,0.56144214,1
5,1,0.56824344,1
5,1,0.56883425,1
5,1,0.5621307,1
5,1,0.5624151,1
5,1,0.5657348,1
5,1,0.56679296,1
5,1,0.5621024,1
5,1,0.5612304,1
5,1,0.56327015,1
5,0,0.542484,1
5,0,0.5403125,1
5,0,0.542815,1
5,0,0.5437662,1
5,0,0.53947425,1
5,0,0.5380773,1
5,0,0.54216295,1
5,0,0.54537416,1
5,0,0.5389109,1
5,0,0.5379517,1
5,0,0.53967947,1
5,0,0.54263127,1
5,0,0.53903466,1
5,0,0.5357218,1
5,0,0.53915256,1
5,0,0.5420359,1
5,0,0.5425562,1
5,0,0.5398298,1
5,0,0.5408204,1
5,0,0.54195297,1
5,0,0.5464077,1
5,0,0.5418348,1
5,0,0.5410415,1
5,0,0.53849113,1
5,0,0.54299927,1
5,0,0.53908056,1
5,0,0.53535813,1
5,0,0.5376898,1
5,0,0.542188,1
5,0,0.5384646,1
5,1,0.5379805,1
5,1,0.5358039,1
5,1,0.532066,1
5,1,0.5309852,1
5,1,0.5324319,1
5,1,0.5258829,1
5,1,0.53117484,1
5,1,0.53601617,1
5,1,0.5404195,1
5,1,0.5377118,1
5,1,0.52767295,1
5,1,0.5431298,1
5,1,0.53512174,1
5,1,0.5338094,1
5,1,0.5318833,1
5,1,0.5377853,1
5,1,0.53426695,1
5,1,0.53400826,1
5,1,0.54010963,1
5,1,0.5483535,1
5,1,0.5337311,1
5,1,0.54002243,1
5,1,0.53507787,1
5,1,0.5369538,1
5,1,0.539917,1
5,1,0.53513306,1
5,1,0.5329897,1
5,1,0.5364811,1
5,1,0.537717,1
5,1,0.53371084,1
5,1,0.5354661,1
5,0,0.5423412,1
5,0,0.5344767,1
5,0,0.5419301,1
5,0,0.5344631,1
5,0,0.53740907,1
5,0,0.5356413,1
5,0,0.54192406,1
5,0,0.5341992,1
5,0,0.53784424,1
5,0,0.536422,1
5,0,0.53402716,1
5,0,0.5343499,1
5,0,0.53325784,1
5,0,0.5369102,1
5,0,0.5340089,1
5,0,0.53969413,1
5,0,0.5339892,1
5,0,0.5317418,1
5,0,0.5381179,1
5,0,0.5358013,1
5,0,0.53452903,1
5,0,0.5375694,1
5,0,0.53594995,1
5,0,0.534558,1
5,0,0.5335451,1
5,0,0.5344294,1
5,0,0.537543,1
5,0,0.53471017,1
5,0,0.5378204,1
5,0,0.5401305,1
5,0,0.52781343,1
5,0,0.5321604,1
5,0,0.5324163,1
5,0,0.5312613,1
5,0,0.5333368,1
5,0,0.5302514,1
5,0,0.5364473,1
5,0,0.5304473,1
5,0,0.5304825,1
5,0,0.53262764,1
5,0,0.53133124,1
5,0,0.53379136,1
5,0,0.53229946,1
5,0,0.52971184,1
5,0,0.53411555,1
5,0,0.5441806,1
5,0,0.5423243,1
5,0,0.5293711,1
5,0,0.5296362,1
5,1,0.5375536,1
5,1,0.5408512,1
5,1,0.53640383,1
5,1,0.53248745,1
5,1,0.5371475,1
5,1,0.5381256,1
5,1,0.5383384,1
5,1,0.5332087,1
5,1,0.5394734,1
5,1,0.53884685,1
5,1,0.538763,1
5,1,0.5349935,1
5,1,0.53739065,1
5,1,0.53867376,1
5,1,0.5363981,1
5,1,0.5375514,1
5,1,0.53507376,1
5,1,0.5366519,1
5,1,0.5398406,1
5,1,0.5394624,1
5,1,0.53712255,1
5,1,0.5414626,1
5,1,0.5389066,1
5,0,0.543787,1
5,0,0.54583836,1
5,0,0.5447145,1
5,0,0.5412742,1
5,0,0.54040134,1
5,0,0.54161984,1
5,0,0.5423199,1
5,0,0.5402259,1
5,0,0.53908336,1
5,0,0.5415921,1
5,0,0.54219717,1
5,0,0.54428023,1
5,0,0.55117667,1
5,0,0.54436046,1
5,0,0.5400162,1
5,0,0.54644525,1
5,0,0.5435479,1
5,0,0.5440678,1
5,0,0.54393923,1
5,0,0.5470712,1
5,0,0.54205155,1
5,0,0.5475961,1
5,0,0.5442844,1
5,0,0.5410627,1
5,0,0.54563975,1
5,0,0.542808,1
5,0,0.5442765,1
5,0,0.54756033,1
5,0,0.5529647,1
5,0,0.53876084,1
5,1,0.54443246,1
5,1,0.5379908,1
5,1,0.54329634,1
5,1,0.54085743,1
5,1,0.5387633,1
5,1,0.5379776,1
5,1,0.5425499,1
5,1,0.54362553,1
5,1,0.53919303,1
5,1,0.54388475,1
5,1,0.5397898,1
5,1,0.54505503,1
5,1,0.5376036,1
5,0,0.5682093,1
5,0,0.56409276,1
5,0,0.5634832,1
5,0,0.5673023,1
5,0,0.56505036,1
5,0,0.56831795,1
5,0,0.5640546,1
5,0,0.5627824,1
5,0,0.5596885,1
5,0,0.5668654,1
5,0,0.56634617,1
5,0,0.5653129,1
5,0,0.5625182,1
5,0,0.5654908,1
5,0,0.5648142,1
5,0,0.56324166,1
5,0,0.5620666,1
5,0,0.56378067,1
5,0,0.5682235,1
5,0,0.56955737,1
5,0,0.56201285,1
5,0,0.5632858,1
5,0,0.56394404,1
5,0,0.5665994,1
5,0,0.5701285,1
5,0,0.5658035,1
5,0,0.5626815,1
5,0,0.5675885,1
5,0,0.5667264,1
5,0,0.5620657,1
5,0,0.564468,1
5,0,0.5682998,1
5,0,0.5669848,1
5,0,0.5636665,1
5,0,0.56151277,1
5,0,0.56333786,1
5,0,0.56235385,1
5,0,0.5610077,1
5,0,0.5653265,1
5,0,0.566909,1
5,0,0.56629646,1
5,0,0.5692873,1
5,0,0.56826997,1
5,0,0.56255573,1
5,0,0.56362385,1
5,0,0.56971383,1
5,0,0.5724268,1
5,0,0.56635004,1
5,0,0.56324756,1
5,0,0.5649745,1
5,0,0.56880814,1
5,0,0.56391644,1
5,0,0.5659092,1
5,0,0.56787616,1
5,0,0.5637073,1
5,0,0.5618569,1
5,0,0.5632316,1
5,0,0.5651282,1
5,0,0.5684285,1
5,0,0.5662187,1
5,0,0.5670945,1
5,0,0.5653964,1
5,0,0.56346726,1
5,0,0.56320393,1
5,0,0.5662063,1
5,0,0.56650025,1
5,0,0.5634813,1
5,0,0.565566,1
5,0,0.56487876,1
5,0,0.5626469,1
5,0,0.5636284,1
5,0,0.5693512,1
5,0,0.56868064,1
5,0,0.5639987,1
5,0,0.56508714,1
5,0,0.5656592,1
5,0,0.5685083,1
5,0,0.56964934,1
5,0,0.56530607,1
5,0,0.5605853,1
5,0,0.56301016,1
5,0,0.5663992,1
5,0,0.56556964,1
5,0,0.56645435,1
5,0,0.5690348,1
5,0,0.5695091,1
5,0,0.5671813,1
5,0,0.5646096,1
5,0,0.5640655,1
5,0,0.5657379,1
5,0,0.56611717,1
5,0,0.5639831,1
5,0,0.5658646,1
5,0,0.5647702,1
5,0,0.56344396,1
5,0,0.56369936,1
5,0,0.56824565,1
5,0,0.5649293,1
5,0,0.5623879,1
5,0,0.5677966,1
5,0,0.5667923,1
5,0,0.56898475,1
5,0,0.5666971,1
5,0,0.5695121,1
5,0,0.5687742,1
5,0,0.5624699,1
5,0,0.56282586,1
5,0,0.563778,1
5,0,0.56449753,1
5,0,0.5651507,1
5,0,0.56081337,1
5,0,0.5612773,1
5,0,0.56270206,1
5,0,0.5673704,1
5,0,0.5651684,1
5,0,0.5632122,1
5,0,0.562063,1
5,0,0.56467915,1
5,1,0.5427376,1
5,1,0.53697175,1
5,1,0.539203,1
5,1,0.5368587,1
5,1,0.5408665,1
5,1,0.537522,1
5,1,0.53955686,1
5,1,0.54212016,1
5,1,0.5499539,1
5,1,0.53759074,1
5,1,0.5389852,1
5,1,0.5504155,1
5,1,0.5447737,1
5,1,0.54172313,1
5,1,0.5385146,1
5,1,0.5496972,1
5,1,0.5418916,1
5,1,0.53880566,1
5,1,0.54258496,1
5,1,0.53951967,1
5,1,0.53830755,1
5,1,0.5459767,1
5,1,0.55001795,1
5,1,0.5511446,1
5,1,0.54725516,1
5,1,0.5463158,1
5,1,0.54723954,1
5,1,0.5475297,1
5,1,0.5497391,1
5,1,0.551115,1
5,1,0.5476539,1
5,1,0.54861337,1
5,1,0.54547405,1
5,1,0.5482425,1
5,1,0.54544157,1
5,1,0.55180514,1
5,1,0.54794997,1
5,0,0.5084215,1
5,0,0.51757723,1
5,0,0.517619,1
5,0,0.5104104,1
5,0,0.51206154,1
5,0,0.5061143,1
5,0,0.51544183,1
5,0,0.5117229,1
5,0,0.5083974,1
5,0,0.50339097,1
5,0,0.51218575,1
5,0,0.5065501,1
5,0,0.5166174,1
5,0,0.51010627,1
5,0,0.52268296,1
5,0,0.5101753,1
5,0,0.5133055,1
5,0,0.5097483,1
5,0,0.5143579,1
5,0,0.51213235,1
5,0,0.510386,1
5,0,0.5244953,1
5,0,0.5100603,1
5,0,0.5099755,1
5,0,0.5153229,1
5,0,0.50861007,1
5,0,0.5128095,1
5,0,0.5116662,1
5,0,0.5126354,1
5,0,0.5143952,1
5,0,0.5095746,1
5,0,0.509706,1
5,0,0.5140571,1
5,0,0.5108309,1
5,0,0.5149976,1
5,0,0.5135777,1
5,0,0.52039355,1
5,0,0.5144391,1
5,0,0.5094203,1
5,0,0.5136123,1
5,0,0.5126867,1
5,0,0.51012844,1
5,0,0.51085275,1
5,0,0.5161524,1
5,1,0.51268685,1
5,1,0.50950825,1
5,1,0.5125345,1
5,1,0.5109776,1
5,1,0.5127228,1
5,1,0.51122874,1
5,1,0.5563832,1
5,1,0.55531067,1
5,1,0.5617746,1
5,1,0.5560964,1
5,1,0.5545701,1
5,1,0.55809075,1
5,1,0.56008303,1
5,1,0.55796635,1
5,1,0.5573908,1
5,1,0.55913556,1
5,1,0.56029165,1
5,1,0.55613303,1
5,1,0.5552025,1
5,1,0.5594064,1
5,1,0.56034935,1
5,1,0.557113,1
5,1,0.5565514,1
5,1,0.56105185,1
5,1,0.56142133,1
5,1,0.5554819,1
5,1,0.55553997,1
5,1,0.55799896,1
5,1,0.5594208,1
5,1,0.5544184,1
5,1,0.5416333,1
5,1,0.53832,1
5,1,0.54057556,1
5,1,0.5403278,1
5,1,0.54244125,1
5,1,0.5362211,1
5,1,0.5405025,1
5,1,0.54094535,1
5,1,0.54379404,1
5,1,0.5430194,1
5,1,0.5472792,1
5,1,0.54316014,1
5,1,0.5426775,1
5,1,0.5470821,1
5,1,0.5518888,1
5,1,0.5407164,1
5,1,0.54022366,1
5,1,0.54614913,1
5,1,0.5474741,1
5,1,0.54130757,1
5,1,0.54047734,1
5,1,0.5436191,1
5,1,0.54669446,1
5,1,0.5418579,1
5,1,0.54101676,1
5,1,0.5448302,1
5,1,0.5428395,1
5,1,0.54295856,1
5,1,0.5667805,1
5,1,0.5671741,1
5,1,0.56216204,1
5,1,0.56714845,1
5,1,0.56716704,1
5,1,0.5629828,1
5,1,0.5615559,1
5,1,0.567006,1
5,1,0.5714512,1
5,1,0.56446505,1
5,1,0.5623481,1
5,1,0.5667198,1
5,1,0.5688089,1
5,1,0.5655317,1
5,1,0.56366146,1
5,1,0.5664308,1
5,1,0.5629829,1
5,1,0.56473356,1
5,1,0.5628971,1
5,1,0.5681755,1
5,1,0.5641173,1
5,1,0.5623104,1
5,1,0.5662308,1
5,1,0.5641874,1
5,1,0.56616616,1
5,1,0.56202585,1
5,1,0.5622041,1
5,1,0.56791085,1
5,1,0.5653012,1
5,1,0.56327003,1
5,1,0.5645306,1
5,1,0.56548357,1
5,1,0.5633019,1
5,1,0.561265,1
5,1,0.5679415,1
5,1,0.5642351,1
5,1,0.56550956,1
5,1,0.5641986,1
5,1,0.5675808,1
5,1,0.5658652,1
5,1,0.564188,1
5,1,0.5628868,1
5,1,0.56716424,1
5,1,0.56604743,1
5,1,0.5643645,1
5,1,0.56320596,1
5,1,0.56341076,1
5,1,0.5656584,1
5,1,0.5638287,1
5,1,0.562844,1
5,1,0.5607166,1
5,1,0.56555814,1
5,1,0.5667212,1
5,1,0.56491274,1
5,1,0.5638769,1
5,0,0.54147875,1
5,0,0.5452286,1
5,0,0.54644525,1
5,0,0.5435479,1
5,0,0.5440678,1
5,0,0.54393923,1
5,0,0.5470712,1
5,0,0.54205155,1
5,0,0.5475961,1
5,0,0.54428446,1
5,0,0.5410627,1
5,0,0.5456397,1
5,0,0.542808,1
5,0,0.5442765,1
5,0,0.54756033,1
5,0,0.55437696,1
5,0,0.5593019,1
5,0,0.5497322,1
5,0,0.55915266,1
5,0,0.5596443,1
5,0,0.5578739,1
5,0,0.5649051,1
5,0,0.56014425,1
5,0,0.56123245,1
5,0,0.56434673,1
5,0,0.56314063,1
5,0,0.5645458,1
5,0,0.56090856,1
5,0,0.56145203,1
5,0,0.55967134,1
5,0,0.5539912,1
5,0,0.5567069,1
5,0,0.55439657,1
5,0,0.56187844,1
5,0,0.5557475,1
5,0,0.5578134,1
5,0,0.55892706,1
5,0,0.5598341,1
5,0,0.5590271,1
5,0,0.5560258,1
5,0,0.55597115,1
5,0,0.5583399,1
5,0,0.5533932,1
5,0,0.5551371,1
5,0,0.56240034,1
5,0,0.5558664,1
5,0,0.5547312,1
5,0,0.5572475,1
5,0,0.55895895,1
5,0,0.56070685,1
5,0,0.55863476,1
5,0,0.56088614,1
5,0,0.5559678,1
5,0,0.5539594,1
5,0,0.5567062,1
5,0,0.561489,1
5,0,0.5612732,1
5,0,0.5574149,1
5,0,0.5572396,1
5,0,0.55839944,1
5,0,0.5584469,1
5,0,0.5570815,1
5,0,0.5605651,1
5,0,0.559137,1
5,0,0.5555455,1
5,0,0.55820936,1
5,0,0.56039834,1
5,0,0.56123906,1
5,0,0.5616966,1
5,0,0.5560115,1
5,0,0.55842626,1
5,0,0.5583578,1
5,0,0.5625505,1
5,0,0.56136364,1
5,0,0.5580195,1
5,0,0.5561162,1
5,0,0.56082946,1
5,0,0.5558733,1
5,0,0.56319547,1
5,0,0.563039,1
5,0,0.5595545,1
5,0,0.56119394,1
5,0,0.5621356,1
5,0,0.5591229,1
5,0,0.55999804,1
5,0,0.55886865,1
5,0,0.5605555,1
5,0,0.556076,1
5,0,0.56266564,1
5,0,0.55625737,1
5,0,0.55941963,1
5,0,0.5665175,1
5,0,0.5675114,1
5,0,0.5582601,1
5,0,0.56008035,1
5,0,0.56393266,1
5,0,0.5617814,1
5,0,0.56126285,1
5,0,0.55737144,1
5,0,0.55739653,1
5,0,0.55717874,1
5,0,0.55546784,1
5,0,0.5575927,1
5,0,0.5595083,1
5,0,0.56158113,1
5,0,0.5571307,1
5,0,0.55852354,1
5,0,0.5597629,1
5,0,0.5565912,1
5,0,0.5579152,1
5,0,0.56152874,1
5,0,0.56190515,1
5,0,0.5553585,1
5,0,0.5554959,1
5,0,0.5609456,1
5,0,0.5616041,1
5,0,0.55537605,1
5,0,0.5585298,1
5,0,0.5604911,1
5,0,0.55821824,1
5,0,0.55772966,1
5,0,0.56368273,1
5,0,0.5612174,1
5,0,0.5579153,1
5,0,0.55758166,1
5,0,0.5626769,1
5,0,0.56136894,1
5,0,0.55926055,1
5,0,0.55744636,1
5,0,0.56341773,1
5,0,0.5631706,1
5,0,0.5571219,1
5,0,0.5567161,1
5,0,0.55498385,1
5,0,0.5558999,1
5,0,0.55773115,1
5,0,0.55383426,1
5,0,0.5551121,1
5,0,0.5558351,1
5,0,0.5567346,1
5,0,0.55887824,1
5,0,0.5565033,1
5,0,0.5566128,1
5,0,0.55508137,1
5,1,0.5607241,1
5,1,0.5609815,1
5,1,0.5619285,1
5,1,0.560453,1
5,1,0.561389,1
5,1,0.5584157,1
5,1,0.5570367,1
5,1,0.5581555,1
5,1,0.5599403,1
5,1,0.55603266,1
5,1,0.5591598,1
5,1,0.56071657,1
5,1,0.5570092,1
5,1,0.5571023,1
5,1,0.55907446,1
5,0,0.55645907,1
5,0,0.55601656,1
5,0,0.5539694,1
5,0,0.554006,1
5,0,0.5549848,1
5,0,0.55763763,1
5,0,0.5549212,1
5,0,0.5512081,1
5,0,0.5514064,1
5,0,0.5540749,1
5,0,0.5568793,1
5,0,0.55661404,1
5,0,0.5566073,1
5,0,0.5543457,1
5,0,0.55504864,1
5,0,0.5587163,1
5,0,0.5585928,1
5,0,0.55522376,1
5,0,0.5551771,1
5,0,0.5505834,1
5,0,0.5562686,1
5,0,0.5538569,1
5,0,0.5568016,1
5,0,0.5577675,1
5,0,0.5555485,1
5,0,0.55464137,1
5,0,0.55618805,1
5,0,0.55655384,1
5,0,0.5558566,1
5,0,0.55378085,1
5,0,0.5574001,1
5,0,0.55352724,1
5,0,0.5567782,1
5,0,0.55790854,1
5,0,0.55648375,1
5,0,0.5591497,1
5,0,0.5586015,1
5,0,0.5571299,1
5,0,0.55824417,1
5,0,0.55836815,1
5,0,0.5615052,1
5,0,0.55522835,1
5,0,0.5600694,1
5,0,0.5575066,1
5,0,0.5562803,1
5,1,0.5575532,1
5,1,0.55744475,1
5,1,0.5570912,1
5,1,0.5578135,1
5,1,0.5539647,1
5,1,0.5614228,1
5,1,0.55165225,1
5,1,0.55438167,1
5,1,0.55571115,1
5,1,0.56144696,1
5,1,0.556625,1
5,1,0.5556635,1
5,1,0.5559314,1
5,1,0.55293214,1
5,1,0.5574037,1
5,1,0.5566117,1
5,1,0.5579343,1
5,1,0.55894256,1
5,0,0.5554345,1
5,0,0.554441,1
5,0,0.5553421,1
5,0,0.5574886,1
5,0,0.55166006,1
5,0,0.53031147,1
5,0,0.53451437,1
5,0,0.5362697,1
5,0,0.5292628,1
5,0,0.5331392,1
5,0,0.53222513,1
5,0,0.53484553,1
5,0,0.53513485,1
5,0,0.53461945,1
5,0,0.53501725,1
5,0,0.53561807,1
5,0,0.5317813,1
5,0,0.5331597,1
5,0,0.53855944,1
5,0,0.54406947,1
5,0,0.54257154,1
5,1,0.5384508,1
5,1,0.53290486,1
5,1,0.5463746,1
5,1,0.5378069,1
5,1,0.5456673,1
5,1,0.53664213,1
5,1,0.5464815,1
5,1,0.53347194,1
5,1,0.5340818,1
5,1,0.5377996,1
5,1,0.5399985,1
5,1,0.5337757,1
5,1,0.5372021,1
5,1,0.5478782,1
5,1,0.5338947,1
5,1,0.5322686,1
5,1,0.54238147,1
5,1,0.5362802,1
5,1,0.5429564,1
5,1,0.54273033,1
5,1,0.54240465,1
5,1,0.54085135,1
5,1,0.5499877,1
5,1,0.5417285,1
5,1,0.5419697,1
5,1,0.5411276,1
5,1,0.54174703,1
5,1,0.54192346,1
5,1,0.5375048,1
5,1,0.5354998,1
5,1,0.54514426,1
5,1,0.5444539,1
5,1,0.5421773,1
5,1,0.54048496,1
5,1,0.54745185,1
5,1,0.54469234,1
5,1,0.54303086,1
5,1,0.54334015,1
5,1,0.5475725,1
5,1,0.5416256,1
5,1,0.55040056,1
5,1,0.51231664,1
5,1,0.5097574,1
5,1,0.5131792,1
5,1,0.51439977,1
5,1,0.5175561,1
5,1,0.5102671,1
5,1,0.5083524,1
5,1,0.50905555,1
5,1,0.51259416,1
5,1,0.5081728,1
5,1,0.512461,1
5,1,0.5149281,1
5,0,0.5638941,1
5,0,0.56412965,1
5,0,0.5619999,1
5,0,0.56524724,1
5,0,0.56002074,1
5,1,0.5667885,1
5,1,0.5688421,1
5,1,0.5622892,1
5,1,0.5646127,1
5,1,0.5649911,1
5,1,0.560195,1
5,1,0.5616629,1
5,1,0.558344,1
5,1,0.5685455,1
5,1,0.5634679,1
5,1,0.55982965,1
5,1,0.55536616,1
5,1,0.5609487,1
5,1,0.5580862,1
5,1,0.56224716,1
5,1,0.5558825,1
5,1,0.5628877,1
5,1,0.5673128,1
5,1,0.56304044,1
5,1,0.5621588,1
5,1,0.56318563,1
5,1,0.56053334,1
5,1,0.56386673,1
5,1,0.56212443,1
5,1,0.56086373,1
5,0,0.55764776,1
5,0,0.559545,1
5,0,0.55847317,1
5,0,0.561612,1
5,0,0.5671488,1
5,0,0.56260175,1
5,0,0.55980057,1
5,0,0.5600551,1
5,0,0.5626097,1
5,0,0.5618864,1
5,0,0.5629538,1
5,0,0.56508,1
5,0,0.56177676,1
5,0,0.5587139,1
5,0,0.55785567,1
5,0,0.56639624,1
5,0,0.56457716,1
5,0,0.5569855,1
5,0,0.5636345,1
5,0,0.56630594,1
5,0,0.5599768,1
5,0,0.5627052,1
5,0,0.5627913,1
5,0,0.5639888,1
5,0,0.56469744,1
5,0,0.5661607,1
5,0,0.5620883,1
5,0,0.55590636,1
5,0,0.5601865,1
5,0,0.5566459,1
5,0,0.55825007,1
5,0,0.56400913,1
5,0,0.5658012,1
5,0,0.56612664,1
5,0,0.5607904,1
5,0,0.56678605,1
5,0,0.57178634,1
5,0,0.562764,1
5,0,0.56096035,1
5,0,0.56282514,1
5,0,0.5669313,1
5,0,0.5695782,1
5,0,0.56820166,1
5,0,0.5634363,1
5,0,0.5625019,1
5,0,0.5622414,1
5,0,0.5664626,1
5,0,0.5674416,1
5,0,0.5613627,1
5,0,0.5593492,1
5,0,0.5632117,1
5,0,0.5648087,1
5,0,0.56005555,1
5,0,0.56374836,1
5,0,0.56397325,1
5,0,0.56135374,1
5,0,0.5622496,1
5,0,0.56425077,1
5,0,0.56768733,1
5,0,0.5566167,1
5,1,0.55808216,1
5,1,0.5631339,1
5,1,0.56363106,1
5,1,0.5588853,1
5,1,0.5621343,1
5,1,0.56638354,1
5,1,0.56136435,1
5,1,0.5596625,1
5,1,0.55978787,1
5,1,0.5664007,1
5,0,0.5611813,1
5,0,0.56588113,1
5,0,0.5641688,1
5,0,0.5637561,1
5,0,0.559827,1
5,0,0.5640454,1
5,0,0.56278616,1
5,0,0.5590476,1
5,0,0.5641814,1
5,0,0.5654634,1
5,1,0.5645689,1
5,1,0.5660769,1
5,1,0.5666805,1
5,1,0.56811327,1
5,1,0.56296986,1
5,1,0.56228995,1
5,1,0.5608498,1
5,1,0.56791073,1
5,1,0.56521356,1
5,1,0.5610478,1
5,1,0.562347,1
5,1,0.564825,1
5,1,0.5637958,1
5,1,0.5563442,1
5,1,0.56503993,1
5,0,0.5639752,1
5,0,0.5590343,1
5,0,0.557871,1
5,0,0.5632738,1
5,0,0.56060016,1
5,0,0.5543631,1
5,0,0.5578241,1
5,0,0.5617404,1
5,0,0.5662865,1
5,0,0.561954,1
5,0,0.56297064,1
5,0,0.56298405,1
5,0,0.55886406,1
5,0,0.5635393,1
5,0,0.56186974,1
5,0,0.5669133,1
5,0,0.56255347,1
5,0,0.56656563,1
5,0,0.5643502,1
5,0,0.56148875,1
5,0,0.5620677,1
5,0,0.5674507,1
5,0,0.5675293,1
5,0,0.565715,1
5,0,0.5647388,1
5,0,0.56536305,1
5,0,0.56599677,1
5,0,0.56446296,1
5,0,0.5640971,1
5,0,0.56312555,1
5,0,0.56731117,1
5,0,0.56346667,1
5,0,0.55860984,1
5,0,0.564278,1
5,0,0.5651047,1
5,0,0.56362355,1
5,0,0.5588845,1
5,0,0.56164503,1
5,0,0.55899984,1
5,0,0.5617897,1
5,0,0.56107,1
5,0,0.56225806,1
5,0,0.5621732,1
5,0,0.5622945,1
5,0,0.56064403,1
5,1,0.56088436,1
5,1,0.5676761,1
5,1,0.56155926,1
5,1,0.562114,1
5,1,0.5662254,1
5,1,0.5615505,1
5,1,0.5617444,1
5,1,0.56383634,1
5,1,0.5664951,1
5,1,0.56105024,1
5,0,0.561226,1
5,0,0.56435215,1
5,0,0.5641031,1
5,0,0.5615874,1
5,0,0.5635078,1
5,0,0.56000787,1
5,0,0.55906665,1
5,0,0.56107396,1
5,0,0.5622268,1
5,0,0.56337285,1
5,0,0.5616938,1
5,0,0.5585298,1
5,0,0.5614265,1
5,0,0.560363,1
5,0,0.55821395,1
5,0,0.5601079,1
5,0,0.5605188,1
5,0,0.5664263,1
5,0,0.56381154,1
5,0,0.5604902,1
5,0,0.56286836,1
5,0,0.5642909,1
5,0,0.5639414,1
5,0,0.5635675,1
5,0,0.56320846,1
5,0,0.5651613,1
5,0,0.55723333,1
5,0,0.5621853,1
5,0,0.5656235,1
5,0,0.5596536,1
5,0,0.5622312,1
5,0,0.56251484,1
5,0,0.55871505,1
5,0,0.5625032,1
5,0,0.5659305,1
5,0,0.56061035,1
5,0,0.5557169,1
5,0,0.5587002,1
5,0,0.55741894,1
5,0,0.5560839,1
5,1,0.5352944,1
5,1,0.53855187,1
5,1,0.53613484,1
5,1,0.5399479,1
5,1,0.53697497,1
5,1,0.5340681,1
5,1,0.5363732,1
5,1,0.53632236,1
5,1,0.5353459,1
5,1,0.5376927,1
5,1,0.5382965,1
5,1,0.5368028,1
5,1,0.54089457,1
5,1,0.5364285,1
5,1,0.53956616,1
5,1,0.53901213,1
5,1,0.5399411,1
5,1,0.5401904,1
5,1,0.5359473,1
5,1,0.536807,1
5,1,0.5374864,1
5,1,0.5424264,1
5,1,0.53304654,1
5,1,0.5466953,1
5,1,0.534226,1
5,1,0.53447497,1
5,1,0.5332396,1
5,1,0.53234684,1
5,1,0.5367865,1
5,1,0.5372929,1
5,1,0.53793234,1
5,1,0.53259027,1
5,1,0.535608,1
5,1,0.5421386,1
5,1,0.53277296,1
5,1,0.5340664,1
5,1,0.531631,1
5,1,0.53541374,1
5,1,0.53519523,1
5,1,0.53416073,1
5,1,0.5316596,1
5,1,0.5440812,1
5,1,0.5429569,1
5,1,0.53082514,1
5,1,0.53437436,1
5,1,0.53903705,1
5,1,0.5395296,1
5,1,0.5287941,1
5,1,0.53506416,1
5,1,0.5312893,1
5,1,0.52871823,1
5,1,0.5342601,1
5,1,0.5332952,1
5,1,0.53657895,1
5,1,0.5355059,1
5,1,0.5365246,1
5,1,0.52934766,1
5,1,0.53814226,1
5,1,0.5374209,1
5,1,0.5379636,1
5,1,0.5343101,1
5,1,0.5442657,1
5,1,0.53350496,1
5,1,0.5421079,1
5,1,0.5372843,1
5,1,0.53340185,1
5,1,0.53493917,1
5,1,0.5408542,1
5,1,0.5391269,1
5,1,0.5393765,1
5,1,0.53606254,1
5,1,0.5431698,1
5,1,0.5475976,1
5,1,0.546678,1
5,1,0.53729194,1
5,1,0.5322343,1
5,1,0.5428024,1
5,1,0.5390671,1
5,1,0.53301287,1
5,1,0.5375049,1
5,1,0.53377146,1
5,1,0.53975177,1
5,1,0.54121405,1
5,1,0.5405654,1
5,1,0.5380031,1
5,1,0.5368421,1
5,1,0.5424819,1
5,1,0.54126996,1
5,1,0.5384512,1
5,1,0.5404098,1
5,1,0.54220814,1
5,1,0.54245025,1
5,1,0.53745633,1
5,1,0.5424047,1
5,1,0.5413314,1
5,1,0.54386806,1
5,1,0.5369877,1
5,1,0.5401579,1
5,1,0.5371772,1
5,1,0.5388971,1
5,1,0.53664,1
5,1,0.54019004,1
5,1,0.53996277,1
5,1,0.53565496,1
5,1,0.54123056,1
5,1,0.5447479,1
5,1,0.5417775,1
5,1,0.53787756,1
5,1,0.5362845,1
5,1,0.5318975,1
5,1,0.53618866,1
5,1,0.53611946,1
5,1,0.533301,1
5,1,0.5340315,1
5,1,0.53454894,1
5,1,0.5382693,1
5,1,0.5410319,1
5,1,0.5379527,1
5,1,0.54561657,1
5,1,0.5347766,1
5,1,0.542839,1
5,1,0.53641474,1
5,1,0.53599703,1
5,1,0.54048854,1
5,1,0.5423774,1
5,1,0.5386259,1
5,1,0.5395385,1
5,1,0.53855103,1
5,1,0.54018253,1
5,1,0.537222,1
5,1,0.54061747,1
5,1,0.5470226,1
5,1,0.5406576,1
5,1,0.5395633,1
5,1,0.54323894,1
5,1,0.54073626,1
5,1,0.5385806,1
5,1,0.53783107,1
5,1,0.5423112,1
5,1,0.5434603,1
5,1,0.53896517,1
5,1,0.54371524,1
5,1,0.53958225,1
5,1,0.5449414,1
5,1,0.5378067,1
5,1,0.5436494,1
5,1,0.5414489,1
5,1,0.54305285,1
5,1,0.5406698,1
5,1,0.54201627,1
5,1,0.5441736,1
5,1,0.5417323,1
5,1,0.54132617,1
5,1,0.5435444,1
5,1,0.5426997,1
5,1,0.54218984,1
5,1,0.54241246,1
5,1,0.5422411,1
5,1,0.5469156,1
5,1,0.5458955,1
5,1,0.53769076,1
5,1,0.53714746,1
5,1,0.5415046,1
5,1,0.53916436,1
5,1,0.5396089,1
5,1,0.53617334,1
5,1,0.54159856,1
5,1,0.5344809,1
5,1,0.53617877,1
5,1,0.5367422,1
5,1,0.541558,1
5,1,0.54389566,1
5,1,0.53880894,1
5,1,0.54303557,1
5,1,0.5423303,1
5,1,0.5354089,1
5,1,0.5421915,1
5,1,0.5416598,1
5,1,0.54939765,1
5,1,0.541268,1
5,1,0.54210544,1
5,1,0.5435934,1
5,1,0.5422617,1
5,1,0.54800904,1
5,1,0.5371887,1
5,1,0.5400711,1
5,1,0.54309684,1
5,1,0.5452261,1
5,1,0.5440262,1
5,1,0.54523563,1
5,1,0.54737747,1
5,1,0.54623884,1
5,1,0.5463153,1
5,1,0.54167587,1
5,1,0.54028475,1
5,1,0.54896206,1
5,1,0.54124624,1
5,1,0.540207,1
5,1,0.5443103,1
5,1,0.5428989,1
5,1,0.537781,1
5,1,0.54212224,1
5,1,0.5382011,1
5,1,0.5344511,1
5,1,0.5376417,1
5,1,0.53869706,1
5,1,0.54742754,1
5,1,0.5365903,1
5,1,0.542522,1
5,1,0.53671163,1
5,1,0.5451519,1
5,1,0.5376473,1
5,1,0.535107,1
5,1,0.5382964,1
5,1,0.5362023,1
5,1,0.54134583,1
5,1,0.54321384,1
5,1,0.53775257,1
5,1,0.5352368,1
5,1,0.5402954,1
5,1,0.5437142,1
5,1,0.5373499,1
5,1,0.54823756,1
5,1,0.5409824,1
5,1,0.53712183,1
5,1,0.5397557,1
5,1,0.5432718,1
5,1,0.54154205,1
5,1,0.5381707,1
5,1,0.5388653,1
5,1,0.5371695,1
5,1,0.5405267,1
5,1,0.53990835,1
5,1,0.53891194,1
5,1,0.54007787,1
5,1,0.5422174,1
5,1,0.5408992,1
5,1,0.5410421,1
5,1,0.54312664,1
5,1,0.54033816,1
5,1,0.53867644,1
5,1,0.53899163,1
5,1,0.5402611,1
5,1,0.5407394,1
5,1,0.537935,1
5,1,0.5375713,1
5,1,0.537512,1
5,1,0.5398757,1
5,1,0.53885,1
5,1,0.54231375,1
5,1,0.53903896,1
5,1,0.53773606,1
5,1,0.53402674,1
5,1,0.5409423,1
5,1,0.5372551,1
5,1,0.535376,1
5,1,0.5359968,1
5,1,0.53929806,1
5,1,0.5401586,1
5,1,0.5386526,1
5,1,0.53429604,1
5,1,0.5390211,1
5,1,0.5389005,1
5,1,0.533455,1
5,1,0.5384585,1
5,1,0.55278176,1
5,1,0.53788394,1
5,1,0.54171145,1
5,1,0.55462486,1
5,1,0.54268104,1
5,1,0.543046,1
5,1,0.5418059,1
5,1,0.56505394,1
5,1,0.5601966,1
5,1,0.56308216,1
5,1,0.5641804,1
5,1,0.5604738,1
5,1,0.56261367,1
5,1,0.5625742,1
5,1,0.56048954,1
5,1,0.5615602,1
5,1,0.5625608,1
5,1,0.5655276,1
5,1,0.5622358,1
5,1,0.56603086,1
5,1,0.56703824,1
5,1,0.5637889,1
5,1,0.56193966,1
5,1,0.5626518,1
5,1,0.56710184,1
5,1,0.5622316,1
5,1,0.5641691,1
5,1,0.5660294,1
5,1,0.5630922,1
5,1,0.56491536,1
5,1,0.5635595,1
5,1,0.5656741,1
5,1,0.5651121,1
5,1,0.56678164,1
5,1,0.5646749,1
5,1,0.56482303,1
5,1,0.5682422,1
5,1,0.5511545,1
5,1,0.5441257,1
5,1,0.54365706,1
5,1,0.54512286,1
5,1,0.5414282,1
5,1,0.5442882,1
5,1,0.54093987,1
5,1,0.54138625,1
5,1,0.54693395,1
5,1,0.5422904,1
5,1,0.536766,1
5,1,0.5444334,1
5,1,0.5423488,1
5,1,0.5445154,1
5,1,0.5423417,1
5,1,0.5657301,1
5,1,0.56403106,1
5,1,0.561336,1
5,1,0.56258714,1
5,1,0.5611069,1
5,1,0.55989826,1
5,1,0.5586471,1
5,1,0.5612105,1
5,1,0.54782736,1
5,1,0.5456876,1
5,1,0.5463691,1
5,1,0.5407128,1
5,1,0.5430283,1
5,1,0.5479574,1
5,1,0.5431731,1
5,1,0.55243146,1
5,1,0.54347664,1
5,1,0.53281856,1
5,1,0.53400916,1
5,1,0.5383067,1
5,1,0.53666353,1
5,1,0.53329796,1
5,1,0.53878075,1
5,1,0.53196865,1
5,1,0.53449786,1
5,1,0.53893846,1
5,1,0.5383077,1
5,1,0.5336615,1
5,1,0.5339079,1
5,1,0.5339947,1
5,1,0.53687143,1
5,1,0.53609014,1
5,1,0.54026055,1
5,1,0.53857994,1
5,1,0.53644085,1
5,1,0.5374234,1
5,1,0.53993136,1
5,1,0.5394775,1
5,1,0.5387952,1
5,1,0.5337762,1
5,1,0.5358155,1
5,1,0.5325602,1
5,1,0.53619397,1
5,1,0.53367877,1
5,1,0.5446102,1
5,1,0.53246087,1
5,1,0.529645,1
5,1,0.5348051,1
5,1,0.53715473,1
5,0,0.5350069,1
5,0,0.5342915,1
5,0,0.5344382,1
5,0,0.53433126,1
5,0,0.5385132,1
5,0,0.54453737,1
5,0,0.54354054,1
5,0,0.5338049,1
5,0,0.54664993,1
5,0,0.54689103,1
5,0,0.55450493,1
5,0,0.5457098,1
5,0,0.5458896,1
5,0,0.5505462,1
5,0,0.55072826,1
5,0,0.5520915,1
5,0,0.55002236,1
5,0,0.54804325,1
5,0,0.54839265,1
5,0,0.5481196,1
5,0,0.5510133,1
5,0,0.5534375,1
5,0,0.54662824,1
5,0,0.54969263,1
5,0,0.5526584,1
5,0,0.5485225,1
5,0,0.54631335,1
5,0,0.55280906,1
5,0,0.55035293,1
5,0,0.5481927,1
5,0,0.5490516,1
5,0,0.5484949,1
5,0,0.54762936,1
5,0,0.54898274,1
5,0,0.55254626,1
5,0,0.5537303,1
5,0,0.5528799,1
5,0,0.5513729,1
5,0,0.55228454,1
5,0,0.55405277,1
5,0,0.552714,1
5,0,0.5530174,1
5,0,0.5498446,1
5,0,0.5487466,1
5,0,0.5510126,1
5,0,0.5502044,1
5,0,0.55645275,1
5,0,0.5509494,1
5,0,0.55304384,1
5,0,0.5549229,1
5,0,0.55546933,1
5,0,0.5537202,1
5,0,0.55284435,1
5,0,0.5514864,1
5,0,0.5519241,1
5,0,0.54794645,1
5,0,0.5498331,1
5,0,0.55186385,1
5,0,0.556358,1
5,0,0.55086154,1
5,0,0.54844356,1
5,0,0.55123556,1
5,0,0.5532665,1
5,0,0.55564755,1
5,0,0.5550152,1
5,0,0.55784625,1
5,0,0.55180717,1
5,0,0.55023503,1
5,0,0.55205053,1
5,0,0.55540353,1
5,0,0.5551853,1
5,0,0.5530196,1
5,0,0.55304223,1
5,0,0.55356985,1
5,0,0.5550206,1
5,0,0.5524941,1
5,0,0.556163,1
5,0,0.5513441,1
5,0,0.5507675,1
5,0,0.55252784,1
5,0,0.55513585,1
5,0,0.55495715,1
5,0,0.5546712,1
5,0,0.5506694,1
5,0,0.55282605,1
5,0,0.55074525,1
5,0,0.55765986,1
5,0,0.5549201,1
5,0,0.55343974,1
5,0,0.5531761,1
5,0,0.557349,1
5,0,0.5518568,1
5,0,0.560254,1
5,0,0.558904,1
5,0,0.55459297,1
5,0,0.5563436,1
5,0,0.55698055,1
5,0,0.5535871,1
5,0,0.5551248,1
5,0,0.5544772,1
5,0,0.5557879,1
5,0,0.55238557,1
5,0,0.5597994,1
5,0,0.55106574,1
5,0,0.5554316,1
5,0,0.5629428,1
5,0,0.5600434,1
5,0,0.55466944,1
5,0,0.56148803,1
5,0,0.5572519,1
5,1,0.55422413,1
5,1,0.5556049,1
5,1,0.55204153,1
5,1,0.554013,1
5,1,0.55196816,1
5,1,0.55121106,1
5,1,0.5512911,1
5,1,0.5540587,1
5,1,0.55891937,1
5,1,0.55362904,1
5,1,0.5542835,1
5,1,0.554716,1
5,1,0.551652,1
5,1,0.5524052,1
5,1,0.556077,1
5,1,0.5538293,1
5,1,0.5500425,1
5,1,0.55177766,1
5,0,0.55434006,1
5,0,0.5548097,1
5,0,0.5495728,1
5,0,0.5528819,1
5,0,0.55411404,1
5,0,0.5509696,1
5,0,0.55053675,1
5,0,0.55707276,1
5,0,0.5510229,1
5,0,0.5516794,1
5,0,0.55052245,1
5,0,0.5569598,1
5,0,0.55452055,1
5,0,0.5529827,1
5,0,0.5518268,1
5,0,0.55639535,1
5,0,0.55624825,1
5,0,0.5509351,1
5,0,0.5502509,1
5,0,0.54934126,1
5,0,0.54985267,1
5,0,0.5530603,1
5,0,0.5491134,1
5,0,0.5494153,1
5,0,0.55073124,1
5,0,0.5526929,1
5,0,0.55338967,1
5,0,0.5500271,1
5,0,0.54915667,1
5,0,0.5489972,1
5,0,0.554003,1
5,0,0.5503229,1
5,0,0.5549309,1
5,0,0.5528399,1
5,0,0.5543784,1
5,0,0.552231,1
5,0,0.5496048,1
5,0,0.5527691,1
5,0,0.55328244,1
5,0,0.5516825,1
5,0,0.5492523,1
5,0,0.5544036,1
5,0,0.5499876,1
5,0,0.55030596,1
5,0,0.552503,1
5,0,0.54847485,1
5,0,0.54780555,1
5,0,0.5477278,1
5,0,0.54554987,1
5,0,0.55126214,1
5,0,0.55230725,1
5,0,0.5497334,1
5,0,0.54641134,1
5,0,0.54715514,1
5,0,0.55009043,1
5,0,0.5487721,1
5,0,0.55054486,1
5,0,0.55016,1
5,0,0.5470341,1
5,0,0.54895556,1
5,0,0.5521511,1
5,0,0.5500956,1
5,0,0.54863876,1
5,0,0.5518875,1
5,0,0.5476477,1
5,0,0.5496911,1
5,0,0.54357487,1
5,0,0.5514239,1
5,0,0.5506177,1
5,0,0.54787785,1
5,0,0.54859984,1
5,0,0.55324227,1
5,0,0.54953945,1
5,0,0.54884624,1
5,0,0.55058235,1
5,0,0.5534504,1
5,0,0.5487106,1
5,0,0.5462782,1
5,0,0.5517372,1
5,0,0.55406517,1
5,0,0.5531558,1
5,0,0.55123615,1
5,0,0.5481402,1
5,0,0.5530519,1
5,0,0.5524795,1
5,0,0.548751,1
5,0,0.5516377,1
5,0,0.54739994,1
5,0,0.55081177,1
5,0,0.5469995,1
5,0,0.5425868,1
5,0,0.54352343,1
5,0,0.5479639,1
5,0,0.5458305,1
5,0,0.5414351,1
5,0,0.5531946,1
5,0,0.540879,1
5,0,0.5429534,1
5,0,0.5471987,1
5,0,0.5522101,1
5,0,0.5476921,1
5,0,0.5485767,1
5,0,0.5492648,1
5,0,0.5444145,1
5,0,0.548199,1
5,1,0.5497548,1
5,1,0.55269766,1
5,1,0.5551654,1
5,1,0.54796046,1
5,1,0.551688,1
5,1,0.5468646,1
5,1,0.5450461,1
5,1,0.5479746,1
5,1,0.55004984,1
5,1,0.5439672,1
5,1,0.5437394,1
5,1,0.5494691,1
5,1,0.550301,1
5,1,0.53853476,1
5,1,0.539495,1
5,1,0.5389479,1
5,1,0.5380382,1
5,1,0.5391726,1
5,1,0.53388333,1
5,1,0.54217553,1
5,1,0.5375898,1
5,1,0.5402421,1
5,1,0.5497287,1
5,1,0.55196446,1
5,1,0.53972965,1
5,1,0.5387895,1
5,1,0.53913414,1
5,1,0.55197,1
5,1,0.53863907,1
5,1,0.544697,1
5,1,0.54080415,1
5,1,0.54607284,1
5,1,0.54053575,1
5,1,0.54140574,1
5,1,0.5429179,1
5,1,0.5434845,1
5,1,0.5464685,1
5,1,0.5419195,1
5,1,0.54041743,1
5,1,0.5412029,1
5,1,0.54811203,1
5,1,0.54346657,1
5,1,0.5481386,1
5,1,0.542302,1
5,1,0.5411437,1
5,1,0.5453423,1
5,1,0.5454882,1
5,1,0.5449025,1
5,1,0.548047,1
5,1,0.54243314,1
5,1,0.54336494,1
5,1,0.54747903,1
5,1,0.5447113,1
5,1,0.53755903,1
5,1,0.5401397,1
5,1,0.54179907,1
5,1,0.5431989,1
5,1,0.5437061,1
5,1,0.54537094,1
5,1,0.54457414,1
5,1,0.5427478,1
5,1,0.5453403,1
5,1,0.54422057,1
5,1,0.54371077,1
5,1,0.5410006,1
5,1,0.54363495,1
5,1,0.54340607,1
5,1,0.5482943,1
5,1,0.53953993,1
5,1,0.54257977,1
5,1,0.5442507,1
5,1,0.5599082,1
5,1,0.5620709,1
5,1,0.5635667,1
5,1,0.562391,1
5,1,0.5592264,1
5,1,0.56199485,1
5,1,0.5631958,1
5,1,0.5623439,1
5,1,0.55950826,1
5,1,0.5634354,1
5,1,0.56020576,1
5,1,0.56248975,1
5,1,0.56195706,1
5,1,0.56226724,1
5,1,0.5595479,1
5,1,0.56537694,1
5,1,0.5668441,1
5,1,0.5674672,1
5,1,0.5627516,1
5,1,0.5621949,1
5,1,0.56441504,1
5,1,0.56762725,1
5,1,0.56419975,1
5,1,0.56301206,1
5,1,0.565909,1
5,1,0.5635122,1
5,1,0.56314856,1
5,1,0.5647908,1
5,1,0.5665385,1
5,1,0.56541127,1
5,1,0.5418599,1
5,1,0.55230856,1
5,1,0.5414576,1
5,1,0.54182124,1
5,1,0.55039614,1
5,1,0.5427642,1
5,1,0.5434228,1
5,1,0.54163486,1
5,1,0.5489562,1
5,0,0.53545845,1
5,0,0.53569436,1
5,0,0.5374384,1
5,0,0.538796,1
5,0,0.53831226,1
5,0,0.5409845,1
5,0,0.5396009,1
5,0,0.54065406,1
5,0,0.53791016,1
5,0,0.5366982,1
5,0,0.5381114,1
5,0,0.5466984,1
5,0,0.53689355,1
5,0,0.5367383,1
5,0,0.5421546,1
5,0,0.53122663,1
5,0,0.541951,1
5,0,0.53771013,1
5,0,0.54119945,1
5,0,0.538799,1
5,0,0.5417189,1
5,0,0.54025793,1
5,0,0.53432524,1
5,0,0.5369853,1
5,0,0.5420992,1
5,0,0.537885,1
5,0,0.5400027,1
5,0,0.5428653,1
5,0,0.5502853,1
5,0,0.5406886,1
5,0,0.53748083,1
5,0,0.53510636,1
5,0,0.5401273,1
5,0,0.5360762,1
5,0,0.5361164,1
5,0,0.5376666,1
5,0,0.5396411,1
5,0,0.5401071,1
5,0,0.5401512,1
5,0,0.53375506,1
5,0,0.54185647,1
5,0,0.5352771,1
5,0,0.5441659,1
5,0,0.53677714,1
5,0,0.5323609,1
5,0,0.53855634,1
5,0,0.54478544,1
5,0,0.5341839,1
5,0,0.53435135,1
5,0,0.54037124,1
5,0,0.5365928,1
5,0,0.5452006,1
5,0,0.53629076,1
5,0,0.5433194,1
5,0,0.5386808,1
5,0,0.5417198,1
5,0,0.5357501,1
5,0,0.5378865,1
5,0,0.5387094,1
5,0,0.5362558,1
5,0,0.5411071,1
5,0,0.5419982,1
5,0,0.53631216,1
5,0,0.5498468,1
5,0,0.5366681,1
5,0,0.5358686,1
5,0,0.5346523,1
5,0,0.5363034,1
5,0,0.5426134,1
5,0,0.5343916,1
5,0,0.5354299,1
5,0,0.5330726,1
5,0,0.53544194,1
5,0,0.54309314,1
5,0,0.53455484,1
5,0,0.53201675,1
5,0,0.5337387,1
5,0,0.5334986,1
5,0,0.53626055,1
5,0,0.5354446,1
5,0,0.536448,1
5,0,0.5326343,1
5,0,0.5383218,1
5,0,0.53395885,1
5,0,0.5389733,1
5,0,0.5385838,1
5,0,0.5393085,1
5,0,0.53855205,1
5,0,0.5378348,1
5,0,0.54730654,1
5,0,0.53944284,1
5,0,0.5397489,1
5,0,0.5381102,1
5,0,0.5387517,1
5,0,0.54119736,1
5,0,0.53835326,1
5,0,0.5383414,1
5,0,0.53991246,1
5,0,0.539986,1
5,0,0.5374054,1
5,0,0.5385507,1
5,0,0.5389236,1
5,0,0.5413815,1
5,0,0.5355482,1
5,0,0.5365912,1
5,0,0.5446265,1
5,0,0.53515786,1
5,0,0.53625447,1
5,0,0.53630096,1
5,0,0.54318607,1
5,0,0.5405831,1
5,0,0.54467434,1
5,0,0.5377991,1
5,0,0.5481159,1
5,0,0.5408514,1
5,0,0.54732126,1
5,0,0.53501093,1
5,0,0.5370746,1
5,0,0.5360409,1
5,0,0.53629166,1
5,0,0.53290737,1
5,0,0.53209126,1
5,0,0.5342872,1
5,0,0.5447973,1
5,0,0.5331901,1
5,0,0.5323201,1
5,0,0.5315071,1
5,0,0.5342829,1
5,0,0.5377273,1
5,0,0.5330187,1
5,0,0.53563726,1
5,0,0.5341033,1
5,1,0.53843445,1
5,1,0.53263587,1
5,1,0.539197,1
5,1,0.5344995,1
5,1,0.5332538,1
5,1,0.5361894,1
5,1,0.5338189,1
5,1,0.53450495,1
5,1,0.5344782,1
5,1,0.5329619,1
5,1,0.5329074,1
5,0,0.53765714,1
5,0,0.53545034,1
5,0,0.5339015,1
5,0,0.5374135,1
5,0,0.5359147,1
5,0,0.5323734,1
5,0,0.5433625,1
5,0,0.5431017,1
5,0,0.53660995,1
5,0,0.5431064,1
5,0,0.53521323,1
5,0,0.5366593,1
5,0,0.5337904,1
5,0,0.5372509,1
5,1,0.53768104,1
5,1,0.53633004,1
5,1,0.54623854,1
5,1,0.53731126,1
5,1,0.533778,1
5,1,0.53537303,1
5,1,0.53558,1
5,1,0.53733516,1
5,1,0.5333724,1
5,1,0.53494585,1
5,1,0.5459477,1
5,1,0.53686625,1
5,1,0.5379513,1
5,1,0.5371921,1
5,1,0.53804296,1
5,1,0.546095,1
5,1,0.53763264,1
5,1,0.53984594,1
5,1,0.5396081,1
5,1,0.53912807,1
5,1,0.5396985,1
5,1,0.5377906,1
5,1,0.5399291,1
5,1,0.5395955,1
5,1,0.5394965,1
5,1,0.5406313,1
5,1,0.53850126,1
5,1,0.5403746,1
5,1,0.53924805,1
5,1,0.54555124,1
5,1,0.5379671,1
5,1,0.5508929,1
5,1,0.54115534,1
5,1,0.54289633,1
5,1,0.5425487,1
5,1,0.5405993,1
5,1,0.5423129,1
5,1,0.55051863,1
5,1,0.5410016,1
5,1,0.5430535,1
5,1,0.5354207,1
5,1,0.54382765,1
5,1,0.5432898,1
5,1,0.5411687,1
5,1,0.54170585,1
5,1,0.5453446,1
5,1,0.53867394,1
5,1,0.53934497,1
5,1,0.54177946,1
5,1,0.5627241,1
5,1,0.5613484,1
5,1,0.56333536,1
5,1,0.55708003,1
5,1,0.55942297,1
5,1,0.55533963,1
5,1,0.55611336,1
5,1,0.5607851,1
5,1,0.55984545,1
5,1,0.556618,1
5,1,0.55422306,1
5,1,0.5591398,1
5,1,0.55804735,1
5,1,0.5600857,1
5,1,0.5603868,1
5,1,0.5051827,1
5,1,0.4974778,0
5,1,0.4931325,0
5,1,0.49548578,0
5,1,0.49473095,0
5,1,0.4927106,0
5,1,0.48843545,0
5,1,0.49563634,0
5,1,0.49266502,0
5,1,0.49003762,0
5,1,0.5603818,1
5,1,0.5648896,1
5,1,0.5630134,1
5,1,0.56198984,1
5,1,0.56376415,1
5,1,0.56201774,1
5,1,0.5622455,1
5,1,0.5624658,1
5,1,0.5645055,1
5,1,0.5666354,1
5,1,0.56541145,1
5,1,0.5640613,1
5,1,0.5624598,1
5,1,0.5597911,1
5,1,0.5635923,1
5,1,0.56256783,1
5,1,0.56354326,1
5,1,0.5614436,1
5,0,0.56731254,1
5,0,0.5661095,1
5,0,0.5634113,1
5,0,0.5641069,1
5,0,0.56226456,1
5,0,0.5669982,1
5,0,0.56553,1
5,0,0.5662245,1
5,0,0.56166136,1
5,0,0.56540823,1
5,0,0.5638396,1
5,0,0.5668295,1
5,0,0.56315386,1
5,0,0.52395,1
5,0,0.52297574,1
5,0,0.5226231,1
5,0,0.5238092,1
5,0,0.53331274,1
5,0,0.52882445,1
5,0,0.5157206,1
5,0,0.51935357,1
5,0,0.52178115,1
5,0,0.5138926,1
5,0,0.51679486,1
5,0,0.5257985,1
5,0,0.5237368,1
5,0,0.51417834,1
5,0,0.5262178,1
5,0,0.5124071,1
5,0,0.51995474,1
5,0,0.52621645,1
5,0,0.5114421,1
5,0,0.5166115,1
5,0,0.5149273,1
5,0,0.5158085,1
5,0,0.51510245,1
5,0,0.5141006,1
5,0,0.51355886,1
5,0,0.5112154,1
5,0,0.5116838,1
5,0,0.51376164,1
5,0,0.51898414,1
5,0,0.51840127,1
