Fold,Label,Prob,Preds
1,1,0.62764287,1
1,1,0.6344265,1
1,1,0.62918586,1
1,1,0.6299004,1
1,1,0.62423366,1
1,1,0.6206401,1
1,1,0.62773377,1
1,1,0.6085054,1
1,1,0.61780924,1
1,1,0.6181444,1
1,1,0.60947615,1
1,1,0.6144869,1
1,1,0.6264371,1
1,1,0.6172273,1
1,1,0.6191622,1
1,1,0.61652917,1
1,1,0.6212254,1
1,1,0.59292233,1
1,1,0.5723648,1
1,1,0.5709345,1
1,1,0.5677771,1
1,1,0.56845164,1
1,1,0.567102,1
1,1,0.55965585,1
1,1,0.57533795,1
1,1,0.58726615,1
1,1,0.57658184,1
1,1,0.5693303,1
1,1,0.5789725,1
1,1,0.5812151,1
1,1,0.5727848,1
1,1,0.5720015,1
1,1,0.5703057,1
1,1,0.5552027,1
1,1,0.56928015,1
1,1,0.5846036,1
1,1,0.5959155,1
1,1,0.5685772,1
1,1,0.5912834,1
1,1,0.595765,1
1,1,0.5793495,1
1,1,0.5744884,1
1,1,0.5981263,1
1,1,0.59594065,1
1,1,0.5936685,1
1,1,0.5863635,1
1,1,0.58985126,1
1,1,0.5937933,1
1,1,0.5843317,1
1,1,0.58526605,1
1,1,0.58170754,1
1,1,0.57731616,1
1,0,0.5952041,1
1,0,0.5847618,1
1,0,0.5874151,1
1,0,0.5861198,1
1,0,0.5640449,1
1,0,0.5820783,1
1,0,0.57159185,1
1,0,0.5837019,1
1,0,0.58582675,1
1,0,0.5839184,1
1,0,0.5745308,1
1,0,0.5745423,1
1,1,0.5789315,1
1,1,0.5879151,1
1,1,0.5945423,1
1,1,0.59617126,1
1,1,0.59229285,1
1,1,0.58883786,1
1,1,0.58722955,1
1,1,0.59129155,1
1,1,0.5927464,1
1,1,0.5945973,1
1,1,0.5828698,1
1,1,0.5783546,1
1,1,0.58479816,1
1,1,0.57654154,1
1,1,0.58586025,1
1,1,0.5879741,1
1,1,0.59712225,1
1,1,0.5863014,1
1,1,0.565126,1
1,1,0.5839984,1
1,1,0.5754251,1
1,0,0.56754196,1
1,0,0.57456195,1
1,0,0.5859114,1
1,0,0.5903705,1
1,0,0.5923107,1
1,0,0.58485615,1
1,0,0.5811296,1
1,0,0.570462,1
1,0,0.58012414,1
1,0,0.58895564,1
1,0,0.57525295,1
1,1,0.5706651,1
1,1,0.5782945,1
1,1,0.57578284,1
1,1,0.5841911,1
1,1,0.57898974,1
1,0,0.5743424,1
1,0,0.58127314,1
1,0,0.5917586,1
1,0,0.58298635,1
1,0,0.5836954,1
1,0,0.5830712,1
1,0,0.5650863,1
1,0,0.58418506,1
1,0,0.58077973,1
1,0,0.5948338,1
1,0,0.583812,1
1,0,0.593858,1
1,0,0.58087856,1
1,0,0.5811305,1
1,0,0.58466464,1
1,0,0.5794754,1
1,0,0.5777586,1
1,0,0.5782098,1
1,0,0.5754407,1
1,0,0.57311684,1
1,0,0.57877475,1
1,0,0.56860626,1
1,0,0.5688085,1
1,1,0.5787052,1
1,1,0.5789383,1
1,1,0.58578277,1
1,1,0.58338344,1
1,1,0.58682126,1
1,1,0.5843966,1
1,1,0.578274,1
1,1,0.580234,1
1,1,0.5838433,1
1,0,0.5729257,1
1,0,0.5750458,1
1,0,0.57748103,1
1,0,0.5734191,1
1,0,0.5743795,1
1,0,0.5658132,1
1,0,0.57858294,1
1,0,0.5648214,1
1,0,0.5720938,1
1,0,0.57175285,1
1,0,0.579557,1
1,0,0.5752793,1
1,0,0.5815935,1
1,0,0.5740052,1
1,0,0.56889856,1
1,0,0.56640315,1
1,0,0.57625526,1
1,0,0.5577841,1
1,0,0.5698334,1
1,0,0.57229084,1
1,0,0.57893556,1
1,0,0.56940997,1
1,0,0.5770338,1
1,0,0.57534045,1
1,0,0.5800082,1
1,0,0.59224695,1
1,0,0.57069093,1
1,0,0.57334566,1
1,0,0.5766777,1
1,0,0.580191,1
1,0,0.57462716,1
1,0,0.5838735,1
1,0,0.5752589,1
1,0,0.57913345,1
1,0,0.58358335,1
1,0,0.5739758,1
1,0,0.5773114,1
1,0,0.5862349,1
1,1,0.5667482,1
1,1,0.5639009,1
1,1,0.5692565,1
1,1,0.57229763,1
1,1,0.5769968,1
1,1,0.5676325,1
1,1,0.5724284,1
1,1,0.5696047,1
1,1,0.5810665,1
1,0,0.5781748,1
1,0,0.5611974,1
1,0,0.5735678,1
1,0,0.57710093,1
1,0,0.58349353,1
1,0,0.56999445,1
1,0,0.58865064,1
1,0,0.59514624,1
1,0,0.5863845,1
1,0,0.58592504,1
1,0,0.5814575,1
1,0,0.57003015,1
1,0,0.57219964,1
1,0,0.5690269,1
1,0,0.5638462,1
1,0,0.5704518,1
1,0,0.5758066,1
1,0,0.5798016,1
1,0,0.5816555,1
1,0,0.5909064,1
1,0,0.59832746,1
1,0,0.5795695,1
1,0,0.5882169,1
1,0,0.5901372,1
1,0,0.5662235,1
1,0,0.58137053,1
1,0,0.58128446,1
1,1,0.58763224,1
1,1,0.57938236,1
1,1,0.5927182,1
1,1,0.58337116,1
1,1,0.58224434,1
1,1,0.5735598,1
1,1,0.5770461,1
1,1,0.57871526,1
1,1,0.5708564,1
1,0,0.5894711,1
1,0,0.5829059,1
1,0,0.58626884,1
1,0,0.58434933,1
1,0,0.58158004,1
1,0,0.5861686,1
1,0,0.56949526,1
1,1,0.58910793,1
1,1,0.57182276,1
1,1,0.5722489,1
1,1,0.5851471,1
1,1,0.58222926,1
1,1,0.5628305,1
1,1,0.5892188,1
1,1,0.58114576,1
1,1,0.5882989,1
1,1,0.58635557,1
1,1,0.58239305,1
1,1,0.5849085,1
1,1,0.5890977,1
1,1,0.59026283,1
1,1,0.5954552,1
1,1,0.5684281,1
1,1,0.5936868,1
1,1,0.5884507,1
1,1,0.5766212,1
1,1,0.5719576,1
1,1,0.58653647,1
1,0,0.5693549,1
1,0,0.564637,1
1,0,0.5687413,1
1,0,0.5706227,1
1,0,0.57029337,1
1,0,0.5769104,1
1,0,0.57734984,1
1,0,0.5804697,1
1,0,0.577335,1
1,0,0.58372855,1
1,0,0.5887431,1
1,0,0.56773937,1
1,0,0.59529775,1
1,0,0.5861068,1
1,0,0.58196175,1
1,1,0.5800627,1
1,1,0.57985294,1
1,1,0.55951536,1
1,1,0.5762156,1
1,1,0.57104963,1
1,1,0.5680328,1
1,1,0.57350713,1
1,1,0.5877811,1
1,1,0.58496517,1
1,1,0.58624774,1
1,1,0.57619977,1
1,1,0.5795913,1
1,1,0.57783103,1
1,1,0.5832324,1
1,1,0.5838897,1
1,1,0.58007014,1
1,1,0.59768057,1
1,0,0.58659196,1
1,0,0.58934367,1
1,0,0.5831065,1
1,0,0.57692695,1
1,0,0.58754784,1
1,0,0.56294805,1
1,0,0.5949916,1
1,0,0.5899818,1
1,0,0.5879914,1
1,0,0.58427906,1
1,0,0.5679987,1
1,1,0.596862,1
1,1,0.5886361,1
1,1,0.57614744,1
1,1,0.5760131,1
1,1,0.59192526,1
1,1,0.5932455,1
1,1,0.56548893,1
1,1,0.57486874,1
1,1,0.57889456,1
1,1,0.57693416,1
1,1,0.5837097,1
1,1,0.5844405,1
1,1,0.5761405,1
1,1,0.58118325,1
1,1,0.57833153,1
1,1,0.56280077,1
1,1,0.58408964,1
1,1,0.56570566,1
1,1,0.5923522,1
1,1,0.5939423,1
1,1,0.5835002,1
1,1,0.57634276,1
1,1,0.5868403,1
1,1,0.57888967,1
1,1,0.5724893,1
1,1,0.5735034,1
1,1,0.58321077,1
1,1,0.58233786,1
1,1,0.58424926,1
1,1,0.58726746,1
1,1,0.58544254,1
1,1,0.5838871,1
1,1,0.58053374,1
1,1,0.58498263,1
1,1,0.5802099,1
1,1,0.5816535,1
1,1,0.5918202,1
1,1,0.58203125,1
1,1,0.5922864,1
1,1,0.5867026,1
1,1,0.5852822,1
1,1,0.5879565,1
1,1,0.58971614,1
1,1,0.5860296,1
1,1,0.569065,1
1,1,0.5833805,1
1,1,0.5777004,1
1,1,0.5830182,1
1,1,0.5863693,1
1,1,0.5941056,1
1,1,0.5902832,1
1,1,0.59462047,1
1,1,0.5793179,1
1,1,0.5835037,1
1,0,0.5801069,1
1,0,0.57354295,1
1,0,0.5715502,1
1,0,0.58293426,1
1,0,0.583022,1
1,0,0.57642275,1
1,0,0.5723198,1
1,0,0.57435846,1
1,0,0.57868344,1
1,0,0.5876534,1
1,0,0.57790345,1
1,0,0.567596,1
1,0,0.5827641,1
1,0,0.5823409,1
1,0,0.5715923,1
1,0,0.5796694,1
1,0,0.589436,1
1,0,0.5977282,1
1,0,0.5947446,1
1,0,0.5726257,1
1,0,0.576028,1
1,0,0.57159984,1
1,0,0.5636985,1
1,0,0.5614749,1
1,0,0.571709,1
1,0,0.5621622,1
1,0,0.5728096,1
1,0,0.57509196,1
1,0,0.5772595,1
1,0,0.5684025,1
1,0,0.56453556,1
1,1,0.584616,1
1,1,0.5789635,1
1,1,0.5765702,1
1,1,0.57333827,1
1,1,0.5814642,1
1,1,0.5858496,1
1,1,0.58359843,1
1,1,0.5868615,1
1,1,0.5828192,1
1,1,0.55478233,1
1,1,0.5740392,1
1,1,0.5722852,1
1,0,0.5775088,1
1,0,0.570833,1
1,0,0.5711186,1
1,0,0.58274955,1
1,0,0.5774045,1
1,0,0.57734823,1
1,0,0.5732426,1
1,0,0.5853376,1
1,0,0.5730128,1
1,0,0.5819248,1
1,0,0.57069594,1
1,0,0.5786028,1
1,1,0.56480116,1
1,1,0.578831,1
1,1,0.5948923,1
1,1,0.5838347,1
1,1,0.572651,1
1,0,0.57278943,1
1,0,0.5841038,1
1,0,0.5819702,1
1,0,0.57043004,1
1,0,0.57619965,1
1,0,0.5703947,1
1,0,0.5708586,1
1,0,0.58606845,1
1,0,0.5732168,1
1,0,0.5702378,1
1,0,0.5808753,1
1,0,0.5888737,1
1,0,0.5754194,1
1,0,0.5766744,1
1,0,0.56820667,1
1,0,0.5684207,1
1,0,0.5688053,1
1,0,0.5734857,1
1,0,0.5958552,1
1,0,0.57958484,1
1,0,0.5879262,1
1,0,0.59054476,1
1,0,0.5765189,1
1,0,0.5763334,1
1,0,0.5773884,1
1,0,0.55797726,1
1,0,0.58296627,1
1,0,0.57456243,1
1,0,0.5701754,1
1,0,0.5788544,1
1,0,0.5722629,1
1,0,0.5838789,1
1,0,0.569429,1
1,0,0.5667367,1
1,0,0.5828477,1
1,0,0.57340133,1
1,0,0.59719574,1
1,0,0.59076566,1
1,0,0.59393185,1
1,0,0.59273154,1
1,0,0.5792768,1
1,0,0.5808643,1
1,0,0.58180505,1
1,0,0.5798554,1
1,0,0.57890433,1
1,0,0.56815326,1
1,0,0.581066,1
1,0,0.5865433,1
1,0,0.57900643,1
1,0,0.5780348,1
1,0,0.5629518,1
1,0,0.58517915,1
1,0,0.58797485,1
1,0,0.59802604,1
1,0,0.58651793,1
1,0,0.58756137,1
1,0,0.57645786,1
1,0,0.5635547,1
1,0,0.57990897,1
1,0,0.58192426,1
1,0,0.58499193,1
1,0,0.58600825,1
1,0,0.5839614,1
1,0,0.5882522,1
1,0,0.57527244,1
1,0,0.5634525,1
1,0,0.57989967,1
1,0,0.56886685,1
1,0,0.58367974,1
1,0,0.582015,1
1,0,0.59541327,1
1,0,0.5651182,1
1,0,0.57948375,1
1,0,0.5804229,1
1,0,0.5874351,1
1,0,0.5723307,1
1,0,0.57899064,1
1,0,0.5844401,1
1,0,0.5873006,1
1,0,0.57675034,1
1,0,0.55965525,1
1,0,0.58110356,1
1,0,0.5813053,1
1,0,0.5738688,1
1,0,0.5857269,1
1,0,0.58273655,1
1,0,0.5718501,1
1,0,0.5751635,1
1,0,0.5659228,1
1,0,0.5844916,1
1,0,0.5817738,1
1,0,0.58553815,1
1,0,0.5917578,1
1,0,0.5797274,1
1,0,0.5954831,1
1,0,0.5977861,1
1,0,0.58592147,1
1,0,0.5885747,1
1,0,0.5689814,1
1,0,0.57812774,1
1,0,0.5694875,1
1,0,0.5784694,1
1,0,0.5862839,1
1,0,0.5911099,1
1,0,0.5925287,1
1,0,0.59388584,1
1,0,0.58561546,1
1,0,0.5844045,1
1,0,0.57495797,1
1,0,0.5963279,1
1,0,0.5817592,1
1,0,0.5913839,1
1,0,0.5995934,1
1,0,0.58575225,1
1,0,0.57815856,1
1,0,0.5915027,1
1,0,0.59196573,1
1,0,0.57384473,1
1,0,0.58603877,1
1,0,0.5798474,1
1,0,0.5826708,1
1,0,0.57516295,1
1,0,0.592251,1
1,0,0.59308606,1
1,0,0.5753562,1
1,0,0.6115039,1
1,0,0.6102071,1
1,0,0.6132419,1
1,0,0.60539746,1
1,0,0.6106096,1
1,0,0.60882705,1
1,0,0.5952235,1
1,0,0.6226634,1
1,0,0.6200294,1
1,0,0.58789897,1
1,0,0.61479765,1
1,0,0.60973024,1
1,0,0.5894321,1
1,0,0.5928557,1
1,0,0.6208737,1
1,0,0.61845416,1
1,0,0.6100293,1
1,0,0.6192797,1
1,0,0.60641056,1
1,0,0.6059354,1
1,0,0.6061995,1
1,0,0.60656625,1
1,0,0.60845983,1
1,0,0.6070006,1
1,0,0.61373836,1
1,0,0.6141091,1
1,0,0.6044283,1
1,0,0.5879476,1
1,0,0.60414493,1
1,0,0.60325706,1
1,0,0.6127062,1
1,0,0.60938126,1
1,0,0.61890525,1
1,0,0.6038205,1
1,0,0.6155239,1
1,0,0.61453706,1
1,0,0.6134092,1
1,0,0.60408527,1
1,0,0.6069868,1
1,0,0.60764444,1
1,0,0.6182771,1
1,0,0.6192337,1
1,0,0.5921104,1
1,0,0.5954752,1
1,0,0.5868639,1
1,0,0.61847305,1
1,0,0.6153191,1
1,0,0.6018905,1
1,0,0.62070876,1
1,0,0.61562216,1
1,0,0.60263276,1
1,0,0.60967547,1
1,0,0.61585975,1
1,0,0.6003003,1
1,0,0.5946566,1
1,0,0.61575824,1
1,0,0.61119676,1
1,0,0.61574274,1
1,0,0.6055543,1
1,0,0.6191575,1
1,0,0.6041224,1
1,0,0.58082587,1
1,0,0.60230404,1
1,0,0.60511374,1
1,0,0.6124153,1
1,0,0.607058,1
1,0,0.6222752,1
1,0,0.61723614,1
1,0,0.6141234,1
1,0,0.603359,1
1,0,0.61262655,1
1,0,0.61493796,1
1,0,0.6077389,1
1,0,0.60333705,1
1,0,0.6127925,1
1,0,0.6091983,1
1,0,0.5825777,1
1,0,0.59557986,1
1,0,0.6159365,1
1,0,0.61813724,1
1,0,0.61297876,1
1,0,0.60441047,1
1,0,0.60828096,1
1,0,0.60944295,1
1,0,0.59453374,1
1,1,0.51025575,1
1,1,0.49609238,0
1,1,0.49818537,0
1,1,0.48407766,0
1,1,0.48502293,0
1,1,0.4950878,0
1,1,0.48749122,0
1,1,0.49338704,0
1,1,0.51293796,1
1,1,0.4942631,0
1,1,0.48917097,0
1,1,0.50274503,1
1,1,0.49328882,0
1,1,0.4865226,0
1,1,0.4963103,0
1,1,0.49862438,0
1,1,0.48818433,0
1,1,0.4972769,0
1,1,0.4971001,0
1,1,0.566569,1
1,1,0.5747778,1
1,1,0.5813788,1
1,1,0.5690529,1
1,1,0.5659815,1
1,1,0.5734817,1
1,1,0.55578905,1
1,1,0.56343526,1
1,1,0.5593508,1
1,1,0.5672429,1
1,1,0.5807441,1
1,1,0.5729052,1
1,1,0.57822883,1
1,1,0.58273005,1
1,1,0.56635094,1
1,1,0.57562727,1
1,1,0.5756254,1
1,1,0.5737149,1
1,1,0.5734727,1
1,1,0.5763336,1
1,1,0.5819801,1
1,1,0.5813682,1
1,1,0.5903846,1
1,1,0.5819808,1
1,1,0.57452494,1
1,1,0.58063924,1
1,1,0.5868258,1
1,1,0.58445317,1
1,1,0.5670919,1
1,1,0.5696383,1
1,1,0.55875826,1
1,1,0.5698302,1
1,1,0.525421,1
1,1,0.51898247,1
1,1,0.51577795,1
1,1,0.49627176,0
1,1,0.502206,1
1,1,0.49399298,0
1,1,0.49122107,0
1,1,0.50621897,1
1,1,0.5114838,1
1,1,0.50599164,1
1,1,0.5150295,1
1,1,0.5057474,1
1,1,0.47953746,0
1,1,0.49260265,0
1,1,0.49513057,0
1,1,0.4910332,0
1,1,0.48343828,0
1,1,0.48581186,0
1,1,0.4946894,0
1,1,0.48285058,0
1,1,0.49282366,0
1,1,0.48379266,0
1,1,0.5034675,1
1,1,0.4991451,0
1,1,0.4997782,0
1,1,0.48330888,0
1,1,0.4794443,0
1,1,0.48317376,0
1,1,0.4660542,0
1,1,0.4649086,0
1,1,0.46106374,0
1,1,0.46779314,0
1,1,0.47069168,0
1,1,0.47215286,0
1,1,0.4589032,0
1,1,0.47630322,0
1,1,0.47538546,0
1,1,0.4745338,0
1,1,0.4658842,0
1,1,0.47772753,0
1,1,0.47474635,0
1,1,0.49083325,0
1,1,0.48063767,0
1,1,0.4700473,0
1,1,0.48038957,0
1,1,0.47317645,0
1,1,0.4639938,0
1,1,0.45753226,0
1,1,0.46842632,0
1,1,0.4591268,0
1,1,0.49044454,0
1,1,0.50561506,1
1,1,0.50520307,1
1,1,0.5118988,1
1,1,0.50951153,1
1,1,0.51585346,1
1,1,0.5185618,1
1,1,0.5248241,1
1,1,0.5026634,1
1,1,0.52176714,1
1,1,0.50376433,1
1,1,0.50812095,1
1,1,0.5022023,1
1,1,0.49527448,0
1,1,0.5023171,1
1,1,0.5085643,1
1,1,0.49534366,0
1,1,0.52251387,1
1,1,0.49120507,0
1,1,0.50077146,1
1,1,0.51140887,1
1,1,0.51353365,1
1,1,0.49414745,0
1,1,0.5207329,1
1,1,0.5101998,1
1,1,0.48536545,0
1,1,0.50363076,1
1,1,0.5082658,1
1,1,0.5033356,1
1,1,0.50474876,1
1,1,0.5035393,1
1,1,0.4775375,0
1,1,0.48382476,0
1,1,0.47517025,0
1,1,0.46059832,0
1,1,0.47035944,0
1,1,0.4865982,0
1,1,0.47958413,0
1,1,0.49929696,0
1,1,0.4983252,0
1,1,0.49945918,0
1,1,0.49447832,0
1,1,0.48496273,0
1,1,0.48877186,0
1,1,0.33763093,0
1,1,0.33732462,0
1,1,0.31684244,0
1,1,0.32933044,0
1,1,0.31260383,0
1,1,0.34174067,0
1,1,0.33593667,0
1,1,0.3610416,0
1,1,0.3681023,0
1,1,0.34276974,0
1,1,0.33999562,0
1,1,0.3349612,0
1,1,0.32771835,0
1,1,0.35493627,0
1,0,0.5670332,1
1,0,0.57159185,1
1,0,0.56336606,1
1,0,0.56774473,1
1,0,0.58392906,1
1,0,0.5745427,1
1,0,0.57470816,1
1,0,0.5836009,1
1,0,0.5864563,1
1,0,0.56985295,1
1,0,0.57711536,1
1,0,0.58133554,1
1,0,0.5526468,1
1,0,0.56861717,1
1,0,0.5647994,1
1,0,0.54999596,1
1,0,0.5547015,1
1,0,0.55412537,1
1,0,0.52898103,1
1,0,0.56370234,1
1,0,0.5535061,1
1,0,0.5537899,1
1,0,0.5408912,1
1,0,0.55741847,1
1,0,0.5609845,1
1,0,0.56072176,1
1,0,0.53431976,1
1,0,0.566537,1
1,0,0.55546325,1
1,0,0.5643096,1
1,0,0.5609501,1
1,0,0.5691823,1
1,0,0.56667656,1
1,0,0.5771257,1
1,0,0.5681542,1
1,0,0.5689766,1
1,0,0.5800508,1
1,0,0.5583529,1
1,0,0.57907355,1
1,0,0.58685786,1
1,0,0.5771245,1
1,0,0.579922,1
1,0,0.5777046,1
1,0,0.5727866,1
1,0,0.54637516,1
1,0,0.5640234,1
1,0,0.5448623,1
1,0,0.56082577,1
1,0,0.54786676,1
1,0,0.5511333,1
1,0,0.55708224,1
1,0,0.5723487,1
1,0,0.5788849,1
1,0,0.5897178,1
1,0,0.576208,1
1,0,0.5743596,1
1,0,0.5791921,1
1,0,0.56777734,1
1,0,0.5604024,1
1,0,0.57187134,1
1,0,0.5712503,1
1,0,0.5722421,1
1,0,0.5627338,1
1,0,0.5586444,1
1,0,0.55149597,1
1,0,0.56607336,1
1,0,0.558041,1
1,0,0.5692737,1
1,0,0.5511031,1
1,0,0.56227237,1
1,0,0.55974907,1
1,0,0.53959644,1
1,0,0.5538679,1
1,0,0.5639727,1
1,0,0.5641462,1
1,0,0.5491594,1
1,0,0.5662474,1
1,0,0.55869204,1
1,0,0.561452,1
1,0,0.5533903,1
1,0,0.5615703,1
1,0,0.5500891,1
1,0,0.56565386,1
1,0,0.5613697,1
1,0,0.556359,1
1,0,0.55815136,1
1,0,0.55922157,1
1,0,0.55685914,1
1,0,0.55235225,1
1,0,0.5574682,1
1,0,0.56797814,1
1,0,0.540559,1
1,0,0.5448971,1
1,0,0.56876045,1
1,0,0.5659098,1
1,0,0.5650109,1
1,0,0.56745857,1
1,0,0.57452613,1
1,0,0.5659859,1
1,0,0.5728635,1
1,0,0.57077295,1
1,0,0.560673,1
1,0,0.56799775,1
1,0,0.57463396,1
1,0,0.5549021,1
1,0,0.55391306,1
1,0,0.55783874,1
1,0,0.56094867,1
1,0,0.5562236,1
1,0,0.5569256,1
1,0,0.5551563,1
1,0,0.5610796,1
1,0,0.5563213,1
1,0,0.54369175,1
1,0,0.5584667,1
1,0,0.55004406,1
1,0,0.5707841,1
1,0,0.5684484,1
1,0,0.56901973,1
1,0,0.5544384,1
1,0,0.5606207,1
1,0,0.5554461,1
1,0,0.5618527,1
1,0,0.5582805,1
1,0,0.5645011,1
1,0,0.5619075,1
1,0,0.5630914,1
1,0,0.56606853,1
1,1,0.57923937,1
1,1,0.5422448,1
1,1,0.56420225,1
1,1,0.5480167,1
1,1,0.5604943,1
1,1,0.56290066,1
1,1,0.55412376,1
1,1,0.5477736,1
1,1,0.5462688,1
1,1,0.5611823,1
1,1,0.5646334,1
1,1,0.5603983,1
1,1,0.5656942,1
1,1,0.5915139,1
1,1,0.5675396,1
1,1,0.58482563,1
1,1,0.58837974,1
1,1,0.58713573,1
1,1,0.5766926,1
1,1,0.58070993,1
1,1,0.56309986,1
1,1,0.5687142,1
1,1,0.5823996,1
1,1,0.5665154,1
1,1,0.57773304,1
1,1,0.56384164,1
1,1,0.568371,1
1,1,0.5714172,1
1,1,0.5722433,1
1,1,0.564733,1
1,1,0.5451964,1
1,1,0.54973483,1
1,1,0.546289,1
1,1,0.54255,1
1,1,0.53816855,1
1,1,0.5554772,1
1,1,0.54704094,1
1,1,0.5408258,1
1,1,0.5439905,1
1,1,0.55906945,1
1,1,0.5599116,1
1,1,0.55192226,1
1,1,0.55737716,1
1,1,0.55688375,1
1,1,0.54473436,1
1,1,0.54357636,1
1,1,0.55308706,1
1,1,0.56250465,1
1,1,0.54501945,1
1,1,0.5255263,1
1,1,0.5413464,1
1,1,0.58103067,1
1,1,0.57979035,1
1,1,0.5851744,1
1,1,0.58736366,1
1,1,0.5882313,1
1,1,0.59739166,1
1,1,0.5787186,1
1,0,0.57283074,1
1,0,0.56582785,1
1,0,0.5660317,1
1,0,0.56981254,1
1,0,0.5680697,1
1,0,0.5598016,1
1,0,0.5534775,1
1,0,0.5681068,1
1,0,0.53621286,1
1,0,0.55806625,1
1,0,0.5602933,1
1,0,0.5491366,1
1,0,0.5630849,1
1,0,0.5761426,1
1,0,0.5778099,1
1,0,0.57908666,1
1,0,0.5808098,1
1,0,0.5864861,1
1,0,0.5773471,1
1,0,0.5807387,1
1,1,0.57655406,1
1,1,0.5741823,1
1,1,0.575939,1
1,1,0.5752316,1
1,1,0.5667244,1
1,1,0.5564868,1
1,1,0.5645054,1
1,1,0.5610207,1
1,1,0.5675004,1
1,1,0.55339533,1
1,1,0.56555873,1
1,1,0.56813294,1
1,1,0.57107335,1
1,1,0.5712639,1
1,1,0.54282606,1
1,1,0.56016713,1
1,1,0.57108974,1
1,1,0.5752904,1
1,1,0.5682162,1
1,1,0.5587371,1
1,1,0.57478654,1
1,1,0.55502516,1
1,1,0.57101846,1
1,1,0.5620299,1
1,1,0.5609014,1
1,0,0.5600789,1
1,0,0.5556828,1
1,0,0.55652153,1
1,0,0.56297004,1
1,0,0.5466685,1
1,0,0.5596632,1
1,0,0.5621201,1
1,0,0.5646625,1
1,0,0.56711346,1
1,0,0.56408465,1
1,0,0.54849476,1
1,0,0.55848634,1
1,0,0.5619689,1
1,0,0.55444485,1
1,0,0.5648243,1
1,0,0.5507123,1
1,0,0.55663997,1
1,0,0.55619186,1
1,0,0.55920035,1
1,0,0.5552891,1
1,0,0.5409413,1
1,0,0.56152093,1
1,0,0.5446888,1
1,0,0.5550743,1
1,0,0.55250525,1
1,0,0.55910754,1
1,0,0.5523575,1
1,0,0.5572855,1
1,0,0.55827403,1
1,0,0.55927783,1
1,0,0.5696425,1
1,0,0.567518,1
1,0,0.5555737,1
1,0,0.56513065,1
1,0,0.5508367,1
1,0,0.5531995,1
1,0,0.5551604,1
1,0,0.55790555,1
1,0,0.562242,1
1,0,0.5578254,1
1,0,0.5356744,1
1,0,0.5645026,1
1,0,0.5561333,1
1,0,0.56742805,1
1,0,0.5513561,1
1,0,0.5734602,1
1,0,0.5622206,1
1,0,0.54748327,1
1,0,0.56121325,1
1,0,0.56976914,1
1,0,0.5722838,1
1,0,0.5657298,1
1,0,0.5711706,1
1,0,0.5712494,1
1,0,0.5694772,1
1,0,0.5465615,1
1,0,0.5346735,1
1,0,0.5566418,1
1,0,0.54527795,1
1,0,0.55326617,1
1,0,0.5498485,1
1,0,0.54692805,1
1,0,0.56453824,1
1,0,0.56228054,1
1,0,0.56859326,1
1,0,0.5618867,1
1,0,0.55339915,1
1,0,0.5606737,1
1,0,0.5555951,1
1,0,0.55676705,1
1,0,0.5349897,1
1,0,0.5653792,1
1,0,0.55408734,1
1,0,0.5605053,1
1,0,0.5599048,1
1,0,0.57171077,1
1,0,0.5390668,1
1,0,0.5450569,1
1,0,0.57238936,1
1,0,0.5600555,1
1,0,0.56340873,1
1,0,0.54201853,1
1,0,0.5761158,1
1,0,0.54639745,1
1,0,0.5730424,1
1,0,0.56402427,1
1,0,0.56547934,1
1,0,0.5651873,1
1,0,0.5574139,1
1,0,0.56896746,1
1,0,0.5606037,1
1,0,0.55850923,1
1,0,0.5559796,1
1,0,0.56101424,1
1,0,0.5625442,1
1,0,0.54378843,1
1,0,0.5573928,1
1,0,0.55978936,1
1,0,0.55462295,1
1,0,0.5537074,1
1,0,0.5521453,1
1,0,0.54407793,1
1,0,0.5527984,1
1,0,0.53621924,1
1,0,0.5495676,1
1,0,0.5464638,1
1,0,0.5517968,1
1,0,0.5492048,1
1,0,0.5628087,1
1,0,0.56276417,1
1,0,0.5499171,1
1,0,0.56512296,1
1,0,0.5469908,1
1,0,0.54864645,1
1,0,0.5419999,1
1,0,0.5501686,1
1,0,0.5523368,1
1,0,0.5528197,1
1,0,0.5542642,1
1,0,0.551922,1
1,0,0.548116,1
1,0,0.5501911,1
1,0,0.5539539,1
1,0,0.537022,1
1,0,0.55006826,1
1,0,0.53899026,1
1,0,0.5485745,1
1,0,0.5452652,1
1,0,0.5479667,1
1,0,0.54705524,1
1,0,0.5390354,1
1,0,0.5478294,1
1,0,0.5456813,1
1,0,0.5568269,1
1,0,0.54255766,1
1,0,0.55350685,1
1,0,0.5492002,1
1,0,0.5666401,1
1,0,0.5514088,1
1,0,0.54953235,1
1,0,0.53987634,1
1,0,0.5504128,1
1,0,0.54107934,1
1,0,0.5646537,1
1,0,0.5430636,1
1,1,0.55712086,1
1,1,0.5502129,1
1,1,0.54357916,1
1,1,0.54358494,1
1,1,0.54363924,1
1,1,0.5317158,1
1,1,0.562375,1
1,1,0.553939,1
1,1,0.5334609,1
1,1,0.5582472,1
1,0,0.54042065,1
1,0,0.5664182,1
1,0,0.54900676,1
1,0,0.5395234,1
1,0,0.55441415,1
1,0,0.55391675,1
1,0,0.5525884,1
1,0,0.5420789,1
1,0,0.554828,1
1,0,0.55431193,1
1,0,0.5575974,1
1,0,0.5292959,1
1,0,0.5589906,1
1,0,0.5502586,1
1,0,0.5631767,1
1,0,0.55567855,1
1,0,0.55724996,1
1,0,0.5594748,1
1,0,0.56496584,1
1,0,0.55490416,1
1,0,0.52931726,1
1,0,0.5422044,1
1,0,0.54123557,1
1,0,0.557013,1
1,0,0.538324,1
1,0,0.5313068,1
1,0,0.5456471,1
1,0,0.546712,1
1,0,0.55441,1
1,0,0.5665646,1
1,0,0.537781,1
1,0,0.574631,1
1,0,0.561341,1
1,0,0.5697241,1
1,0,0.56400836,1
1,0,0.57463515,1
1,0,0.5672941,1
1,0,0.55695486,1
1,0,0.55972546,1
1,0,0.55944425,1
1,0,0.5527129,1
1,0,0.54145736,1
1,0,0.5551908,1
1,0,0.540948,1
1,0,0.5477945,1
1,1,0.56779814,1
1,1,0.5626043,1
1,1,0.56669384,1
1,1,0.5584099,1
1,1,0.5647495,1
1,0,0.5693162,1
1,0,0.56499046,1
1,0,0.5571246,1
1,0,0.5572019,1
1,0,0.5560903,1
1,0,0.5587015,1
1,0,0.57170874,1
1,0,0.5677134,1
1,0,0.57169235,1
1,0,0.56916255,1
1,0,0.56180197,1
1,0,0.55093825,1
1,0,0.552828,1
1,0,0.56218696,1
1,0,0.549992,1
1,0,0.5683762,1
1,0,0.5659309,1
1,0,0.54674274,1
1,0,0.5484289,1
1,0,0.5417955,1
1,0,0.56289554,1
1,0,0.55614704,1
1,0,0.5615926,1
1,0,0.5605001,1
1,0,0.5725387,1
1,0,0.56301826,1
1,0,0.5799614,1
1,1,0.4293091,0
1,1,0.42320096,0
1,1,0.4139227,0
1,1,0.41133517,0
1,1,0.41772494,0
1,1,0.4173329,0
1,1,0.43209717,0
1,1,0.43237668,0
1,1,0.42280194,0
1,1,0.43280333,0
1,1,0.42884976,0
1,1,0.42664605,0
1,1,0.4140369,0
1,1,0.4282421,0
1,1,0.39893013,0
1,1,0.40609947,0
1,1,0.40880385,0
1,1,0.42234224,0
1,1,0.41376534,0
1,1,0.4162402,0
1,1,0.43197313,0
1,1,0.43091497,0
1,1,0.41827288,0
1,1,0.41468564,0
1,1,0.43484434,0
1,1,0.4182707,0
1,1,0.42615068,0
1,1,0.41280806,0
1,0,0.4147187,0
1,0,0.40642005,0
1,0,0.42395544,0
1,0,0.41119608,0
1,0,0.40551367,0
1,0,0.41959187,0
1,0,0.4074575,0
1,0,0.4195734,0
1,0,0.4035368,0
1,0,0.40885535,0
1,0,0.40599543,0
1,0,0.4160017,0
1,0,0.40782636,0
1,0,0.4023586,0
1,0,0.42240503,0
1,0,0.39972433,0
1,0,0.40343794,0
1,0,0.4064142,0
1,0,0.40274486,0
1,0,0.41018432,0
1,0,0.42015955,0
1,0,0.41135988,0
1,0,0.40046516,0
1,0,0.40778247,0
1,0,0.41755497,0
1,0,0.41461524,0
1,0,0.42316914,0
1,1,0.43039164,0
1,1,0.4449225,0
1,1,0.4417268,0
1,1,0.45314938,0
1,1,0.4488584,0
1,1,0.45922837,0
1,1,0.46041313,0
1,1,0.45119748,0
1,1,0.4688713,0
1,1,0.46823677,0
1,1,0.45273647,0
1,1,0.43806955,0
1,1,0.45191944,0
1,1,0.44424087,0
1,1,0.44466442,0
1,1,0.4363256,0
1,1,0.44506413,0
1,1,0.44811362,0
1,0,0.51562715,1
1,0,0.5135936,1
1,0,0.5067935,1
1,0,0.52885497,1
1,0,0.5349614,1
1,0,0.52858025,1
1,0,0.52695286,1
1,0,0.5112084,1
1,0,0.5096183,1
1,0,0.49906445,0
1,0,0.51357126,1
1,0,0.49014854,0
1,0,0.49554384,0
1,0,0.5119474,1
1,0,0.49773937,0
1,0,0.5069311,1
1,0,0.5185291,1
1,0,0.50382364,1
1,1,0.52111155,1
1,1,0.5274217,1
1,1,0.53525424,1
1,1,0.5245949,1
1,1,0.5114546,1
1,1,0.5265618,1
1,1,0.5179822,1
1,1,0.51063037,1
1,1,0.5182662,1
1,1,0.52238715,1
1,1,0.5155573,1
1,1,0.5206276,1
1,1,0.5249432,1
1,1,0.52709854,1
1,1,0.5323839,1
1,1,0.5352777,1
1,1,0.5310099,1
1,1,0.53031147,1
1,1,0.52137095,1
1,1,0.5156858,1
1,1,0.5018873,1
1,1,0.5130825,1
1,1,0.49814397,0
1,1,0.5160554,1
1,1,0.51074076,1
1,0,0.5124182,1
1,0,0.49740395,0
1,0,0.5187035,1
1,0,0.5154778,1
1,0,0.5070299,1
1,0,0.51623565,1
1,0,0.5052119,1
1,0,0.5160904,1
1,0,0.5006018,1
1,0,0.49634796,0
1,0,0.4913773,0
1,0,0.50562024,1
1,0,0.5143643,1
1,0,0.50476944,1
1,1,0.5106317,1
1,1,0.51852584,1
1,1,0.51897067,1
1,1,0.51816154,1
1,1,0.5175784,1
1,1,0.51448613,1
1,1,0.51118153,1
1,1,0.5176172,1
1,1,0.51432514,1
1,1,0.5110575,1
1,1,0.50165033,1
1,1,0.50422484,1
1,1,0.50716877,1
1,1,0.50660527,1
1,1,0.5295191,1
1,1,0.5380835,1
1,1,0.5358558,1
1,1,0.5438186,1
1,1,0.5408704,1
1,1,0.52344644,1
1,1,0.5283748,1
1,1,0.5260521,1
1,1,0.52810645,1
1,1,0.5358125,1
1,1,0.54146993,1
1,1,0.5411624,1
1,1,0.53345865,1
1,1,0.3503515,0
1,1,0.3585289,0
1,1,0.34023452,0
1,1,0.34876463,0
1,1,0.3613008,0
1,1,0.3451589,0
1,1,0.3635812,0
1,1,0.3600024,0
1,1,0.3493018,0
1,1,0.35754892,0
1,1,0.35901925,0
1,1,0.3647368,0
1,1,0.35796902,0
1,1,0.35610282,0
1,1,0.35300678,0
1,1,0.5500958,1
1,1,0.546396,1
1,1,0.54921633,1
1,1,0.5507634,1
1,1,0.55637205,1
1,1,0.5486132,1
1,1,0.5528589,1
1,1,0.56698656,1
1,1,0.56833094,1
1,1,0.5571593,1
1,1,0.56509036,1
1,1,0.56329423,1
1,1,0.5673659,1
1,1,0.57233465,1
1,1,0.5576242,1
1,1,0.56675255,1
1,1,0.5619825,1
1,1,0.5622849,1
1,1,0.4730111,0
1,1,0.46985427,0
1,1,0.46901718,0
1,1,0.4562474,0
1,1,0.46420756,0
1,1,0.467691,0
1,1,0.45212427,0
1,1,0.452027,0
1,1,0.45371583,0
1,1,0.45682153,0
1,1,0.45238042,0
1,1,0.4478047,0
1,1,0.45203266,0
1,1,0.45103294,0
1,1,0.44911152,0
1,1,0.44868043,0
1,1,0.44263953,0
1,1,0.45624802,0
1,1,0.4599484,0
1,1,0.453734,0
1,1,0.45504248,0
1,1,0.45439517,0
1,1,0.44684523,0
1,1,0.45135227,0
1,1,0.4531655,0
1,1,0.45347753,0
1,1,0.4649097,0
1,1,0.47172308,0
1,0,0.5507063,1
1,0,0.54877824,1
1,0,0.5450832,1
1,0,0.5467093,1
1,0,0.54697704,1
1,0,0.54055655,1
1,0,0.55212736,1
1,0,0.54839563,1
1,0,0.54131746,1
1,0,0.5386562,1
1,0,0.540155,1
1,0,0.5407555,1
1,0,0.5487602,1
1,0,0.5413027,1
1,0,0.55185115,1
1,0,0.5370035,1
1,0,0.5596166,1
1,0,0.5458427,1
1,0,0.5447932,1
1,0,0.5523875,1
1,0,0.5392972,1
1,0,0.5563518,1
1,0,0.55776054,1
1,0,0.5546658,1
1,0,0.55546206,1
1,0,0.55552715,1
1,0,0.555203,1
1,0,0.5560429,1
1,0,0.55715007,1
1,0,0.55935496,1
1,0,0.5525223,1
1,0,0.5557702,1
1,0,0.5592835,1
1,0,0.5544727,1
1,0,0.55719066,1
1,0,0.5568403,1
1,0,0.5672315,1
1,0,0.5514549,1
1,0,0.52123463,1
1,0,0.55540955,1
1,0,0.54124194,1
1,0,0.538351,1
1,0,0.55192035,1
1,0,0.5506037,1
1,0,0.56123203,1
1,0,0.5414095,1
1,0,0.5549441,1
1,0,0.5474326,1
1,0,0.53171533,1
1,0,0.5482756,1
1,0,0.54825133,1
1,0,0.54418945,1
1,0,0.55313575,1
1,0,0.5672711,1
1,0,0.55881745,1
1,0,0.5318579,1
1,0,0.55246097,1
1,0,0.54647106,1
1,0,0.5483541,1
1,0,0.54523844,1
1,0,0.54152685,1
1,0,0.546405,1
1,0,0.5573034,1
1,0,0.54530984,1
1,0,0.56128037,1
1,0,0.5516204,1
1,0,0.56232816,1
1,0,0.5616874,1
1,0,0.56740505,1
1,0,0.5595583,1
1,0,0.5589888,1
1,0,0.55034006,1
1,0,0.5508317,1
1,0,0.56661326,1
1,0,0.5547467,1
1,0,0.5471974,1
1,0,0.52985406,1
1,0,0.54546696,1
1,0,0.5479535,1
1,0,0.5481738,1
1,0,0.52382964,1
1,0,0.5371233,1
1,0,0.5496123,1
1,0,0.53366315,1
1,0,0.55084956,1
1,0,0.5381042,1
1,0,0.5506966,1
1,0,0.5542597,1
1,0,0.5419524,1
1,0,0.55291426,1
1,0,0.54763377,1
1,0,0.55766267,1
1,0,0.5469131,1
1,0,0.5427178,1
1,0,0.5516138,1
1,0,0.55170333,1
1,0,0.55567,1
1,0,0.54652035,1
1,0,0.54717666,1
1,0,0.53826255,1
1,0,0.5483432,1
1,0,0.5491923,1
1,0,0.5530034,1
1,0,0.5413486,1
1,0,0.5342335,1
1,0,0.5516548,1
1,0,0.5612945,1
1,0,0.5587554,1
1,0,0.55943924,1
1,0,0.559876,1
1,0,0.54690266,1
1,0,0.5338261,1
1,0,0.56906354,1
1,0,0.5446202,1
1,0,0.54318917,1
1,0,0.54147315,1
1,0,0.5385478,1
1,0,0.5541058,1
1,0,0.5439408,1
1,0,0.5506671,1
1,0,0.55966574,1
1,0,0.53377384,1
1,0,0.54532754,1
1,0,0.5438328,1
1,0,0.5418006,1
1,0,0.55554885,1
1,0,0.5609603,1
1,0,0.55875987,1
1,0,0.5543021,1
1,0,0.54530704,1
1,0,0.54508674,1
1,0,0.5342582,1
1,0,0.5498426,1
1,0,0.55747765,1
1,0,0.5546914,1
1,0,0.54460216,1
1,0,0.54737395,1
1,0,0.5249742,1
1,0,0.5441779,1
1,0,0.53675604,1
1,0,0.550395,1
1,0,0.5485219,1
1,0,0.5422917,1
1,0,0.54734534,1
1,0,0.54730856,1
1,0,0.54494333,1
1,0,0.5346022,1
1,0,0.54176307,1
1,0,0.5557498,1
1,0,0.54844695,1
1,0,0.54469204,1
1,0,0.55203885,1
1,0,0.5503442,1
1,0,0.53987,1
1,0,0.54158586,1
1,0,0.53576076,1
1,0,0.55474347,1
1,0,0.5533505,1
1,0,0.5585281,1
1,0,0.5453324,1
1,0,0.5477156,1
1,0,0.5507301,1
1,0,0.5448426,1
1,0,0.5565357,1
1,0,0.5300474,1
1,0,0.54129237,1
1,0,0.53711516,1
1,0,0.53937215,1
1,0,0.55245954,1
1,0,0.5523309,1
1,0,0.5581938,1
1,0,0.56625843,1
1,0,0.5631816,1
1,0,0.5467737,1
1,0,0.55502826,1
1,0,0.55076647,1
1,0,0.5487556,1
1,0,0.5472776,1
1,0,0.5399997,1
1,0,0.5570872,1
1,0,0.5435264,1
1,0,0.5562419,1
1,0,0.5503608,1
1,0,0.55440396,1
1,0,0.55637294,1
1,0,0.5578118,1
1,0,0.5489533,1
1,0,0.5467992,1
1,0,0.5530681,1
1,0,0.55588335,1
1,0,0.55932736,1
1,0,0.56420267,1
1,0,0.5551931,1
1,0,0.5576417,1
1,0,0.56100374,1
1,0,0.54518443,1
1,0,0.5296204,1
1,0,0.547015,1
1,0,0.54179794,1
1,0,0.53991956,1
1,0,0.55020696,1
1,0,0.5468465,1
1,0,0.5414153,1
1,0,0.55184615,1
1,0,0.54916894,1
1,0,0.55456656,1
1,0,0.5435464,1
1,0,0.5408033,1
1,0,0.54265034,1
1,0,0.5362186,1
1,0,0.54230666,1
1,0,0.53833175,1
1,0,0.5458186,1
1,0,0.5408383,1
1,0,0.5556232,1
1,0,0.5334399,1
1,0,0.5456705,1
1,0,0.5479676,1
1,0,0.5403764,1
1,0,0.5494497,1
1,0,0.55109984,1
1,0,0.5558441,1
1,0,0.5386903,1
1,0,0.5560853,1
1,0,0.5389052,1
1,0,0.54307723,1
1,0,0.5413882,1
1,0,0.5463744,1
1,0,0.5565501,1
1,0,0.55212975,1
1,0,0.5590225,1
1,0,0.5577314,1
1,0,0.5624917,1
1,0,0.5371428,1
1,0,0.54205424,1
1,0,0.55798423,1
1,0,0.5533992,1
1,0,0.517623,1
1,0,0.5492606,1
1,0,0.53059554,1
1,0,0.5270779,1
1,0,0.53704953,1
1,0,0.54067403,1
1,0,0.5566884,1
1,0,0.5337931,1
1,0,0.55586004,1
1,0,0.53244126,1
1,0,0.55040306,1
1,0,0.5501561,1
1,0,0.54900455,1
1,0,0.5471765,1
1,0,0.55090046,1
1,0,0.5337956,1
1,0,0.5204298,1
1,0,0.5428315,1
1,0,0.5554867,1
1,0,0.5390433,1
1,0,0.54925215,1
1,0,0.5433734,1
1,0,0.53654885,1
1,0,0.5375881,1
1,0,0.5483182,1
1,0,0.5439745,1
1,0,0.5551279,1
1,0,0.5566013,1
1,0,0.5522151,1
1,0,0.55151904,1
1,0,0.54635364,1
1,0,0.5448441,1
1,0,0.52683806,1
1,0,0.5426495,1
1,0,0.53260696,1
1,0,0.5455728,1
1,0,0.53900236,1
1,0,0.5444193,1
1,0,0.5267623,1
1,0,0.5441272,1
1,0,0.544588,1
1,0,0.5375334,1
1,0,0.5437533,1
1,0,0.54290414,1
1,0,0.5482901,1
1,0,0.5389345,1
1,0,0.54448515,1
1,0,0.5445246,1
1,0,0.5429689,1
1,0,0.54339385,1
1,0,0.5477205,1
1,0,0.53735423,1
1,0,0.548789,1
1,0,0.5422664,1
1,0,0.5373624,1
1,0,0.5394432,1
1,0,0.5439672,1
1,0,0.5489533,1
1,0,0.5522927,1
1,0,0.5460312,1
1,0,0.5460545,1
1,0,0.55026835,1
1,0,0.53179497,1
1,0,0.5485238,1
1,0,0.5493657,1
1,0,0.5513969,1
1,0,0.546754,1
1,0,0.5472974,1
1,0,0.5493549,1
1,0,0.545889,1
1,0,0.54592645,1
1,0,0.5297337,1
1,0,0.54128784,1
1,0,0.54321235,1
1,0,0.55289304,1
1,0,0.55522835,1
1,0,0.5507479,1
1,0,0.55850464,1
1,0,0.5528132,1
1,0,0.55711156,1
1,0,0.55385315,1
1,0,0.56257385,1
1,0,0.5539184,1
1,0,0.5675448,1
1,0,0.5556003,1
1,0,0.5519953,1
1,0,0.55995846,1
1,1,0.5507609,1
1,1,0.54727566,1
1,1,0.5490614,1
1,1,0.56114215,1
1,1,0.5761185,1
1,1,0.5693806,1
1,1,0.54800826,1
1,1,0.5504113,1
1,1,0.555929,1
1,1,0.55106634,1
1,1,0.6005129,1
1,1,0.5907084,1
1,1,0.5862532,1
1,1,0.58642155,1
1,1,0.5907639,1
1,1,0.57919514,1
1,1,0.5871505,1
1,1,0.5835507,1
1,1,0.5854358,1
1,1,0.5877406,1
1,1,0.58907276,1
1,1,0.5864364,1
1,1,0.5876307,1
1,1,0.5892125,1
1,1,0.58150834,1
1,1,0.574138,1
1,1,0.5794544,1
1,1,0.57427806,1
1,1,0.5702502,1
1,1,0.5762498,1
1,1,0.58130854,1
1,1,0.5732771,1
1,1,0.5806203,1
1,1,0.5905574,1
1,1,0.5780476,1
1,1,0.57026684,1
1,1,0.5789489,1
1,1,0.57206,1
1,1,0.58096635,1
1,1,0.5925256,1
1,1,0.58666164,1
1,0,0.57063615,1
1,0,0.55935323,1
1,0,0.5528555,1
1,0,0.5621561,1
1,0,0.55183834,1
1,0,0.56895506,1
1,0,0.559529,1
1,0,0.56878096,1
1,1,0.64907956,1
1,1,0.6430939,1
1,1,0.6507509,1
1,1,0.6538804,1
1,1,0.6490995,1
1,1,0.6483937,1
1,1,0.64385766,1
1,1,0.64025706,1
1,1,0.646687,1
1,1,0.642707,1
1,1,0.6421938,1
1,0,0.46694067,0
1,0,0.454035,0
1,0,0.4636008,0
1,0,0.45445117,0
1,0,0.45773527,0
1,0,0.46011057,0
1,0,0.45553645,0
1,0,0.46261847,0
1,0,0.46233693,0
1,0,0.46593592,0
1,0,0.45396003,0
1,0,0.4561078,0
1,0,0.46280771,0
1,0,0.46489364,0
1,0,0.45698157,0
1,0,0.47190735,0
1,0,0.45790264,0
1,0,0.45780587,0
1,0,0.46617067,0
1,0,0.46190843,0
1,0,0.4663347,0
1,0,0.48057663,0
1,0,0.4799353,0
1,0,0.46386635,0
1,0,0.4786428,0
1,0,0.47009423,0
1,0,0.46717316,0
1,0,0.47429988,0
1,0,0.4670964,0
1,0,0.4661256,0
1,1,0.5418914,1
1,1,0.53318983,1
1,1,0.5357582,1
1,1,0.5378333,1
1,1,0.540289,1
1,1,0.5288032,1
1,1,0.5290689,1
1,1,0.53009546,1
1,1,0.53057283,1
1,1,0.578216,1
1,1,0.5788316,1
1,1,0.57451314,1
1,1,0.56548613,1
1,1,0.5790552,1
1,1,0.5811285,1
1,1,0.5880422,1
1,1,0.57371634,1
1,1,0.59251124,1
1,1,0.5857616,1
1,1,0.58532804,1
1,1,0.60868067,1
1,1,0.5953566,1
1,1,0.5736413,1
1,1,0.5777709,1
1,1,0.5847326,1
1,1,0.5847664,1
1,1,0.58332634,1
1,1,0.5886617,1
1,1,0.5902564,1
1,1,0.576944,1
1,1,0.58975536,1
1,1,0.5908194,1
1,1,0.5819446,1
1,1,0.58046496,1
1,1,0.57121766,1
1,1,0.575312,1
1,1,0.57827836,1
1,1,0.5832338,1
1,1,0.5779111,1
1,1,0.5800428,1
1,1,0.5759842,1
1,1,0.5746155,1
1,1,0.57270247,1
1,1,0.57897,1
1,1,0.5807176,1
1,1,0.5701556,1
1,1,0.5763552,1
1,1,0.5813058,1
1,1,0.587495,1
1,1,0.58661056,1
1,1,0.5823739,1
1,1,0.5824415,1
1,1,0.56377935,1
1,1,0.5811811,1
1,1,0.5757981,1
1,1,0.5712637,1
1,1,0.59328705,1
1,1,0.59389365,1
1,1,0.57976043,1
1,1,0.5707939,1
1,1,0.5912947,1
1,1,0.5812381,1
1,1,0.58834004,1
1,1,0.58065724,1
1,1,0.58229697,1
1,1,0.572663,1
1,1,0.5825063,1
1,1,0.58597285,1
1,1,0.5821359,1
1,1,0.584893,1
1,1,0.5858772,1
1,1,0.5824191,1
1,1,0.58705175,1
1,1,0.5852983,1
1,1,0.5990865,1
1,1,0.5837451,1
1,1,0.5788641,1
1,1,0.59927076,1
1,1,0.59008616,1
1,1,0.585317,1
1,1,0.58532,1
1,1,0.5896515,1
1,1,0.57826585,1
1,1,0.5861619,1
1,1,0.5825567,1
1,1,0.5846859,1
1,1,0.5867837,1
1,1,0.5882865,1
1,1,0.5923097,1
1,1,0.58978146,1
1,1,0.590591,1
1,1,0.5818068,1
1,1,0.57631737,1
1,1,0.58400327,1
1,1,0.58493596,1
1,1,0.5737722,1
1,1,0.5820394,1
1,1,0.5873899,1
1,1,0.5726596,1
1,1,0.5792678,1
1,1,0.582933,1
1,1,0.56932974,1
1,1,0.57676196,1
1,1,0.584787,1
1,1,0.5923984,1
1,1,0.59282917,1
1,1,0.5892185,1
1,1,0.58168787,1
1,1,0.5701149,1
1,1,0.57986176,1
1,1,0.5896424,1
1,1,0.5770539,1
1,1,0.56956834,1
1,1,0.57860386,1
1,1,0.5713824,1
1,1,0.58019567,1
1,1,0.591348,1
1,1,0.58587784,1
1,1,0.5741443,1
1,1,0.5856553,1
1,1,0.58045906,1
1,1,0.57353026,1
1,1,0.58117807,1
1,1,0.5936303,1
1,1,0.59123975,1
1,1,0.5943255,1
1,1,0.58681905,1
1,1,0.581851,1
1,1,0.5827968,1
1,1,0.5827977,1
1,1,0.5715705,1
1,1,0.57914823,1
1,1,0.58286506,1
1,1,0.58708394,1
1,1,0.5844641,1
1,1,0.58097816,1
1,1,0.58379567,1
1,1,0.57470596,1
1,1,0.5852519,1
1,1,0.59020424,1
1,1,0.59961456,1
1,1,0.58765095,1
1,1,0.58980715,1
1,1,0.5849844,1
1,1,0.58354473,1
1,1,0.5845825,1
1,1,0.5899259,1
1,1,0.58828294,1
1,1,0.57983094,1
1,1,0.5891604,1
1,1,0.5730592,1
1,1,0.5819849,1
1,1,0.5686693,1
1,1,0.5825719,1
1,1,0.5863459,1
1,1,0.5884211,1
1,1,0.5888382,1
1,1,0.59483695,1
1,1,0.5879452,1
1,0,0.5607988,1
1,0,0.5570663,1
1,0,0.55872434,1
1,0,0.56484157,1
1,0,0.5749906,1
1,0,0.5763629,1
1,0,0.5698752,1
1,0,0.5569112,1
1,0,0.56491417,1
1,0,0.57512677,1
1,0,0.5831823,1
1,0,0.5913056,1
1,0,0.59145343,1
1,0,0.5876558,1
1,0,0.57172126,1
1,1,0.46375084,0
1,1,0.4636459,0
1,1,0.46193674,0
1,1,0.47749215,0
1,1,0.46777698,0
1,1,0.47278342,0
1,1,0.47682947,0
1,1,0.46472853,0
1,1,0.5497058,1
1,1,0.57239574,1
1,1,0.57780063,1
1,1,0.5680138,1
1,1,0.5649517,1
1,1,0.5667771,1
1,1,0.56414163,1
1,1,0.56913376,1
1,1,0.5684179,1
1,1,0.5667995,1
1,1,0.5774038,1
1,1,0.58447176,1
1,1,0.560832,1
1,1,0.5675568,1
1,1,0.5766298,1
1,1,0.55909127,1
1,1,0.57597584,1
1,1,0.5745516,1
1,1,0.56639034,1
1,1,0.5821702,1
1,1,0.56934685,1
1,1,0.5764402,1
1,1,0.59172446,1
1,1,0.5983173,1
1,1,0.59084,1
1,1,0.5846384,1
1,1,0.5594501,1
1,1,0.57720876,1
1,1,0.5603052,1
1,1,0.5856103,1
1,1,0.5748888,1
1,1,0.57883936,1
1,1,0.5751944,1
1,1,0.58271706,1
1,1,0.57924134,1
1,1,0.53546166,1
1,1,0.5589533,1
1,1,0.567121,1
1,1,0.55424726,1
1,1,0.5492655,1
1,1,0.5490383,1
1,1,0.5523454,1
1,1,0.55405337,1
1,1,0.5541003,1
1,1,0.55333644,1
1,1,0.4513871,0
1,1,0.4530798,0
1,1,0.45874777,0
1,1,0.45727015,0
1,1,0.45663851,0
1,1,0.45770723,0
1,1,0.45585823,0
1,1,0.44998676,0
1,1,0.4514567,0
1,1,0.46208963,0
1,1,0.4560213,0
1,1,0.45806345,0
1,1,0.45753965,0
1,1,0.4617306,0
1,1,0.45724228,0
1,1,0.45654643,0
1,1,0.45837048,0
1,1,0.4548173,0
1,1,0.4585695,0
1,1,0.45153436,0
1,1,0.45101443,0
1,1,0.45193022,0
1,1,0.4514819,0
1,1,0.4469442,0
1,1,0.44992864,0
1,1,0.4489978,0
1,1,0.4484723,0
1,1,0.45057714,0
1,1,0.44670638,0
1,1,0.45227882,0
1,1,0.4524489,0
1,1,0.45042104,0
1,1,0.4553252,0
1,1,0.45400184,0
1,1,0.45429292,0
1,1,0.44739556,0
1,1,0.44566435,0
1,1,0.44890818,0
1,1,0.44829556,0
1,1,0.44486797,0
1,1,0.4508897,0
1,1,0.4493036,0
1,1,0.44792405,0
1,1,0.44960648,0
1,1,0.45448634,0
1,1,0.44787183,0
1,1,0.4514456,0
1,1,0.45048353,0
1,1,0.44967484,0
1,1,0.44787478,0
1,1,0.44839758,0
1,1,0.4491927,0
1,1,0.44678175,0
1,1,0.44576672,0
1,1,0.44625586,0
1,1,0.45094845,0
1,1,0.4437018,0
1,1,0.4440104,0
1,1,0.448476,0
1,1,0.5526219,1
1,1,0.5661046,1
1,1,0.55712533,1
1,1,0.5729634,1
1,1,0.5580053,1
1,1,0.54442793,1
1,1,0.56774163,1
1,1,0.5618209,1
1,1,0.49935988,0
1,1,0.48698142,0
1,1,0.50433594,1
1,1,0.49826044,0
1,1,0.49909833,0
1,1,0.50279045,1
1,1,0.4959394,0
1,1,0.5060074,1
1,1,0.4439223,0
1,1,0.43177173,0
1,1,0.46018818,0
1,1,0.4461217,0
1,1,0.45675185,0
1,1,0.4567641,0
1,1,0.44452295,0
1,1,0.44266632,0
1,1,0.5374736,1
1,1,0.56247354,1
1,1,0.569537,1
1,1,0.55589044,1
1,1,0.5534795,1
1,1,0.5583188,1
1,1,0.5552142,1
1,1,0.5579296,1
1,1,0.5584448,1
1,1,0.5568611,1
1,1,0.5481828,1
1,1,0.5709398,1
1,1,0.57799023,1
1,1,0.56541437,1
1,1,0.5634231,1
1,1,0.5655463,1
1,1,0.5618532,1
1,1,0.568311,1
1,1,0.56703246,1
1,1,0.56540686,1
1,1,0.5860992,1
1,1,0.58868474,1
1,1,0.5903051,1
1,1,0.5977417,1
1,1,0.590055,1
1,1,0.58840305,1
1,1,0.5902125,1
1,1,0.5911788,1
1,0,0.54451495,1
1,0,0.54788256,1
1,0,0.55147225,1
1,0,0.5276557,1
1,0,0.52447236,1
1,0,0.5382026,1
1,0,0.52959037,1
1,0,0.5288488,1
1,0,0.54733914,1
1,0,0.54143685,1
1,0,0.54115725,1
1,0,0.55390394,1
1,0,0.5599408,1
1,0,0.54247713,1
1,0,0.54166174,1
1,0,0.6045464,1
1,0,0.6208574,1
1,0,0.6142559,1
1,0,0.6132956,1
1,0,0.62018394,1
1,0,0.620458,1
1,0,0.62435216,1
1,0,0.61963755,1
1,0,0.62789893,1
1,0,0.60701823,1
1,0,0.6278174,1
1,0,0.6248785,1
1,0,0.63123363,1
1,0,0.6344574,1
1,0,0.6084346,1
1,1,0.45707905,0
1,1,0.45649332,0
1,1,0.45981887,0
1,1,0.45374307,0
1,1,0.46025425,0
1,1,0.4600133,0
1,1,0.458738,0
1,1,0.454325,0
1,1,0.46371612,0
1,1,0.45531163,0
1,1,0.4515272,0
1,1,0.46073106,0
1,1,0.4550462,0
1,1,0.45467135,0
1,1,0.45534036,0
1,1,0.45505422,0
1,1,0.45186788,0
1,1,0.4554349,0
1,1,0.44958305,0
1,1,0.45282823,0
1,1,0.4540977,0
1,1,0.45903713,0
1,1,0.45427322,0
1,1,0.4570257,0
1,1,0.5688583,1
1,1,0.5708097,1
1,1,0.5783052,1
1,1,0.5807105,1
1,1,0.5841197,1
1,1,0.56762755,1
1,1,0.5879936,1
1,1,0.567715,1
1,1,0.5733076,1
1,1,0.56946194,1
1,1,0.5761016,1
1,1,0.5770684,1
1,1,0.575468,1
1,1,0.5652733,1
1,1,0.56938803,1
1,1,0.57763404,1
1,1,0.5807965,1
1,1,0.5685412,1
1,1,0.56925094,1
1,1,0.5715707,1
1,1,0.5783732,1
1,1,0.57271296,1
1,1,0.58023477,1
1,1,0.5798597,1
1,1,0.57309985,1
1,1,0.5761113,1
1,1,0.5672079,1
1,1,0.5626899,1
1,1,0.5668379,1
1,1,0.5691991,1
1,1,0.57641107,1
1,1,0.57315046,1
1,1,0.5804626,1
1,1,0.58208245,1
2,1,0.46329916,0
2,1,0.4614146,0
2,1,0.45570773,0
2,1,0.4461264,0
2,1,0.45099658,0
2,1,0.45579487,0
2,1,0.4552093,0
2,1,0.46256566,0
2,1,0.4632219,0
2,1,0.45556438,0
2,1,0.45088136,0
2,1,0.45637628,0
2,1,0.46439928,0
2,1,0.463636,0
2,1,0.46126816,0
2,1,0.45577744,0
2,1,0.46063733,0
2,1,0.45301884,0
2,1,0.46658865,0
2,1,0.45576614,0
2,1,0.45129314,0
2,1,0.45219868,0
2,1,0.45732045,0
2,1,0.44303688,0
2,1,0.4558388,0
2,1,0.45605114,0
2,1,0.46027356,0
2,1,0.45009318,0
2,1,0.46913347,0
2,1,0.4686574,0
2,1,0.46169275,0
2,1,0.48143294,0
2,1,0.43550363,0
2,1,0.4329731,0
2,1,0.44788894,0
2,1,0.44043773,0
2,1,0.4479199,0
2,1,0.43934262,0
2,1,0.45643008,0
2,1,0.45309833,0
2,1,0.46044278,0
2,1,0.4641863,0
2,1,0.46564957,0
2,1,0.47253564,0
2,1,0.4769864,0
2,1,0.49047583,0
2,1,0.47733206,0
2,1,0.47896987,0
2,1,0.48767227,0
2,1,0.48143992,0
2,1,0.47036162,0
2,1,0.47309354,0
2,1,0.47183257,0
2,1,0.47026742,0
2,1,0.4765095,0
2,1,0.4581775,0
2,1,0.45604753,0
2,1,0.47230843,0
2,1,0.46016338,0
2,1,0.4760933,0
2,1,0.47059178,0
2,1,0.47720122,0
2,1,0.46871832,0
2,1,0.47969148,0
2,1,0.4764327,0
2,1,0.46530998,0
2,1,0.46442902,0
2,1,0.46668723,0
2,1,0.47949976,0
2,1,0.4569116,0
2,1,0.4554739,0
2,1,0.46737903,0
2,1,0.48015657,0
2,1,0.47526786,0
2,1,0.47402847,0
2,1,0.47787923,0
2,1,0.48110563,0
2,1,0.48344827,0
2,1,0.47381356,0
2,1,0.4785407,0
2,1,0.47514305,0
2,1,0.4877419,0
2,1,0.4768028,0
2,1,0.48176754,0
2,1,0.48896173,0
2,1,0.49161738,0
2,1,0.5066675,1
2,1,0.5026545,1
2,1,0.4460103,0
2,1,0.44383687,0
2,1,0.44631243,0
2,1,0.44210425,0
2,1,0.45440462,0
2,1,0.449214,0
2,1,0.4449151,0
2,1,0.45366088,0
2,1,0.45014426,0
2,1,0.45056725,0
2,1,0.46397886,0
2,1,0.45965996,0
2,1,0.45579296,0
2,1,0.46406418,0
2,1,0.4588293,0
2,1,0.4541372,0
2,1,0.45565483,0
2,1,0.46206096,0
2,1,0.45856914,0
2,1,0.46459687,0
2,1,0.458412,0
2,1,0.45680934,0
2,1,0.45313656,0
2,1,0.468501,0
2,1,0.45542702,0
2,1,0.33844653,0
2,1,0.35965866,0
2,1,0.35976335,0
2,1,0.3612479,0
2,1,0.3687529,0
2,1,0.35707304,0
2,1,0.3525169,0
2,1,0.35060564,0
2,1,0.34640387,0
2,1,0.35321555,0
2,1,0.34081307,0
2,1,0.34277487,0
2,1,0.34407124,0
2,1,0.52027243,1
2,1,0.49860936,0
2,1,0.49858773,0
2,1,0.510587,1
2,1,0.5008191,1
2,1,0.507393,1
2,1,0.5107476,1
2,1,0.50507677,1
2,1,0.5069305,1
2,1,0.49891964,0
2,1,0.52900225,1
2,1,0.52314526,1
2,1,0.51292986,1
2,1,0.5026434,1
2,1,0.51577735,1
2,0,0.42002323,0
2,0,0.42438632,0
2,0,0.40226445,0
2,0,0.39511758,0
2,0,0.42824322,0
2,0,0.41010246,0
2,0,0.42249686,0
2,0,0.4095238,0
2,0,0.40546605,0
2,0,0.40257394,0
2,0,0.42604226,0
2,0,0.41093704,0
2,0,0.42565563,0
2,0,0.42876387,0
2,0,0.4171677,0
2,0,0.4264068,0
2,0,0.4092473,0
2,0,0.42028245,0
2,0,0.40102613,0
2,0,0.40548083,0
2,0,0.3760726,0
2,0,0.40109512,0
2,0,0.38175702,0
2,0,0.40077904,0
2,0,0.39872196,0
2,0,0.42144826,0
2,0,0.39645612,0
2,0,0.379882,0
2,0,0.3695889,0
2,0,0.3864706,0
2,0,0.38790396,0
2,0,0.39761934,0
2,0,0.38428286,0
2,0,0.40283573,0
2,0,0.37426287,0
2,0,0.40331498,0
2,0,0.39814433,0
2,0,0.37726912,0
2,0,0.38443816,0
2,0,0.37621883,0
2,0,0.40654358,0
2,0,0.38864046,0
2,0,0.39830193,0
2,0,0.4067129,0
2,0,0.41208315,0
2,0,0.41043326,0
2,0,0.4067707,0
2,0,0.4340509,0
2,0,0.40071422,0
2,0,0.429139,0
2,0,0.41134503,0
2,0,0.409135,0
2,0,0.41356078,0
2,0,0.42921606,0
2,0,0.42134902,0
2,0,0.42938712,0
2,0,0.41727483,0
2,0,0.42959222,0
2,0,0.4227348,0
2,0,0.41820297,0
2,0,0.44141155,0
2,0,0.4333274,0
2,0,0.44147077,0
2,0,0.41689557,0
2,0,0.41609794,0
2,0,0.42049947,0
2,0,0.41777706,0
2,0,0.44723415,0
2,0,0.4351218,0
2,0,0.5510689,1
2,0,0.5682389,1
2,0,0.5593922,1
2,0,0.5449625,1
2,0,0.56010664,1
2,0,0.5592204,1
2,0,0.5629114,1
2,0,0.54726416,1
2,0,0.5599299,1
2,0,0.555338,1
2,0,0.55899465,1
2,0,0.57253355,1
2,0,0.5531946,1
2,0,0.58436435,1
2,0,0.5647002,1
2,0,0.5130572,1
2,0,0.5235457,1
2,0,0.5114877,1
2,0,0.51125896,1
2,0,0.51001036,1
2,0,0.51871395,1
2,0,0.5128215,1
2,0,0.5226131,1
2,0,0.52206284,1
2,0,0.50787336,1
2,0,0.5223787,1
2,0,0.52679056,1
2,0,0.5189211,1
2,0,0.5183992,1
2,0,0.52934843,1
2,1,0.63464594,1
2,1,0.64492434,1
2,1,0.6335174,1
2,1,0.65418077,1
2,1,0.6377715,1
2,1,0.6354535,1
2,1,0.6352175,1
2,1,0.6452316,1
2,1,0.6345046,1
2,1,0.6371364,1
2,1,0.6408449,1
2,1,0.63899356,1
2,1,0.6402979,1
2,1,0.64173764,1
2,1,0.6322445,1
2,1,0.6469834,1
2,1,0.6352258,1
2,1,0.6290898,1
2,1,0.6271563,1
2,1,0.6272218,1
2,1,0.6234266,1
2,1,0.6180343,1
2,1,0.6349934,1
2,1,0.62145764,1
2,1,0.62399024,1
2,1,0.6303996,1
2,1,0.489805,0
2,1,0.5131368,1
2,1,0.5170694,1
2,1,0.5051079,1
2,1,0.50092334,1
2,1,0.52758116,1
2,1,0.5237043,1
2,1,0.5154357,1
2,1,0.51804405,1
2,1,0.50962263,1
2,1,0.5323082,1
2,1,0.50518155,1
2,1,0.52232987,1
2,1,0.51955646,1
2,1,0.504346,1
2,1,0.5052345,1
2,1,0.5251638,1
2,1,0.51711094,1
2,1,0.6227339,1
2,1,0.6159961,1
2,1,0.619115,1
2,1,0.62817234,1
2,1,0.6258953,1
2,1,0.6305647,1
2,1,0.62654656,1
2,1,0.62752193,1
2,1,0.6291018,1
2,1,0.6327014,1
2,0,0.5132534,1
2,0,0.54227203,1
2,0,0.53990316,1
2,0,0.52321285,1
2,0,0.52505416,1
2,0,0.52491236,1
2,0,0.5213394,1
2,0,0.5325901,1
2,0,0.52623075,1
2,0,0.53693044,1
2,0,0.545059,1
2,0,0.55276775,1
2,0,0.5422779,1
2,0,0.555359,1
2,0,0.5499914,1
2,0,0.5543656,1
2,0,0.52657825,1
2,0,0.5345982,1
2,0,0.540734,1
2,0,0.55343443,1
2,0,0.54871356,1
2,0,0.5325417,1
2,0,0.534982,1
2,0,0.5461547,1
2,0,0.5523727,1
2,0,0.54629004,1
2,0,0.54456395,1
2,0,0.5398748,1
2,0,0.53995335,1
2,0,0.5420253,1
2,0,0.547438,1
2,0,0.5676183,1
2,0,0.5325957,1
2,0,0.5395678,1
2,0,0.55235296,1
2,0,0.5489004,1
2,0,0.55477303,1
2,0,0.5345523,1
2,0,0.5358914,1
2,0,0.5350362,1
2,0,0.5299859,1
2,0,0.54820085,1
2,0,0.5447153,1
2,0,0.5352172,1
2,0,0.547364,1
2,0,0.55401534,1
2,0,0.541781,1
2,0,0.5701719,1
2,0,0.5384759,1
2,0,0.5356259,1
2,0,0.5491461,1
2,0,0.55768716,1
2,0,0.54690415,1
2,0,0.5491989,1
2,0,0.5469503,1
2,0,0.56317675,1
2,0,0.55060375,1
2,0,0.5636661,1
2,0,0.5482294,1
2,0,0.56473553,1
2,0,0.5629196,1
2,0,0.55332327,1
2,0,0.54657984,1
2,0,0.5559565,1
2,0,0.5509047,1
2,0,0.5562574,1
2,0,0.5547257,1
2,0,0.55507356,1
2,0,0.56005424,1
2,0,0.5572747,1
2,0,0.55293703,1
2,0,0.5533799,1
2,0,0.54629517,1
2,0,0.57099605,1
2,0,0.55667084,1
2,0,0.56037325,1
2,0,0.5660169,1
2,0,0.5539034,1
2,0,0.55899894,1
2,0,0.56111217,1
2,0,0.549715,1
2,0,0.55248237,1
2,0,0.5706914,1
2,0,0.5515009,1
2,0,0.5379984,1
2,0,0.55332184,1
2,0,0.54641765,1
2,0,0.55292815,1
2,0,0.5593251,1
2,0,0.5598933,1
2,0,0.5581726,1
2,0,0.5760396,1
2,0,0.56731373,1
2,0,0.55122143,1
2,0,0.5425861,1
2,0,0.5529114,1
2,0,0.5633911,1
2,0,0.55411506,1
2,0,0.55556464,1
2,0,0.5520482,1
2,0,0.5408801,1
2,0,0.56276745,1
2,0,0.5545622,1
2,0,0.5521117,1
2,0,0.5461561,1
2,0,0.5409294,1
2,0,0.5588162,1
2,0,0.54958606,1
2,0,0.5487144,1
2,0,0.5352286,1
2,0,0.5415538,1
2,0,0.54734915,1
2,0,0.5529752,1
2,0,0.52999306,1
2,0,0.53753424,1
2,0,0.5319702,1
2,0,0.54184955,1
2,0,0.5423822,1
2,0,0.5532671,1
2,0,0.53255624,1
2,0,0.54731596,1
2,0,0.5434568,1
2,0,0.53657603,1
2,0,0.55197096,1
2,0,0.5627939,1
2,0,0.56283,1
2,0,0.5521309,1
2,0,0.5425545,1
2,0,0.5536103,1
2,0,0.54642713,1
2,0,0.55597353,1
2,0,0.55867535,1
2,0,0.5668506,1
2,0,0.55913997,1
2,0,0.5449143,1
2,0,0.5603877,1
2,0,0.55125844,1
2,0,0.5709538,1
2,0,0.56563914,1
2,0,0.55804604,1
2,0,0.5628067,1
2,0,0.5714694,1
2,0,0.54868186,1
2,0,0.5616179,1
2,0,0.57030916,1
2,0,0.562897,1
2,0,0.5663111,1
2,0,0.5627125,1
2,0,0.5663955,1
2,0,0.56895,1
2,0,0.5560965,1
2,0,0.55816793,1
2,0,0.5712228,1
2,0,0.5916295,1
2,0,0.5524692,1
2,0,0.55195326,1
2,0,0.5650429,1
2,0,0.57216203,1
2,0,0.55701536,1
2,0,0.5610759,1
2,0,0.57107913,1
2,0,0.55470496,1
2,0,0.54855245,1
2,0,0.55757725,1
2,0,0.55834466,1
2,0,0.56178594,1
2,0,0.5513218,1
2,0,0.5478308,1
2,0,0.55852723,1
2,0,0.56979394,1
2,0,0.5532631,1
2,0,0.55587864,1
2,0,0.56603533,1
2,0,0.5427447,1
2,0,0.5495659,1
2,0,0.5507659,1
2,0,0.5529826,1
2,0,0.55479324,1
2,0,0.5493865,1
2,0,0.55807513,1
2,0,0.55549073,1
2,0,0.5527473,1
2,0,0.55223215,1
2,0,0.5531906,1
2,0,0.54869264,1
2,0,0.56951714,1
2,0,0.54700387,1
2,0,0.552194,1
2,0,0.55460215,1
2,0,0.5604056,1
2,0,0.5573989,1
2,0,0.5737675,1
2,0,0.5485796,1
2,0,0.57234204,1
2,0,0.5546381,1
2,0,0.5604736,1
2,0,0.5756411,1
2,0,0.5617211,1
2,0,0.5619791,1
2,0,0.56216943,1
2,0,0.5594349,1
2,0,0.5474131,1
2,0,0.5535952,1
2,0,0.5481764,1
2,0,0.5670252,1
2,0,0.553529,1
2,0,0.568664,1
2,0,0.5610107,1
2,0,0.5591707,1
2,0,0.56908345,1
2,0,0.56323516,1
2,0,0.5557111,1
2,0,0.57430786,1
2,0,0.57505506,1
2,0,0.56655484,1
2,0,0.56875867,1
2,0,0.5562356,1
2,0,0.5460443,1
2,0,0.5570676,1
2,0,0.5566948,1
2,0,0.5720242,1
2,0,0.5727618,1
2,0,0.5597598,1
2,0,0.5510474,1
2,0,0.55154854,1
2,0,0.56341726,1
2,0,0.5665837,1
2,0,0.5601922,1
2,0,0.56473565,1
2,0,0.5574175,1
2,0,0.56069833,1
2,0,0.5585854,1
2,0,0.55599034,1
2,0,0.5641213,1
2,0,0.5662338,1
2,0,0.5625854,1
2,0,0.555294,1
2,0,0.56475383,1
2,0,0.56142884,1
2,0,0.5587886,1
2,0,0.56712437,1
2,0,0.5723161,1
2,0,0.5714513,1
2,0,0.55946505,1
2,0,0.5619046,1
2,0,0.555525,1
2,0,0.56951123,1
2,0,0.5570074,1
2,0,0.55967236,1
2,0,0.57551306,1
2,0,0.5581843,1
2,0,0.56588185,1
2,0,0.565358,1
2,0,0.56831676,1
2,0,0.57065105,1
2,0,0.57123536,1
2,0,0.5462166,1
2,0,0.5554498,1
2,0,0.56325436,1
2,0,0.5651514,1
2,0,0.56583667,1
2,0,0.56976646,1
2,0,0.55821115,1
2,0,0.5663654,1
2,0,0.5610554,1
2,0,0.55730724,1
2,0,0.5617424,1
2,0,0.56228554,1
2,0,0.5624552,1
2,0,0.5641057,1
2,0,0.5657923,1
2,0,0.5695023,1
2,0,0.55079716,1
2,0,0.5652016,1
2,0,0.56731224,1
2,0,0.55240697,1
2,0,0.5675042,1
2,0,0.5855733,1
2,0,0.5525451,1
2,0,0.5462036,1
2,0,0.5442903,1
2,0,0.55135673,1
2,0,0.5475636,1
2,0,0.5636514,1
2,0,0.5644024,1
2,0,0.56531584,1
2,0,0.5724928,1
2,0,0.56706387,1
2,0,0.55559254,1
2,0,0.5454095,1
2,0,0.54966664,1
2,0,0.57040703,1
2,0,0.551882,1
2,0,0.5407048,1
2,0,0.562997,1
2,0,0.5450195,1
2,0,0.55170554,1
2,0,0.54788965,1
2,0,0.55469155,1
2,0,0.5551813,1
2,1,0.57565725,1
2,1,0.5658701,1
2,1,0.58216786,1
2,1,0.59182,1
2,1,0.59228283,1
2,1,0.5771732,1
2,1,0.57223403,1
2,1,0.584441,1
2,1,0.579704,1
2,1,0.6445381,1
2,1,0.63373613,1
2,1,0.6397175,1
2,1,0.62613654,1
2,1,0.6335603,1
2,1,0.62856674,1
2,1,0.6340581,1
2,1,0.63558865,1
2,1,0.6258237,1
2,1,0.6434635,1
2,1,0.6345947,1
2,1,0.6473962,1
2,1,0.6508299,1
2,1,0.6469706,1
2,1,0.63972473,1
2,1,0.65219665,1
2,1,0.65095305,1
2,1,0.6543006,1
2,1,0.65429515,1
2,1,0.6488192,1
2,1,0.64970374,1
2,1,0.6568523,1
2,1,0.65331423,1
2,1,0.6455907,1
2,1,0.64310473,1
2,1,0.64543194,1
2,1,0.64399606,1
2,1,0.60497373,1
2,1,0.6017228,1
2,1,0.5965332,1
2,1,0.6074609,1
2,1,0.60302854,1
2,1,0.62897676,1
2,1,0.61820054,1
2,1,0.62090486,1
2,1,0.62687653,1
2,1,0.6180471,1
2,1,0.6278789,1
2,1,0.6147627,1
2,1,0.6241623,1
2,1,0.62254786,1
2,1,0.61798596,1
2,1,0.63018507,1
2,1,0.62539876,1
2,1,0.6307561,1
2,1,0.63631004,1
2,1,0.6365831,1
2,1,0.64073735,1
2,1,0.64108396,1
2,1,0.65072334,1
2,1,0.6555045,1
2,1,0.63683224,1
2,1,0.64206463,1
2,1,0.644765,1
2,1,0.6463667,1
2,1,0.64878166,1
2,1,0.6580413,1
2,1,0.6467614,1
2,1,0.6546357,1
2,1,0.65307945,1
2,1,0.6538021,1
2,1,0.64604414,1
2,1,0.64614815,1
2,1,0.65056044,1
2,1,0.6615475,1
2,1,0.6508147,1
2,1,0.6536116,1
2,1,0.6440321,1
2,1,0.6502011,1
2,1,0.6456435,1
2,1,0.6317135,1
2,1,0.61661106,1
2,1,0.61877966,1
2,1,0.62461084,1
2,1,0.62314415,1
2,1,0.627681,1
2,1,0.63083047,1
2,1,0.6310756,1
2,1,0.63228106,1
2,1,0.63849545,1
2,1,0.6337533,1
2,1,0.6320276,1
2,1,0.6341408,1
2,1,0.63301694,1
2,1,0.64134866,1
2,1,0.6410336,1
2,1,0.63786143,1
2,1,0.656009,1
2,1,0.65240854,1
2,1,0.6531727,1
2,1,0.6553886,1
2,1,0.6633402,1
2,1,0.6598483,1
2,1,0.6656099,1
2,1,0.65892726,1
2,1,0.6626857,1
2,1,0.6176456,1
2,1,0.60781944,1
2,1,0.6045073,1
2,1,0.61848664,1
2,1,0.6149363,1
2,1,0.60263103,1
2,1,0.61846447,1
2,1,0.61865973,1
2,1,0.6147859,1
2,1,0.6065883,1
2,1,0.6182513,1
2,1,0.5989922,1
2,1,0.59683317,1
2,1,0.60162985,1
2,1,0.5903285,1
2,1,0.6047894,1
2,1,0.59297305,1
2,1,0.5915244,1
2,1,0.5811924,1
2,1,0.563062,1
2,1,0.5710231,1
2,1,0.5817923,1
2,1,0.5994522,1
2,1,0.59307593,1
2,1,0.59414834,1
2,1,0.6127111,1
2,1,0.59485006,1
2,1,0.5858247,1
2,1,0.60056233,1
2,1,0.59030944,1
2,1,0.59572184,1
2,1,0.5867414,1
2,1,0.58941925,1
2,1,0.6045827,1
2,1,0.62954265,1
2,1,0.62821627,1
2,1,0.62190723,1
2,1,0.62597984,1
2,1,0.62074596,1
2,1,0.63290316,1
2,1,0.62752306,1
2,1,0.62303394,1
2,1,0.6299927,1
2,1,0.63205624,1
2,1,0.6375857,1
2,1,0.6372958,1
2,1,0.6287459,1
2,1,0.63063395,1
2,1,0.6151249,1
2,1,0.6182612,1
2,1,0.63657224,1
2,1,0.6230697,1
2,1,0.6330423,1
2,1,0.6330766,1
2,1,0.6411076,1
2,1,0.62645817,1
2,1,0.62547964,1
2,1,0.6311388,1
2,1,0.61741114,1
2,1,0.62350684,1
2,1,0.6257042,1
2,1,0.63632196,1
2,1,0.6266255,1
2,1,0.63277566,1
2,1,0.63417166,1
2,1,0.62685394,1
2,1,0.6401834,1
2,1,0.64032435,1
2,1,0.6278186,1
2,1,0.6414208,1
2,1,0.6322646,1
2,1,0.6264733,1
2,1,0.6190619,1
2,1,0.6299678,1
2,1,0.62117255,1
2,1,0.6360647,1
2,1,0.63898003,1
2,1,0.6357672,1
2,1,0.6401504,1
2,1,0.6394468,1
2,1,0.64229804,1
2,1,0.64982945,1
2,1,0.6428639,1
2,1,0.63896936,1
2,1,0.6425802,1
2,1,0.64027226,1
2,1,0.64731467,1
2,1,0.63622767,1
2,1,0.6455456,1
2,1,0.6440761,1
2,1,0.64483786,1
2,1,0.6431567,1
2,1,0.64322674,1
2,1,0.6463726,1
2,1,0.64167976,1
2,1,0.63878155,1
2,1,0.64559114,1
2,1,0.6379328,1
2,1,0.64095664,1
2,1,0.6475477,1
2,1,0.6499951,1
2,1,0.6469895,1
2,1,0.6421064,1
2,1,0.63859624,1
2,1,0.6524957,1
2,1,0.6380873,1
2,1,0.65235233,1
2,1,0.64519686,1
2,1,0.63031405,1
2,1,0.63167346,1
2,1,0.63208836,1
2,1,0.64092827,1
2,1,0.6224817,1
2,1,0.62534815,1
2,1,0.63054544,1
2,1,0.6237493,1
2,1,0.630558,1
2,1,0.6276327,1
2,1,0.6288938,1
2,1,0.6324075,1
2,1,0.6259017,1
2,1,0.64031684,1
2,1,0.65781844,1
2,1,0.66049474,1
2,1,0.6619316,1
2,1,0.6583234,1
2,1,0.65516484,1
2,1,0.6527799,1
2,1,0.65264183,1
2,1,0.65341455,1
2,1,0.6565277,1
2,1,0.65516216,1
2,1,0.6645548,1
2,1,0.6629673,1
2,1,0.6571392,1
2,1,0.6547789,1
2,1,0.66050047,1
2,1,0.6565121,1
2,1,0.65458167,1
2,1,0.6675806,1
2,1,0.6548877,1
2,1,0.6619266,1
2,1,0.65430135,1
2,1,0.65797216,1
2,1,0.66116554,1
2,1,0.6495867,1
2,1,0.6484895,1
2,1,0.6483875,1
2,1,0.6281067,1
2,1,0.63410854,1
2,1,0.6361352,1
2,1,0.6306882,1
2,1,0.6428087,1
2,1,0.6378552,1
2,1,0.65154624,1
2,1,0.65325063,1
2,1,0.66236264,1
2,1,0.6540404,1
2,1,0.6535541,1
2,1,0.65989923,1
2,1,0.65258145,1
2,1,0.6435139,1
2,1,0.6416466,1
2,1,0.63401335,1
2,1,0.631233,1
2,1,0.6214988,1
2,1,0.61800015,1
2,1,0.6272564,1
2,1,0.6230119,1
2,1,0.63700444,1
2,1,0.62725043,1
2,1,0.6424298,1
2,1,0.628979,1
2,1,0.6361098,1
2,1,0.6355017,1
2,1,0.6342172,1
2,1,0.6411874,1
2,1,0.651626,1
2,1,0.63844556,1
2,1,0.65740144,1
2,1,0.6417182,1
2,1,0.65585136,1
2,1,0.65683246,1
2,1,0.645255,1
2,0,0.6471,1
2,0,0.63839096,1
2,0,0.6570167,1
2,0,0.64192224,1
2,0,0.64409465,1
2,0,0.6419917,1
2,0,0.65581757,1
2,0,0.6360074,1
2,0,0.65386003,1
2,0,0.6354967,1
2,0,0.63985246,1
2,0,0.64233124,1
2,0,0.6451636,1
2,0,0.6360372,1
2,0,0.6471119,1
2,0,0.63347983,1
2,0,0.6327871,1
2,0,0.6242405,1
2,0,0.63460195,1
2,0,0.6308705,1
2,0,0.64615804,1
2,0,0.6416191,1
2,0,0.6439305,1
2,0,0.6307171,1
2,0,0.64559305,1
2,0,0.63485146,1
2,0,0.6369487,1
2,0,0.63327265,1
2,0,0.6359182,1
2,0,0.64075255,1
2,0,0.6416134,1
2,1,0.6376786,1
2,1,0.6335305,1
2,1,0.6399566,1
2,1,0.6436102,1
2,1,0.6363888,1
2,1,0.62905586,1
2,1,0.6371567,1
2,1,0.62971693,1
2,1,0.6290463,1
2,1,0.6355894,1
2,1,0.62667495,1
2,1,0.636262,1
2,1,0.6301795,1
2,1,0.63518107,1
2,1,0.6353158,1
2,1,0.63336015,1
2,1,0.647138,1
2,1,0.6396478,1
2,1,0.6393615,1
2,1,0.6442298,1
2,1,0.6409514,1
2,1,0.63833076,1
2,1,0.63458,1
2,1,0.62401867,1
2,1,0.6389703,1
2,1,0.62945586,1
2,1,0.63243073,1
2,1,0.6305407,1
2,1,0.64637625,1
2,1,0.64353603,1
2,1,0.6247953,1
2,1,0.63289654,1
2,0,0.63185984,1
2,0,0.6218867,1
2,0,0.622288,1
2,0,0.6193278,1
2,0,0.6106503,1
2,0,0.62565744,1
2,0,0.62017787,1
2,1,0.62059814,1
2,1,0.64219695,1
2,1,0.6319756,1
2,1,0.62524813,1
2,1,0.6363022,1
2,0,0.6317017,1
2,0,0.63590497,1
2,0,0.6334396,1
2,0,0.62929857,1
2,0,0.6191384,1
2,0,0.6230077,1
2,0,0.6270567,1
2,1,0.6269701,1
2,1,0.6256038,1
2,1,0.619858,1
2,1,0.6366401,1
2,1,0.63471895,1
2,1,0.628536,1
2,1,0.629201,1
2,1,0.63344127,1
2,1,0.6286745,1
2,1,0.627816,1
2,1,0.6179182,1
2,1,0.6291923,1
2,1,0.6288376,1
2,1,0.63446695,1
2,1,0.6178183,1
2,1,0.6110742,1
2,1,0.63149303,1
2,1,0.6267182,1
2,1,0.6196917,1
2,1,0.6216716,1
2,1,0.6109327,1
2,1,0.6223914,1
2,0,0.6166333,1
2,0,0.608349,1
2,0,0.6076426,1
2,0,0.6030598,1
2,0,0.62740356,1
2,0,0.6113664,1
2,0,0.611749,1
2,0,0.606127,1
2,0,0.6252881,1
2,0,0.6174247,1
2,0,0.6081336,1
2,0,0.6001596,1
2,0,0.6092869,1
2,1,0.6108373,1
2,1,0.59947747,1
2,1,0.6154813,1
2,1,0.61171216,1
2,1,0.62134784,1
2,1,0.63730425,1
2,1,0.61817306,1
2,1,0.62367237,1
2,1,0.63114977,1
2,1,0.62129736,1
2,1,0.6298499,1
2,1,0.6356911,1
2,1,0.62239456,1
2,1,0.6309914,1
2,1,0.63489884,1
2,1,0.62223864,1
2,1,0.6254413,1
2,1,0.63518476,1
2,1,0.6200128,1
2,1,0.617732,1
2,1,0.62582487,1
2,1,0.61613464,1
2,1,0.626825,1
2,1,0.6215241,1
2,1,0.6357481,1
2,1,0.643838,1
2,0,0.6526747,1
2,0,0.65746367,1
2,0,0.6562801,1
2,0,0.64478856,1
2,0,0.65026295,1
2,0,0.6394302,1
2,0,0.64617485,1
2,0,0.6400715,1
2,0,0.657508,1
2,0,0.6355815,1
2,0,0.6484419,1
2,0,0.6488571,1
2,0,0.64294195,1
2,0,0.64242506,1
2,0,0.64215624,1
2,0,0.6434345,1
2,0,0.6424354,1
2,0,0.6450686,1
2,0,0.652251,1
2,0,0.66173375,1
2,0,0.6413648,1
2,0,0.63866353,1
2,0,0.64869916,1
2,0,0.657345,1
2,0,0.6440581,1
2,0,0.64472693,1
2,0,0.63403624,1
2,0,0.6494526,1
2,0,0.6424239,1
2,0,0.63952476,1
2,0,0.63698417,1
2,0,0.64712405,1
2,0,0.64322126,1
2,0,0.62565154,1
2,0,0.6392013,1
2,0,0.64599895,1
2,0,0.6235292,1
2,0,0.64267135,1
2,0,0.62461907,1
2,0,0.6327195,1
2,0,0.6398593,1
2,0,0.6119037,1
2,0,0.6353497,1
2,0,0.62090325,1
2,0,0.62451345,1
2,0,0.6299768,1
2,0,0.6293952,1
2,0,0.6380939,1
2,0,0.6349595,1
2,0,0.6317414,1
2,0,0.631782,1
2,0,0.63578665,1
2,0,0.63746256,1
2,0,0.6490831,1
2,0,0.6282047,1
2,0,0.6383494,1
2,0,0.6371731,1
2,0,0.6298069,1
2,0,0.6276182,1
2,0,0.6343987,1
2,0,0.63354707,1
2,0,0.6327791,1
2,0,0.6477721,1
2,0,0.63504577,1
2,0,0.6276327,1
2,0,0.64052516,1
2,0,0.64160097,1
2,0,0.63716847,1
2,0,0.63359857,1
2,0,0.63832116,1
2,0,0.6375498,1
2,0,0.6333682,1
2,0,0.63485307,1
2,0,0.62810785,1
2,0,0.6275319,1
2,0,0.6395444,1
2,0,0.64214575,1
2,0,0.6371412,1
2,0,0.6316942,1
2,0,0.6323382,1
2,0,0.61503845,1
2,0,0.63964677,1
2,0,0.6253052,1
2,0,0.63889146,1
2,0,0.62943375,1
2,0,0.6281719,1
2,0,0.64348483,1
2,0,0.6370021,1
2,0,0.6255075,1
2,0,0.62080234,1
2,0,0.63319695,1
2,0,0.62213916,1
2,0,0.64640385,1
2,0,0.63846505,1
2,0,0.6353854,1
2,0,0.63120735,1
2,0,0.6288177,1
2,0,0.6422808,1
2,0,0.6435172,1
2,0,0.6404225,1
2,0,0.6314786,1
2,0,0.62636685,1
2,0,0.6399343,1
2,0,0.6207893,1
2,0,0.65059584,1
2,0,0.6344982,1
2,0,0.6271583,1
2,0,0.64266765,1
2,0,0.6389368,1
2,0,0.631743,1
2,0,0.6424401,1
2,0,0.6266487,1
2,0,0.630514,1
2,0,0.6274251,1
2,0,0.63916034,1
2,0,0.63617903,1
2,0,0.6209195,1
2,0,0.63133305,1
2,0,0.63404113,1
2,0,0.6255575,1
2,0,0.6511835,1
2,0,0.6509804,1
2,0,0.6411958,1
2,0,0.6505602,1
2,0,0.64271885,1
2,0,0.6595347,1
2,0,0.65021497,1
2,0,0.64929456,1
2,0,0.6623654,1
2,0,0.6532252,1
2,0,0.6487089,1
2,0,0.6572955,1
2,0,0.6465915,1
2,0,0.6469554,1
2,0,0.65027386,1
2,0,0.63562953,1
2,0,0.63324714,1
2,0,0.6345914,1
2,0,0.63349366,1
2,0,0.6200127,1
2,0,0.62725145,1
2,0,0.63222224,1
2,0,0.6368801,1
2,0,0.6324534,1
2,0,0.6411203,1
2,0,0.63881314,1
2,0,0.6496131,1
2,1,0.62428075,1
2,1,0.6248841,1
2,1,0.62521684,1
2,1,0.6154158,1
2,1,0.62548405,1
2,1,0.63472146,1
2,1,0.6267855,1
2,1,0.6459331,1
2,1,0.6382745,1
2,1,0.63446426,1
2,1,0.6184055,1
2,1,0.63367957,1
2,1,0.64425045,1
2,1,0.63252205,1
2,1,0.6533508,1
2,1,0.63704765,1
2,1,0.6346882,1
2,1,0.63431114,1
2,1,0.6443945,1
2,1,0.63351494,1
2,1,0.6361491,1
2,1,0.6401437,1
2,1,0.6380652,1
2,1,0.6394683,1
2,1,0.64098257,1
2,1,0.631283,1
2,1,0.6462239,1
2,1,0.6343183,1
2,1,0.62819076,1
2,1,0.6259915,1
2,1,0.6262811,1
2,1,0.622245,1
2,1,0.6169313,1
2,1,0.6338229,1
2,1,0.6202565,1
2,1,0.6227351,1
2,1,0.63334155,1
2,1,0.6377418,1
2,1,0.64424616,1
2,1,0.6377273,1
2,1,0.637358,1
2,1,0.6310383,1
2,1,0.6378569,1
2,1,0.6482074,1
2,1,0.6486946,1
2,1,0.6334607,1
2,1,0.6496831,1
2,1,0.63745826,1
2,1,0.5302621,1
2,1,0.5441805,1
2,1,0.5423437,1
2,1,0.5462349,1
2,1,0.5524085,1
2,1,0.5417341,1
2,1,0.55010986,1
2,1,0.5434402,1
2,1,0.5241506,1
2,1,0.5344444,1
2,1,0.52836084,1
2,1,0.52683306,1
2,1,0.535435,1
2,1,0.53331137,1
2,1,0.5476759,1
2,1,0.54425573,1
2,1,0.53417987,1
2,1,0.5173037,1
2,1,0.53970075,1
2,1,0.53422344,1
2,1,0.53718144,1
2,1,0.52532756,1
2,1,0.548338,1
2,1,0.52707297,1
2,1,0.5466568,1
2,1,0.5306747,1
2,1,0.5335868,1
2,1,0.54708976,1
2,1,0.53304064,1
2,0,0.5211736,1
2,0,0.52317256,1
2,0,0.5086604,1
2,0,0.52655435,1
2,0,0.5246375,1
2,0,0.5223599,1
2,0,0.5088728,1
2,0,0.5285482,1
2,0,0.523877,1
2,0,0.51759243,1
2,0,0.51388633,1
2,1,0.53646135,1
2,1,0.55739105,1
2,1,0.5584468,1
2,1,0.55674666,1
2,1,0.56554204,1
2,1,0.5719144,1
2,1,0.5682382,1
2,1,0.5751472,1
2,1,0.58503497,1
2,1,0.5701385,1
2,1,0.579751,1
2,1,0.58932894,1
2,1,0.5843898,1
2,1,0.5829476,1
2,1,0.59612256,1
2,1,0.6004963,1
2,1,0.5946449,1
2,1,0.59847707,1
2,1,0.5898895,1
2,1,0.5956037,1
2,1,0.5956522,1
2,1,0.5910803,1
2,1,0.5951313,1
2,1,0.59441966,1
2,1,0.59009457,1
2,1,0.59769833,1
2,1,0.5859064,1
2,1,0.584559,1
2,1,0.59608775,1
2,1,0.5998826,1
2,1,0.5943679,1
2,1,0.5900488,1
2,1,0.58517545,1
2,1,0.57792825,1
2,1,0.5770677,1
2,1,0.5858923,1
2,1,0.56593907,1
2,1,0.58728856,1
2,1,0.5876549,1
2,1,0.59491783,1
2,1,0.582191,1
2,1,0.5951217,1
2,1,0.6001194,1
2,1,0.5887359,1
2,1,0.5885694,1
2,1,0.595907,1
2,1,0.585841,1
2,1,0.59501904,1
2,1,0.6030432,1
2,1,0.594622,1
2,1,0.6117833,1
2,1,0.61049503,1
2,1,0.6002167,1
2,1,0.59695834,1
2,0,0.59479636,1
2,0,0.59691083,1
2,0,0.5844734,1
2,0,0.5900067,1
2,0,0.5976694,1
2,0,0.59653395,1
2,0,0.57946575,1
2,0,0.58716226,1
2,0,0.5929913,1
2,0,0.59879893,1
2,0,0.59112996,1
2,0,0.59882164,1
2,0,0.6066313,1
2,0,0.59166056,1
2,0,0.58626634,1
2,0,0.60432714,1
2,0,0.5998988,1
2,0,0.58875984,1
2,0,0.59532094,1
2,0,0.5837816,1
2,0,0.6040005,1
2,0,0.59812844,1
2,0,0.595628,1
2,0,0.61210907,1
2,0,0.5973887,1
2,0,0.6048714,1
2,0,0.6019021,1
2,0,0.6025015,1
2,0,0.59312624,1
2,0,0.6060003,1
2,1,0.60751504,1
2,1,0.6100019,1
2,1,0.6059006,1
2,1,0.6228409,1
2,1,0.6011799,1
2,1,0.59519285,1
2,1,0.6019042,1
2,1,0.60077757,1
2,1,0.6073033,1
2,1,0.6088539,1
2,1,0.60896444,1
2,1,0.5983644,1
2,1,0.6096654,1
2,1,0.61253846,1
2,1,0.5946497,1
2,1,0.587407,1
2,1,0.60105133,1
2,1,0.59693897,1
2,1,0.5936258,1
2,1,0.6060303,1
2,1,0.6021263,1
2,1,0.59811026,1
2,1,0.6104054,1
2,1,0.60858005,1
2,1,0.6083566,1
2,1,0.6136661,1
2,1,0.60841936,1
2,1,0.61509305,1
2,1,0.6204356,1
2,1,0.606915,1
2,1,0.61444074,1
2,1,0.6128637,1
2,1,0.6214134,1
2,1,0.6101853,1
2,1,0.6118434,1
2,0,0.6131829,1
2,0,0.5986029,1
2,0,0.6051775,1
2,0,0.601007,1
2,0,0.6000557,1
2,0,0.6159914,1
2,0,0.60531193,1
2,0,0.5814764,1
2,0,0.5981428,1
2,0,0.6015227,1
2,0,0.6118005,1
2,0,0.6091599,1
2,0,0.6089272,1
2,0,0.60275024,1
2,0,0.6085907,1
2,0,0.605966,1
2,0,0.6050905,1
2,0,0.59937084,1
2,0,0.6117377,1
2,0,0.6061165,1
2,0,0.60031945,1
2,0,0.6006856,1
2,1,0.60622364,1
2,1,0.61413366,1
2,1,0.61110055,1
2,1,0.5982127,1
2,1,0.60228753,1
2,1,0.609798,1
2,1,0.61485064,1
2,1,0.6193319,1
2,1,0.61491865,1
2,1,0.6109358,1
2,1,0.6140263,1
2,1,0.6091683,1
2,1,0.6075324,1
2,1,0.6047998,1
2,1,0.6069869,1
2,1,0.61272246,1
2,1,0.6086744,1
2,1,0.60795546,1
2,1,0.60920066,1
2,1,0.5995458,1
2,1,0.603882,1
2,1,0.5975542,1
2,1,0.60207057,1
2,1,0.60386074,1
2,1,0.6154478,1
2,1,0.6031593,1
2,1,0.6115104,1
2,1,0.6119021,1
2,1,0.60886455,1
2,1,0.60883814,1
2,0,0.61242694,1
2,0,0.6167037,1
2,0,0.5903417,1
2,0,0.6043165,1
2,0,0.6036693,1
2,0,0.60069096,1
2,0,0.6010257,1
2,0,0.6168493,1
2,0,0.60714555,1
2,0,0.6081394,1
2,0,0.6105561,1
2,0,0.61701673,1
2,0,0.61178565,1
2,0,0.6066678,1
2,0,0.6135255,1
2,1,0.6369487,1
2,1,0.63327265,1
2,1,0.6359182,1
2,1,0.64075255,1
2,1,0.6416134,1
2,1,0.6376786,1
2,1,0.6335305,1
2,1,0.6399566,1
2,1,0.6436102,1
2,1,0.6363888,1
2,1,0.62905586,1
2,1,0.6371567,1
2,1,0.62971693,1
2,1,0.6290463,1
2,1,0.6355894,1
2,1,0.62667495,1
2,1,0.630386,1
2,1,0.636262,1
2,1,0.6301795,1
2,1,0.63518107,1
2,1,0.6353158,1
2,1,0.63336015,1
2,1,0.64837587,1
2,0,0.62017787,1
2,0,0.62059814,1
2,0,0.64219695,1
2,0,0.6319756,1
2,0,0.62524813,1
2,0,0.6363022,1
2,0,0.6317017,1
2,0,0.63590497,1
2,0,0.6334396,1
2,1,0.6081336,1
2,1,0.6001596,1
2,1,0.6092869,1
2,1,0.6108373,1
2,1,0.59947747,1
2,1,0.6154813,1
2,1,0.61171216,1
2,1,0.62134784,1
2,1,0.63730425,1
2,1,0.61817306,1
2,1,0.62367237,1
2,1,0.63114977,1
2,1,0.62129736,1
2,1,0.6298499,1
2,1,0.6356911,1
2,1,0.62239456,1
2,1,0.6309914,1
2,1,0.63489884,1
2,1,0.62223864,1
2,1,0.6254413,1
2,1,0.63518476,1
2,1,0.6200128,1
2,1,0.617732,1
2,1,0.62582487,1
2,1,0.4766933,0
2,1,0.48344857,0
2,1,0.47580692,0
2,1,0.47827595,0
2,1,0.493139,0
2,1,0.4673231,0
2,1,0.4960518,0
2,1,0.4748051,0
2,1,0.48926014,0
2,1,0.46254382,0
2,1,0.4648861,0
2,1,0.46051586,0
2,1,0.46301544,0
2,1,0.4703062,0
2,1,0.46630824,0
2,1,0.47018,0
2,1,0.46155602,0
2,1,0.4757743,0
2,1,0.59820557,1
2,1,0.6029843,1
2,1,0.5987741,1
2,1,0.60540795,1
2,1,0.60426193,1
2,1,0.6093467,1
2,1,0.60459274,1
2,1,0.6055097,1
2,1,0.61327994,1
2,1,0.6463872,1
2,1,0.6504536,1
2,1,0.64500165,1
2,1,0.6435917,1
2,1,0.63108087,1
2,1,0.64457315,1
2,1,0.646845,1
2,1,0.62772614,1
2,1,0.6399157,1
2,1,0.6310666,1
2,1,0.6314062,1
2,1,0.6250673,1
2,1,0.6245716,1
2,1,0.6276307,1
2,1,0.6334506,1
2,1,0.63248736,1
2,1,0.6208474,1
2,1,0.6293816,1
2,1,0.62661344,1
2,1,0.62167454,1
2,1,0.6170632,1
2,1,0.63322663,1
2,1,0.62979424,1
2,1,0.62307703,1
2,1,0.6218997,1
2,1,0.62795925,1
2,1,0.6297369,1
2,1,0.63925153,1
2,1,0.6264869,1
2,1,0.6333121,1
2,1,0.62742,1
2,1,0.62652916,1
2,1,0.60594577,1
2,1,0.60680044,1
2,1,0.6204565,1
2,1,0.6164556,1
2,1,0.636547,1
2,1,0.63552934,1
2,1,0.63734746,1
2,1,0.6195857,1
2,1,0.61593765,1
2,1,0.61815417,1
2,1,0.6232381,1
2,1,0.629887,1
2,1,0.6502663,1
2,1,0.65469354,1
2,0,0.4390299,0
2,0,0.44182536,0
2,0,0.436194,0
2,0,0.43366712,0
2,0,0.447811,0
2,0,0.43148932,0
2,0,0.4360061,0
2,0,0.43201983,0
2,0,0.4437473,0
2,0,0.44159198,0
2,1,0.6304415,1
2,1,0.6399735,1
2,1,0.63864154,1
2,1,0.64580745,1
2,1,0.6447704,1
2,1,0.6451612,1
2,1,0.6376779,1
2,1,0.64571685,1
2,1,0.6456904,1
2,1,0.64368623,1
2,1,0.63669485,1
2,1,0.6390075,1
2,1,0.6325632,1
2,1,0.6313957,1
2,1,0.6391861,1
2,1,0.6404432,1
2,1,0.63103735,1
2,1,0.634763,1
2,1,0.63736635,1
2,1,0.528134,1
2,1,0.53136855,1
2,1,0.53118193,1
2,1,0.53371495,1
2,1,0.5371824,1
2,1,0.5234991,1
2,1,0.50744724,1
2,1,0.51729715,1
2,1,0.5299376,1
2,1,0.52896357,1
2,1,0.5265338,1
2,1,0.53093916,1
2,1,0.523689,1
2,1,0.52993447,1
2,1,0.51992035,1
2,1,0.37613472,0
2,1,0.3752681,0
2,1,0.38354304,0
2,1,0.39416158,0
2,1,0.36502868,0
2,1,0.3556677,0
2,1,0.37437093,0
2,1,0.36138216,0
2,1,0.3547468,0
2,1,0.35490075,0
2,1,0.37510422,0
2,1,0.37189,0
2,1,0.3767784,0
2,1,0.37492576,0
2,1,0.37276843,0
2,1,0.37297878,0
2,1,0.4333596,0
2,1,0.41415626,0
2,1,0.41901943,0
2,1,0.40543953,0
2,1,0.41711813,0
2,1,0.426309,0
2,1,0.4139002,0
2,1,0.41415593,0
2,1,0.40597835,0
2,1,0.42600554,0
2,1,0.43328103,0
2,1,0.42452946,0
2,1,0.41478997,0
2,1,0.43704945,0
2,1,0.4341032,0
2,1,0.5182607,1
2,1,0.53541344,1
2,1,0.5075245,1
2,1,0.51991767,1
2,1,0.5154925,1
2,1,0.50430596,1
2,1,0.51607305,1
2,1,0.5157947,1
2,1,0.524139,1
2,1,0.51888704,1
2,1,0.52719307,1
2,1,0.5354894,1
2,1,0.53361976,1
2,1,0.53126657,1
2,1,0.5300712,1
2,0,0.6671728,1
2,0,0.6568997,1
2,0,0.6481958,1
2,0,0.6459179,1
2,0,0.6477606,1
2,0,0.6526479,1
2,0,0.648919,1
2,0,0.6344357,1
2,0,0.64347976,1
2,0,0.648045,1
2,0,0.6500161,1
2,0,0.65432703,1
2,0,0.6531439,1
2,0,0.6462576,1
2,0,0.64572316,1
2,0,0.64568514,1
2,0,0.65297765,1
2,0,0.6482696,1
2,0,0.66219896,1
2,0,0.64775556,1
2,0,0.6522948,1
2,0,0.65479296,1
2,0,0.66447663,1
2,0,0.6614888,1
2,0,0.6462845,1
2,0,0.64800066,1
2,0,0.64661485,1
2,0,0.6493737,1
2,0,0.6526408,1
2,0,0.6473773,1
2,0,0.6495022,1
2,0,0.6429897,1
2,0,0.6556951,1
2,0,0.65165544,1
2,0,0.6470878,1
2,0,0.6504272,1
2,0,0.65316373,1
2,0,0.65539986,1
2,0,0.6573416,1
2,0,0.6633205,1
2,0,0.66146564,1
2,0,0.6613456,1
2,0,0.66543645,1
2,0,0.66212463,1
2,0,0.6636539,1
2,0,0.6611829,1
2,0,0.6597918,1
2,0,0.6635522,1
2,0,0.6650465,1
2,0,0.6570171,1
2,0,0.64821744,1
2,0,0.65090376,1
2,0,0.6510792,1
2,0,0.6511959,1
2,0,0.63696724,1
2,0,0.64825743,1
2,0,0.65158075,1
2,0,0.6496823,1
2,0,0.64822423,1
2,0,0.65242076,1
2,0,0.6551057,1
2,0,0.64635754,1
2,0,0.64496154,1
2,0,0.6494288,1
2,0,0.6482892,1
2,0,0.6445532,1
2,0,0.64782286,1
2,0,0.65051836,1
2,0,0.64749396,1
2,0,0.64303285,1
2,0,0.6661186,1
2,0,0.64866555,1
2,0,0.6673856,1
2,0,0.6516103,1
2,0,0.65683705,1
2,0,0.6651563,1
2,0,0.6468671,1
2,0,0.65003824,1
2,0,0.6485966,1
2,0,0.64388275,1
2,0,0.6502417,1
2,0,0.64486164,1
2,0,0.66054153,1
2,0,0.6551566,1
2,0,0.65076077,1
2,0,0.6683499,1
2,0,0.6542793,1
2,0,0.6583264,1
2,0,0.6654652,1
2,0,0.6550213,1
2,0,0.66715205,1
2,0,0.6598957,1
2,0,0.6569658,1
2,0,0.6511683,1
2,0,0.64528304,1
2,0,0.653216,1
2,0,0.65229636,1
2,0,0.6547293,1
2,0,0.6537518,1
2,0,0.65610856,1
2,0,0.655327,1
2,0,0.6592841,1
2,1,0.65762246,1
2,1,0.6595222,1
2,1,0.6568756,1
2,1,0.6610969,1
2,1,0.6563907,1
2,1,0.6559727,1
2,1,0.6607875,1
2,1,0.6620109,1
2,1,0.6563231,1
2,1,0.66051346,1
2,1,0.655969,1
2,1,0.6614022,1
2,1,0.65928483,1
2,1,0.65978396,1
2,1,0.6578188,1
2,1,0.653676,1
2,1,0.6494536,1
2,1,0.65294546,1
2,0,0.64725584,1
2,0,0.6527728,1
2,0,0.6475021,1
2,0,0.66505355,1
2,0,0.6547367,1
2,0,0.65120643,1
2,0,0.65219116,1
2,0,0.65112585,1
2,0,0.64824533,1
2,0,0.65463215,1
2,0,0.6433763,1
2,0,0.6439726,1
2,0,0.6471847,1
2,0,0.6540618,1
2,0,0.65039504,1
2,0,0.6473839,1
2,0,0.65212715,1
2,0,0.64908886,1
2,0,0.6595607,1
2,0,0.6579451,1
2,0,0.6605037,1
2,0,0.66097605,1
2,0,0.6577903,1
2,0,0.67108405,1
2,0,0.66430765,1
2,0,0.6753638,1
2,0,0.66115505,1
2,0,0.6637126,1
2,0,0.66079444,1
2,0,0.6581132,1
2,0,0.66632783,1
2,0,0.65395504,1
2,0,0.66305804,1
2,0,0.64477307,1
2,0,0.6531609,1
2,0,0.64455146,1
2,1,0.42905065,0
2,1,0.43615967,0
2,1,0.4241209,0
2,1,0.4189019,0
2,1,0.41182753,0
2,1,0.40794823,0
2,1,0.42524084,0
2,1,0.42462215,0
2,1,0.42214307,0
2,1,0.41734096,0
2,1,0.42518997,0
2,1,0.43112838,0
2,1,0.43074292,0
2,1,0.4345017,0
2,1,0.42972654,0
2,1,0.4409222,0
2,1,0.4508112,0
2,1,0.44570935,0
2,1,0.4425165,0
2,1,0.4297387,0
2,1,0.44323525,0
2,1,0.42928556,0
2,1,0.438679,0
2,1,0.44461477,0
2,1,0.44058773,0
2,1,0.45309785,0
2,1,0.44190007,0
2,1,0.44423294,0
2,1,0.4473256,0
2,1,0.43644205,0
2,1,0.43799752,0
2,1,0.5789613,1
2,1,0.563771,1
2,1,0.56530595,1
2,1,0.559661,1
2,1,0.55575496,1
2,1,0.5563299,1
2,1,0.5727164,1
2,1,0.5758174,1
2,1,0.5691281,1
2,1,0.54084647,1
2,1,0.5506992,1
2,1,0.5300299,1
2,1,0.5303884,1
2,1,0.53169376,1
2,1,0.5135207,1
2,1,0.53840137,1
2,1,0.54626936,1
2,1,0.557039,1
2,1,0.5582816,1
2,1,0.53795,1
2,1,0.54275477,1
2,1,0.49137652,0
2,1,0.49442944,0
2,1,0.48842266,0
2,1,0.49869677,0
2,1,0.49361348,0
2,1,0.49290085,0
2,0,0.54364884,1
2,0,0.54557896,1
2,0,0.54435915,1
2,0,0.5416783,1
2,0,0.5445025,1
2,0,0.53899735,1
2,0,0.53426355,1
2,0,0.54271704,1
2,0,0.5446648,1
2,0,0.5425156,1
2,1,0.529507,1
2,1,0.5248143,1
2,1,0.5319273,1
2,1,0.527529,1
2,1,0.5330301,1
2,1,0.526001,1
2,1,0.5325768,1
2,1,0.5241212,1
2,1,0.5234159,1
2,1,0.53171676,1
2,1,0.53296155,1
2,1,0.5185778,1
2,1,0.531094,1
2,1,0.5312603,1
2,1,0.5264615,1
2,1,0.5276228,1
2,0,0.63482344,1
2,0,0.631018,1
2,0,0.638021,1
2,0,0.64748925,1
2,0,0.6518188,1
2,0,0.63425255,1
2,0,0.633832,1
2,0,0.65353864,1
2,0,0.6541803,1
2,0,0.6541809,1
2,0,0.6417883,1
2,0,0.6550808,1
2,0,0.6302754,1
2,0,0.6422318,1
2,0,0.63056356,1
2,0,0.6381974,1
2,0,0.62310684,1
2,0,0.6298385,1
2,0,0.62386787,1
2,0,0.6286294,1
2,0,0.63171595,1
2,0,0.6214699,1
2,0,0.64265007,1
2,0,0.6321716,1
2,0,0.64576745,1
2,0,0.64978737,1
2,0,0.64528316,1
2,0,0.63675195,1
2,0,0.650388,1
2,0,0.65054995,1
2,0,0.6545293,1
2,0,0.6540361,1
2,0,0.6474426,1
2,0,0.6490011,1
2,0,0.65691626,1
2,0,0.65280145,1
2,0,0.6456073,1
2,0,0.64108485,1
2,0,0.6466162,1
2,0,0.64530843,1
2,0,0.63960963,1
2,0,0.62968856,1
2,0,0.63755167,1
2,0,0.64137197,1
2,0,0.63353145,1
2,0,0.6340788,1
2,0,0.6311196,1
2,0,0.62424934,1
2,0,0.61520934,1
2,0,0.6216119,1
2,0,0.6201327,1
2,0,0.61106324,1
2,0,0.63422275,1
2,0,0.63538927,1
2,0,0.61355275,1
2,0,0.61499643,1
2,0,0.62550765,1
2,0,0.6262998,1
2,0,0.61324364,1
2,0,0.6164086,1
2,0,0.6198545,1
2,0,0.618168,1
2,0,0.61452544,1
2,0,0.60852957,1
2,0,0.62186897,1
2,0,0.62603253,1
2,0,0.6426162,1
2,0,0.6279155,1
2,0,0.63274777,1
2,0,0.62571114,1
2,0,0.63328797,1
2,0,0.63568467,1
2,0,0.63445157,1
2,0,0.6348807,1
2,0,0.6373101,1
2,0,0.6430235,1
2,0,0.6345966,1
2,0,0.6288294,1
2,0,0.64895463,1
2,0,0.62555474,1
2,0,0.64752346,1
2,0,0.61952144,1
2,0,0.646215,1
2,0,0.6337614,1
2,0,0.6359004,1
2,0,0.61624616,1
2,0,0.6302502,1
2,0,0.62514263,1
2,0,0.6235601,1
2,0,0.6232687,1
2,0,0.6097237,1
2,0,0.6100808,1
2,0,0.6112827,1
2,0,0.61398345,1
2,0,0.6163348,1
2,0,0.6088369,1
2,0,0.60073197,1
2,0,0.600021,1
2,0,0.6183795,1
2,0,0.60687894,1
2,0,0.606185,1
2,0,0.6101693,1
2,0,0.6286457,1
2,0,0.61209196,1
2,0,0.6269958,1
2,0,0.6161782,1
2,0,0.6140267,1
2,0,0.6225489,1
2,0,0.6189521,1
2,0,0.6129797,1
2,0,0.603607,1
2,0,0.60214686,1
2,0,0.60077304,1
2,0,0.5963172,1
2,0,0.60728186,1
2,0,0.6031225,1
2,0,0.62940574,1
2,0,0.61829776,1
2,0,0.6216119,1
2,0,0.6283016,1
2,0,0.6181931,1
2,0,0.6295284,1
2,0,0.61464536,1
2,0,0.62667906,1
2,0,0.62140274,1
2,0,0.6189664,1
2,0,0.63184017,1
2,0,0.6272738,1
2,0,0.63315934,1
2,0,0.6237317,1
2,0,0.62922746,1
2,0,0.63266444,1
2,0,0.6287762,1
2,0,0.62705636,1
2,0,0.62266773,1
2,0,0.6337812,1
2,0,0.63474065,1
2,0,0.62241054,1
2,0,0.61922514,1
2,0,0.62091017,1
2,0,0.6121513,1
2,0,0.6194985,1
2,0,0.63458574,1
2,0,0.60743517,1
2,0,0.6128607,1
2,0,0.60573006,1
2,0,0.6176176,1
2,0,0.60649776,1
2,0,0.60633206,1
2,0,0.6066372,1
2,0,0.6021447,1
2,0,0.6048409,1
2,0,0.620707,1
2,0,0.6184276,1
2,0,0.60043204,1
2,0,0.6032014,1
2,0,0.6097809,1
2,0,0.60386235,1
2,0,0.6141599,1
2,0,0.61766154,1
2,0,0.62749213,1
2,0,0.607778,1
2,0,0.6297091,1
2,0,0.6094156,1
2,0,0.6266138,1
2,0,0.60755485,1
2,0,0.6312435,1
2,0,0.6117269,1
2,0,0.62890965,1
2,0,0.6216302,1
2,0,0.6100246,1
2,0,0.61566836,1
2,0,0.6021775,1
2,0,0.6172879,1
2,0,0.5996284,1
2,0,0.62154317,1
2,0,0.610885,1
2,0,0.6300805,1
2,0,0.6117026,1
2,0,0.6143083,1
2,0,0.61732817,1
2,0,0.6262408,1
2,0,0.62358373,1
2,0,0.6157382,1
2,0,0.62702215,1
2,0,0.63093257,1
2,0,0.63645357,1
2,0,0.6365926,1
2,0,0.6409457,1
2,0,0.64172405,1
2,0,0.6502896,1
2,0,0.65509063,1
2,0,0.63473094,1
2,0,0.6398387,1
2,0,0.6431187,1
2,0,0.64527375,1
2,0,0.64668334,1
2,0,0.65723103,1
2,0,0.64428127,1
2,0,0.6526562,1
2,0,0.65183014,1
2,0,0.653364,1
2,0,0.644294,1
2,0,0.64462,1
2,0,0.6523682,1
2,0,0.6446634,1
2,0,0.65118647,1
2,0,0.65186775,1
2,0,0.64234567,1
2,0,0.6487867,1
2,0,0.64511836,1
2,0,0.6308833,1
2,0,0.6293002,1
2,0,0.642349,1
2,0,0.6271523,1
2,0,0.6245279,1
2,0,0.61803514,1
2,0,0.6264734,1
2,0,0.62781906,1
2,0,0.61432546,1
2,0,0.61751646,1
2,0,0.6225775,1
2,0,0.6203429,1
2,0,0.6251164,1
2,0,0.6293372,1
2,0,0.63095176,1
2,0,0.6306589,1
2,0,0.63739836,1
2,0,0.6312348,1
2,0,0.63033044,1
2,0,0.6327656,1
2,0,0.63095355,1
2,0,0.63957393,1
2,0,0.64019674,1
2,0,0.6361273,1
2,0,0.6259188,1
2,0,0.63035303,1
2,0,0.6282393,1
2,0,0.6220922,1
2,0,0.6407582,1
2,0,0.6305047,1
2,0,0.6256896,1
2,0,0.63625735,1
2,0,0.63779026,1
2,0,0.6269976,1
2,0,0.6219007,1
2,0,0.622257,1
2,0,0.6331157,1
2,0,0.6297715,1
2,0,0.628765,1
2,0,0.6269741,1
2,0,0.64140016,1
2,0,0.61976236,1
2,0,0.63927835,1
2,0,0.6193818,1
2,0,0.62444204,1
2,0,0.6262153,1
2,0,0.6198909,1
2,0,0.6304328,1
2,0,0.62946373,1
2,0,0.6318107,1
2,0,0.6347964,1
2,0,0.6234982,1
2,0,0.6187564,1
2,0,0.628329,1
2,0,0.62367207,1
2,0,0.6211519,1
2,0,0.61072224,1
2,0,0.60989976,1
2,0,0.62225735,1
2,0,0.60758525,1
2,0,0.6026321,1
2,0,0.5978165,1
2,0,0.6104029,1
2,0,0.6313276,1
2,0,0.60951966,1
2,0,0.6339429,1
2,0,0.6188353,1
2,0,0.60668594,1
2,0,0.61245733,1
2,0,0.60721415,1
2,0,0.6010321,1
2,0,0.621165,1
2,0,0.5966426,1
2,0,0.6116303,1
2,0,0.6061285,1
2,0,0.6185656,1
2,0,0.61987036,1
2,0,0.60454005,1
2,0,0.6226166,1
2,0,0.613531,1
2,0,0.6273571,1
2,0,0.60090125,1
2,0,0.6096304,1
2,0,0.61011875,1
2,0,0.594382,1
2,0,0.614442,1
2,0,0.6269079,1
2,0,0.6066235,1
2,0,0.61560977,1
2,0,0.62543637,1
2,0,0.6235154,1
2,0,0.62076646,1
2,0,0.62951463,1
2,0,0.61959785,1
2,0,0.618274,1
2,0,0.6381269,1
2,0,0.6230929,1
2,0,0.6270178,1
2,0,0.62611693,1
2,0,0.6222651,1
2,0,0.63169825,1
2,0,0.6237594,1
2,0,0.60782397,1
2,0,0.6142425,1
2,0,0.6369256,1
2,0,0.6222972,1
2,0,0.6105009,1
2,0,0.61434317,1
2,0,0.6091043,1
2,0,0.6047006,1
2,0,0.6083704,1
2,0,0.6204276,1
2,0,0.61320883,1
2,0,0.62026155,1
2,0,0.6154245,1
2,0,0.62167853,1
2,0,0.6229201,1
2,0,0.63002485,1
2,0,0.6235636,1
2,0,0.6275212,1
2,0,0.63300145,1
2,0,0.63976264,1
2,0,0.6437837,1
2,0,0.6405113,1
2,0,0.64025116,1
2,0,0.65727895,1
2,0,0.6556937,1
2,0,0.6689282,1
2,0,0.66980404,1
2,0,0.6718193,1
2,0,0.6571117,1
2,0,0.6693535,1
2,0,0.6705268,1
2,0,0.6791194,1
2,0,0.6755028,1
2,0,0.5729492,1
2,0,0.579183,1
2,0,0.58688563,1
2,0,0.5694238,1
2,0,0.5814425,1
2,0,0.5810139,1
2,0,0.5837024,1
2,0,0.56748736,1
2,0,0.5781497,1
2,0,0.57201576,1
2,0,0.57256395,1
2,0,0.5868464,1
2,0,0.5640471,1
2,0,0.57218057,1
2,0,0.57909787,1
2,0,0.5684537,1
2,0,0.5816295,1
2,0,0.5708137,1
2,0,0.55640197,1
2,0,0.5811762,1
2,0,0.5765379,1
2,0,0.55611765,1
2,0,0.5673608,1
2,0,0.5704385,1
2,0,0.5661179,1
2,0,0.56951606,1
2,0,0.5780127,1
2,0,0.5589657,1
2,0,0.5752828,1
2,0,0.55608857,1
2,0,0.5488393,1
2,0,0.55752045,1
2,0,0.5649863,1
2,0,0.5607789,1
2,0,0.5624364,1
2,0,0.55553997,1
3,1,0.5362159,1
3,1,0.52036417,1
3,1,0.528189,1
3,1,0.5454419,1
3,1,0.5373611,1
3,1,0.538,1
3,1,0.5369243,1
3,1,0.53242326,1
3,1,0.5364085,1
3,1,0.5388709,1
3,1,0.52358484,1
3,1,0.51591617,1
3,1,0.49551246,0
3,1,0.5095876,1
3,1,0.50786024,1
3,1,0.506264,1
3,1,0.52556294,1
3,1,0.5277179,1
3,1,0.5302333,1
3,1,0.5284526,1
3,1,0.5294234,1
3,1,0.5255089,1
3,1,0.5310052,1
3,1,0.5277174,1
3,1,0.5362775,1
3,1,0.5449427,1
3,1,0.543484,1
3,1,0.5717548,1
3,1,0.5529942,1
3,1,0.5389501,1
3,1,0.5506345,1
3,1,0.5467829,1
3,1,0.58251566,1
3,1,0.53299814,1
3,1,0.5260113,1
3,1,0.5004789,1
3,1,0.4718582,0
3,1,0.47557127,0
3,1,0.46882448,0
3,1,0.47549707,0
3,1,0.47856015,0
3,1,0.4799769,0
3,1,0.4729668,0
3,1,0.4673167,0
3,1,0.4698034,0
3,1,0.4826321,0
3,1,0.47487363,0
3,1,0.4739662,0
3,1,0.48234326,0
3,1,0.46236846,0
3,1,0.48386097,0
3,1,0.4752491,0
3,1,0.46468133,0
3,1,0.47257808,0
3,1,0.44631615,0
3,1,0.46017706,0
3,1,0.4620002,0
3,1,0.47197494,0
3,1,0.5120274,1
3,1,0.48400828,0
3,1,0.49922562,0
3,1,0.47711352,0
3,1,0.4723292,0
3,1,0.4576629,0
3,1,0.445351,0
3,1,0.46711203,0
3,1,0.51061845,1
3,1,0.47766355,0
3,1,0.4957458,0
3,1,0.48623514,0
3,1,0.47366175,0
3,1,0.46819085,0
3,1,0.45650744,0
3,1,0.48806077,0
3,1,0.45708767,0
3,1,0.48979732,0
3,1,0.47700778,0
3,1,0.47882438,0
3,1,0.48826295,0
3,1,0.5283481,1
3,1,0.4928036,0
3,1,0.47098348,0
3,1,0.4844176,0
3,1,0.44868976,0
3,1,0.45149347,0
3,1,0.44484222,0
3,1,0.4687581,0
3,1,0.4655286,0
3,1,0.48148096,0
3,1,0.46976256,0
3,1,0.48786297,0
3,1,0.5096604,1
3,1,0.4604913,0
3,1,0.5228056,1
3,1,0.49702278,0
3,1,0.47236273,0
3,1,0.49555025,0
3,1,0.48997447,0
3,1,0.48418465,0
3,1,0.46770433,0
3,1,0.47971517,0
3,1,0.4766273,0
3,1,0.48214918,0
3,1,0.4945967,0
3,1,0.49347216,0
3,1,0.5066038,1
3,1,0.48089948,0
3,1,0.5319157,1
3,1,0.5009748,1
3,1,0.4756096,0
3,1,0.48076966,0
3,1,0.46139288,0
3,1,0.4563868,0
3,1,0.45413756,0
3,1,0.47375837,0
3,1,0.49283227,0
3,1,0.5071128,1
3,1,0.47906917,0
3,1,0.46653625,0
3,1,0.47773907,0
3,1,0.48371294,0
3,1,0.46397373,0
3,1,0.48963532,0
3,1,0.46045846,0
3,1,0.45346868,0
3,1,0.47988603,0
3,1,0.4844991,0
3,1,0.48673093,0
3,1,0.48077667,0
3,1,0.46630403,0
3,1,0.48278207,0
3,1,0.4519555,0
3,1,0.44661003,0
3,1,0.44968334,0
3,1,0.498399,0
3,1,0.46528393,0
3,1,0.48862097,0
3,1,0.5201505,1
3,1,0.46916083,0
3,1,0.47621468,0
3,1,0.4851925,0
3,1,0.47106147,0
3,1,0.49479404,0
3,1,0.46199453,0
3,1,0.46251166,0
3,1,0.48030376,0
3,1,0.4575986,0
3,1,0.48869038,0
3,1,0.49448454,0
3,1,0.52505237,1
3,1,0.49575132,0
3,1,0.5023213,1
3,1,0.5023592,1
3,1,0.47296265,0
3,1,0.47652224,0
3,1,0.4875365,0
3,1,0.48354268,0
3,1,0.4804419,0
3,1,0.50762016,1
3,1,0.49960798,0
3,1,0.47360015,0
3,1,0.49345148,0
3,1,0.49499828,0
3,1,0.4711963,0
3,1,0.46089566,0
3,1,0.4932225,0
3,1,0.45453167,0
3,1,0.46820077,0
3,1,0.4749618,0
3,1,0.48005474,0
3,1,0.52696157,1
3,1,0.5281489,1
3,1,0.52912587,1
3,1,0.5323074,1
3,1,0.531066,1
3,1,0.52829987,1
3,1,0.53110635,1
3,1,0.53074443,1
3,1,0.5246231,1
3,1,0.52707434,1
3,1,0.53003794,1
3,1,0.52490956,1
3,1,0.5278202,1
3,1,0.5259258,1
3,1,0.5246974,1
3,1,0.5220543,1
3,1,0.52534986,1
3,1,0.52431273,1
3,1,0.5248479,1
3,1,0.5268474,1
3,1,0.52915114,1
3,1,0.5219849,1
3,1,0.52357775,1
3,1,0.52398616,1
3,1,0.51802593,1
3,1,0.52358943,1
3,1,0.5230304,1
3,1,0.5226155,1
3,1,0.5341158,1
3,0,0.45970616,0
3,0,0.45551074,0
3,0,0.46849805,0
3,0,0.44722405,0
3,0,0.4401456,0
3,0,0.45016772,0
3,0,0.46477205,0
3,0,0.48094752,0
3,0,0.46705636,0
3,0,0.46526876,0
3,0,0.4574785,0
3,0,0.46076012,0
3,0,0.46724457,0
3,0,0.472001,0
3,0,0.4774911,0
3,0,0.47621512,0
3,0,0.46294162,0
3,0,0.47326285,0
3,0,0.48368347,0
3,0,0.46657777,0
3,0,0.45744777,0
3,0,0.46531656,0
3,0,0.45058832,0
3,0,0.4605987,0
3,0,0.46620718,0
3,0,0.46585274,0
3,0,0.4570846,0
3,0,0.46441782,0
3,0,0.46610057,0
3,0,0.45865726,0
3,0,0.45675728,0
3,0,0.47841215,0
3,0,0.45935538,0
3,0,0.47053498,0
3,0,0.4688859,0
3,0,0.4741896,0
3,0,0.46459338,0
3,0,0.4627765,0
3,0,0.4693692,0
3,0,0.46395838,0
3,0,0.4811447,0
3,0,0.45927846,0
3,0,0.45555985,0
3,0,0.468716,0
3,0,0.42727634,0
3,0,0.44571263,0
3,0,0.44982874,0
3,0,0.43574166,0
3,0,0.42100498,0
3,0,0.4425942,0
3,0,0.45048338,0
3,0,0.44041827,0
3,0,0.4397577,0
3,0,0.43927202,0
3,0,0.44538757,0
3,0,0.44347787,0
3,0,0.45177153,0
3,0,0.45810342,0
3,0,0.46090224,0
3,0,0.45659116,0
3,0,0.4472013,0
3,0,0.4302632,0
3,0,0.4680887,0
3,0,0.44868535,0
3,0,0.43881887,0
3,0,0.43985143,0
3,0,0.434327,0
3,0,0.44282737,0
3,0,0.450436,0
3,0,0.44580537,0
3,0,0.4577633,0
3,0,0.4643611,0
3,0,0.46268752,0
3,0,0.47362688,0
3,0,0.47497588,0
3,0,0.4721726,0
3,0,0.4754528,0
3,0,0.47983435,0
3,0,0.46514222,0
3,0,0.45029902,0
3,0,0.4616365,0
3,0,0.46654737,0
3,0,0.48316804,0
3,0,0.45080724,0
3,0,0.47550452,0
3,0,0.45610243,0
3,0,0.46627966,0
3,0,0.4593088,0
3,0,0.45099187,0
3,0,0.45385867,0
3,0,0.44003546,0
3,0,0.4400338,0
3,0,0.44014537,0
3,0,0.4480562,0
3,0,0.4478053,0
3,0,0.45123506,0
3,0,0.45082176,0
3,0,0.4629147,0
3,0,0.45178908,0
3,0,0.47401685,0
3,0,0.45635352,0
3,0,0.4676788,0
3,0,0.4347244,0
3,0,0.44354996,0
3,0,0.41867635,0
3,0,0.41916782,0
3,0,0.43410033,0
3,1,0.4530758,0
3,1,0.4572309,0
3,1,0.4716582,0
3,1,0.45572823,0
3,1,0.46868795,0
3,1,0.45730788,0
3,1,0.458577,0
3,1,0.4627014,0
3,1,0.4638738,0
3,1,0.4659392,0
3,0,0.42319366,0
3,0,0.44508082,0
3,0,0.4313036,0
3,0,0.43554172,0
3,0,0.4282154,0
3,0,0.4500332,0
3,0,0.43070707,0
3,0,0.43791926,0
3,0,0.4317655,0
3,0,0.44084257,0
3,0,0.42773452,0
3,0,0.44176924,0
3,0,0.44355235,0
3,0,0.45822367,0
3,0,0.45269617,0
3,0,0.4523661,0
3,0,0.44062847,0
3,0,0.42471772,0
3,0,0.4345642,0
3,0,0.42599702,0
3,0,0.44450462,0
3,0,0.43648043,0
3,0,0.42563233,0
3,0,0.43981323,0
3,0,0.4349992,0
3,0,0.4278161,0
3,0,0.42982182,0
3,0,0.43435583,0
3,0,0.43046033,0
3,0,0.40538242,0
3,0,0.43141425,0
3,0,0.42389324,0
3,0,0.43336353,0
3,0,0.4300467,0
3,0,0.42370224,0
3,0,0.43536186,0
3,0,0.45289493,0
3,0,0.42932004,0
3,0,0.43838423,0
3,0,0.44439563,0
3,0,0.42834327,0
3,0,0.42993096,0
3,0,0.41829538,0
3,0,0.42783827,0
3,0,0.41557288,0
3,0,0.4091145,0
3,0,0.40846238,0
3,0,0.38998085,0
3,0,0.4257415,0
3,0,0.40638584,0
3,0,0.4240257,0
3,0,0.41739866,0
3,0,0.431287,0
3,0,0.42388183,0
3,0,0.40602437,0
3,0,0.42044845,0
3,0,0.42406893,0
3,0,0.42943117,0
3,0,0.42248905,0
3,0,0.43083313,0
3,0,0.42291778,0
3,0,0.38510585,0
3,0,0.4030143,0
3,0,0.40962604,0
3,0,0.41299856,0
3,0,0.399022,0
3,0,0.39947408,0
3,0,0.4100197,0
3,0,0.41937822,0
3,0,0.41791016,0
3,0,0.42390972,0
3,0,0.4281433,0
3,0,0.41318604,0
3,0,0.42269927,0
3,0,0.4189722,0
3,0,0.42589167,0
3,0,0.4028232,0
3,0,0.3909823,0
3,0,0.4011878,0
3,0,0.39951482,0
3,1,0.40737966,0
3,1,0.41494256,0
3,1,0.40919966,0
3,1,0.408679,0
3,1,0.43053016,0
3,1,0.4269708,0
3,1,0.4124227,0
3,1,0.40842044,0
3,1,0.40533972,0
3,1,0.38780665,0
3,1,0.3986479,0
3,1,0.40251318,0
3,1,0.4151705,0
3,1,0.42969272,0
3,1,0.44230437,0
3,1,0.42499226,0
3,1,0.43049952,0
3,1,0.43375367,0
3,1,0.42242807,0
3,1,0.41139656,0
3,0,0.40492707,0
3,0,0.39819306,0
3,0,0.40492025,0
3,0,0.41646653,0
3,0,0.38782445,0
3,0,0.39195484,0
3,0,0.398141,0
3,0,0.40188664,0
3,0,0.3937417,0
3,0,0.38918743,0
3,0,0.37911177,0
3,0,0.3808752,0
3,0,0.3839153,0
3,0,0.38269994,0
3,0,0.40146804,0
3,0,0.3887803,0
3,0,0.40770334,0
3,0,0.40972793,0
3,0,0.39423582,0
3,0,0.4026701,0
3,0,0.39700994,0
3,0,0.39139625,0
3,0,0.37731007,0
3,0,0.37386903,0
3,0,0.3936996,0
3,0,0.3934472,0
3,0,0.40196487,0
3,0,0.4051772,0
3,0,0.41418457,0
3,0,0.40531325,0
3,0,0.414906,0
3,0,0.42364496,0
3,0,0.42191184,0
3,0,0.41881356,0
3,0,0.41946736,0
3,0,0.40724736,0
3,0,0.42283103,0
3,0,0.3925215,0
3,0,0.4046015,0
3,0,0.397701,0
3,0,0.40658382,0
3,0,0.40200815,0
3,0,0.4032011,0
3,0,0.41140708,0
3,0,0.41073495,0
3,0,0.40443802,0
3,0,0.4166864,0
3,0,0.40367708,0
3,0,0.39274225,0
3,0,0.40156654,0
3,0,0.39938873,0
3,0,0.42111716,0
3,0,0.4319962,0
3,0,0.4177692,0
3,0,0.43401757,0
3,0,0.4412574,0
3,0,0.4309079,0
3,0,0.42372537,0
3,0,0.42412162,0
3,0,0.4072408,0
3,0,0.41664058,0
3,0,0.40596184,0
3,0,0.3999865,0
3,0,0.39943227,0
3,0,0.4152992,0
3,0,0.41116586,0
3,0,0.39725688,0
3,0,0.39731964,0
3,0,0.41930017,0
3,0,0.41492614,0
3,1,0.4068056,0
3,1,0.39838865,0
3,1,0.4011054,0
3,1,0.38413012,0
3,1,0.40416998,0
3,1,0.38551712,0
3,1,0.38646817,0
3,1,0.39661148,0
3,1,0.4114065,0
3,1,0.4047999,0
3,1,0.42539513,0
3,1,0.4126121,0
3,1,0.4246414,0
3,1,0.41626075,0
3,1,0.42276964,0
3,1,0.4203074,0
3,1,0.39938223,0
3,1,0.40131375,0
3,1,0.38497028,0
3,1,0.39604133,0
3,0,0.41200152,0
3,0,0.44725555,0
3,0,0.4187142,0
3,0,0.41705784,0
3,0,0.429176,0
3,0,0.430044,0
3,0,0.42445114,0
3,0,0.42370707,0
3,0,0.4205402,0
3,0,0.42609918,0
3,0,0.41461092,0
3,0,0.41312638,0
3,0,0.40649837,0
3,0,0.42016453,0
3,0,0.41052383,0
3,0,0.40462318,0
3,1,0.42965528,0
3,1,0.41022214,0
3,1,0.41157836,0
3,1,0.42053553,0
3,1,0.41282362,0
3,1,0.432,0
3,1,0.43871662,0
3,1,0.43055102,0
3,1,0.43349466,0
3,1,0.41983753,0
3,1,0.4398511,0
3,1,0.4490025,0
3,1,0.4515837,0
3,1,0.41633692,0
3,1,0.58774406,1
3,1,0.5862392,1
3,1,0.6112163,1
3,1,0.5842217,1
3,1,0.5708412,1
3,1,0.61241424,1
3,1,0.58483136,1
3,1,0.577842,1
3,1,0.56799775,1
3,1,0.59224164,1
3,1,0.58443123,1
3,1,0.5746198,1
3,1,0.5835927,1
3,1,0.5869671,1
3,0,0.51125824,1
3,0,0.51127034,1
3,0,0.5128768,1
3,0,0.4993145,0
3,0,0.51183444,1
3,0,0.49107778,0
3,0,0.5069494,1
3,0,0.5016402,1
3,0,0.491577,0
3,0,0.51780945,1
3,0,0.5122663,1
3,0,0.518974,1
3,0,0.5285459,1
3,0,0.5376123,1
3,0,0.53005093,1
3,0,0.5313139,1
3,0,0.5401274,1
3,0,0.55863833,1
3,0,0.52978635,1
3,0,0.5336032,1
3,0,0.52851087,1
3,0,0.5329382,1
3,0,0.5361267,1
3,0,0.5386556,1
3,0,0.55195415,1
3,0,0.5214277,1
3,1,0.55272865,1
3,1,0.547228,1
3,1,0.54447293,1
3,1,0.53060496,1
3,1,0.5578811,1
3,1,0.53010315,1
3,1,0.5279049,1
3,1,0.5355059,1
3,1,0.53328985,1
3,1,0.53273237,1
3,1,0.5492881,1
3,1,0.5524861,1
3,1,0.51111674,1
3,1,0.5315258,1
3,1,0.52718973,1
3,1,0.5213113,1
3,1,0.5166593,1
3,1,0.5075611,1
3,1,0.53205955,1
3,1,0.5392455,1
3,1,0.537787,1
3,1,0.52825093,1
3,1,0.55157256,1
3,1,0.5532275,1
3,1,0.5365402,1
3,1,0.53982484,1
3,1,0.51066357,1
3,1,0.54264456,1
3,1,0.5001746,1
3,1,0.5053804,1
3,1,0.50145704,1
3,1,0.53201336,1
3,1,0.58287805,1
3,1,0.52147317,1
3,1,0.5263455,1
3,1,0.5770456,1
3,1,0.5182988,1
3,1,0.5459214,1
3,1,0.52273285,1
3,1,0.5287881,1
3,1,0.54876655,1
3,1,0.53203887,1
3,1,0.5411936,1
3,0,0.5330838,1
3,0,0.55116713,1
3,0,0.539423,1
3,0,0.5143876,1
3,0,0.5168269,1
3,0,0.50715494,1
3,0,0.51178765,1
3,0,0.51874506,1
3,0,0.5299246,1
3,0,0.54588354,1
3,0,0.53459054,1
3,0,0.51797146,1
3,0,0.5314114,1
3,0,0.5290151,1
3,0,0.5281572,1
3,0,0.5164543,1
3,0,0.5098212,1
3,0,0.52258015,1
3,0,0.5366875,1
3,0,0.5168927,1
3,0,0.5271722,1
3,0,0.51984787,1
3,0,0.51858175,1
3,0,0.5259717,1
3,0,0.5191108,1
3,1,0.5116224,1
3,1,0.5295809,1
3,1,0.5245936,1
3,1,0.51638234,1
3,1,0.5553872,1
3,1,0.5107946,1
3,1,0.5098474,1
3,1,0.5255565,1
3,1,0.5232292,1
3,1,0.52547634,1
3,1,0.48899266,0
3,1,0.48722884,0
3,1,0.5049972,1
3,1,0.5223286,1
3,1,0.52869916,1
3,1,0.5439594,1
3,1,0.5865358,1
3,1,0.60278493,1
3,0,0.49981716,0
3,0,0.5483785,1
3,0,0.5083523,1
3,0,0.524367,1
3,0,0.5236139,1
3,0,0.5066513,1
3,0,0.5161962,1
3,0,0.4907322,0
3,0,0.48790076,0
3,0,0.50139505,1
3,0,0.50379586,1
3,0,0.48324478,0
3,0,0.46018037,0
3,0,0.46718162,0
3,0,0.47286168,0
3,1,0.5080351,1
3,1,0.5115783,1
3,1,0.5182172,1
3,1,0.49259984,0
3,1,0.50324625,1
3,1,0.50324184,1
3,1,0.5339857,1
3,1,0.5248755,1
3,1,0.5224269,1
3,1,0.49829718,0
3,1,0.5046367,1
3,1,0.47653803,0
3,1,0.46878043,0
3,0,0.5080316,1
3,0,0.49432662,0
3,0,0.4961436,0
3,0,0.48481566,0
3,0,0.47497058,0
3,0,0.46604192,0
3,0,0.47689426,0
3,0,0.48956695,0
3,0,0.473782,0
3,0,0.4901444,0
3,0,0.4744066,0
3,0,0.46789116,0
3,0,0.47737902,0
3,0,0.48342925,0
3,0,0.48775765,0
3,0,0.5073936,1
3,0,0.5038342,1
3,0,0.49258283,0
3,0,0.50669944,1
3,0,0.5116944,1
3,0,0.49022067,0
3,0,0.5281003,1
3,0,0.51761127,1
3,0,0.53322476,1
3,0,0.5054804,1
3,0,0.52383935,1
3,0,0.49092764,0
3,0,0.49241322,0
3,0,0.49424297,0
3,0,0.4596211,0
3,0,0.46521047,0
3,0,0.46227434,0
3,0,0.4817632,0
3,0,0.47824988,0
3,0,0.47980806,0
3,0,0.4651817,0
3,0,0.47867802,0
3,0,0.46351168,0
3,0,0.4767634,0
3,0,0.4534282,0
3,0,0.45783278,0
3,0,0.4536529,0
3,0,0.44452944,0
3,0,0.45887432,0
3,0,0.47255534,0
3,0,0.4745279,0
3,0,0.46957833,0
3,0,0.46956745,0
3,0,0.45295638,0
3,0,0.43343887,0
3,0,0.48006448,0
3,0,0.47840598,0
3,0,0.4669134,0
3,0,0.45660618,0
3,0,0.4475202,0
3,0,0.4691935,0
3,0,0.46136758,0
3,0,0.44984093,0
3,0,0.45814064,0
3,0,0.46726888,0
3,0,0.45353234,0
3,0,0.4704448,0
3,0,0.47767472,0
3,0,0.47107214,0
3,0,0.47296366,0
3,0,0.4708251,0
3,0,0.47730437,0
3,1,0.47540036,0
3,1,0.46315548,0
3,1,0.45603958,0
3,1,0.45993122,0
3,1,0.43132666,0
3,1,0.45544344,0
3,1,0.44188,0
3,1,0.4637473,0
3,1,0.4648143,0
3,0,0.4803056,0
3,0,0.45411548,0
3,0,0.47213477,0
3,0,0.45228153,0
3,0,0.43963802,0
3,0,0.45178416,0
3,0,0.4440671,0
3,0,0.46600178,0
3,0,0.47502467,0
3,0,0.4874771,0
3,0,0.48022997,0
3,0,0.47763422,0
3,0,0.47662836,0
3,0,0.44287124,0
3,0,0.47303486,0
3,0,0.46803552,0
3,0,0.44732237,0
3,0,0.47000864,0
3,0,0.44113386,0
3,0,0.44412255,0
3,0,0.46299687,0
3,0,0.43955392,0
3,0,0.4366008,0
3,0,0.43402117,0
3,0,0.46378064,0
3,0,0.4588017,0
3,0,0.45081142,0
3,0,0.46413362,0
3,0,0.45010573,0
3,0,0.45143065,0
3,0,0.4404374,0
3,0,0.46345636,0
3,0,0.46714026,0
3,0,0.4631883,0
3,0,0.47000137,0
3,0,0.46523485,0
3,0,0.45301124,0
3,0,0.47343966,0
3,0,0.48619476,0
3,0,0.47119188,0
3,0,0.4533575,0
3,0,0.4572851,0
3,0,0.4388052,0
3,0,0.44613424,0
3,0,0.43391487,0
3,0,0.44258803,0
3,0,0.43846363,0
3,0,0.44185963,0
3,0,0.4651217,0
3,0,0.46564403,0
3,0,0.44466868,0
3,0,0.46716607,0
3,0,0.46303648,0
3,0,0.4483037,0
3,0,0.4690703,0
3,0,0.47712094,0
3,0,0.5004594,1
3,0,0.46733913,0
3,0,0.49238673,0
3,0,0.47452796,0
3,0,0.48434278,0
3,0,0.455947,0
3,0,0.47193858,0
3,0,0.45196557,0
3,0,0.44946963,0
3,0,0.4466825,0
3,0,0.4464331,0
3,0,0.46892893,0
3,0,0.4587299,0
3,0,0.48647752,0
3,0,0.5223497,1
3,0,0.48034883,0
3,0,0.49395648,0
3,0,0.467476,0
3,0,0.4473354,0
3,0,0.4526489,0
3,0,0.45480624,0
3,0,0.4469381,0
3,0,0.43934327,0
3,0,0.45500255,0
3,0,0.43229747,0
3,0,0.45065337,0
3,0,0.45953196,0
3,0,0.44666982,0
3,0,0.44760573,0
3,0,0.4583104,0
3,0,0.44554886,0
3,0,0.45560586,0
3,0,0.4705271,0
3,0,0.47256365,0
3,0,0.47391716,0
3,0,0.46694738,0
3,0,0.45925522,0
3,0,0.45892924,0
3,0,0.48646143,0
3,0,0.47190207,0
3,0,0.4685832,0
3,0,0.49428195,0
3,0,0.46150857,0
3,0,0.48294064,0
3,0,0.4705464,0
3,0,0.4771042,0
3,1,0.44021106,0
3,1,0.45385405,0
3,1,0.4630934,0
3,1,0.4460397,0
3,1,0.45134547,0
3,1,0.45010638,0
3,1,0.4500614,0
3,1,0.45350796,0
3,1,0.44247854,0
3,0,0.44125074,0
3,0,0.46286353,0
3,0,0.45917997,0
3,0,0.46633813,0
3,0,0.48229754,0
3,0,0.46670267,0
3,0,0.46860707,0
3,0,0.4534946,0
3,0,0.45915058,0
3,0,0.45749542,0
3,0,0.48323828,0
3,0,0.4617504,0
3,0,0.4627712,0
3,0,0.45620152,0
3,0,0.48957655,0
3,0,0.46111503,0
3,0,0.44971398,0
3,0,0.4671545,0
3,0,0.49950603,0
3,0,0.4762579,0
3,0,0.4458153,0
3,0,0.4814589,0
3,0,0.49012852,0
3,0,0.4529424,0
3,0,0.4603423,0
3,0,0.45261183,0
3,0,0.47234613,0
3,0,0.46055686,0
3,0,0.44965127,0
3,0,0.447601,0
3,0,0.46887442,0
3,0,0.4814039,0
3,0,0.47456637,0
3,0,0.47040153,0
3,0,0.47255668,0
3,0,0.4624941,0
3,0,0.4626952,0
3,0,0.46076456,0
3,0,0.47010234,0
3,0,0.46175015,0
3,0,0.460553,0
3,0,0.46707377,0
3,0,0.46685094,0
3,0,0.4653086,0
3,0,0.44835603,0
3,0,0.45665023,0
3,1,0.45371845,0
3,1,0.42883214,0
3,1,0.45526272,0
3,1,0.46310526,0
3,1,0.46067005,0
3,1,0.44981495,0
3,1,0.4466418,0
3,1,0.4421272,0
3,1,0.4327948,0
3,1,0.44777948,0
3,1,0.4387793,0
3,1,0.44994146,0
3,1,0.44848084,0
3,0,0.4656585,0
3,0,0.4530534,0
3,0,0.4642842,0
3,0,0.46160436,0
3,0,0.4526784,0
3,0,0.45595005,0
3,0,0.4826832,0
3,0,0.47031158,0
3,0,0.4703001,0
3,0,0.46822402,0
3,0,0.4606919,0
3,0,0.47684383,0
3,0,0.46846703,0
3,0,0.45517173,0
3,0,0.44601125,0
3,0,0.4593151,0
3,0,0.44437072,0
3,0,0.5010287,1
3,0,0.44001883,0
3,0,0.47639188,0
3,0,0.4588895,0
3,0,0.45098588,0
3,0,0.45493942,0
3,1,0.44757378,0
3,1,0.4535612,0
3,1,0.46853238,0
3,1,0.4771377,0
3,1,0.46016192,0
3,1,0.45360702,0
3,1,0.44247776,0
3,1,0.44830036,0
3,1,0.4437645,0
3,1,0.45614627,0
3,1,0.45952874,0
3,1,0.44738704,0
3,1,0.48676696,0
3,1,0.52450967,1
3,1,0.5144058,1
3,0,0.5179597,1
3,0,0.5232867,1
3,0,0.5222777,1
3,0,0.5157182,1
3,0,0.5246333,1
3,0,0.5239425,1
3,0,0.5269568,1
3,0,0.5257076,1
3,0,0.5231361,1
3,0,0.5242167,1
3,0,0.5241184,1
3,0,0.52576405,1
3,0,0.5258363,1
3,0,0.52510583,1
3,0,0.5249148,1
3,0,0.5218786,1
3,0,0.5226605,1
3,0,0.520858,1
3,0,0.5216508,1
3,0,0.52261204,1
3,0,0.52063215,1
3,0,0.52197975,1
3,0,0.5214367,1
3,0,0.5228038,1
3,0,0.51740783,1
3,0,0.5210268,1
3,0,0.5211424,1
3,0,0.52039015,1
3,0,0.5222232,1
3,0,0.5212259,1
3,0,0.52203995,1
3,0,0.5218436,1
3,0,0.52286804,1
3,0,0.52305895,1
3,0,0.52358866,1
3,0,0.5211105,1
3,0,0.5207888,1
3,0,0.5210727,1
3,0,0.5212721,1
3,0,0.52265906,1
3,0,0.52129006,1
3,0,0.5206065,1
3,0,0.5218677,1
3,0,0.52024055,1
3,0,0.5204202,1
3,0,0.52060413,1
3,0,0.5210457,1
3,0,0.5204964,1
3,0,0.5231269,1
3,0,0.52119046,1
3,0,0.5212707,1
3,0,0.52121794,1
3,0,0.5200396,1
3,0,0.5205247,1
3,0,0.520948,1
3,0,0.5207443,1
3,0,0.52155125,1
3,0,0.5199057,1
3,0,0.5196386,1
3,0,0.52021706,1
3,0,0.5190974,1
3,0,0.5203517,1
3,0,0.51980275,1
3,0,0.5214023,1
3,0,0.52132314,1
3,0,0.5224574,1
3,0,0.5247105,1
3,0,0.52402973,1
3,0,0.5229933,1
3,0,0.5232029,1
3,0,0.52430415,1
3,0,0.5229301,1
3,0,0.521684,1
3,0,0.52288586,1
3,0,0.5218214,1
3,0,0.5212291,1
3,0,0.5204026,1
3,0,0.51958865,1
3,0,0.522537,1
3,0,0.52052194,1
3,0,0.5250162,1
3,0,0.52240574,1
3,0,0.5199202,1
3,0,0.5223207,1
3,0,0.52339584,1
3,0,0.52070075,1
3,0,0.52277255,1
3,0,0.5232394,1
3,0,0.5206042,1
3,0,0.5207123,1
3,0,0.5204799,1
3,0,0.5221439,1
3,0,0.5216142,1
3,0,0.5250239,1
3,0,0.52372205,1
3,0,0.52324975,1
3,0,0.5235304,1
3,0,0.52189755,1
3,0,0.52501565,1
3,0,0.5204262,1
3,0,0.5231895,1
3,0,0.52160114,1
3,0,0.5243132,1
3,0,0.5228413,1
3,0,0.5223716,1
3,0,0.5234639,1
3,0,0.5239111,1
3,0,0.5220735,1
3,0,0.52511466,1
3,0,0.52303064,1
3,0,0.52314883,1
3,0,0.5215462,1
3,0,0.52593935,1
3,0,0.5255415,1
3,0,0.52701926,1
3,0,0.52165604,1
3,0,0.52408123,1
3,0,0.52221644,1
3,0,0.52537864,1
3,0,0.5237946,1
3,0,0.5269321,1
3,0,0.5250945,1
3,0,0.5253922,1
3,0,0.5255836,1
3,0,0.5224872,1
3,0,0.52343136,1
3,0,0.5216736,1
3,0,0.5257152,1
3,0,0.52601254,1
3,0,0.5236892,1
3,0,0.52363396,1
3,0,0.52392656,1
3,0,0.5245626,1
3,0,0.52359766,1
3,0,0.52205116,1
3,0,0.52391464,1
3,0,0.5217327,1
3,0,0.525847,1
3,0,0.5228086,1
3,0,0.523815,1
3,0,0.52304184,1
3,0,0.5240341,1
3,0,0.52443075,1
3,0,0.525973,1
3,0,0.52285284,1
3,0,0.5250729,1
3,0,0.52526087,1
3,1,0.5511434,1
3,1,0.5573929,1
3,1,0.5479793,1
3,1,0.5540689,1
3,1,0.55282986,1
3,1,0.54544526,1
3,1,0.55172306,1
3,1,0.5414542,1
3,1,0.5520073,1
3,1,0.5544445,1
3,1,0.5504417,1
3,1,0.5519032,1
3,1,0.55283135,1
3,1,0.5484166,1
3,1,0.5576546,1
3,1,0.55536866,1
3,1,0.5591073,1
3,1,0.5339139,1
3,1,0.5293808,1
3,1,0.5261883,1
3,1,0.52388173,1
3,1,0.52557,1
3,1,0.5266516,1
3,1,0.5271651,1
3,1,0.5532307,1
3,1,0.5587191,1
3,1,0.55444044,1
3,1,0.55771494,1
3,1,0.55745584,1
3,1,0.55680275,1
3,1,0.55749595,1
3,1,0.55798507,1
3,1,0.55909777,1
3,1,0.554723,1
3,1,0.5575429,1
3,1,0.55285126,1
3,1,0.554622,1
3,1,0.5519245,1
3,1,0.5576534,1
3,1,0.50644475,1
3,1,0.5118557,1
3,1,0.48661837,0
3,1,0.49651572,0
3,1,0.48779827,0
3,1,0.48997614,0
3,1,0.4837815,0
3,1,0.482749,0
3,1,0.4651881,0
3,1,0.4943416,0
3,1,0.48411044,0
3,1,0.48142627,0
3,1,0.48890245,0
3,1,0.48031038,0
3,1,0.5029899,1
3,1,0.48376307,0
3,1,0.52500117,1
3,1,0.53166604,1
3,1,0.51665336,1
3,1,0.48418185,0
3,1,0.4808114,0
3,1,0.5453152,1
3,1,0.49066445,0
3,1,0.5098042,1
3,1,0.5149554,1
3,1,0.544627,1
3,1,0.53684413,1
3,1,0.5015645,1
3,1,0.55342627,1
3,1,0.5553088,1
3,1,0.555675,1
3,1,0.5496247,1
3,1,0.55027777,1
3,1,0.54683405,1
3,1,0.5521831,1
3,1,0.5486896,1
3,1,0.55028254,1
3,1,0.5520454,1
3,1,0.5566906,1
3,1,0.55278075,1
3,1,0.5513171,1
3,1,0.5540692,1
3,1,0.5549199,1
3,1,0.5335496,1
3,1,0.5312569,1
3,1,0.53268343,1
3,1,0.53110665,1
3,1,0.53177506,1
3,1,0.527494,1
3,1,0.5293112,1
3,1,0.5302488,1
3,1,0.529259,1
3,1,0.53298295,1
3,1,0.5296974,1
3,1,0.5280342,1
3,1,0.5260223,1
3,1,0.528648,1
3,1,0.52819544,1
3,1,0.52953315,1
3,1,0.5478734,1
3,1,0.5461257,1
3,1,0.54547775,1
3,1,0.551238,1
3,1,0.54884547,1
3,1,0.5493659,1
3,1,0.5489885,1
3,1,0.5440029,1
3,1,0.547215,1
3,1,0.5463212,1
3,1,0.54528487,1
3,1,0.5469793,1
3,1,0.54580665,1
3,1,0.5474196,1
3,1,0.5456107,1
3,1,0.5486539,1
3,1,0.54582095,1
3,1,0.54901946,1
3,1,0.54586065,1
3,1,0.5428513,1
3,1,0.5436945,1
3,1,0.540458,1
3,1,0.5482977,1
3,1,0.5437308,1
3,1,0.5486459,1
3,1,0.543551,1
3,1,0.5510281,1
3,1,0.55085284,1
3,1,0.5469794,1
3,1,0.5455707,1
3,1,0.5461028,1
3,1,0.5459643,1
3,1,0.5537268,1
3,1,0.5565064,1
3,1,0.55288666,1
3,1,0.5582496,1
3,1,0.5586329,1
3,1,0.5539961,1
3,1,0.5574039,1
3,1,0.56016,1
3,1,0.55287874,1
3,1,0.550106,1
3,1,0.5583333,1
3,1,0.55215013,1
3,1,0.5529151,1
3,1,0.55487096,1
3,1,0.553184,1
3,1,0.5511719,1
3,1,0.5577987,1
3,1,0.55813646,1
3,1,0.55509186,1
3,1,0.552911,1
3,1,0.55776906,1
3,1,0.5526136,1
3,1,0.5571795,1
3,1,0.5575658,1
3,1,0.5571807,1
3,1,0.5559138,1
3,1,0.5581026,1
3,1,0.55617577,1
3,1,0.5524877,1
3,1,0.55217654,1
3,1,0.55531627,1
3,1,0.5565999,1
3,1,0.5572644,1
3,1,0.5566421,1
3,1,0.55251163,1
3,1,0.5576516,1
3,1,0.55262387,1
3,1,0.5578151,1
3,1,0.5568545,1
3,1,0.5482493,1
3,1,0.557638,1
3,1,0.55780494,1
3,1,0.5575559,1
3,0,0.552821,1
3,0,0.5581209,1
3,0,0.558235,1
3,0,0.5545022,1
3,0,0.55414164,1
3,0,0.5570733,1
3,0,0.55279475,1
3,0,0.5581783,1
3,0,0.55526,1
3,0,0.5523127,1
3,0,0.5525666,1
3,0,0.55316675,1
3,1,0.5603184,1
3,1,0.56301993,1
3,1,0.5680072,1
3,1,0.5623114,1
3,1,0.56222796,1
3,1,0.5571226,1
3,1,0.5573901,1
3,1,0.55694133,1
3,1,0.56127536,1
3,1,0.5600778,1
3,1,0.5599733,1
3,1,0.5587035,1
3,1,0.56078583,1
3,1,0.56181765,1
3,1,0.56507504,1
3,0,0.52671784,1
3,0,0.524626,1
3,0,0.52281004,1
3,0,0.5255588,1
3,0,0.52252525,1
3,0,0.5213793,1
3,0,0.5244038,1
3,0,0.5268641,1
3,0,0.525181,1
3,0,0.52310884,1
3,0,0.5246598,1
3,0,0.52468294,1
3,0,0.51876676,1
3,0,0.5238013,1
3,0,0.5229783,1
3,1,0.52519125,1
3,1,0.542072,1
3,1,0.5321634,1
3,1,0.52990097,1
3,1,0.53839326,1
3,1,0.52043617,1
3,1,0.54057854,1
3,1,0.5410331,1
3,1,0.5657216,1
3,1,0.56582123,1
3,1,0.52664995,1
3,1,0.5839699,1
3,1,0.56903374,1
3,1,0.5667081,1
3,1,0.5748802,1
3,1,0.56172794,1
3,1,0.58560133,1
3,1,0.5735618,1
3,0,0.5362933,1
3,0,0.54416335,1
3,0,0.5464231,1
3,0,0.5442106,1
3,0,0.54191345,1
3,0,0.5387371,1
3,0,0.53976053,1
3,0,0.5432229,1
3,0,0.5468952,1
3,0,0.5435967,1
3,0,0.5380282,1
3,0,0.5439359,1
3,0,0.5436202,1
3,0,0.540967,1
3,0,0.5393212,1
3,0,0.5468745,1
3,0,0.5463966,1
3,0,0.54173094,1
3,0,0.5429623,1
3,0,0.54515773,1
3,0,0.5432607,1
3,0,0.54355675,1
3,0,0.54555154,1
3,0,0.5418132,1
3,0,0.5407145,1
3,0,0.54523444,1
3,0,0.5463252,1
3,0,0.5478947,1
3,0,0.5439112,1
3,0,0.5465194,1
3,0,0.54340917,1
3,0,0.5421971,1
3,0,0.5434077,1
3,0,0.54431814,1
3,0,0.54743075,1
3,0,0.54314226,1
3,0,0.54813296,1
3,0,0.5450772,1
3,0,0.54373676,1
3,0,0.53861356,1
3,0,0.5413293,1
3,0,0.5456947,1
3,1,0.5387888,1
3,1,0.53971195,1
3,1,0.5404821,1
3,1,0.5383245,1
3,1,0.53770846,1
3,1,0.53764707,1
3,1,0.5372924,1
3,1,0.5392708,1
3,1,0.5395765,1
3,1,0.5408457,1
3,1,0.5395397,1
3,1,0.5375572,1
3,1,0.48161435,0
3,1,0.49005765,0
3,1,0.49193186,0
3,1,0.49462578,0
3,1,0.4702107,0
3,1,0.4686341,0
3,1,0.4797543,0
3,1,0.46734214,0
3,1,0.4638506,0
3,1,0.4682958,0
3,1,0.46917218,0
3,1,0.4653412,0
3,1,0.4730213,0
3,1,0.46746913,0
3,1,0.4831119,0
3,1,0.5052598,1
3,1,0.49494362,0
3,1,0.51758796,1
3,1,0.48609945,0
3,1,0.5111217,1
3,1,0.49389604,0
3,1,0.4761246,0
3,1,0.48910868,0
3,1,0.45649922,0
3,1,0.4847547,0
3,1,0.46625355,0
3,1,0.49341977,0
3,1,0.49297294,0
3,1,0.461734,0
3,1,0.50763667,1
3,1,0.5005678,1
3,0,0.51933974,1
3,0,0.52610636,1
3,0,0.5174685,1
3,0,0.51238877,1
3,0,0.5023621,1
3,0,0.5005464,1
3,0,0.48963958,0
3,0,0.48537442,0
3,0,0.5047334,1
3,0,0.4930168,0
3,0,0.49666008,0
3,0,0.47744393,0
3,0,0.49190807,0
3,1,0.5217207,1
3,1,0.53291345,1
3,1,0.531484,1
3,1,0.5285115,1
3,1,0.53376436,1
3,1,0.53333,1
3,1,0.5400966,1
3,1,0.54199463,1
3,1,0.50697416,1
3,1,0.5605913,1
3,1,0.55068105,1
3,1,0.5421623,1
3,1,0.5300224,1
3,1,0.53376997,1
3,1,0.56735134,1
3,1,0.56584907,1
3,1,0.55800384,1
3,1,0.5276455,1
3,1,0.52494437,1
3,1,0.5249415,1
3,1,0.52365047,1
3,1,0.52647173,1
3,1,0.5272205,1
3,1,0.52571744,1
3,1,0.52405846,1
3,1,0.52366894,1
3,1,0.5256813,1
3,1,0.5209526,1
3,1,0.5229848,1
3,1,0.52156323,1
3,1,0.52368414,1
3,1,0.5251725,1
3,1,0.5246267,1
3,1,0.5243168,1
3,1,0.52346563,1
3,1,0.5240027,1
3,1,0.52769554,1
3,1,0.52626866,1
3,1,0.52220285,1
3,1,0.52580905,1
3,1,0.5260865,1
3,1,0.523246,1
3,1,0.5255958,1
3,1,0.5273646,1
3,1,0.5261769,1
3,1,0.52591616,1
3,1,0.52642936,1
3,1,0.5262859,1
3,1,0.5259277,1
3,1,0.52609944,1
3,1,0.52687293,1
3,1,0.5272652,1
3,1,0.52518296,1
3,1,0.52644783,1
3,1,0.5250712,1
3,1,0.52587134,1
3,1,0.5266164,1
3,1,0.52580684,1
3,1,0.5261426,1
3,1,0.5242275,1
3,1,0.5586253,1
3,1,0.5558235,1
3,1,0.56299883,1
3,1,0.55164474,1
3,1,0.5577213,1
3,1,0.5551135,1
3,1,0.5574912,1
3,1,0.5550236,1
3,1,0.55241805,1
3,1,0.5514939,1
3,1,0.5460997,1
3,1,0.5546586,1
3,1,0.55215144,1
3,1,0.5546066,1
3,1,0.5608166,1
3,1,0.5555404,1
3,1,0.5551558,1
3,1,0.55289257,1
3,1,0.5571077,1
3,1,0.55684865,1
3,1,0.5538232,1
3,1,0.5641087,1
3,1,0.56413853,1
3,1,0.558901,1
3,1,0.5651985,1
3,1,0.55912596,1
3,1,0.5656909,1
3,1,0.5666732,1
3,1,0.5690089,1
3,1,0.5667186,1
3,1,0.56253374,1
3,1,0.5682615,1
3,1,0.5585125,1
3,1,0.564952,1
3,1,0.5688544,1
3,1,0.568907,1
3,1,0.56075317,1
3,1,0.56261843,1
3,1,0.56248397,1
3,1,0.5678928,1
3,1,0.5658782,1
3,1,0.5672218,1
3,1,0.5710579,1
3,0,0.41307217,0
3,0,0.42199412,0
3,0,0.42194042,0
3,0,0.43721336,0
3,0,0.4488212,0
3,0,0.43470067,0
3,0,0.4515406,0
3,0,0.45846418,0
3,0,0.4488446,0
3,0,0.44210848,0
3,0,0.4458247,0
3,0,0.43199226,0
3,0,0.43769613,0
3,0,0.42733946,0
3,0,0.4224835,0
3,0,0.42316353,0
3,0,0.43379778,0
3,0,0.43317905,0
3,0,0.41682273,0
3,0,0.42185876,0
3,0,0.43908778,0
3,0,0.43643156,0
3,0,0.42619982,0
3,0,0.41849807,0
3,0,0.42368838,0
3,0,0.40572712,0
3,0,0.5399139,1
3,0,0.5539171,1
3,0,0.5469961,1
3,0,0.55212164,1
3,0,0.5500389,1
3,0,0.5484799,1
3,0,0.5476845,1
3,0,0.55358833,1
3,0,0.55092233,1
3,0,0.55168635,1
3,0,0.5507822,1
3,0,0.546054,1
3,0,0.54900163,1
3,0,0.5480945,1
3,0,0.54881734,1
3,0,0.54670274,1
3,0,0.5488133,1
3,0,0.54797,1
3,0,0.5494524,1
3,0,0.54755104,1
3,0,0.5506016,1
3,0,0.54760325,1
3,0,0.5506735,1
3,0,0.5475738,1
3,0,0.5447151,1
3,0,0.5456867,1
3,0,0.5424412,1
3,0,0.54170966,1
3,0,0.546839,1
3,0,0.5443806,1
3,0,0.54186374,1
3,0,0.54423726,1
3,0,0.54679936,1
3,1,0.5429258,1
3,1,0.54776156,1
3,1,0.54506856,1
3,1,0.5470381,1
3,1,0.5473921,1
3,1,0.5453652,1
3,1,0.54427105,1
3,1,0.53802323,1
3,0,0.54888153,1
3,0,0.5478343,1
3,0,0.54504424,1
3,0,0.5486879,1
3,0,0.5381248,1
3,0,0.5447436,1
3,0,0.5506156,1
3,0,0.5475079,1
3,0,0.5475849,1
3,0,0.5451648,1
3,0,0.54472905,1
3,0,0.5424887,1
3,0,0.54728526,1
3,0,0.5488319,1
3,0,0.54672813,1
3,0,0.54767877,1
3,0,0.5501733,1
3,0,0.54550606,1
3,0,0.54803234,1
3,0,0.5475208,1
3,0,0.55147463,1
3,0,0.5477133,1
3,0,0.5474852,1
3,0,0.5451211,1
3,0,0.55350024,1
3,0,0.54483706,1
3,0,0.5493706,1
3,0,0.54898304,1
3,0,0.54705215,1
3,0,0.5532011,1
3,0,0.5526053,1
3,0,0.5500672,1
3,0,0.5510692,1
3,0,0.54684395,1
3,0,0.5510606,1
3,0,0.54669285,1
3,0,0.545936,1
3,0,0.5476789,1
3,0,0.5455411,1
3,0,0.549203,1
3,0,0.542424,1
3,0,0.5517253,1
3,0,0.5491146,1
3,0,0.54801005,1
3,0,0.5485836,1
3,0,0.54082936,1
3,0,0.549358,1
3,0,0.54387724,1
3,0,0.5574328,1
3,0,0.55202925,1
3,0,0.5466388,1
3,0,0.54946566,1
3,0,0.547843,1
3,0,0.5440575,1
3,0,0.54551107,1
3,0,0.54621214,1
3,0,0.54848385,1
3,0,0.5494596,1
3,0,0.55243176,1
3,0,0.5510478,1
3,0,0.5520231,1
3,0,0.55065864,1
3,0,0.5477516,1
3,0,0.5511969,1
3,0,0.54551107,1
3,0,0.5530649,1
3,0,0.55336094,1
3,0,0.5490649,1
3,0,0.54790425,1
3,0,0.5487606,1
3,0,0.5480726,1
3,0,0.5449576,1
3,0,0.5498329,1
3,0,0.55019194,1
3,0,0.5485341,1
3,0,0.55019486,1
3,0,0.5552007,1
3,0,0.5544679,1
3,0,0.5527481,1
3,0,0.5502167,1
3,0,0.5544765,1
3,0,0.54715043,1
3,0,0.5512759,1
3,0,0.54927844,1
3,0,0.55150867,1
3,0,0.54935205,1
3,0,0.5428739,1
3,0,0.5514829,1
3,0,0.5515259,1
3,0,0.5501246,1
3,0,0.54841894,1
3,0,0.5519023,1
3,0,0.5499071,1
3,0,0.55101454,1
3,0,0.55197304,1
3,0,0.5538218,1
3,0,0.5501349,1
3,0,0.5550135,1
3,0,0.5589416,1
3,0,0.552529,1
3,0,0.5535938,1
3,0,0.5587968,1
3,0,0.55038786,1
3,0,0.5519873,1
3,0,0.55724585,1
3,0,0.55380875,1
3,0,0.5479253,1
3,0,0.5485227,1
3,0,0.54763293,1
3,0,0.55226034,1
3,0,0.54405063,1
3,0,0.5470078,1
3,0,0.55030864,1
3,0,0.5476719,1
3,0,0.54851973,1
3,0,0.54672784,1
3,0,0.5528326,1
3,0,0.55072623,1
3,0,0.5517326,1
3,0,0.5519879,1
3,0,0.5507335,1
3,0,0.5460553,1
3,0,0.55275923,1
3,0,0.55005175,1
3,0,0.5512552,1
3,0,0.5522586,1
3,0,0.5516663,1
3,0,0.5519065,1
3,0,0.5498747,1
3,0,0.5499443,1
3,0,0.55393237,1
3,0,0.5534347,1
3,0,0.55174357,1
3,0,0.5540839,1
3,0,0.55610573,1
3,0,0.5536251,1
3,0,0.55436397,1
3,0,0.5555905,1
3,0,0.5583088,1
3,0,0.55495125,1
3,0,0.56036043,1
3,0,0.56034803,1
3,0,0.5556134,1
3,0,0.5593821,1
3,0,0.56189823,1
3,0,0.5545358,1
3,0,0.5518874,1
3,0,0.5594811,1
3,0,0.5538988,1
3,0,0.555067,1
3,0,0.5535441,1
3,0,0.56454426,1
3,0,0.5563206,1
3,0,0.5586924,1
3,0,0.5653825,1
3,0,0.5611063,1
3,0,0.5578892,1
3,0,0.5573368,1
3,0,0.56099594,1
3,0,0.5568773,1
3,0,0.56040317,1
3,0,0.5631151,1
3,0,0.560282,1
3,0,0.56086576,1
3,0,0.5578149,1
3,0,0.55711716,1
3,0,0.55626214,1
3,0,0.55534035,1
3,0,0.5531031,1
3,0,0.5511144,1
3,0,0.552812,1
3,0,0.5505973,1
3,0,0.55240273,1
3,0,0.55978066,1
3,0,0.55862004,1
3,0,0.55729866,1
3,0,0.5537164,1
3,0,0.55439746,1
3,0,0.553431,1
3,0,0.55881923,1
3,0,0.5539079,1
3,0,0.55603033,1
3,0,0.5614114,1
3,0,0.5600455,1
3,0,0.5538363,1
3,0,0.55473137,1
3,0,0.5564911,1
3,0,0.5548682,1
3,0,0.5529226,1
3,0,0.5596128,1
3,0,0.55988187,1
3,0,0.55667996,1
3,0,0.55482435,1
3,0,0.55922824,1
3,0,0.55833656,1
3,0,0.5524241,1
3,0,0.5535686,1
3,0,0.5537813,1
3,0,0.5596741,1
3,0,0.5542606,1
3,0,0.5546836,1
3,0,0.5549217,1
3,0,0.55303687,1
3,0,0.5499339,1
3,0,0.5521656,1
3,0,0.5531516,1
3,0,0.55677605,1
3,0,0.55763924,1
3,0,0.55247116,1
3,0,0.5608727,1
3,0,0.5547514,1
3,0,0.554286,1
3,0,0.55849475,1
3,0,0.56006455,1
3,0,0.5535057,1
3,0,0.5583837,1
3,0,0.56263965,1
3,0,0.5547009,1
3,0,0.55441916,1
3,0,0.55674636,1
3,0,0.557968,1
3,0,0.55431664,1
3,0,0.5590554,1
3,0,0.5596313,1
3,0,0.55897593,1
3,0,0.55775785,1
3,0,0.5596385,1
3,0,0.5580601,1
3,0,0.55444545,1
3,0,0.5541109,1
3,0,0.5570277,1
3,0,0.5580064,1
3,0,0.5590856,1
3,0,0.56366765,1
3,0,0.55704075,1
3,0,0.5526159,1
3,0,0.55295515,1
3,0,0.5558575,1
3,0,0.55735177,1
3,0,0.5563029,1
3,0,0.559204,1
3,0,0.561721,1
3,0,0.55821794,1
3,0,0.5541418,1
3,0,0.5593038,1
3,0,0.55406433,1
3,0,0.559419,1
3,0,0.55850977,1
3,0,0.5502302,1
3,0,0.559517,1
3,0,0.5593941,1
3,0,0.5592612,1
3,0,0.55448115,1
3,0,0.55665433,1
3,0,0.55645347,1
3,0,0.5547122,1
3,0,0.55438787,1
3,0,0.5596155,1
3,0,0.5600115,1
3,0,0.55641305,1
3,0,0.5556374,1
3,0,0.55874884,1
3,0,0.55463016,1
3,0,0.5601684,1
3,0,0.55707234,1
3,0,0.55423695,1
3,0,0.55430084,1
3,0,0.5547592,1
3,0,0.5550535,1
3,0,0.5523773,1
3,0,0.5543342,1
3,0,0.55929935,1
3,0,0.5508407,1
3,0,0.5529035,1
3,0,0.55742836,1
3,0,0.557618,1
3,0,0.5579075,1
3,0,0.5577805,1
3,0,0.55951154,1
3,0,0.5558867,1
3,0,0.5582837,1
3,0,0.55761755,1
3,0,0.55732846,1
3,0,0.5539901,1
3,0,0.55746776,1
3,0,0.55546343,1
3,0,0.5539166,1
3,0,0.5562721,1
3,0,0.5517687,1
3,0,0.5567502,1
3,0,0.55617803,1
3,1,0.5032105,1
3,1,0.51289,1
3,1,0.51532286,1
3,1,0.48015308,0
3,1,0.50203896,1
3,1,0.49834394,0
3,1,0.49084628,0
3,1,0.4867359,0
3,1,0.58661425,1
3,1,0.52510375,1
3,1,0.53409725,1
3,1,0.54431176,1
3,1,0.5453556,1
3,1,0.5187296,1
3,1,0.5585662,1
3,1,0.5379794,1
3,1,0.54439414,1
3,1,0.54088575,1
3,1,0.5503423,1
3,1,0.5453213,1
3,1,0.5176971,1
3,1,0.53791827,1
3,1,0.57690835,1
3,1,0.52884597,1
3,1,0.56431794,1
3,1,0.5541805,1
3,1,0.56947666,1
3,1,0.54003185,1
3,1,0.52755404,1
3,1,0.5450582,1
3,1,0.5466364,1
3,1,0.53176695,1
3,1,0.5478968,1
3,1,0.5517797,1
3,1,0.5529035,1
3,1,0.5212751,1
3,1,0.54998183,1
3,1,0.56559473,1
3,1,0.5341464,1
3,1,0.5524107,1
3,1,0.5500548,1
3,1,0.5618241,1
3,1,0.5398368,1
3,1,0.54383117,1
3,1,0.5658534,1
3,1,0.49300477,0
3,1,0.4818021,0
3,1,0.4844503,0
3,1,0.50945985,1
3,1,0.52900165,1
3,1,0.49359652,0
3,1,0.5025233,1
3,1,0.51070154,1
3,1,0.5185062,1
3,1,0.48800385,0
3,1,0.49487633,0
3,1,0.4761579,0
3,1,0.5106298,1
3,1,0.4871875,0
3,1,0.5268223,1
3,1,0.5072702,1
3,1,0.49174854,0
3,1,0.5195026,1
3,1,0.5031608,1
3,1,0.5140072,1
3,1,0.469407,0
3,1,0.48397863,0
3,1,0.5146721,1
3,1,0.49046835,0
3,1,0.5082654,1
3,1,0.50690913,1
3,1,0.48360202,0
3,1,0.5007116,1
3,1,0.49160048,0
3,1,0.5094614,1
3,1,0.49498627,0
3,1,0.5143037,1
3,1,0.5021902,1
3,1,0.46571115,0
3,1,0.49240488,0
3,1,0.47401688,0
3,1,0.49333096,0
3,1,0.47769716,0
3,1,0.49965644,0
3,1,0.48249924,0
3,1,0.45898372,0
3,1,0.49975622,0
3,1,0.51828027,1
3,1,0.48686147,0
3,1,0.5087469,1
3,1,0.49453747,0
3,1,0.5099739,1
3,1,0.47793582,0
3,1,0.46293774,0
3,1,0.48825583,0
3,1,0.46907547,0
3,1,0.46941578,0
3,1,0.4801882,0
3,1,0.46815634,0
3,1,0.5088542,1
3,1,0.52059484,1
3,1,0.48608124,0
3,1,0.52535874,1
3,1,0.49833336,0
3,1,0.509537,1
3,1,0.48093888,0
3,1,0.5050861,1
3,1,0.48325372,0
3,1,0.48613727,0
3,1,0.49011406,0
3,1,0.4989689,0
3,1,0.5062131,1
3,1,0.49128407,0
3,1,0.49371392,0
3,1,0.48687464,0
3,1,0.4658058,0
3,1,0.4829228,0
3,1,0.4921052,0
3,1,0.47986904,0
3,1,0.48213446,0
3,1,0.5624488,1
3,1,0.5469664,1
3,1,0.5521623,1
3,1,0.54471534,1
3,1,0.55179846,1
3,1,0.5549895,1
3,1,0.56217855,1
3,1,0.5524316,1
3,1,0.57141846,1
3,1,0.52815735,1
3,1,0.52625704,1
3,1,0.5259087,1
3,1,0.5313332,1
3,1,0.5296979,1
3,1,0.52844745,1
3,1,0.52923185,1
3,1,0.52866983,1
3,1,0.527215,1
3,1,0.52395123,1
3,1,0.5255497,1
3,1,0.5309772,1
3,1,0.5307491,1
3,1,0.5313619,1
3,1,0.53587013,1
3,1,0.52872247,1
3,1,0.52905965,1
3,1,0.528206,1
3,1,0.52585775,1
3,1,0.5234396,1
3,1,0.52427655,1
3,1,0.5230408,1
3,0,0.53732544,1
3,0,0.5350685,1
3,0,0.531333,1
3,0,0.53164417,1
3,0,0.53445846,1
3,0,0.53322464,1
3,0,0.5340081,1
3,0,0.534073,1
3,0,0.53455466,1
3,0,0.53639805,1
3,0,0.531344,1
3,0,0.5327739,1
3,0,0.5334988,1
3,0,0.5303192,1
3,0,0.5327409,1
3,1,0.49322724,0
3,1,0.50713277,1
3,1,0.48313686,0
3,1,0.48232716,0
3,1,0.5105491,1
3,1,0.5000827,1
3,1,0.47368288,0
3,1,0.49884188,0
3,1,0.4979571,0
3,1,0.48348278,0
3,1,0.48540905,0
3,1,0.47067043,0
3,1,0.5030676,1
3,1,0.50312674,1
3,1,0.48639244,0
3,0,0.5366833,1
3,0,0.5345071,1
3,0,0.5305314,1
3,0,0.5310518,1
3,0,0.5337685,1
3,0,0.5326163,1
3,0,0.53339165,1
3,0,0.53338015,1
3,0,0.5337157,1
3,0,0.5356337,1
3,0,0.5306807,1
3,0,0.53240645,1
3,0,0.5332367,1
3,0,0.5297322,1
3,0,0.5321738,1
3,1,0.4567822,0
3,1,0.45793718,0
3,1,0.478126,0
3,1,0.44920117,0
3,1,0.44908565,0
3,1,0.48093775,0
3,1,0.46956745,0
3,1,0.47047168,0
3,1,0.46367162,0
3,1,0.44282702,0
3,1,0.52291036,1
3,1,0.524401,1
3,1,0.52249277,1
3,1,0.52245,1
3,1,0.5261238,1
3,1,0.5282889,1
3,1,0.5254326,1
3,1,0.5263472,1
3,1,0.52904683,1
3,1,0.5236627,1
3,1,0.5248935,1
3,1,0.52470845,1
3,1,0.5244101,1
3,1,0.5257921,1
3,1,0.5226215,1
3,1,0.5255352,1
3,1,0.5265193,1
3,1,0.5250072,1
3,1,0.5308188,1
3,1,0.5266431,1
3,1,0.5298417,1
3,1,0.5262035,1
3,1,0.52805287,1
3,1,0.53000337,1
3,1,0.5261354,1
3,1,0.56123126,1
3,1,0.53104776,1
3,1,0.5163169,1
3,1,0.50244963,1
3,1,0.5209821,1
3,1,0.50417286,1
3,1,0.505596,1
3,1,0.51915413,1
3,1,0.46222386,0
3,1,0.4444793,0
3,1,0.4461758,0
3,1,0.4461049,0
3,1,0.48345307,0
3,1,0.46957353,0
3,1,0.43917003,0
3,1,0.44458675,0
3,1,0.45012873,0
3,1,0.42861965,0
3,1,0.44810843,0
3,1,0.43996298,0
3,1,0.4760037,0
3,1,0.45516148,0
3,1,0.4688872,0
3,1,0.44344744,0
3,1,0.4475043,0
3,1,0.46134797,0
3,1,0.52519125,1
3,1,0.542072,1
3,1,0.5321634,1
3,1,0.52990097,1
3,1,0.53839326,1
3,1,0.52043617,1
3,1,0.54057854,1
3,1,0.5410331,1
3,1,0.5657216,1
3,1,0.56582123,1
3,1,0.52664995,1
3,1,0.5839699,1
3,1,0.56903374,1
3,1,0.5667081,1
3,1,0.5748802,1
3,1,0.56172794,1
3,1,0.58560133,1
3,1,0.5735618,1
3,1,0.48852995,0
3,1,0.5002338,1
3,1,0.47730356,0
3,1,0.5022174,1
3,1,0.48770013,0
3,1,0.49298954,0
3,1,0.48344538,0
3,1,0.48916748,0
3,1,0.49252567,0
3,1,0.4846042,0
3,1,0.4719459,0
3,1,0.4912297,0
3,1,0.48118886,0
3,1,0.48953772,0
3,1,0.4838697,0
3,1,0.46587056,0
3,1,0.48427105,0
3,1,0.458185,0
3,1,0.46540356,0
3,1,0.47674328,0
3,1,0.4521051,0
3,1,0.47268376,0
3,1,0.46487632,0
3,1,0.47421172,0
3,1,0.45267984,0
3,1,0.44560212,0
3,1,0.46410984,0
3,0,0.52084446,1
3,0,0.5259778,1
3,0,0.5270256,1
3,0,0.527317,1
3,0,0.5303387,1
3,0,0.5292893,1
3,0,0.5263995,1
3,0,0.5267794,1
3,0,0.52450234,1
3,0,0.5276933,1
3,0,0.5277735,1
3,0,0.5251365,1
3,0,0.5256931,1
3,0,0.5228939,1
3,0,0.5202264,1
3,0,0.52671343,1
3,0,0.5265826,1
3,0,0.52316463,1
3,0,0.5255048,1
3,0,0.52262515,1
3,0,0.52807623,1
3,0,0.52566993,1
3,0,0.5252891,1
3,0,0.5234526,1
3,0,0.52555346,1
3,0,0.5235017,1
3,0,0.52530706,1
3,0,0.5237827,1
3,0,0.52094287,1
3,0,0.52719504,1
3,1,0.5287005,1
3,1,0.5260575,1
3,1,0.5214372,1
3,1,0.52819353,1
3,1,0.52777904,1
3,1,0.5244519,1
3,1,0.5247614,1
3,1,0.5255119,1
3,1,0.52157784,1
3,1,0.52525353,1
3,1,0.52311933,1
3,1,0.52621317,1
3,1,0.52431226,1
3,1,0.52592885,1
3,1,0.5284273,1
3,1,0.52310836,1
3,1,0.5293784,1
3,1,0.52397454,1
3,1,0.5259526,1
3,1,0.5226826,1
3,1,0.5272104,1
3,1,0.5232805,1
3,1,0.5266855,1
3,1,0.5259214,1
3,1,0.52970815,1
3,1,0.52357566,1
3,1,0.5232765,1
3,1,0.5234338,1
3,1,0.52344,1
3,1,0.52321553,1
3,0,0.52660096,1
3,0,0.5249708,1
3,0,0.52745795,1
3,0,0.5282451,1
3,0,0.52509534,1
3,0,0.5304077,1
3,0,0.5306581,1
3,0,0.5351134,1
3,0,0.5293033,1
3,0,0.5278089,1
3,0,0.52772206,1
3,0,0.52767426,1
3,0,0.5303875,1
4,1,0.46275324,0
4,1,0.46143445,0
4,1,0.46822503,0
4,1,0.4720275,0
4,1,0.45149055,0
4,1,0.45575124,0
4,1,0.45047647,0
4,1,0.45730323,0
4,1,0.4599612,0
4,0,0.46079507,0
4,0,0.45335993,0
4,0,0.44358033,0
4,0,0.43795592,0
4,0,0.43680626,0
4,0,0.4227808,0
4,0,0.42749083,0
4,0,0.45262656,0
4,0,0.44504994,0
4,0,0.44626832,0
4,0,0.447277,0
4,1,0.41695487,0
4,1,0.41616726,0
4,1,0.41767126,0
4,1,0.41443565,0
4,1,0.4223777,0
4,1,0.43419388,0
4,1,0.42761815,0
4,1,0.4188128,0
4,1,0.4181959,0
4,1,0.41239065,0
4,1,0.4187292,0
4,1,0.41447055,0
4,1,0.4111219,0
4,1,0.41194597,0
4,1,0.41407004,0
4,1,0.41780537,0
4,1,0.41318327,0
4,1,0.41350123,0
4,1,0.41506523,0
4,1,0.41257724,0
4,1,0.6251563,1
4,1,0.63548017,1
4,1,0.6413733,1
4,1,0.63532126,1
4,1,0.644752,1
4,1,0.62761444,1
4,1,0.62212723,1
4,1,0.6145547,1
4,1,0.5989297,1
4,1,0.6058523,1
4,1,0.6142471,1
4,1,0.56123555,1
4,1,0.53323245,1
4,1,0.5598484,1
4,1,0.5588448,1
4,1,0.5434363,1
4,1,0.5562564,1
4,1,0.56197,1
4,1,0.5364786,1
4,1,0.56066686,1
4,1,0.602952,1
4,1,0.5950002,1
4,1,0.59625906,1
4,1,0.60308915,1
4,1,0.5983079,1
4,1,0.5985143,1
4,1,0.5927774,1
4,1,0.59987205,1
4,1,0.59916884,1
4,1,0.5991118,1
4,1,0.6017627,1
4,1,0.5979498,1
4,1,0.6068059,1
4,1,0.605431,1
4,1,0.5998994,1
4,1,0.58692646,1
4,1,0.60209084,1
4,1,0.6088958,1
4,1,0.608627,1
4,1,0.53971624,1
4,1,0.52035165,1
4,1,0.5349947,1
4,1,0.55257064,1
4,1,0.5560003,1
4,1,0.5462291,1
4,1,0.53650653,1
4,1,0.53852135,1
4,1,0.54242235,1
4,1,0.5525731,1
4,1,0.53622603,1
4,1,0.52943134,1
4,1,0.5418372,1
4,1,0.535971,1
4,1,0.518368,1
4,1,0.5338099,1
4,1,0.5286074,1
4,1,0.53340095,1
4,1,0.51354367,1
4,1,0.53739387,1
4,1,0.51479065,1
4,1,0.5199059,1
4,1,0.51103586,1
4,1,0.5273146,1
4,1,0.5354257,1
4,1,0.5352627,1
4,1,0.5371426,1
4,1,0.53344303,1
4,1,0.5086597,1
4,1,0.53329694,1
4,0,0.529875,1
4,0,0.5266719,1
4,0,0.5206862,1
4,0,0.5302491,1
4,0,0.5287984,1
4,0,0.527074,1
4,0,0.51103514,1
4,0,0.52785283,1
4,0,0.52795285,1
4,0,0.53006417,1
4,0,0.51301044,1
4,0,0.5165413,1
4,0,0.51866287,1
4,1,0.5270851,1
4,1,0.51959354,1
4,1,0.5245554,1
4,1,0.5254072,1
4,1,0.5367244,1
4,1,0.52724636,1
4,1,0.5255752,1
4,1,0.535296,1
4,1,0.5244781,1
4,1,0.5281587,1
4,1,0.53256065,1
4,1,0.5156462,1
4,1,0.52504534,1
4,1,0.5178891,1
4,1,0.5195639,1
4,1,0.5277129,1
4,1,0.5325672,1
4,1,0.5066835,1
4,1,0.5385328,1
4,1,0.5227248,1
4,1,0.5072572,1
4,1,0.54350585,1
4,1,0.53032154,1
4,1,0.5353759,1
4,1,0.5396568,1
4,1,0.53018063,1
4,1,0.5153899,1
4,1,0.5170557,1
4,1,0.533894,1
4,1,0.51553595,1
4,1,0.5344077,1
4,1,0.61372197,1
4,1,0.61226016,1
4,1,0.5987435,1
4,1,0.6076242,1
4,1,0.6142336,1
4,1,0.61512923,1
4,1,0.60453576,1
4,1,0.5908185,1
4,1,0.6079581,1
4,1,0.62086546,1
4,1,0.441301,0
4,1,0.44234452,0
4,1,0.44320932,0
4,1,0.45246044,0
4,1,0.43622926,0
4,1,0.43406022,0
4,1,0.45222357,0
4,1,0.44962782,0
4,1,0.46090415,0
4,1,0.46889564,0
4,1,0.47112122,0
4,1,0.45347473,0
4,1,0.45141572,0
4,1,0.53647625,1
4,1,0.53473824,1
4,1,0.5150624,1
4,1,0.53019917,1
4,1,0.5258197,1
4,1,0.535439,1
4,1,0.527876,1
4,1,0.5043498,1
4,1,0.50541395,1
4,1,0.50164145,1
4,1,0.50926995,1
4,1,0.5094568,1
4,1,0.5130634,1
4,1,0.50018483,1
4,1,0.51609087,1
4,1,0.5101084,1
4,1,0.49709058,0
4,1,0.50281465,1
4,1,0.4964703,0
4,1,0.50770307,1
4,1,0.5092888,1
4,1,0.5056025,1
4,1,0.49968404,0
4,1,0.5157011,1
4,1,0.5133877,1
4,1,0.5116115,1
4,1,0.49915412,0
4,1,0.5233604,1
4,1,0.52236253,1
4,1,0.5134317,1
4,1,0.4994756,0
4,1,0.51177156,1
4,1,0.52000993,1
4,1,0.51824504,1
4,1,0.5271252,1
4,1,0.5152811,1
4,1,0.51748544,1
4,1,0.5034892,1
4,1,0.51043534,1
4,1,0.50548667,1
4,1,0.5152699,1
4,1,0.5169494,1
4,1,0.51597893,1
4,0,0.51475656,1
4,0,0.5162235,1
4,0,0.52344453,1
4,0,0.53813714,1
4,0,0.5105818,1
4,0,0.5273341,1
4,0,0.53287697,1
4,0,0.51591444,1
4,0,0.52556425,1
4,0,0.51877487,1
4,0,0.52163815,1
4,0,0.5238526,1
4,0,0.5157436,1
4,0,0.51722556,1
4,0,0.5188714,1
4,0,0.5115728,1
4,0,0.5195032,1
4,0,0.511672,1
4,0,0.5288985,1
4,0,0.51420516,1
4,0,0.517211,1
4,0,0.51840436,1
4,0,0.5228449,1
4,0,0.5323667,1
4,0,0.5233057,1
4,0,0.5139552,1
4,0,0.5174161,1
4,0,0.5085389,1
4,0,0.5356922,1
4,0,0.51706016,1
4,0,0.52530104,1
4,0,0.5260651,1
4,0,0.5483558,1
4,0,0.5411605,1
4,1,0.53330445,1
4,1,0.5396762,1
4,1,0.54801154,1
4,1,0.54044735,1
4,1,0.52408046,1
4,1,0.54359525,1
4,1,0.5413958,1
4,0,0.51846796,1
4,0,0.5160705,1
4,0,0.5240686,1
4,0,0.5226858,1
4,0,0.5179224,1
4,0,0.537578,1
4,0,0.5016384,1
4,0,0.5350965,1
4,0,0.5294766,1
4,0,0.52178264,1
4,0,0.52854526,1
4,0,0.52012736,1
4,0,0.5125432,1
4,0,0.52242297,1
4,0,0.526313,1
4,1,0.5076918,1
4,1,0.5165273,1
4,1,0.5227775,1
4,1,0.52720475,1
4,1,0.520319,1
4,1,0.5253701,1
4,1,0.5278703,1
4,1,0.52980167,1
4,1,0.51654685,1
4,1,0.52625686,1
4,1,0.5340477,1
4,1,0.5364369,1
4,1,0.532792,1
4,1,0.5394526,1
4,1,0.5354881,1
4,1,0.520241,1
4,1,0.53707504,1
4,1,0.5388413,1
4,1,0.5395952,1
4,1,0.5362334,1
4,1,0.5295794,1
4,1,0.5123577,1
4,1,0.5405085,1
4,1,0.544024,1
4,1,0.5191599,1
4,1,0.54905474,1
4,1,0.544915,1
4,1,0.5498654,1
4,1,0.54776156,1
4,1,0.55298287,1
4,1,0.55113816,1
4,1,0.55988324,1
4,1,0.55772454,1
4,0,0.57682526,1
4,0,0.5644741,1
4,0,0.56350267,1
4,0,0.5792936,1
4,0,0.57155544,1
4,0,0.56923324,1
4,0,0.5735381,1
4,0,0.5936158,1
4,0,0.5795331,1
4,0,0.5901958,1
4,0,0.5923598,1
4,0,0.5950675,1
4,0,0.575687,1
4,0,0.5735536,1
4,0,0.55857503,1
4,0,0.5941969,1
4,0,0.576186,1
4,0,0.57663596,1
4,0,0.5700881,1
4,0,0.58198637,1
4,0,0.57497066,1
4,0,0.5642826,1
4,0,0.55103916,1
4,0,0.55145675,1
4,0,0.54853535,1
4,0,0.51906496,1
4,0,0.53655195,1
4,0,0.5439979,1
4,0,0.5438676,1
4,0,0.57821196,1
4,0,0.54465723,1
4,0,0.56158715,1
4,0,0.5656248,1
4,0,0.5998711,1
4,0,0.5803246,1
4,0,0.57384723,1
4,0,0.56527585,1
4,0,0.5695826,1
4,0,0.5787495,1
4,0,0.57975215,1
4,0,0.5942723,1
4,0,0.56637806,1
4,0,0.5761992,1
4,0,0.56784207,1
4,0,0.5718589,1
4,0,0.55804414,1
4,0,0.56273556,1
4,0,0.5676948,1
4,0,0.56486315,1
4,0,0.5600772,1
4,0,0.58067846,1
4,0,0.5673341,1
4,0,0.57312334,1
4,0,0.5542321,1
4,0,0.5451743,1
4,0,0.55906737,1
4,0,0.5667701,1
4,0,0.5603509,1
4,0,0.57831556,1
4,0,0.58134156,1
4,0,0.58866847,1
4,0,0.59807456,1
4,0,0.5912054,1
4,0,0.58909273,1
4,0,0.61787546,1
4,0,0.60264313,1
4,0,0.58928305,1
4,0,0.5950996,1
4,0,0.5971916,1
4,0,0.5893781,1
4,0,0.5905858,1
4,0,0.60404384,1
4,0,0.58078676,1
4,0,0.57932645,1
4,0,0.56965536,1
4,0,0.5788906,1
4,0,0.5676641,1
4,0,0.58182406,1
4,0,0.56191814,1
4,0,0.5895382,1
4,0,0.57446665,1
4,0,0.57571644,1
4,0,0.59455734,1
4,0,0.6076367,1
4,0,0.56358784,1
4,0,0.5781214,1
4,0,0.6093793,1
4,0,0.6159628,1
4,0,0.6189908,1
4,0,0.60207105,1
4,0,0.58945066,1
4,0,0.6022484,1
4,0,0.6098508,1
4,0,0.60660684,1
4,0,0.60871756,1
4,0,0.60737944,1
4,0,0.6008843,1
4,0,0.6065401,1
4,0,0.59023476,1
4,0,0.5873873,1
4,0,0.5866478,1
4,0,0.5840475,1
4,0,0.58716285,1
4,0,0.57196367,1
4,0,0.58131325,1
4,0,0.58298653,1
4,0,0.5758089,1
4,0,0.59138674,1
4,0,0.5910325,1
4,0,0.5842471,1
4,0,0.58334905,1
4,0,0.5972476,1
4,0,0.5804787,1
4,0,0.6083206,1
4,0,0.6076962,1
4,0,0.60672873,1
4,0,0.6131645,1
4,0,0.62580377,1
4,0,0.637751,1
4,0,0.60957366,1
4,0,0.6210434,1
4,0,0.6296188,1
4,0,0.60354614,1
4,0,0.6302869,1
4,0,0.6236324,1
4,0,0.6320665,1
4,0,0.63058484,1
4,0,0.6194597,1
4,0,0.62397814,1
4,0,0.6300329,1
4,0,0.6349268,1
4,0,0.6180354,1
4,0,0.6143301,1
4,0,0.60207385,1
4,0,0.6219469,1
4,0,0.6000116,1
4,0,0.5960006,1
4,0,0.60938203,1
4,0,0.5854858,1
4,0,0.5949358,1
4,0,0.61217195,1
4,0,0.61645466,1
4,0,0.6069032,1
4,0,0.5857091,1
4,0,0.5965919,1
4,0,0.58885825,1
4,0,0.61638576,1
4,0,0.6230682,1
4,0,0.6227491,1
4,0,0.62205726,1
4,0,0.63365793,1
4,0,0.6340632,1
4,0,0.6362089,1
4,0,0.6388074,1
4,0,0.6558041,1
4,0,0.6418346,1
4,0,0.63360673,1
4,0,0.636228,1
4,0,0.62761945,1
4,0,0.64915305,1
4,0,0.6347044,1
4,0,0.64103395,1
4,0,0.62065643,1
4,0,0.6217678,1
4,0,0.6319018,1
4,0,0.65194595,1
4,0,0.63661075,1
4,0,0.6228186,1
4,0,0.61197346,1
4,0,0.6204376,1
4,0,0.62244576,1
4,0,0.61339235,1
4,0,0.62210137,1
4,0,0.6020929,1
4,0,0.60508096,1
4,0,0.62223583,1
4,0,0.5912656,1
4,0,0.6118268,1
4,0,0.592974,1
4,0,0.6299008,1
4,0,0.6117883,1
4,0,0.6073742,1
4,0,0.6166119,1
4,0,0.6133584,1
4,0,0.626393,1
4,0,0.6348304,1
4,0,0.6293067,1
4,0,0.63005793,1
4,0,0.62952876,1
4,0,0.6322174,1
4,0,0.6378647,1
4,0,0.6213821,1
4,0,0.63399994,1
4,0,0.6286608,1
4,0,0.6139341,1
4,0,0.643927,1
4,0,0.65030855,1
4,0,0.6384127,1
4,0,0.6295302,1
4,0,0.62816405,1
4,0,0.6258181,1
4,0,0.63604355,1
4,0,0.6281696,1
4,0,0.6189961,1
4,0,0.63603896,1
4,0,0.6481032,1
4,0,0.62989277,1
4,0,0.6353926,1
4,0,0.6410724,1
4,0,0.6331824,1
4,0,0.62642145,1
4,0,0.63095826,1
4,0,0.62785023,1
4,0,0.64237934,1
4,0,0.6385113,1
4,0,0.6311147,1
4,0,0.6440576,1
4,0,0.63165516,1
4,0,0.62855864,1
4,0,0.64776474,1
4,0,0.6417828,1
4,0,0.63510627,1
4,0,0.6351302,1
4,0,0.6332725,1
4,0,0.61999434,1
4,0,0.64642566,1
4,0,0.6263562,1
4,0,0.6303563,1
4,0,0.6143555,1
4,0,0.63055193,1
4,0,0.62592465,1
4,0,0.62599546,1
4,0,0.6335281,1
4,0,0.6257094,1
4,0,0.6103466,1
4,0,0.6202387,1
4,0,0.62788296,1
4,0,0.6281739,1
4,0,0.6300999,1
4,0,0.62677956,1
4,0,0.61955136,1
4,0,0.632153,1
4,0,0.64452916,1
4,0,0.6264207,1
4,0,0.6315071,1
4,0,0.63703257,1
4,0,0.63910884,1
4,0,0.6380831,1
4,0,0.64222723,1
4,0,0.6364679,1
4,0,0.62885916,1
4,0,0.6353222,1
4,0,0.64114416,1
4,0,0.6277718,1
4,0,0.6586247,1
4,0,0.641336,1
4,0,0.6170006,1
4,0,0.63679814,1
4,0,0.60789245,1
4,0,0.6243019,1
4,0,0.617986,1
4,0,0.6187946,1
4,0,0.6198145,1
4,0,0.61551905,1
4,0,0.62865776,1
4,0,0.63529825,1
4,0,0.6255148,1
4,0,0.63743186,1
4,0,0.62427485,1
4,0,0.6298125,1
4,0,0.6331907,1
4,0,0.6397189,1
4,0,0.6275499,1
4,0,0.64031994,1
4,0,0.6378487,1
4,0,0.6338611,1
4,0,0.6489987,1
4,0,0.6549477,1
4,0,0.6379484,1
4,0,0.63987726,1
4,0,0.6365282,1
4,0,0.6479064,1
4,0,0.62153655,1
4,0,0.6340852,1
4,0,0.62784094,1
4,0,0.6220536,1
4,0,0.62449676,1
4,0,0.6123691,1
4,0,0.6046341,1
4,0,0.6040183,1
4,0,0.6100921,1
4,0,0.6376343,1
4,0,0.61888593,1
4,0,0.6302257,1
4,0,0.60323435,1
4,0,0.5992267,1
4,0,0.6019914,1
4,0,0.6137304,1
4,0,0.6336722,1
4,0,0.639284,1
4,0,0.6176253,1
4,0,0.6202103,1
4,0,0.6150286,1
4,0,0.6144519,1
4,0,0.6200695,1
4,0,0.6299784,1
4,0,0.62640613,1
4,0,0.63584965,1
4,0,0.62269676,1
4,0,0.62847275,1
4,0,0.6042597,1
4,0,0.5997905,1
4,0,0.6129753,1
4,0,0.6233865,1
4,1,0.63437533,1
4,1,0.6162888,1
4,1,0.6128572,1
4,1,0.62537426,1
4,1,0.6343976,1
4,1,0.5968472,1
4,1,0.60508823,1
4,1,0.6051396,1
4,1,0.59839004,1
4,0,0.59316033,1
4,0,0.5684086,1
4,0,0.5926997,1
4,0,0.5892268,1
4,0,0.6120133,1
4,0,0.62225837,1
4,0,0.6305413,1
4,0,0.6356371,1
4,0,0.642682,1
4,0,0.62501794,1
4,0,0.6242729,1
4,0,0.6160447,1
4,0,0.6305869,1
4,0,0.6254145,1
4,0,0.631754,1
4,0,0.6299957,1
4,0,0.62243944,1
4,0,0.62573713,1
4,0,0.61303025,1
4,0,0.6330509,1
4,0,0.62779725,1
4,0,0.64146245,1
4,0,0.6275814,1
4,0,0.6141638,1
4,0,0.6238139,1
4,0,0.61479145,1
4,0,0.6219411,1
4,0,0.6037542,1
4,0,0.6055892,1
4,0,0.6057203,1
4,0,0.5849502,1
4,0,0.6093417,1
4,0,0.6046929,1
4,0,0.58663267,1
4,0,0.5862258,1
4,0,0.5746738,1
4,0,0.5774585,1
4,0,0.5886707,1
4,0,0.57864434,1
4,0,0.6110284,1
4,0,0.63175845,1
4,0,0.6210944,1
4,0,0.6153597,1
4,0,0.61583364,1
4,0,0.60888,1
4,0,0.62745285,1
4,0,0.6282058,1
4,0,0.60377777,1
4,0,0.63104564,1
4,0,0.6241488,1
4,0,0.6232351,1
4,0,0.5920956,1
4,0,0.6046445,1
4,0,0.62808394,1
4,0,0.60954005,1
4,0,0.59414583,1
4,0,0.59220445,1
4,0,0.5997903,1
4,0,0.5867997,1
4,0,0.59510016,1
4,0,0.57504165,1
4,0,0.587865,1
4,0,0.59810305,1
4,0,0.594747,1
4,0,0.5894736,1
4,0,0.5977981,1
4,0,0.61360854,1
4,0,0.5995468,1
4,0,0.6175296,1
4,0,0.60591453,1
4,0,0.612705,1
4,0,0.5969443,1
4,0,0.59930223,1
4,0,0.6038906,1
4,0,0.60438436,1
4,0,0.6040033,1
4,0,0.6218332,1
4,0,0.61027604,1
4,0,0.59794784,1
4,0,0.58980477,1
4,0,0.59772724,1
4,0,0.5782949,1
4,0,0.58465314,1
4,0,0.61384815,1
4,0,0.5893901,1
4,0,0.6270226,1
4,0,0.62165487,1
4,0,0.6250752,1
4,0,0.6057466,1
4,0,0.592898,1
4,0,0.6031528,1
4,0,0.61024237,1
4,0,0.62121105,1
4,0,0.6126113,1
4,0,0.619331,1
4,0,0.61794806,1
4,0,0.588776,1
4,0,0.59535354,1
4,0,0.57510245,1
4,0,0.5938104,1
4,0,0.59252596,1
4,0,0.5790306,1
4,0,0.60178417,1
4,0,0.5874247,1
4,0,0.58388275,1
4,0,0.5909249,1
4,0,0.56178725,1
4,0,0.58732253,1
4,0,0.5878776,1
4,0,0.5879771,1
4,0,0.5786125,1
4,0,0.5870717,1
4,0,0.5885311,1
4,0,0.58186185,1
4,0,0.5988844,1
4,0,0.6225035,1
4,0,0.62555707,1
4,0,0.61257726,1
4,0,0.5979846,1
4,0,0.58275074,1
4,0,0.5870043,1
4,0,0.58213395,1
4,0,0.5824479,1
4,0,0.593563,1
4,0,0.59896076,1
4,0,0.600444,1
4,0,0.6065041,1
4,0,0.5923595,1
4,0,0.59004205,1
4,0,0.6023225,1
4,0,0.58522195,1
4,0,0.60179746,1
4,0,0.61043185,1
4,0,0.5895963,1
4,0,0.6197879,1
4,0,0.6367147,1
4,0,0.6156847,1
4,0,0.6162175,1
4,0,0.587963,1
4,0,0.5946981,1
4,0,0.60978544,1
4,0,0.5847054,1
4,0,0.60360265,1
4,0,0.6176963,1
4,0,0.6110719,1
4,0,0.5978728,1
4,0,0.6058029,1
4,0,0.59676296,1
4,0,0.61712104,1
4,0,0.6038733,1
4,0,0.5992723,1
4,0,0.6124947,1
4,0,0.57734793,1
4,0,0.6011235,1
4,0,0.5812035,1
4,0,0.5904878,1
4,0,0.60960555,1
4,0,0.5976005,1
4,0,0.60131216,1
4,0,0.59914947,1
4,0,0.6024145,1
4,0,0.58839464,1
4,0,0.574993,1
4,0,0.59250176,1
4,0,0.5500485,1
4,0,0.57973504,1
4,0,0.5768504,1
4,0,0.5812257,1
4,0,0.587507,1
4,0,0.59689033,1
4,0,0.60816526,1
4,0,0.57934594,1
4,0,0.5759175,1
4,0,0.5881497,1
4,0,0.5647574,1
4,0,0.57592833,1
4,0,0.5453966,1
4,0,0.5759489,1
4,0,0.5781875,1
4,0,0.5732854,1
4,0,0.6057315,1
4,0,0.612631,1
4,0,0.6082633,1
4,0,0.61032134,1
4,0,0.60346776,1
4,0,0.5785393,1
4,0,0.5948482,1
4,0,0.59229517,1
4,0,0.5894134,1
4,0,0.60095507,1
4,0,0.5895248,1
4,0,0.59048396,1
4,0,0.6160379,1
4,0,0.58231574,1
4,0,0.5925561,1
4,0,0.62065595,1
4,0,0.6227573,1
4,0,0.6118911,1
4,0,0.5852656,1
4,0,0.588683,1
4,0,0.58587056,1
4,0,0.5608805,1
4,0,0.5820779,1
4,0,0.6011295,1
4,0,0.61336136,1
4,0,0.58708346,1
4,0,0.58678395,1
4,0,0.5869944,1
4,0,0.57051206,1
4,0,0.5848073,1
4,0,0.57477874,1
4,0,0.5711934,1
4,0,0.54686445,1
4,0,0.5743769,1
4,0,0.57118016,1
4,0,0.5663586,1
4,0,0.5372559,1
4,0,0.55699295,1
4,0,0.53721744,1
4,0,0.5546209,1
4,0,0.55227065,1
4,0,0.5251145,1
4,0,0.5092874,1
4,0,0.5134804,1
4,0,0.52967125,1
4,0,0.541148,1
4,0,0.54039305,1
4,0,0.5576449,1
4,0,0.5282982,1
4,0,0.55056095,1
4,0,0.42759922,0
4,0,0.4240864,0
4,0,0.39841995,0
4,0,0.41963065,0
4,0,0.42304763,0
4,0,0.4408416,0
4,0,0.42780674,0
4,0,0.42277327,0
4,0,0.42706156,0
4,0,0.40276197,0
4,1,0.47293565,0
4,1,0.4681845,0
4,1,0.47425777,0
4,1,0.46291792,0
4,1,0.48306867,0
4,1,0.4676098,0
4,1,0.4774712,0
4,1,0.48058698,0
4,1,0.48291564,0
4,1,0.4700177,0
4,1,0.48115876,0
4,1,0.47859305,0
4,1,0.47557706,0
4,1,0.47987932,0
4,1,0.4893993,0
4,1,0.4916892,0
4,1,0.47179654,0
4,1,0.4765789,0
4,1,0.48556247,0
4,1,0.48971507,0
4,1,0.4855009,0
4,1,0.48969638,0
4,1,0.49270988,0
4,1,0.4815601,0
4,1,0.47757122,0
4,1,0.50223863,1
4,1,0.4798795,0
4,1,0.48646465,0
4,1,0.49671084,0
4,1,0.48093858,0
4,1,0.48739117,0
4,1,0.48520952,0
4,1,0.4855679,0
4,1,0.48485795,0
4,1,0.48949486,0
4,1,0.48577347,0
4,1,0.49230254,0
4,1,0.4863624,0
4,1,0.4864454,0
4,1,0.48785067,0
4,1,0.4903854,0
4,1,0.49162057,0
4,1,0.49861103,0
4,1,0.49539176,0
4,1,0.48268938,0
4,1,0.5047753,1
4,1,0.50136954,1
4,1,0.49891162,0
4,1,0.49479812,0
4,1,0.514065,1
4,1,0.49666202,0
4,1,0.49835384,0
4,1,0.4966969,0
4,1,0.47648692,0
4,1,0.48515278,0
4,1,0.47999358,0
4,1,0.4783547,0
4,1,0.469288,0
4,1,0.48340267,0
4,1,0.46619615,0
4,1,0.47970763,0
4,1,0.49129847,0
4,1,0.4715034,0
4,1,0.4822149,0
4,1,0.4680613,0
4,1,0.45759085,0
4,1,0.45724392,0
4,1,0.459876,0
4,1,0.47776452,0
4,1,0.459726,0
4,1,0.45991412,0
4,1,0.4679822,0
4,1,0.46523577,0
4,1,0.46336126,0
4,1,0.4838214,0
4,1,0.47426197,0
4,1,0.4730689,0
4,1,0.48044693,0
4,1,0.4600141,0
4,1,0.46463254,0
4,1,0.45704672,0
4,1,0.45642138,0
4,1,0.47748268,0
4,1,0.4770274,0
4,1,0.47380438,0
4,1,0.46505326,0
4,1,0.46878594,0
4,1,0.46089417,0
4,1,0.46126205,0
4,1,0.45872018,0
4,1,0.46654364,0
4,1,0.46992776,0
4,1,0.46483,0
4,1,0.46200764,0
4,1,0.4685453,0
4,1,0.47416458,0
4,1,0.47950116,0
4,1,0.46960053,0
4,1,0.47704813,0
4,1,0.47762808,0
4,1,0.47052416,0
4,1,0.48285198,0
4,1,0.46720898,0
4,1,0.47546142,0
4,1,0.45858246,0
4,1,0.458922,0
4,1,0.4755704,0
4,1,0.46697176,0
4,1,0.47868407,0
4,1,0.48730767,0
4,1,0.4730476,0
4,1,0.4758912,0
4,1,0.46558836,0
4,1,0.4724634,0
4,1,0.4676324,0
4,1,0.45098186,0
4,1,0.4689942,0
4,1,0.47063085,0
4,1,0.46836066,0
4,1,0.46962768,0
4,1,0.6357745,1
4,1,0.6300862,1
4,1,0.64342445,1
4,1,0.6663852,1
4,1,0.6298692,1
4,1,0.64952546,1
4,1,0.67332697,1
4,1,0.64770997,1
4,1,0.65869766,1
4,1,0.68452334,1
4,1,0.6513358,1
4,1,0.64034235,1
4,1,0.64830375,1
4,1,0.6857127,1
4,1,0.68056995,1
4,1,0.6661845,1
4,1,0.659229,1
4,1,0.65906376,1
4,1,0.65633905,1
4,1,0.64789546,1
4,1,0.64654815,1
4,1,0.64949185,1
4,1,0.6525636,1
4,1,0.6705194,1
4,1,0.6505041,1
4,1,0.656594,1
4,1,0.64237887,1
4,1,0.65711516,1
4,1,0.64820725,1
4,1,0.6576026,1
4,1,0.6605679,1
4,1,0.6450723,1
4,1,0.6519471,1
4,1,0.6410448,1
4,1,0.6370693,1
4,1,0.624157,1
4,1,0.63936996,1
4,1,0.6304924,1
4,1,0.63447595,1
4,1,0.5204815,1
4,1,0.5115184,1
4,1,0.5116241,1
4,1,0.50904703,1
4,1,0.51038647,1
4,1,0.5249339,1
4,1,0.519808,1
4,1,0.52240515,1
4,1,0.52193856,1
4,1,0.5384829,1
4,1,0.5270469,1
4,1,0.4995603,0
4,1,0.5156167,1
4,1,0.526317,1
4,1,0.50979894,1
4,0,0.5373723,1
4,0,0.52160305,1
4,0,0.5265064,1
4,0,0.5282152,1
4,0,0.5082515,1
4,0,0.5102708,1
4,0,0.5299997,1
4,0,0.509993,1
4,0,0.52496564,1
4,0,0.5054755,1
4,0,0.52311677,1
4,0,0.5275439,1
4,0,0.5262852,1
4,0,0.5153287,1
4,1,0.5364682,1
4,1,0.5133242,1
4,1,0.53005135,1
4,1,0.5210454,1
4,1,0.5211067,1
4,1,0.5239383,1
4,1,0.53290856,1
4,1,0.5007964,1
4,1,0.50240207,1
4,1,0.5204626,1
4,1,0.5244333,1
4,1,0.52526766,1
4,1,0.516339,1
4,1,0.52618676,1
4,1,0.52242845,1
4,1,0.51698315,1
4,0,0.52584267,1
4,0,0.52396625,1
4,0,0.51232743,1
4,0,0.5167502,1
4,0,0.5071664,1
4,0,0.52246624,1
4,0,0.54480964,1
4,0,0.51986885,1
4,0,0.49792013,0
4,0,0.516456,1
4,0,0.5100181,1
4,0,0.51742,1
4,0,0.5123153,1
4,0,0.50828207,1
4,0,0.5187142,1
4,0,0.53133523,1
4,0,0.48137727,0
4,0,0.50852066,1
4,0,0.5064361,1
4,0,0.4956045,0
4,0,0.50278157,1
4,0,0.5067072,1
4,0,0.50993985,1
4,0,0.5146379,1
4,0,0.5185449,1
4,0,0.48355675,0
4,0,0.51276404,1
4,0,0.50870115,1
4,0,0.50651944,1
4,0,0.50673294,1
4,0,0.5201696,1
4,0,0.5008723,1
4,0,0.49113297,0
4,0,0.5020833,1
4,0,0.5146809,1
4,0,0.5074019,1
4,1,0.57398576,1
4,1,0.5796518,1
4,1,0.58146423,1
4,1,0.5785606,1
4,1,0.57587105,1
4,1,0.5804136,1
4,1,0.577095,1
4,1,0.57818496,1
4,1,0.58054405,1
4,1,0.5797937,1
4,1,0.5794476,1
4,1,0.584367,1
4,1,0.5849674,1
4,1,0.5806623,1
4,1,0.5845752,1
4,1,0.5741761,1
4,1,0.57368875,1
4,1,0.5653708,1
4,1,0.57070994,1
4,1,0.5675886,1
4,1,0.56154287,1
4,1,0.5640283,1
4,1,0.5632354,1
4,1,0.5512821,1
4,1,0.5617606,1
4,1,0.5535998,1
4,1,0.5362923,1
4,1,0.5584729,1
4,1,0.5603613,1
4,1,0.5565072,1
4,1,0.54922146,1
4,1,0.5484283,1
4,1,0.5509748,1
4,1,0.5540479,1
4,1,0.55722,1
4,1,0.5552932,1
4,1,0.56423247,1
4,1,0.56687707,1
4,1,0.56320083,1
4,1,0.5467524,1
4,1,0.5310504,1
4,1,0.54861057,1
4,1,0.54651576,1
4,1,0.5367048,1
4,1,0.5003611,1
4,1,0.52883947,1
4,1,0.5308271,1
4,1,0.5350108,1
4,1,0.52008945,1
4,1,0.5218982,1
4,1,0.53504246,1
4,1,0.5266652,1
4,1,0.53195703,1
4,1,0.52156746,1
4,1,0.51809174,1
4,1,0.51691633,1
4,1,0.5213644,1
4,1,0.51413614,1
4,1,0.5357345,1
4,1,0.5456363,1
4,1,0.55547154,1
4,1,0.5178357,1
4,1,0.5497804,1
4,1,0.52989924,1
4,1,0.55188966,1
4,1,0.53385776,1
4,1,0.53070295,1
4,1,0.5241049,1
4,1,0.52443916,1
4,1,0.5171081,1
4,1,0.52310896,1
4,1,0.52618784,1
4,1,0.5289407,1
4,1,0.5352454,1
4,1,0.52907515,1
4,1,0.5281298,1
4,1,0.5322246,1
4,1,0.5329482,1
4,1,0.52644926,1
4,1,0.53899556,1
4,1,0.53172314,1
4,1,0.5314916,1
4,1,0.52103144,1
4,1,0.5335725,1
4,1,0.5440432,1
4,1,0.54171515,1
4,1,0.5464709,1
4,1,0.52449244,1
4,1,0.5070023,1
4,1,0.5198695,1
4,1,0.52256197,1
4,1,0.52106696,1
4,1,0.5277614,1
4,1,0.54046506,1
4,1,0.5336784,1
4,1,0.5424462,1
4,1,0.51831347,1
4,1,0.5344351,1
4,1,0.5220804,1
4,1,0.52974,1
4,1,0.53054315,1
4,1,0.53175455,1
4,1,0.522686,1
4,1,0.5386032,1
4,1,0.53129166,1
4,1,0.5283736,1
4,1,0.5151827,1
4,1,0.53114927,1
4,1,0.53774047,1
4,1,0.53793985,1
4,1,0.5400848,1
4,1,0.5226605,1
4,1,0.50386876,1
4,1,0.5223241,1
4,1,0.5196892,1
4,1,0.5195261,1
4,1,0.5205615,1
4,1,0.53265876,1
4,1,0.5269224,1
4,1,0.5357414,1
4,1,0.51107574,1
4,1,0.53065395,1
4,1,0.5558102,1
4,1,0.54591256,1
4,1,0.54651755,1
4,1,0.5435962,1
4,1,0.5464083,1
4,1,0.53973204,1
4,1,0.53402764,1
4,1,0.5562329,1
4,1,0.5627219,1
4,1,0.57385045,1
4,1,0.5663055,1
4,1,0.5499327,1
4,0,0.5086043,1
4,0,0.49102348,0
4,0,0.49573544,0
4,0,0.5158498,1
4,0,0.5114347,1
4,0,0.50625926,1
4,0,0.5032806,1
4,0,0.5155922,1
4,0,0.505472,1
4,0,0.4867449,0
4,0,0.5060358,1
4,0,0.5071595,1
4,0,0.50660837,1
4,0,0.50310415,1
4,0,0.50444156,1
4,0,0.50258946,1
4,0,0.49864793,0
4,0,0.49538207,0
4,0,0.5017096,1
4,0,0.5122465,1
4,0,0.50527936,1
4,0,0.50177515,1
4,0,0.5089765,1
4,0,0.51795655,1
4,0,0.5083037,1
4,0,0.49946207,0
4,0,0.49900168,0
4,0,0.49376255,0
4,0,0.49256638,0
4,0,0.49598387,0
4,0,0.49721524,0
4,0,0.50404507,1
4,0,0.49420583,0
4,0,0.50729275,1
4,0,0.49652544,0
4,1,0.62904924,1
4,1,0.62916124,1
4,1,0.62882966,1
4,1,0.60420597,1
4,1,0.60571545,1
4,1,0.60575676,1
4,1,0.625136,1
4,1,0.6267418,1
4,1,0.6105615,1
4,1,0.61405355,1
4,1,0.63232124,1
4,1,0.62299055,1
4,1,0.6107322,1
4,1,0.630477,1
4,1,0.61136025,1
4,1,0.4292813,0
4,1,0.4242062,0
4,1,0.42892873,0
4,1,0.4276847,0
4,1,0.42788804,0
4,1,0.42690316,0
4,1,0.42781636,0
4,1,0.43425065,0
4,1,0.42731336,0
4,1,0.43221655,0
4,1,0.43144497,0
4,1,0.42872465,0
4,1,0.42867753,0
4,1,0.42996964,0
4,1,0.42721662,0
4,1,0.4300443,0
4,1,0.43157113,0
4,1,0.43106547,0
4,1,0.4305289,0
4,1,0.42673522,0
4,1,0.42697605,0
4,1,0.42971095,0
4,1,0.42766467,0
4,1,0.42922035,0
4,1,0.425281,0
4,1,0.42804408,0
4,1,0.42872518,0
4,1,0.42835513,0
4,1,0.4302486,0
4,1,0.42990074,0
4,1,0.42968902,0
4,1,0.42809513,0
4,1,0.4269456,0
4,1,0.42917177,0
4,1,0.42967314,0
4,1,0.42837256,0
4,1,0.42824554,0
4,1,0.42752698,0
4,1,0.42889544,0
4,1,0.42638782,0
4,1,0.42844743,0
4,1,0.42904538,0
4,1,0.42404428,0
4,1,0.42735204,0
4,1,0.42748424,0
4,1,0.42600736,0
4,1,0.42924938,0
4,1,0.4266662,0
4,1,0.4283908,0
4,1,0.42936063,0
4,1,0.42839524,0
4,1,0.42712024,0
4,1,0.4300699,0
4,1,0.43077272,0
4,1,0.4317991,0
4,1,0.4312066,0
4,1,0.4332225,0
4,1,0.436342,0
4,1,0.43545735,0
4,1,0.43233976,0
4,1,0.5614495,1
4,1,0.56556964,1
4,1,0.54953855,1
4,1,0.553343,1
4,1,0.5581679,1
4,1,0.5586739,1
4,1,0.57019514,1
4,1,0.55259234,1
4,1,0.56673276,1
4,1,0.56957185,1
4,1,0.5760495,1
4,1,0.5726141,1
4,1,0.6001245,1
4,0,0.41707474,0
4,0,0.42163062,0
4,0,0.41487092,0
4,0,0.41726053,0
4,0,0.41400862,0
4,0,0.41776252,0
4,0,0.3994668,0
4,0,0.42169765,0
4,0,0.42186847,0
4,0,0.43044972,0
4,0,0.4117115,0
4,0,0.42320225,0
4,0,0.41222078,0
4,0,0.42706248,0
4,0,0.43163925,0
4,0,0.43127778,0
4,0,0.43060744,0
4,0,0.43747035,0
4,0,0.43148878,0
4,0,0.4294925,0
4,0,0.43424165,0
4,0,0.4107429,0
4,0,0.42903617,0
4,0,0.42446226,0
4,0,0.4261232,0
4,0,0.4370808,0
4,0,0.4311053,0
4,0,0.41748908,0
4,0,0.43299678,0
4,0,0.4156938,0
4,0,0.43502614,0
4,0,0.41502857,0
4,0,0.42673534,0
4,0,0.41768923,0
4,0,0.42139295,0
4,0,0.42600963,0
4,1,0.43536118,0
4,1,0.44104123,0
4,1,0.4301879,0
4,1,0.42307734,0
4,1,0.44247124,0
4,1,0.4309978,0
4,1,0.4352263,0
4,1,0.43094847,0
4,1,0.43568474,0
4,0,0.43630382,0
4,0,0.44851202,0
4,0,0.4529848,0
4,0,0.44587103,0
4,0,0.43369994,0
4,0,0.43211862,0
4,0,0.43685564,0
4,0,0.43808615,0
4,0,0.43015885,0
4,0,0.4209533,0
4,0,0.43240342,0
4,0,0.4380179,0
4,0,0.43544212,0
4,0,0.4376521,0
4,0,0.450918,0
4,0,0.45632088,0
4,0,0.45622072,0
4,0,0.43786106,0
4,0,0.44711208,0
4,1,0.6004784,1
4,1,0.5936743,1
4,1,0.59465647,1
4,1,0.600975,1
4,1,0.5965849,1
4,1,0.59695905,1
4,1,0.5914254,1
4,1,0.5980162,1
4,1,0.5972629,1
4,1,0.59721273,1
4,1,0.6001174,1
4,1,0.59631056,1
4,1,0.6047806,1
4,1,0.60326016,1
4,1,0.5981206,1
4,1,0.5853084,1
4,1,0.60038453,1
4,1,0.60733175,1
4,1,0.6067346,1
4,1,0.41194424,0
4,1,0.41324705,0
4,1,0.41361964,0
4,1,0.41260487,0
4,1,0.41171032,0
4,1,0.4117148,0
4,1,0.411354,0
4,1,0.41238475,0
4,1,0.41159955,0
4,1,0.41487995,0
4,1,0.42125934,0
4,1,0.40944323,0
4,0,0.55119747,1
4,0,0.5376698,1
4,0,0.5480793,1
4,0,0.54239815,1
4,0,0.53312886,1
4,0,0.53773165,1
4,0,0.5343625,1
4,0,0.53925544,1
4,0,0.52891797,1
4,0,0.54024494,1
4,0,0.5438146,1
4,0,0.52799225,1
4,0,0.52957535,1
4,0,0.52681994,1
4,0,0.53922534,1
4,0,0.5401467,1
4,0,0.508391,1
4,0,0.5384079,1
4,0,0.5274571,1
4,0,0.537039,1
4,0,0.52874106,1
4,0,0.53559107,1
4,0,0.5300003,1
4,0,0.5346155,1
4,0,0.52616364,1
4,0,0.53806806,1
4,0,0.54317665,1
4,0,0.53901076,1
4,0,0.5343979,1
4,0,0.53645235,1
4,0,0.5327761,1
4,0,0.5369818,1
4,0,0.54582083,1
4,0,0.5294754,1
4,0,0.5325021,1
4,0,0.5390189,1
4,0,0.5304324,1
4,0,0.5029585,1
4,0,0.53978026,1
4,0,0.53241456,1
4,0,0.525335,1
4,0,0.5299385,1
4,0,0.5328563,1
4,0,0.5268541,1
4,0,0.5329075,1
4,0,0.51946604,1
4,0,0.53474545,1
4,0,0.5274839,1
4,0,0.53431356,1
4,0,0.5383129,1
4,0,0.5365248,1
4,0,0.5433054,1
4,0,0.5333325,1
4,0,0.52464014,1
4,0,0.53080535,1
4,0,0.5111984,1
4,0,0.54266244,1
4,0,0.5381352,1
4,0,0.51578426,1
4,0,0.5334725,1
4,0,0.5390895,1
4,0,0.53432155,1
4,0,0.5363991,1
4,0,0.52610296,1
4,0,0.52614087,1
4,0,0.53179055,1
4,0,0.52545375,1
4,0,0.5369594,1
4,0,0.5009472,1
4,0,0.5213155,1
4,0,0.5339893,1
4,0,0.5342048,1
4,0,0.52261966,1
4,0,0.52595747,1
4,0,0.5279207,1
4,0,0.5188587,1
4,0,0.53888595,1
4,0,0.5193274,1
4,0,0.50728637,1
4,0,0.5298285,1
4,0,0.5267145,1
4,0,0.5297869,1
4,0,0.5218412,1
4,0,0.529093,1
4,0,0.51437026,1
4,0,0.52925557,1
4,0,0.5217023,1
4,0,0.5320512,1
4,0,0.5165583,1
4,0,0.533371,1
4,0,0.51622385,1
4,0,0.53310084,1
4,0,0.5261906,1
4,0,0.52354175,1
4,0,0.5291689,1
4,0,0.52671146,1
4,0,0.53051895,1
4,0,0.5041835,1
4,0,0.5313542,1
4,0,0.5308444,1
4,0,0.52953416,1
4,0,0.52139217,1
4,0,0.5438048,1
4,0,0.5310102,1
4,0,0.53458714,1
4,0,0.5209865,1
4,0,0.5262834,1
4,0,0.53449,1
4,0,0.5271387,1
4,0,0.5252779,1
4,0,0.49726665,0
4,0,0.51998216,1
4,0,0.5290834,1
4,0,0.5279747,1
4,0,0.5200117,1
4,0,0.5169986,1
4,0,0.53105783,1
4,0,0.5129914,1
4,0,0.52694815,1
4,0,0.5120235,1
4,0,0.5209726,1
4,0,0.5249127,1
4,0,0.53435785,1
4,0,0.48848134,0
4,0,0.53023463,1
4,0,0.5189509,1
4,0,0.5300196,1
4,0,0.5356947,1
4,0,0.52529836,1
4,0,0.5166227,1
4,0,0.5327215,1
4,0,0.52243686,1
4,0,0.5319318,1
4,0,0.531906,1
4,0,0.5176345,1
4,0,0.52763104,1
4,0,0.53555536,1
4,0,0.5219558,1
4,0,0.5322755,1
4,0,0.53010017,1
4,0,0.5306345,1
4,0,0.5228699,1
4,0,0.5508447,1
4,0,0.5295236,1
4,0,0.52622044,1
4,0,0.52782446,1
4,0,0.5390848,1
4,0,0.5231395,1
4,0,0.5272362,1
4,0,0.5197348,1
4,0,0.51854724,1
4,0,0.5304459,1
4,0,0.52899075,1
4,0,0.53391176,1
4,0,0.5288424,1
4,0,0.53412426,1
4,0,0.5242945,1
4,0,0.5506072,1
4,0,0.53996646,1
4,0,0.5531597,1
4,0,0.54060835,1
4,0,0.54718006,1
4,0,0.5477905,1
4,0,0.5598024,1
4,0,0.5561064,1
4,0,0.55948913,1
4,0,0.5591418,1
4,0,0.55974627,1
4,0,0.55599517,1
4,0,0.56082135,1
4,0,0.55787,1
4,0,0.5555064,1
4,0,0.5677949,1
4,0,0.56792593,1
4,0,0.55909884,1
4,0,0.5659628,1
4,0,0.5618923,1
4,0,0.5778042,1
4,0,0.5678222,1
4,0,0.5735814,1
4,0,0.561467,1
4,0,0.5878906,1
4,0,0.54223543,1
4,0,0.5481568,1
4,0,0.5582713,1
4,0,0.5691831,1
4,0,0.54868287,1
4,0,0.5503132,1
4,0,0.56326455,1
4,0,0.5536006,1
4,0,0.55207884,1
4,0,0.55662787,1
4,0,0.55928653,1
4,0,0.52312356,1
4,0,0.55188227,1
4,0,0.5541673,1
4,0,0.5533264,1
4,0,0.55253315,1
4,0,0.5305692,1
4,0,0.5543409,1
4,0,0.5581045,1
4,0,0.560028,1
4,0,0.54760194,1
4,0,0.54295456,1
4,0,0.55094266,1
4,0,0.5503028,1
4,0,0.54169667,1
4,0,0.5346407,1
4,0,0.5402958,1
4,0,0.52911407,1
4,0,0.5297457,1
4,0,0.5316839,1
4,0,0.5259031,1
4,0,0.52704823,1
4,0,0.53345186,1
4,0,0.5432294,1
4,0,0.5283354,1
4,0,0.5349218,1
4,0,0.52142626,1
4,0,0.5450443,1
4,0,0.53870255,1
4,0,0.547045,1
4,0,0.5351585,1
4,0,0.5355786,1
4,0,0.5425746,1
4,0,0.5438499,1
4,0,0.531606,1
4,0,0.53519684,1
4,0,0.5383113,1
4,0,0.53284246,1
4,0,0.5362126,1
4,0,0.5375687,1
4,0,0.5452338,1
4,0,0.5401489,1
4,0,0.53424835,1
4,0,0.5344677,1
4,0,0.52871126,1
4,0,0.52182215,1
4,0,0.53609896,1
4,0,0.536319,1
4,0,0.53663427,1
4,0,0.53801286,1
4,0,0.52710384,1
4,0,0.5295569,1
4,0,0.53706485,1
4,0,0.53848475,1
4,0,0.52973306,1
4,0,0.52408963,1
4,0,0.543606,1
4,0,0.52494,1
4,0,0.5193389,1
4,0,0.53586566,1
4,0,0.5419916,1
4,0,0.53503394,1
4,0,0.53147084,1
4,0,0.5256015,1
4,0,0.5570619,1
4,0,0.5371167,1
4,0,0.54149735,1
4,0,0.5286004,1
4,0,0.5161882,1
4,0,0.5493232,1
4,0,0.54531693,1
4,0,0.53732264,1
4,0,0.5366711,1
4,1,0.5342956,1
4,1,0.5339331,1
4,1,0.54017144,1
4,1,0.5442475,1
4,1,0.5416433,1
4,1,0.52906555,1
4,1,0.5362103,1
4,1,0.5441026,1
4,1,0.54035014,1
4,0,0.53841364,1
4,0,0.5307589,1
4,0,0.5241545,1
4,0,0.5441957,1
4,0,0.5325367,1
4,0,0.53531474,1
4,0,0.5344096,1
4,0,0.52856356,1
4,0,0.54263204,1
4,0,0.5448574,1
4,0,0.53695434,1
4,0,0.5430451,1
4,0,0.54977006,1
4,0,0.5479002,1
4,0,0.5494934,1
4,0,0.5421135,1
4,0,0.5479389,1
4,0,0.5434946,1
4,0,0.54710895,1
4,0,0.53886455,1
4,0,0.5421754,1
4,0,0.54497504,1
4,0,0.5370267,1
4,0,0.54671836,1
4,0,0.5344731,1
4,0,0.53455806,1
4,0,0.5402445,1
4,0,0.52785087,1
4,0,0.5397381,1
4,0,0.5448537,1
4,1,0.53322196,1
4,1,0.5440328,1
4,1,0.5156979,1
4,1,0.542464,1
4,1,0.5382051,1
4,1,0.5264236,1
4,1,0.528793,1
4,1,0.54696876,1
4,1,0.5312867,1
4,1,0.53189856,1
4,1,0.52961725,1
4,1,0.52904856,1
4,1,0.53419346,1
4,1,0.53675324,1
4,0,0.5498412,1
4,0,0.5450936,1
4,0,0.539021,1
4,0,0.5415252,1
4,0,0.55339336,1
4,0,0.5537728,1
4,0,0.56862426,1
4,0,0.5626285,1
4,0,0.4071517,0
4,0,0.4097343,0
4,0,0.40493172,0
4,0,0.4018953,0
4,0,0.39668632,0
4,0,0.37115693,0
4,0,0.39436954,0
4,0,0.39462775,0
4,0,0.41277218,0
4,0,0.40144992,0
4,0,0.39872915,0
4,0,0.40354988,0
4,0,0.400268,0
4,0,0.4021693,0
4,0,0.39770454,0
4,0,0.4067842,0
4,0,0.41194406,0
4,0,0.39824328,0
4,0,0.41965276,0
4,0,0.4036371,0
4,0,0.411382,0
4,0,0.39735925,0
4,0,0.40295476,0
4,0,0.4112787,0
4,0,0.4198515,0
4,0,0.41550645,0
4,0,0.38981578,0
4,0,0.39627403,0
4,0,0.40738577,0
4,1,0.3948549,0
4,1,0.39152196,0
4,1,0.38998798,0
4,1,0.39490446,0
4,1,0.37084222,0
4,1,0.38382864,0
4,1,0.38465145,0
4,1,0.3920631,0
4,1,0.3927202,0
4,1,0.40027708,0
4,1,0.38031256,0
4,1,0.39642438,0
4,1,0.37678325,0
4,1,0.398002,0
4,1,0.3815573,0
4,1,0.4165641,0
4,1,0.39999217,0
4,1,0.41445017,0
4,1,0.3825761,0
4,1,0.39655226,0
4,0,0.38992625,0
4,0,0.4112093,0
4,0,0.404634,0
4,0,0.40957016,0
4,0,0.43344992,0
4,0,0.41512212,0
4,0,0.40636173,0
4,0,0.41089284,0
4,0,0.40838498,0
4,0,0.42136106,0
4,0,0.3978981,0
4,0,0.41329244,0
4,0,0.39939323,0
4,0,0.4098986,0
4,0,0.41083974,0
4,0,0.40715107,0
4,0,0.39313,0
4,0,0.40866566,0
4,0,0.3953589,0
4,0,0.42513266,0
4,0,0.39805752,0
4,0,0.4103465,0
4,0,0.39605778,0
4,0,0.41017014,0
4,0,0.40616363,0
4,0,0.42403907,0
4,0,0.41655102,0
4,0,0.40526173,0
4,0,0.4206241,0
4,0,0.41759422,0
4,0,0.42329177,0
4,0,0.42608196,0
4,0,0.42728254,0
4,0,0.41758984,0
4,0,0.42153144,0
4,0,0.43943137,0
4,0,0.4333869,0
4,0,0.4242356,0
4,0,0.41787484,0
4,0,0.4235558,0
4,0,0.43101278,0
4,0,0.43974113,0
4,0,0.43376803,0
4,0,0.42757508,0
4,0,0.45496058,0
4,0,0.44356456,0
4,0,0.42640522,0
4,0,0.44010726,0
4,0,0.4612855,0
4,0,0.45462447,0
4,0,0.46906543,0
4,0,0.45759484,0
4,0,0.44134572,0
4,0,0.4272779,0
4,0,0.41614968,0
4,0,0.4228038,0
4,0,0.42248222,0
4,0,0.4373089,0
4,0,0.4138746,0
4,0,0.4216037,0
4,0,0.41542655,0
4,0,0.42136732,0
4,0,0.40285602,0
4,0,0.40877634,0
4,0,0.41569313,0
4,0,0.42790273,0
4,1,0.42759636,0
4,1,0.41960004,0
4,1,0.41769972,0
4,1,0.42203116,0
4,1,0.42920968,0
4,1,0.41954726,0
4,1,0.41074985,0
4,1,0.43312055,0
4,1,0.43030205,0
4,1,0.41466543,0
4,1,0.4159222,0
4,1,0.4176581,0
4,1,0.40063858,0
4,0,0.4076385,0
4,0,0.41568944,0
4,0,0.4300672,0
4,0,0.4274937,0
4,0,0.4107112,0
4,0,0.41218388,0
4,0,0.4035249,0
4,0,0.4202474,0
4,0,0.4273324,0
4,0,0.40404046,0
4,0,0.42165643,0
4,0,0.42918566,0
4,0,0.42701387,0
4,0,0.43798494,0
4,0,0.4185717,0
4,0,0.42676112,0
4,0,0.43759626,0
4,0,0.4227663,0
4,0,0.4171721,0
4,0,0.40895772,0
4,0,0.42714694,0
4,0,0.41861832,0
4,0,0.4077261,0
4,0,0.41450003,0
4,0,0.42064762,0
4,0,0.38623995,0
4,0,0.3907846,0
4,0,0.40468803,0
4,0,0.41458097,0
4,0,0.4089748,0
4,0,0.41455752,0
4,0,0.40197206,0
4,0,0.41355217,0
4,1,0.40726778,0
4,1,0.4088674,0
4,1,0.39486593,0
4,1,0.41077548,0
4,1,0.41060847,0
4,1,0.4097837,0
4,1,0.3743662,0
4,1,0.40294808,0
4,1,0.385096,0
4,1,0.40692624,0
4,1,0.4051623,0
4,1,0.40922937,0
4,1,0.42406863,0
4,1,0.39321262,0
4,1,0.40223345,0
4,1,0.4098889,0
4,1,0.4035286,0
4,1,0.41586584,0
4,1,0.39077362,0
4,1,0.41009772,0
4,1,0.40117854,0
4,0,0.40337598,0
4,0,0.4153566,0
4,0,0.40595126,0
4,0,0.403035,0
4,0,0.42424795,0
4,0,0.4000889,0
4,0,0.4221428,0
4,0,0.40853867,0
4,0,0.40820816,0
4,0,0.3962805,0
4,0,0.4159151,0
4,0,0.40792337,0
4,0,0.41787764,0
4,0,0.4190356,0
4,0,0.41410017,0
4,0,0.40594074,0
4,0,0.42618215,0
4,0,0.417171,0
4,0,0.4151541,0
4,0,0.42534024,0
4,0,0.42075765,0
4,0,0.41163793,0
4,0,0.43143365,0
4,0,0.43401548,0
4,0,0.42392612,0
4,0,0.41749454,0
4,0,0.42063707,0
4,0,0.432903,0
4,0,0.4383655,0
4,0,0.4154178,0
4,0,0.4129779,0
4,0,0.45091307,0
4,0,0.42894584,0
4,0,0.41881794,0
4,0,0.42606667,0
4,0,0.44467917,0
4,0,0.4472539,0
4,0,0.45995694,0
4,0,0.4463266,0
4,0,0.45367855,0
4,1,0.5078135,1
4,1,0.5170522,1
4,1,0.51869327,1
4,1,0.5259629,1
4,1,0.5265513,1
4,1,0.51260155,1
4,1,0.51906013,1
4,1,0.52674776,1
4,1,0.51930255,1
4,1,0.5161085,1
4,1,0.52166075,1
4,1,0.5138635,1
4,1,0.52602386,1
4,1,0.5252967,1
4,1,0.53259677,1
4,1,0.5354207,1
4,1,0.529715,1
4,1,0.5302896,1
4,1,0.5262014,1
4,1,0.5247146,1
4,1,0.5189015,1
4,1,0.51821345,1
4,1,0.50997937,1
4,1,0.5128728,1
4,1,0.5148784,1
4,1,0.5151068,1
4,1,0.5283855,1
4,1,0.54561365,1
4,1,0.5220232,1
4,1,0.52215624,1
4,1,0.53498125,1
4,1,0.52366954,1
4,1,0.5199124,1
4,1,0.52971756,1
4,1,0.5284767,1
4,1,0.5032002,1
4,1,0.5228509,1
4,1,0.5113228,1
4,1,0.52447027,1
4,1,0.55469894,1
4,1,0.5423495,1
4,1,0.5228719,1
4,1,0.5120838,1
4,1,0.50437415,1
4,1,0.500934,1
4,1,0.53251344,1
4,1,0.5350513,1
4,1,0.5203022,1
4,1,0.53274965,1
4,1,0.5461172,1
4,1,0.5478197,1
4,1,0.5303142,1
4,1,0.5285277,1
4,1,0.52317274,1
4,1,0.52901924,1
4,1,0.5193567,1
4,1,0.5259563,1
4,0,0.3804977,0
4,0,0.3864845,0
4,0,0.36322242,0
4,0,0.37216926,0
4,0,0.37506723,0
4,0,0.35230812,0
4,0,0.36494216,0
4,0,0.37001932,0
4,0,0.36738265,0
4,0,0.3545798,0
4,0,0.35401383,0
4,0,0.36978674,0
4,0,0.37761423,0
4,0,0.36077875,0
4,0,0.37628055,0
4,0,0.35737556,0
4,0,0.37954658,0
4,0,0.36010695,0
4,0,0.36526012,0
4,0,0.37678444,0
4,0,0.38731983,0
4,0,0.38055024,0
4,0,0.35956636,0
4,0,0.36592427,0
4,0,0.3821148,0
4,0,0.3705309,0
4,0,0.36435777,0
4,0,0.37308964,0
4,0,0.36778495,0
4,0,0.3440898,0
4,0,0.35310864,0
4,0,0.36575183,0
4,0,0.3607973,0
4,0,0.37162042,0
4,0,0.3781492,0
4,0,0.3597575,0
4,0,0.372399,0
4,0,0.35521075,0
4,0,0.35740262,0
4,0,0.35845143,0
4,0,0.39439085,0
4,0,0.3812636,0
4,0,0.39109716,0
4,0,0.34752735,0
4,0,0.37072337,0
4,0,0.35992754,0
4,0,0.3904998,0
4,1,0.37994942,0
4,1,0.39377326,0
4,1,0.4099419,0
4,1,0.38272727,0
4,1,0.3807757,0
4,1,0.38942036,0
4,1,0.3796467,0
4,1,0.4013927,0
4,1,0.3928308,0
4,1,0.38026366,0
4,1,0.3899515,0
4,1,0.3968023,0
4,1,0.39143765,0
4,1,0.3749719,0
4,0,0.37387127,0
4,0,0.3877058,0
4,0,0.38067892,0
4,0,0.3816506,0
4,0,0.38798335,0
4,0,0.3965321,0
4,0,0.4078536,0
4,0,0.3844942,0
4,0,0.3847153,0
4,0,0.40437913,0
4,0,0.39056602,0
4,0,0.40007666,0
4,0,0.39824167,0
4,0,0.39774835,0
4,0,0.4010271,0
4,0,0.4116792,0
4,0,0.41661203,0
4,0,0.40787557,0
4,0,0.3901326,0
4,0,0.38771936,0
4,0,0.3957936,0
4,0,0.39814907,0
4,0,0.3958405,0
4,0,0.3747148,0
4,0,0.3926062,0
4,0,0.39994273,0
4,0,0.39218724,0
4,0,0.4002975,0
4,0,0.42212513,0
4,0,0.42447215,0
4,0,0.4253309,0
4,0,0.41358155,0
4,0,0.42435184,0
4,1,0.4282954,0
4,1,0.4293163,0
4,1,0.4274095,0
4,1,0.42752197,0
4,1,0.42901355,0
4,1,0.4260742,0
4,1,0.4225096,0
4,1,0.42480808,0
4,1,0.42340797,0
4,1,0.4266062,0
4,1,0.4244187,0
4,1,0.42600837,0
4,1,0.42500025,0
4,1,0.42386097,0
4,1,0.42448077,0
4,1,0.4257077,0
4,1,0.42568246,0
4,1,0.42472228,0
4,1,0.42532164,0
4,1,0.42668375,0
4,1,0.4240147,0
4,1,0.4255991,0
4,1,0.42585167,0
4,1,0.42708665,0
4,1,0.42470375,0
4,1,0.4230373,0
4,1,0.40410766,0
4,1,0.39166826,0
4,1,0.3918836,0
4,1,0.38191646,0
4,1,0.40448952,0
4,1,0.40354466,0
4,1,0.3946914,0
4,1,0.40398338,0
4,1,0.40150023,0
4,1,0.43057075,0
4,1,0.41681194,0
4,1,0.39413732,0
4,1,0.4389108,0
4,1,0.43364277,0
4,1,0.54618376,1
4,1,0.5376418,1
4,1,0.5494659,1
4,1,0.5450936,1
4,1,0.53783894,1
4,1,0.5376948,1
4,1,0.5430753,1
4,1,0.51995593,1
4,1,0.5424299,1
4,1,0.5338226,1
4,1,0.53596807,1
4,1,0.5450198,1
4,1,0.5167564,1
4,1,0.5462082,1
4,1,0.53372586,1
4,1,0.5429162,1
4,1,0.54065216,1
4,1,0.53967464,1
4,1,0.55014974,1
4,1,0.5434782,1
4,1,0.53148353,1
4,1,0.53778005,1
4,1,0.53634477,1
4,1,0.5363528,1
4,1,0.5359123,1
4,1,0.5245978,1
4,1,0.5251215,1
4,1,0.5173382,1
4,1,0.5153382,1
4,1,0.5106065,1
4,1,0.50724417,1
4,1,0.50774115,1
4,1,0.5053186,1
4,1,0.5211629,1
4,1,0.53754777,1
4,1,0.59995824,1
4,1,0.59430224,1
4,1,0.59472835,1
4,1,0.60097986,1
4,1,0.59670943,1
4,1,0.59544927,1
4,1,0.58943206,1
4,1,0.5966595,1
4,1,0.59616,1
4,1,0.5959613,1
4,1,0.5987662,1
4,1,0.59453535,1
4,1,0.60393006,1
4,1,0.60125995,1
4,1,0.59675527,1
4,1,0.58408827,1
4,1,0.5994553,1
4,1,0.6054902,1
4,1,0.6048633,1
4,1,0.54357684,1
4,1,0.54394984,1
4,1,0.5465293,1
4,1,0.54592365,1
4,1,0.534283,1
4,1,0.5333507,1
4,1,0.5287524,1
4,1,0.50305176,1
4,1,0.51315534,1
4,1,0.53888893,1
4,1,0.54673094,1
4,1,0.5358489,1
4,1,0.53001845,1
4,1,0.5304607,1
4,1,0.5331561,1
4,1,0.54330397,1
4,1,0.53240895,1
4,1,0.5356139,1
4,1,0.5515056,1
4,1,0.55151993,1
4,1,0.550196,1
4,1,0.5405929,1
4,1,0.5480569,1
4,1,0.5479587,1
4,1,0.5521694,1
4,1,0.54019576,1
4,1,0.54189926,1
4,1,0.5495618,1
4,1,0.5588335,1
4,1,0.5688827,1
4,1,0.5703052,1
4,1,0.5789348,1
4,1,0.5706026,1
4,1,0.5590932,1
4,1,0.55867946,1
4,1,0.5688309,1
4,1,0.5527564,1
4,1,0.60746604,1
4,1,0.6207323,1
4,1,0.61502177,1
4,1,0.6405295,1
4,1,0.6290305,1
4,1,0.6368258,1
4,1,0.6228489,1
4,1,0.6179826,1
4,1,0.6330845,1
4,1,0.6166889,1
4,1,0.5851191,1
4,1,0.68262035,1
4,1,0.6919317,1
4,1,0.68544585,1
4,1,0.69160527,1
4,1,0.69116575,1
4,1,0.69165015,1
4,1,0.6997755,1
4,1,0.7020722,1
4,1,0.7004096,1
4,1,0.7042499,1
5,1,0.5028293,1
5,1,0.43393636,0
5,1,0.4701823,0
5,1,0.46466154,0
5,1,0.48735383,0
5,1,0.474959,0
5,1,0.46916357,0
5,1,0.4710166,0
5,1,0.4353474,0
5,1,0.46396434,0
5,1,0.478318,0
5,1,0.50462365,1
5,1,0.50644445,1
5,1,0.56317097,1
5,1,0.5288753,1
5,1,0.5365254,1
5,1,0.54652506,1
5,1,0.55507255,1
5,1,0.5459653,1
5,1,0.5442928,1
5,1,0.5340381,1
5,1,0.5534423,1
5,1,0.58819133,1
5,1,0.5534365,1
5,1,0.5558514,1
5,1,0.5220501,1
5,1,0.5365706,1
5,1,0.5408772,1
5,1,0.5265811,1
5,1,0.5457853,1
5,0,0.564184,1
5,0,0.566739,1
5,0,0.5133622,1
5,0,0.55982965,1
5,0,0.55843323,1
5,0,0.55262315,1
5,0,0.5459455,1
5,0,0.5653718,1
5,0,0.5450557,1
5,0,0.54282516,1
5,0,0.553655,1
5,0,0.5551447,1
5,0,0.5241045,1
5,0,0.54509455,1
5,0,0.5108019,1
5,0,0.5164035,1
5,0,0.5438424,1
5,0,0.5419887,1
5,0,0.54975486,1
5,0,0.553692,1
5,0,0.54929954,1
5,0,0.55335605,1
5,0,0.5475727,1
5,0,0.5733759,1
5,0,0.5460583,1
5,0,0.5683817,1
5,0,0.51687366,1
5,0,0.553212,1
5,0,0.545112,1
5,0,0.56698436,1
5,0,0.5662399,1
5,0,0.53401643,1
5,0,0.55636996,1
5,1,0.5540993,1
5,1,0.60516405,1
5,1,0.5700027,1
5,1,0.57413095,1
5,1,0.47550473,0
5,1,0.5217402,1
5,1,0.51391196,1
5,1,0.5273347,1
5,1,0.5436835,1
5,1,0.5112918,1
5,1,0.5620767,1
5,1,0.63225067,1
5,1,0.5882285,1
5,1,0.59504277,1
5,1,0.5630298,1
5,1,0.55183244,1
5,1,0.5462861,1
5,1,0.5144461,1
5,1,0.52024734,1
5,1,0.5393511,1
5,1,0.5374785,1
5,1,0.5798554,1
5,1,0.64092964,1
5,1,0.60733235,1
5,1,0.61164147,1
5,1,0.6275166,1
5,1,0.6328496,1
5,1,0.6272277,1
5,1,0.63265634,1
5,1,0.6507486,1
5,1,0.6484967,1
5,1,0.63684016,1
5,1,0.65851635,1
5,1,0.6303751,1
5,1,0.5988981,1
5,1,0.64477783,1
5,1,0.6170804,1
5,1,0.61901665,1
5,1,0.6120134,1
5,1,0.6513777,1
5,1,0.6356974,1
5,1,0.6400104,1
5,1,0.6290231,1
5,1,0.67009306,1
5,1,0.64639264,1
5,1,0.6733052,1
5,1,0.67143136,1
5,1,0.6363027,1
5,1,0.6044967,1
5,1,0.61925524,1
5,1,0.62663066,1
5,1,0.627822,1
5,1,0.6276993,1
5,0,0.62675697,1
5,0,0.6368615,1
5,0,0.6212059,1
5,0,0.6088655,1
5,0,0.6126926,1
5,0,0.6174908,1
5,0,0.6256107,1
5,0,0.6153789,1
5,0,0.6368918,1
5,0,0.62430966,1
5,0,0.6124549,1
5,0,0.6147994,1
5,0,0.6292386,1
5,0,0.63992923,1
5,0,0.6529062,1
5,1,0.49588373,0
5,1,0.4815492,0
5,1,0.48319662,0
5,1,0.5011702,1
5,1,0.48809016,0
5,1,0.49263853,0
5,1,0.48565567,0
5,1,0.49910286,0
5,1,0.49804574,0
5,1,0.48871753,0
5,1,0.48156166,0
5,1,0.49263906,0
5,1,0.4982499,0
5,1,0.44117728,0
5,1,0.4450406,0
5,1,0.4405293,0
5,1,0.4260876,0
5,1,0.47825104,0
5,1,0.46954033,0
5,1,0.45062605,0
5,1,0.46605736,0
5,1,0.45119908,0
5,1,0.47328797,0
5,1,0.48984733,0
5,1,0.4518122,0
5,1,0.48191544,0
5,1,0.47966614,0
5,1,0.48802614,0
5,1,0.49138236,0
5,1,0.5004665,1
5,1,0.4939522,0
5,1,0.49256214,0
5,1,0.46933252,0
5,1,0.56667495,1
5,1,0.5880494,1
5,1,0.568573,1
5,1,0.572574,1
5,1,0.5597039,1
5,1,0.57582635,1
5,1,0.5837724,1
5,1,0.5951816,1
5,1,0.5921823,1
5,1,0.5805637,1
5,1,0.5828395,1
5,1,0.5674296,1
5,1,0.60006815,1
5,1,0.58754903,1
5,1,0.6027967,1
5,1,0.5990577,1
5,1,0.5906818,1
5,1,0.59757745,1
5,1,0.58495826,1
5,1,0.60884666,1
5,1,0.5981189,1
5,1,0.6113198,1
5,1,0.5855317,1
5,1,0.5829196,1
5,1,0.595581,1
5,1,0.6077332,1
5,1,0.5843372,1
5,1,0.58524376,1
5,1,0.5774321,1
5,1,0.56775993,1
5,1,0.5712559,1
5,1,0.56803477,1
5,1,0.5849445,1
5,1,0.60314244,1
5,1,0.59279174,1
5,1,0.5917428,1
5,1,0.58309656,1
5,1,0.588427,1
5,1,0.5719589,1
5,1,0.59076333,1
5,1,0.5885343,1
5,1,0.57081085,1
5,1,0.5776652,1
5,1,0.5698621,1
5,1,0.5688709,1
5,1,0.57563996,1
5,1,0.568311,1
5,1,0.56934243,1
5,1,0.5585315,1
5,1,0.56543326,1
5,1,0.5713741,1
5,1,0.5735075,1
5,1,0.57727945,1
5,1,0.6091046,1
5,1,0.5939016,1
5,1,0.59581345,1
5,1,0.6053057,1
5,1,0.62644887,1
5,1,0.6216667,1
5,1,0.58887976,1
5,1,0.6204251,1
5,1,0.6103634,1
5,1,0.62138486,1
5,1,0.61943054,1
5,1,0.6188426,1
5,1,0.6347884,1
5,1,0.6193069,1
5,1,0.6091595,1
5,0,0.54195255,1
5,0,0.5756472,1
5,0,0.5605526,1
5,0,0.5490245,1
5,0,0.5697212,1
5,0,0.5584554,1
5,0,0.5607183,1
5,0,0.550999,1
5,0,0.52181906,1
5,0,0.57041126,1
5,0,0.53966826,1
5,0,0.54875326,1
5,0,0.5678385,1
5,0,0.5503686,1
5,0,0.5165182,1
5,0,0.54945713,1
5,0,0.54480195,1
5,0,0.545082,1
5,0,0.5657804,1
5,0,0.5344873,1
5,0,0.52209234,1
5,0,0.53010046,1
5,0,0.529419,1
5,0,0.54925364,1
5,0,0.5193193,1
5,0,0.5448747,1
5,0,0.54231995,1
5,0,0.5382506,1
5,0,0.5475475,1
5,0,0.5247277,1
5,0,0.51079476,1
5,0,0.55306035,1
5,0,0.5556271,1
5,0,0.56382775,1
5,0,0.5378674,1
5,0,0.5531671,1
5,0,0.555061,1
5,0,0.5659033,1
5,0,0.51045305,1
5,0,0.5627722,1
5,0,0.5635383,1
5,0,0.5640777,1
5,0,0.5535552,1
5,0,0.52967244,1
5,0,0.58547163,1
5,0,0.5308624,1
5,0,0.554441,1
5,1,0.5839587,1
5,1,0.6091416,1
5,1,0.61392945,1
5,1,0.63246363,1
5,1,0.6207009,1
5,1,0.63480806,1
5,1,0.58885986,1
5,1,0.5811523,1
5,1,0.5789921,1
5,1,0.5743857,1
5,1,0.59078103,1
5,1,0.59088784,1
5,1,0.57288396,1
5,1,0.58424175,1
5,1,0.5881859,1
5,1,0.5984608,1
5,1,0.6128017,1
5,1,0.59223247,1
5,1,0.6103062,1
5,0,0.5161172,1
5,0,0.5363434,1
5,0,0.50119925,1
5,0,0.5252644,1
5,0,0.5287132,1
5,0,0.5155187,1
5,0,0.5446134,1
5,0,0.5536404,1
5,0,0.54376656,1
5,0,0.52459216,1
5,0,0.5322205,1
5,0,0.5360629,1
5,0,0.51513577,1
5,0,0.5158117,1
5,0,0.5266436,1
5,0,0.54926676,1
5,0,0.5539599,1
5,0,0.5502446,1
5,0,0.55151945,1
5,0,0.54525435,1
5,0,0.5319667,1
5,0,0.5331914,1
5,0,0.5330094,1
5,0,0.49298507,0
5,0,0.5655226,1
5,0,0.52710646,1
5,0,0.5275738,1
5,0,0.5516383,1
5,0,0.54640275,1
5,0,0.5107796,1
5,1,0.5886716,1
5,1,0.62970936,1
5,1,0.5519549,1
5,1,0.6462495,1
5,1,0.56070226,1
5,1,0.5993031,1
5,1,0.55059046,1
5,1,0.55417514,1
5,1,0.5542556,1
5,1,0.5771335,1
5,1,0.58888775,1
5,1,0.57662606,1
5,1,0.6029721,1
5,1,0.585184,1
5,1,0.57060695,1
5,1,0.6024873,1
5,1,0.5795465,1
5,1,0.58048564,1
5,1,0.5903429,1
5,1,0.6108112,1
5,1,0.6050973,1
5,1,0.5947918,1
5,1,0.5551349,1
5,1,0.6109594,1
5,1,0.55234456,1
5,1,0.60328966,1
5,1,0.55398965,1
5,1,0.55190754,1
5,1,0.56106704,1
5,1,0.52754045,1
5,1,0.56282437,1
5,0,0.6030179,1
5,0,0.65280896,1
5,0,0.58737534,1
5,0,0.6068569,1
5,0,0.58808887,1
5,0,0.5850135,1
5,0,0.5929445,1
5,0,0.55893356,1
5,0,0.5730783,1
5,0,0.57868356,1
5,0,0.5922118,1
5,0,0.55309355,1
5,0,0.54092985,1
5,0,0.5644806,1
5,0,0.56166726,1
5,0,0.5996974,1
5,0,0.5532883,1
5,0,0.5858304,1
5,0,0.58670384,1
5,0,0.5477809,1
5,0,0.5448013,1
5,0,0.5680278,1
5,0,0.64975184,1
5,0,0.56291485,1
5,0,0.5633995,1
5,0,0.6512888,1
5,0,0.59919757,1
5,0,0.60592616,1
5,0,0.5812313,1
5,0,0.5935654,1
5,0,0.6057769,1
5,0,0.6222258,1
5,0,0.5568792,1
5,0,0.61632836,1
5,0,0.58335894,1
5,0,0.55466396,1
5,0,0.56836283,1
5,0,0.5617058,1
5,0,0.5638624,1
5,0,0.5525572,1
5,0,0.5759022,1
5,0,0.5676757,1
5,0,0.5700896,1
5,0,0.5713061,1
5,0,0.60059917,1
5,0,0.6082609,1
5,0,0.6133147,1
5,0,0.57456535,1
5,0,0.5701983,1
5,1,0.49434224,0
5,1,0.52641696,1
5,1,0.60066503,1
5,1,0.54789144,1
5,1,0.52154285,1
5,1,0.5602828,1
5,1,0.55955404,1
5,1,0.5597021,1
5,1,0.55792767,1
5,1,0.54448706,1
5,1,0.5433398,1
5,1,0.5667413,1
5,1,0.5466957,1
5,1,0.54235554,1
5,1,0.5374791,1
5,1,0.54056716,1
5,1,0.57389355,1
5,1,0.5585019,1
5,1,0.5473191,1
5,1,0.56837004,1
5,1,0.55720824,1
5,1,0.55975586,1
5,1,0.5500654,1
5,0,0.48828095,0
5,0,0.48395082,0
5,0,0.48630702,0
5,0,0.4819985,0
5,0,0.5080889,1
5,0,0.51835155,1
5,0,0.49115527,0
5,0,0.47859383,0
5,0,0.4661298,0
5,0,0.4658141,0
5,0,0.49357662,0
5,0,0.48116726,0
5,0,0.47755224,0
5,0,0.48994306,0
5,0,0.4864806,0
5,0,0.50949264,1
5,0,0.5132802,1
5,0,0.48771113,0
5,0,0.4963799,0
5,0,0.5011722,1
5,0,0.48137715,0
5,0,0.5010019,1
5,0,0.5157581,1
5,0,0.4877149,0
5,0,0.4923231,0
5,0,0.49150765,0
5,0,0.51617736,1
5,0,0.5508128,1
5,0,0.5370546,1
5,0,0.56751865,1
5,1,0.5174777,1
5,1,0.521231,1
5,1,0.4659464,0
5,1,0.51034707,1
5,1,0.5242994,1
5,1,0.4705431,0
5,1,0.47884497,0
5,1,0.46095797,0
5,1,0.4722715,0
5,1,0.48094746,0
5,1,0.4720594,0
5,1,0.46243092,0
5,1,0.4477366,0
5,0,0.6097035,1
5,0,0.6261533,1
5,0,0.6266484,1
5,0,0.63216066,1
5,0,0.62456954,1
5,0,0.62047017,1
5,0,0.64718175,1
5,0,0.64040184,1
5,0,0.64185303,1
5,0,0.6310876,1
5,0,0.63628674,1
5,0,0.6548167,1
5,0,0.64814574,1
5,0,0.6455183,1
5,0,0.6468755,1
5,0,0.6589993,1
5,0,0.63482046,1
5,0,0.6191248,1
5,0,0.60089844,1
5,0,0.60728884,1
5,0,0.6407858,1
5,0,0.62276816,1
5,0,0.6338598,1
5,0,0.65085083,1
5,0,0.6381545,1
5,0,0.6340135,1
5,0,0.6360933,1
5,0,0.63103956,1
5,0,0.6494463,1
5,0,0.65683204,1
5,0,0.641689,1
5,0,0.642173,1
5,0,0.64757264,1
5,0,0.643225,1
5,0,0.6459182,1
5,0,0.6512952,1
5,0,0.65487057,1
5,0,0.64267075,1
5,0,0.6214341,1
5,0,0.61818516,1
5,0,0.6247381,1
5,0,0.60534495,1
5,0,0.59808344,1
5,0,0.6268132,1
5,0,0.62989634,1
5,0,0.60397303,1
5,0,0.6049038,1
5,0,0.614551,1
5,0,0.6369607,1
5,0,0.61419684,1
5,0,0.60888815,1
5,0,0.6135029,1
5,0,0.60306877,1
5,0,0.6178276,1
5,0,0.6173417,1
5,0,0.6113004,1
5,0,0.6190162,1
5,0,0.61532015,1
5,0,0.602809,1
5,0,0.6113499,1
5,0,0.5925812,1
5,0,0.60683554,1
5,0,0.6024784,1
5,0,0.62029195,1
5,0,0.5990668,1
5,0,0.5893132,1
5,0,0.6123316,1
5,0,0.59280187,1
5,0,0.6088494,1
5,0,0.61321974,1
5,0,0.63388133,1
5,0,0.61118454,1
5,0,0.6103589,1
5,0,0.62464756,1
5,0,0.60436624,1
5,0,0.6074275,1
5,0,0.6123411,1
5,0,0.6019219,1
5,0,0.597344,1
5,0,0.60251176,1
5,0,0.6174565,1
5,0,0.61419463,1
5,0,0.626527,1
5,0,0.6292942,1
5,0,0.6035574,1
5,0,0.59279186,1
5,0,0.5818266,1
5,0,0.60829747,1
5,0,0.6046721,1
5,0,0.6180352,1
5,0,0.6457929,1
5,0,0.63161576,1
5,0,0.62509334,1
5,0,0.63304514,1
5,0,0.6382568,1
5,0,0.6192422,1
5,0,0.58486575,1
5,0,0.5919032,1
5,0,0.6076226,1
5,0,0.59711295,1
5,0,0.6030496,1
5,0,0.6012815,1
5,0,0.61405927,1
5,0,0.6123146,1
5,0,0.62268585,1
5,0,0.62209827,1
5,0,0.6283634,1
5,0,0.6427353,1
5,0,0.64341736,1
5,0,0.61290514,1
5,0,0.6261611,1
5,0,0.6213781,1
5,0,0.6074429,1
5,0,0.5976071,1
5,0,0.6140936,1
5,0,0.61267835,1
5,0,0.6320617,1
5,0,0.61756474,1
5,1,0.5004736,1
5,1,0.54312646,1
5,1,0.4764396,0
5,1,0.5469021,1
5,1,0.48241284,0
5,1,0.5128178,1
5,1,0.48236305,0
5,1,0.45320556,0
5,1,0.48142812,0
5,1,0.5079187,1
5,1,0.49708647,0
5,1,0.5079941,1
5,1,0.50913197,1
5,1,0.49568462,0
5,1,0.4923361,0
5,1,0.48446125,0
5,1,0.49226534,0
5,1,0.5039341,1
5,1,0.4933496,0
5,1,0.4514622,0
5,1,0.5190306,1
5,1,0.4805978,0
5,1,0.40713066,0
5,1,0.40792108,0
5,1,0.4124967,0
5,1,0.4089604,0
5,1,0.4061812,0
5,1,0.40985805,0
5,1,0.40930018,0
5,1,0.40859687,0
5,1,0.41112223,0
5,1,0.41064665,0
5,1,0.410599,0
5,1,0.41057947,0
5,1,0.4062171,0
5,1,0.41047445,0
5,1,0.40560657,0
5,0,0.6421545,1
5,0,0.6700717,1
5,0,0.6599906,1
5,0,0.6887487,1
5,0,0.67824996,1
5,0,0.6765757,1
5,0,0.7101488,1
5,0,0.6618632,1
5,0,0.6829469,1
5,0,0.68369645,1
5,0,0.65211695,1
5,0,0.64568174,1
5,0,0.7073557,1
5,0,0.6952489,1
5,0,0.7077229,1
5,0,0.69031376,1
5,0,0.6993848,1
5,0,0.6829494,1
5,0,0.71074766,1
5,0,0.70143247,1
5,0,0.6913107,1
5,0,0.7099155,1
5,0,0.6786064,1
5,0,0.6563065,1
5,0,0.69270515,1
5,0,0.6654241,1
5,0,0.6859546,1
5,0,0.6783659,1
5,0,0.708531,1
5,0,0.6978235,1
5,0,0.69948024,1
5,0,0.68216956,1
5,0,0.6957299,1
5,0,0.6839539,1
5,0,0.6875394,1
5,0,0.6875392,1
5,0,0.70997816,1
5,0,0.69302595,1
5,0,0.69189215,1
5,0,0.7034287,1
5,0,0.68059146,1
5,0,0.6954939,1
5,0,0.6816566,1
5,0,0.685611,1
5,1,0.69321567,1
5,1,0.71211684,1
5,1,0.6906414,1
5,1,0.6792419,1
5,1,0.6820328,1
5,1,0.69247067,1
5,1,0.68496484,1
5,1,0.68578917,1
5,1,0.67508316,1
5,1,0.68023795,1
5,1,0.67562306,1
5,1,0.6766751,1
5,1,0.6885034,1
5,1,0.69052416,1
5,1,0.6931692,1
5,1,0.6897699,1
5,1,0.6669898,1
5,1,0.6924778,1
5,1,0.69145495,1
5,1,0.6789155,1
5,1,0.659581,1
5,1,0.6736853,1
5,1,0.6875704,1
5,1,0.67726845,1
5,1,0.6789176,1
5,1,0.68793064,1
5,1,0.6918234,1
5,1,0.6849629,1
5,1,0.69409627,1
5,1,0.71116024,1
5,1,0.54486215,1
5,1,0.5445545,1
5,1,0.54696655,1
5,1,0.5360872,1
5,1,0.5339836,1
5,1,0.48424894,0
5,1,0.50850844,1
5,1,0.46946573,0
5,1,0.49470168,0
5,1,0.48281756,0
5,1,0.48348862,0
5,1,0.45911163,0
5,1,0.51379037,1
5,1,0.4985212,0
5,1,0.4953097,0
5,1,0.52754146,1
5,1,0.51668847,1
5,1,0.4822417,0
5,1,0.479348,0
5,1,0.52003926,1
5,1,0.5201395,1
5,1,0.5188203,1
5,1,0.51847714,1
5,1,0.51788527,1
5,1,0.52539885,1
5,1,0.5314593,1
5,1,0.54846805,1
5,1,0.5509207,1
5,1,0.50694853,1
5,1,0.52103424,1
5,1,0.52464145,1
5,1,0.5269315,1
5,1,0.5174168,1
5,1,0.51852715,1
5,1,0.52294874,1
5,1,0.5399289,1
5,1,0.54039407,1
5,1,0.56520206,1
5,1,0.5639997,1
5,1,0.54493314,1
5,1,0.5285433,1
5,1,0.51466495,1
5,1,0.5126417,1
5,1,0.5242483,1
5,1,0.5241535,1
5,1,0.51118064,1
5,1,0.504792,1
5,1,0.52474767,1
5,1,0.52577364,1
5,1,0.5363369,1
5,1,0.5237146,1
5,1,0.5419183,1
5,1,0.5251202,1
5,1,0.5205315,1
5,1,0.5281165,1
5,1,0.53716624,1
5,1,0.53096,1
5,1,0.5371909,1
5,1,0.52801526,1
5,1,0.53743434,1
5,1,0.52430606,1
5,1,0.539672,1
5,1,0.53008837,1
5,1,0.5054617,1
5,1,0.5116755,1
5,1,0.530024,1
5,1,0.52473956,1
5,1,0.53023595,1
5,1,0.5355152,1
5,1,0.5385444,1
5,1,0.53511596,1
5,1,0.5263521,1
5,1,0.53374094,1
5,1,0.53607595,1
5,1,0.5392189,1
5,1,0.5556585,1
5,1,0.54385614,1
5,1,0.5450607,1
5,1,0.54143924,1
5,1,0.5589583,1
5,1,0.5473624,1
5,1,0.5450845,1
5,1,0.5450628,1
5,0,0.49460325,0
5,0,0.48867795,0
5,0,0.50949275,1
5,0,0.5132804,1
5,0,0.4877113,0
5,0,0.4963801,0
5,0,0.5011723,1
5,0,0.48137712,0
5,0,0.50100183,1
5,0,0.51575816,1
5,0,0.487715,0
5,0,0.49232325,0
5,0,0.49150768,0
5,0,0.5161774,1
5,0,0.5508128,1
5,0,0.70488,1
5,0,0.69991857,1
5,0,0.71967524,1
5,0,0.7051616,1
5,0,0.70319504,1
5,0,0.7055539,1
5,0,0.68148375,1
5,0,0.69333863,1
5,0,0.6905165,1
5,0,0.6791185,1
5,0,0.68811095,1
5,0,0.70038223,1
5,0,0.7113374,1
5,0,0.7072,1
5,0,0.71695334,1
5,0,0.66371137,1
5,0,0.66942483,1
5,0,0.67434543,1
5,0,0.66522443,1
5,0,0.6710002,1
5,0,0.66139114,1
5,0,0.68180543,1
5,0,0.67485154,1
5,0,0.68104714,1
5,0,0.67398155,1
5,0,0.68435067,1
5,0,0.67437667,1
5,0,0.66550565,1
5,0,0.6643967,1
5,0,0.64224267,1
5,0,0.67543256,1
5,0,0.67153484,1
5,0,0.6499516,1
5,0,0.6518106,1
5,0,0.6671454,1
5,0,0.6597346,1
5,0,0.6461103,1
5,0,0.6588218,1
5,0,0.6535735,1
5,0,0.6638131,1
5,0,0.6480723,1
5,0,0.6552446,1
5,0,0.6718752,1
5,0,0.67924774,1
5,0,0.65846765,1
5,0,0.6686763,1
5,0,0.67045,1
5,0,0.6509263,1
5,0,0.62622374,1
5,0,0.6586005,1
5,0,0.6479434,1
5,0,0.64886075,1
5,0,0.63929677,1
5,0,0.6448438,1
5,0,0.6542579,1
5,0,0.6707894,1
5,0,0.68115216,1
5,0,0.6896751,1
5,0,0.6726346,1
5,0,0.6734163,1
5,0,0.66150045,1
5,0,0.647469,1
5,0,0.6583233,1
5,0,0.6395683,1
5,0,0.65219784,1
5,0,0.667403,1
5,0,0.6779695,1
5,0,0.68278366,1
5,0,0.6915038,1
5,0,0.68225133,1
5,0,0.6756375,1
5,0,0.6741515,1
5,0,0.65998715,1
5,0,0.64759994,1
5,0,0.66442484,1
5,0,0.66138655,1
5,0,0.6499917,1
5,0,0.6573166,1
5,0,0.66318935,1
5,0,0.6575516,1
5,0,0.682255,1
5,0,0.677443,1
5,0,0.6821014,1
5,0,0.6844281,1
5,0,0.6889743,1
5,0,0.67022204,1
5,0,0.6830638,1
5,0,0.6806428,1
5,0,0.67509633,1
5,0,0.65618885,1
5,0,0.6809219,1
5,0,0.6753464,1
5,0,0.67903787,1
5,0,0.674807,1
5,0,0.67824125,1
5,0,0.68069226,1
5,0,0.6898209,1
5,0,0.67124975,1
5,0,0.67356735,1
5,0,0.65673167,1
5,0,0.66142726,1
5,0,0.68154913,1
5,0,0.6738256,1
5,0,0.67386675,1
5,0,0.68311894,1
5,0,0.68255466,1
5,0,0.6558603,1
5,0,0.65950716,1
5,0,0.6837142,1
5,0,0.6602411,1
5,0,0.6461634,1
5,0,0.67443967,1
5,0,0.6673828,1
5,0,0.67999256,1
5,0,0.6621651,1
5,0,0.67893916,1
5,0,0.6874333,1
5,0,0.70001584,1
5,0,0.69455975,1
5,0,0.70070505,1
5,0,0.7007584,1
5,0,0.69770825,1
5,0,0.7008996,1
5,0,0.6764215,1
5,0,0.69247574,1
5,0,0.6844074,1
5,0,0.68873364,1
5,0,0.68633044,1
5,0,0.6685638,1
5,1,0.6733723,1
5,1,0.66042876,1
5,1,0.6704643,1
5,1,0.670501,1
5,1,0.67987674,1
5,1,0.6747558,1
5,1,0.67276853,1
5,1,0.68445754,1
5,1,0.68422586,1
5,1,0.6920815,1
5,1,0.6883576,1
5,1,0.6767085,1
5,1,0.6810378,1
5,1,0.68280303,1
5,1,0.6986223,1
5,0,0.69067675,1
5,0,0.69768184,1
5,0,0.6871477,1
5,0,0.69709057,1
5,0,0.69780904,1
5,0,0.68718,1
5,0,0.6898323,1
5,0,0.6912826,1
5,0,0.687107,1
5,0,0.6830086,1
5,0,0.69546294,1
5,0,0.66648966,1
5,0,0.6563208,1
5,0,0.6730438,1
5,0,0.67639375,1
5,0,0.68218315,1
5,0,0.6834644,1
5,0,0.7025347,1
5,0,0.68312895,1
5,0,0.6886387,1
5,0,0.6798674,1
5,0,0.69274855,1
5,0,0.68931174,1
5,0,0.69200003,1
5,0,0.6928164,1
5,0,0.68722576,1
5,0,0.6847253,1
5,0,0.6718653,1
5,0,0.68431103,1
5,0,0.6882132,1
5,0,0.6810194,1
5,0,0.6851487,1
5,0,0.6862523,1
5,0,0.6970658,1
5,0,0.6935195,1
5,0,0.6871509,1
5,0,0.6838476,1
5,0,0.6909064,1
5,0,0.6957395,1
5,0,0.6811985,1
5,0,0.68722713,1
5,0,0.7138824,1
5,0,0.7110532,1
5,0,0.69630164,1
5,0,0.6869177,1
5,1,0.7087726,1
5,1,0.70891714,1
5,1,0.70218045,1
5,1,0.71199626,1
5,1,0.70899385,1
5,1,0.689054,1
5,1,0.71073747,1
5,1,0.7066177,1
5,1,0.6925303,1
5,1,0.6861349,1
5,1,0.6990038,1
5,1,0.6951227,1
5,1,0.6888656,1
5,1,0.70490277,1
5,1,0.6886042,1
5,1,0.68955755,1
5,1,0.6722384,1
5,1,0.68152404,1
5,0,0.68783087,1
5,0,0.6947303,1
5,0,0.70406085,1
5,0,0.6885132,1
5,0,0.6993723,1
5,0,0.5620356,1
5,0,0.5975712,1
5,0,0.55003166,1
5,0,0.56793594,1
5,0,0.5432299,1
5,0,0.5492677,1
5,0,0.6369313,1
5,0,0.5482655,1
5,0,0.6227086,1
5,0,0.5660833,1
5,0,0.58603156,1
5,0,0.5267549,1
5,0,0.5836828,1
5,0,0.5887436,1
5,0,0.59352475,1
5,0,0.5870239,1
5,1,0.545573,1
5,1,0.50836587,1
5,1,0.5365027,1
5,1,0.5483351,1
5,1,0.5603678,1
5,1,0.5558426,1
5,1,0.54641324,1
5,1,0.55180454,1
5,1,0.52106875,1
5,1,0.5305765,1
5,1,0.5325256,1
5,1,0.5261177,1
5,1,0.5770799,1
5,1,0.5413269,1
5,1,0.57412905,1
5,1,0.51761264,1
5,1,0.50005597,1
5,1,0.52479607,1
5,1,0.4724674,0
5,1,0.52232265,1
5,1,0.53365374,1
5,1,0.50154406,1
5,1,0.52060694,1
5,1,0.51640654,1
5,1,0.5354209,1
5,1,0.5327606,1
5,1,0.4649944,0
5,1,0.51679254,1
5,1,0.49707916,0
5,1,0.5002404,1
5,1,0.51594836,1
5,1,0.5126135,1
5,1,0.5356515,1
5,1,0.5045059,1
5,1,0.5285535,1
5,1,0.54540193,1
5,1,0.54140615,1
5,1,0.5511852,1
5,1,0.54531866,1
5,1,0.56340694,1
5,1,0.55983776,1
5,1,0.5963643,1
5,1,0.58788997,1
5,1,0.5826755,1
5,1,0.602419,1
5,1,0.62257427,1
5,1,0.61059755,1
5,1,0.61848885,1
5,1,0.5954548,1
5,1,0.6048248,1
5,1,0.621867,1
5,1,0.6133758,1
5,1,0.58547765,1
5,0,0.621073,1
5,0,0.6183621,1
5,0,0.6101041,1
5,0,0.61757314,1
5,0,0.63371974,1
5,1,0.60249907,1
5,1,0.60706556,1
5,1,0.6129257,1
5,1,0.6105321,1
5,1,0.6323008,1
5,1,0.6461536,1
5,1,0.626435,1
5,1,0.64544374,1
5,1,0.62573993,1
5,1,0.60952127,1
5,1,0.6091705,1
5,1,0.6315606,1
5,1,0.6444136,1
5,1,0.64022857,1
5,1,0.6345026,1
5,1,0.6506547,1
5,1,0.6246205,1
5,1,0.594773,1
5,1,0.62554145,1
5,1,0.6266575,1
5,1,0.62234306,1
5,1,0.63428634,1
5,1,0.63613725,1
5,1,0.6509866,1
5,1,0.62410206,1
5,0,0.6470399,1
5,0,0.6411008,1
5,0,0.6232794,1
5,0,0.63729185,1
5,0,0.61034346,1
5,0,0.58970326,1
5,0,0.6181641,1
5,0,0.6293391,1
5,0,0.6320977,1
5,0,0.62170917,1
5,0,0.61625856,1
5,0,0.61659616,1
5,0,0.6355767,1
5,0,0.64664537,1
5,0,0.65639544,1
5,0,0.6264312,1
5,0,0.63486844,1
5,0,0.6448323,1
5,0,0.6324786,1
5,0,0.640278,1
5,0,0.6382955,1
5,0,0.62023455,1
5,0,0.6491347,1
5,0,0.6384745,1
5,0,0.64426035,1
5,0,0.63152486,1
5,0,0.6544882,1
5,0,0.63498485,1
5,0,0.64592046,1
5,0,0.64298433,1
5,0,0.642827,1
5,0,0.6283941,1
5,0,0.6072228,1
5,0,0.62201965,1
5,0,0.6431288,1
5,0,0.6236558,1
5,0,0.617533,1
5,0,0.6462059,1
5,0,0.6428783,1
5,0,0.633147,1
5,0,0.62988997,1
5,0,0.6341158,1
5,0,0.6235705,1
5,0,0.6394361,1
5,0,0.6398589,1
5,0,0.6412738,1
5,0,0.6404763,1
5,0,0.62496513,1
5,0,0.63735384,1
5,0,0.6266901,1
5,0,0.60813844,1
5,0,0.60627264,1
5,0,0.6570208,1
5,0,0.6408423,1
5,0,0.6238772,1
5,0,0.62926185,1
5,0,0.61598915,1
5,0,0.61381966,1
5,0,0.61448133,1
5,0,0.62530065,1
5,1,0.62613404,1
5,1,0.64977133,1
5,1,0.6371707,1
5,1,0.6474214,1
5,1,0.61815596,1
5,1,0.61288714,1
5,1,0.6140003,1
5,1,0.63924026,1
5,1,0.62887114,1
5,1,0.6143438,1
5,0,0.6548477,1
5,0,0.63162243,1
5,0,0.63187414,1
5,0,0.6321959,1
5,0,0.63648695,1
5,0,0.630364,1
5,0,0.6234219,1
5,0,0.6210408,1
5,0,0.61037934,1
5,0,0.6138835,1
5,1,0.60437936,1
5,1,0.60368025,1
5,1,0.61938566,1
5,1,0.6063892,1
5,1,0.6390404,1
5,1,0.63021064,1
5,1,0.623381,1
5,1,0.593561,1
5,1,0.6007831,1
5,1,0.62287694,1
5,1,0.6232132,1
5,1,0.61472636,1
5,1,0.61049205,1
5,1,0.6575103,1
5,1,0.6339382,1
5,0,0.62902874,1
5,0,0.63225305,1
5,0,0.63879204,1
5,0,0.6234318,1
5,0,0.60486835,1
5,0,0.6265285,1
5,0,0.6246978,1
5,0,0.6176815,1
5,0,0.59396094,1
5,0,0.61686546,1
5,0,0.6013301,1
5,0,0.6062938,1
5,0,0.6165945,1
5,0,0.6078774,1
5,0,0.6119441,1
5,0,0.60125434,1
5,0,0.5940545,1
5,0,0.5719391,1
5,0,0.56222206,1
5,0,0.5948014,1
5,0,0.5923356,1
5,0,0.5741527,1
5,0,0.55178005,1
5,0,0.5845975,1
5,0,0.6005908,1
5,0,0.5832944,1
5,0,0.59523576,1
5,0,0.59699315,1
5,0,0.57732046,1
5,0,0.5785059,1
5,0,0.587837,1
5,0,0.5914599,1
5,0,0.6021125,1
5,0,0.5700556,1
5,0,0.57879275,1
5,0,0.6030429,1
5,0,0.6128222,1
5,0,0.6183931,1
5,0,0.6184687,1
5,0,0.61311954,1
5,0,0.6264247,1
5,0,0.6176649,1
5,0,0.6114597,1
5,0,0.6124212,1
5,0,0.6174144,1
5,1,0.6169656,1
5,1,0.59369224,1
5,1,0.6094337,1
5,1,0.6002684,1
5,1,0.5943437,1
5,1,0.60818964,1
5,1,0.6161434,1
5,1,0.58788806,1
5,1,0.5882021,1
5,1,0.6148932,1
5,0,0.60036504,1
5,0,0.60141796,1
5,0,0.59777117,1
5,0,0.62032247,1
5,0,0.597647,1
5,0,0.61116743,1
5,0,0.6044779,1
5,0,0.6095809,1
5,0,0.6229569,1
5,0,0.6048257,1
5,0,0.60737896,1
5,0,0.62847966,1
5,0,0.62377596,1
5,0,0.61640745,1
5,0,0.6221572,1
5,0,0.632004,1
5,0,0.629191,1
5,0,0.6052866,1
5,0,0.6006301,1
5,0,0.6139438,1
5,0,0.59355676,1
5,0,0.5806348,1
5,0,0.5968818,1
5,0,0.60700065,1
5,0,0.61434406,1
5,0,0.5990988,1
5,0,0.6276415,1
5,0,0.6175518,1
5,0,0.59481543,1
5,0,0.60871345,1
5,0,0.6271864,1
5,0,0.6176011,1
5,0,0.64562994,1
5,0,0.61515176,1
5,0,0.613907,1
5,0,0.6374664,1
5,0,0.6484836,1
5,0,0.63602495,1
5,0,0.64634997,1
5,0,0.65005344,1
5,1,0.4983969,0
5,1,0.47979558,0
5,1,0.48183507,0
5,1,0.47724944,0
5,1,0.4870225,0
5,1,0.45053408,0
5,1,0.48583084,0
5,1,0.48555258,0
5,1,0.47431463,0
5,1,0.4627242,0
5,1,0.45903364,0
5,1,0.46782237,0
5,1,0.4835401,0
5,1,0.5077168,1
5,1,0.4909585,0
5,1,0.47136453,0
5,1,0.53146315,1
5,1,0.5027117,1
5,1,0.47238815,0
5,1,0.4490464,0
5,1,0.47238144,0
5,1,0.4826982,0
5,1,0.48746228,0
5,1,0.5115234,1
5,1,0.497785,0
5,1,0.4883441,0
5,1,0.49278754,0
5,1,0.511468,1
5,1,0.5062455,1
5,1,0.49812827,0
5,1,0.4754334,0
5,1,0.57881284,1
5,1,0.55158466,1
5,1,0.50774616,1
5,1,0.58648026,1
5,1,0.5065653,1
5,1,0.5313447,1
5,1,0.5669881,1
5,1,0.58901674,1
5,1,0.5783933,1
5,1,0.5909398,1
5,1,0.57238346,1
5,1,0.5662938,1
5,1,0.5562648,1
5,1,0.5624015,1
5,1,0.52883977,1
5,1,0.521796,1
5,1,0.54636455,1
5,1,0.55896485,1
5,1,0.5763573,1
5,1,0.53717655,1
5,1,0.5549156,1
5,1,0.53633803,1
5,1,0.55324,1
5,1,0.5966389,1
5,1,0.5837055,1
5,1,0.5691011,1
5,1,0.57758576,1
5,1,0.55479205,1
5,1,0.542428,1
5,1,0.4754362,0
5,1,0.49828944,0
5,1,0.5695348,1
5,1,0.54217833,1
5,1,0.5402556,1
5,1,0.5603173,1
5,1,0.5655465,1
5,1,0.536441,1
5,1,0.5385416,1
5,1,0.5427445,1
5,1,0.5095751,1
5,1,0.5021404,1
5,1,0.5253858,1
5,1,0.56143355,1
5,1,0.51472455,1
5,1,0.5408703,1
5,1,0.49127167,0
5,1,0.47438985,0
5,1,0.52353805,1
5,1,0.48254484,0
5,1,0.5246637,1
5,1,0.50568706,1
5,1,0.46779966,0
5,1,0.5629374,1
5,1,0.5441852,1
5,1,0.53631234,1
5,1,0.51990014,1
5,1,0.57761997,1
5,1,0.62791127,1
5,1,0.57549727,1
5,1,0.51136553,1
5,1,0.52625394,1
5,1,0.52701205,1
5,1,0.50333464,1
5,1,0.5430946,1
5,1,0.50983304,1
5,1,0.5465529,1
5,1,0.5078559,1
5,1,0.5350078,1
5,1,0.5039025,1
5,1,0.5042605,1
5,1,0.5092323,1
5,1,0.528539,1
5,1,0.5615145,1
5,1,0.51906633,1
5,1,0.55232936,1
5,1,0.5806565,1
5,1,0.5324027,1
5,1,0.51592505,1
5,1,0.556117,1
5,1,0.5433227,1
5,1,0.5399944,1
5,1,0.5487416,1
5,1,0.5354516,1
5,1,0.5322592,1
5,1,0.58175457,1
5,1,0.5729675,1
5,1,0.57552123,1
5,1,0.56376386,1
5,1,0.542082,1
5,1,0.5273733,1
5,1,0.52783114,1
5,1,0.55337125,1
5,1,0.5809494,1
5,1,0.5568363,1
5,1,0.5666382,1
5,1,0.5690942,1
5,1,0.56550366,1
5,1,0.5628274,1
5,1,0.5124631,1
5,1,0.5511477,1
5,1,0.5182745,1
5,1,0.53376997,1
5,1,0.54122794,1
5,1,0.46753103,0
5,1,0.51080924,1
5,1,0.5241829,1
5,1,0.4704807,0
5,1,0.4795092,0
5,1,0.461696,0
5,1,0.4736106,0
5,1,0.4821996,0
5,1,0.47248888,0
5,1,0.46331576,0
5,1,0.44919562,0
5,1,0.44450027,0
5,1,0.4704247,0
5,1,0.4629931,0
5,1,0.41082534,0
5,1,0.43490496,0
5,1,0.44447964,0
5,1,0.41774398,0
5,1,0.43664142,0
5,1,0.4800529,0
5,1,0.45969492,0
5,1,0.45838585,0
5,1,0.44378975,0
5,1,0.44877556,0
5,1,0.44096032,0
5,1,0.47018453,0
5,1,0.42599535,0
5,1,0.4659036,0
5,1,0.44141454,0
5,1,0.4795938,0
5,1,0.45142174,0
5,1,0.44018498,0
5,1,0.45144084,0
5,1,0.4605796,0
5,1,0.42118156,0
5,1,0.41642258,0
5,1,0.43875077,0
5,1,0.4597351,0
5,1,0.43401277,0
5,1,0.4486454,0
5,1,0.43153366,0
5,1,0.43386778,0
5,1,0.44999933,0
5,1,0.45318106,0
5,1,0.45908785,0
5,1,0.45718712,0
5,1,0.4523661,0
5,1,0.4624745,0
5,1,0.41830644,0
5,1,0.46967897,0
5,1,0.49315044,0
5,1,0.44198504,0
5,1,0.4399655,0
5,1,0.45367205,0
5,1,0.4394076,0
5,1,0.4620362,0
5,1,0.4531789,0
5,1,0.46349692,0
5,1,0.46483412,0
5,1,0.46878108,0
5,1,0.43218836,0
5,1,0.46162438,0
5,1,0.44865942,0
5,1,0.44283783,0
5,1,0.43155158,0
5,1,0.4397366,0
5,1,0.42869186,0
5,1,0.4329238,0
5,1,0.45568848,0
5,1,0.46223807,0
5,1,0.4489519,0
5,1,0.43622434,0
5,1,0.4918753,0
5,1,0.47685805,0
5,1,0.45104167,0
5,1,0.4313948,0
5,1,0.44046384,0
5,1,0.42604128,0
5,1,0.4090027,0
5,1,0.42237446,0
5,1,0.42601696,0
5,1,0.43529984,0
5,1,0.44059002,0
5,1,0.4468339,0
5,1,0.43606585,0
5,1,0.45475137,0
5,1,0.44276032,0
5,1,0.46290776,0
5,1,0.557786,1
5,1,0.5597743,1
5,1,0.4945999,0
5,1,0.48101348,0
5,1,0.51544523,1
5,1,0.48770836,0
5,1,0.5406974,1
5,1,0.4697116,0
5,1,0.52497596,1
5,1,0.5313079,1
5,1,0.48846772,0
5,1,0.5173488,1
5,1,0.5051925,1
5,1,0.5033003,1
5,1,0.50652033,1
5,1,0.5315774,1
5,1,0.5571469,1
5,1,0.49772406,0
5,1,0.5489356,1
5,1,0.65384865,1
5,1,0.62059814,1
5,1,0.55051595,1
5,1,0.5392045,1
5,1,0.5502057,1
5,1,0.5484336,1
5,1,0.61469656,1
5,1,0.5730154,1
5,1,0.5981646,1
5,1,0.55987346,1
5,1,0.58375555,1
5,1,0.56645936,1
5,1,0.61229044,1
5,1,0.5594688,1
5,1,0.54892975,1
5,1,0.586337,1
5,1,0.6192465,1
5,1,0.59767205,1
5,1,0.5501385,1
5,1,0.53907406,1
5,1,0.60108036,1
5,1,0.53747374,1
5,1,0.53915954,1
5,1,0.71802557,1
5,1,0.6999832,1
5,1,0.71579015,1
5,1,0.6906961,1
5,1,0.691612,1
5,1,0.70042104,1
5,1,0.70705783,1
5,1,0.719168,1
5,1,0.51888174,1
5,1,0.5144342,1
5,1,0.52836293,1
5,1,0.524397,1
5,1,0.51466256,1
5,1,0.51606715,1
5,1,0.52168137,1
5,1,0.5434867,1
5,1,0.52359104,1
5,1,0.4941707,0
5,1,0.5057194,1
5,1,0.5006936,1
5,1,0.49953014,0
5,1,0.4961104,0
5,1,0.49516553,0
5,1,0.50631654,1
5,1,0.50739574,1
5,1,0.52188647,1
5,1,0.50958776,1
5,1,0.5144719,1
5,1,0.51717,1
5,1,0.49974808,0
5,1,0.515994,1
5,1,0.49486405,0
5,1,0.4941746,0
5,1,0.50223696,1
5,1,0.49877483,0
5,1,0.49326748,0
5,1,0.5000435,1
5,1,0.51193386,1
5,1,0.6192872,1
5,1,0.65626156,1
5,1,0.61427367,1
5,1,0.55202794,1
5,1,0.5610469,1
5,1,0.5421754,1
5,1,0.5387971,1
5,1,0.53755647,1
5,1,0.5544446,1
5,1,0.5515401,1
5,1,0.5371227,1
5,1,0.5231427,1
5,1,0.5471965,1
5,1,0.5475826,1
5,1,0.52973545,1
5,1,0.688793,1
5,1,0.678382,1
5,1,0.67493135,1
5,1,0.6673539,1
5,1,0.6816188,1
5,1,0.65520084,1
5,1,0.67452985,1
5,1,0.6676751,1
5,1,0.4962149,0
5,1,0.49686372,0
5,1,0.50689006,1
5,1,0.5104962,1
5,1,0.4975757,0
5,1,0.483346,0
5,1,0.5306686,1
5,1,0.50409776,1
5,1,0.5096709,1
5,1,0.48736936,0
5,1,0.4983372,0
5,1,0.5157491,1
5,1,0.51921487,1
5,1,0.49446294,0
5,1,0.5377234,1
5,1,0.51756746,1
5,1,0.5012241,1
5,1,0.5197517,1
5,1,0.53545177,1
5,1,0.58576083,1
5,1,0.5534778,1
5,1,0.51834565,1
5,1,0.5525573,1
5,1,0.5283813,1
5,1,0.52891654,1
5,1,0.507476,1
5,1,0.5405589,1
5,1,0.4733018,0
5,1,0.51632136,1
5,1,0.4951231,0
5,1,0.51109236,1
5,1,0.5289816,1
5,1,0.53148067,1
5,1,0.5092825,1
5,1,0.5486802,1
5,1,0.5454555,1
5,1,0.56914055,1
5,1,0.50525445,1
5,1,0.5443493,1
5,1,0.5561034,1
5,1,0.55034953,1
5,0,0.51207435,1
5,0,0.54056674,1
5,0,0.55470043,1
5,0,0.4984474,0
5,0,0.52269846,1
5,0,0.508389,1
5,0,0.51806235,1
5,0,0.5027893,1
5,0,0.711813,1
5,0,0.7242829,1
5,0,0.70834273,1
5,0,0.7126813,1
5,0,0.70180905,1
5,0,0.70889616,1
5,0,0.7047547,1
5,0,0.7364687,1
5,0,0.7188838,1
5,0,0.7145709,1
5,0,0.70577717,1
5,0,0.6957564,1
5,0,0.6982305,1
5,0,0.69684887,1
5,0,0.71301293,1
5,0,0.71143967,1
5,0,0.70247906,1
5,0,0.6956413,1
5,0,0.7087248,1
5,0,0.7000507,1
5,0,0.7015719,1
5,0,0.6898132,1
5,0,0.6894606,1
5,0,0.69313437,1
5,0,0.7028415,1
5,0,0.69045657,1
5,0,0.6900052,1
5,0,0.6895956,1
5,0,0.6906968,1
5,0,0.6811948,1
5,0,0.7031745,1
5,0,0.6938215,1
5,0,0.6975166,1
5,0,0.69504535,1
5,0,0.6929191,1
5,0,0.67767346,1
5,0,0.6822085,1
5,0,0.6872702,1
5,0,0.6783272,1
5,0,0.68310183,1
5,0,0.6747925,1
5,0,0.6989724,1
5,0,0.6901127,1
5,0,0.69224364,1
5,0,0.69336426,1
5,0,0.6998124,1
5,0,0.6863925,1
5,0,0.6797829,1
5,0,0.6811253,1
5,0,0.68544775,1
5,0,0.671854,1
5,0,0.6887022,1
5,0,0.69350594,1
5,0,0.6638274,1
5,0,0.6690361,1
5,0,0.6861336,1
5,0,0.6733724,1
5,0,0.6704543,1
5,0,0.67724234,1
5,0,0.6709083,1
5,0,0.68133605,1
5,0,0.66855997,1
5,0,0.67567116,1
5,0,0.68465966,1
5,0,0.68957543,1
5,0,0.6761634,1
5,0,0.68082094,1
5,0,0.6901146,1
5,0,0.67491275,1
5,0,0.6696093,1
5,0,0.68348837,1
5,0,0.6757901,1
5,0,0.6867372,1
5,0,0.6698685,1
5,0,0.6792162,1
5,0,0.67817223,1
5,0,0.6868243,1
5,0,0.70403755,1
5,0,0.7107171,1
5,0,0.6968406,1
5,0,0.6958922,1
5,0,0.6836956,1
5,0,0.6738293,1
5,0,0.6795962,1
5,0,0.6637936,1
5,0,0.6783769,1
5,0,0.69081223,1
5,0,0.70198625,1
5,0,0.70711976,1
5,0,0.7116796,1
5,0,0.7021072,1
5,0,0.70084226,1
5,0,0.70000315,1
5,0,0.68306285,1
5,0,0.67921555,1
5,0,0.6860013,1
5,0,0.68234307,1
5,0,0.6757972,1
5,0,0.68082166,1
5,0,0.6848663,1
5,0,0.6671277,1
5,0,0.7037823,1
5,1,0.70148003,1
5,1,0.70640457,1
5,1,0.70537096,1
5,1,0.71007794,1
5,1,0.70279425,1
5,1,0.69867724,1
5,1,0.7000044,1
5,1,0.6976896,1
5,1,0.6869514,1
5,1,0.70551807,1
5,1,0.70121074,1
5,1,0.7007983,1
5,1,0.6984543,1
5,1,0.7034084,1
5,1,0.7052058,1
5,1,0.70781064,1
5,1,0.69248235,1
5,1,0.6970709,1
5,0,0.6810763,1
5,0,0.692796,1
5,0,0.7009324,1
5,0,0.69964784,1
5,0,0.7014242,1
5,0,0.70656645,1
5,0,0.7039827,1
5,0,0.6905671,1
5,0,0.6797064,1
5,0,0.7022164,1
5,0,0.6865829,1
5,0,0.6726641,1
5,0,0.6882931,1
5,0,0.6887253,1
5,0,0.7015741,1
5,0,0.69616306,1
5,0,0.70110893,1
5,0,0.7121305,1
5,0,0.71491605,1
5,0,0.70776826,1
5,0,0.71235293,1
5,0,0.7091245,1
5,0,0.7082388,1
5,0,0.70771724,1
5,0,0.70037943,1
5,0,0.71180445,1
5,0,0.70749724,1
5,0,0.70816654,1
5,0,0.7089539,1
5,0,0.6940793,1
5,0,0.7014686,1
5,0,0.6995248,1
5,0,0.69830805,1
5,0,0.69693166,1
5,0,0.69937974,1
5,0,0.70430565,1
5,0,0.6962491,1
5,0,0.7059331,1
5,0,0.7027543,1
5,0,0.70533323,1
5,0,0.7053843,1
5,0,0.6875228,1
5,0,0.6904646,1
5,0,0.7002996,1
5,0,0.7148012,1
5,0,0.70541507,1
5,0,0.7064405,1
5,0,0.70017153,1
5,0,0.7082536,1
5,0,0.6966949,1
5,0,0.7017389,1
5,0,0.7047301,1
5,0,0.7008352,1
5,0,0.70189613,1
5,0,0.69669175,1
5,0,0.70702857,1
5,0,0.68768644,1
5,0,0.67653036,1
5,0,0.6948423,1
5,0,0.6947373,1
5,0,0.7014947,1
5,0,0.694868,1
5,0,0.7028166,1
5,0,0.6947876,1
5,0,0.7013884,1
5,0,0.70037544,1
5,0,0.7073374,1
5,0,0.713631,1
5,0,0.70239604,1
5,0,0.70138854,1
5,0,0.69973844,1
5,0,0.6912665,1
5,0,0.69547486,1
5,0,0.70372224,1
5,0,0.7184464,1
5,0,0.7106794,1
5,0,0.7067344,1
5,0,0.7215772,1
5,0,0.71466476,1
5,0,0.7120011,1
5,0,0.70939964,1
5,0,0.69667596,1
5,0,0.7042366,1
5,0,0.70211,1
5,0,0.7019957,1
5,0,0.7027592,1
5,0,0.7063306,1
5,0,0.71327144,1
5,0,0.7190941,1
5,0,0.71568274,1
5,0,0.72185117,1
5,0,0.73604554,1
5,0,0.7054277,1
5,0,0.72610444,1
5,0,0.7200045,1
5,0,0.7082839,1
5,0,0.7173458,1
5,0,0.7143877,1
5,0,0.70695645,1
5,0,0.7084692,1
5,0,0.7131946,1
5,0,0.7148983,1
5,0,0.7166426,1
5,0,0.72042215,1
5,0,0.7017322,1
5,1,0.72374606,1
5,1,0.70335597,1
5,1,0.69421166,1
5,1,0.70517355,1
5,1,0.70532465,1
5,1,0.702192,1
5,1,0.7077688,1
5,1,0.71894926,1
5,1,0.7142539,1
5,1,0.71622133,1
5,1,0.71307325,1
5,1,0.7097496,1
5,1,0.71579355,1
5,1,0.55046254,1
5,1,0.5713249,1
5,1,0.6059183,1
5,1,0.5540586,1
5,1,0.61595035,1
5,1,0.53894556,1
5,1,0.53502065,1
5,1,0.52829516,1
5,1,0.55682534,1
5,1,0.5704239,1
5,1,0.5746731,1
5,1,0.55898744,1
5,1,0.5530926,1
5,1,0.5465647,1
5,1,0.60649294,1
5,1,0.55842364,1
5,1,0.59938884,1
5,1,0.5775097,1
5,1,0.6053361,1
5,1,0.5834109,1
5,1,0.5853579,1
5,1,0.5976719,1
5,1,0.5370489,1
5,1,0.5501191,1
5,1,0.56889176,1
5,1,0.5515184,1
5,1,0.5564829,1
5,1,0.5270172,1
5,1,0.5295862,1
5,1,0.55187124,1
5,1,0.56978214,1
5,1,0.56551236,1
5,1,0.54155856,1
5,1,0.55820286,1
5,1,0.5400742,1
5,1,0.5470897,1
5,1,0.5568301,1
5,1,0.5571454,1
5,1,0.51945126,1
5,1,0.5136694,1
5,1,0.5170782,1
5,1,0.5056667,1
5,1,0.54153764,1
5,1,0.5196664,1
5,1,0.53759074,1
5,1,0.52629185,1
5,1,0.50753075,1
5,1,0.48024505,0
5,1,0.5023059,1
5,1,0.50531924,1
5,1,0.49374968,0
5,1,0.52429235,1
5,1,0.51589656,1
5,1,0.5203518,1
5,1,0.5179509,1
5,1,0.49156272,0
5,1,0.5146171,1
5,1,0.48748976,0
5,1,0.48542252,0
5,1,0.47992477,0
5,1,0.4688559,0
5,1,0.47613275,0
5,1,0.46461874,0
5,1,0.46858582,0
5,1,0.46682754,0
5,1,0.46346357,0
5,1,0.45663455,0
5,1,0.459228,0
5,1,0.45241323,0
5,1,0.45405316,0
5,1,0.4455376,0
5,1,0.45333436,0
5,1,0.43933803,0
5,1,0.60626864,1
5,1,0.5916267,1
5,1,0.5915783,1
5,1,0.6018733,1
5,1,0.5898233,1
5,1,0.5986187,1
5,1,0.6089191,1
5,1,0.62034786,1
5,1,0.5903851,1
5,1,0.5967123,1
5,1,0.60342664,1
5,1,0.61296934,1
5,1,0.6024031,1
5,1,0.6021061,1
5,1,0.59071803,1
5,1,0.5582151,1
5,1,0.5362344,1
5,1,0.5467244,1
5,1,0.53446573,1
5,1,0.5230161,1
5,1,0.49307632,0
5,1,0.48712084,0
5,1,0.53049034,1
5,1,0.53512496,1
5,0,0.54895854,1
5,0,0.49844003,0
5,0,0.50296474,1
5,0,0.50616455,1
5,0,0.5234817,1
5,0,0.4903029,0
5,0,0.46020696,0
5,0,0.4491413,0
5,0,0.47768104,0
5,0,0.44287324,0
5,0,0.47628784,0
5,0,0.47128278,0
5,0,0.44939873,0
5,0,0.48542395,0
5,0,0.46467102,0
5,0,0.48311064,0
5,0,0.44290772,0
5,0,0.46874198,0
5,0,0.4511599,0
5,0,0.48534882,0
5,0,0.45912686,0
5,0,0.47137278,0
5,0,0.45551342,0
5,0,0.4595282,0
5,0,0.47792765,0
5,0,0.4513601,0
5,0,0.49341,0
5,0,0.4411257,0
5,0,0.4758384,0
5,0,0.54543,1
5,0,0.50557274,1
5,0,0.47163633,0
5,0,0.45814657,0
5,0,0.43832612,0
5,0,0.47407484,0
5,0,0.46505356,0
5,0,0.4443791,0
5,0,0.49777845,0
5,0,0.50217515,1
5,0,0.4804114,0
5,0,0.4828676,0
5,0,0.48096383,0
5,0,0.46402004,0
5,0,0.47467294,0
5,0,0.44145218,0
5,0,0.44676197,0
5,0,0.45054314,0
5,0,0.4668822,0
5,0,0.44815046,0
5,0,0.42732868,0
5,0,0.4875222,0
5,0,0.4684754,0
5,0,0.49681762,0
5,0,0.45874557,0
5,0,0.46563575,0
5,0,0.4741895,0
5,0,0.4408834,0
5,0,0.46162847,0
5,0,0.45557868,0
5,0,0.4585879,0
5,0,0.48005334,0
5,0,0.48305932,0
5,0,0.48885706,0
5,0,0.48788592,0
5,0,0.4786368,0
5,0,0.46759802,0
5,0,0.48900378,0
5,0,0.5014157,1
5,0,0.47559127,0
5,0,0.48524153,0
5,0,0.4826433,0
5,0,0.5891367,1
5,0,0.53433233,1
5,0,0.49839827,0
5,0,0.5010945,1
5,0,0.47896487,0
5,0,0.4949751,0
5,0,0.4621247,0
5,0,0.47113612,0
5,0,0.47524858,0
5,0,0.48046356,0
5,0,0.46556076,0
5,0,0.48040894,0
5,0,0.4718905,0
5,0,0.469427,0
5,0,0.45245948,0
5,0,0.46324503,0
5,0,0.4525764,0
5,0,0.51913744,1
5,0,0.47675955,0
5,0,0.4938003,0
5,0,0.47631407,0
5,0,0.46252635,0
5,0,0.45813215,0
5,0,0.44707122,0
5,0,0.45268056,0
5,0,0.46352947,0
5,0,0.4812803,0
5,0,0.48084947,0
5,0,0.45189652,0
5,0,0.45829082,0
5,0,0.48192543,0
5,0,0.48910895,0
5,0,0.4759305,0
5,0,0.47149047,0
5,0,0.48111084,0
5,0,0.48466182,0
5,0,0.43562725,0
5,0,0.46087256,0
5,0,0.47420087,0
5,0,0.48203507,0
5,0,0.47788993,0
5,0,0.4488266,0
5,0,0.47496727,0
5,0,0.4910345,0
5,0,0.4819138,0
5,0,0.46996328,0
5,0,0.47868922,0
5,0,0.45113978,0
5,0,0.48912692,0
5,0,0.5105573,1
5,0,0.44777918,0
5,0,0.44610202,0
5,0,0.48740548,0
5,0,0.460705,0
5,0,0.4607787,0
5,0,0.46213305,0
5,0,0.44177064,0
5,0,0.45649013,0
5,0,0.4816431,0
5,0,0.45807144,0
5,0,0.47337258,0
5,1,0.4820345,0
5,1,0.4609933,0
5,1,0.53201425,1
5,1,0.4584235,0
5,1,0.45416543,0
5,1,0.43329287,0
5,1,0.49699095,0
5,1,0.51453424,1
5,1,0.49795422,0
5,1,0.4912504,0
5,1,0.52179486,1
5,0,0.49054173,0
5,0,0.47631,0
5,0,0.49625188,0
5,0,0.51525486,1
5,0,0.49238446,0
5,0,0.522287,1
5,0,0.51911527,1
5,0,0.5270976,1
5,0,0.54057413,1
5,0,0.5235285,1
5,0,0.5107827,1
5,0,0.50704163,1
5,0,0.5031129,1
5,0,0.4871338,0
5,1,0.4764956,0
5,1,0.52430516,1
5,1,0.5000356,1
5,1,0.4992783,0
5,1,0.4863836,0
5,1,0.55206525,1
5,1,0.5307651,1
5,1,0.5135028,1
5,1,0.54336447,1
5,1,0.5718027,1
5,1,0.5534669,1
5,1,0.59335977,1
5,1,0.49483272,0
5,1,0.53142095,1
5,1,0.5373836,1
5,1,0.5453641,1
5,1,0.5657384,1
5,1,0.5296526,1
5,1,0.525045,1
5,1,0.5410665,1
5,1,0.51710105,1
5,1,0.5804878,1
5,1,0.5354081,1
5,1,0.5419262,1
5,1,0.5302538,1
5,1,0.5326021,1
5,1,0.64192545,1
5,1,0.5277023,1
5,1,0.5101653,1
5,1,0.47020033,0
5,1,0.4933728,0
5,1,0.49006152,0
5,1,0.47615278,0
5,1,0.4562479,0
5,1,0.46948445,0
5,1,0.53838617,1
5,1,0.48524272,0
5,1,0.4843212,0
5,1,0.5792597,1
5,1,0.4860657,0
5,1,0.5237714,1
5,1,0.49589714,0
5,1,0.49450994,0
5,1,0.5299773,1
5,1,0.4645277,0
5,1,0.49715593,0
5,1,0.52113664,1
5,1,0.5220023,1
5,1,0.5218252,1
5,1,0.4434504,0
5,1,0.44408384,0
5,1,0.4450356,0
5,1,0.4224051,0
5,1,0.43179289,0
5,1,0.44055662,0
5,1,0.4383698,0
5,1,0.45172006,0
5,1,0.43780348,0
5,1,0.4484369,0
5,1,0.4322933,0
5,1,0.45053524,0
5,1,0.4394637,0
5,1,0.43923873,0
5,1,0.43818218,0
5,1,0.37510142,0
5,1,0.36481988,0
5,1,0.34315306,0
5,1,0.351984,0
5,1,0.37207618,0
5,1,0.34921223,0
5,1,0.33615965,0
5,1,0.34010783,0
5,1,0.338379,0
5,1,0.2933485,0
5,1,0.49358943,0
5,1,0.49508372,0
5,1,0.49549055,0
5,1,0.503196,1
5,1,0.48972675,0
5,1,0.5055291,1
5,1,0.49895316,0
5,1,0.51268154,1
5,1,0.5075535,1
5,1,0.5194297,1
5,1,0.5042563,1
5,1,0.4976385,0
5,1,0.49855155,0
5,1,0.491507,0
5,1,0.49996248,0
5,1,0.50014156,1
5,1,0.48905635,0
5,1,0.48618382,0
5,0,0.5340758,1
5,0,0.52331877,1
5,0,0.53881043,1
5,0,0.52356994,1
5,0,0.51966006,1
5,0,0.51290125,1
5,0,0.5284483,1
5,0,0.53762263,1
5,0,0.53802246,1
5,0,0.5377213,1
5,0,0.5376477,1
5,0,0.5324355,1
5,0,0.51388687,1
5,0,0.6445171,1
5,0,0.6412095,1
5,0,0.64421976,1
5,0,0.64997417,1
5,0,0.63188785,1
5,0,0.638958,1
5,0,0.64942807,1
5,0,0.64634204,1
5,0,0.6497856,1
5,0,0.64724857,1
5,0,0.6469123,1
5,0,0.6426116,1
5,0,0.63304365,1
5,0,0.6476882,1
5,0,0.64366907,1
5,0,0.63791174,1
5,0,0.6460453,1
5,0,0.6375126,1
5,0,0.6664362,1
5,0,0.6429672,1
5,0,0.6564604,1
5,0,0.63748544,1
5,0,0.6519221,1
5,0,0.64515877,1
5,0,0.6392689,1
5,0,0.6424944,1
5,0,0.6348686,1
5,0,0.6559326,1
5,0,0.64602005,1
5,0,0.64664406,1
