Fold,Label,Prob,Preds
1,1,0.56724787,1
1,1,0.52489525,1
1,1,0.5414942,1
1,1,0.6097087,1
1,1,0.67652935,1
1,1,0.7057659,1
1,1,0.53690916,1
1,1,0.5760526,1
1,1,0.66411215,1
1,1,0.59024674,1
1,1,0.5894303,1
1,1,0.6909744,1
1,1,0.67664385,1
1,1,0.6049212,1
1,1,0.5928329,1
1,1,0.56737363,1
1,1,0.7210689,1
1,1,0.7448471,1
1,1,0.8156461,1
1,1,0.8318114,1
1,1,0.7521625,1
1,1,0.6463899,1
1,1,0.6303436,1
1,1,0.69293153,1
1,1,0.6556381,1
1,1,0.77588916,1
1,1,0.7936547,1
1,1,0.81024057,1
1,1,0.88750863,1
1,1,0.7143736,1
1,1,0.8745041,1
1,1,0.70903647,1
1,1,0.7270707,1
1,1,0.83736026,1
1,1,0.70977056,1
1,1,0.78983235,1
1,1,0.34745842,0
1,1,0.5753056,1
1,1,0.49928793,0
1,1,0.5086674,1
1,1,0.4737717,0
1,1,0.62554103,1
1,1,0.73276573,1
1,1,0.77811056,1
1,1,0.76366657,1
1,1,0.6448264,1
1,1,0.6741567,1
1,1,0.6152355,1
1,1,0.42089736,0
1,1,0.64123255,1
1,1,0.53077817,1
1,1,0.5546639,1
1,0,0.7647029,1
1,0,0.56725645,1
1,0,0.59356785,1
1,0,0.69984543,1
1,0,0.7383945,1
1,0,0.64365613,1
1,0,0.68260545,1
1,0,0.729995,1
1,0,0.70107865,1
1,0,0.6088562,1
1,0,0.69355106,1
1,0,0.71943444,1
1,1,0.7531827,1
1,1,0.7046272,1
1,1,0.72972727,1
1,1,0.6024583,1
1,1,0.6904948,1
1,1,0.64622986,1
1,1,0.5487698,1
1,1,0.51117533,1
1,1,0.6872732,1
1,1,0.6684178,1
1,1,0.7601854,1
1,1,0.6953148,1
1,1,0.77582264,1
1,1,0.67226195,1
1,1,0.77966666,1
1,1,0.79299253,1
1,1,0.861184,1
1,1,0.78610414,1
1,1,0.78540486,1
1,1,0.7466344,1
1,1,0.746993,1
1,0,0.7443319,1
1,0,0.6929226,1
1,0,0.72496367,1
1,0,0.7945377,1
1,0,0.72787386,1
1,0,0.70862585,1
1,0,0.7545224,1
1,0,0.78599143,1
1,0,0.7932172,1
1,0,0.8459258,1
1,0,0.8373968,1
1,1,0.73653483,1
1,1,0.87041664,1
1,1,0.7575096,1
1,1,0.83782196,1
1,1,0.85351187,1
1,0,0.82273024,1
1,0,0.78251517,1
1,0,0.8752024,1
1,0,0.80426913,1
1,0,0.64442563,1
1,0,0.8488727,1
1,0,0.82629794,1
1,0,0.8314824,1
1,0,0.74278206,1
1,0,0.8365758,1
1,0,0.88631535,1
1,0,0.78671694,1
1,0,0.8045295,1
1,0,0.85969126,1
1,0,0.8537562,1
1,0,0.75706273,1
1,0,0.7817656,1
1,0,0.5085739,1
1,0,0.5765299,1
1,0,0.59298694,1
1,0,0.58258814,1
1,0,0.660659,1
1,0,0.45200974,0
1,1,0.7067905,1
1,1,0.5075602,1
1,1,0.66732633,1
1,1,0.8050572,1
1,1,0.7128839,1
1,1,0.85948837,1
1,1,0.86352223,1
1,1,0.8455618,1
1,1,0.81355083,1
1,0,0.68740195,1
1,0,0.78251237,1
1,0,0.8589128,1
1,0,0.8162689,1
1,0,0.7427253,1
1,0,0.74917525,1
1,0,0.79986936,1
1,0,0.50299186,1
1,0,0.6837435,1
1,0,0.67241967,1
1,0,0.66486096,1
1,0,0.7112334,1
1,0,0.75305396,1
1,0,0.6099902,1
1,0,0.73673606,1
1,0,0.62215555,1
1,0,0.62369716,1
1,0,0.75026137,1
1,0,0.69937205,1
1,0,0.8030438,1
1,0,0.7732462,1
1,0,0.764245,1
1,0,0.6913068,1
1,0,0.84702474,1
1,0,0.81327,1
1,0,0.8730783,1
1,0,0.8694149,1
1,0,0.87702066,1
1,0,0.79033965,1
1,0,0.820624,1
1,0,0.7785936,1
1,0,0.74840087,1
1,0,0.85895306,1
1,0,0.9066046,1
1,0,0.8932658,1
1,0,0.8604574,1
1,0,0.7819553,1
1,0,0.754168,1
1,1,0.7086844,1
1,1,0.79710436,1
1,1,0.6838262,1
1,1,0.62412614,1
1,1,0.70051587,1
1,1,0.58841723,1
1,1,0.6240832,1
1,1,0.6690209,1
1,1,0.625571,1
1,0,0.6292777,1
1,0,0.4788409,0
1,0,0.6084412,1
1,0,0.48433644,0
1,0,0.58591634,1
1,0,0.66067344,1
1,0,0.69779265,1
1,0,0.72223127,1
1,0,0.743909,1
1,0,0.7613615,1
1,0,0.7457901,1
1,0,0.74350464,1
1,0,0.7219968,1
1,0,0.77078515,1
1,0,0.6346249,1
1,0,0.75743705,1
1,0,0.54669917,1
1,0,0.70523244,1
1,0,0.6859869,1
1,0,0.69485813,1
1,0,0.8665526,1
1,0,0.86323464,1
1,0,0.89312416,1
1,0,0.79160583,1
1,0,0.8167356,1
1,0,0.7825802,1
1,0,0.6764461,1
1,1,0.7773623,1
1,1,0.7540786,1
1,1,0.81780356,1
1,1,0.78835523,1
1,1,0.8564012,1
1,1,0.80661863,1
1,1,0.74757993,1
1,1,0.84939104,1
1,1,0.73789454,1
1,0,0.68910635,1
1,0,0.8231729,1
1,0,0.59863716,1
1,0,0.8275363,1
1,0,0.6861865,1
1,0,0.80264956,1
1,0,0.73080325,1
1,1,0.80174637,1
1,1,0.8366977,1
1,1,0.8129736,1
1,1,0.552598,1
1,1,0.73675174,1
1,1,0.71138746,1
1,1,0.79079074,1
1,1,0.79358786,1
1,1,0.7923781,1
1,1,0.7754753,1
1,1,0.62947726,1
1,1,0.70089394,1
1,1,0.80901814,1
1,1,0.8183999,1
1,1,0.8425224,1
1,1,0.83766586,1
1,1,0.85077196,1
1,1,0.8343123,1
1,1,0.8950871,1
1,1,0.78227854,1
1,1,0.7529654,1
1,0,0.6110062,1
1,0,0.64699703,1
1,0,0.59937423,1
1,0,0.69789076,1
1,0,0.658648,1
1,0,0.65878516,1
1,0,0.66461605,1
1,0,0.62568533,1
1,0,0.808365,1
1,0,0.6675461,1
1,0,0.7928927,1
1,0,0.7545267,1
1,0,0.62068623,1
1,0,0.834719,1
1,0,0.82828563,1
1,1,0.859597,1
1,1,0.8278376,1
1,1,0.75361115,1
1,1,0.65576804,1
1,1,0.5716803,1
1,1,0.65292794,1
1,1,0.56783813,1
1,1,0.74190027,1
1,1,0.80429184,1
1,1,0.7610362,1
1,1,0.90475386,1
1,1,0.6665074,1
1,1,0.73962444,1
1,1,0.5200365,1
1,1,0.7581165,1
1,1,0.86624753,1
1,1,0.9105848,1
1,0,0.8784868,1
1,0,0.7567178,1
1,0,0.8705139,1
1,0,0.7540883,1
1,0,0.7894553,1
1,0,0.85136,1
1,0,0.7474866,1
1,0,0.8853437,1
1,0,0.62995464,1
1,0,0.8682057,1
1,0,0.7646387,1
1,1,0.68485475,1
1,1,0.8042646,1
1,1,0.89073735,1
1,1,0.85259354,1
1,1,0.7968487,1
1,1,0.8903712,1
1,1,0.856452,1
1,1,0.78448135,1
1,1,0.8099143,1
1,1,0.8168288,1
1,1,0.796423,1
1,1,0.89305264,1
1,1,0.8564696,1
1,1,0.6759367,1
1,1,0.81562984,1
1,1,0.7801642,1
1,1,0.7854955,1
1,1,0.8588341,1
1,1,0.7546671,1
1,1,0.87812126,1
1,1,0.8952052,1
1,1,0.84505975,1
1,1,0.7350647,1
1,1,0.75728256,1
1,1,0.8391836,1
1,1,0.6396451,1
1,1,0.74584746,1
1,1,0.77809364,1
1,1,0.84650886,1
1,1,0.81717193,1
1,1,0.87547016,1
1,1,0.84982586,1
1,1,0.809088,1
1,1,0.7145759,1
1,1,0.79775804,1
1,1,0.8564702,1
1,1,0.7686069,1
1,1,0.78196687,1
1,1,0.80925167,1
1,1,0.89063096,1
1,1,0.85616106,1
1,1,0.89512944,1
1,1,0.85544324,1
1,1,0.81152356,1
1,1,0.8386607,1
1,1,0.82845926,1
1,1,0.7855779,1
1,1,0.8503142,1
1,1,0.8369945,1
1,1,0.88819665,1
1,1,0.8732163,1
1,1,0.84733593,1
1,1,0.8208543,1
1,1,0.7781683,1
1,0,0.8332035,1
1,0,0.80404687,1
1,0,0.82764226,1
1,0,0.8708879,1
1,0,0.6519038,1
1,0,0.70152164,1
1,0,0.7451738,1
1,0,0.6963122,1
1,0,0.712866,1
1,0,0.7327023,1
1,0,0.75453174,1
1,0,0.8086704,1
1,0,0.81230366,1
1,0,0.74784535,1
1,0,0.7069629,1
1,0,0.7641347,1
1,0,0.8546506,1
1,0,0.81278396,1
1,0,0.7288056,1
1,0,0.86941624,1
1,0,0.66495574,1
1,0,0.83194226,1
1,0,0.72959465,1
1,0,0.68182915,1
1,0,0.6777629,1
1,0,0.5099159,1
1,0,0.56518304,1
1,0,0.55433536,1
1,0,0.46937805,0
1,0,0.693259,1
1,0,0.69813854,1
1,1,0.5911558,1
1,1,0.7083382,1
1,1,0.71384144,1
1,1,0.8730826,1
1,1,0.6722799,1
1,1,0.867147,1
1,1,0.8563738,1
1,1,0.8320195,1
1,1,0.66110927,1
1,1,0.7750068,1
1,1,0.67312354,1
1,1,0.56757766,1
1,0,0.64576495,1
1,0,0.6765052,1
1,0,0.66091865,1
1,0,0.5938215,1
1,0,0.69750214,1
1,0,0.78052056,1
1,0,0.6223862,1
1,0,0.4267779,0
1,0,0.5085815,1
1,0,0.36600888,0
1,0,0.39060637,0
1,0,0.5372106,1
1,1,0.44695887,0
1,1,0.54170185,1
1,1,0.81628966,1
1,1,0.78755903,1
1,1,0.7736812,1
1,0,0.62112975,1
1,0,0.56870663,1
1,0,0.3097185,0
1,0,0.69229996,1
1,0,0.57519245,1
1,0,0.7596063,1
1,0,0.7929525,1
1,0,0.8222371,1
1,0,0.89806,1
1,0,0.8248333,1
1,0,0.83242714,1
1,0,0.771725,1
1,0,0.6572468,1
1,0,0.6410891,1
1,0,0.62822604,1
1,0,0.6401699,1
1,0,0.65624315,1
1,0,0.76120967,1
1,0,0.74425393,1
1,0,0.8630708,1
1,0,0.8785266,1
1,0,0.69250554,1
1,0,0.7851119,1
1,0,0.70725435,1
1,0,0.6789103,1
1,0,0.7421039,1
1,0,0.68802476,1
1,0,0.72068065,1
1,0,0.45697144,0
1,0,0.4182331,0
1,0,0.44872433,0
1,0,0.2643662,0
1,0,0.3599407,0
1,0,0.32104796,0
1,0,0.54916215,1
1,0,0.5558804,1
1,0,0.54628736,1
1,0,0.71651566,1
1,0,0.7634727,1
1,0,0.77449733,1
1,0,0.8310322,1
1,0,0.8305826,1
1,0,0.7561724,1
1,0,0.77013963,1
1,0,0.7866345,1
1,0,0.8776719,1
1,0,0.79707617,1
1,0,0.86174566,1
1,0,0.6419762,1
1,0,0.55521536,1
1,0,0.6868423,1
1,0,0.6244052,1
1,0,0.74861705,1
1,0,0.68326604,1
1,0,0.8100723,1
1,0,0.6171372,1
1,0,0.776218,1
1,0,0.7675969,1
1,0,0.69049966,1
1,0,0.7197725,1
1,0,0.8524735,1
1,0,0.8182995,1
1,0,0.8782815,1
1,0,0.73948616,1
1,0,0.8338933,1
1,0,0.8407401,1
1,0,0.8706299,1
1,0,0.7435365,1
1,0,0.8160713,1
1,0,0.8273597,1
1,0,0.84788465,1
1,0,0.8764917,1
1,0,0.8342546,1
1,0,0.8418654,1
1,0,0.85893697,1
1,0,0.9029058,1
1,0,0.84199435,1
1,0,0.802717,1
1,0,0.7028689,1
1,0,0.8407568,1
1,0,0.75592095,1
1,0,0.6947424,1
1,0,0.6562916,1
1,0,0.82939345,1
1,0,0.7905005,1
1,0,0.59819347,1
1,0,0.6323618,1
1,0,0.6534936,1
1,0,0.51386994,1
1,0,0.65540904,1
1,0,0.56590575,1
1,0,0.56571776,1
1,0,0.70571744,1
1,0,0.7023474,1
1,0,0.7566858,1
1,0,0.8941896,1
1,0,0.8285027,1
1,0,0.76632196,1
1,0,0.80701077,1
1,0,0.6243395,1
1,0,0.7662145,1
1,0,0.7251295,1
1,0,0.7508413,1
1,0,0.73807687,1
1,0,0.83566654,1
1,0,0.85159874,1
1,0,0.8904171,1
1,0,0.8677189,1
1,0,0.8405412,1
1,0,0.8017773,1
1,0,0.82862526,1
1,0,0.8850906,1
1,0,0.8065223,1
1,0,0.8117439,1
1,0,0.878823,1
1,0,0.8699842,1
1,0,0.827415,1
1,0,0.8749772,1
1,0,0.8024627,1
1,0,0.8614086,1
1,0,0.818845,1
1,0,0.836021,1
1,0,0.8427786,1
1,0,0.8470387,1
1,0,0.89112,1
1,0,0.8028215,1
1,0,0.8447885,1
1,0,0.92265576,1
1,0,0.824493,1
1,0,0.87830055,1
1,0,0.83971566,1
1,0,0.7694513,1
1,0,0.7952876,1
1,0,0.7904221,1
1,0,0.87897426,1
1,0,0.7984056,1
1,0,0.8056081,1
1,0,0.82645774,1
1,0,0.8415062,1
1,0,0.8719645,1
1,0,0.8835925,1
1,0,0.8903002,1
1,0,0.872416,1
1,0,0.87777257,1
1,0,0.852577,1
1,0,0.8489729,1
1,0,0.7481387,1
1,0,0.88470525,1
1,0,0.89494723,1
1,0,0.9672436,1
1,0,0.8367017,1
1,0,0.87863547,1
1,0,0.7830467,1
1,0,0.87493736,1
1,0,0.86745536,1
1,0,0.9402101,1
1,0,0.86027175,1
1,0,0.7850901,1
1,0,0.9103955,1
1,0,0.7944103,1
1,0,0.78768605,1
1,0,0.73585653,1
1,0,0.8716792,1
1,0,0.8667742,1
1,0,0.8874752,1
1,0,0.86741674,1
1,0,0.9357708,1
1,0,0.8664275,1
1,0,0.8731555,1
1,0,0.8684602,1
1,0,0.89095473,1
1,0,0.8680205,1
1,0,0.9217522,1
1,0,0.880933,1
1,0,0.9237465,1
1,0,0.90012676,1
1,0,0.7658938,1
1,0,0.9081523,1
1,0,0.80186796,1
1,0,0.8599315,1
1,0,0.77736,1
1,0,0.8265062,1
1,0,0.91028976,1
1,0,0.83231086,1
1,0,0.6569023,1
1,0,0.8723278,1
1,0,0.799916,1
1,0,0.83477527,1
1,0,0.8187639,1
1,0,0.9208236,1
1,0,0.834655,1
1,0,0.9307717,1
1,0,0.8313956,1
1,0,0.9065765,1
1,0,0.7985686,1
1,0,0.76459885,1
1,0,0.8803247,1
1,0,0.92146677,1
1,0,0.8867396,1
1,0,0.7202282,1
1,0,0.8639739,1
1,0,0.7622969,1
1,0,0.80395305,1
1,0,0.84621406,1
1,0,0.878595,1
1,0,0.86044055,1
1,0,0.8153877,1
1,0,0.8226336,1
1,0,0.85113275,1
1,0,0.84121656,1
1,1,0.47148034,0
1,1,0.3578105,0
1,1,0.4506556,0
1,1,0.5511991,1
1,1,0.5519628,1
1,1,0.4956398,0
1,1,0.3192693,0
1,1,0.47183186,0
1,1,0.48783615,0
1,1,0.47023946,0
1,1,0.53580236,1
1,1,0.45500374,0
1,1,0.5603894,1
1,1,0.5256832,1
1,1,0.5132655,1
1,1,0.6553381,1
1,1,0.5133056,1
1,1,0.41767344,0
1,1,0.41771087,0
1,1,0.8765944,1
1,1,0.8373452,1
1,1,0.66520345,1
1,1,0.8755577,1
1,1,0.7975055,1
1,1,0.7453302,1
1,1,0.8078581,1
1,1,0.76690334,1
1,1,0.65486956,1
1,1,0.78955066,1
1,1,0.88807845,1
1,1,0.94208837,1
1,1,0.79317605,1
1,1,0.8735369,1
1,1,0.94379216,1
1,1,0.777107,1
1,1,0.88739866,1
1,1,0.87379897,1
1,1,0.9196987,1
1,1,0.94073814,1
1,1,0.95839095,1
1,1,0.9551853,1
1,1,0.9292454,1
1,1,0.92271453,1
1,1,0.8928032,1
1,1,0.91659564,1
1,1,0.94034445,1
1,1,0.89534587,1
1,1,0.9364971,1
1,1,0.8241509,1
1,1,0.81294477,1
1,1,0.84351677,1
1,1,0.45199978,0
1,1,0.5488843,1
1,1,0.51272196,1
1,1,0.5171696,1
1,1,0.54795253,1
1,1,0.3803621,0
1,1,0.41397512,0
1,1,0.35708147,0
1,1,0.30802783,0
1,1,0.26751062,0
1,1,0.13092633,0
1,1,0.16559123,0
1,1,0.28588843,0
1,1,0.23302145,0
1,1,0.2075541,0
1,1,0.5809664,1
1,1,0.44577226,0
1,1,0.3525383,0
1,1,0.31085798,0
1,1,0.5448361,1
1,1,0.2028291,0
1,1,0.08882304,0
1,1,0.17215794,0
1,1,0.19128016,0
1,1,0.2341655,0
1,1,0.35741055,0
1,1,0.34559584,0
1,1,0.25923318,0
1,1,0.2003581,0
1,1,0.23362957,0
1,1,0.1489749,0
1,1,0.31238842,0
1,1,0.15264179,0
1,1,0.31807154,0
1,1,0.3304056,0
1,1,0.7054538,1
1,1,0.57186353,1
1,1,0.45657316,0
1,1,0.4341032,0
1,1,0.2224012,0
1,1,0.48149797,0
1,1,0.46678406,0
1,1,0.4759546,0
1,1,0.36619335,0
1,1,0.5792475,1
1,1,0.41440517,0
1,1,0.4513667,0
1,1,0.66727495,1
1,1,0.46816206,0
1,1,0.492025,0
1,1,0.7698184,1
1,1,0.7667947,1
1,1,0.6188102,1
1,1,0.7555695,1
1,1,0.7755719,1
1,1,0.93479526,1
1,1,0.8772282,1
1,1,0.75937593,1
1,1,0.66692823,1
1,1,0.735099,1
1,1,0.36018896,0
1,1,0.6892581,1
1,1,0.26635915,0
1,1,0.2035231,0
1,1,0.3993521,0
1,1,0.39624104,0
1,1,0.37225842,0
1,1,0.41276276,0
1,1,0.31101713,0
1,1,0.4419389,0
1,1,0.47856045,0
1,1,0.59813136,1
1,1,0.13141166,0
1,1,0.3093106,0
1,1,0.2442365,0
1,1,0.22960417,0
1,1,0.4106138,0
1,1,0.2951315,0
1,1,0.22038077,0
1,1,0.27737218,0
1,1,0.1674924,0
1,1,0.2997947,0
1,1,0.40802136,0
1,1,0.4630643,0
1,1,0.4662472,0
1,1,0.5209072,1
1,1,0.4053396,0
1,1,0.5983437,1
1,1,0.38842365,0
1,1,0.31138137,0
1,1,0.36101037,0
1,1,0.43702918,0
1,1,0.2671706,0
1,1,0.24578989,0
1,1,0.32779852,0
1,1,0.319496,0
1,1,0.506456,1
1,1,0.45770043,0
1,1,0.5361393,1
1,1,0.42779994,0
1,1,0.5527508,1
1,1,0.47692472,0
1,1,0.61605066,1
1,1,0.64937824,1
1,1,0.48894066,0
1,1,0.53460383,1
1,1,0.5457301,1
1,1,0.4737369,0
1,0,0.3780839,0
1,0,0.3646191,0
1,0,0.35267478,0
1,0,0.30561835,0
1,0,0.12679254,0
1,0,0.26314935,0
1,0,0.24891017,0
1,0,0.22434175,0
1,0,0.18523067,0
1,0,0.17506127,0
1,0,0.22229698,0
1,0,0.27002066,0
1,0,0.1276531,0
1,0,0.13584103,0
1,0,0.291858,0
1,0,0.5667344,1
1,0,0.45114902,0
1,0,0.42663696,0
1,0,0.51598996,1
1,0,0.41143045,0
1,0,0.29969844,0
1,0,0.31613177,0
1,0,0.36688885,0
1,0,0.22613256,0
1,0,0.38703188,0
1,0,0.35211822,0
1,0,0.38053718,0
1,0,0.22417185,0
1,0,0.2345481,0
1,0,0.35516548,0
1,0,0.32042453,0
1,0,0.2842566,0
1,0,0.30669576,0
1,0,0.28048977,0
1,0,0.2975034,0
1,0,0.26355454,0
1,0,0.29819852,0
1,0,0.26011124,0
1,0,0.26273954,0
1,0,0.2569504,0
1,0,0.26121843,0
1,0,0.28841794,0
1,0,0.4078368,0
1,0,0.36864972,0
1,0,0.39883146,0
1,0,0.2883621,0
1,0,0.45473722,0
1,0,0.44817203,0
1,0,0.27570975,0
1,0,0.41669124,0
1,0,0.35222173,0
1,0,0.32475403,0
1,0,0.5637038,1
1,0,0.47781804,0
1,0,0.5823839,1
1,0,0.4533799,0
1,0,0.5466211,1
1,0,0.49237198,0
1,0,0.50416285,1
1,0,0.68982565,1
1,0,0.7398484,1
1,0,0.51668954,1
1,0,0.5652683,1
1,0,0.6368162,1
1,0,0.60296375,1
1,0,0.6103947,1
1,0,0.6294012,1
1,0,0.71417713,1
1,0,0.34197834,0
1,0,0.5065476,1
1,0,0.5784768,1
1,0,0.5159425,1
1,0,0.49469045,0
1,0,0.5089106,1
1,0,0.46300712,0
1,0,0.54124856,1
1,0,0.6317451,1
1,0,0.50177914,1
1,0,0.38196027,0
1,0,0.46854785,0
1,0,0.5745614,1
1,0,0.5881928,1
1,0,0.6519963,1
1,0,0.46444285,0
1,0,0.66286296,1
1,0,0.47306377,0
1,0,0.45725188,0
1,0,0.5244365,1
1,0,0.5704301,1
1,0,0.5628207,1
1,0,0.48562023,0
1,0,0.53772825,1
1,0,0.5464866,1
1,0,0.49707824,0
1,0,0.58304864,1
1,0,0.5409618,1
1,0,0.58849967,1
1,0,0.39859706,0
1,0,0.449617,0
1,0,0.46678874,0
1,0,0.4127778,0
1,0,0.37984115,0
1,0,0.39793003,0
1,0,0.33508733,0
1,0,0.3845263,0
1,0,0.42078182,0
1,0,0.33740237,0
1,0,0.40372807,0
1,0,0.28274083,0
1,0,0.27727637,0
1,0,0.32567987,0
1,0,0.31480834,0
1,0,0.25723073,0
1,0,0.2723087,0
1,0,0.23471604,0
1,0,0.24004279,0
1,0,0.4532998,0
1,0,0.2455674,0
1,0,0.24164395,0
1,0,0.29461038,0
1,0,0.31593552,0
1,0,0.3915265,0
1,0,0.3775573,0
1,0,0.5215168,1
1,0,0.41663334,0
1,0,0.35625917,0
1,0,0.40266478,0
1,0,0.38166007,0
1,1,0.9144766,1
1,1,0.68400836,1
1,1,0.38745037,0
1,1,0.43607512,0
1,1,0.37728333,0
1,1,0.2786638,0
1,1,0.57078135,1
1,1,0.4334434,0
1,1,0.34570163,0
1,1,0.3105628,0
1,1,0.38847876,0
1,1,0.687972,1
1,1,0.7028326,1
1,1,0.5292645,1
1,1,0.52546096,1
1,1,0.43738773,0
1,1,0.5327754,1
1,1,0.51943535,1
1,1,0.49077517,0
1,1,0.63806814,1
1,1,0.28751954,0
1,1,0.38413346,0
1,1,0.6025144,1
1,1,0.2696454,0
1,1,0.67028475,1
1,1,0.5677659,1
1,1,0.61610025,1
1,1,0.51721466,1
1,1,0.4280643,0
1,1,0.62876725,1
1,1,0.665644,1
1,1,0.58960545,1
1,1,0.76405185,1
1,1,0.72581965,1
1,1,0.65418535,1
1,1,0.84217644,1
1,1,0.6986427,1
1,1,0.76645535,1
1,1,0.712701,1
1,1,0.88131255,1
1,1,0.8054963,1
1,1,0.79365605,1
1,1,0.70222604,1
1,1,0.80100375,1
1,1,0.7771452,1
1,1,0.8297106,1
1,1,0.63120127,1
1,1,0.7662281,1
1,1,0.7628357,1
1,1,0.78430384,1
1,1,0.74621093,1
1,1,0.4658722,0
1,1,0.8276819,1
1,1,0.2406003,0
1,1,0.8736223,1
1,1,0.5288451,1
1,1,0.77408576,1
1,1,0.41192544,0
1,0,0.7258083,1
1,0,0.545697,1
1,0,0.581059,1
1,0,0.69241595,1
1,0,0.69270855,1
1,0,0.6813501,1
1,0,0.6736245,1
1,0,0.6564665,1
1,0,0.56808376,1
1,0,0.68109274,1
1,0,0.69709647,1
1,0,0.6680574,1
1,0,0.69387263,1
1,0,0.7184826,1
1,0,0.62796694,1
1,0,0.6304593,1
1,0,0.7793148,1
1,0,0.57384694,1
1,0,0.6527126,1
1,0,0.574434,1
1,1,0.71297395,1
1,1,0.70155376,1
1,1,0.6238161,1
1,1,0.7918848,1
1,1,0.7121477,1
1,1,0.7491726,1
1,1,0.70318884,1
1,1,0.5669775,1
1,1,0.757632,1
1,1,0.69868433,1
1,1,0.5885424,1
1,1,0.5046599,1
1,1,0.55283266,1
1,1,0.6246734,1
1,1,0.75846523,1
1,1,0.6509638,1
1,1,0.71987295,1
1,1,0.6153273,1
1,1,0.76123357,1
1,1,0.75510174,1
1,1,0.83172125,1
1,1,0.89117396,1
1,1,0.8630697,1
1,1,0.73587275,1
1,1,0.8508574,1
1,0,0.8253323,1
1,0,0.80532336,1
1,0,0.5602162,1
1,0,0.65123403,1
1,0,0.6049821,1
1,0,0.5607433,1
1,0,0.61003864,1
1,0,0.49233705,0
1,0,0.34506735,0
1,0,0.520164,1
1,0,0.5020341,1
1,0,0.3913562,0
1,0,0.6609756,1
1,0,0.73824704,1
1,0,0.42901853,0
1,0,0.5003335,1
1,0,0.66069055,1
1,0,0.52048063,1
1,0,0.54310375,1
1,0,0.38664785,0
1,0,0.618394,1
1,0,0.41948274,0
1,0,0.4867396,0
1,0,0.2810532,0
1,0,0.4875214,0
1,0,0.41787925,0
1,0,0.5985608,1
1,0,0.47457606,0
1,0,0.65988696,1
1,0,0.30264014,0
1,0,0.5941358,1
1,0,0.53109646,1
1,0,0.48972756,0
1,0,0.34992576,0
1,0,0.7240343,1
1,0,0.4651195,0
1,0,0.44541454,0
1,0,0.28676465,0
1,0,0.30807576,0
1,0,0.44673833,0
1,0,0.50981957,1
1,0,0.3620079,0
1,0,0.45323208,0
1,0,0.31903315,0
1,0,0.46347174,0
1,0,0.52331334,1
1,0,0.5318393,1
1,0,0.53180003,1
1,0,0.6984648,1
1,0,0.64211047,1
1,0,0.70416623,1
1,0,0.717577,1
1,0,0.66142476,1
1,0,0.7689005,1
1,0,0.68433636,1
1,0,0.11315338,0
1,0,0.39109397,0
1,0,0.3965677,0
1,0,0.34802878,0
1,0,0.47737098,0
1,0,0.20551257,0
1,0,0.25214857,0
1,0,0.09013811,0
1,0,0.19759244,0
1,0,0.26290357,0
1,0,0.46122125,0
1,0,0.6219906,1
1,0,0.23837104,0
1,0,0.6029719,1
1,0,0.39103642,0
1,0,0.7496087,1
1,0,0.33230987,0
1,0,0.60829693,1
1,0,0.6659798,1
1,0,0.79028714,1
1,0,0.49757615,0
1,0,0.49186704,0
1,0,0.5708488,1
1,0,0.36464453,0
1,0,0.44641092,0
1,0,0.27066076,0
1,0,0.512726,1
1,0,0.3813774,0
1,0,0.5296872,1
1,0,0.57017905,1
1,0,0.6845517,1
1,0,0.8173237,1
1,0,0.71567947,1
1,0,0.8226395,1
1,0,0.70430106,1
1,0,0.70249677,1
1,0,0.6056945,1
1,0,0.6077861,1
1,0,0.686661,1
1,0,0.64637536,1
1,0,0.6613079,1
1,0,0.5799659,1
1,0,0.6690223,1
1,0,0.55941164,1
1,0,0.69939303,1
1,0,0.68566716,1
1,0,0.5358473,1
1,0,0.42740938,0
1,0,0.6915405,1
1,0,0.34663212,0
1,0,0.3734639,0
1,0,0.28022695,0
1,0,0.29857543,0
1,0,0.24933852,0
1,0,0.33162138,0
1,0,0.29890814,0
1,0,0.37922803,0
1,0,0.52937543,1
1,0,0.5535666,1
1,0,0.41059765,0
1,0,0.74895877,1
1,0,0.38825664,0
1,0,0.46470612,0
1,0,0.23019761,0
1,0,0.21405622,0
1,0,0.16219746,0
1,0,0.5049606,1
1,0,0.20201017,0
1,0,0.32458195,0
1,0,0.09974682,0
1,0,0.13432683,0
1,0,0.08093519,0
1,0,0.1505582,0
1,0,0.54389775,1
1,0,0.35138175,0
1,0,0.32558203,0
1,0,0.3301526,0
1,0,0.27152324,0
1,0,0.25688112,0
1,0,0.71539915,1
1,0,0.41078466,0
1,0,0.84428865,1
1,0,0.57210183,1
1,0,0.3614288,0
1,0,0.5428425,1
1,0,0.44004312,0
1,0,0.2948145,0
1,0,0.22871597,0
1,0,0.16074097,0
1,0,0.21549472,0
1,1,0.2166874,0
1,1,0.25244626,0
1,1,0.27721292,0
1,1,0.2981388,0
1,1,0.38004392,0
1,1,0.40135452,0
1,1,0.30625257,0
1,1,0.33532602,0
1,1,0.37128755,0
1,1,0.19280337,0
1,0,0.5225625,1
1,0,0.26978487,0
1,0,0.19826455,0
1,0,0.30005085,0
1,0,0.1855058,0
1,0,0.19393791,0
1,0,0.45354795,0
1,0,0.3729635,0
1,0,0.3558406,0
1,0,0.39589974,0
1,0,0.32798186,0
1,0,0.26080397,0
1,0,0.25208187,0
1,0,0.16605665,0
1,0,0.1776738,0
1,0,0.1788629,0
1,0,0.19083211,0
1,0,0.10214177,0
1,0,0.15879014,0
1,0,0.14234944,0
1,0,0.08632611,0
1,0,0.13147591,0
1,0,0.09752126,0
1,0,0.0946704,0
1,0,0.25255585,0
1,0,0.29405153,0
1,0,0.3561049,0
1,0,0.373271,0
1,0,0.49554873,0
1,0,0.32385594,0
1,0,0.534251,1
1,0,0.6651854,1
1,0,0.7942834,1
1,0,0.7437996,1
1,0,0.68185157,1
1,0,0.7788928,1
1,0,0.541077,1
1,0,0.31296948,0
1,0,0.54155517,1
1,0,0.36862576,0
1,0,0.520569,1
1,0,0.5376739,1
1,0,0.542692,1
1,0,0.46885118,0
1,0,0.60262245,1
1,1,0.57341397,1
1,1,0.6873422,1
1,1,0.46719718,0
1,1,0.74248075,1
1,1,0.5901415,1
1,0,0.7996393,1
1,0,0.7117496,1
1,0,0.6605774,1
1,0,0.7367652,1
1,0,0.7001783,1
1,0,0.77820605,1
1,0,0.7729396,1
1,0,0.8406659,1
1,0,0.74887973,1
1,0,0.37794214,0
1,0,0.3071631,0
1,0,0.20222771,0
1,0,0.3853793,0
1,0,0.31386167,0
1,0,0.45428374,0
1,0,0.29913315,0
1,0,0.41296372,0
1,0,0.41414776,0
1,0,0.18079236,0
1,0,0.3794991,0
1,0,0.18829738,0
1,0,0.24961925,0
1,0,0.44461918,0
1,0,0.3914688,0
1,0,0.3001693,0
1,0,0.52575296,1
1,0,0.2099015,0
1,1,0.7354694,1
1,1,0.68032527,1
1,1,0.5906576,1
1,1,0.6974481,1
1,1,0.7776336,1
1,1,0.6710965,1
1,1,0.708374,1
1,1,0.60769,1
1,1,0.81177557,1
1,1,0.51566774,1
1,1,0.72309065,1
1,1,0.77364737,1
1,1,0.40408546,0
1,1,0.5652636,1
1,1,0.2656158,0
1,1,0.54531395,1
1,1,0.6670585,1
1,1,0.6742466,1
1,1,0.6829571,1
1,1,0.6462498,1
1,1,0.81026196,1
1,1,0.93458843,1
1,1,0.81517094,1
1,1,0.7979168,1
1,1,0.7719251,1
1,1,0.72926474,1
1,1,0.7923847,1
1,1,0.72304714,1
1,0,0.8162956,1
1,0,0.8104062,1
1,0,0.8155775,1
1,0,0.6671626,1
1,0,0.84315634,1
1,0,0.8135132,1
1,0,0.76374996,1
1,0,0.8117251,1
1,0,0.8154824,1
1,0,0.752366,1
1,0,0.798024,1
1,0,0.7383765,1
1,0,0.77269477,1
1,0,0.80674964,1
1,0,0.7126381,1
1,0,0.78708273,1
1,0,0.8555215,1
1,0,0.8315978,1
1,0,0.8753532,1
1,0,0.8258844,1
1,0,0.8273524,1
1,0,0.8269212,1
1,0,0.7818245,1
1,0,0.8543616,1
1,0,0.9003376,1
1,0,0.8245808,1
1,0,0.86268383,1
1,1,0.58510876,1
1,1,0.82966244,1
1,1,0.5708059,1
1,1,0.8336219,1
1,1,0.69619584,1
1,1,0.8681175,1
1,1,0.80169725,1
1,1,0.68115175,1
1,1,0.8299696,1
1,1,0.75003344,1
1,1,0.7891232,1
1,1,0.80063903,1
1,1,0.8080178,1
1,1,0.79374194,1
1,1,0.7744994,1
1,1,0.6986842,1
1,1,0.77547616,1
1,1,0.7785652,1
1,0,0.6759114,1
1,0,0.75034344,1
1,0,0.65287143,1
1,0,0.6400462,1
1,0,0.7376178,1
1,0,0.7148001,1
1,0,0.7582934,1
1,0,0.6594519,1
1,0,0.5641285,1
1,0,0.61566615,1
1,0,0.32396564,0
1,0,0.738837,1
1,0,0.50982386,1
1,0,0.5883868,1
1,0,0.6194753,1
1,0,0.42478025,0
1,0,0.6498571,1
1,0,0.7806029,1
1,1,0.68396693,1
1,1,0.78970337,1
1,1,0.6492899,1
1,1,0.7499698,1
1,1,0.50659204,1
1,1,0.56881154,1
1,1,0.56570125,1
1,1,0.7458819,1
1,1,0.59254104,1
1,1,0.6732536,1
1,1,0.717644,1
1,1,0.7082148,1
1,1,0.73518044,1
1,1,0.611334,1
1,1,0.7073035,1
1,1,0.8158559,1
1,1,0.5439012,1
1,1,0.6963876,1
1,1,0.6024004,1
1,1,0.2536787,0
1,1,0.54951745,1
1,1,0.44038382,0
1,1,0.2030021,0
1,1,0.58863324,1
1,1,0.09854684,0
1,0,0.4227271,0
1,0,0.5998749,1
1,0,0.25196284,0
1,0,0.4027073,0
1,0,0.39236793,0
1,0,0.22902036,0
1,0,0.18117024,0
1,0,0.26090896,0
1,0,0.10660368,0
1,0,0.3075678,0
1,0,0.16304986,0
1,0,0.113582134,0
1,0,0.2905723,0
1,0,0.13165484,0
1,1,0.62482953,1
1,1,0.49104127,0
1,1,0.63954866,1
1,1,0.47770375,0
1,1,0.43837944,0
1,1,0.3574369,0
1,1,0.3285822,0
1,1,0.3128894,0
1,1,0.48849502,0
1,1,0.100106195,0
1,1,0.10494647,0
1,1,0.28091866,0
1,1,0.24396737,0
1,1,0.2263369,0
1,1,0.48124543,0
1,1,0.6399152,1
1,1,0.64668274,1
1,1,0.65513104,1
1,1,0.6568988,1
1,1,0.656141,1
1,1,0.5446765,1
1,1,0.6153216,1
1,1,0.71775645,1
1,1,0.58160985,1
1,1,0.5890517,1
1,1,0.58023214,1
1,1,0.6103188,1
1,1,0.16720846,0
1,1,0.18802238,0
1,1,0.18146977,0
1,1,0.13076605,0
1,1,0.13214947,0
1,1,0.13119258,0
1,1,0.1346106,0
1,1,0.120165005,0
1,1,0.06643575,0
1,1,0.1079121,0
1,1,0.1648686,0
1,1,0.1726125,0
1,1,0.48718807,0
1,1,0.3158607,0
1,1,0.3200383,0
1,1,0.4130262,0
1,1,0.5457397,1
1,1,0.44291565,0
1,1,0.46566945,0
1,1,0.541249,1
1,1,0.34905335,0
1,1,0.3096585,0
1,1,0.62915796,1
1,1,0.68266034,1
1,1,0.63007045,1
1,1,0.54352874,1
1,1,0.8505356,1
1,1,0.55174285,1
1,1,0.6803121,1
1,1,0.81426907,1
1,1,0.29067203,0
1,1,0.5813641,1
1,1,0.6637701,1
1,1,0.60594034,1
1,1,0.6170283,1
1,1,0.63390315,1
1,1,0.59004134,1
1,1,0.51052624,1
1,1,0.44005546,0
1,1,0.7162922,1
1,1,0.5592218,1
1,1,0.5289703,1
1,1,0.67748976,1
1,1,0.6225895,1
1,1,0.6022169,1
1,1,0.5674038,1
1,1,0.6768783,1
1,1,0.6574759,1
1,1,0.6582912,1
1,1,0.5289829,1
1,1,0.4820349,0
1,1,0.41385138,0
1,1,0.46990293,0
1,1,0.3876101,0
1,1,0.40589097,0
1,1,0.5062935,1
1,1,0.3801183,0
1,1,0.3015635,0
1,1,0.3959675,0
1,1,0.39653042,0
1,1,0.39921752,0
1,0,0.721821,1
1,0,0.8354944,1
1,0,0.7831949,1
1,0,0.8232858,1
1,0,0.6951443,1
1,0,0.8263111,1
1,0,0.72232985,1
1,0,0.6898714,1
1,0,0.5877496,1
1,0,0.8168193,1
1,0,0.6779332,1
1,0,0.59718364,1
1,0,0.7045601,1
1,0,0.6642313,1
1,0,0.6721656,1
1,0,0.85411763,1
1,0,0.7970703,1
1,0,0.6016211,1
1,0,0.8518387,1
1,0,0.87014216,1
1,0,0.6527281,1
1,0,0.8850198,1
1,0,0.68856996,1
1,0,0.7921457,1
1,0,0.7571855,1
1,0,0.57127285,1
1,0,0.64495575,1
1,0,0.54336244,1
1,0,0.7509306,1
1,0,0.6460547,1
1,0,0.7480491,1
1,0,0.79003745,1
1,0,0.6859395,1
1,0,0.78720343,1
1,0,0.78094053,1
1,0,0.7948981,1
1,0,0.76085687,1
1,0,0.7266736,1
1,0,0.7297393,1
1,0,0.6916346,1
1,0,0.5089095,1
1,0,0.7950234,1
1,0,0.4624008,0
1,0,0.5819003,1
1,0,0.23786321,0
1,0,0.45793757,0
1,0,0.42235085,0
1,0,0.7035404,1
1,0,0.47028598,0
1,0,0.50965446,1
1,0,0.21699126,0
1,0,0.28696084,0
1,0,0.18857178,0
1,0,0.24245259,0
1,0,0.3096465,0
1,0,0.54309684,1
1,0,0.5053068,1
1,0,0.5692518,1
1,0,0.52620876,1
1,0,0.81002504,1
1,0,0.5878452,1
1,0,0.86478025,1
1,0,0.67247176,1
1,0,0.8069154,1
1,0,0.6431876,1
1,0,0.8379187,1
1,0,0.69638836,1
1,0,0.6352308,1
1,0,0.6430832,1
1,0,0.48423886,0
1,0,0.5768267,1
1,0,0.46562648,0
1,0,0.6205848,1
1,0,0.6798504,1
1,0,0.6491282,1
1,0,0.7745816,1
1,0,0.68911034,1
1,0,0.5926565,1
1,0,0.61422235,1
1,0,0.5748718,1
1,0,0.31436187,0
1,0,0.61187303,1
1,0,0.29494715,0
1,0,0.5029043,1
1,0,0.23466174,0
1,0,0.3676142,0
1,0,0.46876392,0
1,0,0.49735016,0
1,0,0.7485135,1
1,0,0.40453863,0
1,0,0.40330666,0
1,0,0.44174418,0
1,0,0.48646262,0
1,0,0.47697404,0
1,0,0.5498211,1
1,0,0.40803388,0
1,0,0.66894406,1
1,0,0.5861299,1
1,0,0.6067167,1
1,0,0.54946154,1
1,0,0.5553476,1
1,0,0.49933115,0
1,0,0.5410421,1
1,0,0.4225958,0
1,0,0.59404105,1
1,0,0.60103005,1
1,0,0.61735517,1
1,0,0.7236377,1
1,0,0.5850334,1
1,0,0.5925943,1
1,0,0.70482516,1
1,0,0.6315076,1
1,0,0.56356996,1
1,0,0.67981726,1
1,0,0.70500314,1
1,0,0.6883496,1
1,0,0.7980032,1
1,0,0.6780911,1
1,0,0.7525481,1
1,0,0.6346643,1
1,0,0.76680017,1
1,0,0.6772456,1
1,0,0.6256291,1
1,0,0.6440677,1
1,0,0.649571,1
1,0,0.65937155,1
1,0,0.58804584,1
1,0,0.53574055,1
1,0,0.5630073,1
1,0,0.5151336,1
1,0,0.45718768,0
1,0,0.5840052,1
1,0,0.43829662,0
1,0,0.41091642,0
1,0,0.26796946,0
1,0,0.5273974,1
1,0,0.4917405,0
1,0,0.4970006,0
1,0,0.55029505,1
1,0,0.7298262,1
1,0,0.49186188,0
1,0,0.39356056,0
1,0,0.29228044,0
1,0,0.29406014,0
1,0,0.3575552,0
1,0,0.32091704,0
1,0,0.3297297,0
1,0,0.50420135,1
1,0,0.27843994,0
1,0,0.28037876,0
1,0,0.34804085,0
1,0,0.33968428,0
1,0,0.42044887,0
1,0,0.38399303,0
1,0,0.3831075,0
1,0,0.7645348,1
1,0,0.6411377,1
1,0,0.69063675,1
1,0,0.47909853,0
1,0,0.75299007,1
1,0,0.54197294,1
1,0,0.6183917,1
1,0,0.73676366,1
1,0,0.68292844,1
1,0,0.57507515,1
1,0,0.586966,1
1,0,0.76547724,1
1,0,0.7218389,1
1,0,0.72786385,1
1,0,0.6110407,1
1,0,0.5985274,1
1,0,0.78273886,1
1,0,0.5373534,1
1,0,0.41173866,0
1,0,0.7098537,1
1,0,0.15595011,0
1,0,0.5186364,1
1,0,0.39247504,0
1,0,0.61733145,1
1,0,0.43708366,0
1,0,0.6628426,1
1,0,0.42155656,0
1,0,0.40138844,0
1,0,0.5445122,1
1,0,0.24768317,0
1,0,0.4831404,0
1,0,0.5995095,1
1,0,0.6605248,1
1,0,0.5251219,1
1,0,0.8348959,1
1,0,0.79173326,1
1,0,0.83569735,1
1,0,0.816579,1
1,0,0.7938644,1
1,0,0.69959784,1
1,0,0.7214402,1
1,0,0.54737693,1
1,0,0.45943937,0
1,0,0.5163341,1
1,0,0.6399,1
1,0,0.5995211,1
1,0,0.61414725,1
1,0,0.7843039,1
1,0,0.651435,1
1,0,0.6585801,1
1,0,0.55229783,1
1,0,0.66535246,1
1,0,0.43761614,0
1,0,0.70467216,1
1,0,0.5395763,1
1,0,0.41280988,0
1,0,0.5856716,1
1,0,0.70455885,1
1,0,0.31921265,0
1,0,0.6926235,1
1,0,0.22708064,0
1,0,0.3446976,0
1,0,0.3817563,0
1,0,0.77440864,1
1,0,0.5183588,1
1,0,0.43072626,0
1,0,0.51381004,1
1,0,0.29456732,0
1,0,0.29428723,0
1,0,0.46336472,0
1,0,0.38112622,0
1,0,0.49960527,0
1,0,0.5190057,1
1,0,0.46790433,0
1,0,0.6610528,1
1,0,0.7332403,1
1,0,0.7171771,1
1,0,0.8052442,1
1,0,0.83368385,1
1,0,0.7085769,1
1,0,0.5506286,1
1,0,0.5219133,1
1,0,0.57267344,1
1,0,0.55999273,1
1,0,0.5539546,1
1,0,0.48791105,0
1,0,0.3886419,0
1,0,0.69256717,1
1,0,0.5946866,1
1,0,0.6483834,1
1,0,0.65049756,1
1,0,0.575784,1
1,0,0.64807725,1
1,0,0.5936603,1
1,0,0.33029953,0
1,0,0.4556356,0
1,0,0.5371615,1
1,0,0.46993458,0
1,0,0.3021313,0
1,0,0.33611545,0
1,0,0.4941766,0
1,0,0.27954677,0
1,0,0.5038423,1
1,0,0.20330673,0
1,0,0.18244208,0
1,0,0.16857004,0
1,0,0.27762276,0
1,0,0.40242925,0
1,0,0.48118263,0
1,0,0.20770158,0
1,0,0.31309316,0
1,0,0.22469431,0
1,0,0.3429031,0
1,0,0.36050656,0
1,0,0.4303011,0
1,0,0.44600752,0
1,0,0.55468386,1
1,0,0.5189823,1
1,0,0.5242102,1
1,0,0.48760942,0
1,0,0.645841,1
1,0,0.5351438,1
1,0,0.6524189,1
1,0,0.53833467,1
1,0,0.40231216,0
1,0,0.5493202,1
1,0,0.47890756,0
1,0,0.41272298,0
1,0,0.54719996,1
1,0,0.35115913,0
1,0,0.395705,0
1,0,0.5539118,1
1,0,0.50617397,1
1,0,0.30125883,0
1,0,0.4931288,0
1,0,0.47676718,0
1,0,0.14526801,0
1,0,0.2892869,0
1,0,0.20562394,0
1,0,0.20392655,0
1,0,0.26428983,0
1,0,0.088834114,0
1,0,0.10222874,0
1,0,0.10070675,0
1,0,0.223304,0
1,0,0.2772659,0
1,0,0.18514422,0
1,0,0.15947527,0
1,0,0.1634324,0
1,0,0.1741502,0
1,0,0.12663318,0
1,0,0.21354686,0
1,0,0.30355617,0
1,0,0.20967294,0
1,0,0.3947774,0
1,0,0.37073377,0
1,0,0.7170415,1
1,0,0.5405317,1
1,0,0.39392006,0
1,0,0.54234487,1
1,0,0.47787252,0
1,0,0.4838543,0
1,0,0.34941533,0
1,0,0.5384804,1
1,0,0.27979293,0
1,0,0.42740446,0
1,0,0.2979165,0
1,0,0.3721361,0
1,0,0.3275673,0
1,1,0.23333617,0
1,1,0.270652,0
1,1,0.2968594,0
1,1,0.56436795,1
1,1,0.34798503,0
1,1,0.38692346,0
1,1,0.19694872,0
1,1,0.089493275,0
1,1,0.2443626,0
1,1,0.16840875,0
1,1,0.8653212,1
1,1,0.8292915,1
1,1,0.7960853,1
1,1,0.77717555,1
1,1,0.59976816,1
1,1,0.5919868,1
1,1,0.6506078,1
1,1,0.78614175,1
1,1,0.634741,1
1,1,0.66473496,1
1,1,0.65787345,1
1,1,0.81185824,1
1,1,0.8510773,1
1,1,0.8538748,1
1,1,0.7061979,1
1,1,0.8079809,1
1,1,0.6627809,1
1,1,0.6907637,1
1,1,0.72180825,1
1,1,0.8296024,1
1,1,0.79467225,1
1,1,0.7574704,1
1,1,0.73542106,1
1,1,0.72114974,1
1,1,0.79692143,1
1,1,0.8585074,1
1,1,0.6952071,1
1,1,0.6314966,1
1,1,0.74989915,1
1,1,0.81270385,1
1,1,0.7242326,1
1,0,0.9350966,1
1,0,0.94739795,1
1,0,0.8215087,1
1,0,0.73869115,1
1,0,0.81946766,1
1,0,0.7436769,1
1,0,0.8165273,1
1,0,0.8429637,1
1,1,0.27520514,0
1,1,0.5858779,1
1,1,0.74305594,1
1,1,0.2756864,0
1,1,0.43283716,0
1,1,0.52139056,1
1,1,0.5565998,1
1,1,0.71785384,1
1,1,0.5516784,1
1,1,0.434056,0
1,1,0.5538949,1
1,0,0.9182358,1
1,0,0.9516284,1
1,0,0.91160786,1
1,0,0.94638777,1
1,0,0.95313555,1
1,0,0.9545142,1
1,0,0.8341773,1
1,0,0.908277,1
1,0,0.71381724,1
1,0,0.8275619,1
1,0,0.89097995,1
1,0,0.94600165,1
1,0,0.92614514,1
1,0,0.69416326,1
1,0,0.8302472,1
1,0,0.8358614,1
1,0,0.7716981,1
1,0,0.91147065,1
1,0,0.853875,1
1,0,0.905314,1
1,0,0.95730686,1
1,0,0.9066123,1
1,0,0.8138204,1
1,0,0.8115312,1
1,0,0.8866365,1
1,0,0.88127154,1
1,0,0.8715637,1
1,0,0.18417186,0
1,0,0.32166517,0
1,0,0.6967968,1
1,1,0.8568702,1
1,1,0.84330076,1
1,1,0.8121687,1
1,1,0.9022778,1
1,1,0.81413937,1
1,1,0.8178647,1
1,1,0.7333084,1
1,1,0.87658626,1
1,1,0.770019,1
1,1,0.77181435,1
1,1,0.6926532,1
1,1,0.7742369,1
1,1,0.6543979,1
1,1,0.73723096,1
1,1,0.79706365,1
1,1,0.7774479,1
1,1,0.86863494,1
1,1,0.8445058,1
1,1,0.8112877,1
1,1,0.85079646,1
1,1,0.88634825,1
1,1,0.77964836,1
1,1,0.7874546,1
1,1,0.49727747,0
1,1,0.83632195,1
1,1,0.8514241,1
1,1,0.6749102,1
1,1,0.80528444,1
1,1,0.8484306,1
1,1,0.8330558,1
1,1,0.7892406,1
1,1,0.8122796,1
1,1,0.7754385,1
1,1,0.83941466,1
1,1,0.7712284,1
1,1,0.82526505,1
1,1,0.8189976,1
1,1,0.8502455,1
1,1,0.85079473,1
1,1,0.8373235,1
1,1,0.8119933,1
1,1,0.8433613,1
1,1,0.70900583,1
1,1,0.77957404,1
1,1,0.72545534,1
1,1,0.5772088,1
1,1,0.71168286,1
1,1,0.69730407,1
1,1,0.72286445,1
1,1,0.7080974,1
1,1,0.4277506,0
1,1,0.46146813,0
1,1,0.69860435,1
1,1,0.69031507,1
1,1,0.52073115,1
1,1,0.5566511,1
1,1,0.5837339,1
1,1,0.66504973,1
1,1,0.6499305,1
1,1,0.7250364,1
1,1,0.77207565,1
1,1,0.617034,1
1,1,0.7621848,1
1,1,0.83950347,1
1,1,0.83896,1
1,1,0.7751762,1
1,1,0.8128039,1
1,1,0.8412852,1
1,1,0.7537927,1
1,1,0.7059095,1
1,1,0.7498224,1
1,1,0.8334606,1
1,1,0.6994196,1
1,1,0.7838531,1
1,1,0.8256122,1
1,1,0.8041836,1
1,1,0.7219454,1
1,1,0.8718724,1
1,1,0.8316775,1
1,1,0.80623174,1
1,1,0.78118384,1
1,1,0.60803336,1
1,1,0.6017995,1
1,1,0.66049623,1
1,1,0.79189706,1
1,1,0.64259267,1
1,1,0.67733383,1
1,1,0.66698205,1
1,1,0.7325831,1
1,1,0.6616755,1
1,1,0.7617486,1
1,1,0.7784193,1
1,1,0.64506316,1
1,1,0.7386454,1
1,1,0.80384475,1
1,1,0.77299273,1
1,1,0.76750636,1
1,1,0.85178155,1
1,1,0.7987051,1
1,1,0.90245837,1
1,1,0.7328388,1
1,1,0.8283744,1
1,1,0.69202054,1
1,1,0.7980298,1
1,1,0.78416646,1
1,1,0.84233326,1
1,1,0.87893,1
1,1,0.7923701,1
1,1,0.6702501,1
1,1,0.73768455,1
1,1,0.72313815,1
1,1,0.8019421,1
1,1,0.859934,1
1,1,0.7005703,1
1,1,0.6367051,1
1,1,0.7508123,1
1,1,0.8158933,1
1,1,0.72577643,1
1,1,0.76737267,1
1,1,0.6405438,1
1,1,0.78191394,1
1,1,0.70837575,1
1,1,0.6880319,1
1,1,0.7282071,1
1,1,0.79585123,1
1,1,0.8572687,1
1,1,0.861974,1
1,1,0.8619325,1
1,1,0.73269045,1
1,1,0.84413743,1
1,1,0.7983654,1
1,1,0.84109694,1
1,1,0.8313741,1
1,1,0.74589753,1
1,1,0.8302785,1
1,1,0.74301213,1
1,1,0.7300906,1
1,1,0.68127865,1
1,1,0.70422715,1
1,1,0.82983434,1
1,1,0.7512926,1
1,1,0.691849,1
1,1,0.73342645,1
1,1,0.7793044,1
1,1,0.7661242,1
1,1,0.81503993,1
1,1,0.80732745,1
1,1,0.8211901,1
1,1,0.8294382,1
1,1,0.85101336,1
1,1,0.81088275,1
1,1,0.8615384,1
1,1,0.79402834,1
1,1,0.8886336,1
1,1,0.87191945,1
1,1,0.86099756,1
1,1,0.8487962,1
1,1,0.86768043,1
1,1,0.8790148,1
1,0,0.28168166,0
1,0,0.3507572,0
1,0,0.16661721,0
1,0,0.33482042,0
1,0,0.44890094,0
1,0,0.36234474,0
1,0,0.2917992,0
1,0,0.3108983,0
1,0,0.58787733,1
1,0,0.77421963,1
1,0,0.5033147,1
1,0,0.21621731,0
1,0,0.30888686,0
1,0,0.5013677,1
1,0,0.8540647,1
1,1,0.6075322,1
1,1,0.46513575,0
1,1,0.48057747,0
1,1,0.44479805,0
1,1,0.4399326,0
1,1,0.28354368,0
1,1,0.4074206,0
1,1,0.2880308,0
1,1,0.72057104,1
1,1,0.66023606,1
1,1,0.7679412,1
1,1,0.60603034,1
1,1,0.52978045,1
1,1,0.58720255,1
1,1,0.5642051,1
1,1,0.5899403,1
1,1,0.44396347,0
1,1,0.5684846,1
1,1,0.8339868,1
1,1,0.63513684,1
1,1,0.6276648,1
1,1,0.6924033,1
1,1,0.6321448,1
1,1,0.7168922,1
1,1,0.66411024,1
1,1,0.7749208,1
1,1,0.66181964,1
1,1,0.85470456,1
1,1,0.8396768,1
1,1,0.8108279,1
1,1,0.6350229,1
1,1,0.81893295,1
1,1,0.90664756,1
1,1,0.6773403,1
1,1,0.81794894,1
1,1,0.83068824,1
1,1,0.6454968,1
1,1,0.76760495,1
1,1,0.89712715,1
1,1,0.8705252,1
1,1,0.7077613,1
1,1,0.85136646,1
1,1,0.7383578,1
1,1,0.7024174,1
1,1,0.6843495,1
1,1,0.7255665,1
1,1,0.60374403,1
1,1,0.5643453,1
1,1,0.5705162,1
1,1,0.5394301,1
1,1,0.5380767,1
1,1,0.42366895,0
1,1,0.52889514,1
1,1,0.4278491,0
1,1,0.4182854,0
1,1,0.37552875,0
1,1,0.6819676,1
1,1,0.62304646,1
1,1,0.52137965,1
1,1,0.5432982,1
1,1,0.75168157,1
1,1,0.6632391,1
1,1,0.7905871,1
1,1,0.83750504,1
1,1,0.78971887,1
1,1,0.21359116,0
1,1,0.54811573,1
1,1,0.66461265,1
1,1,0.6409004,1
1,1,0.7282769,1
1,1,0.8246888,1
1,1,0.47333154,0
1,1,0.5234759,1
1,1,0.4665656,0
1,1,0.6703679,1
1,1,0.85072845,1
1,1,0.6773607,1
1,1,0.686542,1
1,1,0.62349993,1
1,1,0.4922641,0
1,1,0.5844727,1
1,1,0.34467837,0
1,1,0.42373282,0
1,1,0.6319955,1
1,1,0.50257224,1
1,1,0.6852972,1
1,1,0.807077,1
1,1,0.7499332,1
1,1,0.13830355,0
1,1,0.07194151,0
1,1,0.61492693,1
1,1,0.82307005,1
1,1,0.52212423,1
1,1,0.23972464,0
1,1,0.18598934,0
1,1,0.083196744,0
1,1,0.08753802,0
1,1,0.18165658,0
1,1,0.56609005,1
1,1,0.445563,0
1,1,0.56832397,1
1,1,0.13863757,0
1,1,0.26067698,0
1,1,0.25763783,0
1,1,0.61802363,1
1,1,0.48225018,0
1,1,0.13473324,0
1,1,0.23419733,0
1,1,0.18896976,0
1,1,0.22501764,0
1,1,0.29911906,0
1,1,0.34201285,0
1,1,0.8297402,1
1,1,0.78430647,1
1,1,0.757008,1
1,1,0.78859484,1
1,1,0.73741454,1
1,1,0.7713583,1
1,1,0.8322546,1
1,1,0.75171137,1
1,1,0.93185943,1
1,1,0.8698755,1
1,1,0.96908945,1
1,1,0.98916644,1
1,1,0.9664276,1
1,1,0.9836569,1
1,1,0.9273273,1
1,1,0.8616829,1
1,1,0.90849465,1
1,1,0.83981633,1
1,1,0.96243924,1
1,1,0.98792785,1
1,1,0.9636955,1
1,1,0.9790906,1
1,1,0.91274625,1
1,1,0.8536967,1
1,1,0.6801094,1
1,1,0.72146404,1
1,1,0.7160269,1
1,1,0.5901434,1
1,1,0.52176386,1
1,1,0.550566,1
1,1,0.48374128,0
1,1,0.53582335,1
1,1,0.37614527,0
1,1,0.55743,1
1,1,0.7287966,1
1,1,0.6551549,1
1,1,0.7498936,1
1,1,0.64910984,1
1,1,0.5094775,1
1,1,0.47290125,0
1,1,0.54594934,1
1,1,0.5929233,1
1,1,0.42931482,0
1,1,0.5846054,1
1,1,0.42099738,0
1,1,0.45928344,0
1,1,0.391216,0
1,1,0.46584213,0
1,1,0.38943315,0
1,1,0.29119882,0
1,1,0.39237982,0
1,1,0.40573344,0
1,0,0.57070875,1
1,0,0.5678572,1
1,0,0.43153524,0
1,0,0.44935745,0
1,0,0.55988157,1
1,0,0.45284253,0
1,0,0.5241326,1
1,0,0.5177715,1
1,0,0.42590135,0
1,0,0.6253595,1
1,0,0.7021199,1
1,0,0.71246856,1
1,0,0.733264,1
1,0,0.6660615,1
1,0,0.5879002,1
1,0,0.8826626,1
1,0,0.9185554,1
1,0,0.665462,1
1,0,0.93060154,1
1,0,0.81382453,1
1,0,0.8517301,1
1,0,0.8385532,1
1,0,0.91785115,1
1,0,0.8027916,1
1,0,0.7846871,1
1,0,0.87926614,1
1,0,0.82916355,1
1,0,0.8619371,1
1,0,0.82396704,1
1,0,0.9298476,1
1,1,0.8269276,1
1,1,0.8535208,1
1,1,0.8126968,1
1,1,0.8012557,1
1,1,0.8261754,1
1,1,0.88867825,1
1,1,0.8425731,1
1,1,0.87863356,1
1,1,0.74285537,1
1,1,0.820935,1
1,1,0.7756366,1
1,1,0.8712712,1
1,1,0.8348382,1
1,1,0.76524705,1
1,1,0.7238158,1
1,1,0.8136063,1
1,1,0.46945062,0
1,1,0.7759989,1
1,1,0.87802464,1
1,1,0.7457264,1
1,1,0.660154,1
1,1,0.7451675,1
1,1,0.75644493,1
1,1,0.79390377,1
1,1,0.13563928,0
1,1,0.4697265,0
1,1,0.117820546,0
1,1,0.14798456,0
1,1,0.10601411,0
1,1,0.084356114,0
1,1,0.08409209,0
1,1,0.06531092,0
1,1,0.07146008,0
1,1,0.032441974,0
1,1,0.48511374,0
1,1,0.63677233,1
1,1,0.78924376,1
1,1,0.61127144,1
1,1,0.7362437,1
1,1,0.7321255,1
1,1,0.8035922,1
1,1,0.6700529,1
1,1,0.45279977,0
1,1,0.38672444,0
1,1,0.27203783,0
1,1,0.06856481,0
1,1,0.121922396,0
1,1,0.033288654,0
1,1,0.15522742,0
1,1,0.03882212,0
1,1,0.08723178,0
1,1,0.14550984,0
1,1,0.1735037,0
1,1,0.105903625,0
1,1,0.23932232,0
1,1,0.09807781,0
1,1,0.22428341,0
1,1,0.28968626,0
2,1,0.5098505,1
2,1,0.8367423,1
2,1,0.782467,1
2,1,0.45687994,0
2,1,0.73559374,1
2,1,0.64405394,1
2,1,0.6979759,1
2,1,0.47672302,0
2,1,0.5984797,1
2,1,0.47220597,0
2,1,0.3568197,0
2,1,0.55378276,1
2,1,0.32136965,0
2,1,0.30142346,0
2,1,0.19823706,0
2,1,0.185146,0
2,1,0.13225056,0
2,1,0.15762253,0
2,1,0.29385027,0
2,1,0.1638663,0
2,1,0.0979573,0
2,1,0.048725523,0
2,1,0.08572703,0
2,1,0.116304174,0
2,1,0.039203506,0
2,1,0.07199003,0
2,1,0.08462589,0
2,1,0.12808377,0
2,1,0.38419095,0
2,1,0.3346382,0
2,1,0.2733937,0
2,1,0.5154643,1
2,1,0.6216332,1
2,1,0.80663615,1
2,1,0.89498675,1
2,1,0.85451335,1
2,1,0.6836293,1
2,1,0.31525525,0
2,1,0.6583141,1
2,1,0.56499887,1
2,1,0.37000644,0
2,1,0.8034182,1
2,1,0.8426459,1
2,1,0.82688314,1
2,1,0.8500686,1
2,1,0.91593647,1
2,1,0.862247,1
2,1,0.8606315,1
2,1,0.884949,1
2,1,0.88034594,1
2,1,0.8994907,1
2,1,0.926255,1
2,1,0.92908293,1
2,1,0.71433395,1
2,1,0.6416703,1
2,1,0.81558865,1
2,1,0.7713945,1
2,1,0.5475531,1
2,1,0.80948603,1
2,1,0.6756662,1
2,1,0.61947083,1
2,1,0.6936012,1
2,1,0.7937451,1
2,1,0.6549877,1
2,1,0.60587597,1
2,1,0.62133527,1
2,1,0.6786233,1
2,1,0.5804793,1
2,1,0.627806,1
2,1,0.7241957,1
2,1,0.632433,1
2,1,0.5097285,1
2,1,0.829718,1
2,1,0.8742559,1
2,1,0.9368305,1
2,1,0.920181,1
2,1,0.871041,1
2,1,0.85897875,1
2,1,0.8968518,1
2,1,0.9136537,1
2,1,0.9122674,1
2,1,0.8343644,1
2,1,0.9061119,1
2,1,0.8800434,1
2,1,0.92089826,1
2,1,0.92153525,1
2,1,0.9526591,1
2,1,0.9556769,1
2,1,0.82140833,1
2,1,0.60016704,1
2,1,0.62885654,1
2,1,0.6054543,1
2,1,0.5397784,1
2,1,0.5987142,1
2,1,0.44827932,0
2,1,0.5139828,1
2,1,0.5960469,1
2,1,0.55750704,1
2,1,0.55511236,1
2,1,0.77223283,1
2,1,0.8299822,1
2,1,0.75843567,1
2,1,0.90903354,1
2,1,0.93170696,1
2,1,0.93002874,1
2,1,0.9102791,1
2,1,0.89866865,1
2,1,0.8858162,1
2,1,0.93441635,1
2,1,0.9114545,1
2,1,0.89757895,1
2,1,0.8436798,1
2,1,0.65584105,1
2,1,0.7831872,1
2,1,0.8258279,1
2,1,0.7860206,1
2,1,0.82076675,1
2,1,0.85768694,1
2,1,0.74943125,1
2,1,0.7347136,1
2,1,0.71919954,1
2,1,0.70248276,1
2,1,0.80820876,1
2,1,0.71258736,1
2,1,0.7919159,1
2,1,0.7957371,1
2,1,0.33977216,0
2,1,0.29573762,0
2,1,0.4399745,0
2,1,0.5744846,1
2,1,0.42468062,0
2,1,0.54409325,1
2,1,0.5396272,1
2,1,0.566217,1
2,1,0.46412778,0
2,1,0.7112242,1
2,1,0.6223786,1
2,1,0.5182293,1
2,1,0.5055028,1
2,1,0.5235026,1
2,1,0.6560117,1
2,0,0.8045447,1
2,0,0.78916883,1
2,0,0.4625784,0
2,0,0.7081894,1
2,0,0.51943696,1
2,0,0.7126785,1
2,0,0.7928647,1
2,0,0.75565976,1
2,0,0.64238524,1
2,0,0.74882895,1
2,0,0.6724241,1
2,0,0.7012362,1
2,0,0.5684121,1
2,0,0.64484125,1
2,0,0.66407675,1
2,0,0.77032894,1
2,0,0.74881744,1
2,0,0.80507827,1
2,0,0.7329334,1
2,0,0.8281681,1
2,0,0.7750958,1
2,0,0.73794895,1
2,0,0.77620953,1
2,0,0.6870809,1
2,0,0.7497952,1
2,0,0.81776404,1
2,0,0.7539317,1
2,0,0.62350523,1
2,0,0.6644597,1
2,0,0.6350052,1
2,0,0.7528834,1
2,0,0.72093624,1
2,0,0.57723415,1
2,0,0.59211123,1
2,0,0.41326058,0
2,0,0.38963225,0
2,0,0.47887895,0
2,0,0.39643002,0
2,0,0.34018618,0
2,0,0.427199,0
2,0,0.51391673,1
2,0,0.3548695,0
2,0,0.35350686,0
2,0,0.5768576,1
2,0,0.26971516,0
2,0,0.5197023,1
2,0,0.22397564,0
2,0,0.39126053,0
2,0,0.50823516,1
2,0,0.28810492,0
2,0,0.58433163,1
2,0,0.3971953,0
2,0,0.6809183,1
2,0,0.40089568,0
2,0,0.5021816,1
2,0,0.40628585,0
2,0,0.70725065,1
2,0,0.4432008,0
2,0,0.60990644,1
2,0,0.58757216,1
2,0,0.7017368,1
2,0,0.6744837,1
2,0,0.6957975,1
2,0,0.64667535,1
2,0,0.63874125,1
2,0,0.55521476,1
2,0,0.6125479,1
2,0,0.5463658,1
2,0,0.43002173,0
2,0,0.092678994,0
2,0,0.30359665,0
2,0,0.2184098,0
2,0,0.30489287,0
2,0,0.19691637,0
2,0,0.52369803,1
2,0,0.29626122,0
2,0,0.37270233,0
2,0,0.33543438,0
2,0,0.18451312,0
2,0,0.10706717,0
2,0,0.12799014,0
2,0,0.107382484,0
2,0,0.09925975,0
2,0,0.24429792,0
2,0,0.82488,1
2,0,0.8185917,1
2,0,0.76607716,1
2,0,0.8604009,1
2,0,0.84143907,1
2,0,0.85958517,1
2,0,0.75783175,1
2,0,0.77056,1
2,0,0.7784953,1
2,0,0.8537244,1
2,0,0.79263586,1
2,0,0.87552935,1
2,0,0.8910109,1
2,0,0.789183,1
2,0,0.817399,1
2,1,0.76191705,1
2,1,0.60928565,1
2,1,0.8170923,1
2,1,0.7866203,1
2,1,0.8813759,1
2,1,0.90030664,1
2,1,0.9174823,1
2,1,0.78143555,1
2,1,0.716223,1
2,1,0.77434903,1
2,1,0.79946536,1
2,1,0.8388092,1
2,1,0.8498245,1
2,1,0.8275034,1
2,1,0.77846664,1
2,1,0.747588,1
2,1,0.59258914,1
2,1,0.69447047,1
2,1,0.744888,1
2,1,0.62200975,1
2,1,0.5443198,1
2,1,0.74555,1
2,1,0.82215464,1
2,1,0.69205374,1
2,1,0.6438194,1
2,1,0.73854864,1
2,1,0.8964226,1
2,1,0.78969264,1
2,1,0.8098797,1
2,1,0.76892924,1
2,1,0.6543894,1
2,1,0.66245174,1
2,1,0.52334386,1
2,1,0.5409414,1
2,1,0.7518784,1
2,1,0.37714908,0
2,1,0.71198386,1
2,1,0.6289143,1
2,1,0.6828872,1
2,1,0.60763663,1
2,1,0.7375668,1
2,1,0.638637,1
2,1,0.5764619,1
2,1,0.74004155,1
2,1,0.6548716,1
2,1,0.82050174,1
2,1,0.66439134,1
2,1,0.71590245,1
2,1,0.7940119,1
2,1,0.7443822,1
2,1,0.66657716,1
2,1,0.72110176,1
2,1,0.73285353,1
2,1,0.5533723,1
2,0,0.5383606,1
2,0,0.4961528,0
2,0,0.5492534,1
2,0,0.7338461,1
2,0,0.7975558,1
2,0,0.7363235,1
2,0,0.71344984,1
2,0,0.8494514,1
2,0,0.723526,1
2,0,0.7023094,1
2,0,0.6055408,1
2,0,0.34755647,0
2,0,0.96013707,1
2,0,0.6312926,1
2,0,0.67218626,1
2,0,0.28835627,0
2,0,0.631848,1
2,0,0.5313142,1
2,0,0.4228276,0
2,0,0.4128573,0
2,0,0.3540564,0
2,0,0.6260002,1
2,0,0.7273607,1
2,0,0.7280144,1
2,0,0.21378817,0
2,0,0.5246047,1
2,0,0.8337219,1
2,0,0.6834536,1
2,0,0.783248,1
2,0,0.90820223,1
2,0,0.71552694,1
2,0,0.65169615,1
2,0,0.91823417,1
2,0,0.96729714,1
2,0,0.9558665,1
2,0,0.6051569,1
2,0,0.8180673,1
2,0,0.7434016,1
2,0,0.72347677,1
2,0,0.8931023,1
2,0,0.90029126,1
2,0,0.8479222,1
2,0,0.9340046,1
2,0,0.88705915,1
2,0,0.7011029,1
2,0,0.8695845,1
2,0,0.7389127,1
2,0,0.6780007,1
2,0,0.5260747,1
2,0,0.7775094,1
2,0,0.67829406,1
2,0,0.31139866,0
2,0,0.18967451,0
2,0,0.80076444,1
2,0,0.46693355,0
2,0,0.32552427,0
2,0,0.20032091,0
2,0,0.24842845,0
2,0,0.33554372,0
2,0,0.33028153,0
2,0,0.6640841,1
2,0,0.34197524,0
2,0,0.49363554,0
2,0,0.34968886,0
2,0,0.40541035,0
2,0,0.55732125,1
2,0,0.5020839,1
2,0,0.5001566,1
2,0,0.89258534,1
2,0,0.7573265,1
2,0,0.26250786,0
2,0,0.8321761,1
2,0,0.8254062,1
2,0,0.61360496,1
2,0,0.41779065,0
2,0,0.82434356,1
2,0,0.48814204,0
2,0,0.7119359,1
2,0,0.5849237,1
2,0,0.5503945,1
2,0,0.416937,0
2,0,0.6539587,1
2,0,0.3996344,0
2,0,0.5749574,1
2,0,0.2754445,0
2,0,0.45250773,0
2,0,0.44578326,0
2,0,0.5099686,1
2,0,0.4066146,0
2,0,0.4077942,0
2,0,0.44347134,0
2,0,0.6260045,1
2,0,0.40255827,0
2,0,0.41974282,0
2,0,0.42563793,0
2,0,0.35083315,0
2,0,0.16008179,0
2,0,0.34854394,0
2,0,0.3672748,0
2,0,0.39239052,0
2,0,0.30638388,0
2,0,0.42940745,0
2,0,0.35671213,0
2,0,0.4507563,0
2,0,0.59892565,1
2,0,0.679245,1
2,0,0.62200063,1
2,0,0.25023654,0
2,0,0.2423416,0
2,0,0.67276007,1
2,0,0.7834077,1
2,0,0.5734873,1
2,0,0.37590575,0
2,0,0.6789243,1
2,0,0.62490755,1
2,0,0.58484447,1
2,0,0.64270604,1
2,0,0.7052993,1
2,0,0.4202716,0
2,0,0.5014816,1
2,0,0.45157158,0
2,0,0.13757707,0
2,0,0.36876208,0
2,0,0.33456665,0
2,0,0.24552606,0
2,0,0.4051844,0
2,0,0.5935761,1
2,0,0.44868097,0
2,0,0.559127,1
2,0,0.5273615,1
2,0,0.3302989,0
2,0,0.69326925,1
2,0,0.7217107,1
2,0,0.8543289,1
2,0,0.6100136,1
2,0,0.7373216,1
2,0,0.49210945,0
2,0,0.87285155,1
2,0,0.70195657,1
2,0,0.85240996,1
2,0,0.57397705,1
2,0,0.6531587,1
2,0,0.73462296,1
2,0,0.5817014,1
2,0,0.6297637,1
2,0,0.7058513,1
2,0,0.659548,1
2,0,0.45500195,0
2,0,0.45254657,0
2,0,0.4088601,0
2,0,0.44847026,0
2,0,0.74836946,1
2,0,0.6078173,1
2,0,0.4230268,0
2,0,0.3555595,0
2,0,0.5145326,1
2,0,0.31685427,0
2,0,0.20373073,0
2,0,0.42498282,0
2,0,0.16809206,0
2,0,0.20365939,0
2,0,0.23289607,0
2,0,0.19613437,0
2,0,0.38238445,0
2,0,0.29916245,0
2,0,0.1934549,0
2,0,0.23882912,0
2,0,0.44320923,0
2,0,0.28275368,0
2,0,0.3646473,0
2,0,0.65059125,1
2,0,0.5850165,1
2,0,0.45053175,0
2,0,0.36753413,0
2,0,0.32016143,0
2,0,0.4362432,0
2,0,0.25247198,0
2,0,0.29705843,0
2,0,0.39150125,0
2,0,0.47546664,0
2,0,0.3660661,0
2,0,0.46336603,0
2,0,0.83001935,1
2,0,0.5476021,1
2,0,0.16996685,0
2,0,0.41803056,0
2,0,0.5703213,1
2,0,0.498934,0
2,0,0.7138269,1
2,0,0.80608267,1
2,0,0.49773845,0
2,0,0.64075315,1
2,0,0.58453584,1
2,0,0.63358474,1
2,0,0.7663038,1
2,0,0.72032106,1
2,0,0.6006843,1
2,0,0.76802164,1
2,0,0.7664664,1
2,0,0.74187607,1
2,0,0.66382784,1
2,0,0.6419591,1
2,0,0.69144994,1
2,0,0.7002873,1
2,0,0.7610334,1
2,0,0.65010774,1
2,0,0.5887748,1
2,0,0.36479396,0
2,0,0.43880776,0
2,0,0.48188788,0
2,0,0.18073751,0
2,0,0.2763193,0
2,0,0.32431656,0
2,0,0.5453613,1
2,0,0.53847545,1
2,0,0.32087255,0
2,0,0.43063754,0
2,0,0.3821907,0
2,0,0.2796455,0
2,0,0.7151505,1
2,0,0.18895838,0
2,0,0.4333037,0
2,0,0.58105284,1
2,0,0.3607793,0
2,0,0.39748493,0
2,0,0.63875484,1
2,0,0.59149456,1
2,0,0.44090664,0
2,0,0.2581486,0
2,0,0.35571295,0
2,0,0.33667737,0
2,0,0.3433253,0
2,0,0.7599635,1
2,0,0.58968925,1
2,0,0.6699611,1
2,0,0.4760581,0
2,0,0.55840844,1
2,0,0.32721278,0
2,0,0.500851,1
2,0,0.5720286,1
2,0,0.5590421,1
2,0,0.2810997,0
2,0,0.5475015,1
2,0,0.41114843,0
2,0,0.40158913,0
2,0,0.32971454,0
2,0,0.40069437,0
2,0,0.5193151,1
2,0,0.40708807,0
2,0,0.732553,1
2,0,0.4350624,0
2,0,0.5259437,1
2,0,0.6751135,1
2,0,0.49776927,0
2,0,0.6433399,1
2,0,0.71496004,1
2,0,0.74853176,1
2,0,0.43578464,0
2,0,0.6625992,1
2,0,0.5635165,1
2,0,0.6215092,1
2,0,0.6309126,1
2,0,0.47587425,0
2,0,0.38911873,0
2,0,0.5479117,1
2,0,0.8205174,1
2,0,0.5614357,1
2,0,0.42218667,0
2,0,0.4468078,0
2,0,0.29143003,0
2,0,0.76712584,1
2,0,0.1852332,0
2,0,0.52864194,1
2,0,0.5603004,1
2,0,0.3970792,0
2,0,0.27902603,0
2,0,0.4693147,0
2,0,0.6078468,1
2,0,0.4389019,0
2,0,0.30365646,0
2,0,0.44079316,0
2,0,0.49544334,0
2,0,0.44965628,0
2,0,0.5375836,1
2,0,0.51137733,1
2,0,0.60573965,1
2,0,0.51027036,1
2,0,0.75219876,1
2,0,0.48617038,0
2,0,0.4431975,0
2,0,0.49300507,0
2,0,0.6239777,1
2,0,0.4415902,0
2,0,0.35452932,0
2,0,0.57686913,1
2,0,0.6352321,1
2,0,0.38680983,0
2,0,0.5321361,1
2,0,0.49280983,0
2,0,0.49209604,0
2,1,0.028307045,0
2,1,0.07882735,0
2,1,0.051640376,0
2,1,0.041905306,0
2,1,0.12052342,0
2,1,0.14361024,0
2,1,0.16831541,0
2,1,0.28657666,0
2,1,0.23026487,0
2,1,0.14485495,0
2,1,0.10284135,0
2,1,0.08261361,0
2,1,0.10719863,0
2,1,0.28316522,0
2,1,0.11749832,0
2,1,0.22833894,0
2,1,0.12714696,0
2,1,0.19401148,0
2,1,0.077222675,0
2,1,0.16905102,0
2,1,0.15929092,0
2,1,0.17085852,0
2,1,0.22908479,0
2,1,0.14394419,0
2,1,0.17133552,0
2,1,0.14910097,0
2,1,0.12005013,0
2,1,0.24316242,0
2,1,0.27823707,0
2,1,0.2740669,0
2,1,0.34182677,0
2,1,0.2406468,0
2,1,0.21965691,0
2,1,0.36019439,0
2,1,0.2989115,0
2,1,0.27260485,0
2,1,0.045154195,0
2,1,0.20475829,0
2,1,0.073180184,0
2,1,0.19353017,0
2,1,0.14575359,0
2,1,0.17035256,0
2,1,0.1979492,0
2,1,0.14403494,0
2,1,0.116958156,0
2,1,0.25629497,0
2,1,0.07958616,0
2,1,0.12177559,0
2,1,0.050818503,0
2,1,0.07867863,0
2,1,0.06402842,0
2,1,0.09571584,0
2,1,0.12844673,0
2,1,0.12739463,0
2,1,0.13486746,0
2,1,0.28559586,0
2,1,0.44375566,0
2,1,0.26706487,0
2,1,0.4125602,0
2,1,0.30845076,0
2,1,0.46364444,0
2,1,0.52966785,1
2,1,0.4193866,0
2,1,0.5706537,1
2,1,0.701069,1
2,1,0.788459,1
2,1,0.8130583,1
2,1,0.7755939,1
2,1,0.754744,1
2,1,0.8856176,1
2,1,0.8055527,1
2,1,0.8435784,1
2,1,0.7819284,1
2,1,0.80767643,1
2,1,0.8293267,1
2,1,0.8849594,1
2,1,0.8128135,1
2,1,0.8062935,1
2,1,0.6551655,1
2,1,0.7727754,1
2,1,0.22479725,0
2,1,0.09466099,0
2,1,0.20432985,0
2,1,0.1453073,0
2,1,0.15456955,0
2,1,0.13728358,0
2,1,0.59229434,1
2,1,0.53735304,1
2,1,0.63850015,1
2,1,0.43667662,0
2,1,0.5312522,1
2,1,0.87375045,1
2,1,0.6053347,1
2,1,0.58467156,1
2,1,0.68353117,1
2,1,0.61344147,1
2,1,0.6622728,1
2,1,0.6174569,1
2,1,0.7112384,1
2,1,0.6454419,1
2,1,0.7082117,1
2,1,0.74145377,1
2,1,0.86562437,1
2,1,0.82802284,1
2,1,0.901132,1
2,1,0.81894875,1
2,1,0.9066068,1
2,1,0.97419465,1
2,1,0.87573475,1
2,1,0.78870153,1
2,1,0.7791752,1
2,1,0.7844511,1
2,1,0.7264482,1
2,1,0.87826395,1
2,1,0.87444913,1
2,1,0.85522056,1
2,1,0.7259091,1
2,1,0.8241099,1
2,1,0.64954865,1
2,1,0.68473524,1
2,1,0.9254454,1
2,1,0.94262666,1
2,1,0.70468634,1
2,1,0.73319083,1
2,1,0.5642823,1
2,1,0.69009477,1
2,1,0.67409027,1
2,1,0.562131,1
2,1,0.63396317,1
2,1,0.5431467,1
2,1,0.65625733,1
2,1,0.66616786,1
2,1,0.6909288,1
2,1,0.6548715,1
2,1,0.55238825,1
2,1,0.54292756,1
2,1,0.6674687,1
2,1,0.61470926,1
2,1,0.5840706,1
2,1,0.8502819,1
2,1,0.86672974,1
2,1,0.7295561,1
2,1,0.70451903,1
2,1,0.7519938,1
2,1,0.86241454,1
2,1,0.75766575,1
2,1,0.81669647,1
2,1,0.8567699,1
2,1,0.8842399,1
2,1,0.8408697,1
2,1,0.7829552,1
2,1,0.7628827,1
2,1,0.7426035,1
2,1,0.82776225,1
2,1,0.73338825,1
2,1,0.9488992,1
2,1,0.9202977,1
2,1,0.8825579,1
2,1,0.78352803,1
2,1,0.89051336,1
2,1,0.8500208,1
2,1,0.782307,1
2,1,0.81724834,1
2,1,0.78186,1
2,1,0.83459604,1
2,1,0.8844082,1
2,1,0.6753926,1
2,1,0.30251563,0
2,1,0.26856038,0
2,1,0.5150876,1
2,1,0.3311097,0
2,1,0.28884572,0
2,1,0.44340533,0
2,1,0.33127892,0
2,1,0.56049347,1
2,1,0.42677513,0
2,1,0.35047817,0
2,1,0.71509236,1
2,1,0.6847573,1
2,1,0.6586118,1
2,1,0.6130264,1
2,1,0.7700246,1
2,1,0.74320394,1
2,1,0.8328195,1
2,1,0.7540395,1
2,1,0.791319,1
2,1,0.764765,1
2,1,0.8533292,1
2,1,0.8141833,1
2,1,0.8497495,1
2,1,0.806431,1
2,1,0.8360355,1
2,1,0.8058243,1
2,1,0.8355778,1
2,1,0.7137878,1
2,1,0.8868411,1
2,1,0.79691035,1
2,1,0.7769288,1
2,1,0.7893556,1
2,1,0.77715474,1
2,1,0.72413915,1
2,1,0.65268075,1
2,1,0.5459796,1
2,1,0.48107305,0
2,1,0.5939623,1
2,1,0.66979057,1
2,1,0.6209295,1
2,1,0.73717934,1
2,1,0.9389707,1
2,1,0.8945177,1
2,1,0.9700136,1
2,1,0.9105774,1
2,1,0.9055821,1
2,1,0.9114731,1
2,1,0.7659512,1
2,1,0.7609699,1
2,1,0.55852175,1
2,1,0.7972448,1
2,1,0.74402237,1
2,1,0.36477107,0
2,1,0.5037081,1
2,1,0.59408724,1
2,1,0.6878063,1
2,1,0.66501254,1
2,1,0.8526448,1
2,1,0.725628,1
2,1,0.71742195,1
2,1,0.93866557,1
2,1,0.90219295,1
2,1,0.82972026,1
2,1,0.87206024,1
2,1,0.8827396,1
2,1,0.9307734,1
2,1,0.8752503,1
2,1,0.9472628,1
2,1,0.91250455,1
2,1,0.9718107,1
2,1,0.99013126,1
2,1,0.83480936,1
2,1,0.9922571,1
2,1,0.9863332,1
2,1,0.9839722,1
2,1,0.8088446,1
2,1,0.9421731,1
2,1,0.9139493,1
2,1,0.9223601,1
2,1,0.8361897,1
2,1,0.92616284,1
2,1,0.95893794,1
2,1,0.8393059,1
2,1,0.9704551,1
2,1,0.9881887,1
2,1,0.7659028,1
2,1,0.9818246,1
2,1,0.9919516,1
2,1,0.98690665,1
2,1,0.98588043,1
2,1,0.97932684,1
2,1,0.9741984,1
2,1,0.9934995,1
2,1,0.9959105,1
2,1,0.83962965,1
2,1,0.9919145,1
2,1,0.98806375,1
2,1,0.8426969,1
2,1,0.86284053,1
2,1,0.251816,0
2,1,0.13557139,0
2,1,0.10819376,0
2,1,0.11951138,0
2,1,0.15324403,0
2,1,0.15676978,0
2,1,0.065567695,0
2,1,0.18334892,0
2,1,0.105648406,0
2,1,0.086913645,0
2,1,0.10019609,0
2,1,0.072787374,0
2,1,0.0693579,0
2,1,0.067244165,0
2,1,0.065815434,0
2,1,0.03557242,0
2,1,0.08444651,0
2,1,0.1176459,0
2,1,0.07787963,0
2,1,0.20623846,0
2,1,0.51264536,1
2,1,0.79561305,1
2,1,0.73304015,1
2,0,0.8515797,1
2,0,0.87517357,1
2,0,0.84158427,1
2,0,0.7180069,1
2,0,0.7988825,1
2,0,0.65824705,1
2,0,0.7570849,1
2,0,0.69777673,1
2,0,0.7981427,1
2,0,0.6240024,1
2,0,0.82295585,1
2,0,0.66060585,1
2,0,0.6812804,1
2,0,0.7373515,1
2,0,0.76060694,1
2,0,0.6105432,1
2,0,0.7421942,1
2,0,0.660922,1
2,0,0.6924104,1
2,0,0.77794945,1
2,0,0.8210299,1
2,0,0.8895823,1
2,0,0.83534485,1
2,0,0.94448674,1
2,0,0.8414225,1
2,0,0.81158835,1
2,0,0.7825666,1
2,0,0.8431005,1
2,0,0.79727113,1
2,0,0.8651825,1
2,0,0.8535744,1
2,1,0.7335458,1
2,1,0.8626819,1
2,1,0.7769039,1
2,1,0.62902826,1
2,1,0.8899618,1
2,1,0.653589,1
2,1,0.7804057,1
2,1,0.5629665,1
2,1,0.755253,1
2,1,0.59184134,1
2,1,0.5769158,1
2,1,0.64633155,1
2,1,0.7600288,1
2,1,0.7263219,1
2,1,0.6685311,1
2,1,0.6858722,1
2,1,0.82041144,1
2,1,0.82321835,1
2,1,0.82680875,1
2,1,0.83701307,1
2,1,0.75369847,1
2,1,0.7026209,1
2,1,0.89954114,1
2,1,0.7615781,1
2,1,0.842202,1
2,1,0.7713863,1
2,1,0.9295481,1
2,1,0.7308456,1
2,1,0.86852944,1
2,1,0.88700736,1
2,1,0.614195,1
2,1,0.76280296,1
2,0,0.70220494,1
2,0,0.7082507,1
2,0,0.6935206,1
2,0,0.876017,1
2,0,0.8475584,1
2,0,0.8143881,1
2,0,0.8619858,1
2,1,0.73149985,1
2,1,0.85279477,1
2,1,0.76714134,1
2,1,0.55651057,1
2,1,0.72798085,1
2,0,0.55559015,1
2,0,0.6326449,1
2,0,0.69898725,1
2,0,0.63825834,1
2,0,0.74071395,1
2,0,0.7054191,1
2,0,0.68421227,1
2,1,0.6310847,1
2,1,0.5879996,1
2,1,0.5101203,1
2,1,0.4060014,0
2,1,0.6749727,1
2,1,0.5909412,1
2,1,0.55670774,1
2,1,0.61054194,1
2,1,0.6147482,1
2,1,0.6685439,1
2,1,0.6211997,1
2,1,0.70555544,1
2,1,0.6203138,1
2,1,0.5935991,1
2,1,0.6239964,1
2,1,0.5841156,1
2,1,0.5154465,1
2,1,0.5732833,1
2,1,0.47333473,0
2,1,0.6277114,1
2,1,0.6263187,1
2,1,0.67264193,1
2,0,0.7552948,1
2,0,0.6575834,1
2,0,0.54149073,1
2,0,0.44571486,0
2,0,0.41021958,0
2,0,0.4791181,0
2,0,0.3942159,0
2,0,0.30187362,0
2,0,0.34505472,0
2,0,0.23800628,0
2,0,0.25092974,0
2,0,0.27674046,0
2,0,0.33331484,0
2,1,0.14121166,0
2,1,0.412162,0
2,1,0.392318,0
2,1,0.42072842,0
2,1,0.6461966,1
2,1,0.81661683,1
2,1,0.8380648,1
2,1,0.6406507,1
2,1,0.5732904,1
2,1,0.5398973,1
2,1,0.6147113,1
2,1,0.69980246,1
2,1,0.67551464,1
2,1,0.6858181,1
2,1,0.19743395,0
2,1,0.7672829,1
2,1,0.8343997,1
2,1,0.86217344,1
2,1,0.9611918,1
2,1,0.8674664,1
2,1,0.934911,1
2,1,0.91757023,1
2,1,0.9526422,1
2,1,0.84403914,1
2,1,0.781614,1
2,1,0.67288685,1
2,0,0.7957622,1
2,0,0.80149734,1
2,0,0.6907819,1
2,0,0.5864624,1
2,0,0.78543246,1
2,0,0.8921471,1
2,0,0.6889141,1
2,0,0.8083429,1
2,0,0.7109556,1
2,0,0.6571875,1
2,0,0.692656,1
2,0,0.8693285,1
2,0,0.7423738,1
2,0,0.6300554,1
2,0,0.82088965,1
2,0,0.6908282,1
2,0,0.650011,1
2,0,0.8185021,1
2,0,0.8007434,1
2,0,0.7317922,1
2,0,0.81118447,1
2,0,0.8180743,1
2,0,0.77850163,1
2,0,0.73929507,1
2,0,0.7887759,1
2,0,0.81593865,1
2,0,0.61069864,1
2,0,0.7739667,1
2,0,0.8236878,1
2,0,0.7876222,1
2,0,0.59452665,1
2,0,0.7738168,1
2,0,0.81307226,1
2,0,0.7857521,1
2,0,0.8242285,1
2,0,0.8264121,1
2,0,0.6072478,1
2,0,0.732642,1
2,0,0.7032717,1
2,0,0.57422584,1
2,0,0.54042375,1
2,0,0.45189574,0
2,0,0.6250528,1
2,0,0.5546048,1
2,0,0.6173516,1
2,0,0.6613462,1
2,0,0.6309579,1
2,0,0.73828876,1
2,0,0.69072616,1
2,0,0.80997634,1
2,0,0.85094404,1
2,0,0.81594205,1
2,0,0.83095825,1
2,0,0.69197977,1
2,0,0.5754071,1
2,0,0.4768648,0
2,0,0.6888965,1
2,0,0.6329538,1
2,0,0.5558832,1
2,0,0.63627315,1
2,0,0.68165827,1
2,0,0.81046206,1
2,0,0.80217886,1
2,0,0.9121084,1
2,0,0.7630403,1
2,0,0.84835243,1
2,0,0.75266683,1
2,0,0.7016301,1
2,0,0.8611795,1
2,0,0.7413922,1
2,0,0.6491666,1
2,0,0.70057017,1
2,0,0.6103475,1
2,0,0.54309505,1
2,0,0.5706659,1
2,0,0.5249109,1
2,0,0.62106365,1
2,0,0.64000505,1
2,0,0.6157727,1
2,0,0.5868038,1
2,0,0.549355,1
2,0,0.4838798,0
2,0,0.34884277,0
2,0,0.50508875,1
2,0,0.4840298,0
2,0,0.4863691,0
2,0,0.54200613,1
2,0,0.50357044,1
2,0,0.53375643,1
2,0,0.38348755,0
2,0,0.53996736,1
2,0,0.7117164,1
2,0,0.65642405,1
2,0,0.63914144,1
2,0,0.5306495,1
2,0,0.49051812,0
2,0,0.43364376,0
2,0,0.5693954,1
2,0,0.54000455,1
2,0,0.506039,1
2,0,0.5161758,1
2,0,0.3999615,0
2,0,0.5374545,1
2,0,0.45081586,0
2,0,0.6332731,1
2,0,0.5819286,1
2,0,0.60096693,1
2,0,0.6360963,1
2,0,0.6228288,1
2,0,0.5045009,1
2,0,0.5117157,1
2,0,0.4793532,0
2,0,0.4754743,0
2,0,0.4102479,0
2,0,0.5763765,1
2,0,0.48058486,0
2,0,0.53320646,1
2,0,0.42190784,0
2,0,0.47033247,0
2,0,0.25916493,0
2,0,0.5789364,1
2,0,0.49157086,0
2,0,0.45273548,0
2,0,0.7077243,1
2,0,0.7753091,1
2,0,0.7650497,1
2,0,0.88152057,1
2,0,0.84440756,1
2,0,0.56200874,1
2,0,0.57989454,1
2,0,0.7766896,1
2,0,0.68009496,1
2,0,0.667692,1
2,0,0.5238459,1
2,0,0.29591444,0
2,0,0.45059276,0
2,0,0.7283248,1
2,0,0.7830846,1
2,0,0.92492324,1
2,0,0.6438354,1
2,0,0.91051614,1
2,0,0.75860363,1
2,0,0.8460722,1
2,0,0.7421699,1
2,0,0.7391079,1
2,0,0.72122264,1
2,0,0.3560774,0
2,1,0.66910124,1
2,1,0.80367374,1
2,1,0.73016584,1
2,1,0.7961333,1
2,1,0.87613666,1
2,1,0.8599908,1
2,1,0.8206362,1
2,1,0.8321728,1
2,1,0.6351549,1
2,1,0.6086924,1
2,1,0.5683958,1
2,1,0.7617736,1
2,1,0.6067397,1
2,1,0.8183499,1
2,1,0.7898905,1
2,1,0.8827215,1
2,1,0.90205157,1
2,1,0.9173573,1
2,1,0.78262293,1
2,1,0.71497935,1
2,1,0.77381885,1
2,1,0.7999566,1
2,1,0.83854735,1
2,1,0.85055006,1
2,1,0.827441,1
2,1,0.7793979,1
2,1,0.74621034,1
2,1,0.5882129,1
2,1,0.69479835,1
2,1,0.7416388,1
2,1,0.6262838,1
2,1,0.54386544,1
2,1,0.74684185,1
2,1,0.82301766,1
2,1,0.6861705,1
2,1,0.6462699,1
2,1,0.31910402,0
2,1,0.7143219,1
2,1,0.7239493,1
2,1,0.80393183,1
2,1,0.9567355,1
2,1,0.89080244,1
2,1,0.826921,1
2,1,0.6452414,1
2,1,0.7305653,1
2,1,0.81568766,1
2,1,0.7836232,1
2,1,0.717579,1
2,1,0.15353179,0
2,1,0.2313346,0
2,1,0.25313106,0
2,1,0.4575709,0
2,1,0.35157034,0
2,1,0.46016762,0
2,1,0.45285463,0
2,1,0.61652917,1
2,1,0.3672418,0
2,1,0.39724377,0
2,1,0.44361237,0
2,1,0.7161126,1
2,1,0.5141225,1
2,1,0.34862944,0
2,1,0.43081853,0
2,1,0.21435605,0
2,1,0.1451483,0
2,1,0.18308719,0
2,1,0.17566444,0
2,1,0.16215341,0
2,1,0.41099414,0
2,1,0.17699476,0
2,1,0.38766634,0
2,1,0.26622096,0
2,1,0.41410583,0
2,1,0.17196415,0
2,1,0.43256143,0
2,1,0.18004304,0
2,1,0.32548997,0
2,0,0.61384517,1
2,0,0.67771214,1
2,0,0.7125769,1
2,0,0.88490415,1
2,0,0.85192966,1
2,0,0.7988136,1
2,0,0.7189363,1
2,0,0.64912266,1
2,0,0.7537367,1
2,0,0.767102,1
2,0,0.8699432,1
2,1,0.89312065,1
2,1,0.8374193,1
2,1,0.9307077,1
2,1,0.9400607,1
2,1,0.93221754,1
2,1,0.93762034,1
2,1,0.96371037,1
2,1,0.9443697,1
2,1,0.94029,1
2,1,0.9615559,1
2,1,0.9548653,1
2,1,0.96623313,1
2,1,0.9793401,1
2,1,0.97471607,1
2,1,0.9800283,1
2,1,0.9755912,1
2,1,0.9703761,1
2,1,0.9687076,1
2,1,0.98310226,1
2,1,0.9745588,1
2,1,0.9650679,1
2,1,0.9847825,1
2,1,0.97602785,1
2,1,0.9713874,1
2,1,0.9827153,1
2,1,0.9791877,1
2,1,0.9684065,1
2,1,0.9822541,1
2,1,0.9727456,1
2,1,0.9260286,1
2,1,0.628785,1
2,1,0.6503635,1
2,1,0.51093245,1
2,1,0.5828022,1
2,1,0.6649082,1
2,1,0.5364453,1
2,1,0.5588555,1
2,1,0.62867165,1
2,1,0.58381915,1
2,1,0.6749865,1
2,1,0.51495314,1
2,1,0.49540377,0
2,1,0.6552464,1
2,1,0.6691705,1
2,1,0.6474191,1
2,1,0.77445376,1
2,1,0.6512314,1
2,1,0.74046105,1
2,1,0.6717948,1
2,1,0.6535343,1
2,1,0.61517984,1
2,1,0.48290065,0
2,1,0.6698426,1
2,1,0.5383237,1
2,0,0.6603273,1
2,0,0.71407646,1
2,0,0.74288136,1
2,0,0.6793157,1
2,0,0.68632764,1
2,0,0.5942038,1
2,0,0.61368024,1
2,0,0.5318336,1
2,0,0.5340275,1
2,0,0.6824667,1
2,0,0.602465,1
2,0,0.5745157,1
2,0,0.7264911,1
2,0,0.7613054,1
2,0,0.52161574,1
2,0,0.6928984,1
2,0,0.60149395,1
2,0,0.5019449,1
2,0,0.6858109,1
2,0,0.56847435,1
2,0,0.5353029,1
2,0,0.5871038,1
2,0,0.46251172,0
2,0,0.4470598,0
2,0,0.4893883,0
2,0,0.38111112,0
2,0,0.25600192,0
2,0,0.38084987,0
2,0,0.30997962,0
2,0,0.30834386,0
2,1,0.69660574,1
2,1,0.48256078,0
2,1,0.41648057,0
2,1,0.60615736,1
2,1,0.46705753,0
2,1,0.41678822,0
2,1,0.29583174,0
2,1,0.38968137,0
2,1,0.36273655,0
2,1,0.35167867,0
2,1,0.4380541,0
2,1,0.6544602,1
2,1,0.3939376,0
2,1,0.6530841,1
2,1,0.64105654,1
2,1,0.42787898,0
2,1,0.62887836,1
2,1,0.61158836,1
2,1,0.6000535,1
2,1,0.6971556,1
2,1,0.68973774,1
2,1,0.7464594,1
2,1,0.7246851,1
2,1,0.7197955,1
2,1,0.8639246,1
2,1,0.7722641,1
2,1,0.6804839,1
2,1,0.80482376,1
2,1,0.7658688,1
2,1,0.6245862,1
2,1,0.6218688,1
2,1,0.59217745,1
2,1,0.6678076,1
2,1,0.6158362,1
2,1,0.6416704,1
2,0,0.7308776,1
2,0,0.6865875,1
2,0,0.6387218,1
2,0,0.6652257,1
2,0,0.7082579,1
2,0,0.68295366,1
2,0,0.62615967,1
2,0,0.62564576,1
2,0,0.8127112,1
2,0,0.79793185,1
2,0,0.8457333,1
2,0,0.76475745,1
2,0,0.686732,1
2,0,0.86433595,1
2,0,0.8061486,1
2,0,0.7090529,1
2,0,0.83397573,1
2,0,0.86007947,1
2,0,0.85488266,1
2,0,0.75887924,1
2,0,0.8076866,1
2,0,0.7921597,1
2,1,0.7952476,1
2,1,0.7949798,1
2,1,0.8185104,1
2,1,0.73133665,1
2,1,0.7276439,1
2,1,0.8496185,1
2,1,0.76561654,1
2,1,0.7219023,1
2,1,0.83306706,1
2,1,0.7772286,1
2,1,0.64315856,1
2,1,0.7075065,1
2,1,0.84226865,1
2,1,0.6917574,1
2,1,0.6804003,1
2,1,0.7418958,1
2,1,0.8352157,1
2,1,0.74496317,1
2,1,0.8059139,1
2,1,0.7345556,1
2,1,0.80184895,1
2,1,0.8482894,1
2,1,0.70472145,1
2,1,0.6819571,1
2,1,0.79949504,1
2,1,0.74174476,1
2,1,0.6488806,1
2,1,0.6438166,1
2,1,0.80334574,1
2,1,0.6923827,1
2,0,0.6516199,1
2,0,0.73552,1
2,0,0.82344955,1
2,0,0.6229339,1
2,0,0.6757827,1
2,0,0.8056558,1
2,0,0.68187857,1
2,0,0.7493843,1
2,0,0.8699669,1
2,0,0.8031165,1
2,0,0.5811843,1
2,0,0.75727487,1
2,0,0.8347831,1
2,0,0.75247955,1
2,0,0.676481,1
2,1,0.7825666,1
2,1,0.8431005,1
2,1,0.79727113,1
2,1,0.8651825,1
2,1,0.8535744,1
2,1,0.7335458,1
2,1,0.8626819,1
2,1,0.7769039,1
2,1,0.62902826,1
2,1,0.8899618,1
2,1,0.653589,1
2,1,0.7804057,1
2,1,0.5629665,1
2,1,0.755253,1
2,1,0.59184134,1
2,1,0.5769158,1
2,1,0.702689,1
2,1,0.64633155,1
2,1,0.7600288,1
2,1,0.7263219,1
2,1,0.6685311,1
2,1,0.6858722,1
2,1,0.8083209,1
2,0,0.8619858,1
2,0,0.73149985,1
2,0,0.85279477,1
2,0,0.76714134,1
2,0,0.55651057,1
2,0,0.72798085,1
2,0,0.55559015,1
2,0,0.6326449,1
2,0,0.69898725,1
2,1,0.25092974,0
2,1,0.27674046,0
2,1,0.33331484,0
2,1,0.14121166,0
2,1,0.412162,0
2,1,0.392318,0
2,1,0.42072842,0
2,1,0.6461966,1
2,1,0.81661683,1
2,1,0.8380648,1
2,1,0.6406507,1
2,1,0.5732904,1
2,1,0.5398973,1
2,1,0.6147113,1
2,1,0.69980246,1
2,1,0.67551464,1
2,1,0.6858181,1
2,1,0.19743395,0
2,1,0.7672829,1
2,1,0.8343997,1
2,1,0.86217344,1
2,1,0.9611918,1
2,1,0.8674664,1
2,1,0.934911,1
2,1,0.51420516,1
2,1,0.6404421,1
2,1,0.6037246,1
2,1,0.7683423,1
2,1,0.65171295,1
2,1,0.6999928,1
2,1,0.6565842,1
2,1,0.6892543,1
2,1,0.6536827,1
2,1,0.33135533,0
2,1,0.294035,0
2,1,0.37471527,0
2,1,0.90204006,1
2,1,0.68824035,1
2,1,0.78111655,1
2,1,0.81661695,1
2,1,0.7740712,1
2,1,0.94804174,1
2,1,0.64681447,1
2,1,0.6607759,1
2,1,0.52458817,1
2,1,0.8591016,1
2,1,0.68299836,1
2,1,0.8100524,1
2,1,0.49226233,0
2,1,0.5036056,1
2,1,0.51670504,1
2,1,0.70615983,1
2,1,0.75273085,1
2,1,0.6965856,1
2,1,0.75113124,1
2,1,0.68832815,1
2,1,0.6298164,1
2,1,0.70570546,1
2,1,0.67707825,1
2,1,0.62525547,1
2,1,0.5969348,1
2,1,0.6250521,1
2,1,0.7347029,1
2,1,0.62994695,1
2,1,0.49980336,0
2,1,0.61299306,1
2,1,0.63789827,1
2,1,0.5118297,1
2,1,0.37007064,0
2,1,0.6293861,1
2,1,0.49867463,0
2,1,0.6822799,1
2,1,0.61493766,1
2,1,0.66398484,1
2,1,0.6635749,1
2,1,0.76829314,1
2,1,0.5970166,1
2,1,0.37600988,0
2,1,0.6015314,1
2,1,0.5778883,1
2,1,0.290372,0
2,1,0.15805553,0
2,1,0.1177398,0
2,1,0.18688907,0
2,1,0.18684076,0
2,1,0.1560022,0
2,1,0.2078902,0
2,1,0.25539893,0
2,1,0.25322574,0
2,1,0.2665037,0
2,1,0.18339498,0
2,1,0.15859054,0
2,1,0.15783668,0
2,1,0.13446577,0
2,1,0.12949714,0
2,1,0.124219835,0
2,1,0.10526578,0
2,0,0.22100918,0
2,0,0.17736802,0
2,0,0.2069395,0
2,0,0.2395376,0
2,0,0.07741049,0
2,0,0.18177417,0
2,0,0.14605875,0
2,0,0.16491213,0
2,0,0.27492374,0
2,0,0.18677714,0
2,1,0.59801406,1
2,1,0.6877762,1
2,1,0.74944836,1
2,1,0.80424684,1
2,1,0.68669826,1
2,1,0.62379897,1
2,1,0.572375,1
2,1,0.70085764,1
2,1,0.56554884,1
2,1,0.6125177,1
2,1,0.58538973,1
2,1,0.77355033,1
2,1,0.6246828,1
2,1,0.634164,1
2,1,0.5812264,1
2,1,0.6027647,1
2,1,0.5103929,1
2,1,0.5447202,1
2,1,0.36559314,0
2,1,0.81603247,1
2,1,0.7948359,1
2,1,0.45339406,0
2,1,0.5156704,1
2,1,0.78418154,1
2,1,0.608907,1
2,1,0.522483,1
2,1,0.6637702,1
2,1,0.45231873,0
2,1,0.75841016,1
2,1,0.5116102,1
2,1,0.56254166,1
2,1,0.47048506,0
2,1,0.6485103,1
2,1,0.6344652,1
2,1,0.7298264,1
2,1,0.7279977,1
2,1,0.7599638,1
2,1,0.7230307,1
2,1,0.7684235,1
2,1,0.65777886,1
2,1,0.637445,1
2,1,0.6600228,1
2,1,0.6382445,1
2,1,0.515906,1
2,1,0.6992558,1
2,1,0.6938834,1
2,1,0.5970951,1
2,1,0.7986558,1
2,1,0.7480714,1
2,1,0.71412015,1
2,1,0.36567926,0
2,1,0.51374555,1
2,1,0.5780683,1
2,1,0.5019992,1
2,1,0.589978,1
2,1,0.65296924,1
2,1,0.69361234,1
2,1,0.8391088,1
2,1,0.64653105,1
2,1,0.8808032,1
2,1,0.77969235,1
2,1,0.71955746,1
2,1,0.91932714,1
2,1,0.92394406,1
2,1,0.8358536,1
2,1,0.86155367,1
2,1,0.85633343,1
2,1,0.8673675,1
2,1,0.8122114,1
2,1,0.65418655,1
2,1,0.79388404,1
2,1,0.8071805,1
2,1,0.88643694,1
2,1,0.7843215,1
2,1,0.86933255,1
2,1,0.9154245,1
2,1,0.8440072,1
2,1,0.8884023,1
2,1,0.88063836,1
2,1,0.82132286,1
2,0,0.7765485,1
2,0,0.5726204,1
2,0,0.5217418,1
2,0,0.6448684,1
2,0,0.4348596,0
2,0,0.5149975,1
2,0,0.7077513,1
2,0,0.5019764,1
2,0,0.83158726,1
2,0,0.74640507,1
2,0,0.76462775,1
2,0,0.60932773,1
2,0,0.5140811,1
2,0,0.753201,1
2,0,0.64193976,1
2,0,0.94807976,1
2,0,0.6734011,1
2,0,0.6856972,1
2,0,0.7145072,1
2,0,0.65558904,1
2,0,0.7109138,1
2,0,0.82877815,1
2,0,0.84720904,1
2,0,0.8487507,1
2,0,0.8011437,1
2,0,0.69562286,1
2,0,0.79310125,1
2,0,0.8819406,1
2,0,0.724635,1
2,0,0.82761616,1
2,0,0.8756458,1
2,0,0.9217125,1
2,0,0.7082098,1
2,0,0.8213492,1
2,0,0.8534699,1
2,0,0.84741527,1
2,0,0.8860965,1
2,0,0.88142604,1
2,0,0.8897252,1
2,0,0.95367587,1
2,0,0.8917653,1
2,0,0.96708375,1
2,0,0.9526066,1
2,0,0.85012007,1
2,0,0.7046088,1
2,0,0.81243354,1
2,0,0.6517481,1
2,0,0.63784146,1
2,0,0.685763,1
2,0,0.42348394,0
2,0,0.7866786,1
2,0,0.5706847,1
2,0,0.6479264,1
2,0,0.8263835,1
2,0,0.6331454,1
2,0,0.8605429,1
2,0,0.7681234,1
2,0,0.761373,1
2,0,0.8907561,1
2,0,0.8307176,1
2,0,0.7140578,1
2,0,0.6860412,1
2,0,0.68304074,1
2,0,0.77304155,1
2,0,0.5778077,1
2,0,0.7645759,1
2,0,0.71264815,1
2,0,0.91765285,1
2,0,0.7817671,1
2,0,0.8583389,1
2,0,0.8643912,1
2,0,0.7472567,1
2,0,0.7638995,1
2,0,0.78999686,1
2,0,0.77827924,1
2,0,0.7730702,1
2,0,0.6851763,1
2,0,0.5639217,1
2,0,0.7334113,1
2,0,0.73769265,1
2,0,0.5639953,1
2,0,0.9093548,1
2,0,0.5061007,1
2,0,0.6144794,1
2,0,0.63568246,1
2,0,0.79102206,1
2,0,0.63365704,1
2,0,0.5656752,1
2,0,0.5744971,1
2,0,0.4068927,0
2,0,0.34963465,0
2,0,0.6270348,1
2,0,0.56695986,1
2,0,0.8073727,1
2,0,0.36239874,0
2,0,0.7613615,1
2,0,0.7295869,1
2,0,0.72613376,1
2,0,0.5302818,1
2,0,0.5050107,1
2,0,0.51022,1
2,0,0.63027835,1
2,1,0.7303042,1
2,1,0.89280343,1
2,1,0.8292126,1
2,1,0.7906291,1
2,1,0.47014225,0
2,1,0.6670936,1
2,1,0.5767714,1
2,1,0.7304447,1
2,1,0.46862528,0
2,1,0.6666743,1
2,1,0.510369,1
2,1,0.6061732,1
2,1,0.6205494,1
2,1,0.4880369,0
2,1,0.5872773,1
2,1,0.6469649,1
2,1,0.48611236,0
2,1,0.4560212,0
2,0,0.69292295,1
2,0,0.5157257,1
2,0,0.7355104,1
2,0,0.6891847,1
2,0,0.48010385,0
2,0,0.28432336,0
2,0,0.7562455,1
2,0,0.18947217,0
2,0,0.6711165,1
2,0,0.28065234,0
2,0,0.28236,0
2,0,0.32646176,0
2,0,0.380773,0
2,0,0.3461194,0
2,0,0.19018178,0
2,0,0.3982918,0
2,0,0.2784797,0
2,0,0.50882554,1
2,0,0.8892692,1
2,0,0.8860356,1
2,0,0.9165787,1
2,0,0.90156674,1
2,0,0.7833221,1
2,0,0.9273623,1
2,0,0.84738004,1
2,0,0.8052096,1
2,0,0.75017244,1
2,0,0.69174194,1
2,0,0.4211556,0
2,0,0.7074469,1
2,0,0.9203597,1
2,0,0.9385519,1
2,0,0.82787627,1
2,0,0.70897174,1
2,0,0.90291816,1
2,0,0.87359375,1
2,1,0.87086844,1
2,1,0.9138245,1
2,1,0.8996938,1
2,1,0.8281785,1
2,1,0.7216238,1
2,1,0.82698244,1
2,1,0.823853,1
2,1,0.8995661,1
2,1,0.762621,1
2,1,0.8658132,1
2,1,0.83129096,1
2,1,0.92502016,1
2,1,0.88758385,1
2,1,0.8703228,1
2,1,0.85533446,1
2,1,0.46031454,0
2,1,0.47006333,0
2,1,0.40165195,0
2,1,0.33902985,0
2,1,0.456879,0
2,1,0.87127084,1
2,1,0.70627767,1
2,1,0.49600694,0
2,1,0.48931402,0
2,1,0.5590249,1
2,1,0.6560787,1
2,1,0.4691655,0
2,1,0.46424034,0
2,1,0.58255446,1
2,1,0.5363151,1
2,1,0.38465697,0
2,1,0.59893215,1
2,1,0.6782891,1
2,1,0.43597007,0
2,1,0.5951964,1
2,1,0.7139042,1
2,1,0.75662047,1
2,1,0.3925345,0
2,1,0.7150048,1
2,1,0.5486204,1
2,1,0.46228826,0
2,1,0.6053618,1
2,1,0.61552936,1
2,1,0.43512765,0
2,1,0.47370324,0
2,1,0.38701704,0
2,1,0.41907555,0
2,1,0.50331956,1
2,1,0.50322354,1
2,1,0.53263384,1
2,1,0.50872105,1
2,1,0.62372476,1
2,1,0.37269238,0
2,1,0.43525323,0
2,1,0.3453912,0
2,1,0.48865777,0
2,1,0.40231693,0
2,1,0.34062102,0
2,0,0.3246386,0
2,0,0.34570462,0
2,0,0.24378161,0
2,0,0.38078845,0
2,0,0.24077533,0
2,0,0.30316857,0
2,0,0.3594491,0
2,0,0.39234164,0
2,0,0.29085678,0
2,0,0.2836189,0
2,1,0.55553514,1
2,1,0.42164224,0
2,1,0.38885763,0
2,1,0.4988736,0
2,1,0.43271273,0
2,1,0.32993218,0
2,1,0.47680977,0
2,1,0.5690936,1
2,1,0.42234388,0
2,1,0.48871592,0
2,1,0.6012433,1
2,1,0.48776498,0
2,1,0.3209082,0
2,1,0.4785087,0
2,1,0.30459028,0
2,1,0.4532881,0
2,0,0.14490168,0
2,0,0.07600838,0
2,0,0.08797991,0
2,0,0.087366275,0
2,0,0.11727681,0
2,0,0.08839327,0
2,0,0.15871213,0
2,0,0.19155243,0
2,0,0.29537293,0
2,0,0.3222755,0
2,0,0.12987444,0
2,0,0.36926123,0
2,0,0.14473568,0
2,0,0.17429718,0
2,0,0.13454735,0
2,0,0.11664368,0
2,0,0.09661937,0
2,0,0.29436842,0
2,0,0.1169017,0
2,0,0.26422927,0
2,0,0.1400951,0
2,0,0.20793545,0
2,0,0.104789585,0
2,0,0.16922064,0
2,0,0.19617206,0
2,0,0.15950592,0
2,0,0.20303373,0
2,0,0.14249626,0
2,0,0.17810789,0
2,0,0.16368382,0
2,0,0.14316663,0
2,0,0.26850647,0
2,0,0.2897037,0
2,0,0.33219087,0
2,0,0.3897848,0
2,0,0.25364122,0
2,0,0.23665795,0
2,0,0.39113057,0
2,0,0.3144476,0
2,0,0.30679315,0
2,0,0.23122491,0
2,0,0.22161919,0
2,0,0.24970444,0
2,0,0.1282399,0
2,0,0.22473688,0
2,0,0.2569197,0
2,0,0.23480657,0
2,0,0.23584183,0
2,0,0.21012981,0
2,0,0.03395077,0
2,0,0.05532538,0
2,0,0.054634288,0
2,0,0.08253536,0
2,0,0.055817578,0
2,0,0.05522217,0
2,0,0.040351313,0
2,0,0.07175152,0
2,0,0.05264561,0
2,0,0.15308903,0
2,0,0.1493051,0
2,0,0.05524348,0
2,0,0.09803235,0
2,0,0.10789678,0
2,0,0.1299348,0
2,0,0.10537653,0
2,0,0.11473352,0
2,0,0.16375831,0
2,0,0.16788732,0
2,0,0.28350332,0
2,0,0.24218255,0
2,0,0.3513187,0
2,0,0.39671785,0
2,0,0.3271008,0
2,0,0.24529801,0
2,0,0.37354368,0
2,0,0.1945071,0
2,0,0.16217646,0
2,0,0.10454462,0
2,0,0.21400124,0
2,0,0.1719917,0
2,0,0.22239989,0
2,0,0.09657353,0
2,0,0.16797888,0
2,0,0.117038585,0
2,0,0.1897411,0
2,0,0.23975442,0
2,0,0.2515736,0
2,0,0.2786573,0
2,0,0.19207053,0
2,0,0.14796504,0
2,0,0.09977065,0
2,0,0.07858586,0
2,0,0.09449528,0
2,0,0.052763272,0
2,0,0.0824765,0
2,0,0.050292358,0
2,0,0.07940181,0
2,0,0.059767682,0
2,0,0.044882376,0
2,0,0.11427474,0
2,0,0.10290838,0
2,0,0.047573544,0
2,0,0.1140894,0
2,0,0.04478477,0
2,0,0.11545752,0
2,0,0.06340487,0
2,0,0.06590891,0
2,0,0.20615733,0
2,0,0.12910955,0
2,0,0.3276105,0
2,0,0.08503844,0
2,0,0.04638947,0
2,0,0.21669997,0
2,0,0.07029447,0
2,0,0.20132767,0
2,0,0.14863084,0
2,0,0.17177029,0
2,0,0.18398285,0
2,0,0.14050043,0
2,0,0.11134221,0
2,0,0.23495637,0
2,0,0.07610716,0
2,0,0.11566707,0
2,0,0.049595606,0
2,0,0.07977109,0
2,0,0.066215426,0
2,0,0.094382286,0
2,0,0.12738104,0
2,0,0.12177363,0
2,0,0.28070587,0
2,0,0.3237631,0
2,0,0.19273129,0
2,0,0.28365803,0
2,0,0.30322254,0
2,0,0.16885571,0
2,0,0.18234338,0
2,0,0.19405538,0
2,0,0.22763534,0
2,0,0.4103766,0
2,0,0.31587374,0
2,0,0.30444297,0
2,0,0.103189394,0
2,0,0.1291584,0
2,0,0.08579627,0
2,0,0.19259991,0
2,0,0.034124102,0
2,0,0.04973686,0
2,0,0.06838951,0
2,0,0.14193016,0
2,0,0.17930321,0
2,0,0.20215599,0
2,0,0.09251022,0
2,0,0.04477477,0
2,0,0.052070495,0
2,0,0.20616442,0
2,0,0.26869908,0
2,0,0.19411859,0
2,0,0.15561569,0
2,0,0.2913837,0
2,0,0.19694138,0
2,0,0.4141323,0
2,0,0.38294482,0
2,0,0.18649606,0
2,0,0.42263344,0
2,0,0.3075832,0
2,0,0.1744726,0
2,0,0.28584912,0
2,0,0.18699034,0
2,0,0.14959492,0
2,0,0.13187188,0
2,0,0.14276351,0
2,0,0.30886355,0
2,0,0.1077294,0
2,0,0.19925617,0
2,0,0.10191542,0
2,0,0.09614669,0
2,0,0.052082513,0
2,0,0.094779395,0
2,0,0.043844547,0
2,0,0.06845219,0
2,0,0.054327592,0
2,0,0.04511027,0
2,0,0.06971704,0
2,0,0.08878522,0
2,0,0.03415767,0
2,0,0.09443414,0
2,0,0.13773191,0
2,0,0.2806357,0
2,0,0.42933673,0
2,0,0.25209543,0
2,0,0.42140612,0
2,0,0.29010564,0
2,0,0.4529803,0
2,0,0.53000736,1
2,0,0.41104218,0
2,0,0.5544869,1
2,0,0.69391465,1
2,0,0.7778536,1
2,0,0.8047879,1
2,0,0.7769226,1
2,0,0.74438125,1
2,0,0.8910428,1
2,0,0.80462545,1
2,0,0.85123855,1
2,0,0.7866145,1
2,0,0.7606853,1
2,0,0.8098954,1
2,0,0.8788762,1
2,0,0.82538456,1
2,0,0.7951756,1
2,0,0.631789,1
2,0,0.7687539,1
2,0,0.8247844,1
2,0,0.6463478,1
2,0,0.45160106,0
2,0,0.5349979,1
2,0,0.4260013,0
2,0,0.2837376,0
2,0,0.31717676,0
2,0,0.22093862,0
2,0,0.08775002,0
2,0,0.21575777,0
2,0,0.13161647,0
2,0,0.15276584,0
2,0,0.12779517,0
2,0,0.5889038,1
2,0,0.51057565,1
2,0,0.62752026,1
2,0,0.41685772,0
2,0,0.52946556,1
2,0,0.86845917,1
2,0,0.6081339,1
2,0,0.57848203,1
2,0,0.6606255,1
2,0,0.6016509,1
2,0,0.63305616,1
2,0,0.6206477,1
2,0,0.67415667,1
2,0,0.64913476,1
2,0,0.7713549,1
2,0,0.5140396,1
2,0,0.6067279,1
2,0,0.6328403,1
2,0,0.69409,1
2,0,0.5006994,1
2,0,0.3905583,0
2,0,0.7256039,1
2,0,0.5374466,1
2,0,0.65839535,1
2,0,0.61477995,1
2,0,0.44926223,0
2,0,0.40459403,0
2,0,0.52263886,1
2,0,0.7117744,1
2,0,0.5447017,1
2,0,0.74626666,1
2,0,0.8798731,1
2,0,0.88951623,1
2,0,0.8810529,1
2,0,0.91469944,1
2,0,0.94666076,1
2,0,0.8171964,1
2,0,0.86496234,1
2,0,0.75453204,1
2,0,0.87965643,1
2,0,0.94876766,1
2,0,0.9155588,1
2,0,0.99072903,1
2,0,0.98199373,1
2,0,0.9719938,1
2,0,0.9335592,1
2,0,0.9656913,1
2,0,0.9758304,1
2,0,0.9436153,1
2,0,0.9572271,1
2,0,0.88792366,1
2,0,0.8679297,1
2,0,0.968716,1
2,0,0.9098454,1
2,0,0.86256087,1
2,0,0.88296497,1
2,0,0.82190627,1
2,0,0.916225,1
2,0,0.83583766,1
2,0,0.8619387,1
2,0,0.53467697,1
2,0,0.34483764,0
2,0,0.47376958,0
2,0,0.42781523,0
2,0,0.27734542,0
2,0,0.14858176,0
2,0,0.28122792,0
2,0,0.23635042,0
2,0,0.06704795,0
2,0,0.38619155,0
2,0,0.3433411,0
2,0,0.42912018,0
2,0,0.3481553,0
2,0,0.18134739,0
2,0,0.3667586,0
2,0,0.721715,1
2,0,0.8941481,1
2,0,0.6361345,1
2,0,0.8152517,1
2,0,0.74140483,1
2,0,0.8069264,1
2,0,0.8003001,1
2,0,0.80595464,1
2,0,0.80247635,1
2,0,0.77483207,1
2,0,0.7768414,1
2,0,0.92124677,1
2,0,0.9177628,1
2,0,0.9467166,1
2,0,0.8369714,1
2,0,0.98462486,1
2,0,0.9231719,1
2,0,0.9639936,1
2,0,0.8075307,1
2,0,0.931136,1
2,0,0.9864125,1
2,0,0.7376324,1
2,0,0.77609485,1
2,0,0.37441832,0
2,0,0.8800891,1
2,0,0.6749855,1
2,0,0.5609476,1
2,0,0.5426615,1
2,0,0.46787584,0
2,0,0.45546463,0
2,0,0.4856389,0
2,0,0.39092278,0
2,0,0.43146914,0
2,0,0.63430136,1
2,0,0.65911686,1
2,0,0.61389214,1
2,0,0.6534193,1
2,0,0.5619611,1
2,0,0.72413105,1
2,0,0.84443545,1
2,0,0.7743377,1
2,0,0.8985843,1
2,0,0.8776006,1
2,0,0.86558163,1
2,0,0.72705513,1
2,0,0.5323822,1
2,0,0.22632042,0
2,0,0.09488209,0
2,0,0.14195,0
2,0,0.12940238,0
2,0,0.16432442,0
2,0,0.21690036,0
2,0,0.26344338,0
2,0,0.3517754,0
2,0,0.4777312,0
2,0,0.64396566,1
2,0,0.6542105,1
2,0,0.6037865,1
2,0,0.49724704,0
2,0,0.4547273,0
2,0,0.593892,1
2,0,0.6553818,1
2,0,0.5587805,1
2,0,0.69908565,1
2,0,0.42954853,0
2,0,0.31486306,0
2,0,0.2964242,0
2,0,0.63734734,1
2,0,0.552027,1
2,0,0.5266731,1
2,0,0.6619276,1
2,0,0.5185739,1
2,0,0.45036137,0
2,0,0.40062937,0
2,0,0.14505793,0
2,0,0.5132919,1
2,0,0.12823002,0
2,0,0.3735726,0
2,0,0.14736453,0
2,0,0.33018696,0
2,0,0.16993195,0
2,0,0.19407283,0
3,1,0.53110635,1
3,1,0.4712097,0
3,1,0.36074746,0
3,1,0.3519169,0
3,1,0.28484064,0
3,1,0.30291042,0
3,1,0.37676156,0
3,1,0.28587312,0
3,1,0.29008412,0
3,1,0.34153745,0
3,1,0.1881962,0
3,1,0.33422104,0
3,1,0.17103651,0
3,1,0.25246865,0
3,1,0.09284185,0
3,1,0.2421498,0
3,1,0.4119988,0
3,1,0.5646152,1
3,1,0.6569399,1
3,1,0.7310489,1
3,1,0.6213861,1
3,1,0.78846675,1
3,1,0.5277059,1
3,1,0.7190198,1
3,1,0.9460235,1
3,1,0.92466855,1
3,1,0.76172376,1
3,1,0.8352221,1
3,1,0.80003417,1
3,1,0.8457227,1
3,1,0.6863793,1
3,1,0.9103359,1
3,1,0.94229966,1
3,1,0.87432283,1
3,1,0.8535141,1
3,1,0.7954382,1
3,1,0.6809279,1
3,1,0.6418543,1
3,1,0.634086,1
3,1,0.8660907,1
3,1,0.66557026,1
3,1,0.6894246,1
3,1,0.68748766,1
3,1,0.6833837,1
3,1,0.81032914,1
3,1,0.7361793,1
3,1,0.67907,1
3,1,0.5314735,1
3,1,0.5914498,1
3,1,0.5937682,1
3,1,0.68214214,1
3,1,0.62090373,1
3,1,0.730401,1
3,1,0.56639814,1
3,1,0.5440354,1
3,1,0.4715162,0
3,1,0.6619803,1
3,1,0.5798073,1
3,1,0.68948174,1
3,1,0.48742133,0
3,1,0.59955716,1
3,1,0.7601678,1
3,1,0.527691,1
3,1,0.54589385,1
3,1,0.49086955,0
3,1,0.50204587,1
3,1,0.45322898,0
3,1,0.5930312,1
3,1,0.62970203,1
3,1,0.49316117,0
3,1,0.6282872,1
3,1,0.5699332,1
3,1,0.5186668,1
3,1,0.51981616,1
3,1,0.6638871,1
3,1,0.68361455,1
3,1,0.6563701,1
3,1,0.5991217,1
3,1,0.7049468,1
3,1,0.7382717,1
3,1,0.69058347,1
3,1,0.68212146,1
3,1,0.7017597,1
3,1,0.65691817,1
3,1,0.6243765,1
3,1,0.63899434,1
3,1,0.7512893,1
3,1,0.79221994,1
3,1,0.7088842,1
3,1,0.69054306,1
3,1,0.50288117,1
3,1,0.5509374,1
3,1,0.4875924,0
3,1,0.5307814,1
3,1,0.6448893,1
3,1,0.55695707,1
3,1,0.54489636,1
3,1,0.6539218,1
3,1,0.6815655,1
3,1,0.5689193,1
3,1,0.64938444,1
3,1,0.6720445,1
3,1,0.6092506,1
3,1,0.6145534,1
3,1,0.5841533,1
3,1,0.6756432,1
3,1,0.61582017,1
3,1,0.72552353,1
3,1,0.59492373,1
3,1,0.5943511,1
3,1,0.53542316,1
3,1,0.606027,1
3,1,0.6555169,1
3,1,0.6796703,1
3,1,0.47907358,0
3,1,0.62036365,1
3,1,0.61409295,1
3,1,0.6635461,1
3,1,0.5608083,1
3,1,0.6570648,1
3,1,0.5789262,1
3,1,0.6704403,1
3,1,0.7280766,1
3,1,0.63249445,1
3,1,0.67342377,1
3,1,0.48766196,0
3,1,0.78845954,1
3,1,0.6338015,1
3,1,0.5312927,1
3,1,0.5596935,1
3,1,0.559582,1
3,1,0.716839,1
3,1,0.5272569,1
3,1,0.7775472,1
3,1,0.7073539,1
3,1,0.805937,1
3,1,0.56572145,1
3,1,0.68926966,1
3,1,0.6804465,1
3,1,0.6637457,1
3,1,0.84361,1
3,1,0.6128252,1
3,1,0.7813573,1
3,1,0.7412307,1
3,1,0.6371198,1
3,1,0.6987752,1
3,1,0.72573376,1
3,1,0.74725544,1
3,1,0.5077926,1
3,1,0.74027,1
3,1,0.5451783,1
3,1,0.49667248,0
3,1,0.5685314,1
3,1,0.5353716,1
3,1,0.6564385,1
3,1,0.66893274,1
3,1,0.63196427,1
3,1,0.60700005,1
3,1,0.68174756,1
3,1,0.57366544,1
3,1,0.6435801,1
3,1,0.5471086,1
3,1,0.7415811,1
3,1,0.6688043,1
3,1,0.5021368,1
3,1,0.6848994,1
3,1,0.6066491,1
3,1,0.5780769,1
3,1,0.55331373,1
3,1,0.6411613,1
3,1,0.5841135,1
3,1,0.6604963,1
3,1,0.6579634,1
3,1,0.6931468,1
3,1,0.66415846,1
3,1,0.6459674,1
3,1,0.5854411,1
3,1,0.5780959,1
3,1,0.7098644,1
3,1,0.7486416,1
3,1,0.66095126,1
3,1,0.7674399,1
3,1,0.6661965,1
3,1,0.71151185,1
3,1,0.70868236,1
3,1,0.64247125,1
3,1,0.8134058,1
3,1,0.6950754,1
3,1,0.81126654,1
3,1,0.7971946,1
3,1,0.6797526,1
3,1,0.74057704,1
3,1,0.8525699,1
3,1,0.80751604,1
3,1,0.83052945,1
3,1,0.8314646,1
3,1,0.7901893,1
3,1,0.8800679,1
3,1,0.8685645,1
3,0,0.4981057,0
3,0,0.519653,1
3,0,0.68623954,1
3,0,0.5284179,1
3,0,0.7025622,1
3,0,0.61432,1
3,0,0.60950935,1
3,0,0.6183501,1
3,0,0.5192825,1
3,0,0.603958,1
3,0,0.5561134,1
3,0,0.4674316,0
3,0,0.5591316,1
3,0,0.6573207,1
3,0,0.37699828,0
3,0,0.580719,1
3,0,0.6717376,1
3,0,0.5722493,1
3,0,0.6416574,1
3,0,0.47104526,0
3,0,0.60149205,1
3,0,0.7148839,1
3,0,0.5828418,1
3,0,0.635153,1
3,0,0.5464233,1
3,0,0.59083,1
3,0,0.5294055,1
3,0,0.60946214,1
3,0,0.6176341,1
3,0,0.69529927,1
3,0,0.7679858,1
3,0,0.7654088,1
3,0,0.60100013,1
3,0,0.76949936,1
3,0,0.6677842,1
3,0,0.6651257,1
3,0,0.7571129,1
3,0,0.7324279,1
3,0,0.46789238,0
3,0,0.71253943,1
3,0,0.6612062,1
3,0,0.5439856,1
3,0,0.4751675,0
3,0,0.61600167,1
3,0,0.32748708,0
3,0,0.31275964,0
3,0,0.19938105,0
3,0,0.34248978,0
3,0,0.21730973,0
3,0,0.26122248,0
3,0,0.37648138,0
3,0,0.29951817,0
3,0,0.30944842,0
3,0,0.3153014,0
3,0,0.30821303,0
3,0,0.27719608,0
3,0,0.67670697,1
3,0,0.6104809,1
3,0,0.5562112,1
3,0,0.53950006,1
3,0,0.60122937,1
3,0,0.48379052,0
3,0,0.36371282,0
3,0,0.7620572,1
3,0,0.67622745,1
3,0,0.55190796,1
3,0,0.65458685,1
3,0,0.7851915,1
3,0,0.6295833,1
3,0,0.740925,1
3,0,0.7449261,1
3,0,0.6673963,1
3,0,0.81562835,1
3,0,0.73287493,1
3,0,0.79956216,1
3,0,0.75746757,1
3,0,0.80402005,1
3,0,0.7031415,1
3,0,0.80660546,1
3,0,0.8258024,1
3,0,0.7574281,1
3,0,0.81223965,1
3,0,0.7771483,1
3,0,0.72820824,1
3,0,0.79378194,1
3,0,0.7405752,1
3,0,0.884675,1
3,0,0.6400683,1
3,0,0.7584944,1
3,0,0.5959313,1
3,0,0.6307689,1
3,0,0.67289865,1
3,0,0.68142855,1
3,0,0.60962754,1
3,0,0.77098584,1
3,0,0.64576983,1
3,0,0.6904102,1
3,0,0.6036336,1
3,0,0.67689264,1
3,0,0.638315,1
3,0,0.7592352,1
3,0,0.5888175,1
3,0,0.66972774,1
3,0,0.73651576,1
3,0,0.55601543,1
3,0,0.64239717,1
3,0,0.81078917,1
3,1,0.7010006,1
3,1,0.77830106,1
3,1,0.8008891,1
3,1,0.7836347,1
3,1,0.7602141,1
3,1,0.69884944,1
3,1,0.75189465,1
3,1,0.7616668,1
3,1,0.6067046,1
3,1,0.6118493,1
3,0,0.75017244,1
3,0,0.5877324,1
3,0,0.6852656,1
3,0,0.7145849,1
3,0,0.6889376,1
3,0,0.79221565,1
3,0,0.6676845,1
3,0,0.7623861,1
3,0,0.6425567,1
3,0,0.5986882,1
3,0,0.6866844,1
3,0,0.59955233,1
3,0,0.77158535,1
3,0,0.5770727,1
3,0,0.5942395,1
3,0,0.6339172,1
3,0,0.48998797,0
3,0,0.5985381,1
3,0,0.5610982,1
3,0,0.70688546,1
3,0,0.5642758,1
3,0,0.6225457,1
3,0,0.6321429,1
3,0,0.6512785,1
3,0,0.49731553,0
3,0,0.6865896,1
3,0,0.5270591,1
3,0,0.58697593,1
3,0,0.55522764,1
3,0,0.48824874,0
3,0,0.4880774,0
3,0,0.617391,1
3,0,0.5419515,1
3,0,0.5764123,1
3,0,0.723982,1
3,0,0.5617901,1
3,0,0.5490362,1
3,0,0.6164937,1
3,0,0.72662485,1
3,0,0.66577226,1
3,0,0.44382706,0
3,0,0.5172846,1
3,0,0.54761404,1
3,0,0.2198422,0
3,0,0.3413486,0
3,0,0.35352445,0
3,0,0.42160428,0
3,0,0.40922004,0
3,0,0.28298983,0
3,0,0.32991442,0
3,0,0.42167422,0
3,0,0.38689747,0
3,0,0.44061115,0
3,0,0.4722794,0
3,0,0.35957277,0
3,0,0.4529566,0
3,0,0.44650325,0
3,0,0.39657718,0
3,0,0.3808456,0
3,0,0.35374075,0
3,0,0.47980052,0
3,0,0.43742344,0
3,0,0.59873945,1
3,0,0.5675322,1
3,0,0.46463692,0
3,0,0.49414867,0
3,0,0.45157066,0
3,0,0.42360523,0
3,0,0.6261722,1
3,0,0.5346865,1
3,0,0.7688891,1
3,0,0.4141159,0
3,0,0.62707657,1
3,0,0.4304681,0
3,0,0.30804804,0
3,0,0.4477471,0
3,0,0.24394156,0
3,0,0.30839488,0
3,0,0.38332322,0
3,0,0.35650066,0
3,1,0.28681993,0
3,1,0.49630037,0
3,1,0.49079975,0
3,1,0.5532719,1
3,1,0.34485433,0
3,1,0.5333298,1
3,1,0.33163214,0
3,1,0.49975482,0
3,1,0.5217749,1
3,1,0.57479393,1
3,1,0.6532087,1
3,1,0.68100995,1
3,1,0.49276373,0
3,1,0.74168295,1
3,1,0.69100577,1
3,1,0.8280236,1
3,1,0.6533583,1
3,1,0.7248041,1
3,1,0.59640074,1
3,1,0.5526784,1
3,0,0.59098524,1
3,0,0.56665975,1
3,0,0.46778387,0
3,0,0.53750455,1
3,0,0.36855903,0
3,0,0.46906552,0
3,0,0.3864387,0
3,0,0.31431776,0
3,0,0.49320874,0
3,0,0.32664916,0
3,0,0.27119344,0
3,0,0.45026875,0
3,0,0.34270814,0
3,0,0.41566473,0
3,0,0.42206475,0
3,0,0.3542989,0
3,0,0.5282511,1
3,0,0.47033367,0
3,0,0.4829194,0
3,0,0.5644808,1
3,0,0.34018636,0
3,0,0.38535824,0
3,0,0.3230521,0
3,0,0.292299,0
3,0,0.40610057,0
3,0,0.49148193,0
3,0,0.56160337,1
3,0,0.50886774,1
3,0,0.6838712,1
3,0,0.5723827,1
3,0,0.5096789,1
3,0,0.6971157,1
3,0,0.5275241,1
3,0,0.62634367,1
3,0,0.60456085,1
3,0,0.7270688,1
3,0,0.61823875,1
3,0,0.6826452,1
3,0,0.47837007,0
3,0,0.50864303,1
3,0,0.5602278,1
3,0,0.6598352,1
3,0,0.5881462,1
3,0,0.51168126,1
3,0,0.5836212,1
3,0,0.5126784,1
3,0,0.5026253,1
3,0,0.5826044,1
3,0,0.6356931,1
3,0,0.7108498,1
3,0,0.5372031,1
3,0,0.64280474,1
3,0,0.65235984,1
3,0,0.78734547,1
3,0,0.79421693,1
3,0,0.80518615,1
3,0,0.69569606,1
3,0,0.6653548,1
3,0,0.68997014,1
3,0,0.71821046,1
3,0,0.64108104,1
3,0,0.6095848,1
3,0,0.6275019,1
3,0,0.39523342,0
3,0,0.6420409,1
3,0,0.55958,1
3,0,0.7185834,1
3,0,0.6105255,1
3,0,0.43734017,0
3,0,0.68647146,1
3,1,0.41209283,0
3,1,0.56813526,1
3,1,0.48527497,0
3,1,0.50103956,1
3,1,0.5235236,1
3,1,0.55329806,1
3,1,0.5855778,1
3,1,0.66102713,1
3,1,0.6779166,1
3,1,0.6186633,1
3,1,0.5775598,1
3,1,0.5948591,1
3,1,0.67002606,1
3,1,0.76913905,1
3,1,0.7615461,1
3,1,0.78135175,1
3,1,0.6985345,1
3,1,0.67035556,1
3,1,0.7607412,1
3,1,0.8201943,1
3,0,0.799221,1
3,0,0.68623245,1
3,0,0.80252826,1
3,0,0.72822624,1
3,0,0.837616,1
3,0,0.82827055,1
3,0,0.77504086,1
3,0,0.6938804,1
3,0,0.8383397,1
3,0,0.8164611,1
3,0,0.8367303,1
3,0,0.720532,1
3,0,0.8429742,1
3,0,0.76488054,1
3,0,0.60763615,1
3,0,0.7176609,1
3,1,0.78486663,1
3,1,0.68810546,1
3,1,0.7577618,1
3,1,0.6486474,1
3,1,0.7183527,1
3,1,0.69301194,1
3,1,0.56959754,1
3,1,0.6889216,1
3,1,0.7745257,1
3,1,0.69979376,1
3,1,0.69569683,1
3,1,0.705214,1
3,1,0.68850636,1
3,1,0.54893225,1
3,1,0.957598,1
3,1,0.9709448,1
3,1,0.9434331,1
3,1,0.9936381,1
3,1,0.9568873,1
3,1,0.963801,1
3,1,0.9897119,1
3,1,0.9706472,1
3,1,0.96477526,1
3,1,0.951475,1
3,1,0.97270286,1
3,1,0.9685953,1
3,1,0.9594865,1
3,1,0.9042712,1
3,0,0.9732228,1
3,0,0.9133824,1
3,0,0.89606535,1
3,0,0.86178285,1
3,0,0.7556731,1
3,0,0.95617825,1
3,0,0.97116596,1
3,0,0.8559188,1
3,0,0.7311136,1
3,0,0.8037846,1
3,0,0.93398356,1
3,0,0.98806286,1
3,0,0.98746,1
3,0,0.9530643,1
3,0,0.96388376,1
3,0,0.93595445,1
3,0,0.95234054,1
3,0,0.795366,1
3,0,0.9791382,1
3,0,0.8697918,1
3,0,0.7398408,1
3,0,0.7653144,1
3,0,0.7122457,1
3,0,0.47415873,0
3,0,0.68623906,1
3,0,0.795597,1
3,1,0.63183486,1
3,1,0.54191387,1
3,1,0.28948125,0
3,1,0.41581813,0
3,1,0.38381806,0
3,1,0.3628446,0
3,1,0.56334305,1
3,1,0.6394548,1
3,1,0.54628414,1
3,1,0.51388717,1
3,1,0.45863333,0
3,1,0.58559877,1
3,1,0.897215,1
3,1,0.6452729,1
3,1,0.4133508,0
3,1,0.45054248,0
3,1,0.621975,1
3,1,0.5806235,1
3,1,0.6434806,1
3,1,0.7928624,1
3,1,0.69718486,1
3,1,0.74825686,1
3,1,0.777722,1
3,1,0.7625624,1
3,1,0.669676,1
3,1,0.72502613,1
3,1,0.64865124,1
3,1,0.63739014,1
3,1,0.5456479,1
3,1,0.60730535,1
3,1,0.6190222,1
3,1,0.6911817,1
3,1,0.540553,1
3,1,0.6753563,1
3,1,0.8174448,1
3,1,0.72963816,1
3,1,0.72069824,1
3,1,0.69868696,1
3,1,0.6811651,1
3,1,0.7003104,1
3,1,0.66909426,1
3,1,0.6429511,1
3,1,0.5775356,1
3,0,0.71394706,1
3,0,0.6407115,1
3,0,0.64298964,1
3,0,0.6148043,1
3,0,0.5027471,1
3,0,0.7646776,1
3,0,0.5559174,1
3,0,0.71920335,1
3,0,0.5741556,1
3,0,0.5233775,1
3,0,0.6584079,1
3,0,0.67627037,1
3,0,0.7963558,1
3,0,0.70240676,1
3,0,0.74334437,1
3,0,0.7589502,1
3,0,0.5642395,1
3,0,0.83898747,1
3,0,0.6223723,1
3,0,0.72477573,1
3,0,0.6612006,1
3,0,0.3526525,0
3,0,0.6385116,1
3,0,0.6652578,1
3,0,0.5692888,1
3,1,0.66669804,1
3,1,0.68469054,1
3,1,0.56026244,1
3,1,0.5281875,1
3,1,0.713868,1
3,1,0.5724423,1
3,1,0.5877205,1
3,1,0.6158193,1
3,1,0.513215,1
3,1,0.56117845,1
3,1,0.5690778,1
3,1,0.5128383,1
3,1,0.7361768,1
3,1,0.5391497,1
3,1,0.7129303,1
3,1,0.6436337,1
3,1,0.54427606,1
3,1,0.30886275,0
3,0,0.4339192,0
3,0,0.6460527,1
3,0,0.66517615,1
3,0,0.58303237,1
3,0,0.62747115,1
3,0,0.64923626,1
3,0,0.7447391,1
3,0,0.7323851,1
3,0,0.6311007,1
3,0,0.7082573,1
3,0,0.52337575,1
3,0,0.58410114,1
3,0,0.6640484,1
3,0,0.74440026,1
3,0,0.578912,1
3,1,0.77353734,1
3,1,0.84016347,1
3,1,0.82316136,1
3,1,0.8795786,1
3,1,0.7599506,1
3,1,0.6523637,1
3,1,0.93926525,1
3,1,0.76657397,1
3,1,0.9479411,1
3,1,0.5908659,1
3,1,0.70052385,1
3,1,0.62669986,1
3,1,0.92614764,1
3,0,0.43053976,0
3,0,0.2116716,0
3,0,0.27364627,0
3,0,0.5382118,1
3,0,0.42895898,0
3,0,0.50535053,1
3,0,0.54671913,1
3,0,0.58617604,1
3,0,0.67839545,1
3,0,0.52426785,1
3,0,0.37439826,0
3,0,0.5105397,1
3,0,0.60529095,1
3,0,0.54862237,1
3,0,0.73339266,1
3,0,0.595716,1
3,0,0.4435519,0
3,0,0.42519584,0
3,0,0.5097337,1
3,0,0.36199376,0
3,0,0.43108156,0
3,0,0.562705,1
3,0,0.60511684,1
3,0,0.5366499,1
3,0,0.4492302,0
3,0,0.617414,1
3,0,0.6391841,1
3,0,0.6277424,1
3,0,0.5826857,1
3,0,0.56835675,1
3,0,0.48898077,0
3,0,0.2805121,0
3,0,0.22817029,0
3,0,0.32057416,0
3,0,0.43116215,0
3,0,0.44229454,0
3,0,0.35789648,0
3,0,0.23317504,0
3,0,0.30502084,0
3,0,0.27165273,0
3,0,0.42687318,0
3,0,0.44224262,0
3,0,0.55605185,1
3,0,0.6733452,1
3,0,0.61179066,1
3,0,0.5833069,1
3,0,0.43385035,0
3,0,0.5025719,1
3,0,0.5082198,1
3,0,0.39298767,0
3,0,0.4267255,0
3,0,0.47442284,0
3,0,0.49298084,0
3,0,0.39896798,0
3,0,0.32361293,0
3,0,0.43443292,0
3,0,0.320006,0
3,0,0.29995,0
3,0,0.32083395,0
3,0,0.19408174,0
3,0,0.23241621,0
3,0,0.16960682,0
3,0,0.17615983,0
3,0,0.19149111,0
3,0,0.2086242,0
3,0,0.35950345,0
3,0,0.41689202,0
3,1,0.32198703,0
3,1,0.28581434,0
3,1,0.20488967,0
3,1,0.2163967,0
3,1,0.1810957,0
3,1,0.15119909,0
3,1,0.22138603,0
3,1,0.1995268,0
3,1,0.28647557,0
3,0,0.33195552,0
3,0,0.41796508,0
3,0,0.35767478,0
3,0,0.44340125,0
3,0,0.46882367,0
3,0,0.33204857,0
3,0,0.36943048,0
3,0,0.38979334,0
3,0,0.45252216,0
3,0,0.3876929,0
3,0,0.3466489,0
3,0,0.31002703,0
3,0,0.40221938,0
3,0,0.37282297,0
3,0,0.38547498,0
3,0,0.44130424,0
3,0,0.39541376,0
3,0,0.47602898,0
3,0,0.46545288,0
3,0,0.46212614,0
3,0,0.37487352,0
3,0,0.47373453,0
3,0,0.22627342,0
3,0,0.27832544,0
3,0,0.24635404,0
3,0,0.17747188,0
3,0,0.09508771,0
3,0,0.09332024,0
3,0,0.13326874,0
3,0,0.15876628,0
3,0,0.17498152,0
3,0,0.2239893,0
3,0,0.24085349,0
3,0,0.32890284,0
3,0,0.2586507,0
3,0,0.29681364,0
3,0,0.24531949,0
3,0,0.42028236,0
3,0,0.25884885,0
3,0,0.33755553,0
3,0,0.2604712,0
3,0,0.3032266,0
3,0,0.2507266,0
3,0,0.53471804,1
3,0,0.3166374,0
3,0,0.337382,0
3,0,0.19006278,0
3,0,0.25185892,0
3,0,0.24938606,0
3,0,0.3218782,0
3,0,0.28486466,0
3,0,0.5108178,1
3,0,0.4285942,0
3,0,0.44563264,0
3,0,0.49741557,0
3,0,0.4254838,0
3,0,0.5258066,1
3,0,0.4022954,0
3,0,0.4968843,0
3,0,0.4685841,0
3,0,0.37191072,0
3,0,0.39764866,0
3,0,0.26416537,0
3,0,0.26551393,0
3,0,0.23840438,0
3,0,0.1577656,0
3,0,0.26909786,0
3,0,0.10238757,0
3,0,0.17908527,0
3,0,0.09481799,0
3,0,0.30091032,0
3,0,0.21367893,0
3,0,0.23146455,0
3,0,0.31321737,0
3,0,0.2375011,0
3,0,0.24780354,0
3,0,0.32103285,0
3,0,0.326267,0
3,0,0.28180432,0
3,0,0.16489157,0
3,0,0.32507667,0
3,0,0.17753685,0
3,0,0.18220113,0
3,0,0.31960016,0
3,0,0.40016267,0
3,0,0.23455568,0
3,0,0.644343,1
3,0,0.5106854,1
3,0,0.7178555,1
3,0,0.5443212,1
3,0,0.48995456,0
3,0,0.5308016,1
3,0,0.47264394,0
3,0,0.36313334,0
3,0,0.32836148,0
3,0,0.40117675,0
3,0,0.37672287,0
3,0,0.3233538,0
3,0,0.3901541,0
3,0,0.4729491,0
3,0,0.2720518,0
3,0,0.52973783,1
3,1,0.30489808,0
3,1,0.31547776,0
3,1,0.21184902,0
3,1,0.19271092,0
3,1,0.16035299,0
3,1,0.10619574,0
3,1,0.16069542,0
3,1,0.08703868,0
3,1,0.25169376,0
3,0,0.12587184,0
3,0,0.12264605,0
3,0,0.20189102,0
3,0,0.18999593,0
3,0,0.08965503,0
3,0,0.14268592,0
3,0,0.22701754,0
3,0,0.21205352,0
3,0,0.28040084,0
3,0,0.43423712,0
3,0,0.26164544,0
3,0,0.5202473,1
3,0,0.627742,1
3,0,0.41385967,0
3,0,0.6489747,1
3,0,0.49820372,0
3,0,0.5579568,1
3,0,0.4886873,0
3,0,0.458946,0
3,0,0.5290215,1
3,0,0.4216693,0
3,0,0.5395136,1
3,0,0.47714257,0
3,0,0.54107565,1
3,0,0.45205042,0
3,0,0.5659839,1
3,0,0.6470721,1
3,0,0.5569902,1
3,0,0.6456901,1
3,0,0.40707564,0
3,0,0.7038724,1
3,0,0.47500533,0
3,0,0.31249493,0
3,0,0.45757717,0
3,0,0.4110774,0
3,0,0.57001656,1
3,0,0.4529487,0
3,0,0.5546274,1
3,0,0.39196384,0
3,0,0.3237924,0
3,0,0.29453993,0
3,0,0.33280626,0
3,0,0.12805088,0
3,0,0.23935658,0
3,0,0.1905057,0
3,0,0.1856003,0
3,1,0.09671312,0
3,1,0.17982623,0
3,1,0.12662408,0
3,1,0.12572989,0
3,1,0.17770329,0
3,1,0.12723212,0
3,1,0.20185922,0
3,1,0.1565119,0
3,1,0.2865455,0
3,1,0.19262718,0
3,1,0.17361155,0
3,1,0.13868028,0
3,1,0.17069155,0
3,0,0.35542154,0
3,0,0.5404411,1
3,0,0.563542,1
3,0,0.6275134,1
3,0,0.54990625,1
3,0,0.3416319,0
3,0,0.5637406,1
3,0,0.2962553,0
3,0,0.25155437,0
3,0,0.34229717,0
3,0,0.3689105,0
3,0,0.37826264,0
3,0,0.58706146,1
3,0,0.5677272,1
3,0,0.553647,1
3,0,0.615357,1
3,0,0.6597605,1
3,0,0.68691015,1
3,0,0.5727115,1
3,0,0.4934367,0
3,0,0.3677415,0
3,0,0.37089562,0
3,0,0.28953558,0
3,1,0.31951168,0
3,1,0.27201316,0
3,1,0.38123214,0
3,1,0.28905824,0
3,1,0.2035535,0
3,1,0.061025165,0
3,1,0.21845718,0
3,1,0.088169485,0
3,1,0.17872912,0
3,1,0.117435835,0
3,1,0.15084246,0
3,1,0.29914436,0
3,1,0.09086191,0
3,1,0.21505934,0
3,1,0.08173742,0
3,0,0.4138875,0
3,0,0.72174037,1
3,0,0.7673502,1
3,0,0.67835104,1
3,0,0.75723314,1
3,0,0.7429764,1
3,0,0.75392234,1
3,0,0.682542,1
3,0,0.7897423,1
3,0,0.61413956,1
3,0,0.4575902,0
3,0,0.41152477,0
3,0,0.3820989,0
3,0,0.42707103,0
3,0,0.6156891,1
3,0,0.40211615,0
3,0,0.4985532,0
3,0,0.6356264,1
3,0,0.55138665,1
3,0,0.45942086,0
3,0,0.37262228,0
3,0,0.27766937,0
3,0,0.34685642,0
3,0,0.62906235,1
3,0,0.60127425,1
3,0,0.45766824,0
3,0,0.7491361,1
3,0,0.7414792,1
3,0,0.39090675,0
3,0,0.6766826,1
3,0,0.69580555,1
3,0,0.58134055,1
3,0,0.63358766,1
3,0,0.61979866,1
3,0,0.6692395,1
3,0,0.7833281,1
3,0,0.5555111,1
3,0,0.3795083,0
3,0,0.7122664,1
3,0,0.45060337,0
3,0,0.4489545,0
3,0,0.5502851,1
3,0,0.64725167,1
3,0,0.33779114,0
3,0,0.41468862,0
3,0,0.47399846,0
3,0,0.21507217,0
3,0,0.5273485,1
3,0,0.676193,1
3,0,0.42848295,0
3,0,0.63247013,1
3,0,0.56438833,1
3,0,0.38004294,0
3,0,0.46672982,0
3,0,0.68625504,1
3,0,0.53422725,1
3,0,0.49223697,0
3,0,0.48380268,0
3,0,0.50371283,1
3,0,0.36920443,0
3,0,0.46537298,0
3,0,0.35713315,0
3,0,0.2936987,0
3,0,0.37782705,0
3,0,0.3568008,0
3,0,0.36555848,0
3,0,0.43774816,0
3,0,0.44538683,0
3,0,0.34962365,0
3,0,0.4191779,0
3,0,0.49198776,0
3,0,0.45272934,0
3,0,0.44288146,0
3,0,0.6287436,1
3,0,0.6881917,1
3,0,0.63262457,1
3,0,0.68046093,1
3,0,0.75891626,1
3,0,0.8222037,1
3,0,0.77739054,1
3,0,0.7260468,1
3,0,0.7685458,1
3,0,0.8116379,1
3,0,0.8728153,1
3,0,0.73024464,1
3,0,0.8709735,1
3,0,0.79593694,1
3,0,0.8096527,1
3,0,0.8373233,1
3,0,0.8758394,1
3,0,0.7441109,1
3,0,0.693089,1
3,0,0.584842,1
3,0,0.6440523,1
3,0,0.75459117,1
3,0,0.658336,1
3,0,0.4282656,0
3,0,0.7793548,1
3,0,0.6630552,1
3,0,0.5946758,1
3,0,0.7324051,1
3,0,0.44594648,0
3,0,0.77658075,1
3,0,0.5803269,1
3,0,0.44072798,0
3,0,0.33939546,0
3,0,0.57140434,1
3,0,0.22373872,0
3,0,0.45891592,0
3,0,0.37886828,0
3,0,0.70128185,1
3,0,0.33967435,0
3,0,0.22380728,0
3,0,0.443167,0
3,0,0.37994152,0
3,0,0.30876115,0
3,0,0.18747735,0
3,0,0.34420958,0
3,0,0.3234716,0
3,0,0.37251663,0
3,0,0.36734715,0
3,0,0.6812132,1
3,0,0.24574305,0
3,0,0.43695754,0
3,0,0.4463235,0
3,0,0.61907953,1
3,0,0.35285902,0
3,0,0.84454536,1
3,0,0.45770085,0
3,0,0.27532402,0
3,0,0.52622145,1
3,0,0.9166385,1
3,0,0.7535165,1
3,0,0.6544115,1
3,0,0.50516397,1
3,0,0.43264177,0
3,0,0.4711574,0
3,0,0.38628933,0
3,0,0.7326686,1
3,0,0.57986414,1
3,0,0.51374227,1
3,0,0.85993665,1
3,0,0.27058557,0
3,0,0.6223674,1
3,0,0.19965689,0
3,0,0.31353968,0
3,0,0.26214653,0
3,1,0.7812415,1
3,1,0.84798086,1
3,1,0.75126296,1
3,1,0.83248395,1
3,1,0.7574799,1
3,1,0.80730385,1
3,1,0.6627638,1
3,1,0.6154227,1
3,1,0.7366746,1
3,1,0.72301203,1
3,1,0.8135947,1
3,1,0.7662467,1
3,1,0.7879875,1
3,1,0.70699793,1
3,1,0.7742935,1
3,1,0.7245428,1
3,1,0.8099741,1
3,1,0.17903122,0
3,1,0.19296093,0
3,1,0.1293901,0
3,1,0.15259783,0
3,1,0.3406861,0
3,1,0.534467,1
3,1,0.25679886,0
3,1,0.7252097,1
3,1,0.8579127,1
3,1,0.7631051,1
3,1,0.5175399,1
3,1,0.6728634,1
3,1,0.77326876,1
3,1,0.5999112,1
3,1,0.5965397,1
3,1,0.76483005,1
3,1,0.7657677,1
3,1,0.5860677,1
3,1,0.7426296,1
3,1,0.56266695,1
3,1,0.7590219,1
3,1,0.75288844,1
3,1,0.65839773,1
3,1,0.59750104,1
3,1,0.3355267,0
3,1,0.5674935,1
3,1,0.1799546,0
3,1,0.43964714,0
3,1,0.21265835,0
3,1,0.35863465,0
3,1,0.30730549,0
3,1,0.66181475,1
3,1,0.46422222,0
3,1,0.35639206,0
3,1,0.5156445,1
3,1,0.5379956,1
3,1,0.5423037,1
3,1,0.6831821,1
3,1,0.84025156,1
3,1,0.78616047,1
3,1,0.6591523,1
3,1,0.6699191,1
3,1,0.84952706,1
3,1,0.83682215,1
3,1,0.9221695,1
3,1,0.8823401,1
3,1,0.91705483,1
3,1,0.8112066,1
3,1,0.7188699,1
3,1,0.87274003,1
3,1,0.7254197,1
3,1,0.32167348,0
3,1,0.531118,1
3,1,0.7848294,1
3,1,0.4713841,0
3,1,0.3796432,0
3,1,0.80676943,1
3,1,0.7940398,1
3,1,0.76924574,1
3,1,0.64515436,1
3,1,0.8436995,1
3,1,0.8448844,1
3,1,0.76598406,1
3,1,0.88832855,1
3,1,0.8604341,1
3,1,0.43635905,0
3,1,0.21315934,0
3,1,0.438398,0
3,1,0.22812505,0
3,1,0.28158388,0
3,1,0.550483,1
3,1,0.25010994,0
3,1,0.2595947,0
3,1,0.095746875,0
3,1,0.15030815,0
3,1,0.16768676,0
3,1,0.17779724,0
3,1,0.22623606,0
3,1,0.19506861,0
3,1,0.108028494,0
3,1,0.108544916,0
3,1,0.8983771,1
3,1,0.9452544,1
3,1,0.91871715,1
3,1,0.92083013,1
3,1,0.9247875,1
3,1,0.9098063,1
3,1,0.91374576,1
3,1,0.9225597,1
3,1,0.91424006,1
3,1,0.94479704,1
3,1,0.92203176,1
3,1,0.914263,1
3,1,0.9056822,1
3,1,0.91906637,1
3,1,0.91419524,1
3,1,0.9089884,1
3,1,0.9385936,1
3,1,0.92476,1
3,1,0.9050509,1
3,1,0.88640815,1
3,1,0.890555,1
3,1,0.90066606,1
3,1,0.8622042,1
3,1,0.75236934,1
3,1,0.8698398,1
3,1,0.8655633,1
3,1,0.82312506,1
3,1,0.8742757,1
3,1,0.9010392,1
3,1,0.9399032,1
3,1,0.82643545,1
3,1,0.8579072,1
3,1,0.81711924,1
3,1,0.9377107,1
3,1,0.9375667,1
3,1,0.90678525,1
3,1,0.8724815,1
3,1,0.9046591,1
3,1,0.92440534,1
3,1,0.8876421,1
3,1,0.86057466,1
3,1,0.8842039,1
3,1,0.95457715,1
3,1,0.9080271,1
3,1,0.8972442,1
3,1,0.81178343,1
3,1,0.9239743,1
3,1,0.8202726,1
3,1,0.83310884,1
3,1,0.90236634,1
3,1,0.85603833,1
3,1,0.908816,1
3,1,0.83187085,1
3,1,0.89845717,1
3,1,0.90884495,1
3,1,0.8983977,1
3,1,0.87059665,1
3,1,0.9371162,1
3,1,0.8071352,1
3,1,0.8099805,1
3,1,0.81054866,1
3,1,0.85147905,1
3,1,0.8382849,1
3,1,0.83948654,1
3,1,0.8747693,1
3,1,0.797716,1
3,1,0.8927724,1
3,1,0.9098989,1
3,1,0.8967352,1
3,1,0.932901,1
3,1,0.8947227,1
3,1,0.8242964,1
3,1,0.87408555,1
3,1,0.91309863,1
3,1,0.905174,1
3,0,0.82604945,1
3,0,0.91039443,1
3,0,0.8634966,1
3,0,0.82764095,1
3,0,0.84955657,1
3,0,0.82091093,1
3,0,0.89561075,1
3,0,0.7825768,1
3,0,0.8226152,1
3,0,0.73009783,1
3,0,0.76399595,1
3,0,0.77466965,1
3,1,0.8058735,1
3,1,0.65022033,1
3,1,0.9509951,1
3,1,0.93059254,1
3,1,0.92506564,1
3,1,0.9386165,1
3,1,0.8320656,1
3,1,0.76776,1
3,1,0.5316953,1
3,1,0.6720318,1
3,1,0.7406742,1
3,1,0.75134265,1
3,1,0.8601194,1
3,1,0.9156353,1
3,1,0.8290181,1
3,0,0.40318507,0
3,0,0.5655974,1
3,0,0.44472247,0
3,0,0.541542,1
3,0,0.43867713,0
3,0,0.3728703,0
3,0,0.44431597,0
3,0,0.46156934,0
3,0,0.58035535,1
3,0,0.5615697,1
3,0,0.47175938,0
3,0,0.63206744,1
3,0,0.4635691,0
3,0,0.50359166,1
3,0,0.5220238,1
3,1,0.6622496,1
3,1,0.6966439,1
3,1,0.6618471,1
3,1,0.70607793,1
3,1,0.7153647,1
3,1,0.66976684,1
3,1,0.6964026,1
3,1,0.6401484,1
3,1,0.7376814,1
3,1,0.74664676,1
3,1,0.7503543,1
3,1,0.77578986,1
3,1,0.72982967,1
3,1,0.7442423,1
3,1,0.6593408,1
3,1,0.7470838,1
3,1,0.79441196,1
3,1,0.6122584,1
3,0,0.30280927,0
3,0,0.30306125,0
3,0,0.35482287,0
3,0,0.5109212,1
3,0,0.6050127,1
3,0,0.48596025,0
3,0,0.39417592,0
3,0,0.28193736,0
3,0,0.1876039,0
3,0,0.19308846,0
3,0,0.23915692,0
3,0,0.23883395,0
3,0,0.25178853,0
3,0,0.6606607,1
3,0,0.49714634,0
3,0,0.7544541,1
3,0,0.50598234,1
3,0,0.5246932,1
3,0,0.8478723,1
3,0,0.65273714,1
3,0,0.8129115,1
3,0,0.39865518,0
3,0,0.44468355,0
3,0,0.4315929,0
3,0,0.23969185,0
3,0,0.504145,1
3,0,0.62136453,1
3,0,0.45904034,0
3,0,0.8511292,1
3,0,0.87651896,1
3,0,0.8593914,1
3,0,0.891508,1
3,0,0.7816702,1
3,0,0.9174129,1
3,0,0.56371605,1
3,0,0.2815984,0
3,0,0.6917906,1
3,0,0.53197646,1
3,0,0.62908256,1
3,0,0.5342852,1
3,0,0.699004,1
3,0,0.87867826,1
3,1,0.5427709,1
3,1,0.41290328,0
3,1,0.52224594,1
3,1,0.6304324,1
3,1,0.4701247,0
3,1,0.34743237,0
3,1,0.43888077,0
3,1,0.29065573,0
3,1,0.33155882,0
3,1,0.2952882,0
3,1,0.218676,0
3,1,0.16711392,0
3,1,0.49496308,0
3,1,0.49874794,0
3,1,0.54103506,1
3,1,0.47681704,0
3,1,0.5580059,1
3,1,0.39564618,0
3,1,0.42685628,0
3,1,0.4605472,0
3,1,0.34283048,0
3,1,0.5223544,1
3,1,0.4232416,0
3,1,0.5569017,1
3,1,0.57503456,1
3,1,0.6930222,1
3,1,0.44571972,0
3,1,0.5803583,1
3,1,0.5996785,1
3,1,0.67142373,1
3,1,0.5846836,1
3,1,0.6436282,1
3,1,0.6084079,1
3,1,0.39302558,0
3,1,0.5826332,1
3,1,0.47518358,0
3,1,0.53249055,1
3,1,0.41630656,0
3,1,0.50289065,1
3,1,0.5372787,1
3,1,0.59029794,1
3,1,0.57221234,1
3,1,0.5980703,1
3,0,0.5221348,1
3,0,0.42803115,0
3,0,0.3348224,0
3,0,0.54475725,1
3,0,0.42307082,0
3,0,0.5177352,1
3,0,0.57543045,1
3,0,0.5586351,1
3,0,0.45802683,0
3,0,0.29285264,0
3,0,0.46232995,0
3,0,0.30548263,0
3,0,0.57524925,1
3,1,0.28325084,0
3,1,0.46212152,0
3,1,0.61682993,1
3,1,0.5640819,1
3,1,0.4438859,0
3,1,0.38957107,0
3,1,0.55745494,1
3,1,0.56290317,1
3,1,0.47946888,0
3,1,0.5014158,1
3,1,0.5254457,1
3,1,0.7095164,1
3,1,0.5766012,1
3,1,0.6302173,1
3,1,0.76140726,1
3,1,0.60758007,1
3,1,0.3085767,0
3,1,0.5874401,1
3,1,0.6868288,1
3,1,0.57760465,1
3,1,0.7424963,1
3,1,0.78551704,1
3,1,0.6574236,1
3,1,0.69988173,1
3,1,0.6645676,1
3,1,0.82229143,1
3,1,0.7227011,1
3,1,0.6049951,1
3,1,0.67083055,1
3,1,0.61911064,1
3,1,0.45468184,0
3,1,0.49906355,0
3,1,0.659317,1
3,1,0.664506,1
3,1,0.8548964,1
3,1,0.7729349,1
3,1,0.63652164,1
3,1,0.8365882,1
3,1,0.81430465,1
3,1,0.6306203,1
3,1,0.68231726,1
3,1,0.7584258,1
3,1,0.69179046,1
3,1,0.62065256,1
3,1,0.67224467,1
3,1,0.68337107,1
3,1,0.68200964,1
3,1,0.6013977,1
3,1,0.6955352,1
3,1,0.5613629,1
3,1,0.622165,1
3,1,0.7262664,1
3,1,0.74082536,1
3,1,0.73335624,1
3,1,0.66976094,1
3,1,0.647678,1
3,1,0.7429748,1
3,1,0.45936406,0
3,1,0.5585193,1
3,1,0.5377873,1
3,1,0.540616,1
3,1,0.652922,1
3,1,0.6373878,1
3,1,0.65181696,1
3,1,0.6708838,1
3,1,0.79831016,1
3,1,0.64467204,1
3,1,0.71662575,1
3,1,0.65000296,1
3,1,0.56043255,1
3,1,0.75167155,1
3,1,0.6632058,1
3,1,0.68794376,1
3,1,0.6617806,1
3,1,0.55407923,1
3,1,0.6953704,1
3,1,0.5656091,1
3,1,0.67852294,1
3,1,0.63821995,1
3,1,0.6675115,1
3,1,0.6958595,1
3,1,0.70072293,1
3,1,0.6515629,1
3,1,0.65031165,1
3,1,0.6946547,1
3,1,0.8215843,1
3,1,0.9138777,1
3,1,0.5829027,1
3,1,0.70387673,1
3,1,0.70107895,1
3,1,0.33409634,0
3,1,0.4112072,0
3,1,0.4319635,0
3,1,0.61948675,1
3,1,0.55456036,1
3,1,0.5768695,1
3,1,0.58721256,1
3,1,0.68363124,1
3,1,0.54813874,1
3,1,0.66768444,1
3,1,0.6834801,1
3,1,0.48932454,0
3,1,0.38607785,0
3,0,0.6319573,1
3,0,0.7107412,1
3,0,0.5313629,1
3,0,0.6508493,1
3,0,0.65251714,1
3,0,0.78821665,1
3,0,0.7905674,1
3,0,0.8087064,1
3,0,0.6886236,1
3,0,0.6593559,1
3,0,0.70101976,1
3,0,0.72545755,1
3,0,0.6395298,1
3,0,0.6151309,1
3,0,0.6270844,1
3,0,0.37804958,0
3,0,0.62375754,1
3,0,0.5684753,1
3,0,0.7425893,1
3,0,0.58986443,1
3,0,0.4598093,0
3,0,0.7196078,1
3,0,0.42671686,0
3,0,0.5609053,1
3,0,0.4824043,0
3,0,0.48013112,0
3,0,0.7866848,1
3,0,0.8438183,1
3,0,0.84759724,1
3,0,0.8882144,1
3,0,0.89727145,1
3,0,0.94532734,1
3,0,0.917633,1
3,0,0.9209688,1
3,0,0.9252276,1
3,0,0.90896094,1
3,0,0.91364545,1
3,0,0.9211781,1
3,0,0.91403097,1
3,0,0.94460285,1
3,0,0.9160317,1
3,0,0.92279816,1
3,0,0.9148901,1
3,0,0.9051662,1
3,0,0.9200064,1
3,0,0.91457456,1
3,0,0.90812963,1
3,0,0.9388909,1
3,0,0.9243418,1
3,0,0.9040915,1
3,0,0.88632166,1
3,0,0.88936394,1
3,0,0.901047,1
3,0,0.90474886,1
3,0,0.907389,1
3,0,0.9260017,1
3,0,0.9481156,1
3,0,0.84409106,1
3,0,0.9133918,1
3,1,0.9004229,1
3,1,0.89394325,1
3,1,0.9239399,1
3,1,0.919614,1
3,1,0.9262104,1
3,1,0.8276329,1
3,1,0.9339873,1
3,1,0.89391375,1
3,0,0.8652724,1
3,0,0.8742391,1
3,0,0.92672455,1
3,0,0.86620975,1
3,0,0.86506957,1
3,0,0.95666,1
3,0,0.85196614,1
3,0,0.92453945,1
3,0,0.9421816,1
3,0,0.9315842,1
3,0,0.82632786,1
3,0,0.91281,1
3,0,0.9196108,1
3,0,0.9116401,1
3,0,0.9032458,1
3,0,0.935735,1
3,0,0.9302399,1
3,0,0.93837386,1
3,0,0.9588185,1
3,0,0.96812326,1
3,0,0.8690452,1
3,0,0.9114338,1
3,0,0.9300052,1
3,0,0.94726664,1
3,0,0.9272754,1
3,0,0.940535,1
3,0,0.90539485,1
3,0,0.8652904,1
3,0,0.8871525,1
3,0,0.9250281,1
3,0,0.9054008,1
3,0,0.89725566,1
3,0,0.9207758,1
3,0,0.90433806,1
3,0,0.83927745,1
3,0,0.88413364,1
3,0,0.9042151,1
3,0,0.9086714,1
3,0,0.8930339,1
3,0,0.87119687,1
3,0,0.9135506,1
3,0,0.86836946,1
3,0,0.88787216,1
3,0,0.93182975,1
3,0,0.89373773,1
3,0,0.8391106,1
3,0,0.9109872,1
3,0,0.93776554,1
3,0,0.88777655,1
3,0,0.90780365,1
3,0,0.87881064,1
3,0,0.8599387,1
3,0,0.9077197,1
3,0,0.9046021,1
3,0,0.8965044,1
3,0,0.8379957,1
3,0,0.89372766,1
3,0,0.8962506,1
3,0,0.7450444,1
3,0,0.8484267,1
3,0,0.8236587,1
3,0,0.8712411,1
3,0,0.74628955,1
3,0,0.86064696,1
3,0,0.85008824,1
3,0,0.8085153,1
3,0,0.874653,1
3,0,0.904845,1
3,0,0.93723285,1
3,0,0.81986016,1
3,0,0.85228854,1
3,0,0.8499942,1
3,0,0.80148536,1
3,0,0.83277875,1
3,0,0.86064875,1
3,0,0.8046703,1
3,0,0.9124375,1
3,0,0.8393561,1
3,0,0.862998,1
3,0,0.8962558,1
3,0,0.8370982,1
3,0,0.8665602,1
3,0,0.92160314,1
3,0,0.9422748,1
3,0,0.8829805,1
3,0,0.88247675,1
3,0,0.80074775,1
3,0,0.7889273,1
3,0,0.80480593,1
3,0,0.77261215,1
3,0,0.84574944,1
3,0,0.80480486,1
3,0,0.8599348,1
3,0,0.77739424,1
3,0,0.8041379,1
3,0,0.82598794,1
3,0,0.8197817,1
3,0,0.77566195,1
3,0,0.83659995,1
3,0,0.8211159,1
3,0,0.8616444,1
3,0,0.78403616,1
3,0,0.9077472,1
3,0,0.86526424,1
3,0,0.72249705,1
3,0,0.85657156,1
3,0,0.8418928,1
3,0,0.80751413,1
3,0,0.8314893,1
3,0,0.825757,1
3,0,0.74485666,1
3,0,0.6513384,1
3,0,0.81717956,1
3,0,0.811694,1
3,0,0.80510956,1
3,0,0.7250698,1
3,0,0.8083746,1
3,0,0.7729573,1
3,0,0.8187039,1
3,0,0.7754477,1
3,0,0.882735,1
3,0,0.81334126,1
3,0,0.6405568,1
3,0,0.79738164,1
3,0,0.83627903,1
3,0,0.7953115,1
3,0,0.7369345,1
3,0,0.8217988,1
3,0,0.81062156,1
3,0,0.7980864,1
3,0,0.74280995,1
3,0,0.84393775,1
3,0,0.87191457,1
3,0,0.7879829,1
3,0,0.89213073,1
3,0,0.8630485,1
3,0,0.8673575,1
3,0,0.818431,1
3,0,0.93721503,1
3,0,0.93659997,1
3,0,0.90554947,1
3,0,0.87079006,1
3,0,0.9027424,1
3,0,0.92591596,1
3,0,0.8878875,1
3,0,0.8597632,1
3,0,0.888383,1
3,0,0.90730774,1
3,0,0.89759475,1
3,0,0.876605,1
3,0,0.84632677,1
3,0,0.8885552,1
3,0,0.91271883,1
3,0,0.92275286,1
3,0,0.88029194,1
3,0,0.89819753,1
3,0,0.93669796,1
3,0,0.89120567,1
3,0,0.8710905,1
3,0,0.95685333,1
3,0,0.9428947,1
3,0,0.8395702,1
3,0,0.89909106,1
3,0,0.89575917,1
3,0,0.84687614,1
3,0,0.9486593,1
3,0,0.87124896,1
3,0,0.87718225,1
3,0,0.87735796,1
3,0,0.79973084,1
3,0,0.82982296,1
3,0,0.89413106,1
3,0,0.84139305,1
3,0,0.85866165,1
3,0,0.83367217,1
3,0,0.8459399,1
3,0,0.9078894,1
3,0,0.88832027,1
3,0,0.88592833,1
3,0,0.907189,1
3,0,0.93537295,1
3,0,0.8781818,1
3,0,0.88174945,1
3,0,0.9543124,1
3,0,0.90728545,1
3,0,0.8982554,1
3,0,0.8117135,1
3,0,0.9242228,1
3,0,0.82238513,1
3,0,0.834058,1
3,0,0.9032776,1
3,0,0.85709447,1
3,0,0.90953374,1
3,0,0.8353282,1
3,0,0.87459856,1
3,0,0.8538067,1
3,0,0.74677026,1
3,0,0.806105,1
3,0,0.89636683,1
3,0,0.88374245,1
3,0,0.76069087,1
3,0,0.81347483,1
3,0,0.8141121,1
3,0,0.7795996,1
3,0,0.7974491,1
3,0,0.7681313,1
3,0,0.76318157,1
3,0,0.8509321,1
3,0,0.7852932,1
3,0,0.80512416,1
3,0,0.83359617,1
3,0,0.84497833,1
3,0,0.8457667,1
3,0,0.8062326,1
3,0,0.8760397,1
3,0,0.8873583,1
3,0,0.8937476,1
3,0,0.930433,1
3,0,0.91737676,1
3,0,0.84391177,1
3,0,0.91223496,1
3,0,0.899151,1
3,0,0.9105137,1
3,0,0.89910644,1
3,0,0.8714411,1
3,0,0.9366055,1
3,0,0.8078948,1
3,0,0.8100347,1
3,0,0.8104701,1
3,0,0.85393786,1
3,0,0.8391365,1
3,0,0.8416718,1
3,0,0.8748363,1
3,0,0.8687788,1
3,0,0.8170428,1
3,0,0.84753525,1
3,0,0.78293204,1
3,0,0.7440295,1
3,0,0.7044425,1
3,0,0.88647,1
3,0,0.8623148,1
3,0,0.7662609,1
3,0,0.7992546,1
3,0,0.8943526,1
3,0,0.91088367,1
3,0,0.8966304,1
3,0,0.9331636,1
3,0,0.8942755,1
3,0,0.8236098,1
3,0,0.873278,1
3,0,0.91333616,1
3,0,0.90510917,1
3,0,0.91371804,1
3,0,0.85990506,1
3,0,0.93030566,1
3,0,0.9105875,1
3,0,0.8301792,1
3,0,0.91056055,1
3,0,0.862734,1
3,0,0.8294683,1
3,0,0.849099,1
3,0,0.8223297,1
3,0,0.8947971,1
3,0,0.781773,1
3,0,0.822753,1
3,0,0.72736794,1
3,0,0.7626882,1
3,0,0.77477705,1
3,0,0.78791946,1
3,0,0.7692977,1
3,0,0.6009985,1
3,0,0.7885847,1
3,0,0.7911693,1
3,0,0.8261872,1
3,0,0.73368424,1
3,0,0.82365394,1
3,0,0.83162713,1
3,0,0.7925333,1
3,0,0.8237571,1
3,0,0.8068778,1
3,0,0.8886809,1
3,0,0.889764,1
3,0,0.7856316,1
3,0,0.8123216,1
3,0,0.7963247,1
3,0,0.7624105,1
3,0,0.6747025,1
3,0,0.688572,1
3,0,0.73629135,1
3,0,0.70357263,1
3,0,0.46782303,0
3,1,0.39817217,0
3,1,0.4703202,0
3,1,0.48416698,0
3,1,0.40625215,0
3,1,0.47741076,0
3,1,0.40454867,0
3,1,0.4737706,0
3,1,0.4476805,0
3,1,0.86673623,1
3,1,0.87188774,1
3,1,0.89413553,1
3,1,0.76074535,1
3,1,0.7512261,1
3,1,0.8208463,1
3,1,0.64311075,1
3,1,0.7346243,1
3,1,0.70951456,1
3,1,0.83450526,1
3,1,0.63322854,1
3,1,0.88130885,1
3,1,0.8674519,1
3,1,0.89360034,1
3,1,0.87149227,1
3,1,0.8752926,1
3,1,0.8695655,1
3,1,0.90547377,1
3,1,0.9418537,1
3,1,0.8605925,1
3,1,0.8271699,1
3,1,0.8697477,1
3,1,0.8766328,1
3,1,0.8834124,1
3,1,0.90690714,1
3,1,0.9117778,1
3,1,0.9340127,1
3,1,0.8825048,1
3,1,0.88458294,1
3,1,0.8828805,1
3,1,0.92599785,1
3,1,0.8784266,1
3,1,0.8995676,1
3,1,0.941667,1
3,1,0.87479055,1
3,1,0.90534204,1
3,1,0.8569375,1
3,1,0.80855703,1
3,1,0.6603825,1
3,1,0.8293574,1
3,1,0.80065626,1
3,1,0.7500119,1
3,1,0.7493839,1
3,1,0.7592117,1
3,1,0.7159789,1
3,1,0.8249232,1
3,1,0.81329906,1
3,1,0.8036082,1
3,1,0.8807879,1
3,1,0.87147635,1
3,1,0.9070567,1
3,1,0.8902337,1
3,1,0.8699564,1
3,1,0.81869054,1
3,1,0.88460964,1
3,1,0.87185156,1
3,1,0.8787437,1
3,1,0.7780424,1
3,1,0.6871521,1
3,1,0.7883071,1
3,1,0.750421,1
3,1,0.89356244,1
3,1,0.8522221,1
3,1,0.853621,1
3,1,0.7437162,1
3,1,0.6405414,1
3,1,0.6027481,1
3,1,0.64658564,1
3,1,0.70003396,1
3,1,0.64393187,1
3,1,0.7523172,1
3,1,0.7712182,1
3,1,0.8431555,1
3,1,0.88233715,1
3,1,0.89138156,1
3,1,0.87154317,1
3,1,0.9000299,1
3,1,0.8936906,1
3,1,0.8845563,1
3,1,0.9009903,1
3,1,0.9130158,1
3,1,0.8710057,1
3,1,0.87691855,1
3,1,0.8336623,1
3,1,0.8479232,1
3,1,0.8673905,1
3,1,0.8849156,1
3,1,0.8419077,1
3,1,0.8408406,1
3,1,0.92293805,1
3,1,0.9661805,1
3,1,0.89145535,1
3,1,0.8990693,1
3,1,0.81102043,1
3,1,0.92967397,1
3,1,0.916435,1
3,1,0.885921,1
3,1,0.78795135,1
3,1,0.7670407,1
3,1,0.7371201,1
3,1,0.8083456,1
3,1,0.71719635,1
3,1,0.83291066,1
3,1,0.873307,1
3,1,0.77795804,1
3,1,0.7210307,1
3,1,0.8546989,1
3,1,0.79867274,1
3,1,0.7410821,1
3,1,0.6480698,1
3,1,0.81327295,1
3,1,0.71506166,1
3,1,0.61714596,1
3,1,0.88600177,1
3,1,0.8267781,1
3,1,0.8500646,1
3,1,0.8965181,1
3,1,0.7755905,1
3,1,0.7547751,1
3,1,0.75901103,1
3,1,0.6075853,1
3,1,0.8575697,1
3,1,0.64769226,1
3,1,0.6751802,1
3,1,0.7465232,1
3,1,0.811624,1
3,1,0.68886936,1
3,1,0.8712689,1
3,1,0.6519279,1
3,1,0.7159916,1
3,1,0.42017928,0
3,1,0.26301944,0
3,1,0.22202012,0
3,1,0.42726776,0
3,1,0.48558623,0
3,1,0.38378626,0
3,1,0.62222654,1
3,1,0.6473098,1
3,1,0.6367588,1
3,1,0.4603053,0
3,1,0.8170248,1
3,1,0.58825517,1
3,1,0.6078334,1
3,0,0.74278474,1
3,0,0.82265323,1
3,0,0.7006438,1
3,0,0.83757514,1
3,0,0.8081227,1
3,0,0.69831735,1
3,0,0.7499716,1
3,0,0.86103237,1
3,0,0.73153824,1
3,0,0.8525109,1
3,0,0.84184533,1
3,0,0.8188376,1
3,0,0.9053495,1
3,0,0.8406275,1
3,0,0.8901245,1
3,1,0.69434476,1
3,1,0.5366342,1
3,1,0.60620004,1
3,1,0.24192594,0
3,1,0.5743199,1
3,1,0.47168317,0
3,1,0.40697914,0
3,1,0.49068433,0
3,1,0.42790034,0
3,1,0.662485,1
3,1,0.6149574,1
3,1,0.5914175,1
3,1,0.5695167,1
3,1,0.54999894,1
3,1,0.64302933,1
3,0,0.74163055,1
3,0,0.8224623,1
3,0,0.69964707,1
3,0,0.8368305,1
3,0,0.8063064,1
3,0,0.697849,1
3,0,0.7485528,1
3,0,0.8630443,1
3,0,0.7307024,1
3,0,0.8511169,1
3,0,0.84254855,1
3,0,0.8188207,1
3,0,0.90459025,1
3,0,0.84032196,1
3,0,0.8895036,1
3,1,0.7877445,1
3,1,0.7493314,1
3,1,0.78641695,1
3,1,0.66670007,1
3,1,0.6662525,1
3,1,0.66607124,1
3,1,0.7149314,1
3,1,0.64034176,1
3,1,0.47735614,0
3,1,0.59906447,1
3,1,0.504454,1
3,1,0.5293363,1
3,1,0.69128954,1
3,1,0.6709422,1
3,1,0.60358137,1
3,1,0.52396303,1
3,1,0.5536699,1
3,1,0.61704284,1
3,1,0.5326177,1
3,1,0.5949454,1
3,1,0.63871723,1
3,1,0.5614241,1
3,1,0.60692513,1
3,1,0.57441723,1
3,1,0.47566387,0
3,1,0.60495085,1
3,1,0.4903217,0
3,1,0.579331,1
3,1,0.5882416,1
3,1,0.686688,1
3,1,0.6845816,1
3,1,0.57338196,1
3,1,0.6382003,1
3,1,0.6530315,1
3,1,0.65642565,1
3,1,0.29372236,0
3,1,0.33314076,0
3,1,0.48700422,0
3,1,0.4225501,0
3,1,0.57253844,1
3,1,0.43064305,0
3,1,0.4406001,0
3,1,0.35297793,0
3,1,0.14171663,0
3,1,0.04948615,0
3,1,0.10793281,0
3,1,0.15486586,0
3,1,0.1208953,0
3,1,0.11051476,0
3,1,0.033766277,0
3,1,0.06270911,0
3,1,0.06121545,0
3,1,0.47238955,0
3,1,0.48990268,0
3,1,0.47978228,0
3,1,0.44012946,0
3,1,0.5572098,1
3,1,0.6695907,1
3,1,0.41199344,0
3,1,0.5055147,1
3,1,0.5805118,1
3,1,0.6622496,1
3,1,0.6966439,1
3,1,0.6618471,1
3,1,0.70607793,1
3,1,0.7153647,1
3,1,0.66976684,1
3,1,0.6964026,1
3,1,0.6401484,1
3,1,0.7376814,1
3,1,0.74664676,1
3,1,0.7503543,1
3,1,0.77578986,1
3,1,0.72982967,1
3,1,0.7442423,1
3,1,0.6593408,1
3,1,0.7470838,1
3,1,0.79441196,1
3,1,0.6122584,1
3,1,0.2287829,0
3,1,0.36640742,0
3,1,0.31111774,0
3,1,0.3117076,0
3,1,0.2889602,0
3,1,0.3038441,0
3,1,0.32104486,0
3,1,0.25258845,0
3,1,0.3798692,0
3,1,0.3280346,0
3,1,0.39781764,0
3,1,0.3955884,0
3,1,0.4526845,0
3,1,0.33331284,0
3,1,0.3592706,0
3,1,0.3371431,0
3,1,0.1802914,0
3,1,0.19709033,0
3,1,0.27031338,0
3,1,0.28612447,0
3,1,0.2252062,0
3,1,0.29294783,0
3,1,0.33350813,0
3,1,0.12645324,0
3,1,0.1876777,0
3,1,0.299882,0
3,1,0.4431561,0
3,0,0.60330117,1
3,0,0.6024358,1
3,0,0.59255517,1
3,0,0.695149,1
3,0,0.63328385,1
3,0,0.58847237,1
3,0,0.748741,1
3,0,0.6654735,1
3,0,0.570679,1
3,0,0.6384621,1
3,0,0.5829793,1
3,0,0.5477416,1
3,0,0.6654045,1
3,0,0.58048373,1
3,0,0.68523633,1
3,0,0.64660305,1
3,0,0.694778,1
3,0,0.59932345,1
3,0,0.44478014,0
3,0,0.54791707,1
3,0,0.51032823,1
3,0,0.5666879,1
3,0,0.6908547,1
3,0,0.6908567,1
3,0,0.66213095,1
3,0,0.6712882,1
3,0,0.80144787,1
3,0,0.59037995,1
3,0,0.66612935,1
3,0,0.63227516,1
3,1,0.6807339,1
3,1,0.820394,1
3,1,0.5874339,1
3,1,0.6094039,1
3,1,0.62025374,1
3,1,0.61704755,1
3,1,0.8211779,1
3,1,0.5002453,1
3,1,0.8395368,1
3,1,0.75959355,1
3,1,0.78868574,1
3,1,0.7318292,1
3,1,0.84614706,1
3,1,0.6752083,1
3,1,0.6543318,1
3,1,0.81167483,1
3,1,0.7583594,1
3,1,0.74558896,1
3,1,0.61535525,1
3,1,0.67498547,1
3,1,0.68058693,1
3,1,0.7159619,1
3,1,0.68221253,1
3,1,0.69517404,1
3,1,0.6772009,1
3,1,0.5831769,1
3,1,0.8161088,1
3,1,0.7104818,1
3,1,0.6203412,1
3,1,0.51528114,1
3,0,0.53439987,1
3,0,0.6205653,1
3,0,0.663841,1
3,0,0.7182249,1
3,0,0.6187997,1
3,0,0.42317885,0
3,0,0.60788506,1
3,0,0.39878407,0
3,0,0.48107958,0
3,0,0.5430459,1
3,0,0.569295,1
3,0,0.5761503,1
3,0,0.33427018,0
4,1,0.7131786,1
4,1,0.6947146,1
4,1,0.61484987,1
4,1,0.5580276,1
4,1,0.52554375,1
4,1,0.6654275,1
4,1,0.4876627,0
4,1,0.48200595,0
4,1,0.5899973,1
4,0,0.5829888,1
4,0,0.44392195,0
4,0,0.48671228,0
4,0,0.5442554,1
4,0,0.49733195,0
4,0,0.4270945,0
4,0,0.5830585,1
4,0,0.46422508,0
4,0,0.4831711,0
4,0,0.4016531,0
4,0,0.60080504,1
4,1,0.41758066,0
4,1,0.506012,1
4,1,0.3900183,0
4,1,0.29293928,0
4,1,0.15542217,0
4,1,0.15343077,0
4,1,0.48108777,0
4,1,0.40769383,0
4,1,0.3682035,0
4,1,0.5671746,1
4,1,0.29315403,0
4,1,0.17767563,0
4,1,0.40274867,0
4,1,0.6547765,1
4,1,0.622794,1
4,1,0.38006812,0
4,1,0.2963117,0
4,1,0.20520669,0
4,1,0.46340138,0
4,1,0.26143065,0
4,1,0.057683397,0
4,1,0.1390045,0
4,1,0.38209257,0
4,1,0.14789835,0
4,1,0.42696404,0
4,1,0.25865078,0
4,1,0.49757025,0
4,1,0.46138713,0
4,1,0.22843206,0
4,1,0.29607293,0
4,1,0.1402534,0
4,1,0.307061,0
4,1,0.48489583,0
4,1,0.4777691,0
4,1,0.5520967,1
4,1,0.3653213,0
4,1,0.36989534,0
4,1,0.5542775,1
4,1,0.5346857,1
4,1,0.5000501,1
4,1,0.74746096,1
4,1,0.80402225,1
4,1,0.7957076,1
4,1,0.76355046,1
4,1,0.8057981,1
4,1,0.8161164,1
4,1,0.785682,1
4,1,0.7175618,1
4,1,0.6460407,1
4,1,0.79658705,1
4,1,0.81570154,1
4,1,0.8074429,1
4,1,0.81238294,1
4,1,0.77035075,1
4,1,0.77308035,1
4,1,0.7373296,1
4,1,0.8304828,1
4,1,0.8837662,1
4,1,0.76903504,1
4,1,0.49767995,0
4,1,0.62520295,1
4,1,0.5906435,1
4,1,0.75185424,1
4,1,0.65829206,1
4,1,0.59808046,1
4,1,0.5965654,1
4,1,0.8000647,1
4,1,0.6770065,1
4,1,0.5889841,1
4,1,0.5813248,1
4,1,0.5014552,1
4,1,0.65444577,1
4,1,0.60305226,1
4,1,0.47828028,0
4,1,0.4639933,0
4,1,0.61121774,1
4,1,0.6629588,1
4,1,0.34928453,0
4,1,0.5610007,1
4,1,0.38929588,0
4,1,0.5308625,1
4,1,0.5714304,1
4,1,0.60696775,1
4,1,0.45669365,0
4,1,0.48194087,0
4,1,0.6148434,1
4,1,0.6371466,1
4,1,0.5384037,1
4,1,0.67840946,1
4,0,0.50021195,1
4,0,0.43796638,0
4,0,0.47450352,0
4,0,0.5796202,1
4,0,0.49467078,0
4,0,0.57720566,1
4,0,0.45848468,0
4,0,0.4936408,0
4,0,0.55015904,1
4,0,0.653938,1
4,0,0.48285764,0
4,0,0.5251983,1
4,0,0.42348334,0
4,1,0.4872183,0
4,1,0.6355053,1
4,1,0.6235089,1
4,1,0.65461975,1
4,1,0.5953361,1
4,1,0.6909756,1
4,1,0.5526616,1
4,1,0.6589987,1
4,1,0.5778419,1
4,1,0.53815866,1
4,1,0.44089025,0
4,1,0.4401022,0
4,1,0.47253206,0
4,1,0.40504396,0
4,1,0.47314924,0
4,1,0.5018803,1
4,1,0.5763979,1
4,1,0.47743982,0
4,1,0.5230173,1
4,1,0.51732713,1
4,1,0.5941097,1
4,1,0.5575828,1
4,1,0.40039566,0
4,1,0.51787484,1
4,1,0.51585644,1
4,1,0.53014165,1
4,1,0.53061634,1
4,1,0.53956854,1
4,1,0.61514366,1
4,1,0.4922181,0
4,1,0.60921127,1
4,1,0.61720353,1
4,1,0.17665946,0
4,1,0.06793351,0
4,1,0.1007049,0
4,1,0.17468677,0
4,1,0.33529553,0
4,1,0.18721572,0
4,1,0.08195181,0
4,1,0.012756931,0
4,1,0.047914665,0
4,1,0.59446734,1
4,1,0.6528,1
4,1,0.65178263,1
4,1,0.5357013,1
4,1,0.64260834,1
4,1,0.673444,1
4,1,0.64414823,1
4,1,0.72135514,1
4,1,0.7639109,1
4,1,0.5113307,1
4,1,0.52434015,1
4,1,0.30895013,0
4,1,0.3496458,0
4,1,0.604573,1
4,1,0.5754204,1
4,1,0.65001,1
4,1,0.60706687,1
4,1,0.6762858,1
4,1,0.80840516,1
4,1,0.74876076,1
4,1,0.964572,1
4,1,0.9107334,1
4,1,0.86237055,1
4,1,0.90749454,1
4,1,0.9180149,1
4,1,0.84123874,1
4,1,0.7524422,1
4,1,0.8108996,1
4,1,0.77573305,1
4,1,0.6180364,1
4,1,0.7853542,1
4,1,0.5986986,1
4,1,0.72027045,1
4,1,0.72323215,1
4,1,0.64181405,1
4,1,0.5607459,1
4,1,0.63015366,1
4,1,0.7336614,1
4,1,0.31334442,0
4,1,0.322834,0
4,1,0.34637114,0
4,1,0.29402554,0
4,1,0.26614007,0
4,1,0.30633911,0
4,1,0.32466602,0
4,1,0.22092345,0
4,1,0.3063958,0
4,1,0.33444494,0
4,1,0.35110864,0
4,1,0.39956528,0
4,1,0.45157632,0
4,1,0.5854899,1
4,1,0.4982294,0
4,1,0.62960285,1
4,1,0.41593045,0
4,1,0.59046406,1
4,0,0.76164734,1
4,0,0.5596596,1
4,0,0.5838269,1
4,0,0.7979311,1
4,0,0.6455171,1
4,0,0.49681932,0
4,0,0.63818437,1
4,0,0.5919277,1
4,0,0.51591235,1
4,0,0.48689052,0
4,0,0.6391763,1
4,0,0.29674706,0
4,0,0.27757248,0
4,0,0.4991089,0
4,0,0.553815,1
4,0,0.33808935,0
4,0,0.33936596,0
4,0,0.4996885,0
4,0,0.28955045,0
4,0,0.39372423,0
4,0,0.42015028,0
4,0,0.47785634,0
4,0,0.24153237,0
4,0,0.38351902,0
4,0,0.5273979,1
4,0,0.44703287,0
4,0,0.32896328,0
4,0,0.41891858,0
4,0,0.6388373,1
4,0,0.48763472,0
4,0,0.47123274,0
4,0,0.535392,1
4,0,0.49461585,0
4,0,0.3845209,0
4,1,0.12959795,0
4,1,0.12988696,0
4,1,0.32615435,0
4,1,0.22155237,0
4,1,0.41035315,0
4,1,0.23705976,0
4,1,0.08062938,0
4,0,0.24742459,0
4,0,0.33282778,0
4,0,0.1712912,0
4,0,0.2722015,0
4,0,0.21726748,0
4,0,0.44764027,0
4,0,0.17425866,0
4,0,0.7952984,1
4,0,0.34083194,0
4,0,0.5013947,1
4,0,0.23686242,0
4,0,0.22934419,0
4,0,0.16193296,0
4,0,0.08453211,0
4,0,0.15721491,0
4,1,0.14889054,0
4,1,0.10354763,0
4,1,0.07849773,0
4,1,0.11387093,0
4,1,0.16343543,0
4,1,0.5524327,1
4,1,0.44910035,0
4,1,0.17293012,0
4,1,0.06767989,0
4,1,0.028632462,0
4,1,0.035774063,0
4,1,0.06394976,0
4,1,0.11028592,0
4,1,0.46668515,0
4,1,0.51992047,1
4,1,0.6513284,1
4,1,0.52433413,1
4,1,0.636168,1
4,1,0.67880803,1
4,1,0.7791913,1
4,1,0.76889783,1
4,1,0.6789243,1
4,1,0.7337153,1
4,1,0.83902895,1
4,1,0.73127705,1
4,1,0.39004314,0
4,1,0.41144368,0
4,1,0.5952539,1
4,1,0.5471398,1
4,1,0.4480017,0
4,1,0.4863624,0
4,1,0.40434092,0
4,1,0.59895456,1
4,0,0.74170315,1
4,0,0.6876171,1
4,0,0.7286506,1
4,0,0.8062572,1
4,0,0.56821877,1
4,0,0.60453653,1
4,0,0.46840915,0
4,0,0.626827,1
4,0,0.57185596,1
4,0,0.41272578,0
4,0,0.28717172,0
4,0,0.3868182,0
4,0,0.7093571,1
4,0,0.65519476,1
4,0,0.6467317,1
4,0,0.45843259,0
4,0,0.5960271,1
4,0,0.6206213,1
4,0,0.4642964,0
4,0,0.6195914,1
4,0,0.88561875,1
4,0,0.7318588,1
4,0,0.5816842,1
4,0,0.6398318,1
4,0,0.89167595,1
4,0,0.60074335,1
4,0,0.6472062,1
4,0,0.86775094,1
4,0,0.6179977,1
4,0,0.6659097,1
4,0,0.66955984,1
4,0,0.6471655,1
4,0,0.133722,0
4,0,0.5031041,1
4,0,0.18862495,0
4,0,0.11751715,0
4,0,0.13466169,0
4,0,0.51368314,1
4,0,0.4048449,0
4,0,0.2641651,0
4,0,0.21181673,0
4,0,0.71829474,1
4,0,0.8579261,1
4,0,0.6658485,1
4,0,0.57196116,1
4,0,0.8144197,1
4,0,0.94299793,1
4,0,0.8324394,1
4,0,0.7966233,1
4,0,0.8849229,1
4,0,0.9176922,1
4,0,0.8857403,1
4,0,0.8293148,1
4,0,0.93271476,1
4,0,0.87185943,1
4,0,0.9008478,1
4,0,0.7279245,1
4,0,0.81515366,1
4,0,0.7285397,1
4,0,0.8270399,1
4,0,0.5785119,1
4,0,0.442493,0
4,0,0.46957862,0
4,0,0.54689854,1
4,0,0.45097524,0
4,0,0.43249804,0
4,0,0.27772847,0
4,0,0.29320765,0
4,0,0.7588429,1
4,0,0.37655935,0
4,0,0.4545376,0
4,0,0.8573319,1
4,0,0.92478925,1
4,0,0.74256986,1
4,0,0.5429221,1
4,0,0.9312036,1
4,0,0.9550177,1
4,0,0.78456855,1
4,0,0.88604426,1
4,0,0.8832196,1
4,0,0.8430845,1
4,0,0.667512,1
4,0,0.646709,1
4,0,0.5688773,1
4,0,0.44217548,0
4,0,0.5415135,1
4,0,0.5903146,1
4,0,0.54578495,1
4,0,0.3952606,0
4,0,0.49451014,0
4,0,0.5274437,1
4,0,0.60694027,1
4,0,0.5901075,1
4,0,0.4756654,0
4,0,0.2085015,0
4,0,0.6041,1
4,0,0.796044,1
4,0,0.73381114,1
4,0,0.47043288,0
4,0,0.463226,0
4,0,0.66759485,1
4,0,0.9280187,1
4,0,0.6570723,1
4,0,0.5686914,1
4,0,0.70150137,1
4,0,0.92626625,1
4,0,0.73262596,1
4,0,0.6429716,1
4,0,0.5983284,1
4,0,0.8964159,1
4,0,0.8452475,1
4,0,0.77532494,1
4,0,0.6893638,1
4,0,0.68634963,1
4,0,0.58596075,1
4,0,0.7070459,1
4,0,0.78238034,1
4,0,0.9173851,1
4,0,0.9063545,1
4,0,0.9089581,1
4,0,0.74698573,1
4,0,0.82517415,1
4,0,0.85407794,1
4,0,0.7474672,1
4,0,0.78187346,1
4,0,0.7668998,1
4,0,0.81107444,1
4,0,0.785767,1
4,0,0.6155593,1
4,0,0.58110046,1
4,0,0.61973476,1
4,0,0.8270502,1
4,0,0.78059804,1
4,0,0.47913006,0
4,0,0.49331743,0
4,0,0.8029701,1
4,0,0.6650786,1
4,0,0.7685038,1
4,0,0.69541824,1
4,0,0.90984726,1
4,0,0.9061113,1
4,0,0.8267702,1
4,0,0.7011908,1
4,0,0.8334474,1
4,0,0.9476455,1
4,0,0.9467728,1
4,0,0.9182238,1
4,0,0.9111759,1
4,0,0.9459055,1
4,0,0.8169379,1
4,0,0.9242242,1
4,0,0.8848192,1
4,0,0.7304184,1
4,0,0.6758647,1
4,0,0.9445943,1
4,0,0.8585385,1
4,0,0.74943256,1
4,0,0.88901436,1
4,0,0.93969935,1
4,0,0.8539779,1
4,0,0.551451,1
4,0,0.7450554,1
4,0,0.93038833,1
4,0,0.88137245,1
4,0,0.48397145,0
4,0,0.67811996,1
4,0,0.8801193,1
4,0,0.8874226,1
4,0,0.9052014,1
4,0,0.76820785,1
4,0,0.92704564,1
4,0,0.9361502,1
4,0,0.94327426,1
4,0,0.90965676,1
4,0,0.95180017,1
4,0,0.93780744,1
4,0,0.9278049,1
4,0,0.9403557,1
4,0,0.835277,1
4,0,0.7111337,1
4,0,0.64250666,1
4,0,0.62096083,1
4,0,0.5815826,1
4,0,0.48564747,0
4,0,0.61166424,1
4,0,0.41700447,0
4,0,0.4248426,0
4,0,0.42826226,0
4,0,0.63256824,1
4,0,0.44838893,0
4,0,0.42043334,0
4,0,0.48804852,0
4,0,0.670673,1
4,0,0.6365092,1
4,0,0.56546867,1
4,0,0.5729632,1
4,0,0.7673497,1
4,0,0.82904714,1
4,0,0.6563835,1
4,0,0.5242698,1
4,0,0.76906395,1
4,0,0.7249895,1
4,0,0.68282783,1
4,0,0.47994944,0
4,0,0.70787996,1
4,0,0.78687143,1
4,0,0.69191545,1
4,0,0.23112802,0
4,0,0.67951167,1
4,0,0.78738904,1
4,0,0.76701283,1
4,0,0.61098236,1
4,0,0.83786273,1
4,0,0.75813544,1
4,0,0.5749483,1
4,0,0.8375488,1
4,0,0.5559864,1
4,0,0.80284786,1
4,0,0.67488587,1
4,0,0.6822135,1
4,0,0.48569596,0
4,0,0.38695797,0
4,0,0.46308467,0
4,0,0.3788823,0
4,0,0.44700158,0
4,0,0.31495652,0
4,0,0.59980917,1
4,0,0.33489713,0
4,0,0.49448672,0
4,0,0.5960452,1
4,0,0.8730202,1
4,0,0.62462443,1
4,0,0.7654055,1
4,0,0.68147147,1
4,0,0.73668677,1
4,0,0.5858088,1
4,0,0.7586767,1
4,0,0.5399981,1
4,0,0.77558535,1
4,0,0.81365746,1
4,0,0.876005,1
4,0,0.82268524,1
4,0,0.76040924,1
4,0,0.94873667,1
4,0,0.77778685,1
4,0,0.6625836,1
4,0,0.5985239,1
4,0,0.5558596,1
4,0,0.5519424,1
4,0,0.6264199,1
4,0,0.7774108,1
4,0,0.6850329,1
4,0,0.7011857,1
4,0,0.73404324,1
4,0,0.79325163,1
4,0,0.8571479,1
4,0,0.6446346,1
4,0,0.7738962,1
4,0,0.95595324,1
4,0,0.7393507,1
4,0,0.8812488,1
4,0,0.74870056,1
4,0,0.73997235,1
4,0,0.7881331,1
4,0,0.94320893,1
4,0,0.8639999,1
4,0,0.71122926,1
4,0,0.8284343,1
4,0,0.8046998,1
4,0,0.8101853,1
4,0,0.7906163,1
4,0,0.8691024,1
4,0,0.5001912,1
4,0,0.67487377,1
4,0,0.56897897,1
4,0,0.7152719,1
4,0,0.67121506,1
4,0,0.5493434,1
4,0,0.50109285,1
4,0,0.3638961,0
4,0,0.4000952,0
4,0,0.51427,1
4,0,0.87444806,1
4,0,0.91155356,1
4,0,0.8876072,1
4,0,0.69376,1
4,0,0.7423709,1
4,0,0.96798486,1
4,0,0.8963695,1
4,0,0.889923,1
4,0,0.9136034,1
4,0,0.8769301,1
4,0,0.8906848,1
4,0,0.8385905,1
4,0,0.8698368,1
4,0,0.8275292,1
4,0,0.8048577,1
4,0,0.7658316,1
4,0,0.7545453,1
4,0,0.5397083,1
4,0,0.54870975,1
4,0,0.7510344,1
4,0,0.7345743,1
4,0,0.6544445,1
4,0,0.7226525,1
4,0,0.7434769,1
4,0,0.57571423,1
4,0,0.47501945,0
4,0,0.8105434,1
4,0,0.7982228,1
4,0,0.30263352,0
4,0,0.68293256,1
4,0,0.85082346,1
4,0,0.75175375,1
4,1,0.49786207,0
4,1,0.48025048,0
4,1,0.61379695,1
4,1,0.78953165,1
4,1,0.6806443,1
4,1,0.34038886,0
4,1,0.5384132,1
4,1,0.8410715,1
4,1,0.7152582,1
4,0,0.820448,1
4,0,0.8087934,1
4,0,0.7007664,1
4,0,0.7875304,1
4,0,0.91382855,1
4,0,0.7625299,1
4,0,0.901939,1
4,0,0.90443116,1
4,0,0.9222527,1
4,0,0.9080106,1
4,0,0.9253337,1
4,0,0.8645162,1
4,0,0.85811204,1
4,0,0.8712911,1
4,0,0.778955,1
4,0,0.5928366,1
4,0,0.9218608,1
4,0,0.77223486,1
4,0,0.36859426,0
4,0,0.59869903,1
4,0,0.25175056,0
4,0,0.6731651,1
4,0,0.5018538,1
4,0,0.7469638,1
4,0,0.76635075,1
4,0,0.82172936,1
4,0,0.8329134,1
4,0,0.9046791,1
4,0,0.91609985,1
4,0,0.8927447,1
4,0,0.90550965,1
4,0,0.9369679,1
4,0,0.9488957,1
4,0,0.9593807,1
4,0,0.9472671,1
4,0,0.9461409,1
4,0,0.6860205,1
4,0,0.7802288,1
4,0,0.72234535,1
4,0,0.91056055,1
4,0,0.8990773,1
4,0,0.83883804,1
4,0,0.8284176,1
4,0,0.8217605,1
4,0,0.9325162,1
4,0,0.8501775,1
4,0,0.86782724,1
4,0,0.8942055,1
4,0,0.6845926,1
4,0,0.8771882,1
4,0,0.8998023,1
4,0,0.72018564,1
4,0,0.7310436,1
4,0,0.87047,1
4,0,0.9125541,1
4,0,0.31335402,0
4,0,0.31689984,0
4,0,0.54778683,1
4,0,0.9122384,1
4,0,0.43387374,0
4,0,0.5293483,1
4,0,0.6582612,1
4,0,0.81185997,1
4,0,0.66141236,1
4,0,0.7005174,1
4,0,0.75405794,1
4,0,0.7290432,1
4,0,0.7461758,1
4,0,0.79909587,1
4,0,0.9226802,1
4,0,0.72006696,1
4,0,0.8631242,1
4,0,0.87459975,1
4,0,0.7603751,1
4,0,0.79184693,1
4,0,0.72392637,1
4,0,0.7577599,1
4,0,0.79467404,1
4,0,0.75195485,1
4,0,0.7995988,1
4,0,0.6380647,1
4,0,0.8091475,1
4,0,0.66005456,1
4,0,0.655842,1
4,0,0.8138154,1
4,0,0.7274339,1
4,0,0.5882799,1
4,0,0.74705887,1
4,0,0.8896476,1
4,0,0.4412927,0
4,0,0.23930755,0
4,0,0.20798628,0
4,0,0.3202978,0
4,0,0.6395593,1
4,0,0.8395626,1
4,0,0.95895255,1
4,0,0.84915125,1
4,0,0.8993777,1
4,0,0.31678864,0
4,0,0.824726,1
4,0,0.6004529,1
4,0,0.48915088,0
4,0,0.67065597,1
4,0,0.76996475,1
4,0,0.6471186,1
4,0,0.4284694,0
4,0,0.5242565,1
4,0,0.25069052,0
4,0,0.43794245,0
4,0,0.53589076,1
4,0,0.75938934,1
4,0,0.30291396,0
4,0,0.45015907,0
4,0,0.23054323,0
4,0,0.6790947,1
4,0,0.7864894,1
4,0,0.897798,1
4,0,0.968375,1
4,0,0.9397241,1
4,0,0.7076731,1
4,0,0.7698643,1
4,0,0.6019891,1
4,0,0.88209146,1
4,0,0.6937638,1
4,0,0.8390086,1
4,0,0.7223946,1
4,0,0.8217605,1
4,0,0.7050876,1
4,0,0.46937498,0
4,0,0.7182818,1
4,0,0.5245319,1
4,0,0.413037,0
4,0,0.78426623,1
4,0,0.18559279,0
4,0,0.1766024,0
4,0,0.27923417,0
4,0,0.8980189,1
4,0,0.92994356,1
4,0,0.79879373,1
4,0,0.9434453,1
4,0,0.9600098,1
4,0,0.8971462,1
4,0,0.93010676,1
4,0,0.9232332,1
4,0,0.8696063,1
4,0,0.8096276,1
4,0,0.8168977,1
4,0,0.68755937,1
4,0,0.44100636,0
4,0,0.60652137,1
4,0,0.7095552,1
4,0,0.14880233,0
4,0,0.09989949,0
4,0,0.7512795,1
4,0,0.20380042,0
4,0,0.39132115,0
4,0,0.23770957,0
4,0,0.29027513,0
4,0,0.2509955,0
4,0,0.48297864,0
4,0,0.41114515,0
4,0,0.36994854,0
4,0,0.8090504,1
4,0,0.7968456,1
4,0,0.7400167,1
4,0,0.78922665,1
4,0,0.8664494,1
4,0,0.64750427,1
4,0,0.78110904,1
4,0,0.76416737,1
4,0,0.85687625,1
4,0,0.531702,1
4,0,0.82943493,1
4,0,0.34324548,0
4,0,0.7122337,1
4,0,0.69681346,1
4,0,0.5613113,1
4,0,0.546667,1
4,0,0.50337416,1
4,0,0.16327682,0
4,0,0.2741783,0
4,0,0.10283603,0
4,0,0.49392104,0
4,0,0.37716618,0
4,0,0.57048744,1
4,0,0.13775505,0
4,0,0.41876096,0
4,0,0.5522347,1
4,0,0.69839823,1
4,0,0.4975822,0
4,0,0.55675,1
4,0,0.65440917,1
4,0,0.4626197,0
4,0,0.54599863,1
4,0,0.78230625,1
4,0,0.66871685,1
4,0,0.78539693,1
4,0,0.6929136,1
4,0,0.71685183,1
4,0,0.7342997,1
4,0,0.71621853,1
4,0,0.31712463,0
4,0,0.58491,1
4,0,0.6969934,1
4,0,0.5542973,1
4,0,0.35831094,0
4,0,0.66180295,1
4,0,0.5246952,1
4,0,0.615241,1
4,0,0.53987694,1
4,0,0.74821514,1
4,0,0.6003819,1
4,0,0.523134,1
4,0,0.6001495,1
4,0,0.63852996,1
4,0,0.7036334,1
4,0,0.72344774,1
4,0,0.56231725,1
4,0,0.7241833,1
4,0,0.6958217,1
4,0,0.6315856,1
4,0,0.57124484,1
4,0,0.70598435,1
4,0,0.6081874,1
4,0,0.62005484,1
4,0,0.47527158,0
4,0,0.56043464,1
4,0,0.45873946,0
4,0,0.58691925,1
4,0,0.4658616,0
4,0,0.6534204,1
4,0,0.658993,1
4,0,0.66539246,1
4,0,0.6047743,1
4,0,0.7051539,1
4,0,0.5268394,1
4,0,0.49611297,0
4,0,0.49509034,0
4,0,0.5097077,1
4,0,0.55706614,1
4,1,0.18391801,0
4,1,0.49845612,0
4,1,0.38882315,0
4,1,0.5255399,1
4,1,0.45947173,0
4,1,0.37829068,0
4,1,0.33322424,0
4,1,0.43069854,0
4,1,0.40268233,0
4,1,0.4152168,0
4,1,0.46754515,0
4,1,0.5454264,1
4,1,0.5738244,1
4,1,0.4295971,0
4,1,0.42524597,0
4,1,0.40053988,0
4,1,0.31576413,0
4,1,0.36688167,0
4,1,0.3970432,0
4,1,0.28432727,0
4,1,0.42767206,0
4,1,0.32123092,0
4,1,0.40239757,0
4,1,0.313977,0
4,1,0.25837272,0
4,1,0.24031611,0
4,1,0.32322103,0
4,1,0.28278536,0
4,1,0.22536974,0
4,1,0.2633554,0
4,1,0.27445173,0
4,1,0.23361169,0
4,1,0.24946275,0
4,1,0.32137483,0
4,1,0.26923952,0
4,1,0.27837664,0
4,1,0.270649,0
4,1,0.22207913,0
4,1,0.20523399,0
4,1,0.24902552,0
4,1,0.19774564,0
4,1,0.19521338,0
4,1,0.2073477,0
4,1,0.17089848,0
4,1,0.26856038,0
4,1,0.18239453,0
4,1,0.17851955,0
4,1,0.17489706,0
4,1,0.34395373,0
4,1,0.1695385,0
4,1,0.15991053,0
4,1,0.18995233,0
4,1,0.20314571,0
4,1,0.33318266,0
4,1,0.29331267,0
4,1,0.3269342,0
4,1,0.40317398,0
4,1,0.3333193,0
4,1,0.2688222,0
4,1,0.2735608,0
4,1,0.3126199,0
4,1,0.220145,0
4,1,0.27607986,0
4,1,0.35122105,0
4,1,0.2757655,0
4,1,0.31095415,0
4,1,0.27812847,0
4,1,0.3742101,0
4,1,0.31413743,0
4,1,0.3395183,0
4,1,0.21995972,0
4,1,0.29335797,0
4,1,0.35329667,0
4,1,0.29612273,0
4,1,0.2764849,0
4,1,0.37050346,0
4,1,0.29417583,0
4,1,0.2635602,0
4,1,0.24904118,0
4,1,0.3023719,0
4,1,0.42139825,0
4,1,0.28302982,0
4,1,0.22506747,0
4,1,0.2065091,0
4,1,0.285459,0
4,1,0.45229048,0
4,1,0.346707,0
4,1,0.40290874,0
4,1,0.456032,0
4,1,0.32631496,0
4,1,0.35851535,0
4,1,0.26100466,0
4,1,0.17030045,0
4,1,0.23107526,0
4,1,0.28368217,0
4,1,0.32947233,0
4,1,0.22183746,0
4,1,0.30931407,0
4,1,0.36702195,0
4,1,0.34723267,0
4,1,0.34160435,0
4,1,0.29386318,0
4,1,0.48595873,0
4,1,0.23062482,0
4,1,0.34251523,0
4,1,0.32387587,0
4,1,0.25969583,0
4,1,0.27643353,0
4,1,0.27736092,0
4,1,0.28359956,0
4,1,0.34828544,0
4,1,0.36824748,0
4,1,0.33706424,0
4,1,0.3718727,0
4,1,0.39666405,0
4,1,0.24173987,0
4,1,0.349085,0
4,1,0.32361907,0
4,1,0.29436502,0
4,1,0.25702903,0
4,1,0.43228474,0
4,1,0.3681934,0
4,1,0.6393534,1
4,1,0.60671896,1
4,1,0.7780043,1
4,1,0.82817733,1
4,1,0.5789758,1
4,1,0.65764636,1
4,1,0.5733905,1
4,1,0.6141763,1
4,1,0.92029697,1
4,1,0.75028485,1
4,1,0.35364228,0
4,1,0.45481053,0
4,1,0.5773896,1
4,1,0.4073053,0
4,1,0.61219865,1
4,1,0.48938608,0
4,1,0.32470426,0
4,1,0.35153687,0
4,1,0.47057548,0
4,1,0.50915223,1
4,1,0.47750983,0
4,1,0.6882644,1
4,1,0.35508108,0
4,1,0.6263048,1
4,1,0.53628016,1
4,1,0.53384185,1
4,1,0.514564,1
4,1,0.39505225,0
4,1,0.30357766,0
4,1,0.5053191,1
4,1,0.4223434,0
4,1,0.47972533,0
4,1,0.34042895,0
4,1,0.47619054,0
4,1,0.41506135,0
4,1,0.4387048,0
4,1,0.2965718,0
4,1,0.5639749,1
4,1,0.29015028,0
4,1,0.5510279,1
4,1,0.38758436,0
4,1,0.40170693,0
4,1,0.3149498,0
4,1,0.5177729,1
4,1,0.43131113,0
4,1,0.33157074,0
4,1,0.52297896,1
4,1,0.51520544,1
4,1,0.48914456,0
4,1,0.5454675,1
4,1,0.3923678,0
4,1,0.35005918,0
4,0,0.55685496,1
4,0,0.5279734,1
4,0,0.44207263,0
4,0,0.34315005,0
4,0,0.26350245,0
4,0,0.37449092,0
4,0,0.37814197,0
4,0,0.28685528,0
4,0,0.4506541,0
4,0,0.32191864,0
4,0,0.36893958,0
4,0,0.47213867,0
4,0,0.5242421,1
4,0,0.46799207,0
4,1,0.46808475,0
4,1,0.5774895,1
4,1,0.65467834,1
4,1,0.45295212,0
4,1,0.6070089,1
4,1,0.3563712,0
4,1,0.43013495,0
4,1,0.30575836,0
4,1,0.323555,0
4,1,0.30068195,0
4,1,0.47493243,0
4,1,0.38474286,0
4,1,0.44487438,0
4,1,0.36392438,0
4,1,0.38724795,0
4,1,0.34579694,0
4,0,0.47109935,0
4,0,0.56502503,1
4,0,0.7817657,1
4,0,0.70667267,1
4,0,0.3850481,0
4,0,0.59265286,1
4,0,0.4476458,0
4,0,0.31313178,0
4,0,0.28245786,0
4,0,0.45401913,0
4,0,0.3861308,0
4,0,0.39521065,0
4,0,0.34572697,0
4,0,0.48635477,0
4,0,0.28256866,0
4,0,0.6358734,1
4,0,0.46759418,0
4,0,0.2847316,0
4,0,0.36797404,0
4,0,0.039444175,0
4,0,0.10405465,0
4,0,0.2451929,0
4,0,0.12420291,0
4,0,0.08985651,0
4,0,0.18988654,0
4,0,0.31788808,0
4,0,0.082499646,0
4,0,0.34823892,0
4,0,0.20627391,0
4,0,0.19246311,0
4,0,0.14927481,0
4,0,0.32909635,0
4,0,0.30247083,0
4,0,0.50094086,1
4,0,0.44231692,0
4,0,0.693857,1
4,1,0.99079204,1
4,1,0.99876785,1
4,1,0.99919516,1
4,1,0.95584995,1
4,1,0.99709034,1
4,1,0.9918995,1
4,1,0.9129459,1
4,1,0.9512541,1
4,1,0.94441164,1
4,1,0.9567681,1
4,1,0.9013267,1
4,1,0.9850519,1
4,1,0.9129579,1
4,1,0.9893546,1
4,1,0.9955788,1
4,1,0.81906456,1
4,1,0.99563015,1
4,1,0.8524095,1
4,1,0.93402946,1
4,1,0.9739145,1
4,1,0.7109048,1
4,1,0.9753339,1
4,1,0.9896372,1
4,1,0.7109865,1
4,1,0.9582701,1
4,1,0.8379818,1
4,1,0.7109946,1
4,1,0.9603503,1
4,1,0.91545093,1
4,1,0.86480635,1
4,1,0.48038784,0
4,1,0.9658652,1
4,1,0.94554365,1
4,1,0.98614526,1
4,1,0.96339124,1
4,1,0.8556128,1
4,1,0.796594,1
4,1,0.8008475,1
4,1,0.81292695,1
4,1,0.76453906,1
4,1,0.79018474,1
4,1,0.6665986,1
4,1,0.7331144,1
4,1,0.65099794,1
4,1,0.681468,1
4,1,0.543672,1
4,1,0.5138742,1
4,1,0.45678577,0
4,1,0.61275977,1
4,1,0.48632884,0
4,1,0.613097,1
4,1,0.6897503,1
4,1,0.37169638,0
4,1,0.4397525,0
4,1,0.28995186,0
4,1,0.40640697,0
4,1,0.45138273,0
4,1,0.56392163,1
4,1,0.3781488,0
4,1,0.5077677,1
4,1,0.74265826,1
4,1,0.7264398,1
4,1,0.6352459,1
4,1,0.61759496,1
4,1,0.70414156,1
4,1,0.6187709,1
4,1,0.64981335,1
4,1,0.7372165,1
4,1,0.5289843,1
4,1,0.27617937,0
4,1,0.39060766,0
4,1,0.42319998,0
4,1,0.41881216,0
4,1,0.33570054,0
4,1,0.45463917,0
4,1,0.5054583,1
4,1,0.5242578,1
4,1,0.5863267,1
4,1,0.5853772,1
4,1,0.7321767,1
4,1,0.6581889,1
4,1,0.5155539,1
4,1,0.63652074,1
4,1,0.6297158,1
4,1,0.5220723,1
4,1,0.6770107,1
4,1,0.6702769,1
4,1,0.49824557,0
4,1,0.6215572,1
4,1,0.48099363,0
4,1,0.6515989,1
4,1,0.8486358,1
4,1,0.8734636,1
4,1,0.5420773,1
4,1,0.61398894,1
4,1,0.41743323,0
4,1,0.71914923,1
4,1,0.6154047,1
4,1,0.3810771,0
4,1,0.41682434,0
4,1,0.57257086,1
4,1,0.58703995,1
4,1,0.55691606,1
4,1,0.7144765,1
4,1,0.7046318,1
4,1,0.41158727,0
4,1,0.52668446,1
4,1,0.47555497,0
4,1,0.6361823,1
4,1,0.63799053,1
4,1,0.6691565,1
4,1,0.58071846,1
4,1,0.7224684,1
4,1,0.4782708,0
4,1,0.51977885,1
4,1,0.73609906,1
4,1,0.7917168,1
4,1,0.5005592,1
4,1,0.730854,1
4,1,0.3763421,0
4,1,0.5732454,1
4,1,0.4946485,0
4,1,0.7689104,1
4,1,0.7565786,1
4,1,0.70185196,1
4,1,0.890929,1
4,1,0.82849985,1
4,1,0.69738555,1
4,1,0.7984246,1
4,1,0.8519548,1
4,1,0.81214947,1
4,1,0.8824702,1
4,1,0.9217257,1
4,1,0.8163511,1
4,0,0.012035669,0
4,0,0.020526666,0
4,0,0.0362483,0
4,0,0.039303742,0
4,0,0.17838939,0
4,0,0.11630041,0
4,0,0.2245285,0
4,0,0.37898684,0
4,0,0.29361567,0
4,0,0.42123887,0
4,0,0.392897,0
4,0,0.45125735,0
4,0,0.52975976,1
4,0,0.45134553,0
4,0,0.50105286,1
4,0,0.45263806,0
4,0,0.4686193,0
4,0,0.6289251,1
4,0,0.5734828,1
4,0,0.37465394,0
4,0,0.5827458,1
4,0,0.4435184,0
4,0,0.4292448,0
4,0,0.6254014,1
4,0,0.52883977,1
4,0,0.5509151,1
4,0,0.5744663,1
4,0,0.25148216,0
4,0,0.3173107,0
4,0,0.12264425,0
4,0,0.122370414,0
4,0,0.23716187,0
4,0,0.21448328,0
4,0,0.2495094,0
4,0,0.07121271,0
4,1,0.6403723,1
4,1,0.7541781,1
4,1,0.5162087,1
4,1,0.61050934,1
4,1,0.88172156,1
4,1,0.44436094,0
4,1,0.57590103,1
4,1,0.8200726,1
4,1,0.6765796,1
4,1,0.54817337,1
4,1,0.71811855,1
4,1,0.8634952,1
4,1,0.70928717,1
4,1,0.68259573,1
4,1,0.57198215,1
4,1,0.85771817,1
4,1,0.7831465,1
4,1,0.87224156,1
4,1,0.800539,1
4,1,0.9050789,1
4,1,0.842786,1
4,1,0.7652677,1
4,1,0.8661043,1
4,1,0.94538915,1
4,1,0.79281956,1
4,1,0.8747505,1
4,1,0.9489694,1
4,1,0.82820314,1
4,1,0.824433,1
4,1,0.8512444,1
4,1,0.62848926,1
4,1,0.8599741,1
4,1,0.8451085,1
4,1,0.9153555,1
4,1,0.904406,1
4,1,0.789522,1
4,1,0.84769404,1
4,1,0.9215577,1
4,1,0.8934966,1
4,1,0.86141694,1
4,1,0.8783831,1
4,1,0.8878698,1
4,1,0.905731,1
4,1,0.76146734,1
4,1,0.9161621,1
4,1,0.91169,1
4,1,0.82171667,1
4,1,0.806078,1
4,1,0.81726575,1
4,1,0.90607536,1
4,1,0.8323608,1
4,1,0.821731,1
4,1,0.8690826,1
4,1,0.8616405,1
4,1,0.8735348,1
4,1,0.8379774,1
4,1,0.8934246,1
4,1,0.7739581,1
4,1,0.8751726,1
4,1,0.8179507,1
4,1,0.81833,1
4,1,0.7771777,1
4,1,0.8605299,1
4,1,0.9016152,1
4,1,0.83948463,1
4,1,0.88986284,1
4,1,0.9100118,1
4,1,0.91103894,1
4,1,0.89345604,1
4,1,0.9152116,1
4,1,0.93662107,1
4,1,0.9141815,1
4,1,0.87712973,1
4,1,0.9103739,1
4,1,0.92979896,1
4,1,0.61697865,1
4,1,0.6097209,1
4,1,0.7305211,1
4,1,0.7569047,1
4,1,0.7825779,1
4,1,0.6337837,1
4,1,0.825148,1
4,1,0.87495935,1
4,1,0.7277925,1
4,1,0.6945468,1
4,1,0.8508726,1
4,1,0.85769784,1
4,1,0.8078435,1
4,0,0.34467712,0
4,0,0.35539725,0
4,0,0.3411118,0
4,0,0.36493006,0
4,0,0.42222604,0
4,0,0.47484654,0
4,0,0.415053,0
4,0,0.31256634,0
4,0,0.36895034,0
4,0,0.3479003,0
4,0,0.2968859,0
4,0,0.19501254,0
4,0,0.2681576,0
4,0,0.21622358,0
4,0,0.2281122,0
4,0,0.30974022,0
4,0,0.19824938,0
4,0,0.12834725,0
4,0,0.4604613,0
4,0,0.3061183,0
4,0,0.7116577,1
4,0,0.72957015,1
4,0,0.77111566,1
4,0,0.7130923,1
4,0,0.64033985,1
4,0,0.77531785,1
4,0,0.6716409,1
4,0,0.6657002,1
4,0,0.50961965,1
4,0,0.63296074,1
4,0,0.24896061,0
4,0,0.45600548,0
4,0,0.50379074,1
4,0,0.41304466,0
4,0,0.48717156,0
4,0,0.3572682,0
4,1,0.40999326,0
4,1,0.54321855,1
4,1,0.31088912,0
4,1,0.5069831,1
4,1,0.3808209,0
4,1,0.40969732,0
4,1,0.42316458,0
4,1,0.4454172,0
4,1,0.5175947,1
4,0,0.43945286,0
4,0,0.45069003,0
4,0,0.44564003,0
4,0,0.45215052,0
4,0,0.43224353,0
4,0,0.45008194,0
4,0,0.5746218,1
4,0,0.4701099,0
4,0,0.5464084,1
4,0,0.52721655,1
4,0,0.5825416,1
4,0,0.5404603,1
4,0,0.53052545,1
4,0,0.475963,0
4,0,0.5329848,1
4,0,0.44371897,0
4,0,0.4388157,0
4,0,0.45380196,0
4,0,0.38340023,0
4,1,0.76089627,1
4,1,0.81947243,1
4,1,0.8115648,1
4,1,0.783775,1
4,1,0.824895,1
4,1,0.8274664,1
4,1,0.80202746,1
4,1,0.7441932,1
4,1,0.6682214,1
4,1,0.80723286,1
4,1,0.82886136,1
4,1,0.8192887,1
4,1,0.81864876,1
4,1,0.7887393,1
4,1,0.78913504,1
4,1,0.76385945,1
4,1,0.8434238,1
4,1,0.8957187,1
4,1,0.7903154,1
4,1,0.47376078,0
4,1,0.5936198,1
4,1,0.6352182,1
4,1,0.8167305,1
4,1,0.7966189,1
4,1,0.83026296,1
4,1,0.84780335,1
4,1,0.8398214,1
4,1,0.78184134,1
4,1,0.81978244,1
4,1,0.7990137,1
4,1,0.74551135,1
4,0,0.47758585,0
4,0,0.67049867,1
4,0,0.6985706,1
4,0,0.33364832,0
4,0,0.5207695,1
4,0,0.10387579,0
4,0,0.21997237,0
4,0,0.34438005,0
4,0,0.1349171,0
4,0,0.37072498,0
4,0,0.27914172,0
4,0,0.57156646,1
4,0,0.60500306,1
4,0,0.339748,0
4,0,0.8091741,1
4,0,0.4675741,0
4,0,0.6784378,1
4,0,0.44337216,0
4,0,0.69103646,1
4,0,0.4964322,0
4,0,0.3228136,0
4,0,0.47202086,0
4,0,0.31486902,0
4,0,0.26756728,0
4,0,0.1730285,0
4,0,0.2753653,0
4,0,0.31741685,0
4,0,0.12899795,0
4,0,0.09767611,0
4,0,0.08014725,0
4,0,0.04694993,0
4,0,0.043246385,0
4,0,0.08173384,0
4,0,0.116176695,0
4,0,0.090102576,0
4,0,0.03539142,0
4,0,0.06926757,0
4,0,0.08809651,0
4,0,0.044516984,0
4,0,0.15912771,0
4,0,0.1726002,0
4,0,0.098046385,0
4,0,0.055380657,0
4,0,0.08859462,0
4,0,0.08035525,0
4,0,0.023715049,0
4,0,0.05877555,0
4,0,0.1609684,0
4,0,0.24136747,0
4,0,0.367115,0
4,0,0.31897628,0
4,0,0.30830458,0
4,0,0.16999424,0
4,0,0.1425016,0
4,0,0.20271195,0
4,0,0.27252337,0
4,0,0.34449297,0
4,0,0.42558667,0
4,0,0.28960678,0
4,0,0.2818046,0
4,0,0.30003667,0
4,0,0.45918906,0
4,0,0.29584396,0
4,0,0.17395137,0
4,0,0.124530636,0
4,0,0.3272969,0
4,0,0.09301057,0
4,0,0.27382857,0
4,0,0.06353168,0
4,0,0.08366517,0
4,0,0.075192414,0
4,0,0.009875985,0
4,0,0.019308193,0
4,0,0.033080243,0
4,0,0.029420555,0
4,0,0.033054,0
4,0,0.05281106,0
4,0,0.056823153,0
4,0,0.060165767,0
4,0,0.0551327,0
4,0,0.07253613,0
4,0,0.03897852,0
4,0,0.052680757,0
4,0,0.056604818,0
4,0,0.06958562,0
4,0,0.040141053,0
4,0,0.05031302,0
4,0,0.16541706,0
4,0,0.045535948,0
4,0,0.11817742,0
4,0,0.09602953,0
4,0,0.1125646,0
4,0,0.1577732,0
4,0,0.15448692,0
4,0,0.18967982,0
4,0,0.15131968,0
4,0,0.17313644,0
4,0,0.19764881,0
4,0,0.25858772,0
4,0,0.1204803,0
4,0,0.48350918,0
4,0,0.33771804,0
4,0,0.5597808,1
4,0,0.5496922,1
4,0,0.47630063,0
4,0,0.43412328,0
4,0,0.21724631,0
4,0,0.4764509,0
4,0,0.3476387,0
4,0,0.15669666,0
4,0,0.13496271,0
4,0,0.37729815,0
4,0,0.11460352,0
4,0,0.05494799,0
4,0,0.2178823,0
4,0,0.03860851,0
4,0,0.07486468,0
4,0,0.011658751,0
4,0,0.04793803,0
4,0,0.0454242,0
4,0,0.050897922,0
4,0,0.033122174,0
4,0,0.036920868,0
4,0,0.069333464,0
4,0,0.029749274,0
4,0,0.07065084,0
4,0,0.064777456,0
4,0,0.10100755,0
4,0,0.0462573,0
4,0,0.15763946,0
4,0,0.10725256,0
4,0,0.09797236,0
4,0,0.1126469,0
4,0,0.079029374,0
4,0,0.23833926,0
4,0,0.48029935,0
4,0,0.11926524,0
4,0,0.4459528,0
4,0,0.22495992,0
4,0,0.25766096,0
4,0,0.31548503,0
4,0,0.27828264,0
4,0,0.35707453,0
4,0,0.2898479,0
4,0,0.2799314,0
4,0,0.19306035,0
4,0,0.3410997,0
4,0,0.14126581,0
4,0,0.19300513,0
4,0,0.078629605,0
4,0,0.071092755,0
4,0,0.07061941,0
4,0,0.025939241,0
4,0,0.27728543,0
4,0,0.03209602,0
4,0,0.14735386,0
4,0,0.06484977,0
4,0,0.102753736,0
4,0,0.084303215,0
4,0,0.12330403,0
4,0,0.22708541,0
4,0,0.09329141,0
4,0,0.092786714,0
4,0,0.30210808,0
4,0,0.37946293,0
4,0,0.40489393,0
4,0,0.50832134,1
4,0,0.5032241,1
4,0,0.5371775,1
4,0,0.50798565,1
4,0,0.5523122,1
4,0,0.6415619,1
4,0,0.6905889,1
4,0,0.757435,1
4,0,0.54400855,1
4,0,0.6524652,1
4,0,0.5415981,1
4,0,0.951964,1
4,0,0.96381265,1
4,0,0.8915465,1
4,0,0.81124145,1
4,0,0.93743235,1
4,0,0.86387163,1
4,0,0.89381903,1
4,0,0.9212798,1
4,0,0.9376354,1
4,0,0.6998589,1
4,0,0.43480524,0
4,0,0.5528441,1
4,0,0.74634856,1
4,0,0.8207344,1
4,0,0.8383335,1
4,0,0.8029626,1
4,0,0.7505548,1
4,0,0.84290314,1
4,0,0.706603,1
4,0,0.70079285,1
4,0,0.80199397,1
4,0,0.71002626,1
4,0,0.6729922,1
4,0,0.732382,1
4,0,0.23923229,0
4,0,0.30804563,0
4,0,0.5419341,1
4,0,0.5682513,1
4,0,0.78736323,1
4,0,0.72056156,1
4,0,0.45817053,0
4,0,0.43297118,0
4,0,0.3865193,0
4,0,0.27339107,0
4,0,0.38214657,0
4,0,0.18038498,0
4,0,0.28548193,0
4,0,0.39583528,0
4,0,0.15821157,0
4,0,0.27635834,0
4,0,0.1881761,0
4,0,0.28015807,0
4,0,0.12673448,0
4,0,0.3657444,0
4,0,0.33909672,0
4,0,0.6463951,1
4,0,0.5578803,1
4,0,0.5757428,1
4,0,0.5107254,1
4,0,0.477882,0
4,0,0.5615244,1
4,0,0.2985926,0
4,0,0.53288543,1
4,0,0.49008977,0
4,0,0.40658027,0
4,0,0.45111984,0
4,0,0.6749986,1
4,0,0.56478554,1
4,0,0.7028572,1
4,0,0.32600558,0
4,0,0.7151187,1
4,0,0.5287743,1
4,0,0.6069783,1
4,0,0.7356863,1
4,0,0.572345,1
4,0,0.64116347,1
4,0,0.48070422,0
4,0,0.43039957,0
4,0,0.30609846,0
4,0,0.46574047,0
4,0,0.5837262,1
4,0,0.0939778,0
4,0,0.30100834,0
4,0,0.4554541,0
4,0,0.70530576,1
4,0,0.64793336,1
4,0,0.6776206,1
4,0,0.61577076,1
4,0,0.7220148,1
4,0,0.94041026,1
4,0,0.8317179,1
4,0,0.6521225,1
4,0,0.44860503,0
4,0,0.46353036,0
4,0,0.56577504,1
4,0,0.5970958,1
4,0,0.68170565,1
4,0,0.61592156,1
4,1,0.5848651,1
4,1,0.86208546,1
4,1,0.67211556,1
4,1,0.70386356,1
4,1,0.6325461,1
4,1,0.47069865,0
4,1,0.81799763,1
4,1,0.5535017,1
4,1,0.91277146,1
4,0,0.91344464,1
4,0,0.8222871,1
4,0,0.298509,0
4,0,0.51330435,1
4,0,0.9098536,1
4,0,0.45641723,0
4,0,0.56284636,1
4,0,0.42017367,0
4,0,0.1870647,0
4,0,0.26365227,0
4,0,0.25813025,0
4,0,0.1083686,0
4,0,0.12027792,0
4,0,0.17537813,0
4,0,0.14002575,0
4,0,0.042399753,0
4,0,0.1818712,0
4,0,0.10743954,0
4,0,0.15644,0
4,0,0.1794965,0
4,0,0.12383446,0
4,0,0.0912314,0
4,0,0.27577493,0
4,0,0.25452214,0
4,0,0.19519535,0
4,0,0.23031844,0
4,0,0.46313122,0
4,0,0.21332462,0
4,0,0.40698618,0
4,0,0.33704978,0
4,1,0.22052152,0
4,1,0.19512975,0
4,1,0.31378832,0
4,1,0.16606596,0
4,1,0.40363157,0
4,1,0.32279193,0
4,1,0.28550398,0
4,1,0.62420106,1
4,1,0.6846329,1
4,1,0.55791193,1
4,1,0.8320779,1
4,1,0.64899004,1
4,1,0.9082165,1
4,1,0.6435998,1
4,0,0.87530804,1
4,0,0.835734,1
4,0,0.8672507,1
4,0,0.62063175,1
4,0,0.8199154,1
4,0,0.6511402,1
4,0,0.4478228,0
4,0,0.5620263,1
4,0,0.66703534,1
4,0,0.5900374,1
4,0,0.5065093,1
4,0,0.6535589,1
4,0,0.6625325,1
4,0,0.6496111,1
4,0,0.5941347,1
4,0,0.66178167,1
4,0,0.5212558,1
4,0,0.4610161,0
4,0,0.4276071,0
4,0,0.5085157,1
4,0,0.3725186,0
4,0,0.33910054,0
4,0,0.52225655,1
4,0,0.42268667,0
4,0,0.4671384,0
4,0,0.3412622,0
4,0,0.38683024,0
4,0,0.37729698,0
4,0,0.34217203,0
4,0,0.46208793,0
4,0,0.3959923,0
4,0,0.37612543,0
4,0,0.28243944,0
4,0,0.4980675,0
4,0,0.4377694,0
4,0,0.37676993,0
4,0,0.49624217,0
4,1,0.5270208,1
4,1,0.49241835,0
4,1,0.4145451,0
4,1,0.59365124,1
4,1,0.5936687,1
4,1,0.4857593,0
4,1,0.428517,0
4,1,0.58872396,1
4,1,0.38355118,0
4,1,0.3532898,0
4,1,0.2747875,0
4,1,0.36204344,0
4,1,0.36615694,0
4,1,0.34894505,0
4,1,0.3496644,0
4,1,0.4566283,0
4,1,0.48983365,0
4,1,0.55718565,1
4,1,0.61098385,1
4,1,0.586493,1
4,0,0.55913323,1
4,0,0.52143985,1
4,0,0.67030615,1
4,0,0.5360376,1
4,0,0.69347245,1
4,0,0.6351136,1
4,0,0.587829,1
4,0,0.7676068,1
4,0,0.6734262,1
4,0,0.7214463,1
4,0,0.74811435,1
4,0,0.77931374,1
4,0,0.71853703,1
4,0,0.6581014,1
4,0,0.79645073,1
4,0,0.67541915,1
4,0,0.6927307,1
4,0,0.49688867,0
4,0,0.64841795,1
4,0,0.24640706,0
4,0,0.5158225,1
4,0,0.5333445,1
4,0,0.38588956,0
4,0,0.49897462,0
4,0,0.3901308,0
4,0,0.48484185,0
4,0,0.47363725,0
4,0,0.3119595,0
4,0,0.48213875,0
4,0,0.39610276,0
4,0,0.4656012,0
4,0,0.5125354,1
4,0,0.3579857,0
4,0,0.5365175,1
4,0,0.45871982,0
4,0,0.44721168,0
4,0,0.53516483,1
4,0,0.5139216,1
4,0,0.45626432,0
4,0,0.47844616,0
4,0,0.57680404,1
4,0,0.5393005,1
4,0,0.6151655,1
4,0,0.49712515,0
4,0,0.6099355,1
4,0,0.6292706,1
4,0,0.5883625,1
4,0,0.5928803,1
4,0,0.6458016,1
4,0,0.5410412,1
4,0,0.5852893,1
4,0,0.5755178,1
4,0,0.43289918,0
4,0,0.27532908,0
4,0,0.35229003,0
4,0,0.23529659,0
4,0,0.35877746,0
4,0,0.31508285,0
4,0,0.34098023,0
4,0,0.30777675,0
4,0,0.4004895,0
4,0,0.30069566,0
4,0,0.32671452,0
4,0,0.23477869,0
4,0,0.27708715,0
4,0,0.2465629,0
4,1,0.2018616,0
4,1,0.14531086,0
4,1,0.2034706,0
4,1,0.19338767,0
4,1,0.19045562,0
4,1,0.13406931,0
4,1,0.6574453,1
4,1,0.64153814,1
4,1,0.5939776,1
4,1,0.4773428,0
4,1,0.64350367,1
4,1,0.6662445,1
4,1,0.68856764,1
4,0,0.61403316,1
4,0,0.69784814,1
4,0,0.50424606,1
4,0,0.46488327,0
4,0,0.50019014,1
4,0,0.547292,1
4,0,0.5782294,1
4,0,0.34353346,0
4,0,0.403194,0
4,0,0.5711571,1
4,0,0.47301173,0
4,0,0.47762412,0
4,0,0.3612833,0
4,0,0.40060216,0
4,0,0.43779448,0
4,0,0.3791862,0
4,0,0.2873859,0
4,0,0.52720165,1
4,0,0.47742835,0
4,0,0.3871937,0
4,0,0.52868855,1
4,0,0.5533679,1
4,0,0.52878976,1
4,0,0.4502235,0
4,0,0.62143004,1
4,0,0.615385,1
4,0,0.50236964,1
4,0,0.45317006,0
4,0,0.5895108,1
4,0,0.3979315,0
4,0,0.3727357,0
4,0,0.28656185,0
4,0,0.3548624,0
4,1,0.43132773,0
4,1,0.43492368,0
4,1,0.42437336,0
4,1,0.5040487,1
4,1,0.5674755,1
4,1,0.57362616,1
4,1,0.6353906,1
4,1,0.60215074,1
4,1,0.61234295,1
4,1,0.54663265,1
4,1,0.69913447,1
4,1,0.5686407,1
4,1,0.7191566,1
4,1,0.65576833,1
4,1,0.6220226,1
4,1,0.7759495,1
4,1,0.6902976,1
4,1,0.76298106,1
4,1,0.7589348,1
4,1,0.78146034,1
4,1,0.7309033,1
4,0,0.689262,1
4,0,0.80810124,1
4,0,0.67726976,1
4,0,0.6941173,1
4,0,0.51849294,1
4,0,0.65771514,1
4,0,0.24716818,0
4,0,0.5351064,1
4,0,0.56145865,1
4,0,0.42144057,0
4,0,0.5243181,1
4,0,0.43390515,0
4,0,0.5053304,1
4,0,0.49298558,0
4,0,0.33482915,0
4,0,0.49773914,0
4,0,0.409061,0
4,0,0.49304593,0
4,0,0.55379194,1
4,0,0.39137223,0
4,0,0.54988426,1
4,0,0.4670464,0
4,0,0.46837467,0
4,0,0.53719854,1
4,0,0.53366613,1
4,0,0.47553164,0
4,0,0.51121676,1
4,0,0.59703517,1
4,0,0.5548693,1
4,0,0.6504837,1
4,0,0.5118321,1
4,0,0.6137663,1
4,0,0.65040874,1
4,0,0.59387237,1
4,0,0.5945691,1
4,0,0.6778295,1
4,0,0.5838747,1
4,0,0.5114166,1
4,0,0.6320284,1
4,0,0.38299155,0
4,1,0.619561,1
4,1,0.72486246,1
4,1,0.6020901,1
4,1,0.640827,1
4,1,0.61707205,1
4,1,0.55354637,1
4,1,0.702477,1
4,1,0.53552413,1
4,1,0.61037886,1
4,1,0.58483845,1
4,1,0.7736281,1
4,1,0.6545171,1
4,1,0.6221804,1
4,1,0.5726845,1
4,1,0.69133407,1
4,1,0.82865673,1
4,1,0.88945806,1
4,1,0.73399615,1
4,1,0.7164588,1
4,1,0.73759323,1
4,1,0.8192411,1
4,1,0.66305435,1
4,1,0.6376382,1
4,1,0.74616224,1
4,1,0.60062945,1
4,1,0.7059333,1
4,1,0.81787026,1
4,1,0.7009059,1
4,1,0.8778217,1
4,1,0.7943607,1
4,1,0.75759715,1
4,1,0.7942721,1
4,1,0.8651453,1
4,1,0.8174484,1
4,1,0.8945969,1
4,1,0.29813063,0
4,1,0.40074083,0
4,1,0.24488173,0
4,1,0.46643135,0
4,1,0.25012758,0
4,1,0.28024194,0
4,1,0.27739,0
4,1,0.2973736,0
4,1,0.38344705,0
4,1,0.6166423,1
4,1,0.62461036,1
4,1,0.5320376,1
4,1,0.48624578,0
4,1,0.6653024,1
4,1,0.5687445,1
4,1,0.5821251,1
4,1,0.5501854,1
4,1,0.5847296,1
4,1,0.6416858,1
4,1,0.6396701,1
4,1,0.556115,1
4,1,0.6977807,1
4,0,0.7063563,1
4,0,0.64163584,1
4,0,0.56575876,1
4,0,0.51921195,1
4,0,0.65234077,1
4,0,0.67538047,1
4,0,0.6556406,1
4,0,0.706517,1
4,0,0.39501607,0
4,0,0.4706898,0
4,0,0.48266235,0
4,0,0.448392,0
4,0,0.4909311,0
4,0,0.35988092,0
4,0,0.42411053,0
4,0,0.5283854,1
4,0,0.5373962,1
4,0,0.5542862,1
4,0,0.3662734,0
4,0,0.37577224,0
4,0,0.33423606,0
4,0,0.47065684,0
4,0,0.4151458,0
4,0,0.37523568,0
4,0,0.46264434,0
4,0,0.47812876,0
4,0,0.4582802,0
4,0,0.3780791,0
4,0,0.51263666,1
4,0,0.54842764,1
4,0,0.44048923,0
4,0,0.49438232,0
4,0,0.6428742,1
4,0,0.44326362,0
4,0,0.40838507,0
4,0,0.29673108,0
4,0,0.3184987,0
4,0,0.34365994,0
4,0,0.33959663,0
4,0,0.3394068,0
4,0,0.54009116,1
4,0,0.47377983,0
4,0,0.5675225,1
4,0,0.5807323,1
4,0,0.63181186,1
4,0,0.6029673,1
4,0,0.5236927,1
4,1,0.66342926,1
4,1,0.52495104,1
4,1,0.6774865,1
4,1,0.6007743,1
4,1,0.54832095,1
4,1,0.7085877,1
4,1,0.66162634,1
4,1,0.68682235,1
4,1,0.7545276,1
4,1,0.68753475,1
4,1,0.6052087,1
4,1,0.7496049,1
4,1,0.6506972,1
4,1,0.6513025,1
4,0,0.4688078,0
4,0,0.4837787,0
4,0,0.40054587,0
4,0,0.46284992,0
4,0,0.32611477,0
4,0,0.39762586,0
4,0,0.5352325,1
4,0,0.28268182,0
4,0,0.5093905,1
4,0,0.36908248,0
4,0,0.39720726,0
4,0,0.39435574,0
4,0,0.43314072,0
4,0,0.5056903,1
4,0,0.42758855,0
4,0,0.44915664,0
4,0,0.4237318,0
4,0,0.44175935,0
4,0,0.4287053,0
4,0,0.4415771,0
4,0,0.5661796,1
4,0,0.46346378,0
4,0,0.5310875,1
4,0,0.5076768,1
4,0,0.57069397,1
4,0,0.5176371,1
4,0,0.5068226,1
4,0,0.4618956,0
4,0,0.52575666,1
4,0,0.42419434,0
4,0,0.42492738,0
4,0,0.44930106,0
4,0,0.3682881,0
4,1,0.66024715,1
4,1,0.68401974,1
4,1,0.5996277,1
4,1,0.6700311,1
4,1,0.624056,1
4,1,0.6622392,1
4,1,0.695348,1
4,1,0.6713903,1
4,1,0.59710395,1
4,1,0.85024065,1
4,1,0.72759265,1
4,1,0.7706439,1
4,1,0.67375404,1
4,1,0.80506843,1
4,1,0.78131574,1
4,1,0.74161583,1
4,1,0.840746,1
4,1,0.73691666,1
4,1,0.747792,1
4,1,0.7328467,1
4,1,0.67371434,1
4,1,0.66798735,1
4,1,0.7023251,1
4,1,0.7223234,1
4,1,0.5487995,1
4,1,0.68100625,1
4,1,0.87161136,1
4,1,0.8530812,1
4,1,0.8575871,1
4,1,0.79847974,1
4,1,0.7926787,1
4,1,0.75409114,1
4,1,0.8374793,1
4,1,0.8199758,1
4,1,0.8619208,1
4,1,0.8179749,1
4,1,0.76256806,1
4,1,0.8371331,1
4,1,0.84704834,1
4,1,0.83819485,1
4,1,0.46446726,0
4,1,0.33867052,0
4,1,0.46352196,0
4,1,0.46410325,0
4,1,0.5218518,1
4,1,0.5781377,1
4,1,0.36575773,0
4,1,0.3961262,0
4,1,0.4336623,0
4,1,0.46276927,0
4,1,0.42573828,0
4,1,0.4448492,0
4,1,0.48128197,0
4,1,0.44354504,0
4,1,0.3951138,0
4,1,0.46520975,0
4,1,0.52520555,1
4,1,0.47023427,0
4,1,0.6802012,1
4,1,0.53213876,1
4,1,0.5224038,1
4,1,0.65982974,1
4,1,0.8468179,1
4,1,0.58665925,1
4,1,0.65669495,1
4,1,0.47876784,0
4,1,0.5889209,1
4,1,0.69015956,1
4,1,0.31004548,0
4,1,0.55041313,1
4,1,0.42415044,0
4,1,0.35750452,0
4,1,0.7598231,1
4,1,0.82391685,1
4,1,0.6437352,1
4,1,0.77577937,1
4,1,0.8437915,1
4,1,0.8429684,1
4,1,0.8085247,1
4,1,0.85235894,1
4,1,0.8577781,1
4,1,0.83225983,1
4,1,0.7596974,1
4,1,0.7021568,1
4,1,0.8434207,1
4,1,0.862412,1
4,1,0.8283473,1
4,1,0.8368834,1
4,1,0.8092124,1
4,1,0.8069037,1
4,1,0.77802426,1
4,1,0.8558013,1
4,1,0.90359384,1
4,1,0.8056454,1
4,1,0.47771096,0
4,1,0.571222,1
4,1,0.67931086,1
4,1,0.8034165,1
4,1,0.77816147,1
4,1,0.7976819,1
4,1,0.8312006,1
4,1,0.8185066,1
4,1,0.6805946,1
4,1,0.6171195,1
4,1,0.75081706,1
4,1,0.5720093,1
4,1,0.5811169,1
4,1,0.47741604,0
4,1,0.59241086,1
4,1,0.5593799,1
4,1,0.3798072,0
4,1,0.49555415,0
4,1,0.6088217,1
4,1,0.5954734,1
4,1,0.48352307,0
4,1,0.8724801,1
4,1,0.7814918,1
4,1,0.8949872,1
4,1,0.88707274,1
4,1,0.7558363,1
4,1,0.90178645,1
4,1,0.8220613,1
4,1,0.96152747,1
4,1,0.46925622,0
4,1,0.502232,1
4,1,0.63250405,1
4,1,0.6610506,1
4,1,0.468721,0
4,1,0.698034,1
4,1,0.74951184,1
4,1,0.8187346,1
4,1,0.7608737,1
4,1,0.56011844,1
4,1,0.67996216,1
4,1,0.5782631,1
4,1,0.45227745,0
4,1,0.66751105,1
4,1,0.59580815,1
4,1,0.5244665,1
4,1,0.63433206,1
4,1,0.6587644,1
4,1,0.6412539,1
4,1,0.6019483,1
4,1,0.59236026,1
4,1,0.5093941,1
4,1,0.58423686,1
4,1,0.27559745,0
4,1,0.47107226,0
4,1,0.6665328,1
4,1,0.44895935,0
4,1,0.49977818,0
4,1,0.5243847,1
5,1,0.95379394,1
5,1,0.3291017,0
5,1,0.24342448,0
5,1,0.24200661,0
5,1,0.25014275,0
5,1,0.37415957,0
5,1,0.25329396,0
5,1,0.23409812,0
5,1,0.18639486,0
5,1,0.17076829,0
5,1,0.3950292,0
5,1,0.6454539,1
5,1,0.54599255,1
5,1,0.25510618,0
5,1,0.5309379,1
5,1,0.28844303,0
5,1,0.39868143,0
5,1,0.26124555,0
5,1,0.3664749,0
5,1,0.53846717,1
5,1,0.27560464,0
5,1,0.2885788,0
5,1,0.21478161,0
5,1,0.21818452,0
5,1,0.47414374,0
5,1,0.55763924,1
5,1,0.6726063,1
5,1,0.5292488,1
5,1,0.57518446,1
5,1,0.53754354,1
5,0,0.64890885,1
5,0,0.5180327,1
5,0,0.7748594,1
5,0,0.81694114,1
5,0,0.8113114,1
5,0,0.61039144,1
5,0,0.7261207,1
5,0,0.83841896,1
5,0,0.79825133,1
5,0,0.6681125,1
5,0,0.7245702,1
5,0,0.82729465,1
5,0,0.7143127,1
5,0,0.81995136,1
5,0,0.732483,1
5,0,0.4903833,0
5,0,0.5141416,1
5,0,0.8581654,1
5,0,0.85660434,1
5,0,0.86043,1
5,0,0.8861697,1
5,0,0.6970578,1
5,0,0.6325037,1
5,0,0.5403922,1
5,0,0.6050378,1
5,0,0.5307779,1
5,0,0.49525732,0
5,0,0.61950845,1
5,0,0.63834083,1
5,0,0.67116255,1
5,0,0.6478805,1
5,0,0.6789216,1
5,0,0.6850406,1
5,1,0.29589686,0
5,1,0.2843537,0
5,1,0.36378056,0
5,1,0.29728413,0
5,1,0.11516233,0
5,1,0.50743514,1
5,1,0.5083061,1
5,1,0.26659897,0
5,1,0.40871754,0
5,1,0.36501494,0
5,1,0.41046885,0
5,1,0.3247359,0
5,1,0.6767839,1
5,1,0.51070607,1
5,1,0.5080215,1
5,1,0.5930146,1
5,1,0.56074405,1
5,1,0.54340273,1
5,1,0.72398996,1
5,1,0.7546436,1
5,1,0.44120833,0
5,1,0.79713047,1
5,1,0.5115753,1
5,1,0.47445086,0
5,1,0.6832611,1
5,1,0.7663546,1
5,1,0.7165395,1
5,1,0.7915573,1
5,1,0.8521998,1
5,1,0.67481047,1
5,1,0.7411249,1
5,1,0.7242852,1
5,1,0.7604316,1
5,1,0.71047175,1
5,1,0.7673325,1
5,1,0.7046937,1
5,1,0.7950125,1
5,1,0.6292088,1
5,1,0.6648347,1
5,1,0.7653795,1
5,1,0.8405695,1
5,1,0.94210726,1
5,1,0.9206054,1
5,1,0.78696924,1
5,1,0.88153076,1
5,1,0.7864443,1
5,1,0.70159775,1
5,1,0.6872889,1
5,1,0.7317892,1
5,1,0.7038424,1
5,1,0.8993141,1
5,1,0.8960395,1
5,1,0.8738026,1
5,0,0.5204962,1
5,0,0.5097711,1
5,0,0.5198416,1
5,0,0.42288503,0
5,0,0.6362339,1
5,0,0.7501821,1
5,0,0.306877,0
5,0,0.33036375,0
5,0,0.741706,1
5,0,0.72395426,1
5,0,0.57251954,1
5,0,0.78597313,1
5,0,0.7898378,1
5,0,0.4800213,0
5,0,0.616429,1
5,1,0.7004119,1
5,1,0.69761086,1
5,1,0.9172751,1
5,1,0.8187765,1
5,1,0.57742584,1
5,1,0.86321825,1
5,1,0.7356116,1
5,1,0.65728176,1
5,1,0.74859774,1
5,1,0.90437293,1
5,1,0.80197525,1
5,1,0.78019786,1
5,1,0.75732,1
5,1,0.34194288,0
5,1,0.25760737,0
5,1,0.24782886,0
5,1,0.40479687,0
5,1,0.4111009,0
5,1,0.5005651,1
5,1,0.5489546,1
5,1,0.4103017,0
5,1,0.5033227,1
5,1,0.4734002,0
5,1,0.4697515,0
5,1,0.41073984,0
5,1,0.4372066,0
5,1,0.39410362,0
5,1,0.52419627,1
5,1,0.36390272,0
5,1,0.37670466,0
5,1,0.3673347,0
5,1,0.27764097,0
5,1,0.30484605,0
5,1,0.59436226,1
5,1,0.53515416,1
5,1,0.6355501,1
5,1,0.6549704,1
5,1,0.6067417,1
5,1,0.57737845,1
5,1,0.63802576,1
5,1,0.66707605,1
5,1,0.58881146,1
5,1,0.5131065,1
5,1,0.51602244,1
5,1,0.5783217,1
5,1,0.5336146,1
5,1,0.47707915,0
5,1,0.47703162,0
5,1,0.57058126,1
5,1,0.37096354,0
5,1,0.4648477,0
5,1,0.52041316,1
5,1,0.52264553,1
5,1,0.42234546,0
5,1,0.47643766,0
5,1,0.5777792,1
5,1,0.54442924,1
5,1,0.42803544,0
5,1,0.5409224,1
5,1,0.42516634,0
5,1,0.4322355,0
5,1,0.4417149,0
5,1,0.4414682,0
5,1,0.66067684,1
5,1,0.56254816,1
5,1,0.5713999,1
5,1,0.69419825,1
5,1,0.61753505,1
5,1,0.75694954,1
5,1,0.6511986,1
5,1,0.8066242,1
5,1,0.59223026,1
5,1,0.6930579,1
5,1,0.6466018,1
5,1,0.5717751,1
5,1,0.57764626,1
5,1,0.56481105,1
5,1,0.61725533,1
5,1,0.62089175,1
5,1,0.5217559,1
5,1,0.68305844,1
5,1,0.68038297,1
5,1,0.5904393,1
5,1,0.61598253,1
5,1,0.6768418,1
5,1,0.73529553,1
5,1,0.7533231,1
5,1,0.6105262,1
5,1,0.7334876,1
5,1,0.7015648,1
5,1,0.7124331,1
5,1,0.7278873,1
5,1,0.6598909,1
5,1,0.71714306,1
5,1,0.7073301,1
5,1,0.6651514,1
5,1,0.7716121,1
5,1,0.6583401,1
5,1,0.6551039,1
5,1,0.6876125,1
5,1,0.7257593,1
5,0,0.53350735,1
5,0,0.6308513,1
5,0,0.5452523,1
5,0,0.38430604,0
5,0,0.41476458,0
5,0,0.42601928,0
5,0,0.52367574,1
5,0,0.45436308,0
5,0,0.3734858,0
5,0,0.33859032,0
5,0,0.24510913,0
5,0,0.48392186,0
5,0,0.39699596,0
5,0,0.31027988,0
5,0,0.2951956,0
5,0,0.36437473,0
5,0,0.3039272,0
5,0,0.38522404,0
5,0,0.29245913,0
5,0,0.46506798,0
5,0,0.30792633,0
5,0,0.40831363,0
5,0,0.4228866,0
5,0,0.35809803,0
5,0,0.43051252,0
5,0,0.4534678,0
5,0,0.34372786,0
5,0,0.31356573,0
5,0,0.29175693,0
5,0,0.32965195,0
5,0,0.3928983,0
5,0,0.33194292,0
5,0,0.17691168,0
5,0,0.35933548,0
5,0,0.28181595,0
5,0,0.46349853,0
5,0,0.3214009,0
5,0,0.35858092,0
5,0,0.28880215,0
5,0,0.30296642,0
5,0,0.22717717,0
5,0,0.2432092,0
5,0,0.4476803,0
5,0,0.235097,0
5,0,0.45097813,0
5,0,0.29042855,0
5,0,0.441629,0
5,1,0.78135175,1
5,1,0.76406497,1
5,1,0.6918977,1
5,1,0.6990232,1
5,1,0.56068164,1
5,1,0.6793745,1
5,1,0.8644269,1
5,1,0.7379002,1
5,1,0.78252804,1
5,1,0.86244756,1
5,1,0.9404584,1
5,1,0.8879058,1
5,1,0.8168696,1
5,1,0.8820173,1
5,1,0.8972683,1
5,1,0.78842807,1
5,1,0.823823,1
5,1,0.7973124,1
5,1,0.7647208,1
5,0,0.78359485,1
5,0,0.6161344,1
5,0,0.5846167,1
5,0,0.6955156,1
5,0,0.6394361,1
5,0,0.6317833,1
5,0,0.68069,1
5,0,0.5329883,1
5,0,0.58628935,1
5,0,0.6541369,1
5,0,0.4745448,0
5,0,0.418026,0
5,0,0.49826428,0
5,0,0.62997484,1
5,0,0.7250025,1
5,0,0.5997191,1
5,0,0.6594099,1
5,0,0.8018079,1
5,0,0.90817,1
5,0,0.7515214,1
5,0,0.854724,1
5,0,0.871708,1
5,0,0.8017921,1
5,0,0.78595024,1
5,0,0.82892406,1
5,0,0.8150192,1
5,0,0.79607725,1
5,0,0.77629936,1
5,0,0.74170697,1
5,0,0.69322616,1
5,1,0.43552712,0
5,1,0.6410206,1
5,1,0.2861896,0
5,1,0.6339356,1
5,1,0.23209721,0
5,1,0.42806748,0
5,1,0.20860541,0
5,1,0.410315,0
5,1,0.14117804,0
5,1,0.22502078,0
5,1,0.32442623,0
5,1,0.15367393,0
5,1,0.29136756,0
5,1,0.23371695,0
5,1,0.25923273,0
5,1,0.17237145,0
5,1,0.28238133,0
5,1,0.26019955,0
5,1,0.26198366,0
5,1,0.48698577,0
5,1,0.25527868,0
5,1,0.4150327,0
5,1,0.16304958,0
5,1,0.33469963,0
5,1,0.17093724,0
5,1,0.3778449,0
5,1,0.13022387,0
5,1,0.18581448,0
5,1,0.2277493,0
5,1,0.1264926,0
5,1,0.17975512,0
5,0,0.3885901,0
5,0,0.3507858,0
5,0,0.1802153,0
5,0,0.3073787,0
5,0,0.14199355,0
5,0,0.029533895,0
5,0,0.0510827,0
5,0,0.0411306,0
5,0,0.10866915,0
5,0,0.071518265,0
5,0,0.06314714,0
5,0,0.11749887,0
5,0,0.10184901,0
5,0,0.21730766,0
5,0,0.11561969,0
5,0,0.11945522,0
5,0,0.11707465,0
5,0,0.20890515,0
5,0,0.3931989,0
5,0,0.34271142,0
5,0,0.25030765,0
5,0,0.22442916,0
5,0,0.20676276,0
5,0,0.25854164,0
5,0,0.21295966,0
5,0,0.3298389,0
5,0,0.35631016,0
5,0,0.540781,1
5,0,0.43891528,0
5,0,0.4553233,0
5,0,0.5814195,1
5,0,0.39498374,0
5,0,0.35199186,0
5,0,0.15846309,0
5,0,0.18014194,0
5,0,0.11461023,0
5,0,0.03752806,0
5,0,0.064549975,0
5,0,0.12940913,0
5,0,0.0638761,0
5,0,0.21161808,0
5,0,0.0863553,0
5,0,0.16257277,0
5,0,0.095270954,0
5,0,0.2539412,0
5,0,0.39633447,0
5,0,0.32840267,0
5,0,0.21516833,0
5,0,0.4460476,0
5,1,0.29144055,0
5,1,0.22266145,0
5,1,0.30344144,0
5,1,0.53404945,1
5,1,0.16258246,0
5,1,0.4820745,0
5,1,0.1886946,0
5,1,0.40766212,0
5,1,0.37693658,0
5,1,0.34295452,0
5,1,0.37695867,0
5,1,0.5272447,1
5,1,0.52468294,1
5,1,0.54218924,1
5,1,0.53422624,1
5,1,0.5443447,1
5,1,0.63633925,1
5,1,0.55036694,1
5,1,0.4021894,0
5,1,0.4171197,0
5,1,0.4291824,0
5,1,0.52657,1
5,1,0.45951572,0
5,0,0.54009557,1
5,0,0.7029028,1
5,0,0.73853785,1
5,0,0.689433,1
5,0,0.71225494,1
5,0,0.6701564,1
5,0,0.32513717,0
5,0,0.608278,1
5,0,0.4188314,0
5,0,0.5594266,1
5,0,0.85063493,1
5,0,0.73138154,1
5,0,0.41254112,0
5,0,0.7273913,1
5,0,0.7916008,1
5,0,0.6369018,1
5,0,0.5751403,1
5,0,0.4270923,0
5,0,0.40229928,0
5,0,0.38825065,0
5,0,0.29516205,0
5,0,0.39866918,0
5,0,0.46394187,0
5,0,0.31631032,0
5,0,0.40875256,0
5,0,0.53126484,1
5,0,0.73675215,1
5,0,0.62892616,1
5,0,0.76133585,1
5,0,0.7926291,1
5,1,0.43510345,0
5,1,0.599264,1
5,1,0.50094056,1
5,1,0.4099228,0
5,1,0.88477135,1
5,1,0.84157735,1
5,1,0.7577394,1
5,1,0.86200476,1
5,1,0.80322725,1
5,1,0.7802383,1
5,1,0.78270084,1
5,1,0.78725505,1
5,1,0.7468656,1
5,0,0.7682869,1
5,0,0.48874608,0
5,0,0.3913393,0
5,0,0.36740884,0
5,0,0.2886026,0
5,0,0.24170555,0
5,0,0.3225291,0
5,0,0.4496728,0
5,0,0.39677125,0
5,0,0.2662414,0
5,0,0.42685032,0
5,0,0.4981007,0
5,0,0.42319682,0
5,0,0.38327083,0
5,0,0.26876977,0
5,0,0.32004616,0
5,0,0.38083434,0
5,0,0.3738842,0
5,0,0.4371293,0
5,0,0.28400534,0
5,0,0.43999204,0
5,0,0.64190876,1
5,0,0.56125396,1
5,0,0.56542426,1
5,0,0.7696455,1
5,0,0.5473267,1
5,0,0.58527416,1
5,0,0.6547033,1
5,0,0.8053557,1
5,0,0.7032378,1
5,0,0.686641,1
5,0,0.63981473,1
5,0,0.4241896,0
5,0,0.49204168,0
5,0,0.60670424,1
5,0,0.4465638,0
5,0,0.69764584,1
5,0,0.7937193,1
5,0,0.87036234,1
5,0,0.7943232,1
5,0,0.7381619,1
5,0,0.62457025,1
5,0,0.76117295,1
5,0,0.9222347,1
5,0,0.89145374,1
5,0,0.8139522,1
5,0,0.6521197,1
5,0,0.5173783,1
5,0,0.5851484,1
5,0,0.66327274,1
5,0,0.63914406,1
5,0,0.7949521,1
5,0,0.4072089,0
5,0,0.49133435,0
5,0,0.35323414,0
5,0,0.41127804,0
5,0,0.59715426,1
5,0,0.3454713,0
5,0,0.4791728,0
5,0,0.7203099,1
5,0,0.47003666,0
5,0,0.49675632,0
5,0,0.46961808,0
5,0,0.5924481,1
5,0,0.5764724,1
5,0,0.69619733,1
5,0,0.74545527,1
5,0,0.59048456,1
5,0,0.7150165,1
5,0,0.6989049,1
5,0,0.674323,1
5,0,0.7370875,1
5,0,0.8815017,1
5,0,0.6510688,1
5,0,0.59819305,1
5,0,0.761623,1
5,0,0.52683634,1
5,0,0.75677985,1
5,0,0.5832924,1
5,0,0.6192855,1
5,0,0.64734566,1
5,0,0.21729183,0
5,0,0.818415,1
5,0,0.6563916,1
5,0,0.91257495,1
5,0,0.81170636,1
5,0,0.80608004,1
5,0,0.52949303,1
5,0,0.5381627,1
5,0,0.5882127,1
5,0,0.5492275,1
5,0,0.88202626,1
5,0,0.5824301,1
5,0,0.39808553,0
5,0,0.24568017,0
5,0,0.16406053,0
5,0,0.6334471,1
5,0,0.8809294,1
5,0,0.9425111,1
5,0,0.9303687,1
5,0,0.65359896,1
5,0,0.7853471,1
5,0,0.8782785,1
5,0,0.9135121,1
5,0,0.8890875,1
5,0,0.90863675,1
5,0,0.8485185,1
5,0,0.9369286,1
5,0,0.67123884,1
5,0,0.80972636,1
5,0,0.83237475,1
5,0,0.9723282,1
5,0,0.7601088,1
5,0,0.66076386,1
5,0,0.54108834,1
5,0,0.4778932,0
5,0,0.53181136,1
5,0,0.35379675,0
5,1,0.27713004,0
5,1,0.47280136,0
5,1,0.24411814,0
5,1,0.39997846,0
5,1,0.1540094,0
5,1,0.21788824,0
5,1,0.08327898,0
5,1,0.28469458,0
5,1,0.28730312,0
5,1,0.57739687,1
5,1,0.26471022,0
5,1,0.37305444,0
5,1,0.1581717,0
5,1,0.4872654,0
5,1,0.43053457,0
5,1,0.3897832,0
5,1,0.17902459,0
5,1,0.41209832,0
5,1,0.5237368,1
5,1,0.4557845,0
5,1,0.49688354,0
5,1,0.19131812,0
5,1,0.8849762,1
5,1,0.5986434,1
5,1,0.57749677,1
5,1,0.72064924,1
5,1,0.46938807,0
5,1,0.4999515,0
5,1,0.41769534,0
5,1,0.3540629,0
5,1,0.5848933,1
5,1,0.50274867,1
5,1,0.4356583,0
5,1,0.51278687,1
5,1,0.09776367,0
5,1,0.16413365,0
5,1,0.09684359,0
5,0,0.41444287,0
5,0,0.1713346,0
5,0,0.2638676,0
5,0,0.28749725,0
5,0,0.24527064,0
5,0,0.37855715,0
5,0,0.24423936,0
5,0,0.31742468,0
5,0,0.21002801,0
5,0,0.48801786,0
5,0,0.33030656,0
5,0,0.14259565,0
5,0,0.3334097,0
5,0,0.29052424,0
5,0,0.27670863,0
5,0,0.20386073,0
5,0,0.35729617,0
5,0,0.39794073,0
5,0,0.39936033,0
5,0,0.39168212,0
5,0,0.44303,0
5,0,0.4036947,0
5,0,0.3720387,0
5,0,0.13583721,0
5,0,0.4679872,0
5,0,0.4483862,0
5,0,0.4303824,0
5,0,0.50335336,1
5,0,0.51192164,1
5,0,0.6596197,1
5,0,0.5788947,1
5,0,0.71043074,1
5,0,0.75307053,1
5,0,0.3406352,0
5,0,0.37411773,0
5,0,0.29080823,0
5,0,0.555348,1
5,0,0.4416366,0
5,0,0.61308575,1
5,0,0.6023262,1
5,0,0.6232509,1
5,0,0.63929635,1
5,0,0.34256515,0
5,0,0.1746019,0
5,1,0.4901403,0
5,1,0.48162732,0
5,1,0.376184,0
5,1,0.32955778,0
5,1,0.34167996,0
5,1,0.4555349,0
5,1,0.72912496,1
5,1,0.7247181,1
5,1,0.7630141,1
5,1,0.6889575,1
5,1,0.80490804,1
5,1,0.7763678,1
5,1,0.8798674,1
5,1,0.8050938,1
5,1,0.7854374,1
5,1,0.84312516,1
5,1,0.8357242,1
5,1,0.85657907,1
5,1,0.824004,1
5,1,0.86840695,1
5,1,0.87459165,1
5,1,0.80712783,1
5,1,0.91543335,1
5,1,0.8976969,1
5,1,0.91989064,1
5,1,0.889687,1
5,1,0.90654314,1
5,1,0.76685053,1
5,1,0.8450108,1
5,1,0.9242129,1
5,1,0.5996585,1
5,1,0.68638307,1
5,1,0.72829044,1
5,1,0.6420322,1
5,1,0.69711107,1
5,1,0.22806562,0
5,1,0.25356632,0
5,1,0.22430126,0
5,1,0.18503924,0
5,1,0.1802657,0
5,1,0.34127954,0
5,1,0.40703347,0
5,1,0.2754987,0
5,1,0.6037967,1
5,1,0.40475577,0
5,1,0.6643511,1
5,1,0.80792123,1
5,1,0.5671287,1
5,1,0.63367444,1
5,1,0.876089,1
5,1,0.84771854,1
5,1,0.6101741,1
5,1,0.7026068,1
5,1,0.86905897,1
5,1,0.7871543,1
5,1,0.53099304,1
5,1,0.450162,0
5,1,0.2736558,0
5,1,0.44991678,0
5,1,0.58216965,1
5,1,0.57627237,1
5,1,0.597471,1
5,1,0.5726779,1
5,1,0.53698015,1
5,1,0.48202512,0
5,1,0.5022382,1
5,1,0.61647815,1
5,1,0.5584809,1
5,1,0.68835044,1
5,1,0.4990104,0
5,1,0.54566395,1
5,1,0.6885551,1
5,1,0.30224445,0
5,1,0.6767464,1
5,1,0.47086957,0
5,1,0.7044918,1
5,1,0.66823244,1
5,1,0.53011984,1
5,1,0.56212896,1
5,1,0.39522582,0
5,1,0.66838664,1
5,1,0.7039449,1
5,1,0.6046291,1
5,1,0.7640855,1
5,1,0.6091159,1
5,1,0.81620175,1
5,1,0.56978256,1
5,1,0.761961,1
5,1,0.50293446,1
5,1,0.6926362,1
5,1,0.6027322,1
5,1,0.73146087,1
5,1,0.88091874,1
5,1,0.48227754,0
5,1,0.8860128,1
5,1,0.56665915,1
5,1,0.7830455,1
5,1,0.5018407,1
5,1,0.81701076,1
5,1,0.59281707,1
5,1,0.8923647,1
5,1,0.58301497,1
5,1,0.52956,1
5,1,0.65063536,1
5,1,0.67511946,1
5,1,0.5300739,1
5,1,0.79495376,1
5,1,0.4607276,0
5,1,0.62225527,1
5,1,0.4380432,0
5,1,0.6674939,1
5,1,0.45940796,0
5,1,0.5908267,1
5,0,0.56650937,1
5,0,0.5723716,1
5,0,0.63690245,1
5,0,0.57514095,1
5,0,0.4270926,0
5,0,0.40229928,0
5,0,0.38825098,0
5,0,0.2951623,0
5,0,0.39866963,0
5,0,0.46394196,0
5,0,0.3163101,0
5,0,0.40875256,0
5,0,0.5312651,1
5,0,0.7367517,1
5,0,0.62892574,1
5,0,0.38643813,0
5,0,0.28875625,0
5,0,0.36201778,0
5,0,0.37237877,0
5,0,0.26132873,0
5,0,0.33969414,0
5,0,0.2844068,0
5,0,0.31222266,0
5,0,0.30138394,0
5,0,0.2479361,0
5,0,0.25843778,0
5,0,0.29891178,0
5,0,0.32663995,0
5,0,0.29887956,0
5,0,0.1908843,0
5,0,0.6744402,1
5,0,0.59405094,1
5,0,0.69503516,1
5,0,0.69062734,1
5,0,0.7471329,1
5,0,0.66328394,1
5,0,0.7324741,1
5,0,0.6620216,1
5,0,0.60286564,1
5,0,0.688712,1
5,0,0.696394,1
5,0,0.66179526,1
5,0,0.6604032,1
5,0,0.60232276,1
5,0,0.6509353,1
5,0,0.64421237,1
5,0,0.64503473,1
5,0,0.5477326,1
5,0,0.47088805,0
5,0,0.46720064,0
5,0,0.716152,1
5,0,0.52759707,1
5,0,0.5609414,1
5,0,0.48986727,0
5,0,0.5462758,1
5,0,0.5378259,1
5,0,0.65771824,1
5,0,0.5162584,1
5,0,0.5935147,1
5,0,0.54583937,1
5,0,0.4564952,0
5,0,0.5679179,1
5,0,0.60950106,1
5,0,0.64802384,1
5,0,0.5883758,1
5,0,0.5996211,1
5,0,0.5440859,1
5,0,0.5460044,1
5,0,0.5544147,1
5,0,0.64158946,1
5,0,0.48042825,0
5,0,0.54137397,1
5,0,0.4238695,0
5,0,0.3543467,0
5,0,0.36759806,0
5,0,0.49175838,0
5,0,0.3597387,0
5,0,0.43707663,0
5,0,0.4396751,0
5,0,0.42502457,0
5,0,0.49587062,0
5,0,0.49223208,0
5,0,0.45680878,0
5,0,0.6447637,1
5,0,0.59184337,1
5,0,0.5103629,1
5,0,0.48114073,0
5,0,0.52152187,1
5,0,0.6242771,1
5,0,0.6020921,1
5,0,0.6788753,1
5,0,0.7280995,1
5,0,0.5566668,1
5,0,0.6316197,1
5,0,0.6589621,1
5,0,0.76687986,1
5,0,0.62274414,1
5,0,0.66836864,1
5,0,0.6762051,1
5,0,0.7687761,1
5,0,0.64075184,1
5,0,0.76029974,1
5,0,0.7451182,1
5,0,0.7335708,1
5,0,0.6410561,1
5,0,0.708044,1
5,0,0.6587158,1
5,0,0.55244005,1
5,0,0.7540235,1
5,0,0.75863963,1
5,0,0.66912305,1
5,0,0.6626741,1
5,0,0.64705276,1
5,0,0.52212393,1
5,0,0.6894169,1
5,0,0.51941776,1
5,0,0.47378394,0
5,0,0.48056737,0
5,0,0.45697764,0
5,0,0.5383756,1
5,0,0.44933143,0
5,0,0.5038735,1
5,0,0.5184676,1
5,0,0.37679508,0
5,0,0.5561098,1
5,0,0.675873,1
5,0,0.5773392,1
5,0,0.60502297,1
5,0,0.7117545,1
5,0,0.7900489,1
5,0,0.69437224,1
5,0,0.66727155,1
5,0,0.7059008,1
5,0,0.68689454,1
5,0,0.7050145,1
5,0,0.8007485,1
5,0,0.7888415,1
5,0,0.78245354,1
5,0,0.68786955,1
5,0,0.7345204,1
5,0,0.780193,1
5,0,0.6130693,1
5,0,0.6604023,1
5,0,0.7695939,1
5,1,0.7370242,1
5,1,0.7586716,1
5,1,0.7464544,1
5,1,0.72864366,1
5,1,0.78738993,1
5,1,0.68720186,1
5,1,0.6515306,1
5,1,0.82179886,1
5,1,0.759142,1
5,1,0.8342264,1
5,1,0.7724783,1
5,1,0.75688595,1
5,1,0.74602866,1
5,1,0.83056504,1
5,1,0.7886982,1
5,0,0.76323617,1
5,0,0.7969707,1
5,0,0.8287471,1
5,0,0.7902281,1
5,0,0.76973677,1
5,0,0.85322076,1
5,0,0.7195781,1
5,0,0.7072517,1
5,0,0.76794153,1
5,0,0.67739874,1
5,0,0.7026509,1
5,0,0.6320767,1
5,0,0.6524089,1
5,0,0.7284989,1
5,0,0.7505114,1
5,0,0.6941104,1
5,0,0.7222798,1
5,0,0.72074944,1
5,0,0.7398598,1
5,0,0.89276487,1
5,0,0.7767648,1
5,0,0.7938044,1
5,0,0.73857963,1
5,0,0.8184205,1
5,0,0.79649824,1
5,0,0.7931138,1
5,0,0.782413,1
5,0,0.7197172,1
5,0,0.7617201,1
5,0,0.7482127,1
5,0,0.79069483,1
5,0,0.89627284,1
5,0,0.6745766,1
5,0,0.7881486,1
5,0,0.783766,1
5,0,0.6925746,1
5,0,0.73909336,1
5,0,0.77056503,1
5,0,0.6484627,1
5,0,0.72745514,1
5,0,0.696605,1
5,0,0.7508721,1
5,0,0.68757176,1
5,0,0.67151946,1
5,0,0.68665946,1
5,1,0.7884612,1
5,1,0.69800514,1
5,1,0.6802185,1
5,1,0.6419658,1
5,1,0.7522344,1
5,1,0.65872043,1
5,1,0.72053784,1
5,1,0.7193657,1
5,1,0.7685119,1
5,1,0.5963391,1
5,1,0.6224977,1
5,1,0.70659137,1
5,1,0.710608,1
5,1,0.6971283,1
5,1,0.6705147,1
5,1,0.721143,1
5,1,0.68347234,1
5,1,0.64895535,1
5,0,0.6827464,1
5,0,0.6606549,1
5,0,0.74068403,1
5,0,0.6628477,1
5,0,0.69706917,1
5,0,0.68299043,1
5,0,0.80285406,1
5,0,0.55372,1
5,0,0.610832,1
5,0,0.57388854,1
5,0,0.8889244,1
5,0,0.86902654,1
5,0,0.8251884,1
5,0,0.8830174,1
5,0,0.71845853,1
5,0,0.6848787,1
5,0,0.68713826,1
5,0,0.86622727,1
5,0,0.71626806,1
5,0,0.71978945,1
5,0,0.6369693,1
5,1,0.5654735,1
5,1,0.5534299,1
5,1,0.6559604,1
5,1,0.5274289,1
5,1,0.6738297,1
5,1,0.5243346,1
5,1,0.68934304,1
5,1,0.5591986,1
5,1,0.6736895,1
5,1,0.6511144,1
5,1,0.60940415,1
5,1,0.7832496,1
5,1,0.73502564,1
5,1,0.717207,1
5,1,0.756918,1
5,1,0.68476886,1
5,1,0.8794388,1
5,1,0.9089446,1
5,1,0.7470205,1
5,1,0.6831295,1
5,1,0.66157866,1
5,1,0.8256479,1
5,1,0.90700424,1
5,1,0.83892816,1
5,1,0.7356348,1
5,1,0.649759,1
5,1,0.5208218,1
5,1,0.50376445,1
5,1,0.84866387,1
5,1,0.6677201,1
5,1,0.50132364,1
5,1,0.52699685,1
5,1,0.70965385,1
5,1,0.6722608,1
5,1,0.7727173,1
5,1,0.67044073,1
5,1,0.6237962,1
5,1,0.81280154,1
5,1,0.6529945,1
5,1,0.7002108,1
5,1,0.49816817,0
5,1,0.33344474,0
5,1,0.22384186,0
5,1,0.2903778,0
5,1,0.3041196,0
5,1,0.19150257,0
5,1,0.1918009,0
5,1,0.121445216,0
5,1,0.12210865,0
5,1,0.10910416,0
5,1,0.21015112,0
5,1,0.11355862,0
5,1,0.12296231,0
5,0,0.62458915,1
5,0,0.27215248,0
5,0,0.43135428,0
5,0,0.4795549,0
5,0,0.4204613,0
5,1,0.46926948,0
5,1,0.33456874,0
5,1,0.4063125,0
5,1,0.56300265,1
5,1,0.32808504,0
5,1,0.43622866,0
5,1,0.44048867,0
5,1,0.40742192,0
5,1,0.4923514,0
5,1,0.18970662,0
5,1,0.3187279,0
5,1,0.7038282,1
5,1,0.7572011,1
5,1,0.7714543,1
5,1,0.54229754,1
5,1,0.49533668,0
5,1,0.7860201,1
5,1,0.71285677,1
5,1,0.6650627,1
5,1,0.7737937,1
5,1,0.8061329,1
5,1,0.73001504,1
5,1,0.57354355,1
5,1,0.68512696,1
5,1,0.66293705,1
5,0,0.7137562,1
5,0,0.67522895,1
5,0,0.58018625,1
5,0,0.6208717,1
5,0,0.604513,1
5,0,0.5233786,1
5,0,0.43531102,0
5,0,0.81417423,1
5,0,0.93768835,1
5,0,0.88888496,1
5,0,0.7269128,1
5,0,0.5903866,1
5,0,0.79282653,1
5,0,0.9408998,1
5,0,0.92493546,1
5,0,0.961096,1
5,0,0.85509723,1
5,0,0.9465719,1
5,0,0.87312603,1
5,0,0.94086593,1
5,0,0.9681597,1
5,0,0.95496607,1
5,0,0.9613692,1
5,0,0.9197847,1
5,0,0.80689883,1
5,0,0.7290421,1
5,0,0.6848296,1
5,0,0.88623726,1
5,0,0.5590638,1
5,0,0.65467435,1
5,0,0.7814126,1
5,0,0.8556011,1
5,0,0.9601319,1
5,0,0.9096837,1
5,0,0.91626686,1
5,0,0.78378135,1
5,0,0.8640316,1
5,0,0.6549345,1
5,0,0.7019737,1
5,0,0.51047546,1
5,0,0.4857565,0
5,0,0.5297827,1
5,0,0.7539505,1
5,0,0.7861121,1
5,0,0.8888548,1
5,0,0.7755188,1
5,0,0.85383797,1
5,0,0.84269106,1
5,0,0.95126903,1
5,0,0.9189104,1
5,0,0.9759267,1
5,0,0.8151056,1
5,0,0.9153756,1
5,0,0.87549645,1
5,0,0.60026246,1
5,0,0.87884665,1
5,0,0.9356147,1
5,0,0.71454555,1
5,0,0.5165323,1
5,0,0.7628049,1
5,1,0.7902289,1
5,1,0.41684392,0
5,1,0.6654084,1
5,1,0.5475308,1
5,1,0.48790666,0
5,1,0.30019182,0
5,1,0.4158237,0
5,1,0.48058927,0
5,1,0.54252225,1
5,1,0.24136616,0
5,0,0.7620388,1
5,0,0.21537705,0
5,0,0.7438208,1
5,0,0.43616596,0
5,0,0.3240729,0
5,0,0.19879188,0
5,0,0.33647266,0
5,0,0.37069482,0
5,0,0.45166862,0
5,0,0.37066072,0
5,1,0.42371473,0
5,1,0.4139107,0
5,1,0.40922982,0
5,1,0.30864453,0
5,1,0.42097077,0
5,1,0.3641259,0
5,1,0.5321124,1
5,1,0.46683756,0
5,1,0.5495887,1
5,1,0.5607436,1
5,1,0.58610123,1
5,1,0.57160956,1
5,1,0.46011427,0
5,1,0.50495285,1
5,1,0.524217,1
5,0,0.65279955,1
5,0,0.68687725,1
5,0,0.6639739,1
5,0,0.8022679,1
5,0,0.5472902,1
5,0,0.8377407,1
5,0,0.68617266,1
5,0,0.78264904,1
5,0,0.6070408,1
5,0,0.7256877,1
5,0,0.7120677,1
5,0,0.6987918,1
5,0,0.6211919,1
5,0,0.6809293,1
5,0,0.7735354,1
5,0,0.6925019,1
5,0,0.659809,1
5,0,0.64882976,1
5,0,0.5646392,1
5,0,0.604964,1
5,0,0.6737433,1
5,0,0.66247934,1
5,0,0.4847167,0
5,0,0.43944564,0
5,0,0.5832159,1
5,0,0.45062885,0
5,0,0.49728486,0
5,0,0.42905924,0
5,0,0.4855474,0
5,0,0.4548121,0
5,0,0.41686487,0
5,0,0.44116932,0
5,0,0.3330178,0
5,0,0.3803845,0
5,0,0.35463175,0
5,0,0.31051254,0
5,0,0.4589341,0
5,0,0.35984814,0
5,0,0.4289112,0
5,0,0.48116118,0
5,0,0.5593854,1
5,0,0.3903863,0
5,0,0.3413666,0
5,0,0.505417,1
5,0,0.52555346,1
5,1,0.4510262,0
5,1,0.36927694,0
5,1,0.3842669,0
5,1,0.3786401,0
5,1,0.4326024,0
5,1,0.3132087,0
5,1,0.530986,1
5,1,0.55534333,1
5,1,0.46672428,0
5,1,0.39617336,0
5,0,0.52295876,1
5,0,0.49618906,0
5,0,0.35480332,0
5,0,0.35481238,0
5,0,0.28916296,0
5,0,0.5569199,1
5,0,0.27859145,0
5,0,0.6418086,1
5,0,0.326143,0
5,0,0.45324245,0
5,0,0.47711012,0
5,0,0.50129306,1
5,0,0.40516248,0
5,0,0.48592559,0
5,0,0.47724873,0
5,0,0.59999293,1
5,0,0.56818396,1
5,0,0.4827701,0
5,0,0.39539015,0
5,0,0.59967923,1
5,0,0.46017027,0
5,0,0.561732,1
5,0,0.62166685,1
5,0,0.56906277,1
5,0,0.53740484,1
5,0,0.63793015,1
5,0,0.6520702,1
5,0,0.48148835,0
5,0,0.6377904,1
5,0,0.5843289,1
5,0,0.4745631,0
5,0,0.661991,1
5,0,0.52880025,1
5,0,0.39414054,0
5,0,0.59188634,1
5,0,0.37733874,0
5,0,0.67761993,1
5,0,0.41167352,0
5,0,0.5360887,1
5,0,0.25737303,0
5,1,0.60726476,1
5,1,0.28442976,0
5,1,0.07310634,0
5,1,0.13824147,0
5,1,0.08665784,0
5,1,0.25947204,0
5,1,0.660473,1
5,1,0.27535453,0
5,1,0.5964066,1
5,1,0.023161996,0
5,1,0.03015384,0
5,1,0.0863342,0
5,1,0.053731803,0
5,1,0.34404898,0
5,1,0.050367527,0
5,1,0.08308857,0
5,1,0.076552704,0
5,1,0.16700247,0
5,1,0.1401889,0
5,1,0.22727254,0
5,1,0.23084697,0
5,1,0.31294692,0
5,1,0.43958208,0
5,1,0.5109465,1
5,1,0.39622766,0
5,1,0.32892418,0
5,1,0.31713378,0
5,1,0.39001197,0
5,1,0.40290844,0
5,1,0.3270813,0
5,1,0.1540304,0
5,1,0.16767599,0
5,1,0.145584,0
5,1,0.123139076,0
5,1,0.19479796,0
5,1,0.12379141,0
5,1,0.7925515,1
5,1,0.4326937,0
5,1,0.65347826,1
5,1,0.7801781,1
5,1,0.62017524,1
5,1,0.5252742,1
5,1,0.5652283,1
5,1,0.6384203,1
5,1,0.5543447,1
5,1,0.40945238,0
5,1,0.5448771,1
5,1,0.31886953,0
5,1,0.66115755,1
5,1,0.62169963,1
5,1,0.8130666,1
5,1,0.9000419,1
5,1,0.48245487,0
5,1,0.765159,1
5,1,0.86080176,1
5,1,0.47161347,0
5,1,0.6025697,1
5,1,0.6728096,1
5,1,0.8292895,1
5,1,0.76940733,1
5,1,0.73219544,1
5,1,0.64440525,1
5,1,0.778953,1
5,1,0.7783702,1
5,1,0.49594495,0
5,1,0.52741396,1
5,1,0.5404142,1
5,1,0.45210624,0
5,1,0.24290068,0
5,1,0.25303146,0
5,1,0.4645526,0
5,1,0.44552398,0
5,1,0.43824106,0
5,1,0.5147714,1
5,1,0.3931779,0
5,1,0.39997673,0
5,1,0.48288748,0
5,1,0.40633777,0
5,1,0.3257436,0
5,1,0.34299734,0
5,1,0.4985754,0
5,1,0.1972162,0
5,1,0.21657027,0
5,1,0.15214792,0
5,1,0.4928173,0
5,1,0.14986674,0
5,1,0.29233307,0
5,1,0.3818478,0
5,1,0.3464741,0
5,1,0.38964796,0
5,1,0.3484735,0
5,1,0.25801808,0
5,1,0.40320376,0
5,1,0.23085581,0
5,1,0.4530183,0
5,1,0.16563007,0
5,1,0.43857068,0
5,1,0.63076085,1
5,1,0.23085022,0
5,1,0.53489393,1
5,1,0.26951668,0
5,1,0.5392494,1
5,1,0.28434235,0
5,1,0.37628037,0
5,1,0.6495931,1
5,1,0.6446267,1
5,1,0.5636948,1
5,1,0.48104674,0
5,1,0.51018375,1
5,1,0.6214105,1
5,1,0.52964926,1
5,1,0.56700027,1
5,1,0.5334815,1
5,1,0.4727893,0
5,1,0.6078231,1
5,1,0.7617348,1
5,1,0.7529742,1
5,1,0.7518729,1
5,1,0.77192,1
5,1,0.6937161,1
5,1,0.54060364,1
5,1,0.58657616,1
5,1,0.64315814,1
5,1,0.47944474,0
5,1,0.20468226,0
5,1,0.5656084,1
5,1,0.5770282,1
5,1,0.39902103,0
5,1,0.6510269,1
5,1,0.806315,1
5,1,0.7590256,1
5,1,0.5929492,1
5,1,0.8439637,1
5,1,0.80672896,1
5,1,0.5083215,1
5,1,0.4136203,0
5,1,0.8845927,1
5,1,0.8413815,1
5,1,0.7616588,1
5,1,0.8628507,1
5,1,0.80173486,1
5,1,0.77820915,1
5,1,0.78236204,1
5,1,0.7874202,1
5,1,0.7451471,1
5,1,0.61491424,1
5,1,0.7809133,1
5,1,0.8941427,1
5,1,0.8891785,1
5,1,0.8452602,1
5,1,0.89530694,1
5,1,0.8739732,1
5,1,0.9308468,1
5,1,0.8654475,1
5,1,0.9414784,1
5,1,0.93406075,1
5,1,0.94090223,1
5,1,0.6596509,1
5,1,0.739569,1
5,1,0.8570398,1
5,1,0.8855048,1
5,1,0.90865654,1
5,1,0.8900744,1
5,1,0.9402325,1
5,1,0.913429,1
5,1,0.9063961,1
5,1,0.9765916,1
5,1,0.9842047,1
5,1,0.87797934,1
5,1,0.883398,1
5,1,0.5163344,1
5,1,0.40164274,0
5,1,0.5990113,1
5,1,0.46314308,0
5,1,0.59281474,1
5,1,0.7423279,1
5,1,0.6391038,1
5,1,0.48408216,0
5,1,0.5023774,1
5,1,0.49949652,0
5,1,0.4665456,0
5,1,0.70902115,1
5,1,0.784179,1
5,1,0.7950574,1
5,1,0.73052,1
5,1,0.71551424,1
5,1,0.5964614,1
5,1,0.5599717,1
5,1,0.7018144,1
5,1,0.5645738,1
5,1,0.60796356,1
5,1,0.7199087,1
5,1,0.5904612,1
5,1,0.7534656,1
5,1,0.9049264,1
5,1,0.93470037,1
5,1,0.92467284,1
5,1,0.9293693,1
5,1,0.88665664,1
5,1,0.5202162,1
5,1,0.62057024,1
5,1,0.6642075,1
5,1,0.3420265,0
5,1,0.26033977,0
5,1,0.29107955,0
5,1,0.59440804,1
5,1,0.50735754,1
5,1,0.41463694,0
5,1,0.83893377,1
5,1,0.6407532,1
5,1,0.8811909,1
5,1,0.8468183,1
5,1,0.87474567,1
5,1,0.80332863,1
5,1,0.7864216,1
5,1,0.74068505,1
5,1,0.65999043,1
5,1,0.5318325,1
5,1,0.64016736,1
5,1,0.66834956,1
5,1,0.6745665,1
5,1,0.5412955,1
5,1,0.74859655,1
5,1,0.7284101,1
5,1,0.6879306,1
5,1,0.83593327,1
5,1,0.8078901,1
5,1,0.70271975,1
5,1,0.8013063,1
5,1,0.75645983,1
5,1,0.74300176,1
5,1,0.56557983,1
5,1,0.71838516,1
5,1,0.49504596,0
5,1,0.70425004,1
5,1,0.67099255,1
5,1,0.8017183,1
5,1,0.72890055,1
5,1,0.7774586,1
5,1,0.82120323,1
5,1,0.8269905,1
5,1,0.7189788,1
5,1,0.66245884,1
5,1,0.70309585,1
5,1,0.6893194,1
5,1,0.7481928,1
5,1,0.7825889,1
5,1,0.83859825,1
5,1,0.8870299,1
5,1,0.8075555,1
5,1,0.85677546,1
5,1,0.54635346,1
5,1,0.7662475,1
5,1,0.8007352,1
5,1,0.7662785,1
5,1,0.86060935,1
5,1,0.77446,1
5,1,0.8420761,1
5,1,0.8770891,1
5,1,0.82466614,1
5,1,0.64759946,1
5,1,0.8026386,1
5,1,0.7906186,1
5,1,0.68622726,1
5,1,0.5194464,1
5,1,0.52356005,1
5,1,0.53557384,1
5,1,0.5042261,1
5,1,0.58388954,1
5,1,0.40653452,0
5,1,0.3973742,0
5,1,0.6343803,1
5,1,0.5511154,1
5,1,0.5077664,1
5,1,0.62463194,1
5,1,0.8003315,1
5,1,0.5790424,1
5,1,0.7064078,1
5,1,0.8102237,1
5,1,0.829099,1
5,1,0.88216144,1
5,1,0.9045288,1
5,1,0.8302033,1
5,1,0.700332,1
5,1,0.81363875,1
5,1,0.64067435,1
5,1,0.6917896,1
5,1,0.7378531,1
5,1,0.6606031,1
5,1,0.8618126,1
5,1,0.7233418,1
5,1,0.7347955,1
5,1,0.71574396,1
5,1,0.6758063,1
5,1,0.74281037,1
5,1,0.46182,0
5,1,0.63984936,1
5,1,0.5122025,1
5,1,0.6137254,1
5,1,0.55236745,1
5,1,0.83579445,1
5,1,0.74128544,1
5,1,0.33177808,0
5,1,0.41070506,0
5,1,0.35686794,0
5,1,0.2814935,0
5,1,0.33256754,0
5,1,0.22674951,0
5,1,0.28132132,0
5,1,0.58180255,1
5,1,0.45808882,0
5,1,0.39464834,0
5,1,0.44978032,0
5,1,0.6486389,1
5,1,0.55198544,1
5,1,0.64959276,1
5,1,0.7235945,1
5,1,0.35224,0
5,1,0.7315328,1
5,1,0.669232,1
5,1,0.66597587,1
5,1,0.7805535,1
5,1,0.63409007,1
5,1,0.5819147,1
5,1,0.7458985,1
5,1,0.4564773,0
5,1,0.38453242,0
5,1,0.31072754,0
5,1,0.5554788,1
5,1,0.32669842,0
5,1,0.36040685,0
5,1,0.36812222,0
5,1,0.29506314,0
5,1,0.6527038,1
5,1,0.39320263,0
5,1,0.3166035,0
5,1,0.21719822,0
5,1,0.120217286,0
5,1,0.12372008,0
5,1,0.17933783,0
5,1,0.14126316,0
5,1,0.25271183,0
5,1,0.23515064,0
5,1,0.28922117,0
5,1,0.27196994,0
5,1,0.3734842,0
5,1,0.2997704,0
5,1,0.22051676,0
5,1,0.38743705,0
5,1,0.2176576,0
5,1,0.24788213,0
5,1,0.6488066,1
5,1,0.5422934,1
5,1,0.82706636,1
5,1,0.6313324,1
5,1,0.6371644,1
5,1,0.7681549,1
5,1,0.8483774,1
5,1,0.6577431,1
5,1,0.60479707,1
5,1,0.8797519,1
5,1,0.7531689,1
5,1,0.20882635,0
5,1,0.49820727,0
5,1,0.5281677,1
5,1,0.7627506,1
5,0,0.32600036,0
5,0,0.32331258,0
5,0,0.3100268,0
5,0,0.23049307,0
5,0,0.22453998,0
5,0,0.65044177,1
5,0,0.52253944,1
5,0,0.1276534,0
5,0,0.64024216,1
5,0,0.8213758,1
5,0,0.68996954,1
5,0,0.7248349,1
5,0,0.7386326,1
5,0,0.7475188,1
5,0,0.7169646,1
5,0,0.72605747,1
5,0,0.77290154,1
5,0,0.8115593,1
5,0,0.8259613,1
5,0,0.77957433,1
5,0,0.7704753,1
5,0,0.7031158,1
5,0,0.7749737,1
5,0,0.7398826,1
5,0,0.7335456,1
5,0,0.61437577,1
5,0,0.8166622,1
5,0,0.80725956,1
5,0,0.7589073,1
5,0,0.76244336,1
5,0,0.7543011,1
5,0,0.82763386,1
5,0,0.7591124,1
5,0,0.70358133,1
5,0,0.6532629,1
5,0,0.7501445,1
5,0,0.6182925,1
5,0,0.69891906,1
5,0,0.7153209,1
5,0,0.74244654,1
5,0,0.6248156,1
5,0,0.7154584,1
5,0,0.62957585,1
5,0,0.70284426,1
5,0,0.6548292,1
5,0,0.73248863,1
5,0,0.7243159,1
5,0,0.79886395,1
5,0,0.7189745,1
5,0,0.7602455,1
5,0,0.7124967,1
5,0,0.64700997,1
5,0,0.7472144,1
5,0,0.73698217,1
5,0,0.65053165,1
5,0,0.639689,1
5,0,0.6089876,1
5,0,0.6117052,1
5,0,0.6856827,1
5,0,0.60449535,1
5,0,0.7250206,1
5,0,0.5584993,1
5,0,0.5521482,1
5,0,0.586639,1
5,0,0.7523334,1
5,0,0.5649463,1
5,0,0.60644484,1
5,0,0.5545423,1
5,0,0.6239198,1
5,0,0.6400257,1
5,0,0.70214164,1
5,0,0.63181233,1
5,0,0.68382525,1
5,0,0.6731209,1
5,0,0.6012787,1
5,0,0.6936985,1
5,0,0.7239558,1
5,0,0.68387806,1
5,0,0.68701667,1
5,0,0.7562312,1
5,0,0.65974504,1
5,0,0.6245304,1
5,0,0.6830381,1
5,0,0.7058875,1
5,0,0.5777749,1
5,0,0.6404102,1
5,0,0.49161217,0
5,0,0.46133825,0
5,0,0.46356246,0
5,0,0.5577811,1
5,0,0.4279833,0
5,0,0.54855406,1
5,0,0.5109057,1
5,0,0.52133316,1
5,0,0.5791922,1
5,0,0.57905686,1
5,0,0.5279246,1
5,0,0.7248034,1
5,0,0.63978904,1
5,0,0.53432703,1
5,0,0.49531963,0
5,0,0.55666745,1
5,0,0.5811982,1
5,0,0.61369276,1
5,0,0.6331815,1
5,0,0.6924076,1
5,0,0.52485967,1
5,0,0.6365658,1
5,0,0.7475738,1
5,0,0.78529435,1
5,1,0.65653694,1
5,1,0.70703,1
5,1,0.7030596,1
5,1,0.7800992,1
5,1,0.65844005,1
5,1,0.66459244,1
5,1,0.74908817,1
5,1,0.796339,1
5,1,0.65778863,1
5,1,0.7352062,1
5,1,0.7146899,1
5,1,0.58206266,1
5,1,0.7403108,1
5,1,0.7800668,1
5,1,0.6803287,1
5,1,0.7074796,1
5,1,0.66605604,1
5,1,0.6079682,1
5,0,0.72300196,1
5,0,0.6002828,1
5,0,0.5898119,1
5,0,0.60070074,1
5,0,0.58839124,1
5,0,0.6287058,1
5,0,0.54946405,1
5,0,0.6246656,1
5,0,0.5508246,1
5,0,0.5003441,1
5,0,0.6555396,1
5,0,0.6577204,1
5,0,0.71068925,1
5,0,0.6335208,1
5,0,0.77621603,1
5,0,0.79126054,1
5,0,0.79044145,1
5,0,0.67129123,1
5,0,0.74907494,1
5,0,0.7447929,1
5,0,0.77456963,1
5,0,0.79629415,1
5,0,0.804744,1
5,0,0.74010134,1
5,0,0.76257205,1
5,0,0.7419871,1
5,0,0.7258857,1
5,0,0.68106145,1
5,0,0.65209705,1
5,0,0.8175729,1
5,0,0.6560349,1
5,0,0.68872714,1
5,0,0.7587819,1
5,0,0.7257311,1
5,0,0.83262587,1
5,0,0.7442466,1
5,0,0.7328016,1
5,0,0.7558375,1
5,0,0.75007135,1
5,0,0.8488935,1
5,0,0.7428256,1
5,0,0.776589,1
5,0,0.6951124,1
5,0,0.78619885,1
5,0,0.76164323,1
5,0,0.76146275,1
5,0,0.77401465,1
5,0,0.82358783,1
5,0,0.8008103,1
5,0,0.83402175,1
5,0,0.6826078,1
5,0,0.66999644,1
5,0,0.66164374,1
5,0,0.74888295,1
5,0,0.6845104,1
5,0,0.7233128,1
5,0,0.6497593,1
5,0,0.69605464,1
5,0,0.7346819,1
5,0,0.7655414,1
5,0,0.7233922,1
5,0,0.780942,1
5,0,0.78671986,1
5,0,0.76266074,1
5,0,0.8958922,1
5,0,0.76520485,1
5,0,0.77920854,1
5,0,0.76010305,1
5,0,0.70636714,1
5,0,0.7445456,1
5,0,0.83720165,1
5,0,0.71253866,1
5,0,0.8091682,1
5,0,0.81702554,1
5,0,0.78365314,1
5,0,0.7881438,1
5,0,0.813005,1
5,0,0.7077369,1
5,0,0.7818793,1
5,0,0.7554876,1
5,0,0.68356705,1
5,0,0.6683279,1
5,0,0.70842695,1
5,0,0.697878,1
5,0,0.65996146,1
5,0,0.6060738,1
5,0,0.6808083,1
5,0,0.79454124,1
5,0,0.6739415,1
5,0,0.6992305,1
5,0,0.77322507,1
5,0,0.59937155,1
5,0,0.63253206,1
5,0,0.6895675,1
5,0,0.70495516,1
5,0,0.63427675,1
5,0,0.72542495,1
5,0,0.7177637,1
5,0,0.71455526,1
5,0,0.6005862,1
5,0,0.5434896,1
5,0,0.7370924,1
5,0,0.6308739,1
5,0,0.7302893,1
5,0,0.62720686,1
5,1,0.6325455,1
5,1,0.65021074,1
5,1,0.71208024,1
5,1,0.79014975,1
5,1,0.7523576,1
5,1,0.7564149,1
5,1,0.6692691,1
5,1,0.7628967,1
5,1,0.7174666,1
5,1,0.51656437,1
5,1,0.708939,1
5,1,0.63087124,1
5,1,0.24060644,0
5,1,0.9326043,1
5,1,0.9098537,1
5,1,0.9396897,1
5,1,0.91054916,1
5,1,0.925479,1
5,1,0.89592093,1
5,1,0.89283615,1
5,1,0.8523762,1
5,1,0.83821034,1
5,1,0.864705,1
5,1,0.85910827,1
5,1,0.88444763,1
5,1,0.897228,1
5,1,0.91860396,1
5,1,0.90000015,1
5,1,0.8817591,1
5,1,0.9290414,1
5,1,0.85493344,1
5,1,0.91190493,1
5,1,0.90137094,1
5,1,0.93363315,1
5,1,0.93749785,1
5,1,0.80821645,1
5,1,0.76648957,1
5,1,0.742375,1
5,1,0.8072895,1
5,1,0.85626453,1
5,1,0.8444182,1
5,1,0.79206735,1
5,1,0.85991585,1
5,1,0.9233442,1
5,1,0.84732354,1
5,1,0.75912666,1
5,1,0.86559105,1
5,1,0.84654653,1
5,1,0.80342054,1
5,1,0.8410103,1
5,1,0.88680565,1
5,1,0.78233826,1
5,1,0.6500332,1
5,1,0.89646006,1
5,1,0.82302076,1
5,1,0.4091267,0
5,1,0.6437773,1
5,1,0.5288534,1
5,1,0.49962723,0
5,1,0.40627912,0
5,1,0.27801284,0
5,1,0.4942437,0
5,1,0.50465924,1
5,1,0.30047736,0
5,1,0.5963758,1
5,1,0.66679364,1
5,1,0.708563,1
5,1,0.70980805,1
5,1,0.63918585,1
5,1,0.5326828,1
5,1,0.43306124,0
5,1,0.40701488,0
5,1,0.45107397,0
5,1,0.37887132,0
5,1,0.39531487,0
5,1,0.4953793,0
5,1,0.45678186,0
5,1,0.3927312,0
5,1,0.5040739,1
5,1,0.3752877,0
5,1,0.44690174,0
5,1,0.3159892,0
5,1,0.4421967,0
5,1,0.34420502,0
5,1,0.52517694,1
5,1,0.51409894,1
5,1,0.46132368,0
5,1,0.6135365,1
5,1,0.403216,0
5,1,0.3548917,0
5,1,0.59620744,1
5,1,0.65757084,1
5,1,0.37858835,0
5,1,0.65913564,1
5,1,0.50824577,1
5,1,0.7578654,1
5,1,0.46779594,0
5,1,0.5608017,1
5,1,0.59779865,1
5,1,0.69375145,1
5,1,0.6524788,1
5,1,0.60278034,1
5,1,0.51051646,1
5,1,0.2774078,0
5,1,0.2832328,0
5,1,0.37661418,0
5,1,0.32509348,0
5,1,0.26944542,0
5,1,0.28833348,0
5,1,0.38778716,0
5,0,0.44820893,0
5,0,0.35252386,0
5,0,0.32861385,0
5,0,0.4008809,0
5,0,0.35487434,0
5,0,0.40856135,0
5,0,0.29181942,0
5,0,0.19226405,0
5,0,0.31601927,0
5,0,0.5440533,1
5,0,0.67906547,1
5,0,0.7785666,1
5,0,0.94970906,1
5,0,0.8878647,1
5,0,0.945872,1
5,0,0.9253538,1
5,0,0.5042965,1
5,0,0.49482685,0
5,0,0.43871787,0
5,0,0.8313635,1
5,0,0.52566344,1
5,0,0.832468,1
5,0,0.6953552,1
5,0,0.7881376,1
5,0,0.7155429,1
5,0,0.89977163,1
5,0,0.92483056,1
5,0,0.77600735,1
5,0,0.54650116,1
5,0,0.8146682,1
5,0,0.31905484,0
5,0,0.36769307,0
5,0,0.39471105,0
5,0,0.7381119,1
5,0,0.4317191,0
5,0,0.9022676,1
5,0,0.57961565,1
5,0,0.8986927,1
5,0,0.62497646,1
5,0,0.5647653,1
5,0,0.6129487,1
5,0,0.72245365,1
5,0,0.5543114,1
5,0,0.8387269,1
5,0,0.8235386,1
5,0,0.8217389,1
5,0,0.855217,1
5,0,0.6429884,1
5,0,0.6784294,1
5,0,0.6568558,1
5,0,0.4928822,0
5,0,0.5541409,1
5,0,0.6926905,1
5,0,0.8492883,1
5,0,0.4772398,0
5,0,0.68212783,1
5,0,0.59956264,1
5,0,0.449582,0
5,0,0.6653908,1
5,0,0.6304732,1
5,0,0.47431168,0
5,0,0.8689666,1
5,0,0.9201314,1
5,0,0.7484566,1
5,0,0.60338515,1
5,0,0.47327328,0
5,0,0.6139571,1
5,0,0.5959435,1
5,0,0.4945534,0
5,0,0.6723556,1
5,0,0.47941038,0
5,0,0.840521,1
5,0,0.6342515,1
5,0,0.48359337,0
5,0,0.24017604,0
5,0,0.54697824,1
5,0,0.66646117,1
5,0,0.6205378,1
5,0,0.6412937,1
5,0,0.5516009,1
5,0,0.30990097,0
5,0,0.5095522,1
5,0,0.477618,0
5,0,0.69500655,1
5,0,0.790857,1
5,0,0.8621847,1
5,0,0.6830834,1
5,0,0.7715513,1
5,0,0.46992126,0
5,0,0.6779954,1
5,0,0.7199999,1
5,0,0.86679816,1
5,0,0.80091155,1
5,0,0.5969475,1
5,0,0.38045168,0
5,0,0.3857126,0
5,0,0.6399702,1
5,0,0.5307699,1
5,0,0.75883156,1
5,0,0.7089087,1
5,0,0.7243461,1
5,0,0.68270075,1
5,0,0.67996186,1
5,0,0.57235026,1
5,0,0.67409116,1
5,0,0.54260385,1
5,0,0.7717565,1
5,0,0.5210521,1
5,0,0.5634034,1
5,0,0.37000653,0
5,0,0.37789184,0
5,0,0.44400296,0
5,0,0.5511312,1
5,0,0.45350236,0
5,0,0.48760912,0
5,0,0.44364837,0
5,0,0.51638925,1
5,0,0.5792528,1
5,0,0.5990348,1
5,0,0.49807835,0
5,0,0.7707564,1
5,0,0.667092,1
5,0,0.52354455,1
5,0,0.54218525,1
5,0,0.5365801,1
5,0,0.45781055,0
5,0,0.5068461,1
5,0,0.37961435,0
5,0,0.43359676,0
5,0,0.4083083,0
5,0,0.4447318,0
5,0,0.4289135,0
5,1,0.46357125,0
5,1,0.6776721,1
5,1,0.25570557,0
5,1,0.5975227,1
5,1,0.3534477,0
5,1,0.41316044,0
5,1,0.7331025,1
5,1,0.7641072,1
5,1,0.6348565,1
5,1,0.625479,1
5,1,0.75302786,1
5,0,0.64130956,1
5,0,0.57283837,1
5,0,0.70145345,1
5,0,0.6354598,1
5,0,0.7233028,1
5,0,0.52771914,1
5,0,0.6342054,1
5,0,0.5142958,1
5,0,0.35744914,0
5,0,0.46139213,0
5,0,0.45291093,0
5,0,0.5627183,1
5,0,0.6762151,1
5,0,0.5736921,1
5,1,0.3976759,0
5,1,0.63173115,1
5,1,0.6732188,1
5,1,0.47584504,0
5,1,0.56487256,1
5,1,0.6743658,1
5,1,0.62963533,1
5,1,0.538622,1
5,1,0.49701157,0
5,1,0.53166085,1
5,1,0.5093606,1
5,1,0.33205003,0
5,1,0.36974847,0
5,1,0.57073426,1
5,1,0.5635194,1
5,1,0.69107056,1
5,1,0.50280625,1
5,1,0.56076366,1
5,1,0.64438766,1
5,1,0.51898956,1
5,1,0.6151236,1
5,1,0.48682487,0
5,1,0.52853316,1
5,1,0.63854194,1
5,1,0.4769506,0
5,1,0.48417485,0
5,1,0.43098798,0
5,1,0.4449984,0
5,1,0.48432457,0
5,1,0.5917484,1
5,1,0.17463513,0
5,1,0.4961879,0
5,1,0.23828642,0
5,1,0.59059227,1
5,1,0.27223104,0
5,1,0.37983376,0
5,1,0.5466978,1
5,1,0.25181818,0
5,1,0.20579346,0
5,1,0.35307488,0
5,1,0.47973838,0
5,1,0.41075805,0
5,1,0.31011775,0
5,1,0.58936983,1
5,1,0.5019676,1
5,1,0.5327507,1
5,1,0.5537363,1
5,1,0.65418226,1
5,1,0.3429244,0
5,1,0.46811545,0
5,1,0.5763469,1
5,1,0.40628493,0
5,1,0.52489644,1
5,1,0.51837444,1
5,1,0.6264855,1
5,1,0.5391723,1
5,1,0.5238087,1
5,1,0.43005273,0
5,1,0.52023417,1
5,1,0.6368157,1
5,1,0.5846167,1
5,1,0.5582898,1
5,1,0.58870506,1
5,1,0.55141306,1
5,1,0.6441321,1
5,1,0.7354236,1
5,1,0.7085655,1
5,1,0.6545396,1
5,1,0.6249839,1
5,1,0.5119843,1
5,1,0.6624936,1
5,1,0.63675326,1
5,1,0.41577986,0
5,1,0.53355753,1
5,1,0.82554924,1
5,1,0.5858719,1
5,1,0.7534459,1
5,1,0.87682855,1
5,1,0.92635113,1
5,1,0.9034567,1
5,1,0.7861505,1
5,1,0.9366985,1
5,1,0.9411866,1
5,1,0.9489004,1
5,1,0.8371562,1
5,1,0.9432797,1
5,1,0.35707602,0
5,1,0.5814456,1
5,1,0.8427996,1
5,1,0.82493377,1
5,1,0.59648937,1
5,1,0.7622059,1
5,0,0.49992016,0
5,0,0.4429922,0
5,0,0.5787436,1
5,0,0.627262,1
5,0,0.6509849,1
5,0,0.6481635,1
5,0,0.6439584,1
5,0,0.6688792,1
5,0,0.5714507,1
5,0,0.6819852,1
5,0,0.7352979,1
5,0,0.67296684,1
5,0,0.69503313,1
5,0,0.85241073,1
5,0,0.68535376,1
5,0,0.6480406,1
5,0,0.7282245,1
5,0,0.6449267,1
5,0,0.59525234,1
5,0,0.64878047,1
5,0,0.6169259,1
5,0,0.656657,1
5,0,0.7106396,1
5,0,0.46028274,0
5,0,0.4269247,0
5,0,0.5601655,1
5,0,0.65026134,1
5,0,0.7424136,1
5,0,0.69776285,1
5,0,0.6860199,1
5,0,0.821507,1
5,0,0.89107776,1
5,0,0.7376381,1
5,0,0.8539311,1
5,0,0.87238175,1
5,0,0.7685812,1
5,0,0.77345884,1
5,0,0.79100806,1
5,0,0.811693,1
5,0,0.8074522,1
5,0,0.75624365,1
5,0,0.7084949,1
5,0,0.67492646,1
