pathogen,checkpoint,model size,mode,epoch,train_loss,train_acc
Orthopoxvirus,esm2_t6_8M_UR50D,8M,LoRA,1,0.6399833134242466,0.6853460353040067
Orthopoxvirus,esm2_t6_8M_UR50D,8M,LoRA,2,0.5596394624028888,0.7259736620902214
Orthopoxvirus,esm2_t6_8M_UR50D,8M,LoRA,3,0.5410697609186172,0.7259736620902214
Orthopoxvirus,esm2_t6_8M_UR50D,8M,LoRA,4,0.5184464816536222,0.7298963295040628
Orthopoxvirus,esm2_t6_8M_UR50D,8M,LoRA,5,0.495730710881097,0.7537125245166714
Orthopoxvirus,esm2_t6_8M_UR50D,8M,LoRA,6,0.4761438263314111,0.7881759596525637
Orthopoxvirus,esm2_t6_8M_UR50D,8M,LoRA,7,0.4587539029972894,0.7982628187167273
Orthopoxvirus,esm2_t6_8M_UR50D,8M,LoRA,8,0.4441810569592884,0.802745867189689
Orthopoxvirus,esm2_t6_8M_UR50D,8M,LoRA,9,0.4311326646379062,0.8089100588400112
Orthopoxvirus,esm2_t6_8M_UR50D,8M,LoRA,10,0.419705148254122,0.8105912020173718
Orthopoxvirus,esm2_t6_8M_UR50D,8M,LoRA,11,0.4088513010314533,0.810871392546932
Orthopoxvirus,esm2_t6_8M_UR50D,8M,LoRA,12,0.4021381256835801,0.8150742504903334
Orthopoxvirus,esm2_t6_8M_UR50D,8M,LoRA,13,0.3909185017858232,0.8201176800224153
Orthopoxvirus,esm2_t6_8M_UR50D,8M,LoRA,14,0.3856602907180786,0.8217988231997758
Orthopoxvirus,esm2_t6_8M_UR50D,8M,LoRA,15,0.3750339767762592,0.8231997758475763
Orthopoxvirus,esm2_t6_8M_UR50D,8M,LoRA,16,0.3677214309573173,0.8324460633230597
Orthopoxvirus,esm2_t6_8M_UR50D,8M,LoRA,17,0.3604246250220707,0.8330064443821799
Orthopoxvirus,esm2_t6_8M_UR50D,8M,LoRA,18,0.3537318142397063,0.8332866349117399
Orthopoxvirus,esm2_t6_8M_UR50D,8M,LoRA,19,0.3479081221989223,0.8422527318576633
Orthopoxvirus,esm2_t6_8M_UR50D,8M,LoRA,20,0.3412971347570419,0.8411319697394228
Orthopoxvirus,esm2_t12_35M_UR50D,35M,LoRA,1,0.6597029396465847,0.627906976744186
Orthopoxvirus,esm2_t12_35M_UR50D,35M,LoRA,2,0.5463166236877441,0.7262538526197815
Orthopoxvirus,esm2_t12_35M_UR50D,35M,LoRA,3,0.5110822532858167,0.7270944242084617
Orthopoxvirus,esm2_t12_35M_UR50D,35M,LoRA,4,0.476357387644904,0.7733258615858783
Orthopoxvirus,esm2_t12_35M_UR50D,35M,LoRA,5,0.4456217161246708,0.8156346315494536
Orthopoxvirus,esm2_t12_35M_UR50D,35M,LoRA,6,0.4277536422014236,0.8243205379658167
Orthopoxvirus,esm2_t12_35M_UR50D,35M,LoRA,7,0.4164026571171624,0.8257214906136172
Orthopoxvirus,esm2_t12_35M_UR50D,35M,LoRA,8,0.4060790411063603,0.8321658727934996
Orthopoxvirus,esm2_t12_35M_UR50D,35M,LoRA,9,0.3931091151067188,0.8349677780891006
Orthopoxvirus,esm2_t12_35M_UR50D,35M,LoRA,10,0.3835014519946916,0.838890445502942
Orthopoxvirus,esm2_t30_150M_UR50D,150M,LoRA,1,0.6175038516521454,0.7228915662650602
Orthopoxvirus,esm2_t30_150M_UR50D,150M,LoRA,2,0.5207127502986363,0.7290557579153825
Orthopoxvirus,esm2_t30_150M_UR50D,150M,LoRA,3,0.4747911308492933,0.7775287195292799
Orthopoxvirus,esm2_t30_150M_UR50D,150M,LoRA,4,0.4435909826840673,0.813953488372093
Orthopoxvirus,esm2_t30_150M_UR50D,150M,base,1,0.6257419841630119,0.7170075651442981
Orthopoxvirus,esm2_t30_150M_UR50D,150M,base,2,0.5527261325291225,0.7259736620902214
Orthopoxvirus,esm2_t30_150M_UR50D,150M,base,3,0.5317772264991488,0.7259736620902214
Orthopoxvirus,esm2_t30_150M_UR50D,150M,base,4,0.5085525044373104,0.730736901092743
Orthopoxvirus,esm2_t30_150M_UR50D,150M,base,5,0.4807505692754473,0.7685626225833567
Orthopoxvirus,esm2_t30_150M_UR50D,150M,base,6,0.4602791432823453,0.8016251050714486
Orthopoxvirus,esm2_t30_150M_UR50D,150M,base,7,0.4400609603949955,0.8114317736060521
Orthopoxvirus,esm2_t30_150M_UR50D,150M,base,8,0.4237861750381334,0.8122723451947325
Orthopoxvirus,esm2_t30_150M_UR50D,150M,base,9,0.4116001746484211,0.8181563463154945
Orthopoxvirus,esm2_t30_150M_UR50D,150M,base,10,0.398565014558179,0.8223592042588961
Orthopoxvirus,esm2_t30_150M_UR50D,150M,base,11,0.3852348050900868,0.8271224432614178
Orthopoxvirus,esm2_t30_150M_UR50D,150M,base,12,0.3734445784773145,0.8321658727934996
Orthopoxvirus,esm2_t30_150M_UR50D,150M,base,13,0.362146546798093,0.8372093023255814
Orthopoxvirus,esm2_t30_150M_UR50D,150M,base,14,0.3537912241050175,0.8355281591482208
Orthopoxvirus,esm2_t30_150M_UR50D,150M,full,1,0.6275978514126369,0.7102829924348557
Orthopoxvirus,esm2_t30_150M_UR50D,150M,full,2,0.5596654542854854,0.7256934715606612
Orthopoxvirus,esm2_t30_150M_UR50D,150M,full,3,0.5455995074340275,0.7231717567946203
Orthopoxvirus,esm2_t6_8M_UR50D,8M,full,1,0.6228968756539481,0.7049593723732138
Orthopoxvirus,esm2_t6_8M_UR50D,8M,full,2,0.5799099951982498,0.7256934715606612
Orthopoxvirus,esm2_t6_8M_UR50D,8M,full,3,0.5683461619274957,0.7259736620902214
Orthopoxvirus,esm2_t6_8M_UR50D,8M,full,4,0.5568990537098476,0.7259736620902214
Orthopoxvirus,esm2_t6_8M_UR50D,8M,full,5,0.5481947404997689,0.7301765200336229
Orthopoxvirus,esm2_t6_8M_UR50D,8M,full,6,0.542469744171415,0.7315774726814234
Orthopoxvirus,esm2_t6_8M_UR50D,8M,full,7,0.5330970883369446,0.7357803306248248
Orthopoxvirus,esm2_t6_8M_UR50D,8M,full,8,0.5296160238129752,0.7419445222751471
Orthopoxvirus,esm2_t6_8M_UR50D,8M,full,9,0.5231581479310989,0.7461473802185487
Orthopoxvirus,esm2_t6_8M_UR50D,8M,full,10,0.5197218060493469,0.7486690949845896
Orthopoxvirus,esm2_t6_8M_UR50D,8M,full,11,0.5140707876001086,0.7531521434575511
Orthopoxvirus,esm2_t6_8M_UR50D,8M,full,12,0.5068756320646831,0.7548332866349118
Orthopoxvirus,esm2_t6_8M_UR50D,8M,full,13,0.5059981175831386,0.7579153824600728
Orthopoxvirus,esm2_t6_8M_UR50D,8M,full,14,0.4980980860335486,0.7598767161669936
Orthopoxvirus,esm2_t6_8M_UR50D,8M,full,15,0.4989108230386461,0.7621182404034743
Orthopoxvirus,esm2_t6_8M_UR50D,8M,full,16,0.4908450181995119,0.7652003362286355
Orthopoxvirus,esm2_t6_8M_UR50D,8M,full,17,0.4860526131732123,0.7682824320537965
Orthopoxvirus,esm2_t6_8M_UR50D,8M,full,18,0.4799886069127491,0.7696833847015971
Orthopoxvirus,esm2_t6_8M_UR50D,8M,full,19,0.4774826488324574,0.7761277668814794
Orthopoxvirus,esm2_t6_8M_UR50D,8M,full,20,0.4713487305811473,0.7780891005884001
Orthopoxvirus,esm2_t6_8M_UR50D,8M,base,1,0.6544903772217887,0.6492014569907537
Orthopoxvirus,esm2_t6_8M_UR50D,8M,base,2,0.5699253763471331,0.7262538526197815
Orthopoxvirus,esm2_t6_8M_UR50D,8M,base,3,0.5500689489500863,0.7262538526197815
Orthopoxvirus,esm2_t6_8M_UR50D,8M,base,4,0.5368215973888125,0.7273746147380219
Orthopoxvirus,esm2_t6_8M_UR50D,8M,base,5,0.5168833924191338,0.7284953768562623
Orthopoxvirus,esm2_t6_8M_UR50D,8M,base,6,0.5038405976125172,0.7419445222751471
Orthopoxvirus,esm2_t6_8M_UR50D,8M,base,7,0.4870750265462057,0.7593163351078733
Orthopoxvirus,esm2_t6_8M_UR50D,8M,base,8,0.4733609003680093,0.7702437657607173
Orthopoxvirus,esm2_t6_8M_UR50D,8M,base,9,0.4611599402768271,0.7758475763519193
Orthopoxvirus,esm2_t6_8M_UR50D,8M,base,10,0.4521494678088597,0.7828523395909218
Orthopoxvirus,esm2_t6_8M_UR50D,8M,base,11,0.4418796066726957,0.7876155785934436
Orthopoxvirus,esm2_t6_8M_UR50D,8M,base,12,0.4332619458436966,0.7951807228915663
Orthopoxvirus,esm2_t6_8M_UR50D,8M,base,13,0.4214880977358137,0.8016251050714486
Orthopoxvirus,esm2_t6_8M_UR50D,8M,base,14,0.4160159251519612,0.8044270103670496
Orthopoxvirus,esm2_t6_8M_UR50D,8M,base,15,0.4087167382240295,0.8086298683104511
Orthopoxvirus,esm2_t6_8M_UR50D,8M,base,16,0.4023560093981879,0.8125525357242925
Orthopoxvirus,esm2_t6_8M_UR50D,8M,base,17,0.3931442807827677,0.8215186326702157
Orthopoxvirus,esm2_t6_8M_UR50D,8M,base,18,0.388752241219793,0.8231997758475763
Orthopoxvirus,esm2_t6_8M_UR50D,8M,base,19,0.3819308280944824,0.827682824320538
Orthopoxvirus,esm2_t12_35M_UR50D,35M,base,1,0.6492973736354283,0.6643317455869991
Orthopoxvirus,esm2_t12_35M_UR50D,35M,base,2,0.5601226602281842,0.7259736620902214
Orthopoxvirus,esm2_t12_35M_UR50D,35M,base,3,0.5379434313092913,0.7262538526197815
Orthopoxvirus,esm2_t12_35M_UR50D,35M,base,4,0.5169872258390699,0.727934995797142
Orthopoxvirus,esm2_t12_35M_UR50D,35M,base,5,0.4932386577129364,0.7377416643317456
Orthopoxvirus,esm2_t12_35M_UR50D,35M,base,6,0.4715551840407507,0.7584757635191931
Orthopoxvirus,esm2_t12_35M_UR50D,35M,base,7,0.4508937299251556,0.785934435416083
Orthopoxvirus,esm2_t12_35M_UR50D,35M,base,8,0.433151010956083,0.8010647240123284
Orthopoxvirus,esm2_t12_35M_UR50D,35M,base,9,0.417380184999534,0.8066685346035304
Orthopoxvirus,esm2_t12_35M_UR50D,35M,base,10,0.404858041022505,0.8133931073129729
Orthopoxvirus,esm2_t12_35M_UR50D,35M,base,11,0.3912527986935207,0.8201176800224153
Orthopoxvirus,esm2_t12_35M_UR50D,35M,base,12,0.3809873876827104,0.8226393947884562
Orthopoxvirus,esm2_t12_35M_UR50D,35M,base,13,0.3723771306020872,0.8246007284953769
Orthopoxvirus,esm2_t12_35M_UR50D,35M,base,14,0.3621562176517078,0.8293639674978985
Orthopoxvirus,esm2_t12_35M_UR50D,35M,base,15,0.3516968350325312,0.8330064443821799
Orthopoxvirus,esm2_t12_35M_UR50D,35M,base,16,0.3441123941114971,0.8372093023255814
Orthopoxvirus,esm2_t12_35M_UR50D,35M,base,17,0.3360036164522171,0.8394508265620622
Orthopoxvirus,esm2_t12_35M_UR50D,35M,base,18,0.3300572474087987,0.8419725413281031
Orthopoxvirus,esm2_t12_35M_UR50D,35M,base,19,0.3220105203134673,0.8470159708601849
Orthopoxvirus,esm2_t12_35M_UR50D,35M,base,20,0.3139639613883836,0.850098066685346
Orthopoxvirus,esm2_t12_35M_UR50D,35M,full,1,0.6144172719546727,0.6943121322499299
Orthopoxvirus,esm2_t12_35M_UR50D,35M,full,2,0.5724229514598846,0.7259736620902214
Orthopoxvirus,esm2_t12_35M_UR50D,35M,full,3,0.5580423069851739,0.7259736620902214
Orthopoxvirus,esm2_t12_35M_UR50D,35M,full,4,0.5466058062655585,0.7268142336789016
Orthopoxvirus,esm2_t12_35M_UR50D,35M,full,5,0.5383546458823341,0.7242925189128607
Orthopoxvirus,esm2_t12_35M_UR50D,35M,full,6,0.5322515730346952,0.7293359484449425
Orthopoxvirus,esm2_t12_35M_UR50D,35M,full,7,0.5304769447871617,0.7284953768562623
Orthopoxvirus,esm2_t12_35M_UR50D,35M,full,8,0.5272857142346246,0.7326982347996638
Orthopoxvirus,esm2_t12_35M_UR50D,35M,full,9,0.5240684577396938,0.7340991874474643
Orthopoxvirus,esm2_t12_35M_UR50D,35M,full,10,0.5210539783750262,0.7380218548613057
Orthopoxvirus,esm2_t12_35M_UR50D,35M,full,11,0.5203857187713895,0.7340991874474643
Orthopoxvirus,esm2_t12_35M_UR50D,35M,full,12,0.5143264340502876,0.7411039506864668
Orthopoxvirus,esm2_t12_35M_UR50D,35M,full,13,0.511672026344708,0.741664331745587
Orthopoxvirus,esm2_t12_35M_UR50D,35M,full,14,0.5088065266609192,0.7450266181003082
Orthopoxvirus,esm2_t12_35M_UR50D,35M,full,15,0.5037754369633538,0.752591762398431
Orthopoxvirus,esm2_t12_35M_UR50D,35M,full,16,0.5020505211183003,0.7545530961053516
Orthopoxvirus,esm2_t12_35M_UR50D,35M,full,17,0.4989801474979946,0.7567946203418324
Clostridioides difficile,esm2_t6_8M_UR50D,8M,LoRA,1,0.7181311249732971,0.5696942446043165
Clostridioides difficile,esm2_t6_8M_UR50D,8M,LoRA,2,0.6888456344604492,0.5901528776978417
Clostridioides difficile,esm2_t6_8M_UR50D,8M,LoRA,3,0.6650759975115458,0.6171312949640287
Clostridioides difficile,esm2_t6_8M_UR50D,8M,LoRA,4,0.6472912430763245,0.6189298561151079
Clostridioides difficile,esm2_t6_8M_UR50D,8M,LoRA,5,0.6329442262649536,0.5950989208633094
Clostridioides difficile,esm2_t6_8M_UR50D,8M,LoRA,6,0.6169791420300802,0.6223021582733813
Clostridioides difficile,esm2_t6_8M_UR50D,8M,LoRA,7,0.5967872540156046,0.6429856115107914
Clostridioides difficile,esm2_t6_8M_UR50D,8M,LoRA,8,0.5821799834569296,0.6461330935251799
Clostridioides difficile,esm2_t6_8M_UR50D,8M,LoRA,9,0.5644767085711161,0.6445593525179856
Clostridioides difficile,esm2_t6_8M_UR50D,8M,LoRA,10,0.5447855889797211,0.6513039568345323
Clostridioides difficile,esm2_t6_8M_UR50D,8M,LoRA,11,0.5295767386754354,0.645908273381295
Clostridioides difficile,esm2_t6_8M_UR50D,8M,LoRA,12,0.5181586941083273,0.6490557553956835
Clostridioides difficile,esm2_t6_8M_UR50D,8M,LoRA,13,0.506038655837377,0.6531025179856115
Clostridioides difficile,esm2_t6_8M_UR50D,8M,LoRA,14,0.499114657441775,0.6533273381294964
Clostridioides difficile,esm2_t6_8M_UR50D,8M,LoRA,15,0.4909396121899287,0.6544514388489209
Clostridioides difficile,esm2_t6_8M_UR50D,8M,LoRA,16,0.4831557075182597,0.6551258992805755
Clostridioides difficile,esm2_t6_8M_UR50D,8M,LoRA,17,0.4751782814661662,0.6522032374100719
Clostridioides difficile,esm2_t6_8M_UR50D,8M,LoRA,18,0.4693857282400131,0.6571492805755396
Clostridioides difficile,esm2_t6_8M_UR50D,8M,LoRA,19,0.4661879291137059,0.6598471223021583
Clostridioides difficile,esm2_t6_8M_UR50D,8M,LoRA,20,0.458508903781573,0.6600719424460432
Clostridioides difficile,esm2_t12_35M_UR50D,35M,LoRA,1,0.7122541069984436,0.5847571942446043
Clostridioides difficile,esm2_t12_35M_UR50D,35M,LoRA,2,0.6794210275014242,0.5928507194244604
Clostridioides difficile,esm2_t12_35M_UR50D,35M,LoRA,3,0.6574352383613586,0.63556654676259
Clostridioides difficile,esm2_t12_35M_UR50D,35M,LoRA,4,0.6390898029009501,0.6409622302158273
Clostridioides difficile,esm2_t12_35M_UR50D,35M,LoRA,5,0.6203276713689169,0.6492805755395683
Clostridioides difficile,esm2_t12_35M_UR50D,35M,LoRA,6,0.5966928998629252,0.6670413669064749
Clostridioides difficile,esm2_t12_35M_UR50D,35M,LoRA,7,0.5746801197528839,0.6683902877697842
Clostridioides difficile,esm2_t12_35M_UR50D,35M,LoRA,8,0.5574182470639547,0.6661420863309353
Clostridioides difficile,esm2_t12_35M_UR50D,35M,LoRA,9,0.5390894909699758,0.6600719424460432
Clostridioides difficile,esm2_t12_35M_UR50D,35M,LoRA,10,0.5217040379842123,0.6623201438848921
Clostridioides difficile,esm2_t12_35M_UR50D,35M,LoRA,11,0.507845809062322,0.6636690647482014
Clostridioides difficile,esm2_t12_35M_UR50D,35M,LoRA,12,0.4952590564886729,0.6672661870503597
Clostridioides difficile,esm2_t12_35M_UR50D,35M,LoRA,13,0.4848944395780563,0.6659172661870504
Clostridioides difficile,esm2_t12_35M_UR50D,35M,LoRA,14,0.4713375916083653,0.6699640287769785
Clostridioides difficile,esm2_t12_35M_UR50D,35M,LoRA,15,0.4652821719646454,0.6794064748201439
Clostridioides difficile,esm2_t12_35M_UR50D,35M,LoRA,16,0.4566634148359298,0.6760341726618705
Clostridioides difficile,esm2_t12_35M_UR50D,35M,LoRA,17,0.4451813399791717,0.6798561151079137
Clostridioides difficile,esm2_t12_35M_UR50D,35M,LoRA,18,0.4413948506116867,0.6861510791366906
Clostridioides difficile,esm2_t12_35M_UR50D,35M,LoRA,19,0.4319810519615809,0.6917715827338129
Clostridioides difficile,esm2_t12_35M_UR50D,35M,LoRA,20,0.4261126220226288,0.6892985611510791
Clostridioides difficile,esm2_t30_150M_UR50D,150M,LoRA,1,0.7148727575937907,0.5622751798561151
Clostridioides difficile,esm2_t30_150M_UR50D,150M,LoRA,2,0.6773204604784647,0.5977967625899281
Clostridioides difficile,esm2_t30_150M_UR50D,150M,LoRA,3,0.649612307548523,0.6279226618705036
Clostridioides difficile,esm2_t30_150M_UR50D,150M,LoRA,4,0.6286355455716451,0.6342176258992805
Clostridioides difficile,esm2_t30_150M_UR50D,150M,LoRA,5,0.6064861615498861,0.6330935251798561
Clostridioides difficile,esm2_t30_150M_UR50D,150M,LoRA,6,0.5821014444033304,0.658498201438849
Clostridioides difficile,esm2_t30_150M_UR50D,150M,LoRA,7,0.5624331533908844,0.6611960431654677
Clostridioides difficile,esm2_t30_150M_UR50D,150M,LoRA,8,0.5336772004763285,0.6602967625899281
Clostridioides difficile,esm2_t30_150M_UR50D,150M,LoRA,9,0.5156039992968241,0.6625449640287769
Clostridioides difficile,esm2_t30_150M_UR50D,150M,LoRA,10,0.493712971607844,0.6575989208633094
Clostridioides difficile,esm2_t30_150M_UR50D,150M,LoRA,11,0.4798283378283183,0.664568345323741
Clostridioides difficile,esm2_t30_150M_UR50D,150M,LoRA,12,0.4656595488389333,0.6710881294964028
Clostridioides difficile,esm2_t30_150M_UR50D,150M,LoRA,13,0.4571741123994191,0.672886690647482
Clostridioides difficile,esm2_t30_150M_UR50D,150M,LoRA,14,0.4428242097298304,0.6744604316546763
Clostridioides difficile,esm2_t30_150M_UR50D,150M,LoRA,15,0.4328236430883407,0.6834532374100719
Clostridioides difficile,esm2_t30_150M_UR50D,150M,LoRA,16,0.4245579888423283,0.6922212230215827
Clostridioides difficile,esm2_t30_150M_UR50D,150M,LoRA,17,0.4146715899308522,0.6922212230215827
Clostridioides difficile,esm2_t30_150M_UR50D,150M,LoRA,18,0.409757745762666,0.7025629496402878
Clostridioides difficile,esm2_t30_150M_UR50D,150M,LoRA,19,0.4001726880669594,0.710431654676259
Clostridioides difficile,esm2_t30_150M_UR50D,150M,LoRA,20,0.3970977912346522,0.7140287769784173
Clostridioides difficile,esm2_t30_150M_UR50D,150M,base,1,0.7102404236793518,0.5134892086330936
Clostridioides difficile,esm2_t30_150M_UR50D,150M,base,2,0.6742037336031595,0.5982464028776978
Clostridioides difficile,esm2_t30_150M_UR50D,150M,base,3,0.6502859195073446,0.622751798561151
Clostridioides difficile,esm2_t30_150M_UR50D,150M,base,4,0.6253371437390646,0.6425359712230215
Clostridioides difficile,esm2_t30_150M_UR50D,150M,base,5,0.6008114417394003,0.6515287769784173
Clostridioides difficile,esm2_t30_150M_UR50D,150M,base,6,0.5814906855424246,0.6573741007194245
Clostridioides difficile,esm2_t30_150M_UR50D,150M,base,7,0.5566042363643646,0.6647931654676259
Clostridioides difficile,esm2_t30_150M_UR50D,150M,base,8,0.5354096293449402,0.6699640287769785
Clostridioides difficile,esm2_t30_150M_UR50D,150M,base,9,0.5142914255460104,0.6697392086330936
Clostridioides difficile,esm2_t30_150M_UR50D,150M,base,10,0.4958379864692688,0.6690647482014388
Clostridioides difficile,esm2_t30_150M_UR50D,150M,base,11,0.4794659217198689,0.6704136690647482
Clostridioides difficile,esm2_t30_150M_UR50D,150M,base,12,0.4665745447079341,0.6789568345323741
Clostridioides difficile,esm2_t30_150M_UR50D,150M,base,13,0.4531182646751404,0.6868255395683454
Clostridioides difficile,esm2_t30_150M_UR50D,150M,base,14,0.4427223652601242,0.6877248201438849
Clostridioides difficile,esm2_t30_150M_UR50D,150M,base,15,0.4307116468747456,0.6973920863309353
Clostridioides difficile,esm2_t30_150M_UR50D,150M,base,16,0.4213560571273168,0.7009892086330936
Clostridioides difficile,esm2_t30_150M_UR50D,150M,base,17,0.4147827923297882,0.7086330935251799
Clostridioides difficile,esm2_t30_150M_UR50D,150M,base,18,0.4069053679704666,0.7144784172661871
Clostridioides difficile,esm2_t30_150M_UR50D,150M,base,19,0.3976026301582654,0.7153776978417267
Clostridioides difficile,esm2_t30_150M_UR50D,150M,base,20,0.3932598928610484,0.7266187050359713
Clostridioides difficile,esm2_t30_150M_UR50D,150M,full,1,0.7431381146113077,0.5101169064748201
Clostridioides difficile,esm2_t6_8M_UR50D,8M,full,1,0.749382476011912,0.5721672661870504
Clostridioides difficile,esm2_t6_8M_UR50D,8M,full,2,0.692028284072876,0.5836330935251799
Clostridioides difficile,esm2_t6_8M_UR50D,8M,full,3,0.687635064125061,0.4215377697841727
Clostridioides difficile,esm2_t6_8M_UR50D,8M,full,4,0.7037708759307861,0.4152428057553957
Clostridioides difficile,esm2_t6_8M_UR50D,8M,full,5,0.7033678094546,0.4156924460431654
Clostridioides difficile,esm2_t6_8M_UR50D,8M,full,6,0.6976375182469686,0.4183902877697841
Clostridioides difficile,esm2_t6_8M_UR50D,8M,full,7,0.6963511109352112,0.4451438848920863
Clostridioides difficile,esm2_t6_8M_UR50D,8M,full,8,0.6933275659879049,0.5141636690647482
Clostridioides difficile,esm2_t6_8M_UR50D,8M,full,9,0.6914867162704468,0.545863309352518
Clostridioides difficile,esm2_t6_8M_UR50D,8M,full,10,0.6893577575683594,0.5247302158273381
Clostridioides difficile,esm2_t6_8M_UR50D,8M,full,11,0.6891655127207438,0.4867356115107913
Clostridioides difficile,esm2_t6_8M_UR50D,8M,full,12,0.6885632673899332,0.4559352517985611
Clostridioides difficile,esm2_t6_8M_UR50D,8M,full,13,0.6876311500867208,0.4357014388489209
Clostridioides difficile,esm2_t6_8M_UR50D,8M,full,14,0.6903114318847656,0.4334532374100719
Clostridioides difficile,esm2_t6_8M_UR50D,8M,full,15,0.6906164288520813,0.4305305755395683
Clostridioides difficile,esm2_t6_8M_UR50D,8M,base,1,0.7095244526863098,0.5721672661870504
Clostridioides difficile,esm2_t6_8M_UR50D,8M,base,2,0.6818722287813822,0.5876798561151079
Clostridioides difficile,esm2_t12_35M_UR50D,35M,base,1,0.7080578207969666,0.5710431654676259
Clostridioides difficile,esm2_t12_35M_UR50D,35M,base,2,0.6806370218594869,0.5977967625899281
Clostridioides difficile,esm2_t12_35M_UR50D,35M,base,3,0.6537809570630392,0.6384892086330936
Clostridioides difficile,esm2_t12_35M_UR50D,35M,base,4,0.6326652765274048,0.6531025179856115
Clostridioides difficile,esm2_t12_35M_UR50D,35M,base,5,0.6115839878718058,0.6490557553956835
Clostridioides difficile,esm2_t12_35M_UR50D,35M,base,6,0.5905579229195913,0.6481564748201439
Clostridioides difficile,esm2_t12_35M_UR50D,35M,base,7,0.5688462654749552,0.6589478417266187
Clostridioides difficile,esm2_t12_35M_UR50D,35M,base,8,0.5454637805620829,0.6623201438848921
Clostridioides difficile,esm2_t12_35M_UR50D,35M,base,9,0.527644673983256,0.664568345323741
Clostridioides difficile,esm2_t12_35M_UR50D,35M,base,10,0.5067412257194519,0.6589478417266187
Clostridioides difficile,esm2_t12_35M_UR50D,35M,base,11,0.4925171832243601,0.6575989208633094
Clostridioides difficile,esm2_t12_35M_UR50D,35M,base,12,0.4745528648296992,0.6647931654676259
Clostridioides difficile,esm2_t12_35M_UR50D,35M,base,13,0.4651608566443125,0.6715377697841727
Clostridioides difficile,esm2_t12_35M_UR50D,35M,base,14,0.4557215124368667,0.6697392086330936
Clostridioides difficile,esm2_t12_35M_UR50D,35M,base,15,0.4499816745519638,0.674910071942446
Clostridioides difficile,esm2_t12_35M_UR50D,35M,base,16,0.4373868405818939,0.6733363309352518
Clostridioides difficile,esm2_t12_35M_UR50D,35M,base,17,0.4285316715637843,0.6821043165467626
Clostridioides difficile,esm2_t12_35M_UR50D,35M,base,18,0.4239322890837987,0.6870503597122302
Clostridioides difficile,esm2_t12_35M_UR50D,35M,base,19,0.4176995009183883,0.6953687050359713
Clostridioides difficile,esm2_t12_35M_UR50D,35M,base,20,0.4108500157793363,0.702113309352518
Clostridioides difficile,esm2_t12_35M_UR50D,35M,full,1,0.7250865499178568,0.5373201438848921
Clostridioides difficile,esm2_t12_35M_UR50D,35M,full,2,0.6917907396952311,0.5852068345323741
Clostridioides difficile,esm2_t12_35M_UR50D,35M,full,3,0.6720332105954488,0.6085881294964028
Clostridioides difficile,esm2_t12_35M_UR50D,35M,full,4,0.6637666424115499,0.5589028776978417
Clostridioides difficile,esm2_t12_35M_UR50D,35M,full,5,0.659565269947052,0.552158273381295
Clostridioides difficile,esm2_t12_35M_UR50D,35M,full,6,0.6546423236529032,0.5625
Clostridioides difficile,esm2_t12_35M_UR50D,35M,full,7,0.6488700111707052,0.5735161870503597
Clostridioides difficile,esm2_t12_35M_UR50D,35M,full,8,0.6446810166041056,0.5816097122302158
Clostridioides difficile,esm2_t12_35M_UR50D,35M,full,9,0.6386922001838684,0.5849820143884892
Clostridioides difficile,esm2_t12_35M_UR50D,35M,full,10,0.6321913401285807,0.5836330935251799
Pasteurellaceae,esm2_t6_8M_UR50D,8M,LoRA,1,0.7001300007104874,0.4534134447927551
Pasteurellaceae,esm2_t6_8M_UR50D,8M,LoRA,2,0.6576767340302467,0.5912574016022292
Pasteurellaceae,esm2_t6_8M_UR50D,8M,LoRA,3,0.6317577920854092,0.6381922675026124
Pasteurellaceae,esm2_t6_8M_UR50D,8M,LoRA,4,0.6062909997999668,0.6680599094392198
Pasteurellaceae,esm2_t6_8M_UR50D,8M,LoRA,5,0.5863963011652231,0.683820968303727
Pasteurellaceae,esm2_t6_8M_UR50D,8M,LoRA,6,0.5661853663623333,0.6940090560780215
Pasteurellaceae,esm2_t6_8M_UR50D,8M,LoRA,7,0.5501590296626091,0.7043712991988854
Pasteurellaceae,esm2_t6_8M_UR50D,8M,LoRA,8,0.5337135214358568,0.7098571926158133
Pasteurellaceae,esm2_t12_35M_UR50D,35M,LoRA,1,0.6972667314112186,0.453239289446186
Pasteurellaceae,esm2_t12_35M_UR50D,35M,LoRA,2,0.6573324911296368,0.601619644723093
Pasteurellaceae,esm2_t12_35M_UR50D,35M,LoRA,3,0.6304817534983158,0.6374956461163358
Pasteurellaceae,esm2_t12_35M_UR50D,35M,LoRA,4,0.606462586671114,0.6529083942877046
Pasteurellaceae,esm2_t12_35M_UR50D,35M,LoRA,5,0.5844722390174866,0.6679728317659352
Pasteurellaceae,esm2_t30_150M_UR50D,150M,LoRA,1,0.7053990624845028,0.4507140369209335
Pasteurellaceae,esm2_t30_150M_UR50D,150M,LoRA,2,0.6614888496696949,0.5937826541274818
Pasteurellaceae,esm2_t30_150M_UR50D,150M,LoRA,3,0.6353544145822525,0.605276907001045
Pasteurellaceae,esm2_t30_150M_UR50D,150M,LoRA,4,0.6099172383546829,0.6367119470567747
Pasteurellaceae,esm2_t30_150M_UR50D,150M,LoRA,5,0.5839944910258055,0.6530825496342738
Pasteurellaceae,esm2_t30_150M_UR50D,150M,LoRA,6,0.5610338691622019,0.664576802507837
Pasteurellaceae,esm2_t30_150M_UR50D,150M,LoRA,7,0.5385557729750872,0.6766805990943922
Pasteurellaceae,esm2_t30_150M_UR50D,150M,LoRA,8,0.5180626101791859,0.6933995123650296
Pasteurellaceae,esm2_t30_150M_UR50D,150M,LoRA,9,0.4992140848189592,0.7031522117729014
Pasteurellaceae,esm2_t30_150M_UR50D,150M,LoRA,10,0.481157036498189,0.7197840473702543
Pasteurellaceae,esm2_t30_150M_UR50D,150M,LoRA,11,0.4636844024062156,0.7268373389063044
Pasteurellaceae,esm2_t30_150M_UR50D,150M,LoRA,12,0.4471285045146942,0.7394636015325671
Pasteurellaceae,esm2_t30_150M_UR50D,150M,LoRA,13,0.4342130869626999,0.7458202716823407
Pasteurellaceae,esm2_t30_150M_UR50D,150M,LoRA,14,0.4203275423496961,0.7557471264367817
Pasteurellaceae,esm2_t30_150M_UR50D,150M,LoRA,15,0.4070342993363738,0.7640195053988157
Pasteurellaceae,esm2_t30_150M_UR50D,150M,LoRA,16,0.3961462099105119,0.7675026123301986
Pasteurellaceae,esm2_t30_150M_UR50D,150M,LoRA,17,0.3856479157693684,0.7754266805990944
Pasteurellaceae,esm2_t30_150M_UR50D,150M,LoRA,18,0.3741995487362146,0.7834378265412748
Pasteurellaceae,esm2_t30_150M_UR50D,150M,LoRA,19,0.3631795416586101,0.7887495646116336
Pasteurellaceae,esm2_t30_150M_UR50D,150M,LoRA,20,0.3524386300705373,0.7953674677812609
Pasteurellaceae,esm2_t30_150M_UR50D,150M,base,1,0.6925826780498028,0.4824973876698014
Pasteurellaceae,esm2_t30_150M_UR50D,150M,base,2,0.6469140984117985,0.6207767328456983
Pasteurellaceae,esm2_t30_150M_UR50D,150M,base,3,0.6156263761222363,0.6363636363636364
Pasteurellaceae,esm2_t30_150M_UR50D,150M,base,4,0.5863536056131124,0.6562173458725182
Pasteurellaceae,esm2_t30_150M_UR50D,150M,base,5,0.5596746671944857,0.6734587251828631
Pasteurellaceae,esm2_t30_150M_UR50D,150M,base,6,0.5341646503657103,0.6886973180076629
Pasteurellaceae,esm2_t30_150M_UR50D,150M,base,7,0.5128175336867571,0.705067920585162
Pasteurellaceae,esm2_t30_150M_UR50D,150M,base,8,0.4929026421159506,0.7164750957854407
Pasteurellaceae,esm2_t30_150M_UR50D,150M,base,9,0.4721355037763715,0.7304946011842564
Pasteurellaceae,esm2_t30_150M_UR50D,150M,base,10,0.4569116458296776,0.737460815047022
Pasteurellaceae,esm2_t30_150M_UR50D,150M,base,11,0.441036133095622,0.7523510971786834
Pasteurellaceae,esm2_t30_150M_UR50D,150M,base,12,0.4239101903513074,0.7614942528735632
Pasteurellaceae,esm2_t30_150M_UR50D,150M,base,13,0.4098336892202496,0.7731626610936956
Pasteurellaceae,esm2_t30_150M_UR50D,150M,base,14,0.3936939924024045,0.7847439916405433
Pasteurellaceae,esm2_t30_150M_UR50D,150M,base,15,0.3826231500133872,0.7900557297109021
Pasteurellaceae,esm2_t30_150M_UR50D,150M,base,16,0.3717509591951966,0.8002438174851968
Pasteurellaceae,esm2_t30_150M_UR50D,150M,base,17,0.3581809974275529,0.8078195750609544
Pasteurellaceae,esm2_t30_150M_UR50D,150M,base,18,0.3483374416828155,0.8171368861024033
Pasteurellaceae,esm2_t30_150M_UR50D,150M,base,19,0.3369641662575304,0.8219261581330547
Pasteurellaceae,esm2_t30_150M_UR50D,150M,base,20,0.3284114352427423,0.8278474399164054
Pasteurellaceae,esm2_t30_150M_UR50D,150M,full,1,0.7358799390494823,0.4516718913270637
Pasteurellaceae,esm2_t30_150M_UR50D,150M,full,2,0.6935779750347137,0.5163706025774991
Pasteurellaceae,esm2_t30_150M_UR50D,150M,full,3,0.693141046911478,0.5020027864855451
Pasteurellaceae,esm2_t30_150M_UR50D,150M,full,4,0.6906815208494663,0.4715256008359457
Pasteurellaceae,esm2_t30_150M_UR50D,150M,full,5,0.6894573494791985,0.4776210379658655
Pasteurellaceae,esm2_t30_150M_UR50D,150M,full,6,0.6894254796206951,0.4912051549982584
Pasteurellaceae,esm2_t30_150M_UR50D,150M,full,7,0.6874674521386623,0.5023510971786834
Pasteurellaceae,esm2_t30_150M_UR50D,150M,full,8,0.6862929128110409,0.5107976314872866
Pasteurellaceae,esm2_t30_150M_UR50D,150M,full,9,0.6856003850698471,0.4887669801462905
Pasteurellaceae,esm2_t30_150M_UR50D,150M,full,10,0.6846377924084663,0.5133228840125392
Pasteurellaceae,esm2_t30_150M_UR50D,150M,full,11,0.6836618520319462,0.5153256704980843
Pasteurellaceae,esm2_t30_150M_UR50D,150M,full,12,0.6821681782603264,0.5271682340647857
Pasteurellaceae,esm2_t30_150M_UR50D,150M,full,13,0.6806944459676743,0.5260362243120864
Pasteurellaceae,esm2_t30_150M_UR50D,150M,full,14,0.6793141514062881,0.5188958551027516
Pasteurellaceae,esm2_t30_150M_UR50D,150M,full,15,0.6784059144556522,0.530564263322884
Pasteurellaceae,esm2_t30_150M_UR50D,150M,full,16,0.6760877631604671,0.5340473702542669
Pasteurellaceae,esm2_t30_150M_UR50D,150M,full,17,0.6757660061120987,0.5350052246603971
Pasteurellaceae,esm2_t30_150M_UR50D,150M,full,18,0.6749053224921227,0.5335249042145593
Pasteurellaceae,esm2_t30_150M_UR50D,150M,full,19,0.6738107576966286,0.5360501567398119
Pasteurellaceae,esm2_t30_150M_UR50D,150M,full,20,0.6722282394766808,0.5371821664925113
Pasteurellaceae,esm2_t6_8M_UR50D,8M,full,1,0.7232018150389194,0.4302507836990595
Pasteurellaceae,esm2_t6_8M_UR50D,8M,full,2,0.6946777403354645,0.4896377568791362
Pasteurellaceae,esm2_t6_8M_UR50D,8M,full,3,0.6929174140095711,0.4791884360849878
Pasteurellaceae,esm2_t6_8M_UR50D,8M,full,4,0.6906788200139999,0.4860675722744688
Pasteurellaceae,esm2_t6_8M_UR50D,8M,full,5,0.6901950985193253,0.4815395332636712
Pasteurellaceae,esm2_t6_8M_UR50D,8M,full,6,0.6897901818156242,0.4841518634622083
Pasteurellaceae,esm2_t6_8M_UR50D,8M,full,7,0.6891926936805248,0.4858063392546151
Pasteurellaceae,esm2_t6_8M_UR50D,8M,full,8,0.6884193569421768,0.4857192615813305
Pasteurellaceae,esm2_t6_8M_UR50D,8M,full,9,0.6867443583905697,0.4885057471264368
Pasteurellaceae,esm2_t6_8M_UR50D,8M,full,10,0.6867013275623322,0.4890282131661442
Pasteurellaceae,esm2_t6_8M_UR50D,8M,full,11,0.685365092009306,0.4905956112852664
Pasteurellaceae,esm2_t6_8M_UR50D,8M,full,12,0.6843592897057533,0.4944270289097875
Pasteurellaceae,esm2_t6_8M_UR50D,8M,full,13,0.68363181874156,0.4992163009404389
Pasteurellaceae,esm2_t6_8M_UR50D,8M,full,14,0.6824564188718796,0.4971264367816091
Pasteurellaceae,esm2_t6_8M_UR50D,8M,full,15,0.6809926070272923,0.5034831069313828
Pasteurellaceae,esm2_t6_8M_UR50D,8M,full,16,0.679941464215517,0.5060954371299199
Pasteurellaceae,esm2_t6_8M_UR50D,8M,full,17,0.6786291897296906,0.5115813305468477
Pasteurellaceae,esm2_t6_8M_UR50D,8M,full,18,0.6777621209621429,0.5187216997561825
Pasteurellaceae,esm2_t6_8M_UR50D,8M,full,19,0.6759016551077366,0.5183733890630442
Pasteurellaceae,esm2_t6_8M_UR50D,8M,full,20,0.6749596558511257,0.5243817485196796
Pasteurellaceae,esm2_t6_8M_UR50D,8M,base,1,0.6988714896142483,0.4467084639498432
Pasteurellaceae,esm2_t6_8M_UR50D,8M,base,2,0.6639412231743336,0.5971786833855799
Pasteurellaceae,esm2_t6_8M_UR50D,8M,base,3,0.6404255330562592,0.641501219087426
Pasteurellaceae,esm2_t6_8M_UR50D,8M,base,4,0.6189817935228348,0.65891675374434
Pasteurellaceae,esm2_t6_8M_UR50D,8M,base,5,0.5984139405190945,0.6784221525600836
Pasteurellaceae,esm2_t6_8M_UR50D,8M,base,6,0.5798239801079035,0.6903517938000696
Pasteurellaceae,esm2_t6_8M_UR50D,8M,base,7,0.562271187081933,0.7037617554858934
Pasteurellaceae,esm2_t6_8M_UR50D,8M,base,8,0.5468461997807026,0.7096830372692442
Pasteurellaceae,esm2_t6_8M_UR50D,8M,base,9,0.5336085930466652,0.7152560083594567
Pasteurellaceae,esm2_t6_8M_UR50D,8M,base,10,0.5224349349737167,0.7242250087077673
Pasteurellaceae,esm2_t6_8M_UR50D,8M,base,11,0.510634608566761,0.7260536398467433
Pasteurellaceae,esm2_t6_8M_UR50D,8M,base,12,0.4986417982727289,0.7329327760362243
Pasteurellaceae,esm2_t6_8M_UR50D,8M,base,13,0.4902160763740539,0.7367641936607454
Pasteurellaceae,esm2_t12_35M_UR50D,35M,base,1,0.6978368610143661,0.4561999303378614
Pasteurellaceae,esm2_t12_35M_UR50D,35M,base,2,0.6589958518743515,0.6169453152211772
Pasteurellaceae,esm2_t12_35M_UR50D,35M,base,3,0.6326269507408142,0.643329850226402
Pasteurellaceae,esm2_t12_35M_UR50D,35M,base,4,0.6084236558526754,0.6638801811215604
Pasteurellaceae,esm2_t12_35M_UR50D,35M,base,5,0.5847336202859879,0.6800766283524904
Pasteurellaceae,esm2_t12_35M_UR50D,35M,base,6,0.5619736164808273,0.6926158133054685
Pasteurellaceae,esm2_t12_35M_UR50D,35M,base,7,0.5417058281600475,0.7001044932079414
Pasteurellaceae,esm2_t12_35M_UR50D,35M,base,8,0.5217990092933178,0.7126436781609196
Pasteurellaceae,esm2_t12_35M_UR50D,35M,base,9,0.5043685771524906,0.7184778822709857
Pasteurellaceae,esm2_t12_35M_UR50D,35M,base,10,0.4869051845744252,0.7297979797979798
Pasteurellaceae,esm2_t12_35M_UR50D,35M,base,11,0.4721538797020912,0.7397248345524208
Pasteurellaceae,esm2_t12_35M_UR50D,35M,base,12,0.4581259274855256,0.7460815047021944
Pasteurellaceae,esm2_t12_35M_UR50D,35M,base,13,0.4444580934941768,0.7566179031696273
Pasteurellaceae,esm2_t12_35M_UR50D,35M,base,14,0.4326812755316496,0.7641936607453849
Pasteurellaceae,esm2_t12_35M_UR50D,35M,base,15,0.4215848287567496,0.7729885057471264
Pasteurellaceae,esm2_t12_35M_UR50D,35M,base,16,0.4081579390913248,0.7851793800069662
Pasteurellaceae,esm2_t12_35M_UR50D,35M,base,17,0.3993722116574645,0.7857018460466736
Pasteurellaceae,esm2_t12_35M_UR50D,35M,base,18,0.3890180457383394,0.7970219435736677
Pasteurellaceae,esm2_t12_35M_UR50D,35M,base,19,0.3780950414948165,0.8011145942180425
Pasteurellaceae,esm2_t12_35M_UR50D,35M,base,20,0.3687229221686721,0.8064263322884012
Pasteurellaceae,esm2_t12_35M_UR50D,35M,full,1,0.7123376652598381,0.4627307558342041
Pasteurellaceae,esm2_t12_35M_UR50D,35M,full,2,0.6853489279747009,0.5118425635667015
Orthoparamyxovirinae,esm2_t6_8M_UR50D,8M,LoRA,1,0.6687383890151978,0.6588461538461539
Orthoparamyxovirinae,esm2_t6_8M_UR50D,8M,LoRA,2,0.6467984676361084,0.6798076923076923
Orthoparamyxovirinae,esm2_t6_8M_UR50D,8M,LoRA,3,0.6361159026622772,0.6797115384615384
Orthoparamyxovirinae,esm2_t6_8M_UR50D,8M,LoRA,4,0.622427898645401,0.6829807692307692
Orthoparamyxovirinae,esm2_t6_8M_UR50D,8M,LoRA,5,0.6094226956367492,0.6946153846153846
Orthoparamyxovirinae,esm2_t6_8M_UR50D,8M,LoRA,6,0.5941173076629639,0.7090384615384615
Orthoparamyxovirinae,esm2_t6_8M_UR50D,8M,LoRA,7,0.578712546825409,0.7201923076923077
Orthoparamyxovirinae,esm2_t6_8M_UR50D,8M,LoRA,8,0.5648791521787644,0.7305769230769231
Orthoparamyxovirinae,esm2_t6_8M_UR50D,8M,LoRA,9,0.5494213998317719,0.7403846153846154
Orthoparamyxovirinae,esm2_t6_8M_UR50D,8M,LoRA,10,0.5352020710706711,0.7456730769230769
Orthoparamyxovirinae,esm2_t6_8M_UR50D,8M,LoRA,11,0.5225771218538284,0.7517307692307692
Orthoparamyxovirinae,esm2_t6_8M_UR50D,8M,LoRA,12,0.5086855947971344,0.755
Orthoparamyxovirinae,esm2_t6_8M_UR50D,8M,LoRA,13,0.4982558816671371,0.7588461538461538
Orthoparamyxovirinae,esm2_t6_8M_UR50D,8M,LoRA,14,0.485027202963829,0.7601923076923077
Orthoparamyxovirinae,esm2_t6_8M_UR50D,8M,LoRA,15,0.4767742067575454,0.7674038461538462
Orthoparamyxovirinae,esm2_t6_8M_UR50D,8M,LoRA,16,0.4653718382120132,0.77375
Orthoparamyxovirinae,esm2_t6_8M_UR50D,8M,LoRA,17,0.4554886430501937,0.775
Orthoparamyxovirinae,esm2_t6_8M_UR50D,8M,LoRA,18,0.4495633959770203,0.7782692307692308
Orthoparamyxovirinae,esm2_t6_8M_UR50D,8M,LoRA,19,0.4421158999204636,0.7803846153846153
Orthoparamyxovirinae,esm2_t6_8M_UR50D,8M,LoRA,20,0.4347690880298615,0.7842307692307692
Orthoparamyxovirinae,esm2_t12_35M_UR50D,35M,LoRA,1,0.6672707319259643,0.6796153846153846
Orthoparamyxovirinae,esm2_t12_35M_UR50D,35M,LoRA,2,0.6263239860534668,0.68
Orthoparamyxovirinae,esm2_t12_35M_UR50D,35M,LoRA,3,0.6078396379947663,0.6953846153846154
Orthoparamyxovirinae,esm2_t12_35M_UR50D,35M,LoRA,4,0.5823311179876327,0.7328846153846154
Orthoparamyxovirinae,esm2_t12_35M_UR50D,35M,LoRA,5,0.5568114012479782,0.7458653846153847
Orthoparamyxovirinae,esm2_t12_35M_UR50D,35M,LoRA,6,0.5328529089689255,0.7558653846153847
Orthoparamyxovirinae,esm2_t12_35M_UR50D,35M,LoRA,7,0.5126312851905823,0.7610576923076923
Orthoparamyxovirinae,esm2_t12_35M_UR50D,35M,LoRA,8,0.4926837921142578,0.7702884615384615
Orthoparamyxovirinae,esm2_t12_35M_UR50D,35M,LoRA,9,0.4740683019161224,0.7761538461538462
Orthoparamyxovirinae,esm2_t12_35M_UR50D,35M,LoRA,10,0.4588867634534835,0.7805769230769231
Orthoparamyxovirinae,esm2_t12_35M_UR50D,35M,LoRA,11,0.4446711868047714,0.7824038461538462
Orthoparamyxovirinae,esm2_t12_35M_UR50D,35M,LoRA,12,0.4321338772773743,0.7860576923076923
Orthoparamyxovirinae,esm2_t12_35M_UR50D,35M,LoRA,13,0.4212657153606415,0.7914423076923077
Orthoparamyxovirinae,esm2_t12_35M_UR50D,35M,LoRA,14,0.4085615366697311,0.7959615384615385
Orthoparamyxovirinae,esm2_t12_35M_UR50D,35M,LoRA,15,0.3984639033675193,0.7981730769230769
Orthoparamyxovirinae,esm2_t12_35M_UR50D,35M,LoRA,16,0.3890557557344437,0.8067307692307693
Orthoparamyxovirinae,esm2_t12_35M_UR50D,35M,LoRA,17,0.3797648549079895,0.8100961538461539
Orthoparamyxovirinae,esm2_t12_35M_UR50D,35M,LoRA,18,0.3723926246166229,0.8120192307692308
Orthoparamyxovirinae,esm2_t12_35M_UR50D,35M,LoRA,19,0.3639002710580826,0.818173076923077
Orthoparamyxovirinae,esm2_t12_35M_UR50D,35M,LoRA,20,0.3595731645822525,0.8191346153846154
Orthoparamyxovirinae,esm2_t30_150M_UR50D,150M,LoRA,1,0.6802187919616699,0.6591346153846154
Orthoparamyxovirinae,esm2_t30_150M_UR50D,150M,LoRA,2,0.6396972179412842,0.6798076923076923
Orthoparamyxovirinae,esm2_t30_150M_UR50D,150M,LoRA,3,0.6219756484031678,0.6839423076923077
Orthoparamyxovirinae,esm2_t30_150M_UR50D,150M,base,1,0.6712849557399749,0.6214423076923077
Orthoparamyxovirinae,esm2_t30_150M_UR50D,150M,base,2,0.6369833469390869,0.6798076923076923
Orthoparamyxovirinae,esm2_t30_150M_UR50D,150M,base,3,0.614498233795166,0.68875
Orthoparamyxovirinae,esm2_t30_150M_UR50D,150M,base,4,0.5917808681726455,0.7097115384615384
Orthoparamyxovirinae,esm2_t30_150M_UR50D,150M,base,5,0.5702061623334884,0.7236538461538462
Orthoparamyxovirinae,esm2_t30_150M_UR50D,150M,base,6,0.54743632376194,0.7372115384615384
Orthoparamyxovirinae,esm2_t30_150M_UR50D,150M,base,7,0.5272565990686416,0.7465384615384615
Orthoparamyxovirinae,esm2_t30_150M_UR50D,150M,base,8,0.5101741403341293,0.7514423076923077
Orthoparamyxovirinae,esm2_t30_150M_UR50D,150M,base,9,0.492351695895195,0.7565384615384615
Orthoparamyxovirinae,esm2_t30_150M_UR50D,150M,base,10,0.4779077351093292,0.7649038461538461
Orthoparamyxovirinae,esm2_t30_150M_UR50D,150M,base,11,0.4661126405000687,0.7709615384615385
Orthoparamyxovirinae,esm2_t30_150M_UR50D,150M,base,12,0.4533594787120819,0.7775961538461539
Orthoparamyxovirinae,esm2_t30_150M_UR50D,150M,base,13,0.4423087179660797,0.7815384615384615
Orthoparamyxovirinae,esm2_t30_150M_UR50D,150M,base,14,0.4337513506412506,0.7876923076923077
Orthoparamyxovirinae,esm2_t30_150M_UR50D,150M,base,15,0.4239515721797943,0.7895192307692308
Orthoparamyxovirinae,esm2_t30_150M_UR50D,150M,base,16,0.4163828432559967,0.7939423076923077
Orthoparamyxovirinae,esm2_t30_150M_UR50D,150M,base,17,0.4095734477043152,0.7989423076923077
Orthoparamyxovirinae,esm2_t30_150M_UR50D,150M,base,18,0.4004739508032798,0.7986538461538462
Orthoparamyxovirinae,esm2_t30_150M_UR50D,150M,base,19,0.3933803379535675,0.8031730769230769
Orthoparamyxovirinae,esm2_t30_150M_UR50D,150M,base,20,0.3877170532941818,0.8042307692307692
Orthoparamyxovirinae,esm2_t30_150M_UR50D,150M,full,1,0.6688008606433868,0.6042307692307692
Orthoparamyxovirinae,esm2_t30_150M_UR50D,150M,full,2,0.6400932848453522,0.6844230769230769
Orthoparamyxovirinae,esm2_t30_150M_UR50D,150M,full,3,0.6241140007972718,0.6895192307692307
Orthoparamyxovirinae,esm2_t30_150M_UR50D,150M,full,4,0.6042287886142731,0.7009615384615384
Orthoparamyxovirinae,esm2_t30_150M_UR50D,150M,full,5,0.5900074750185013,0.7097115384615384
Orthoparamyxovirinae,esm2_t30_150M_UR50D,150M,full,6,0.5741008371114731,0.72
Orthoparamyxovirinae,esm2_t30_150M_UR50D,150M,full,7,0.563689512014389,0.7275
Orthoparamyxovirinae,esm2_t6_8M_UR50D,8M,full,1,0.6769477128982544,0.6558653846153846
Orthoparamyxovirinae,esm2_t6_8M_UR50D,8M,full,2,0.6493888318538665,0.6804807692307693
Orthoparamyxovirinae,esm2_t6_8M_UR50D,8M,full,3,0.6407833635807038,0.6885576923076923
Orthoparamyxovirinae,esm2_t6_8M_UR50D,8M,full,4,0.6343914151191712,0.6959615384615384
Orthoparamyxovirinae,esm2_t6_8M_UR50D,8M,full,5,0.6286404848098754,0.6976923076923077
Orthoparamyxovirinae,esm2_t6_8M_UR50D,8M,full,6,0.6233590185642243,0.7003846153846154
Orthoparamyxovirinae,esm2_t6_8M_UR50D,8M,full,7,0.6167134761810302,0.7024038461538461
Orthoparamyxovirinae,esm2_t6_8M_UR50D,8M,full,8,0.6127384603023529,0.7051923076923077
Orthoparamyxovirinae,esm2_t6_8M_UR50D,8M,full,9,0.6074918806552887,0.7027884615384615
Orthoparamyxovirinae,esm2_t6_8M_UR50D,8M,full,10,0.6031090974807739,0.7040384615384615
Orthoparamyxovirinae,esm2_t6_8M_UR50D,8M,base,1,0.667920732498169,0.6702884615384616
Orthoparamyxovirinae,esm2_t6_8M_UR50D,8M,base,2,0.6482178628444671,0.6798076923076923
Orthoparamyxovirinae,esm2_t6_8M_UR50D,8M,base,3,0.6383104741573333,0.6797115384615384
Orthoparamyxovirinae,esm2_t6_8M_UR50D,8M,base,4,0.6253906488418579,0.6856730769230769
Orthoparamyxovirinae,esm2_t6_8M_UR50D,8M,base,5,0.6134657204151154,0.6920192307692308
Orthoparamyxovirinae,esm2_t6_8M_UR50D,8M,base,6,0.6016821563243866,0.703173076923077
Orthoparamyxovirinae,esm2_t6_8M_UR50D,8M,base,7,0.5876525819301606,0.7142307692307692
Orthoparamyxovirinae,esm2_t6_8M_UR50D,8M,base,8,0.5746476083993912,0.7242307692307692
Orthoparamyxovirinae,esm2_t6_8M_UR50D,8M,base,9,0.5610896617174148,0.7357692307692307
Orthoparamyxovirinae,esm2_t6_8M_UR50D,8M,base,10,0.5488335996866226,0.7400961538461538
Orthoparamyxovirinae,esm2_t6_8M_UR50D,8M,base,11,0.5376362591981888,0.7446153846153846
Orthoparamyxovirinae,esm2_t6_8M_UR50D,8M,base,12,0.5246339768171311,0.7546153846153846
Orthoparamyxovirinae,esm2_t6_8M_UR50D,8M,base,13,0.5143695712089539,0.7591346153846154
Orthoparamyxovirinae,esm2_t6_8M_UR50D,8M,base,14,0.5033293485641479,0.7646153846153846
Orthoparamyxovirinae,esm2_t6_8M_UR50D,8M,base,15,0.4949766933917999,0.7719230769230769
Orthoparamyxovirinae,esm2_t6_8M_UR50D,8M,base,16,0.4858032941818237,0.7741346153846154
Orthoparamyxovirinae,esm2_t6_8M_UR50D,8M,base,17,0.4783254027366638,0.7742307692307693
Orthoparamyxovirinae,esm2_t6_8M_UR50D,8M,base,18,0.4708172559738159,0.7766346153846154
Orthoparamyxovirinae,esm2_t6_8M_UR50D,8M,base,19,0.462957015633583,0.7802884615384615
Orthoparamyxovirinae,esm2_t6_8M_UR50D,8M,base,20,0.4551387399435043,0.7854807692307693
Orthoparamyxovirinae,esm2_t12_35M_UR50D,35M,base,1,0.6676089227199554,0.665
Orthoparamyxovirinae,esm2_t12_35M_UR50D,35M,base,2,0.6425613224506378,0.6799038461538461
Orthoparamyxovirinae,esm2_t12_35M_UR50D,35M,base,3,0.6293106019496918,0.6797115384615384
Orthoparamyxovirinae,esm2_t12_35M_UR50D,35M,base,4,0.611408805847168,0.6891346153846154
Orthoparamyxovirinae,esm2_t12_35M_UR50D,35M,base,5,0.5914203435182571,0.7018269230769231
Orthoparamyxovirinae,esm2_t12_35M_UR50D,35M,base,6,0.5728504925966262,0.7124038461538461
Orthoparamyxovirinae,esm2_t12_35M_UR50D,35M,base,7,0.5532747626304626,0.7220192307692308
Orthoparamyxovirinae,esm2_t12_35M_UR50D,35M,base,8,0.5379705131053925,0.7310576923076924
Orthoparamyxovirinae,esm2_t12_35M_UR50D,35M,base,9,0.5216792523860931,0.7373076923076923
Orthoparamyxovirinae,esm2_t12_35M_UR50D,35M,base,10,0.5081320434808732,0.7471153846153846
Orthoparamyxovirinae,esm2_t12_35M_UR50D,35M,base,11,0.4939824849367141,0.7551923076923077
Orthoparamyxovirinae,esm2_t12_35M_UR50D,35M,base,12,0.4841530084609985,0.7625
Orthoparamyxovirinae,esm2_t12_35M_UR50D,35M,base,13,0.4736715912818908,0.7636538461538461
Orthoparamyxovirinae,esm2_t12_35M_UR50D,35M,base,14,0.4615951210260391,0.7692307692307693
Orthoparamyxovirinae,esm2_t12_35M_UR50D,35M,base,15,0.4535100162029266,0.7766346153846154
Orthoparamyxovirinae,esm2_t12_35M_UR50D,35M,base,16,0.4423276990652084,0.7833653846153846
Orthoparamyxovirinae,esm2_t12_35M_UR50D,35M,base,17,0.4339582860469818,0.7834615384615384
Orthoparamyxovirinae,esm2_t12_35M_UR50D,35M,base,18,0.4259452223777771,0.7885576923076923
Orthoparamyxovirinae,esm2_t12_35M_UR50D,35M,base,19,0.4171509593725204,0.79375
Orthoparamyxovirinae,esm2_t12_35M_UR50D,35M,base,20,0.4101964265108108,0.7939423076923077
Orthoparamyxovirinae,esm2_t12_35M_UR50D,35M,full,1,0.6660806834697723,0.6694230769230769
Orthoparamyxovirinae,esm2_t12_35M_UR50D,35M,full,2,0.6319969952106476,0.681923076923077
Orthoparamyxovirinae,esm2_t12_35M_UR50D,35M,full,3,0.6235296696424484,0.6758653846153846
Orthoparamyxovirinae,esm2_t12_35M_UR50D,35M,full,4,0.6169239968061447,0.6752884615384616
Orthoparamyxovirinae,esm2_t12_35M_UR50D,35M,full,5,0.6121858119964599,0.6743269230769231
Orthoparamyxovirinae,esm2_t12_35M_UR50D,35M,full,6,0.6083938181400299,0.67875
Orthoparamyxovirinae,esm2_t12_35M_UR50D,35M,full,7,0.6037414848804474,0.6854807692307693
Orthoparamyxovirinae,esm2_t12_35M_UR50D,35M,full,8,0.6004733651876449,0.6859615384615385
Orthoparamyxovirinae,esm2_t12_35M_UR50D,35M,full,9,0.5977855443954467,0.6898076923076923
Orthoparamyxovirinae,esm2_t12_35M_UR50D,35M,full,10,0.5926848351955414,0.6922115384615385
Orthoparamyxovirinae,esm2_t12_35M_UR50D,35M,full,11,0.5899499952793121,0.6985576923076923
Orthoparamyxovirinae,esm2_t12_35M_UR50D,35M,full,12,0.5863162189722061,0.7046153846153846
Orthoparamyxovirinae,esm2_t12_35M_UR50D,35M,full,13,0.5832059770822525,0.7123076923076923
Orthoparamyxovirinae,esm2_t12_35M_UR50D,35M,full,14,0.579721137881279,0.7149038461538462
Orthoparamyxovirinae,esm2_t12_35M_UR50D,35M,full,15,0.5772544115781784,0.7192307692307692
Orthoparamyxovirinae,esm2_t12_35M_UR50D,35M,full,16,0.5736411720514297,0.7233653846153846
Orthoparamyxovirinae,esm2_t12_35M_UR50D,35M,full,17,0.5690738916397095,0.7285576923076923
Orthoparamyxovirinae,esm2_t12_35M_UR50D,35M,full,18,0.5665044814348221,0.7305769230769231
Orthoparamyxovirinae,esm2_t12_35M_UR50D,35M,full,19,0.5623833030462265,0.7350961538461539
Orthoparamyxovirinae,esm2_t12_35M_UR50D,35M,full,20,0.5614625930786132,0.7355769230769231
Legionellales,esm2_t6_8M_UR50D,8M,LoRA,1,0.7168563790619373,0.4197244031405223
Legionellales,esm2_t6_8M_UR50D,8M,LoRA,2,0.6713032685220242,0.6035090530363724
Legionellales,esm2_t6_8M_UR50D,8M,LoRA,3,0.6545994020998478,0.615606473321583
Legionellales,esm2_t6_8M_UR50D,8M,LoRA,4,0.6346493549644947,0.6426854670725846
Legionellales,esm2_t6_8M_UR50D,8M,LoRA,5,0.6141750477254391,0.6581477327351386
Legionellales,esm2_t6_8M_UR50D,8M,LoRA,6,0.596356600522995,0.6656785771510976
Legionellales,esm2_t6_8M_UR50D,8M,LoRA,7,0.5778354071080685,0.6828232655023233
Legionellales,esm2_t6_8M_UR50D,8M,LoRA,8,0.5596712846308947,0.692757570902099
Legionellales,esm2_t6_8M_UR50D,8M,LoRA,9,0.545346088707447,0.7042941836244192
Legionellales,esm2_t6_8M_UR50D,8M,LoRA,10,0.5295877661556005,0.7151097580515943
Legionellales,esm2_t6_8M_UR50D,8M,LoRA,11,0.5167117025703192,0.7264060246755327
Legionellales,esm2_t6_8M_UR50D,8M,LoRA,12,0.5028892308473587,0.7390642525236341
Legionellales,esm2_t6_8M_UR50D,8M,LoRA,13,0.4902014695107937,0.7450729049831758
Legionellales,esm2_t6_8M_UR50D,8M,LoRA,14,0.4799404516816139,0.7542861720878065
Legionellales,esm2_t6_8M_UR50D,8M,LoRA,15,0.4689907748252153,0.7598942477167121
Legionellales,esm2_t6_8M_UR50D,8M,LoRA,16,0.4577499777078628,0.7701490145809966
Legionellales,esm2_t6_8M_UR50D,8M,LoRA,17,0.4473860338330269,0.7767184746034289
Legionellales,esm2_t6_8M_UR50D,8M,LoRA,18,0.4385715648531914,0.7803236660791539
Legionellales,esm2_t6_8M_UR50D,8M,LoRA,19,0.4287011623382568,0.7837686268226246
Legionellales,esm2_t6_8M_UR50D,8M,LoRA,20,0.4195299493148923,0.7917801634353469
Legionellales,esm2_t12_35M_UR50D,35M,LoRA,1,0.7093594335019588,0.4353468995353309
Legionellales,esm2_t12_35M_UR50D,35M,LoRA,2,0.6708053164184093,0.5982214388719757
Legionellales,esm2_t12_35M_UR50D,35M,LoRA,3,0.6513910852372646,0.6172888960102547
Legionellales,esm2_t12_35M_UR50D,35M,LoRA,4,0.6314299367368221,0.6356353148533889
Legionellales,esm2_t12_35M_UR50D,35M,LoRA,5,0.6112205386161804,0.6502964268546707
Legionellales,esm2_t12_35M_UR50D,35M,LoRA,6,0.5901457834988832,0.6727287293702933
Legionellales,esm2_t12_35M_UR50D,35M,LoRA,7,0.5696422085165977,0.6917160711424452
Legionellales,esm2_t12_35M_UR50D,35M,LoRA,8,0.5490140467882156,0.7119852587726326
Legionellales,esm2_t12_35M_UR50D,35M,LoRA,9,0.5289916023612022,0.7284089088287133
Legionellales,esm2_t12_35M_UR50D,35M,LoRA,10,0.5107058547437191,0.7418682903380869
Legionellales,esm2_t12_35M_UR50D,35M,LoRA,11,0.4923589043319225,0.7537253645249159
Legionellales,esm2_t12_35M_UR50D,35M,LoRA,12,0.4766775127500295,0.7604550552796027
Legionellales,esm2_t12_35M_UR50D,35M,LoRA,13,0.4602499715983867,0.7718314372696683
Legionellales,esm2_t12_35M_UR50D,35M,LoRA,14,0.4452268499881029,0.7807242429097901
Legionellales,esm2_t12_35M_UR50D,35M,LoRA,15,0.4324125116690993,0.7880948565934947
Legionellales,esm2_t12_35M_UR50D,35M,LoRA,16,0.4218430966138839,0.7948245473481814
Legionellales,esm2_t12_35M_UR50D,35M,LoRA,17,0.4110582089051604,0.7970677775997437
Legionellales,esm2_t12_35M_UR50D,35M,LoRA,18,0.4018380492925644,0.8033167761576671
Legionellales,esm2_t30_150M_UR50D,150M,LoRA,1,0.724420890212059,0.4226085563211024
Legionellales,esm2_t30_150M_UR50D,150M,LoRA,2,0.6785331219434738,0.5751482134273354
Legionellales,esm2_t30_150M_UR50D,150M,LoRA,3,0.6631466820836067,0.5908508251882711
Legionellales,esm2_t30_150M_UR50D,150M,LoRA,4,0.6445160694420338,0.6075148213427335
Legionellales,esm2_t30_150M_UR50D,150M,LoRA,5,0.6280021443963051,0.6224963948085243
Legionellales,esm2_t30_150M_UR50D,150M,LoRA,6,0.6094693541526794,0.6385194680339689
Legionellales,esm2_t30_150M_UR50D,150M,LoRA,7,0.5885710995644331,0.6705656144848582
Legionellales,esm2_t30_150M_UR50D,150M,LoRA,8,0.5685193277895451,0.6915558404101907
Legionellales,esm2_t30_150M_UR50D,150M,LoRA,9,0.5490891598165035,0.7087005287614164
Legionellales,esm2_t30_150M_UR50D,150M,LoRA,10,0.5306578017771244,0.7186348341611921
Legionellales,esm2_t30_150M_UR50D,150M,LoRA,11,0.5090326387435198,0.7385034449607435
Legionellales,esm2_t30_150M_UR50D,150M,LoRA,12,0.4898913819342851,0.7507610959782086
Legionellales,esm2_t30_150M_UR50D,150M,LoRA,13,0.473221130669117,0.7637397852908188
Legionellales,esm2_t30_150M_UR50D,150M,LoRA,14,0.4584299623966217,0.7703893606793784
Legionellales,esm2_t30_150M_UR50D,150M,LoRA,15,0.4410894028842449,0.7783207819259734
Legionellales,esm2_t30_150M_UR50D,150M,LoRA,16,0.4242284698411822,0.7921807402659831
Legionellales,esm2_t30_150M_UR50D,150M,LoRA,17,0.4099767385050654,0.7986700849222881
Legionellales,esm2_t30_150M_UR50D,150M,LoRA,18,0.39734538923949,0.8025156224963949
Legionellales,esm2_t30_150M_UR50D,150M,LoRA,19,0.3833879651501775,0.8099663515462265
Legionellales,esm2_t30_150M_UR50D,150M,LoRA,20,0.3709237854927778,0.8150937349783689
Legionellales,esm2_t30_150M_UR50D,150M,base,1,0.7042307332158089,0.4494472039737222
Legionellales,esm2_t30_150M_UR50D,150M,full,1,0.7301273345947266,0.4277359397532447
Legionellales,esm2_t30_150M_UR50D,150M,full,2,0.6947977058589458,0.4871014260535171
Legionellales,esm2_t30_150M_UR50D,150M,full,3,0.6929854862391949,0.4728408908828713
Legionellales,esm2_t30_150M_UR50D,150M,full,4,0.6934596784412861,0.4754045825989424
Legionellales,esm2_t30_150M_UR50D,150M,full,5,0.6934193521738052,0.4754045825989424
Legionellales,esm2_t30_150M_UR50D,150M,full,6,0.693174060434103,0.4754045825989424
Legionellales,esm2_t30_150M_UR50D,150M,full,7,0.6932903043925762,0.4754045825989424
Legionellales,esm2_t30_150M_UR50D,150M,full,8,0.6932160556316376,0.4754045825989424
Legionellales,esm2_t30_150M_UR50D,150M,full,9,0.6931399218738079,0.4754045825989424
Legionellales,esm2_t6_8M_UR50D,8M,full,1,0.7704519107937813,0.4507290498317577
Legionellales,esm2_t6_8M_UR50D,8M,base,1,0.705946933478117,0.4280564012177535
Legionellales,esm2_t6_8M_UR50D,8M,base,2,0.6734541207551956,0.5787534049030604
Legionellales,esm2_t6_8M_UR50D,8M,base,3,0.6562732569873333,0.611280243550713
Legionellales,esm2_t12_35M_UR50D,35M,base,1,0.7051557898521423,0.4458420124979971
Legionellales,esm2_t12_35M_UR50D,35M,base,2,0.6676200777292252,0.6091972440314052
Legionellales,esm2_t12_35M_UR50D,35M,base,3,0.6472438834607601,0.6288255087325749
Legionellales,esm2_t12_35M_UR50D,35M,base,4,0.6249407082796097,0.6545425412594136
Legionellales,esm2_t12_35M_UR50D,35M,base,5,0.602876216173172,0.6722480371735299
Legionellales,esm2_t12_35M_UR50D,35M,base,6,0.581492505967617,0.6857875340490306
Legionellales,esm2_t12_35M_UR50D,35M,base,7,0.5595986824482679,0.6967633392084602
Legionellales,esm2_t12_35M_UR50D,35M,base,8,0.541143137961626,0.7116647973081237
Legionellales,esm2_t12_35M_UR50D,35M,base,9,0.5210870765149593,0.7246434866207339
Legionellales,esm2_t12_35M_UR50D,35M,base,10,0.503922862932086,0.7346579073866367
Legionellales,esm2_t12_35M_UR50D,35M,base,11,0.4880854748189449,0.7457138279121935
Legionellales,esm2_t12_35M_UR50D,35M,base,12,0.4722750447690487,0.7546066335523154
Legionellales,esm2_t12_35M_UR50D,35M,base,13,0.4582178052514791,0.7628585162634193
Legionellales,esm2_t12_35M_UR50D,35M,base,14,0.444039523601532,0.7743951289857395
Legionellales,esm2_t12_35M_UR50D,35M,base,15,0.4316293084993958,0.7833680499919885
Legionellales,esm2_t12_35M_UR50D,35M,base,16,0.4195022946223616,0.7908187790418202
Legionellales,esm2_t12_35M_UR50D,35M,base,17,0.4092709943652153,0.794343855151418
Legionellales,esm2_t12_35M_UR50D,35M,base,18,0.3981816424056887,0.8009934305399775
Legionellales,esm2_t12_35M_UR50D,35M,base,19,0.3861341569572687,0.8118891203332799
Legionellales,esm2_t12_35M_UR50D,35M,base,20,0.3779828222468495,0.8146931581477327
Legionellales,esm2_t12_35M_UR50D,35M,full,1,0.7435445636510849,0.4307002082999519
Legionellales,esm2_t12_35M_UR50D,35M,full,2,0.6934998780488968,0.537333760615286
Legionellales,esm2_t12_35M_UR50D,35M,full,3,0.6915266178548336,0.54558564332639
Legionellales,esm2_t12_35M_UR50D,35M,full,4,0.6890540719032288,0.5504726806601506
Yersinia pestis,esm2_t6_8M_UR50D,8M,LoRA,1,0.6977216601371765,0.4208616064383778
Yersinia pestis,esm2_t6_8M_UR50D,8M,LoRA,2,0.6257670885986752,0.6583556888117406
Yersinia pestis,esm2_t6_8M_UR50D,8M,LoRA,3,0.5841165317429436,0.6752406501499132
Yersinia pestis,esm2_t6_8M_UR50D,8M,LoRA,4,0.5510299354791641,0.6809215717216348
Yersinia pestis,esm2_t6_8M_UR50D,8M,LoRA,5,0.526263613667753,0.6832886223765189
Yersinia pestis,esm2_t6_8M_UR50D,8M,LoRA,6,0.5040430112017525,0.6979643364367998
Yersinia pestis,esm2_t6_8M_UR50D,8M,LoRA,7,0.4855557295183341,0.711062016727158
Yersinia pestis,esm2_t6_8M_UR50D,8M,LoRA,8,0.4677647720608446,0.7312608489821683
Yersinia pestis,esm2_t6_8M_UR50D,8M,LoRA,9,0.4507698549164666,0.744674136026511
Yersinia pestis,esm2_t6_8M_UR50D,8M,LoRA,10,0.4365199121336142,0.7577718163168692
Yersinia pestis,esm2_t6_8M_UR50D,8M,LoRA,11,0.4204242192208767,0.7770238283099258
Yersinia pestis,esm2_t6_8M_UR50D,8M,LoRA,12,0.4091042035983668,0.7901215086002841
Yersinia pestis,esm2_t6_8M_UR50D,8M,LoRA,13,0.3953299555513594,0.8005365314817737
Yersinia pestis,esm2_t6_8M_UR50D,8M,LoRA,14,0.3855326448877652,0.8068486665614644
Yersinia pestis,esm2_t6_8M_UR50D,8M,LoRA,15,0.3746484896788994,0.8164746725579928
Yersinia pestis,esm2_t6_8M_UR50D,8M,LoRA,16,0.366729845603307,0.8197885434748303
Yersinia pestis,esm2_t6_8M_UR50D,8M,LoRA,17,0.3561273264802164,0.8234180211456525
Yersinia pestis,esm2_t6_8M_UR50D,8M,LoRA,18,0.3470229483726952,0.8298879596023355
Yersinia pestis,esm2_t6_8M_UR50D,8M,LoRA,19,0.3386216093268659,0.8328862237651886
Yersinia pestis,esm2_t6_8M_UR50D,8M,LoRA,20,0.3319830557124482,0.8355688811740571
Yersinia pestis,esm2_t12_35M_UR50D,35M,LoRA,1,0.7045794129371643,0.4172321287675556
Yersinia pestis,esm2_t30_150M_UR50D,150M,LoRA,1,0.7207944591840109,0.4055546788701278
Yersinia pestis,esm2_t30_150M_UR50D,150M,base,1,0.6980413264698453,0.4399558150544421
Yersinia pestis,esm2_t30_150M_UR50D,150M,full,1,0.7231176826688979,0.4513176581978854
Yersinia pestis,esm2_t30_150M_UR50D,150M,full,2,0.6933800246980455,0.5363736783967177
Yersinia pestis,esm2_t30_150M_UR50D,150M,full,3,0.694321076075236,0.5346378412498027
Yersinia pestis,esm2_t30_150M_UR50D,150M,full,4,0.6922187076674567,0.5412655830834779
Yersinia pestis,esm2_t30_150M_UR50D,150M,full,5,0.6893916461202834,0.5608332018305192
Yersinia pestis,esm2_t30_150M_UR50D,150M,full,6,0.6875397231843736,0.563042449108411
Yersinia pestis,esm2_t30_150M_UR50D,150M,full,7,0.6874517732196384,0.5628846457314186
Yersinia pestis,esm2_t30_150M_UR50D,150M,full,8,0.6864039765463935,0.5682499605491558
Yersinia pestis,esm2_t30_150M_UR50D,150M,full,9,0.6855954660309685,0.5759823260217769
Yersinia pestis,esm2_t30_150M_UR50D,150M,full,10,0.6844425201416016,0.5846615117563516
Yersinia pestis,esm2_t30_150M_UR50D,150M,full,11,0.6828923291630216,0.5909736468360423
Yersinia pestis,esm2_t30_150M_UR50D,150M,full,12,0.6823825703726875,0.5892378096891273
Yersinia pestis,esm2_t30_150M_UR50D,150M,full,13,0.6807608604431152,0.5985482089316712
Yersinia pestis,esm2_t30_150M_UR50D,150M,full,14,0.6797342366642423,0.597916995423702
Yersinia pestis,esm2_t30_150M_UR50D,150M,full,15,0.6773056652810838,0.5971279785387408
Yersinia pestis,esm2_t30_150M_UR50D,150M,full,16,0.6767003867361281,0.6035979169954238
Yersinia pestis,esm2_t30_150M_UR50D,150M,full,17,0.6755083137088351,0.5980747988006944
Yersinia pestis,esm2_t30_150M_UR50D,150M,full,18,0.6737986207008362,0.6086476250591762
Yersinia pestis,esm2_t30_150M_UR50D,150M,full,19,0.6719157430860732,0.6012308663405397
Yersinia pestis,esm2_t6_8M_UR50D,8M,full,1,0.7233794464005364,0.4240176739782231
Yersinia pestis,esm2_t6_8M_UR50D,8M,base,1,0.6977416740523444,0.429225185418968
Yersinia pestis,esm2_t12_35M_UR50D,35M,base,1,0.6963668995433383,0.4304876124349061
Yersinia pestis,esm2_t12_35M_UR50D,35M,full,1,0.7414121429125468,0.4795644626795013
Yersinia pestis,esm2_t12_35M_UR50D,35M,full,2,0.6551883286899991,0.6372100362947767
Campylobacter jejuni,esm2_t6_8M_UR50D,8M,LoRA,1,0.7203454673290253,0.66881667080129
Campylobacter jejuni,esm2_t6_8M_UR50D,8M,LoRA,2,0.6587400734424591,0.7137186802282313
Campylobacter jejuni,esm2_t6_8M_UR50D,8M,LoRA,3,0.6377833038568497,0.6841974696105185
Campylobacter jejuni,esm2_t6_8M_UR50D,8M,LoRA,4,0.6242376044392586,0.638055073182833
Campylobacter jejuni,esm2_t6_8M_UR50D,8M,LoRA,5,0.6140012517571449,0.6152319523691392
Campylobacter jejuni,esm2_t6_8M_UR50D,8M,LoRA,6,0.6022336706519127,0.6162242619697346
Campylobacter jejuni,esm2_t6_8M_UR50D,8M,LoRA,7,0.5900126025080681,0.6216819647730092
Campylobacter jejuni,esm2_t6_8M_UR50D,8M,LoRA,8,0.5780943781137466,0.6325973703795584
Campylobacter jejuni,esm2_t6_8M_UR50D,8M,LoRA,9,0.5675051584839821,0.6464897047878938
Campylobacter jejuni,esm2_t6_8M_UR50D,8M,LoRA,10,0.5576922073960304,0.6608781939965269
Campylobacter jejuni,esm2_t6_8M_UR50D,8M,LoRA,11,0.545621246099472,0.6787397668072439
Campylobacter jejuni,esm2_t6_8M_UR50D,8M,LoRA,12,0.536282517015934,0.6876705532126023
Campylobacter jejuni,esm2_t6_8M_UR50D,8M,LoRA,13,0.5282711833715439,0.7013148102207889
Campylobacter jejuni,esm2_t6_8M_UR50D,8M,LoRA,14,0.5199526026844978,0.702803274621682
Campylobacter jejuni,esm2_t6_8M_UR50D,8M,LoRA,15,0.511382594704628,0.7095013644257008
Campylobacter jejuni,esm2_t6_8M_UR50D,8M,LoRA,16,0.5061465799808502,0.7144629124286778
Campylobacter jejuni,esm2_t6_8M_UR50D,8M,LoRA,17,0.4983090609312057,0.7109898288265939
Campylobacter jejuni,esm2_t6_8M_UR50D,8M,LoRA,18,0.4928872659802437,0.7211610022326966
Campylobacter jejuni,esm2_t6_8M_UR50D,8M,LoRA,19,0.4875971972942352,0.7184321508310593
Campylobacter jejuni,esm2_t6_8M_UR50D,8M,LoRA,20,0.4823599308729172,0.7233936988340363
Campylobacter jejuni,esm2_t12_35M_UR50D,35M,LoRA,1,0.7105278670787811,0.6884147854130489
Campylobacter jejuni,esm2_t12_35M_UR50D,35M,LoRA,2,0.6463042050600052,0.7102455966261474
Campylobacter jejuni,esm2_t12_35M_UR50D,35M,LoRA,3,0.6272276863455772,0.7032994294219796
Campylobacter jejuni,esm2_t12_35M_UR50D,35M,LoRA,4,0.6111507266759872,0.6745224510047134
Campylobacter jejuni,esm2_t12_35M_UR50D,35M,LoRA,5,0.598932646214962,0.659141652195485
Campylobacter jejuni,esm2_t12_35M_UR50D,35M,LoRA,6,0.5873047932982445,0.657405110394443
Campylobacter jejuni,esm2_t12_35M_UR50D,35M,LoRA,7,0.5747900158166885,0.6698089804018854
Campylobacter jejuni,esm2_t12_35M_UR50D,35M,LoRA,8,0.5616018399596214,0.6846936244108162
Campylobacter jejuni,esm2_t12_35M_UR50D,35M,LoRA,9,0.5496839731931686,0.7025551972215331
Campylobacter jejuni,esm2_t12_35M_UR50D,35M,LoRA,10,0.5385012626647949,0.7184321508310593
Campylobacter jejuni,esm2_t12_35M_UR50D,35M,LoRA,11,0.5274378806352615,0.7231456214338874
Campylobacter jejuni,esm2_t12_35M_UR50D,35M,LoRA,12,0.5205635502934456,0.7246340858347805
Campylobacter jejuni,esm2_t12_35M_UR50D,35M,LoRA,13,0.5097170472145081,0.7330687174398413
Campylobacter jejuni,esm2_t12_35M_UR50D,35M,LoRA,14,0.4992079511284828,0.7377821880426693
Campylobacter jejuni,esm2_t12_35M_UR50D,35M,LoRA,15,0.493770107626915,0.7385264202431159
Campylobacter jejuni,esm2_t12_35M_UR50D,35M,LoRA,16,0.4885822683572769,0.7387744976432647
Campylobacter jejuni,esm2_t12_35M_UR50D,35M,LoRA,17,0.4787969440221786,0.7521706772513024
Campylobacter jejuni,esm2_t12_35M_UR50D,35M,LoRA,18,0.4717203080654144,0.752914909451749
Campylobacter jejuni,esm2_t12_35M_UR50D,35M,LoRA,19,0.4661634638905525,0.759364921855619
Campylobacter jejuni,esm2_t12_35M_UR50D,35M,LoRA,20,0.4579504504799843,0.762589928057554
Campylobacter jejuni,esm2_t30_150M_UR50D,150M,LoRA,1,0.728685587644577,0.5584222277350533
Campylobacter jejuni,esm2_t30_150M_UR50D,150M,LoRA,2,0.6584808528423309,0.7119821384271893
Campylobacter jejuni,esm2_t30_150M_UR50D,150M,LoRA,3,0.634381115436554,0.7201686926321013
Campylobacter jejuni,esm2_t30_150M_UR50D,150M,LoRA,4,0.61598239839077,0.7410071942446043
Campylobacter jejuni,esm2_t30_150M_UR50D,150M,LoRA,5,0.5995316654443741,0.7278590920367155
Campylobacter jejuni,esm2_t30_150M_UR50D,150M,LoRA,6,0.5853061228990555,0.6975936492185562
Campylobacter jejuni,esm2_t30_150M_UR50D,150M,LoRA,7,0.5716920122504234,0.6943686430166212
Campylobacter jejuni,esm2_t30_150M_UR50D,150M,LoRA,8,0.5564703270792961,0.70106673282064
Campylobacter jejuni,esm2_t30_150M_UR50D,150M,LoRA,9,0.5437757149338722,0.7161994542297196
Campylobacter jejuni,esm2_t30_150M_UR50D,150M,LoRA,10,0.5273827910423279,0.7246340858347805
Campylobacter jejuni,esm2_t30_150M_UR50D,150M,LoRA,11,0.5153690278530121,0.7343091044405855
Campylobacter jejuni,esm2_t30_150M_UR50D,150M,LoRA,12,0.5055371150374413,0.7424956586454974
Campylobacter jejuni,esm2_t30_150M_UR50D,150M,LoRA,13,0.4975841864943504,0.749689903249814
Campylobacter jejuni,esm2_t30_150M_UR50D,150M,LoRA,14,0.4852889329195022,0.7558918382535351
Campylobacter jejuni,esm2_t30_150M_UR50D,150M,LoRA,15,0.4773393720388412,0.7591168444554701
Campylobacter jejuni,esm2_t30_150M_UR50D,150M,LoRA,16,0.4671478420495987,0.760853386256512
Campylobacter jejuni,esm2_t30_150M_UR50D,150M,LoRA,17,0.4598631486296654,0.7603572314562144
Campylobacter jejuni,esm2_t30_150M_UR50D,150M,base,1,0.7234824895858765,0.5214586951128752
Campylobacter jejuni,esm2_t30_150M_UR50D,150M,base,2,0.651841476559639,0.7112379062267428
Campylobacter jejuni,esm2_t30_150M_UR50D,150M,base,3,0.6281054988503456,0.7206648474323989
Campylobacter jejuni,esm2_t30_150M_UR50D,150M,base,4,0.6071926057338715,0.7330687174398413
Campylobacter jejuni,esm2_t30_150M_UR50D,150M,base,5,0.5856273472309113,0.7405110394443066
Campylobacter jejuni,esm2_t30_150M_UR50D,150M,base,6,0.5668166279792786,0.7412552716447531
Campylobacter jejuni,esm2_t30_150M_UR50D,150M,base,7,0.551081195473671,0.7385264202431159
Campylobacter jejuni,esm2_t30_150M_UR50D,150M,base,8,0.5344923660159111,0.7432398908459439
Campylobacter jejuni,esm2_t30_150M_UR50D,150M,base,9,0.5201113969087601,0.7464648970478789
Campylobacter jejuni,esm2_t30_150M_UR50D,150M,base,10,0.5059518441557884,0.7472091292483255
Campylobacter jejuni,esm2_t30_150M_UR50D,150M,base,11,0.4909848496317863,0.7484495162490697
Campylobacter jejuni,esm2_t30_150M_UR50D,150M,base,12,0.4797315001487732,0.7551476060530886
Campylobacter jejuni,esm2_t30_150M_UR50D,150M,base,13,0.4675185680389404,0.757628380054577
Campylobacter jejuni,esm2_t30_150M_UR50D,150M,base,14,0.4563929513096809,0.7623418506574051
Campylobacter jejuni,esm2_t30_150M_UR50D,150M,base,15,0.4471713453531265,0.7638303150582982
Campylobacter jejuni,esm2_t30_150M_UR50D,150M,base,16,0.4355388507246971,0.7727611014636566
Campylobacter jejuni,esm2_t30_150M_UR50D,150M,base,17,0.4247371107339859,0.7752418754651451
Campylobacter jejuni,esm2_t30_150M_UR50D,150M,base,18,0.4156132563948631,0.7799553460679732
Campylobacter jejuni,esm2_t30_150M_UR50D,150M,base,19,0.4074357450008392,0.7859092036715455
Campylobacter jejuni,esm2_t30_150M_UR50D,150M,base,20,0.3986775800585747,0.788389977673034
Campylobacter jejuni,esm2_t30_150M_UR50D,150M,full,1,0.770209401845932,0.5053336641032002
Campylobacter jejuni,esm2_t30_150M_UR50D,150M,full,2,0.6901180744171143,0.7102455966261474
Campylobacter jejuni,esm2_t30_150M_UR50D,150M,full,3,0.6695770919322968,0.7102455966261474
Campylobacter jejuni,esm2_t30_150M_UR50D,150M,full,4,0.6642348021268845,0.7102455966261474
Campylobacter jejuni,esm2_t30_150M_UR50D,150M,full,5,0.6709635853767395,0.7102455966261474
Campylobacter jejuni,esm2_t30_150M_UR50D,150M,full,6,0.6768317669630051,0.7102455966261474
Campylobacter jejuni,esm2_t30_150M_UR50D,150M,full,7,0.6782055348157883,0.7102455966261474
Campylobacter jejuni,esm2_t30_150M_UR50D,150M,full,8,0.6775811463594437,0.7102455966261474
Campylobacter jejuni,esm2_t30_150M_UR50D,150M,full,9,0.6763475090265274,0.7102455966261474
Campylobacter jejuni,esm2_t30_150M_UR50D,150M,full,10,0.6742775589227676,0.7102455966261474
Campylobacter jejuni,esm2_t30_150M_UR50D,150M,full,11,0.6739500612020493,0.7102455966261474
Campylobacter jejuni,esm2_t30_150M_UR50D,150M,full,12,0.6736669391393661,0.7102455966261474
Campylobacter jejuni,esm2_t30_150M_UR50D,150M,full,13,0.6726435720920563,0.7102455966261474
Campylobacter jejuni,esm2_t30_150M_UR50D,150M,full,14,0.6715220510959625,0.7102455966261474
Campylobacter jejuni,esm2_t30_150M_UR50D,150M,full,15,0.6730336844921112,0.7102455966261474
Campylobacter jejuni,esm2_t30_150M_UR50D,150M,full,16,0.6740114390850067,0.7102455966261474
Campylobacter jejuni,esm2_t30_150M_UR50D,150M,full,17,0.6749101430177689,0.7102455966261474
Campylobacter jejuni,esm2_t30_150M_UR50D,150M,full,18,0.6729855984449387,0.7102455966261474
Campylobacter jejuni,esm2_t30_150M_UR50D,150M,full,19,0.6736784428358078,0.7102455966261474
Campylobacter jejuni,esm2_t30_150M_UR50D,150M,full,20,0.6726919561624527,0.7102455966261474
Campylobacter jejuni,esm2_t6_8M_UR50D,8M,full,1,0.7168427258729935,0.6874224758124535
Campylobacter jejuni,esm2_t6_8M_UR50D,8M,full,2,0.6723731458187103,0.7283552468370131
Campylobacter jejuni,esm2_t6_8M_UR50D,8M,full,3,0.6601901650428772,0.7283552468370131
Campylobacter jejuni,esm2_t6_8M_UR50D,8M,full,4,0.6534578800201416,0.7283552468370131
Campylobacter jejuni,esm2_t6_8M_UR50D,8M,full,5,0.6520946472883224,0.728603324237162
Campylobacter jejuni,esm2_t6_8M_UR50D,8M,full,6,0.650933638215065,0.7238898536343339
Campylobacter jejuni,esm2_t6_8M_UR50D,8M,full,7,0.6522218734025955,0.7214090796328454
Campylobacter jejuni,esm2_t6_8M_UR50D,8M,full,8,0.6536432653665543,0.7152071446291243
Campylobacter jejuni,esm2_t6_8M_UR50D,8M,full,9,0.6529751420021057,0.7199206152319524
Campylobacter jejuni,esm2_t6_8M_UR50D,8M,full,10,0.651197224855423,0.7211610022326966
Campylobacter jejuni,esm2_t6_8M_UR50D,8M,full,11,0.6484480798244476,0.7196725378318035
Campylobacter jejuni,esm2_t6_8M_UR50D,8M,full,12,0.6482646614313126,0.7199206152319524
Campylobacter jejuni,esm2_t6_8M_UR50D,8M,full,13,0.6483378261327744,0.7219052344331431
Campylobacter jejuni,esm2_t6_8M_UR50D,8M,full,14,0.6485814899206161,0.7184321508310593
Campylobacter jejuni,esm2_t6_8M_UR50D,8M,full,15,0.6448971182107925,0.7174398412304639
Campylobacter jejuni,esm2_t6_8M_UR50D,8M,full,16,0.6450800746679306,0.7122302158273381
Campylobacter jejuni,esm2_t6_8M_UR50D,8M,full,17,0.6448614150285721,0.71396675762838
Campylobacter jejuni,esm2_t6_8M_UR50D,8M,full,18,0.644635409116745,0.7122302158273381
Campylobacter jejuni,esm2_t6_8M_UR50D,8M,full,19,0.6440487205982208,0.7122302158273381
Campylobacter jejuni,esm2_t6_8M_UR50D,8M,full,20,0.6438768655061722,0.7082609774249566
Campylobacter jejuni,esm2_t6_8M_UR50D,8M,base,1,0.7017393708229065,0.6812205408087323
Campylobacter jejuni,esm2_t6_8M_UR50D,8M,base,2,0.6541296690702438,0.7109898288265939
Campylobacter jejuni,esm2_t6_8M_UR50D,8M,base,3,0.6353597491979599,0.715703299429422
Campylobacter jejuni,esm2_t6_8M_UR50D,8M,base,4,0.6167647689580917,0.7263706276358224
Campylobacter jejuni,esm2_t6_8M_UR50D,8M,base,5,0.6015206947922707,0.7303398660382039
Campylobacter jejuni,esm2_t6_8M_UR50D,8M,base,6,0.5858151018619537,0.7303398660382039
Campylobacter jejuni,esm2_t6_8M_UR50D,8M,base,7,0.5715169683098793,0.7216571570329943
Campylobacter jejuni,esm2_t6_8M_UR50D,8M,base,8,0.5587786808609962,0.7206648474323989
Campylobacter jejuni,esm2_t6_8M_UR50D,8M,base,9,0.5494813844561577,0.7169436864301663
Campylobacter jejuni,esm2_t6_8M_UR50D,8M,base,10,0.5373208373785019,0.7211610022326966
Campylobacter jejuni,esm2_t6_8M_UR50D,8M,base,11,0.5284716784954071,0.7216571570329943
Campylobacter jejuni,esm2_t6_8M_UR50D,8M,base,12,0.5196136608719826,0.7241379310344828
Campylobacter jejuni,esm2_t6_8M_UR50D,8M,base,13,0.5108586400747299,0.7323244852393946
Campylobacter jejuni,esm2_t6_8M_UR50D,8M,base,14,0.502234548330307,0.7372860332423716
Campylobacter jejuni,esm2_t6_8M_UR50D,8M,base,15,0.4952389821410179,0.7429918134457951
Campylobacter jejuni,esm2_t6_8M_UR50D,8M,base,16,0.4872661456465721,0.7486975936492185
Campylobacter jejuni,esm2_t6_8M_UR50D,8M,base,17,0.4823980554938316,0.7482014388489209
Campylobacter jejuni,esm2_t6_8M_UR50D,8M,base,18,0.4733862951397896,0.7524187546514512
Campylobacter jejuni,esm2_t12_35M_UR50D,35M,base,1,0.7010303884744644,0.6886628628131977
Campylobacter jejuni,esm2_t12_35M_UR50D,35M,base,2,0.6511627286672592,0.7127263706276358
Campylobacter jejuni,esm2_t12_35M_UR50D,35M,base,3,0.6295061409473419,0.723641776234185
Campylobacter jejuni,esm2_t12_35M_UR50D,35M,base,4,0.6088380366563797,0.7360456462416274
Campylobacter jejuni,esm2_t12_35M_UR50D,35M,base,5,0.5894909650087357,0.7400148846440089
Campylobacter jejuni,esm2_t12_35M_UR50D,35M,base,6,0.5678017437458038,0.7491937484495163
Campylobacter jejuni,esm2_t12_35M_UR50D,35M,base,7,0.5516810119152069,0.7578764574547259
Campylobacter jejuni,esm2_t12_35M_UR50D,35M,base,8,0.5384361371397972,0.7563879930538328
Campylobacter jejuni,esm2_t12_35M_UR50D,35M,base,9,0.525200828909874,0.7546514512527909
Campylobacter jejuni,esm2_t12_35M_UR50D,35M,base,10,0.510413259267807,0.7655668568593401
Campylobacter jejuni,esm2_t12_35M_UR50D,35M,base,11,0.4994970187544822,0.7628380054577028
Campylobacter jejuni,esm2_t12_35M_UR50D,35M,base,12,0.4884746745228767,0.7663110890597866
Campylobacter jejuni,esm2_t12_35M_UR50D,35M,base,13,0.4791108295321464,0.7727611014636566
Campylobacter jejuni,esm2_t12_35M_UR50D,35M,base,14,0.4695808812975883,0.7712726370627636
Campylobacter jejuni,esm2_t12_35M_UR50D,35M,base,15,0.4624107480049133,0.7725130240635079
Campylobacter jejuni,esm2_t12_35M_UR50D,35M,full,1,0.7372293919324875,0.5353510295212106
Campylobacter jejuni,esm2_t12_35M_UR50D,35M,full,2,0.6675831228494644,0.6948647978169189
Campylobacter jejuni,esm2_t12_35M_UR50D,35M,full,3,0.6540611386299133,0.6869263210121558
Campylobacter jejuni,esm2_t12_35M_UR50D,35M,full,4,0.6506191790103912,0.6899032498139419
Campylobacter jejuni,esm2_t12_35M_UR50D,35M,full,5,0.6518286019563675,0.6903994046142397
Campylobacter jejuni,esm2_t12_35M_UR50D,35M,full,6,0.6521060019731522,0.691391714214835
Campylobacter jejuni,esm2_t12_35M_UR50D,35M,full,7,0.6518404632806778,0.691391714214835
Campylobacter jejuni,esm2_t12_35M_UR50D,35M,full,8,0.6524701416492462,0.6916397916149839
Campylobacter jejuni,esm2_t12_35M_UR50D,35M,full,9,0.651062086224556,0.6906474820143885
Campylobacter jejuni,esm2_t12_35M_UR50D,35M,full,10,0.6503249257802963,0.6911436368146862
Campylobacter jejuni,esm2_t12_35M_UR50D,35M,full,11,0.6478167772293091,0.6903994046142397
Campylobacter jejuni,esm2_t12_35M_UR50D,35M,full,12,0.6476354598999023,0.6906474820143885
Campylobacter jejuni,esm2_t12_35M_UR50D,35M,full,13,0.647410124540329,0.6903994046142397
Campylobacter jejuni,esm2_t12_35M_UR50D,35M,full,14,0.645303800702095,0.6908955594145373
Campylobacter jejuni,esm2_t12_35M_UR50D,35M,full,15,0.6465368717908859,0.6906474820143885
Campylobacter jejuni,esm2_t12_35M_UR50D,35M,full,16,0.646352082490921,0.691391714214835
Campylobacter jejuni,esm2_t12_35M_UR50D,35M,full,17,0.6452560573816299,0.6908955594145373
Campylobacter jejuni,esm2_t12_35M_UR50D,35M,full,18,0.6441317945718765,0.6908955594145373
Campylobacter jejuni,esm2_t12_35M_UR50D,35M,full,19,0.6440249532461166,0.6918878690151328
Dengue virus,esm2_t6_8M_UR50D,8M,LoRA,1,0.6566016301512718,0.5535160030704536
Dengue virus,esm2_t6_8M_UR50D,8M,LoRA,2,0.6461012388269106,0.5597570336748656
Dengue virus,esm2_t6_8M_UR50D,8M,LoRA,3,0.6341109722852707,0.5606247705503454
Dengue virus,esm2_t6_8M_UR50D,8M,LoRA,4,0.6302877962589264,0.5659313152888562
Dengue virus,esm2_t6_8M_UR50D,8M,LoRA,5,0.6235663269956907,0.5701698761806228
Dengue virus,esm2_t6_8M_UR50D,8M,LoRA,6,0.6192994229495525,0.5742081901011247
Dengue virus,esm2_t12_35M_UR50D,35M,LoRA,1,0.659035307665666,0.543169909555118
Dengue virus,esm2_t12_35M_UR50D,35M,LoRA,2,0.6430032563706239,0.5596569101892334
Dengue virus,esm2_t12_35M_UR50D,35M,LoRA,3,0.6286198509236177,0.5627941127390448
Dengue virus,esm2_t12_35M_UR50D,35M,LoRA,4,0.622994047900041,0.5704368721423089
Dengue virus,esm2_t12_35M_UR50D,35M,LoRA,5,0.6150877351562182,0.5787471214497881
Dengue virus,esm2_t12_35M_UR50D,35M,LoRA,6,0.6072486961881319,0.5846544071020926
Dengue virus,esm2_t12_35M_UR50D,35M,LoRA,7,0.5994868191579977,0.5906284417448187
Dengue virus,esm2_t12_35M_UR50D,35M,LoRA,8,0.5919235398372015,0.5960017354737509
Dengue virus,esm2_t12_35M_UR50D,35M,LoRA,9,0.5841943100094795,0.6020758936021092
Dengue virus,esm2_t12_35M_UR50D,35M,LoRA,10,0.5770683884620667,0.608650669158629
Dengue virus,esm2_t12_35M_UR50D,35M,LoRA,11,0.5693752976755301,0.616026432600207
Dengue virus,esm2_t12_35M_UR50D,35M,LoRA,12,0.5641758243242899,0.6197977505590228
Dengue virus,esm2_t12_35M_UR50D,35M,LoRA,13,0.5563861156503359,0.6258719086873811
Dengue virus,esm2_t12_35M_UR50D,35M,LoRA,14,0.5494716726243496,0.6318459433301071
Dengue virus,esm2_t12_35M_UR50D,35M,LoRA,15,0.5437647365033627,0.6335146680906452
Dengue virus,esm2_t12_35M_UR50D,35M,LoRA,16,0.5394334606826305,0.6391215832860528
Dengue virus,esm2_t12_35M_UR50D,35M,LoRA,17,0.5339735498030981,0.6428261522544472
Dengue virus,esm2_t12_35M_UR50D,35M,LoRA,18,0.5277531879643599,0.6446951239862497
Dengue virus,esm2_t12_35M_UR50D,35M,LoRA,19,0.5226968750357628,0.648967059373227
Dengue virus,esm2_t12_35M_UR50D,35M,LoRA,20,0.5186536088585854,0.6516703934852985
Dengue virus,esm2_t30_150M_UR50D,150M,LoRA,1,0.6562293842434883,0.5552848513166239
Dengue virus,esm2_t30_150M_UR50D,150M,LoRA,2,0.6402439636488756,0.5595901611988119
Dengue virus,esm2_t30_150M_UR50D,150M,LoRA,3,0.6266775590678056,0.5617261288923006
Dengue virus,esm2_t30_150M_UR50D,150M,LoRA,4,0.6223307512700558,0.5678336615158696
Dengue virus,esm2_t30_150M_UR50D,150M,base,1,0.6545055384437243,0.5586890498281214
Dengue virus,esm2_t30_150M_UR50D,150M,base,2,0.6377137613793215,0.5601575276173948
Dengue virus,esm2_t30_150M_UR50D,150M,base,3,0.6261166483163834,0.5665988051930715
Dengue virus,esm2_t30_150M_UR50D,150M,base,4,0.6202384705344836,0.5788472449354204
Dengue virus,esm2_t30_150M_UR50D,150M,full,1,0.6647193332513174,0.5595234122083903
Dengue virus,esm2_t30_150M_UR50D,150M,full,2,0.6537943805257479,0.5596569101892334
Dengue virus,esm2_t30_150M_UR50D,150M,full,3,0.6480678617954254,0.5596569101892334
Dengue virus,esm2_t30_150M_UR50D,150M,full,4,0.6489320198694865,0.5596569101892334
Dengue virus,esm2_t30_150M_UR50D,150M,full,5,0.6473543668786684,0.5596569101892334
Dengue virus,esm2_t30_150M_UR50D,150M,full,6,0.6478248760104179,0.5596569101892334
Dengue virus,esm2_t30_150M_UR50D,150M,full,7,0.6467597931623459,0.5596569101892334
Dengue virus,esm2_t30_150M_UR50D,150M,full,8,0.6460773621996244,0.5596569101892334
Dengue virus,esm2_t30_150M_UR50D,150M,full,9,0.6455560599764189,0.5596569101892334
Dengue virus,esm2_t30_150M_UR50D,150M,full,10,0.644725094238917,0.5596569101892334
Dengue virus,esm2_t30_150M_UR50D,150M,full,11,0.6445731570323309,0.5596569101892334
Dengue virus,esm2_t30_150M_UR50D,150M,full,12,0.6442486718297005,0.5596569101892334
Dengue virus,esm2_t30_150M_UR50D,150M,full,13,0.6436440075437228,0.5596569101892334
Dengue virus,esm2_t30_150M_UR50D,150M,full,14,0.6430295507113138,0.5596569101892334
Dengue virus,esm2_t30_150M_UR50D,150M,full,15,0.6423261786500613,0.5596569101892334
Dengue virus,esm2_t30_150M_UR50D,150M,full,16,0.6420891309777895,0.5596569101892334
Dengue virus,esm2_t30_150M_UR50D,150M,full,17,0.6423590630292892,0.5596569101892334
Dengue virus,esm2_t30_150M_UR50D,150M,full,18,0.6413845047354698,0.5596569101892334
Dengue virus,esm2_t30_150M_UR50D,150M,full,19,0.6412420570850372,0.5596569101892334
Dengue virus,esm2_t30_150M_UR50D,150M,full,20,0.6408633291721344,0.5596569101892334
Dengue virus,esm2_t6_8M_UR50D,8M,full,1,0.6564805408318838,0.5570203250675834
Dengue virus,esm2_t6_8M_UR50D,8M,full,2,0.6484814956784248,0.5603244000934486
Dengue virus,esm2_t6_8M_UR50D,8M,full,3,0.6375876801709334,0.5639955945666322
Dengue virus,esm2_t6_8M_UR50D,8M,full,4,0.634943305204312,0.5650302039181657
Dengue virus,esm2_t6_8M_UR50D,8M,full,5,0.6302530989050865,0.5683009044488202
Dengue virus,esm2_t6_8M_UR50D,8M,full,6,0.6267112083733082,0.5706704936087842
Dengue virus,esm2_t6_8M_UR50D,8M,full,7,0.6221002005040646,0.5746754330340753
Dengue virus,esm2_t6_8M_UR50D,8M,full,8,0.6185297059516112,0.5774788906317792
Dengue virus,esm2_t6_8M_UR50D,8M,full,9,0.6161585425337156,0.5807495911624336
Dengue virus,esm2_t6_8M_UR50D,8M,full,10,0.6121605224907398,0.5846544071020926
Dengue virus,esm2_t6_8M_UR50D,8M,full,11,0.6082541806002458,0.5850882755398324
Dengue virus,esm2_t6_8M_UR50D,8M,full,12,0.6052059891323248,0.5889930914794914
Dengue virus,esm2_t6_8M_UR50D,8M,full,13,0.6013365164399147,0.5914294296298769
Dengue virus,esm2_t6_8M_UR50D,8M,full,14,0.5990519486367702,0.5940660147515269
Dengue virus,esm2_t6_8M_UR50D,8M,full,15,0.5952544249594212,0.5965357273971231
Dengue virus,esm2_t6_8M_UR50D,8M,base,1,0.6543501938382784,0.5519807762907586
Dengue virus,esm2_t6_8M_UR50D,8M,base,2,0.6454202036062876,0.5596569101892334
Dengue virus,esm2_t6_8M_UR50D,8M,base,3,0.6332922702034315,0.5607916430263993
Dengue virus,esm2_t6_8M_UR50D,8M,base,4,0.6286076133449873,0.5640623435570536
Dengue virus,esm2_t6_8M_UR50D,8M,base,5,0.6221739699443182,0.5685679004105063
Dengue virus,esm2_t6_8M_UR50D,8M,base,6,0.6174724735319614,0.5722724693789006
Dengue virus,esm2_t6_8M_UR50D,8M,base,7,0.6126011622448763,0.5781130060407836
Dengue virus,esm2_t6_8M_UR50D,8M,base,8,0.6076709801952044,0.5806160931815906
Dengue virus,esm2_t12_35M_UR50D,35M,base,1,0.6544693981607755,0.5543837399459333
Dengue virus,esm2_t12_35M_UR50D,35M,base,2,0.641877310971419,0.5596902846844442
Dengue virus,esm2_t12_35M_UR50D,35M,base,3,0.6270478541652361,0.5606247705503454
Dengue virus,esm2_t12_35M_UR50D,35M,base,4,0.6221916489303112,0.5669992991356005
Dengue virus,esm2_t12_35M_UR50D,35M,base,5,0.6143919651707014,0.573740947168174
Dengue virus,esm2_t12_35M_UR50D,35M,base,6,0.6086216680705547,0.5819844474852318
Dengue virus,esm2_t12_35M_UR50D,35M,base,7,0.6010175185898939,0.5876914861662718
Dengue virus,esm2_t12_35M_UR50D,35M,full,1,0.6616207386056582,0.5550846043453592
Dengue virus,esm2_t12_35M_UR50D,35M,full,2,0.6539488323032856,0.5596569101892334
Dengue virus,esm2_t12_35M_UR50D,35M,full,3,0.6475390320022901,0.5596569101892334
Dengue virus,esm2_t12_35M_UR50D,35M,full,4,0.6462590272227923,0.5596569101892334
Dengue virus,esm2_t12_35M_UR50D,35M,full,5,0.6442694142460823,0.5596569101892334
Dengue virus,esm2_t12_35M_UR50D,35M,full,6,0.6436682194471359,0.5596569101892334
Dengue virus,esm2_t12_35M_UR50D,35M,full,7,0.6415665994087855,0.5596569101892334
Dengue virus,esm2_t12_35M_UR50D,35M,full,8,0.6395046537121137,0.5596569101892334
Dengue virus,esm2_t12_35M_UR50D,35M,full,9,0.6381318469842275,0.5596569101892334
Dengue virus,esm2_t12_35M_UR50D,35M,full,10,0.6383078073461851,0.5596569101892334
Dengue virus,esm2_t12_35M_UR50D,35M,full,11,0.636285653958718,0.5596569101892334
Dengue virus,esm2_t12_35M_UR50D,35M,full,12,0.6350128725171089,0.5597904081700764
Dengue virus,esm2_t12_35M_UR50D,35M,full,13,0.6335897905131181,0.5600240296365517
Dengue virus,esm2_t12_35M_UR50D,35M,full,14,0.6326052087048689,0.5602242766078163
Dengue virus,esm2_t12_35M_UR50D,35M,full,15,0.6320528760552406,0.5610252644928746
Dengue virus,esm2_t12_35M_UR50D,35M,full,16,0.6303359915812811,0.5625604912725695
Dengue virus,esm2_t12_35M_UR50D,35M,full,17,0.6298652278880278,0.5632613556719954
Dengue virus,esm2_t12_35M_UR50D,35M,full,18,0.6283634093900522,0.5656643193271702
Dengue virus,esm2_t12_35M_UR50D,35M,full,19,0.6264788260062536,0.5659980642792778
Dengue virus,esm2_t12_35M_UR50D,35M,full,20,0.6262267492711544,0.5682675299536094
Mycoplasmoidaceae,esm2_t6_8M_UR50D,8M,LoRA,1,0.6690122636881741,0.6892425781690936
Mycoplasmoidaceae,esm2_t6_8M_UR50D,8M,LoRA,2,0.6433740469542417,0.7085127312015223
Mycoplasmoidaceae,esm2_t6_8M_UR50D,8M,LoRA,3,0.6317450306632302,0.7130279135020077
Mycoplasmoidaceae,esm2_t6_8M_UR50D,8M,LoRA,4,0.6236239915544336,0.7173818392917614
Mycoplasmoidaceae,esm2_t6_8M_UR50D,8M,LoRA,5,0.6149129060181704,0.7207682260171254
Mycoplasmoidaceae,esm2_t6_8M_UR50D,8M,LoRA,6,0.6071608516302975,0.722816183703417
Mycoplasmoidaceae,esm2_t6_8M_UR50D,8M,LoRA,7,0.599439143592661,0.7272346120974634
Mycoplasmoidaceae,esm2_t6_8M_UR50D,8M,LoRA,8,0.589335685968399,0.7321045587215583
Mycoplasmoidaceae,esm2_t6_8M_UR50D,8M,LoRA,9,0.5802181861617348,0.7342976472675085
Mycoplasmoidaceae,esm2_t6_8M_UR50D,8M,LoRA,10,0.5695257555354726,0.7411833002757486
Mycoplasmoidaceae,esm2_t6_8M_UR50D,8M,LoRA,11,0.561181420900605,0.7435698966345766
Mycoplasmoidaceae,esm2_t6_8M_UR50D,8M,LoRA,12,0.5509259879589081,0.749181623208037
Mycoplasmoidaceae,esm2_t6_8M_UR50D,8M,LoRA,13,0.5421346702358939,0.7500362827149146
Mycoplasmoidaceae,esm2_t6_8M_UR50D,8M,LoRA,14,0.5323614797808908,0.7547449728282779
Mycoplasmoidaceae,esm2_t6_8M_UR50D,8M,LoRA,15,0.5235809066078879,0.7570831922338864
Mycoplasmoidaceae,esm2_t6_8M_UR50D,8M,LoRA,16,0.5148051370273937,0.7625820392498347
Mycoplasmoidaceae,esm2_t6_8M_UR50D,8M,LoRA,17,0.5061637994917956,0.7650653895151017
Mycoplasmoidaceae,esm2_t12_35M_UR50D,35M,LoRA,1,0.6633993528105996,0.7006595391288923
Mycoplasmoidaceae,esm2_t12_35M_UR50D,35M,LoRA,2,0.6429605288939042,0.7086578620611808
Mycoplasmoidaceae,esm2_t12_35M_UR50D,35M,LoRA,3,0.6328926742076874,0.7115443536032767
Mycoplasmoidaceae,esm2_t12_35M_UR50D,35M,LoRA,4,0.6251276124607433,0.7160434102526889
Mycoplasmoidaceae,esm2_t12_35M_UR50D,35M,LoRA,5,0.6206137933514335,0.712963410897715
Mycoplasmoidaceae,esm2_t12_35M_UR50D,35M,LoRA,6,0.6124251197684895,0.7162046667634205
Mycoplasmoidaceae,esm2_t12_35M_UR50D,35M,LoRA,7,0.6039346911690452,0.7188976504926387
Mycoplasmoidaceae,esm2_t12_35M_UR50D,35M,LoRA,8,0.5965861699797891,0.7203167077870769
Mycoplasmoidaceae,esm2_t12_35M_UR50D,35M,LoRA,9,0.5863533052531156,0.7244448744618064
Mycoplasmoidaceae,esm2_t12_35M_UR50D,35M,LoRA,10,0.5754573572765697,0.7273797429571219
Mycoplasmoidaceae,esm2_t12_35M_UR50D,35M,LoRA,11,0.5643261554566297,0.7331043490880944
Mycoplasmoidaceae,esm2_t12_35M_UR50D,35M,LoRA,12,0.5522264185276898,0.737135761856385
Mycoplasmoidaceae,esm2_t12_35M_UR50D,35M,LoRA,13,0.539660765637051,0.7407479076967732
Mycoplasmoidaceae,esm2_t12_35M_UR50D,35M,LoRA,14,0.5264886219393123,0.7466337703384774
Mycoplasmoidaceae,esm2_t12_35M_UR50D,35M,LoRA,15,0.5141537029634823,0.7512457065454018
Mycoplasmoidaceae,esm2_t12_35M_UR50D,35M,LoRA,16,0.5022859367457303,0.7571960717913986
Mycoplasmoidaceae,esm2_t30_150M_UR50D,150M,LoRA,1,0.6622106693007729,0.6953380742747488
Mycoplasmoidaceae,esm2_t30_150M_UR50D,150M,LoRA,2,0.6399758664044467,0.6945156660700176
Mycoplasmoidaceae,esm2_t30_150M_UR50D,150M,LoRA,3,0.6294768116690895,0.7133826778256173
Mycoplasmoidaceae,esm2_t30_150M_UR50D,150M,LoRA,4,0.6241945217956196,0.7041426797606953
Mycoplasmoidaceae,esm2_t30_150M_UR50D,150M,LoRA,5,0.6170117697932503,0.7118184896715205
Mycoplasmoidaceae,esm2_t30_150M_UR50D,150M,LoRA,6,0.6149601145224137,0.705303726637963
Mycoplasmoidaceae,esm2_t30_150M_UR50D,150M,LoRA,7,0.6072114082899961,0.7090287520358635
Mycoplasmoidaceae,esm2_t30_150M_UR50D,150M,LoRA,8,0.6012732172554189,0.712769903084837
Mycoplasmoidaceae,esm2_t30_150M_UR50D,150M,LoRA,9,0.5935209802605889,0.721622885524003
Mycoplasmoidaceae,esm2_t30_150M_UR50D,150M,base,1,0.6666469270532781,0.6737942044410044
Mycoplasmoidaceae,esm2_t30_150M_UR50D,150M,base,2,0.6359191081740639,0.703013884185574
Mycoplasmoidaceae,esm2_t30_150M_UR50D,150M,base,3,0.6262192514809695,0.7060132552851821
Mycoplasmoidaceae,esm2_t30_150M_UR50D,150M,base,4,0.6172602908177809,0.7117378614161547
Mycoplasmoidaceae,esm2_t30_150M_UR50D,150M,base,5,0.6086188300089402,0.7140922064728363
Mycoplasmoidaceae,esm2_t30_150M_UR50D,150M,base,6,0.5990902532230724,0.7185590118201023
Mycoplasmoidaceae,esm2_t30_150M_UR50D,150M,base,7,0.5883482293649154,0.7240417331849773
Mycoplasmoidaceae,esm2_t30_150M_UR50D,150M,base,8,0.5774964687499133,0.727895763791463
Mycoplasmoidaceae,esm2_t30_150M_UR50D,150M,base,9,0.5649030978029425,0.7365391127666779
Mycoplasmoidaceae,esm2_t30_150M_UR50D,150M,base,10,0.5503513924100182,0.7424894780126747
Mycoplasmoidaceae,esm2_t30_150M_UR50D,150M,base,11,0.5344993705099279,0.7503104187831584
Mycoplasmoidaceae,esm2_t30_150M_UR50D,150M,base,12,0.5203362210230393,0.7535194233467176
Mycoplasmoidaceae,esm2_t30_150M_UR50D,150M,base,13,0.504145458611575,0.7625981649009079
Mycoplasmoidaceae,esm2_t30_150M_UR50D,150M,base,14,0.4914437342773784,0.7658716720687597
Mycoplasmoidaceae,esm2_t30_150M_UR50D,150M,base,15,0.4756323169578205,0.7733378485156338
Mycoplasmoidaceae,esm2_t30_150M_UR50D,150M,base,16,0.4635843610221689,0.7778046538628998
Mycoplasmoidaceae,esm2_t30_150M_UR50D,150M,full,1,0.6833682417869568,0.5772176801638366
Mycoplasmoidaceae,esm2_t30_150M_UR50D,150M,full,2,0.6760714287107641,0.6147420702110847
Mycoplasmoidaceae,esm2_t6_8M_UR50D,8M,full,1,0.6839361976493489,0.5626723428958444
Mycoplasmoidaceae,esm2_t6_8M_UR50D,8M,base,1,0.668551994453777,0.688887813845484
Mycoplasmoidaceae,esm2_t6_8M_UR50D,8M,base,2,0.6406141356988386,0.7088674955251318
Mycoplasmoidaceae,esm2_t6_8M_UR50D,8M,base,3,0.631301652843302,0.7105284375856675
Mycoplasmoidaceae,esm2_t6_8M_UR50D,8M,base,4,0.6238731541416862,0.7126086465741054
Mycoplasmoidaceae,esm2_t6_8M_UR50D,8M,base,5,0.6176951890641993,0.7146404786093239
Mycoplasmoidaceae,esm2_t6_8M_UR50D,8M,base,6,0.6095004309307445,0.7178011062196636
Mycoplasmoidaceae,esm2_t6_8M_UR50D,8M,base,7,0.6015331615101207,0.7214938803154177
Mycoplasmoidaceae,esm2_t6_8M_UR50D,8M,base,8,0.59290823394602,0.7260735652201957
Mycoplasmoidaceae,esm2_t6_8M_UR50D,8M,base,9,0.5849214066158641,0.7293631980391209
Mycoplasmoidaceae,esm2_t6_8M_UR50D,8M,base,10,0.5758220314979553,0.7335397416670698
Mycoplasmoidaceae,esm2_t6_8M_UR50D,8M,base,11,0.5672288618304513,0.736248851047361
Mycoplasmoidaceae,esm2_t6_8M_UR50D,8M,base,12,0.5589987803589214,0.7407317820457001
Mycoplasmoidaceae,esm2_t6_8M_UR50D,8M,base,13,0.5507338811050762,0.7441181687710642
Mycoplasmoidaceae,esm2_t6_8M_UR50D,8M,base,14,0.5421860922466625,0.7472465450792576
Mycoplasmoidaceae,esm2_t6_8M_UR50D,8M,base,15,0.534422687237913,0.7500362827149146
Mycoplasmoidaceae,esm2_t6_8M_UR50D,8M,base,16,0.5258590530265461,0.7535194233467176
Mycoplasmoidaceae,esm2_t6_8M_UR50D,8M,base,17,0.518361247940497,0.7568090561656426
Mycoplasmoidaceae,esm2_t6_8M_UR50D,8M,base,18,0.5117251049388539,0.7596471707545193
Mycoplasmoidaceae,esm2_t6_8M_UR50D,8M,base,19,0.5045201959935102,0.7629206779223712
Mycoplasmoidaceae,esm2_t6_8M_UR50D,8M,base,20,0.4974196740172126,0.764210730008224
Mycoplasmoidaceae,esm2_t12_35M_UR50D,35M,base,1,0.6673266741362485,0.6946930482318223
Mycoplasmoidaceae,esm2_t12_35M_UR50D,35M,base,2,0.6394197848710147,0.7082708464354248
Mycoplasmoidaceae,esm2_t12_35M_UR50D,35M,base,3,0.6287992656230926,0.710770322351765
Mycoplasmoidaceae,esm2_t12_35M_UR50D,35M,base,4,0.6206154118884694,0.713060164804154
Mycoplasmoidaceae,esm2_t12_35M_UR50D,35M,base,5,0.6115291649645025,0.715156499443665
Mycoplasmoidaceae,esm2_t12_35M_UR50D,35M,base,6,0.6035582309419458,0.7169625723638592
Mycoplasmoidaceae,esm2_t12_35M_UR50D,35M,base,7,0.594634864547036,0.7225097963330269
Mycoplasmoidaceae,esm2_t12_35M_UR50D,35M,base,8,0.5832938627763228,0.7266379630077564
Mycoplasmoidaceae,esm2_t12_35M_UR50D,35M,base,9,0.5727145325053822,0.7313950300743393
Mycoplasmoidaceae,esm2_t12_35M_UR50D,35M,base,10,0.5613052097233859,0.7364584845113121
Mycoplasmoidaceae,esm2_t12_35M_UR50D,35M,base,11,0.5491776807741685,0.7414896876461388
Mycoplasmoidaceae,esm2_t12_35M_UR50D,35M,base,12,0.5354567622596568,0.7476335607050134
Mycoplasmoidaceae,esm2_t12_35M_UR50D,35M,base,13,0.5223435261032798,0.7531001564188154
Mycoplasmoidaceae,esm2_t12_35M_UR50D,35M,base,14,0.5107143597169356,0.7584054956218858
Mycoplasmoidaceae,esm2_t12_35M_UR50D,35M,base,15,0.4991781857880679,0.7629368035734443
Mycoplasmoidaceae,esm2_t12_35M_UR50D,35M,base,16,0.4862461851401762,0.7672584780610517
Mycoplasmoidaceae,esm2_t12_35M_UR50D,35M,base,17,0.4757147534327073,0.7726766968216342
Mycoplasmoidaceae,esm2_t12_35M_UR50D,35M,base,18,0.465131476521492,0.7760308322448519
Mycoplasmoidaceae,esm2_t12_35M_UR50D,35M,full,1,0.6823087350888686,0.6686662473997388
Mycoplasmoidaceae,esm2_t12_35M_UR50D,35M,full,2,0.6736819852482189,0.7256865495944399
Mycoplasmoidaceae,esm2_t12_35M_UR50D,35M,full,3,0.667654072154652,0.7292341928305356
Mycoplasmoidaceae,esm2_t12_35M_UR50D,35M,full,4,0.6652213540944186,0.7294115749923403
Mycoplasmoidaceae,esm2_t12_35M_UR50D,35M,full,5,0.6653133739124645,0.7296534597584378
Mycoplasmoidaceae,esm2_t12_35M_UR50D,35M,full,6,0.6634343873370777,0.7298469675713157
Mycoplasmoidaceae,esm2_t12_35M_UR50D,35M,full,7,0.6631473487073725,0.7300888523374132
Mycoplasmoidaceae,esm2_t12_35M_UR50D,35M,full,8,0.6627117753028869,0.7302178575459984
Mycoplasmoidaceae,esm2_t12_35M_UR50D,35M,full,9,0.6620848991654136,0.7299598471288278
Mycoplasmoidaceae,esm2_t12_35M_UR50D,35M,full,10,0.6620647912675685,0.7297502136648767
Mycoplasmoidaceae,esm2_t12_35M_UR50D,35M,full,11,0.6617326644333926,0.729782464967023
Mycoplasmoidaceae,esm2_t12_35M_UR50D,35M,full,12,0.6611727920445529,0.7296534597584378
Mycoplasmoidaceae,esm2_t12_35M_UR50D,35M,full,13,0.6613371112129905,0.7296373341073645
Mycoplasmoidaceae,esm2_t12_35M_UR50D,35M,full,14,0.6626944753256712,0.7296857110605841
Mycoplasmoidaceae,esm2_t12_35M_UR50D,35M,full,15,0.6604118916121396,0.7295405802009256
Mycoplasmoidaceae,esm2_t12_35M_UR50D,35M,full,16,0.6601301019841974,0.7297018367116572
Mycoplasmoidaceae,esm2_t12_35M_UR50D,35M,full,17,0.6598267560655421,0.7297502136648767
Mycoplasmoidaceae,esm2_t12_35M_UR50D,35M,full,18,0.6602139348333532,0.7296695854095109
Mycoplasmoidaceae,esm2_t12_35M_UR50D,35M,full,19,0.6595167848196897,0.7298953445245352
Neisseria gonorrhoeae,esm2_t6_8M_UR50D,8M,LoRA,1,0.6544650197029114,0.5962747380675204
Neisseria gonorrhoeae,esm2_t6_8M_UR50D,8M,LoRA,2,0.5275341442653111,0.6540162980209546
Neisseria gonorrhoeae,esm2_t6_8M_UR50D,8M,LoRA,3,0.4867140650749206,0.6540162980209546
Neisseria gonorrhoeae,esm2_t6_8M_UR50D,8M,LoRA,4,0.4599327572754451,0.6549476135040745
Neisseria gonorrhoeae,esm2_t6_8M_UR50D,8M,LoRA,5,0.4333018245441573,0.681024447031432
Neisseria gonorrhoeae,esm2_t6_8M_UR50D,8M,LoRA,6,0.4116500914096832,0.7280558789289872
Neisseria gonorrhoeae,esm2_t6_8M_UR50D,8M,LoRA,7,0.3932645299604961,0.7452852153667054
Neisseria gonorrhoeae,esm2_t6_8M_UR50D,8M,LoRA,8,0.3713939381497247,0.750174621653085
Neisseria gonorrhoeae,esm2_t12_35M_UR50D,35M,LoRA,1,0.6532002432005746,0.5462165308498254
Neisseria gonorrhoeae,esm2_t12_35M_UR50D,35M,LoRA,2,0.5211697689124516,0.6544819557625146
Neisseria gonorrhoeae,esm2_t12_35M_UR50D,35M,LoRA,3,0.4830839229481561,0.6549476135040745
Neisseria gonorrhoeae,esm2_t12_35M_UR50D,35M,LoRA,4,0.4537511169910431,0.6635622817229336
Neisseria gonorrhoeae,esm2_t12_35M_UR50D,35M,LoRA,5,0.4216709583997726,0.7050058207217695
Neisseria gonorrhoeae,esm2_t12_35M_UR50D,35M,LoRA,6,0.395734178168433,0.7429569266589057
Neisseria gonorrhoeae,esm2_t12_35M_UR50D,35M,LoRA,7,0.3743805927889688,0.7711292200232829
Neisseria gonorrhoeae,esm2_t12_35M_UR50D,35M,LoRA,8,0.349734111555985,0.7895227008149011
Neisseria gonorrhoeae,esm2_t12_35M_UR50D,35M,LoRA,9,0.3284497016242572,0.7955762514551804
Neisseria gonorrhoeae,esm2_t12_35M_UR50D,35M,LoRA,10,0.3095774788941656,0.8062863795110594
Neisseria gonorrhoeae,esm2_t12_35M_UR50D,35M,LoRA,11,0.2930670912776674,0.820488940628638
Neisseria gonorrhoeae,esm2_t12_35M_UR50D,35M,LoRA,12,0.2812340334057808,0.8246798603026775
Neisseria gonorrhoeae,esm2_t12_35M_UR50D,35M,LoRA,13,0.2688928044268063,0.8286379511059372
Neisseria gonorrhoeae,esm2_t12_35M_UR50D,35M,LoRA,14,0.2589769001517977,0.8335273573923166
Neisseria gonorrhoeae,esm2_t12_35M_UR50D,35M,LoRA,15,0.2499008322400706,0.8409778812572759
Neisseria gonorrhoeae,esm2_t30_150M_UR50D,150M,LoRA,1,0.6230294959885734,0.6435389988358556
Neisseria gonorrhoeae,esm2_t30_150M_UR50D,150M,LoRA,2,0.5179414451122284,0.6540162980209546
Neisseria gonorrhoeae,esm2_t30_150M_UR50D,150M,LoRA,3,0.4769043773412704,0.6540162980209546
Neisseria gonorrhoeae,esm2_t30_150M_UR50D,150M,LoRA,4,0.4434283716338021,0.6635622817229336
Neisseria gonorrhoeae,esm2_t30_150M_UR50D,150M,LoRA,5,0.4152562554393496,0.6938300349243306
Neisseria gonorrhoeae,esm2_t30_150M_UR50D,150M,LoRA,6,0.3885835739118712,0.7273573923166473
Neisseria gonorrhoeae,esm2_t30_150M_UR50D,150M,LoRA,7,0.3638638822095735,0.7483119906868452
Neisseria gonorrhoeae,esm2_t30_150M_UR50D,150M,LoRA,8,0.3384615534118244,0.7708963911525029
Neisseria gonorrhoeae,esm2_t30_150M_UR50D,150M,LoRA,9,0.3175860952053751,0.7920838183934807
Neisseria gonorrhoeae,esm2_t30_150M_UR50D,150M,LoRA,10,0.2986807205847331,0.8104772991850989
Neisseria gonorrhoeae,esm2_t30_150M_UR50D,150M,LoRA,11,0.2827969023159572,0.820488940628638
Neisseria gonorrhoeae,esm2_t30_150M_UR50D,150M,LoRA,12,0.2690601806555475,0.8316647264260768
Neisseria gonorrhoeae,esm2_t30_150M_UR50D,150M,LoRA,13,0.2559166124888828,0.8412107101280559
Neisseria gonorrhoeae,esm2_t30_150M_UR50D,150M,LoRA,14,0.2446435051304953,0.8474970896391153
Neisseria gonorrhoeae,esm2_t30_150M_UR50D,150M,LoRA,15,0.2339899688959121,0.8528521536670547
Neisseria gonorrhoeae,esm2_t30_150M_UR50D,150M,LoRA,16,0.223286610096693,0.8556461001164144
Neisseria gonorrhoeae,esm2_t30_150M_UR50D,150M,LoRA,17,0.2146943429751055,0.860535506402794
Neisseria gonorrhoeae,esm2_t30_150M_UR50D,150M,LoRA,18,0.2084163374134472,0.8663562281722934
Neisseria gonorrhoeae,esm2_t30_150M_UR50D,150M,LoRA,19,0.200231204607657,0.8728754365541327
Neisseria gonorrhoeae,esm2_t30_150M_UR50D,150M,LoRA,20,0.1928944907018116,0.8731082654249127
Neisseria gonorrhoeae,esm2_t30_150M_UR50D,150M,base,1,0.6286561063357762,0.6330616996507566
Neisseria gonorrhoeae,esm2_t30_150M_UR50D,150M,base,2,0.5293887683323452,0.6540162980209546
Neisseria gonorrhoeae,esm2_t30_150M_UR50D,150M,base,3,0.491001546382904,0.6544819557625146
Neisseria gonorrhoeae,esm2_t30_150M_UR50D,150M,base,4,0.4601153518472399,0.6605355064027939
Neisseria gonorrhoeae,esm2_t30_150M_UR50D,150M,base,5,0.4297858136040823,0.689173457508731
Neisseria gonorrhoeae,esm2_t30_150M_UR50D,150M,base,6,0.3997405107532228,0.7261932479627474
Neisseria gonorrhoeae,esm2_t30_150M_UR50D,150M,base,7,0.377297539796148,0.7520372526193247
Neisseria gonorrhoeae,esm2_t30_150M_UR50D,150M,base,8,0.3551371608461652,0.770663562281723
Neisseria gonorrhoeae,esm2_t30_150M_UR50D,150M,base,9,0.3331020793744496,0.7832363213038417
Neisseria gonorrhoeae,esm2_t30_150M_UR50D,150M,base,10,0.312995226255485,0.7939464493597206
Neisseria gonorrhoeae,esm2_t30_150M_UR50D,150M,base,11,0.2950408724801881,0.8032596041909197
Neisseria gonorrhoeae,esm2_t30_150M_UR50D,150M,base,12,0.2799266246812684,0.8111757857974389
Neisseria gonorrhoeae,esm2_t30_150M_UR50D,150M,base,13,0.2662384786776134,0.8209545983701979
Neisseria gonorrhoeae,esm2_t30_150M_UR50D,150M,base,14,0.2541802866118295,0.8263096623981374
Neisseria gonorrhoeae,esm2_t30_150M_UR50D,150M,base,15,0.2416210579020636,0.840512223515716
Neisseria gonorrhoeae,esm2_t30_150M_UR50D,150M,base,16,0.2306786520140511,0.8465657741559953
Neisseria gonorrhoeae,esm2_t30_150M_UR50D,150M,base,17,0.2216489895113877,0.8512223515715949
Neisseria gonorrhoeae,esm2_t30_150M_UR50D,150M,full,1,0.6179241112300328,0.6535506402793947
Neisseria gonorrhoeae,esm2_t30_150M_UR50D,150M,full,2,0.5415874336447034,0.6540162980209546
Neisseria gonorrhoeae,esm2_t30_150M_UR50D,150M,full,3,0.5179619916847774,0.6540162980209546
Neisseria gonorrhoeae,esm2_t30_150M_UR50D,150M,full,4,0.5026942725692477,0.6540162980209546
Neisseria gonorrhoeae,esm2_t30_150M_UR50D,150M,full,5,0.4907477178743907,0.6540162980209546
Neisseria gonorrhoeae,esm2_t30_150M_UR50D,150M,full,6,0.480399414896965,0.6540162980209546
Neisseria gonorrhoeae,esm2_t30_150M_UR50D,150M,full,7,0.471444513116564,0.6542491268917345
Neisseria gonorrhoeae,esm2_t30_150M_UR50D,150M,full,8,0.4561567625829151,0.6544819557625146
Neisseria gonorrhoeae,esm2_t30_150M_UR50D,150M,full,9,0.4441234703574861,0.6584400465657742
Neisseria gonorrhoeae,esm2_t30_150M_UR50D,150M,full,10,0.4336295532328741,0.6724097788125728
Neisseria gonorrhoeae,esm2_t30_150M_UR50D,150M,full,11,0.4233066311904362,0.689871944121071
Neisseria gonorrhoeae,esm2_t30_150M_UR50D,150M,full,12,0.4099917731114796,0.710593713620489
Neisseria gonorrhoeae,esm2_t30_150M_UR50D,150M,full,13,0.4011505097150802,0.7285215366705472
Neisseria gonorrhoeae,esm2_t30_150M_UR50D,150M,full,14,0.3924106976815632,0.7422584400465658
Neisseria gonorrhoeae,esm2_t30_150M_UR50D,150M,full,15,0.381873790706907,0.7590221187427241
Neisseria gonorrhoeae,esm2_t30_150M_UR50D,150M,full,16,0.3743218960506575,0.7683352735739232
Neisseria gonorrhoeae,esm2_t30_150M_UR50D,150M,full,17,0.3651132370744432,0.7846332945285215
Neisseria gonorrhoeae,esm2_t30_150M_UR50D,150M,full,18,0.3588417172431946,0.7925494761350408
Neisseria gonorrhoeae,esm2_t30_150M_UR50D,150M,full,19,0.352929586810725,0.7988358556461002
Neisseria gonorrhoeae,esm2_t6_8M_UR50D,8M,full,1,0.6449646524020604,0.6144353899883586
Neisseria gonorrhoeae,esm2_t6_8M_UR50D,8M,full,2,0.5393445853676114,0.6540162980209546
Neisseria gonorrhoeae,esm2_t6_8M_UR50D,8M,full,3,0.5193632649523872,0.6540162980209546
Neisseria gonorrhoeae,esm2_t6_8M_UR50D,8M,base,1,0.6673578194209507,0.5881257275902212
Neisseria gonorrhoeae,esm2_t6_8M_UR50D,8M,base,2,0.5589865275791713,0.6540162980209546
Neisseria gonorrhoeae,esm2_t6_8M_UR50D,8M,base,3,0.5142546040671212,0.6540162980209546
Neisseria gonorrhoeae,esm2_t6_8M_UR50D,8M,base,4,0.4867430116449083,0.659371362048894
Neisseria gonorrhoeae,esm2_t6_8M_UR50D,8M,base,5,0.4604458574737821,0.6847497089639115
Neisseria gonorrhoeae,esm2_t6_8M_UR50D,8M,base,6,0.4359318273408072,0.729918509895227
Neisseria gonorrhoeae,esm2_t6_8M_UR50D,8M,base,7,0.4186907687357494,0.7448195576251455
Neisseria gonorrhoeae,esm2_t6_8M_UR50D,8M,base,8,0.4022372130836759,0.7466821885913854
Neisseria gonorrhoeae,esm2_t6_8M_UR50D,8M,base,9,0.3880981292043413,0.7490104772991851
Neisseria gonorrhoeae,esm2_t6_8M_UR50D,8M,base,10,0.3759450912475586,0.7508731082654249
Neisseria gonorrhoeae,esm2_t6_8M_UR50D,8M,base,11,0.3616251785840307,0.7564610011641444
Neisseria gonorrhoeae,esm2_t6_8M_UR50D,8M,base,12,0.3517403262002127,0.7613504074505238
Neisseria gonorrhoeae,esm2_t6_8M_UR50D,8M,base,13,0.3417102651936667,0.770197904540163
Neisseria gonorrhoeae,esm2_t6_8M_UR50D,8M,base,14,0.3308305144309997,0.780442374854482
Neisseria gonorrhoeae,esm2_t6_8M_UR50D,8M,base,15,0.3215475380420685,0.7862630966239814
Neisseria gonorrhoeae,esm2_t6_8M_UR50D,8M,base,16,0.3119614188160215,0.7944121071012805
Neisseria gonorrhoeae,esm2_t12_35M_UR50D,35M,base,1,0.6578430874007088,0.6074505238649592
Neisseria gonorrhoeae,esm2_t12_35M_UR50D,35M,base,2,0.5514910391398838,0.6540162980209546
Neisseria gonorrhoeae,esm2_t12_35M_UR50D,35M,base,3,0.507999837398529,0.6544819557625146
Neisseria gonorrhoeae,esm2_t12_35M_UR50D,35M,base,4,0.4748827602182116,0.6616996507566938
Neisseria gonorrhoeae,esm2_t12_35M_UR50D,35M,base,5,0.4444894620350429,0.7015133876600699
Neisseria gonorrhoeae,esm2_t12_35M_UR50D,35M,base,6,0.418064996600151,0.7329452852153667
Neisseria gonorrhoeae,esm2_t12_35M_UR50D,35M,base,7,0.3998279571533203,0.7485448195576252
Neisseria gonorrhoeae,esm2_t12_35M_UR50D,35M,base,8,0.3815267107316425,0.7583236321303841
Neisseria gonorrhoeae,esm2_t12_35M_UR50D,35M,base,9,0.362552740744182,0.7688009313154831
Neisseria gonorrhoeae,esm2_t12_35M_UR50D,35M,base,10,0.3466152846813202,0.7792782305005821
Neisseria gonorrhoeae,esm2_t12_35M_UR50D,35M,base,11,0.330460501568658,0.789988358556461
Neisseria gonorrhoeae,esm2_t12_35M_UR50D,35M,base,12,0.3188555166125297,0.8
Neisseria gonorrhoeae,esm2_t12_35M_UR50D,35M,base,13,0.3049940552030291,0.809313154831199
Neisseria gonorrhoeae,esm2_t12_35M_UR50D,35M,base,14,0.2950718637023653,0.820023282887078
Neisseria gonorrhoeae,esm2_t12_35M_UR50D,35M,base,15,0.2825631148048809,0.8256111757857975
Neisseria gonorrhoeae,esm2_t12_35M_UR50D,35M,full,1,0.6380272848265511,0.620954598370198
Mycobacterium leprae,esm2_t6_8M_UR50D,8M,LoRA,1,0.747585636118184,0.520885592758207
Mycobacterium leprae,esm2_t12_35M_UR50D,35M,LoRA,1,0.7387203936991484,0.5413894644999455
Mycobacterium leprae,esm2_t30_150M_UR50D,150M,LoRA,1,0.7402827791545702,0.4927473006870978
Mycobacterium leprae,esm2_t30_150M_UR50D,150M,LoRA,2,0.6846834032431893,0.5240484240375177
Mycobacterium leprae,esm2_t30_150M_UR50D,150M,LoRA,3,0.6832460812900377,0.5450430799432872
Mycobacterium leprae,esm2_t30_150M_UR50D,150M,LoRA,4,0.6767131893531136,0.562656778274621
Mycobacterium leprae,esm2_t30_150M_UR50D,150M,LoRA,5,0.6681742020275282,0.5691460355545861
Mycobacterium leprae,esm2_t30_150M_UR50D,150M,LoRA,6,0.6582903836084448,0.5735085614570836
Mycobacterium leprae,esm2_t30_150M_UR50D,150M,LoRA,7,0.6444757140201071,0.584796597229796
Mycobacterium leprae,esm2_t30_150M_UR50D,150M,LoRA,8,0.6342534539492234,0.5899770967390119
Mycobacterium leprae,esm2_t30_150M_UR50D,150M,LoRA,9,0.6196464896202087,0.5990838695604755
Mycobacterium leprae,esm2_t30_150M_UR50D,150M,LoRA,10,0.6035226596438367,0.6163158468753408
Mycobacterium leprae,esm2_t30_150M_UR50D,150M,LoRA,11,0.5861249630865843,0.631530155960301
Mycobacterium leprae,esm2_t30_150M_UR50D,150M,LoRA,12,0.5682992792647817,0.6437997600610753
Mycobacterium leprae,esm2_t30_150M_UR50D,150M,LoRA,13,0.5504134128923002,0.6636492529174391
Mycobacterium leprae,esm2_t30_150M_UR50D,150M,LoRA,14,0.5318590428518213,0.6751008834114952
Mycobacterium leprae,esm2_t30_150M_UR50D,150M,LoRA,15,0.5155380977236707,0.6874250190860508
Mycobacterium leprae,esm2_t30_150M_UR50D,150M,LoRA,16,0.4976206123828888,0.7025302650234486
Mycobacterium leprae,esm2_t30_150M_UR50D,150M,LoRA,17,0.4787331715874049,0.7149089322717853
Mycobacterium leprae,esm2_t30_150M_UR50D,150M,LoRA,18,0.4614332409008689,0.7266877522085288
Mycobacterium leprae,esm2_t30_150M_UR50D,150M,LoRA,19,0.4428300267976263,0.7405387719489585
Mycobacterium leprae,esm2_t30_150M_UR50D,150M,LoRA,20,0.4281015370203101,0.7491547606063911
Mycobacterium leprae,esm2_t30_150M_UR50D,150M,base,1,0.7476830534313036,0.478623623077762
Mycobacterium leprae,esm2_t30_150M_UR50D,150M,base,2,0.6784817187682443,0.5294470498418584
Mycobacterium leprae,esm2_t30_150M_UR50D,150M,base,3,0.6764131577118583,0.5498963900098157
Mycobacterium leprae,esm2_t30_150M_UR50D,150M,base,4,0.6632460718569548,0.573617624604646
Mycobacterium leprae,esm2_t30_150M_UR50D,150M,base,5,0.6495760912480562,0.5813611080815793
Mycobacterium leprae,esm2_t30_150M_UR50D,150M,base,6,0.6340033619300179,0.588013960082888
Mycobacterium leprae,esm2_t30_150M_UR50D,150M,base,7,0.6190742863261182,0.6027374850038172
Mycobacterium leprae,esm2_t30_150M_UR50D,150M,base,8,0.5996405572994895,0.6205147780564947
Mycobacterium leprae,esm2_t30_150M_UR50D,150M,base,9,0.580019279666569,0.6362744028792671
Mycobacterium leprae,esm2_t30_150M_UR50D,150M,base,10,0.5626492785370868,0.6554149852764751
Mycobacterium leprae,esm2_t30_150M_UR50D,150M,base,11,0.5404395448124927,0.6735739993456211
Mycobacterium leprae,esm2_t30_150M_UR50D,150M,base,12,0.5236558227435403,0.6849165666921148
Mycobacterium leprae,esm2_t30_150M_UR50D,150M,base,13,0.5041197033032127,0.7017668229905115
Mycobacterium leprae,esm2_t30_150M_UR50D,150M,base,14,0.4858259908531023,0.7162176900425347
Mycobacterium leprae,esm2_t30_150M_UR50D,150M,base,15,0.4696767692980559,0.7279419784054968
Mycobacterium leprae,esm2_t30_150M_UR50D,150M,base,16,0.4532248345406159,0.7401025193587087
Mycobacterium leprae,esm2_t30_150M_UR50D,150M,base,17,0.4397945967705353,0.7514996182789835
Mycobacterium leprae,esm2_t30_150M_UR50D,150M,base,18,0.4214831117702567,0.7642054749700077
Mycobacterium leprae,esm2_t30_150M_UR50D,150M,base,19,0.4084511904612831,0.7693314429054422
Mycobacterium leprae,esm2_t30_150M_UR50D,150M,full,1,0.7374071478843689,0.4549569200567128
Mycobacterium leprae,esm2_t30_150M_UR50D,150M,full,2,0.6842428679051606,0.4943287163267532
Mycobacterium leprae,esm2_t30_150M_UR50D,150M,full,3,0.6874477034029753,0.4761697022576071
Mycobacterium leprae,esm2_t30_150M_UR50D,150M,full,4,0.6794074670128201,0.522139818955175
Mycobacterium leprae,esm2_t30_150M_UR50D,150M,full,5,0.6662107084108435,0.5473879376158796
Mycobacterium leprae,esm2_t30_150M_UR50D,150M,full,6,0.6550549476043038,0.5618933362416839
Mycobacterium leprae,esm2_t30_150M_UR50D,150M,full,7,0.6414955750755642,0.5782528083760498
Mycobacterium leprae,esm2_t30_150M_UR50D,150M,full,8,0.6255488654841548,0.594503217362853
Mycobacterium leprae,esm2_t30_150M_UR50D,150M,full,9,0.6088443657626277,0.6094448685789072
Mycobacterium leprae,esm2_t30_150M_UR50D,150M,full,10,0.5900954357955767,0.6243865197949613
Mycobacterium leprae,esm2_t30_150M_UR50D,150M,full,11,0.5738681865775067,0.6349656451085178
Mycobacterium leprae,esm2_t30_150M_UR50D,150M,full,12,0.556224859279135,0.6440724179299815
Mycobacterium leprae,esm2_t30_150M_UR50D,150M,full,13,0.5401211899259816,0.6530701276038826
Mycobacterium leprae,esm2_t30_150M_UR50D,150M,full,14,0.5226741977359938,0.6611953320972843
Mycobacterium leprae,esm2_t30_150M_UR50D,150M,full,15,0.510032278040181,0.6681208419674992
Mycobacterium leprae,esm2_t30_150M_UR50D,150M,full,16,0.4929174314374509,0.676518704329807
Mycobacterium leprae,esm2_t30_150M_UR50D,150M,full,17,0.4789428542489591,0.6837714036427092
Mycobacterium leprae,esm2_t30_150M_UR50D,150M,full,18,0.4634281189545341,0.6914058239720798
Mycobacterium leprae,esm2_t30_150M_UR50D,150M,full,19,0.448154342563256,0.7011669756789181
Mycobacterium leprae,esm2_t30_150M_UR50D,150M,full,20,0.4345941012320311,0.7096739011887883
Mycobacterium leprae,esm2_t6_8M_UR50D,8M,full,1,0.7312458196411962,0.5381175700730723
Mycobacterium leprae,esm2_t6_8M_UR50D,8M,full,2,0.7231903361237567,0.3894644999454684
Mycobacterium leprae,esm2_t6_8M_UR50D,8M,full,3,0.6995295415753904,0.5340277020394809
Mycobacterium leprae,esm2_t6_8M_UR50D,8M,full,4,0.695861279964447,0.5980477696586324
Mycobacterium leprae,esm2_t6_8M_UR50D,8M,base,1,0.7454906961192256,0.5299378340058895
Mycobacterium leprae,esm2_t12_35M_UR50D,35M,base,1,0.7411151061887327,0.5195223034136766
Mycobacterium leprae,esm2_t12_35M_UR50D,35M,full,1,0.7403363391109135,0.4806412913076671
Mycobacterium leprae,esm2_t12_35M_UR50D,35M,full,2,0.6873670013054557,0.5632566255862144
Mycobacterium leprae,esm2_t12_35M_UR50D,35M,full,3,0.6839481125707212,0.5874686443450758
Bunyaviricetes,esm2_t6_8M_UR50D,8M,LoRA,1,0.6477179597405827,0.6400641420994203
Bunyaviricetes,esm2_t6_8M_UR50D,8M,LoRA,2,0.6031167717540965,0.6557296163809054
Bunyaviricetes,esm2_t6_8M_UR50D,8M,LoRA,3,0.5868361942908343,0.6557296163809054
Bunyaviricetes,esm2_t6_8M_UR50D,8M,LoRA,4,0.5724687138024498,0.6591834217343037
Bunyaviricetes,esm2_t6_8M_UR50D,8M,LoRA,5,0.5623600079732782,0.6665844332058715
Bunyaviricetes,esm2_t6_8M_UR50D,8M,LoRA,6,0.551444938954185,0.6697915381768842
Bunyaviricetes,esm2_t6_8M_UR50D,8M,LoRA,7,0.5443238055004793,0.6720118416183545
Bunyaviricetes,esm2_t6_8M_UR50D,8M,LoRA,8,0.5366397535099703,0.6731219933390897
Bunyaviricetes,esm2_t6_8M_UR50D,8M,LoRA,9,0.5284731107599595,0.6749722462069816
Bunyaviricetes,esm2_t6_8M_UR50D,8M,LoRA,10,0.5223348158247331,0.6790428025163439
Bunyaviricetes,esm2_t6_8M_UR50D,8M,LoRA,11,0.5159100662259495,0.6822499074873566
Bunyaviricetes,esm2_t6_8M_UR50D,8M,LoRA,12,0.5111254821805393,0.6858270630319477
Bunyaviricetes,esm2_t6_8M_UR50D,8M,LoRA,13,0.5055033161359674,0.6942148760330579
Bunyaviricetes,esm2_t6_8M_UR50D,8M,LoRA,14,0.4991381904658149,0.7046996422844456
Bunyaviricetes,esm2_t6_8M_UR50D,8M,LoRA,15,0.4930137132897096,0.7129641050943629
Bunyaviricetes,esm2_t6_8M_UR50D,8M,LoRA,16,0.4902988181394689,0.71900826446281
Bunyaviricetes,esm2_t6_8M_UR50D,8M,LoRA,17,0.4846180817660163,0.7281361786110768
Bunyaviricetes,esm2_t6_8M_UR50D,8M,LoRA,18,0.4816559500554028,0.7314666337732824
Bunyaviricetes,esm2_t6_8M_UR50D,8M,LoRA,19,0.4765067679040572,0.7354138398914518
Bunyaviricetes,esm2_t6_8M_UR50D,8M,LoRA,20,0.4720510086592506,0.7417046996422845
Bunyaviricetes,esm2_t12_35M_UR50D,35M,LoRA,1,0.6519902874441708,0.6092265943012212
Bunyaviricetes,esm2_t12_35M_UR50D,35M,LoRA,2,0.592331258689656,0.6557296163809054
Bunyaviricetes,esm2_t12_35M_UR50D,35M,LoRA,3,0.573955725221073,0.6541260638953991
Bunyaviricetes,esm2_t12_35M_UR50D,35M,LoRA,4,0.559721894123975,0.6569631182928334
Bunyaviricetes,esm2_t12_35M_UR50D,35M,LoRA,5,0.5474074325140785,0.6669544837794499
Bunyaviricetes,esm2_t12_35M_UR50D,35M,LoRA,6,0.5370414870626786,0.6921179227827803
Bunyaviricetes,esm2_t12_35M_UR50D,35M,LoRA,7,0.5240764021873474,0.7111138522264709
Bunyaviricetes,esm2_t12_35M_UR50D,35M,LoRA,8,0.513728669461082,0.7233255211545578
Bunyaviricetes,esm2_t12_35M_UR50D,35M,LoRA,9,0.5027544919182273,0.735907240656223
Bunyaviricetes,esm2_t12_35M_UR50D,35M,LoRA,10,0.4914533671210794,0.7465153570988035
Bunyaviricetes,esm2_t12_35M_UR50D,35M,LoRA,11,0.4824636192882762,0.7530529172320217
Bunyaviricetes,esm2_t30_150M_UR50D,150M,LoRA,1,0.6682993857299581,0.6416676945849266
Bunyaviricetes,esm2_t30_150M_UR50D,150M,LoRA,2,0.6021473460337695,0.6557296163809054
Bunyaviricetes,esm2_t30_150M_UR50D,150M,LoRA,3,0.5868206024169922,0.6559763167632909
Bunyaviricetes,esm2_t30_150M_UR50D,150M,LoRA,4,0.569841190296061,0.662637227087702
Bunyaviricetes,esm2_t30_150M_UR50D,150M,LoRA,5,0.5607047466670766,0.6670778339706427
Bunyaviricetes,esm2_t30_150M_UR50D,150M,LoRA,6,0.5502311412025901,0.6678179351177994
Bunyaviricetes,esm2_t30_150M_UR50D,150M,LoRA,7,0.53865566499093,0.6715184408535834
Bunyaviricetes,esm2_t30_150M_UR50D,150M,LoRA,8,0.5269419095095467,0.6785494017515727
Bunyaviricetes,esm2_t30_150M_UR50D,150M,LoRA,9,0.515649371287402,0.6921179227827803
Bunyaviricetes,esm2_t30_150M_UR50D,150M,LoRA,10,0.5051976109252256,0.708646848402615
Bunyaviricetes,esm2_t30_150M_UR50D,150M,LoRA,11,0.4923153940369101,0.7241889724929074
Bunyaviricetes,esm2_t30_150M_UR50D,150M,LoRA,12,0.479797808563008,0.7426915011718268
Bunyaviricetes,esm2_t30_150M_UR50D,150M,LoRA,13,0.4725075206335853,0.7520661157024794
Bunyaviricetes,esm2_t30_150M_UR50D,150M,LoRA,14,0.4635559004895827,0.761317380041939
Bunyaviricetes,esm2_t30_150M_UR50D,150M,LoRA,15,0.449559104793212,0.7764894535586531
Bunyaviricetes,esm2_t30_150M_UR50D,150M,LoRA,16,0.4419978111982345,0.7833970642654496
Bunyaviricetes,esm2_t30_150M_UR50D,150M,LoRA,17,0.4335277588928447,0.7924016282225237
Bunyaviricetes,esm2_t30_150M_UR50D,150M,LoRA,18,0.4270302197512458,0.7968422351054644
Bunyaviricetes,esm2_t30_150M_UR50D,150M,LoRA,19,0.4158136993646621,0.8057234488713457
Bunyaviricetes,esm2_t30_150M_UR50D,150M,LoRA,20,0.409534636665793,0.8099173553719008
Bunyaviricetes,esm2_t30_150M_UR50D,150M,base,1,0.6368614645565257,0.6538793635130135
Bunyaviricetes,esm2_t30_150M_UR50D,150M,base,2,0.5901456510319429,0.6556062661897126
Bunyaviricetes,esm2_t30_150M_UR50D,150M,base,3,0.573062447940602,0.6556062661897126
Bunyaviricetes,esm2_t30_150M_UR50D,150M,base,4,0.5593761906904333,0.6574565190576045
Bunyaviricetes,esm2_t30_150M_UR50D,150M,base,5,0.5483067018144271,0.6673245343530283
Bunyaviricetes,esm2_t30_150M_UR50D,150M,base,6,0.5368261915795943,0.6843468607376342
Bunyaviricetes,esm2_t30_150M_UR50D,150M,base,7,0.5238323947962593,0.7034661403725175
Bunyaviricetes,esm2_t30_150M_UR50D,150M,base,8,0.5112991210292367,0.720735167139509
Bunyaviricetes,esm2_t30_150M_UR50D,150M,base,9,0.499028998262742,0.738990995436043
Bunyaviricetes,esm2_t30_150M_UR50D,150M,base,10,0.4838233520002926,0.7584803256445047
Bunyaviricetes,esm2_t30_150M_UR50D,150M,base,11,0.4707574020413791,0.7671148390280005
Bunyaviricetes,esm2_t30_150M_UR50D,150M,base,12,0.4565724888268639,0.7815468113975577
Bunyaviricetes,esm2_t30_150M_UR50D,150M,base,13,0.4439694969093098,0.7889478228691255
Bunyaviricetes,esm2_t30_150M_UR50D,150M,base,14,0.4321991643484901,0.7994325891205132
Bunyaviricetes,esm2_t30_150M_UR50D,150M,base,15,0.4219451406422783,0.8063401998273098
Bunyaviricetes,esm2_t30_150M_UR50D,150M,base,16,0.4111345340223873,0.8121376588133712
Bunyaviricetes,esm2_t30_150M_UR50D,150M,base,17,0.4000498529742746,0.8222523744911805
Bunyaviricetes,esm2_t30_150M_UR50D,150M,base,18,0.3903181701898575,0.8280498334772419
Bunyaviricetes,esm2_t30_150M_UR50D,150M,base,19,0.3819112269317402,0.8275564327124707
Bunyaviricetes,esm2_t30_150M_UR50D,150M,base,20,0.3713443700005026,0.8347107438016529
Bunyaviricetes,esm2_t30_150M_UR50D,150M,full,1,0.649390681701548,0.6542494140865919
Bunyaviricetes,esm2_t30_150M_UR50D,150M,full,2,0.6135424550841836,0.6557296163809054
Bunyaviricetes,esm2_t30_150M_UR50D,150M,full,3,0.6044237771454979,0.6557296163809054
Bunyaviricetes,esm2_t30_150M_UR50D,150M,full,4,0.5964253036414876,0.6557296163809054
Bunyaviricetes,esm2_t30_150M_UR50D,150M,full,5,0.5909399214912864,0.6557296163809054
Bunyaviricetes,esm2_t30_150M_UR50D,150M,full,6,0.5868705072823692,0.6557296163809054
Bunyaviricetes,esm2_t30_150M_UR50D,150M,full,7,0.5819612198016223,0.6557296163809054
Bunyaviricetes,esm2_t30_150M_UR50D,150M,full,8,0.5790384359219495,0.6557296163809054
Bunyaviricetes,esm2_t30_150M_UR50D,150M,full,9,0.5760522677617914,0.6557296163809054
Bunyaviricetes,esm2_t30_150M_UR50D,150M,full,10,0.5725247667116278,0.6557296163809054
Bunyaviricetes,esm2_t30_150M_UR50D,150M,full,11,0.5711095245445476,0.6557296163809054
Bunyaviricetes,esm2_t30_150M_UR50D,150M,full,12,0.5693001659477458,0.6557296163809054
Bunyaviricetes,esm2_t30_150M_UR50D,150M,full,13,0.5666117440251743,0.6557296163809054
Bunyaviricetes,esm2_t30_150M_UR50D,150M,full,14,0.5649528661194969,0.6557296163809054
Bunyaviricetes,esm2_t30_150M_UR50D,150M,full,15,0.5614730628097758,0.6557296163809054
Bunyaviricetes,esm2_t30_150M_UR50D,150M,full,16,0.5604435591136708,0.6557296163809054
Bunyaviricetes,esm2_t30_150M_UR50D,150M,full,17,0.5582157794167014,0.6557296163809054
Bunyaviricetes,esm2_t30_150M_UR50D,150M,full,18,0.5547927951111513,0.6557296163809054
Bunyaviricetes,esm2_t6_8M_UR50D,8M,full,1,0.6418993911322426,0.6466017022326385
Bunyaviricetes,esm2_t6_8M_UR50D,8M,full,2,0.6087760224061853,0.6557296163809054
Bunyaviricetes,esm2_t6_8M_UR50D,8M,full,3,0.5946185816736782,0.6557296163809054
Bunyaviricetes,esm2_t6_8M_UR50D,8M,full,4,0.5862933642723981,0.6557296163809054
Bunyaviricetes,esm2_t6_8M_UR50D,8M,full,5,0.5786038742345923,0.6557296163809054
Bunyaviricetes,esm2_t6_8M_UR50D,8M,full,6,0.5748789503293879,0.6557296163809054
Bunyaviricetes,esm2_t6_8M_UR50D,8M,full,7,0.5705410487511579,0.6563463673368694
Bunyaviricetes,esm2_t6_8M_UR50D,8M,full,8,0.5670678089646732,0.6567164179104478
Bunyaviricetes,esm2_t6_8M_UR50D,8M,full,9,0.5651318010161904,0.6574565190576045
Bunyaviricetes,esm2_t6_8M_UR50D,8M,full,10,0.5625286873649148,0.6583199703959541
Bunyaviricetes,esm2_t6_8M_UR50D,8M,full,11,0.5598477282944847,0.6585666707783397
Bunyaviricetes,esm2_t6_8M_UR50D,8M,full,12,0.5586372999583974,0.6586900209695326
Bunyaviricetes,esm2_t6_8M_UR50D,8M,full,13,0.5557332003817839,0.6590600715431109
Bunyaviricetes,esm2_t6_8M_UR50D,8M,full,14,0.553982675075531,0.658936721351918
Bunyaviricetes,esm2_t6_8M_UR50D,8M,full,15,0.5520563528818243,0.6590600715431109
Bunyaviricetes,esm2_t6_8M_UR50D,8M,full,16,0.5506727274726418,0.6598001726902677
Bunyaviricetes,esm2_t6_8M_UR50D,8M,full,17,0.5485356520203983,0.6599235228814605
Bunyaviricetes,esm2_t6_8M_UR50D,8M,full,18,0.5478344734977273,0.6598001726902677
Bunyaviricetes,esm2_t6_8M_UR50D,8M,full,19,0.5461517712649178,0.6612803749845813
Bunyaviricetes,esm2_t6_8M_UR50D,8M,full,20,0.544527167783064,0.66078697421981
Bunyaviricetes,esm2_t6_8M_UR50D,8M,base,1,0.6415040843627032,0.6242753176267424
Bunyaviricetes,esm2_t6_8M_UR50D,8M,base,2,0.5997855154907002,0.6557296163809054
Bunyaviricetes,esm2_t6_8M_UR50D,8M,base,3,0.5812433554845697,0.6556062661897126
Bunyaviricetes,esm2_t6_8M_UR50D,8M,base,4,0.5685177760965684,0.6559763167632909
Bunyaviricetes,esm2_t6_8M_UR50D,8M,base,5,0.5590265621157253,0.66078697421981
Bunyaviricetes,esm2_t6_8M_UR50D,8M,base,6,0.5506578806568595,0.6727519427655113
Bunyaviricetes,esm2_t6_8M_UR50D,8M,base,7,0.542542345383588,0.6783027013691871
Bunyaviricetes,esm2_t6_8M_UR50D,8M,base,8,0.5342830209171071,0.6854570124583693
Bunyaviricetes,esm2_t6_8M_UR50D,8M,base,9,0.5275134146213531,0.6942148760330579
Bunyaviricetes,esm2_t6_8M_UR50D,8M,base,10,0.519687599995557,0.7066732453435303
Bunyaviricetes,esm2_t6_8M_UR50D,8M,base,11,0.5103625918135923,0.7175280621684964
Bunyaviricetes,esm2_t6_8M_UR50D,8M,base,12,0.5031122880823472,0.7259158751696065
Bunyaviricetes,esm2_t6_8M_UR50D,8M,base,13,0.4955853819847107,0.7366473418033798
Bunyaviricetes,esm2_t6_8M_UR50D,8M,base,14,0.4898841696627,0.7471321080547675
Bunyaviricetes,esm2_t6_8M_UR50D,8M,base,15,0.4813972851809333,0.7499691624522018
Bunyaviricetes,esm2_t6_8M_UR50D,8M,base,16,0.4761554248192731,0.7544097693351425
Bunyaviricetes,esm2_t6_8M_UR50D,8M,base,17,0.4687497160013984,0.7619341309979031
Bunyaviricetes,esm2_t6_8M_UR50D,8M,base,18,0.4629760700113633,0.7666214382632293
Bunyaviricetes,esm2_t6_8M_UR50D,8M,base,19,0.4574716915102566,0.773529048970026
Bunyaviricetes,esm2_t6_8M_UR50D,8M,base,20,0.4513337717336766,0.7745158504995683
Bunyaviricetes,esm2_t12_35M_UR50D,35M,base,1,0.6414751515668982,0.6317996792895029
Bunyaviricetes,esm2_t12_35M_UR50D,35M,base,2,0.5937059153528774,0.6557296163809054
Bunyaviricetes,esm2_t12_35M_UR50D,35M,base,3,0.5760944555787479,0.6557296163809054
Bunyaviricetes,esm2_t12_35M_UR50D,35M,base,4,0.5641885469941532,0.6584433205871469
Bunyaviricetes,esm2_t12_35M_UR50D,35M,base,5,0.5535337626934052,0.6670778339706427
Bunyaviricetes,esm2_t12_35M_UR50D,35M,base,6,0.5444586610092836,0.6744788454422105
Bunyaviricetes,esm2_t12_35M_UR50D,35M,base,7,0.5360636746182161,0.6808930553842358
Bunyaviricetes,esm2_t12_35M_UR50D,35M,base,8,0.5261816960923812,0.6961884790921425
Bunyaviricetes,esm2_t12_35M_UR50D,35M,base,9,0.5176049260532155,0.7104971012705069
Bunyaviricetes,esm2_t12_35M_UR50D,35M,base,10,0.5080067217350006,0.7222153694338226
Bunyaviricetes,esm2_t12_35M_UR50D,35M,base,11,0.4982929107020883,0.7345503885531023
Bunyaviricetes,esm2_t12_35M_UR50D,35M,base,12,0.4895402368377237,0.7446651042309116
Bunyaviricetes,esm2_t12_35M_UR50D,35M,full,1,0.6547263387371512,0.6209448624645368
Bunyaviricetes,esm2_t12_35M_UR50D,35M,full,2,0.6015088014742908,0.6558529665720982
Bunyaviricetes,esm2_t12_35M_UR50D,35M,full,3,0.5939258249366984,0.6556062661897126
Bunyaviricetes,esm2_t12_35M_UR50D,35M,full,4,0.5897387669366949,0.6540027137042063
Bunyaviricetes,esm2_t12_35M_UR50D,35M,full,5,0.5843372888424817,0.655359565807327
Bunyaviricetes,esm2_t12_35M_UR50D,35M,full,6,0.5817087064771091,0.6542494140865919
Bunyaviricetes,esm2_t12_35M_UR50D,35M,full,7,0.5795538758530336,0.6541260638953991
Bunyaviricetes,esm2_t12_35M_UR50D,35M,full,8,0.5772554050473606,0.6531392623658566
Bunyaviricetes,esm2_t12_35M_UR50D,35M,full,9,0.5746557169100818,0.654742814851363
Bunyaviricetes,esm2_t12_35M_UR50D,35M,full,10,0.5729374499881968,0.6546194646601702
Bunyaviricetes,esm2_t12_35M_UR50D,35M,full,11,0.571000032565173,0.6556062661897126
Bunyaviricetes,esm2_t12_35M_UR50D,35M,full,12,0.5695803849136128,0.655359565807327
Bunyaviricetes,esm2_t12_35M_UR50D,35M,full,13,0.5667651172946481,0.6580732700135685
Bunyaviricetes,esm2_t12_35M_UR50D,35M,full,14,0.5651130378246307,0.6579499198223757
Bunyaviricetes,esm2_t12_35M_UR50D,35M,full,15,0.5637590359239018,0.6584433205871469
Bunyaviricetes,esm2_t12_35M_UR50D,35M,full,16,0.5620033215073978,0.6609103244110028
Bunyaviricetes,esm2_t12_35M_UR50D,35M,full,17,0.559937620864195,0.6614037251757741
Bunyaviricetes,esm2_t12_35M_UR50D,35M,full,18,0.5596460051396314,0.6633773282348587
Bunyaviricetes,esm2_t12_35M_UR50D,35M,full,19,0.558170769144507,0.6621438263229308
Bunyaviricetes,esm2_t12_35M_UR50D,35M,full,20,0.5565918193143957,0.6630072776612804
