Fold,Label,Prob,Preds
1,0,0.8859793,1
1,0,0.5919862,1
1,0,0.886674,1
1,0,0.7768643,1
1,0,0.56162506,1
1,0,0.4909929,0
1,0,0.49813253,0
1,0,0.72296226,1
1,0,0.5399879,1
1,0,0.34849593,0
1,0,0.61299694,1
1,0,0.6647071,1
1,1,0.47950694,0
1,1,0.42715606,0
1,1,0.28454447,0
1,1,0.5238777,1
1,1,0.63933116,1
1,1,0.31985256,0
1,1,0.47830918,0
1,1,0.5898622,1
1,1,0.8282095,1
1,1,0.6257504,1
1,1,0.80865103,1
1,1,0.70910674,1
1,1,0.7668353,1
1,1,0.7952404,1
1,1,0.6276356,1
1,1,0.57638985,1
1,1,0.7323558,1
1,1,0.61865777,1
1,1,0.6483289,1
1,1,0.5764966,1
1,1,0.625182,1
1,0,0.59636307,1
1,0,0.67367846,1
1,0,0.5374133,1
1,0,0.62083346,1
1,0,0.58093303,1
1,0,0.5597361,1
1,0,0.7255395,1
1,0,0.7530981,1
1,0,0.60102284,1
1,0,0.57394683,1
1,0,0.6083565,1
1,1,0.52895933,1
1,1,0.5710582,1
1,1,0.6998787,1
1,1,0.7128138,1
1,1,0.6580781,1
1,0,0.6672856,1
1,0,0.5460716,1
1,0,0.5519792,1
1,0,0.53087765,1
1,0,0.53929186,1
1,0,0.47680885,0
1,0,0.7401772,1
1,0,0.5649833,1
1,0,0.6678146,1
1,0,0.6296639,1
1,0,0.65862083,1
1,0,0.55281645,1
1,0,0.59820557,1
1,0,0.44387832,0
1,0,0.47328046,0
1,0,0.6825014,1
1,0,0.6551826,1
1,0,0.4881121,0
1,0,0.4302963,0
1,0,0.3347462,0
1,0,0.72931397,1
1,0,0.46147546,0
1,0,0.62902695,1
1,1,0.5692579,1
1,1,0.65092856,1
1,1,0.48944172,0
1,1,0.6703926,1
1,1,0.64000136,1
1,1,0.6290567,1
1,1,0.64259976,1
1,1,0.58555466,1
1,1,0.6531497,1
1,0,0.7355083,1
1,0,0.77418506,1
1,0,0.71024907,1
1,0,0.48855206,0
1,0,0.45821825,0
1,0,0.47409165,0
1,0,0.43163443,0
1,0,0.30598447,0
1,0,0.32502344,0
1,0,0.49514705,0
1,0,0.51952016,1
1,0,0.36397496,0
1,0,0.39455092,0
1,0,0.5726962,1
1,0,0.5343575,1
1,0,0.43820393,0
1,0,0.49366918,0
1,0,0.5534485,1
1,0,0.4341809,0
1,0,0.49047667,0
1,0,0.6370739,1
1,0,0.67740846,1
1,0,0.52779317,1
1,0,0.6505079,1
1,0,0.64151406,1
1,0,0.7147027,1
1,0,0.69925135,1
1,0,0.5910982,1
1,0,0.5444596,1
1,0,0.6589625,1
1,0,0.61242425,1
1,0,0.6329332,1
1,0,0.57133687,1
1,0,0.6495483,1
1,0,0.57762265,1
1,0,0.62256694,1
1,0,0.45530587,0
1,0,0.7014546,1
1,1,0.7286449,1
1,1,0.47843388,0
1,1,0.44044077,0
1,1,0.57754487,1
1,1,0.5354768,1
1,1,0.39640844,0
1,1,0.26898065,0
1,1,0.24176405,0
1,1,0.4925469,0
1,0,0.44186312,0
1,0,0.73797536,1
1,0,0.56646806,1
1,0,0.63029766,1
1,0,0.52729076,1
1,0,0.5918082,1
1,0,0.32857615,0
1,0,0.6199683,1
1,0,0.43732032,0
1,0,0.47893366,0
1,0,0.50731695,1
1,0,0.3063162,0
1,0,0.43152717,0
1,0,0.51167136,1
1,0,0.42919543,0
1,0,0.67584133,1
1,0,0.42676696,0
1,0,0.53925127,1
1,0,0.5289105,1
1,0,0.4438862,0
1,0,0.6852417,1
1,0,0.77685285,1
1,0,0.7470613,1
1,0,0.5271778,1
1,0,0.703107,1
1,0,0.47245577,0
1,0,0.7064288,1
1,1,0.7540038,1
1,1,0.60627085,1
1,1,0.6033902,1
1,1,0.5547583,1
1,1,0.41153297,0
1,1,0.49654892,0
1,1,0.46616656,0
1,1,0.5984827,1
1,1,0.44049007,0
1,0,0.3907531,0
1,0,0.4274597,0
1,0,0.5983121,1
1,0,0.4600277,0
1,0,0.50939196,1
1,0,0.6129833,1
1,0,0.5993582,1
1,1,0.3755925,0
1,1,0.61925143,1
1,1,0.5114702,1
1,1,0.37295443,0
1,1,0.60662526,1
1,1,0.45750263,0
1,1,0.36989668,0
1,1,0.37937677,0
1,1,0.34839502,0
1,1,0.45381394,0
1,1,0.5121341,1
1,1,0.5030142,1
1,1,0.50723976,1
1,1,0.55801046,1
1,1,0.50116044,1
1,1,0.60416114,1
1,1,0.6579936,1
1,1,0.7183841,1
1,1,0.7596842,1
1,1,0.5914244,1
1,1,0.49501556,0
1,0,0.63418794,1
1,0,0.48555997,0
1,0,0.4886067,0
1,0,0.4204954,0
1,0,0.38228923,0
1,0,0.40284526,0
1,0,0.28587928,0
1,0,0.18690088,0
1,0,0.3517453,0
1,0,0.3458495,0
1,0,0.33843675,0
1,0,0.33641338,0
1,0,0.29850328,0
1,0,0.24601117,0
1,0,0.22103849,0
1,1,0.42858133,0
1,1,0.31271246,0
1,1,0.42824742,0
1,1,0.34011924,0
1,1,0.43824548,0
1,1,0.50093174,1
1,1,0.39284137,0
1,1,0.4357693,0
1,1,0.30360508,0
1,1,0.3669625,0
1,1,0.44582912,0
1,1,0.4751658,0
1,1,0.42118743,0
1,1,0.6260002,1
1,1,0.23264244,0
1,1,0.59126234,1
1,1,0.5050154,1
1,0,0.35988703,0
1,0,0.47480777,0
1,0,0.31727538,0
1,0,0.5400293,1
1,0,0.39075166,0
1,0,0.4707019,0
1,0,0.3768308,0
1,0,0.52340484,1
1,0,0.54510653,1
1,0,0.41618153,0
1,0,0.62961787,1
1,1,0.5045505,1
1,1,0.59286475,1
1,1,0.5200341,1
1,1,0.5168016,1
1,1,0.42334515,0
1,1,0.39813504,0
1,1,0.62842494,1
1,1,0.39648676,0
1,1,0.630142,1
1,1,0.62312055,1
1,1,0.58398473,1
1,1,0.50591236,1
1,1,0.40043792,0
1,1,0.5065287,1
1,1,0.49550703,0
1,1,0.65749747,1
1,1,0.49631464,0
1,1,0.616878,1
1,1,0.39030114,0
1,1,0.5952323,1
1,1,0.5926623,1
1,1,0.39896515,0
1,1,0.53672886,1
1,1,0.5016639,1
1,1,0.39067432,0
1,1,0.42798653,0
1,1,0.37478232,0
1,1,0.5125721,1
1,1,0.35237053,0
1,1,0.30364177,0
1,1,0.29371643,0
1,1,0.4515626,0
1,1,0.4248067,0
1,1,0.6302653,1
1,1,0.6416964,1
1,1,0.51751006,1
1,1,0.47445807,0
1,1,0.49330837,0
1,1,0.43481728,0
1,1,0.6846182,1
1,1,0.58243203,1
1,1,0.43256906,0
1,1,0.5699397,1
1,1,0.5261877,1
1,1,0.6196473,1
1,1,0.5941311,1
1,1,0.45213458,0
1,1,0.5571149,1
1,1,0.59664184,1
1,1,0.42553064,0
1,1,0.49023652,0
1,1,0.47502464,0
1,1,0.6660147,1
1,1,0.4571066,0
1,0,0.5111021,1
1,0,0.52969646,1
1,0,0.44954795,0
1,0,0.4610746,0
1,0,0.39605537,0
1,0,0.43172202,0
1,0,0.43675402,0
1,0,0.37942308,0
1,0,0.29473403,0
1,0,0.35184214,0
1,0,0.3057353,0
1,0,0.53006357,1
1,0,0.62103426,1
1,0,0.54997617,1
1,0,0.6161203,1
1,0,0.3931019,0
1,0,0.56765586,1
1,0,0.6186487,1
1,0,0.51280797,1
1,0,0.7849838,1
1,0,0.6597618,1
1,0,0.7886062,1
1,0,0.7038519,1
1,0,0.7405916,1
1,0,0.6449484,1
1,0,0.45556757,0
1,0,0.56360924,1
1,0,0.5989756,1
1,0,0.48378488,0
1,0,0.5857461,1
1,0,0.51297575,1
1,1,0.58975834,1
1,1,0.48227665,0
1,1,0.3383094,0
1,1,0.3734868,0
1,1,0.48708087,0
1,1,0.4513177,0
1,1,0.43280903,0
1,1,0.38734615,0
1,1,0.3385433,0
1,1,0.45599338,0
1,1,0.4845232,0
1,1,0.47587392,0
1,0,0.5905892,1
1,0,0.60087675,1
1,0,0.5889551,1
1,0,0.6553221,1
1,0,0.59446794,1
1,0,0.5087563,1
1,0,0.45157495,0
1,0,0.5074096,1
1,0,0.4814181,0
1,0,0.530537,1
1,0,0.38292646,0
1,0,0.5244692,1
1,1,0.56863546,1
1,1,0.5653551,1
1,1,0.59848744,1
1,1,0.4254737,0
1,1,0.455935,0
1,0,0.4684421,0
1,0,0.44912624,0
1,0,0.555687,1
1,0,0.43371716,0
1,0,0.3029587,0
1,0,0.573742,1
1,0,0.35319856,0
1,0,0.3442798,0
1,0,0.44658753,0
1,0,0.48772234,0
1,0,0.32503378,0
1,0,0.38033554,0
1,0,0.28893447,0
1,0,0.40075237,0
1,0,0.3272036,0
1,0,0.45542178,0
1,0,0.22770354,0
1,0,0.48396066,0
1,0,0.40022635,0
1,0,0.60515636,1
1,0,0.30999148,0
1,0,0.30836275,0
1,0,0.46470305,0
1,0,0.52632666,1
1,0,0.49350604,0
1,0,0.7383513,1
1,0,0.540544,1
1,0,0.54661506,1
1,0,0.63093126,1
1,0,0.5524723,1
1,0,0.45616475,0
1,0,0.43734524,0
1,0,0.5707885,1
1,0,0.62916416,1
1,0,0.4196652,0
1,0,0.60927105,1
1,0,0.3277052,0
1,0,0.5233848,1
1,0,0.39624652,0
1,0,0.578576,1
1,0,0.5750852,1
1,0,0.27618313,0
1,0,0.5907329,1
1,0,0.4790853,0
1,0,0.5349887,1
1,0,0.43016243,0
1,0,0.5397975,1
1,0,0.5393473,1
1,0,0.3634955,0
1,0,0.43137226,0
1,0,0.6314543,1
1,0,0.5462809,1
1,0,0.40047118,0
1,0,0.41367102,0
1,0,0.30058837,0
1,0,0.37080494,0
1,0,0.5186792,1
1,0,0.4140268,0
1,0,0.5875769,1
1,0,0.63041025,1
1,0,0.38303107,0
1,0,0.2891048,0
1,0,0.507954,1
1,0,0.37165615,0
1,0,0.55392367,1
1,0,0.53896123,1
1,0,0.7663773,1
1,0,0.6411244,1
1,0,0.53929806,1
1,0,0.44843227,0
1,0,0.72878104,1
1,0,0.7727227,1
1,0,0.5604551,1
1,0,0.6146158,1
1,0,0.6754164,1
1,0,0.5336548,1
1,0,0.47216818,0
1,0,0.45311537,0
1,0,0.39339182,0
1,0,0.5496573,1
1,0,0.61863154,1
1,0,0.2409947,0
1,0,0.2949346,0
1,0,0.3091539,0
1,0,0.49581778,0
1,0,0.40525642,0
1,0,0.32140815,0
1,0,0.5544285,1
1,0,0.27893478,0
1,0,0.63653123,1
1,0,0.4759431,0
1,0,0.567841,1
1,0,0.4818322,0
1,0,0.37958565,0
1,0,0.55374724,1
1,0,0.2619866,0
1,0,0.5938962,1
1,0,0.5556776,1
1,0,0.542977,1
1,0,0.38264546,0
1,0,0.5830688,1
1,0,0.5603805,1
1,0,0.48451236,0
1,0,0.463473,0
1,0,0.51189727,1
1,0,0.57908386,1
1,0,0.6331169,1
1,0,0.5246384,1
1,0,0.48882693,0
1,0,0.59789234,1
1,0,0.39083114,0
1,0,0.6358155,1
1,0,0.5195335,1
1,0,0.48506606,0
1,0,0.6496095,1
1,0,0.48104975,0
1,0,0.5229729,1
1,0,0.71069545,1
1,0,0.6013769,1
1,0,0.5769272,1
1,0,0.5809119,1
1,0,0.67013407,1
1,0,0.6574976,1
1,0,0.49044687,0
1,0,0.5871381,1
1,1,0.1982415,0
1,1,0.26173037,0
1,1,0.29138848,0
1,1,0.21400857,0
1,1,0.108524345,0
1,1,0.1805001,0
1,1,0.12634364,0
1,1,0.24513035,0
1,1,0.22621042,0
1,1,0.6841044,1
1,1,0.7298043,1
1,1,0.71105975,1
1,1,0.6466248,1
1,1,0.5580365,1
1,1,0.5991887,1
1,1,0.502202,1
1,1,0.685952,1
1,1,0.7322562,1
1,1,0.7092545,1
1,1,0.6841387,1
1,1,0.70108104,1
1,1,0.80189943,1
1,1,0.6838443,1
1,1,0.80606824,1
1,1,0.85614586,1
1,1,0.77893025,1
1,1,0.806539,1
1,1,0.67896837,1
1,1,0.7364144,1
1,1,0.8292136,1
1,1,0.5650077,1
1,1,0.7846827,1
1,1,0.69669604,1
1,1,0.8697684,1
1,1,0.80015385,1
1,1,0.9037255,1
1,1,0.773274,1
1,1,0.7779164,1
1,1,0.8299121,1
1,1,0.65618503,1
1,1,0.78085506,1
1,1,0.8584232,1
1,1,0.7592763,1
1,1,0.7685292,1
1,1,0.66082656,1
1,1,0.6151029,1
1,1,0.66339546,1
1,1,0.61017257,1
1,1,0.5839648,1
1,1,0.62971514,1
1,1,0.6510365,1
1,1,0.5370137,1
1,1,0.68326175,1
1,1,0.7882119,1
1,1,0.7796027,1
1,1,0.75949967,1
1,1,0.761071,1
1,1,0.52611214,1
1,1,0.73228085,1
1,1,0.80823034,1
1,1,0.77009714,1
1,1,0.74121326,1
1,1,0.5770342,1
1,1,0.6622242,1
1,1,0.4383253,0
1,1,0.21303973,0
1,1,0.54556316,1
1,1,0.44741473,0
1,1,0.4598033,0
1,1,0.41769654,0
1,1,0.53911763,1
1,1,0.43914485,0
1,1,0.43893138,0
1,1,0.446184,0
1,1,0.36598343,0
1,1,0.36529237,0
1,1,0.48437354,0
1,1,0.2675791,0
1,1,0.43868232,0
1,1,0.34967634,0
1,1,0.40880272,0
1,1,0.5972986,1
1,1,0.58994985,1
1,1,0.6095598,1
1,1,0.5744108,1
1,1,0.5582452,1
1,1,0.67136216,1
1,1,0.58231974,1
1,1,0.45450833,0
1,1,0.5219989,1
1,1,0.72108316,1
1,1,0.7320234,1
1,1,0.6491612,1
1,1,0.62553775,1
1,1,0.7203892,1
1,1,0.5891802,1
1,1,0.8045634,1
1,1,0.7479025,1
1,1,0.7274035,1
1,1,0.6808829,1
1,1,0.79918367,1
1,1,0.71435815,1
1,1,0.64866394,1
1,1,0.7077661,1
1,1,0.7463882,1
1,1,0.80814797,1
1,1,0.7278289,1
1,1,0.68938875,1
1,1,0.77203345,1
1,1,0.8264251,1
1,1,0.7889311,1
1,1,0.7680874,1
1,1,0.7256282,1
1,1,0.8324871,1
1,1,0.80263674,1
1,1,0.86994857,1
1,1,0.81106293,1
1,1,0.852155,1
1,1,0.8295086,1
1,1,0.84206164,1
1,1,0.84099513,1
1,1,0.8229512,1
1,1,0.6081109,1
1,1,0.8272452,1
1,1,0.88807,1
1,1,0.7812571,1
1,1,0.70400405,1
1,1,0.6182213,1
1,1,0.43450245,0
1,1,0.45179433,0
1,1,0.3338339,0
1,1,0.81412506,1
1,1,0.60461915,1
1,1,0.23687695,0
1,1,0.20421436,0
1,1,0.5346726,1
1,1,0.16197202,0
1,1,0.28797722,0
1,1,0.31356883,0
1,1,0.47170153,0
1,1,0.265303,0
1,1,0.1946285,0
1,1,0.36578616,0
1,1,0.22851142,0
1,1,0.1562871,0
1,1,0.15470561,0
1,1,0.21436912,0
1,1,0.100362614,0
1,1,0.06880295,0
1,1,0.08757432,0
1,1,0.1403236,0
1,1,0.20323563,0
1,1,0.18643293,0
1,1,0.26785842,0
1,1,0.8274094,1
1,1,0.43793675,0
1,1,0.615604,1
1,1,0.77318907,1
1,1,0.781652,1
1,1,0.7615595,1
1,1,0.62806225,1
1,1,0.9280682,1
1,1,0.39375797,0
1,1,0.4508909,0
1,1,0.5871227,1
1,1,0.49655762,0
1,1,0.31560707,0
1,1,0.4709363,0
1,1,0.26762155,0
1,1,0.22474569,0
1,1,0.33842802,0
1,1,0.37822917,0
1,1,0.69022006,1
1,1,0.42424682,0
1,1,0.19700468,0
1,1,0.27981538,0
1,1,0.24520051,0
1,1,0.3810498,0
1,1,0.15581964,0
1,1,0.19209594,0
1,1,0.19449583,0
1,1,0.10079466,0
1,1,0.112297125,0
1,1,0.31674954,0
1,1,0.29777372,0
1,1,0.5988057,1
1,1,0.693335,1
1,1,0.9512881,1
1,1,0.97405595,1
1,1,0.9321209,1
1,1,0.9754015,1
1,1,0.9225281,1
1,1,0.9646332,1
1,1,0.979395,1
1,1,0.9396292,1
1,1,0.9123278,1
1,1,0.9564883,1
1,1,0.95576674,1
1,1,0.97659814,1
1,1,0.85709447,1
1,1,0.9300108,1
1,1,0.9778567,1
1,1,0.9792853,1
1,1,0.9588574,1
1,1,0.9882734,1
1,1,0.980911,1
1,1,0.979545,1
1,1,0.9795725,1
1,1,0.9140536,1
1,1,0.9657163,1
1,1,0.98745966,1
1,1,0.99034613,1
1,1,0.97432035,1
1,1,0.9910122,1
1,1,0.9833702,1
1,1,0.98710525,1
1,1,0.99184567,1
1,1,0.9720139,1
1,1,0.9501717,1
1,0,0.9924005,1
1,0,0.9809202,1
1,0,0.9211703,1
1,0,0.9625243,1
1,0,0.93107265,1
1,0,0.9345255,1
1,0,0.96809614,1
1,0,0.9900709,1
1,0,0.9899624,1
1,0,0.97055066,1
1,0,0.91039675,1
1,0,0.9074888,1
1,0,0.9895447,1
1,0,0.92927694,1
1,1,0.9855047,1
1,1,0.9501601,1
1,1,0.9892147,1
1,1,0.98645175,1
1,1,0.92097586,1
1,1,0.92757,1
1,1,0.9491874,1
1,1,0.93589884,1
1,1,0.96254176,1
1,1,0.96424925,1
1,1,0.943953,1
1,0,0.664648,1
1,0,0.97428334,1
1,0,0.95040166,1
1,0,0.95372474,1
1,0,0.95236164,1
1,0,0.973881,1
1,0,0.96574926,1
1,0,0.9684683,1
1,0,0.9685832,1
1,0,0.96360517,1
1,0,0.9652713,1
1,0,0.977409,1
1,0,0.9597954,1
1,1,0.97147524,1
1,1,0.9711194,1
1,1,0.981518,1
1,1,0.9738831,1
1,1,0.91843444,1
1,1,0.9767547,1
1,1,0.9659014,1
1,1,0.9552872,1
1,1,0.936091,1
1,1,0.9881594,1
1,1,0.9741233,1
1,0,0.9799958,1
1,0,0.91883904,1
1,0,0.96366096,1
1,0,0.9799254,1
1,0,0.93791115,1
1,0,0.9774341,1
1,0,0.98270863,1
1,0,0.94606555,1
1,0,0.9846538,1
1,0,0.9725938,1
1,0,0.96721095,1
1,0,0.9587398,1
1,0,0.9414762,1
1,0,0.83463156,1
1,0,0.87347084,1
1,0,0.9359168,1
1,0,0.8483115,1
1,0,0.95600945,1
1,0,0.953749,1
1,1,0.9647749,1
1,1,0.84869385,1
1,1,0.97814924,1
1,1,0.9621472,1
1,1,0.9642443,1
1,1,0.979159,1
1,1,0.9581879,1
1,1,0.9481141,1
1,0,0.8849057,1
1,0,0.93708324,1
1,0,0.8608915,1
1,0,0.74934024,1
1,0,0.8134111,1
1,0,0.93592584,1
1,0,0.803397,1
1,0,0.33143932,0
1,0,0.3235289,0
1,0,0.19041158,0
1,0,0.31174004,0
1,0,0.3335332,0
1,0,0.25672033,0
1,0,0.30279636,0
1,0,0.16477324,0
1,0,0.19149782,0
1,0,0.10498849,0
1,0,0.22934023,0
1,0,0.2902295,0
1,0,0.21839714,0
1,0,0.16745153,0
1,0,0.32904986,0
1,0,0.13800025,0
1,0,0.20463125,0
1,0,0.27129245,0
1,0,0.2653401,0
1,0,0.40975794,0
1,0,0.10442714,0
1,0,0.29600525,0
1,0,0.13382497,0
1,0,0.16255166,0
1,0,0.15019694,0
1,0,0.117149085,0
1,0,0.13432041,0
1,0,0.09777783,0
1,0,0.13240454,0
1,0,0.092924885,0
1,0,0.18726076,0
1,0,0.16615133,0
1,0,0.118601404,0
1,0,0.13219412,0
1,0,0.15514947,0
1,0,0.19489162,0
1,0,0.1493901,0
1,0,0.08894806,0
1,0,0.19809222,0
1,0,0.15793315,0
1,0,0.13300464,0
1,0,0.3161142,0
1,0,0.22874731,0
1,0,0.21947196,0
1,0,0.1453445,0
1,0,0.42854795,0
1,0,0.17910948,0
1,1,0.75309676,1
1,1,0.56570727,1
1,1,0.66385555,1
1,1,0.6997838,1
1,1,0.5618916,1
1,1,0.61631066,1
1,1,0.70525557,1
1,1,0.642683,1
1,1,0.69129664,1
1,1,0.73806924,1
1,1,0.6789253,1
1,1,0.7395406,1
1,1,0.82395333,1
1,1,0.7125405,1
1,1,0.76112145,1
1,1,0.7059239,1
1,1,0.8050936,1
1,1,0.49938107,0
1,1,0.10853713,0
1,1,0.3691215,0
1,1,0.26782224,0
1,1,0.49098873,0
1,1,0.18966483,0
1,1,0.11439457,0
1,1,0.19434434,0
1,1,0.14702107,0
1,1,0.11044351,0
1,1,0.13973495,0
1,1,0.18269424,0
1,1,0.16021456,0
1,1,0.20141098,0
1,1,0.344384,0
1,1,0.27632448,0
1,1,0.32807136,0
1,1,0.32177752,0
1,1,0.1892885,0
1,1,0.3077594,0
1,1,0.32776266,0
1,1,0.24950026,0
1,1,0.29058468,0
1,1,0.1549336,0
1,1,0.19165726,0
1,1,0.39435506,0
1,1,0.18103538,0
1,1,0.3581204,0
1,1,0.12138186,0
1,1,0.23222396,0
1,1,0.29285175,0
1,1,0.33246285,0
1,1,0.28860202,0
1,1,0.30428255,0
1,1,0.39907753,0
1,1,0.2683092,0
1,1,0.46108362,0
1,1,0.29314348,0
1,1,0.66009337,1
1,1,0.52518356,1
1,1,0.78840595,1
1,1,0.6344599,1
1,1,0.42540407,0
1,1,0.63616484,1
1,1,0.859211,1
1,1,0.7123896,1
1,1,0.8592656,1
1,1,0.77024645,1
1,1,0.71451944,1
1,1,0.76213646,1
1,1,0.7767861,1
1,1,0.73751515,1
1,1,0.8693895,1
1,1,0.6833815,1
1,1,0.72552025,1
1,1,0.68871236,1
1,1,0.30346537,0
1,1,0.6579332,1
1,1,0.51893204,1
1,1,0.5155076,1
1,1,0.69167006,1
1,1,0.41854417,0
1,1,0.7198756,1
1,1,0.56378466,1
1,1,0.7281005,1
1,1,0.21421959,0
1,1,0.2765011,0
1,1,0.49254793,0
1,1,0.16524047,0
1,1,0.13362557,0
1,1,0.21667042,0
1,1,0.47514158,0
1,1,0.24490549,0
1,1,0.32498002,0
1,1,0.20638779,0
1,1,0.32826835,0
1,1,0.32872662,0
1,1,0.12295377,0
1,1,0.26776385,0
1,1,0.11272449,0
1,1,0.3549836,0
1,1,0.83997965,1
1,1,0.861466,1
1,1,0.7936495,1
1,1,0.8673018,1
1,1,0.8581765,1
1,1,0.6266887,1
1,1,0.7800762,1
1,1,0.8985592,1
1,1,0.7015763,1
1,1,0.8180477,1
1,1,0.6115803,1
1,1,0.4449304,0
1,1,0.8500511,1
1,1,0.08569904,0
1,1,0.4147855,0
1,1,0.14627942,0
1,1,0.56635493,1
1,1,0.19315417,0
1,1,0.39450896,0
1,1,0.5909459,1
1,1,0.25657246,0
1,1,0.33862424,0
1,1,0.24188598,0
1,1,0.52111506,1
1,1,0.30888215,0
1,1,0.16049528,0
1,1,0.4644689,0
1,1,0.46987575,0
1,1,0.4597588,0
1,1,0.14294964,0
1,1,0.6106912,1
1,1,0.10517734,0
1,1,0.48367894,0
1,1,0.35515526,0
1,1,0.38581717,0
1,1,0.1963696,0
1,1,0.3694635,0
1,1,0.21256654,0
1,1,0.2635677,0
1,1,0.07392892,0
1,1,0.1517578,0
1,1,0.069265075,0
1,1,0.6768122,1
1,1,0.149623,0
1,1,0.34441796,0
1,1,0.23989509,0
1,0,0.12502126,0
1,0,0.4108655,0
1,0,0.25870913,0
1,0,0.34870327,0
1,0,0.26389673,0
1,0,0.32623747,0
1,0,0.52458256,1
1,0,0.25578976,0
1,0,0.26166028,0
1,0,0.28906047,0
1,0,0.08502045,0
1,0,0.14087655,0
1,0,0.14247987,0
1,0,0.20405114,0
1,0,0.24725056,0
1,0,0.06754032,0
1,0,0.11364495,0
1,0,0.19331099,0
1,1,0.44891772,0
1,1,0.24381715,0
1,1,0.24607368,0
1,1,0.27349037,0
1,1,0.17045978,0
1,1,0.35165745,0
1,1,0.2969592,0
1,1,0.18559992,0
1,1,0.1853476,0
1,1,0.30141455,0
1,1,0.4095853,0
1,1,0.29105324,0
1,1,0.33440825,0
1,1,0.22105601,0
1,1,0.24776025,0
1,1,0.1806429,0
1,1,0.24743469,0
1,1,0.15303662,0
1,1,0.1644801,0
1,1,0.19917895,0
1,1,0.25780043,0
1,1,0.22125131,0
1,1,0.2681274,0
1,1,0.29598564,0
1,1,0.074233435,0
1,0,0.32664683,0
1,0,0.33319986,0
1,0,0.2985747,0
1,0,0.20976911,0
1,0,0.2019077,0
1,0,0.19730726,0
1,0,0.17865855,0
1,0,0.18937634,0
1,0,0.15427011,0
1,0,0.27923343,0
1,0,0.1214314,0
1,0,0.15730608,0
1,0,0.039235603,0
1,0,0.083636664,0
1,1,0.2304324,0
1,1,0.22006097,0
1,1,0.26704466,0
1,1,0.24547668,0
1,1,0.33203462,0
1,1,0.2147199,0
1,1,0.23050182,0
1,1,0.2276635,0
1,1,0.5181658,1
1,1,0.19766912,0
1,1,0.12206614,0
1,1,0.3061669,0
1,1,0.2807036,0
1,1,0.13908058,0
1,0,0.40741843,0
1,0,0.6035961,1
1,0,0.8999619,1
1,0,0.88966864,1
1,0,0.82526666,1
1,0,0.8596631,1
1,0,0.8715942,1
1,0,0.69781715,1
1,0,0.90447813,1
1,0,0.7777604,1
1,0,0.72059053,1
1,0,0.48310134,0
1,0,0.34266466,0
1,0,0.34582987,0
1,0,0.105191484,0
1,0,0.3451411,0
1,0,0.15146442,0
1,0,0.28769514,0
1,0,0.6052231,1
1,0,0.67943674,1
1,0,0.16818018,0
1,0,0.5267775,1
1,0,0.34239486,0
1,0,0.16597967,0
1,0,0.4606439,0
1,0,0.5309602,1
1,0,0.27226952,0
1,0,0.5182257,1
1,0,0.3965766,0
1,0,0.3215515,0
1,0,0.38473883,0
1,0,0.083535366,0
1,0,0.567771,1
1,0,0.25894266,0
1,0,0.17634454,0
1,0,0.1433889,0
1,0,0.49259335,0
1,0,0.5987154,1
1,0,0.8215873,1
1,0,0.79655254,1
1,0,0.8925242,1
1,0,0.8670776,1
1,0,0.85350925,1
1,0,0.7611152,1
1,0,0.8119677,1
1,1,0.56357205,1
1,1,0.7455242,1
1,1,0.63363266,1
1,1,0.7897975,1
1,1,0.852656,1
1,1,0.5831752,1
1,1,0.8951963,1
1,1,0.78085583,1
1,1,0.89499384,1
1,1,0.78936005,1
1,1,0.67553425,1
1,1,0.40320513,0
1,1,0.4041008,0
1,1,0.3681413,0
1,1,0.74355865,1
1,0,0.52476704,1
1,0,0.22894427,0
1,0,0.52011,1
1,0,0.4135178,0
1,0,0.6798805,1
1,0,0.5092277,1
1,0,0.6880355,1
1,0,0.6390812,1
1,0,0.57009536,1
1,0,0.38612908,0
1,0,0.47518334,0
1,0,0.26919457,0
1,0,0.4994495,0
1,0,0.6967311,1
1,0,0.28455484,0
1,0,0.6676807,1
1,0,0.24263564,0
1,0,0.491751,0
1,0,0.1334175,0
1,0,0.5192421,1
1,0,0.5263818,1
1,0,0.3499569,0
1,0,0.63687557,1
1,0,0.6315172,1
1,0,0.36840424,0
1,0,0.60308564,1
1,0,0.33651784,0
1,0,0.27444312,0
1,0,0.5477153,1
1,0,0.57929367,1
1,0,0.78013873,1
1,0,0.554808,1
1,0,0.3072447,0
1,0,0.5330047,1
1,0,0.50026107,1
1,0,0.5415326,1
1,0,0.4667118,0
1,0,0.37773705,0
1,0,0.16021287,0
1,0,0.13984607,0
1,0,0.22271699,0
1,0,0.08159973,0
1,0,0.070334114,0
1,0,0.07931105,0
1,0,0.11814603,0
1,0,0.24009119,0
1,0,0.8856561,1
1,0,0.78919405,1
1,0,0.7700134,1
1,0,0.54161876,1
1,0,0.5458887,1
1,0,0.5137773,1
1,0,0.6339905,1
1,0,0.7765279,1
1,0,0.81303847,1
1,0,0.93607455,1
1,0,0.7655661,1
1,0,0.6316441,1
1,0,0.5166825,1
1,0,0.16263583,0
1,0,0.48737934,0
1,0,0.46524754,0
1,0,0.26272953,0
1,0,0.5370994,1
1,0,0.6870955,1
1,0,0.61708903,1
1,0,0.53631735,1
1,0,0.32063973,0
1,0,0.45277599,0
1,0,0.12163312,0
1,0,0.24587785,0
1,0,0.8304985,1
1,0,0.37987962,0
1,0,0.2760008,0
1,0,0.5025801,1
1,0,0.08296342,0
1,0,0.459937,0
1,0,0.8424995,1
1,0,0.66386896,1
1,0,0.69177026,1
1,0,0.6250074,1
1,0,0.77569914,1
1,0,0.7383918,1
1,0,0.8843199,1
1,0,0.8880933,1
1,0,0.7140103,1
1,0,0.7002474,1
1,0,0.4882803,0
1,0,0.8398665,1
1,0,0.66596055,1
1,0,0.44250777,0
1,0,0.33279297,0
1,0,0.4408664,0
1,0,0.22026375,0
1,0,0.44401664,0
1,0,0.42024487,0
1,0,0.4142021,0
1,0,0.30235377,0
1,0,0.29952863,0
1,0,0.64064723,1
1,0,0.5798154,1
1,0,0.40994495,0
1,0,0.3799648,0
1,0,0.7121508,1
1,0,0.6463415,1
1,1,0.6470508,1
1,1,0.51638734,1
1,1,0.6823634,1
1,1,0.49333426,0
1,1,0.30762225,0
1,1,0.6000249,1
1,1,0.6753557,1
1,1,0.5179737,1
1,1,0.8968379,1
1,1,0.63959813,1
1,1,0.7102646,1
1,1,0.57417095,1
1,1,0.19123384,0
1,1,0.4307035,0
1,1,0.39037126,0
1,0,0.53687894,1
1,0,0.74722403,1
1,0,0.76538604,1
1,0,0.6697676,1
1,0,0.63236076,1
1,0,0.54486865,1
1,0,0.62830186,1
1,0,0.37227222,0
1,0,0.46929467,0
1,0,0.57399815,1
1,0,0.12244979,0
1,0,0.27052516,0
1,0,0.41049603,0
1,0,0.11591403,0
1,0,0.17090958,0
1,0,0.41708833,0
1,0,0.20105198,0
1,0,0.3038342,0
1,0,0.29250258,0
1,0,0.28654766,0
1,0,0.27083945,0
1,0,0.2770211,0
1,0,0.32404345,0
1,0,0.45675987,0
1,0,0.51573133,1
1,0,0.51753956,1
1,0,0.64282715,1
1,0,0.59688586,1
1,0,0.66121924,1
1,0,0.5068977,1
1,0,0.40035686,0
1,0,0.5306352,1
1,0,0.14264673,0
1,0,0.7015228,1
1,0,0.32635608,0
1,0,0.8884558,1
1,0,0.6760037,1
1,0,0.5084514,1
1,0,0.7932375,1
1,0,0.53985095,1
1,0,0.58456177,1
1,0,0.39254975,0
1,0,0.25683302,0
1,0,0.31218547,0
1,0,0.23859972,0
1,1,0.30282295,0
1,1,0.2533971,0
1,1,0.48332232,0
1,1,0.5322063,1
1,1,0.21641767,0
1,1,0.6063141,1
1,1,0.38608214,0
1,1,0.67710215,1
1,1,0.48765278,0
1,1,0.1480168,0
1,1,0.63332224,1
1,1,0.10345953,0
1,1,0.5545487,1
1,1,0.5749176,1
1,1,0.9274378,1
1,0,0.6338209,1
1,0,0.9047793,1
1,0,0.8890502,1
1,0,0.72681075,1
1,0,0.60146,1
1,0,0.6431469,1
1,0,0.32524902,0
1,0,0.41179192,0
1,0,0.8095799,1
1,0,0.54033047,1
1,0,0.51113325,1
1,0,0.68194526,1
1,0,0.76611775,1
1,0,0.7962669,1
1,0,0.800314,1
1,0,0.6949724,1
1,0,0.7791956,1
1,0,0.74203825,1
1,0,0.42946327,0
1,0,0.70979524,1
1,0,0.8036201,1
1,0,0.7266293,1
1,0,0.73425585,1
1,0,0.73396593,1
1,0,0.8490461,1
1,0,0.7731675,1
1,0,0.8900993,1
1,0,0.7478004,1
1,0,0.54117006,1
1,0,0.8705373,1
1,0,0.89564556,1
1,0,0.6406582,1
1,0,0.7518938,1
1,0,0.67165685,1
1,0,0.5916971,1
1,0,0.54529643,1
1,0,0.28920454,0
1,0,0.5754803,1
1,0,0.81415457,1
1,0,0.8447378,1
1,0,0.73078966,1
1,0,0.836426,1
1,0,0.89908606,1
1,0,0.8955294,1
1,0,0.6814226,1
1,0,0.6811691,1
1,0,0.5941453,1
1,0,0.26970896,0
1,0,0.5357205,1
1,0,0.4378956,0
1,0,0.5644217,1
1,0,0.5242629,1
1,0,0.228055,0
1,0,0.562679,1
1,0,0.31475914,0
1,0,0.86902004,1
1,0,0.3723782,0
1,0,0.7314089,1
1,0,0.71581906,1
1,0,0.65187514,1
1,0,0.43708253,0
1,0,0.70912117,1
1,0,0.48073694,0
1,0,0.50656444,1
1,0,0.71541446,1
1,0,0.5313,1
1,0,0.22217473,0
1,0,0.50584066,1
1,0,0.1505925,0
1,0,0.59469825,1
1,0,0.456141,0
1,0,0.627934,1
1,0,0.68956405,1
1,0,0.8779566,1
1,0,0.7946204,1
1,0,0.8583995,1
1,0,0.84807616,1
1,0,0.87283474,1
1,0,0.9169748,1
1,0,0.8851016,1
1,0,0.80691177,1
1,0,0.83191043,1
1,0,0.7244836,1
1,0,0.6480513,1
1,0,0.7420032,1
1,0,0.5514565,1
1,0,0.76124847,1
1,0,0.75416833,1
1,0,0.44644848,0
1,0,0.82643837,1
1,0,0.43999845,0
1,0,0.8395117,1
1,0,0.64565706,1
1,0,0.6403154,1
1,0,0.62860066,1
1,0,0.45880318,0
1,0,0.51348865,1
1,0,0.55368435,1
1,0,0.63995695,1
1,0,0.30034736,0
1,0,0.35745767,0
1,0,0.5774438,1
1,0,0.7781399,1
1,0,0.7598158,1
1,0,0.7411039,1
1,0,0.7885863,1
1,0,0.758195,1
1,0,0.6665502,1
1,0,0.7950137,1
1,0,0.8719364,1
1,0,0.6276658,1
1,0,0.702859,1
1,0,0.9179717,1
1,0,0.47494903,0
1,0,0.6133898,1
1,0,0.5259875,1
1,0,0.29051822,0
1,0,0.4624923,0
1,0,0.27073294,0
1,0,0.43549103,0
1,0,0.08692897,0
1,0,0.56838816,1
1,0,0.38862953,0
1,0,0.6299409,1
1,0,0.31941023,0
1,0,0.49129272,0
1,0,0.44843724,0
1,0,0.6731445,1
1,0,0.5142388,1
1,0,0.5808698,1
1,0,0.5499957,1
1,0,0.3233595,0
1,0,0.41103682,0
1,0,0.63341945,1
1,0,0.4349856,0
1,0,0.5751453,1
1,0,0.26163837,0
1,0,0.86922574,1
1,0,0.5479007,1
1,0,0.47981095,0
1,0,0.46382794,0
1,0,0.60288125,1
1,0,0.7692592,1
1,0,0.5891263,1
1,0,0.28889063,0
1,0,0.6771885,1
1,0,0.28618073,0
1,0,0.42882094,0
1,0,0.7070307,1
1,0,0.4529057,0
1,0,0.31305426,0
1,0,0.59646386,1
1,0,0.5897435,1
1,0,0.6032012,1
1,1,0.9775814,1
1,1,0.9793649,1
1,1,0.9676406,1
1,1,0.92943084,1
1,1,0.9758195,1
1,1,0.9777861,1
1,1,0.95644563,1
1,1,0.9464923,1
1,1,0.95596105,1
1,1,0.95664155,1
1,1,0.9734101,1
1,1,0.94062275,1
1,1,0.97173846,1
1,1,0.72531813,1
1,1,0.96811926,1
1,1,0.8540158,1
1,1,0.9589685,1
1,1,0.75755584,1
1,1,0.6388008,1
1,1,0.85875666,1
1,1,0.57613117,1
1,1,0.63586956,1
1,1,0.534985,1
1,1,0.8008218,1
1,1,0.44529828,0
1,1,0.30022204,0
1,1,0.6743812,1
1,1,0.6163793,1
1,1,0.7970624,1
1,1,0.9897311,1
1,1,0.9769018,1
1,1,0.99249554,1
1,1,0.99282104,1
1,1,0.98271745,1
1,1,0.97976035,1
1,1,0.9879413,1
1,1,0.9856674,1
1,1,0.99317694,1
1,1,0.98512024,1
1,1,0.98802185,1
1,1,0.9637215,1
1,1,0.97172,1
1,1,0.9737268,1
1,1,0.9623594,1
1,1,0.9806496,1
1,1,0.97009665,1
1,1,0.98809475,1
1,1,0.982177,1
1,1,0.97475344,1
1,1,0.9769505,1
1,1,0.9567292,1
1,1,0.972726,1
1,1,0.9724472,1
1,1,0.9732642,1
1,1,0.98564523,1
1,1,0.9859098,1
1,1,0.9753268,1
1,1,0.9963084,1
1,1,0.996754,1
1,1,0.9852459,1
1,1,0.9929844,1
1,1,0.9934216,1
1,1,0.98164016,1
1,1,0.98762846,1
1,1,0.98294467,1
1,1,0.98115885,1
1,1,0.9923649,1
1,1,0.9663118,1
1,1,0.9962423,1
1,1,0.99772877,1
1,1,0.98750263,1
1,1,0.9981018,1
1,1,0.9970553,1
1,1,0.9907669,1
1,1,0.97983986,1
1,1,0.99657553,1
1,1,0.9989398,1
1,1,0.9958723,1
1,1,0.9947608,1
1,1,0.99696106,1
1,1,0.99850357,1
1,1,0.99485105,1
1,1,0.9543378,1
1,1,0.9964616,1
1,1,0.9944072,1
1,1,0.99276555,1
1,1,0.98752254,1
1,1,0.6806166,1
1,1,0.35723025,0
1,1,0.5261014,1
1,1,0.53640383,1
1,1,0.32213938,0
1,1,0.3913629,0
1,1,0.46200052,0
1,1,0.44167078,0
1,1,0.4451971,0
1,1,0.32066977,0
1,1,0.2753105,0
1,1,0.27274323,0
1,1,0.25986132,0
1,1,0.17086436,0
1,1,0.28655854,0
1,1,0.24586447,0
1,1,0.23075308,0
1,1,0.3008635,0
1,1,0.20450713,0
1,1,0.13507117,0
1,1,0.2706713,0
1,1,0.50513357,1
1,1,0.6811968,1
1,0,0.4813943,0
1,0,0.580503,1
1,0,0.28706387,0
1,0,0.35071123,0
1,0,0.0837437,0
1,0,0.2982421,0
1,0,0.07922654,0
1,0,0.36352703,0
1,0,0.11899876,0
1,0,0.20115116,0
1,0,0.23747502,0
1,0,0.27484736,0
1,0,0.3189535,0
1,0,0.31908017,0
1,0,0.25076312,0
1,0,0.15683462,0
1,0,0.26508835,0
1,0,0.34726036,0
1,0,0.310933,0
1,0,0.49115035,0
1,0,0.33611915,0
1,0,0.6480689,1
1,0,0.5575023,1
1,0,0.52761656,1
1,0,0.39617804,0
1,0,0.5736746,1
1,0,0.5313905,1
1,0,0.57435197,1
1,0,0.29825544,0
1,0,0.47723562,0
1,0,0.45892757,0
1,1,0.6386297,1
1,1,0.41937646,0
1,1,0.41918424,0
1,1,0.25554407,0
1,1,0.6601208,1
1,1,0.6576592,1
1,1,0.59947735,1
1,1,0.58734804,1
1,1,0.393723,0
1,1,0.37224826,0
1,1,0.38808277,0
1,1,0.38539904,0
1,1,0.4018259,0
1,1,0.38786912,0
1,1,0.51705706,1
1,1,0.60013473,1
1,1,0.3742302,0
1,1,0.36583182,0
1,1,0.2640648,0
1,1,0.32849014,0
1,1,0.31722644,0
1,1,0.37429562,0
1,1,0.3082455,0
1,1,0.28444114,0
1,1,0.500571,1
1,1,0.26178905,0
1,1,0.36782992,0
1,1,0.13767864,0
1,1,0.31748626,0
1,1,0.16050658,0
1,1,0.381742,0
1,1,0.24578442,0
1,0,0.5944568,1
1,0,0.32391116,0
1,0,0.37982917,0
1,0,0.3809725,0
1,0,0.3698417,0
1,0,0.20779513,0
1,0,0.27076378,0
1,1,0.095296785,0
1,1,0.27332714,0
1,1,0.19486913,0
1,1,0.4154631,0
1,1,0.25819036,0
1,0,0.25742665,0
1,0,0.16775484,0
1,0,0.32817814,0
1,0,0.12240453,0
1,0,0.4143942,0
1,0,0.1965906,0
1,0,0.25024635,0
1,1,0.3381433,0
1,1,0.1549475,0
1,1,0.5000073,1
1,1,0.5564744,1
1,1,0.63118196,1
1,1,0.38511246,0
1,1,0.5744585,1
1,1,0.4809273,0
1,1,0.6808457,1
1,1,0.38074964,0
1,1,0.42099845,0
1,1,0.33330408,0
1,1,0.33426172,0
1,1,0.49458364,0
1,1,0.48160258,0
1,1,0.48626643,0
1,1,0.342061,0
1,1,0.51419044,1
1,1,0.46212408,0
1,1,0.50477135,1
1,1,0.45422253,0
1,1,0.5246379,1
1,0,0.47652343,0
1,0,0.60510474,1
1,0,0.4408978,0
1,0,0.42973807,0
1,0,0.32137102,0
1,0,0.48008323,0
1,0,0.25439364,0
1,0,0.15337893,0
1,0,0.21658954,0
1,0,0.27414867,0
1,0,0.49282524,0
1,0,0.11442016,0
1,0,0.3646643,0
1,1,0.15983294,0
1,1,0.25996426,0
1,1,0.2689774,0
1,1,0.38704294,0
1,1,0.5873325,1
1,1,0.2962041,0
1,1,0.33924094,0
1,1,0.17354992,0
1,1,0.28358707,0
1,1,0.19425605,0
1,1,0.09683429,0
1,1,0.091215275,0
1,1,0.30523944,0
1,1,0.43446997,0
1,1,0.054050807,0
1,1,0.19377309,0
1,1,0.12295486,0
1,1,0.14165676,0
1,1,0.18085012,0
1,1,0.11890636,0
1,1,0.4901199,0
1,1,0.25799525,0
1,1,0.39157474,0
1,1,0.2384915,0
1,1,0.52910525,1
1,1,0.3896833,0
1,1,0.61045474,1
1,1,0.42566994,0
1,1,0.7046414,1
1,1,0.91920424,1
1,1,0.9189109,1
1,1,0.9113253,1
1,1,0.91943955,1
1,1,0.9376187,1
1,1,0.8843214,1
1,1,0.82033247,1
1,1,0.95890945,1
1,1,0.9714471,1
1,1,0.7707965,1
1,1,0.8564758,1
1,1,0.84864336,1
1,1,0.9321399,1
1,1,0.88299465,1
1,1,0.89976007,1
1,1,0.8565106,1
1,1,0.92273706,1
1,1,0.86377,1
1,1,0.8759162,1
1,1,0.86844605,1
1,1,0.8284349,1
1,1,0.8914578,1
1,1,0.84600633,1
1,1,0.8824867,1
1,1,0.92819256,1
1,1,0.9384903,1
1,1,0.72379416,1
1,1,0.86099714,1
1,1,0.8652326,1
1,1,0.44134682,0
1,1,0.78354293,1
1,1,0.63183045,1
1,1,0.78157735,1
1,1,0.38601044,0
1,1,0.73291105,1
1,1,0.51204455,1
1,1,0.61526394,1
1,1,0.9692806,1
1,1,0.47950652,0
1,1,0.9318553,1
1,1,0.6404249,1
1,1,0.8832323,1
1,1,0.919735,1
1,1,0.9572456,1
1,1,0.7268176,1
1,1,0.655609,1
1,1,0.8806224,1
1,1,0.9666255,1
1,1,0.818962,1
1,1,0.7304867,1
1,1,0.51869124,1
1,1,0.60235244,1
1,1,0.765073,1
1,1,0.76460993,1
1,1,0.4132236,0
1,1,0.7983366,1
1,1,0.32172173,0
1,1,0.45844245,0
1,1,0.41554195,0
1,1,0.4091372,0
1,1,0.4787881,0
1,1,0.50733584,1
1,1,0.45923325,0
1,1,0.51200426,1
1,1,0.29361868,0
1,1,0.33580807,0
1,1,0.51579946,1
1,1,0.5775994,1
1,1,0.7164174,1
1,1,0.5313905,1
1,1,0.57435197,1
1,1,0.29825544,0
1,1,0.47723562,0
1,1,0.45892757,0
1,1,0.6386297,1
1,1,0.41937646,0
1,1,0.41918424,0
1,1,0.25554407,0
1,1,0.6601208,1
1,1,0.6576592,1
1,1,0.59947735,1
1,1,0.58734804,1
1,1,0.393723,0
1,1,0.37224826,0
1,1,0.38808277,0
1,1,0.3640807,0
1,1,0.38539904,0
1,1,0.4018259,0
1,1,0.38786912,0
1,1,0.51705706,1
1,1,0.60013473,1
1,1,0.35835508,0
1,0,0.27076378,0
1,0,0.095296785,0
1,0,0.27332714,0
1,0,0.19486913,0
1,0,0.4154631,0
1,0,0.25819036,0
1,0,0.25742665,0
1,0,0.16775484,0
1,0,0.32817814,0
1,1,0.49282524,0
1,1,0.11442016,0
1,1,0.3646643,0
1,1,0.15983294,0
1,1,0.25996426,0
1,1,0.2689774,0
1,1,0.38704294,0
1,1,0.5873325,1
1,1,0.2962041,0
1,1,0.33924094,0
1,1,0.17354992,0
1,1,0.28358707,0
1,1,0.19425605,0
1,1,0.09683429,0
1,1,0.091215275,0
1,1,0.30523944,0
1,1,0.43446997,0
1,1,0.054050807,0
1,1,0.19377309,0
1,1,0.12295486,0
1,1,0.14165676,0
1,1,0.18085012,0
1,1,0.11890636,0
1,1,0.4901199,0
1,1,0.67897093,1
1,1,0.39772928,0
1,1,0.59264183,1
1,1,0.19064063,0
1,1,0.5928386,1
1,1,0.5503753,1
1,1,0.4451144,0
1,1,0.67836475,1
1,1,0.7092626,1
1,1,0.4451721,0
1,1,0.7342216,1
1,1,0.41728917,0
1,1,0.3458341,0
1,1,0.6192559,1
1,1,0.69421643,1
1,1,0.8853784,1
1,1,0.910914,1
1,1,0.84491277,1
1,1,0.877713,1
1,1,0.89894444,1
1,1,0.6673322,1
1,1,0.8093645,1
1,1,0.8741919,1
1,1,0.8320461,1
1,1,0.8675373,1
1,1,0.3385534,0
1,1,0.566645,1
1,1,0.5802151,1
1,1,0.5137723,1
1,1,0.39454648,0
1,1,0.36736107,0
1,1,0.3632546,0
1,1,0.35007083,0
1,1,0.2744648,0
1,1,0.31895196,0
1,1,0.27139142,0
1,1,0.39142978,0
1,1,0.3998583,0
1,1,0.543348,1
1,1,0.40019673,0
1,1,0.4156592,0
1,1,0.5651118,1
1,1,0.5950878,1
1,1,0.7232862,1
1,1,0.77950853,1
1,1,0.7330184,1
1,1,0.25079966,0
1,1,0.39091262,0
1,1,0.37398002,0
1,1,0.34144667,0
1,1,0.29042798,0
1,1,0.2632638,0
1,1,0.4185239,0
1,1,0.35040358,0
1,1,0.53586197,1
1,1,0.24077998,0
1,1,0.2865633,0
1,1,0.21731065,0
1,1,0.20024012,0
1,1,0.26167676,0
1,1,0.72103095,1
1,1,0.66616845,1
1,1,0.65148824,1
1,1,0.55513984,1
1,1,0.64429665,1
1,1,0.58715284,1
1,1,0.50592417,1
1,1,0.66058964,1
1,1,0.61023045,1
1,1,0.59012187,1
1,1,0.37849963,0
1,1,0.65762603,1
1,1,0.6872989,1
1,1,0.63968796,1
1,1,0.7789335,1
1,1,0.48206452,0
1,1,0.3933899,0
1,1,0.3530229,0
1,1,0.2814,0
1,1,0.57187444,1
1,1,0.13214447,0
1,1,0.36092487,0
1,1,0.1150246,0
1,1,0.28352487,0
1,1,0.13631618,0
1,1,0.07565311,0
1,1,0.053421073,0
1,1,0.15282296,0
1,1,0.07066763,0
1,1,0.1294169,0
1,1,0.22813822,0
1,1,0.23840177,0
1,1,0.4925156,0
1,1,0.32596508,0
1,1,0.6011132,1
1,1,0.20443149,0
1,1,0.38416216,0
1,1,0.44543853,0
1,1,0.4731137,0
1,1,0.542458,1
1,0,0.9658391,1
1,0,0.98211825,1
1,0,0.9214393,1
1,0,0.8625135,1
1,0,0.77383035,1
1,0,0.8799569,1
1,0,0.9502875,1
1,0,0.96699005,1
1,0,0.7353407,1
1,0,0.93241423,1
1,1,0.9583233,1
1,1,0.9481012,1
1,1,0.9521138,1
1,1,0.86881465,1
1,1,0.96653473,1
1,1,0.9871568,1
1,1,0.95441335,1
1,1,0.9386557,1
1,1,0.97043264,1
1,1,0.2854169,0
1,1,0.669443,1
1,1,0.7448708,1
1,1,0.3963556,0
1,1,0.28802738,0
1,1,0.65416634,1
1,1,0.3980089,0
1,1,0.45720503,0
1,1,0.39551383,0
1,1,0.70120263,1
1,1,0.60959435,1
1,1,0.6384872,1
1,1,0.5840576,1
1,1,0.6660947,1
1,1,0.64655733,1
1,1,0.8386492,1
1,1,0.52277684,1
1,1,0.5034538,1
1,1,0.6328393,1
1,1,0.8094957,1
1,1,0.651698,1
1,1,0.7779761,1
1,1,0.804319,1
1,1,0.7061543,1
1,1,0.8863245,1
1,1,0.8622572,1
1,1,0.8937667,1
1,1,0.642911,1
1,1,0.83170116,1
1,1,0.6970892,1
1,1,0.6662126,1
1,1,0.5505989,1
1,1,0.8257611,1
1,1,0.40844598,0
1,1,0.57900697,1
1,1,0.6734921,1
1,1,0.6961163,1
1,1,0.64862347,1
1,1,0.69050825,1
1,1,0.9288809,1
1,1,0.74420625,1
1,1,0.7842632,1
1,1,0.8114814,1
1,1,0.82638234,1
1,1,0.63188356,1
1,1,0.51616174,1
1,1,0.6635576,1
1,1,0.59465426,1
1,1,0.54743725,1
1,1,0.56483984,1
1,1,0.2918954,0
1,1,0.74804866,1
1,1,0.4746187,0
1,1,0.44770196,0
1,1,0.7742206,1
1,1,0.45974973,0
1,1,0.46655497,0
1,1,0.37998542,0
1,1,0.67228335,1
1,1,0.36458206,0
1,1,0.600142,1
1,1,0.7560839,1
1,1,0.7941702,1
1,1,0.47324368,0
1,1,0.5520979,1
1,1,0.50426173,1
1,1,0.6146388,1
1,1,0.69970423,1
1,1,0.40675655,0
1,1,0.6180898,1
1,1,0.6886806,1
1,1,0.4954548,0
1,1,0.46639842,0
1,1,0.77948636,1
1,1,0.72337323,1
1,1,0.6392359,1
1,1,0.7964864,1
1,1,0.79716766,1
1,1,0.84119487,1
1,1,0.8245896,1
1,1,0.7040172,1
1,1,0.56003314,1
1,1,0.75663817,1
1,1,0.70938545,1
1,1,0.8603817,1
1,1,0.8776226,1
1,1,0.46070188,0
1,1,0.781414,1
1,1,0.6200286,1
1,1,0.7998901,1
1,1,0.3721419,0
1,1,0.73072326,1
1,1,0.5345495,1
1,1,0.63040775,1
1,1,0.7950663,1
1,1,0.77954316,1
1,1,0.86249167,1
1,1,0.927457,1
1,1,0.6040846,1
1,1,0.75175697,1
1,1,0.6519031,1
1,1,0.8679526,1
1,1,0.9718227,1
1,1,0.8280509,1
1,1,0.500891,1
1,1,0.68177456,1
1,1,0.84035623,1
1,1,0.96404105,1
1,1,0.88044196,1
1,1,0.7314264,1
1,1,0.85135907,1
1,1,0.7744941,1
1,1,0.83851886,1
1,1,0.8219873,1
1,1,0.8634696,1
1,1,0.8296584,1
1,1,0.7453897,1
1,1,0.509289,1
1,1,0.60814816,1
1,1,0.76301205,1
1,1,0.76901126,1
1,1,0.40689775,0
1,1,0.79268914,1
1,1,0.3259733,0
1,1,0.5521044,1
1,1,0.24120072,0
1,1,0.5377592,1
1,1,0.4961528,0
1,1,0.36429548,0
1,1,0.65920085,1
1,1,0.76095694,1
1,1,0.5368808,1
1,1,0.6095479,1
1,1,0.8422406,1
1,1,0.63394976,1
1,1,0.6645979,1
1,1,0.6576205,1
1,1,0.46443626,0
1,1,0.4834233,0
1,1,0.3970491,0
1,1,0.24351826,0
1,1,0.50135416,1
1,1,0.7225638,1
1,1,0.7023949,1
1,1,0.75737345,1
1,1,0.79172194,1
1,1,0.6200482,1
1,1,0.70801425,1
1,1,0.7660456,1
1,1,0.85114104,1
1,1,0.69144833,1
1,1,0.5476316,1
1,1,0.7073563,1
1,1,0.78181696,1
1,1,0.824737,1
1,1,0.840418,1
1,1,0.9082865,1
1,1,0.73579,1
1,1,0.66041696,1
1,1,0.8642385,1
1,1,0.9396625,1
1,1,0.93917406,1
1,1,0.9160096,1
1,1,0.9045955,1
1,1,0.9421426,1
1,1,0.52123654,1
1,1,0.14721106,0
1,1,0.12291912,0
1,1,0.61438245,1
1,1,0.22572014,0
1,1,0.44040054,0
1,1,0.4704634,0
1,1,0.12917519,0
1,1,0.13851038,0
1,1,0.12847318,0
1,1,0.2426913,0
1,1,0.10810782,0
1,1,0.24915516,0
1,1,0.17365654,0
1,1,0.41122243,0
1,1,0.22954224,0
1,1,0.20621027,0
1,1,0.32385212,0
1,1,0.06060012,0
1,1,0.26954955,0
1,1,0.27411097,0
1,1,0.2387412,0
1,1,0.7491925,1
1,1,0.37488934,0
1,1,0.19990829,0
1,1,0.74743354,1
1,1,0.41657698,0
1,1,0.46809927,0
1,1,0.57708704,1
1,1,0.64432085,1
1,1,0.6041725,1
1,1,0.32959646,0
1,1,0.16990314,0
1,0,0.24469157,0
1,0,0.036650945,0
1,0,0.59504855,1
1,0,0.35475478,0
1,0,0.095015064,0
1,0,0.14573307,0
1,0,0.16301197,0
1,0,0.0953602,0
1,1,0.28397077,0
1,1,0.50825036,1
1,1,0.43717107,0
1,1,0.3450607,0
1,1,0.31990024,0
1,1,0.2665587,0
1,1,0.2709618,0
1,1,0.3400527,0
1,1,0.17370039,0
1,1,0.17399189,0
1,1,0.09594731,0
1,1,0.23224798,0
1,1,0.40841937,0
1,1,0.15781328,0
1,1,0.20100759,0
1,1,0.58041275,1
1,1,0.6720587,1
1,1,0.26476192,0
1,1,0.6830998,1
1,1,0.5362139,1
1,1,0.2443757,0
1,1,0.90587217,1
1,1,0.76060104,1
1,1,0.6995927,1
1,1,0.5510602,1
1,1,0.27397045,0
1,1,0.46054858,0
1,1,0.47272348,0
1,1,0.3927398,0
1,1,0.53801084,1
1,1,0.6018192,1
1,1,0.27669334,0
1,1,0.65888846,1
1,1,0.68517846,1
1,1,0.57479763,1
1,1,0.76875424,1
1,1,0.63247114,1
1,1,0.8672199,1
1,1,0.9048934,1
1,1,0.9327885,1
1,1,0.7440023,1
1,1,0.91181594,1
1,1,0.92920035,1
1,1,0.8408833,1
1,1,0.68037623,1
1,1,0.82471234,1
1,1,0.83444375,1
1,1,0.3682646,0
1,1,0.57994115,1
1,1,0.50598913,1
1,1,0.47867262,0
1,1,0.55503803,1
1,1,0.45199656,0
1,1,0.29228705,0
1,1,0.6297091,1
1,1,0.4524575,0
1,1,0.6949007,1
1,1,0.71383023,1
1,1,0.72240746,1
1,1,0.8357633,1
1,1,0.8104387,1
1,1,0.9150115,1
1,1,0.78432804,1
1,1,0.88230026,1
1,1,0.87344456,1
1,1,0.58156264,1
1,1,0.7371139,1
1,1,0.78982884,1
1,1,0.7336272,1
1,1,0.31728232,0
1,1,0.6521512,1
1,1,0.3973962,0
1,1,0.45860723,0
1,1,0.6951352,1
1,1,0.8386503,1
1,1,0.5528886,1
1,1,0.65763617,1
1,1,0.5915243,1
1,1,0.8028139,1
1,1,0.47156894,0
1,1,0.6118667,1
1,1,0.72221315,1
1,1,0.8379192,1
1,1,0.9387233,1
1,1,0.4343665,0
1,1,0.5719641,1
1,1,0.7870339,1
1,1,0.628301,1
1,1,0.76125234,1
1,1,0.28123614,0
1,1,0.472422,0
1,1,0.6564086,1
1,1,0.5373571,1
1,1,0.76472473,1
1,1,0.06881295,0
1,1,0.4211985,0
1,1,0.41780075,0
1,1,0.371771,0
1,1,0.37347713,0
1,1,0.6269422,1
1,1,0.74678403,1
1,1,0.6849743,1
1,1,0.4593543,0
1,1,0.79914635,1
1,1,0.5679604,1
1,1,0.90155166,1
1,1,0.79039174,1
1,1,0.79702574,1
1,1,0.56777024,1
1,1,0.3474637,0
1,1,0.35922542,0
1,1,0.56924987,1
1,1,0.7959518,1
1,1,0.6745409,1
1,1,0.46477062,0
1,1,0.40300313,0
1,1,0.19675483,0
1,1,0.17656979,0
1,1,0.50315535,1
1,1,0.6340737,1
1,1,0.22712184,0
1,1,0.32916084,0
1,1,0.77428854,1
1,1,0.960726,1
1,1,0.8692995,1
1,1,0.85492903,1
1,1,0.6129674,1
1,1,0.83852553,1
1,1,0.74963164,1
1,1,0.8832589,1
1,1,0.74398714,1
1,1,0.8120892,1
1,1,0.6667534,1
1,1,0.81241256,1
1,1,0.7884661,1
1,1,0.8654604,1
1,1,0.69455415,1
1,1,0.92863286,1
1,1,0.81653595,1
1,1,0.8781856,1
1,1,0.6922556,1
1,1,0.90772766,1
1,1,0.8536326,1
1,1,0.874502,1
1,1,0.6280832,1
1,1,0.745103,1
1,1,0.82787627,1
1,1,0.85629505,1
1,1,0.915842,1
1,1,0.84246117,1
1,1,0.8769268,1
1,1,0.78998744,1
1,1,0.8191313,1
1,1,0.7635302,1
1,1,0.85330504,1
1,1,0.84891516,1
1,1,0.82157296,1
1,1,0.8560984,1
1,1,0.8454115,1
1,1,0.8891589,1
1,1,0.8693612,1
1,1,0.8840605,1
1,1,0.2015094,0
1,1,0.35525963,0
1,1,0.21609357,0
1,1,0.32267547,0
1,1,0.6885666,1
1,1,0.6040039,1
1,1,0.14211987,0
1,1,0.331152,0
1,1,0.5597124,1
1,1,0.97411263,1
1,1,0.9770733,1
1,1,0.97602195,1
1,1,0.9839109,1
1,1,0.9913742,1
1,1,0.7623877,1
1,1,0.75925964,1
1,1,0.6997393,1
1,1,0.74766934,1
1,1,0.78477895,1
1,1,0.76849985,1
1,1,0.7994574,1
1,1,0.7102633,1
1,1,0.63176864,1
1,1,0.7967606,1
1,1,0.62723196,1
1,1,0.86584854,1
1,1,0.7321008,1
1,1,0.8081281,1
1,1,0.66083145,1
1,1,0.8087489,1
1,1,0.43798268,0
1,1,0.62806535,1
1,1,0.5575602,1
1,1,0.5969336,1
1,1,0.5057373,1
1,1,0.50325584,1
1,1,0.52833533,1
1,1,0.41349375,0
1,1,0.4780439,0
1,1,0.47535336,0
1,1,0.56724083,1
1,1,0.55216604,1
1,1,0.41872594,0
1,1,0.3628169,0
1,1,0.50965947,1
1,1,0.4054258,0
1,1,0.39165494,0
1,1,0.39397097,0
1,1,0.33378235,0
1,1,0.3559128,0
1,1,0.28384387,0
1,1,0.5663433,1
1,1,0.4995035,0
1,1,0.7150377,1
1,1,0.58385146,1
1,1,0.80232334,1
1,1,0.6335888,1
1,1,0.6937148,1
1,1,0.6325759,1
1,1,0.6961835,1
1,1,0.4833154,0
1,1,0.4916967,0
1,1,0.43214047,0
1,1,0.8706395,1
1,1,0.64600253,1
1,1,0.8290603,1
1,1,0.7381485,1
1,1,0.7588128,1
1,1,0.7482106,1
1,1,0.5398435,1
1,1,0.62228423,1
1,1,0.51108456,1
1,1,0.8421386,1
1,1,0.6699658,1
1,1,0.61593777,1
1,1,0.53501344,1
1,1,0.8595129,1
1,1,0.7824886,1
1,1,0.62079483,1
1,1,0.69787675,1
1,1,0.91224587,1
1,1,0.5400658,1
1,1,0.78262335,1
1,1,0.6163697,1
1,1,0.5979197,1
1,1,0.10583295,0
1,1,0.3085076,0
1,1,0.28264228,0
1,1,0.5873035,1
1,1,0.6851698,1
1,1,0.28650913,0
1,1,0.14438248,0
1,1,0.39962113,0
1,1,0.6310844,1
1,1,0.67126685,1
1,1,0.31631726,0
1,1,0.53665143,1
1,1,0.7281325,1
1,1,0.78944147,1
1,1,0.52817297,1
1,1,0.67547256,1
1,1,0.38918063,0
1,1,0.62557536,1
1,1,0.7630003,1
1,1,0.59535426,1
1,1,0.99819905,1
1,1,0.9968299,1
1,1,0.992831,1
1,1,0.99847215,1
1,1,0.9971034,1
1,1,0.99326235,1
1,1,0.9819157,1
1,1,0.98754984,1
1,1,0.89641696,1
1,1,0.92056704,1
1,1,0.9439844,1
1,1,0.9945679,1
1,1,0.94972503,1
1,1,0.9939224,1
1,1,0.98815733,1
1,1,0.97889405,1
1,1,0.9497985,1
1,1,0.98154014,1
2,1,0.4818433,0
2,1,0.5602902,1
2,1,0.523061,1
2,1,0.4005452,0
2,1,0.45128313,0
2,1,0.5396275,1
2,1,0.42879614,0
2,1,0.447605,0
2,1,0.6062783,1
2,0,0.70610744,1
2,0,0.5579068,1
2,0,0.54157025,1
2,0,0.5488485,1
2,0,0.25191474,0
2,0,0.45689452,0
2,0,0.4104301,0
2,0,0.5930277,1
2,0,0.7959344,1
2,0,0.729102,1
2,0,0.8228257,1
2,1,0.87297016,1
2,1,0.9406754,1
2,1,0.07407227,0
2,1,0.43892232,0
2,1,0.3286203,0
2,1,0.3060949,0
2,1,0.31133133,0
2,1,0.054347828,0
2,1,0.9360008,1
2,1,0.90243614,1
2,1,0.9347235,1
2,1,0.67042476,1
2,1,0.7274907,1
2,1,0.934719,1
2,1,0.8767258,1
2,1,0.61355877,1
2,1,0.6307729,1
2,1,0.6278024,1
2,1,0.73949444,1
2,1,0.95315516,1
2,1,0.94703174,1
2,1,0.95715576,1
2,1,0.9679193,1
2,1,0.86526924,1
2,1,0.9548159,1
2,1,0.95634013,1
2,1,0.93468416,1
2,1,0.98273313,1
2,1,0.99183124,1
2,1,0.9900523,1
2,1,0.9788866,1
2,1,0.96458757,1
2,1,0.9479119,1
2,1,0.83546513,1
2,1,0.8948994,1
2,1,0.96492976,1
2,1,0.9519312,1
2,1,0.9669201,1
2,1,0.9828572,1
2,1,0.9813954,1
2,1,0.6564078,1
2,1,0.96478105,1
2,1,0.9111028,1
2,1,0.94450074,1
2,1,0.93983,1
2,1,0.6917038,1
2,1,0.8962759,1
2,1,0.90061074,1
2,1,0.8514633,1
2,1,0.9208806,1
2,1,0.9578904,1
2,1,0.976388,1
2,1,0.97331154,1
2,1,0.92655754,1
2,1,0.945851,1
2,1,0.8463312,1
2,1,0.9567921,1
2,1,0.8802359,1
2,1,0.9450859,1
2,1,0.8894641,1
2,1,0.93794805,1
2,1,0.88882476,1
2,1,0.76090086,1
2,1,0.86584175,1
2,1,0.7936424,1
2,1,0.9803889,1
2,1,0.9421187,1
2,1,0.902636,1
2,1,0.9638742,1
2,1,0.98024577,1
2,1,0.936851,1
2,1,0.9605811,1
2,1,0.9076725,1
2,1,0.87759626,1
2,1,0.76671195,1
2,1,0.84695786,1
2,1,0.906245,1
2,1,0.93983275,1
2,1,0.9842712,1
2,1,0.98943114,1
2,1,0.9893736,1
2,1,0.9763752,1
2,1,0.9800029,1
2,1,0.97978115,1
2,1,0.9897036,1
2,1,0.93826437,1
2,1,0.9535387,1
2,1,0.86943454,1
2,1,0.8938001,1
2,1,0.96421516,1
2,1,0.9405259,1
2,1,0.90431726,1
2,1,0.96810853,1
2,1,0.9152035,1
2,1,0.9189802,1
2,1,0.9768291,1
2,1,0.9629955,1
2,1,0.93853635,1
2,1,0.6949575,1
2,1,0.9628814,1
2,1,0.9005474,1
2,1,0.8025874,1
2,1,0.77940166,1
2,1,0.896761,1
2,1,0.92472196,1
2,1,0.9292383,1
2,1,0.93568426,1
2,1,0.9405038,1
2,1,0.96508074,1
2,1,0.93764406,1
2,1,0.96291244,1
2,1,0.9663526,1
2,1,0.93456537,1
2,1,0.8983196,1
2,1,0.9228308,1
2,1,0.8875929,1
2,1,0.89815485,1
2,1,0.8841081,1
2,1,0.80561686,1
2,1,0.9454771,1
2,1,0.97853583,1
2,1,0.9710254,1
2,1,0.9723654,1
2,1,0.934138,1
2,1,0.8920479,1
2,1,0.96479666,1
2,1,0.97886264,1
2,1,0.8375088,1
2,1,0.9345699,1
2,1,0.9798242,1
2,1,0.94983864,1
2,1,0.9794983,1
2,1,0.9766517,1
2,1,0.9944247,1
2,1,0.99369943,1
2,1,0.97742,1
2,1,0.99241066,1
2,1,0.9856366,1
2,1,0.66673714,1
2,1,0.21989222,0
2,1,0.49779788,0
2,1,0.34850413,0
2,1,0.3813268,0
2,1,0.6303228,1
2,1,0.47393715,0
2,1,0.5293285,1
2,1,0.8798432,1
2,1,0.5959614,1
2,1,0.10048215,0
2,1,0.16807282,0
2,1,0.12958875,0
2,1,0.065127686,0
2,1,0.14788882,0
2,1,0.2582137,0
2,1,0.11574895,0
2,1,0.13659336,0
2,1,0.2491779,0
2,1,0.19821803,0
2,1,0.17865822,0
2,1,0.24155025,0
2,1,0.27838802,0
2,1,0.20853548,0
2,1,0.34617195,0
2,1,0.26868898,0
2,1,0.21818571,0
2,1,0.22541913,0
2,1,0.18804602,0
2,1,0.54131395,1
2,1,0.6819207,1
2,1,0.49323404,0
2,1,0.35534653,0
2,1,0.33135062,0
2,1,0.35373095,0
2,1,0.5127187,1
2,1,0.4082627,0
2,1,0.23806968,0
2,1,0.49001363,0
2,1,0.25673184,0
2,1,0.11649836,0
2,1,0.17610341,0
2,1,0.12418973,0
2,1,0.040315498,0
2,1,0.10129243,0
2,1,0.20918836,0
2,1,0.062287185,0
2,1,0.2011091,0
2,1,0.10169248,0
2,1,0.14403528,0
2,1,0.11285129,0
2,1,0.18938775,0
2,1,0.04848214,0
2,1,0.2548413,0
2,1,0.16140029,0
2,1,0.18464555,0
2,1,0.090861835,0
2,1,0.28616938,0
2,1,0.21741903,0
2,1,0.24681455,0
2,1,0.6093491,1
2,1,0.41650486,0
2,1,0.66716975,1
2,1,0.23487738,0
2,1,0.39656505,0
2,1,0.21140298,0
2,1,0.24524918,0
2,1,0.27107218,0
2,1,0.38567352,0
2,1,0.313531,0
2,1,0.55189127,1
2,1,0.4917301,0
2,1,0.46174207,0
2,1,0.5244331,1
2,1,0.45590994,0
2,1,0.3813046,0
2,1,0.3248783,0
2,1,0.46458372,0
2,1,0.48799366,0
2,1,0.427638,0
2,1,0.24723656,0
2,1,0.36493757,0
2,1,0.21761516,0
2,1,0.2607458,0
2,1,0.1429484,0
2,1,0.30634433,0
2,1,0.1793664,0
2,1,0.27692774,0
2,1,0.23989084,0
2,1,0.30975202,0
2,1,0.23100469,0
2,1,0.16681117,0
2,1,0.19214457,0
2,1,0.18571351,0
2,1,0.29064712,0
2,1,0.22703744,0
2,1,0.21988155,0
2,1,0.446016,0
2,1,0.34100413,0
2,1,0.5454709,1
2,1,0.23940262,0
2,1,0.52914834,1
2,1,0.40315095,0
2,1,0.15595087,0
2,1,0.42715466,0
2,1,0.4302043,0
2,1,0.07846614,0
2,1,0.17395328,0
2,1,0.107324086,0
2,1,0.33079475,0
2,1,0.16390185,0
2,1,0.13360308,0
2,1,0.7958659,1
2,1,0.81646943,1
2,1,0.86425257,1
2,1,0.84964293,1
2,1,0.7065539,1
2,1,0.83432657,1
2,1,0.5186414,1
2,1,0.5108425,1
2,1,0.3782546,0
2,1,0.3340705,0
2,1,0.36687356,0
2,1,0.7567564,1
2,1,0.46746486,0
2,1,0.8195171,1
2,1,0.84647167,1
2,1,0.8407822,1
2,1,0.92736477,1
2,1,0.95025426,1
2,1,0.8468661,1
2,1,0.6340831,1
2,1,0.7783373,1
2,1,0.83638054,1
2,1,0.7103276,1
2,1,0.7088499,1
2,1,0.86003304,1
2,1,0.80009234,1
2,1,0.8514742,1
2,1,0.7867734,1
2,1,0.73737395,1
2,1,0.682415,1
2,1,0.26695135,0
2,1,0.7886177,1
2,1,0.69975,1
2,1,0.5621037,1
2,1,0.69891155,1
2,1,0.40901077,0
2,1,0.68911964,1
2,1,0.302571,0
2,1,0.4240776,0
2,1,0.31898555,0
2,1,0.46995455,0
2,1,0.08891655,0
2,1,0.41280413,0
2,1,0.20757334,0
2,1,0.35373217,0
2,1,0.37534282,0
2,1,0.35363114,0
2,1,0.111476675,0
2,1,0.55881786,1
2,1,0.45706388,0
2,1,0.36151335,0
2,1,0.4498397,0
2,1,0.31980398,0
2,1,0.18561047,0
2,1,0.40539706,0
2,1,0.40977532,0
2,1,0.54669505,1
2,1,0.31625032,0
2,1,0.7005311,1
2,1,0.48025662,0
2,1,0.5497521,1
2,1,0.5698405,1
2,1,0.26104847,0
2,0,0.13107695,0
2,0,0.32517642,0
2,0,0.40668166,0
2,0,0.6020877,1
2,0,0.65802026,1
2,0,0.6444224,1
2,0,0.19607364,0
2,0,0.12701079,0
2,0,0.10345155,0
2,0,0.22447962,0
2,0,0.18485107,0
2,0,0.42137265,0
2,0,0.218568,0
2,0,0.25365806,0
2,0,0.10375982,0
2,0,0.29328048,0
2,0,0.4095361,0
2,0,0.39744353,0
2,0,0.54322916,1
2,0,0.74657196,1
2,0,0.5052478,1
2,0,0.7019474,1
2,0,0.7502563,1
2,0,0.62280333,1
2,0,0.6437837,1
2,0,0.697739,1
2,0,0.73792243,1
2,0,0.5190248,1
2,0,0.60258913,1
2,0,0.7240847,1
2,0,0.44642004,0
2,0,0.2609939,0
2,0,0.2801676,0
2,0,0.30645916,0
2,0,0.110081576,0
2,0,0.29113272,0
2,0,0.08557336,0
2,0,0.25042546,0
2,0,0.42425206,0
2,0,0.1739448,0
2,0,0.14099969,0
2,0,0.5566868,1
2,0,0.2956111,0
2,0,0.1597727,0
2,0,0.16467175,0
2,0,0.1936912,0
2,0,0.5253228,1
2,0,0.31317663,0
2,0,0.30403727,0
2,1,0.3225747,0
2,1,0.36361048,0
2,1,0.6819176,1
2,1,0.36286354,0
2,1,0.35494828,0
2,1,0.48463646,0
2,1,0.4492994,0
2,1,0.5125704,1
2,1,0.4739539,0
2,1,0.5772203,1
2,1,0.34714225,0
2,1,0.73577905,1
2,1,0.11060486,0
2,1,0.34389403,0
2,1,0.74318814,1
2,1,0.42617744,0
2,1,0.63932794,1
2,1,0.44955873,0
2,1,0.54907954,1
2,1,0.5700211,1
2,1,0.8007493,1
2,1,0.71030784,1
2,1,0.47819793,0
2,1,0.14480492,0
2,1,0.6684021,1
2,1,0.898617,1
2,1,0.8440607,1
2,1,0.6851341,1
2,1,0.72001565,1
2,1,0.63819623,1
2,1,0.29865053,0
2,1,0.85934556,1
2,1,0.514045,1
2,1,0.55456066,1
2,1,0.920497,1
2,1,0.75069255,1
2,1,0.83862174,1
2,1,0.8393331,1
2,1,0.4286181,0
2,1,0.7479827,1
2,1,0.8209506,1
2,1,0.62728196,1
2,1,0.3399444,0
2,1,0.19912286,0
2,1,0.45409903,0
2,1,0.37121814,0
2,1,0.20065582,0
2,1,0.035891924,0
2,1,0.52318275,1
2,1,0.7069795,1
2,1,0.5260288,1
2,1,0.7311026,1
2,1,0.63196945,1
2,1,0.40672925,0
2,1,0.794269,1
2,1,0.6312573,1
2,1,0.54710764,1
2,1,0.7184779,1
2,1,0.81430113,1
2,1,0.72662246,1
2,1,0.6182604,1
2,1,0.88924533,1
2,1,0.6608403,1
2,1,0.885929,1
2,1,0.6529837,1
2,1,0.35694665,0
2,1,0.5679477,1
2,1,0.39744842,0
2,1,0.6557882,1
2,1,0.4124124,0
2,1,0.96005785,1
2,1,0.8521378,1
2,1,0.30766642,0
2,1,0.22928368,0
2,1,0.6787671,1
2,1,0.31066716,0
2,1,0.23397008,0
2,1,0.3599547,0
2,1,0.44283512,0
2,1,0.06326225,0
2,1,0.9019191,1
2,1,0.9209374,1
2,1,0.50426257,1
2,1,0.67443097,1
2,1,0.79403996,1
2,1,0.8958539,1
2,1,0.32114896,0
2,1,0.33250815,0
2,1,0.96510506,1
2,1,0.8950576,1
2,1,0.43473226,0
2,1,0.8339414,1
2,1,0.6728918,1
2,1,0.2572604,0
2,0,0.14970247,0
2,0,0.10994532,0
2,0,0.19343029,0
2,0,0.31455728,0
2,0,0.20485415,0
2,0,0.48662522,0
2,0,0.36828294,0
2,0,0.27090013,0
2,0,0.5325531,1
2,0,0.3005822,0
2,0,0.15835096,0
2,0,0.5070526,1
2,0,0.1544832,0
2,0,0.2398658,0
2,0,0.19474414,0
2,0,0.3386553,0
2,0,0.12123484,0
2,0,0.2699031,0
2,0,0.096561834,0
2,0,0.21509303,0
2,0,0.11535739,0
2,0,0.3423105,0
2,0,0.16903785,0
2,0,0.23591018,0
2,0,0.35196498,0
2,0,0.48150203,0
2,0,0.39060038,0
2,0,0.2602034,0
2,0,0.2701323,0
2,0,0.3775178,0
2,0,0.29761004,0
2,0,0.2521234,0
2,0,0.281374,0
2,0,0.18204053,0
2,0,0.16082703,0
2,0,0.2753595,0
2,0,0.284511,0
2,0,0.21618044,0
2,0,0.07171316,0
2,0,0.07766292,0
2,0,0.26363558,0
2,0,0.6839217,1
2,0,0.3529236,0
2,0,0.06987309,0
2,0,0.16399956,0
2,0,0.5604435,1
2,0,0.26498502,0
2,0,0.163022,0
2,0,0.16292131,0
2,0,0.2234928,0
2,0,0.16761613,0
2,0,0.20689766,0
2,0,0.055669066,0
2,0,0.13904548,0
2,0,0.15325606,0
2,0,0.14846636,0
2,0,0.50384146,1
2,0,0.29748043,0
2,0,0.18086138,0
2,0,0.37404686,0
2,0,0.22701082,0
2,0,0.26597634,0
2,0,0.23790595,0
2,0,0.38769236,0
2,0,0.29625493,0
2,0,0.37175435,0
2,0,0.24809766,0
2,0,0.19466135,0
2,0,0.2289015,0
2,1,0.32549617,0
2,1,0.6680345,1
2,1,0.6440129,1
2,1,0.7754594,1
2,1,0.8061118,1
2,1,0.36969867,0
2,1,0.30206203,0
2,1,0.46228012,0
2,1,0.7643539,1
2,1,0.735725,1
2,1,0.7135317,1
2,1,0.50781244,1
2,1,0.74035305,1
2,1,0.80117977,1
2,1,0.8076683,1
2,1,0.7400031,1
2,1,0.7722741,1
2,1,0.7747617,1
2,1,0.7038583,1
2,1,0.7310337,1
2,1,0.8501977,1
2,1,0.9158121,1
2,1,0.73816377,1
2,1,0.82375187,1
2,1,0.35601506,0
2,1,0.65067303,1
2,1,0.56438667,1
2,1,0.50529516,1
2,1,0.5672701,1
2,1,0.71044785,1
2,1,0.08643901,0
2,1,0.24352825,0
2,1,0.35620135,0
2,1,0.35116458,0
2,1,0.10778038,0
2,1,0.42056012,0
2,1,0.7193525,1
2,1,0.63610464,1
2,1,0.5097384,1
2,1,0.58696896,1
2,1,0.41175124,0
2,1,0.69692385,1
2,1,0.4035554,0
2,1,0.38601527,0
2,0,0.45130613,0
2,0,0.20729542,0
2,0,0.3313989,0
2,0,0.41947144,0
2,0,0.40940976,0
2,0,0.46053332,0
2,0,0.22369854,0
2,0,0.45412943,0
2,0,0.71506006,1
2,0,0.76478064,1
2,0,0.387957,0
2,0,0.58208925,1
2,0,0.79300183,1
2,0,0.8795934,1
2,0,0.74566746,1
2,0,0.80126673,1
2,0,0.8148383,1
2,0,0.98418796,1
2,0,0.64223534,1
2,0,0.5354629,1
2,0,0.6844317,1
2,0,0.87267846,1
2,0,0.40225816,0
2,0,0.40212113,0
2,0,0.8726326,1
2,0,0.7349686,1
2,0,0.75716627,1
2,0,0.80961055,1
2,0,0.8311998,1
2,0,0.7108814,1
2,0,0.7171273,1
2,0,0.64509237,1
2,0,0.91731447,1
2,0,0.74936265,1
2,0,0.87321407,1
2,0,0.8821038,1
2,0,0.58264756,1
2,0,0.6788547,1
2,0,0.95569944,1
2,0,0.757282,1
2,0,0.29620895,0
2,0,0.5285629,1
2,0,0.636128,1
2,0,0.90190184,1
2,0,0.585786,1
2,0,0.24080248,0
2,0,0.14876829,0
2,0,0.48539144,0
2,0,0.26090106,0
2,0,0.45173493,0
2,0,0.5274856,1
2,0,0.9114449,1
2,0,0.64790547,1
2,0,0.61711854,1
2,0,0.6827101,1
2,0,0.46402508,0
2,0,0.8532622,1
2,0,0.87553996,1
2,0,0.42342213,0
2,0,0.840714,1
2,0,0.9574947,1
2,0,0.8437733,1
2,0,0.51592857,1
2,0,0.43843463,0
2,0,0.7908487,1
2,0,0.726251,1
2,0,0.73554224,1
2,0,0.7235227,1
2,0,0.3880495,0
2,0,0.6056085,1
2,0,0.29569373,0
2,0,0.6611121,1
2,0,0.5344536,1
2,0,0.76850015,1
2,0,0.7124267,1
2,0,0.9280685,1
2,0,0.83244914,1
2,0,0.3351529,0
2,0,0.96432287,1
2,0,0.8595629,1
2,0,0.6919593,1
2,0,0.7447874,1
2,0,0.66810644,1
2,0,0.9323019,1
2,0,0.6822936,1
2,0,0.52327687,1
2,0,0.4999316,0
2,0,0.95845467,1
2,0,0.48942015,0
2,0,0.5458233,1
2,0,0.42928207,0
2,0,0.64803886,1
2,0,0.7532698,1
2,0,0.60161465,1
2,0,0.57246804,1
2,0,0.63141155,1
2,0,0.4639116,0
2,0,0.84150624,1
2,0,0.77583003,1
2,0,0.4437422,0
2,0,0.60086656,1
2,0,0.49599367,0
2,0,0.4447141,0
2,0,0.14300966,0
2,0,0.3622308,0
2,0,0.39573988,0
2,0,0.44210953,0
2,0,0.12674677,0
2,0,0.12798654,0
2,0,0.101313576,0
2,0,0.665505,1
2,0,0.69632167,1
2,0,0.81837666,1
2,0,0.14514405,0
2,0,0.4817661,0
2,0,0.70365965,1
2,0,0.9285157,1
2,0,0.47213596,0
2,0,0.748817,1
2,0,0.82261044,1
2,0,0.834474,1
2,0,0.87565684,1
2,0,0.7716385,1
2,0,0.5668125,1
2,0,0.85231894,1
2,0,0.7713069,1
2,0,0.70905083,1
2,0,0.42758495,0
2,0,0.87671226,1
2,0,0.89917004,1
2,0,0.4644541,0
2,0,0.85083175,1
2,0,0.8033425,1
2,0,0.45464376,0
2,0,0.7090805,1
2,0,0.91328424,1
2,0,0.90100735,1
2,0,0.5837694,1
2,0,0.5142687,1
2,0,0.9078078,1
2,0,0.7305067,1
2,0,0.8614939,1
2,0,0.6256414,1
2,0,0.5490472,1
2,0,0.7453412,1
2,0,0.72390825,1
2,0,0.8793199,1
2,0,0.85258615,1
2,0,0.7414888,1
2,0,0.77623457,1
2,0,0.79821867,1
2,0,0.81295335,1
2,0,0.8330015,1
2,0,0.78719395,1
2,0,0.6691136,1
2,0,0.857082,1
2,0,0.93648905,1
2,0,0.87492424,1
2,0,0.25693518,0
2,0,0.79333353,1
2,0,0.3177857,0
2,0,0.36224112,0
2,0,0.31091395,0
2,0,0.3660153,0
2,0,0.36196753,0
2,0,0.40075094,0
2,0,0.7050606,1
2,0,0.411151,0
2,0,0.795478,1
2,0,0.5686747,1
2,0,0.4282501,0
2,0,0.78796816,1
2,0,0.7613742,1
2,0,0.7382709,1
2,0,0.8766833,1
2,0,0.7671687,1
2,0,0.8644744,1
2,0,0.69483954,1
2,0,0.5563583,1
2,0,0.75171363,1
2,0,0.7275617,1
2,0,0.45649824,0
2,0,0.5465261,1
2,0,0.79087776,1
2,0,0.7196032,1
2,0,0.61659145,1
2,0,0.5119762,1
2,0,0.7395772,1
2,0,0.812874,1
2,0,0.72428447,1
2,0,0.4000585,0
2,0,0.50972986,1
2,0,0.7848824,1
2,0,0.8651762,1
2,0,0.73980623,1
2,0,0.94819474,1
2,0,0.8930806,1
2,0,0.7514442,1
2,0,0.9092333,1
2,0,0.89508235,1
2,0,0.74624324,1
2,0,0.8021863,1
2,0,0.9041672,1
2,0,0.77669483,1
2,0,0.80218697,1
2,0,0.85798204,1
2,0,0.8462041,1
2,0,0.52796113,1
2,0,0.8077439,1
2,0,0.7556062,1
2,0,0.7196195,1
2,0,0.7014855,1
2,0,0.88816094,1
2,0,0.8984802,1
2,0,0.6303003,1
2,0,0.58133036,1
2,0,0.73801285,1
2,0,0.6745078,1
2,0,0.68566453,1
2,0,0.32678622,0
2,0,0.5183626,1
2,0,0.5289617,1
2,0,0.5645963,1
2,0,0.28321338,0
2,0,0.7753205,1
2,0,0.39972216,0
2,0,0.8684595,1
2,0,0.82816243,1
2,0,0.6278644,1
2,0,0.7475048,1
2,0,0.5089843,1
2,0,0.53974664,1
2,0,0.41114315,0
2,0,0.7204395,1
2,0,0.5480609,1
2,0,0.7026308,1
2,0,0.8181278,1
2,0,0.572696,1
2,0,0.42692,0
2,0,0.456714,0
2,0,0.4608379,0
2,0,0.6766983,1
2,0,0.62535703,1
2,0,0.87907064,1
2,0,0.63223034,1
2,0,0.8880973,1
2,0,0.5168029,1
2,0,0.8751153,1
2,0,0.76088804,1
2,0,0.89955735,1
2,0,0.85497737,1
2,0,0.9038567,1
2,0,0.62713414,1
2,0,0.9196239,1
2,0,0.7762941,1
2,0,0.62890726,1
2,0,0.5368209,1
2,0,0.15879826,0
2,0,0.84533906,1
2,0,0.8494306,1
2,0,0.76760656,1
2,0,0.5798735,1
2,0,0.7450355,1
2,0,0.6449571,1
2,0,0.8716934,1
2,0,0.75408775,1
2,0,0.6839572,1
2,0,0.7933968,1
2,0,0.7083445,1
2,0,0.63362634,1
2,0,0.40770784,0
2,0,0.62326044,1
2,0,0.7800982,1
2,0,0.70089746,1
2,0,0.3444236,0
2,0,0.3736039,0
2,0,0.23639251,0
2,0,0.5812852,1
2,0,0.7202337,1
2,0,0.7072702,1
2,0,0.7339537,1
2,0,0.6078354,1
2,0,0.18540278,0
2,0,0.80087286,1
2,0,0.32569382,0
2,0,0.4680397,0
2,0,0.1603694,0
2,0,0.8059264,1
2,0,0.81597316,1
2,0,0.43837288,0
2,0,0.8796296,1
2,0,0.6008543,1
2,0,0.4913216,0
2,0,0.23867452,0
2,0,0.62699515,1
2,0,0.29366177,0
2,0,0.23823246,0
2,0,0.27750626,0
2,0,0.5745711,1
2,0,0.8723331,1
2,0,0.7095285,1
2,0,0.8505892,1
2,0,0.81136924,1
2,0,0.9294735,1
2,0,0.83455306,1
2,0,0.8126207,1
2,0,0.4854186,0
2,0,0.68809503,1
2,0,0.7952141,1
2,0,0.49316332,0
2,0,0.46515152,0
2,0,0.30726662,0
2,0,0.19457798,0
2,0,0.39831945,0
2,1,0.56100565,1
2,1,0.25955206,0
2,1,0.23553324,0
2,1,0.4996988,0
2,1,0.72806656,1
2,1,0.16838983,0
2,1,0.18323225,0
2,1,0.583601,1
2,1,0.7614017,1
2,0,0.41899177,0
2,0,0.7740627,1
2,0,0.1996475,0
2,0,0.4573779,0
2,0,0.17104824,0
2,0,0.90416414,1
2,0,0.42962775,0
2,0,0.28741094,0
2,0,0.8367678,1
2,0,0.73963314,1
2,0,0.6411745,1
2,0,0.6066356,1
2,0,0.8302103,1
2,0,0.90447474,1
2,0,0.7743489,1
2,0,0.7171597,1
2,0,0.7671687,1
2,0,0.5082009,1
2,0,0.903313,1
2,0,0.7130422,1
2,0,0.9528089,1
2,0,0.5145965,1
2,0,0.48817798,0
2,0,0.6592249,1
2,0,0.53751147,1
2,0,0.4353522,0
2,0,0.7348331,1
2,0,0.4851957,0
2,0,0.74736017,1
2,0,0.722692,1
2,0,0.66817886,1
2,0,0.3482716,0
2,0,0.8029715,1
2,0,0.7796129,1
2,0,0.87137866,1
2,0,0.7228986,1
2,0,0.31738657,0
2,0,0.7502186,1
2,0,0.1932408,0
2,0,0.2539419,0
2,0,0.80097103,1
2,0,0.93349516,1
2,0,0.8538374,1
2,0,0.4564857,0
2,0,0.9303123,1
2,0,0.84795076,1
2,0,0.9148856,1
2,0,0.93767047,1
2,0,0.892601,1
2,0,0.6453216,1
2,0,0.54723066,1
2,0,0.94093597,1
2,0,0.8318649,1
2,0,0.380593,0
2,0,0.23372234,0
2,0,0.47061437,0
2,0,0.4317411,0
2,0,0.13511772,0
2,0,0.3102829,0
2,0,0.3978802,0
2,0,0.31106907,0
2,0,0.23393647,0
2,0,0.32593068,0
2,0,0.4165529,0
2,0,0.433317,0
2,0,0.8701025,1
2,0,0.31146437,0
2,0,0.604749,1
2,0,0.7167114,1
2,0,0.81613016,1
2,0,0.6569004,1
2,0,0.7576942,1
2,0,0.74483997,1
2,0,0.71295154,1
2,0,0.71556544,1
2,0,0.7050206,1
2,0,0.57700646,1
2,0,0.77410996,1
2,0,0.79412264,1
2,0,0.86169505,1
2,0,0.86892426,1
2,0,0.69437164,1
2,0,0.6010983,1
2,0,0.72049373,1
2,0,0.66542584,1
2,0,0.6262427,1
2,0,0.3805723,0
2,0,0.43677747,0
2,0,0.60843503,1
2,0,0.082857735,0
2,0,0.20896497,0
2,0,0.4182827,0
2,0,0.9370485,1
2,0,0.49217814,0
2,0,0.57447726,1
2,0,0.4205872,0
2,0,0.35991588,0
2,0,0.76650304,1
2,0,0.29740334,0
2,0,0.15676305,0
2,0,0.27587897,0
2,0,0.8934077,1
2,0,0.44752854,0
2,0,0.80654424,1
2,0,0.9124393,1
2,0,0.93543094,1
2,0,0.80179286,1
2,0,0.6325198,1
2,0,0.75828874,1
2,0,0.6909974,1
2,0,0.4884597,0
2,0,0.84135026,1
2,0,0.7524128,1
2,0,0.55573183,1
2,0,0.69821024,1
2,0,0.9288283,1
2,0,0.8818748,1
2,0,0.83104,1
2,0,0.73708427,1
2,0,0.8436443,1
2,0,0.7842749,1
2,0,0.8989583,1
2,0,0.92636555,1
2,0,0.69460154,1
2,0,0.5035156,1
2,0,0.562107,1
2,0,0.824591,1
2,0,0.84133047,1
2,0,0.7704014,1
2,0,0.8620574,1
2,0,0.8435501,1
2,0,0.819154,1
2,0,0.70265114,1
2,0,0.34850416,0
2,0,0.46029112,0
2,0,0.6423337,1
2,0,0.87334245,1
2,0,0.8888598,1
2,0,0.81000555,1
2,0,0.9462235,1
2,0,0.8700509,1
2,0,0.8760611,1
2,0,0.8288875,1
2,0,0.76173663,1
2,0,0.6997048,1
2,0,0.68016165,1
2,0,0.5437678,1
2,0,0.49948648,0
2,0,0.58895254,1
2,0,0.34818268,0
2,0,0.585669,1
2,0,0.8688923,1
2,0,0.5515835,1
2,0,0.62220496,1
2,0,0.5573396,1
2,0,0.6475744,1
2,0,0.6891756,1
2,0,0.3705346,0
2,0,0.6924913,1
2,0,0.23874547,0
2,0,0.1770179,0
2,0,0.5908173,1
2,0,0.6794652,1
2,0,0.7447841,1
2,0,0.7407602,1
2,0,0.6477637,1
2,0,0.8820429,1
2,0,0.8818325,1
2,0,0.48426607,0
2,0,0.43637416,0
2,0,0.88722485,1
2,0,0.8932476,1
2,0,0.71151376,1
2,0,0.89588964,1
2,0,0.76548994,1
2,0,0.462286,0
2,0,0.6894537,1
2,0,0.43954712,0
2,0,0.9103225,1
2,0,0.7357845,1
2,0,0.1744485,0
2,0,0.2763135,0
2,0,0.638474,1
2,0,0.6458618,1
2,0,0.94471306,1
2,0,0.6071382,1
2,0,0.753986,1
2,0,0.26947555,0
2,0,0.6728036,1
2,0,0.7938426,1
2,0,0.7486431,1
2,0,0.29876494,0
2,0,0.8110413,1
2,0,0.9078012,1
2,0,0.64461356,1
2,0,0.3157279,0
2,0,0.6335254,1
2,0,0.6480123,1
2,0,0.6356922,1
2,0,0.42759,0
2,0,0.62647325,1
2,0,0.6909393,1
2,0,0.33643404,0
2,0,0.6494211,1
2,0,0.7712835,1
2,0,0.41925347,0
2,0,0.47744054,0
2,0,0.8142996,1
2,0,0.9197549,1
2,0,0.6707904,1
2,0,0.5761626,1
2,0,0.6029485,1
2,0,0.3200738,0
2,0,0.32746595,0
2,0,0.37565282,0
2,0,0.702763,1
2,0,0.3217026,0
2,0,0.29598445,0
2,0,0.5505609,1
2,0,0.52063006,1
2,0,0.6027441,1
2,0,0.71572834,1
2,0,0.8827253,1
2,0,0.8340529,1
2,0,0.8050421,1
2,0,0.7147298,1
2,0,0.9257451,1
2,0,0.8359253,1
2,0,0.8654506,1
2,0,0.8440925,1
2,0,0.87055,1
2,0,0.84346867,1
2,0,0.8924858,1
2,0,0.8280533,1
2,0,0.9216311,1
2,0,0.57189643,1
2,0,0.8149868,1
2,0,0.9049566,1
2,0,0.8900127,1
2,0,0.61877555,1
2,0,0.6980209,1
2,0,0.85956585,1
2,0,0.8868426,1
2,0,0.87342846,1
2,0,0.6775465,1
2,0,0.8527762,1
2,0,0.8897492,1
2,0,0.8973295,1
2,0,0.73839897,1
2,0,0.86477286,1
2,0,0.86728567,1
2,0,0.9102252,1
2,0,0.9728539,1
2,0,0.9596776,1
2,0,0.9339658,1
2,0,0.9420625,1
2,0,0.90830076,1
2,0,0.9439773,1
2,0,0.90000767,1
2,0,0.83884203,1
2,0,0.9237725,1
2,0,0.76874155,1
2,0,0.86459774,1
2,0,0.8820299,1
2,0,0.7364004,1
2,0,0.8700697,1
2,0,0.9084346,1
2,0,0.40378246,0
2,0,0.49142638,0
2,0,0.68081397,1
2,0,0.9229161,1
2,0,0.8924839,1
2,0,0.752185,1
2,0,0.43283987,0
2,0,0.68084246,1
2,0,0.5745428,1
2,0,0.710364,1
2,0,0.8642218,1
2,0,0.84509873,1
2,0,0.7330827,1
2,0,0.7841123,1
2,0,0.83584374,1
2,0,0.9299758,1
2,0,0.8621097,1
2,0,0.92845887,1
2,0,0.8746194,1
2,0,0.915405,1
2,0,0.8674847,1
2,0,0.97112566,1
2,0,0.88569885,1
2,0,0.87176865,1
2,0,0.82979053,1
2,0,0.813431,1
2,0,0.58512765,1
2,0,0.66887087,1
2,0,0.826125,1
2,0,0.7190836,1
2,0,0.5007163,1
2,0,0.9512989,1
2,0,0.92064226,1
2,0,0.6440854,1
2,0,0.77692,1
2,0,0.9909123,1
2,0,0.85514027,1
2,0,0.7942689,1
2,0,0.92000294,1
2,0,0.7747663,1
2,0,0.761301,1
2,0,0.88906574,1
2,0,0.7569001,1
2,0,0.8338801,1
2,0,0.6456755,1
2,0,0.66635084,1
2,0,0.88419193,1
2,0,0.62432516,1
2,0,0.46257702,0
2,0,0.5540479,1
2,0,0.668374,1
2,0,0.9206553,1
2,0,0.63888943,1
2,0,0.42712405,0
2,0,0.28250954,0
2,0,0.30898234,0
2,0,0.4844779,0
2,0,0.7990036,1
2,0,0.5136652,1
2,0,0.61489093,1
2,0,0.624469,1
2,0,0.5322836,1
2,0,0.45314875,0
2,0,0.8036899,1
2,0,0.88709277,1
2,0,0.6506057,1
2,0,0.28842857,0
2,0,0.46636143,0
2,0,0.55930114,1
2,0,0.38434485,0
2,0,0.49930298,0
2,0,0.8309888,1
2,0,0.73135763,1
2,0,0.70978,1
2,0,0.7739081,1
2,0,0.52844757,1
2,0,0.5399956,1
2,0,0.4366648,0
2,0,0.33187443,0
2,0,0.6236262,1
2,0,0.59402406,1
2,0,0.87841976,1
2,0,0.77998245,1
2,0,0.9280664,1
2,0,0.85058856,1
2,0,0.82270324,1
2,0,0.86166406,1
2,0,0.8810294,1
2,0,0.8431724,1
2,0,0.9472436,1
2,0,0.95575196,1
2,0,0.9597911,1
2,0,0.8920883,1
2,0,0.9201219,1
2,0,0.90492356,1
2,0,0.84592706,1
2,0,0.9009242,1
2,0,0.9309813,1
2,0,0.93499386,1
2,0,0.90545905,1
2,0,0.7049857,1
2,0,0.6478681,1
2,0,0.29200345,0
2,0,0.5960089,1
2,0,0.91282076,1
2,0,0.8794002,1
2,0,0.92429954,1
2,0,0.8852968,1
2,0,0.86775047,1
2,0,0.9007264,1
2,0,0.92304426,1
2,0,0.9160655,1
2,0,0.86022836,1
2,0,0.9086528,1
2,0,0.7361895,1
2,0,0.86187637,1
2,0,0.83304703,1
2,0,0.9361896,1
2,0,0.9334216,1
2,0,0.9631411,1
2,0,0.98426646,1
2,0,0.39925146,0
2,0,0.9833831,1
2,0,0.9418233,1
2,0,0.8204645,1
2,0,0.8582637,1
2,0,0.9212723,1
2,0,0.8535585,1
2,0,0.4019365,0
2,0,0.94168013,1
2,0,0.979295,1
2,0,0.91530615,1
2,0,0.95915157,1
2,0,0.85202616,1
2,0,0.44122007,0
2,0,0.9629248,1
2,0,0.9160332,1
2,0,0.87133014,1
2,0,0.945961,1
2,0,0.86363184,1
2,0,0.63047427,1
2,0,0.96504444,1
2,0,0.6542277,1
2,0,0.9614553,1
2,0,0.81885856,1
2,0,0.74737406,1
2,0,0.8467181,1
2,0,0.93992925,1
2,0,0.8967804,1
2,0,0.9763259,1
2,0,0.93035734,1
2,0,0.9124467,1
2,0,0.96562016,1
2,0,0.98190856,1
2,0,0.9773711,1
2,0,0.986053,1
2,0,0.98777175,1
2,0,0.9710387,1
2,0,0.92618465,1
2,0,0.9561474,1
2,0,0.965041,1
2,0,0.9498282,1
2,0,0.94451714,1
2,0,0.9533949,1
2,0,0.97983927,1
2,0,0.97294194,1
2,0,0.9467739,1
2,0,0.95295054,1
2,0,0.96175015,1
2,0,0.9769816,1
2,0,0.9767785,1
2,0,0.9769185,1
2,0,0.9658563,1
2,0,0.8913211,1
2,0,0.84688246,1
2,0,0.95028806,1
2,0,0.93744063,1
2,0,0.93481183,1
2,0,0.97982854,1
2,0,0.8605965,1
2,0,0.9324852,1
2,0,0.92299414,1
2,0,0.9317847,1
2,0,0.8362797,1
2,0,0.7865852,1
2,0,0.93344927,1
2,0,0.9620637,1
2,0,0.95380193,1
2,0,0.8894291,1
2,0,0.9864926,1
2,0,0.9772025,1
2,0,0.9210894,1
2,0,0.9653936,1
2,0,0.9068115,1
2,0,0.9769868,1
2,0,0.9519137,1
2,0,0.63288295,1
2,0,0.81119365,1
2,0,0.83252966,1
2,0,0.7478871,1
2,0,0.90806407,1
2,0,0.82959497,1
2,0,0.78678805,1
2,0,0.8572286,1
2,0,0.90479743,1
2,0,0.7859609,1
2,0,0.7261583,1
2,0,0.8765518,1
2,0,0.9180791,1
2,0,0.9563507,1
2,0,0.84628695,1
2,0,0.7654277,1
2,0,0.90887135,1
2,0,0.818367,1
2,0,0.9115452,1
2,0,0.3783219,0
2,0,0.31606808,0
2,0,0.8378572,1
2,0,0.74180675,1
2,0,0.7564601,1
2,0,0.7479449,1
2,0,0.9314561,1
2,0,0.96963644,1
2,0,0.97349125,1
2,0,0.9809054,1
2,0,0.9474795,1
2,0,0.9426027,1
2,0,0.9516683,1
2,0,0.96747,1
2,0,0.8970757,1
2,0,0.92053986,1
2,0,0.857813,1
2,0,0.8213392,1
2,0,0.9093711,1
2,0,0.8930031,1
2,0,0.51044333,1
2,0,0.7595645,1
2,0,0.9243483,1
2,0,0.8121532,1
2,0,0.9790157,1
2,0,0.97506565,1
2,0,0.9684826,1
2,0,0.9506974,1
2,0,0.9268455,1
2,0,0.96949446,1
2,0,0.96458954,1
2,0,0.8876023,1
2,0,0.81344837,1
2,0,0.7853633,1
2,0,0.9289138,1
2,0,0.9565604,1
2,0,0.9232365,1
2,0,0.97598857,1
2,0,0.98962563,1
2,0,0.9519801,1
2,0,0.94180655,1
2,0,0.98125666,1
2,0,0.95329034,1
2,0,0.9710188,1
2,0,0.9032232,1
2,0,0.893937,1
2,0,0.93223786,1
2,0,0.9510973,1
2,0,0.9275637,1
2,0,0.87113315,1
2,0,0.91858596,1
2,0,0.8869617,1
2,0,0.9755147,1
2,0,0.9318909,1
2,0,0.947144,1
2,0,0.9137687,1
2,0,0.9104338,1
2,0,0.8158597,1
2,0,0.9683497,1
2,0,0.8869091,1
2,0,0.93138576,1
2,0,0.9131577,1
2,0,0.9360515,1
2,0,0.8188453,1
2,0,0.60570323,1
2,0,0.9367623,1
2,0,0.93275386,1
2,0,0.93738,1
2,0,0.8830301,1
2,0,0.94971734,1
2,0,0.89753556,1
2,0,0.87950075,1
2,0,0.8624962,1
2,0,0.93740773,1
2,0,0.93362933,1
2,0,0.9632289,1
2,0,0.9154535,1
2,0,0.8149799,1
2,0,0.7769663,1
2,0,0.9114928,1
2,0,0.9098978,1
2,0,0.8788228,1
2,0,0.89700156,1
2,0,0.9616786,1
2,0,0.79394376,1
2,0,0.7341977,1
2,0,0.6681133,1
2,0,0.941849,1
2,0,0.89035577,1
2,0,0.66847396,1
2,0,0.7974588,1
2,0,0.8925348,1
2,0,0.9131699,1
2,0,0.9039129,1
2,0,0.9631742,1
2,0,0.90435374,1
2,0,0.9406351,1
2,0,0.9379553,1
2,0,0.94051325,1
2,0,0.93287843,1
2,0,0.9825295,1
2,0,0.98868996,1
2,0,0.990569,1
2,0,0.96398157,1
2,0,0.98060685,1
2,0,0.9975866,1
2,0,0.9587845,1
2,0,0.9117578,1
2,0,0.9542536,1
2,0,0.9408361,1
2,0,0.9616428,1
2,0,0.9209656,1
2,0,0.9646784,1
2,0,0.82928425,1
2,0,0.80068105,1
2,0,0.91236305,1
2,0,0.9600541,1
2,0,0.8893749,1
2,0,0.85499585,1
2,0,0.90308017,1
2,0,0.90519804,1
2,0,0.88797176,1
2,0,0.88595086,1
2,0,0.80535334,1
2,0,0.77327186,1
2,0,0.8865887,1
2,0,0.6681031,1
2,0,0.7441561,1
2,0,0.90936774,1
2,0,0.8113436,1
2,0,0.77608025,1
2,0,0.31794858,0
2,0,0.7161546,1
2,0,0.83897245,1
2,0,0.60209006,1
2,0,0.7337697,1
2,0,0.8084617,1
2,0,0.84851813,1
2,0,0.5185631,1
2,0,0.81205076,1
2,0,0.64214575,1
2,0,0.73155457,1
2,0,0.60966283,1
2,0,0.83207315,1
2,0,0.8797011,1
2,0,0.68620783,1
2,0,0.6263142,1
2,0,0.88238645,1
2,0,0.81671953,1
2,0,0.776639,1
2,0,0.8198502,1
2,0,0.7330153,1
2,0,0.85159487,1
2,0,0.93165874,1
2,0,0.8970035,1
2,0,0.72214234,1
2,0,0.8850395,1
2,0,0.92670566,1
2,0,0.8315072,1
2,0,0.6578882,1
2,0,0.8498634,1
2,0,0.893762,1
2,0,0.879814,1
2,0,0.88887936,1
2,0,0.95999753,1
2,0,0.91004884,1
2,0,0.33859605,0
2,0,0.14987554,0
2,0,0.1759279,0
2,0,0.21956395,0
2,0,0.35079286,0
2,0,0.23652883,0
2,0,0.13308026,0
2,0,0.15238251,0
2,0,0.32417187,0
2,0,0.39122716,0
2,0,0.3714151,0
2,0,0.21152298,0
2,0,0.23052481,0
2,0,0.3434059,0
2,0,0.34329134,0
2,0,0.3822959,0
2,0,0.314782,0
2,0,0.3669034,0
2,0,0.26271716,0
2,0,0.34952602,0
2,0,0.10518765,0
2,0,0.14902364,0
2,0,0.12343068,0
2,0,0.049552873,0
2,0,0.56832904,1
2,0,0.6226495,1
2,0,0.47665018,0
2,0,0.6663326,1
2,0,0.5758726,1
2,0,0.70382965,1
2,0,0.41619575,0
2,0,0.42157236,0
2,0,0.36524904,0
2,0,0.27173415,0
2,0,0.27194536,0
2,0,0.34740892,0
2,0,0.23702903,0
2,0,0.30654567,0
2,0,0.16110426,0
2,0,0.24221708,0
2,0,0.19523022,0
2,0,0.17340358,0
2,0,0.059902977,0
2,0,0.09683141,0
2,1,0.6362377,1
2,1,0.56157017,1
2,1,0.5464123,1
2,1,0.45402274,0
2,1,0.449242,0
2,1,0.44581082,0
2,1,0.9199726,1
2,1,0.9018506,1
2,1,0.690931,1
2,1,0.9181538,1
2,1,0.886739,1
2,1,0.9098827,1
2,1,0.7789296,1
2,1,0.86323154,1
2,1,0.7772486,1
2,1,0.76595426,1
2,1,0.657093,1
2,1,0.6527285,1
2,1,0.7895493,1
2,1,0.80689204,1
2,1,0.78705937,1
2,1,0.82424074,1
2,1,0.8103054,1
2,1,0.74245423,1
2,1,0.5909866,1
2,1,0.65928185,1
2,1,0.5268635,1
2,1,0.54099685,1
2,1,0.61615413,1
2,1,0.5035859,1
2,1,0.62138677,1
2,1,0.490649,0
2,1,0.39486283,0
2,1,0.30633745,0
2,1,0.47595245,0
2,1,0.3997708,0
2,1,0.4928586,0
2,1,0.415862,0
2,1,0.43958098,0
2,1,0.4415117,0
2,1,0.4530863,0
2,1,0.5614563,1
2,1,0.39702848,0
2,1,0.49271226,0
2,1,0.40111908,0
2,1,0.53083766,1
2,1,0.91311735,1
2,1,0.91719556,1
2,1,0.92968696,1
2,1,0.7330998,1
2,1,0.9255276,1
2,1,0.85373664,1
2,1,0.65751004,1
2,1,0.9870608,1
2,1,0.7479775,1
2,1,0.911126,1
2,1,0.55693465,1
2,1,0.8315992,1
2,1,0.93875176,1
2,1,0.8745607,1
2,1,0.92459375,1
2,1,0.9030681,1
2,1,0.55327994,1
2,1,0.74961203,1
2,1,0.96693635,1
2,1,0.89238197,1
2,1,0.95637935,1
2,1,0.98410136,1
2,1,0.87174964,1
2,1,0.9556844,1
2,1,0.91548175,1
2,1,0.9009338,1
2,1,0.9185875,1
2,1,0.7741162,1
2,1,0.91567856,1
2,1,0.85709524,1
2,1,0.88014984,1
2,1,0.7005998,1
2,1,0.67931956,1
2,1,0.80161756,1
2,1,0.84922016,1
2,1,0.8022694,1
2,1,0.8833152,1
2,1,0.6854493,1
2,1,0.70044744,1
2,1,0.6612359,1
2,1,0.70955926,1
2,1,0.68525046,1
2,1,0.53429186,1
2,1,0.4914221,0
2,1,0.8327,1
2,1,0.72780466,1
2,1,0.9464295,1
2,1,0.9518989,1
2,1,0.93215775,1
2,1,0.8663186,1
2,1,0.8847636,1
2,1,0.91100925,1
2,1,0.85428023,1
2,1,0.8045098,1
2,1,0.74760777,1
2,1,0.83420247,1
2,1,0.84506196,1
2,1,0.5339389,1
2,1,0.9765795,1
2,1,0.88209593,1
2,1,0.796305,1
2,1,0.9016215,1
2,1,0.9130066,1
2,1,0.885397,1
2,1,0.84173095,1
2,1,0.88655424,1
2,1,0.8362826,1
2,1,0.689282,1
2,1,0.75255793,1
2,1,0.5674858,1
2,1,0.73842436,1
2,1,0.19878434,0
2,1,0.37791443,0
2,1,0.9296703,1
2,1,0.7505181,1
2,1,0.9211695,1
2,1,0.61354554,1
2,1,0.7117433,1
2,1,0.7793815,1
2,1,0.7530165,1
2,1,0.8543467,1
2,1,0.9342228,1
2,1,0.94509006,1
2,1,0.9443225,1
2,1,0.619077,1
2,1,0.3608219,0
2,1,0.4673252,0
2,1,0.20961817,0
2,1,0.6775855,1
2,1,0.8553634,1
2,1,0.9355159,1
2,1,0.92687386,1
2,1,0.7218825,1
2,1,0.29908994,0
2,1,0.6938466,1
2,1,0.9192481,1
2,1,0.9476502,1
2,1,0.5343007,1
2,1,0.6318721,1
2,0,0.32158417,0
2,0,0.46716103,0
2,0,0.8034065,1
2,0,0.3207269,0
2,0,0.43677026,0
2,0,0.22178075,0
2,0,0.22430228,0
2,0,0.25638318,0
2,0,0.56563437,1
2,0,0.8320411,1
2,0,0.6593218,1
2,0,0.5979655,1
2,0,0.45504346,0
2,0,0.27726212,0
2,0,0.48957723,0
2,0,0.6800037,1
2,0,0.78041655,1
2,0,0.52764547,1
2,0,0.32385555,0
2,0,0.6085188,1
2,0,0.8375723,1
2,0,0.68242574,1
2,0,0.6242435,1
2,0,0.62285686,1
2,0,0.6032873,1
2,0,0.6860652,1
2,0,0.56594557,1
2,0,0.84174514,1
2,0,0.6001003,1
2,0,0.69461393,1
2,0,0.43816027,0
2,0,0.44274074,0
2,0,0.35739902,0
2,0,0.5172691,1
2,0,0.7714576,1
2,0,0.746944,1
2,0,0.7114961,1
2,0,0.4775795,0
2,0,0.62529284,1
2,0,0.3244246,0
2,0,0.5001751,1
2,0,0.8117673,1
2,1,0.6505445,1
2,1,0.7552342,1
2,1,0.567032,1
2,1,0.48051602,0
2,1,0.6320784,1
2,1,0.56884515,1
2,1,0.7131346,1
2,1,0.7271876,1
2,1,0.7793138,1
2,1,0.7979537,1
2,1,0.80170506,1
2,1,0.7892164,1
2,0,0.7179176,1
2,0,0.8311764,1
2,0,0.7609675,1
2,0,0.7507174,1
2,0,0.82323,1
2,0,0.76762074,1
2,0,0.47882184,0
2,0,0.64607173,1
2,0,0.5558988,1
2,0,0.49965388,0
2,0,0.31272107,0
2,0,0.592036,1
2,0,0.39150923,0
2,1,0.4321274,0
2,1,0.6843173,1
2,1,0.75629646,1
2,1,0.9012316,1
2,1,0.8494804,1
2,1,0.93047374,1
2,1,0.9485563,1
2,1,0.93434435,1
2,1,0.88891923,1
2,1,0.8740988,1
2,1,0.9518072,1
2,1,0.95382416,1
2,1,0.89186674,1
2,1,0.9328947,1
2,1,0.88608056,1
2,1,0.9487737,1
2,1,0.8374017,1
2,1,0.827052,1
2,1,0.93046635,1
2,1,0.958425,1
2,1,0.97984385,1
2,1,0.94852465,1
2,1,0.93780714,1
2,1,0.92310625,1
2,1,0.94780856,1
2,1,0.98000365,1
2,1,0.8950743,1
2,1,0.9569017,1
2,1,0.8964113,1
2,1,0.8726919,1
2,1,0.9763555,1
2,1,0.9612032,1
2,1,0.9391023,1
2,1,0.97224253,1
2,1,0.9692606,1
2,1,0.9480619,1
2,1,0.9756015,1
2,1,0.94933265,1
2,1,0.96008,1
2,1,0.93540287,1
2,1,0.94488484,1
2,1,0.9680233,1
2,1,0.95307326,1
2,1,0.49172974,0
2,1,0.46174276,0
2,1,0.52443314,1
2,1,0.45590925,0
2,1,0.38130534,0
2,1,0.32487866,0
2,1,0.46458346,0
2,1,0.48799476,0
2,1,0.42763767,0
2,1,0.24723683,0
2,1,0.36493793,0
2,1,0.13380165,0
2,1,0.1488741,0
2,1,0.40471664,0
2,1,0.2865645,0
2,1,0.3082479,0
2,1,0.27992734,0
2,1,0.117213696,0
2,1,0.62136656,1
2,1,0.16448863,0
2,1,0.6130951,1
2,1,0.23050104,0
2,1,0.5226079,1
2,1,0.19644754,0
2,1,0.44741967,0
2,1,0.19020487,0
2,1,0.24352273,0
2,1,0.20494305,0
2,1,0.29566061,0
2,1,0.41051516,0
2,1,0.34049058,0
2,1,0.15664424,0
2,1,0.37455285,0
2,1,0.26438773,0
2,1,0.5845603,1
2,1,0.35150853,0
2,1,0.53701806,1
2,1,0.43635496,0
2,1,0.23989107,0
2,1,0.3097513,0
2,1,0.23100358,0
2,1,0.16681057,0
2,1,0.19214402,0
2,1,0.1857135,0
2,1,0.29064682,0
2,1,0.22703783,0
2,1,0.77048814,1
2,1,0.8276923,1
2,1,0.8471533,1
2,1,0.8112775,1
2,1,0.82061356,1
2,1,0.7668094,1
2,1,0.6566593,1
2,1,0.72423303,1
2,1,0.68361807,1
2,1,0.7949437,1
2,1,0.7966313,1
2,1,0.81332225,1
2,1,0.7037074,1
2,1,0.8520527,1
2,1,0.8523934,1
2,1,0.821695,1
2,1,0.7868971,1
2,1,0.87388945,1
2,1,0.82912815,1
2,1,0.7416118,1
2,1,0.7400644,1
2,1,0.5901908,1
2,1,0.6078376,1
2,1,0.66906416,1
2,0,0.72931033,1
2,0,0.59554183,1
2,0,0.49392998,0
2,0,0.64516973,1
2,0,0.5172221,1
2,0,0.42387912,0
2,0,0.22937253,0
2,0,0.4106993,0
2,0,0.5994636,1
2,0,0.73732,1
2,0,0.55854326,1
2,0,0.59622765,1
2,0,0.6504507,1
2,0,0.64550614,1
2,0,0.5936405,1
2,0,0.67926127,1
2,0,0.6396495,1
2,0,0.6301857,1
2,0,0.5928576,1
2,0,0.6577046,1
2,0,0.53100413,1
2,0,0.6215982,1
2,0,0.74260145,1
2,0,0.47893742,0
2,0,0.56374425,1
2,0,0.66965955,1
2,0,0.48419124,0
2,0,0.52720463,1
2,0,0.5792667,1
2,0,0.5155402,1
2,1,0.8008688,1
2,1,0.747826,1
2,1,0.9103446,1
2,1,0.5515336,1
2,1,0.6526819,1
2,1,0.77297324,1
2,1,0.6294407,1
2,1,0.61257625,1
2,1,0.6979389,1
2,1,0.8009072,1
2,1,0.7656282,1
2,1,0.8193598,1
2,1,0.8767766,1
2,1,0.66890925,1
2,1,0.55860204,1
2,1,0.6853495,1
2,1,0.7858594,1
2,1,0.80399585,1
2,1,0.8618624,1
2,1,0.72261155,1
2,1,0.78000087,1
2,1,0.9026289,1
2,1,0.8287457,1
2,1,0.8695655,1
2,1,0.87728775,1
2,1,0.892971,1
2,1,0.77630484,1
2,1,0.7529311,1
2,1,0.7160179,1
2,1,0.8531601,1
2,1,0.68772227,1
2,1,0.7313137,1
2,1,0.73418224,1
2,1,0.67495054,1
2,1,0.86197937,1
2,0,0.5344111,1
2,0,0.7384568,1
2,0,0.8054404,1
2,0,0.80362,1
2,0,0.80895513,1
2,0,0.8383002,1
2,0,0.8606591,1
2,0,0.68074447,1
2,0,0.5977427,1
2,0,0.76908547,1
2,0,0.77506167,1
2,0,0.82782626,1
2,0,0.7874255,1
2,0,0.83721316,1
2,0,0.78546816,1
2,0,0.7152979,1
2,0,0.52921194,1
2,0,0.71053505,1
2,0,0.7237114,1
2,0,0.69690984,1
2,0,0.70118076,1
2,0,0.7948458,1
2,1,0.7311,1
2,1,0.70433563,1
2,1,0.57053643,1
2,1,0.7000463,1
2,1,0.64124036,1
2,1,0.7370035,1
2,1,0.7367162,1
2,1,0.7161312,1
2,1,0.68084544,1
2,1,0.6943004,1
2,1,0.6518714,1
2,1,0.6476572,1
2,1,0.49322945,0
2,1,0.5965901,1
2,1,0.69643724,1
2,1,0.52623254,1
2,1,0.5969045,1
2,1,0.674782,1
2,1,0.6285153,1
2,1,0.7016057,1
2,1,0.6207681,1
2,1,0.4785906,0
2,1,0.5181664,1
2,1,0.6170704,1
2,1,0.5850832,1
2,1,0.5014554,1
2,1,0.7016425,1
2,1,0.5260254,1
2,1,0.7411518,1
2,1,0.6030311,1
2,0,0.7564894,1
2,0,0.7193944,1
2,0,0.7806464,1
2,0,0.63116705,1
2,0,0.68777627,1
2,0,0.67185134,1
2,0,0.5930239,1
2,0,0.80560863,1
2,0,0.5610371,1
2,0,0.57199615,1
2,0,0.6707109,1
2,0,0.6985491,1
2,0,0.45919642,0
2,0,0.5758599,1
2,0,0.773886,1
2,1,0.29123345,0
2,1,0.1737894,0
2,1,0.16315413,0
2,1,0.30636552,0
2,1,0.15837663,0
2,1,0.26518822,0
2,1,0.17710336,0
2,1,0.5994635,1
2,1,0.11969528,0
2,1,0.18814534,0
2,1,0.0441725,0
2,1,0.044211995,0
2,1,0.055506688,0
2,1,0.05386884,0
2,1,0.16402887,0
2,1,0.4463289,0
2,1,0.15444411,0
2,1,0.09802985,0
2,1,0.16737072,0
2,1,0.08942173,0
2,1,0.53755,1
2,1,0.09337001,0
2,1,0.5169664,1
2,1,0.24654463,0
2,1,0.28617287,0
2,1,0.17253704,0
2,1,0.22271737,0
2,1,0.2186461,0
2,1,0.081978865,0
2,1,0.16094588,0
2,1,0.2513916,0
2,1,0.38347587,0
2,1,0.5443807,1
2,1,0.3065691,0
2,1,0.4006236,0
2,1,0.25758708,0
2,1,0.9765168,1
2,1,0.98974496,1
2,1,0.989198,1
2,1,0.96326005,1
2,1,0.98244137,1
2,1,0.9708162,1
2,1,0.9537976,1
2,1,0.9597817,1
2,1,0.9653116,1
2,1,0.9723708,1
2,1,0.95481193,1
2,1,0.35330287,0
2,1,0.10645609,0
2,1,0.40902817,0
2,1,0.7065499,1
2,1,0.6188838,1
2,1,0.49309397,0
2,1,0.56328696,1
2,1,0.39894515,0
2,1,0.68376255,1
2,1,0.37508908,0
2,1,0.36568996,0
2,1,0.85381615,1
2,1,0.5448033,1
2,1,0.16788961,0
2,1,0.43088445,0
2,1,0.34600008,0
2,1,0.20254573,0
2,1,0.13851814,0
2,1,0.41626593,0
2,1,0.4643698,0
2,1,0.46091753,0
2,1,0.2447654,0
2,1,0.2278474,0
2,1,0.8793494,1
2,1,0.9055895,1
2,1,0.63959193,1
2,1,0.4813522,0
2,1,0.537262,1
2,1,0.49305353,0
2,1,0.70219177,1
2,1,0.36392793,0
2,1,0.097659,0
2,1,0.058729433,0
2,1,0.1664135,0
2,1,0.050494343,0
2,1,0.30966318,0
2,1,0.24710162,0
2,1,0.3018894,0
2,1,0.2668562,0
2,1,0.5435195,1
2,1,0.25781953,0
2,1,0.27471697,0
2,1,0.33881888,0
2,1,0.41330975,0
2,1,0.20765373,0
2,1,0.27551782,0
2,1,0.25760275,0
2,1,0.39425036,0
2,1,0.20712359,0
2,1,0.09472126,0
2,1,0.15745753,0
2,1,0.18481451,0
2,1,0.11672007,0
2,1,0.13429262,0
2,1,0.18342322,0
2,1,0.29719844,0
2,1,0.2668218,0
2,1,0.34989503,0
2,1,0.20441876,0
2,1,0.6004146,1
2,1,0.25485015,0
2,1,0.4217471,0
2,1,0.24869023,0
2,1,0.026017282,0
2,1,0.30523324,0
2,1,0.25187588,0
2,1,0.2717251,0
2,1,0.34062207,0
2,1,0.41784415,0
2,1,0.17617732,0
2,1,0.18856964,0
2,1,0.2466579,0
2,1,0.30719227,0
2,1,0.6012632,1
2,1,0.57865626,1
2,1,0.6995283,1
2,1,0.70495045,1
2,1,0.16188447,0
2,1,0.23594409,0
2,1,0.6082074,1
2,1,0.33464548,0
2,1,0.54917496,1
2,1,0.47693247,0
2,1,0.89156276,1
2,1,0.34772196,0
2,1,0.20874853,0
2,1,0.35786408,0
2,1,0.47236457,0
2,1,0.9666775,1
2,1,0.89727473,1
2,1,0.9589838,1
2,1,0.9417714,1
2,1,0.9507876,1
2,1,0.97159845,1
2,1,0.9234063,1
2,1,0.9708576,1
2,1,0.96297896,1
2,1,0.9464562,1
2,1,0.95414,1
2,1,0.92733616,1
2,1,0.84960216,1
2,1,0.97472817,1
2,1,0.9450118,1
2,1,0.94766176,1
2,1,0.9710444,1
2,1,0.9507029,1
2,1,0.95874244,1
2,1,0.93007326,1
2,1,0.87232184,1
2,1,0.93436265,1
2,1,0.9773202,1
2,1,0.9117258,1
2,1,0.9700491,1
2,1,0.96635425,1
2,1,0.9660048,1
2,1,0.98140955,1
2,1,0.9804129,1
2,1,0.97813797,1
2,1,0.9903143,1
2,1,0.95683163,1
2,1,0.9246928,1
2,1,0.97468895,1
2,1,0.9750871,1
2,1,0.9411276,1
2,1,0.9642326,1
2,1,0.97791284,1
2,1,0.9216095,1
2,1,0.91517097,1
2,1,0.96103257,1
2,1,0.9567766,1
2,1,0.46509922,0
2,1,0.67214274,1
2,1,0.7666529,1
2,1,0.79363525,1
2,1,0.6307649,1
2,1,0.8311295,1
2,1,0.69058543,1
2,1,0.8078862,1
2,1,0.7788659,1
2,1,0.70070595,1
2,1,0.8572784,1
2,1,0.9793488,1
2,1,0.9730017,1
2,1,0.9807421,1
2,1,0.97630775,1
2,1,0.98530537,1
2,1,0.9703757,1
2,1,0.9614198,1
2,1,0.9697186,1
2,1,0.9856241,1
2,1,0.93620497,1
2,1,0.8392402,1
2,1,0.8498977,1
2,1,0.93796265,1
2,1,0.9355967,1
2,1,0.9638515,1
2,1,0.94030136,1
2,1,0.9654308,1
2,1,0.96152514,1
2,1,0.95977277,1
2,1,0.98594904,1
2,1,0.99779874,1
2,1,0.9938571,1
2,1,0.7800065,1
2,1,0.88077384,1
2,1,0.77713054,1
2,1,0.9745471,1
2,1,0.90265137,1
2,1,0.8928453,1
2,1,0.9243518,1
2,1,0.9116365,1
2,1,0.4216622,0
2,1,0.5946392,1
2,1,0.2153564,0
2,1,0.542701,1
2,1,0.18215832,0
2,1,0.42611417,0
2,1,0.20970018,0
2,1,0.52569115,1
2,0,0.8741773,1
2,0,0.8036279,1
2,0,0.7477462,1
2,0,0.9046056,1
2,0,0.86317366,1
2,0,0.8031133,1
2,0,0.8633635,1
2,0,0.77485275,1
2,0,0.7691673,1
2,0,0.39124182,0
2,0,0.44462103,0
2,0,0.21717715,0
2,0,0.41014698,0
2,0,0.3348938,0
2,0,0.5400091,1
2,1,0.44689462,0
2,1,0.5917976,1
2,1,0.538282,1
2,1,0.67004246,1
2,1,0.62487185,1
2,1,0.5140225,1
2,1,0.5300561,1
2,1,0.5122705,1
2,1,0.5974459,1
2,1,0.3446402,0
2,1,0.26348415,0
2,1,0.33812806,0
2,1,0.27293268,0
2,1,0.54254574,1
2,1,0.32993782,0
2,1,0.4679551,0
2,1,0.38630253,0
2,1,0.32188368,0
2,1,0.2771347,0
2,1,0.7395928,1
2,1,0.88855386,1
2,1,0.8921257,1
2,1,0.91916,1
2,1,0.87917805,1
2,1,0.8673026,1
2,1,0.92523295,1
2,1,0.9451795,1
2,1,0.9348498,1
2,1,0.8517697,1
2,1,0.88626206,1
2,1,0.8636671,1
2,1,0.7527182,1
2,1,0.6951264,1
2,1,0.8994959,1
2,1,0.28066304,0
2,1,0.2787126,0
2,1,0.1953923,0
2,1,0.17890093,0
2,1,0.18207094,0
2,1,0.07936429,0
2,1,0.33952236,0
2,1,0.1705289,0
2,1,0.20784134,0
2,1,0.12617923,0
2,1,0.09777288,0
2,1,0.25840756,0
2,1,0.22795942,0
2,1,0.119028814,0
2,1,0.15538168,0
2,1,0.3931985,0
2,1,0.091421895,0
2,1,0.113350034,0
2,1,0.3072272,0
2,1,0.11504915,0
2,1,0.060810678,0
2,1,0.16288558,0
2,1,0.19696069,0
2,1,0.9181882,1
2,1,0.94259775,1
2,1,0.9095063,1
2,1,0.8001477,1
2,1,0.9802515,1
2,1,0.9942913,1
2,1,0.96668285,1
2,1,0.9317041,1
2,1,0.8803556,1
2,1,0.9831424,1
2,1,0.9855139,1
2,1,0.9572641,1
2,1,0.96900964,1
2,1,0.9808803,1
2,1,0.9624673,1
2,1,0.16924796,0
2,1,0.19242351,0
2,1,0.21732794,0
2,1,0.441745,0
2,1,0.29932085,0
2,1,0.37460628,0
2,1,0.4035134,0
2,1,0.35728762,0
2,1,0.20123792,0
2,1,0.23033255,0
2,1,0.17356078,0
2,1,0.36350307,0
2,1,0.29959363,0
2,1,0.3708305,0
2,1,0.43207458,0
2,1,0.78980476,1
2,1,0.1572906,0
2,1,0.1335317,0
2,1,0.109762,0
2,1,0.80779046,1
2,1,0.8515035,1
2,1,0.5931546,1
2,1,0.82618195,1
2,1,0.7498085,1
2,1,0.94994736,1
2,1,0.94487107,1
2,1,0.97300255,1
2,1,0.96590847,1
2,1,0.9826827,1
2,1,0.98518014,1
2,1,0.92900544,1
2,1,0.89901215,1
2,1,0.94005543,1
2,0,0.6975,1
2,0,0.8105687,1
2,0,0.763919,1
2,0,0.49233505,0
2,0,0.5061022,1
2,0,0.622753,1
2,0,0.7352234,1
2,0,0.74753714,1
2,0,0.67250156,1
2,0,0.43801335,0
2,0,0.7620022,1
2,0,0.855564,1
2,0,0.54942006,1
2,0,0.6638538,1
2,0,0.9285157,1
2,0,0.90054953,1
2,0,0.9736111,1
2,0,0.82779884,1
2,0,0.9893259,1
2,0,0.95569164,1
2,0,0.9589881,1
2,0,0.9665522,1
2,0,0.96782327,1
2,0,0.90516925,1
2,0,0.9699062,1
2,0,0.9569633,1
2,0,0.9965042,1
2,0,0.9349036,1
2,0,0.884407,1
2,0,0.8597969,1
2,1,0.23100542,0
2,1,0.48643574,0
2,1,0.35531533,0
2,1,0.28869987,0
2,1,0.48675007,0
2,1,0.35153246,0
2,1,0.17673188,0
2,1,0.5097279,1
2,1,0.14909574,0
2,1,0.2745551,0
2,1,0.26311418,0
2,1,0.42580125,0
2,1,0.15141882,0
2,1,0.26530564,0
2,1,0.096310355,0
2,1,0.23404628,0
2,1,0.11745341,0
2,1,0.34234422,0
2,1,0.21286316,0
2,1,0.27041686,0
2,1,0.4149174,0
2,1,0.49070653,0
2,1,0.43458968,0
2,1,0.30141434,0
2,1,0.2962848,0
2,1,0.35702917,0
2,1,0.28686234,0
2,1,0.63468474,1
2,1,0.83652765,1
2,1,0.86410487,1
2,1,0.9248339,1
2,1,0.92921805,1
2,1,0.9467875,1
2,1,0.9311153,1
2,1,0.932531,1
2,1,0.75422525,1
2,1,0.7141281,1
2,1,0.5057819,1
2,1,0.47506762,0
2,1,0.5767649,1
2,1,0.48196116,0
2,1,0.6776451,1
2,1,0.69306785,1
2,1,0.68772346,1
2,1,0.67997915,1
2,1,0.842329,1
3,1,0.8517451,1
3,1,0.9586425,1
3,1,0.9113606,1
3,1,0.94047785,1
3,1,0.8838455,1
3,1,0.8990906,1
3,1,0.8775433,1
3,1,0.90982133,1
3,1,0.85445756,1
3,1,0.8546544,1
3,1,0.83548135,1
3,1,0.82191724,1
3,1,0.85828435,1
3,1,0.48869732,0
3,1,0.84947574,1
3,1,0.78418225,1
3,1,0.11286815,0
3,1,0.3394991,0
3,1,0.5672503,1
3,1,0.46446407,0
3,1,0.47429785,0
3,1,0.4178199,0
3,1,0.5709534,1
3,1,0.5648119,1
3,1,0.35995346,0
3,1,0.44140077,0
3,1,0.4716628,0
3,1,0.22340713,0
3,1,0.40811208,0
3,1,0.49676716,0
3,1,0.14297122,0
3,1,0.39194554,0
3,1,0.45344767,0
3,1,0.27942672,0
3,1,0.30534697,0
3,1,0.44866756,0
3,1,0.19743639,0
3,1,0.4806945,0
3,1,0.33166033,0
3,1,0.63143,1
3,1,0.5703002,1
3,1,0.5502486,1
3,1,0.5340453,1
3,1,0.65740424,1
3,1,0.5782389,1
3,1,0.77057725,1
3,0,0.76115423,1
3,0,0.83850545,1
3,0,0.7032888,1
3,0,0.780893,1
3,0,0.59185266,1
3,0,0.9104433,1
3,0,0.51806724,1
3,0,0.85159147,1
3,0,0.7139632,1
3,0,0.72724026,1
3,0,0.8664287,1
3,0,0.7653874,1
3,0,0.81135404,1
3,0,0.7808257,1
3,0,0.5613726,1
3,0,0.6310577,1
3,0,0.74789226,1
3,0,0.77570635,1
3,0,0.65789294,1
3,0,0.477956,0
3,0,0.73215604,1
3,0,0.23710544,0
3,0,0.32562533,0
3,0,0.17057616,0
3,0,0.25077432,0
3,0,0.24111326,0
3,0,0.37019762,0
3,0,0.21223707,0
3,0,0.48776564,0
3,0,0.34929895,0
3,0,0.1802161,0
3,0,0.20722409,0
3,0,0.1407449,0
3,1,0.47966355,0
3,1,0.4687097,0
3,1,0.51027745,1
3,1,0.29975104,0
3,1,0.31040135,0
3,1,0.1988099,0
3,1,0.32318807,0
3,1,0.51320547,1
3,1,0.5207551,1
3,1,0.55904746,1
3,1,0.46771333,0
3,1,0.4457902,0
3,1,0.5099886,1
3,1,0.48590618,0
3,1,0.51618946,1
3,1,0.4953513,0
3,1,0.49627328,0
3,1,0.6344827,1
3,1,0.6871707,1
3,1,0.6352086,1
3,1,0.6860439,1
3,1,0.5658353,1
3,1,0.3285284,0
3,1,0.4412324,0
3,1,0.64872175,1
3,1,0.4448688,0
3,1,0.48057592,0
3,1,0.5490985,1
3,1,0.6892144,1
3,1,0.5855049,1
3,1,0.45458406,0
3,1,0.5134362,1
3,1,0.68240553,1
3,1,0.79260397,1
3,1,0.76108503,1
3,1,0.6960395,1
3,1,0.5267186,1
3,1,0.57559526,1
3,1,0.7299183,1
3,1,0.64310265,1
3,1,0.8190793,1
3,1,0.8425258,1
3,1,0.81443375,1
3,1,0.75511754,1
3,1,0.862204,1
3,1,0.9008807,1
3,1,0.5098426,1
3,1,0.6013568,1
3,1,0.8899556,1
3,1,0.87834597,1
3,1,0.86155367,1
3,1,0.8439956,1
3,1,0.77642345,1
3,1,0.89401835,1
3,1,0.62069404,1
3,1,0.83332926,1
3,1,0.6772842,1
3,1,0.6840547,1
3,1,0.7357237,1
3,1,0.7045925,1
3,1,0.7378623,1
3,1,0.62354213,1
3,1,0.7837305,1
3,1,0.91512823,1
3,1,0.65968686,1
3,1,0.7334667,1
3,1,0.86494416,1
3,1,0.8816718,1
3,1,0.73394763,1
3,1,0.791288,1
3,1,0.81416523,1
3,1,0.6104337,1
3,1,0.6876906,1
3,1,0.9184261,1
3,1,0.81496006,1
3,1,0.7842254,1
3,1,0.859029,1
3,1,0.88532656,1
3,1,0.8132551,1
3,1,0.7547695,1
3,1,0.92458695,1
3,1,0.8786794,1
3,1,0.8468494,1
3,0,0.85531074,1
3,0,0.94220906,1
3,0,0.9051466,1
3,0,0.9421205,1
3,0,0.9198073,1
3,0,0.8259593,1
3,0,0.81053936,1
3,0,0.6018444,1
3,0,0.73933,1
3,0,0.56977344,1
3,0,0.8724702,1
3,0,0.7215683,1
3,0,0.7405744,1
3,1,0.76085526,1
3,1,0.8348572,1
3,1,0.8369011,1
3,1,0.9140019,1
3,1,0.918744,1
3,1,0.82542926,1
3,1,0.634451,1
3,1,0.7852921,1
3,1,0.71572065,1
3,1,0.80389374,1
3,1,0.79281646,1
3,1,0.8766762,1
3,1,0.83353275,1
3,1,0.75320077,1
3,1,0.7930274,1
3,1,0.7984636,1
3,1,0.82308084,1
3,1,0.7658665,1
3,1,0.745543,1
3,1,0.7399118,1
3,1,0.645341,1
3,1,0.6177074,1
3,1,0.6460407,1
3,1,0.51662475,1
3,1,0.38548154,0
3,1,0.4683208,0
3,1,0.5461216,1
3,1,0.3878981,0
3,1,0.24542235,0
3,1,0.8177822,1
3,1,0.472026,0
3,1,0.9149857,1
3,1,0.8847099,1
3,1,0.80444413,1
3,1,0.94729996,1
3,1,0.9265724,1
3,1,0.90176827,1
3,1,0.8769664,1
3,1,0.27838355,0
3,1,0.29952684,0
3,1,0.47993755,0
3,1,0.30851278,0
3,1,0.574303,1
3,1,0.49990374,0
3,1,0.37791154,0
3,1,0.21090367,0
3,1,0.387112,0
3,1,0.24397467,0
3,1,0.23040825,0
3,1,0.1063979,0
3,1,0.15752552,0
3,1,0.26199746,0
3,1,0.27617314,0
3,1,0.33221912,0
3,1,0.40066066,0
3,1,0.16779004,0
3,1,0.1748735,0
3,1,0.0677963,0
3,1,0.12217334,0
3,1,0.10657295,0
3,1,0.15002169,0
3,1,0.15858935,0
3,0,0.7426424,1
3,0,0.33883283,0
3,0,0.14370611,0
3,0,0.12736528,0
3,0,0.36740455,0
3,0,0.48397648,0
3,0,0.6075779,1
3,0,0.81851465,1
3,0,0.38311175,0
3,0,0.5712651,1
3,0,0.2732784,0
3,0,0.8460041,1
3,0,0.7456432,1
3,0,0.84210604,1
3,0,0.9488131,1
3,1,0.8711802,1
3,1,0.8939095,1
3,1,0.74652225,1
3,1,0.9543269,1
3,1,0.8877932,1
3,1,0.8111593,1
3,1,0.8635186,1
3,1,0.56814915,1
3,1,0.6106198,1
3,1,0.5818341,1
3,1,0.66367877,1
3,1,0.69914365,1
3,1,0.61999017,1
3,1,0.10048032,0
3,1,0.114043646,0
3,1,0.118261956,0
3,1,0.112887904,0
3,1,0.15757684,0
3,1,0.29953507,0
3,1,0.19393854,0
3,1,0.32086965,0
3,1,0.16510439,0
3,1,0.23195323,0
3,1,0.3193932,0
3,1,0.22651301,0
3,1,0.10964154,0
3,1,0.07680421,0
3,1,0.08793147,0
3,1,0.07651568,0
3,1,0.0464349,0
3,1,0.061097175,0
3,1,0.071217425,0
3,1,0.054708604,0
3,0,0.7804923,1
3,0,0.75172853,1
3,0,0.70127255,1
3,0,0.71532166,1
3,0,0.8151061,1
3,0,0.6937641,1
3,0,0.65534097,1
3,0,0.8535398,1
3,0,0.7569339,1
3,0,0.72105217,1
3,0,0.75870943,1
3,0,0.57821697,1
3,0,0.6730862,1
3,0,0.6784207,1
3,0,0.64406174,1
3,0,0.5709613,1
3,0,0.6332478,1
3,0,0.6262347,1
3,0,0.44196546,0
3,0,0.57565916,1
3,0,0.71856695,1
3,0,0.5192658,1
3,0,0.69118863,1
3,0,0.57555246,1
3,0,0.61375433,1
3,0,0.59305537,1
3,0,0.59271395,1
3,0,0.60434633,1
3,0,0.72403747,1
3,0,0.713864,1
3,0,0.78216743,1
3,0,0.8166924,1
3,0,0.8235215,1
3,0,0.875132,1
3,0,0.88945335,1
3,0,0.8110843,1
3,0,0.8512054,1
3,0,0.78744584,1
3,0,0.6012064,1
3,0,0.8333862,1
3,0,0.7894801,1
3,0,0.86159164,1
3,0,0.76346844,1
3,0,0.8165426,1
3,0,0.6722819,1
3,0,0.52353436,1
3,0,0.54271245,1
3,0,0.57855606,1
3,0,0.5274201,1
3,0,0.52197725,1
3,0,0.6140545,1
3,0,0.5025605,1
3,0,0.5063506,1
3,0,0.4992117,0
3,0,0.44133216,0
3,0,0.42718688,0
3,0,0.77731603,1
3,0,0.62070996,1
3,0,0.53992987,1
3,0,0.73400676,1
3,0,0.6667442,1
3,0,0.6487837,1
3,0,0.644482,1
3,0,0.7157697,1
3,0,0.64256775,1
3,0,0.6604064,1
3,0,0.7729343,1
3,0,0.7412833,1
3,0,0.7817551,1
3,0,0.7788925,1
3,0,0.8730147,1
3,0,0.6975527,1
3,0,0.7793573,1
3,0,0.8255641,1
3,0,0.8483248,1
3,0,0.91387546,1
3,0,0.93714803,1
3,0,0.954187,1
3,0,0.9413449,1
3,0,0.92772764,1
3,0,0.80746114,1
3,0,0.8689357,1
3,0,0.7449518,1
3,0,0.8626959,1
3,0,0.8494564,1
3,0,0.87472266,1
3,0,0.8925445,1
3,0,0.71389943,1
3,0,0.82438713,1
3,0,0.62916064,1
3,0,0.7018682,1
3,0,0.8647074,1
3,0,0.7090954,1
3,0,0.6735694,1
3,0,0.79193753,1
3,0,0.79484123,1
3,0,0.6566693,1
3,0,0.5717474,1
3,0,0.68648255,1
3,0,0.5295818,1
3,0,0.5589855,1
3,0,0.7364182,1
3,0,0.71535397,1
3,0,0.745952,1
3,0,0.76270247,1
3,0,0.79115206,1
3,0,0.9327054,1
3,1,0.8554802,1
3,1,0.86047316,1
3,1,0.8698655,1
3,1,0.8757578,1
3,1,0.9247459,1
3,1,0.8185353,1
3,1,0.92389977,1
3,1,0.89160144,1
3,1,0.912918,1
3,1,0.89002174,1
3,0,0.84293497,1
3,0,0.7247505,1
3,0,0.6558329,1
3,0,0.7945301,1
3,0,0.63298285,1
3,0,0.7773153,1
3,0,0.820797,1
3,0,0.7345357,1
3,0,0.895401,1
3,0,0.77298605,1
3,0,0.7362226,1
3,0,0.88015485,1
3,0,0.88016933,1
3,0,0.835339,1
3,0,0.8623183,1
3,0,0.88645726,1
3,0,0.8768942,1
3,0,0.77403265,1
3,0,0.8530245,1
3,0,0.6947759,1
3,0,0.7588361,1
3,0,0.6737424,1
3,0,0.70424604,1
3,0,0.8437789,1
3,0,0.7225428,1
3,0,0.7695396,1
3,0,0.79070425,1
3,0,0.5777896,1
3,0,0.69274324,1
3,0,0.7623673,1
3,0,0.6263828,1
3,0,0.59328264,1
3,0,0.6904285,1
3,0,0.8176036,1
3,0,0.7640826,1
3,0,0.67714226,1
3,0,0.64654994,1
3,0,0.8909822,1
3,0,0.85568815,1
3,0,0.67740977,1
3,0,0.79020333,1
3,0,0.7376485,1
3,0,0.7151381,1
3,0,0.788418,1
3,0,0.6412498,1
3,0,0.7898272,1
3,0,0.7099695,1
3,0,0.7684782,1
3,0,0.70669854,1
3,0,0.6480438,1
3,0,0.62739897,1
3,0,0.68166053,1
3,0,0.686849,1
3,0,0.6967335,1
3,0,0.8498398,1
3,0,0.5421037,1
3,0,0.55708283,1
3,0,0.6288513,1
3,0,0.6257234,1
3,0,0.46552205,0
3,0,0.4595345,0
3,0,0.7120845,1
3,0,0.60997695,1
3,0,0.7107807,1
3,0,0.7548741,1
3,0,0.8361345,1
3,0,0.7624997,1
3,0,0.81969744,1
3,0,0.63824207,1
3,0,0.7431022,1
3,0,0.847821,1
3,0,0.6918223,1
3,0,0.7668679,1
3,0,0.6874518,1
3,0,0.73410857,1
3,0,0.5898806,1
3,0,0.4869332,0
3,0,0.553432,1
3,0,0.654386,1
3,0,0.68766415,1
3,1,0.5123652,1
3,1,0.5862837,1
3,1,0.6033828,1
3,1,0.65800434,1
3,1,0.7358539,1
3,1,0.767667,1
3,1,0.8255545,1
3,1,0.7643717,1
3,1,0.6711433,1
3,1,0.61584103,1
3,1,0.84948546,1
3,1,0.6969763,1
3,1,0.7426436,1
3,1,0.8180162,1
3,1,0.6296954,1
3,1,0.8495889,1
3,1,0.6699891,1
3,1,0.7508929,1
3,1,0.65516794,1
3,1,0.79031706,1
3,0,0.80324554,1
3,0,0.842371,1
3,0,0.806161,1
3,0,0.7577878,1
3,0,0.71570855,1
3,0,0.58067656,1
3,0,0.60395145,1
3,0,0.617875,1
3,0,0.6615243,1
3,0,0.5965927,1
3,0,0.3488926,0
3,0,0.36714602,0
3,0,0.5713865,1
3,0,0.32264856,0
3,0,0.33678755,0
3,0,0.615039,1
3,0,0.53807986,1
3,0,0.5222772,1
3,0,0.57365435,1
3,0,0.7968156,1
3,0,0.5976833,1
3,0,0.67451257,1
3,0,0.68869513,1
3,0,0.6486056,1
3,0,0.7132585,1
3,0,0.5391918,1
3,0,0.70991683,1
3,0,0.77164906,1
3,0,0.70233244,1
3,0,0.847609,1
3,0,0.7075836,1
3,0,0.8472247,1
3,0,0.71870923,1
3,0,0.77208203,1
3,0,0.7729962,1
3,0,0.83097285,1
3,0,0.72472286,1
3,0,0.84316057,1
3,0,0.7323656,1
3,0,0.6910573,1
3,0,0.8000047,1
3,0,0.71099466,1
3,0,0.87660754,1
3,0,0.65635747,1
3,0,0.88178086,1
3,0,0.7605454,1
3,0,0.8445496,1
3,0,0.7723978,1
3,0,0.7576387,1
3,0,0.84446585,1
3,0,0.80598545,1
3,0,0.80535054,1
3,0,0.73892087,1
3,0,0.6958604,1
3,0,0.8000841,1
3,0,0.912332,1
3,0,0.8214073,1
3,0,0.8074853,1
3,0,0.8093052,1
3,0,0.90519446,1
3,0,0.88544476,1
3,0,0.899592,1
3,0,0.9208926,1
3,0,0.7360716,1
3,0,0.7087355,1
3,0,0.76552373,1
3,0,0.72041833,1
3,0,0.81801075,1
3,0,0.72307175,1
3,0,0.81446,1
3,1,0.7319149,1
3,1,0.72990847,1
3,1,0.6282678,1
3,1,0.65284866,1
3,1,0.7768019,1
3,1,0.7208069,1
3,1,0.7454346,1
3,1,0.66479874,1
3,1,0.7346642,1
3,1,0.6210233,1
3,1,0.80051273,1
3,1,0.7656546,1
3,1,0.74683493,1
3,1,0.8076058,1
3,1,0.8244717,1
3,1,0.8571699,1
3,1,0.82929856,1
3,1,0.8189607,1
3,1,0.81805974,1
3,1,0.8656706,1
3,0,0.907669,1
3,0,0.8788027,1
3,0,0.9268358,1
3,0,0.93563044,1
3,0,0.88783,1
3,0,0.8495927,1
3,0,0.7499594,1
3,0,0.6630406,1
3,0,0.8897361,1
3,0,0.7213288,1
3,0,0.81064266,1
3,0,0.853153,1
3,0,0.867862,1
3,0,0.72650254,1
3,0,0.71490365,1
3,0,0.61906296,1
3,1,0.7869497,1
3,1,0.62527555,1
3,1,0.89107853,1
3,1,0.7739849,1
3,1,0.6604546,1
3,1,0.82507485,1
3,1,0.6949449,1
3,1,0.81106913,1
3,1,0.8577457,1
3,1,0.8377318,1
3,1,0.7036123,1
3,1,0.83124775,1
3,1,0.7928153,1
3,1,0.7869848,1
3,1,0.62237096,1
3,1,0.3507981,0
3,1,0.27068228,0
3,1,0.26465672,0
3,1,0.25977272,0
3,1,0.20607859,0
3,1,0.21326381,0
3,1,0.44942495,0
3,1,0.25010568,0
3,1,0.34174466,0
3,1,0.3146613,0
3,1,0.71686894,1
3,1,0.26894894,0
3,1,0.63271695,1
3,1,0.055691216,0
3,1,0.38765803,0
3,1,0.8334882,1
3,1,0.7890588,1
3,1,0.8615995,1
3,1,0.74203247,1
3,1,0.704413,1
3,1,0.8455774,1
3,1,0.8173415,1
3,1,0.67678154,1
3,1,0.85430455,1
3,1,0.8529257,1
3,1,0.8015081,1
3,1,0.707137,1
3,1,0.8919634,1
3,1,0.88742626,1
3,1,0.95620984,1
3,1,0.09503659,0
3,1,0.3216777,0
3,1,0.5049635,1
3,1,0.3592476,0
3,1,0.38397878,0
3,1,0.39107707,0
3,1,0.515196,1
3,1,0.53019124,1
3,1,0.3396144,0
3,1,0.43194342,0
3,1,0.5181226,1
3,1,0.26198605,0
3,1,0.40691784,0
3,1,0.54396176,1
3,1,0.11801478,0
3,1,0.4115108,0
3,1,0.4905493,0
3,1,0.23969121,0
3,1,0.27737656,0
3,1,0.33423048,0
3,1,0.18359503,0
3,1,0.44113392,0
3,1,0.23377088,0
3,1,0.60397166,1
3,1,0.5373484,1
3,1,0.525738,1
3,1,0.47565606,0
3,1,0.54745704,1
3,1,0.43278912,0
3,1,0.6787326,1
3,1,0.44126734,0
3,1,0.41492933,0
3,1,0.7833837,1
3,1,0.7299298,1
3,1,0.8090499,1
3,1,0.9546108,1
3,1,0.7656145,1
3,1,0.7482134,1
3,1,0.68923897,1
3,1,0.5190469,1
3,1,0.7593515,1
3,1,0.50860196,1
3,1,0.55205584,1
3,1,0.8713295,1
3,1,0.62451285,1
3,1,0.8274196,1
3,1,0.5874262,1
3,1,0.86167115,1
3,1,0.667707,1
3,1,0.928238,1
3,1,0.84411126,1
3,1,0.65165746,1
3,1,0.6214358,1
3,1,0.57690674,1
3,1,0.5969709,1
3,1,0.74593616,1
3,1,0.68837726,1
3,1,0.8808164,1
3,1,0.29845527,0
3,1,0.768778,1
3,1,0.8522446,1
3,1,0.7713455,1
3,1,0.7370885,1
3,0,0.76903534,1
3,0,0.48335746,0
3,0,0.4899277,0
3,0,0.39658684,0
3,0,0.36608607,0
3,0,0.49487808,0
3,0,0.2556014,0
3,0,0.09117778,0
3,0,0.11295806,0
3,0,0.494191,0
3,0,0.21041653,0
3,0,0.2229716,0
3,0,0.3620646,0
3,0,0.2797191,0
3,0,0.5870015,1
3,0,0.71102434,1
3,0,0.553255,1
3,0,0.56954974,1
3,0,0.39467114,0
3,0,0.88824886,1
3,1,0.8848695,1
3,1,0.73230547,1
3,1,0.80288726,1
3,1,0.5396853,1
3,1,0.760958,1
3,1,0.53895766,1
3,1,0.6275563,1
3,1,0.5954516,1
3,1,0.2983801,0
3,1,0.36759746,0
3,1,0.17361708,0
3,1,0.4528839,0
3,1,0.34906134,0
3,1,0.40946767,0
3,1,0.69357026,1
3,1,0.27789566,0
3,1,0.48253196,0
3,1,0.15240192,0
3,1,0.36687124,0
3,1,0.3491077,0
3,1,0.47042787,0
3,1,0.51576734,1
3,1,0.5749914,1
3,1,0.792123,1
3,1,0.74630016,1
3,0,0.7475822,1
3,0,0.73687387,1
3,0,0.6996603,1
3,0,0.51378506,1
3,0,0.843851,1
3,0,0.87346065,1
3,0,0.9434033,1
3,0,0.9155145,1
3,0,0.90721816,1
3,0,0.9066617,1
3,0,0.9365525,1
3,0,0.91765165,1
3,0,0.8848275,1
3,0,0.8981077,1
3,0,0.49931496,0
3,0,0.68777215,1
3,0,0.8337547,1
3,0,0.56542575,1
3,0,0.6230264,1
3,0,0.8927884,1
3,0,0.4823706,0
3,0,0.42313385,0
3,0,0.6872333,1
3,0,0.16191146,0
3,0,0.76504844,1
3,0,0.15692768,0
3,0,0.3167122,0
3,0,0.07073567,0
3,0,0.18061543,0
3,0,0.19358899,0
3,0,0.6607113,1
3,0,0.11159809,0
3,0,0.52536446,1
3,0,0.0899452,0
3,0,0.4741511,0
3,0,0.033595685,0
3,0,0.08614346,0
3,0,0.02594717,0
3,0,0.050176684,0
3,0,0.039296094,0
3,0,0.5024275,1
3,0,0.06378285,0
3,0,0.70531005,1
3,0,0.060346242,0
3,0,0.6967502,1
3,0,0.1877807,0
3,0,0.8027865,1
3,0,0.43470708,0
3,0,0.59761995,1
3,0,0.6002878,1
3,0,0.860744,1
3,0,0.55841064,1
3,0,0.68715584,1
3,0,0.8327264,1
3,0,0.7209187,1
3,0,0.3148074,0
3,0,0.6030662,1
3,0,0.17410573,0
3,0,0.78272784,1
3,0,0.12414032,0
3,0,0.117914215,0
3,0,0.23242113,0
3,0,0.24710456,0
3,0,0.37826318,0
3,0,0.3593264,0
3,0,0.46893087,0
3,0,0.3308028,0
3,0,0.29526287,0
3,0,0.753199,1
3,0,0.26005644,0
3,0,0.15833497,0
3,0,0.4482055,0
3,0,0.6645811,1
3,0,0.6399801,1
3,0,0.9117684,1
3,0,0.63399625,1
3,0,0.9030907,1
3,0,0.5383934,1
3,0,0.82536393,1
3,0,0.7082413,1
3,0,0.85298216,1
3,0,0.72931206,1
3,0,0.75753003,1
3,0,0.6258853,1
3,0,0.6784336,1
3,0,0.8334163,1
3,0,0.90201926,1
3,0,0.83415467,1
3,0,0.88584185,1
3,0,0.8993583,1
3,0,0.84408396,1
3,0,0.8775914,1
3,0,0.91417223,1
3,0,0.93029666,1
3,0,0.9328409,1
3,0,0.9657488,1
3,0,0.91459924,1
3,0,0.88729614,1
3,0,0.9059843,1
3,0,0.77943647,1
3,0,0.8015577,1
3,0,0.76683855,1
3,0,0.8252355,1
3,0,0.5330867,1
3,0,0.6494485,1
3,0,0.39758974,0
3,0,0.45213518,0
3,0,0.5422241,1
3,0,0.37656417,0
3,0,0.5873175,1
3,0,0.25230274,0
3,0,0.7478256,1
3,0,0.1327077,0
3,0,0.5612308,1
3,0,0.035323817,0
3,0,0.2587049,0
3,0,0.23062706,0
3,0,0.22416855,0
3,0,0.08189102,0
3,0,0.20403878,0
3,0,0.15779953,0
3,0,0.37506405,0
3,0,0.3148855,0
3,0,0.45267114,0
3,0,0.13133965,0
3,0,0.061482046,0
3,0,0.12935667,0
3,0,0.25111192,0
3,0,0.42133197,0
3,0,0.22233385,0
3,0,0.41077685,0
3,0,0.17322771,0
3,0,0.50117,1
3,0,0.109055504,0
3,0,0.3947539,0
3,0,0.28112653,0
3,0,0.595557,1
3,0,0.21174274,0
3,0,0.39571977,0
3,0,0.46924126,0
3,0,0.45175606,0
3,0,0.3888482,0
3,0,0.5857259,1
3,0,0.6212117,1
3,0,0.61159295,1
3,1,0.7892281,1
3,1,0.7373261,1
3,1,0.40161717,0
3,1,0.4889503,0
3,1,0.4442078,0
3,1,0.7977003,1
3,1,0.49580014,0
3,1,0.68218464,1
3,1,0.48355553,0
3,1,0.44840214,0
3,0,0.520272,1
3,0,0.31500688,0
3,0,0.23744741,0
3,0,0.28152493,0
3,0,0.20676322,0
3,0,0.25547916,0
3,0,0.30936635,0
3,0,0.07301376,0
3,0,0.68638605,1
3,0,0.14619875,0
3,0,0.3864681,0
3,0,0.047119617,0
3,0,0.14219531,0
3,0,0.23916928,0
3,0,0.24252456,0
3,0,0.19658798,0
3,0,0.043381635,0
3,0,0.08620982,0
3,0,0.23518047,0
3,0,0.07110062,0
3,0,0.013679071,0
3,0,0.21138012,0
3,0,0.12697688,0
3,0,0.21419679,0
3,0,0.26343685,0
3,0,0.20080386,0
3,0,0.19067194,0
3,0,0.17782073,0
3,0,0.38991743,0
3,0,0.37783942,0
3,0,0.66346586,1
3,0,0.37374073,0
3,0,0.46642408,0
3,0,0.24113436,0
3,0,0.8157535,1
3,0,0.4411396,0
3,0,0.75839126,1
3,0,0.80743915,1
3,0,0.6346281,1
3,0,0.63054645,1
3,0,0.8324179,1
3,0,0.7712211,1
3,0,0.843901,1
3,0,0.877342,1
3,0,0.6869667,1
3,1,0.89268875,1
3,1,0.6390933,1
3,1,0.7022149,1
3,1,0.6047098,1
3,1,0.8278053,1
3,0,0.86031127,1
3,0,0.7277982,1
3,0,0.79842633,1
3,0,0.74060893,1
3,0,0.85379976,1
3,0,0.9331812,1
3,0,0.8798228,1
3,0,0.75213075,1
3,0,0.6084922,1
3,0,0.40430394,0
3,0,0.5847562,1
3,0,0.5741161,1
3,0,0.40324086,0
3,0,0.5911396,1
3,0,0.35379615,0
3,0,0.8618791,1
3,0,0.47698167,0
3,0,0.68325686,1
3,0,0.16618937,0
3,0,0.49604303,0
3,0,0.46716243,0
3,0,0.7823663,1
3,0,0.28186706,0
3,0,0.4652059,0
3,0,0.19744068,0
3,0,0.4495135,0
3,0,0.44519916,0
3,1,0.8424856,1
3,1,0.9430205,1
3,1,0.9162174,1
3,1,0.93983257,1
3,1,0.9506445,1
3,1,0.9008886,1
3,1,0.9444767,1
3,1,0.94848466,1
3,1,0.9713956,1
3,1,0.8475686,1
3,1,0.86754227,1
3,1,0.9215205,1
3,1,0.9034659,1
3,1,0.9148802,1
3,1,0.92689157,1
3,1,0.94262654,1
3,1,0.8667401,1
3,1,0.6614155,1
3,1,0.87088495,1
3,1,0.9621377,1
3,1,0.98240924,1
3,1,0.75459355,1
3,1,0.9557808,1
3,1,0.90877384,1
3,1,0.9374882,1
3,1,0.9381192,1
3,1,0.97296077,1
3,1,0.90510803,1
3,0,0.97220695,1
3,0,0.97206014,1
3,0,0.96529925,1
3,0,0.98259246,1
3,0,0.9747208,1
3,0,0.90940785,1
3,0,0.8806625,1
3,0,0.67365646,1
3,0,0.5958629,1
3,0,0.41726843,0
3,0,0.5911812,1
3,0,0.61871636,1
3,0,0.7011012,1
3,0,0.7545195,1
3,0,0.7811339,1
3,0,0.8148091,1
3,0,0.91385067,1
3,0,0.87194866,1
3,0,0.94497293,1
3,0,0.8729722,1
3,0,0.8757272,1
3,0,0.8559976,1
3,0,0.7399318,1
3,0,0.7352801,1
3,0,0.80751276,1
3,0,0.8644091,1
3,0,0.5006097,1
3,1,0.90445215,1
3,1,0.83127576,1
3,1,0.880317,1
3,1,0.91350126,1
3,1,0.85079956,1
3,1,0.9154211,1
3,1,0.9538027,1
3,1,0.9306884,1
3,1,0.9114422,1
3,1,0.91647327,1
3,1,0.89034045,1
3,1,0.85320187,1
3,1,0.91069424,1
3,1,0.91211116,1
3,1,0.62441546,1
3,1,0.8646111,1
3,1,0.72074264,1
3,1,0.7318133,1
3,1,0.015282182,0
3,1,0.054386612,0
3,1,0.031332172,0
3,1,0.065582015,0
3,1,0.11267492,0
3,1,0.0911044,0
3,1,0.04718452,0
3,1,0.18099965,0
3,1,0.4009192,0
3,1,0.5417616,1
3,1,0.23347041,0
3,1,0.2249088,0
3,1,0.32321283,0
3,1,0.0767425,0
3,1,0.09446614,0
3,1,0.877723,1
3,1,0.7413484,1
3,1,0.6260536,1
3,1,0.84908307,1
3,1,0.46070018,0
3,1,0.8256105,1
3,1,0.5143676,1
3,1,0.7465369,1
3,1,0.88601196,1
3,1,0.69075257,1
3,1,0.75396633,1
3,1,0.9057982,1
3,1,0.90971506,1
3,1,0.7929651,1
3,1,0.52346236,1
3,1,0.4767577,0
3,1,0.4584649,0
3,1,0.4668612,0
3,1,0.46973872,0
3,1,0.35275117,0
3,1,0.5054776,1
3,1,0.36873996,0
3,1,0.40824693,0
3,1,0.45802328,0
3,1,0.35289177,0
3,1,0.5742602,1
3,1,0.42929783,0
3,1,0.3660297,0
3,1,0.4177543,0
3,1,0.38835222,0
3,1,0.41930813,0
3,1,0.38056037,0
3,1,0.5036627,1
3,1,0.5790549,1
3,1,0.44721398,0
3,1,0.43574047,0
3,1,0.5406136,1
3,1,0.63959795,1
3,1,0.44057602,0
3,1,0.33559015,0
3,1,0.37031633,0
3,1,0.51679754,1
3,0,0.5744944,1
3,0,0.6431493,1
3,0,0.30567008,0
3,0,0.54826033,1
3,0,0.6268629,1
3,0,0.49046853,0
3,0,0.5624777,1
3,0,0.6486501,1
3,0,0.7775844,1
3,0,0.47938225,0
3,0,0.72172546,1
3,0,0.35147816,0
3,0,0.45940986,0
3,0,0.49987704,0
3,0,0.4853788,0
3,0,0.59344345,1
3,0,0.81916034,1
3,0,0.41628885,0
3,0,0.60892,1
3,0,0.6098002,1
3,0,0.7755803,1
3,0,0.5910788,1
3,0,0.81170213,1
3,0,0.7844665,1
3,0,0.69208276,1
3,0,0.8688377,1
3,0,0.8555577,1
3,0,0.8257069,1
3,0,0.86038965,1
3,0,0.83974254,1
3,0,0.82270515,1
3,0,0.71459556,1
3,0,0.7275432,1
3,0,0.68800557,1
3,0,0.89574414,1
3,0,0.9256445,1
3,0,0.94923234,1
3,0,0.9109536,1
3,0,0.9508537,1
3,0,0.78620976,1
3,0,0.6196389,1
3,0,0.9627617,1
3,0,0.42748302,0
3,0,0.8849127,1
3,0,0.39243206,0
3,0,0.6853511,1
3,0,0.634238,1
3,0,0.7096282,1
3,0,0.75955504,1
3,0,0.8158946,1
3,0,0.53419495,1
3,0,0.68689233,1
3,0,0.7206599,1
3,0,0.5809612,1
3,0,0.9103527,1
3,0,0.6820976,1
3,0,0.7403179,1
3,0,0.62167454,1
3,0,0.79355514,1
3,0,0.74208486,1
3,0,0.79569274,1
3,0,0.7176126,1
3,0,0.8308072,1
3,0,0.7400745,1
3,0,0.21493132,0
3,0,0.7893203,1
3,0,0.72957605,1
3,0,0.809837,1
3,0,0.8142037,1
3,0,0.629387,1
3,0,0.5920697,1
3,0,0.63139826,1
3,0,0.77963114,1
3,0,0.7346393,1
3,0,0.53933096,1
3,0,0.59259903,1
3,0,0.46570584,0
3,0,0.26595184,0
3,0,0.3473966,0
3,0,0.40963525,0
3,0,0.20202567,0
3,0,0.16597585,0
3,0,0.4306606,0
3,0,0.23321287,0
3,0,0.7836117,1
3,0,0.25448415,0
3,0,0.5461782,1
3,0,0.2614646,0
3,0,0.35180718,0
3,0,0.77045625,1
3,0,0.75145394,1
3,0,0.50430423,1
3,0,0.51939464,1
3,0,0.44651917,0
3,0,0.8306663,1
3,0,0.5581511,1
3,0,0.92705363,1
3,0,0.14763722,0
3,0,0.6640508,1
3,0,0.16656724,0
3,0,0.19684422,0
3,0,0.6028901,1
3,0,0.6746201,1
3,0,0.10358518,0
3,0,0.4464218,0
3,0,0.46378657,0
3,0,0.9025248,1
3,0,0.5922057,1
3,0,0.5113672,1
3,0,0.75448066,1
3,0,0.47961545,0
3,0,0.5345627,1
3,0,0.73301107,1
3,0,0.7431251,1
3,0,0.6378087,1
3,0,0.8797345,1
3,0,0.770561,1
3,0,0.82527304,1
3,0,0.9437224,1
3,0,0.8616898,1
3,0,0.9433631,1
3,0,0.83479416,1
3,0,0.9040594,1
3,0,0.865952,1
3,0,0.91863036,1
3,0,0.87623876,1
3,0,0.8704636,1
3,0,0.872057,1
3,0,0.8492957,1
3,0,0.8436877,1
3,0,0.47874507,0
3,0,0.8621279,1
3,0,0.80722666,1
3,0,0.5521988,1
3,0,0.33503252,0
3,0,0.8462553,1
3,0,0.3015768,0
3,0,0.8067077,1
3,0,0.41286224,0
3,0,0.74081165,1
3,0,0.14506587,0
3,0,0.32128885,0
3,0,0.33924535,0
3,0,0.46830738,0
3,0,0.27825385,0
3,0,0.4703616,0
3,0,0.4591471,0
3,0,0.40654525,0
3,0,0.4689245,0
3,0,0.39248988,0
3,0,0.36171207,0
3,0,0.8385308,1
3,0,0.593256,1
3,0,0.92716277,1
3,0,0.4148988,0
3,0,0.6923713,1
3,0,0.91555893,1
3,0,0.8913051,1
3,0,0.8234349,1
3,0,0.697428,1
3,0,0.8758233,1
3,0,0.80517244,1
3,0,0.839709,1
3,0,0.9146873,1
3,0,0.77027476,1
3,0,0.61042523,1
3,0,0.70183814,1
3,0,0.6509865,1
3,0,0.6405852,1
3,0,0.64700353,1
3,0,0.5326165,1
3,0,0.7765823,1
3,0,0.75849384,1
3,0,0.73006314,1
3,0,0.8740967,1
3,0,0.6307546,1
3,0,0.78197783,1
3,0,0.58850276,1
3,0,0.52182287,1
3,0,0.7032692,1
3,0,0.7787512,1
3,0,0.74335206,1
3,0,0.4130545,0
3,0,0.5744624,1
3,0,0.5231135,1
3,0,0.93429327,1
3,0,0.60719365,1
3,0,0.76529014,1
3,0,0.3547659,0
3,0,0.5711344,1
3,0,0.9289289,1
3,0,0.79003656,1
3,0,0.9196202,1
3,0,0.7555464,1
3,0,0.7090409,1
3,0,0.69814426,1
3,0,0.7776973,1
3,0,0.78200644,1
3,0,0.695197,1
3,0,0.7727291,1
3,0,0.73656994,1
3,0,0.67412436,1
3,0,0.7272263,1
3,0,0.7333058,1
3,0,0.75634784,1
3,0,0.6884638,1
3,0,0.6517371,1
3,0,0.66416705,1
3,0,0.68005854,1
3,0,0.38485637,0
3,0,0.63630754,1
3,0,0.7163515,1
3,0,0.7171062,1
3,0,0.47221872,0
3,0,0.64373684,1
3,0,0.14775829,0
3,0,0.47913453,0
3,0,0.17063883,0
3,0,0.23845671,0
3,0,0.41903996,0
3,0,0.71341765,1
3,0,0.2306186,0
3,0,0.21372005,0
3,0,0.30199188,0
3,0,0.5351353,1
3,0,0.8526384,1
3,0,0.6675633,1
3,0,0.74939144,1
3,0,0.4629579,0
3,0,0.4020385,0
3,0,0.8244388,1
3,0,0.8808671,1
3,0,0.8792127,1
3,0,0.6630802,1
3,0,0.31283593,0
3,0,0.3882457,0
3,0,0.3179408,0
3,0,0.6223314,1
3,0,0.60911435,1
3,0,0.5938561,1
3,0,0.469972,0
3,0,0.58253825,1
3,0,0.61302257,1
3,0,0.7180037,1
3,0,0.47778985,0
3,0,0.6299585,1
3,0,0.3512493,0
3,0,0.4817733,0
3,0,0.4241024,0
3,0,0.3790705,0
3,0,0.46583417,0
3,0,0.43379787,0
3,0,0.35682046,0
3,0,0.8529896,1
3,0,0.6921892,1
3,0,0.82749295,1
3,0,0.63470167,1
3,0,0.61069596,1
3,0,0.64282274,1
3,0,0.477231,0
3,0,0.5271589,1
3,0,0.33015573,0
3,0,0.6501873,1
3,0,0.68716735,1
3,0,0.20909114,0
3,0,0.23251052,0
3,0,0.15337868,0
3,0,0.33145222,0
3,0,0.28835008,0
3,0,0.71647483,1
3,0,0.32703888,0
3,0,0.53680015,1
3,0,0.48802248,0
3,0,0.53166866,1
3,0,0.87957585,1
3,0,0.5610487,1
3,0,0.8119024,1
3,0,0.58175796,1
3,0,0.5756253,1
3,0,0.502985,1
3,0,0.70473063,1
3,0,0.8700447,1
3,0,0.75703496,1
3,0,0.837988,1
3,0,0.82570046,1
3,0,0.7333449,1
3,0,0.87026155,1
3,0,0.70360875,1
3,0,0.57874244,1
3,0,0.75490516,1
3,0,0.6624894,1
3,0,0.78585255,1
3,0,0.7147763,1
3,0,0.84603584,1
3,0,0.7474398,1
3,0,0.73786443,1
3,0,0.5959823,1
3,0,0.10333819,0
3,0,0.61363477,1
3,0,0.15274146,0
3,0,0.7334133,1
3,0,0.41263703,0
3,0,0.114603065,0
3,0,0.02212437,0
3,0,0.064410605,0
3,0,0.106457815,0
3,0,0.37135935,0
3,0,0.4374039,0
3,0,0.33376545,0
3,0,0.22371143,0
3,0,0.43177903,0
3,0,0.41194513,0
3,0,0.7069566,1
3,0,0.64844126,1
3,0,0.82864845,1
3,0,0.4251661,0
3,0,0.68071723,1
3,0,0.75975645,1
3,0,0.71096545,1
3,0,0.78560066,1
3,0,0.8102378,1
3,0,0.63707614,1
3,0,0.620986,1
3,0,0.73680025,1
3,1,0.7273296,1
3,1,0.87418115,1
3,1,0.7260378,1
3,1,0.7813134,1
3,1,0.81207687,1
3,1,0.851583,1
3,1,0.93751097,1
3,1,0.49777886,0
3,1,0.9080346,1
3,1,0.8550415,1
3,1,0.74721354,1
3,1,0.90622437,1
3,1,0.43533152,0
3,1,0.5536573,1
3,1,0.9362343,1
3,1,0.7270914,1
3,1,0.90760505,1
3,1,0.85330397,1
3,1,0.87708294,1
3,1,0.9029333,1
3,1,0.74815243,1
3,1,0.8619668,1
3,1,0.86417776,1
3,1,0.93065965,1
3,1,0.8332729,1
3,0,0.7267115,1
3,0,0.5674614,1
3,0,0.6242201,1
3,0,0.73027575,1
3,0,0.57409686,1
3,0,0.54952013,1
3,0,0.8334166,1
3,0,0.7413475,1
3,0,0.5960021,1
3,0,0.76111835,1
3,0,0.6578923,1
3,0,0.6644452,1
3,0,0.7898543,1
3,0,0.7068876,1
3,0,0.7241807,1
3,0,0.8445073,1
3,0,0.6667638,1
3,0,0.9207896,1
3,0,0.72796607,1
3,0,0.9262434,1
3,0,0.76758415,1
3,0,0.7807126,1
3,0,0.9239778,1
3,0,0.8712856,1
3,0,0.94708645,1
3,0,0.87950474,1
3,0,0.9255287,1
3,0,0.848145,1
3,0,0.6983432,1
3,0,0.7756225,1
3,0,0.6148081,1
3,0,0.6299772,1
3,0,0.9183346,1
3,0,0.82582605,1
3,0,0.8634379,1
3,0,0.9356152,1
3,0,0.9278442,1
3,0,0.8972444,1
3,0,0.92705107,1
3,0,0.9095593,1
3,0,0.90459687,1
3,0,0.8071739,1
3,0,0.90593386,1
3,0,0.9579521,1
3,0,0.90094256,1
3,0,0.9181538,1
3,0,0.80602497,1
3,0,0.93885326,1
3,0,0.95470953,1
3,0,0.9220806,1
3,0,0.9326483,1
3,0,0.938073,1
3,0,0.88846034,1
3,0,0.956779,1
3,0,0.9019051,1
3,0,0.94959027,1
3,0,0.9085777,1
3,0,0.8851392,1
3,0,0.91479003,1
3,0,0.8923136,1
3,0,0.8158347,1
3,0,0.8036643,1
3,0,0.8905634,1
3,0,0.86145264,1
3,0,0.7110686,1
3,0,0.8452429,1
3,0,0.8563211,1
3,0,0.89314574,1
3,0,0.842508,1
3,0,0.8774376,1
3,0,0.90081275,1
3,0,0.8611621,1
3,0,0.9403553,1
3,0,0.8998333,1
3,0,0.91982204,1
3,0,0.84515554,1
3,0,0.95001924,1
3,0,0.97902507,1
3,0,0.9663885,1
3,0,0.97195745,1
3,0,0.96712244,1
3,0,0.91040045,1
3,0,0.974163,1
3,0,0.93606853,1
3,0,0.9534361,1
3,0,0.98170286,1
3,0,0.86869645,1
3,0,0.9606528,1
3,0,0.9244676,1
3,0,0.93521166,1
3,0,0.88408065,1
3,0,0.95664114,1
3,0,0.9762992,1
3,0,0.9814275,1
3,0,0.9835824,1
3,0,0.9412355,1
3,0,0.9587136,1
3,0,0.9284126,1
3,0,0.82045686,1
3,0,0.89348996,1
3,0,0.8755509,1
3,0,0.93003684,1
3,0,0.8880358,1
3,0,0.8816377,1
3,0,0.804497,1
3,0,0.82811344,1
3,0,0.89864707,1
3,0,0.760771,1
3,0,0.8844106,1
3,0,0.92597425,1
3,0,0.955975,1
3,0,0.962122,1
3,0,0.84838,1
3,0,0.877766,1
3,0,0.9303339,1
3,0,0.93416655,1
3,0,0.81814575,1
3,0,0.9220421,1
3,0,0.9203006,1
3,0,0.94218284,1
3,0,0.96507835,1
3,0,0.90761954,1
3,0,0.941043,1
3,0,0.8589883,1
3,0,0.8667382,1
3,0,0.9143901,1
3,0,0.8653836,1
3,0,0.8240238,1
3,0,0.8734314,1
3,1,0.91424996,1
3,1,0.93579304,1
3,1,0.87099504,1
3,1,0.9267351,1
3,1,0.9065873,1
3,1,0.87226695,1
3,1,0.93940896,1
3,1,0.93168145,1
3,1,0.9500782,1
3,1,0.97236943,1
3,1,0.9689155,1
3,1,0.9818148,1
3,1,0.967424,1
3,1,0.981564,1
3,1,0.971404,1
3,0,0.9610769,1
3,0,0.9677088,1
3,0,0.96314347,1
3,0,0.9571484,1
3,0,0.9526172,1
3,0,0.9581997,1
3,0,0.94294995,1
3,0,0.9411807,1
3,0,0.96931344,1
3,0,0.8929117,1
3,0,0.9296665,1
3,0,0.901768,1
3,0,0.94342005,1
3,0,0.90781784,1
3,0,0.9302286,1
3,0,0.9536327,1
3,0,0.93158704,1
3,0,0.95911336,1
3,0,0.97695065,1
3,0,0.9735961,1
3,0,0.9881394,1
3,0,0.95892614,1
3,0,0.873243,1
3,0,0.85772157,1
3,0,0.92459416,1
3,0,0.9059024,1
3,0,0.8709316,1
3,0,0.8566996,1
3,0,0.82483983,1
3,0,0.7573022,1
3,0,0.8919312,1
3,0,0.82745427,1
3,0,0.8949215,1
3,0,0.7469399,1
3,0,0.7985103,1
3,0,0.46196443,0
3,0,0.71438104,1
3,0,0.59962213,1
3,0,0.7193316,1
3,0,0.69925696,1
3,0,0.74354476,1
3,0,0.6257408,1
3,0,0.6463707,1
3,0,0.6910017,1
3,0,0.6206816,1
3,1,0.63009775,1
3,1,0.551322,1
3,1,0.43888614,0
3,1,0.4426103,0
3,1,0.5985926,1
3,1,0.59286255,1
3,1,0.5917242,1
3,1,0.40828717,0
3,1,0.6126011,1
3,1,0.7049337,1
3,1,0.6649608,1
3,1,0.7211575,1
3,1,0.73802024,1
3,1,0.79032445,1
3,1,0.84763247,1
3,1,0.75870144,1
3,1,0.7510832,1
3,1,0.7377584,1
3,0,0.51054597,1
3,0,0.708722,1
3,0,0.25510582,0
3,0,0.38976187,0
3,0,0.77893823,1
3,1,0.51839554,1
3,1,0.71640456,1
3,1,0.704815,1
3,1,0.754219,1
3,1,0.743008,1
3,1,0.74523395,1
3,1,0.59662896,1
3,1,0.6419955,1
3,1,0.56460595,1
3,1,0.696795,1
3,1,0.61406124,1
3,1,0.69574255,1
3,1,0.7698171,1
3,1,0.8037374,1
3,1,0.72832805,1
3,1,0.76727027,1
3,1,0.89137465,1
3,1,0.8225608,1
3,1,0.905081,1
3,1,0.8747582,1
3,1,0.8474998,1
3,1,0.8336236,1
3,1,0.79439455,1
3,1,0.89494014,1
3,1,0.8711595,1
3,1,0.8578723,1
3,1,0.8308862,1
3,1,0.79776263,1
3,1,0.84740484,1
3,1,0.84733105,1
3,1,0.81418973,1
3,1,0.62836295,1
3,1,0.7525873,1
3,1,0.8125403,1
3,1,0.89743966,1
3,1,0.82345796,1
3,1,0.7186235,1
3,1,0.7365097,1
3,1,0.42390147,0
3,1,0.4770937,0
3,1,0.258305,0
3,1,0.2501618,0
3,0,0.59087044,1
3,0,0.6299862,1
3,0,0.5836103,1
3,0,0.5835328,1
3,0,0.62332755,1
3,0,0.6088822,1
3,0,0.6901205,1
3,0,0.84287316,1
3,0,0.74926215,1
3,0,0.71156305,1
3,0,0.70706046,1
3,0,0.8211077,1
3,0,0.8404108,1
3,0,0.8234181,1
3,0,0.8785281,1
3,0,0.67431474,1
3,0,0.6784699,1
3,0,0.70137453,1
3,0,0.68778586,1
3,0,0.7562477,1
3,0,0.5604401,1
3,0,0.74684936,1
3,0,0.69618267,1
3,0,0.6224613,1
3,0,0.59177506,1
3,0,0.62301296,1
3,1,0.8463551,1
3,1,0.9301405,1
3,1,0.9410482,1
3,1,0.8006075,1
3,1,0.8411671,1
3,1,0.90708464,1
3,1,0.83122885,1
3,1,0.83638495,1
3,0,0.8504854,1
3,0,0.68394977,1
3,0,0.75361156,1
3,0,0.69349265,1
3,0,0.72640455,1
3,1,0.70791554,1
3,1,0.7648352,1
3,1,0.72738034,1
3,1,0.854013,1
3,1,0.7363713,1
3,1,0.78252435,1
3,1,0.64692724,1
3,1,0.4940274,0
3,1,0.8082218,1
3,1,0.875138,1
3,1,0.7675458,1
3,1,0.91692334,1
3,1,0.8963498,1
3,1,0.83358884,1
3,1,0.5869798,1
3,1,0.73846763,1
3,1,0.7348123,1
3,1,0.6510093,1
3,1,0.9499305,1
3,1,0.94159156,1
3,1,0.8857856,1
3,1,0.9431257,1
3,1,0.94492507,1
3,1,0.8303093,1
3,1,0.94717413,1
3,0,0.8185374,1
3,0,0.8404969,1
3,0,0.85105175,1
3,0,0.7919062,1
3,0,0.82135934,1
3,0,0.8478077,1
3,0,0.93417466,1
3,0,0.8006978,1
3,0,0.7995186,1
3,0,0.9544596,1
3,0,0.93315756,1
3,0,0.95049816,1
3,0,0.9455009,1
3,0,0.8432784,1
3,0,0.8292719,1
3,0,0.8745802,1
3,0,0.83513284,1
3,0,0.7952041,1
3,0,0.81618035,1
3,0,0.6478383,1
3,0,0.8048405,1
3,0,0.6595608,1
3,0,0.70772034,1
3,0,0.5184705,1
3,0,0.56905043,1
3,0,0.93277043,1
3,0,0.395747,0
3,0,0.8746553,1
3,0,0.80074775,1
3,0,0.8555277,1
3,0,0.8916475,1
3,0,0.83061934,1
3,0,0.826023,1
3,0,0.9280756,1
3,0,0.5829043,1
3,0,0.6358112,1
3,0,0.810525,1
3,0,0.6469653,1
3,0,0.7009669,1
3,0,0.7089172,1
3,0,0.6128583,1
3,0,0.47022033,0
3,0,0.5965669,1
3,0,0.6848907,1
3,0,0.35304347,0
3,0,0.4291797,0
3,0,0.9260259,1
3,0,0.8713165,1
3,0,0.7559,1
3,0,0.6024482,1
3,0,0.69177616,1
3,0,0.47949368,0
3,0,0.8320585,1
3,0,0.81149876,1
3,0,0.6872453,1
3,0,0.9603367,1
3,0,0.9512352,1
3,0,0.65732646,1
3,0,0.8738879,1
3,0,0.85085356,1
3,1,0.94183165,1
3,1,0.8594502,1
3,1,0.710519,1
3,1,0.5529617,1
3,1,0.4953066,0
3,1,0.58264166,1
3,1,0.5847165,1
3,1,0.8408882,1
3,1,0.962862,1
3,1,0.8874471,1
3,0,0.8996392,1
3,0,0.6903044,1
3,0,0.5870259,1
3,0,0.33909735,0
3,0,0.71293586,1
3,0,0.639716,1
3,0,0.7852319,1
3,0,0.9000094,1
3,0,0.67024785,1
3,0,0.744877,1
3,1,0.7681718,1
3,1,0.77276,1
3,1,0.76901287,1
3,1,0.7701919,1
3,1,0.74394304,1
3,1,0.70237553,1
3,1,0.6295468,1
3,1,0.59876734,1
3,1,0.7619297,1
3,1,0.82699835,1
3,1,0.708829,1
3,1,0.6438759,1
3,1,0.7368888,1
3,1,0.78173065,1
3,1,0.76046425,1
3,0,0.77582604,1
3,0,0.71248275,1
3,0,0.72814465,1
3,0,0.76575744,1
3,0,0.56488556,1
3,0,0.7326291,1
3,0,0.7100281,1
3,0,0.6779051,1
3,0,0.5433045,1
3,0,0.7645822,1
3,0,0.6869008,1
3,0,0.74369353,1
3,0,0.5680695,1
3,0,0.569637,1
3,0,0.7055942,1
3,0,0.43429202,0
3,0,0.48298192,0
3,0,0.52392507,1
3,0,0.6263473,1
3,0,0.67652017,1
3,0,0.5921056,1
3,0,0.50061214,1
3,0,0.65462327,1
3,0,0.5661208,1
3,0,0.61477107,1
3,0,0.36955816,0
3,0,0.485975,0
3,0,0.5869814,1
3,0,0.38367033,0
3,0,0.47351706,0
3,0,0.4207482,0
3,0,0.5089853,1
3,0,0.50047547,1
3,0,0.3143048,0
3,0,0.30789056,0
3,0,0.5757051,1
3,0,0.47091782,0
3,0,0.4977918,0
3,0,0.571302,1
3,0,0.5505666,1
3,0,0.61664456,1
3,0,0.59751076,1
3,0,0.6264187,1
3,0,0.54046863,1
3,0,0.54947805,1
3,1,0.6316495,1
3,1,0.6564119,1
3,1,0.5494739,1
3,1,0.6851358,1
3,1,0.5858954,1
3,1,0.54052067,1
3,1,0.7164783,1
3,1,0.74725443,1
3,1,0.8561271,1
3,1,0.793234,1
3,0,0.8503584,1
3,0,0.7931908,1
3,0,0.7292684,1
3,0,0.7428214,1
3,0,0.7350941,1
3,0,0.8606237,1
3,0,0.8299765,1
3,0,0.54460615,1
3,0,0.76498085,1
3,0,0.71679246,1
3,0,0.831428,1
3,0,0.6568699,1
3,0,0.77813166,1
3,0,0.6097777,1
3,0,0.60810274,1
3,0,0.70705396,1
3,0,0.67575616,1
3,0,0.3823895,0
3,0,0.7574312,1
3,0,0.6128738,1
3,0,0.82791877,1
3,0,0.7843749,1
3,0,0.77907246,1
3,0,0.79760903,1
3,0,0.64631283,1
3,0,0.8806833,1
3,0,0.73079497,1
3,0,0.85214305,1
3,0,0.5742672,1
3,0,0.8750989,1
3,0,0.805473,1
3,0,0.65397567,1
3,0,0.5828921,1
3,0,0.56426597,1
3,0,0.7189886,1
3,0,0.8215479,1
3,0,0.7129572,1
3,0,0.65559685,1
3,0,0.60311854,1
3,0,0.60534203,1
3,1,0.47993755,0
3,1,0.30851278,0
3,1,0.574303,1
3,1,0.49990374,0
3,1,0.37791154,0
3,1,0.21090367,0
3,1,0.387112,0
3,1,0.24397467,0
3,1,0.23040825,0
3,1,0.1063979,0
3,1,0.15752552,0
3,1,0.26199746,0
3,1,0.27617314,0
3,1,0.33221912,0
3,1,0.40066066,0
3,1,0.16779004,0
3,1,0.1748735,0
3,1,0.0677963,0
3,1,0.12217334,0
3,1,0.81494516,1
3,1,0.7063261,1
3,1,0.6746036,1
3,1,0.7519416,1
3,1,0.7284976,1
3,1,0.8013432,1
3,1,0.74230176,1
3,1,0.751524,1
3,1,0.65723586,1
3,1,0.86598366,1
3,1,0.8009613,1
3,1,0.7682811,1
3,1,0.83584523,1
3,1,0.859748,1
3,1,0.8805964,1
3,1,0.89300126,1
3,1,0.8220196,1
3,1,0.9034889,1
3,1,0.7780235,1
3,1,0.84982544,1
3,1,0.83404624,1
3,1,0.740523,1
3,1,0.38963383,0
3,1,0.59089935,1
3,1,0.46121553,0
3,1,0.7910689,1
3,1,0.944443,1
3,1,0.7990254,1
3,1,0.70941716,1
3,1,0.4927654,0
3,1,0.6724611,1
3,1,0.74651265,1
3,1,0.67299485,1
3,1,0.83626276,1
3,1,0.6273725,1
3,1,0.9095876,1
3,1,0.8369477,1
3,1,0.86944616,1
3,1,0.94123447,1
3,1,0.8806905,1
3,1,0.91029435,1
3,1,0.9203463,1
3,1,0.8113828,1
3,1,0.89173126,1
3,1,0.922161,1
3,1,0.83265215,1
3,1,0.50392944,1
3,1,0.7100953,1
3,1,0.8252077,1
3,1,0.76342034,1
3,1,0.88453466,1
3,1,0.9721459,1
3,1,0.89986587,1
3,1,0.6895736,1
3,1,0.82096606,1
3,1,0.5514268,1
3,1,0.9387211,1
3,1,0.8502912,1
3,1,0.85419923,1
3,1,0.83802694,1
3,0,0.9240792,1
3,0,0.9036451,1
3,0,0.9048502,1
3,0,0.88759565,1
3,0,0.9140485,1
3,0,0.9472091,1
3,0,0.9723912,1
3,0,0.95795685,1
3,0,0.9510459,1
3,0,0.9607797,1
3,0,0.9613959,1
3,0,0.9682782,1
3,0,0.95559037,1
3,0,0.90293425,1
3,0,0.8612343,1
3,0,0.9370308,1
3,0,0.96342885,1
3,0,0.9657478,1
3,0,0.97047734,1
3,0,0.96708316,1
3,0,0.94660854,1
3,0,0.9324837,1
3,0,0.94328934,1
3,0,0.9771917,1
3,0,0.9528313,1
3,0,0.970089,1
3,0,0.97042614,1
3,0,0.96456224,1
3,0,0.9251247,1
3,0,0.9664392,1
3,0,0.94400525,1
3,0,0.97726816,1
3,0,0.97275996,1
3,0,0.97448516,1
3,0,0.9360076,1
3,0,0.93548083,1
3,0,0.92105025,1
3,0,0.95163035,1
3,0,0.9459066,1
3,0,0.95850897,1
3,0,0.9684161,1
3,0,0.9494882,1
3,0,0.9629753,1
3,0,0.9039326,1
3,0,0.97153646,1
3,0,0.9695147,1
3,0,0.9854624,1
3,0,0.9781873,1
3,0,0.9641009,1
3,0,0.9716986,1
3,0,0.9697295,1
3,0,0.9462367,1
3,0,0.9714499,1
3,0,0.9830877,1
3,0,0.9760793,1
3,0,0.974595,1
3,0,0.907499,1
3,0,0.9767089,1
3,0,0.974936,1
3,0,0.9472806,1
3,0,0.9560329,1
3,0,0.95019495,1
3,0,0.95309407,1
3,0,0.9563094,1
3,0,0.9509972,1
3,0,0.9438582,1
3,0,0.91952646,1
3,0,0.93746203,1
3,0,0.93398494,1
3,0,0.9373914,1
3,0,0.9615459,1
3,0,0.93192685,1
3,0,0.94212496,1
3,0,0.91355246,1
3,0,0.9687552,1
3,0,0.9597202,1
3,0,0.94316417,1
3,0,0.9295999,1
3,0,0.96373636,1
3,0,0.94116,1
3,0,0.9326378,1
3,0,0.896758,1
3,0,0.91170394,1
3,0,0.9232117,1
3,0,0.964282,1
3,0,0.9361031,1
3,0,0.9362266,1
3,0,0.92023253,1
3,0,0.88491064,1
3,0,0.95338535,1
3,0,0.9688329,1
3,0,0.96066254,1
3,0,0.950868,1
3,0,0.97915995,1
3,0,0.96349895,1
3,0,0.97373587,1
3,0,0.95451987,1
3,0,0.9800964,1
3,0,0.9799166,1
3,0,0.9735058,1
3,0,0.9679291,1
3,0,0.9794702,1
3,1,0.95674807,1
3,1,0.97711027,1
3,1,0.96980596,1
3,1,0.9736259,1
3,1,0.9779689,1
3,1,0.9680293,1
3,1,0.975109,1
3,1,0.9551758,1
3,1,0.9437552,1
3,1,0.93245316,1
3,1,0.95840037,1
3,1,0.9677748,1
3,1,0.9685922,1
3,1,0.9744879,1
3,1,0.9463928,1
3,1,0.97241974,1
3,1,0.9582299,1
3,1,0.93279743,1
3,0,0.96485895,1
3,0,0.96498305,1
3,0,0.96387875,1
3,0,0.9221934,1
3,0,0.95536333,1
3,0,0.9447331,1
3,0,0.9272726,1
3,0,0.9701285,1
3,0,0.9667498,1
3,0,0.9519945,1
3,0,0.9619352,1
3,0,0.9700162,1
3,0,0.9636953,1
3,0,0.95772666,1
3,0,0.93726426,1
3,0,0.93678206,1
3,0,0.8945014,1
3,0,0.9379635,1
3,0,0.92667526,1
3,0,0.950527,1
3,0,0.94552904,1
3,0,0.97683334,1
3,0,0.9179894,1
3,0,0.91002905,1
3,0,0.93887365,1
3,0,0.9298978,1
3,0,0.9436329,1
3,0,0.91054153,1
3,0,0.9320679,1
3,0,0.9569372,1
3,0,0.93461555,1
3,0,0.9594488,1
3,0,0.93886995,1
3,0,0.9684479,1
3,0,0.9428643,1
3,0,0.96070147,1
3,0,0.9803478,1
3,0,0.9453368,1
3,0,0.974363,1
3,0,0.9393701,1
3,0,0.9676971,1
3,0,0.97740483,1
3,0,0.96023816,1
3,0,0.9859094,1
3,0,0.9532375,1
3,0,0.96810526,1
3,0,0.97789407,1
3,0,0.9817824,1
3,0,0.9683622,1
3,0,0.9838414,1
3,0,0.9421647,1
3,0,0.96952504,1
3,0,0.9520348,1
3,0,0.9774917,1
3,0,0.95867777,1
3,0,0.9398731,1
3,0,0.934713,1
3,0,0.92597497,1
3,0,0.96139973,1
3,0,0.9540382,1
3,0,0.9404483,1
3,0,0.95566136,1
3,0,0.9725175,1
3,0,0.97683626,1
3,0,0.95062953,1
3,0,0.97906655,1
3,0,0.96476173,1
3,0,0.92447066,1
3,0,0.9494545,1
3,0,0.92623186,1
3,0,0.93239796,1
3,0,0.950215,1
3,0,0.973973,1
3,0,0.95661044,1
3,0,0.960936,1
3,0,0.9674946,1
3,0,0.924808,1
3,0,0.9732631,1
3,0,0.9585783,1
3,0,0.9590133,1
3,0,0.94197905,1
3,0,0.8661791,1
3,0,0.86233854,1
3,0,0.8279859,1
3,0,0.8160784,1
3,0,0.75857204,1
3,0,0.64944637,1
3,0,0.6343792,1
3,0,0.6437499,1
3,0,0.3845316,0
3,0,0.6474083,1
3,0,0.59991527,1
3,0,0.55681795,1
3,0,0.53441626,1
3,0,0.57768494,1
3,0,0.53482133,1
3,0,0.6865819,1
3,0,0.6039865,1
3,0,0.46160078,0
3,0,0.80554605,1
3,0,0.711336,1
3,0,0.8176312,1
3,0,0.7003184,1
3,0,0.7382382,1
3,0,0.8385791,1
3,1,0.84195155,1
3,1,0.81379586,1
3,1,0.79028445,1
3,1,0.7653161,1
3,1,0.5767701,1
3,1,0.7695308,1
3,1,0.70163035,1
3,1,0.8382502,1
3,1,0.6892324,1
3,1,0.89305097,1
3,1,0.8608993,1
3,1,0.8761702,1
3,1,0.9106645,1
3,1,0.6777591,1
3,1,0.7678462,1
3,1,0.87141603,1
3,1,0.86023164,1
3,1,0.92361736,1
3,1,0.94621396,1
3,1,0.9524521,1
3,1,0.97464955,1
3,1,0.952317,1
3,1,0.95842606,1
3,1,0.9761017,1
3,1,0.9446823,1
3,1,0.98566544,1
3,1,0.9292929,1
3,1,0.9497262,1
3,1,0.22319353,0
3,1,0.494246,0
3,1,0.29630777,0
3,1,0.08264957,0
3,1,0.17126997,0
3,1,0.13426642,0
3,1,0.30969372,0
3,1,0.26097798,0
3,1,0.14805011,0
3,1,0.040960472,0
3,1,0.040394828,0
3,1,0.12814303,0
3,1,0.23314275,0
3,1,0.42684683,0
3,1,0.2656669,0
3,1,0.36457947,0
3,1,0.07119052,0
3,1,0.5009458,1
3,1,0.042588025,0
3,1,0.080774255,0
3,1,0.018453343,0
3,1,0.09144089,0
3,1,0.09261929,0
3,1,0.06096022,0
3,1,0.07219668,0
3,1,0.015818264,0
3,1,0.085730426,0
3,1,0.022490047,0
3,0,0.035215072,0
3,0,0.020670377,0
3,0,0.02888662,0
3,0,0.052791197,0
3,0,0.16260788,0
3,0,0.037052818,0
3,0,0.016161429,0
3,0,0.0075795366,0
3,0,0.05669499,0
3,0,0.09334268,0
3,0,0.0827125,0
3,0,0.40588558,0
3,0,0.44948098,0
3,0,0.52013534,1
3,0,0.605338,1
3,0,0.030684453,0
3,0,0.19014628,0
3,0,0.12490904,0
3,0,0.20568429,0
3,0,0.27781972,0
3,0,0.36374307,0
3,0,0.22698602,0
3,0,0.083822876,0
3,0,0.065423995,0
3,0,0.18115981,0
3,0,0.06820169,0
3,0,0.046398416,0
3,0,0.09280222,0
3,0,0.24218236,0
3,0,0.13113275,0
3,0,0.16179061,0
3,0,0.04197234,0
3,0,0.047161613,0
3,0,0.029514667,0
3,0,0.26663193,0
3,0,0.11582118,0
3,1,0.34374258,0
3,1,0.85025746,1
3,1,0.81054246,1
3,1,0.68516475,1
3,1,0.7200537,1
3,1,0.72866464,1
3,1,0.55519027,1
3,1,0.5231759,1
3,1,0.5758658,1
3,1,0.18952249,0
3,1,0.72312385,1
3,1,0.65590346,1
3,1,0.45507985,0
3,1,0.49135527,0
3,1,0.1401996,0
3,1,0.38065952,0
3,1,0.5151638,1
3,1,0.12773216,0
3,1,0.259244,0
3,1,0.5968868,1
3,1,0.9245989,1
3,1,0.9430445,1
3,1,0.8314697,1
3,1,0.87403095,1
3,1,0.81442004,1
3,1,0.9040834,1
3,1,0.72564816,1
3,1,0.8100137,1
3,1,0.8657986,1
3,1,0.8305224,1
3,1,0.9013119,1
3,1,0.9179247,1
3,1,0.9194235,1
3,1,0.9835292,1
3,1,0.8644013,1
3,1,0.9449137,1
3,1,0.79492354,1
3,1,0.84022653,1
3,1,0.8629921,1
3,1,0.85102314,1
3,1,0.790121,1
3,1,0.8136482,1
3,1,0.82763714,1
3,1,0.90027946,1
3,1,0.7870907,1
3,1,0.6227599,1
3,1,0.8534114,1
3,1,0.79669476,1
3,1,0.53019965,1
3,1,0.7776687,1
3,0,0.5385972,1
3,0,0.5676446,1
3,0,0.6235372,1
3,0,0.30665472,0
3,0,0.19432047,0
3,0,0.41720966,0
3,0,0.59992594,1
3,0,0.21858634,0
3,0,0.67137975,1
3,0,0.7691734,1
3,1,0.646053,1
3,1,0.59146553,1
3,1,0.2843254,0
3,1,0.31446448,0
3,1,0.4537352,0
3,1,0.2631305,0
3,1,0.18708418,0
3,1,0.1552121,0
3,1,0.39573455,0
3,1,0.17785656,0
3,1,0.4663877,0
3,1,0.25522903,0
3,1,0.53129685,1
3,1,0.44071934,0
3,1,0.5243144,1
3,1,0.54837364,1
3,1,0.7665287,1
3,1,0.7950151,1
3,1,0.86656195,1
3,1,0.8120472,1
3,1,0.86836076,1
3,1,0.91797954,1
3,1,0.82595474,1
3,1,0.7996936,1
3,1,0.864042,1
3,1,0.84533626,1
3,1,0.9055014,1
3,1,0.9308655,1
3,1,0.9148346,1
3,1,0.9101669,1
3,1,0.90054166,1
3,1,0.95823264,1
3,1,0.92386556,1
3,1,0.9210622,1
3,1,0.77009344,1
3,1,0.89764374,1
3,1,0.90482223,1
3,1,0.91334885,1
3,1,0.95673966,1
3,1,0.8865215,1
3,1,0.6963207,1
3,1,0.89181364,1
3,1,0.94205385,1
3,1,0.91273373,1
3,1,0.8498361,1
3,1,0.9084499,1
3,1,0.8585956,1
3,1,0.90553284,1
3,1,0.9391073,1
3,1,0.95780224,1
4,1,0.4502328,0
4,1,0.8118793,1
4,1,0.72646666,1
4,1,0.9111489,1
4,1,0.7918876,1
4,1,0.59682226,1
4,1,0.80413705,1
4,1,0.8644229,1
4,1,0.5679847,1
4,1,0.4205414,0
4,1,0.6413538,1
4,1,0.27360293,0
4,1,0.34448978,0
4,1,0.89622897,1
4,1,0.95980287,1
4,1,0.9615316,1
4,1,0.94232595,1
4,1,0.906603,1
4,1,0.92706174,1
4,1,0.95667374,1
4,1,0.9602031,1
4,1,0.9045245,1
4,1,0.90239406,1
4,1,0.9572593,1
4,1,0.9559384,1
4,1,0.9494577,1
4,1,0.95329064,1
4,1,0.9573996,1
4,1,0.94928503,1
4,1,0.9395245,1
4,1,0.9170942,1
4,1,0.92671055,1
4,1,0.45220584,0
4,1,0.31570488,0
4,1,0.31345809,0
4,1,0.30293292,0
4,1,0.25452226,0
4,1,0.3377738,0
4,1,0.31437486,0
4,0,0.9008705,1
4,0,0.850643,1
4,0,0.64395726,1
4,0,0.9216014,1
4,0,0.8153177,1
4,0,0.8838574,1
4,0,0.77816033,1
4,0,0.8698059,1
4,0,0.89491737,1
4,0,0.85592204,1
4,0,0.9379533,1
4,0,0.907198,1
4,0,0.91293997,1
4,1,0.9943816,1
4,1,0.98721874,1
4,1,0.9973339,1
4,1,0.9913053,1
4,1,0.99252397,1
4,1,0.9986204,1
4,1,0.9873559,1
4,1,0.9966068,1
4,1,0.99805164,1
4,1,0.9974177,1
4,1,0.9982027,1
4,1,0.9969652,1
4,1,0.99874204,1
4,1,0.99487805,1
4,1,0.98312217,1
4,1,0.9921312,1
4,1,0.9982065,1
4,1,0.9850862,1
4,1,0.98881733,1
4,1,0.99182385,1
4,1,0.99210876,1
4,1,0.99339455,1
4,1,0.77861726,1
4,1,0.5129941,1
4,1,0.59816235,1
4,1,0.66565555,1
4,1,0.7360067,1
4,1,0.6970531,1
4,1,0.6323996,1
4,1,0.57811123,1
4,1,0.5992973,1
4,1,0.6082341,1
4,1,0.6985711,1
4,1,0.59350204,1
4,1,0.7877713,1
4,1,0.8242023,1
4,1,0.71633214,1
4,1,0.67983705,1
4,1,0.6727531,1
4,1,0.49049982,0
4,0,0.43070084,0
4,0,0.71598744,1
4,0,0.7683842,1
4,0,0.87903094,1
4,0,0.7605523,1
4,0,0.6026322,1
4,0,0.7548598,1
4,0,0.67574525,1
4,0,0.81867826,1
4,0,0.8012815,1
4,0,0.7525652,1
4,0,0.79114777,1
4,0,0.65023017,1
4,0,0.8120874,1
4,0,0.7979876,1
4,0,0.80322975,1
4,0,0.813963,1
4,0,0.8138758,1
4,0,0.7234223,1
4,0,0.7687304,1
4,0,0.72216636,1
4,0,0.811643,1
4,0,0.70770484,1
4,0,0.49721664,0
4,0,0.5941552,1
4,0,0.6753758,1
4,0,0.7787487,1
4,0,0.83613515,1
4,0,0.8674892,1
4,0,0.79759014,1
4,0,0.54073787,1
4,0,0.6737737,1
4,0,0.83466643,1
4,0,0.54996395,1
4,1,0.9997832,1
4,1,0.9975062,1
4,1,0.98987913,1
4,1,0.9988431,1
4,1,0.9986119,1
4,1,0.9970124,1
4,1,0.9991726,1
4,1,0.999833,1
4,1,0.9979825,1
4,1,0.9989838,1
4,1,0.99626786,1
4,1,0.9982911,1
4,1,0.9986045,1
4,1,0.99798954,1
4,1,0.9756811,1
4,1,0.96548945,1
4,1,0.9082679,1
4,1,0.9457173,1
4,1,0.90833914,1
4,1,0.94614387,1
4,1,0.9316272,1
4,1,0.9481508,1
4,1,0.9391381,1
4,1,0.96586597,1
4,1,0.9346992,1
4,1,0.9815309,1
4,1,0.94510305,1
4,1,0.9664582,1
4,1,0.93985856,1
4,1,0.9422957,1
4,1,0.91466576,1
4,1,0.9609199,1
4,1,0.9739779,1
4,1,0.96895254,1
4,1,0.95993114,1
4,1,0.9796679,1
4,1,0.97833955,1
4,1,0.95698667,1
4,1,0.93645537,1
4,1,0.95016086,1
4,0,0.84679663,1
4,0,0.6817936,1
4,0,0.64151263,1
4,0,0.5375884,1
4,0,0.36149275,0
4,0,0.5426995,1
4,0,0.56484944,1
4,0,0.42063284,0
4,0,0.59447765,1
4,0,0.16128795,0
4,0,0.38334596,0
4,0,0.6083635,1
4,0,0.39095506,0
4,0,0.4348918,0
4,0,0.6050808,1
4,0,0.78296655,1
4,0,0.8550447,1
4,0,0.82723737,1
4,0,0.8420071,1
4,0,0.7418983,1
4,0,0.5848888,1
4,0,0.90733737,1
4,0,0.9707784,1
4,0,0.9630999,1
4,0,0.8952434,1
4,0,0.82220834,1
4,0,0.6794853,1
4,0,0.9324805,1
4,0,0.94137186,1
4,0,0.75774145,1
4,0,0.7048602,1
4,0,0.6327036,1
4,0,0.6244739,1
4,0,0.70631456,1
4,0,0.59978276,1
4,0,0.5332597,1
4,0,0.5953072,1
4,0,0.6276091,1
4,0,0.8844574,1
4,0,0.707836,1
4,0,0.95386344,1
4,0,0.8118639,1
4,0,0.8685855,1
4,0,0.8098188,1
4,0,0.88318354,1
4,0,0.8719889,1
4,0,0.69416016,1
4,0,0.5643536,1
4,0,0.6905284,1
4,0,0.75266707,1
4,0,0.89704263,1
4,0,0.8778813,1
4,0,0.59329766,1
4,0,0.8012512,1
4,0,0.7941102,1
4,0,0.5228593,1
4,0,0.43773666,0
4,0,0.78124106,1
4,0,0.68018514,1
4,0,0.64657325,1
4,0,0.63168645,1
4,0,0.60628736,1
4,0,0.55114335,1
4,0,0.40434328,0
4,0,0.3835054,0
4,0,0.25354424,0
4,0,0.38176122,0
4,1,0.42067197,0
4,1,0.69445866,1
4,1,0.25243866,0
4,1,0.4658558,0
4,1,0.7288246,1
4,1,0.69770896,1
4,1,0.54920954,1
4,1,0.7880591,1
4,1,0.7682022,1
4,0,0.9101495,1
4,0,0.87768537,1
4,0,0.81585073,1
4,0,0.49630988,0
4,0,0.69157064,1
4,0,0.78830975,1
4,0,0.8339718,1
4,0,0.87581646,1
4,0,0.83210063,1
4,0,0.8914196,1
4,0,0.88751614,1
4,0,0.9059105,1
4,0,0.804659,1
4,0,0.6834386,1
4,0,0.7287864,1
4,0,0.87193424,1
4,0,0.85965234,1
4,0,0.69345564,1
4,0,0.7596559,1
4,0,0.81038016,1
4,0,0.85011315,1
4,0,0.73824775,1
4,0,0.74352086,1
4,0,0.62868017,1
4,0,0.48980406,0
4,0,0.5338015,1
4,0,0.60011095,1
4,0,0.21704364,0
4,0,0.3058035,0
4,0,0.22135761,0
4,0,0.43040094,0
4,0,0.42965883,0
4,0,0.22158793,0
4,0,0.2099897,0
4,0,0.38971192,0
4,0,0.31066173,0
4,0,0.514102,1
4,0,0.28607124,0
4,0,0.2641588,0
4,0,0.25634295,0
4,0,0.4418106,0
4,0,0.14807147,0
4,0,0.4008546,0
4,0,0.25034073,0
4,0,0.38213858,0
4,0,0.14368172,0
4,0,0.8197264,1
4,0,0.45081487,0
4,0,0.80438304,1
4,0,0.7273805,1
4,0,0.9011973,1
4,0,0.8523123,1
4,0,0.7057911,1
4,0,0.87610763,1
4,0,0.8497385,1
4,0,0.88270754,1
4,0,0.7785315,1
4,0,0.888017,1
4,0,0.8785227,1
4,0,0.733243,1
4,0,0.92881453,1
4,0,0.9053611,1
4,0,0.9164023,1
4,0,0.85704595,1
4,0,0.7936818,1
4,0,0.82495254,1
4,0,0.4393241,0
4,0,0.27569985,0
4,0,0.44793344,0
4,0,0.16911729,0
4,0,0.5444803,1
4,0,0.66689116,1
4,0,0.5662767,1
4,0,0.43746993,0
4,0,0.20048612,0
4,0,0.65953153,1
4,0,0.2538486,0
4,0,0.24869332,0
4,0,0.21401265,0
4,0,0.37802365,0
4,0,0.39462563,0
4,0,0.50855756,1
4,0,0.61563927,1
4,0,0.5370686,1
4,0,0.67657965,1
4,0,0.737749,1
4,0,0.59584016,1
4,0,0.6619161,1
4,0,0.602125,1
4,0,0.8741483,1
4,0,0.89602923,1
4,0,0.9081927,1
4,0,0.8952551,1
4,0,0.729785,1
4,0,0.76811236,1
4,0,0.8948027,1
4,0,0.86304486,1
4,0,0.8262628,1
4,0,0.8848827,1
4,0,0.7914746,1
4,0,0.89082277,1
4,0,0.9187598,1
4,1,0.858213,1
4,1,0.66728574,1
4,1,0.876775,1
4,1,0.6135685,1
4,1,0.7501019,1
4,1,0.44799554,0
4,1,0.56355673,1
4,1,0.3021569,0
4,1,0.3753675,0
4,0,0.37546873,0
4,0,0.27921522,0
4,0,0.6350755,1
4,0,0.34157255,0
4,0,0.47462586,0
4,0,0.65972304,1
4,0,0.12752247,0
4,0,0.19993412,0
4,0,0.5124802,1
4,0,0.4180673,0
4,0,0.30977055,0
4,0,0.58776605,1
4,0,0.63782996,1
4,0,0.51901364,1
4,0,0.68416536,1
4,0,0.5788292,1
4,0,0.7961904,1
4,0,0.64854664,1
4,0,0.7438018,1
4,0,0.66120607,1
4,0,0.88595164,1
4,0,0.8587664,1
4,0,0.8179118,1
4,0,0.8706021,1
4,0,0.8310114,1
4,0,0.8782031,1
4,0,0.9193523,1
4,0,0.68910617,1
4,0,0.8520345,1
4,0,0.7174499,1
4,0,0.6818126,1
4,0,0.5516017,1
4,0,0.56928015,1
4,0,0.4051119,0
4,0,0.36597553,0
4,0,0.7098621,1
4,0,0.6256679,1
4,0,0.7336356,1
4,0,0.7221328,1
4,0,0.83603,1
4,0,0.48531651,0
4,0,0.6281005,1
4,0,0.18081065,0
4,0,0.15883178,0
4,0,0.20162481,0
4,0,0.10190065,0
4,1,0.3521434,0
4,1,0.3270864,0
4,1,0.47699422,0
4,1,0.11766819,0
4,1,0.14565744,0
4,1,0.060687803,0
4,1,0.38428447,0
4,1,0.67478764,1
4,1,0.38756675,0
4,1,0.41008353,0
4,1,0.41894346,0
4,1,0.6952652,1
4,1,0.48057848,0
4,0,0.9008348,1
4,0,0.40631333,0
4,0,0.5732415,1
4,0,0.31755647,0
4,0,0.49626124,0
4,0,0.8507431,1
4,0,0.85319996,1
4,0,0.682839,1
4,0,0.616866,1
4,0,0.45846906,0
4,0,0.46122837,0
4,0,0.79222244,1
4,0,0.72808015,1
4,0,0.7379911,1
4,0,0.8731337,1
4,0,0.84269685,1
4,0,0.9260442,1
4,0,0.6448618,1
4,0,0.6863591,1
4,0,0.47732666,0
4,0,0.5124368,1
4,0,0.7337537,1
4,0,0.7142122,1
4,1,0.7225586,1
4,1,0.8104135,1
4,1,0.2440066,0
4,1,0.42633748,0
4,1,0.7353751,1
4,1,0.86716855,1
4,1,0.7589888,1
4,1,0.6564155,1
4,1,0.50302434,1
4,1,0.52977806,1
4,1,0.76511097,1
4,1,0.5497066,1
4,1,0.55976367,1
4,1,0.588682,1
4,1,0.92698395,1
4,0,0.68829495,1
4,0,0.65364206,1
4,0,0.64681005,1
4,0,0.5360734,1
4,0,0.53845036,1
4,0,0.36242568,0
4,0,0.17204069,0
4,0,0.24689858,0
4,0,0.33406833,0
4,0,0.17973427,0
4,0,0.3466072,0
4,0,0.565075,1
4,0,0.07551757,0
4,0,0.14748122,0
4,0,0.13629237,0
4,0,0.17169966,0
4,0,0.1479616,0
4,0,0.26049784,0
4,0,0.12681152,0
4,0,0.3238664,0
4,0,0.33160082,0
4,0,0.36919105,0
4,0,0.41493565,0
4,0,0.5645671,1
4,0,0.6543334,1
4,0,0.7512061,1
4,0,0.7894915,1
4,0,0.89397717,1
4,0,0.71005166,1
4,0,0.70698416,1
4,0,0.8100723,1
4,0,0.8271174,1
4,0,0.9009254,1
4,0,0.83256686,1
4,0,0.65829676,1
4,0,0.777973,1
4,0,0.80211526,1
4,0,0.7558193,1
4,0,0.8381181,1
4,0,0.89594334,1
4,0,0.9074117,1
4,0,0.8439728,1
4,0,0.9266813,1
4,0,0.835267,1
4,0,0.8702401,1
4,0,0.82927364,1
4,0,0.87432635,1
4,0,0.89169925,1
4,0,0.8586864,1
4,0,0.9075566,1
4,0,0.81610274,1
4,0,0.8487209,1
4,0,0.7043101,1
4,0,0.7659928,1
4,0,0.6714753,1
4,0,0.75900584,1
4,0,0.65783095,1
4,0,0.6328271,1
4,0,0.77874285,1
4,0,0.7833777,1
4,0,0.70598084,1
4,0,0.7807179,1
4,0,0.8294423,1
4,0,0.8027881,1
4,0,0.7528313,1
4,0,0.6803072,1
4,0,0.6531138,1
4,0,0.7703487,1
4,0,0.87971354,1
4,0,0.8896913,1
4,0,0.80296016,1
4,0,0.64508015,1
4,0,0.675457,1
4,0,0.71401525,1
4,0,0.8267345,1
4,0,0.55264276,1
4,0,0.55401033,1
4,0,0.7307095,1
4,0,0.74314904,1
4,0,0.7949494,1
4,0,0.58685994,1
4,0,0.6549255,1
4,0,0.86874413,1
4,0,0.59640795,1
4,0,0.57106173,1
4,0,0.26911482,0
4,0,0.3385171,0
4,0,0.50470424,1
4,0,0.5184976,1
4,0,0.41740456,0
4,0,0.30828425,0
4,0,0.32211012,0
4,0,0.39209825,0
4,0,0.29491886,0
4,0,0.68572223,1
4,0,0.24358262,0
4,0,0.55422986,1
4,0,0.553658,1
4,0,0.31250525,0
4,0,0.111049525,0
4,0,0.41498923,0
4,0,0.24337055,0
4,0,0.39657903,0
4,0,0.7828651,1
4,0,0.5204725,1
4,0,0.48697698,0
4,0,0.5854782,1
4,0,0.47443193,0
4,0,0.16068803,0
4,0,0.61178935,1
4,0,0.4959373,0
4,0,0.37452018,0
4,0,0.49804443,0
4,1,0.7967724,1
4,1,0.6327869,1
4,1,0.66217303,1
4,1,0.45474502,0
4,1,0.8275422,1
4,1,0.66054356,1
4,1,0.71038204,1
4,1,0.5879791,1
4,1,0.8360579,1
4,1,0.9295795,1
4,1,0.88731647,1
4,1,0.64070535,1
4,1,0.49154076,0
4,1,0.3953841,0
4,1,0.7864076,1
4,1,0.75147927,1
4,1,0.5536581,1
4,1,0.91501105,1
4,1,0.924075,1
4,1,0.5672568,1
4,1,0.69656235,1
4,1,0.5551505,1
4,1,0.7657038,1
4,1,0.7813066,1
4,1,0.8566077,1
4,1,0.81433547,1
4,1,0.3511315,0
4,1,0.68099225,1
4,1,0.7446207,1
4,1,0.578458,1
4,1,0.37586296,0
4,1,0.63574606,1
4,1,0.76419735,1
4,1,0.63433594,1
4,1,0.65760976,1
4,1,0.69444066,1
4,1,0.7005136,1
4,1,0.90602106,1
4,1,0.61053956,1
4,1,0.6165184,1
4,1,0.942597,1
4,1,0.8263378,1
4,1,0.8327572,1
4,1,0.80971336,1
4,1,0.92390585,1
4,1,0.6567045,1
4,1,0.75506043,1
4,1,0.73478705,1
4,1,0.61066663,1
4,1,0.75482917,1
4,1,0.8633722,1
4,1,0.78034025,1
4,1,0.90358865,1
4,1,0.673639,1
4,1,0.5913807,1
4,1,0.80249965,1
4,1,0.7064202,1
4,1,0.86225843,1
4,1,0.7260393,1
4,1,0.843649,1
4,1,0.6291634,1
4,1,0.5072245,1
4,1,0.80566865,1
4,1,0.76409715,1
4,1,0.6590381,1
4,1,0.68933594,1
4,1,0.79822904,1
4,1,0.66705596,1
4,1,0.87181777,1
4,1,0.8577654,1
4,1,0.61758155,1
4,1,0.7639519,1
4,1,0.8578814,1
4,1,0.907404,1
4,1,0.80510885,1
4,1,0.70893425,1
4,1,0.8261346,1
4,1,0.8817765,1
4,1,0.8934629,1
4,1,0.70034856,1
4,1,0.95313966,1
4,1,0.946765,1
4,1,0.92237645,1
4,1,0.8735359,1
4,1,0.8271319,1
4,1,0.8604592,1
4,1,0.69205856,1
4,1,0.10758018,0
4,1,0.21297212,0
4,1,0.13767707,0
4,1,0.23373635,0
4,1,0.26460388,0
4,1,0.3519804,0
4,1,0.37827384,0
4,1,0.24836971,0
4,1,0.22898601,0
4,1,0.1700825,0
4,1,0.15611984,0
4,1,0.2219342,0
4,1,0.17838706,0
4,1,0.1761442,0
4,1,0.13201179,0
4,0,0.3258596,0
4,0,0.29517615,0
4,0,0.25017235,0
4,0,0.71652037,1
4,0,0.39267462,0
4,0,0.5063461,1
4,0,0.3933891,0
4,0,0.34519643,0
4,0,0.1702811,0
4,0,0.22832899,0
4,0,0.16388328,0
4,0,0.17556667,0
4,0,0.25601456,0
4,0,0.6948617,1
4,1,0.7382018,1
4,1,0.19313364,0
4,1,0.36484358,0
4,1,0.30497703,0
4,1,0.21138442,0
4,1,0.38237128,0
4,1,0.5268226,1
4,1,0.5586845,1
4,1,0.6946751,1
4,1,0.4330103,0
4,1,0.2747455,0
4,1,0.24595709,0
4,1,0.16702679,0
4,1,0.10719517,0
4,1,0.2564432,0
4,1,0.34011054,0
4,0,0.17562737,0
4,0,0.63176185,1
4,0,0.25902453,0
4,0,0.14342949,0
4,0,0.35324907,0
4,0,0.1395625,0
4,0,0.43368658,0
4,0,0.40074348,0
4,0,0.6046776,1
4,0,0.45435184,0
4,0,0.2664948,0
4,0,0.48632616,0
4,0,0.34314412,0
4,0,0.15751244,0
4,0,0.23900037,0
4,0,0.41675043,0
4,0,0.7173448,1
4,0,0.15985188,0
4,0,0.4858022,0
4,0,0.034836695,0
4,0,0.06722291,0
4,0,0.093666054,0
4,0,0.40297806,0
4,0,0.42670473,0
4,0,0.01541779,0
4,0,0.021525607,0
4,0,0.038968462,0
4,0,0.03592009,0
4,0,0.07950447,0
4,0,0.114206,0
4,0,0.26057464,0
4,0,0.18209453,0
4,0,0.11943499,0
4,0,0.3163893,0
4,0,0.5221252,1
4,0,0.14496635,0
4,0,0.9040135,1
4,0,0.90011895,1
4,0,0.83022416,1
4,0,0.8652251,1
4,0,0.85303134,1
4,0,0.8019384,1
4,0,0.7864566,1
4,0,0.7482688,1
4,0,0.81629753,1
4,0,0.8433592,1
4,0,0.81731397,1
4,0,0.82054716,1
4,0,0.8032469,1
4,0,0.82318157,1
4,0,0.8444735,1
4,0,0.78829634,1
4,0,0.80504984,1
4,0,0.80597246,1
4,0,0.80499446,1
4,0,0.787597,1
4,0,0.8426695,1
4,0,0.8018633,1
4,0,0.76323503,1
4,0,0.8208261,1
4,0,0.9033233,1
4,0,0.8223958,1
4,0,0.77548593,1
4,0,0.7776942,1
4,0,0.8627657,1
4,0,0.77225125,1
4,0,0.7705081,1
4,0,0.7649349,1
4,0,0.7731298,1
4,0,0.7582603,1
4,0,0.79056627,1
4,0,0.73428434,1
4,0,0.821067,1
4,0,0.63370156,1
4,0,0.8058036,1
4,0,0.8057712,1
4,0,0.7422407,1
4,0,0.7352013,1
4,0,0.7206963,1
4,0,0.72665185,1
4,0,0.86700195,1
4,0,0.76535016,1
4,0,0.78802574,1
4,0,0.7394724,1
4,0,0.6618158,1
4,0,0.74932355,1
4,0,0.7401036,1
4,0,0.76274633,1
4,0,0.7594786,1
4,0,0.80069226,1
4,0,0.7739531,1
4,0,0.7154341,1
4,0,0.79492664,1
4,0,0.8783581,1
4,0,0.82147044,1
4,0,0.710854,1
4,0,0.77860457,1
4,0,0.8150464,1
4,0,0.72804755,1
4,0,0.67512894,1
4,0,0.8326843,1
4,0,0.8588138,1
4,0,0.76514846,1
4,0,0.7650917,1
4,0,0.8890872,1
4,0,0.87848985,1
4,0,0.9086863,1
4,0,0.8492275,1
4,0,0.86156625,1
4,0,0.75047594,1
4,0,0.61485076,1
4,0,0.7153647,1
4,0,0.7916998,1
4,0,0.8214638,1
4,0,0.8670806,1
4,0,0.82175577,1
4,0,0.7582093,1
4,0,0.6876518,1
4,0,0.5991524,1
4,0,0.6910821,1
4,0,0.6240986,1
4,0,0.7255591,1
4,0,0.51120514,1
4,0,0.66353136,1
4,0,0.5503062,1
4,0,0.74691856,1
4,0,0.65822077,1
4,0,0.63105464,1
4,0,0.5789601,1
4,0,0.6715513,1
4,0,0.6323182,1
4,0,0.6987102,1
4,0,0.8153617,1
4,0,0.7247693,1
4,0,0.75827026,1
4,0,0.7711215,1
4,0,0.7203305,1
4,0,0.51628894,1
4,0,0.6150181,1
4,0,0.80104107,1
4,0,0.5764186,1
4,1,0.40426427,0
4,1,0.51444,1
4,1,0.5766572,1
4,1,0.7920752,1
4,1,0.8630544,1
4,1,0.89787096,1
4,1,0.66745543,1
4,1,0.71378404,1
4,1,0.6872275,1
4,1,0.735333,1
4,1,0.80552566,1
4,1,0.8296324,1
4,1,0.77238476,1
4,1,0.74431276,1
4,1,0.8727624,1
4,1,0.7985655,1
4,1,0.8025648,1
4,1,0.79690415,1
4,1,0.87664354,1
4,1,0.6462365,1
4,1,0.78181154,1
4,1,0.76228863,1
4,1,0.6584945,1
4,1,0.6564043,1
4,1,0.7565913,1
4,0,0.68858343,1
4,0,0.5941937,1
4,0,0.4831136,0
4,0,0.8315477,1
4,0,0.8134158,1
4,0,0.72159374,1
4,0,0.6885251,1
4,0,0.7325187,1
4,0,0.78204834,1
4,0,0.7581649,1
4,0,0.7400417,1
4,0,0.5940564,1
4,0,0.5880659,1
4,0,0.65602124,1
4,0,0.6882934,1
4,0,0.7205337,1
4,0,0.661221,1
4,0,0.71548826,1
4,0,0.76270974,1
4,0,0.81779826,1
4,0,0.77182394,1
4,0,0.73486364,1
4,0,0.5167305,1
4,0,0.5623546,1
4,0,0.6776013,1
4,0,0.5898089,1
4,0,0.62087023,1
4,0,0.53776866,1
4,0,0.54404473,1
4,0,0.7331196,1
4,0,0.75125617,1
4,0,0.71412,1
4,0,0.6184028,1
4,0,0.47224063,0
4,0,0.6206855,1
4,0,0.5521617,1
4,0,0.5560966,1
4,0,0.69087857,1
4,0,0.7464323,1
4,0,0.6293266,1
4,0,0.72950697,1
4,0,0.72175133,1
4,0,0.686243,1
4,0,0.6234324,1
4,0,0.5929059,1
4,1,0.8617818,1
4,1,0.7055679,1
4,1,0.7640826,1
4,1,0.75288117,1
4,1,0.7659279,1
4,1,0.83401084,1
4,1,0.9202507,1
4,1,0.8830958,1
4,1,0.90299875,1
4,1,0.9575196,1
4,1,0.9534635,1
4,1,0.9460518,1
4,1,0.9163244,1
4,1,0.9716642,1
4,1,0.8500926,1
4,1,0.86951494,1
4,1,0.95557284,1
4,1,0.933974,1
4,1,0.944273,1
4,1,0.9395797,1
4,1,0.94472295,1
4,1,0.9457072,1
4,1,0.9394534,1
4,1,0.9759502,1
4,1,0.9617359,1
4,1,0.9698201,1
4,1,0.9720649,1
4,1,0.8988428,1
4,1,0.92269707,1
4,1,0.89609236,1
4,1,0.87596107,1
4,1,0.9057771,1
4,1,0.7319184,1
4,1,0.84712714,1
4,1,0.89525276,1
4,1,0.9014919,1
4,1,0.9196319,1
4,1,0.9120034,1
4,1,0.8750758,1
4,1,0.9008596,1
4,1,0.8890364,1
4,1,0.9112791,1
4,1,0.89763856,1
4,1,0.899149,1
4,1,0.8838066,1
4,1,0.9219574,1
4,1,0.86875457,1
4,1,0.8955212,1
4,1,0.90889263,1
4,1,0.9289857,1
4,1,0.7844389,1
4,1,0.9477471,1
4,1,0.8241639,1
4,1,0.9391971,1
4,1,0.942253,1
4,1,0.9783971,1
4,1,0.97402036,1
4,1,0.95270205,1
4,1,0.9603658,1
4,1,0.9385223,1
4,1,0.9386298,1
4,1,0.9127276,1
4,1,0.8379497,1
4,1,0.8796003,1
4,1,0.9323705,1
4,1,0.90222275,1
4,1,0.817332,1
4,1,0.91211754,1
4,1,0.9064789,1
4,1,0.9818193,1
4,1,0.9846356,1
4,1,0.9536685,1
4,1,0.9267221,1
4,1,0.9049483,1
4,1,0.89839715,1
4,1,0.8362199,1
4,1,0.8127976,1
4,1,0.88969314,1
4,1,0.66166323,1
4,1,0.56728584,1
4,1,0.9178337,1
4,1,0.8914607,1
4,1,0.87661743,1
4,1,0.8240533,1
4,1,0.88592094,1
4,1,0.7835284,1
4,1,0.9238972,1
4,1,0.88547426,1
4,1,0.9382081,1
4,1,0.9479391,1
4,1,0.8445544,1
4,1,0.9835365,1
4,1,0.9429918,1
4,1,0.9366533,1
4,1,0.9745691,1
4,1,0.93697625,1
4,1,0.9370863,1
4,1,0.9730129,1
4,1,0.94770557,1
4,1,0.8938042,1
4,1,0.9539782,1
4,1,0.9466581,1
4,0,0.91967547,1
4,0,0.93437934,1
4,0,0.951032,1
4,0,0.92099696,1
4,0,0.8535245,1
4,0,0.91188234,1
4,0,0.9401555,1
4,0,0.8656183,1
4,0,0.9382924,1
4,0,0.8611053,1
4,0,0.95207,1
4,0,0.9229783,1
4,1,0.74560803,1
4,1,0.5888809,1
4,1,0.47956565,0
4,1,0.6458481,1
4,1,0.47702724,0
4,1,0.8997702,1
4,1,0.57261336,1
4,1,0.62970865,1
4,1,0.6187411,1
4,1,0.57887894,1
4,1,0.44087872,0
4,1,0.33427855,0
4,1,0.5153284,1
4,1,0.2732986,0
4,1,0.27673337,0
4,1,0.9334055,1
4,1,0.9772307,1
4,1,0.86527306,1
4,1,0.74974275,1
4,1,0.5319136,1
4,1,0.8740546,1
4,1,0.83223677,1
4,1,0.60079634,1
4,1,0.73832077,1
4,1,0.6000275,1
4,1,0.628418,1
4,1,0.7713354,1
4,1,0.8609683,1
4,1,0.8356539,1
4,1,0.6125789,1
4,1,0.7186531,1
4,1,0.6792809,1
4,1,0.5151173,1
4,1,0.4762993,0
4,1,0.49474022,0
4,1,0.4536685,0
4,1,0.62905943,1
4,1,0.6404448,1
4,1,0.39094245,0
4,1,0.79058826,1
4,1,0.71806747,1
4,1,0.8819691,1
4,1,0.3505164,0
4,1,0.38434425,0
4,1,0.8465282,1
4,1,0.89929295,1
4,1,0.6632781,1
4,1,0.7264638,1
4,1,0.73258334,1
4,1,0.42867887,0
4,1,0.49326324,0
4,1,0.42844564,0
4,1,0.3691658,0
4,1,0.48287717,0
4,1,0.52685255,1
4,1,0.606022,1
4,1,0.6222661,1
4,1,0.52551794,1
4,1,0.568618,1
4,1,0.5627905,1
4,1,0.6881868,1
4,1,0.54623723,1
4,1,0.11776712,0
4,1,0.2530726,0
4,1,0.53276354,1
4,1,0.43745747,0
4,1,0.4607996,0
4,1,0.4489783,0
4,1,0.5887147,1
4,1,0.3878879,0
4,1,0.47671828,0
4,1,0.49384493,0
4,1,0.63236123,1
4,1,0.6356511,1
4,1,0.3995113,0
4,1,0.37962854,0
4,1,0.23317233,0
4,1,0.25700936,0
4,1,0.3888862,0
4,1,0.052195072,0
4,1,0.2617527,0
4,1,0.27818307,0
4,1,0.2351642,0
4,1,0.5824784,1
4,1,0.40966433,0
4,1,0.22953714,0
4,1,0.82606554,1
4,1,0.5088917,1
4,1,0.56478184,1
4,1,0.37159368,0
4,1,0.1765718,0
4,1,0.14190178,0
4,1,0.18031043,0
4,1,0.2817956,0
4,1,0.2393493,0
4,1,0.17795971,0
4,1,0.25989756,0
4,1,0.32188255,0
4,0,0.38075417,0
4,0,0.36051524,0
4,0,0.2620896,0
4,0,0.18596579,0
4,0,0.20845085,0
4,0,0.20747831,0
4,0,0.14619057,0
4,0,0.7905759,1
4,0,0.4378785,0
4,0,0.71077615,1
4,0,0.8245008,1
4,0,0.8700732,1
4,0,0.9637059,1
4,0,0.89518654,1
4,0,0.82822376,1
4,0,0.82023865,1
4,0,0.78701127,1
4,0,0.7270339,1
4,0,0.9192971,1
4,0,0.8102815,1
4,0,0.7553222,1
4,0,0.85413206,1
4,0,0.59719795,1
4,0,0.70466805,1
4,0,0.6401819,1
4,0,0.33385164,0
4,0,0.16623145,0
4,0,0.31998095,0
4,0,0.13755241,0
4,0,0.23029706,0
4,0,0.11575006,0
4,0,0.17225525,0
4,0,0.14100784,0
4,0,0.2566617,0
4,0,0.035344508,0
4,0,0.95040995,1
4,0,0.8600219,1
4,0,0.83663136,1
4,0,0.61568236,1
4,0,0.6152603,1
4,0,0.67619157,1
4,0,0.86974174,1
4,0,0.9402416,1
4,0,0.9767552,1
4,0,0.8794094,1
4,0,0.9381285,1
4,0,0.7235696,1
4,0,0.6210304,1
4,0,0.7775031,1
4,0,0.8036845,1
4,0,0.79255885,1
4,0,0.917104,1
4,0,0.9425742,1
4,0,0.86557716,1
4,0,0.8872152,1
4,0,0.96371275,1
4,0,0.928262,1
4,0,0.9606972,1
4,0,0.94683653,1
4,0,0.97549677,1
4,0,0.98268396,1
4,0,0.9848439,1
4,0,0.80453336,1
4,0,0.9668432,1
4,0,0.90591586,1
4,0,0.9357098,1
4,0,0.96044695,1
4,0,0.9863302,1
4,0,0.9955674,1
4,0,0.985892,1
4,0,0.98308253,1
4,0,0.9634323,1
4,0,0.81208634,1
4,0,0.8591732,1
4,0,0.8811865,1
4,0,0.97565156,1
4,0,0.88722175,1
4,0,0.9126799,1
4,0,0.8589845,1
4,0,0.9071091,1
4,0,0.8731979,1
4,0,0.8706609,1
4,0,0.8790389,1
4,0,0.8851441,1
4,0,0.55899674,1
4,0,0.78092074,1
4,0,0.61368376,1
4,0,0.83077866,1
4,0,0.84692043,1
4,0,0.95664954,1
4,0,0.62641233,1
4,0,0.94025064,1
4,0,0.97453,1
4,0,0.98461837,1
4,0,0.9521077,1
4,0,0.900161,1
4,0,0.86326826,1
4,0,0.94344085,1
4,0,0.96400934,1
4,0,0.977523,1
4,0,0.9498512,1
4,0,0.91761893,1
4,0,0.86145806,1
4,0,0.9323478,1
4,0,0.83011866,1
4,0,0.91494036,1
4,0,0.94182235,1
4,0,0.9518785,1
4,0,0.8759032,1
4,0,0.7565683,1
4,0,0.75548774,1
4,0,0.8331489,1
4,0,0.66531205,1
4,0,0.9571882,1
4,0,0.63175905,1
4,0,0.93917716,1
4,0,0.71176994,1
4,0,0.91854805,1
4,0,0.8712152,1
4,0,0.8488172,1
4,0,0.8967867,1
4,0,0.9124316,1
4,0,0.6561016,1
4,0,0.9308427,1
4,0,0.9780487,1
4,0,0.9742891,1
4,0,0.9685342,1
4,0,0.8412111,1
4,0,0.92240953,1
4,0,0.8985405,1
4,0,0.9237076,1
4,0,0.93475205,1
4,0,0.96288246,1
4,0,0.94263935,1
4,0,0.896342,1
4,0,0.9029792,1
4,0,0.94232243,1
4,0,0.95750713,1
4,0,0.9044368,1
4,0,0.9158786,1
4,0,0.87988055,1
4,0,0.75326675,1
4,0,0.64643687,1
4,0,0.6062905,1
4,0,0.85930794,1
4,0,0.4928288,0
4,0,0.6218882,1
4,0,0.79129666,1
4,0,0.6924856,1
4,0,0.8555342,1
4,0,0.7950991,1
4,0,0.8774868,1
4,0,0.83732045,1
4,0,0.7299216,1
4,0,0.954742,1
4,0,0.8806348,1
4,0,0.9107272,1
4,0,0.9164311,1
4,0,0.8993328,1
4,0,0.9104496,1
4,0,0.8435763,1
4,0,0.9063298,1
4,0,0.78141886,1
4,0,0.77909446,1
4,0,0.6425034,1
4,0,0.91745913,1
4,0,0.88712585,1
4,0,0.9076443,1
4,0,0.94074845,1
4,0,0.9506099,1
4,0,0.8789671,1
4,0,0.78778076,1
4,0,0.815122,1
4,0,0.795976,1
4,0,0.91030717,1
4,0,0.9868036,1
4,0,0.95006067,1
4,0,0.98512846,1
4,0,0.89412117,1
4,0,0.9764415,1
4,0,0.8790391,1
4,0,0.8889861,1
4,1,0.93356055,1
4,1,0.9746333,1
4,1,0.97594994,1
4,1,0.9626236,1
4,1,0.94349325,1
4,1,0.9616709,1
4,1,0.9745855,1
4,1,0.9768157,1
4,1,0.9443975,1
4,1,0.9497912,1
4,1,0.97919035,1
4,1,0.9766236,1
4,1,0.9667581,1
4,1,0.97125745,1
4,1,0.97613305,1
4,1,0.97017217,1
4,1,0.96838635,1
4,1,0.9517745,1
4,1,0.9659476,1
4,1,0.9766466,1
4,1,0.967113,1
4,1,0.9136623,1
4,1,0.9479706,1
4,1,0.91323733,1
4,1,0.9481325,1
4,1,0.9352736,1
4,1,0.95029885,1
4,1,0.94190526,1
4,1,0.9674453,1
4,1,0.9381353,1
4,1,0.9823714,1
4,1,0.9483346,1
4,1,0.9677637,1
4,1,0.94203573,1
4,1,0.94411945,1
4,1,0.9181234,1
4,1,0.9625634,1
4,1,0.9755838,1
4,1,0.9702861,1
4,1,0.96220666,1
4,1,0.98124564,1
4,1,0.9789261,1
4,1,0.9593727,1
4,1,0.9399345,1
4,1,0.9277036,1
4,1,0.8618348,1
4,1,0.71175814,1
4,1,0.7856697,1
4,1,0.89942,1
4,1,0.9170705,1
4,1,0.9801313,1
4,1,0.89898527,1
4,1,0.7923244,1
4,1,0.97698,1
4,1,0.90494114,1
4,1,0.93505305,1
4,1,0.8471248,1
4,1,0.90996,1
4,1,0.92718667,1
4,1,0.91979915,1
4,1,0.8899936,1
4,1,0.8160576,1
4,1,0.8760399,1
4,1,0.95204115,1
4,1,0.9364014,1
4,1,0.817588,1
4,1,0.83184755,1
4,1,0.91879374,1
4,1,0.817022,1
4,1,0.8722279,1
4,1,0.8896252,1
4,1,0.9358462,1
4,1,0.9214199,1
4,1,0.81711817,1
4,1,0.88146675,1
4,1,0.9203044,1
4,1,0.9064768,1
4,1,0.89916897,1
4,1,0.89102024,1
4,1,0.92596084,1
4,1,0.9016206,1
4,1,0.8799421,1
4,1,0.92472047,1
4,1,0.85131353,1
4,1,0.90981233,1
4,1,0.8420252,1
4,1,0.78966326,1
4,1,0.8790044,1
4,1,0.77530754,1
4,1,0.65786,1
4,1,0.8481282,1
4,1,0.90308475,1
4,1,0.88490814,1
4,1,0.6524042,1
4,1,0.8087807,1
4,1,0.779259,1
4,1,0.7378739,1
4,1,0.6791051,1
4,1,0.8226045,1
4,1,0.88425714,1
4,1,0.88783354,1
4,1,0.87093824,1
4,1,0.8640885,1
4,1,0.96417946,1
4,1,0.8740386,1
4,1,0.909725,1
4,1,0.8361523,1
4,1,0.8342101,1
4,1,0.7080346,1
4,1,0.6398221,1
4,1,0.79893607,1
4,1,0.5208946,1
4,1,0.822362,1
4,1,0.88135517,1
4,1,0.79284143,1
4,1,0.9359105,1
4,1,0.49283323,0
4,1,0.42864603,0
4,1,0.6721234,1
4,1,0.24663387,0
4,1,0.8500388,1
4,1,0.4790764,0
4,1,0.51535857,1
4,1,0.3494273,0
4,1,0.42288512,0
4,1,0.4036424,0
4,1,0.3479951,0
4,1,0.19907683,0
4,1,0.38856736,0
4,1,0.63033926,1
4,1,0.586742,1
4,1,0.6257767,1
4,1,0.55695945,1
4,1,0.8171481,1
4,1,0.917946,1
4,1,0.9193651,1
4,1,0.9029732,1
4,1,0.96559316,1
4,1,0.9602862,1
4,1,0.92828274,1
4,1,0.9369351,1
4,1,0.9545105,1
4,1,0.75748426,1
4,1,0.8893712,1
4,1,0.8116561,1
4,0,0.6724166,1
4,0,0.78737056,1
4,0,0.8918869,1
4,0,0.8464641,1
4,0,0.8907145,1
4,0,0.92190063,1
4,0,0.8908405,1
4,0,0.8726342,1
4,0,0.9008079,1
4,0,0.73691326,1
4,0,0.84381044,1
4,0,0.89497685,1
4,0,0.8966239,1
4,0,0.9167767,1
4,0,0.7764402,1
4,0,0.9077192,1
4,0,0.8660039,1
4,0,0.8961164,1
4,0,0.88073903,1
4,0,0.90460163,1
4,0,0.8946008,1
4,0,0.8917919,1
4,0,0.8733992,1
4,0,0.915088,1
4,0,0.8617745,1
4,0,0.88988966,1
4,0,0.9043477,1
4,0,0.7313582,1
4,0,0.8565752,1
4,0,0.91152316,1
4,0,0.92061865,1
4,0,0.7888369,1
4,0,0.7820268,1
4,1,0.8559964,1
4,1,0.8940658,1
4,1,0.86841184,1
4,1,0.873326,1
4,1,0.89540225,1
4,1,0.9453202,1
4,1,0.8759457,1
4,1,0.8602407,1
4,0,0.9035035,1
4,0,0.93767184,1
4,0,0.91465175,1
4,0,0.88117063,1
4,0,0.8643058,1
4,0,0.94649935,1
4,0,0.91000944,1
4,0,0.93602914,1
4,0,0.8688425,1
4,0,0.9524259,1
4,0,0.923138,1
4,0,0.8951215,1
4,0,0.86623985,1
4,0,0.7931271,1
4,0,0.8202778,1
4,0,0.9318968,1
4,0,0.90836865,1
4,0,0.7674341,1
4,0,0.9459814,1
4,0,0.92301136,1
4,0,0.9001473,1
4,0,0.8894407,1
4,0,0.9490955,1
4,0,0.89203167,1
4,0,0.85731256,1
4,0,0.9113163,1
4,0,0.838839,1
4,0,0.63087606,1
4,0,0.9033856,1
4,0,0.90367925,1
4,0,0.8825792,1
4,0,0.84037614,1
4,0,0.9425682,1
4,0,0.94563913,1
4,0,0.96151394,1
4,0,0.9747833,1
4,0,0.8876335,1
4,0,0.8927415,1
4,0,0.8993879,1
4,0,0.9543824,1
4,0,0.9075592,1
4,0,0.94203186,1
4,0,0.95944256,1
4,0,0.8674755,1
4,0,0.91908306,1
4,0,0.9303648,1
4,0,0.95417047,1
4,0,0.84754527,1
4,0,0.8928259,1
4,0,0.92129225,1
4,0,0.93066114,1
4,0,0.93205583,1
4,0,0.93078804,1
4,0,0.9604717,1
4,0,0.94174737,1
4,0,0.9334714,1
4,0,0.8982433,1
4,0,0.9376683,1
4,0,0.8983209,1
4,0,0.9469961,1
4,0,0.9089459,1
4,0,0.93935907,1
4,0,0.80699265,1
4,0,0.9333593,1
4,0,0.80422014,1
4,0,0.9270304,1
4,0,0.9220328,1
4,0,0.97456056,1
4,0,0.9687316,1
4,0,0.9520338,1
4,0,0.95361197,1
4,0,0.95389265,1
4,0,0.9595306,1
4,0,0.93680215,1
4,0,0.9747005,1
4,0,0.96188235,1
4,0,0.9506746,1
4,0,0.9287392,1
4,0,0.9425187,1
4,0,0.92572653,1
4,0,0.9121161,1
4,0,0.87497485,1
4,0,0.9290072,1
4,0,0.9073201,1
4,0,0.9347523,1
4,0,0.8075902,1
4,0,0.9705075,1
4,0,0.7226133,1
4,0,0.90073216,1
4,0,0.8678209,1
4,0,0.8716483,1
4,0,0.9139831,1
4,0,0.93847597,1
4,0,0.91859514,1
4,0,0.86614007,1
4,0,0.9239651,1
4,0,0.86392266,1
4,0,0.92260605,1
4,0,0.8788145,1
4,0,0.94854164,1
4,0,0.8698953,1
4,0,0.827313,1
4,0,0.9206748,1
4,0,0.89774585,1
4,0,0.94331765,1
4,0,0.9053445,1
4,0,0.9580745,1
4,0,0.958609,1
4,0,0.9424537,1
4,0,0.922991,1
4,0,0.97160923,1
4,0,0.9460154,1
4,0,0.89104486,1
4,0,0.9213243,1
4,0,0.9411776,1
4,0,0.8354663,1
4,0,0.8714447,1
4,0,0.9477599,1
4,0,0.8794717,1
4,0,0.8519071,1
4,0,0.97540885,1
4,0,0.93764395,1
4,0,0.78780746,1
4,0,0.93636346,1
4,0,0.97483665,1
4,0,0.96516144,1
4,0,0.81656116,1
4,0,0.9153976,1
4,0,0.9269126,1
4,0,0.8264172,1
4,0,0.9086511,1
4,0,0.95383793,1
4,0,0.9600627,1
4,0,0.88071847,1
4,0,0.9448693,1
4,0,0.95108557,1
4,0,0.83061266,1
4,0,0.9421135,1
4,0,0.9344345,1
4,0,0.9081036,1
4,0,0.81252784,1
4,0,0.8652298,1
4,0,0.93055695,1
4,0,0.8996686,1
4,0,0.7950413,1
4,0,0.906934,1
4,0,0.897618,1
4,0,0.86613864,1
4,0,0.8065526,1
4,0,0.8741226,1
4,0,0.9733396,1
4,0,0.86671376,1
4,0,0.9237913,1
4,0,0.96153796,1
4,0,0.9787869,1
4,0,0.9903757,1
4,0,0.9892195,1
4,0,0.9867055,1
4,0,0.9813493,1
4,0,0.9874277,1
4,0,0.9742949,1
4,0,0.9163382,1
4,0,0.9428676,1
4,0,0.97619563,1
4,0,0.9661211,1
4,0,0.83919966,1
4,0,0.94528663,1
4,0,0.92219466,1
4,0,0.9458971,1
4,0,0.88182247,1
4,0,0.96135306,1
4,0,0.9242597,1
4,0,0.9055872,1
4,0,0.8465349,1
4,0,0.8900591,1
4,0,0.9154511,1
4,0,0.9733846,1
4,0,0.9645953,1
4,0,0.9771778,1
4,0,0.9694877,1
4,0,0.970476,1
4,0,0.9947855,1
4,0,0.9274211,1
4,0,0.98065084,1
4,0,0.9827131,1
4,0,0.9493971,1
4,0,0.9224386,1
4,0,0.90335023,1
4,0,0.88059926,1
4,0,0.8146279,1
4,0,0.7983159,1
4,0,0.87621564,1
4,0,0.6410488,1
4,0,0.5269767,1
4,0,0.6256313,1
4,0,0.8398601,1
4,0,0.6176633,1
4,0,0.7100808,1
4,0,0.86094797,1
4,0,0.74383414,1
4,0,0.54927385,1
4,0,0.7271723,1
4,0,0.79260373,1
4,0,0.77387494,1
4,0,0.7667829,1
4,0,0.7781401,1
4,0,0.7818369,1
4,0,0.67639714,1
4,0,0.92221403,1
4,0,0.89020544,1
4,0,0.9570804,1
4,0,0.92278445,1
4,0,0.884013,1
4,0,0.8692473,1
4,0,0.9044803,1
4,0,0.9708928,1
4,0,0.8642112,1
4,0,0.8970255,1
4,0,0.86933714,1
4,0,0.9082225,1
4,0,0.8963638,1
4,0,0.89663386,1
4,0,0.875747,1
4,0,0.879311,1
4,0,0.81733483,1
4,0,0.8533773,1
4,0,0.77227795,1
4,0,0.91955036,1
4,0,0.8646421,1
4,0,0.9289214,1
4,0,0.93791074,1
4,0,0.822992,1
4,0,0.98087525,1
4,0,0.95644945,1
4,0,0.9563178,1
4,0,0.93988943,1
4,0,0.92940193,1
4,0,0.96914375,1
4,0,0.9094602,1
4,0,0.8393931,1
4,0,0.9571346,1
4,0,0.9650391,1
4,0,0.93618596,1
4,0,0.9324889,1
4,0,0.9720088,1
4,0,0.9356941,1
4,0,0.93718404,1
4,0,0.9737552,1
4,0,0.9320051,1
4,0,0.8801495,1
4,0,0.94922423,1
4,0,0.9421056,1
4,0,0.9849557,1
4,0,0.8763535,1
4,0,0.9771942,1
4,0,0.96294737,1
4,0,0.9149177,1
4,0,0.93537617,1
4,0,0.94358355,1
4,0,0.9150371,1
4,0,0.85316217,1
4,0,0.9071699,1
4,0,0.9294145,1
4,0,0.85522527,1
4,0,0.94133973,1
4,0,0.8548073,1
4,0,0.9454016,1
4,0,0.9176611,1
4,0,0.9039747,1
4,0,0.9286184,1
4,0,0.92023903,1
4,0,0.9278469,1
4,0,0.9068544,1
4,0,0.9112462,1
4,0,0.88683116,1
4,0,0.87894684,1
4,0,0.88054156,1
4,0,0.7273458,1
4,0,0.8796079,1
4,0,0.8583911,1
4,0,0.93433446,1
4,0,0.81331867,1
4,0,0.9566941,1
4,0,0.86737585,1
4,0,0.86358607,1
4,0,0.95528555,1
4,0,0.9462509,1
4,0,0.94868493,1
4,0,0.93599415,1
4,0,0.9716071,1
4,0,0.9233057,1
4,1,0.69284075,1
4,1,0.63406897,1
4,1,0.58391386,1
4,1,0.8541127,1
4,1,0.8413446,1
4,1,0.89408475,1
4,1,0.8671833,1
4,1,0.81255996,1
4,1,0.7711464,1
4,1,0.7181882,1
4,1,0.75068754,1
4,0,0.9433163,1
4,0,0.97348154,1
4,0,0.95437133,1
4,0,0.8660512,1
4,0,0.9292782,1
4,0,0.9374486,1
4,0,0.9464722,1
4,0,0.9681603,1
4,0,0.95765495,1
4,0,0.949683,1
4,0,0.9569957,1
4,0,0.9386696,1
4,0,0.93470913,1
4,0,0.85563684,1
4,0,0.8761174,1
4,0,0.92566055,1
4,0,0.84162503,1
4,0,0.99737823,1
4,0,0.5819188,1
4,0,0.94955564,1
4,0,0.9919912,1
4,1,0.750291,1
4,1,0.7253725,1
4,1,0.8178151,1
4,1,0.7903228,1
4,1,0.70666367,1
4,1,0.7466753,1
4,1,0.6041516,1
4,1,0.89668274,1
4,1,0.9866492,1
4,1,0.98324734,1
4,1,0.96641845,1
4,1,0.9675437,1
4,1,0.93987966,1
4,1,0.9601406,1
4,1,0.8820944,1
4,1,0.76960796,1
4,1,0.56176937,1
4,1,0.94223344,1
4,1,0.9667427,1
4,1,0.96419674,1
4,1,0.9347226,1
4,1,0.9376745,1
4,1,0.9174788,1
4,1,0.95075184,1
4,1,0.94829285,1
4,1,0.9715394,1
4,1,0.9697295,1
4,1,0.95612234,1
4,1,0.96683407,1
4,1,0.9381323,1
4,1,0.9583559,1
4,1,0.82738084,1
4,1,0.5929352,1
4,1,0.61059636,1
4,1,0.4590118,0
4,1,0.5164127,1
4,1,0.5305961,1
4,1,0.69722295,1
4,1,0.61815256,1
4,1,0.50237304,1
4,1,0.48202547,0
4,1,0.60873705,1
4,1,0.7270197,1
4,1,0.6305249,1
4,1,0.7705956,1
4,1,0.879105,1
4,1,0.9049303,1
4,1,0.8289569,1
4,1,0.91669726,1
4,1,0.90304005,1
4,1,0.93850654,1
4,1,0.81795126,1
4,1,0.946235,1
4,1,0.9309194,1
4,1,0.958371,1
4,1,0.97323257,1
4,1,0.91844416,1
4,1,0.78760576,1
4,1,0.9733087,1
4,1,0.9445948,1
4,1,0.91789216,1
4,1,0.98497564,1
4,1,0.9645239,1
4,1,0.9639047,1
4,1,0.9171333,1
4,1,0.8788383,1
4,1,0.8837529,1
4,1,0.8851454,1
4,1,0.9155435,1
4,1,0.968617,1
4,1,0.97814083,1
4,1,0.9657552,1
4,1,0.9448166,1
4,1,0.9640158,1
4,1,0.9749517,1
4,1,0.97555226,1
4,1,0.94801605,1
4,1,0.9476807,1
4,1,0.97828466,1
4,1,0.9749737,1
4,1,0.96240866,1
4,1,0.97019154,1
4,1,0.97544676,1
4,1,0.96758413,1
4,1,0.9656101,1
4,1,0.9432636,1
4,1,0.96719944,1
4,0,0.78617585,1
4,0,0.8014576,1
4,0,0.9520406,1
4,0,0.8160365,1
4,0,0.78354007,1
4,0,0.71705306,1
4,0,0.77239674,1
4,0,0.9199106,1
4,0,0.76653475,1
4,0,0.8633907,1
4,0,0.75028193,1
4,0,0.665425,1
4,0,0.477565,0
4,0,0.61121076,1
4,0,0.562103,1
4,0,0.51010495,1
4,0,0.5796679,1
4,0,0.9438028,1
4,0,0.9184977,1
4,0,0.86806536,1
4,0,0.82204306,1
4,0,0.8590502,1
4,0,0.8322217,1
4,0,0.71315926,1
4,0,0.65394205,1
4,0,0.6786733,1
4,0,0.8024744,1
4,0,0.91949946,1
4,0,0.88788813,1
4,0,0.8947155,1
4,0,0.8473351,1
4,0,0.6532395,1
4,0,0.4142976,0
4,0,0.6701088,1
4,0,0.5535233,1
4,0,0.92558914,1
4,0,0.8021509,1
4,0,0.7081362,1
4,0,0.86950743,1
4,0,0.81986135,1
4,0,0.8518206,1
4,0,0.6926269,1
4,0,0.5300364,1
4,0,0.6339914,1
4,0,0.794231,1
4,0,0.85957474,1
4,0,0.86523044,1
4,0,0.79895145,1
4,0,0.8793682,1
4,0,0.94844025,1
4,0,0.92326635,1
4,0,0.91864765,1
4,0,0.705251,1
4,0,0.8883198,1
4,0,0.77965164,1
4,0,0.94071376,1
4,0,0.48158148,0
4,0,0.77251375,1
4,0,0.54871184,1
4,0,0.66714734,1
4,0,0.7309418,1
4,0,0.86458737,1
4,0,0.80015826,1
4,0,0.8945168,1
4,0,0.9280364,1
4,0,0.6968325,1
4,0,0.89183044,1
4,0,0.6533957,1
4,0,0.77564913,1
4,0,0.6045135,1
4,0,0.61425537,1
4,0,0.45483235,0
4,0,0.84360355,1
4,0,0.8533241,1
4,0,0.8496197,1
4,0,0.77492994,1
4,0,0.88332283,1
4,0,0.54528004,1
4,0,0.523332,1
4,0,0.76239544,1
4,0,0.81258214,1
4,0,0.38403177,0
4,0,0.82460874,1
4,0,0.79016054,1
4,0,0.70252216,1
4,0,0.7661736,1
4,0,0.91793644,1
4,0,0.91111434,1
4,0,0.97685325,1
4,0,0.87497395,1
4,0,0.87452286,1
4,0,0.8830664,1
4,0,0.8439246,1
4,0,0.23428154,0
4,0,0.2807221,0
4,0,0.19741318,0
4,0,0.31343082,0
4,0,0.4222407,0
4,0,0.5576162,1
4,0,0.51243025,1
4,0,0.08388034,0
4,0,0.39740288,0
4,1,0.36849242,0
4,1,0.33653468,0
4,1,0.58309656,1
4,1,0.66388303,1
4,1,0.69380546,1
4,1,0.7623442,1
4,1,0.6026271,1
4,1,0.47266337,0
4,1,0.4452473,0
4,1,0.7850601,1
4,1,0.75525105,1
4,1,0.8042317,1
4,1,0.81562024,1
4,1,0.5534967,1
4,1,0.4400841,0
4,1,0.7331878,1
4,1,0.5227543,1
4,1,0.7682213,1
4,0,0.6257116,1
4,0,0.9014258,1
4,0,0.6127726,1
4,0,0.85002923,1
4,0,0.711819,1
4,0,0.81270784,1
4,0,0.79305506,1
4,0,0.39534163,0
4,0,0.7075348,1
4,0,0.5453103,1
4,0,0.646237,1
4,0,0.62675136,1
4,0,0.79743135,1
4,0,0.6357874,1
4,0,0.7261656,1
4,0,0.5233703,1
4,0,0.5530505,1
4,0,0.4608926,0
4,0,0.67761326,1
4,0,0.6143613,1
4,0,0.5050056,1
4,0,0.8325601,1
4,0,0.57180196,1
4,0,0.5536304,1
4,0,0.61860585,1
4,0,0.5769832,1
4,0,0.58454436,1
4,0,0.8944578,1
4,0,0.21872148,0
4,0,0.75349534,1
4,0,0.42989218,0
4,0,0.90973794,1
4,0,0.821157,1
4,0,0.8573511,1
4,0,0.96510005,1
4,0,0.93725723,1
4,1,0.95703596,1
4,1,0.81098646,1
4,1,0.9606622,1
4,1,0.97074383,1
4,1,0.9431805,1
4,1,0.91553295,1
4,1,0.91953945,1
4,1,0.94690377,1
4,1,0.92023414,1
4,1,0.8824828,1
4,1,0.56521595,1
4,1,0.9405334,1
4,1,0.83297175,1
4,1,0.6643266,1
4,1,0.8634891,1
4,1,0.19178379,0
4,1,0.47619197,0
4,1,0.7268621,1
4,1,0.3617411,0
4,1,0.82855964,1
4,1,0.7505196,1
4,1,0.6101455,1
4,1,0.52789885,1
4,1,0.7812036,1
4,1,0.6141881,1
4,1,0.68544734,1
4,1,0.779942,1
4,1,0.55203253,1
4,1,0.69816995,1
4,1,0.87279695,1
4,1,0.7870431,1
4,1,0.84525126,1
4,1,0.95618784,1
4,1,0.9353525,1
4,1,0.9374683,1
4,1,0.98230666,1
4,1,0.974872,1
4,1,0.951483,1
4,1,0.9594785,1
4,1,0.92489487,1
4,1,0.9132597,1
4,1,0.7338816,1
4,1,0.74922174,1
4,1,0.8521486,1
4,1,0.78404117,1
4,1,0.82204217,1
4,1,0.84190285,1
4,1,0.9535788,1
4,0,0.9422075,1
4,0,0.91705275,1
4,0,0.8637558,1
4,0,0.8962441,1
4,0,0.872282,1
4,0,0.9570399,1
4,0,0.97204876,1
4,0,0.93960655,1
4,0,0.8160346,1
4,0,0.48699638,0
4,0,0.8958664,1
4,0,0.8304767,1
4,0,0.8970362,1
4,0,0.76877534,1
4,0,0.61191285,1
4,0,0.71825784,1
4,0,0.9753337,1
4,0,0.99759275,1
4,0,0.9692405,1
4,0,0.8938596,1
4,0,0.96607167,1
4,0,0.9118201,1
4,0,0.86481905,1
4,0,0.94013107,1
4,0,0.75392187,1
4,0,0.42801172,0
4,0,0.87595356,1
4,0,0.95126516,1
4,0,0.9164615,1
4,0,0.9641062,1
4,0,0.96270734,1
4,0,0.8961687,1
4,0,0.95844066,1
4,0,0.92714727,1
4,0,0.6923633,1
4,0,0.99043906,1
4,0,0.941818,1
4,0,0.96188545,1
4,0,0.7681768,1
4,0,0.29188094,0
4,0,0.6829668,1
4,0,0.66946816,1
4,0,0.8072418,1
4,0,0.8705215,1
4,0,0.8138738,1
4,0,0.8414584,1
4,0,0.9276039,1
4,0,0.81213033,1
4,0,0.930936,1
4,0,0.8531752,1
4,0,0.9599208,1
4,0,0.9911719,1
4,0,0.96493506,1
4,0,0.830954,1
4,0,0.7398977,1
4,0,0.9342824,1
4,0,0.6876119,1
4,0,0.9562782,1
4,0,0.9562764,1
4,0,0.8656986,1
4,0,0.9925861,1
4,0,0.99203897,1
4,0,0.93024766,1
4,0,0.99332595,1
4,0,0.9684349,1
4,0,0.98021257,1
4,0,0.9947253,1
4,0,0.99455583,1
4,0,0.9852844,1
4,0,0.9774991,1
4,0,0.9405323,1
4,0,0.9747192,1
4,0,0.9573196,1
4,0,0.98477757,1
4,0,0.98315513,1
4,0,0.9869533,1
4,0,0.94074667,1
4,0,0.9904861,1
4,0,0.99815744,1
4,0,0.9981324,1
4,0,0.88428634,1
4,0,0.9705108,1
4,0,0.99252933,1
4,0,0.98341894,1
4,0,0.9090451,1
4,0,0.9767924,1
4,0,0.9833816,1
4,0,0.704639,1
4,0,0.8932899,1
4,0,0.8722222,1
4,0,0.9826963,1
4,0,0.9889515,1
4,0,0.9712801,1
4,0,0.91143084,1
4,0,0.92586577,1
4,0,0.91249186,1
4,0,0.7903481,1
4,0,0.9539185,1
4,0,0.8856753,1
4,0,0.9371656,1
4,0,0.94489014,1
4,0,0.9622851,1
4,0,0.9857143,1
4,0,0.9830238,1
4,0,0.96733385,1
4,0,0.96889603,1
4,0,0.98217183,1
4,0,0.9820857,1
4,0,0.85522467,1
4,0,0.96718395,1
4,0,0.93692887,1
4,0,0.9857296,1
4,0,0.9554984,1
4,0,0.98286784,1
4,0,0.9761546,1
4,0,0.98782754,1
4,0,0.98396194,1
4,0,0.9872569,1
4,0,0.9620004,1
4,0,0.9803237,1
4,0,0.9707597,1
4,0,0.9805084,1
4,0,0.97445685,1
4,0,0.97794044,1
4,0,0.97760826,1
4,0,0.96434414,1
4,0,0.9280006,1
4,0,0.9318954,1
4,0,0.8433148,1
4,0,0.9092616,1
4,0,0.9526278,1
4,0,0.9380433,1
4,1,0.8557993,1
4,1,0.94144076,1
4,1,0.96914905,1
4,1,0.9749663,1
4,1,0.9881854,1
4,1,0.98828864,1
4,1,0.97758603,1
4,1,0.99240994,1
4,1,0.9946596,1
4,1,0.99267817,1
4,1,0.995342,1
4,0,0.99493164,1
4,0,0.9930172,1
4,0,0.9836466,1
4,0,0.9905103,1
4,0,0.9948,1
4,0,0.9766377,1
4,0,0.9888821,1
4,0,0.94088984,1
4,0,0.98165476,1
4,0,0.99400467,1
4,0,0.9777143,1
4,0,0.9824354,1
4,0,0.9931733,1
4,0,0.99284875,1
4,1,0.9870688,1
4,1,0.9531484,1
4,1,0.9910204,1
4,1,0.9866152,1
4,1,0.9878614,1
4,1,0.940419,1
4,1,0.9557736,1
4,1,0.9268882,1
4,1,0.90644664,1
4,1,0.9192579,1
4,1,0.93015844,1
4,1,0.80476093,1
4,1,0.9684562,1
4,1,0.9849428,1
4,1,0.98081094,1
4,1,0.95473737,1
4,1,0.85368234,1
4,1,0.9882758,1
4,1,0.99318814,1
4,1,0.98066497,1
4,1,0.9653725,1
4,1,0.89307207,1
4,1,0.9920386,1
4,1,0.9894357,1
4,1,0.9651949,1
4,1,0.976147,1
4,1,0.93081015,1
4,1,0.98015815,1
4,1,0.9658527,1
4,1,0.13148905,0
4,1,0.1408673,0
4,1,0.091314495,0
4,1,0.32885787,0
4,1,0.18802477,0
4,1,0.18942936,0
4,1,0.43975794,0
4,1,0.34652075,0
4,1,0.30652544,0
4,1,0.2882419,0
4,1,0.11869749,0
4,1,0.27724585,0
4,1,0.30826616,0
4,1,0.48184973,0
4,1,0.61446565,1
4,1,0.508603,1
4,1,0.20543578,0
4,1,0.53111804,1
4,1,0.49514964,0
4,1,0.15244648,0
4,1,0.2534852,0
4,1,0.099423155,0
4,1,0.12380608,0
4,1,0.05193107,0
4,1,0.159732,0
4,1,0.16245504,0
4,1,0.22228007,0
4,1,0.19500667,0
4,1,0.18081443,0
4,1,0.15471001,0
4,1,0.21599315,0
4,1,0.6319915,1
4,1,0.54899496,1
4,1,0.2503661,0
4,1,0.39600864,0
4,1,0.12004527,0
4,1,0.15420844,0
4,1,0.026153263,0
4,1,0.3943215,0
4,1,0.17085749,0
4,1,0.66152143,1
4,1,0.16181582,0
4,1,0.34513047,0
4,1,0.45972636,0
4,1,0.28339428,0
4,1,0.49965498,0
4,1,0.7218452,1
4,1,0.047084883,0
4,1,0.08649714,0
4,1,0.13215226,0
4,1,0.13178192,0
4,1,0.23790567,0
4,1,0.39167225,0
4,1,0.09293019,0
4,1,0.04878295,0
4,1,0.16418077,0
4,1,0.87522864,1
4,1,0.7975214,1
4,1,0.43233085,0
4,1,0.9439469,1
4,1,0.8226295,1
4,1,0.9642901,1
4,1,0.92610437,1
4,1,0.97153497,1
4,1,0.94463485,1
4,1,0.94321895,1
4,1,0.85301054,1
4,1,0.94422585,1
4,1,0.8838443,1
4,1,0.17785065,0
4,1,0.15835239,0
4,1,0.37734878,0
4,1,0.25001675,0
4,1,0.21446535,0
4,1,0.28312272,0
4,1,0.29505888,0
4,1,0.20332272,0
4,1,0.95527166,1
4,1,0.77785087,1
4,1,0.67378706,1
4,1,0.8986056,1
4,1,0.7520231,1
4,1,0.8566961,1
4,1,0.6697692,1
4,1,0.75374585,1
4,1,0.89639837,1
4,1,0.81041443,1
4,1,0.6792763,1
4,0,0.82629704,1
4,0,0.8625244,1
4,0,0.9311902,1
4,0,0.86758363,1
4,0,0.85551286,1
4,0,0.9080845,1
4,0,0.89794457,1
4,0,0.8828268,1
4,0,0.8857128,1
4,0,0.8128386,1
4,0,0.87761974,1
4,0,0.8233591,1
4,0,0.8194118,1
4,1,0.497294,0
4,1,0.2648868,0
4,1,0.3760363,0
4,1,0.22515485,0
4,1,0.4815573,0
4,1,0.18327983,0
4,1,0.08623891,0
4,1,0.102279596,0
4,1,0.13226105,0
4,1,0.06403707,0
4,1,0.5066887,1
4,1,0.4916542,0
4,1,0.74271774,1
4,1,0.8822647,1
4,1,0.62871295,1
4,1,0.8946209,1
4,1,0.9093159,1
4,1,0.98731923,1
4,1,0.42727366,0
4,1,0.4708388,0
4,1,0.7944115,1
4,1,0.8490307,1
4,1,0.6734501,1
4,1,0.734186,1
4,1,0.8894904,1
4,1,0.796432,1
4,1,0.69988173,1
4,1,0.6507655,1
4,1,0.71486485,1
4,1,0.54266423,1
4,1,0.76932496,1
4,1,0.6711896,1
4,1,0.89377075,1
4,1,0.84906006,1
4,1,0.50964934,1
4,1,0.656814,1
4,1,0.31814805,0
4,1,0.34292546,0
4,1,0.90214646,1
4,1,0.52183926,1
4,1,0.49697676,0
4,1,0.5043997,1
4,1,0.41789928,0
4,1,0.259586,0
4,0,0.21615653,0
4,0,0.3816834,0
4,0,0.48170772,0
4,0,0.71025825,1
4,0,0.40887544,0
4,0,0.4870754,0
4,0,0.6417636,1
4,0,0.28107235,0
4,0,0.4865867,0
4,0,0.38238063,0
4,0,0.21507476,0
4,0,0.29338235,0
4,0,0.4806547,0
4,0,0.89384544,1
4,0,0.8991902,1
4,1,0.8453666,1
4,1,0.8780581,1
4,1,0.9271522,1
4,1,0.7826634,1
4,1,0.7729886,1
4,1,0.4868793,0
4,1,0.93633497,1
4,1,0.9243084,1
4,1,0.92943126,1
4,1,0.63962764,1
4,1,0.38084874,0
4,1,0.8153528,1
4,1,0.9599427,1
4,1,0.8100147,1
4,1,0.5392015,1
4,1,0.8090451,1
4,1,0.8970379,1
4,1,0.7299386,1
4,1,0.75156486,1
4,1,0.9106405,1
4,1,0.69100225,1
4,1,0.9029301,1
4,1,0.66302294,1
4,1,0.81007487,1
4,1,0.85385907,1
4,1,0.92594165,1
4,1,0.9469939,1
4,1,0.9341377,1
4,1,0.73015964,1
4,1,0.80340177,1
4,0,0.7363016,1
4,0,0.9431711,1
4,0,0.8729668,1
4,0,0.85555255,1
4,0,0.53979903,1
4,0,0.9517053,1
4,0,0.37309662,0
4,0,0.7795743,1
4,0,0.4620767,0
4,0,0.5790863,1
4,0,0.80213714,1
4,0,0.6525803,1
4,0,0.77116615,1
5,1,0.9359342,1
5,1,0.948231,1
5,1,0.949174,1
5,1,0.9331766,1
5,1,0.9290617,1
5,1,0.9563413,1
5,1,0.90708905,1
5,1,0.8447872,1
5,1,0.8829266,1
5,1,0.85805464,1
5,1,0.94356555,1
5,1,0.9514603,1
5,1,0.9569969,1
5,1,0.86632484,1
5,1,0.9510124,1
5,1,0.94865113,1
5,1,0.96216106,1
5,1,0.51103294,1
5,1,0.378093,0
5,1,0.7763953,1
5,1,0.5820646,1
5,1,0.5870535,1
5,1,0.6564509,1
5,1,0.7377066,1
5,1,0.519189,1
5,1,0.36826134,0
5,1,0.45887828,0
5,1,0.43889898,0
5,1,0.59011656,1
5,1,0.5118971,1
5,1,0.42747822,0
5,1,0.5057468,1
5,1,0.6223304,1
5,1,0.8050887,1
5,1,0.8945222,1
5,1,0.7128958,1
5,1,0.8036036,1
5,1,0.8899256,1
5,1,0.8171233,1
5,1,0.513309,1
5,1,0.7332032,1
5,1,0.8401776,1
5,1,0.81470525,1
5,1,0.5998836,1
5,1,0.47314775,0
5,1,0.7882356,1
5,1,0.23030692,0
5,1,0.56860894,1
5,1,0.6535805,1
5,1,0.4471396,0
5,1,0.6015901,1
5,1,0.48009747,0
5,1,0.4325719,0
5,1,0.40575013,0
5,1,0.49583805,0
5,1,0.5678952,1
5,1,0.43680474,0
5,1,0.6372321,1
5,1,0.15227427,0
5,1,0.43959737,0
5,1,0.5746131,1
5,1,0.6130293,1
5,1,0.4241058,0
5,1,0.30480358,0
5,1,0.6150213,1
5,1,0.8902111,1
5,1,0.023519889,0
5,1,0.14132626,0
5,1,0.7219397,1
5,1,0.41140088,0
5,1,0.23675595,0
5,1,0.10978728,0
5,1,0.14815648,0
5,1,0.046141464,0
5,1,0.073052116,0
5,1,0.033308707,0
5,1,0.03857171,0
5,0,0.30538103,0
5,0,0.29420882,0
5,0,0.4055157,0
5,0,0.4887146,0
5,0,0.5636511,1
5,0,0.45052716,0
5,0,0.37357286,0
5,0,0.4056903,0
5,0,0.32762182,0
5,0,0.3825942,0
5,0,0.42342615,0
5,0,0.43166423,0
5,0,0.5298279,1
5,0,0.5133726,1
5,0,0.569521,1
5,0,0.403088,0
5,0,0.3602474,0
5,0,0.56305844,1
5,0,0.5148051,1
5,0,0.49948558,0
5,0,0.45207703,0
5,0,0.2874448,0
5,0,0.2680581,0
5,0,0.599671,1
5,0,0.46716726,0
5,0,0.4485195,0
5,0,0.5280434,1
5,0,0.501731,1
5,0,0.670047,1
5,0,0.3427523,0
5,0,0.650857,1
5,0,0.5819874,1
5,0,0.5471518,1
5,0,0.6792916,1
5,0,0.6047778,1
5,0,0.50362575,1
5,0,0.5914509,1
5,0,0.4636405,0
5,0,0.4534632,0
5,0,0.51940954,1
5,0,0.47674325,0
5,0,0.69932157,1
5,0,0.49351498,0
5,0,0.73155224,1
5,0,0.5341039,1
5,0,0.66731083,1
5,0,0.6061071,1
5,0,0.57930887,1
5,0,0.5997903,1
5,0,0.8089709,1
5,0,0.37732476,0
5,0,0.31364506,0
5,0,0.59694576,1
5,0,0.5587756,1
5,0,0.44338274,0
5,0,0.717196,1
5,0,0.33072674,0
5,0,0.35009912,0
5,0,0.36307785,0
5,0,0.3885381,0
5,0,0.42210782,0
5,0,0.48689887,0
5,0,0.6005237,1
5,0,0.46581003,0
5,0,0.7483192,1
5,0,0.48891097,0
5,0,0.58142555,1
5,0,0.63029283,1
5,0,0.6082627,1
5,0,0.57022876,1
5,0,0.5965007,1
5,0,0.6089554,1
5,0,0.3794228,0
5,0,0.511686,1
5,0,0.46856403,0
5,0,0.72726536,1
5,0,0.39991853,0
5,0,0.609781,1
5,0,0.5124172,1
5,0,0.458624,0
5,0,0.48122486,0
5,0,0.5311111,1
5,0,0.41997543,0
5,0,0.45307526,0
5,0,0.47796658,0
5,1,0.3003514,0
5,1,0.53151125,1
5,1,0.50316894,1
5,1,0.4277868,0
5,1,0.5204617,1
5,1,0.6177276,1
5,1,0.6433569,1
5,1,0.63049763,1
5,1,0.5941985,1
5,1,0.36432284,0
5,1,0.60816455,1
5,1,0.5333822,1
5,1,0.5791233,1
5,1,0.38709942,0
5,1,0.35557997,0
5,1,0.20793393,0
5,1,0.5135889,1
5,1,0.36876568,0
5,1,0.42207974,0
5,1,0.4536942,0
5,1,0.37154263,0
5,1,0.17554098,0
5,1,0.63663024,1
5,1,0.62260735,1
5,1,0.75983423,1
5,1,0.7095495,1
5,1,0.67928994,1
5,1,0.675181,1
5,1,0.689629,1
5,1,0.74205,1
5,1,0.69900393,1
5,1,0.737124,1
5,1,0.73416203,1
5,1,0.57662445,1
5,1,0.5941197,1
5,1,0.66505444,1
5,1,0.7442863,1
5,1,0.2928229,0
5,1,0.5681876,1
5,1,0.6685477,1
5,1,0.47284067,0
5,1,0.47911352,0
5,1,0.6757378,1
5,1,0.42738748,0
5,1,0.3847744,0
5,1,0.57883686,1
5,1,0.55964047,1
5,1,0.52178985,1
5,1,0.20753065,0
5,1,0.48855436,0
5,1,0.53428763,1
5,1,0.36231512,0
5,1,0.42333397,0
5,1,0.47407404,0
5,1,0.5988569,1
5,1,0.34339732,0
5,1,0.4456142,0
5,1,0.47360814,0
5,1,0.47551602,0
5,1,0.37929252,0
5,1,0.46291125,0
5,1,0.34367448,0
5,1,0.30728638,0
5,1,0.26438782,0
5,1,0.4182929,0
5,1,0.35119772,0
5,1,0.12628338,0
5,1,0.6468506,1
5,1,0.571497,1
5,1,0.5371606,1
5,1,0.46697637,0
5,1,0.5546319,1
5,1,0.5362799,1
5,1,0.4965949,0
5,1,0.49002776,0
5,1,0.6427985,1
5,1,0.56573135,1
5,1,0.6572879,1
5,1,0.5693505,1
5,1,0.6764331,1
5,1,0.5031745,1
5,1,0.6755957,1
5,1,0.6052248,1
5,1,0.65824646,1
5,1,0.58822227,1
5,1,0.81959766,1
5,1,0.648246,1
5,1,0.43448028,0
5,1,0.40972078,0
5,1,0.5687764,1
5,1,0.45865637,0
5,1,0.3968718,0
5,1,0.69297224,1
5,1,0.4652473,0
5,1,0.53441423,1
5,1,0.59314996,1
5,1,0.59022367,1
5,1,0.6177783,1
5,1,0.6275142,1
5,1,0.5401063,1
5,1,0.53121984,1
5,1,0.37247157,0
5,1,0.5557714,1
5,1,0.43215016,0
5,1,0.50146645,1
5,1,0.9869348,1
5,1,0.9890919,1
5,1,0.98627067,1
5,1,0.98110926,1
5,1,0.985788,1
5,1,0.99482167,1
5,1,0.90468556,1
5,1,0.984594,1
5,1,0.98946464,1
5,1,0.9677899,1
5,1,0.42058396,0
5,1,0.45346314,0
5,1,0.5465538,1
5,1,0.61787754,1
5,1,0.6381833,1
5,1,0.4623929,0
5,1,0.5327212,1
5,0,0.6700801,1
5,0,0.9420962,1
5,0,0.97279686,1
5,0,0.97513956,1
5,0,0.9451741,1
5,0,0.9941895,1
5,0,0.9780928,1
5,0,0.99236673,1
5,0,0.9609382,1
5,0,0.9628922,1
5,0,0.97810227,1
5,0,0.985999,1
5,0,0.94399536,1
5,0,0.9706597,1
5,0,0.91000086,1
5,0,0.99162334,1
5,0,0.9674595,1
5,0,0.96103233,1
5,0,0.9629395,1
5,0,0.91475034,1
5,0,0.9389681,1
5,0,0.9223215,1
5,0,0.9033085,1
5,0,0.97019726,1
5,0,0.87224257,1
5,0,0.62895435,1
5,1,0.8797433,1
5,1,0.5147634,1
5,1,0.3943043,0
5,1,0.8805486,1
5,1,0.6929722,1
5,1,0.5868544,1
5,1,0.43945777,0
5,1,0.8639281,1
5,1,0.68562627,1
5,1,0.32381243,0
5,1,0.64175606,1
5,1,0.55820036,1
5,1,0.6948547,1
5,1,0.7088222,1
5,1,0.54955727,1
5,1,0.64278716,1
5,1,0.5522302,1
5,1,0.29327935,0
5,1,0.2920537,0
5,1,0.23886529,0
5,1,0.2112113,0
5,1,0.311954,0
5,1,0.428546,0
5,1,0.28004026,0
5,1,0.5012693,1
5,1,0.31940234,0
5,1,0.2797007,0
5,1,0.5530669,1
5,1,0.34415948,0
5,1,0.32189968,0
5,1,0.4546242,0
5,1,0.7378165,1
5,1,0.78792775,1
5,1,0.84767175,1
5,1,0.7832188,1
5,1,0.738424,1
5,1,0.74495786,1
5,1,0.7757094,1
5,1,0.56807345,1
5,1,0.87946296,1
5,1,0.7040312,1
5,1,0.63350356,1
5,1,0.56423134,1
5,0,0.63186896,1
5,0,0.7079153,1
5,0,0.6156584,1
5,0,0.71627516,1
5,0,0.63951504,1
5,0,0.7677252,1
5,0,0.64331007,1
5,0,0.6387429,1
5,0,0.5473218,1
5,0,0.6544232,1
5,0,0.49744436,0
5,0,0.5956138,1
5,0,0.6162092,1
5,0,0.6408958,1
5,0,0.59485346,1
5,0,0.58580613,1
5,0,0.5972458,1
5,0,0.77496564,1
5,0,0.8183054,1
5,0,0.75333613,1
5,0,0.6419162,1
5,0,0.55798835,1
5,0,0.69667584,1
5,0,0.6597564,1
5,0,0.65446377,1
5,1,0.8061433,1
5,1,0.62637746,1
5,1,0.6439743,1
5,1,0.728477,1
5,1,0.7290591,1
5,1,0.6839728,1
5,1,0.72512966,1
5,1,0.6579263,1
5,1,0.49591482,0
5,1,0.65717113,1
5,1,0.7254558,1
5,1,0.78920275,1
5,1,0.7262359,1
5,1,0.5655749,1
5,1,0.60289764,1
5,1,0.57294506,1
5,1,0.37584028,0
5,1,0.5399991,1
5,0,0.7003362,1
5,0,0.6719874,1
5,0,0.7613546,1
5,0,0.58924264,1
5,0,0.505638,1
5,0,0.6594814,1
5,0,0.72601736,1
5,0,0.7410977,1
5,0,0.58388615,1
5,0,0.32229778,0
5,0,0.2715008,0
5,0,0.20957775,0
5,0,0.42387292,0
5,0,0.33332998,0
5,0,0.6847648,1
5,0,0.44695604,0
5,0,0.5074962,1
5,0,0.36132145,0
5,0,0.08414227,0
5,0,0.2855977,0
5,0,0.24298291,0
5,0,0.37517086,0
5,0,0.21210799,0
5,0,0.25190118,0
5,0,0.37883314,0
5,0,0.2772545,0
5,0,0.30036262,0
5,0,0.10573551,0
5,0,0.27224615,0
5,0,0.15931784,0
5,0,0.864097,1
5,0,0.31125322,0
5,0,0.05610784,0
5,0,0.043451168,0
5,0,0.054477394,0
5,0,0.2717177,0
5,0,0.17270635,0
5,0,0.3925192,0
5,0,0.13268065,0
5,0,0.109373674,0
5,0,0.12946987,0
5,0,0.16806616,0
5,0,0.086774155,0
5,0,0.12697828,0
5,0,0.08750484,0
5,0,0.14132622,0
5,0,0.0971228,0
5,0,0.070106484,0
5,0,0.16193686,0
5,0,0.44621262,0
5,0,0.23530926,0
5,0,0.31705347,0
5,0,0.30247074,0
5,0,0.37399864,0
5,0,0.4720595,0
5,0,0.45416856,0
5,0,0.45887333,0
5,0,0.5456473,1
5,0,0.32790664,0
5,0,0.2847817,0
5,0,0.074934,0
5,0,0.513197,1
5,0,0.47331047,0
5,0,0.3661025,0
5,0,0.41066778,0
5,0,0.4653101,0
5,0,0.31161466,0
5,0,0.36133504,0
5,0,0.41798237,0
5,0,0.4945465,0
5,0,0.64318633,1
5,0,0.68596303,1
5,0,0.49431875,0
5,0,0.7300991,1
5,0,0.61612433,1
5,0,0.65246755,1
5,0,0.5341688,1
5,0,0.30461386,0
5,0,0.4165332,0
5,0,0.41125572,0
5,0,0.57959276,1
5,0,0.46759698,0
5,0,0.7085515,1
5,0,0.71024317,1
5,0,0.7832648,1
5,0,0.73954064,1
5,0,0.9228506,1
5,0,0.7760626,1
5,0,0.6250856,1
5,0,0.61179423,1
5,0,0.82008344,1
5,0,0.83991617,1
5,0,0.69396687,1
5,0,0.78122103,1
5,0,0.7893234,1
5,0,0.7695335,1
5,0,0.8390407,1
5,0,0.7680401,1
5,0,0.64693266,1
5,0,0.6802122,1
5,0,0.65440917,1
5,0,0.6833015,1
5,0,0.622412,1
5,0,0.69229174,1
5,0,0.52842146,1
5,0,0.57936275,1
5,0,0.64118725,1
5,0,0.80906254,1
5,0,0.59800965,1
5,0,0.24807988,0
5,0,0.22705308,0
5,0,0.44324443,0
5,0,0.7094805,1
5,0,0.8886156,1
5,0,0.8127105,1
5,0,0.32084465,0
5,0,0.67135113,1
5,0,0.89396966,1
5,0,0.6003784,1
5,0,0.74469864,1
5,0,0.6918859,1
5,0,0.37251124,0
5,0,0.64561635,1
5,0,0.7203273,1
5,0,0.6681627,1
5,0,0.68144566,1
5,0,0.72458327,1
5,0,0.5035378,1
5,0,0.7061567,1
5,0,0.6226265,1
5,0,0.59285736,1
5,0,0.46463764,0
5,0,0.67680526,1
5,0,0.9254263,1
5,0,0.7394804,1
5,0,0.85052156,1
5,0,0.6971009,1
5,0,0.81974393,1
5,0,0.8910948,1
5,0,0.44701433,0
5,0,0.8165835,1
5,0,0.96726793,1
5,0,0.8690511,1
5,0,0.7324576,1
5,0,0.56558037,1
5,0,0.6935572,1
5,0,0.81579906,1
5,0,0.8749262,1
5,0,0.79309946,1
5,0,0.49041206,0
5,0,0.48747268,0
5,0,0.6214869,1
5,0,0.73090434,1
5,0,0.579943,1
5,0,0.5877448,1
5,0,0.3799956,0
5,0,0.6545047,1
5,0,0.21741791,0
5,0,0.63899297,1
5,0,0.33904195,0
5,0,0.6383596,1
5,0,0.4582969,0
5,0,0.76893854,1
5,0,0.58044904,1
5,0,0.71550745,1
5,0,0.56050795,1
5,0,0.6067249,1
5,0,0.7095588,1
5,0,0.650851,1
5,0,0.65815735,1
5,0,0.5550984,1
5,0,0.6603441,1
5,0,0.68478775,1
5,0,0.7919431,1
5,0,0.6396507,1
5,1,0.818287,1
5,1,0.77170235,1
5,1,0.8823394,1
5,1,0.86810213,1
5,1,0.87156993,1
5,1,0.77298874,1
5,1,0.8750926,1
5,1,0.6700878,1
5,1,0.7725604,1
5,1,0.7330301,1
5,1,0.48770833,0
5,1,0.8823365,1
5,1,0.6845227,1
5,1,0.91681874,1
5,1,0.8393273,1
5,1,0.933224,1
5,1,0.8958242,1
5,1,0.08336025,0
5,1,0.16050722,0
5,1,0.073170505,0
5,1,0.11387887,0
5,1,0.08639565,0
5,1,0.09578105,0
5,1,0.100813895,0
5,1,0.140506,0
5,1,0.17190188,0
5,1,0.21374196,0
5,1,0.29166248,0
5,1,0.3954879,0
5,1,0.24975626,0
5,1,0.22202517,0
5,1,0.37507302,0
5,1,0.14507607,0
5,1,0.08999377,0
5,1,0.12082588,0
5,1,0.22263102,0
5,1,0.14138906,0
5,1,0.1296555,0
5,1,0.08416296,0
5,1,0.15913074,0
5,1,0.061729684,0
5,1,0.08896299,0
5,1,0.089354366,0
5,1,0.13403514,0
5,1,0.111351095,0
5,1,0.28133422,0
5,1,0.15646322,0
5,1,0.16672297,0
5,1,0.08950378,0
5,1,0.13549253,0
5,1,0.13845158,0
5,1,0.11203398,0
5,1,0.077621475,0
5,1,0.20216902,0
5,1,0.04789543,0
5,1,0.09036566,0
5,1,0.085831195,0
5,1,0.12558359,0
5,1,0.097999424,0
5,1,0.06643721,0
5,1,0.094548136,0
5,1,0.09717742,0
5,1,0.33659136,0
5,1,0.22132805,0
5,1,0.21522072,0
5,1,0.17573322,0
5,1,0.09095366,0
5,1,0.18635666,0
5,1,0.061421618,0
5,1,0.110513784,0
5,1,0.18423605,0
5,1,0.15193863,0
5,1,0.1840877,0
5,1,0.23631984,0
5,1,0.19769582,0
5,1,0.1516378,0
5,1,0.21447901,0
5,1,0.17482257,0
5,1,0.14602874,0
5,1,0.099591926,0
5,1,0.18433571,0
5,1,0.12405068,0
5,1,0.10218218,0
5,1,0.11129227,0
5,1,0.09525061,0
5,1,0.123395644,0
5,1,0.07843143,0
5,1,0.09587537,0
5,1,0.102693975,0
5,1,0.076218836,0
5,1,0.09343459,0
5,1,0.18369892,0
5,1,0.060639627,0
5,1,0.096151225,0
5,1,0.24182111,0
5,1,0.068344176,0
5,1,0.122130424,0
5,1,0.06564016,0
5,1,0.064096294,0
5,1,0.13804616,0
5,1,0.13412416,0
5,1,0.15781817,0
5,1,0.12476403,0
5,1,0.11347925,0
5,1,0.15147263,0
5,1,0.102026306,0
5,1,0.072102085,0
5,1,0.12870052,0
5,1,0.072157994,0
5,1,0.120610304,0
5,1,0.061448477,0
5,1,0.12499628,0
5,1,0.09913128,0
5,1,0.07097333,0
5,1,0.083765246,0
5,1,0.08884461,0
5,1,0.056443974,0
5,1,0.11955545,0
5,1,0.22146831,0
5,1,0.15308201,0
5,1,0.14763843,0
5,1,0.13594835,0
5,1,0.10598203,0
5,1,0.14482678,0
5,1,0.13493095,0
5,1,0.17573203,0
5,1,0.1774695,0
5,1,0.27766082,0
5,1,0.20623435,0
5,1,0.11878562,0
5,1,0.2529368,0
5,1,0.12573545,0
5,1,0.23538895,0
5,1,0.21926492,0
5,1,0.1731526,0
5,1,0.10188402,0
5,1,0.124953814,0
5,1,0.39511806,0
5,1,0.36307746,0
5,1,0.8648295,1
5,1,0.77719647,1
5,1,0.369077,0
5,1,0.35471278,0
5,1,0.5085758,1
5,1,0.7474274,1
5,1,0.7395801,1
5,1,0.7027378,1
5,1,0.52250767,1
5,1,0.76663965,1
5,1,0.8226845,1
5,1,0.566918,1
5,1,0.33458823,0
5,1,0.39773783,0
5,1,0.5970484,1
5,1,0.6084138,1
5,1,0.7522868,1
5,1,0.73942995,1
5,1,0.6336702,1
5,1,0.641061,1
5,1,0.6947801,1
5,1,0.50908554,1
5,1,0.560992,1
5,1,0.5075206,1
5,1,0.664896,1
5,1,0.45807767,0
5,1,0.2807766,0
5,1,0.30691147,0
5,1,0.70681703,1
5,1,0.37649223,0
5,1,0.6306707,1
5,1,0.84295166,1
5,1,0.8759547,1
5,1,0.9480084,1
5,1,0.83114785,1
5,1,0.56166047,1
5,1,0.8667463,1
5,1,0.5054138,1
5,1,0.7756259,1
5,1,0.53071755,1
5,1,0.6844594,1
5,1,0.73381555,1
5,1,0.748008,1
5,1,0.81231695,1
5,1,0.76271856,1
5,1,0.83590454,1
5,1,0.91561306,1
5,1,0.799417,1
5,1,0.9130913,1
5,1,0.94927806,1
5,1,0.9456588,1
5,1,0.94557756,1
5,1,0.90134424,1
5,1,0.96306133,1
5,1,0.9453444,1
5,1,0.99205846,1
5,1,0.9614922,1
5,1,0.89075124,1
5,1,0.97639,1
5,1,0.9200551,1
5,1,0.98894835,1
5,1,0.9197637,1
5,1,0.9149776,1
5,1,0.9301925,1
5,1,0.9046609,1
5,1,0.87448895,1
5,1,0.9016459,1
5,1,0.8124711,1
5,1,0.7651667,1
5,1,0.5580827,1
5,1,0.64006525,1
5,1,0.9141307,1
5,1,0.94380355,1
5,1,0.9488796,1
5,1,0.98351914,1
5,1,0.9787289,1
5,1,0.9699055,1
5,1,0.9301796,1
5,1,0.9519177,1
5,1,0.9149751,1
5,1,0.99417615,1
5,1,0.98371893,1
5,1,0.94954216,1
5,1,0.97049403,1
5,1,0.9785234,1
5,1,0.103943035,0
5,1,0.13243815,0
5,1,0.11868238,0
5,1,0.5497976,1
5,1,0.59591156,1
5,1,0.29028845,0
5,1,0.8326512,1
5,1,0.60555446,1
5,1,0.4699057,0
5,1,0.5237608,1
5,1,0.5530321,1
5,1,0.5004799,1
5,1,0.29261795,0
5,1,0.3520729,0
5,1,0.31338054,0
5,1,0.31771192,0
5,1,0.30829665,0
5,1,0.28188178,0
5,1,0.27480182,0
5,1,0.30009237,0
5,1,0.19159523,0
5,1,0.119530424,0
5,1,0.064792864,0
5,1,0.13688397,0
5,1,0.21170576,0
5,1,0.119012415,0
5,1,0.12735377,0
5,1,0.10470217,0
5,1,0.031026829,0
5,1,0.09882434,0
5,1,0.07592062,0
5,1,0.8940475,1
5,1,0.9923379,1
5,1,0.9875508,1
5,1,0.9386126,1
5,1,0.96337724,1
5,1,0.96655834,1
5,1,0.9319138,1
5,1,0.9764454,1
5,1,0.95124775,1
5,1,0.92431676,1
5,1,0.9522012,1
5,1,0.9498808,1
5,1,0.9682552,1
5,1,0.97795326,1
5,1,0.9683132,1
5,1,0.9698113,1
5,1,0.99035406,1
5,1,0.91615784,1
5,1,0.9824755,1
5,1,0.95609,1
5,1,0.9151003,1
5,1,0.9639572,1
5,1,0.9633251,1
5,1,0.94649863,1
5,1,0.9534953,1
5,1,0.96449393,1
5,1,0.81373054,1
5,1,0.92322594,1
5,1,0.90597194,1
5,1,0.87607706,1
5,1,0.80634093,1
5,1,0.9457136,1
5,1,0.72427416,1
5,1,0.9187849,1
5,1,0.7541189,1
5,1,0.75965726,1
5,1,0.8446736,1
5,1,0.9355536,1
5,1,0.91921943,1
5,1,0.8965626,1
5,1,0.9304994,1
5,1,0.9303953,1
5,1,0.9082683,1
5,1,0.8618555,1
5,1,0.654389,1
5,1,0.87625766,1
5,1,0.78145134,1
5,1,0.7905695,1
5,1,0.7482549,1
5,1,0.8748097,1
5,1,0.90032095,1
5,1,0.8079813,1
5,1,0.7036146,1
5,1,0.4193698,0
5,1,0.47574025,0
5,1,0.5850692,1
5,1,0.589127,1
5,1,0.56444246,1
5,1,0.7678751,1
5,1,0.73023474,1
5,1,0.81686246,1
5,1,0.8953182,1
5,1,0.8878336,1
5,1,0.94569194,1
5,1,0.9279094,1
5,1,0.86401075,1
5,1,0.8290938,1
5,1,0.87284654,1
5,1,0.6910948,1
5,1,0.86122555,1
5,1,0.5897298,1
5,1,0.54229975,1
5,1,0.75540274,1
5,1,0.8157543,1
5,1,0.840865,1
5,1,0.8449073,1
5,1,0.883159,1
5,1,0.867723,1
5,1,0.73521376,1
5,1,0.67599314,1
5,1,0.60698843,1
5,1,0.62721974,1
5,1,0.368528,0
5,1,0.4869123,0
5,1,0.54640293,1
5,1,0.8767996,1
5,1,0.82895184,1
5,1,0.8716933,1
5,1,0.9204056,1
5,1,0.29936817,0
5,1,0.553209,1
5,1,0.48317695,0
5,1,0.8520301,1
5,1,0.5191934,1
5,1,0.6587988,1
5,1,0.34428346,0
5,1,0.73553324,1
5,1,0.83468634,1
5,1,0.83572817,1
5,1,0.7352464,1
5,1,0.83760667,1
5,1,0.89325523,1
5,1,0.6567063,1
5,1,0.5516482,1
5,1,0.54202884,1
5,1,0.39955834,0
5,1,0.3982254,0
5,1,0.5447116,1
5,1,0.65302587,1
5,1,0.9067008,1
5,1,0.8810462,1
5,1,0.878147,1
5,1,0.9318235,1
5,1,0.17440818,0
5,1,0.6134255,1
5,1,0.36679193,0
5,1,0.8082004,1
5,1,0.44776362,0
5,1,0.6032368,1
5,1,0.3470965,0
5,1,0.79848635,1
5,1,0.8244765,1
5,1,0.8408839,1
5,1,0.9411461,1
5,1,0.896118,1
5,1,0.75058776,1
5,1,0.8855607,1
5,1,0.8629161,1
5,1,0.8213943,1
5,1,0.8871126,1
5,1,0.75604314,1
5,1,0.6107529,1
5,1,0.89752483,1
5,1,0.8986053,1
5,0,0.23362891,0
5,0,0.40317592,0
5,0,0.5416655,1
5,0,0.6409194,1
5,0,0.483288,0
5,0,0.6484201,1
5,0,0.5280755,1
5,0,0.39409631,0
5,0,0.42572075,0
5,0,0.3297527,0
5,0,0.29279175,0
5,0,0.31538022,0
5,0,0.27542463,0
5,0,0.21620339,0
5,0,0.47332177,0
5,0,0.5142895,1
5,0,0.6038899,1
5,0,0.29975617,0
5,0,0.544242,1
5,0,0.4371988,0
5,0,0.7646001,1
5,0,0.7090574,1
5,0,0.7894351,1
5,0,0.69713265,1
5,0,0.6821851,1
5,0,0.6892304,1
5,0,0.8075835,1
5,0,0.7376508,1
5,0,0.5700425,1
5,0,0.5004705,1
5,0,0.54510075,1
5,0,0.69894004,1
5,0,0.48504928,0
5,0,0.55282044,1
5,0,0.62041867,1
5,0,0.7100004,1
5,1,0.6098659,1
5,1,0.6224682,1
5,1,0.7189767,1
5,1,0.5159304,1
5,1,0.7226907,1
5,1,0.63611114,1
5,1,0.7121084,1
5,1,0.8219911,1
5,1,0.5713355,1
5,0,0.64218014,1
5,0,0.61487293,1
5,0,0.57275105,1
5,0,0.5797369,1
5,0,0.47753966,0
5,0,0.48779777,0
5,0,0.58431226,1
5,0,0.4496577,0
5,0,0.5904671,1
5,0,0.48621035,0
5,0,0.5703948,1
5,0,0.6933314,1
5,0,0.49287608,0
5,0,0.52282965,1
5,0,0.5548834,1
5,0,0.52254784,1
5,0,0.45227766,0
5,0,0.43379256,0
5,0,0.6566165,1
5,1,0.97038907,1
5,1,0.9810028,1
5,1,0.95373124,1
5,1,0.9668018,1
5,1,0.9672926,1
5,1,0.97404546,1
5,1,0.9552423,1
5,1,0.9095072,1
5,1,0.93738323,1
5,1,0.96681166,1
5,1,0.9704198,1
5,1,0.9692429,1
5,1,0.9800789,1
5,1,0.9864622,1
5,1,0.9683713,1
5,1,0.9634083,1
5,1,0.9817888,1
5,1,0.9902075,1
5,1,0.23529367,0
5,1,0.24797563,0
5,1,0.35013315,0
5,1,0.43155053,0
5,1,0.3098953,0
5,1,0.39984417,0
5,1,0.32860452,0
5,1,0.24422352,0
5,1,0.22994553,0
5,1,0.1661041,0
5,1,0.42560062,0
5,1,0.25463954,0
5,1,0.28334424,0
5,1,0.30483368,0
5,1,0.24657065,0
5,1,0.33663732,0
5,1,0.16810788,0
5,1,0.4537766,0
5,1,0.45338833,0
5,1,0.5261622,1
5,1,0.57752854,1
5,1,0.5918583,1
5,1,0.34778994,0
5,1,0.51753014,1
5,1,0.46029156,0
5,1,0.5948714,1
5,1,0.35492566,0
5,1,0.31298777,0
5,1,0.44427642,0
5,0,0.7324462,1
5,0,0.676954,1
5,0,0.7047802,1
5,0,0.64336103,1
5,0,0.8139738,1
5,0,0.7874973,1
5,0,0.74815494,1
5,0,0.84956783,1
5,0,0.8894216,1
5,0,0.83016324,1
5,0,0.80044687,1
5,0,0.3244346,0
5,0,0.22797002,0
5,0,0.22174475,0
5,0,0.29543856,0
5,0,0.3428747,0
5,0,0.65265596,1
5,0,0.20666374,0
5,0,0.88994044,1
5,0,0.3441735,0
5,0,0.8143757,1
5,0,0.51770335,1
5,0,0.49802825,0
5,0,0.56880856,1
5,0,0.6739726,1
5,0,0.64581287,1
5,0,0.7673063,1
5,0,0.62325174,1
5,0,0.71123964,1
5,0,0.49428004,0
5,0,0.46532473,0
5,0,0.5314805,1
5,0,0.7203257,1
5,0,0.6499421,1
5,0,0.61764777,1
5,0,0.6534836,1
5,0,0.57679725,1
5,0,0.62590426,1
5,0,0.7751348,1
5,0,0.47906032,0
5,0,0.7517438,1
5,0,0.78202844,1
5,0,0.55358213,1
5,0,0.80266434,1
5,0,0.68845636,1
5,0,0.75720394,1
5,0,0.42067215,0
5,0,0.60874915,1
5,0,0.568929,1
5,0,0.8709575,1
5,0,0.44244277,0
5,0,0.55131,1
5,0,0.6183755,1
5,0,0.6269295,1
5,0,0.71294165,1
5,0,0.6163352,1
5,0,0.879071,1
5,0,0.85940725,1
5,0,0.8801064,1
5,0,0.8080531,1
5,0,0.7528713,1
5,0,0.7438848,1
5,0,0.6876197,1
5,0,0.76516354,1
5,0,0.69006467,1
5,0,0.73933214,1
5,0,0.7177019,1
5,0,0.8105165,1
5,0,0.8942788,1
5,0,0.87719876,1
5,0,0.67942286,1
5,0,0.7305836,1
5,0,0.6510391,1
5,0,0.76193523,1
5,0,0.7651637,1
5,0,0.88200134,1
5,0,0.88907874,1
5,0,0.77462345,1
5,0,0.7425472,1
5,0,0.55704826,1
5,0,0.7702855,1
5,0,0.83032227,1
5,0,0.59733814,1
5,0,0.8158632,1
5,0,0.4297191,0
5,0,0.41846275,0
5,0,0.6257047,1
5,0,0.7191703,1
5,0,0.55692536,1
5,0,0.6990531,1
5,0,0.454706,0
5,0,0.3104645,0
5,0,0.6649866,1
5,0,0.34813648,0
5,0,0.5393565,1
5,0,0.45713246,0
5,0,0.21687774,0
5,0,0.50077486,1
5,0,0.49369732,0
5,0,0.5421801,1
5,0,0.8806762,1
5,0,0.75775737,1
5,0,0.92298913,1
5,0,0.92565554,1
5,0,0.8446656,1
5,0,0.8632146,1
5,0,0.8311073,1
5,0,0.5715434,1
5,0,0.8418496,1
5,0,0.5414085,1
5,0,0.49212068,0
5,0,0.5619481,1
5,0,0.73706234,1
5,0,0.7317242,1
5,0,0.52172095,1
5,0,0.7094396,1
5,0,0.54071736,1
5,0,0.7472789,1
5,0,0.6532274,1
5,0,0.7372185,1
5,0,0.8696921,1
5,0,0.60399085,1
5,0,0.66556054,1
5,0,0.30125317,0
5,0,0.19707933,0
5,0,0.56531024,1
5,0,0.25403598,0
5,0,0.5770908,1
5,0,0.33061853,0
5,0,0.7287098,1
5,0,0.28224793,0
5,0,0.8976691,1
5,0,0.872768,1
5,0,0.26083246,0
5,0,0.43584996,0
5,0,0.89288753,1
5,0,0.4107197,0
5,0,0.72796607,1
5,0,0.58402425,1
5,0,0.6509832,1
5,0,0.27372,0
5,0,0.61329496,1
5,0,0.32287124,0
5,0,0.8659589,1
5,0,0.7576305,1
5,0,0.6740761,1
5,0,0.5374537,1
5,0,0.6356798,1
5,0,0.66438705,1
5,0,0.7158928,1
5,0,0.6964621,1
5,0,0.60088944,1
5,0,0.72494316,1
5,0,0.6311166,1
5,0,0.79376215,1
5,0,0.52752256,1
5,0,0.7423977,1
5,0,0.89306813,1
5,0,0.38564202,0
5,0,0.54170585,1
5,0,0.48821643,0
5,0,0.3382793,0
5,0,0.6744812,1
5,0,0.42745966,0
5,0,0.45930934,0
5,0,0.22713014,0
5,0,0.83726597,1
5,0,0.20925573,0
5,0,0.8815075,1
5,0,0.83923227,1
5,0,0.8794842,1
5,0,0.9168648,1
5,0,0.92723346,1
5,0,0.9048882,1
5,0,0.9659196,1
5,0,0.9130231,1
5,0,0.90293556,1
5,0,0.9597817,1
5,0,0.9212126,1
5,0,0.9752289,1
5,0,0.94907033,1
5,0,0.9950052,1
5,0,0.9726811,1
5,0,0.9790406,1
5,0,0.96891856,1
5,0,0.9781723,1
5,0,0.89559925,1
5,0,0.90773785,1
5,0,0.9757386,1
5,0,0.99272513,1
5,0,0.90863544,1
5,0,0.9801528,1
5,0,0.9480202,1
5,0,0.98170704,1
5,0,0.9734928,1
5,0,0.960877,1
5,0,0.93539536,1
5,0,0.94636095,1
5,0,0.97668785,1
5,0,0.8957914,1
5,0,0.96890265,1
5,0,0.977598,1
5,0,0.97972965,1
5,0,0.9647455,1
5,0,0.99373513,1
5,0,0.9880113,1
5,0,0.9051706,1
5,0,0.97486556,1
5,0,0.98945296,1
5,0,0.91561025,1
5,0,0.9554606,1
5,0,0.9221336,1
5,0,0.9666494,1
5,0,0.6728301,1
5,0,0.90172297,1
5,0,0.9220897,1
5,0,0.7970116,1
5,0,0.8214937,1
5,0,0.7543947,1
5,0,0.78116846,1
5,0,0.7097756,1
5,0,0.7387831,1
5,0,0.8610105,1
5,0,0.61924994,1
5,0,0.7864306,1
5,0,0.6907117,1
5,0,0.7485635,1
5,0,0.7100133,1
5,0,0.9818916,1
5,0,0.9579795,1
5,0,0.9681206,1
5,0,0.99535984,1
5,0,0.96986604,1
5,0,0.9816337,1
5,0,0.97583234,1
5,0,0.9677509,1
5,0,0.88917595,1
5,0,0.97625923,1
5,0,0.97092336,1
5,0,0.90483356,1
5,0,0.9534804,1
5,0,0.9540201,1
5,0,0.9424878,1
5,0,0.94680244,1
5,0,0.9513222,1
5,0,0.85516816,1
5,0,0.93420494,1
5,0,0.9534716,1
5,0,0.840836,1
5,0,0.95725137,1
5,0,0.9771543,1
5,0,0.74068344,1
5,0,0.63604194,1
5,0,0.4965786,0
5,0,0.7460271,1
5,0,0.25100863,0
5,0,0.8451415,1
5,0,0.927237,1
5,0,0.64907146,1
5,0,0.84351397,1
5,0,0.98939264,1
5,0,0.9489194,1
5,0,0.97897536,1
5,0,0.96414953,1
5,0,0.96890354,1
5,0,0.89018875,1
5,0,0.9686572,1
5,0,0.9841589,1
5,0,0.9862162,1
5,0,0.9970722,1
5,0,0.953181,1
5,0,0.99801326,1
5,0,0.9940309,1
5,0,0.99371994,1
5,0,0.9939786,1
5,0,0.92903847,1
5,1,0.99064064,1
5,1,0.99756014,1
5,1,0.95526356,1
5,1,0.99597484,1
5,1,0.9570932,1
5,1,0.94882655,1
5,1,0.9851997,1
5,1,0.99184495,1
5,1,0.9913696,1
5,0,0.99660647,1
5,0,0.9700201,1
5,0,0.9643864,1
5,0,0.97126836,1
5,0,0.8327619,1
5,0,0.8915364,1
5,0,0.7062594,1
5,0,0.80176336,1
5,0,0.64075136,1
5,0,0.49350727,0
5,0,0.94780767,1
5,0,0.9478606,1
5,0,0.8757615,1
5,0,0.930682,1
5,0,0.8966496,1
5,0,0.87568337,1
5,0,0.9181208,1
5,0,0.92097586,1
5,0,0.94097674,1
5,0,0.9452766,1
5,0,0.9634451,1
5,0,0.94635636,1
5,0,0.965154,1
5,0,0.984356,1
5,0,0.98300123,1
5,0,0.95856684,1
5,0,0.990076,1
5,0,0.96912396,1
5,0,0.954674,1
5,0,0.99630046,1
5,1,0.97195137,1
5,1,0.9656943,1
5,1,0.9813044,1
5,1,0.9878891,1
5,1,0.97745824,1
5,1,0.9010347,1
5,1,0.9927989,1
5,1,0.9964839,1
5,1,0.9945017,1
5,1,0.90356237,1
5,1,0.9896213,1
5,1,0.97028995,1
5,1,0.98803586,1
5,1,0.975271,1
5,0,0.9941051,1
5,0,0.97743523,1
5,0,0.9390661,1
5,0,0.8661872,1
5,0,0.9356602,1
5,0,0.9593055,1
5,0,0.98216724,1
5,0,0.981644,1
5,0,0.4154498,0
5,0,0.45081183,0
5,0,0.7264486,1
5,0,0.6088375,1
5,0,0.47001216,0
5,0,0.81131315,1
5,0,0.75419694,1
5,0,0.72672343,1
5,0,0.6253853,1
5,0,0.8480993,1
5,0,0.76048094,1
5,0,0.82874495,1
5,0,0.708923,1
5,0,0.77048725,1
5,0,0.705023,1
5,0,0.78603834,1
5,0,0.8390714,1
5,0,0.7261496,1
5,0,0.55985075,1
5,0,0.78297424,1
5,0,0.5171544,1
5,0,0.8281969,1
5,0,0.7160976,1
5,0,0.739918,1
5,0,0.6871104,1
5,0,0.6740303,1
5,0,0.855297,1
5,0,0.84281784,1
5,0,0.80496526,1
5,1,0.7977664,1
5,1,0.71090066,1
5,1,0.7973961,1
5,1,0.62403154,1
5,1,0.48548046,0
5,1,0.34202617,0
5,1,0.45962548,0
5,1,0.20358881,0
5,1,0.30235046,0
5,1,0.5024058,1
5,1,0.39442223,0
5,1,0.34988365,0
5,1,0.768215,1
5,1,0.6162004,1
5,1,0.5790681,1
5,1,0.38155794,0
5,1,0.4604468,0
5,1,0.66586757,1
5,1,0.58768874,1
5,1,0.6467127,1
5,0,0.47611076,0
5,0,0.6024039,1
5,0,0.73389804,1
5,0,0.72326195,1
5,0,0.7760384,1
5,0,0.8047491,1
5,0,0.7369356,1
5,0,0.8453984,1
5,0,0.85251355,1
5,0,0.68252134,1
5,0,0.68174535,1
5,0,0.6006746,1
5,0,0.6820479,1
5,0,0.62703335,1
5,0,0.74880147,1
5,0,0.7700812,1
5,0,0.7316452,1
5,0,0.67991877,1
5,0,0.5794482,1
5,0,0.5634866,1
5,0,0.65637565,1
5,0,0.7896049,1
5,0,0.6788119,1
5,0,0.5056834,1
5,0,0.6134507,1
5,0,0.48125404,0
5,0,0.7735903,1
5,0,0.7661012,1
5,0,0.85457087,1
5,0,0.8554233,1
5,0,0.6989088,1
5,0,0.71833575,1
5,0,0.7935482,1
5,0,0.78112954,1
5,0,0.86824167,1
5,0,0.6712362,1
5,0,0.7833643,1
5,0,0.66515505,1
5,0,0.62815434,1
5,0,0.81187606,1
5,0,0.8778105,1
5,0,0.82732666,1
5,0,0.84187883,1
5,0,0.7729058,1
5,0,0.8594122,1
5,0,0.8168118,1
5,0,0.7225281,1
5,0,0.80705917,1
5,0,0.7595408,1
5,0,0.79587746,1
5,0,0.8257889,1
5,0,0.80162567,1
5,0,0.74386364,1
5,0,0.71790045,1
5,0,0.9141284,1
5,0,0.80039227,1
5,0,0.7186176,1
5,0,0.89848554,1
5,0,0.8495974,1
5,0,0.64612734,1
5,0,0.6988106,1
5,0,0.40090457,0
5,0,0.6262027,1
5,0,0.4068968,0
5,0,0.5952248,1
5,0,0.44480276,0
5,0,0.32044703,0
5,0,0.5185563,1
5,1,0.5258116,1
5,1,0.4644215,0
5,1,0.4745251,0
5,1,0.28740105,0
5,1,0.39465353,0
5,1,0.66888696,1
5,1,0.36354533,0
5,1,0.3168941,0
5,1,0.70147353,1
5,1,0.84329003,1
5,1,0.7178523,1
5,1,0.71474713,1
5,1,0.8518595,1
5,1,0.73375916,1
5,1,0.78402126,1
5,1,0.70743793,1
5,1,0.8531216,1
5,1,0.8008771,1
5,1,0.8377492,1
5,1,0.66399926,1
5,1,0.71061426,1
5,1,0.7830557,1
5,1,0.79857266,1
5,1,0.4734306,0
5,1,0.6950705,1
5,0,0.20263064,0
5,0,0.44938534,0
5,0,0.5284457,1
5,0,0.5340804,1
5,0,0.3964113,0
5,0,0.6866037,1
5,0,0.49944872,0
5,0,0.34459624,0
5,0,0.29401013,0
5,0,0.3837045,0
5,0,0.3576727,0
5,0,0.20252608,0
5,0,0.17172527,0
5,0,0.20655033,0
5,1,0.45443714,0
5,1,0.6122676,1
5,1,0.48100507,0
5,1,0.3463137,0
5,1,0.5306905,1
5,1,0.4815083,0
5,1,0.7119851,1
5,1,0.41917142,0
5,1,0.44410166,0
5,1,0.6896587,1
5,1,0.6129289,1
5,1,0.40303797,0
5,1,0.78202975,1
5,0,0.7349836,1
5,0,0.69090706,1
5,0,0.6485637,1
5,0,0.79125464,1
5,0,0.7227974,1
5,0,0.8152414,1
5,0,0.6685858,1
5,0,0.6845266,1
5,0,0.77253765,1
5,0,0.6845151,1
5,0,0.7733668,1
5,0,0.83979106,1
5,0,0.7133939,1
5,0,0.55065703,1
5,0,0.7300858,1
5,0,0.73308796,1
5,0,0.74009,1
5,0,0.725796,1
5,0,0.8669144,1
5,0,0.8703613,1
5,0,0.8213017,1
5,0,0.7937046,1
5,0,0.70370626,1
5,0,0.8062987,1
5,0,0.6568644,1
5,0,0.539686,1
5,0,0.44123647,0
5,0,0.49440342,0
5,0,0.24142094,0
5,0,0.34403697,0
5,0,0.53112173,1
5,0,0.5044694,1
5,0,0.45061934,0
5,1,0.8194367,1
5,1,0.6753089,1
5,1,0.67589027,1
5,1,0.43080956,0
5,1,0.58744097,1
5,1,0.6868931,1
5,1,0.64465004,1
5,1,0.68480617,1
5,1,0.58762383,1
5,1,0.6426241,1
5,1,0.7678569,1
5,1,0.7431765,1
5,1,0.78482264,1
5,1,0.8433525,1
5,1,0.7606787,1
5,1,0.8566083,1
5,1,0.86627084,1
5,1,0.72280204,1
5,1,0.73506826,1
5,1,0.65369827,1
5,1,0.6978611,1
5,0,0.6484653,1
5,0,0.77329177,1
5,0,0.7838896,1
5,0,0.7508577,1
5,0,0.7164096,1
5,0,0.62675995,1
5,0,0.5943522,1
5,0,0.6747102,1
5,0,0.8084074,1
5,0,0.6822956,1
5,0,0.55462426,1
5,0,0.6336494,1
5,0,0.48965383,0
5,0,0.79262763,1
5,0,0.73927534,1
5,0,0.8314433,1
5,0,0.8541076,1
5,0,0.7607317,1
5,0,0.77084243,1
5,0,0.7882382,1
5,0,0.8106237,1
5,0,0.8645096,1
5,0,0.70281684,1
5,0,0.76870763,1
5,0,0.6541809,1
5,0,0.64272845,1
5,0,0.8227021,1
5,0,0.8677377,1
5,0,0.8025186,1
5,0,0.82492685,1
5,0,0.7421952,1
5,0,0.825389,1
5,0,0.8020328,1
5,0,0.68756354,1
5,0,0.79908323,1
5,0,0.7477868,1
5,0,0.79068094,1
5,0,0.7844521,1
5,0,0.6949645,1
5,0,0.8423612,1
5,1,0.6199764,1
5,1,0.70714444,1
5,1,0.50945956,1
5,1,0.6598236,1
5,1,0.40962827,0
5,1,0.41298395,0
5,1,0.476895,0
5,1,0.6019152,1
5,1,0.52378947,1
5,1,0.5943863,1
5,1,0.7296554,1
5,1,0.42728388,0
5,1,0.7149173,1
5,1,0.4377176,0
5,1,0.28269568,0
5,1,0.2748162,0
5,1,0.78183836,1
5,1,0.49135682,0
5,1,0.26579645,0
5,1,0.5591036,1
5,1,0.29790452,0
5,1,0.5725311,1
5,1,0.6754068,1
5,1,0.5826442,1
5,1,0.5642956,1
5,1,0.38360497,0
5,1,0.1524392,0
5,1,0.8167579,1
5,1,0.25184473,0
5,1,0.46128345,0
5,1,0.46012583,0
5,1,0.29557467,0
5,1,0.42132026,0
5,1,0.8316635,1
5,1,0.59654725,1
5,1,0.43963745,0
5,1,0.5625901,1
5,1,0.6193786,1
5,1,0.6841236,1
5,1,0.48963833,0
5,1,0.5618119,1
5,1,0.1905541,0
5,1,0.28856608,0
5,1,0.20323071,0
5,1,0.4862361,0
5,1,0.41418186,0
5,1,0.31866702,0
5,1,0.2600253,0
5,1,0.41507253,0
5,1,0.31339127,0
5,1,0.40508583,0
5,1,0.7720152,1
5,1,0.81674045,1
5,1,0.85265005,1
5,1,0.38821843,0
5,1,0.6249628,1
5,1,0.6614499,1
5,1,0.57358706,1
5,1,0.68629354,1
5,1,0.65414125,1
5,1,0.5513035,1
5,1,0.4562685,0
5,1,0.5904753,1
5,1,0.71623594,1
5,1,0.27381378,0
5,1,0.8046812,1
5,1,0.5037728,1
5,1,0.35518014,0
5,1,0.2607106,0
5,1,0.2336407,0
5,1,0.27611148,0
5,1,0.11786803,0
5,1,0.2875138,0
5,1,0.20620866,0
5,1,0.20608428,0
5,1,0.11430814,0
5,1,0.22242549,0
5,1,0.36959907,0
5,1,0.12196486,0
5,1,0.30828983,0
5,1,0.6802668,1
5,1,0.14044662,0
5,1,0.110717766,0
5,1,0.42090002,0
5,1,0.34879115,0
5,1,0.43075877,0
5,1,0.579826,1
5,1,0.33079827,0
5,1,0.92346627,1
5,1,0.8324897,1
5,1,0.7968643,1
5,1,0.5088657,1
5,1,0.57222503,1
5,1,0.6351705,1
5,1,0.72776335,1
5,1,0.7691858,1
5,1,0.5010983,1
5,1,0.47728118,0
5,1,0.9861261,1
5,1,0.9747174,1
5,1,0.97981346,1
5,1,0.97603214,1
5,1,0.9618837,1
5,1,0.97685367,1
5,1,0.9742468,1
5,1,0.9675753,1
5,1,0.9733007,1
5,1,0.9604784,1
5,1,0.98516464,1
5,1,0.987906,1
5,1,0.9789611,1
5,1,0.9823653,1
5,1,0.98342866,1
5,1,0.97613496,1
5,1,0.9805839,1
5,1,0.9617119,1
5,1,0.9864891,1
5,1,0.9860853,1
5,1,0.97501624,1
5,1,0.9675001,1
5,1,0.9834553,1
5,1,0.9928063,1
5,1,0.9575819,1
5,1,0.9838792,1
5,1,0.98641914,1
5,1,0.9857815,1
5,1,0.9880873,1
5,1,0.9886996,1
5,1,0.9842332,1
5,1,0.9875706,1
5,1,0.9891775,1
5,1,0.99098957,1
5,1,0.990816,1
5,0,0.32662356,0
5,0,0.4162204,0
5,0,0.61263967,1
5,0,0.5559998,1
5,0,0.5241141,1
5,0,0.64563024,1
5,0,0.53111815,1
5,0,0.6936247,1
5,0,0.5417352,1
5,0,0.5429771,1
5,0,0.62278575,1
5,0,0.69903994,1
5,0,0.5752561,1
5,0,0.7341068,1
5,0,0.6843249,1
5,0,0.66009897,1
5,0,0.44452986,0
5,0,0.7582484,1
5,0,0.7535348,1
5,0,0.7423696,1
5,0,0.646316,1
5,0,0.76145244,1
5,0,0.54069024,1
5,0,0.7998752,1
5,0,0.68597156,1
5,0,0.7709002,1
5,0,0.60658425,1
5,0,0.69243497,1
5,0,0.6611526,1
5,0,0.5505506,1
5,0,0.5702728,1
5,0,0.5820277,1
5,0,0.43699902,0
5,0,0.30091563,0
5,0,0.36362895,0
5,0,0.5759542,1
5,0,0.38724518,0
5,0,0.6230556,1
5,0,0.62968576,1
5,0,0.76905483,1
5,0,0.39516106,0
5,0,0.58667076,1
5,0,0.7829937,1
5,0,0.57368994,1
5,0,0.72121745,1
5,0,0.5813119,1
5,0,0.69583845,1
5,1,0.68006694,1
5,1,0.6831891,1
5,1,0.7684194,1
5,1,0.5752805,1
5,1,0.76742464,1
5,1,0.70234704,1
5,1,0.89434695,1
5,1,0.70889974,1
5,1,0.6404767,1
5,1,0.55861366,1
5,1,0.39075345,0
5,1,0.3798089,0
5,1,0.7576171,1
5,1,0.49015072,0
5,0,0.41225603,0
5,0,0.18123323,0
5,0,0.12548976,0
5,0,0.38685828,0
5,0,0.4754826,0
5,0,0.4137653,0
5,0,0.3843928,0
5,0,0.51180285,1
5,0,0.32618606,0
5,0,0.333688,0
5,0,0.58272225,1
5,0,0.723426,1
5,0,0.75655437,1
5,0,0.5329594,1
5,0,0.64548796,1
5,0,0.5615734,1
5,0,0.6949001,1
5,0,0.5952018,1
5,0,0.594588,1
5,0,0.65514547,1
5,0,0.8449098,1
5,0,0.77452976,1
5,0,0.53018284,1
5,0,0.643505,1
5,0,0.5521526,1
5,0,0.529369,1
5,0,0.421587,0
5,0,0.40310243,0
5,0,0.42093936,0
5,0,0.5461204,1
5,0,0.4892958,0
5,0,0.4764622,0
5,0,0.6351538,1
5,1,0.9448139,1
5,1,0.91838545,1
5,1,0.8635273,1
5,1,0.9676243,1
5,1,0.93910056,1
5,1,0.9514927,1
5,1,0.8994072,1
5,1,0.9427597,1
5,1,0.90516806,1
5,1,0.989542,1
5,1,0.95226717,1
5,1,0.9923321,1
5,1,0.9910431,1
5,1,0.96833503,1
5,1,0.88646543,1
5,1,0.97657406,1
5,1,0.95413834,1
5,1,0.95092016,1
5,1,0.5088487,1
5,1,0.2861887,0
5,1,0.27724424,0
5,1,0.26137093,0
5,1,0.12201102,0
5,1,0.4674998,0
5,1,0.59749544,1
5,1,0.22289045,0
5,1,0.09002234,0
5,0,0.2980638,0
5,0,0.36561567,0
5,0,0.16477877,0
5,0,0.23776367,0
5,0,0.2043289,0
5,0,0.2423788,0
5,0,0.28759965,0
5,0,0.28617468,0
5,0,0.30722818,0
5,0,0.28002757,0
5,1,0.7472985,1
5,1,0.5646348,1
5,1,0.71857816,1
5,1,0.43640533,0
5,1,0.6202166,1
5,1,0.58383536,1
5,1,0.56024957,1
5,1,0.41759858,0
5,1,0.36564934,0
5,1,0.67817724,1
5,1,0.1591422,0
5,1,0.6560842,1
5,1,0.43412775,0
5,1,0.46751526,0
5,1,0.58023256,1
5,1,0.47060132,0
5,1,0.44042325,0
5,1,0.41535074,0
5,1,0.2990314,0
5,1,0.6405226,1
5,1,0.911648,1
5,1,0.9430457,1
5,1,0.9322014,1
5,1,0.9027219,1
5,1,0.9363009,1
5,1,0.8456802,1
5,1,0.6058917,1
5,0,0.5389826,1
5,0,0.5294555,1
5,0,0.4990152,0
5,0,0.5883344,1
5,0,0.66682774,1
5,0,0.63545966,1
5,0,0.6471,1
5,0,0.60906893,1
5,0,0.6677171,1
5,0,0.4821309,0
5,0,0.41467687,0
5,0,0.633908,1
5,0,0.6582027,1
5,0,0.5754449,1
5,0,0.46923062,0
5,1,0.6032731,1
5,1,0.42783707,0
5,1,0.307313,0
5,1,0.6269831,1
5,1,0.6237149,1
5,1,0.6454904,1
5,1,0.49048862,0
5,1,0.73700833,1
5,1,0.5248704,1
5,1,0.40122923,0
5,1,0.77568024,1
5,1,0.56829566,1
5,1,0.59140015,1
5,1,0.56679916,1
5,1,0.5604016,1
5,1,0.9541183,1
5,1,0.12873535,0
5,1,0.40164292,0
5,1,0.90346164,1
5,1,0.8241692,1
5,1,0.9159205,1
5,1,0.91264635,1
5,1,0.9887389,1
5,1,0.9579466,1
5,1,0.9309812,1
5,1,0.9651007,1
5,1,0.92901886,1
5,1,0.95526046,1
5,1,0.871308,1
5,1,0.8501278,1
5,1,0.8948649,1
5,1,0.9898044,1
5,1,0.9396821,1
5,1,0.9891283,1
5,1,0.96637803,1
5,1,0.59961766,1
5,1,0.8600668,1
5,1,0.9096375,1
5,1,0.91115886,1
5,1,0.9392747,1
5,1,0.8847221,1
5,1,0.80374,1
5,1,0.96038723,1
5,1,0.9504819,1
5,1,0.98245853,1
5,1,0.99351007,1
5,1,0.972305,1
5,1,0.96613675,1
5,1,0.9623083,1
5,1,0.964182,1
5,1,0.9205954,1
5,1,0.9767635,1
5,1,0.98864204,1
5,1,0.9952988,1
5,1,0.9931639,1
5,0,0.5404304,1
5,0,0.53063595,1
5,0,0.49924105,0
5,0,0.5907638,1
5,0,0.6681901,1
5,0,0.6375846,1
5,0,0.6458175,1
5,0,0.61058813,1
5,0,0.6732596,1
5,0,0.48782417,0
5,0,0.41580263,0
5,0,0.6382375,1
5,0,0.6619807,1
5,0,0.5772714,1
5,0,0.47368655,0
5,1,0.5788867,1
5,1,0.5455771,1
5,1,0.6907097,1
5,1,0.6014175,1
5,1,0.7593696,1
5,1,0.54471016,1
5,1,0.6918406,1
5,1,0.56853,1
5,1,0.673325,1
5,1,0.6004758,1
5,1,0.4391527,0
5,1,0.43064684,0
5,1,0.6521378,1
5,1,0.42702702,0
5,1,0.64132416,1
5,1,0.48850632,0
5,1,0.48920766,0
5,1,0.42551565,0
5,1,0.45191014,0
5,1,0.51177806,1
5,1,0.48951513,0
5,1,0.72983587,1
5,1,0.62443477,1
5,1,0.5056101,1
5,1,0.47658053,0
5,1,0.47729406,0
5,1,0.6062677,1
5,1,0.6355418,1
5,1,0.75046796,1
5,1,0.61676186,1
5,1,0.74442935,1
5,1,0.45722237,0
5,1,0.67376894,1
5,1,0.3935355,0
5,1,0.41981772,0
5,1,0.7166716,1
5,1,0.8973224,1
5,1,0.48005036,0
5,1,0.86836505,1
5,1,0.50264657,1
5,1,0.80895215,1
5,1,0.45069194,0
5,1,0.42606798,0
5,1,0.44828856,0
5,1,0.46262357,0
5,1,0.6562505,1
5,1,0.45813307,0
5,1,0.54183906,1
5,1,0.7452489,1
5,1,0.8152741,1
5,1,0.87845635,1
5,1,0.8527652,1
5,1,0.69710004,1
5,1,0.6361666,1
5,1,0.7213887,1
5,1,0.6860408,1
5,1,0.55730426,1
5,1,0.56325215,1
5,1,0.36686048,0
5,1,0.31768465,0
5,1,0.5242555,1
5,1,0.5686642,1
5,1,0.755148,1
5,1,0.6553839,1
5,1,0.44905302,0
5,1,0.5359316,1
5,1,0.63191956,1
5,1,0.4326607,0
5,1,0.39634603,0
5,1,0.5068064,1
5,1,0.6400388,1
5,1,0.6179546,1
5,1,0.6401764,1
5,1,0.60834527,1
5,1,0.4891732,0
5,1,0.37871864,0
5,1,0.4907814,0
5,1,0.47953904,0
5,1,0.34674975,0
5,1,0.41802654,0
5,1,0.4078235,0
5,1,0.20733675,0
5,1,0.10713351,0
5,1,0.19954199,0
5,1,0.26630592,0
5,1,0.265057,0
5,1,0.8741093,1
5,1,0.8968201,1
5,1,0.81235874,1
5,1,0.9181293,1
5,1,0.9229649,1
5,1,0.8432417,1
5,1,0.792231,1
5,1,0.881699,1
5,1,0.7676322,1
5,1,0.660943,1
5,1,0.7883239,1
5,1,0.88120776,1
5,1,0.8325455,1
5,1,0.94202137,1
5,1,0.9143553,1
5,1,0.91692716,1
5,1,0.7753149,1
5,1,0.66841936,1
5,1,0.7825362,1
5,1,0.9038301,1
5,1,0.8239789,1
5,1,0.9385385,1
5,1,0.9182047,1
5,1,0.9022562,1
5,1,0.5270773,1
5,1,0.51663554,1
5,1,0.7057621,1
5,1,0.59836286,1
5,1,0.75910836,1
5,1,0.5667433,1
5,1,0.5919929,1
5,1,0.50521415,1
5,1,0.5809127,1
5,1,0.6606103,1
5,1,0.30225977,0
5,1,0.21995866,0
5,1,0.6798833,1
5,1,0.36234522,0
5,1,0.8762512,1
5,1,0.30009452,0
5,1,0.33721513,0
5,1,0.309211,0
5,1,0.69119734,1
5,1,0.8096978,1
5,1,0.75735384,1
5,1,0.7279599,1
5,1,0.36256772,0
5,1,0.4842282,0
5,1,0.5433341,1
5,1,0.40884882,0
5,1,0.9830873,1
5,1,0.8598041,1
5,1,0.6083525,1
5,1,0.8480898,1
5,1,0.88009566,1
5,1,0.91894,1
5,1,0.8406486,1
5,1,0.94907135,1
5,1,0.8527717,1
5,1,0.777179,1
5,1,0.6531849,1
5,1,0.95307326,1
5,1,0.90375113,1
5,1,0.7653146,1
5,1,0.9137531,1
5,1,0.92206305,1
5,1,0.39360636,0
5,1,0.7571182,1
5,0,0.46641356,0
5,0,0.596566,1
5,0,0.7293229,1
5,0,0.73292595,1
5,0,0.4834792,0
5,0,0.39465296,0
5,0,0.80594534,1
5,0,0.55992514,1
5,0,0.42942452,0
5,0,0.75599664,1
5,0,0.11127279,0
5,0,0.31147876,0
5,0,0.18122634,0
5,0,0.49534377,0
5,0,0.53843975,1
5,0,0.89608926,1
5,0,0.7588154,1
5,0,0.35650495,0
5,0,0.4127117,0
5,0,0.5300572,1
5,0,0.6225849,1
5,0,0.7582748,1
5,0,0.61864823,1
5,0,0.4439797,0
5,0,0.68016833,1
5,0,0.79056865,1
5,0,0.45003155,0
5,0,0.28627557,0
5,0,0.32230034,0
5,0,0.6042709,1
5,0,0.5730034,1
5,0,0.7219334,1
5,0,0.683532,1
5,0,0.63139695,1
5,0,0.6087746,1
5,0,0.65854347,1
5,0,0.4562889,0
5,0,0.493796,0
5,0,0.52346015,1
5,0,0.6759126,1
5,0,0.5856942,1
5,0,0.494246,0
5,0,0.75717473,1
5,0,0.5916678,1
5,0,0.6653459,1
5,0,0.69875497,1
5,0,0.66684216,1
5,0,0.3852921,0
5,0,0.6931377,1
5,0,0.6868981,1
5,0,0.56283706,1
5,0,0.5417803,1
5,0,0.7464743,1
5,0,0.77213705,1
5,0,0.72668344,1
5,0,0.8288421,1
5,0,0.8741665,1
5,0,0.79276395,1
5,0,0.54722005,1
5,0,0.19625038,0
5,0,0.2174036,0
5,0,0.27862948,0
5,0,0.18406998,0
5,0,0.79368836,1
5,0,0.50127745,1
5,0,0.7206908,1
5,0,0.6638898,1
5,0,0.9456609,1
5,0,0.6330654,1
5,0,0.84747726,1
5,0,0.75696826,1
5,0,0.7811157,1
5,0,0.6652619,1
5,0,0.3992267,0
5,0,0.7427763,1
5,0,0.5891037,1
5,0,0.59321404,1
5,0,0.5695079,1
5,0,0.76081765,1
5,0,0.75225973,1
5,0,0.75553906,1
5,0,0.55991143,1
5,0,0.649798,1
5,0,0.6828339,1
5,0,0.8514173,1
5,0,0.89435154,1
5,0,0.8512839,1
5,0,0.76598716,1
5,0,0.79421735,1
5,0,0.48431396,0
5,0,0.61935014,1
5,0,0.6382821,1
5,0,0.30917093,0
5,0,0.3149565,0
5,0,0.20569935,0
5,0,0.38699156,0
5,0,0.30096784,0
5,0,0.55580324,1
5,0,0.11504046,0
5,0,0.3276611,0
5,0,0.31461307,0
5,0,0.5912518,1
5,0,0.337632,0
5,0,0.5767171,1
5,0,0.4870246,0
5,0,0.44793564,0
5,0,0.3372437,0
5,0,0.17893541,0
5,0,0.32204017,0
5,0,0.67283034,1
5,0,0.17470348,0
5,0,0.44482774,0
5,0,0.24393402,0
5,0,0.25281462,0
5,0,0.69387174,1
5,0,0.36279947,0
5,0,0.64189774,1
5,0,0.8557828,1
5,0,0.86635,1
5,0,0.93939716,1
5,0,0.8015261,1
5,0,0.5849908,1
5,0,0.8603525,1
5,0,0.4394301,0
5,0,0.77390194,1
5,0,0.5363763,1
5,0,0.6721734,1
5,0,0.7396579,1
5,0,0.751308,1
5,0,0.7000984,1
5,0,0.6936772,1
5,0,0.580221,1
5,0,0.6413651,1
5,0,0.40565124,0
5,0,0.80209845,1
5,0,0.67258537,1
5,0,0.89641535,1
5,0,0.69992906,1
5,0,0.591046,1
5,0,0.7072821,1
5,0,0.17591313,0
5,0,0.29901195,0
5,0,0.45484644,0
5,0,0.3204482,0
5,0,0.49604467,0
5,0,0.3041825,0
5,0,0.722166,1
5,0,0.38696477,0
5,0,0.9137722,1
5,0,0.788371,1
5,0,0.26119334,0
5,0,0.3272282,0
5,0,0.70844096,1
5,0,0.46369135,0
5,0,0.6882948,1
5,0,0.72190434,1
5,0,0.26316556,0
5,0,0.19716981,0
5,0,0.47339326,0
5,0,0.54123193,1
5,0,0.7990336,1
5,0,0.5046017,1
5,0,0.7175628,1
5,0,0.60148376,1
5,0,0.6193325,1
5,0,0.6711654,1
5,0,0.7130416,1
5,0,0.76556444,1
5,0,0.46042877,0
5,0,0.5528358,1
5,0,0.804783,1
5,0,0.714149,1
5,0,0.77115005,1
5,0,0.54175353,1
5,0,0.3241495,0
5,0,0.5474647,1
5,0,0.5998371,1
5,0,0.4390117,0
5,0,0.17382768,0
5,0,0.35605204,0
5,0,0.63851887,1
5,0,0.9016349,1
5,0,0.9081975,1
5,0,0.8563441,1
5,0,0.6356401,1
5,0,0.6901206,1
5,0,0.7741577,1
5,0,0.68695176,1
5,0,0.75951666,1
5,0,0.87839675,1
5,0,0.7318246,1
5,0,0.8927487,1
5,0,0.944147,1
5,0,0.92128795,1
5,0,0.9247188,1
5,0,0.8742851,1
5,0,0.95247597,1
5,0,0.92358685,1
5,0,0.98886895,1
5,0,0.9407579,1
5,0,0.84984297,1
5,0,0.96818227,1
5,0,0.8952128,1
5,0,0.9793296,1
5,0,0.88317406,1
5,0,0.89843637,1
5,0,0.9394383,1
5,0,0.88042235,1
5,0,0.83110803,1
5,0,0.89626276,1
5,0,0.80383915,1
5,0,0.7408721,1
5,0,0.8046597,1
5,0,0.7294213,1
5,0,0.8327559,1
5,0,0.79006505,1
5,0,0.6433668,1
5,0,0.79970986,1
5,0,0.7134637,1
5,0,0.57066786,1
5,0,0.65023535,1
5,0,0.9242918,1
5,0,0.9485957,1
5,0,0.9505098,1
5,0,0.98282534,1
5,0,0.9782525,1
5,0,0.9666854,1
5,0,0.9243319,1
5,0,0.95289874,1
5,0,0.91386193,1
5,0,0.9941268,1
5,0,0.98249626,1
5,0,0.9466877,1
5,0,0.96854436,1
5,0,0.97815984,1
5,0,0.94019574,1
5,0,0.9439891,1
5,0,0.7496541,1
5,0,0.8800121,1
5,0,0.9440722,1
5,0,0.7872309,1
5,0,0.8678352,1
5,0,0.99360174,1
5,0,0.9272441,1
5,0,0.600685,1
5,0,0.7568154,1
5,0,0.6371184,1
5,0,0.57848805,1
5,0,0.25438398,0
5,0,0.88058114,1
5,0,0.9433666,1
5,0,0.7679289,1
5,0,0.8997192,1
5,0,0.9920895,1
5,0,0.8270471,1
5,0,0.95684975,1
5,0,0.9544846,1
5,0,0.95352393,1
5,0,0.80553734,1
5,0,0.93396944,1
5,0,0.9763435,1
5,0,0.9820837,1
5,0,0.9645654,1
5,0,0.85931474,1
5,0,0.98312944,1
5,0,0.9487929,1
5,0,0.9150876,1
5,0,0.9946444,1
5,0,0.84997535,1
5,0,0.79666764,1
5,0,0.9811999,1
5,0,0.95721585,1
5,0,0.987711,1
5,0,0.90472233,1
5,0,0.853281,1
5,0,0.9550301,1
5,0,0.9785283,1
5,0,0.9906048,1
5,0,0.98406833,1
5,0,0.9690419,1
5,0,0.9699813,1
5,0,0.8949658,1
5,0,0.84524477,1
5,0,0.8899036,1
5,0,0.9350903,1
5,0,0.7817152,1
5,0,0.595999,1
5,0,0.60655904,1
5,0,0.9503181,1
5,0,0.96159965,1
5,0,0.8465338,1
5,0,0.9393083,1
5,0,0.9495583,1
5,0,0.9073691,1
5,0,0.95404166,1
5,0,0.88048667,1
5,0,0.9659908,1
5,0,0.9570405,1
5,0,0.95194143,1
5,0,0.83422875,1
5,0,0.9314264,1
5,0,0.9408353,1
5,0,0.943903,1
5,0,0.89679223,1
5,0,0.9181817,1
5,0,0.8476517,1
5,0,0.8991888,1
5,0,0.9869185,1
5,0,0.8336749,1
5,0,0.83274066,1
5,0,0.9015647,1
5,0,0.97853345,1
5,0,0.9111095,1
5,0,0.7545403,1
5,0,0.9668227,1
5,0,0.9745035,1
5,0,0.95447695,1
5,0,0.9071799,1
5,0,0.9713567,1
5,0,0.8926066,1
5,0,0.9533643,1
5,0,0.80360806,1
5,0,0.95892537,1
5,0,0.8909684,1
5,0,0.72932005,1
5,0,0.7047844,1
5,0,0.8061028,1
5,0,0.717854,1
5,0,0.68816924,1
5,0,0.87632823,1
5,0,0.8530884,1
5,0,0.6063912,1
5,0,0.6780425,1
5,0,0.8712448,1
5,0,0.91363,1
5,0,0.94243085,1
5,0,0.9207008,1
5,0,0.860542,1
5,0,0.95149845,1
5,0,0.91757417,1
5,0,0.92798537,1
5,0,0.98188627,1
5,0,0.9467732,1
5,0,0.98324215,1
5,0,0.97950864,1
5,0,0.977698,1
5,1,0.97038895,1
5,1,0.9810027,1
5,1,0.9537311,1
5,1,0.96680176,1
5,1,0.9672926,1
5,1,0.97404546,1
5,1,0.9552423,1
5,1,0.90950733,1
5,1,0.9373831,1
5,1,0.9668118,1
5,1,0.9704198,1
5,1,0.9692429,1
5,1,0.9800789,1
5,1,0.9864622,1
5,1,0.9683713,1
5,1,0.9634083,1
5,1,0.9817887,1
5,1,0.9902075,1
5,0,0.54720616,1
5,0,0.06952561,0
5,0,0.72689945,1
5,0,0.6209919,1
5,0,0.55512846,1
5,0,0.5876741,1
5,0,0.29501504,0
5,0,0.4082491,0
5,0,0.54849774,1
5,0,0.8166068,1
5,0,0.8377863,1
5,0,0.66952467,1
5,0,0.34580493,0
5,0,0.33311662,0
5,0,0.51522905,1
5,0,0.5355397,1
5,0,0.5340995,1
5,0,0.35870093,0
5,0,0.18742041,0
5,0,0.20339274,0
5,0,0.35953796,0
5,0,0.6227614,1
5,0,0.6511918,1
5,0,0.6148837,1
5,0,0.5352598,1
5,0,0.67012656,1
5,0,0.6694515,1
5,0,0.4878596,0
5,0,0.76584864,1
5,0,0.70309114,1
5,0,0.96306485,1
5,0,0.6909735,1
5,0,0.6940494,1
5,0,0.8757471,1
5,0,0.6122916,1
5,0,0.7540121,1
