pathogen,checkpoint,model size,mode,Fold,Label,Prob,Preds
Orthopoxvirus,prot_t5_xl_half_uniref50-enc,,LoRA,1,1,0.37980857,0
Orthopoxvirus,prot_t5_xl_half_uniref50-enc,,LoRA,1,1,0.4601891,0
Orthopoxvirus,prot_t5_xl_half_uniref50-enc,,LoRA,1,1,0.3960684,0
Orthopoxvirus,prot_t5_xl_half_uniref50-enc,,LoRA,1,1,0.2774364,0
Orthopoxvirus,prot_t5_xl_half_uniref50-enc,,LoRA,1,1,0.3192684,0
Orthopoxvirus,prot_t5_xl_half_uniref50-enc,,LoRA,1,1,0.3793352,0
Orthopoxvirus,prot_t5_xl_half_uniref50-enc,,LoRA,1,1,0.4563128,0
Orthopoxvirus,prot_t5_xl_half_uniref50-enc,,LoRA,1,1,0.5937603,1
Orthopoxvirus,prot_t5_xl_half_uniref50-enc,,LoRA,1,1,0.28136432,0
Orthopoxvirus,prot_t5_xl_half_uniref50-enc,,LoRA,1,1,0.33669922,0
Orthopoxvirus,prot_t5_xl_half_uniref50-enc,,LoRA,1,1,0.41843817,0
Orthopoxvirus,prot_t5_xl_half_uniref50-enc,,LoRA,1,1,0.43190688,0
Orthopoxvirus,prot_t5_xl_half_uniref50-enc,,LoRA,1,1,0.47078013,0
Orthopoxvirus,prot_t5_xl_half_uniref50-enc,,LoRA,1,1,0.75999516,1
Orthopoxvirus,prot_t5_xl_half_uniref50-enc,,LoRA,1,1,0.40894124,0
Orthopoxvirus,prot_t5_xl_half_uniref50-enc,,LoRA,1,1,0.59670764,1
Orthopoxvirus,prot_t5_xl_half_uniref50-enc,,LoRA,1,1,0.475082,0
Orthopoxvirus,prot_t5_xl_half_uniref50-enc,,LoRA,1,1,0.5983456,1
Orthopoxvirus,prot_t5_xl_half_uniref50-enc,,LoRA,1,1,0.558227,1
Orthopoxvirus,prot_t5_xl_half_uniref50-enc,,LoRA,1,1,0.57447404,1
Orthopoxvirus,prot_t5_xl_half_uniref50-enc,,LoRA,1,1,0.5182951,1
Orthopoxvirus,prot_t5_xl_half_uniref50-enc,,LoRA,1,1,0.4350437,0
Orthopoxvirus,prot_t5_xl_half_uniref50-enc,,LoRA,1,1,0.5871919,1
Orthopoxvirus,prot_t5_xl_half_uniref50-enc,,LoRA,1,1,0.71626943,1
Orthopoxvirus,prot_t5_xl_half_uniref50-enc,,LoRA,1,1,0.63498783,1
Orthopoxvirus,prot_t5_xl_half_uniref50-enc,,LoRA,1,1,0.70078033,1
Orthopoxvirus,prot_t5_xl_half_uniref50-enc,,LoRA,1,1,0.47374257,0
Orthopoxvirus,prot_t5_xl_half_uniref50-enc,,LoRA,1,1,0.5522914,1
Orthopoxvirus,prot_t5_xl_half_uniref50-enc,,LoRA,1,1,0.53406924,1
Orthopoxvirus,prot_t5_xl_half_uniref50-enc,,LoRA,1,1,0.5935008,1
Orthopoxvirus,prot_t5_xl_half_uniref50-enc,,LoRA,1,1,0.5702915,1
Orthopoxvirus,prot_t5_xl_half_uniref50-enc,,LoRA,1,1,0.682596,1
Orthopoxvirus,prot_t5_xl_half_uniref50-enc,,LoRA,1,1,0.45495555,0
Orthopoxvirus,prot_t5_xl_half_uniref50-enc,,LoRA,1,1,0.54122686,1
Orthopoxvirus,prot_t5_xl_half_uniref50-enc,,LoRA,1,1,0.7459002,1
Orthopoxvirus,prot_t5_xl_half_uniref50-enc,,LoRA,1,1,0.7650298,1
Orthopoxvirus,prot_t5_xl_half_uniref50-enc,,LoRA,1,1,0.56497604,1
Orthopoxvirus,prot_t5_xl_half_uniref50-enc,,LoRA,1,1,0.5217152,1
Orthopoxvirus,prot_t5_xl_half_uniref50-enc,,LoRA,1,1,0.5887786,1
Orthopoxvirus,prot_t5_xl_half_uniref50-enc,,LoRA,1,1,0.63779813,1
Orthopoxvirus,prot_t5_xl_half_uniref50-enc,,LoRA,1,1,0.7062996,1
Orthopoxvirus,prot_t5_xl_half_uniref50-enc,,LoRA,1,1,0.7141162,1
Orthopoxvirus,prot_t5_xl_half_uniref50-enc,,LoRA,1,1,0.5390266,1
Orthopoxvirus,prot_t5_xl_half_uniref50-enc,,LoRA,1,1,0.64824766,1
Orthopoxvirus,prot_t5_xl_half_uniref50-enc,,LoRA,1,1,0.7549455,1
Orthopoxvirus,prot_t5_xl_half_uniref50-enc,,LoRA,1,1,0.97037065,1
Orthopoxvirus,prot_t5_xl_half_uniref50-enc,,LoRA,1,1,0.9399623,1
Orthopoxvirus,prot_t5_xl_half_uniref50-enc,,LoRA,1,1,0.94719166,1
Orthopoxvirus,prot_t5_xl_half_uniref50-enc,,LoRA,1,1,0.96618503,1
Orthopoxvirus,prot_t5_xl_half_uniref50-enc,,LoRA,1,1,0.97929263,1
Orthopoxvirus,prot_t5_xl_half_uniref50-enc,,LoRA,1,1,0.9612283,1
Orthopoxvirus,prot_t5_xl_half_uniref50-enc,,LoRA,1,1,0.96301425,1
Orthopoxvirus,prot_t5_xl_half_uniref50-enc,,LoRA,1,1,0.9565078,1
Orthopoxvirus,prot_t5_xl_half_uniref50-enc,,LoRA,1,1,0.9836447,1
Orthopoxvirus,prot_t5_xl_half_uniref50-enc,,LoRA,1,1,0.97637546,1
Orthopoxvirus,prot_t5_xl_half_uniref50-enc,,LoRA,1,1,0.9796085,1
Orthopoxvirus,prot_t5_xl_half_uniref50-enc,,LoRA,1,1,0.9657201,1
Orthopoxvirus,prot_t5_xl_half_uniref50-enc,,LoRA,1,1,0.61496246,1
Orthopoxvirus,prot_t5_xl_half_uniref50-enc,,LoRA,1,1,0.63408256,1
Orthopoxvirus,prot_t5_xl_half_uniref50-enc,,LoRA,1,1,0.64874506,1
Orthopoxvirus,prot_t5_xl_half_uniref50-enc,,LoRA,1,1,0.7225831,1
Orthopoxvirus,prot_t5_xl_half_uniref50-enc,,LoRA,1,1,0.7617668,1
Orthopoxvirus,prot_t5_xl_half_uniref50-enc,,LoRA,1,1,0.73165596,1
Orthopoxvirus,prot_t5_xl_half_uniref50-enc,,LoRA,1,1,0.5910046,1
Orthopoxvirus,prot_t5_xl_half_uniref50-enc,,LoRA,1,1,0.9644742,1
Orthopoxvirus,prot_t5_xl_half_uniref50-enc,,LoRA,1,1,0.96907973,1
Orthopoxvirus,prot_t5_xl_half_uniref50-enc,,LoRA,1,1,0.94871145,1
Orthopoxvirus,prot_t5_xl_half_uniref50-enc,,LoRA,1,1,0.94082296,1
Orthopoxvirus,prot_t5_xl_half_uniref50-enc,,LoRA,1,1,0.9727411,1
Orthopoxvirus,prot_t5_xl_half_uniref50-enc,,LoRA,1,1,0.9433926,1
Orthopoxvirus,prot_t5_xl_half_uniref50-enc,,LoRA,1,1,0.9588641,1
Orthopoxvirus,prot_t5_xl_half_uniref50-enc,,LoRA,1,1,0.9264506,1
Orthopoxvirus,prot_t5_xl_half_uniref50-enc,,LoRA,1,1,0.9551783,1
Orthopoxvirus,prot_t5_xl_half_uniref50-enc,,LoRA,1,1,0.9072771,1
Orthopoxvirus,prot_t5_xl_half_uniref50-enc,,LoRA,1,1,0.6964862,1
Orthopoxvirus,prot_t5_xl_half_uniref50-enc,,LoRA,1,1,0.815926,1
Orthopoxvirus,prot_t5_xl_half_uniref50-enc,,LoRA,1,1,0.8435599,1
Orthopoxvirus,prot_t5_xl_half_uniref50-enc,,LoRA,1,1,0.6875956,1
Orthopoxvirus,prot_t5_xl_half_uniref50-enc,,LoRA,1,1,0.71757114,1
Orthopoxvirus,prot_t5_xl_half_uniref50-enc,,LoRA,1,1,0.776669,1
Orthopoxvirus,prot_t5_xl_half_uniref50-enc,,LoRA,1,1,0.8011545,1
Orthopoxvirus,prot_t5_xl_half_uniref50-enc,,LoRA,1,1,0.92268586,1
Orthopoxvirus,prot_t5_xl_half_uniref50-enc,,LoRA,1,1,0.9252659,1
Orthopoxvirus,prot_t5_xl_half_uniref50-enc,,LoRA,1,1,0.9217835,1
Orthopoxvirus,prot_t5_xl_half_uniref50-enc,,LoRA,1,1,0.96645254,1
Orthopoxvirus,prot_t5_xl_half_uniref50-enc,,LoRA,1,1,0.9287372,1
Orthopoxvirus,prot_t5_xl_half_uniref50-enc,,LoRA,1,1,0.91504747,1
Orthopoxvirus,prot_t5_xl_half_uniref50-enc,,LoRA,1,1,0.9102448,1
Orthopoxvirus,prot_t5_xl_half_uniref50-enc,,LoRA,1,1,0.94808805,1
Orthopoxvirus,prot_t5_xl_half_uniref50-enc,,LoRA,1,1,0.93107235,1
Orthopoxvirus,prot_t5_xl_half_uniref50-enc,,LoRA,1,1,0.961131,1
Orthopoxvirus,prot_t5_xl_half_uniref50-enc,,LoRA,1,1,0.9524971,1
Orthopoxvirus,prot_t5_xl_half_uniref50-enc,,LoRA,1,1,0.92601246,1
Orthopoxvirus,prot_t5_xl_half_uniref50-enc,,LoRA,1,1,0.8934693,1
Orthopoxvirus,prot_t5_xl_half_uniref50-enc,,LoRA,1,1,0.9038352,1
Orthopoxvirus,prot_t5_xl_half_uniref50-enc,,LoRA,1,1,0.9606969,1
Orthopoxvirus,prot_t5_xl_half_uniref50-enc,,LoRA,1,1,0.97367316,1
Orthopoxvirus,prot_t5_xl_half_uniref50-enc,,LoRA,1,1,0.9570483,1
Orthopoxvirus,prot_t5_xl_half_uniref50-enc,,LoRA,1,1,0.9635824,1
Orthopoxvirus,prot_t5_xl_half_uniref50-enc,,LoRA,1,1,0.96523005,1
Orthopoxvirus,prot_t5_xl_half_uniref50-enc,,LoRA,1,1,0.96696454,1
Orthopoxvirus,prot_t5_xl_half_uniref50-enc,,LoRA,1,1,0.96493083,1
Orthopoxvirus,prot_t5_xl_half_uniref50-enc,,LoRA,1,1,0.9633781,1
Orthopoxvirus,prot_t5_xl_half_uniref50-enc,,LoRA,1,1,0.98221314,1
Orthopoxvirus,prot_t5_xl_half_uniref50-enc,,LoRA,1,1,0.97666717,1
Orthopoxvirus,prot_t5_xl_half_uniref50-enc,,LoRA,1,1,0.893908,1
Orthopoxvirus,prot_t5_xl_half_uniref50-enc,,LoRA,1,1,0.8707983,1
Orthopoxvirus,prot_t5_xl_half_uniref50-enc,,LoRA,1,1,0.86923474,1
Orthopoxvirus,prot_t5_xl_half_uniref50-enc,,LoRA,1,1,0.8788676,1
Orthopoxvirus,prot_t5_xl_half_uniref50-enc,,LoRA,1,1,0.8366517,1
Orthopoxvirus,prot_t5_xl_half_uniref50-enc,,LoRA,1,1,0.8879996,1
Orthopoxvirus,prot_t5_xl_half_uniref50-enc,,LoRA,1,1,0.8377884,1
Orthopoxvirus,prot_t5_xl_half_uniref50-enc,,LoRA,1,1,0.8306281,1
Orthopoxvirus,prot_t5_xl_half_uniref50-enc,,LoRA,1,1,0.89798063,1
Orthopoxvirus,prot_t5_xl_half_uniref50-enc,,LoRA,1,1,0.86479026,1
Orthopoxvirus,prot_t5_xl_half_uniref50-enc,,LoRA,1,1,0.8479972,1
Orthopoxvirus,prot_t5_xl_half_uniref50-enc,,LoRA,1,1,0.9059745,1
Orthopoxvirus,prot_t5_xl_half_uniref50-enc,,LoRA,1,1,0.9029996,1
Orthopoxvirus,prot_t5_xl_half_uniref50-enc,,LoRA,1,1,0.7935658,1
Orthopoxvirus,prot_t5_xl_half_uniref50-enc,,LoRA,1,1,0.8345799,1
Orthopoxvirus,prot_t5_xl_half_uniref50-enc,,LoRA,1,1,0.88640565,1
Orthopoxvirus,prot_t5_xl_half_uniref50-enc,,LoRA,1,1,0.8782406,1
Orthopoxvirus,prot_t5_xl_half_uniref50-enc,,LoRA,1,1,0.79568666,1
Orthopoxvirus,prot_t5_xl_half_uniref50-enc,,LoRA,1,1,0.8462889,1
Orthopoxvirus,prot_t5_xl_half_uniref50-enc,,LoRA,1,1,0.83647317,1
Orthopoxvirus,prot_t5_xl_half_uniref50-enc,,LoRA,1,1,0.85747,1
Orthopoxvirus,prot_t5_xl_half_uniref50-enc,,LoRA,1,1,0.8600395,1
Orthopoxvirus,prot_t5_xl_half_uniref50-enc,,LoRA,1,1,0.7816545,1
Orthopoxvirus,prot_t5_xl_half_uniref50-enc,,LoRA,1,1,0.7351579,1
Orthopoxvirus,prot_t5_xl_half_uniref50-enc,,LoRA,1,1,0.93233854,1
Orthopoxvirus,prot_t5_xl_half_uniref50-enc,,LoRA,1,1,0.9375935,1
Orthopoxvirus,prot_t5_xl_half_uniref50-enc,,LoRA,1,1,0.94749165,1
Orthopoxvirus,prot_t5_xl_half_uniref50-enc,,LoRA,1,1,0.9340197,1
Orthopoxvirus,prot_t5_xl_half_uniref50-enc,,LoRA,1,1,0.9261513,1
Orthopoxvirus,prot_t5_xl_half_uniref50-enc,,LoRA,1,1,0.93835235,1
Orthopoxvirus,prot_t5_xl_half_uniref50-enc,,LoRA,1,1,0.9521972,1
Orthopoxvirus,prot_t5_xl_half_uniref50-enc,,LoRA,1,1,0.6870954,1
Orthopoxvirus,prot_t5_xl_half_uniref50-enc,,LoRA,1,1,0.6538177,1
Orthopoxvirus,prot_t5_xl_half_uniref50-enc,,LoRA,1,1,0.7486344,1
Orthopoxvirus,prot_t5_xl_half_uniref50-enc,,LoRA,1,1,0.6168128,1
Orthopoxvirus,prot_t5_xl_half_uniref50-enc,,LoRA,1,1,0.65815073,1
Orthopoxvirus,prot_t5_xl_half_uniref50-enc,,LoRA,1,1,0.57709026,1
Orthopoxvirus,prot_t5_xl_half_uniref50-enc,,LoRA,1,1,0.80457264,1
Orthopoxvirus,prot_t5_xl_half_uniref50-enc,,LoRA,1,1,0.8110314,1
Orthopoxvirus,prot_t5_xl_half_uniref50-enc,,LoRA,1,1,0.5733867,1
Orthopoxvirus,prot_t5_xl_half_uniref50-enc,,LoRA,1,1,0.6295823,1
Orthopoxvirus,prot_t5_xl_half_uniref50-enc,,LoRA,1,1,0.6328615,1
Orthopoxvirus,prot_t5_xl_half_uniref50-enc,,LoRA,1,1,0.77655584,1
Orthopoxvirus,prot_t5_xl_half_uniref50-enc,,LoRA,1,1,0.7886728,1
Orthopoxvirus,prot_t5_xl_half_uniref50-enc,,LoRA,1,1,0.89061844,1
Orthopoxvirus,prot_t5_xl_half_uniref50-enc,,LoRA,1,1,0.5939952,1
Orthopoxvirus,prot_t5_xl_half_uniref50-enc,,LoRA,1,1,0.6048229,1
Orthopoxvirus,prot_t5_xl_half_uniref50-enc,,LoRA,1,1,0.7372582,1
Orthopoxvirus,prot_t5_xl_half_uniref50-enc,,LoRA,1,1,0.9137708,1
Orthopoxvirus,prot_t5_xl_half_uniref50-enc,,LoRA,1,1,0.94365203,1
Orthopoxvirus,prot_t5_xl_half_uniref50-enc,,LoRA,1,1,0.9512879,1
Orthopoxvirus,prot_t5_xl_half_uniref50-enc,,LoRA,1,1,0.9685508,1
Orthopoxvirus,prot_t5_xl_half_uniref50-enc,,LoRA,1,1,0.9693606,1
Orthopoxvirus,prot_t5_xl_half_uniref50-enc,,LoRA,1,1,0.9420738,1
Orthopoxvirus,prot_t5_xl_half_uniref50-enc,,LoRA,1,1,0.9525365,1
Orthopoxvirus,prot_t5_xl_half_uniref50-enc,,LoRA,1,1,0.9637365,1
Orthopoxvirus,prot_t5_xl_half_uniref50-enc,,LoRA,1,1,0.92840695,1
Orthopoxvirus,prot_t5_xl_half_uniref50-enc,,LoRA,1,1,0.9608913,1
Orthopoxvirus,prot_t5_xl_half_uniref50-enc,,LoRA,1,1,0.92313206,1
Orthopoxvirus,prot_t5_xl_half_uniref50-enc,,LoRA,1,1,0.7399293,1
Orthopoxvirus,prot_t5_xl_half_uniref50-enc,,LoRA,1,1,0.6236735,1
Orthopoxvirus,prot_t5_xl_half_uniref50-enc,,LoRA,1,1,0.636497,1
Orthopoxvirus,prot_t5_xl_half_uniref50-enc,,LoRA,1,1,0.37083098,0
Orthopoxvirus,prot_t5_xl_half_uniref50-enc,,LoRA,1,1,0.4524469,0
Orthopoxvirus,prot_t5_xl_half_uniref50-enc,,LoRA,1,1,0.48194367,0
Orthopoxvirus,prot_t5_xl_half_uniref50-enc,,LoRA,1,1,0.32211736,0
Orthopoxvirus,prot_t5_xl_half_uniref50-enc,,LoRA,1,1,0.24856819,0
Orthopoxvirus,prot_t5_xl_half_uniref50-enc,,LoRA,1,1,0.3396249,0
Orthopoxvirus,prot_t5_xl_half_uniref50-enc,,LoRA,1,1,0.38227776,0
Orthopoxvirus,prot_t5_xl_half_uniref50-enc,,LoRA,1,1,0.30536094,0
Orthopoxvirus,prot_t5_xl_half_uniref50-enc,,LoRA,1,1,0.29521516,0
Orthopoxvirus,prot_t5_xl_half_uniref50-enc,,LoRA,1,1,0.39610326,0
Orthopoxvirus,prot_t5_xl_half_uniref50-enc,,LoRA,1,1,0.43786284,0
Orthopoxvirus,prot_t5_xl_half_uniref50-enc,,LoRA,1,1,0.54395795,1
Orthopoxvirus,prot_t5_xl_half_uniref50-enc,,LoRA,1,1,0.6679895,1
Orthopoxvirus,prot_t5_xl_half_uniref50-enc,,LoRA,1,1,0.56924516,1
Orthopoxvirus,prot_t5_xl_half_uniref50-enc,,LoRA,1,1,0.80130124,1
Orthopoxvirus,prot_t5_xl_half_uniref50-enc,,LoRA,1,1,0.79899365,1
Orthopoxvirus,prot_t5_xl_half_uniref50-enc,,LoRA,1,1,0.64903206,1
Orthopoxvirus,prot_t5_xl_half_uniref50-enc,,LoRA,1,1,0.93956095,1
Orthopoxvirus,prot_t5_xl_half_uniref50-enc,,LoRA,1,1,0.8985001,1
Orthopoxvirus,prot_t5_xl_half_uniref50-enc,,LoRA,1,1,0.8279491,1
Orthopoxvirus,prot_t5_xl_half_uniref50-enc,,LoRA,1,1,0.66808754,1
Orthopoxvirus,prot_t5_xl_half_uniref50-enc,,LoRA,1,1,0.8292957,1
Orthopoxvirus,prot_t5_xl_half_uniref50-enc,,LoRA,1,1,0.92532015,1
Orthopoxvirus,prot_t5_xl_half_uniref50-enc,,LoRA,1,1,0.8727383,1
Orthopoxvirus,prot_t5_xl_half_uniref50-enc,,LoRA,1,1,0.9035029,1
Orthopoxvirus,prot_t5_xl_half_uniref50-enc,,LoRA,1,1,0.9263624,1
Orthopoxvirus,prot_t5_xl_half_uniref50-enc,,LoRA,1,1,0.96852076,1
Orthopoxvirus,prot_t5_xl_half_uniref50-enc,,LoRA,1,1,0.94916344,1
Orthopoxvirus,prot_t5_xl_half_uniref50-enc,,LoRA,1,1,0.95330054,1
Orthopoxvirus,prot_t5_xl_half_uniref50-enc,,LoRA,1,1,0.9477035,1
Orthopoxvirus,prot_t5_xl_half_uniref50-enc,,LoRA,1,1,0.8812454,1
Orthopoxvirus,prot_t5_xl_half_uniref50-enc,,LoRA,1,1,0.95512414,1
Orthopoxvirus,prot_t5_xl_half_uniref50-enc,,LoRA,1,1,0.9244737,1
Orthopoxvirus,prot_t5_xl_half_uniref50-enc,,LoRA,1,1,0.95072144,1
Orthopoxvirus,prot_t5_xl_half_uniref50-enc,,LoRA,1,1,0.95317745,1
Orthopoxvirus,prot_t5_xl_half_uniref50-enc,,LoRA,1,1,0.8797349,1
Orthopoxvirus,prot_t5_xl_half_uniref50-enc,,LoRA,1,1,0.923136,1
Orthopoxvirus,prot_t5_xl_half_uniref50-enc,,LoRA,1,1,0.96223897,1
Orthopoxvirus,prot_t5_xl_half_uniref50-enc,,LoRA,1,1,0.9355206,1
Orthopoxvirus,prot_t5_xl_half_uniref50-enc,,LoRA,1,1,0.8881458,1
Orthopoxvirus,prot_t5_xl_half_uniref50-enc,,LoRA,1,1,0.871268,1
Orthopoxvirus,prot_t5_xl_half_uniref50-enc,,LoRA,1,1,0.84044605,1
Orthopoxvirus,prot_t5_xl_half_uniref50-enc,,LoRA,1,1,0.87145656,1
Orthopoxvirus,prot_t5_xl_half_uniref50-enc,,LoRA,1,1,0.8897248,1
Orthopoxvirus,prot_t5_xl_half_uniref50-enc,,LoRA,1,1,0.8146493,1
Orthopoxvirus,prot_t5_xl_half_uniref50-enc,,LoRA,1,1,0.88039124,1
Orthopoxvirus,prot_t5_xl_half_uniref50-enc,,LoRA,1,1,0.8225978,1
Orthopoxvirus,prot_t5_xl_half_uniref50-enc,,LoRA,1,1,0.89883,1
Orthopoxvirus,prot_t5_xl_half_uniref50-enc,,LoRA,1,1,0.8785647,1
Orthopoxvirus,prot_t5_xl_half_uniref50-enc,,LoRA,1,1,0.91221005,1
Orthopoxvirus,prot_t5_xl_half_uniref50-enc,,LoRA,1,1,0.89500004,1
Orthopoxvirus,prot_t5_xl_half_uniref50-enc,,LoRA,1,1,0.8258927,1
Orthopoxvirus,prot_t5_xl_half_uniref50-enc,,LoRA,1,1,0.83886707,1
Orthopoxvirus,prot_t5_xl_half_uniref50-enc,,LoRA,1,0,0.767619,1
Orthopoxvirus,prot_t5_xl_half_uniref50-enc,,LoRA,1,0,0.306512,0
Orthopoxvirus,prot_t5_xl_half_uniref50-enc,,LoRA,1,0,0.6101241,1
Orthopoxvirus,prot_t5_xl_half_uniref50-enc,,LoRA,1,0,0.40755254,0
Orthopoxvirus,prot_t5_xl_half_uniref50-enc,,LoRA,1,0,0.19292033,0
Orthopoxvirus,prot_t5_xl_half_uniref50-enc,,LoRA,1,0,0.20847784,0
Orthopoxvirus,prot_t5_xl_half_uniref50-enc,,LoRA,1,0,0.31829268,0
Orthopoxvirus,prot_t5_xl_half_uniref50-enc,,LoRA,1,0,0.4956101,0
Orthopoxvirus,prot_t5_xl_half_uniref50-enc,,LoRA,1,0,0.32721525,0
Orthopoxvirus,prot_t5_xl_half_uniref50-enc,,LoRA,1,0,0.4496435,0
Orthopoxvirus,prot_t5_xl_half_uniref50-enc,,LoRA,1,0,0.49353573,0
Orthopoxvirus,prot_t5_xl_half_uniref50-enc,,LoRA,1,0,0.6137597,1
Orthopoxvirus,prot_t5_xl_half_uniref50-enc,,LoRA,1,0,0.6036886,1
Orthopoxvirus,prot_t5_xl_half_uniref50-enc,,LoRA,1,0,0.4068239,0
Orthopoxvirus,prot_t5_xl_half_uniref50-enc,,LoRA,1,0,0.83481777,1
Orthopoxvirus,prot_t5_xl_half_uniref50-enc,,LoRA,1,1,0.35987052,0
Orthopoxvirus,prot_t5_xl_half_uniref50-enc,,LoRA,1,1,0.25403416,0
Orthopoxvirus,prot_t5_xl_half_uniref50-enc,,LoRA,1,1,0.358808,0
Orthopoxvirus,prot_t5_xl_half_uniref50-enc,,LoRA,1,1,0.421004,0
Orthopoxvirus,prot_t5_xl_half_uniref50-enc,,LoRA,1,1,0.25321093,0
Orthopoxvirus,prot_t5_xl_half_uniref50-enc,,LoRA,1,1,0.41700226,0
Orthopoxvirus,prot_t5_xl_half_uniref50-enc,,LoRA,1,1,0.2372519,0
Orthopoxvirus,prot_t5_xl_half_uniref50-enc,,LoRA,1,1,0.3838106,0
Orthopoxvirus,prot_t5_xl_half_uniref50-enc,,LoRA,1,1,0.12430259,0
Orthopoxvirus,prot_t5_xl_half_uniref50-enc,,LoRA,1,1,0.1873217,0
Orthopoxvirus,prot_t5_xl_half_uniref50-enc,,LoRA,1,1,0.15851028,0
Orthopoxvirus,prot_t5_xl_half_uniref50-enc,,LoRA,1,1,0.19225214,0
Orthopoxvirus,prot_t5_xl_half_uniref50-enc,,LoRA,1,1,0.10553353,0
Orthopoxvirus,prot_t5_xl_half_uniref50-enc,,LoRA,1,1,0.18763514,0
Orthopoxvirus,prot_t5_xl_half_uniref50-enc,,LoRA,1,1,0.2633553,0
Orthopoxvirus,prot_t5_xl_half_uniref50-enc,,LoRA,1,0,0.12782757,0
Orthopoxvirus,prot_t5_xl_half_uniref50-enc,,LoRA,1,0,0.047014106,0
Orthopoxvirus,prot_t5_xl_half_uniref50-enc,,LoRA,1,0,0.09663796,0
Orthopoxvirus,prot_t5_xl_half_uniref50-enc,,LoRA,1,0,0.034413997,0
Orthopoxvirus,prot_t5_xl_half_uniref50-enc,,LoRA,1,0,0.06320165,0
Orthopoxvirus,prot_t5_xl_half_uniref50-enc,,LoRA,1,0,0.023989001,0
Orthopoxvirus,prot_t5_xl_half_uniref50-enc,,LoRA,1,0,0.05745483,0
Orthopoxvirus,prot_t5_xl_half_uniref50-enc,,LoRA,1,0,0.04207096,0
Orthopoxvirus,prot_t5_xl_half_uniref50-enc,,LoRA,1,0,0.041646965,0
Orthopoxvirus,prot_t5_xl_half_uniref50-enc,,LoRA,1,0,0.042913027,0
Orthopoxvirus,prot_t5_xl_half_uniref50-enc,,LoRA,1,0,0.13293204,0
Orthopoxvirus,prot_t5_xl_half_uniref50-enc,,LoRA,1,0,0.05320446,0
Orthopoxvirus,prot_t5_xl_half_uniref50-enc,,LoRA,1,0,0.14256291,0
Orthopoxvirus,prot_t5_xl_half_uniref50-enc,,LoRA,1,0,0.046048604,0
Orthopoxvirus,prot_t5_xl_half_uniref50-enc,,LoRA,1,0,0.0691389,0
Orthopoxvirus,prot_t5_xl_half_uniref50-enc,,LoRA,1,0,0.088841,0
Orthopoxvirus,prot_t5_xl_half_uniref50-enc,,LoRA,1,0,0.18150719,0
Orthopoxvirus,prot_t5_xl_half_uniref50-enc,,LoRA,1,0,0.045733184,0
Orthopoxvirus,prot_t5_xl_half_uniref50-enc,,LoRA,1,0,0.045337584,0
Orthopoxvirus,prot_t5_xl_half_uniref50-enc,,LoRA,1,0,0.11782572,0
Orthopoxvirus,prot_t5_xl_half_uniref50-enc,,LoRA,1,0,0.040576506,0
Orthopoxvirus,prot_t5_xl_half_uniref50-enc,,LoRA,1,0,0.05697773,0
Orthopoxvirus,prot_t5_xl_half_uniref50-enc,,LoRA,1,0,0.03396192,0
Orthopoxvirus,prot_t5_xl_half_uniref50-enc,,LoRA,1,0,0.08283233,0
Orthopoxvirus,prot_t5_xl_half_uniref50-enc,,LoRA,1,0,0.046551064,0
Orthopoxvirus,prot_t5_xl_half_uniref50-enc,,LoRA,1,1,0.047555316,0
Orthopoxvirus,prot_t5_xl_half_uniref50-enc,,LoRA,1,1,0.07079359,0
Orthopoxvirus,prot_t5_xl_half_uniref50-enc,,LoRA,1,1,0.08433436,0
Orthopoxvirus,prot_t5_xl_half_uniref50-enc,,LoRA,1,1,0.16472909,0
Orthopoxvirus,prot_t5_xl_half_uniref50-enc,,LoRA,1,1,0.23328455,0
Orthopoxvirus,prot_t5_xl_half_uniref50-enc,,LoRA,1,0,0.6936344,1
Orthopoxvirus,prot_t5_xl_half_uniref50-enc,,LoRA,1,0,0.30865258,0
Orthopoxvirus,prot_t5_xl_half_uniref50-enc,,LoRA,1,0,0.2919213,0
Orthopoxvirus,prot_t5_xl_half_uniref50-enc,,LoRA,1,0,0.25321043,0
Orthopoxvirus,prot_t5_xl_half_uniref50-enc,,LoRA,1,0,0.13306203,0
Orthopoxvirus,prot_t5_xl_half_uniref50-enc,,LoRA,1,0,0.13701136,0
Orthopoxvirus,prot_t5_xl_half_uniref50-enc,,LoRA,1,0,0.29005724,0
Orthopoxvirus,prot_t5_xl_half_uniref50-enc,,LoRA,1,0,0.1512097,0
Orthopoxvirus,prot_t5_xl_half_uniref50-enc,,LoRA,1,0,0.38891178,0
Orthopoxvirus,prot_t5_xl_half_uniref50-enc,,LoRA,1,0,0.35892335,0
Orthopoxvirus,prot_t5_xl_half_uniref50-enc,,LoRA,1,0,0.24323082,0
Orthopoxvirus,prot_t5_xl_half_uniref50-enc,,LoRA,1,0,0.20048404,0
Orthopoxvirus,prot_t5_xl_half_uniref50-enc,,LoRA,1,0,0.16625987,0
Orthopoxvirus,prot_t5_xl_half_uniref50-enc,,LoRA,1,0,0.13234136,0
Orthopoxvirus,prot_t5_xl_half_uniref50-enc,,LoRA,1,0,0.19752479,0
Orthopoxvirus,prot_t5_xl_half_uniref50-enc,,LoRA,1,1,0.37304202,0
Orthopoxvirus,prot_t5_xl_half_uniref50-enc,,LoRA,1,1,0.25816613,0
Orthopoxvirus,prot_t5_xl_half_uniref50-enc,,LoRA,1,1,0.1988569,0
Orthopoxvirus,prot_t5_xl_half_uniref50-enc,,LoRA,1,1,0.36010757,0
Orthopoxvirus,prot_t5_xl_half_uniref50-enc,,LoRA,1,1,0.27280667,0
Orthopoxvirus,prot_t5_xl_half_uniref50-enc,,LoRA,1,0,0.1701816,0
Orthopoxvirus,prot_t5_xl_half_uniref50-enc,,LoRA,1,0,0.22061028,0
Orthopoxvirus,prot_t5_xl_half_uniref50-enc,,LoRA,1,0,0.22362101,0
Orthopoxvirus,prot_t5_xl_half_uniref50-enc,,LoRA,1,0,0.0938005,0
Orthopoxvirus,prot_t5_xl_half_uniref50-enc,,LoRA,1,0,0.10939505,0
Orthopoxvirus,prot_t5_xl_half_uniref50-enc,,LoRA,1,0,0.053708192,0
Orthopoxvirus,prot_t5_xl_half_uniref50-enc,,LoRA,1,0,0.07864394,0
Orthopoxvirus,prot_t5_xl_half_uniref50-enc,,LoRA,1,0,0.04396467,0
Orthopoxvirus,prot_t5_xl_half_uniref50-enc,,LoRA,1,0,0.049978614,0
Orthopoxvirus,prot_t5_xl_half_uniref50-enc,,LoRA,1,0,0.0635676,0
Orthopoxvirus,prot_t5_xl_half_uniref50-enc,,LoRA,1,0,0.1805491,0
Orthopoxvirus,prot_t5_xl_half_uniref50-enc,,LoRA,1,0,0.07018507,0
Orthopoxvirus,prot_t5_xl_half_uniref50-enc,,LoRA,1,0,0.11140665,0
Orthopoxvirus,prot_t5_xl_half_uniref50-enc,,LoRA,1,0,0.0547218,0
Orthopoxvirus,prot_t5_xl_half_uniref50-enc,,LoRA,1,0,0.08400461,0
Orthopoxvirus,prot_t5_xl_half_uniref50-enc,,LoRA,1,0,0.08826157,0
Orthopoxvirus,prot_t5_xl_half_uniref50-enc,,LoRA,1,0,0.1703519,0
Orthopoxvirus,prot_t5_xl_half_uniref50-enc,,LoRA,1,0,0.1191584,0
Orthopoxvirus,prot_t5_xl_half_uniref50-enc,,LoRA,1,0,0.14563908,0
Orthopoxvirus,prot_t5_xl_half_uniref50-enc,,LoRA,1,0,0.2655868,0
Orthopoxvirus,prot_t5_xl_half_uniref50-enc,,LoRA,1,0,0.21394494,0
Orthopoxvirus,prot_t5_xl_half_uniref50-enc,,LoRA,1,0,0.1580573,0
Orthopoxvirus,prot_t5_xl_half_uniref50-enc,,LoRA,1,0,0.104827024,0
Orthopoxvirus,prot_t5_xl_half_uniref50-enc,,LoRA,1,0,0.13230857,0
Orthopoxvirus,prot_t5_xl_half_uniref50-enc,,LoRA,1,0,0.075728744,0
Orthopoxvirus,prot_t5_xl_half_uniref50-enc,,LoRA,1,0,0.14515336,0
Orthopoxvirus,prot_t5_xl_half_uniref50-enc,,LoRA,1,0,0.11022174,0
Orthopoxvirus,prot_t5_xl_half_uniref50-enc,,LoRA,1,0,0.13017619,0
Orthopoxvirus,prot_t5_xl_half_uniref50-enc,,LoRA,1,0,0.069757015,0
Orthopoxvirus,prot_t5_xl_half_uniref50-enc,,LoRA,1,0,0.05618037,0
Orthopoxvirus,prot_t5_xl_half_uniref50-enc,,LoRA,1,0,0.06900618,0
Orthopoxvirus,prot_t5_xl_half_uniref50-enc,,LoRA,1,0,0.045959182,0
Orthopoxvirus,prot_t5_xl_half_uniref50-enc,,LoRA,1,0,0.04083079,0
Orthopoxvirus,prot_t5_xl_half_uniref50-enc,,LoRA,1,0,0.12266633,0
Orthopoxvirus,prot_t5_xl_half_uniref50-enc,,LoRA,1,0,0.10129413,0
Orthopoxvirus,prot_t5_xl_half_uniref50-enc,,LoRA,1,1,0.98127764,1
Orthopoxvirus,prot_t5_xl_half_uniref50-enc,,LoRA,1,1,0.98901945,1
Orthopoxvirus,prot_t5_xl_half_uniref50-enc,,LoRA,1,1,0.98293877,1
Orthopoxvirus,prot_t5_xl_half_uniref50-enc,,LoRA,1,1,0.982631,1
Orthopoxvirus,prot_t5_xl_half_uniref50-enc,,LoRA,1,1,0.98263377,1
Orthopoxvirus,prot_t5_xl_half_uniref50-enc,,LoRA,1,1,0.98074394,1
Orthopoxvirus,prot_t5_xl_half_uniref50-enc,,LoRA,1,1,0.9570635,1
Orthopoxvirus,prot_t5_xl_half_uniref50-enc,,LoRA,1,1,0.97545356,1
Orthopoxvirus,prot_t5_xl_half_uniref50-enc,,LoRA,1,1,0.9872804,1
Orthopoxvirus,prot_t5_xl_half_uniref50-enc,,LoRA,1,1,0.60477805,1
Orthopoxvirus,prot_t5_xl_half_uniref50-enc,,LoRA,1,1,0.7372463,1
Orthopoxvirus,prot_t5_xl_half_uniref50-enc,,LoRA,1,1,0.91378826,1
Orthopoxvirus,prot_t5_xl_half_uniref50-enc,,LoRA,1,1,0.94366443,1
Orthopoxvirus,prot_t5_xl_half_uniref50-enc,,LoRA,1,1,0.95129144,1
Orthopoxvirus,prot_t5_xl_half_uniref50-enc,,LoRA,1,1,0.96854043,1
Orthopoxvirus,prot_t5_xl_half_uniref50-enc,,LoRA,1,1,0.9693666,1
Orthopoxvirus,prot_t5_xl_half_uniref50-enc,,LoRA,1,1,0.9421133,1
Orthopoxvirus,prot_t5_xl_half_uniref50-enc,,LoRA,1,1,0.9525815,1
Orthopoxvirus,prot_t5_xl_half_uniref50-enc,,LoRA,1,1,0.96372175,1
Orthopoxvirus,prot_t5_xl_half_uniref50-enc,,LoRA,1,1,0.92842907,1
Orthopoxvirus,prot_t5_xl_half_uniref50-enc,,LoRA,1,1,0.9609,1
Orthopoxvirus,prot_t5_xl_half_uniref50-enc,,LoRA,1,1,0.9231689,1
Orthopoxvirus,prot_t5_xl_half_uniref50-enc,,LoRA,1,1,0.9621,1
Orthopoxvirus,prot_t5_xl_half_uniref50-enc,,LoRA,1,1,0.9336337,1
Orthopoxvirus,prot_t5_xl_half_uniref50-enc,,LoRA,1,1,0.9350706,1
Orthopoxvirus,prot_t5_xl_half_uniref50-enc,,LoRA,1,1,0.93025255,1
Orthopoxvirus,prot_t5_xl_half_uniref50-enc,,LoRA,1,1,0.88504726,1
Orthopoxvirus,prot_t5_xl_half_uniref50-enc,,LoRA,1,1,0.91221225,1
Orthopoxvirus,prot_t5_xl_half_uniref50-enc,,LoRA,1,1,0.82787776,1
Orthopoxvirus,prot_t5_xl_half_uniref50-enc,,LoRA,1,1,0.65443766,1
Orthopoxvirus,prot_t5_xl_half_uniref50-enc,,LoRA,1,1,0.75446844,1
Orthopoxvirus,prot_t5_xl_half_uniref50-enc,,LoRA,1,1,0.7113939,1
Orthopoxvirus,prot_t5_xl_half_uniref50-enc,,LoRA,1,1,0.89845294,1
Orthopoxvirus,prot_t5_xl_half_uniref50-enc,,LoRA,1,1,0.8279703,1
Orthopoxvirus,prot_t5_xl_half_uniref50-enc,,LoRA,1,1,0.66826326,1
Orthopoxvirus,prot_t5_xl_half_uniref50-enc,,LoRA,1,1,0.82932717,1
Orthopoxvirus,prot_t5_xl_half_uniref50-enc,,LoRA,1,1,0.92534155,1
Orthopoxvirus,prot_t5_xl_half_uniref50-enc,,LoRA,1,1,0.87275875,1
Orthopoxvirus,prot_t5_xl_half_uniref50-enc,,LoRA,1,1,0.9035187,1
Orthopoxvirus,prot_t5_xl_half_uniref50-enc,,LoRA,1,1,0.9263527,1
Orthopoxvirus,prot_t5_xl_half_uniref50-enc,,LoRA,1,1,0.9685499,1
Orthopoxvirus,prot_t5_xl_half_uniref50-enc,,LoRA,1,1,0.8813261,1
Orthopoxvirus,prot_t5_xl_half_uniref50-enc,,LoRA,1,1,0.9551187,1
Orthopoxvirus,prot_t5_xl_half_uniref50-enc,,LoRA,1,1,0.9244836,1
Orthopoxvirus,prot_t5_xl_half_uniref50-enc,,LoRA,1,1,0.95078576,1
Orthopoxvirus,prot_t5_xl_half_uniref50-enc,,LoRA,1,1,0.95316696,1
Orthopoxvirus,prot_t5_xl_half_uniref50-enc,,LoRA,1,1,0.8798457,1
Orthopoxvirus,prot_t5_xl_half_uniref50-enc,,LoRA,1,1,0.9231215,1
Orthopoxvirus,prot_t5_xl_half_uniref50-enc,,LoRA,1,1,0.96223235,1
Orthopoxvirus,prot_t5_xl_half_uniref50-enc,,LoRA,1,1,0.935522,1
Orthopoxvirus,prot_t5_xl_half_uniref50-enc,,LoRA,1,1,0.88811994,1
Orthopoxvirus,prot_t5_xl_half_uniref50-enc,,LoRA,1,1,0.87124056,1
Orthopoxvirus,prot_t5_xl_half_uniref50-enc,,LoRA,1,1,0.60477805,1
Orthopoxvirus,prot_t5_xl_half_uniref50-enc,,LoRA,1,1,0.7372463,1
Orthopoxvirus,prot_t5_xl_half_uniref50-enc,,LoRA,1,1,0.91378826,1
Orthopoxvirus,prot_t5_xl_half_uniref50-enc,,LoRA,1,1,0.94366443,1
Orthopoxvirus,prot_t5_xl_half_uniref50-enc,,LoRA,1,1,0.95129144,1
Orthopoxvirus,prot_t5_xl_half_uniref50-enc,,LoRA,1,1,0.96854043,1
Orthopoxvirus,prot_t5_xl_half_uniref50-enc,,LoRA,1,1,0.9693666,1
Orthopoxvirus,prot_t5_xl_half_uniref50-enc,,LoRA,1,1,0.9421133,1
Orthopoxvirus,prot_t5_xl_half_uniref50-enc,,LoRA,1,1,0.9525815,1
Orthopoxvirus,prot_t5_xl_half_uniref50-enc,,LoRA,1,1,0.96372175,1
Orthopoxvirus,prot_t5_xl_half_uniref50-enc,,LoRA,1,1,0.92842907,1
Orthopoxvirus,prot_t5_xl_half_uniref50-enc,,LoRA,1,1,0.9609,1
Orthopoxvirus,prot_t5_xl_half_uniref50-enc,,LoRA,1,1,0.9231689,1
Orthopoxvirus,prot_t5_xl_half_uniref50-enc,,LoRA,1,1,0.9621,1
Orthopoxvirus,prot_t5_xl_half_uniref50-enc,,LoRA,1,1,0.9336337,1
Orthopoxvirus,prot_t5_xl_half_uniref50-enc,,LoRA,1,1,0.9350706,1
Orthopoxvirus,prot_t5_xl_half_uniref50-enc,,LoRA,1,0,0.93025255,1
Orthopoxvirus,prot_t5_xl_half_uniref50-enc,,LoRA,1,0,0.88504726,1
Orthopoxvirus,prot_t5_xl_half_uniref50-enc,,LoRA,1,0,0.91221225,1
Orthopoxvirus,prot_t5_xl_half_uniref50-enc,,LoRA,1,0,0.82787776,1
Orthopoxvirus,prot_t5_xl_half_uniref50-enc,,LoRA,1,0,0.80397904,1
Orthopoxvirus,prot_t5_xl_half_uniref50-enc,,LoRA,1,0,0.79103434,1
Orthopoxvirus,prot_t5_xl_half_uniref50-enc,,LoRA,1,0,0.66120565,1
Orthopoxvirus,prot_t5_xl_half_uniref50-enc,,LoRA,1,0,0.5483001,1
Orthopoxvirus,prot_t5_xl_half_uniref50-enc,,LoRA,1,0,0.85670155,1
Orthopoxvirus,prot_t5_xl_half_uniref50-enc,,LoRA,1,0,0.7400681,1
Orthopoxvirus,prot_t5_xl_half_uniref50-enc,,LoRA,1,0,0.6236243,1
Orthopoxvirus,prot_t5_xl_half_uniref50-enc,,LoRA,1,0,0.63651025,1
Orthopoxvirus,prot_t5_xl_half_uniref50-enc,,LoRA,1,0,0.37077838,0
Orthopoxvirus,prot_t5_xl_half_uniref50-enc,,LoRA,1,0,0.4524431,0
Orthopoxvirus,prot_t5_xl_half_uniref50-enc,,LoRA,1,0,0.48199633,0
Orthopoxvirus,prot_t5_xl_half_uniref50-enc,,LoRA,1,0,0.32182816,0
Orthopoxvirus,prot_t5_xl_half_uniref50-enc,,LoRA,1,0,0.24860452,0
Orthopoxvirus,prot_t5_xl_half_uniref50-enc,,LoRA,1,0,0.3394604,0
Orthopoxvirus,prot_t5_xl_half_uniref50-enc,,LoRA,1,0,0.3822678,0
Orthopoxvirus,prot_t5_xl_half_uniref50-enc,,LoRA,1,0,0.30532566,0
Orthopoxvirus,prot_t5_xl_half_uniref50-enc,,LoRA,1,0,0.2949816,0
Orthopoxvirus,prot_t5_xl_half_uniref50-enc,,LoRA,1,0,0.39604422,0
Orthopoxvirus,prot_t5_xl_half_uniref50-enc,,LoRA,1,0,0.4378861,0
Orthopoxvirus,prot_t5_xl_half_uniref50-enc,,LoRA,1,0,0.543847,1
Orthopoxvirus,prot_t5_xl_half_uniref50-enc,,LoRA,1,0,0.66806805,1
Orthopoxvirus,prot_t5_xl_half_uniref50-enc,,LoRA,1,0,0.5692222,1
Orthopoxvirus,prot_t5_xl_half_uniref50-enc,,LoRA,1,0,0.80133134,1
Orthopoxvirus,prot_t5_xl_half_uniref50-enc,,LoRA,1,0,0.7990517,1
Orthopoxvirus,prot_t5_xl_half_uniref50-enc,,LoRA,1,0,0.6487637,1
Orthopoxvirus,prot_t5_xl_half_uniref50-enc,,LoRA,1,0,0.9395958,1
Orthopoxvirus,prot_t5_xl_half_uniref50-enc,,LoRA,1,0,0.8134258,1
Orthopoxvirus,prot_t5_xl_half_uniref50-enc,,LoRA,1,0,0.34078228,0
Orthopoxvirus,prot_t5_xl_half_uniref50-enc,,LoRA,1,0,0.4215254,0
Orthopoxvirus,prot_t5_xl_half_uniref50-enc,,LoRA,1,0,0.30925196,0
Orthopoxvirus,prot_t5_xl_half_uniref50-enc,,LoRA,1,0,0.45603985,0
Orthopoxvirus,prot_t5_xl_half_uniref50-enc,,LoRA,1,0,0.30478248,0
Orthopoxvirus,prot_t5_xl_half_uniref50-enc,,LoRA,1,0,0.29757085,0
Orthopoxvirus,prot_t5_xl_half_uniref50-enc,,LoRA,1,0,0.23570082,0
Orthopoxvirus,prot_t5_xl_half_uniref50-enc,,LoRA,1,1,0.86760795,1
Orthopoxvirus,prot_t5_xl_half_uniref50-enc,,LoRA,1,1,0.7714502,1
Orthopoxvirus,prot_t5_xl_half_uniref50-enc,,LoRA,1,1,0.84605926,1
Orthopoxvirus,prot_t5_xl_half_uniref50-enc,,LoRA,1,1,0.86289114,1
Orthopoxvirus,prot_t5_xl_half_uniref50-enc,,LoRA,1,1,0.8102198,1
Orthopoxvirus,prot_t5_xl_half_uniref50-enc,,LoRA,1,1,0.8813174,1
Orthopoxvirus,prot_t5_xl_half_uniref50-enc,,LoRA,1,1,0.9349248,1
Orthopoxvirus,prot_t5_xl_half_uniref50-enc,,LoRA,1,1,0.9115097,1
Orthopoxvirus,prot_t5_xl_half_uniref50-enc,,LoRA,1,1,0.79880095,1
Orthopoxvirus,prot_t5_xl_half_uniref50-enc,,LoRA,1,1,0.5720492,1
Orthopoxvirus,prot_t5_xl_half_uniref50-enc,,LoRA,1,1,0.65904146,1
Orthopoxvirus,prot_t5_xl_half_uniref50-enc,,LoRA,1,1,0.7242664,1
Orthopoxvirus,prot_t5_xl_half_uniref50-enc,,LoRA,1,1,0.7359069,1
Orthopoxvirus,prot_t5_xl_half_uniref50-enc,,LoRA,1,1,0.85494417,1
Orthopoxvirus,prot_t5_xl_half_uniref50-enc,,LoRA,1,1,0.6436987,1
Orthopoxvirus,prot_t5_xl_half_uniref50-enc,,LoRA,1,1,0.8099589,1
Orthopoxvirus,prot_t5_xl_half_uniref50-enc,,LoRA,1,1,0.7469488,1
Orthopoxvirus,prot_t5_xl_half_uniref50-enc,,LoRA,1,1,0.7491828,1
Orthopoxvirus,prot_t5_xl_half_uniref50-enc,,LoRA,1,1,0.7531295,1
Orthopoxvirus,prot_t5_xl_half_uniref50-enc,,LoRA,1,1,0.7245216,1
Orthopoxvirus,prot_t5_xl_half_uniref50-enc,,LoRA,1,1,0.7436636,1
Orthopoxvirus,prot_t5_xl_half_uniref50-enc,,LoRA,1,1,0.64324933,1
Orthopoxvirus,prot_t5_xl_half_uniref50-enc,,LoRA,1,1,0.67596513,1
Orthopoxvirus,prot_t5_xl_half_uniref50-enc,,LoRA,1,1,0.7240273,1
Orthopoxvirus,prot_t5_xl_half_uniref50-enc,,LoRA,1,1,0.5701191,1
Orthopoxvirus,prot_t5_xl_half_uniref50-enc,,LoRA,1,1,0.76470155,1
Orthopoxvirus,prot_t5_xl_half_uniref50-enc,,LoRA,1,1,0.82245785,1
Orthopoxvirus,prot_t5_xl_half_uniref50-enc,,LoRA,1,1,0.6848569,1
Orthopoxvirus,prot_t5_xl_half_uniref50-enc,,LoRA,1,1,0.54970443,1
Orthopoxvirus,prot_t5_xl_half_uniref50-enc,,LoRA,1,1,0.6297424,1
Orthopoxvirus,prot_t5_xl_half_uniref50-enc,,LoRA,1,1,0.6719987,1
Orthopoxvirus,prot_t5_xl_half_uniref50-enc,,LoRA,1,1,0.7617946,1
Orthopoxvirus,prot_t5_xl_half_uniref50-enc,,LoRA,1,1,0.85805714,1
Orthopoxvirus,prot_t5_xl_half_uniref50-enc,,LoRA,1,1,0.6687911,1
Orthopoxvirus,prot_t5_xl_half_uniref50-enc,,LoRA,1,1,0.3505844,0
Orthopoxvirus,prot_t5_xl_half_uniref50-enc,,LoRA,1,1,0.3423385,0
Orthopoxvirus,prot_t5_xl_half_uniref50-enc,,LoRA,1,1,0.41974375,0
Orthopoxvirus,prot_t5_xl_half_uniref50-enc,,LoRA,1,1,0.5060392,1
Orthopoxvirus,prot_t5_xl_half_uniref50-enc,,LoRA,1,1,0.49479434,0
Orthopoxvirus,prot_t5_xl_half_uniref50-enc,,LoRA,1,0,0.51808584,1
Orthopoxvirus,prot_t5_xl_half_uniref50-enc,,LoRA,1,0,0.72475415,1
Orthopoxvirus,prot_t5_xl_half_uniref50-enc,,LoRA,1,0,0.5830474,1
Orthopoxvirus,prot_t5_xl_half_uniref50-enc,,LoRA,1,0,0.5872751,1
Orthopoxvirus,prot_t5_xl_half_uniref50-enc,,LoRA,1,0,0.4227464,0
Orthopoxvirus,prot_t5_xl_half_uniref50-enc,,LoRA,1,0,0.29408887,0
Orthopoxvirus,prot_t5_xl_half_uniref50-enc,,LoRA,1,1,0.4404789,0
Orthopoxvirus,prot_t5_xl_half_uniref50-enc,,LoRA,1,1,0.58448637,1
Orthopoxvirus,prot_t5_xl_half_uniref50-enc,,LoRA,1,1,0.53418404,1
Orthopoxvirus,prot_t5_xl_half_uniref50-enc,,LoRA,1,1,0.4796639,0
Orthopoxvirus,prot_t5_xl_half_uniref50-enc,,LoRA,1,1,0.5214499,1
Orthopoxvirus,prot_t5_xl_half_uniref50-enc,,LoRA,1,1,0.81090814,1
Orthopoxvirus,prot_t5_xl_half_uniref50-enc,,LoRA,1,1,0.66662157,1
Orthopoxvirus,prot_t5_xl_half_uniref50-enc,,LoRA,1,1,0.6807528,1
Orthopoxvirus,prot_t5_xl_half_uniref50-enc,,LoRA,1,1,0.58608866,1
Orthopoxvirus,prot_t5_xl_half_uniref50-enc,,LoRA,1,1,0.7971311,1
Orthopoxvirus,prot_t5_xl_half_uniref50-enc,,LoRA,1,1,0.8008997,1
Orthopoxvirus,prot_t5_xl_half_uniref50-enc,,LoRA,1,1,0.6720889,1
Orthopoxvirus,prot_t5_xl_half_uniref50-enc,,LoRA,1,1,0.4984738,0
Orthopoxvirus,prot_t5_xl_half_uniref50-enc,,LoRA,1,1,0.71526283,1
Orthopoxvirus,prot_t5_xl_half_uniref50-enc,,LoRA,1,1,0.5565957,1
Orthopoxvirus,prot_t5_xl_half_uniref50-enc,,LoRA,1,1,0.6107846,1
Orthopoxvirus,prot_t5_xl_half_uniref50-enc,,LoRA,1,1,0.55224645,1
Orthopoxvirus,prot_t5_xl_half_uniref50-enc,,LoRA,1,1,0.71994764,1
Orthopoxvirus,prot_t5_xl_half_uniref50-enc,,LoRA,1,1,0.42305523,0
Orthopoxvirus,prot_t5_xl_half_uniref50-enc,,LoRA,1,1,0.35026342,0
Orthopoxvirus,prot_t5_xl_half_uniref50-enc,,LoRA,1,1,0.18881534,0
Orthopoxvirus,prot_t5_xl_half_uniref50-enc,,LoRA,1,1,0.37352633,0
Orthopoxvirus,prot_t5_xl_half_uniref50-enc,,LoRA,1,1,0.26921874,0
Orthopoxvirus,prot_t5_xl_half_uniref50-enc,,LoRA,1,1,0.39009812,0
Orthopoxvirus,prot_t5_xl_half_uniref50-enc,,LoRA,1,1,0.28435543,0
Orthopoxvirus,prot_t5_xl_half_uniref50-enc,,LoRA,1,1,0.30055714,0
Orthopoxvirus,prot_t5_xl_half_uniref50-enc,,LoRA,1,1,0.193255,0
Orthopoxvirus,prot_t5_xl_half_uniref50-enc,,LoRA,1,1,0.14177442,0
Orthopoxvirus,prot_t5_xl_half_uniref50-enc,,LoRA,1,1,0.14250098,0
Orthopoxvirus,prot_t5_xl_half_uniref50-enc,,LoRA,1,1,0.15397362,0
Orthopoxvirus,prot_t5_xl_half_uniref50-enc,,LoRA,1,1,0.17226864,0
Orthopoxvirus,prot_t5_xl_half_uniref50-enc,,LoRA,1,1,0.2745317,0
Orthopoxvirus,prot_t5_xl_half_uniref50-enc,,LoRA,1,1,0.34413043,0
Orthopoxvirus,prot_t5_xl_half_uniref50-enc,,LoRA,1,1,0.29953423,0
Orthopoxvirus,prot_t5_xl_half_uniref50-enc,,LoRA,1,1,0.34479213,0
Orthopoxvirus,prot_t5_xl_half_uniref50-enc,,LoRA,1,1,0.39837754,0
Orthopoxvirus,prot_t5_xl_half_uniref50-enc,,LoRA,1,1,0.40062207,0
Orthopoxvirus,prot_t5_xl_half_uniref50-enc,,LoRA,1,1,0.8825846,1
Orthopoxvirus,prot_t5_xl_half_uniref50-enc,,LoRA,1,1,0.85753113,1
Orthopoxvirus,prot_t5_xl_half_uniref50-enc,,LoRA,1,1,0.92037493,1
Orthopoxvirus,prot_t5_xl_half_uniref50-enc,,LoRA,1,1,0.88709164,1
Orthopoxvirus,prot_t5_xl_half_uniref50-enc,,LoRA,1,1,0.9379161,1
Orthopoxvirus,prot_t5_xl_half_uniref50-enc,,LoRA,1,1,0.87930125,1
Orthopoxvirus,prot_t5_xl_half_uniref50-enc,,LoRA,1,1,0.87707037,1
Orthopoxvirus,prot_t5_xl_half_uniref50-enc,,LoRA,1,1,0.86126447,1
Orthopoxvirus,prot_t5_xl_half_uniref50-enc,,LoRA,1,1,0.8581512,1
Orthopoxvirus,prot_t5_xl_half_uniref50-enc,,LoRA,1,1,0.92407286,1
Orthopoxvirus,prot_t5_xl_half_uniref50-enc,,LoRA,1,1,0.82874465,1
Orthopoxvirus,prot_t5_xl_half_uniref50-enc,,LoRA,1,1,0.78981674,1
Orthopoxvirus,prot_t5_xl_half_uniref50-enc,,LoRA,1,1,0.9088539,1
Orthopoxvirus,prot_t5_xl_half_uniref50-enc,,LoRA,1,1,0.9603571,1
Orthopoxvirus,prot_t5_xl_half_uniref50-enc,,LoRA,1,1,0.94710046,1
Orthopoxvirus,prot_t5_xl_half_uniref50-enc,,LoRA,1,1,0.974326,1
Orthopoxvirus,prot_t5_xl_half_uniref50-enc,,LoRA,1,1,0.9573473,1
Orthopoxvirus,prot_t5_xl_half_uniref50-enc,,LoRA,1,1,0.89930207,1
Orthopoxvirus,prot_t5_xl_half_uniref50-enc,,LoRA,1,1,0.95702624,1
Orthopoxvirus,prot_t5_xl_half_uniref50-enc,,LoRA,1,1,0.9509483,1
Orthopoxvirus,prot_t5_xl_half_uniref50-enc,,LoRA,1,1,0.90628105,1
Orthopoxvirus,prot_t5_xl_half_uniref50-enc,,LoRA,1,1,0.65071464,1
Orthopoxvirus,prot_t5_xl_half_uniref50-enc,,LoRA,1,1,0.65654516,1
Orthopoxvirus,prot_t5_xl_half_uniref50-enc,,LoRA,1,1,0.5030806,1
Orthopoxvirus,prot_t5_xl_half_uniref50-enc,,LoRA,1,1,0.4748945,0
Orthopoxvirus,prot_t5_xl_half_uniref50-enc,,LoRA,1,1,0.7320594,1
Orthopoxvirus,prot_t5_xl_half_uniref50-enc,,LoRA,1,1,0.6324047,1
Orthopoxvirus,prot_t5_xl_half_uniref50-enc,,LoRA,1,1,0.6723579,1
Orthopoxvirus,prot_t5_xl_half_uniref50-enc,,LoRA,1,1,0.665408,1
Orthopoxvirus,prot_t5_xl_half_uniref50-enc,,LoRA,1,1,0.517891,1
Orthopoxvirus,prot_t5_xl_half_uniref50-enc,,LoRA,1,1,0.48886743,0
Orthopoxvirus,prot_t5_xl_half_uniref50-enc,,LoRA,1,0,0.5933534,1
Orthopoxvirus,prot_t5_xl_half_uniref50-enc,,LoRA,1,0,0.6871094,1
Orthopoxvirus,prot_t5_xl_half_uniref50-enc,,LoRA,1,0,0.6889024,1
Orthopoxvirus,prot_t5_xl_half_uniref50-enc,,LoRA,1,0,0.56704587,1
Orthopoxvirus,prot_t5_xl_half_uniref50-enc,,LoRA,1,0,0.51910925,1
Orthopoxvirus,prot_t5_xl_half_uniref50-enc,,LoRA,1,0,0.44591564,0
Orthopoxvirus,prot_t5_xl_half_uniref50-enc,,LoRA,1,0,0.43858254,0
Orthopoxvirus,prot_t5_xl_half_uniref50-enc,,LoRA,1,0,0.61123246,1
Orthopoxvirus,prot_t5_xl_half_uniref50-enc,,LoRA,1,0,0.6171345,1
Orthopoxvirus,prot_t5_xl_half_uniref50-enc,,LoRA,1,0,0.44815582,0
Orthopoxvirus,prot_t5_xl_half_uniref50-enc,,LoRA,1,0,0.70139027,1
Orthopoxvirus,prot_t5_xl_half_uniref50-enc,,LoRA,1,0,0.47690886,0
Orthopoxvirus,prot_t5_xl_half_uniref50-enc,,LoRA,1,0,0.56545544,1
Orthopoxvirus,prot_t5_xl_half_uniref50-enc,,LoRA,1,0,0.4131036,0
Orthopoxvirus,prot_t5_xl_half_uniref50-enc,,LoRA,1,0,0.5727078,1
Orthopoxvirus,prot_t5_xl_half_uniref50-enc,,LoRA,1,0,0.2761749,0
Orthopoxvirus,prot_t5_xl_half_uniref50-enc,,LoRA,1,0,0.46837893,0
Orthopoxvirus,prot_t5_xl_half_uniref50-enc,,LoRA,1,0,0.68608445,1
Orthopoxvirus,prot_t5_xl_half_uniref50-enc,,LoRA,1,0,0.5189235,1
Orthopoxvirus,prot_t5_xl_half_uniref50-enc,,LoRA,1,0,0.52084875,1
Orthopoxvirus,prot_t5_xl_half_uniref50-enc,,LoRA,1,0,0.58997786,1
Orthopoxvirus,prot_t5_xl_half_uniref50-enc,,LoRA,1,0,0.6777002,1
Orthopoxvirus,prot_t5_xl_half_uniref50-enc,,LoRA,1,0,0.8475696,1
Orthopoxvirus,prot_t5_xl_half_uniref50-enc,,LoRA,1,0,0.78494865,1
Orthopoxvirus,prot_t5_xl_half_uniref50-enc,,LoRA,1,0,0.66297245,1
Orthopoxvirus,prot_t5_xl_half_uniref50-enc,,LoRA,1,0,0.74575436,1
Orthopoxvirus,prot_t5_xl_half_uniref50-enc,,LoRA,1,0,0.795255,1
Orthopoxvirus,prot_t5_xl_half_uniref50-enc,,LoRA,1,0,0.72954106,1
Orthopoxvirus,prot_t5_xl_half_uniref50-enc,,LoRA,1,0,0.52305865,1
Orthopoxvirus,prot_t5_xl_half_uniref50-enc,,LoRA,1,0,0.6483845,1
Orthopoxvirus,prot_t5_xl_half_uniref50-enc,,LoRA,2,1,0.852976,1
Orthopoxvirus,prot_t5_xl_half_uniref50-enc,,LoRA,2,1,0.7839966,1
Orthopoxvirus,prot_t5_xl_half_uniref50-enc,,LoRA,2,1,0.6523955,1
Orthopoxvirus,prot_t5_xl_half_uniref50-enc,,LoRA,2,1,0.8178805,1
Orthopoxvirus,prot_t5_xl_half_uniref50-enc,,LoRA,2,1,0.7999475,1
Orthopoxvirus,prot_t5_xl_half_uniref50-enc,,LoRA,2,1,0.70440537,1
Orthopoxvirus,prot_t5_xl_half_uniref50-enc,,LoRA,2,1,0.68013084,1
Orthopoxvirus,prot_t5_xl_half_uniref50-enc,,LoRA,2,1,0.8235817,1
Orthopoxvirus,prot_t5_xl_half_uniref50-enc,,LoRA,2,1,0.87229437,1
Orthopoxvirus,prot_t5_xl_half_uniref50-enc,,LoRA,2,1,0.7650324,1
Orthopoxvirus,prot_t5_xl_half_uniref50-enc,,LoRA,2,1,0.31928223,0
Orthopoxvirus,prot_t5_xl_half_uniref50-enc,,LoRA,2,1,0.48131314,0
Orthopoxvirus,prot_t5_xl_half_uniref50-enc,,LoRA,2,1,0.45187435,0
Orthopoxvirus,prot_t5_xl_half_uniref50-enc,,LoRA,2,1,0.41907546,0
Orthopoxvirus,prot_t5_xl_half_uniref50-enc,,LoRA,2,1,0.6270489,1
Orthopoxvirus,prot_t5_xl_half_uniref50-enc,,LoRA,2,1,0.61497515,1
Orthopoxvirus,prot_t5_xl_half_uniref50-enc,,LoRA,2,1,0.65332603,1
Orthopoxvirus,prot_t5_xl_half_uniref50-enc,,LoRA,2,1,0.7716564,1
Orthopoxvirus,prot_t5_xl_half_uniref50-enc,,LoRA,2,1,0.90080744,1
Orthopoxvirus,prot_t5_xl_half_uniref50-enc,,LoRA,2,1,0.82171315,1
Orthopoxvirus,prot_t5_xl_half_uniref50-enc,,LoRA,2,1,0.7366147,1
Orthopoxvirus,prot_t5_xl_half_uniref50-enc,,LoRA,2,1,0.77489215,1
Orthopoxvirus,prot_t5_xl_half_uniref50-enc,,LoRA,2,1,0.8101249,1
Orthopoxvirus,prot_t5_xl_half_uniref50-enc,,LoRA,2,1,0.9098903,1
Orthopoxvirus,prot_t5_xl_half_uniref50-enc,,LoRA,2,1,0.65889245,1
Orthopoxvirus,prot_t5_xl_half_uniref50-enc,,LoRA,2,1,0.7714625,1
Orthopoxvirus,prot_t5_xl_half_uniref50-enc,,LoRA,2,1,0.69610023,1
Orthopoxvirus,prot_t5_xl_half_uniref50-enc,,LoRA,2,1,0.73593813,1
Orthopoxvirus,prot_t5_xl_half_uniref50-enc,,LoRA,2,1,0.9150692,1
Orthopoxvirus,prot_t5_xl_half_uniref50-enc,,LoRA,2,1,0.908584,1
Orthopoxvirus,prot_t5_xl_half_uniref50-enc,,LoRA,2,1,0.8093278,1
Orthopoxvirus,prot_t5_xl_half_uniref50-enc,,LoRA,2,1,0.7842682,1
Orthopoxvirus,prot_t5_xl_half_uniref50-enc,,LoRA,2,1,0.9053244,1
Orthopoxvirus,prot_t5_xl_half_uniref50-enc,,LoRA,2,1,0.84725446,1
Orthopoxvirus,prot_t5_xl_half_uniref50-enc,,LoRA,2,1,0.74406385,1
Orthopoxvirus,prot_t5_xl_half_uniref50-enc,,LoRA,2,1,0.7572445,1
Orthopoxvirus,prot_t5_xl_half_uniref50-enc,,LoRA,2,1,0.93986005,1
Orthopoxvirus,prot_t5_xl_half_uniref50-enc,,LoRA,2,1,0.8589706,1
Orthopoxvirus,prot_t5_xl_half_uniref50-enc,,LoRA,2,1,0.93304944,1
Orthopoxvirus,prot_t5_xl_half_uniref50-enc,,LoRA,2,1,0.723346,1
Orthopoxvirus,prot_t5_xl_half_uniref50-enc,,LoRA,2,1,0.97308606,1
Orthopoxvirus,prot_t5_xl_half_uniref50-enc,,LoRA,2,1,0.96390647,1
Orthopoxvirus,prot_t5_xl_half_uniref50-enc,,LoRA,2,1,0.97378564,1
Orthopoxvirus,prot_t5_xl_half_uniref50-enc,,LoRA,2,1,0.9371753,1
Orthopoxvirus,prot_t5_xl_half_uniref50-enc,,LoRA,2,1,0.9493339,1
Orthopoxvirus,prot_t5_xl_half_uniref50-enc,,LoRA,2,1,0.97494715,1
Orthopoxvirus,prot_t5_xl_half_uniref50-enc,,LoRA,2,1,0.93394655,1
Orthopoxvirus,prot_t5_xl_half_uniref50-enc,,LoRA,2,1,0.98343164,1
Orthopoxvirus,prot_t5_xl_half_uniref50-enc,,LoRA,2,1,0.9653629,1
Orthopoxvirus,prot_t5_xl_half_uniref50-enc,,LoRA,2,1,0.9826766,1
Orthopoxvirus,prot_t5_xl_half_uniref50-enc,,LoRA,2,1,0.95404917,1
Orthopoxvirus,prot_t5_xl_half_uniref50-enc,,LoRA,2,1,0.91105,1
Orthopoxvirus,prot_t5_xl_half_uniref50-enc,,LoRA,2,1,0.94223905,1
Orthopoxvirus,prot_t5_xl_half_uniref50-enc,,LoRA,2,1,0.97693175,1
Orthopoxvirus,prot_t5_xl_half_uniref50-enc,,LoRA,2,1,0.9393838,1
Orthopoxvirus,prot_t5_xl_half_uniref50-enc,,LoRA,2,1,0.9405041,1
Orthopoxvirus,prot_t5_xl_half_uniref50-enc,,LoRA,2,1,0.92147005,1
Orthopoxvirus,prot_t5_xl_half_uniref50-enc,,LoRA,2,1,0.911273,1
Orthopoxvirus,prot_t5_xl_half_uniref50-enc,,LoRA,2,1,0.9304173,1
Orthopoxvirus,prot_t5_xl_half_uniref50-enc,,LoRA,2,1,0.9105487,1
Orthopoxvirus,prot_t5_xl_half_uniref50-enc,,LoRA,2,1,0.91628754,1
Orthopoxvirus,prot_t5_xl_half_uniref50-enc,,LoRA,2,1,0.9390689,1
Orthopoxvirus,prot_t5_xl_half_uniref50-enc,,LoRA,2,1,0.9003741,1
Orthopoxvirus,prot_t5_xl_half_uniref50-enc,,LoRA,2,1,0.9638528,1
Orthopoxvirus,prot_t5_xl_half_uniref50-enc,,LoRA,2,1,0.7379432,1
Orthopoxvirus,prot_t5_xl_half_uniref50-enc,,LoRA,2,1,0.8905536,1
Orthopoxvirus,prot_t5_xl_half_uniref50-enc,,LoRA,2,1,0.9378081,1
Orthopoxvirus,prot_t5_xl_half_uniref50-enc,,LoRA,2,1,0.9511328,1
Orthopoxvirus,prot_t5_xl_half_uniref50-enc,,LoRA,2,1,0.9255363,1
Orthopoxvirus,prot_t5_xl_half_uniref50-enc,,LoRA,2,1,0.93791056,1
Orthopoxvirus,prot_t5_xl_half_uniref50-enc,,LoRA,2,1,0.93050563,1
Orthopoxvirus,prot_t5_xl_half_uniref50-enc,,LoRA,2,1,0.7879106,1
Orthopoxvirus,prot_t5_xl_half_uniref50-enc,,LoRA,2,1,0.8036251,1
Orthopoxvirus,prot_t5_xl_half_uniref50-enc,,LoRA,2,1,0.85910904,1
Orthopoxvirus,prot_t5_xl_half_uniref50-enc,,LoRA,2,1,0.8760859,1
Orthopoxvirus,prot_t5_xl_half_uniref50-enc,,LoRA,2,1,0.92949504,1
Orthopoxvirus,prot_t5_xl_half_uniref50-enc,,LoRA,2,1,0.87601864,1
Orthopoxvirus,prot_t5_xl_half_uniref50-enc,,LoRA,2,1,0.8420501,1
Orthopoxvirus,prot_t5_xl_half_uniref50-enc,,LoRA,2,1,0.7368452,1
Orthopoxvirus,prot_t5_xl_half_uniref50-enc,,LoRA,2,1,0.8797251,1
Orthopoxvirus,prot_t5_xl_half_uniref50-enc,,LoRA,2,1,0.70923835,1
Orthopoxvirus,prot_t5_xl_half_uniref50-enc,,LoRA,2,1,0.8652802,1
Orthopoxvirus,prot_t5_xl_half_uniref50-enc,,LoRA,2,1,0.6746786,1
Orthopoxvirus,prot_t5_xl_half_uniref50-enc,,LoRA,2,1,0.7045265,1
Orthopoxvirus,prot_t5_xl_half_uniref50-enc,,LoRA,2,1,0.55446637,1
Orthopoxvirus,prot_t5_xl_half_uniref50-enc,,LoRA,2,1,0.69256043,1
Orthopoxvirus,prot_t5_xl_half_uniref50-enc,,LoRA,2,1,0.6201645,1
Orthopoxvirus,prot_t5_xl_half_uniref50-enc,,LoRA,2,1,0.8272022,1
Orthopoxvirus,prot_t5_xl_half_uniref50-enc,,LoRA,2,1,0.90578705,1
Orthopoxvirus,prot_t5_xl_half_uniref50-enc,,LoRA,2,1,0.9530589,1
Orthopoxvirus,prot_t5_xl_half_uniref50-enc,,LoRA,2,1,0.9124343,1
Orthopoxvirus,prot_t5_xl_half_uniref50-enc,,LoRA,2,1,0.8334994,1
Orthopoxvirus,prot_t5_xl_half_uniref50-enc,,LoRA,2,1,0.63481617,1
Orthopoxvirus,prot_t5_xl_half_uniref50-enc,,LoRA,2,1,0.97333086,1
Orthopoxvirus,prot_t5_xl_half_uniref50-enc,,LoRA,2,1,0.95285547,1
Orthopoxvirus,prot_t5_xl_half_uniref50-enc,,LoRA,2,1,0.97848696,1
Orthopoxvirus,prot_t5_xl_half_uniref50-enc,,LoRA,2,1,0.9379356,1
Orthopoxvirus,prot_t5_xl_half_uniref50-enc,,LoRA,2,1,0.8978848,1
Orthopoxvirus,prot_t5_xl_half_uniref50-enc,,LoRA,2,1,0.93292224,1
Orthopoxvirus,prot_t5_xl_half_uniref50-enc,,LoRA,2,1,0.96432644,1
Orthopoxvirus,prot_t5_xl_half_uniref50-enc,,LoRA,2,1,0.9538914,1
Orthopoxvirus,prot_t5_xl_half_uniref50-enc,,LoRA,2,1,0.93104196,1
Orthopoxvirus,prot_t5_xl_half_uniref50-enc,,LoRA,2,1,0.9002758,1
Orthopoxvirus,prot_t5_xl_half_uniref50-enc,,LoRA,2,1,0.97673845,1
Orthopoxvirus,prot_t5_xl_half_uniref50-enc,,LoRA,2,1,0.95683414,1
Orthopoxvirus,prot_t5_xl_half_uniref50-enc,,LoRA,2,1,0.94830805,1
Orthopoxvirus,prot_t5_xl_half_uniref50-enc,,LoRA,2,1,0.961744,1
Orthopoxvirus,prot_t5_xl_half_uniref50-enc,,LoRA,2,1,0.9830458,1
Orthopoxvirus,prot_t5_xl_half_uniref50-enc,,LoRA,2,1,0.9718489,1
Orthopoxvirus,prot_t5_xl_half_uniref50-enc,,LoRA,2,1,0.98489547,1
Orthopoxvirus,prot_t5_xl_half_uniref50-enc,,LoRA,2,1,0.97295696,1
Orthopoxvirus,prot_t5_xl_half_uniref50-enc,,LoRA,2,1,0.98060846,1
Orthopoxvirus,prot_t5_xl_half_uniref50-enc,,LoRA,2,1,0.9454859,1
Orthopoxvirus,prot_t5_xl_half_uniref50-enc,,LoRA,2,1,0.94755363,1
Orthopoxvirus,prot_t5_xl_half_uniref50-enc,,LoRA,2,1,0.9806778,1
Orthopoxvirus,prot_t5_xl_half_uniref50-enc,,LoRA,2,1,0.97288007,1
Orthopoxvirus,prot_t5_xl_half_uniref50-enc,,LoRA,2,1,0.9768912,1
Orthopoxvirus,prot_t5_xl_half_uniref50-enc,,LoRA,2,1,0.9719662,1
Orthopoxvirus,prot_t5_xl_half_uniref50-enc,,LoRA,2,1,0.9595234,1
Orthopoxvirus,prot_t5_xl_half_uniref50-enc,,LoRA,2,1,0.9606741,1
Orthopoxvirus,prot_t5_xl_half_uniref50-enc,,LoRA,2,1,0.95816356,1
Orthopoxvirus,prot_t5_xl_half_uniref50-enc,,LoRA,2,1,0.9740727,1
Orthopoxvirus,prot_t5_xl_half_uniref50-enc,,LoRA,2,1,0.97397196,1
Orthopoxvirus,prot_t5_xl_half_uniref50-enc,,LoRA,2,1,0.98449415,1
Orthopoxvirus,prot_t5_xl_half_uniref50-enc,,LoRA,2,1,0.980336,1
Orthopoxvirus,prot_t5_xl_half_uniref50-enc,,LoRA,2,1,0.970029,1
Orthopoxvirus,prot_t5_xl_half_uniref50-enc,,LoRA,2,1,0.96072835,1
Orthopoxvirus,prot_t5_xl_half_uniref50-enc,,LoRA,2,1,0.9634186,1
Orthopoxvirus,prot_t5_xl_half_uniref50-enc,,LoRA,2,1,0.9608839,1
Orthopoxvirus,prot_t5_xl_half_uniref50-enc,,LoRA,2,1,0.9407318,1
Orthopoxvirus,prot_t5_xl_half_uniref50-enc,,LoRA,2,1,0.9351023,1
Orthopoxvirus,prot_t5_xl_half_uniref50-enc,,LoRA,2,1,0.9748477,1
Orthopoxvirus,prot_t5_xl_half_uniref50-enc,,LoRA,2,1,0.974722,1
Orthopoxvirus,prot_t5_xl_half_uniref50-enc,,LoRA,2,1,0.9832529,1
Orthopoxvirus,prot_t5_xl_half_uniref50-enc,,LoRA,2,1,0.98825127,1
Orthopoxvirus,prot_t5_xl_half_uniref50-enc,,LoRA,2,1,0.9889593,1
Orthopoxvirus,prot_t5_xl_half_uniref50-enc,,LoRA,2,1,0.9721439,1
Orthopoxvirus,prot_t5_xl_half_uniref50-enc,,LoRA,2,1,0.98281235,1
Orthopoxvirus,prot_t5_xl_half_uniref50-enc,,LoRA,2,1,0.98554194,1
Orthopoxvirus,prot_t5_xl_half_uniref50-enc,,LoRA,2,1,0.9881571,1
Orthopoxvirus,prot_t5_xl_half_uniref50-enc,,LoRA,2,1,0.9230503,1
Orthopoxvirus,prot_t5_xl_half_uniref50-enc,,LoRA,2,1,0.94489527,1
Orthopoxvirus,prot_t5_xl_half_uniref50-enc,,LoRA,2,1,0.9385032,1
Orthopoxvirus,prot_t5_xl_half_uniref50-enc,,LoRA,2,1,0.9381301,1
Orthopoxvirus,prot_t5_xl_half_uniref50-enc,,LoRA,2,1,0.94678354,1
Orthopoxvirus,prot_t5_xl_half_uniref50-enc,,LoRA,2,1,0.95729965,1
Orthopoxvirus,prot_t5_xl_half_uniref50-enc,,LoRA,2,1,0.8969968,1
Orthopoxvirus,prot_t5_xl_half_uniref50-enc,,LoRA,2,1,0.9044914,1
Orthopoxvirus,prot_t5_xl_half_uniref50-enc,,LoRA,2,1,0.9338823,1
Orthopoxvirus,prot_t5_xl_half_uniref50-enc,,LoRA,2,1,0.93329275,1
Orthopoxvirus,prot_t5_xl_half_uniref50-enc,,LoRA,2,1,0.9391992,1
Orthopoxvirus,prot_t5_xl_half_uniref50-enc,,LoRA,2,1,0.8784878,1
Orthopoxvirus,prot_t5_xl_half_uniref50-enc,,LoRA,2,1,0.93702716,1
Orthopoxvirus,prot_t5_xl_half_uniref50-enc,,LoRA,2,1,0.9120681,1
Orthopoxvirus,prot_t5_xl_half_uniref50-enc,,LoRA,2,1,0.88603425,1
Orthopoxvirus,prot_t5_xl_half_uniref50-enc,,LoRA,2,1,0.89868337,1
Orthopoxvirus,prot_t5_xl_half_uniref50-enc,,LoRA,2,1,0.7834003,1
Orthopoxvirus,prot_t5_xl_half_uniref50-enc,,LoRA,2,1,0.8618228,1
Orthopoxvirus,prot_t5_xl_half_uniref50-enc,,LoRA,2,1,0.8031015,1
Orthopoxvirus,prot_t5_xl_half_uniref50-enc,,LoRA,2,1,0.88674945,1
Orthopoxvirus,prot_t5_xl_half_uniref50-enc,,LoRA,2,1,0.8509136,1
Orthopoxvirus,prot_t5_xl_half_uniref50-enc,,LoRA,2,1,0.70032626,1
Orthopoxvirus,prot_t5_xl_half_uniref50-enc,,LoRA,2,1,0.8353024,1
Orthopoxvirus,prot_t5_xl_half_uniref50-enc,,LoRA,2,1,0.80307114,1
Orthopoxvirus,prot_t5_xl_half_uniref50-enc,,LoRA,2,1,0.85335267,1
Orthopoxvirus,prot_t5_xl_half_uniref50-enc,,LoRA,2,1,0.9199278,1
Orthopoxvirus,prot_t5_xl_half_uniref50-enc,,LoRA,2,1,0.93987256,1
Orthopoxvirus,prot_t5_xl_half_uniref50-enc,,LoRA,2,1,0.925127,1
Orthopoxvirus,prot_t5_xl_half_uniref50-enc,,LoRA,2,1,0.9503181,1
Orthopoxvirus,prot_t5_xl_half_uniref50-enc,,LoRA,2,1,0.9193149,1
Orthopoxvirus,prot_t5_xl_half_uniref50-enc,,LoRA,2,1,0.9137769,1
Orthopoxvirus,prot_t5_xl_half_uniref50-enc,,LoRA,2,1,0.9446065,1
Orthopoxvirus,prot_t5_xl_half_uniref50-enc,,LoRA,2,1,0.8961385,1
Orthopoxvirus,prot_t5_xl_half_uniref50-enc,,LoRA,2,1,0.93291754,1
Orthopoxvirus,prot_t5_xl_half_uniref50-enc,,LoRA,2,1,0.90953976,1
Orthopoxvirus,prot_t5_xl_half_uniref50-enc,,LoRA,2,1,0.8835252,1
Orthopoxvirus,prot_t5_xl_half_uniref50-enc,,LoRA,2,1,0.85602933,1
Orthopoxvirus,prot_t5_xl_half_uniref50-enc,,LoRA,2,1,0.9233556,1
Orthopoxvirus,prot_t5_xl_half_uniref50-enc,,LoRA,2,1,0.901098,1
Orthopoxvirus,prot_t5_xl_half_uniref50-enc,,LoRA,2,1,0.91146183,1
Orthopoxvirus,prot_t5_xl_half_uniref50-enc,,LoRA,2,1,0.9151312,1
Orthopoxvirus,prot_t5_xl_half_uniref50-enc,,LoRA,2,1,0.9511723,1
Orthopoxvirus,prot_t5_xl_half_uniref50-enc,,LoRA,2,1,0.9658296,1
Orthopoxvirus,prot_t5_xl_half_uniref50-enc,,LoRA,2,1,0.9821624,1
Orthopoxvirus,prot_t5_xl_half_uniref50-enc,,LoRA,2,1,0.94607645,1
Orthopoxvirus,prot_t5_xl_half_uniref50-enc,,LoRA,2,1,0.8974587,1
Orthopoxvirus,prot_t5_xl_half_uniref50-enc,,LoRA,2,1,0.36890194,0
Orthopoxvirus,prot_t5_xl_half_uniref50-enc,,LoRA,2,1,0.7412579,1
Orthopoxvirus,prot_t5_xl_half_uniref50-enc,,LoRA,2,1,0.58337915,1
Orthopoxvirus,prot_t5_xl_half_uniref50-enc,,LoRA,2,1,0.5808527,1
Orthopoxvirus,prot_t5_xl_half_uniref50-enc,,LoRA,2,1,0.63712007,1
Orthopoxvirus,prot_t5_xl_half_uniref50-enc,,LoRA,2,1,0.6053684,1
Orthopoxvirus,prot_t5_xl_half_uniref50-enc,,LoRA,2,1,0.6432439,1
Orthopoxvirus,prot_t5_xl_half_uniref50-enc,,LoRA,2,1,0.5158781,1
Orthopoxvirus,prot_t5_xl_half_uniref50-enc,,LoRA,2,1,0.452916,0
Orthopoxvirus,prot_t5_xl_half_uniref50-enc,,LoRA,2,1,0.56994116,1
Orthopoxvirus,prot_t5_xl_half_uniref50-enc,,LoRA,2,1,0.6307861,1
Orthopoxvirus,prot_t5_xl_half_uniref50-enc,,LoRA,2,1,0.69336873,1
Orthopoxvirus,prot_t5_xl_half_uniref50-enc,,LoRA,2,1,0.7248016,1
Orthopoxvirus,prot_t5_xl_half_uniref50-enc,,LoRA,2,1,0.64515185,1
Orthopoxvirus,prot_t5_xl_half_uniref50-enc,,LoRA,2,1,0.66921353,1
Orthopoxvirus,prot_t5_xl_half_uniref50-enc,,LoRA,2,1,0.59157926,1
Orthopoxvirus,prot_t5_xl_half_uniref50-enc,,LoRA,2,1,0.6998119,1
Orthopoxvirus,prot_t5_xl_half_uniref50-enc,,LoRA,2,1,0.6539392,1
Orthopoxvirus,prot_t5_xl_half_uniref50-enc,,LoRA,2,1,0.80312526,1
Orthopoxvirus,prot_t5_xl_half_uniref50-enc,,LoRA,2,1,0.73954505,1
Orthopoxvirus,prot_t5_xl_half_uniref50-enc,,LoRA,2,1,0.4599347,0
Orthopoxvirus,prot_t5_xl_half_uniref50-enc,,LoRA,2,1,0.6869136,1
Orthopoxvirus,prot_t5_xl_half_uniref50-enc,,LoRA,2,1,0.78605896,1
Orthopoxvirus,prot_t5_xl_half_uniref50-enc,,LoRA,2,1,0.40539333,0
Orthopoxvirus,prot_t5_xl_half_uniref50-enc,,LoRA,2,1,0.39713734,0
Orthopoxvirus,prot_t5_xl_half_uniref50-enc,,LoRA,2,1,0.48964298,0
Orthopoxvirus,prot_t5_xl_half_uniref50-enc,,LoRA,2,1,0.4320418,0
Orthopoxvirus,prot_t5_xl_half_uniref50-enc,,LoRA,2,1,0.3357556,0
Orthopoxvirus,prot_t5_xl_half_uniref50-enc,,LoRA,2,1,0.96542245,1
Orthopoxvirus,prot_t5_xl_half_uniref50-enc,,LoRA,2,1,0.88999104,1
Orthopoxvirus,prot_t5_xl_half_uniref50-enc,,LoRA,2,1,0.86689013,1
Orthopoxvirus,prot_t5_xl_half_uniref50-enc,,LoRA,2,1,0.8943229,1
Orthopoxvirus,prot_t5_xl_half_uniref50-enc,,LoRA,2,1,0.74099064,1
Orthopoxvirus,prot_t5_xl_half_uniref50-enc,,LoRA,2,0,0.7279411,1
Orthopoxvirus,prot_t5_xl_half_uniref50-enc,,LoRA,2,0,0.86038893,1
Orthopoxvirus,prot_t5_xl_half_uniref50-enc,,LoRA,2,0,0.62510705,1
Orthopoxvirus,prot_t5_xl_half_uniref50-enc,,LoRA,2,0,0.77271473,1
Orthopoxvirus,prot_t5_xl_half_uniref50-enc,,LoRA,2,0,0.86585397,1
Orthopoxvirus,prot_t5_xl_half_uniref50-enc,,LoRA,2,0,0.9053243,1
Orthopoxvirus,prot_t5_xl_half_uniref50-enc,,LoRA,2,0,0.8050091,1
Orthopoxvirus,prot_t5_xl_half_uniref50-enc,,LoRA,2,0,0.8719276,1
Orthopoxvirus,prot_t5_xl_half_uniref50-enc,,LoRA,2,0,0.92400706,1
Orthopoxvirus,prot_t5_xl_half_uniref50-enc,,LoRA,2,0,0.93260723,1
Orthopoxvirus,prot_t5_xl_half_uniref50-enc,,LoRA,2,0,0.560023,1
Orthopoxvirus,prot_t5_xl_half_uniref50-enc,,LoRA,2,0,0.70855284,1
Orthopoxvirus,prot_t5_xl_half_uniref50-enc,,LoRA,2,0,0.75886905,1
Orthopoxvirus,prot_t5_xl_half_uniref50-enc,,LoRA,2,0,0.7594849,1
Orthopoxvirus,prot_t5_xl_half_uniref50-enc,,LoRA,2,0,0.80815077,1
Orthopoxvirus,prot_t5_xl_half_uniref50-enc,,LoRA,2,0,0.6747117,1
Orthopoxvirus,prot_t5_xl_half_uniref50-enc,,LoRA,2,0,0.8674008,1
Orthopoxvirus,prot_t5_xl_half_uniref50-enc,,LoRA,2,0,0.8705824,1
Orthopoxvirus,prot_t5_xl_half_uniref50-enc,,LoRA,2,0,0.58360875,1
Orthopoxvirus,prot_t5_xl_half_uniref50-enc,,LoRA,2,0,0.6466048,1
Orthopoxvirus,prot_t5_xl_half_uniref50-enc,,LoRA,2,0,0.6768596,1
Orthopoxvirus,prot_t5_xl_half_uniref50-enc,,LoRA,2,0,0.74050796,1
Orthopoxvirus,prot_t5_xl_half_uniref50-enc,,LoRA,2,0,0.7212433,1
Orthopoxvirus,prot_t5_xl_half_uniref50-enc,,LoRA,2,0,0.89606345,1
Orthopoxvirus,prot_t5_xl_half_uniref50-enc,,LoRA,2,0,0.7676205,1
Orthopoxvirus,prot_t5_xl_half_uniref50-enc,,LoRA,2,0,0.5641293,1
Orthopoxvirus,prot_t5_xl_half_uniref50-enc,,LoRA,2,0,0.45023143,0
Orthopoxvirus,prot_t5_xl_half_uniref50-enc,,LoRA,2,0,0.6253141,1
Orthopoxvirus,prot_t5_xl_half_uniref50-enc,,LoRA,2,0,0.7717781,1
Orthopoxvirus,prot_t5_xl_half_uniref50-enc,,LoRA,2,0,0.569,1
Orthopoxvirus,prot_t5_xl_half_uniref50-enc,,LoRA,2,0,0.6004402,1
Orthopoxvirus,prot_t5_xl_half_uniref50-enc,,LoRA,2,0,0.6342782,1
Orthopoxvirus,prot_t5_xl_half_uniref50-enc,,LoRA,2,0,0.6986974,1
Orthopoxvirus,prot_t5_xl_half_uniref50-enc,,LoRA,2,0,0.46459377,0
Orthopoxvirus,prot_t5_xl_half_uniref50-enc,,LoRA,2,0,0.5770869,1
Orthopoxvirus,prot_t5_xl_half_uniref50-enc,,LoRA,2,0,0.7236451,1
Orthopoxvirus,prot_t5_xl_half_uniref50-enc,,LoRA,2,0,0.4631013,0
Orthopoxvirus,prot_t5_xl_half_uniref50-enc,,LoRA,2,0,0.5083165,1
Orthopoxvirus,prot_t5_xl_half_uniref50-enc,,LoRA,2,0,0.6435229,1
Orthopoxvirus,prot_t5_xl_half_uniref50-enc,,LoRA,2,0,0.47185978,0
Orthopoxvirus,prot_t5_xl_half_uniref50-enc,,LoRA,2,0,0.5952801,1
Orthopoxvirus,prot_t5_xl_half_uniref50-enc,,LoRA,2,0,0.6224163,1
Orthopoxvirus,prot_t5_xl_half_uniref50-enc,,LoRA,2,0,0.77346843,1
Orthopoxvirus,prot_t5_xl_half_uniref50-enc,,LoRA,2,0,0.56841195,1
Orthopoxvirus,prot_t5_xl_half_uniref50-enc,,LoRA,2,0,0.5896034,1
Orthopoxvirus,prot_t5_xl_half_uniref50-enc,,LoRA,2,0,0.59108627,1
Orthopoxvirus,prot_t5_xl_half_uniref50-enc,,LoRA,2,0,0.5944383,1
Orthopoxvirus,prot_t5_xl_half_uniref50-enc,,LoRA,2,0,0.62982863,1
Orthopoxvirus,prot_t5_xl_half_uniref50-enc,,LoRA,2,0,0.40712836,0
Orthopoxvirus,prot_t5_xl_half_uniref50-enc,,LoRA,2,0,0.52243567,1
Orthopoxvirus,prot_t5_xl_half_uniref50-enc,,LoRA,2,0,0.6944918,1
Orthopoxvirus,prot_t5_xl_half_uniref50-enc,,LoRA,2,0,0.67645055,1
Orthopoxvirus,prot_t5_xl_half_uniref50-enc,,LoRA,2,0,0.60440284,1
Orthopoxvirus,prot_t5_xl_half_uniref50-enc,,LoRA,2,0,0.5450055,1
Orthopoxvirus,prot_t5_xl_half_uniref50-enc,,LoRA,2,0,0.40934795,0
Orthopoxvirus,prot_t5_xl_half_uniref50-enc,,LoRA,2,0,0.30814728,0
Orthopoxvirus,prot_t5_xl_half_uniref50-enc,,LoRA,2,0,0.37683433,0
Orthopoxvirus,prot_t5_xl_half_uniref50-enc,,LoRA,2,0,0.31237128,0
Orthopoxvirus,prot_t5_xl_half_uniref50-enc,,LoRA,2,0,0.256662,0
Orthopoxvirus,prot_t5_xl_half_uniref50-enc,,LoRA,2,0,0.3961763,0
Orthopoxvirus,prot_t5_xl_half_uniref50-enc,,LoRA,2,0,0.6309228,1
Orthopoxvirus,prot_t5_xl_half_uniref50-enc,,LoRA,2,0,0.3720782,0
Orthopoxvirus,prot_t5_xl_half_uniref50-enc,,LoRA,2,0,0.43825382,0
Orthopoxvirus,prot_t5_xl_half_uniref50-enc,,LoRA,2,0,0.6386181,1
Orthopoxvirus,prot_t5_xl_half_uniref50-enc,,LoRA,2,0,0.7591563,1
Orthopoxvirus,prot_t5_xl_half_uniref50-enc,,LoRA,2,0,0.8544263,1
Orthopoxvirus,prot_t5_xl_half_uniref50-enc,,LoRA,2,0,0.5396521,1
Orthopoxvirus,prot_t5_xl_half_uniref50-enc,,LoRA,2,0,0.64061797,1
Orthopoxvirus,prot_t5_xl_half_uniref50-enc,,LoRA,2,0,0.43286544,0
Orthopoxvirus,prot_t5_xl_half_uniref50-enc,,LoRA,2,0,0.8026899,1
Orthopoxvirus,prot_t5_xl_half_uniref50-enc,,LoRA,2,0,0.6218467,1
Orthopoxvirus,prot_t5_xl_half_uniref50-enc,,LoRA,2,0,0.59648806,1
Orthopoxvirus,prot_t5_xl_half_uniref50-enc,,LoRA,2,0,0.8126455,1
Orthopoxvirus,prot_t5_xl_half_uniref50-enc,,LoRA,2,0,0.6303708,1
Orthopoxvirus,prot_t5_xl_half_uniref50-enc,,LoRA,2,0,0.8572218,1
Orthopoxvirus,prot_t5_xl_half_uniref50-enc,,LoRA,2,0,0.6750016,1
Orthopoxvirus,prot_t5_xl_half_uniref50-enc,,LoRA,2,0,0.59981954,1
Orthopoxvirus,prot_t5_xl_half_uniref50-enc,,LoRA,2,0,0.7683703,1
Orthopoxvirus,prot_t5_xl_half_uniref50-enc,,LoRA,2,0,0.8118541,1
Orthopoxvirus,prot_t5_xl_half_uniref50-enc,,LoRA,2,0,0.7028178,1
Orthopoxvirus,prot_t5_xl_half_uniref50-enc,,LoRA,2,0,0.24909377,0
Orthopoxvirus,prot_t5_xl_half_uniref50-enc,,LoRA,2,0,0.76044995,1
Orthopoxvirus,prot_t5_xl_half_uniref50-enc,,LoRA,2,0,0.71404845,1
Orthopoxvirus,prot_t5_xl_half_uniref50-enc,,LoRA,2,0,0.88301796,1
Orthopoxvirus,prot_t5_xl_half_uniref50-enc,,LoRA,2,0,0.8078726,1
Orthopoxvirus,prot_t5_xl_half_uniref50-enc,,LoRA,2,0,0.6763137,1
Orthopoxvirus,prot_t5_xl_half_uniref50-enc,,LoRA,2,0,0.88674337,1
Orthopoxvirus,prot_t5_xl_half_uniref50-enc,,LoRA,2,0,0.6229732,1
Orthopoxvirus,prot_t5_xl_half_uniref50-enc,,LoRA,2,0,0.9055318,1
Orthopoxvirus,prot_t5_xl_half_uniref50-enc,,LoRA,2,0,0.73053706,1
Orthopoxvirus,prot_t5_xl_half_uniref50-enc,,LoRA,2,0,0.7445898,1
Orthopoxvirus,prot_t5_xl_half_uniref50-enc,,LoRA,2,0,0.880019,1
Orthopoxvirus,prot_t5_xl_half_uniref50-enc,,LoRA,2,0,0.7205547,1
Orthopoxvirus,prot_t5_xl_half_uniref50-enc,,LoRA,2,0,0.8380438,1
Orthopoxvirus,prot_t5_xl_half_uniref50-enc,,LoRA,2,0,0.86940086,1
Orthopoxvirus,prot_t5_xl_half_uniref50-enc,,LoRA,2,0,0.90341896,1
Orthopoxvirus,prot_t5_xl_half_uniref50-enc,,LoRA,2,0,0.9423684,1
Orthopoxvirus,prot_t5_xl_half_uniref50-enc,,LoRA,2,0,0.9069231,1
Orthopoxvirus,prot_t5_xl_half_uniref50-enc,,LoRA,2,0,0.91135234,1
Orthopoxvirus,prot_t5_xl_half_uniref50-enc,,LoRA,2,0,0.90921247,1
Orthopoxvirus,prot_t5_xl_half_uniref50-enc,,LoRA,2,0,0.96542245,1
Orthopoxvirus,prot_t5_xl_half_uniref50-enc,,LoRA,2,0,0.88999104,1
Orthopoxvirus,prot_t5_xl_half_uniref50-enc,,LoRA,2,0,0.86689013,1
Orthopoxvirus,prot_t5_xl_half_uniref50-enc,,LoRA,2,0,0.8943229,1
Orthopoxvirus,prot_t5_xl_half_uniref50-enc,,LoRA,2,0,0.74099064,1
Orthopoxvirus,prot_t5_xl_half_uniref50-enc,,LoRA,2,0,0.7279411,1
Orthopoxvirus,prot_t5_xl_half_uniref50-enc,,LoRA,2,0,0.86038893,1
Orthopoxvirus,prot_t5_xl_half_uniref50-enc,,LoRA,2,0,0.62510705,1
Orthopoxvirus,prot_t5_xl_half_uniref50-enc,,LoRA,2,0,0.77271473,1
Orthopoxvirus,prot_t5_xl_half_uniref50-enc,,LoRA,2,0,0.86585397,1
Orthopoxvirus,prot_t5_xl_half_uniref50-enc,,LoRA,2,0,0.9053243,1
Orthopoxvirus,prot_t5_xl_half_uniref50-enc,,LoRA,2,0,0.8050091,1
Orthopoxvirus,prot_t5_xl_half_uniref50-enc,,LoRA,2,0,0.8719276,1
Orthopoxvirus,prot_t5_xl_half_uniref50-enc,,LoRA,2,0,0.92400706,1
Orthopoxvirus,prot_t5_xl_half_uniref50-enc,,LoRA,2,0,0.93260723,1
Orthopoxvirus,prot_t5_xl_half_uniref50-enc,,LoRA,2,0,0.8639632,1
Orthopoxvirus,prot_t5_xl_half_uniref50-enc,,LoRA,2,0,0.84006804,1
Orthopoxvirus,prot_t5_xl_half_uniref50-enc,,LoRA,2,0,0.88641304,1
Orthopoxvirus,prot_t5_xl_half_uniref50-enc,,LoRA,2,0,0.9139261,1
Orthopoxvirus,prot_t5_xl_half_uniref50-enc,,LoRA,2,0,0.91757274,1
Orthopoxvirus,prot_t5_xl_half_uniref50-enc,,LoRA,2,0,0.8836096,1
Orthopoxvirus,prot_t5_xl_half_uniref50-enc,,LoRA,2,0,0.85599196,1
Orthopoxvirus,prot_t5_xl_half_uniref50-enc,,LoRA,2,1,0.92335457,1
Orthopoxvirus,prot_t5_xl_half_uniref50-enc,,LoRA,2,1,0.9011616,1
Orthopoxvirus,prot_t5_xl_half_uniref50-enc,,LoRA,2,1,0.9114621,1
Orthopoxvirus,prot_t5_xl_half_uniref50-enc,,LoRA,2,1,0.9151645,1
Orthopoxvirus,prot_t5_xl_half_uniref50-enc,,LoRA,2,1,0.9512184,1
Orthopoxvirus,prot_t5_xl_half_uniref50-enc,,LoRA,2,1,0.9658518,1
Orthopoxvirus,prot_t5_xl_half_uniref50-enc,,LoRA,2,1,0.9821768,1
Orthopoxvirus,prot_t5_xl_half_uniref50-enc,,LoRA,2,1,0.94610244,1
Orthopoxvirus,prot_t5_xl_half_uniref50-enc,,LoRA,2,1,0.8974434,1
Orthopoxvirus,prot_t5_xl_half_uniref50-enc,,LoRA,2,1,0.966224,1
Orthopoxvirus,prot_t5_xl_half_uniref50-enc,,LoRA,2,1,0.97773355,1
Orthopoxvirus,prot_t5_xl_half_uniref50-enc,,LoRA,2,1,0.94658136,1
Orthopoxvirus,prot_t5_xl_half_uniref50-enc,,LoRA,2,0,0.87863135,1
Orthopoxvirus,prot_t5_xl_half_uniref50-enc,,LoRA,2,0,0.94213533,1
Orthopoxvirus,prot_t5_xl_half_uniref50-enc,,LoRA,2,0,0.90491956,1
Orthopoxvirus,prot_t5_xl_half_uniref50-enc,,LoRA,2,0,0.8536234,1
Orthopoxvirus,prot_t5_xl_half_uniref50-enc,,LoRA,2,0,0.8735044,1
Orthopoxvirus,prot_t5_xl_half_uniref50-enc,,LoRA,2,0,0.9067346,1
Orthopoxvirus,prot_t5_xl_half_uniref50-enc,,LoRA,2,0,0.8671091,1
Orthopoxvirus,prot_t5_xl_half_uniref50-enc,,LoRA,2,0,0.88432825,1
Orthopoxvirus,prot_t5_xl_half_uniref50-enc,,LoRA,2,0,0.9096256,1
Orthopoxvirus,prot_t5_xl_half_uniref50-enc,,LoRA,2,0,0.9044232,1
Orthopoxvirus,prot_t5_xl_half_uniref50-enc,,LoRA,2,0,0.94859827,1
Orthopoxvirus,prot_t5_xl_half_uniref50-enc,,LoRA,2,0,0.8384151,1
Orthopoxvirus,prot_t5_xl_half_uniref50-enc,,LoRA,2,0,0.8940948,1
Orthopoxvirus,prot_t5_xl_half_uniref50-enc,,LoRA,2,0,0.90830606,1
Orthopoxvirus,prot_t5_xl_half_uniref50-enc,,LoRA,2,0,0.76635975,1
Orthopoxvirus,prot_t5_xl_half_uniref50-enc,,LoRA,2,0,0.8174885,1
Orthopoxvirus,prot_t5_xl_half_uniref50-enc,,LoRA,2,0,0.7391641,1
Orthopoxvirus,prot_t5_xl_half_uniref50-enc,,LoRA,2,0,0.74608034,1
Orthopoxvirus,prot_t5_xl_half_uniref50-enc,,LoRA,2,0,0.6710912,1
Orthopoxvirus,prot_t5_xl_half_uniref50-enc,,LoRA,2,0,0.6099221,1
Orthopoxvirus,prot_t5_xl_half_uniref50-enc,,LoRA,2,0,0.5738953,1
Orthopoxvirus,prot_t5_xl_half_uniref50-enc,,LoRA,2,0,0.682073,1
Orthopoxvirus,prot_t5_xl_half_uniref50-enc,,LoRA,2,0,0.7387733,1
Orthopoxvirus,prot_t5_xl_half_uniref50-enc,,LoRA,2,0,0.616502,1
Orthopoxvirus,prot_t5_xl_half_uniref50-enc,,LoRA,2,0,0.6625529,1
Orthopoxvirus,prot_t5_xl_half_uniref50-enc,,LoRA,2,0,0.6582362,1
Orthopoxvirus,prot_t5_xl_half_uniref50-enc,,LoRA,2,0,0.59836406,1
Orthopoxvirus,prot_t5_xl_half_uniref50-enc,,LoRA,2,0,0.5502992,1
Orthopoxvirus,prot_t5_xl_half_uniref50-enc,,LoRA,2,0,0.5083754,1
Orthopoxvirus,prot_t5_xl_half_uniref50-enc,,LoRA,2,0,0.59648377,1
Orthopoxvirus,prot_t5_xl_half_uniref50-enc,,LoRA,2,0,0.675947,1
Orthopoxvirus,prot_t5_xl_half_uniref50-enc,,LoRA,2,0,0.5854012,1
Orthopoxvirus,prot_t5_xl_half_uniref50-enc,,LoRA,2,0,0.8290408,1
Orthopoxvirus,prot_t5_xl_half_uniref50-enc,,LoRA,2,0,0.6757504,1
Orthopoxvirus,prot_t5_xl_half_uniref50-enc,,LoRA,2,0,0.44053593,0
Orthopoxvirus,prot_t5_xl_half_uniref50-enc,,LoRA,2,0,0.6656741,1
Orthopoxvirus,prot_t5_xl_half_uniref50-enc,,LoRA,2,0,0.7986108,1
Orthopoxvirus,prot_t5_xl_half_uniref50-enc,,LoRA,2,0,0.4363261,0
Orthopoxvirus,prot_t5_xl_half_uniref50-enc,,LoRA,2,0,0.58548987,1
Orthopoxvirus,prot_t5_xl_half_uniref50-enc,,LoRA,2,0,0.6487314,1
Orthopoxvirus,prot_t5_xl_half_uniref50-enc,,LoRA,2,0,0.6525601,1
Orthopoxvirus,prot_t5_xl_half_uniref50-enc,,LoRA,2,0,0.67093354,1
Orthopoxvirus,prot_t5_xl_half_uniref50-enc,,LoRA,2,0,0.71041816,1
Orthopoxvirus,prot_t5_xl_half_uniref50-enc,,LoRA,2,0,0.43382806,0
Orthopoxvirus,prot_t5_xl_half_uniref50-enc,,LoRA,2,0,0.3688768,0
Orthopoxvirus,prot_t5_xl_half_uniref50-enc,,LoRA,2,0,0.7413033,1
Orthopoxvirus,prot_t5_xl_half_uniref50-enc,,LoRA,2,0,0.58364207,1
Orthopoxvirus,prot_t5_xl_half_uniref50-enc,,LoRA,2,0,0.5809446,1
Orthopoxvirus,prot_t5_xl_half_uniref50-enc,,LoRA,2,0,0.6369937,1
Orthopoxvirus,prot_t5_xl_half_uniref50-enc,,LoRA,2,0,0.60562986,1
Orthopoxvirus,prot_t5_xl_half_uniref50-enc,,LoRA,2,0,0.64335877,1
Orthopoxvirus,prot_t5_xl_half_uniref50-enc,,LoRA,2,0,0.51574606,1
Orthopoxvirus,prot_t5_xl_half_uniref50-enc,,LoRA,2,0,0.45277974,0
Orthopoxvirus,prot_t5_xl_half_uniref50-enc,,LoRA,2,0,0.41447505,0
Orthopoxvirus,prot_t5_xl_half_uniref50-enc,,LoRA,2,0,0.509212,1
Orthopoxvirus,prot_t5_xl_half_uniref50-enc,,LoRA,2,0,0.29725185,0
Orthopoxvirus,prot_t5_xl_half_uniref50-enc,,LoRA,2,0,0.5074425,1
Orthopoxvirus,prot_t5_xl_half_uniref50-enc,,LoRA,2,0,0.52200484,1
Orthopoxvirus,prot_t5_xl_half_uniref50-enc,,LoRA,2,0,0.51515114,1
Orthopoxvirus,prot_t5_xl_half_uniref50-enc,,LoRA,2,0,0.513695,1
Orthopoxvirus,prot_t5_xl_half_uniref50-enc,,LoRA,2,0,0.810975,1
Orthopoxvirus,prot_t5_xl_half_uniref50-enc,,LoRA,2,0,0.55273366,1
Orthopoxvirus,prot_t5_xl_half_uniref50-enc,,LoRA,2,0,0.60931534,1
Orthopoxvirus,prot_t5_xl_half_uniref50-enc,,LoRA,2,0,0.8632958,1
Orthopoxvirus,prot_t5_xl_half_uniref50-enc,,LoRA,2,0,0.64547247,1
Orthopoxvirus,prot_t5_xl_half_uniref50-enc,,LoRA,2,0,0.6439468,1
Orthopoxvirus,prot_t5_xl_half_uniref50-enc,,LoRA,2,0,0.69029397,1
Orthopoxvirus,prot_t5_xl_half_uniref50-enc,,LoRA,2,0,0.695466,1
Orthopoxvirus,prot_t5_xl_half_uniref50-enc,,LoRA,2,0,0.6029934,1
Orthopoxvirus,prot_t5_xl_half_uniref50-enc,,LoRA,2,0,0.53469324,1
Orthopoxvirus,prot_t5_xl_half_uniref50-enc,,LoRA,2,1,0.7611889,1
Orthopoxvirus,prot_t5_xl_half_uniref50-enc,,LoRA,2,1,0.54939383,1
Orthopoxvirus,prot_t5_xl_half_uniref50-enc,,LoRA,2,1,0.4896085,0
Orthopoxvirus,prot_t5_xl_half_uniref50-enc,,LoRA,2,1,0.40989944,0
Orthopoxvirus,prot_t5_xl_half_uniref50-enc,,LoRA,2,1,0.41659153,0
Orthopoxvirus,prot_t5_xl_half_uniref50-enc,,LoRA,2,1,0.56415766,1
Orthopoxvirus,prot_t5_xl_half_uniref50-enc,,LoRA,2,1,0.5584309,1
Orthopoxvirus,prot_t5_xl_half_uniref50-enc,,LoRA,2,1,0.79698753,1
Orthopoxvirus,prot_t5_xl_half_uniref50-enc,,LoRA,2,1,0.42451692,0
Orthopoxvirus,prot_t5_xl_half_uniref50-enc,,LoRA,2,1,0.56654954,1
Orthopoxvirus,prot_t5_xl_half_uniref50-enc,,LoRA,2,1,0.6887248,1
Orthopoxvirus,prot_t5_xl_half_uniref50-enc,,LoRA,2,1,0.65903175,1
Orthopoxvirus,prot_t5_xl_half_uniref50-enc,,LoRA,2,1,0.7416164,1
Orthopoxvirus,prot_t5_xl_half_uniref50-enc,,LoRA,2,1,0.6569711,1
Orthopoxvirus,prot_t5_xl_half_uniref50-enc,,LoRA,2,1,0.65380496,1
Orthopoxvirus,prot_t5_xl_half_uniref50-enc,,LoRA,2,1,0.21304153,0
Orthopoxvirus,prot_t5_xl_half_uniref50-enc,,LoRA,2,1,0.63012826,1
Orthopoxvirus,prot_t5_xl_half_uniref50-enc,,LoRA,2,1,0.35682705,0
Orthopoxvirus,prot_t5_xl_half_uniref50-enc,,LoRA,2,1,0.58791,1
Orthopoxvirus,prot_t5_xl_half_uniref50-enc,,LoRA,2,1,0.5685818,1
Orthopoxvirus,prot_t5_xl_half_uniref50-enc,,LoRA,2,1,0.69420373,1
Orthopoxvirus,prot_t5_xl_half_uniref50-enc,,LoRA,2,1,0.5390322,1
Orthopoxvirus,prot_t5_xl_half_uniref50-enc,,LoRA,2,1,0.5065132,1
Orthopoxvirus,prot_t5_xl_half_uniref50-enc,,LoRA,2,1,0.7608338,1
Orthopoxvirus,prot_t5_xl_half_uniref50-enc,,LoRA,2,1,0.4042902,0
Orthopoxvirus,prot_t5_xl_half_uniref50-enc,,LoRA,2,1,0.44576997,0
Orthopoxvirus,prot_t5_xl_half_uniref50-enc,,LoRA,2,1,0.34951293,0
Orthopoxvirus,prot_t5_xl_half_uniref50-enc,,LoRA,2,1,0.6149782,1
Orthopoxvirus,prot_t5_xl_half_uniref50-enc,,LoRA,2,1,0.54348534,1
Orthopoxvirus,prot_t5_xl_half_uniref50-enc,,LoRA,2,1,0.39600024,0
Orthopoxvirus,prot_t5_xl_half_uniref50-enc,,LoRA,2,1,0.72293514,1
Orthopoxvirus,prot_t5_xl_half_uniref50-enc,,LoRA,2,1,0.48180708,0
Orthopoxvirus,prot_t5_xl_half_uniref50-enc,,LoRA,2,1,0.6738156,1
Orthopoxvirus,prot_t5_xl_half_uniref50-enc,,LoRA,2,1,0.74929523,1
Orthopoxvirus,prot_t5_xl_half_uniref50-enc,,LoRA,2,1,0.6556606,1
Orthopoxvirus,prot_t5_xl_half_uniref50-enc,,LoRA,2,1,0.2406245,0
Orthopoxvirus,prot_t5_xl_half_uniref50-enc,,LoRA,2,1,0.22235808,0
Orthopoxvirus,prot_t5_xl_half_uniref50-enc,,LoRA,2,1,0.7557619,1
Orthopoxvirus,prot_t5_xl_half_uniref50-enc,,LoRA,2,1,0.6599543,1
Orthopoxvirus,prot_t5_xl_half_uniref50-enc,,LoRA,2,1,0.5716749,1
Orthopoxvirus,prot_t5_xl_half_uniref50-enc,,LoRA,2,1,0.26449272,0
Orthopoxvirus,prot_t5_xl_half_uniref50-enc,,LoRA,2,1,0.22343089,0
Orthopoxvirus,prot_t5_xl_half_uniref50-enc,,LoRA,2,1,0.17862034,0
Orthopoxvirus,prot_t5_xl_half_uniref50-enc,,LoRA,2,1,0.12653013,0
Orthopoxvirus,prot_t5_xl_half_uniref50-enc,,LoRA,2,1,0.71906567,1
Orthopoxvirus,prot_t5_xl_half_uniref50-enc,,LoRA,2,1,0.7508475,1
Orthopoxvirus,prot_t5_xl_half_uniref50-enc,,LoRA,2,1,0.58646995,1
Orthopoxvirus,prot_t5_xl_half_uniref50-enc,,LoRA,2,1,0.34986097,0
Orthopoxvirus,prot_t5_xl_half_uniref50-enc,,LoRA,2,1,0.41019377,0
Orthopoxvirus,prot_t5_xl_half_uniref50-enc,,LoRA,2,1,0.60884494,1
Orthopoxvirus,prot_t5_xl_half_uniref50-enc,,LoRA,2,1,0.59669805,1
Orthopoxvirus,prot_t5_xl_half_uniref50-enc,,LoRA,2,1,0.57644767,1
Orthopoxvirus,prot_t5_xl_half_uniref50-enc,,LoRA,2,1,0.5984442,1
Orthopoxvirus,prot_t5_xl_half_uniref50-enc,,LoRA,2,1,0.37770814,0
Orthopoxvirus,prot_t5_xl_half_uniref50-enc,,LoRA,2,1,0.18989298,0
Orthopoxvirus,prot_t5_xl_half_uniref50-enc,,LoRA,2,1,0.13339058,0
Orthopoxvirus,prot_t5_xl_half_uniref50-enc,,LoRA,2,1,0.24943663,0
Orthopoxvirus,prot_t5_xl_half_uniref50-enc,,LoRA,2,1,0.20277138,0
Orthopoxvirus,prot_t5_xl_half_uniref50-enc,,LoRA,2,1,0.12842757,0
Orthopoxvirus,prot_t5_xl_half_uniref50-enc,,LoRA,2,1,0.30707297,0
Orthopoxvirus,prot_t5_xl_half_uniref50-enc,,LoRA,2,1,0.37614605,0
Orthopoxvirus,prot_t5_xl_half_uniref50-enc,,LoRA,2,1,0.3478035,0
Orthopoxvirus,prot_t5_xl_half_uniref50-enc,,LoRA,2,1,0.29813582,0
Orthopoxvirus,prot_t5_xl_half_uniref50-enc,,LoRA,2,1,0.2366974,0
Orthopoxvirus,prot_t5_xl_half_uniref50-enc,,LoRA,2,1,0.65909994,1
Orthopoxvirus,prot_t5_xl_half_uniref50-enc,,LoRA,2,1,0.19199044,0
Orthopoxvirus,prot_t5_xl_half_uniref50-enc,,LoRA,2,1,0.20388994,0
Orthopoxvirus,prot_t5_xl_half_uniref50-enc,,LoRA,2,1,0.19172266,0
Orthopoxvirus,prot_t5_xl_half_uniref50-enc,,LoRA,2,1,0.54823774,1
Orthopoxvirus,prot_t5_xl_half_uniref50-enc,,LoRA,2,1,0.80846184,1
Orthopoxvirus,prot_t5_xl_half_uniref50-enc,,LoRA,2,1,0.8538385,1
Orthopoxvirus,prot_t5_xl_half_uniref50-enc,,LoRA,2,1,0.78760475,1
Orthopoxvirus,prot_t5_xl_half_uniref50-enc,,LoRA,2,1,0.58032197,1
Orthopoxvirus,prot_t5_xl_half_uniref50-enc,,LoRA,2,1,0.49238932,0
Orthopoxvirus,prot_t5_xl_half_uniref50-enc,,LoRA,2,1,0.7966947,1
Orthopoxvirus,prot_t5_xl_half_uniref50-enc,,LoRA,2,1,0.5502552,1
Orthopoxvirus,prot_t5_xl_half_uniref50-enc,,LoRA,2,1,0.5661898,1
Orthopoxvirus,prot_t5_xl_half_uniref50-enc,,LoRA,2,1,0.75805205,1
Orthopoxvirus,prot_t5_xl_half_uniref50-enc,,LoRA,2,1,0.642378,1
Orthopoxvirus,prot_t5_xl_half_uniref50-enc,,LoRA,2,1,0.52213144,1
Orthopoxvirus,prot_t5_xl_half_uniref50-enc,,LoRA,2,1,0.57067204,1
Orthopoxvirus,prot_t5_xl_half_uniref50-enc,,LoRA,2,1,0.66153646,1
Orthopoxvirus,prot_t5_xl_half_uniref50-enc,,LoRA,2,1,0.58390427,1
Orthopoxvirus,prot_t5_xl_half_uniref50-enc,,LoRA,2,1,0.45762098,0
Orthopoxvirus,prot_t5_xl_half_uniref50-enc,,LoRA,2,1,0.6299827,1
Orthopoxvirus,prot_t5_xl_half_uniref50-enc,,LoRA,2,1,0.623454,1
Orthopoxvirus,prot_t5_xl_half_uniref50-enc,,LoRA,2,1,0.61267084,1
Orthopoxvirus,prot_t5_xl_half_uniref50-enc,,LoRA,2,1,0.7517169,1
Orthopoxvirus,prot_t5_xl_half_uniref50-enc,,LoRA,2,1,0.60606164,1
Orthopoxvirus,prot_t5_xl_half_uniref50-enc,,LoRA,2,1,0.52651036,1
Orthopoxvirus,prot_t5_xl_half_uniref50-enc,,LoRA,2,1,0.75348926,1
Orthopoxvirus,prot_t5_xl_half_uniref50-enc,,LoRA,2,1,0.6652165,1
Orthopoxvirus,prot_t5_xl_half_uniref50-enc,,LoRA,2,1,0.6769711,1
Orthopoxvirus,prot_t5_xl_half_uniref50-enc,,LoRA,2,1,0.7238333,1
Orthopoxvirus,prot_t5_xl_half_uniref50-enc,,LoRA,2,1,0.6184204,1
Orthopoxvirus,prot_t5_xl_half_uniref50-enc,,LoRA,2,1,0.59250546,1
Orthopoxvirus,prot_t5_xl_half_uniref50-enc,,LoRA,2,1,0.8213924,1
Orthopoxvirus,prot_t5_xl_half_uniref50-enc,,LoRA,2,1,0.81858724,1
Orthopoxvirus,prot_t5_xl_half_uniref50-enc,,LoRA,2,1,0.7481242,1
Orthopoxvirus,prot_t5_xl_half_uniref50-enc,,LoRA,2,1,0.5705215,1
Orthopoxvirus,prot_t5_xl_half_uniref50-enc,,LoRA,2,1,0.68273866,1
Orthopoxvirus,prot_t5_xl_half_uniref50-enc,,LoRA,2,1,0.72103405,1
Orthopoxvirus,prot_t5_xl_half_uniref50-enc,,LoRA,2,1,0.6852695,1
Orthopoxvirus,prot_t5_xl_half_uniref50-enc,,LoRA,2,1,0.7053136,1
Orthopoxvirus,prot_t5_xl_half_uniref50-enc,,LoRA,2,1,0.6437265,1
Orthopoxvirus,prot_t5_xl_half_uniref50-enc,,LoRA,2,1,0.62574357,1
Orthopoxvirus,prot_t5_xl_half_uniref50-enc,,LoRA,2,1,0.5145033,1
Orthopoxvirus,prot_t5_xl_half_uniref50-enc,,LoRA,2,1,0.7008766,1
Orthopoxvirus,prot_t5_xl_half_uniref50-enc,,LoRA,2,1,0.5379702,1
Orthopoxvirus,prot_t5_xl_half_uniref50-enc,,LoRA,2,1,0.6595557,1
Orthopoxvirus,prot_t5_xl_half_uniref50-enc,,LoRA,2,1,0.6741931,1
Orthopoxvirus,prot_t5_xl_half_uniref50-enc,,LoRA,2,1,0.643806,1
Orthopoxvirus,prot_t5_xl_half_uniref50-enc,,LoRA,2,1,0.2527147,0
Orthopoxvirus,prot_t5_xl_half_uniref50-enc,,LoRA,2,1,0.4189182,0
Orthopoxvirus,prot_t5_xl_half_uniref50-enc,,LoRA,2,1,0.20291236,0
Orthopoxvirus,prot_t5_xl_half_uniref50-enc,,LoRA,2,1,0.32481015,0
Orthopoxvirus,prot_t5_xl_half_uniref50-enc,,LoRA,2,1,0.27346215,0
Orthopoxvirus,prot_t5_xl_half_uniref50-enc,,LoRA,2,1,0.28370985,0
Orthopoxvirus,prot_t5_xl_half_uniref50-enc,,LoRA,2,1,0.2577356,0
Orthopoxvirus,prot_t5_xl_half_uniref50-enc,,LoRA,2,1,0.2972221,0
Orthopoxvirus,prot_t5_xl_half_uniref50-enc,,LoRA,2,1,0.35560226,0
Orthopoxvirus,prot_t5_xl_half_uniref50-enc,,LoRA,2,1,0.30857357,0
Orthopoxvirus,prot_t5_xl_half_uniref50-enc,,LoRA,2,1,0.41254923,0
Orthopoxvirus,prot_t5_xl_half_uniref50-enc,,LoRA,2,1,0.35761487,0
Orthopoxvirus,prot_t5_xl_half_uniref50-enc,,LoRA,2,1,0.40187585,0
Orthopoxvirus,prot_t5_xl_half_uniref50-enc,,LoRA,2,1,0.36780638,0
Orthopoxvirus,prot_t5_xl_half_uniref50-enc,,LoRA,2,1,0.3674427,0
Orthopoxvirus,prot_t5_xl_half_uniref50-enc,,LoRA,2,1,0.36400443,0
Orthopoxvirus,prot_t5_xl_half_uniref50-enc,,LoRA,2,1,0.36331308,0
Orthopoxvirus,prot_t5_xl_half_uniref50-enc,,LoRA,2,1,0.5391517,1
Orthopoxvirus,prot_t5_xl_half_uniref50-enc,,LoRA,2,1,0.610793,1
Orthopoxvirus,prot_t5_xl_half_uniref50-enc,,LoRA,2,1,0.2930564,0
Orthopoxvirus,prot_t5_xl_half_uniref50-enc,,LoRA,2,1,0.30618078,0
Orthopoxvirus,prot_t5_xl_half_uniref50-enc,,LoRA,2,1,0.41080537,0
Orthopoxvirus,prot_t5_xl_half_uniref50-enc,,LoRA,2,1,0.30777577,0
Orthopoxvirus,prot_t5_xl_half_uniref50-enc,,LoRA,2,1,0.44918442,0
Orthopoxvirus,prot_t5_xl_half_uniref50-enc,,LoRA,2,1,0.6351751,1
Orthopoxvirus,prot_t5_xl_half_uniref50-enc,,LoRA,2,1,0.634464,1
Orthopoxvirus,prot_t5_xl_half_uniref50-enc,,LoRA,2,1,0.5877842,1
Orthopoxvirus,prot_t5_xl_half_uniref50-enc,,LoRA,2,1,0.6271743,1
Orthopoxvirus,prot_t5_xl_half_uniref50-enc,,LoRA,2,1,0.59596205,1
Orthopoxvirus,prot_t5_xl_half_uniref50-enc,,LoRA,2,1,0.5371093,1
Orthopoxvirus,prot_t5_xl_half_uniref50-enc,,LoRA,2,1,0.55475557,1
Orthopoxvirus,prot_t5_xl_half_uniref50-enc,,LoRA,2,1,0.7721746,1
Orthopoxvirus,prot_t5_xl_half_uniref50-enc,,LoRA,2,1,0.76500237,1
Orthopoxvirus,prot_t5_xl_half_uniref50-enc,,LoRA,2,1,0.757604,1
Orthopoxvirus,prot_t5_xl_half_uniref50-enc,,LoRA,2,1,0.7506772,1
Orthopoxvirus,prot_t5_xl_half_uniref50-enc,,LoRA,2,1,0.570921,1
Orthopoxvirus,prot_t5_xl_half_uniref50-enc,,LoRA,2,1,0.67815375,1
Orthopoxvirus,prot_t5_xl_half_uniref50-enc,,LoRA,2,1,0.57801515,1
Orthopoxvirus,prot_t5_xl_half_uniref50-enc,,LoRA,2,1,0.54288906,1
Orthopoxvirus,prot_t5_xl_half_uniref50-enc,,LoRA,2,1,0.5170693,1
Orthopoxvirus,prot_t5_xl_half_uniref50-enc,,LoRA,2,1,0.41363102,0
Orthopoxvirus,prot_t5_xl_half_uniref50-enc,,LoRA,2,1,0.6247253,1
Orthopoxvirus,prot_t5_xl_half_uniref50-enc,,LoRA,2,1,0.8994556,1
Orthopoxvirus,prot_t5_xl_half_uniref50-enc,,LoRA,2,1,0.9237486,1
Orthopoxvirus,prot_t5_xl_half_uniref50-enc,,LoRA,2,1,0.9542584,1
Orthopoxvirus,prot_t5_xl_half_uniref50-enc,,LoRA,2,1,0.9480765,1
Orthopoxvirus,prot_t5_xl_half_uniref50-enc,,LoRA,2,1,0.93642485,1
Orthopoxvirus,prot_t5_xl_half_uniref50-enc,,LoRA,2,1,0.96158546,1
Orthopoxvirus,prot_t5_xl_half_uniref50-enc,,LoRA,2,1,0.9714059,1
Orthopoxvirus,prot_t5_xl_half_uniref50-enc,,LoRA,2,1,0.9655627,1
Orthopoxvirus,prot_t5_xl_half_uniref50-enc,,LoRA,2,1,0.90635586,1
Orthopoxvirus,prot_t5_xl_half_uniref50-enc,,LoRA,2,1,0.96004575,1
Orthopoxvirus,prot_t5_xl_half_uniref50-enc,,LoRA,2,1,0.8366619,1
Orthopoxvirus,prot_t5_xl_half_uniref50-enc,,LoRA,2,1,0.854408,1
Orthopoxvirus,prot_t5_xl_half_uniref50-enc,,LoRA,2,1,0.83431214,1
Orthopoxvirus,prot_t5_xl_half_uniref50-enc,,LoRA,2,1,0.4051154,0
Orthopoxvirus,prot_t5_xl_half_uniref50-enc,,LoRA,2,1,0.7975033,1
Orthopoxvirus,prot_t5_xl_half_uniref50-enc,,LoRA,2,1,0.86225134,1
Orthopoxvirus,prot_t5_xl_half_uniref50-enc,,LoRA,2,1,0.5343747,1
Orthopoxvirus,prot_t5_xl_half_uniref50-enc,,LoRA,2,1,0.45380217,0
Orthopoxvirus,prot_t5_xl_half_uniref50-enc,,LoRA,2,1,0.80054444,1
Orthopoxvirus,prot_t5_xl_half_uniref50-enc,,LoRA,2,1,0.84878665,1
Orthopoxvirus,prot_t5_xl_half_uniref50-enc,,LoRA,2,1,0.66869384,1
Orthopoxvirus,prot_t5_xl_half_uniref50-enc,,LoRA,2,1,0.63389575,1
Orthopoxvirus,prot_t5_xl_half_uniref50-enc,,LoRA,2,1,0.8701777,1
Orthopoxvirus,prot_t5_xl_half_uniref50-enc,,LoRA,2,1,0.8244137,1
Orthopoxvirus,prot_t5_xl_half_uniref50-enc,,LoRA,2,1,0.5200817,1
Orthopoxvirus,prot_t5_xl_half_uniref50-enc,,LoRA,2,1,0.9212815,1
Orthopoxvirus,prot_t5_xl_half_uniref50-enc,,LoRA,2,1,0.78697604,1
Orthopoxvirus,prot_t5_xl_half_uniref50-enc,,LoRA,2,1,0.81349236,1
Orthopoxvirus,prot_t5_xl_half_uniref50-enc,,LoRA,2,1,0.71332735,1
Orthopoxvirus,prot_t5_xl_half_uniref50-enc,,LoRA,2,1,0.8801883,1
Orthopoxvirus,prot_t5_xl_half_uniref50-enc,,LoRA,2,1,0.83815676,1
Orthopoxvirus,prot_t5_xl_half_uniref50-enc,,LoRA,2,1,0.65139395,1
Orthopoxvirus,prot_t5_xl_half_uniref50-enc,,LoRA,2,1,0.658149,1
Orthopoxvirus,prot_t5_xl_half_uniref50-enc,,LoRA,2,1,0.9372984,1
Orthopoxvirus,prot_t5_xl_half_uniref50-enc,,LoRA,2,1,0.92793834,1
Orthopoxvirus,prot_t5_xl_half_uniref50-enc,,LoRA,2,1,0.8568521,1
Orthopoxvirus,prot_t5_xl_half_uniref50-enc,,LoRA,2,1,0.83152807,1
Orthopoxvirus,prot_t5_xl_half_uniref50-enc,,LoRA,2,1,0.8294072,1
Orthopoxvirus,prot_t5_xl_half_uniref50-enc,,LoRA,2,1,0.8417318,1
Orthopoxvirus,prot_t5_xl_half_uniref50-enc,,LoRA,2,1,0.82089955,1
Orthopoxvirus,prot_t5_xl_half_uniref50-enc,,LoRA,2,1,0.81970125,1
Orthopoxvirus,prot_t5_xl_half_uniref50-enc,,LoRA,2,1,0.8797905,1
Orthopoxvirus,prot_t5_xl_half_uniref50-enc,,LoRA,2,1,0.80344766,1
Orthopoxvirus,prot_t5_xl_half_uniref50-enc,,LoRA,2,1,0.77091575,1
Orthopoxvirus,prot_t5_xl_half_uniref50-enc,,LoRA,2,1,0.780814,1
Orthopoxvirus,prot_t5_xl_half_uniref50-enc,,LoRA,2,1,0.6465406,1
Orthopoxvirus,prot_t5_xl_half_uniref50-enc,,LoRA,2,1,0.6548061,1
Orthopoxvirus,prot_t5_xl_half_uniref50-enc,,LoRA,2,1,0.3658683,0
Orthopoxvirus,prot_t5_xl_half_uniref50-enc,,LoRA,2,1,0.6447036,1
Orthopoxvirus,prot_t5_xl_half_uniref50-enc,,LoRA,2,1,0.6211208,1
Orthopoxvirus,prot_t5_xl_half_uniref50-enc,,LoRA,2,1,0.50985295,1
Orthopoxvirus,prot_t5_xl_half_uniref50-enc,,LoRA,2,1,0.4901842,0
Orthopoxvirus,prot_t5_xl_half_uniref50-enc,,LoRA,2,1,0.6069989,1
Orthopoxvirus,prot_t5_xl_half_uniref50-enc,,LoRA,2,1,0.38085765,0
Orthopoxvirus,prot_t5_xl_half_uniref50-enc,,LoRA,2,1,0.54263294,1
Orthopoxvirus,prot_t5_xl_half_uniref50-enc,,LoRA,2,1,0.7282585,1
Orthopoxvirus,prot_t5_xl_half_uniref50-enc,,LoRA,2,1,0.71365297,1
Orthopoxvirus,prot_t5_xl_half_uniref50-enc,,LoRA,2,1,0.6823599,1
Orthopoxvirus,prot_t5_xl_half_uniref50-enc,,LoRA,2,1,0.46896106,0
Orthopoxvirus,prot_t5_xl_half_uniref50-enc,,LoRA,2,1,0.6410346,1
Orthopoxvirus,prot_t5_xl_half_uniref50-enc,,LoRA,2,1,0.4333587,0
Orthopoxvirus,prot_t5_xl_half_uniref50-enc,,LoRA,2,1,0.80290943,1
Orthopoxvirus,prot_t5_xl_half_uniref50-enc,,LoRA,2,1,0.62218225,1
Orthopoxvirus,prot_t5_xl_half_uniref50-enc,,LoRA,2,1,0.59761786,1
Orthopoxvirus,prot_t5_xl_half_uniref50-enc,,LoRA,2,1,0.8128612,1
Orthopoxvirus,prot_t5_xl_half_uniref50-enc,,LoRA,2,1,0.6307012,1
Orthopoxvirus,prot_t5_xl_half_uniref50-enc,,LoRA,2,1,0.8571747,1
Orthopoxvirus,prot_t5_xl_half_uniref50-enc,,LoRA,2,1,0.6752252,1
Orthopoxvirus,prot_t5_xl_half_uniref50-enc,,LoRA,2,1,0.59975743,1
Orthopoxvirus,prot_t5_xl_half_uniref50-enc,,LoRA,2,1,0.76708955,1
Orthopoxvirus,prot_t5_xl_half_uniref50-enc,,LoRA,2,1,0.81215835,1
Orthopoxvirus,prot_t5_xl_half_uniref50-enc,,LoRA,2,1,0.70262283,1
Orthopoxvirus,prot_t5_xl_half_uniref50-enc,,LoRA,2,1,0.24864283,0
Orthopoxvirus,prot_t5_xl_half_uniref50-enc,,LoRA,2,1,0.76044315,1
Orthopoxvirus,prot_t5_xl_half_uniref50-enc,,LoRA,2,1,0.71388143,1
Orthopoxvirus,prot_t5_xl_half_uniref50-enc,,LoRA,2,1,0.88329744,1
Orthopoxvirus,prot_t5_xl_half_uniref50-enc,,LoRA,2,1,0.940932,1
Orthopoxvirus,prot_t5_xl_half_uniref50-enc,,LoRA,2,1,0.7799028,1
Orthopoxvirus,prot_t5_xl_half_uniref50-enc,,LoRA,2,1,0.8286649,1
Orthopoxvirus,prot_t5_xl_half_uniref50-enc,,LoRA,2,1,0.8670989,1
Orthopoxvirus,prot_t5_xl_half_uniref50-enc,,LoRA,2,1,0.5738984,1
Orthopoxvirus,prot_t5_xl_half_uniref50-enc,,LoRA,2,1,0.50698155,1
Orthopoxvirus,prot_t5_xl_half_uniref50-enc,,LoRA,2,1,0.6953835,1
Orthopoxvirus,prot_t5_xl_half_uniref50-enc,,LoRA,2,1,0.73586655,1
Orthopoxvirus,prot_t5_xl_half_uniref50-enc,,LoRA,2,1,0.43088993,0
Orthopoxvirus,prot_t5_xl_half_uniref50-enc,,LoRA,2,1,0.46680295,0
Orthopoxvirus,prot_t5_xl_half_uniref50-enc,,LoRA,2,1,0.734028,1
Orthopoxvirus,prot_t5_xl_half_uniref50-enc,,LoRA,2,1,0.55035245,1
Orthopoxvirus,prot_t5_xl_half_uniref50-enc,,LoRA,2,1,0.74413484,1
Orthopoxvirus,prot_t5_xl_half_uniref50-enc,,LoRA,2,1,0.4659368,0
Orthopoxvirus,prot_t5_xl_half_uniref50-enc,,LoRA,2,1,0.62907594,1
Orthopoxvirus,prot_t5_xl_half_uniref50-enc,,LoRA,2,1,0.63412887,1
Orthopoxvirus,prot_t5_xl_half_uniref50-enc,,LoRA,2,1,0.5970673,1
Orthopoxvirus,prot_t5_xl_half_uniref50-enc,,LoRA,2,1,0.5735556,1
Orthopoxvirus,prot_t5_xl_half_uniref50-enc,,LoRA,2,1,0.8231987,1
Orthopoxvirus,prot_t5_xl_half_uniref50-enc,,LoRA,2,1,0.73848146,1
Orthopoxvirus,prot_t5_xl_half_uniref50-enc,,LoRA,2,1,0.9512184,1
Orthopoxvirus,prot_t5_xl_half_uniref50-enc,,LoRA,2,1,0.9658346,1
Orthopoxvirus,prot_t5_xl_half_uniref50-enc,,LoRA,2,1,0.98216254,1
Orthopoxvirus,prot_t5_xl_half_uniref50-enc,,LoRA,2,1,0.9461188,1
Orthopoxvirus,prot_t5_xl_half_uniref50-enc,,LoRA,2,1,0.89747036,1
Orthopoxvirus,prot_t5_xl_half_uniref50-enc,,LoRA,2,1,0.96623826,1
Orthopoxvirus,prot_t5_xl_half_uniref50-enc,,LoRA,2,1,0.97773105,1
Orthopoxvirus,prot_t5_xl_half_uniref50-enc,,LoRA,2,1,0.94654816,1
Orthopoxvirus,prot_t5_xl_half_uniref50-enc,,LoRA,2,1,0.87859344,1
Orthopoxvirus,prot_t5_xl_half_uniref50-enc,,LoRA,2,0,0.9451529,1
Orthopoxvirus,prot_t5_xl_half_uniref50-enc,,LoRA,2,0,0.809227,1
Orthopoxvirus,prot_t5_xl_half_uniref50-enc,,LoRA,2,0,0.6367359,1
Orthopoxvirus,prot_t5_xl_half_uniref50-enc,,LoRA,2,0,0.91000146,1
Orthopoxvirus,prot_t5_xl_half_uniref50-enc,,LoRA,2,0,0.9051353,1
Orthopoxvirus,prot_t5_xl_half_uniref50-enc,,LoRA,2,0,0.926013,1
Orthopoxvirus,prot_t5_xl_half_uniref50-enc,,LoRA,2,0,0.94114596,1
Orthopoxvirus,prot_t5_xl_half_uniref50-enc,,LoRA,2,0,0.92185575,1
Orthopoxvirus,prot_t5_xl_half_uniref50-enc,,LoRA,2,0,0.83791846,1
Orthopoxvirus,prot_t5_xl_half_uniref50-enc,,LoRA,2,0,0.80505455,1
Orthopoxvirus,prot_t5_xl_half_uniref50-enc,,LoRA,3,0,0.53904027,1
Orthopoxvirus,prot_t5_xl_half_uniref50-enc,,LoRA,3,0,0.68466866,1
Orthopoxvirus,prot_t5_xl_half_uniref50-enc,,LoRA,3,0,0.7759265,1
Orthopoxvirus,prot_t5_xl_half_uniref50-enc,,LoRA,3,0,0.74250597,1
Orthopoxvirus,prot_t5_xl_half_uniref50-enc,,LoRA,3,0,0.6661972,1
Orthopoxvirus,prot_t5_xl_half_uniref50-enc,,LoRA,3,0,0.71908325,1
Orthopoxvirus,prot_t5_xl_half_uniref50-enc,,LoRA,3,0,0.5806498,1
Orthopoxvirus,prot_t5_xl_half_uniref50-enc,,LoRA,3,0,0.41011503,0
Orthopoxvirus,prot_t5_xl_half_uniref50-enc,,LoRA,3,0,0.3368886,0
Orthopoxvirus,prot_t5_xl_half_uniref50-enc,,LoRA,3,0,0.59952414,1
Orthopoxvirus,prot_t5_xl_half_uniref50-enc,,LoRA,3,0,0.6705353,1
Orthopoxvirus,prot_t5_xl_half_uniref50-enc,,LoRA,3,0,0.641073,1
Orthopoxvirus,prot_t5_xl_half_uniref50-enc,,LoRA,3,1,0.47327864,0
Orthopoxvirus,prot_t5_xl_half_uniref50-enc,,LoRA,3,1,0.30571067,0
Orthopoxvirus,prot_t5_xl_half_uniref50-enc,,LoRA,3,1,0.37416497,0
Orthopoxvirus,prot_t5_xl_half_uniref50-enc,,LoRA,3,1,0.6147347,1
Orthopoxvirus,prot_t5_xl_half_uniref50-enc,,LoRA,3,1,0.277433,0
Orthopoxvirus,prot_t5_xl_half_uniref50-enc,,LoRA,3,1,0.5988584,1
Orthopoxvirus,prot_t5_xl_half_uniref50-enc,,LoRA,3,1,0.4619978,0
Orthopoxvirus,prot_t5_xl_half_uniref50-enc,,LoRA,3,1,0.5868499,1
Orthopoxvirus,prot_t5_xl_half_uniref50-enc,,LoRA,3,1,0.308762,0
Orthopoxvirus,prot_t5_xl_half_uniref50-enc,,LoRA,3,0,0.6606065,1
Orthopoxvirus,prot_t5_xl_half_uniref50-enc,,LoRA,3,0,0.7010754,1
Orthopoxvirus,prot_t5_xl_half_uniref50-enc,,LoRA,3,0,0.6830904,1
Orthopoxvirus,prot_t5_xl_half_uniref50-enc,,LoRA,3,0,0.81126374,1
Orthopoxvirus,prot_t5_xl_half_uniref50-enc,,LoRA,3,0,0.6846085,1
Orthopoxvirus,prot_t5_xl_half_uniref50-enc,,LoRA,3,0,0.7505751,1
Orthopoxvirus,prot_t5_xl_half_uniref50-enc,,LoRA,3,0,0.8090186,1
Orthopoxvirus,prot_t5_xl_half_uniref50-enc,,LoRA,3,0,0.6580382,1
Orthopoxvirus,prot_t5_xl_half_uniref50-enc,,LoRA,3,0,0.26857337,0
Orthopoxvirus,prot_t5_xl_half_uniref50-enc,,LoRA,3,0,0.583997,1
Orthopoxvirus,prot_t5_xl_half_uniref50-enc,,LoRA,3,0,0.364089,0
Orthopoxvirus,prot_t5_xl_half_uniref50-enc,,LoRA,3,1,0.6909736,1
Orthopoxvirus,prot_t5_xl_half_uniref50-enc,,LoRA,3,1,0.80772763,1
Orthopoxvirus,prot_t5_xl_half_uniref50-enc,,LoRA,3,1,0.86751336,1
Orthopoxvirus,prot_t5_xl_half_uniref50-enc,,LoRA,3,1,0.81066185,1
Orthopoxvirus,prot_t5_xl_half_uniref50-enc,,LoRA,3,1,0.76070637,1
Orthopoxvirus,prot_t5_xl_half_uniref50-enc,,LoRA,3,1,0.80277747,1
Orthopoxvirus,prot_t5_xl_half_uniref50-enc,,LoRA,3,1,0.6987565,1
Orthopoxvirus,prot_t5_xl_half_uniref50-enc,,LoRA,3,1,0.70887107,1
Orthopoxvirus,prot_t5_xl_half_uniref50-enc,,LoRA,3,1,0.8464769,1
Orthopoxvirus,prot_t5_xl_half_uniref50-enc,,LoRA,3,1,0.8148861,1
Orthopoxvirus,prot_t5_xl_half_uniref50-enc,,LoRA,3,1,0.8867469,1
Orthopoxvirus,prot_t5_xl_half_uniref50-enc,,LoRA,3,1,0.9023655,1
Orthopoxvirus,prot_t5_xl_half_uniref50-enc,,LoRA,3,1,0.7429152,1
Orthopoxvirus,prot_t5_xl_half_uniref50-enc,,LoRA,3,1,0.8631048,1
Orthopoxvirus,prot_t5_xl_half_uniref50-enc,,LoRA,3,1,0.80968314,1
Orthopoxvirus,prot_t5_xl_half_uniref50-enc,,LoRA,3,1,0.73481095,1
Orthopoxvirus,prot_t5_xl_half_uniref50-enc,,LoRA,3,1,0.83488846,1
Orthopoxvirus,prot_t5_xl_half_uniref50-enc,,LoRA,3,1,0.8684547,1
Orthopoxvirus,prot_t5_xl_half_uniref50-enc,,LoRA,3,1,0.6850827,1
Orthopoxvirus,prot_t5_xl_half_uniref50-enc,,LoRA,3,1,0.65719545,1
Orthopoxvirus,prot_t5_xl_half_uniref50-enc,,LoRA,3,1,0.8243547,1
Orthopoxvirus,prot_t5_xl_half_uniref50-enc,,LoRA,3,1,0.87552077,1
Orthopoxvirus,prot_t5_xl_half_uniref50-enc,,LoRA,3,1,0.7779287,1
Orthopoxvirus,prot_t5_xl_half_uniref50-enc,,LoRA,3,1,0.93202925,1
Orthopoxvirus,prot_t5_xl_half_uniref50-enc,,LoRA,3,1,0.9617635,1
Orthopoxvirus,prot_t5_xl_half_uniref50-enc,,LoRA,3,1,0.9208381,1
Orthopoxvirus,prot_t5_xl_half_uniref50-enc,,LoRA,3,1,0.7699747,1
Orthopoxvirus,prot_t5_xl_half_uniref50-enc,,LoRA,3,1,0.91629934,1
Orthopoxvirus,prot_t5_xl_half_uniref50-enc,,LoRA,3,1,0.92981315,1
Orthopoxvirus,prot_t5_xl_half_uniref50-enc,,LoRA,3,1,0.79929185,1
Orthopoxvirus,prot_t5_xl_half_uniref50-enc,,LoRA,3,1,0.8722548,1
Orthopoxvirus,prot_t5_xl_half_uniref50-enc,,LoRA,3,1,0.7522244,1
Orthopoxvirus,prot_t5_xl_half_uniref50-enc,,LoRA,3,1,0.6904773,1
Orthopoxvirus,prot_t5_xl_half_uniref50-enc,,LoRA,3,1,0.7118237,1
Orthopoxvirus,prot_t5_xl_half_uniref50-enc,,LoRA,3,1,0.78749645,1
Orthopoxvirus,prot_t5_xl_half_uniref50-enc,,LoRA,3,1,0.8577208,1
Orthopoxvirus,prot_t5_xl_half_uniref50-enc,,LoRA,3,1,0.87207925,1
Orthopoxvirus,prot_t5_xl_half_uniref50-enc,,LoRA,3,1,0.9625497,1
Orthopoxvirus,prot_t5_xl_half_uniref50-enc,,LoRA,3,1,0.9557388,1
Orthopoxvirus,prot_t5_xl_half_uniref50-enc,,LoRA,3,1,0.91572315,1
Orthopoxvirus,prot_t5_xl_half_uniref50-enc,,LoRA,3,1,0.9656523,1
Orthopoxvirus,prot_t5_xl_half_uniref50-enc,,LoRA,3,1,0.94547397,1
Orthopoxvirus,prot_t5_xl_half_uniref50-enc,,LoRA,3,1,0.8468931,1
Orthopoxvirus,prot_t5_xl_half_uniref50-enc,,LoRA,3,1,0.85265976,1
Orthopoxvirus,prot_t5_xl_half_uniref50-enc,,LoRA,3,1,0.9550178,1
Orthopoxvirus,prot_t5_xl_half_uniref50-enc,,LoRA,3,1,0.8764027,1
Orthopoxvirus,prot_t5_xl_half_uniref50-enc,,LoRA,3,1,0.7745395,1
Orthopoxvirus,prot_t5_xl_half_uniref50-enc,,LoRA,3,1,0.9148133,1
Orthopoxvirus,prot_t5_xl_half_uniref50-enc,,LoRA,3,1,0.8026657,1
Orthopoxvirus,prot_t5_xl_half_uniref50-enc,,LoRA,3,1,0.91252047,1
Orthopoxvirus,prot_t5_xl_half_uniref50-enc,,LoRA,3,1,0.8855673,1
Orthopoxvirus,prot_t5_xl_half_uniref50-enc,,LoRA,3,1,0.91627604,1
Orthopoxvirus,prot_t5_xl_half_uniref50-enc,,LoRA,3,1,0.7614147,1
Orthopoxvirus,prot_t5_xl_half_uniref50-enc,,LoRA,3,1,0.8898014,1
Orthopoxvirus,prot_t5_xl_half_uniref50-enc,,LoRA,3,1,0.83167595,1
Orthopoxvirus,prot_t5_xl_half_uniref50-enc,,LoRA,3,1,0.9390478,1
Orthopoxvirus,prot_t5_xl_half_uniref50-enc,,LoRA,3,1,0.8832184,1
Orthopoxvirus,prot_t5_xl_half_uniref50-enc,,LoRA,3,1,0.8152903,1
Orthopoxvirus,prot_t5_xl_half_uniref50-enc,,LoRA,3,1,0.8955127,1
Orthopoxvirus,prot_t5_xl_half_uniref50-enc,,LoRA,3,1,0.8168453,1
Orthopoxvirus,prot_t5_xl_half_uniref50-enc,,LoRA,3,1,0.8254434,1
Orthopoxvirus,prot_t5_xl_half_uniref50-enc,,LoRA,3,1,0.93082595,1
Orthopoxvirus,prot_t5_xl_half_uniref50-enc,,LoRA,3,1,0.7667077,1
Orthopoxvirus,prot_t5_xl_half_uniref50-enc,,LoRA,3,1,0.8436511,1
Orthopoxvirus,prot_t5_xl_half_uniref50-enc,,LoRA,3,1,0.7484051,1
Orthopoxvirus,prot_t5_xl_half_uniref50-enc,,LoRA,3,1,0.80557793,1
Orthopoxvirus,prot_t5_xl_half_uniref50-enc,,LoRA,3,1,0.8727836,1
Orthopoxvirus,prot_t5_xl_half_uniref50-enc,,LoRA,3,1,0.75281805,1
Orthopoxvirus,prot_t5_xl_half_uniref50-enc,,LoRA,3,1,0.88519526,1
Orthopoxvirus,prot_t5_xl_half_uniref50-enc,,LoRA,3,1,0.7918324,1
Orthopoxvirus,prot_t5_xl_half_uniref50-enc,,LoRA,3,1,0.8269743,1
Orthopoxvirus,prot_t5_xl_half_uniref50-enc,,LoRA,3,1,0.91914105,1
Orthopoxvirus,prot_t5_xl_half_uniref50-enc,,LoRA,3,0,0.8136055,1
Orthopoxvirus,prot_t5_xl_half_uniref50-enc,,LoRA,3,0,0.80736756,1
Orthopoxvirus,prot_t5_xl_half_uniref50-enc,,LoRA,3,0,0.9194476,1
Orthopoxvirus,prot_t5_xl_half_uniref50-enc,,LoRA,3,0,0.9077741,1
Orthopoxvirus,prot_t5_xl_half_uniref50-enc,,LoRA,3,0,0.90736014,1
Orthopoxvirus,prot_t5_xl_half_uniref50-enc,,LoRA,3,0,0.97195315,1
Orthopoxvirus,prot_t5_xl_half_uniref50-enc,,LoRA,3,0,0.9479737,1
Orthopoxvirus,prot_t5_xl_half_uniref50-enc,,LoRA,3,0,0.95292085,1
Orthopoxvirus,prot_t5_xl_half_uniref50-enc,,LoRA,3,0,0.8695519,1
Orthopoxvirus,prot_t5_xl_half_uniref50-enc,,LoRA,3,0,0.924237,1
Orthopoxvirus,prot_t5_xl_half_uniref50-enc,,LoRA,3,0,0.88084567,1
Orthopoxvirus,prot_t5_xl_half_uniref50-enc,,LoRA,3,0,0.86223984,1
Orthopoxvirus,prot_t5_xl_half_uniref50-enc,,LoRA,3,0,0.868783,1
Orthopoxvirus,prot_t5_xl_half_uniref50-enc,,LoRA,3,1,0.9525356,1
Orthopoxvirus,prot_t5_xl_half_uniref50-enc,,LoRA,3,1,0.97009516,1
Orthopoxvirus,prot_t5_xl_half_uniref50-enc,,LoRA,3,1,0.8732294,1
Orthopoxvirus,prot_t5_xl_half_uniref50-enc,,LoRA,3,1,0.8430611,1
Orthopoxvirus,prot_t5_xl_half_uniref50-enc,,LoRA,3,1,0.9645666,1
Orthopoxvirus,prot_t5_xl_half_uniref50-enc,,LoRA,3,1,0.90943813,1
Orthopoxvirus,prot_t5_xl_half_uniref50-enc,,LoRA,3,1,0.8922285,1
Orthopoxvirus,prot_t5_xl_half_uniref50-enc,,LoRA,3,1,0.95554936,1
Orthopoxvirus,prot_t5_xl_half_uniref50-enc,,LoRA,3,1,0.9644755,1
Orthopoxvirus,prot_t5_xl_half_uniref50-enc,,LoRA,3,1,0.9031929,1
Orthopoxvirus,prot_t5_xl_half_uniref50-enc,,LoRA,3,1,0.93614686,1
Orthopoxvirus,prot_t5_xl_half_uniref50-enc,,LoRA,3,1,0.9312371,1
Orthopoxvirus,prot_t5_xl_half_uniref50-enc,,LoRA,3,1,0.9683083,1
Orthopoxvirus,prot_t5_xl_half_uniref50-enc,,LoRA,3,1,0.97263724,1
Orthopoxvirus,prot_t5_xl_half_uniref50-enc,,LoRA,3,1,0.9548593,1
Orthopoxvirus,prot_t5_xl_half_uniref50-enc,,LoRA,3,1,0.8964214,1
Orthopoxvirus,prot_t5_xl_half_uniref50-enc,,LoRA,3,1,0.8916696,1
Orthopoxvirus,prot_t5_xl_half_uniref50-enc,,LoRA,3,1,0.9019963,1
Orthopoxvirus,prot_t5_xl_half_uniref50-enc,,LoRA,3,1,0.8718045,1
Orthopoxvirus,prot_t5_xl_half_uniref50-enc,,LoRA,3,1,0.94680005,1
Orthopoxvirus,prot_t5_xl_half_uniref50-enc,,LoRA,3,1,0.9627705,1
Orthopoxvirus,prot_t5_xl_half_uniref50-enc,,LoRA,3,1,0.95098305,1
Orthopoxvirus,prot_t5_xl_half_uniref50-enc,,LoRA,3,1,0.8744763,1
Orthopoxvirus,prot_t5_xl_half_uniref50-enc,,LoRA,3,1,0.92725694,1
Orthopoxvirus,prot_t5_xl_half_uniref50-enc,,LoRA,3,1,0.9151664,1
Orthopoxvirus,prot_t5_xl_half_uniref50-enc,,LoRA,3,1,0.8434908,1
Orthopoxvirus,prot_t5_xl_half_uniref50-enc,,LoRA,3,1,0.81496847,1
Orthopoxvirus,prot_t5_xl_half_uniref50-enc,,LoRA,3,1,0.91639906,1
Orthopoxvirus,prot_t5_xl_half_uniref50-enc,,LoRA,3,1,0.8503701,1
Orthopoxvirus,prot_t5_xl_half_uniref50-enc,,LoRA,3,1,0.77324057,1
Orthopoxvirus,prot_t5_xl_half_uniref50-enc,,LoRA,3,1,0.78938705,1
Orthopoxvirus,prot_t5_xl_half_uniref50-enc,,LoRA,3,1,0.7977791,1
Orthopoxvirus,prot_t5_xl_half_uniref50-enc,,LoRA,3,1,0.90098333,1
Orthopoxvirus,prot_t5_xl_half_uniref50-enc,,LoRA,3,1,0.78247106,1
Orthopoxvirus,prot_t5_xl_half_uniref50-enc,,LoRA,3,1,0.7800835,1
Orthopoxvirus,prot_t5_xl_half_uniref50-enc,,LoRA,3,1,0.7311373,1
Orthopoxvirus,prot_t5_xl_half_uniref50-enc,,LoRA,3,1,0.8181602,1
Orthopoxvirus,prot_t5_xl_half_uniref50-enc,,LoRA,3,1,0.83760023,1
Orthopoxvirus,prot_t5_xl_half_uniref50-enc,,LoRA,3,1,0.9088884,1
Orthopoxvirus,prot_t5_xl_half_uniref50-enc,,LoRA,3,1,0.90376747,1
Orthopoxvirus,prot_t5_xl_half_uniref50-enc,,LoRA,3,0,0.8230266,1
Orthopoxvirus,prot_t5_xl_half_uniref50-enc,,LoRA,3,0,0.91122895,1
Orthopoxvirus,prot_t5_xl_half_uniref50-enc,,LoRA,3,0,0.80568415,1
Orthopoxvirus,prot_t5_xl_half_uniref50-enc,,LoRA,3,0,0.9250318,1
Orthopoxvirus,prot_t5_xl_half_uniref50-enc,,LoRA,3,0,0.93264246,1
Orthopoxvirus,prot_t5_xl_half_uniref50-enc,,LoRA,3,0,0.90147275,1
Orthopoxvirus,prot_t5_xl_half_uniref50-enc,,LoRA,3,0,0.85618037,1
Orthopoxvirus,prot_t5_xl_half_uniref50-enc,,LoRA,3,0,0.7714917,1
Orthopoxvirus,prot_t5_xl_half_uniref50-enc,,LoRA,3,0,0.93635994,1
Orthopoxvirus,prot_t5_xl_half_uniref50-enc,,LoRA,3,0,0.9121467,1
Orthopoxvirus,prot_t5_xl_half_uniref50-enc,,LoRA,3,0,0.90342146,1
Orthopoxvirus,prot_t5_xl_half_uniref50-enc,,LoRA,3,0,0.89888,1
Orthopoxvirus,prot_t5_xl_half_uniref50-enc,,LoRA,3,1,0.95810205,1
Orthopoxvirus,prot_t5_xl_half_uniref50-enc,,LoRA,3,1,0.92546815,1
Orthopoxvirus,prot_t5_xl_half_uniref50-enc,,LoRA,3,1,0.96880865,1
Orthopoxvirus,prot_t5_xl_half_uniref50-enc,,LoRA,3,1,0.97132194,1
Orthopoxvirus,prot_t5_xl_half_uniref50-enc,,LoRA,3,1,0.9856629,1
Orthopoxvirus,prot_t5_xl_half_uniref50-enc,,LoRA,3,1,0.9437082,1
Orthopoxvirus,prot_t5_xl_half_uniref50-enc,,LoRA,3,1,0.948042,1
Orthopoxvirus,prot_t5_xl_half_uniref50-enc,,LoRA,3,1,0.95052993,1
Orthopoxvirus,prot_t5_xl_half_uniref50-enc,,LoRA,3,1,0.9932463,1
Orthopoxvirus,prot_t5_xl_half_uniref50-enc,,LoRA,3,1,0.98100084,1
Orthopoxvirus,prot_t5_xl_half_uniref50-enc,,LoRA,3,1,0.98751837,1
Orthopoxvirus,prot_t5_xl_half_uniref50-enc,,LoRA,3,1,0.7825597,1
Orthopoxvirus,prot_t5_xl_half_uniref50-enc,,LoRA,3,1,0.8726074,1
Orthopoxvirus,prot_t5_xl_half_uniref50-enc,,LoRA,3,1,0.8054189,1
Orthopoxvirus,prot_t5_xl_half_uniref50-enc,,LoRA,3,1,0.8329663,1
Orthopoxvirus,prot_t5_xl_half_uniref50-enc,,LoRA,3,1,0.8764157,1
Orthopoxvirus,prot_t5_xl_half_uniref50-enc,,LoRA,3,1,0.8031038,1
Orthopoxvirus,prot_t5_xl_half_uniref50-enc,,LoRA,3,1,0.88427114,1
Orthopoxvirus,prot_t5_xl_half_uniref50-enc,,LoRA,3,1,0.80487466,1
Orthopoxvirus,prot_t5_xl_half_uniref50-enc,,LoRA,3,1,0.8179231,1
Orthopoxvirus,prot_t5_xl_half_uniref50-enc,,LoRA,3,1,0.92696464,1
Orthopoxvirus,prot_t5_xl_half_uniref50-enc,,LoRA,3,1,0.844996,1
Orthopoxvirus,prot_t5_xl_half_uniref50-enc,,LoRA,3,1,0.9441949,1
Orthopoxvirus,prot_t5_xl_half_uniref50-enc,,LoRA,3,1,0.9420818,1
Orthopoxvirus,prot_t5_xl_half_uniref50-enc,,LoRA,3,1,0.9674416,1
Orthopoxvirus,prot_t5_xl_half_uniref50-enc,,LoRA,3,1,0.96911657,1
Orthopoxvirus,prot_t5_xl_half_uniref50-enc,,LoRA,3,1,0.9472258,1
Orthopoxvirus,prot_t5_xl_half_uniref50-enc,,LoRA,3,1,0.97715294,1
Orthopoxvirus,prot_t5_xl_half_uniref50-enc,,LoRA,3,1,0.91543114,1
Orthopoxvirus,prot_t5_xl_half_uniref50-enc,,LoRA,3,1,0.8809621,1
Orthopoxvirus,prot_t5_xl_half_uniref50-enc,,LoRA,3,1,0.9639443,1
Orthopoxvirus,prot_t5_xl_half_uniref50-enc,,LoRA,3,1,0.9436132,1
Orthopoxvirus,prot_t5_xl_half_uniref50-enc,,LoRA,3,1,0.96170396,1
Orthopoxvirus,prot_t5_xl_half_uniref50-enc,,LoRA,3,1,0.8910471,1
Orthopoxvirus,prot_t5_xl_half_uniref50-enc,,LoRA,3,1,0.96988815,1
Orthopoxvirus,prot_t5_xl_half_uniref50-enc,,LoRA,3,1,0.8864725,1
Orthopoxvirus,prot_t5_xl_half_uniref50-enc,,LoRA,3,1,0.9578287,1
Orthopoxvirus,prot_t5_xl_half_uniref50-enc,,LoRA,3,1,0.9275075,1
Orthopoxvirus,prot_t5_xl_half_uniref50-enc,,LoRA,3,1,0.89590913,1
Orthopoxvirus,prot_t5_xl_half_uniref50-enc,,LoRA,3,1,0.94958746,1
Orthopoxvirus,prot_t5_xl_half_uniref50-enc,,LoRA,3,1,0.9484582,1
Orthopoxvirus,prot_t5_xl_half_uniref50-enc,,LoRA,3,1,0.9282383,1
Orthopoxvirus,prot_t5_xl_half_uniref50-enc,,LoRA,3,1,0.8984411,1
Orthopoxvirus,prot_t5_xl_half_uniref50-enc,,LoRA,3,1,0.86538714,1
Orthopoxvirus,prot_t5_xl_half_uniref50-enc,,LoRA,3,1,0.9103145,1
Orthopoxvirus,prot_t5_xl_half_uniref50-enc,,LoRA,3,1,0.8615355,1
Orthopoxvirus,prot_t5_xl_half_uniref50-enc,,LoRA,3,1,0.88874245,1
Orthopoxvirus,prot_t5_xl_half_uniref50-enc,,LoRA,3,1,0.946287,1
Orthopoxvirus,prot_t5_xl_half_uniref50-enc,,LoRA,3,1,0.9020899,1
Orthopoxvirus,prot_t5_xl_half_uniref50-enc,,LoRA,3,1,0.90009356,1
Orthopoxvirus,prot_t5_xl_half_uniref50-enc,,LoRA,3,1,0.97405076,1
Orthopoxvirus,prot_t5_xl_half_uniref50-enc,,LoRA,3,1,0.82280093,1
Orthopoxvirus,prot_t5_xl_half_uniref50-enc,,LoRA,3,1,0.8040734,1
Orthopoxvirus,prot_t5_xl_half_uniref50-enc,,LoRA,3,1,0.935647,1
Orthopoxvirus,prot_t5_xl_half_uniref50-enc,,LoRA,3,1,0.9237838,1
Orthopoxvirus,prot_t5_xl_half_uniref50-enc,,LoRA,3,1,0.9540948,1
Orthopoxvirus,prot_t5_xl_half_uniref50-enc,,LoRA,3,1,0.94408494,1
Orthopoxvirus,prot_t5_xl_half_uniref50-enc,,LoRA,3,1,0.9387168,1
Orthopoxvirus,prot_t5_xl_half_uniref50-enc,,LoRA,3,1,0.9578603,1
Orthopoxvirus,prot_t5_xl_half_uniref50-enc,,LoRA,3,1,0.84627074,1
Orthopoxvirus,prot_t5_xl_half_uniref50-enc,,LoRA,3,1,0.85792613,1
Orthopoxvirus,prot_t5_xl_half_uniref50-enc,,LoRA,3,1,0.93009615,1
Orthopoxvirus,prot_t5_xl_half_uniref50-enc,,LoRA,3,1,0.8878751,1
Orthopoxvirus,prot_t5_xl_half_uniref50-enc,,LoRA,3,1,0.9159752,1
Orthopoxvirus,prot_t5_xl_half_uniref50-enc,,LoRA,3,1,0.89517045,1
Orthopoxvirus,prot_t5_xl_half_uniref50-enc,,LoRA,3,1,0.9515195,1
Orthopoxvirus,prot_t5_xl_half_uniref50-enc,,LoRA,3,1,0.90773815,1
Orthopoxvirus,prot_t5_xl_half_uniref50-enc,,LoRA,3,1,0.95620394,1
Orthopoxvirus,prot_t5_xl_half_uniref50-enc,,LoRA,3,1,0.9720353,1
Orthopoxvirus,prot_t5_xl_half_uniref50-enc,,LoRA,3,1,0.87652826,1
Orthopoxvirus,prot_t5_xl_half_uniref50-enc,,LoRA,3,1,0.83732337,1
Orthopoxvirus,prot_t5_xl_half_uniref50-enc,,LoRA,3,1,0.94459146,1
Orthopoxvirus,prot_t5_xl_half_uniref50-enc,,LoRA,3,1,0.9082212,1
Orthopoxvirus,prot_t5_xl_half_uniref50-enc,,LoRA,3,1,0.9090248,1
Orthopoxvirus,prot_t5_xl_half_uniref50-enc,,LoRA,3,1,0.9553346,1
Orthopoxvirus,prot_t5_xl_half_uniref50-enc,,LoRA,3,1,0.954655,1
Orthopoxvirus,prot_t5_xl_half_uniref50-enc,,LoRA,3,1,0.8997124,1
Orthopoxvirus,prot_t5_xl_half_uniref50-enc,,LoRA,3,1,0.955328,1
Orthopoxvirus,prot_t5_xl_half_uniref50-enc,,LoRA,3,1,0.9576896,1
Orthopoxvirus,prot_t5_xl_half_uniref50-enc,,LoRA,3,1,0.97537225,1
Orthopoxvirus,prot_t5_xl_half_uniref50-enc,,LoRA,3,1,0.9837869,1
Orthopoxvirus,prot_t5_xl_half_uniref50-enc,,LoRA,3,1,0.93143064,1
Orthopoxvirus,prot_t5_xl_half_uniref50-enc,,LoRA,3,1,0.9799193,1
Orthopoxvirus,prot_t5_xl_half_uniref50-enc,,LoRA,3,1,0.98066723,1
Orthopoxvirus,prot_t5_xl_half_uniref50-enc,,LoRA,3,1,0.9681639,1
Orthopoxvirus,prot_t5_xl_half_uniref50-enc,,LoRA,3,1,0.9281027,1
Orthopoxvirus,prot_t5_xl_half_uniref50-enc,,LoRA,3,1,0.9063137,1
Orthopoxvirus,prot_t5_xl_half_uniref50-enc,,LoRA,3,1,0.9307872,1
Orthopoxvirus,prot_t5_xl_half_uniref50-enc,,LoRA,3,1,0.9056309,1
Orthopoxvirus,prot_t5_xl_half_uniref50-enc,,LoRA,3,1,0.9635703,1
Orthopoxvirus,prot_t5_xl_half_uniref50-enc,,LoRA,3,1,0.9722934,1
Orthopoxvirus,prot_t5_xl_half_uniref50-enc,,LoRA,3,1,0.9265342,1
Orthopoxvirus,prot_t5_xl_half_uniref50-enc,,LoRA,3,1,0.8829064,1
Orthopoxvirus,prot_t5_xl_half_uniref50-enc,,LoRA,3,1,0.9346025,1
Orthopoxvirus,prot_t5_xl_half_uniref50-enc,,LoRA,3,1,0.97220314,1
Orthopoxvirus,prot_t5_xl_half_uniref50-enc,,LoRA,3,1,0.9506426,1
Orthopoxvirus,prot_t5_xl_half_uniref50-enc,,LoRA,3,1,0.95848936,1
Orthopoxvirus,prot_t5_xl_half_uniref50-enc,,LoRA,3,1,0.91637653,1
Orthopoxvirus,prot_t5_xl_half_uniref50-enc,,LoRA,3,1,0.96029794,1
Orthopoxvirus,prot_t5_xl_half_uniref50-enc,,LoRA,3,1,0.9698977,1
Orthopoxvirus,prot_t5_xl_half_uniref50-enc,,LoRA,3,1,0.91728723,1
Orthopoxvirus,prot_t5_xl_half_uniref50-enc,,LoRA,3,1,0.8744702,1
Orthopoxvirus,prot_t5_xl_half_uniref50-enc,,LoRA,3,1,0.83972687,1
Orthopoxvirus,prot_t5_xl_half_uniref50-enc,,LoRA,3,1,0.8916159,1
Orthopoxvirus,prot_t5_xl_half_uniref50-enc,,LoRA,3,1,0.8138734,1
Orthopoxvirus,prot_t5_xl_half_uniref50-enc,,LoRA,3,1,0.84486264,1
Orthopoxvirus,prot_t5_xl_half_uniref50-enc,,LoRA,3,1,0.9217813,1
Orthopoxvirus,prot_t5_xl_half_uniref50-enc,,LoRA,3,1,0.8584089,1
Orthopoxvirus,prot_t5_xl_half_uniref50-enc,,LoRA,3,1,0.9489486,1
Orthopoxvirus,prot_t5_xl_half_uniref50-enc,,LoRA,3,1,0.95617855,1
Orthopoxvirus,prot_t5_xl_half_uniref50-enc,,LoRA,3,1,0.9472151,1
Orthopoxvirus,prot_t5_xl_half_uniref50-enc,,LoRA,3,1,0.8447384,1
Orthopoxvirus,prot_t5_xl_half_uniref50-enc,,LoRA,3,1,0.9147902,1
Orthopoxvirus,prot_t5_xl_half_uniref50-enc,,LoRA,3,1,0.89157814,1
Orthopoxvirus,prot_t5_xl_half_uniref50-enc,,LoRA,3,1,0.7873771,1
Orthopoxvirus,prot_t5_xl_half_uniref50-enc,,LoRA,3,1,0.7899773,1
Orthopoxvirus,prot_t5_xl_half_uniref50-enc,,LoRA,3,1,0.7710014,1
Orthopoxvirus,prot_t5_xl_half_uniref50-enc,,LoRA,3,1,0.7874181,1
Orthopoxvirus,prot_t5_xl_half_uniref50-enc,,LoRA,3,1,0.77440804,1
Orthopoxvirus,prot_t5_xl_half_uniref50-enc,,LoRA,3,1,0.7349681,1
Orthopoxvirus,prot_t5_xl_half_uniref50-enc,,LoRA,3,1,0.7820271,1
Orthopoxvirus,prot_t5_xl_half_uniref50-enc,,LoRA,3,1,0.77008885,1
Orthopoxvirus,prot_t5_xl_half_uniref50-enc,,LoRA,3,1,0.896975,1
Orthopoxvirus,prot_t5_xl_half_uniref50-enc,,LoRA,3,1,0.76217,1
Orthopoxvirus,prot_t5_xl_half_uniref50-enc,,LoRA,3,1,0.7889488,1
Orthopoxvirus,prot_t5_xl_half_uniref50-enc,,LoRA,3,1,0.7310196,1
Orthopoxvirus,prot_t5_xl_half_uniref50-enc,,LoRA,3,1,0.8331813,1
Orthopoxvirus,prot_t5_xl_half_uniref50-enc,,LoRA,3,1,0.85101837,1
Orthopoxvirus,prot_t5_xl_half_uniref50-enc,,LoRA,3,1,0.9180183,1
Orthopoxvirus,prot_t5_xl_half_uniref50-enc,,LoRA,3,1,0.9112061,1
Orthopoxvirus,prot_t5_xl_half_uniref50-enc,,LoRA,3,1,0.5336115,1
Orthopoxvirus,prot_t5_xl_half_uniref50-enc,,LoRA,3,1,0.57713723,1
Orthopoxvirus,prot_t5_xl_half_uniref50-enc,,LoRA,3,1,0.54945654,1
Orthopoxvirus,prot_t5_xl_half_uniref50-enc,,LoRA,3,1,0.5803174,1
Orthopoxvirus,prot_t5_xl_half_uniref50-enc,,LoRA,3,1,0.5590568,1
Orthopoxvirus,prot_t5_xl_half_uniref50-enc,,LoRA,3,1,0.6850205,1
Orthopoxvirus,prot_t5_xl_half_uniref50-enc,,LoRA,3,1,0.6477456,1
Orthopoxvirus,prot_t5_xl_half_uniref50-enc,,LoRA,3,1,0.7014997,1
Orthopoxvirus,prot_t5_xl_half_uniref50-enc,,LoRA,3,1,0.7259892,1
Orthopoxvirus,prot_t5_xl_half_uniref50-enc,,LoRA,3,1,0.7090313,1
Orthopoxvirus,prot_t5_xl_half_uniref50-enc,,LoRA,3,1,0.8778353,1
Orthopoxvirus,prot_t5_xl_half_uniref50-enc,,LoRA,3,1,0.7509365,1
Orthopoxvirus,prot_t5_xl_half_uniref50-enc,,LoRA,3,1,0.8166291,1
Orthopoxvirus,prot_t5_xl_half_uniref50-enc,,LoRA,3,1,0.92543876,1
Orthopoxvirus,prot_t5_xl_half_uniref50-enc,,LoRA,3,1,0.8437024,1
Orthopoxvirus,prot_t5_xl_half_uniref50-enc,,LoRA,3,1,0.9431241,1
Orthopoxvirus,prot_t5_xl_half_uniref50-enc,,LoRA,3,1,0.9411754,1
Orthopoxvirus,prot_t5_xl_half_uniref50-enc,,LoRA,3,1,0.96699834,1
Orthopoxvirus,prot_t5_xl_half_uniref50-enc,,LoRA,3,1,0.9687356,1
Orthopoxvirus,prot_t5_xl_half_uniref50-enc,,LoRA,3,1,0.9468049,1
Orthopoxvirus,prot_t5_xl_half_uniref50-enc,,LoRA,3,1,0.97687703,1
Orthopoxvirus,prot_t5_xl_half_uniref50-enc,,LoRA,3,1,0.91394085,1
Orthopoxvirus,prot_t5_xl_half_uniref50-enc,,LoRA,3,1,0.87896943,1
Orthopoxvirus,prot_t5_xl_half_uniref50-enc,,LoRA,3,1,0.9631154,1
Orthopoxvirus,prot_t5_xl_half_uniref50-enc,,LoRA,3,1,0.9424149,1
Orthopoxvirus,prot_t5_xl_half_uniref50-enc,,LoRA,3,1,0.9610261,1
Orthopoxvirus,prot_t5_xl_half_uniref50-enc,,LoRA,3,1,0.89031136,1
Orthopoxvirus,prot_t5_xl_half_uniref50-enc,,LoRA,3,1,0.9088019,1
Orthopoxvirus,prot_t5_xl_half_uniref50-enc,,LoRA,3,1,0.9623943,1
Orthopoxvirus,prot_t5_xl_half_uniref50-enc,,LoRA,3,1,0.8815749,1
Orthopoxvirus,prot_t5_xl_half_uniref50-enc,,LoRA,3,1,0.9341838,1
Orthopoxvirus,prot_t5_xl_half_uniref50-enc,,LoRA,3,1,0.92593277,1
Orthopoxvirus,prot_t5_xl_half_uniref50-enc,,LoRA,3,1,0.8540188,1
Orthopoxvirus,prot_t5_xl_half_uniref50-enc,,LoRA,3,1,0.8332861,1
Orthopoxvirus,prot_t5_xl_half_uniref50-enc,,LoRA,3,1,0.9218449,1
Orthopoxvirus,prot_t5_xl_half_uniref50-enc,,LoRA,3,1,0.8545861,1
Orthopoxvirus,prot_t5_xl_half_uniref50-enc,,LoRA,3,1,0.7909035,1
Orthopoxvirus,prot_t5_xl_half_uniref50-enc,,LoRA,3,1,0.8037205,1
Orthopoxvirus,prot_t5_xl_half_uniref50-enc,,LoRA,3,1,0.81453884,1
Orthopoxvirus,prot_t5_xl_half_uniref50-enc,,LoRA,3,1,0.90874904,1
Orthopoxvirus,prot_t5_xl_half_uniref50-enc,,LoRA,3,1,0.77939945,1
Orthopoxvirus,prot_t5_xl_half_uniref50-enc,,LoRA,3,1,0.7912595,1
Orthopoxvirus,prot_t5_xl_half_uniref50-enc,,LoRA,3,1,0.4671433,0
Orthopoxvirus,prot_t5_xl_half_uniref50-enc,,LoRA,3,1,0.36036995,0
Orthopoxvirus,prot_t5_xl_half_uniref50-enc,,LoRA,3,1,0.3773334,0
Orthopoxvirus,prot_t5_xl_half_uniref50-enc,,LoRA,3,1,0.36528945,0
Orthopoxvirus,prot_t5_xl_half_uniref50-enc,,LoRA,3,1,0.39001173,0
Orthopoxvirus,prot_t5_xl_half_uniref50-enc,,LoRA,3,1,0.4447591,0
Orthopoxvirus,prot_t5_xl_half_uniref50-enc,,LoRA,3,1,0.49587193,0
Orthopoxvirus,prot_t5_xl_half_uniref50-enc,,LoRA,3,1,0.6726134,1
Orthopoxvirus,prot_t5_xl_half_uniref50-enc,,LoRA,3,1,0.4336305,0
Orthopoxvirus,prot_t5_xl_half_uniref50-enc,,LoRA,3,1,0.5113822,1
Orthopoxvirus,prot_t5_xl_half_uniref50-enc,,LoRA,3,1,0.46289915,0
Orthopoxvirus,prot_t5_xl_half_uniref50-enc,,LoRA,3,1,0.7048141,1
Orthopoxvirus,prot_t5_xl_half_uniref50-enc,,LoRA,3,1,0.5685064,1
Orthopoxvirus,prot_t5_xl_half_uniref50-enc,,LoRA,3,1,0.5452919,1
Orthopoxvirus,prot_t5_xl_half_uniref50-enc,,LoRA,3,1,0.6588172,1
Orthopoxvirus,prot_t5_xl_half_uniref50-enc,,LoRA,3,1,0.77225983,1
Orthopoxvirus,prot_t5_xl_half_uniref50-enc,,LoRA,3,1,0.85990155,1
Orthopoxvirus,prot_t5_xl_half_uniref50-enc,,LoRA,3,1,0.7648349,1
Orthopoxvirus,prot_t5_xl_half_uniref50-enc,,LoRA,3,1,0.82731235,1
Orthopoxvirus,prot_t5_xl_half_uniref50-enc,,LoRA,3,1,0.87856585,1
Orthopoxvirus,prot_t5_xl_half_uniref50-enc,,LoRA,3,1,0.8114346,1
Orthopoxvirus,prot_t5_xl_half_uniref50-enc,,LoRA,3,1,0.8895962,1
Orthopoxvirus,prot_t5_xl_half_uniref50-enc,,LoRA,3,1,0.81079537,1
Orthopoxvirus,prot_t5_xl_half_uniref50-enc,,LoRA,3,1,0.82653797,1
Orthopoxvirus,prot_t5_xl_half_uniref50-enc,,LoRA,3,1,0.9270148,1
Orthopoxvirus,prot_t5_xl_half_uniref50-enc,,LoRA,3,1,0.42229366,0
Orthopoxvirus,prot_t5_xl_half_uniref50-enc,,LoRA,3,1,0.50470674,1
Orthopoxvirus,prot_t5_xl_half_uniref50-enc,,LoRA,3,1,0.32929677,0
Orthopoxvirus,prot_t5_xl_half_uniref50-enc,,LoRA,3,1,0.18835871,0
Orthopoxvirus,prot_t5_xl_half_uniref50-enc,,LoRA,3,1,0.19431084,0
Orthopoxvirus,prot_t5_xl_half_uniref50-enc,,LoRA,3,1,0.16068602,0
Orthopoxvirus,prot_t5_xl_half_uniref50-enc,,LoRA,3,1,0.1872198,0
Orthopoxvirus,prot_t5_xl_half_uniref50-enc,,LoRA,3,1,0.12525174,0
Orthopoxvirus,prot_t5_xl_half_uniref50-enc,,LoRA,3,1,0.58413905,1
Orthopoxvirus,prot_t5_xl_half_uniref50-enc,,LoRA,3,1,0.42173684,0
Orthopoxvirus,prot_t5_xl_half_uniref50-enc,,LoRA,3,1,0.50824934,1
Orthopoxvirus,prot_t5_xl_half_uniref50-enc,,LoRA,3,1,0.8474666,1
Orthopoxvirus,prot_t5_xl_half_uniref50-enc,,LoRA,3,1,0.57674193,1
Orthopoxvirus,prot_t5_xl_half_uniref50-enc,,LoRA,3,1,0.5493905,1
Orthopoxvirus,prot_t5_xl_half_uniref50-enc,,LoRA,3,1,0.6884119,1
Orthopoxvirus,prot_t5_xl_half_uniref50-enc,,LoRA,3,1,0.5384985,1
Orthopoxvirus,prot_t5_xl_half_uniref50-enc,,LoRA,3,1,0.7656206,1
Orthopoxvirus,prot_t5_xl_half_uniref50-enc,,LoRA,3,1,0.7926775,1
Orthopoxvirus,prot_t5_xl_half_uniref50-enc,,LoRA,3,1,0.64294255,1
Orthopoxvirus,prot_t5_xl_half_uniref50-enc,,LoRA,3,1,0.69033253,1
Orthopoxvirus,prot_t5_xl_half_uniref50-enc,,LoRA,3,1,0.57822096,1
Orthopoxvirus,prot_t5_xl_half_uniref50-enc,,LoRA,3,1,0.74250597,1
Orthopoxvirus,prot_t5_xl_half_uniref50-enc,,LoRA,3,1,0.6661972,1
Orthopoxvirus,prot_t5_xl_half_uniref50-enc,,LoRA,3,1,0.71908325,1
Orthopoxvirus,prot_t5_xl_half_uniref50-enc,,LoRA,3,1,0.5806498,1
Orthopoxvirus,prot_t5_xl_half_uniref50-enc,,LoRA,3,1,0.41011503,0
Orthopoxvirus,prot_t5_xl_half_uniref50-enc,,LoRA,3,1,0.3368886,0
Orthopoxvirus,prot_t5_xl_half_uniref50-enc,,LoRA,3,1,0.59952414,1
Orthopoxvirus,prot_t5_xl_half_uniref50-enc,,LoRA,3,1,0.6705353,1
Orthopoxvirus,prot_t5_xl_half_uniref50-enc,,LoRA,3,1,0.641073,1
Orthopoxvirus,prot_t5_xl_half_uniref50-enc,,LoRA,3,1,0.57946837,1
Orthopoxvirus,prot_t5_xl_half_uniref50-enc,,LoRA,3,1,0.6894967,1
Orthopoxvirus,prot_t5_xl_half_uniref50-enc,,LoRA,3,1,0.47750708,0
Orthopoxvirus,prot_t5_xl_half_uniref50-enc,,LoRA,3,1,0.7230739,1
Orthopoxvirus,prot_t5_xl_half_uniref50-enc,,LoRA,3,1,0.5765524,1
Orthopoxvirus,prot_t5_xl_half_uniref50-enc,,LoRA,3,1,0.5347056,1
Orthopoxvirus,prot_t5_xl_half_uniref50-enc,,LoRA,3,1,0.5851631,1
Orthopoxvirus,prot_t5_xl_half_uniref50-enc,,LoRA,3,1,0.5131138,1
Orthopoxvirus,prot_t5_xl_half_uniref50-enc,,LoRA,3,1,0.5981699,1
Orthopoxvirus,prot_t5_xl_half_uniref50-enc,,LoRA,3,1,0.6485499,1
Orthopoxvirus,prot_t5_xl_half_uniref50-enc,,LoRA,3,1,0.7665384,1
Orthopoxvirus,prot_t5_xl_half_uniref50-enc,,LoRA,3,1,0.8047369,1
Orthopoxvirus,prot_t5_xl_half_uniref50-enc,,LoRA,3,1,0.714903,1
Orthopoxvirus,prot_t5_xl_half_uniref50-enc,,LoRA,3,1,0.72113264,1
Orthopoxvirus,prot_t5_xl_half_uniref50-enc,,LoRA,3,1,0.621073,1
Orthopoxvirus,prot_t5_xl_half_uniref50-enc,,LoRA,3,1,0.7606533,1
Orthopoxvirus,prot_t5_xl_half_uniref50-enc,,LoRA,3,1,0.87342995,1
Orthopoxvirus,prot_t5_xl_half_uniref50-enc,,LoRA,3,1,0.7292262,1
Orthopoxvirus,prot_t5_xl_half_uniref50-enc,,LoRA,3,1,0.7503744,1
Orthopoxvirus,prot_t5_xl_half_uniref50-enc,,LoRA,3,1,0.56693834,1
Orthopoxvirus,prot_t5_xl_half_uniref50-enc,,LoRA,3,1,0.4389798,0
Orthopoxvirus,prot_t5_xl_half_uniref50-enc,,LoRA,3,0,0.13928685,0
Orthopoxvirus,prot_t5_xl_half_uniref50-enc,,LoRA,3,0,0.102755554,0
Orthopoxvirus,prot_t5_xl_half_uniref50-enc,,LoRA,3,0,0.2643341,0
Orthopoxvirus,prot_t5_xl_half_uniref50-enc,,LoRA,3,0,0.083085015,0
Orthopoxvirus,prot_t5_xl_half_uniref50-enc,,LoRA,3,0,0.16891345,0
Orthopoxvirus,prot_t5_xl_half_uniref50-enc,,LoRA,3,0,0.09259803,0
Orthopoxvirus,prot_t5_xl_half_uniref50-enc,,LoRA,3,0,0.11454652,0
Orthopoxvirus,prot_t5_xl_half_uniref50-enc,,LoRA,3,0,0.121163525,0
Orthopoxvirus,prot_t5_xl_half_uniref50-enc,,LoRA,3,0,0.0860173,0
Orthopoxvirus,prot_t5_xl_half_uniref50-enc,,LoRA,3,0,0.12236084,0
Orthopoxvirus,prot_t5_xl_half_uniref50-enc,,LoRA,3,0,0.19798633,0
Orthopoxvirus,prot_t5_xl_half_uniref50-enc,,LoRA,3,0,0.13193476,0
Orthopoxvirus,prot_t5_xl_half_uniref50-enc,,LoRA,3,0,0.15684439,0
Orthopoxvirus,prot_t5_xl_half_uniref50-enc,,LoRA,3,0,0.24542864,0
Orthopoxvirus,prot_t5_xl_half_uniref50-enc,,LoRA,3,0,0.17976345,0
Orthopoxvirus,prot_t5_xl_half_uniref50-enc,,LoRA,3,0,0.30072796,0
Orthopoxvirus,prot_t5_xl_half_uniref50-enc,,LoRA,3,0,0.22059423,0
Orthopoxvirus,prot_t5_xl_half_uniref50-enc,,LoRA,3,0,0.22549489,0
Orthopoxvirus,prot_t5_xl_half_uniref50-enc,,LoRA,3,0,0.30438125,0
Orthopoxvirus,prot_t5_xl_half_uniref50-enc,,LoRA,3,0,0.26484156,0
Orthopoxvirus,prot_t5_xl_half_uniref50-enc,,LoRA,3,0,0.2577201,0
Orthopoxvirus,prot_t5_xl_half_uniref50-enc,,LoRA,3,0,0.2938314,0
Orthopoxvirus,prot_t5_xl_half_uniref50-enc,,LoRA,3,0,0.13545468,0
Orthopoxvirus,prot_t5_xl_half_uniref50-enc,,LoRA,3,0,0.27869305,0
Orthopoxvirus,prot_t5_xl_half_uniref50-enc,,LoRA,3,0,0.13941446,0
Orthopoxvirus,prot_t5_xl_half_uniref50-enc,,LoRA,3,0,0.101685844,0
Orthopoxvirus,prot_t5_xl_half_uniref50-enc,,LoRA,3,1,0.31515157,0
Orthopoxvirus,prot_t5_xl_half_uniref50-enc,,LoRA,3,1,0.12649354,0
Orthopoxvirus,prot_t5_xl_half_uniref50-enc,,LoRA,3,1,0.25736213,0
Orthopoxvirus,prot_t5_xl_half_uniref50-enc,,LoRA,3,1,0.15009868,0
Orthopoxvirus,prot_t5_xl_half_uniref50-enc,,LoRA,3,1,0.20299554,0
Orthopoxvirus,prot_t5_xl_half_uniref50-enc,,LoRA,3,1,0.1242194,0
Orthopoxvirus,prot_t5_xl_half_uniref50-enc,,LoRA,3,1,0.39862853,0
Orthopoxvirus,prot_t5_xl_half_uniref50-enc,,LoRA,3,0,0.18401176,0
Orthopoxvirus,prot_t5_xl_half_uniref50-enc,,LoRA,3,0,0.13805611,0
Orthopoxvirus,prot_t5_xl_half_uniref50-enc,,LoRA,3,0,0.10147956,0
Orthopoxvirus,prot_t5_xl_half_uniref50-enc,,LoRA,3,0,0.2857773,0
Orthopoxvirus,prot_t5_xl_half_uniref50-enc,,LoRA,3,0,0.20939633,0
Orthopoxvirus,prot_t5_xl_half_uniref50-enc,,LoRA,3,0,0.35460258,0
Orthopoxvirus,prot_t5_xl_half_uniref50-enc,,LoRA,3,0,0.41416642,0
Orthopoxvirus,prot_t5_xl_half_uniref50-enc,,LoRA,3,0,0.22347501,0
Orthopoxvirus,prot_t5_xl_half_uniref50-enc,,LoRA,3,0,0.20947431,0
Orthopoxvirus,prot_t5_xl_half_uniref50-enc,,LoRA,3,0,0.3541632,0
Orthopoxvirus,prot_t5_xl_half_uniref50-enc,,LoRA,3,0,0.16742955,0
Orthopoxvirus,prot_t5_xl_half_uniref50-enc,,LoRA,3,0,0.22079758,0
Orthopoxvirus,prot_t5_xl_half_uniref50-enc,,LoRA,3,0,0.2637017,0
Orthopoxvirus,prot_t5_xl_half_uniref50-enc,,LoRA,3,0,0.35861728,0
Orthopoxvirus,prot_t5_xl_half_uniref50-enc,,LoRA,3,0,0.21946453,0
Orthopoxvirus,prot_t5_xl_half_uniref50-enc,,LoRA,3,0,0.25624248,0
Orthopoxvirus,prot_t5_xl_half_uniref50-enc,,LoRA,3,0,0.4288004,0
Orthopoxvirus,prot_t5_xl_half_uniref50-enc,,LoRA,3,0,0.6423685,1
Orthopoxvirus,prot_t5_xl_half_uniref50-enc,,LoRA,3,0,0.5773977,1
Orthopoxvirus,prot_t5_xl_half_uniref50-enc,,LoRA,3,0,0.3875307,0
Orthopoxvirus,prot_t5_xl_half_uniref50-enc,,LoRA,3,0,0.3768361,0
Orthopoxvirus,prot_t5_xl_half_uniref50-enc,,LoRA,3,0,0.43211636,0
Orthopoxvirus,prot_t5_xl_half_uniref50-enc,,LoRA,3,0,0.36717203,0
Orthopoxvirus,prot_t5_xl_half_uniref50-enc,,LoRA,3,0,0.29911703,0
Orthopoxvirus,prot_t5_xl_half_uniref50-enc,,LoRA,3,0,0.33744347,0
Orthopoxvirus,prot_t5_xl_half_uniref50-enc,,LoRA,3,0,0.21443355,0
Orthopoxvirus,prot_t5_xl_half_uniref50-enc,,LoRA,3,0,0.4063771,0
Orthopoxvirus,prot_t5_xl_half_uniref50-enc,,LoRA,3,0,0.49758103,0
Orthopoxvirus,prot_t5_xl_half_uniref50-enc,,LoRA,3,0,0.36451554,0
Orthopoxvirus,prot_t5_xl_half_uniref50-enc,,LoRA,3,0,0.17237453,0
Orthopoxvirus,prot_t5_xl_half_uniref50-enc,,LoRA,3,0,0.38496807,0
Orthopoxvirus,prot_t5_xl_half_uniref50-enc,,LoRA,3,0,0.1594161,0
Orthopoxvirus,prot_t5_xl_half_uniref50-enc,,LoRA,3,0,0.25856686,0
Orthopoxvirus,prot_t5_xl_half_uniref50-enc,,LoRA,3,0,0.18388174,0
Orthopoxvirus,prot_t5_xl_half_uniref50-enc,,LoRA,3,0,0.18372828,0
Orthopoxvirus,prot_t5_xl_half_uniref50-enc,,LoRA,3,0,0.24705395,0
Orthopoxvirus,prot_t5_xl_half_uniref50-enc,,LoRA,3,0,0.11050621,0
Orthopoxvirus,prot_t5_xl_half_uniref50-enc,,LoRA,3,0,0.14529204,0
Orthopoxvirus,prot_t5_xl_half_uniref50-enc,,LoRA,3,0,0.13970973,0
Orthopoxvirus,prot_t5_xl_half_uniref50-enc,,LoRA,3,0,0.3166341,0
Orthopoxvirus,prot_t5_xl_half_uniref50-enc,,LoRA,3,0,0.26119345,0
Orthopoxvirus,prot_t5_xl_half_uniref50-enc,,LoRA,3,0,0.23146427,0
Orthopoxvirus,prot_t5_xl_half_uniref50-enc,,LoRA,3,0,0.302452,0
Orthopoxvirus,prot_t5_xl_half_uniref50-enc,,LoRA,3,0,0.27943856,0
Orthopoxvirus,prot_t5_xl_half_uniref50-enc,,LoRA,3,0,0.33061537,0
Orthopoxvirus,prot_t5_xl_half_uniref50-enc,,LoRA,3,0,0.4384682,0
Orthopoxvirus,prot_t5_xl_half_uniref50-enc,,LoRA,3,0,0.17286457,0
Orthopoxvirus,prot_t5_xl_half_uniref50-enc,,LoRA,3,0,0.21943639,0
Orthopoxvirus,prot_t5_xl_half_uniref50-enc,,LoRA,3,0,0.3252196,0
Orthopoxvirus,prot_t5_xl_half_uniref50-enc,,LoRA,3,0,0.2746563,0
Orthopoxvirus,prot_t5_xl_half_uniref50-enc,,LoRA,3,0,0.48374516,0
Orthopoxvirus,prot_t5_xl_half_uniref50-enc,,LoRA,3,0,0.42044237,0
Orthopoxvirus,prot_t5_xl_half_uniref50-enc,,LoRA,3,0,0.30393702,0
Orthopoxvirus,prot_t5_xl_half_uniref50-enc,,LoRA,3,0,0.40075108,0
Orthopoxvirus,prot_t5_xl_half_uniref50-enc,,LoRA,3,0,0.24160418,0
Orthopoxvirus,prot_t5_xl_half_uniref50-enc,,LoRA,3,0,0.3260704,0
Orthopoxvirus,prot_t5_xl_half_uniref50-enc,,LoRA,3,0,0.33233207,0
Orthopoxvirus,prot_t5_xl_half_uniref50-enc,,LoRA,3,0,0.17060725,0
Orthopoxvirus,prot_t5_xl_half_uniref50-enc,,LoRA,3,0,0.17394227,0
Orthopoxvirus,prot_t5_xl_half_uniref50-enc,,LoRA,3,0,0.6637984,1
Orthopoxvirus,prot_t5_xl_half_uniref50-enc,,LoRA,3,0,0.33095908,0
Orthopoxvirus,prot_t5_xl_half_uniref50-enc,,LoRA,3,0,0.29238963,0
Orthopoxvirus,prot_t5_xl_half_uniref50-enc,,LoRA,3,0,0.31829068,0
Orthopoxvirus,prot_t5_xl_half_uniref50-enc,,LoRA,3,0,0.5346876,1
Orthopoxvirus,prot_t5_xl_half_uniref50-enc,,LoRA,3,0,0.4681869,0
Orthopoxvirus,prot_t5_xl_half_uniref50-enc,,LoRA,3,0,0.52367365,1
Orthopoxvirus,prot_t5_xl_half_uniref50-enc,,LoRA,3,0,0.5826219,1
Orthopoxvirus,prot_t5_xl_half_uniref50-enc,,LoRA,3,0,0.5318086,1
Orthopoxvirus,prot_t5_xl_half_uniref50-enc,,LoRA,3,0,0.81153935,1
Orthopoxvirus,prot_t5_xl_half_uniref50-enc,,LoRA,3,0,0.6739692,1
Orthopoxvirus,prot_t5_xl_half_uniref50-enc,,LoRA,3,0,0.87683606,1
Orthopoxvirus,prot_t5_xl_half_uniref50-enc,,LoRA,3,0,0.8866897,1
Orthopoxvirus,prot_t5_xl_half_uniref50-enc,,LoRA,3,0,0.8859484,1
Orthopoxvirus,prot_t5_xl_half_uniref50-enc,,LoRA,3,0,0.87118816,1
Orthopoxvirus,prot_t5_xl_half_uniref50-enc,,LoRA,3,0,0.8665902,1
Orthopoxvirus,prot_t5_xl_half_uniref50-enc,,LoRA,3,1,0.65092444,1
Orthopoxvirus,prot_t5_xl_half_uniref50-enc,,LoRA,3,1,0.57169497,1
Orthopoxvirus,prot_t5_xl_half_uniref50-enc,,LoRA,3,1,0.5157783,1
Orthopoxvirus,prot_t5_xl_half_uniref50-enc,,LoRA,3,1,0.59205115,1
Orthopoxvirus,prot_t5_xl_half_uniref50-enc,,LoRA,3,1,0.64189726,1
Orthopoxvirus,prot_t5_xl_half_uniref50-enc,,LoRA,3,1,0.8331633,1
Orthopoxvirus,prot_t5_xl_half_uniref50-enc,,LoRA,3,1,0.712296,1
Orthopoxvirus,prot_t5_xl_half_uniref50-enc,,LoRA,3,1,0.79473174,1
Orthopoxvirus,prot_t5_xl_half_uniref50-enc,,LoRA,3,1,0.8160631,1
Orthopoxvirus,prot_t5_xl_half_uniref50-enc,,LoRA,3,1,0.81664735,1
Orthopoxvirus,prot_t5_xl_half_uniref50-enc,,LoRA,3,1,0.8101246,1
Orthopoxvirus,prot_t5_xl_half_uniref50-enc,,LoRA,3,1,0.8001009,1
Orthopoxvirus,prot_t5_xl_half_uniref50-enc,,LoRA,3,1,0.8285292,1
Orthopoxvirus,prot_t5_xl_half_uniref50-enc,,LoRA,3,1,0.82878476,1
Orthopoxvirus,prot_t5_xl_half_uniref50-enc,,LoRA,3,1,0.7983351,1
Orthopoxvirus,prot_t5_xl_half_uniref50-enc,,LoRA,3,1,0.8802142,1
Orthopoxvirus,prot_t5_xl_half_uniref50-enc,,LoRA,3,1,0.6749386,1
Orthopoxvirus,prot_t5_xl_half_uniref50-enc,,LoRA,3,1,0.4251113,0
Orthopoxvirus,prot_t5_xl_half_uniref50-enc,,LoRA,3,1,0.654032,1
Orthopoxvirus,prot_t5_xl_half_uniref50-enc,,LoRA,3,1,0.68735844,1
Orthopoxvirus,prot_t5_xl_half_uniref50-enc,,LoRA,3,1,0.5904019,1
Orthopoxvirus,prot_t5_xl_half_uniref50-enc,,LoRA,3,1,0.57595915,1
Orthopoxvirus,prot_t5_xl_half_uniref50-enc,,LoRA,3,1,0.48286778,0
Orthopoxvirus,prot_t5_xl_half_uniref50-enc,,LoRA,3,1,0.61557853,1
Orthopoxvirus,prot_t5_xl_half_uniref50-enc,,LoRA,3,1,0.6109064,1
Orthopoxvirus,prot_t5_xl_half_uniref50-enc,,LoRA,3,1,0.47314847,0
Orthopoxvirus,prot_t5_xl_half_uniref50-enc,,LoRA,3,1,0.6029268,1
Orthopoxvirus,prot_t5_xl_half_uniref50-enc,,LoRA,3,1,0.7159843,1
Orthopoxvirus,prot_t5_xl_half_uniref50-enc,,LoRA,3,1,0.41685265,0
Orthopoxvirus,prot_t5_xl_half_uniref50-enc,,LoRA,3,1,0.59967303,1
Orthopoxvirus,prot_t5_xl_half_uniref50-enc,,LoRA,3,1,0.80656743,1
Orthopoxvirus,prot_t5_xl_half_uniref50-enc,,LoRA,3,1,0.71406627,1
Orthopoxvirus,prot_t5_xl_half_uniref50-enc,,LoRA,3,1,0.51142013,1
Orthopoxvirus,prot_t5_xl_half_uniref50-enc,,LoRA,3,1,0.59703654,1
Orthopoxvirus,prot_t5_xl_half_uniref50-enc,,LoRA,3,1,0.5745099,1
Orthopoxvirus,prot_t5_xl_half_uniref50-enc,,LoRA,3,1,0.62092465,1
Orthopoxvirus,prot_t5_xl_half_uniref50-enc,,LoRA,3,1,0.3117644,0
Orthopoxvirus,prot_t5_xl_half_uniref50-enc,,LoRA,3,1,0.39383656,0
Orthopoxvirus,prot_t5_xl_half_uniref50-enc,,LoRA,3,1,0.3053516,0
Orthopoxvirus,prot_t5_xl_half_uniref50-enc,,LoRA,3,1,0.43726975,0
Orthopoxvirus,prot_t5_xl_half_uniref50-enc,,LoRA,3,1,0.7639356,1
Orthopoxvirus,prot_t5_xl_half_uniref50-enc,,LoRA,3,1,0.60065943,1
Orthopoxvirus,prot_t5_xl_half_uniref50-enc,,LoRA,3,1,0.79034024,1
Orthopoxvirus,prot_t5_xl_half_uniref50-enc,,LoRA,3,1,0.7293192,1
Orthopoxvirus,prot_t5_xl_half_uniref50-enc,,LoRA,3,1,0.70006704,1
Orthopoxvirus,prot_t5_xl_half_uniref50-enc,,LoRA,3,1,0.77803946,1
Orthopoxvirus,prot_t5_xl_half_uniref50-enc,,LoRA,3,1,0.6394027,1
Orthopoxvirus,prot_t5_xl_half_uniref50-enc,,LoRA,3,1,0.57331914,1
Orthopoxvirus,prot_t5_xl_half_uniref50-enc,,LoRA,3,1,0.32677293,0
Orthopoxvirus,prot_t5_xl_half_uniref50-enc,,LoRA,3,1,0.38921475,0
Orthopoxvirus,prot_t5_xl_half_uniref50-enc,,LoRA,3,1,0.5576303,1
Orthopoxvirus,prot_t5_xl_half_uniref50-enc,,LoRA,3,1,0.3636865,0
Orthopoxvirus,prot_t5_xl_half_uniref50-enc,,LoRA,3,1,0.33631632,0
Orthopoxvirus,prot_t5_xl_half_uniref50-enc,,LoRA,3,1,0.6022188,1
Orthopoxvirus,prot_t5_xl_half_uniref50-enc,,LoRA,3,1,0.3046648,0
Orthopoxvirus,prot_t5_xl_half_uniref50-enc,,LoRA,3,1,0.7508614,1
Orthopoxvirus,prot_t5_xl_half_uniref50-enc,,LoRA,3,1,0.77033633,1
Orthopoxvirus,prot_t5_xl_half_uniref50-enc,,LoRA,3,1,0.6748801,1
Orthopoxvirus,prot_t5_xl_half_uniref50-enc,,LoRA,3,1,0.8016001,1
Orthopoxvirus,prot_t5_xl_half_uniref50-enc,,LoRA,3,1,0.59817123,1
Orthopoxvirus,prot_t5_xl_half_uniref50-enc,,LoRA,3,1,0.5546287,1
Orthopoxvirus,prot_t5_xl_half_uniref50-enc,,LoRA,3,1,0.64019644,1
Orthopoxvirus,prot_t5_xl_half_uniref50-enc,,LoRA,3,1,0.42142764,0
Orthopoxvirus,prot_t5_xl_half_uniref50-enc,,LoRA,3,1,0.52157825,1
Orthopoxvirus,prot_t5_xl_half_uniref50-enc,,LoRA,3,1,0.67009974,1
Orthopoxvirus,prot_t5_xl_half_uniref50-enc,,LoRA,3,1,0.7268566,1
Orthopoxvirus,prot_t5_xl_half_uniref50-enc,,LoRA,3,1,0.5959048,1
Orthopoxvirus,prot_t5_xl_half_uniref50-enc,,LoRA,3,1,0.43093857,0
Orthopoxvirus,prot_t5_xl_half_uniref50-enc,,LoRA,3,1,0.59105164,1
Orthopoxvirus,prot_t5_xl_half_uniref50-enc,,LoRA,3,1,0.49610925,0
Orthopoxvirus,prot_t5_xl_half_uniref50-enc,,LoRA,3,1,0.63330364,1
Orthopoxvirus,prot_t5_xl_half_uniref50-enc,,LoRA,3,1,0.43580332,0
Orthopoxvirus,prot_t5_xl_half_uniref50-enc,,LoRA,3,1,0.7021962,1
Orthopoxvirus,prot_t5_xl_half_uniref50-enc,,LoRA,3,1,0.6046706,1
Orthopoxvirus,prot_t5_xl_half_uniref50-enc,,LoRA,3,1,0.45683149,0
Orthopoxvirus,prot_t5_xl_half_uniref50-enc,,LoRA,3,1,0.45013183,0
Orthopoxvirus,prot_t5_xl_half_uniref50-enc,,LoRA,3,1,0.60787594,1
Orthopoxvirus,prot_t5_xl_half_uniref50-enc,,LoRA,3,1,0.74761045,1
Orthopoxvirus,prot_t5_xl_half_uniref50-enc,,LoRA,3,1,0.5154721,1
Orthopoxvirus,prot_t5_xl_half_uniref50-enc,,LoRA,3,1,0.511248,1
Orthopoxvirus,prot_t5_xl_half_uniref50-enc,,LoRA,3,1,0.65713054,1
Orthopoxvirus,prot_t5_xl_half_uniref50-enc,,LoRA,3,1,0.5727643,1
Orthopoxvirus,prot_t5_xl_half_uniref50-enc,,LoRA,3,1,0.6833717,1
Orthopoxvirus,prot_t5_xl_half_uniref50-enc,,LoRA,3,1,0.73782915,1
Orthopoxvirus,prot_t5_xl_half_uniref50-enc,,LoRA,3,1,0.5617934,1
Orthopoxvirus,prot_t5_xl_half_uniref50-enc,,LoRA,3,1,0.6753594,1
Orthopoxvirus,prot_t5_xl_half_uniref50-enc,,LoRA,3,1,0.82767975,1
Orthopoxvirus,prot_t5_xl_half_uniref50-enc,,LoRA,3,1,0.55906546,1
Orthopoxvirus,prot_t5_xl_half_uniref50-enc,,LoRA,3,1,0.6754133,1
Orthopoxvirus,prot_t5_xl_half_uniref50-enc,,LoRA,3,1,0.87375927,1
Orthopoxvirus,prot_t5_xl_half_uniref50-enc,,LoRA,3,1,0.8736313,1
Orthopoxvirus,prot_t5_xl_half_uniref50-enc,,LoRA,3,1,0.6850243,1
Orthopoxvirus,prot_t5_xl_half_uniref50-enc,,LoRA,3,1,0.8176983,1
Orthopoxvirus,prot_t5_xl_half_uniref50-enc,,LoRA,3,1,0.51064086,1
Orthopoxvirus,prot_t5_xl_half_uniref50-enc,,LoRA,3,1,0.49589235,0
Orthopoxvirus,prot_t5_xl_half_uniref50-enc,,LoRA,3,1,0.7018767,1
Orthopoxvirus,prot_t5_xl_half_uniref50-enc,,LoRA,3,1,0.3902015,0
Orthopoxvirus,prot_t5_xl_half_uniref50-enc,,LoRA,3,1,0.73952824,1
Orthopoxvirus,prot_t5_xl_half_uniref50-enc,,LoRA,3,1,0.6166905,1
Orthopoxvirus,prot_t5_xl_half_uniref50-enc,,LoRA,3,1,0.72420096,1
Orthopoxvirus,prot_t5_xl_half_uniref50-enc,,LoRA,3,1,0.6768358,1
Orthopoxvirus,prot_t5_xl_half_uniref50-enc,,LoRA,3,1,0.39647305,0
Orthopoxvirus,prot_t5_xl_half_uniref50-enc,,LoRA,3,1,0.51885116,1
Orthopoxvirus,prot_t5_xl_half_uniref50-enc,,LoRA,3,1,0.7585079,1
Orthopoxvirus,prot_t5_xl_half_uniref50-enc,,LoRA,3,1,0.652984,1
Orthopoxvirus,prot_t5_xl_half_uniref50-enc,,LoRA,3,1,0.60942966,1
Orthopoxvirus,prot_t5_xl_half_uniref50-enc,,LoRA,3,1,0.85102916,1
Orthopoxvirus,prot_t5_xl_half_uniref50-enc,,LoRA,3,1,0.69969547,1
Orthopoxvirus,prot_t5_xl_half_uniref50-enc,,LoRA,3,1,0.6652007,1
Orthopoxvirus,prot_t5_xl_half_uniref50-enc,,LoRA,3,1,0.6031418,1
Orthopoxvirus,prot_t5_xl_half_uniref50-enc,,LoRA,3,1,0.8010327,1
Orthopoxvirus,prot_t5_xl_half_uniref50-enc,,LoRA,3,1,0.6843925,1
Orthopoxvirus,prot_t5_xl_half_uniref50-enc,,LoRA,3,1,0.81958747,1
Orthopoxvirus,prot_t5_xl_half_uniref50-enc,,LoRA,3,1,0.85369486,1
Orthopoxvirus,prot_t5_xl_half_uniref50-enc,,LoRA,3,1,0.7102409,1
Orthopoxvirus,prot_t5_xl_half_uniref50-enc,,LoRA,3,1,0.5254524,1
Orthopoxvirus,prot_t5_xl_half_uniref50-enc,,LoRA,3,1,0.792733,1
Orthopoxvirus,prot_t5_xl_half_uniref50-enc,,LoRA,3,1,0.6702371,1
Orthopoxvirus,prot_t5_xl_half_uniref50-enc,,LoRA,3,1,0.49078766,0
Orthopoxvirus,prot_t5_xl_half_uniref50-enc,,LoRA,3,1,0.56238556,1
Orthopoxvirus,prot_t5_xl_half_uniref50-enc,,LoRA,3,1,0.83764243,1
Orthopoxvirus,prot_t5_xl_half_uniref50-enc,,LoRA,3,1,0.5717316,1
Orthopoxvirus,prot_t5_xl_half_uniref50-enc,,LoRA,3,1,0.45063347,0
Orthopoxvirus,prot_t5_xl_half_uniref50-enc,,LoRA,3,1,0.83938015,1
Orthopoxvirus,prot_t5_xl_half_uniref50-enc,,LoRA,3,1,0.5644152,1
Orthopoxvirus,prot_t5_xl_half_uniref50-enc,,LoRA,3,1,0.5491265,1
Orthopoxvirus,prot_t5_xl_half_uniref50-enc,,LoRA,3,1,0.58299613,1
Orthopoxvirus,prot_t5_xl_half_uniref50-enc,,LoRA,3,1,0.5121849,1
Orthopoxvirus,prot_t5_xl_half_uniref50-enc,,LoRA,3,1,0.54326624,1
Orthopoxvirus,prot_t5_xl_half_uniref50-enc,,LoRA,3,1,0.606094,1
Orthopoxvirus,prot_t5_xl_half_uniref50-enc,,LoRA,3,1,0.81659883,1
Orthopoxvirus,prot_t5_xl_half_uniref50-enc,,LoRA,3,1,0.8370223,1
Orthopoxvirus,prot_t5_xl_half_uniref50-enc,,LoRA,3,1,0.5977265,1
Orthopoxvirus,prot_t5_xl_half_uniref50-enc,,LoRA,3,1,0.6366135,1
Orthopoxvirus,prot_t5_xl_half_uniref50-enc,,LoRA,3,1,0.47731385,0
Orthopoxvirus,prot_t5_xl_half_uniref50-enc,,LoRA,3,1,0.78833556,1
Orthopoxvirus,prot_t5_xl_half_uniref50-enc,,LoRA,3,1,0.6627761,1
Orthopoxvirus,prot_t5_xl_half_uniref50-enc,,LoRA,3,1,0.5032348,1
Orthopoxvirus,prot_t5_xl_half_uniref50-enc,,LoRA,3,1,0.49243072,0
Orthopoxvirus,prot_t5_xl_half_uniref50-enc,,LoRA,3,1,0.52237356,1
Orthopoxvirus,prot_t5_xl_half_uniref50-enc,,LoRA,3,1,0.74338424,1
Orthopoxvirus,prot_t5_xl_half_uniref50-enc,,LoRA,3,1,0.7087687,1
Orthopoxvirus,prot_t5_xl_half_uniref50-enc,,LoRA,3,1,0.69155943,1
Orthopoxvirus,prot_t5_xl_half_uniref50-enc,,LoRA,3,1,0.7646556,1
Orthopoxvirus,prot_t5_xl_half_uniref50-enc,,LoRA,3,1,0.63970286,1
Orthopoxvirus,prot_t5_xl_half_uniref50-enc,,LoRA,3,1,0.41346416,0
Orthopoxvirus,prot_t5_xl_half_uniref50-enc,,LoRA,3,1,0.6376027,1
Orthopoxvirus,prot_t5_xl_half_uniref50-enc,,LoRA,3,1,0.7252453,1
Orthopoxvirus,prot_t5_xl_half_uniref50-enc,,LoRA,3,1,0.70183265,1
Orthopoxvirus,prot_t5_xl_half_uniref50-enc,,LoRA,3,1,0.40486202,0
Orthopoxvirus,prot_t5_xl_half_uniref50-enc,,LoRA,3,1,0.6616005,1
Orthopoxvirus,prot_t5_xl_half_uniref50-enc,,LoRA,3,1,0.5674967,1
Orthopoxvirus,prot_t5_xl_half_uniref50-enc,,LoRA,3,1,0.6795797,1
Orthopoxvirus,prot_t5_xl_half_uniref50-enc,,LoRA,3,1,0.63556397,1
Orthopoxvirus,prot_t5_xl_half_uniref50-enc,,LoRA,3,1,0.5831037,1
Orthopoxvirus,prot_t5_xl_half_uniref50-enc,,LoRA,3,1,0.64904934,1
Orthopoxvirus,prot_t5_xl_half_uniref50-enc,,LoRA,3,1,0.7679528,1
Orthopoxvirus,prot_t5_xl_half_uniref50-enc,,LoRA,3,1,0.8450044,1
Orthopoxvirus,prot_t5_xl_half_uniref50-enc,,LoRA,3,1,0.77717406,1
Orthopoxvirus,prot_t5_xl_half_uniref50-enc,,LoRA,3,1,0.77713555,1
Orthopoxvirus,prot_t5_xl_half_uniref50-enc,,LoRA,3,1,0.8944345,1
Orthopoxvirus,prot_t5_xl_half_uniref50-enc,,LoRA,3,1,0.86331326,1
Orthopoxvirus,prot_t5_xl_half_uniref50-enc,,LoRA,3,1,0.79012567,1
Orthopoxvirus,prot_t5_xl_half_uniref50-enc,,LoRA,3,1,0.88182515,1
Orthopoxvirus,prot_t5_xl_half_uniref50-enc,,LoRA,3,1,0.88856876,1
Orthopoxvirus,prot_t5_xl_half_uniref50-enc,,LoRA,3,1,0.8422305,1
Orthopoxvirus,prot_t5_xl_half_uniref50-enc,,LoRA,3,1,0.85424787,1
Orthopoxvirus,prot_t5_xl_half_uniref50-enc,,LoRA,3,1,0.64084584,1
Orthopoxvirus,prot_t5_xl_half_uniref50-enc,,LoRA,3,1,0.7367156,1
Orthopoxvirus,prot_t5_xl_half_uniref50-enc,,LoRA,3,1,0.83810675,1
Orthopoxvirus,prot_t5_xl_half_uniref50-enc,,LoRA,3,1,0.44101343,0
Orthopoxvirus,prot_t5_xl_half_uniref50-enc,,LoRA,3,1,0.51125824,1
Orthopoxvirus,prot_t5_xl_half_uniref50-enc,,LoRA,3,1,0.3900789,0
Orthopoxvirus,prot_t5_xl_half_uniref50-enc,,LoRA,3,1,0.39865243,0
Orthopoxvirus,prot_t5_xl_half_uniref50-enc,,LoRA,3,1,0.2928619,0
Orthopoxvirus,prot_t5_xl_half_uniref50-enc,,LoRA,3,1,0.71252656,1
Orthopoxvirus,prot_t5_xl_half_uniref50-enc,,LoRA,3,1,0.36864522,0
Orthopoxvirus,prot_t5_xl_half_uniref50-enc,,LoRA,3,1,0.47411418,0
Orthopoxvirus,prot_t5_xl_half_uniref50-enc,,LoRA,3,1,0.32969832,0
Orthopoxvirus,prot_t5_xl_half_uniref50-enc,,LoRA,3,1,0.2849513,0
Orthopoxvirus,prot_t5_xl_half_uniref50-enc,,LoRA,3,1,0.32454914,0
Orthopoxvirus,prot_t5_xl_half_uniref50-enc,,LoRA,3,1,0.78280485,1
Orthopoxvirus,prot_t5_xl_half_uniref50-enc,,LoRA,3,1,0.6067756,1
Orthopoxvirus,prot_t5_xl_half_uniref50-enc,,LoRA,3,1,0.690684,1
Orthopoxvirus,prot_t5_xl_half_uniref50-enc,,LoRA,3,1,0.7590038,1
Orthopoxvirus,prot_t5_xl_half_uniref50-enc,,LoRA,3,1,0.7825957,1
Orthopoxvirus,prot_t5_xl_half_uniref50-enc,,LoRA,3,1,0.6475226,1
Orthopoxvirus,prot_t5_xl_half_uniref50-enc,,LoRA,3,1,0.73550534,1
Orthopoxvirus,prot_t5_xl_half_uniref50-enc,,LoRA,3,1,0.35842597,0
Orthopoxvirus,prot_t5_xl_half_uniref50-enc,,LoRA,3,1,0.5765945,1
Orthopoxvirus,prot_t5_xl_half_uniref50-enc,,LoRA,3,1,0.4724908,0
Orthopoxvirus,prot_t5_xl_half_uniref50-enc,,LoRA,3,1,0.51735896,1
Orthopoxvirus,prot_t5_xl_half_uniref50-enc,,LoRA,3,1,0.4723733,0
Orthopoxvirus,prot_t5_xl_half_uniref50-enc,,LoRA,3,1,0.5248411,1
Orthopoxvirus,prot_t5_xl_half_uniref50-enc,,LoRA,3,1,0.8372254,1
Orthopoxvirus,prot_t5_xl_half_uniref50-enc,,LoRA,3,1,0.80992883,1
Orthopoxvirus,prot_t5_xl_half_uniref50-enc,,LoRA,3,1,0.8195813,1
Orthopoxvirus,prot_t5_xl_half_uniref50-enc,,LoRA,3,1,0.8285015,1
Orthopoxvirus,prot_t5_xl_half_uniref50-enc,,LoRA,3,1,0.87391245,1
Orthopoxvirus,prot_t5_xl_half_uniref50-enc,,LoRA,3,1,0.85194045,1
Orthopoxvirus,prot_t5_xl_half_uniref50-enc,,LoRA,3,1,0.63567626,1
Orthopoxvirus,prot_t5_xl_half_uniref50-enc,,LoRA,3,1,0.8407775,1
Orthopoxvirus,prot_t5_xl_half_uniref50-enc,,LoRA,3,1,0.8398483,1
Orthopoxvirus,prot_t5_xl_half_uniref50-enc,,LoRA,3,1,0.862817,1
Orthopoxvirus,prot_t5_xl_half_uniref50-enc,,LoRA,3,1,0.84262836,1
Orthopoxvirus,prot_t5_xl_half_uniref50-enc,,LoRA,3,1,0.84181064,1
Orthopoxvirus,prot_t5_xl_half_uniref50-enc,,LoRA,3,1,0.79201245,1
Orthopoxvirus,prot_t5_xl_half_uniref50-enc,,LoRA,3,1,0.712266,1
Orthopoxvirus,prot_t5_xl_half_uniref50-enc,,LoRA,3,1,0.8356342,1
Orthopoxvirus,prot_t5_xl_half_uniref50-enc,,LoRA,3,1,0.8883507,1
Orthopoxvirus,prot_t5_xl_half_uniref50-enc,,LoRA,3,1,0.65909755,1
Orthopoxvirus,prot_t5_xl_half_uniref50-enc,,LoRA,3,1,0.8574407,1
Orthopoxvirus,prot_t5_xl_half_uniref50-enc,,LoRA,3,1,0.89125574,1
Orthopoxvirus,prot_t5_xl_half_uniref50-enc,,LoRA,3,1,0.6820283,1
Orthopoxvirus,prot_t5_xl_half_uniref50-enc,,LoRA,3,1,0.78837156,1
Orthopoxvirus,prot_t5_xl_half_uniref50-enc,,LoRA,3,1,0.74577653,1
Orthopoxvirus,prot_t5_xl_half_uniref50-enc,,LoRA,3,1,0.7486155,1
Orthopoxvirus,prot_t5_xl_half_uniref50-enc,,LoRA,3,1,0.73114824,1
Orthopoxvirus,prot_t5_xl_half_uniref50-enc,,LoRA,3,1,0.7864134,1
Orthopoxvirus,prot_t5_xl_half_uniref50-enc,,LoRA,3,1,0.6799293,1
Orthopoxvirus,prot_t5_xl_half_uniref50-enc,,LoRA,3,1,0.75332624,1
Orthopoxvirus,prot_t5_xl_half_uniref50-enc,,LoRA,3,1,0.82603073,1
Orthopoxvirus,prot_t5_xl_half_uniref50-enc,,LoRA,3,1,0.61176825,1
Orthopoxvirus,prot_t5_xl_half_uniref50-enc,,LoRA,3,1,0.82103354,1
Orthopoxvirus,prot_t5_xl_half_uniref50-enc,,LoRA,3,1,0.59379244,1
Orthopoxvirus,prot_t5_xl_half_uniref50-enc,,LoRA,3,1,0.76473933,1
Orthopoxvirus,prot_t5_xl_half_uniref50-enc,,LoRA,3,1,0.87922305,1
Orthopoxvirus,prot_t5_xl_half_uniref50-enc,,LoRA,3,1,0.8202535,1
Orthopoxvirus,prot_t5_xl_half_uniref50-enc,,LoRA,3,1,0.8657267,1
Orthopoxvirus,prot_t5_xl_half_uniref50-enc,,LoRA,3,1,0.8131139,1
Orthopoxvirus,prot_t5_xl_half_uniref50-enc,,LoRA,3,1,0.8767739,1
Orthopoxvirus,prot_t5_xl_half_uniref50-enc,,LoRA,3,1,0.79724526,1
Orthopoxvirus,prot_t5_xl_half_uniref50-enc,,LoRA,3,1,0.9048688,1
Orthopoxvirus,prot_t5_xl_half_uniref50-enc,,LoRA,3,1,0.8820887,1
Orthopoxvirus,prot_t5_xl_half_uniref50-enc,,LoRA,3,1,0.81439286,1
Orthopoxvirus,prot_t5_xl_half_uniref50-enc,,LoRA,3,1,0.7252722,1
Orthopoxvirus,prot_t5_xl_half_uniref50-enc,,LoRA,3,1,0.7125042,1
Orthopoxvirus,prot_t5_xl_half_uniref50-enc,,LoRA,3,1,0.6732183,1
Orthopoxvirus,prot_t5_xl_half_uniref50-enc,,LoRA,3,1,0.72415745,1
Orthopoxvirus,prot_t5_xl_half_uniref50-enc,,LoRA,3,1,0.7267945,1
Orthopoxvirus,prot_t5_xl_half_uniref50-enc,,LoRA,3,1,0.7728393,1
Orthopoxvirus,prot_t5_xl_half_uniref50-enc,,LoRA,3,1,0.6821948,1
Orthopoxvirus,prot_t5_xl_half_uniref50-enc,,LoRA,3,1,0.50383043,1
Orthopoxvirus,prot_t5_xl_half_uniref50-enc,,LoRA,3,1,0.64990026,1
Orthopoxvirus,prot_t5_xl_half_uniref50-enc,,LoRA,3,1,0.75843805,1
Orthopoxvirus,prot_t5_xl_half_uniref50-enc,,LoRA,3,1,0.6608384,1
Orthopoxvirus,prot_t5_xl_half_uniref50-enc,,LoRA,3,1,0.65949076,1
Orthopoxvirus,prot_t5_xl_half_uniref50-enc,,LoRA,3,1,0.65192646,1
Orthopoxvirus,prot_t5_xl_half_uniref50-enc,,LoRA,3,1,0.6949391,1
Orthopoxvirus,prot_t5_xl_half_uniref50-enc,,LoRA,3,1,0.6347762,1
Orthopoxvirus,prot_t5_xl_half_uniref50-enc,,LoRA,3,1,0.5075404,1
Orthopoxvirus,prot_t5_xl_half_uniref50-enc,,LoRA,3,1,0.73665863,1
Orthopoxvirus,prot_t5_xl_half_uniref50-enc,,LoRA,3,1,0.60684466,1
Orthopoxvirus,prot_t5_xl_half_uniref50-enc,,LoRA,3,1,0.7158437,1
Orthopoxvirus,prot_t5_xl_half_uniref50-enc,,LoRA,3,1,0.5807371,1
Orthopoxvirus,prot_t5_xl_half_uniref50-enc,,LoRA,3,1,0.64516777,1
Orthopoxvirus,prot_t5_xl_half_uniref50-enc,,LoRA,3,1,0.53130394,1
Orthopoxvirus,prot_t5_xl_half_uniref50-enc,,LoRA,3,1,0.6890233,1
Orthopoxvirus,prot_t5_xl_half_uniref50-enc,,LoRA,3,1,0.5609113,1
Orthopoxvirus,prot_t5_xl_half_uniref50-enc,,LoRA,3,1,0.49728233,0
Orthopoxvirus,prot_t5_xl_half_uniref50-enc,,LoRA,3,1,0.59233177,1
Orthopoxvirus,prot_t5_xl_half_uniref50-enc,,LoRA,3,1,0.6218948,1
Orthopoxvirus,prot_t5_xl_half_uniref50-enc,,LoRA,3,1,0.5769846,1
Orthopoxvirus,prot_t5_xl_half_uniref50-enc,,LoRA,3,1,0.5423115,1
Orthopoxvirus,prot_t5_xl_half_uniref50-enc,,LoRA,3,1,0.62815297,1
Orthopoxvirus,prot_t5_xl_half_uniref50-enc,,LoRA,3,1,0.60960126,1
Orthopoxvirus,prot_t5_xl_half_uniref50-enc,,LoRA,3,1,0.58584654,1
Orthopoxvirus,prot_t5_xl_half_uniref50-enc,,LoRA,3,1,0.74614483,1
Orthopoxvirus,prot_t5_xl_half_uniref50-enc,,LoRA,3,1,0.7438211,1
Orthopoxvirus,prot_t5_xl_half_uniref50-enc,,LoRA,3,1,0.6479552,1
Orthopoxvirus,prot_t5_xl_half_uniref50-enc,,LoRA,3,1,0.63430953,1
Orthopoxvirus,prot_t5_xl_half_uniref50-enc,,LoRA,3,1,0.7009748,1
Orthopoxvirus,prot_t5_xl_half_uniref50-enc,,LoRA,3,1,0.6631102,1
Orthopoxvirus,prot_t5_xl_half_uniref50-enc,,LoRA,3,1,0.7629225,1
Orthopoxvirus,prot_t5_xl_half_uniref50-enc,,LoRA,3,1,0.6828655,1
Orthopoxvirus,prot_t5_xl_half_uniref50-enc,,LoRA,3,1,0.69413626,1
Orthopoxvirus,prot_t5_xl_half_uniref50-enc,,LoRA,3,1,0.70939636,1
Orthopoxvirus,prot_t5_xl_half_uniref50-enc,,LoRA,3,1,0.74414134,1
Orthopoxvirus,prot_t5_xl_half_uniref50-enc,,LoRA,3,1,0.72723854,1
Orthopoxvirus,prot_t5_xl_half_uniref50-enc,,LoRA,3,1,0.5118735,1
Orthopoxvirus,prot_t5_xl_half_uniref50-enc,,LoRA,3,1,0.77837205,1
Orthopoxvirus,prot_t5_xl_half_uniref50-enc,,LoRA,3,1,0.7818872,1
Orthopoxvirus,prot_t5_xl_half_uniref50-enc,,LoRA,3,1,0.53354084,1
Orthopoxvirus,prot_t5_xl_half_uniref50-enc,,LoRA,3,1,0.53715307,1
Orthopoxvirus,prot_t5_xl_half_uniref50-enc,,LoRA,3,1,0.7959932,1
Orthopoxvirus,prot_t5_xl_half_uniref50-enc,,LoRA,3,1,0.65134186,1
Orthopoxvirus,prot_t5_xl_half_uniref50-enc,,LoRA,3,1,0.6798855,1
Orthopoxvirus,prot_t5_xl_half_uniref50-enc,,LoRA,3,1,0.6457561,1
Orthopoxvirus,prot_t5_xl_half_uniref50-enc,,LoRA,3,1,0.8635359,1
Orthopoxvirus,prot_t5_xl_half_uniref50-enc,,LoRA,3,1,0.6734666,1
Orthopoxvirus,prot_t5_xl_half_uniref50-enc,,LoRA,3,1,0.72706234,1
Orthopoxvirus,prot_t5_xl_half_uniref50-enc,,LoRA,3,1,0.75220406,1
Orthopoxvirus,prot_t5_xl_half_uniref50-enc,,LoRA,3,1,0.78349936,1
Orthopoxvirus,prot_t5_xl_half_uniref50-enc,,LoRA,3,1,0.7240182,1
Orthopoxvirus,prot_t5_xl_half_uniref50-enc,,LoRA,3,1,0.6765188,1
Orthopoxvirus,prot_t5_xl_half_uniref50-enc,,LoRA,3,1,0.3365943,0
Orthopoxvirus,prot_t5_xl_half_uniref50-enc,,LoRA,3,1,0.69656694,1
Orthopoxvirus,prot_t5_xl_half_uniref50-enc,,LoRA,3,1,0.66847605,1
Orthopoxvirus,prot_t5_xl_half_uniref50-enc,,LoRA,3,1,0.51624435,1
Orthopoxvirus,prot_t5_xl_half_uniref50-enc,,LoRA,3,1,0.30182543,0
Orthopoxvirus,prot_t5_xl_half_uniref50-enc,,LoRA,3,1,0.43541166,0
Orthopoxvirus,prot_t5_xl_half_uniref50-enc,,LoRA,3,1,0.7651218,1
Orthopoxvirus,prot_t5_xl_half_uniref50-enc,,LoRA,3,1,0.8329754,1
Orthopoxvirus,prot_t5_xl_half_uniref50-enc,,LoRA,3,1,0.48526227,0
Orthopoxvirus,prot_t5_xl_half_uniref50-enc,,LoRA,3,1,0.8046567,1
Orthopoxvirus,prot_t5_xl_half_uniref50-enc,,LoRA,3,1,0.66424996,1
Orthopoxvirus,prot_t5_xl_half_uniref50-enc,,LoRA,3,1,0.7616521,1
Orthopoxvirus,prot_t5_xl_half_uniref50-enc,,LoRA,3,1,0.6619652,1
Orthopoxvirus,prot_t5_xl_half_uniref50-enc,,LoRA,3,1,0.65459085,1
Orthopoxvirus,prot_t5_xl_half_uniref50-enc,,LoRA,3,1,0.57099175,1
Orthopoxvirus,prot_t5_xl_half_uniref50-enc,,LoRA,3,1,0.6009744,1
Orthopoxvirus,prot_t5_xl_half_uniref50-enc,,LoRA,3,1,0.59932613,1
Orthopoxvirus,prot_t5_xl_half_uniref50-enc,,LoRA,3,1,0.5619751,1
Orthopoxvirus,prot_t5_xl_half_uniref50-enc,,LoRA,3,1,0.7358591,1
Orthopoxvirus,prot_t5_xl_half_uniref50-enc,,LoRA,3,1,0.69407785,1
Orthopoxvirus,prot_t5_xl_half_uniref50-enc,,LoRA,3,1,0.56702983,1
Orthopoxvirus,prot_t5_xl_half_uniref50-enc,,LoRA,3,1,0.5873464,1
Orthopoxvirus,prot_t5_xl_half_uniref50-enc,,LoRA,3,1,0.69660115,1
Orthopoxvirus,prot_t5_xl_half_uniref50-enc,,LoRA,3,1,0.43285894,0
Orthopoxvirus,prot_t5_xl_half_uniref50-enc,,LoRA,3,1,0.39645487,0
Orthopoxvirus,prot_t5_xl_half_uniref50-enc,,LoRA,3,1,0.4764051,0
Orthopoxvirus,prot_t5_xl_half_uniref50-enc,,LoRA,3,1,0.75806004,1
Orthopoxvirus,prot_t5_xl_half_uniref50-enc,,LoRA,3,1,0.6239029,1
Orthopoxvirus,prot_t5_xl_half_uniref50-enc,,LoRA,3,1,0.55344325,1
Orthopoxvirus,prot_t5_xl_half_uniref50-enc,,LoRA,3,1,0.82100004,1
Orthopoxvirus,prot_t5_xl_half_uniref50-enc,,LoRA,3,1,0.73519206,1
Orthopoxvirus,prot_t5_xl_half_uniref50-enc,,LoRA,3,1,0.8273687,1
Orthopoxvirus,prot_t5_xl_half_uniref50-enc,,LoRA,3,1,0.2097229,0
Orthopoxvirus,prot_t5_xl_half_uniref50-enc,,LoRA,3,1,0.1408286,0
Orthopoxvirus,prot_t5_xl_half_uniref50-enc,,LoRA,3,1,0.098868035,0
Orthopoxvirus,prot_t5_xl_half_uniref50-enc,,LoRA,3,1,0.1905691,0
Orthopoxvirus,prot_t5_xl_half_uniref50-enc,,LoRA,3,1,0.16966116,0
Orthopoxvirus,prot_t5_xl_half_uniref50-enc,,LoRA,3,1,0.2180123,0
Orthopoxvirus,prot_t5_xl_half_uniref50-enc,,LoRA,3,1,0.19339944,0
Orthopoxvirus,prot_t5_xl_half_uniref50-enc,,LoRA,3,1,0.1853632,0
Orthopoxvirus,prot_t5_xl_half_uniref50-enc,,LoRA,3,1,0.56523305,1
Orthopoxvirus,prot_t5_xl_half_uniref50-enc,,LoRA,3,1,0.40837744,0
Orthopoxvirus,prot_t5_xl_half_uniref50-enc,,LoRA,3,1,0.672076,1
Orthopoxvirus,prot_t5_xl_half_uniref50-enc,,LoRA,3,1,0.777918,1
Orthopoxvirus,prot_t5_xl_half_uniref50-enc,,LoRA,3,1,0.68929476,1
Orthopoxvirus,prot_t5_xl_half_uniref50-enc,,LoRA,3,1,0.92179924,1
Orthopoxvirus,prot_t5_xl_half_uniref50-enc,,LoRA,3,1,0.70882267,1
Orthopoxvirus,prot_t5_xl_half_uniref50-enc,,LoRA,3,1,0.6722714,1
Orthopoxvirus,prot_t5_xl_half_uniref50-enc,,LoRA,3,1,0.8493246,1
Orthopoxvirus,prot_t5_xl_half_uniref50-enc,,LoRA,3,1,0.830433,1
Orthopoxvirus,prot_t5_xl_half_uniref50-enc,,LoRA,3,1,0.70503485,1
Orthopoxvirus,prot_t5_xl_half_uniref50-enc,,LoRA,3,1,0.43616283,0
Orthopoxvirus,prot_t5_xl_half_uniref50-enc,,LoRA,3,1,0.36696768,0
Orthopoxvirus,prot_t5_xl_half_uniref50-enc,,LoRA,3,1,0.5652064,1
Orthopoxvirus,prot_t5_xl_half_uniref50-enc,,LoRA,3,1,0.6408792,1
Orthopoxvirus,prot_t5_xl_half_uniref50-enc,,LoRA,3,1,0.7104648,1
Orthopoxvirus,prot_t5_xl_half_uniref50-enc,,LoRA,3,1,0.35863218,0
Orthopoxvirus,prot_t5_xl_half_uniref50-enc,,LoRA,3,1,0.68050694,1
Orthopoxvirus,prot_t5_xl_half_uniref50-enc,,LoRA,3,1,0.7165678,1
Orthopoxvirus,prot_t5_xl_half_uniref50-enc,,LoRA,3,1,0.5001479,1
Orthopoxvirus,prot_t5_xl_half_uniref50-enc,,LoRA,3,1,0.52853024,1
Orthopoxvirus,prot_t5_xl_half_uniref50-enc,,LoRA,3,1,0.5252324,1
Orthopoxvirus,prot_t5_xl_half_uniref50-enc,,LoRA,3,1,0.3847657,0
Orthopoxvirus,prot_t5_xl_half_uniref50-enc,,LoRA,3,1,0.70828676,1
Orthopoxvirus,prot_t5_xl_half_uniref50-enc,,LoRA,3,1,0.5002817,1
Orthopoxvirus,prot_t5_xl_half_uniref50-enc,,LoRA,3,1,0.3051814,0
Orthopoxvirus,prot_t5_xl_half_uniref50-enc,,LoRA,3,1,0.43821472,0
Orthopoxvirus,prot_t5_xl_half_uniref50-enc,,LoRA,3,0,0.24263497,0
Orthopoxvirus,prot_t5_xl_half_uniref50-enc,,LoRA,3,0,0.3190409,0
Orthopoxvirus,prot_t5_xl_half_uniref50-enc,,LoRA,3,0,0.31603396,0
Orthopoxvirus,prot_t5_xl_half_uniref50-enc,,LoRA,3,0,0.4250669,0
Orthopoxvirus,prot_t5_xl_half_uniref50-enc,,LoRA,3,0,0.21377522,0
Orthopoxvirus,prot_t5_xl_half_uniref50-enc,,LoRA,3,0,0.27377617,0
Orthopoxvirus,prot_t5_xl_half_uniref50-enc,,LoRA,3,0,0.38101965,0
Orthopoxvirus,prot_t5_xl_half_uniref50-enc,,LoRA,3,0,0.3200518,0
Orthopoxvirus,prot_t5_xl_half_uniref50-enc,,LoRA,3,0,0.38458043,0
Orthopoxvirus,prot_t5_xl_half_uniref50-enc,,LoRA,3,0,0.5871949,1
Orthopoxvirus,prot_t5_xl_half_uniref50-enc,,LoRA,3,1,0.70228577,1
Orthopoxvirus,prot_t5_xl_half_uniref50-enc,,LoRA,3,1,0.70082235,1
Orthopoxvirus,prot_t5_xl_half_uniref50-enc,,LoRA,3,1,0.8145329,1
Orthopoxvirus,prot_t5_xl_half_uniref50-enc,,LoRA,3,1,0.6919501,1
Orthopoxvirus,prot_t5_xl_half_uniref50-enc,,LoRA,3,1,0.7528705,1
Orthopoxvirus,prot_t5_xl_half_uniref50-enc,,LoRA,3,1,0.81475437,1
Orthopoxvirus,prot_t5_xl_half_uniref50-enc,,LoRA,3,1,0.6636956,1
Orthopoxvirus,prot_t5_xl_half_uniref50-enc,,LoRA,3,1,0.27359986,0
Orthopoxvirus,prot_t5_xl_half_uniref50-enc,,LoRA,3,1,0.5833328,1
Orthopoxvirus,prot_t5_xl_half_uniref50-enc,,LoRA,3,1,0.36770695,0
Orthopoxvirus,prot_t5_xl_half_uniref50-enc,,LoRA,3,0,0.4934934,0
Orthopoxvirus,prot_t5_xl_half_uniref50-enc,,LoRA,3,0,0.5876954,1
Orthopoxvirus,prot_t5_xl_half_uniref50-enc,,LoRA,3,0,0.5770421,1
Orthopoxvirus,prot_t5_xl_half_uniref50-enc,,LoRA,3,0,0.60451746,1
Orthopoxvirus,prot_t5_xl_half_uniref50-enc,,LoRA,3,0,0.531941,1
Orthopoxvirus,prot_t5_xl_half_uniref50-enc,,LoRA,3,0,0.5995131,1
Orthopoxvirus,prot_t5_xl_half_uniref50-enc,,LoRA,3,0,0.61064726,1
Orthopoxvirus,prot_t5_xl_half_uniref50-enc,,LoRA,3,0,0.6171784,1
Orthopoxvirus,prot_t5_xl_half_uniref50-enc,,LoRA,3,0,0.59901386,1
Orthopoxvirus,prot_t5_xl_half_uniref50-enc,,LoRA,3,0,0.76930666,1
Orthopoxvirus,prot_t5_xl_half_uniref50-enc,,LoRA,4,0,0.6302265,1
Orthopoxvirus,prot_t5_xl_half_uniref50-enc,,LoRA,4,0,0.53653353,1
Orthopoxvirus,prot_t5_xl_half_uniref50-enc,,LoRA,4,0,0.65664446,1
Orthopoxvirus,prot_t5_xl_half_uniref50-enc,,LoRA,4,0,0.47729677,0
Orthopoxvirus,prot_t5_xl_half_uniref50-enc,,LoRA,4,0,0.61134,1
Orthopoxvirus,prot_t5_xl_half_uniref50-enc,,LoRA,4,0,0.5122958,1
Orthopoxvirus,prot_t5_xl_half_uniref50-enc,,LoRA,4,0,0.48443583,0
Orthopoxvirus,prot_t5_xl_half_uniref50-enc,,LoRA,4,0,0.54248667,1
Orthopoxvirus,prot_t5_xl_half_uniref50-enc,,LoRA,4,0,0.52993244,1
Orthopoxvirus,prot_t5_xl_half_uniref50-enc,,LoRA,4,0,0.64411044,1
Orthopoxvirus,prot_t5_xl_half_uniref50-enc,,LoRA,4,0,0.48542482,0
Orthopoxvirus,prot_t5_xl_half_uniref50-enc,,LoRA,4,0,0.5651846,1
Orthopoxvirus,prot_t5_xl_half_uniref50-enc,,LoRA,4,0,0.6150832,1
Orthopoxvirus,prot_t5_xl_half_uniref50-enc,,LoRA,4,0,0.51007116,1
Orthopoxvirus,prot_t5_xl_half_uniref50-enc,,LoRA,4,0,0.67155004,1
Orthopoxvirus,prot_t5_xl_half_uniref50-enc,,LoRA,4,0,0.5075429,1
Orthopoxvirus,prot_t5_xl_half_uniref50-enc,,LoRA,4,0,0.42353147,0
Orthopoxvirus,prot_t5_xl_half_uniref50-enc,,LoRA,4,0,0.446595,0
Orthopoxvirus,prot_t5_xl_half_uniref50-enc,,LoRA,4,0,0.5411253,1
Orthopoxvirus,prot_t5_xl_half_uniref50-enc,,LoRA,4,0,0.6309594,1
Orthopoxvirus,prot_t5_xl_half_uniref50-enc,,LoRA,4,0,0.73838955,1
Orthopoxvirus,prot_t5_xl_half_uniref50-enc,,LoRA,4,0,0.64381933,1
Orthopoxvirus,prot_t5_xl_half_uniref50-enc,,LoRA,4,0,0.51504236,1
Orthopoxvirus,prot_t5_xl_half_uniref50-enc,,LoRA,4,0,0.6385984,1
Orthopoxvirus,prot_t5_xl_half_uniref50-enc,,LoRA,4,0,0.6149829,1
Orthopoxvirus,prot_t5_xl_half_uniref50-enc,,LoRA,4,0,0.6379862,1
Orthopoxvirus,prot_t5_xl_half_uniref50-enc,,LoRA,4,1,0.8874014,1
Orthopoxvirus,prot_t5_xl_half_uniref50-enc,,LoRA,4,1,0.8686023,1
Orthopoxvirus,prot_t5_xl_half_uniref50-enc,,LoRA,4,1,0.7325399,1
Orthopoxvirus,prot_t5_xl_half_uniref50-enc,,LoRA,4,1,0.6527973,1
Orthopoxvirus,prot_t5_xl_half_uniref50-enc,,LoRA,4,1,0.74403226,1
Orthopoxvirus,prot_t5_xl_half_uniref50-enc,,LoRA,4,1,0.74659574,1
Orthopoxvirus,prot_t5_xl_half_uniref50-enc,,LoRA,4,1,0.6976555,1
Orthopoxvirus,prot_t5_xl_half_uniref50-enc,,LoRA,4,1,0.82045674,1
Orthopoxvirus,prot_t5_xl_half_uniref50-enc,,LoRA,4,1,0.7657653,1
Orthopoxvirus,prot_t5_xl_half_uniref50-enc,,LoRA,4,1,0.7769723,1
Orthopoxvirus,prot_t5_xl_half_uniref50-enc,,LoRA,4,1,0.793529,1
Orthopoxvirus,prot_t5_xl_half_uniref50-enc,,LoRA,4,1,0.79139423,1
Orthopoxvirus,prot_t5_xl_half_uniref50-enc,,LoRA,4,1,0.7568131,1
Orthopoxvirus,prot_t5_xl_half_uniref50-enc,,LoRA,4,1,0.8767816,1
Orthopoxvirus,prot_t5_xl_half_uniref50-enc,,LoRA,4,1,0.84021294,1
Orthopoxvirus,prot_t5_xl_half_uniref50-enc,,LoRA,4,1,0.8763944,1
Orthopoxvirus,prot_t5_xl_half_uniref50-enc,,LoRA,4,1,0.76269,1
Orthopoxvirus,prot_t5_xl_half_uniref50-enc,,LoRA,4,1,0.7975821,1
Orthopoxvirus,prot_t5_xl_half_uniref50-enc,,LoRA,4,1,0.7303976,1
Orthopoxvirus,prot_t5_xl_half_uniref50-enc,,LoRA,4,1,0.8654714,1
Orthopoxvirus,prot_t5_xl_half_uniref50-enc,,LoRA,4,1,0.6278419,1
Orthopoxvirus,prot_t5_xl_half_uniref50-enc,,LoRA,4,1,0.39084652,0
Orthopoxvirus,prot_t5_xl_half_uniref50-enc,,LoRA,4,1,0.50024605,1
Orthopoxvirus,prot_t5_xl_half_uniref50-enc,,LoRA,4,1,0.41124597,0
Orthopoxvirus,prot_t5_xl_half_uniref50-enc,,LoRA,4,1,0.32214612,0
Orthopoxvirus,prot_t5_xl_half_uniref50-enc,,LoRA,4,1,0.3515869,0
Orthopoxvirus,prot_t5_xl_half_uniref50-enc,,LoRA,4,1,0.36500356,0
Orthopoxvirus,prot_t5_xl_half_uniref50-enc,,LoRA,4,1,0.41124636,0
Orthopoxvirus,prot_t5_xl_half_uniref50-enc,,LoRA,4,1,0.4453723,0
Orthopoxvirus,prot_t5_xl_half_uniref50-enc,,LoRA,4,1,0.69786435,1
Orthopoxvirus,prot_t5_xl_half_uniref50-enc,,LoRA,4,0,0.5764308,1
Orthopoxvirus,prot_t5_xl_half_uniref50-enc,,LoRA,4,0,0.6993066,1
Orthopoxvirus,prot_t5_xl_half_uniref50-enc,,LoRA,4,0,0.78019583,1
Orthopoxvirus,prot_t5_xl_half_uniref50-enc,,LoRA,4,0,0.59601974,1
Orthopoxvirus,prot_t5_xl_half_uniref50-enc,,LoRA,4,0,0.74652684,1
Orthopoxvirus,prot_t5_xl_half_uniref50-enc,,LoRA,4,0,0.68282604,1
Orthopoxvirus,prot_t5_xl_half_uniref50-enc,,LoRA,4,0,0.49175084,0
Orthopoxvirus,prot_t5_xl_half_uniref50-enc,,LoRA,4,0,0.74332505,1
Orthopoxvirus,prot_t5_xl_half_uniref50-enc,,LoRA,4,0,0.42632395,0
Orthopoxvirus,prot_t5_xl_half_uniref50-enc,,LoRA,4,0,0.46119866,0
Orthopoxvirus,prot_t5_xl_half_uniref50-enc,,LoRA,4,0,0.5799122,1
Orthopoxvirus,prot_t5_xl_half_uniref50-enc,,LoRA,4,0,0.28822207,0
Orthopoxvirus,prot_t5_xl_half_uniref50-enc,,LoRA,4,0,0.50387704,1
Orthopoxvirus,prot_t5_xl_half_uniref50-enc,,LoRA,4,0,0.30746543,0
Orthopoxvirus,prot_t5_xl_half_uniref50-enc,,LoRA,4,0,0.38124064,0
Orthopoxvirus,prot_t5_xl_half_uniref50-enc,,LoRA,4,1,0.28659183,0
Orthopoxvirus,prot_t5_xl_half_uniref50-enc,,LoRA,4,1,0.4060173,0
Orthopoxvirus,prot_t5_xl_half_uniref50-enc,,LoRA,4,1,0.2570558,0
Orthopoxvirus,prot_t5_xl_half_uniref50-enc,,LoRA,4,1,0.28987274,0
Orthopoxvirus,prot_t5_xl_half_uniref50-enc,,LoRA,4,1,0.37687305,0
Orthopoxvirus,prot_t5_xl_half_uniref50-enc,,LoRA,4,0,0.24947034,0
Orthopoxvirus,prot_t5_xl_half_uniref50-enc,,LoRA,4,0,0.22304112,0
Orthopoxvirus,prot_t5_xl_half_uniref50-enc,,LoRA,4,0,0.2159648,0
Orthopoxvirus,prot_t5_xl_half_uniref50-enc,,LoRA,4,0,0.16124597,0
Orthopoxvirus,prot_t5_xl_half_uniref50-enc,,LoRA,4,0,0.1906387,0
Orthopoxvirus,prot_t5_xl_half_uniref50-enc,,LoRA,4,0,0.14485995,0
Orthopoxvirus,prot_t5_xl_half_uniref50-enc,,LoRA,4,0,0.19017798,0
Orthopoxvirus,prot_t5_xl_half_uniref50-enc,,LoRA,4,0,0.18787113,0
Orthopoxvirus,prot_t5_xl_half_uniref50-enc,,LoRA,4,0,0.1715091,0
Orthopoxvirus,prot_t5_xl_half_uniref50-enc,,LoRA,4,0,0.19637106,0
Orthopoxvirus,prot_t5_xl_half_uniref50-enc,,LoRA,4,0,0.25774607,0
Orthopoxvirus,prot_t5_xl_half_uniref50-enc,,LoRA,4,0,0.22571732,0
Orthopoxvirus,prot_t5_xl_half_uniref50-enc,,LoRA,4,0,0.3272761,0
Orthopoxvirus,prot_t5_xl_half_uniref50-enc,,LoRA,4,0,0.23800321,0
Orthopoxvirus,prot_t5_xl_half_uniref50-enc,,LoRA,4,0,0.33970678,0
Orthopoxvirus,prot_t5_xl_half_uniref50-enc,,LoRA,4,0,0.2165032,0
Orthopoxvirus,prot_t5_xl_half_uniref50-enc,,LoRA,4,0,0.2939712,0
Orthopoxvirus,prot_t5_xl_half_uniref50-enc,,LoRA,4,0,0.27029073,0
Orthopoxvirus,prot_t5_xl_half_uniref50-enc,,LoRA,4,0,0.29760575,0
Orthopoxvirus,prot_t5_xl_half_uniref50-enc,,LoRA,4,0,0.33818924,0
Orthopoxvirus,prot_t5_xl_half_uniref50-enc,,LoRA,4,1,0.22168683,0
Orthopoxvirus,prot_t5_xl_half_uniref50-enc,,LoRA,4,1,0.31603694,0
Orthopoxvirus,prot_t5_xl_half_uniref50-enc,,LoRA,4,1,0.18822037,0
Orthopoxvirus,prot_t5_xl_half_uniref50-enc,,LoRA,4,1,0.31609207,0
Orthopoxvirus,prot_t5_xl_half_uniref50-enc,,LoRA,4,1,0.22424914,0
Orthopoxvirus,prot_t5_xl_half_uniref50-enc,,LoRA,4,1,0.25511855,0
Orthopoxvirus,prot_t5_xl_half_uniref50-enc,,LoRA,4,1,0.27793685,0
Orthopoxvirus,prot_t5_xl_half_uniref50-enc,,LoRA,4,1,0.28162342,0
Orthopoxvirus,prot_t5_xl_half_uniref50-enc,,LoRA,4,1,0.2725916,0
Orthopoxvirus,prot_t5_xl_half_uniref50-enc,,LoRA,4,1,0.322349,0
Orthopoxvirus,prot_t5_xl_half_uniref50-enc,,LoRA,4,1,0.31438276,0
Orthopoxvirus,prot_t5_xl_half_uniref50-enc,,LoRA,4,1,0.32781523,0
Orthopoxvirus,prot_t5_xl_half_uniref50-enc,,LoRA,4,1,0.3517177,0
Orthopoxvirus,prot_t5_xl_half_uniref50-enc,,LoRA,4,1,0.5156472,1
Orthopoxvirus,prot_t5_xl_half_uniref50-enc,,LoRA,4,1,0.39823225,0
Orthopoxvirus,prot_t5_xl_half_uniref50-enc,,LoRA,4,1,0.32733873,0
Orthopoxvirus,prot_t5_xl_half_uniref50-enc,,LoRA,4,1,0.47199148,0
Orthopoxvirus,prot_t5_xl_half_uniref50-enc,,LoRA,4,1,0.31148168,0
Orthopoxvirus,prot_t5_xl_half_uniref50-enc,,LoRA,4,1,0.5015864,1
Orthopoxvirus,prot_t5_xl_half_uniref50-enc,,LoRA,4,1,0.5856363,1
Orthopoxvirus,prot_t5_xl_half_uniref50-enc,,LoRA,4,0,0.72822356,1
Orthopoxvirus,prot_t5_xl_half_uniref50-enc,,LoRA,4,0,0.6279343,1
Orthopoxvirus,prot_t5_xl_half_uniref50-enc,,LoRA,4,0,0.68388283,1
Orthopoxvirus,prot_t5_xl_half_uniref50-enc,,LoRA,4,0,0.69253224,1
Orthopoxvirus,prot_t5_xl_half_uniref50-enc,,LoRA,4,0,0.47119483,0
Orthopoxvirus,prot_t5_xl_half_uniref50-enc,,LoRA,4,0,0.42890087,0
Orthopoxvirus,prot_t5_xl_half_uniref50-enc,,LoRA,4,0,0.6128678,1
Orthopoxvirus,prot_t5_xl_half_uniref50-enc,,LoRA,4,0,0.5319308,1
Orthopoxvirus,prot_t5_xl_half_uniref50-enc,,LoRA,4,0,0.33892947,0
Orthopoxvirus,prot_t5_xl_half_uniref50-enc,,LoRA,4,0,0.55499226,1
Orthopoxvirus,prot_t5_xl_half_uniref50-enc,,LoRA,4,0,0.5155883,1
Orthopoxvirus,prot_t5_xl_half_uniref50-enc,,LoRA,4,0,0.5151328,1
Orthopoxvirus,prot_t5_xl_half_uniref50-enc,,LoRA,4,0,0.31305405,0
Orthopoxvirus,prot_t5_xl_half_uniref50-enc,,LoRA,4,0,0.47541833,0
Orthopoxvirus,prot_t5_xl_half_uniref50-enc,,LoRA,4,0,0.48342448,0
Orthopoxvirus,prot_t5_xl_half_uniref50-enc,,LoRA,4,0,0.2910399,0
Orthopoxvirus,prot_t5_xl_half_uniref50-enc,,LoRA,4,0,0.3399326,0
Orthopoxvirus,prot_t5_xl_half_uniref50-enc,,LoRA,4,0,0.5242471,1
Orthopoxvirus,prot_t5_xl_half_uniref50-enc,,LoRA,4,0,0.2886147,0
Orthopoxvirus,prot_t5_xl_half_uniref50-enc,,LoRA,4,0,0.32561427,0
Orthopoxvirus,prot_t5_xl_half_uniref50-enc,,LoRA,4,0,0.39362684,0
Orthopoxvirus,prot_t5_xl_half_uniref50-enc,,LoRA,4,0,0.40809846,0
Orthopoxvirus,prot_t5_xl_half_uniref50-enc,,LoRA,4,0,0.4378871,0
Orthopoxvirus,prot_t5_xl_half_uniref50-enc,,LoRA,4,0,0.384112,0
Orthopoxvirus,prot_t5_xl_half_uniref50-enc,,LoRA,4,0,0.46193367,0
Orthopoxvirus,prot_t5_xl_half_uniref50-enc,,LoRA,4,0,0.47827634,0
Orthopoxvirus,prot_t5_xl_half_uniref50-enc,,LoRA,4,0,0.49648523,0
Orthopoxvirus,prot_t5_xl_half_uniref50-enc,,LoRA,4,0,0.46998918,0
Orthopoxvirus,prot_t5_xl_half_uniref50-enc,,LoRA,4,0,0.3259199,0
Orthopoxvirus,prot_t5_xl_half_uniref50-enc,,LoRA,4,0,0.39808017,0
Orthopoxvirus,prot_t5_xl_half_uniref50-enc,,LoRA,4,0,0.66045135,1
Orthopoxvirus,prot_t5_xl_half_uniref50-enc,,LoRA,4,0,0.5660967,1
Orthopoxvirus,prot_t5_xl_half_uniref50-enc,,LoRA,4,0,0.46005228,0
Orthopoxvirus,prot_t5_xl_half_uniref50-enc,,LoRA,4,0,0.5216871,1
Orthopoxvirus,prot_t5_xl_half_uniref50-enc,,LoRA,4,0,0.5288677,1
Orthopoxvirus,prot_t5_xl_half_uniref50-enc,,LoRA,4,0,0.54017365,1
Orthopoxvirus,prot_t5_xl_half_uniref50-enc,,LoRA,4,0,0.351337,0
Orthopoxvirus,prot_t5_xl_half_uniref50-enc,,LoRA,4,0,0.30556667,0
Orthopoxvirus,prot_t5_xl_half_uniref50-enc,,LoRA,4,0,0.38634375,0
Orthopoxvirus,prot_t5_xl_half_uniref50-enc,,LoRA,4,0,0.32607165,0
Orthopoxvirus,prot_t5_xl_half_uniref50-enc,,LoRA,4,1,0.37539235,0
Orthopoxvirus,prot_t5_xl_half_uniref50-enc,,LoRA,4,1,0.3319423,0
Orthopoxvirus,prot_t5_xl_half_uniref50-enc,,LoRA,4,1,0.35224098,0
Orthopoxvirus,prot_t5_xl_half_uniref50-enc,,LoRA,4,1,0.36253712,0
Orthopoxvirus,prot_t5_xl_half_uniref50-enc,,LoRA,4,1,0.3851268,0
Orthopoxvirus,prot_t5_xl_half_uniref50-enc,,LoRA,4,0,0.43054125,0
Orthopoxvirus,prot_t5_xl_half_uniref50-enc,,LoRA,4,0,0.41922274,0
Orthopoxvirus,prot_t5_xl_half_uniref50-enc,,LoRA,4,0,0.5093248,1
Orthopoxvirus,prot_t5_xl_half_uniref50-enc,,LoRA,4,0,0.33043554,0
Orthopoxvirus,prot_t5_xl_half_uniref50-enc,,LoRA,4,0,0.29588947,0
Orthopoxvirus,prot_t5_xl_half_uniref50-enc,,LoRA,4,0,0.6048485,1
Orthopoxvirus,prot_t5_xl_half_uniref50-enc,,LoRA,4,0,0.50706744,1
Orthopoxvirus,prot_t5_xl_half_uniref50-enc,,LoRA,4,0,0.4675337,0
Orthopoxvirus,prot_t5_xl_half_uniref50-enc,,LoRA,4,0,0.3759805,0
Orthopoxvirus,prot_t5_xl_half_uniref50-enc,,LoRA,4,0,0.31407586,0
Orthopoxvirus,prot_t5_xl_half_uniref50-enc,,LoRA,4,0,0.34971732,0
Orthopoxvirus,prot_t5_xl_half_uniref50-enc,,LoRA,4,0,0.37423447,0
Orthopoxvirus,prot_t5_xl_half_uniref50-enc,,LoRA,4,0,0.22217897,0
Orthopoxvirus,prot_t5_xl_half_uniref50-enc,,LoRA,4,0,0.30392653,0
Orthopoxvirus,prot_t5_xl_half_uniref50-enc,,LoRA,4,0,0.24104227,0
Orthopoxvirus,prot_t5_xl_half_uniref50-enc,,LoRA,4,0,0.3246595,0
Orthopoxvirus,prot_t5_xl_half_uniref50-enc,,LoRA,4,0,0.28956875,0
Orthopoxvirus,prot_t5_xl_half_uniref50-enc,,LoRA,4,0,0.4056352,0
Orthopoxvirus,prot_t5_xl_half_uniref50-enc,,LoRA,4,0,0.3612691,0
Orthopoxvirus,prot_t5_xl_half_uniref50-enc,,LoRA,4,0,0.5156464,1
Orthopoxvirus,prot_t5_xl_half_uniref50-enc,,LoRA,4,0,0.4131076,0
Orthopoxvirus,prot_t5_xl_half_uniref50-enc,,LoRA,4,0,0.39194855,0
Orthopoxvirus,prot_t5_xl_half_uniref50-enc,,LoRA,4,0,0.5852024,1
Orthopoxvirus,prot_t5_xl_half_uniref50-enc,,LoRA,4,0,0.39747086,0
Orthopoxvirus,prot_t5_xl_half_uniref50-enc,,LoRA,4,0,0.56627864,1
Orthopoxvirus,prot_t5_xl_half_uniref50-enc,,LoRA,4,0,0.6280687,1
Orthopoxvirus,prot_t5_xl_half_uniref50-enc,,LoRA,4,0,0.34554625,0
Orthopoxvirus,prot_t5_xl_half_uniref50-enc,,LoRA,4,0,0.4201178,0
Orthopoxvirus,prot_t5_xl_half_uniref50-enc,,LoRA,4,0,0.5212906,1
Orthopoxvirus,prot_t5_xl_half_uniref50-enc,,LoRA,4,0,0.5764759,1
Orthopoxvirus,prot_t5_xl_half_uniref50-enc,,LoRA,4,0,0.4227291,0
Orthopoxvirus,prot_t5_xl_half_uniref50-enc,,LoRA,4,0,0.63395834,1
Orthopoxvirus,prot_t5_xl_half_uniref50-enc,,LoRA,4,0,0.34698093,0
Orthopoxvirus,prot_t5_xl_half_uniref50-enc,,LoRA,4,0,0.4713354,0
Orthopoxvirus,prot_t5_xl_half_uniref50-enc,,LoRA,4,0,0.3648221,0
Orthopoxvirus,prot_t5_xl_half_uniref50-enc,,LoRA,4,0,0.47424212,0
Orthopoxvirus,prot_t5_xl_half_uniref50-enc,,LoRA,4,0,0.41987777,0
Orthopoxvirus,prot_t5_xl_half_uniref50-enc,,LoRA,4,0,0.3877934,0
Orthopoxvirus,prot_t5_xl_half_uniref50-enc,,LoRA,4,0,0.49329704,0
Orthopoxvirus,prot_t5_xl_half_uniref50-enc,,LoRA,4,0,0.44413927,0
Orthopoxvirus,prot_t5_xl_half_uniref50-enc,,LoRA,4,0,0.41924086,0
Orthopoxvirus,prot_t5_xl_half_uniref50-enc,,LoRA,4,0,0.5573556,1
Orthopoxvirus,prot_t5_xl_half_uniref50-enc,,LoRA,4,0,0.5302528,1
Orthopoxvirus,prot_t5_xl_half_uniref50-enc,,LoRA,4,0,0.45454827,0
Orthopoxvirus,prot_t5_xl_half_uniref50-enc,,LoRA,4,0,0.6712749,1
Orthopoxvirus,prot_t5_xl_half_uniref50-enc,,LoRA,4,0,0.35796914,0
Orthopoxvirus,prot_t5_xl_half_uniref50-enc,,LoRA,4,0,0.33811927,0
Orthopoxvirus,prot_t5_xl_half_uniref50-enc,,LoRA,4,0,0.39718804,0
Orthopoxvirus,prot_t5_xl_half_uniref50-enc,,LoRA,4,0,0.3647571,0
Orthopoxvirus,prot_t5_xl_half_uniref50-enc,,LoRA,4,0,0.4025767,0
Orthopoxvirus,prot_t5_xl_half_uniref50-enc,,LoRA,4,0,0.3450906,0
Orthopoxvirus,prot_t5_xl_half_uniref50-enc,,LoRA,4,0,0.3522871,0
Orthopoxvirus,prot_t5_xl_half_uniref50-enc,,LoRA,4,0,0.39387938,0
Orthopoxvirus,prot_t5_xl_half_uniref50-enc,,LoRA,4,0,0.39983505,0
Orthopoxvirus,prot_t5_xl_half_uniref50-enc,,LoRA,4,0,0.43043002,0
Orthopoxvirus,prot_t5_xl_half_uniref50-enc,,LoRA,4,0,0.44653842,0
Orthopoxvirus,prot_t5_xl_half_uniref50-enc,,LoRA,4,0,0.41241372,0
Orthopoxvirus,prot_t5_xl_half_uniref50-enc,,LoRA,4,0,0.4742722,0
Orthopoxvirus,prot_t5_xl_half_uniref50-enc,,LoRA,4,1,0.70147556,1
Orthopoxvirus,prot_t5_xl_half_uniref50-enc,,LoRA,4,1,0.7199118,1
Orthopoxvirus,prot_t5_xl_half_uniref50-enc,,LoRA,4,1,0.86750287,1
Orthopoxvirus,prot_t5_xl_half_uniref50-enc,,LoRA,4,1,0.88184345,1
Orthopoxvirus,prot_t5_xl_half_uniref50-enc,,LoRA,4,1,0.87272877,1
Orthopoxvirus,prot_t5_xl_half_uniref50-enc,,LoRA,4,1,0.85475904,1
Orthopoxvirus,prot_t5_xl_half_uniref50-enc,,LoRA,4,1,0.8140274,1
Orthopoxvirus,prot_t5_xl_half_uniref50-enc,,LoRA,4,1,0.8471024,1
Orthopoxvirus,prot_t5_xl_half_uniref50-enc,,LoRA,4,1,0.75930136,1
Orthopoxvirus,prot_t5_xl_half_uniref50-enc,,LoRA,4,1,0.8776191,1
Orthopoxvirus,prot_t5_xl_half_uniref50-enc,,LoRA,4,1,0.9738878,1
Orthopoxvirus,prot_t5_xl_half_uniref50-enc,,LoRA,4,1,0.9555551,1
Orthopoxvirus,prot_t5_xl_half_uniref50-enc,,LoRA,4,1,0.9641502,1
Orthopoxvirus,prot_t5_xl_half_uniref50-enc,,LoRA,4,1,0.9823491,1
Orthopoxvirus,prot_t5_xl_half_uniref50-enc,,LoRA,4,1,0.98285425,1
Orthopoxvirus,prot_t5_xl_half_uniref50-enc,,LoRA,4,1,0.9878968,1
Orthopoxvirus,prot_t5_xl_half_uniref50-enc,,LoRA,4,1,0.9770184,1
Orthopoxvirus,prot_t5_xl_half_uniref50-enc,,LoRA,4,1,0.9872485,1
Orthopoxvirus,prot_t5_xl_half_uniref50-enc,,LoRA,4,1,0.98996335,1
Orthopoxvirus,prot_t5_xl_half_uniref50-enc,,LoRA,4,1,0.98329264,1
Orthopoxvirus,prot_t5_xl_half_uniref50-enc,,LoRA,4,1,0.98055583,1
Orthopoxvirus,prot_t5_xl_half_uniref50-enc,,LoRA,4,1,0.9885201,1
Orthopoxvirus,prot_t5_xl_half_uniref50-enc,,LoRA,4,1,0.98706704,1
Orthopoxvirus,prot_t5_xl_half_uniref50-enc,,LoRA,4,1,0.9862482,1
Orthopoxvirus,prot_t5_xl_half_uniref50-enc,,LoRA,4,1,0.9862314,1
Orthopoxvirus,prot_t5_xl_half_uniref50-enc,,LoRA,4,1,0.9784807,1
Orthopoxvirus,prot_t5_xl_half_uniref50-enc,,LoRA,4,1,0.9614943,1
Orthopoxvirus,prot_t5_xl_half_uniref50-enc,,LoRA,4,1,0.92170465,1
Orthopoxvirus,prot_t5_xl_half_uniref50-enc,,LoRA,4,1,0.960806,1
Orthopoxvirus,prot_t5_xl_half_uniref50-enc,,LoRA,4,1,0.9483102,1
Orthopoxvirus,prot_t5_xl_half_uniref50-enc,,LoRA,4,1,0.9364824,1
Orthopoxvirus,prot_t5_xl_half_uniref50-enc,,LoRA,4,1,0.93305504,1
Orthopoxvirus,prot_t5_xl_half_uniref50-enc,,LoRA,4,1,0.97973484,1
Orthopoxvirus,prot_t5_xl_half_uniref50-enc,,LoRA,4,1,0.9622489,1
Orthopoxvirus,prot_t5_xl_half_uniref50-enc,,LoRA,4,1,0.97518504,1
Orthopoxvirus,prot_t5_xl_half_uniref50-enc,,LoRA,4,1,0.9695142,1
Orthopoxvirus,prot_t5_xl_half_uniref50-enc,,LoRA,4,1,0.9523088,1
Orthopoxvirus,prot_t5_xl_half_uniref50-enc,,LoRA,4,1,0.97838974,1
Orthopoxvirus,prot_t5_xl_half_uniref50-enc,,LoRA,4,1,0.9719017,1
Orthopoxvirus,prot_t5_xl_half_uniref50-enc,,LoRA,4,1,0.955679,1
Orthopoxvirus,prot_t5_xl_half_uniref50-enc,,LoRA,4,1,0.9698158,1
Orthopoxvirus,prot_t5_xl_half_uniref50-enc,,LoRA,4,1,0.9734438,1
Orthopoxvirus,prot_t5_xl_half_uniref50-enc,,LoRA,4,1,0.9751804,1
Orthopoxvirus,prot_t5_xl_half_uniref50-enc,,LoRA,4,1,0.98034394,1
Orthopoxvirus,prot_t5_xl_half_uniref50-enc,,LoRA,4,1,0.9793245,1
Orthopoxvirus,prot_t5_xl_half_uniref50-enc,,LoRA,4,1,0.93201184,1
Orthopoxvirus,prot_t5_xl_half_uniref50-enc,,LoRA,4,1,0.9595925,1
Orthopoxvirus,prot_t5_xl_half_uniref50-enc,,LoRA,4,1,0.9459537,1
Orthopoxvirus,prot_t5_xl_half_uniref50-enc,,LoRA,4,1,0.9367674,1
Orthopoxvirus,prot_t5_xl_half_uniref50-enc,,LoRA,4,1,0.92279804,1
Orthopoxvirus,prot_t5_xl_half_uniref50-enc,,LoRA,4,1,0.95898837,1
Orthopoxvirus,prot_t5_xl_half_uniref50-enc,,LoRA,4,1,0.9472241,1
Orthopoxvirus,prot_t5_xl_half_uniref50-enc,,LoRA,4,1,0.89463663,1
Orthopoxvirus,prot_t5_xl_half_uniref50-enc,,LoRA,4,1,0.943941,1
Orthopoxvirus,prot_t5_xl_half_uniref50-enc,,LoRA,4,1,0.92873627,1
Orthopoxvirus,prot_t5_xl_half_uniref50-enc,,LoRA,4,1,0.9444259,1
Orthopoxvirus,prot_t5_xl_half_uniref50-enc,,LoRA,4,1,0.91495913,1
Orthopoxvirus,prot_t5_xl_half_uniref50-enc,,LoRA,4,1,0.89723116,1
Orthopoxvirus,prot_t5_xl_half_uniref50-enc,,LoRA,4,1,0.7613635,1
Orthopoxvirus,prot_t5_xl_half_uniref50-enc,,LoRA,4,1,0.8146681,1
Orthopoxvirus,prot_t5_xl_half_uniref50-enc,,LoRA,4,1,0.58652467,1
Orthopoxvirus,prot_t5_xl_half_uniref50-enc,,LoRA,4,1,0.6988714,1
Orthopoxvirus,prot_t5_xl_half_uniref50-enc,,LoRA,4,1,0.65597105,1
Orthopoxvirus,prot_t5_xl_half_uniref50-enc,,LoRA,4,1,0.7984255,1
Orthopoxvirus,prot_t5_xl_half_uniref50-enc,,LoRA,4,1,0.76209545,1
Orthopoxvirus,prot_t5_xl_half_uniref50-enc,,LoRA,4,1,0.6919717,1
Orthopoxvirus,prot_t5_xl_half_uniref50-enc,,LoRA,4,1,0.78816754,1
Orthopoxvirus,prot_t5_xl_half_uniref50-enc,,LoRA,4,1,0.851752,1
Orthopoxvirus,prot_t5_xl_half_uniref50-enc,,LoRA,4,1,0.8593065,1
Orthopoxvirus,prot_t5_xl_half_uniref50-enc,,LoRA,4,1,0.8081203,1
Orthopoxvirus,prot_t5_xl_half_uniref50-enc,,LoRA,4,1,0.5366658,1
Orthopoxvirus,prot_t5_xl_half_uniref50-enc,,LoRA,4,1,0.46708196,0
Orthopoxvirus,prot_t5_xl_half_uniref50-enc,,LoRA,4,1,0.60616577,1
Orthopoxvirus,prot_t5_xl_half_uniref50-enc,,LoRA,4,1,0.81178313,1
Orthopoxvirus,prot_t5_xl_half_uniref50-enc,,LoRA,4,1,0.7006507,1
Orthopoxvirus,prot_t5_xl_half_uniref50-enc,,LoRA,4,1,0.6631115,1
Orthopoxvirus,prot_t5_xl_half_uniref50-enc,,LoRA,4,1,0.6537318,1
Orthopoxvirus,prot_t5_xl_half_uniref50-enc,,LoRA,4,1,0.7561603,1
Orthopoxvirus,prot_t5_xl_half_uniref50-enc,,LoRA,4,1,0.8671397,1
Orthopoxvirus,prot_t5_xl_half_uniref50-enc,,LoRA,4,1,0.8501328,1
Orthopoxvirus,prot_t5_xl_half_uniref50-enc,,LoRA,4,1,0.8281149,1
Orthopoxvirus,prot_t5_xl_half_uniref50-enc,,LoRA,4,1,0.85812837,1
Orthopoxvirus,prot_t5_xl_half_uniref50-enc,,LoRA,4,1,0.9320093,1
Orthopoxvirus,prot_t5_xl_half_uniref50-enc,,LoRA,4,1,0.91568476,1
Orthopoxvirus,prot_t5_xl_half_uniref50-enc,,LoRA,4,1,0.837439,1
Orthopoxvirus,prot_t5_xl_half_uniref50-enc,,LoRA,4,1,0.80760205,1
Orthopoxvirus,prot_t5_xl_half_uniref50-enc,,LoRA,4,1,0.82966864,1
Orthopoxvirus,prot_t5_xl_half_uniref50-enc,,LoRA,4,0,0.77453274,1
Orthopoxvirus,prot_t5_xl_half_uniref50-enc,,LoRA,4,0,0.8599362,1
Orthopoxvirus,prot_t5_xl_half_uniref50-enc,,LoRA,4,0,0.7901433,1
Orthopoxvirus,prot_t5_xl_half_uniref50-enc,,LoRA,4,0,0.6855584,1
Orthopoxvirus,prot_t5_xl_half_uniref50-enc,,LoRA,4,0,0.88538224,1
Orthopoxvirus,prot_t5_xl_half_uniref50-enc,,LoRA,4,0,0.72345746,1
Orthopoxvirus,prot_t5_xl_half_uniref50-enc,,LoRA,4,0,0.8361939,1
Orthopoxvirus,prot_t5_xl_half_uniref50-enc,,LoRA,4,0,0.70702654,1
Orthopoxvirus,prot_t5_xl_half_uniref50-enc,,LoRA,4,0,0.8673677,1
Orthopoxvirus,prot_t5_xl_half_uniref50-enc,,LoRA,4,0,0.7717447,1
Orthopoxvirus,prot_t5_xl_half_uniref50-enc,,LoRA,4,0,0.76602805,1
Orthopoxvirus,prot_t5_xl_half_uniref50-enc,,LoRA,4,0,0.76879776,1
Orthopoxvirus,prot_t5_xl_half_uniref50-enc,,LoRA,4,0,0.8439545,1
Orthopoxvirus,prot_t5_xl_half_uniref50-enc,,LoRA,4,0,0.86378354,1
Orthopoxvirus,prot_t5_xl_half_uniref50-enc,,LoRA,4,0,0.8104049,1
Orthopoxvirus,prot_t5_xl_half_uniref50-enc,,LoRA,4,0,0.7208751,1
Orthopoxvirus,prot_t5_xl_half_uniref50-enc,,LoRA,4,0,0.73550725,1
Orthopoxvirus,prot_t5_xl_half_uniref50-enc,,LoRA,4,0,0.7754839,1
Orthopoxvirus,prot_t5_xl_half_uniref50-enc,,LoRA,4,0,0.800099,1
Orthopoxvirus,prot_t5_xl_half_uniref50-enc,,LoRA,4,0,0.74043316,1
Orthopoxvirus,prot_t5_xl_half_uniref50-enc,,LoRA,4,0,0.80768627,1
Orthopoxvirus,prot_t5_xl_half_uniref50-enc,,LoRA,4,0,0.6519233,1
Orthopoxvirus,prot_t5_xl_half_uniref50-enc,,LoRA,4,0,0.65864414,1
Orthopoxvirus,prot_t5_xl_half_uniref50-enc,,LoRA,4,0,0.78967375,1
Orthopoxvirus,prot_t5_xl_half_uniref50-enc,,LoRA,4,0,0.78867507,1
Orthopoxvirus,prot_t5_xl_half_uniref50-enc,,LoRA,4,0,0.5038242,1
Orthopoxvirus,prot_t5_xl_half_uniref50-enc,,LoRA,4,0,0.7096646,1
Orthopoxvirus,prot_t5_xl_half_uniref50-enc,,LoRA,4,0,0.76315707,1
Orthopoxvirus,prot_t5_xl_half_uniref50-enc,,LoRA,4,0,0.8177839,1
Orthopoxvirus,prot_t5_xl_half_uniref50-enc,,LoRA,4,0,0.79495287,1
Orthopoxvirus,prot_t5_xl_half_uniref50-enc,,LoRA,4,0,0.83441335,1
Orthopoxvirus,prot_t5_xl_half_uniref50-enc,,LoRA,4,0,0.77368116,1
Orthopoxvirus,prot_t5_xl_half_uniref50-enc,,LoRA,4,0,0.7595779,1
Orthopoxvirus,prot_t5_xl_half_uniref50-enc,,LoRA,4,0,0.7167016,1
Orthopoxvirus,prot_t5_xl_half_uniref50-enc,,LoRA,4,0,0.5926936,1
Orthopoxvirus,prot_t5_xl_half_uniref50-enc,,LoRA,4,0,0.598691,1
Orthopoxvirus,prot_t5_xl_half_uniref50-enc,,LoRA,4,0,0.650474,1
Orthopoxvirus,prot_t5_xl_half_uniref50-enc,,LoRA,4,0,0.44680935,0
Orthopoxvirus,prot_t5_xl_half_uniref50-enc,,LoRA,4,0,0.6621886,1
Orthopoxvirus,prot_t5_xl_half_uniref50-enc,,LoRA,4,0,0.5486567,1
Orthopoxvirus,prot_t5_xl_half_uniref50-enc,,LoRA,4,1,0.49948046,0
Orthopoxvirus,prot_t5_xl_half_uniref50-enc,,LoRA,4,1,0.48715803,0
Orthopoxvirus,prot_t5_xl_half_uniref50-enc,,LoRA,4,1,0.39253268,0
Orthopoxvirus,prot_t5_xl_half_uniref50-enc,,LoRA,4,1,0.3729122,0
Orthopoxvirus,prot_t5_xl_half_uniref50-enc,,LoRA,4,1,0.43243018,0
Orthopoxvirus,prot_t5_xl_half_uniref50-enc,,LoRA,4,1,0.6253926,1
Orthopoxvirus,prot_t5_xl_half_uniref50-enc,,LoRA,4,1,0.46654585,0
Orthopoxvirus,prot_t5_xl_half_uniref50-enc,,LoRA,4,1,0.63366884,1
Orthopoxvirus,prot_t5_xl_half_uniref50-enc,,LoRA,4,1,0.56501895,1
Orthopoxvirus,prot_t5_xl_half_uniref50-enc,,LoRA,4,1,0.549208,1
Orthopoxvirus,prot_t5_xl_half_uniref50-enc,,LoRA,4,1,0.5250563,1
Orthopoxvirus,prot_t5_xl_half_uniref50-enc,,LoRA,4,1,0.5572295,1
Orthopoxvirus,prot_t5_xl_half_uniref50-enc,,LoRA,4,1,0.48437127,0
Orthopoxvirus,prot_t5_xl_half_uniref50-enc,,LoRA,4,1,0.54975975,1
Orthopoxvirus,prot_t5_xl_half_uniref50-enc,,LoRA,4,1,0.70974135,1
Orthopoxvirus,prot_t5_xl_half_uniref50-enc,,LoRA,4,1,0.5928701,1
Orthopoxvirus,prot_t5_xl_half_uniref50-enc,,LoRA,4,1,0.64576954,1
Orthopoxvirus,prot_t5_xl_half_uniref50-enc,,LoRA,4,1,0.61061597,1
Orthopoxvirus,prot_t5_xl_half_uniref50-enc,,LoRA,4,1,0.5977155,1
Orthopoxvirus,prot_t5_xl_half_uniref50-enc,,LoRA,4,1,0.50732666,1
Orthopoxvirus,prot_t5_xl_half_uniref50-enc,,LoRA,4,1,0.5461708,1
Orthopoxvirus,prot_t5_xl_half_uniref50-enc,,LoRA,4,1,0.58391064,1
Orthopoxvirus,prot_t5_xl_half_uniref50-enc,,LoRA,4,1,0.89408857,1
Orthopoxvirus,prot_t5_xl_half_uniref50-enc,,LoRA,4,1,0.9410492,1
Orthopoxvirus,prot_t5_xl_half_uniref50-enc,,LoRA,4,1,0.94626135,1
Orthopoxvirus,prot_t5_xl_half_uniref50-enc,,LoRA,4,1,0.9679984,1
Orthopoxvirus,prot_t5_xl_half_uniref50-enc,,LoRA,4,1,0.953403,1
Orthopoxvirus,prot_t5_xl_half_uniref50-enc,,LoRA,4,1,0.9666604,1
Orthopoxvirus,prot_t5_xl_half_uniref50-enc,,LoRA,4,1,0.93312967,1
Orthopoxvirus,prot_t5_xl_half_uniref50-enc,,LoRA,4,1,0.9389241,1
Orthopoxvirus,prot_t5_xl_half_uniref50-enc,,LoRA,4,1,0.9568487,1
Orthopoxvirus,prot_t5_xl_half_uniref50-enc,,LoRA,4,1,0.93818504,1
Orthopoxvirus,prot_t5_xl_half_uniref50-enc,,LoRA,4,1,0.9228686,1
Orthopoxvirus,prot_t5_xl_half_uniref50-enc,,LoRA,4,1,0.95596105,1
Orthopoxvirus,prot_t5_xl_half_uniref50-enc,,LoRA,4,0,0.8920558,1
Orthopoxvirus,prot_t5_xl_half_uniref50-enc,,LoRA,4,0,0.9312618,1
Orthopoxvirus,prot_t5_xl_half_uniref50-enc,,LoRA,4,0,0.87114275,1
Orthopoxvirus,prot_t5_xl_half_uniref50-enc,,LoRA,4,0,0.9252524,1
Orthopoxvirus,prot_t5_xl_half_uniref50-enc,,LoRA,4,0,0.9495583,1
Orthopoxvirus,prot_t5_xl_half_uniref50-enc,,LoRA,4,0,0.94610554,1
Orthopoxvirus,prot_t5_xl_half_uniref50-enc,,LoRA,4,0,0.93557984,1
Orthopoxvirus,prot_t5_xl_half_uniref50-enc,,LoRA,4,0,0.9395394,1
Orthopoxvirus,prot_t5_xl_half_uniref50-enc,,LoRA,4,0,0.95352244,1
Orthopoxvirus,prot_t5_xl_half_uniref50-enc,,LoRA,4,0,0.92541915,1
Orthopoxvirus,prot_t5_xl_half_uniref50-enc,,LoRA,4,0,0.9442979,1
Orthopoxvirus,prot_t5_xl_half_uniref50-enc,,LoRA,4,0,0.9405102,1
Orthopoxvirus,prot_t5_xl_half_uniref50-enc,,LoRA,4,1,0.8971804,1
Orthopoxvirus,prot_t5_xl_half_uniref50-enc,,LoRA,4,1,0.8399248,1
Orthopoxvirus,prot_t5_xl_half_uniref50-enc,,LoRA,4,1,0.8484379,1
Orthopoxvirus,prot_t5_xl_half_uniref50-enc,,LoRA,4,1,0.8611098,1
Orthopoxvirus,prot_t5_xl_half_uniref50-enc,,LoRA,4,1,0.92826396,1
Orthopoxvirus,prot_t5_xl_half_uniref50-enc,,LoRA,4,1,0.9149321,1
Orthopoxvirus,prot_t5_xl_half_uniref50-enc,,LoRA,4,1,0.93325484,1
Orthopoxvirus,prot_t5_xl_half_uniref50-enc,,LoRA,4,1,0.9452943,1
Orthopoxvirus,prot_t5_xl_half_uniref50-enc,,LoRA,4,1,0.91952413,1
Orthopoxvirus,prot_t5_xl_half_uniref50-enc,,LoRA,4,1,0.92942065,1
Orthopoxvirus,prot_t5_xl_half_uniref50-enc,,LoRA,4,1,0.90638435,1
Orthopoxvirus,prot_t5_xl_half_uniref50-enc,,LoRA,4,1,0.8570456,1
Orthopoxvirus,prot_t5_xl_half_uniref50-enc,,LoRA,4,1,0.9206928,1
Orthopoxvirus,prot_t5_xl_half_uniref50-enc,,LoRA,4,1,0.90683216,1
Orthopoxvirus,prot_t5_xl_half_uniref50-enc,,LoRA,4,1,0.9387597,1
Orthopoxvirus,prot_t5_xl_half_uniref50-enc,,LoRA,4,1,0.9255488,1
Orthopoxvirus,prot_t5_xl_half_uniref50-enc,,LoRA,4,1,0.9173767,1
Orthopoxvirus,prot_t5_xl_half_uniref50-enc,,LoRA,4,1,0.9528329,1
Orthopoxvirus,prot_t5_xl_half_uniref50-enc,,LoRA,4,1,0.9522159,1
Orthopoxvirus,prot_t5_xl_half_uniref50-enc,,LoRA,4,1,0.9450609,1
Orthopoxvirus,prot_t5_xl_half_uniref50-enc,,LoRA,4,1,0.9384125,1
Orthopoxvirus,prot_t5_xl_half_uniref50-enc,,LoRA,4,1,0.9486376,1
Orthopoxvirus,prot_t5_xl_half_uniref50-enc,,LoRA,4,1,0.90128225,1
Orthopoxvirus,prot_t5_xl_half_uniref50-enc,,LoRA,4,1,0.8921759,1
Orthopoxvirus,prot_t5_xl_half_uniref50-enc,,LoRA,4,1,0.89220876,1
Orthopoxvirus,prot_t5_xl_half_uniref50-enc,,LoRA,4,1,0.88256615,1
Orthopoxvirus,prot_t5_xl_half_uniref50-enc,,LoRA,4,1,0.84665656,1
Orthopoxvirus,prot_t5_xl_half_uniref50-enc,,LoRA,4,1,0.8633887,1
Orthopoxvirus,prot_t5_xl_half_uniref50-enc,,LoRA,4,1,0.8627206,1
Orthopoxvirus,prot_t5_xl_half_uniref50-enc,,LoRA,4,1,0.8904119,1
Orthopoxvirus,prot_t5_xl_half_uniref50-enc,,LoRA,4,1,0.88640714,1
Orthopoxvirus,prot_t5_xl_half_uniref50-enc,,LoRA,4,1,0.8273259,1
Orthopoxvirus,prot_t5_xl_half_uniref50-enc,,LoRA,4,1,0.87570924,1
Orthopoxvirus,prot_t5_xl_half_uniref50-enc,,LoRA,4,1,0.8460476,1
Orthopoxvirus,prot_t5_xl_half_uniref50-enc,,LoRA,4,1,0.86810285,1
Orthopoxvirus,prot_t5_xl_half_uniref50-enc,,LoRA,4,1,0.88071805,1
Orthopoxvirus,prot_t5_xl_half_uniref50-enc,,LoRA,4,1,0.82587993,1
Orthopoxvirus,prot_t5_xl_half_uniref50-enc,,LoRA,4,1,0.73237264,1
Orthopoxvirus,prot_t5_xl_half_uniref50-enc,,LoRA,4,1,0.6584298,1
Orthopoxvirus,prot_t5_xl_half_uniref50-enc,,LoRA,4,1,0.6824655,1
Orthopoxvirus,prot_t5_xl_half_uniref50-enc,,LoRA,4,1,0.6770554,1
Orthopoxvirus,prot_t5_xl_half_uniref50-enc,,LoRA,4,1,0.61291486,1
Orthopoxvirus,prot_t5_xl_half_uniref50-enc,,LoRA,4,1,0.63255477,1
Orthopoxvirus,prot_t5_xl_half_uniref50-enc,,LoRA,4,1,0.6420578,1
Orthopoxvirus,prot_t5_xl_half_uniref50-enc,,LoRA,4,1,0.7176936,1
Orthopoxvirus,prot_t5_xl_half_uniref50-enc,,LoRA,4,1,0.63843006,1
Orthopoxvirus,prot_t5_xl_half_uniref50-enc,,LoRA,4,1,0.7231904,1
Orthopoxvirus,prot_t5_xl_half_uniref50-enc,,LoRA,4,1,0.71663284,1
Orthopoxvirus,prot_t5_xl_half_uniref50-enc,,LoRA,4,1,0.681766,1
Orthopoxvirus,prot_t5_xl_half_uniref50-enc,,LoRA,4,1,0.9198683,1
Orthopoxvirus,prot_t5_xl_half_uniref50-enc,,LoRA,4,1,0.9376264,1
Orthopoxvirus,prot_t5_xl_half_uniref50-enc,,LoRA,4,1,0.9336411,1
Orthopoxvirus,prot_t5_xl_half_uniref50-enc,,LoRA,4,1,0.91271865,1
Orthopoxvirus,prot_t5_xl_half_uniref50-enc,,LoRA,4,1,0.9539074,1
Orthopoxvirus,prot_t5_xl_half_uniref50-enc,,LoRA,4,1,0.956541,1
Orthopoxvirus,prot_t5_xl_half_uniref50-enc,,LoRA,4,1,0.8837135,1
Orthopoxvirus,prot_t5_xl_half_uniref50-enc,,LoRA,4,1,0.9659896,1
Orthopoxvirus,prot_t5_xl_half_uniref50-enc,,LoRA,4,1,0.8989407,1
Orthopoxvirus,prot_t5_xl_half_uniref50-enc,,LoRA,4,1,0.93274724,1
Orthopoxvirus,prot_t5_xl_half_uniref50-enc,,LoRA,4,1,0.87177163,1
Orthopoxvirus,prot_t5_xl_half_uniref50-enc,,LoRA,4,1,0.82040226,1
Orthopoxvirus,prot_t5_xl_half_uniref50-enc,,LoRA,4,1,0.8381771,1
Orthopoxvirus,prot_t5_xl_half_uniref50-enc,,LoRA,4,1,0.7678673,1
Orthopoxvirus,prot_t5_xl_half_uniref50-enc,,LoRA,4,1,0.61003894,1
Orthopoxvirus,prot_t5_xl_half_uniref50-enc,,LoRA,4,1,0.5375989,1
Orthopoxvirus,prot_t5_xl_half_uniref50-enc,,LoRA,4,1,0.59878033,1
Orthopoxvirus,prot_t5_xl_half_uniref50-enc,,LoRA,4,1,0.5496109,1
Orthopoxvirus,prot_t5_xl_half_uniref50-enc,,LoRA,4,0,0.52448535,1
Orthopoxvirus,prot_t5_xl_half_uniref50-enc,,LoRA,4,0,0.6642717,1
Orthopoxvirus,prot_t5_xl_half_uniref50-enc,,LoRA,4,0,0.7624255,1
Orthopoxvirus,prot_t5_xl_half_uniref50-enc,,LoRA,4,0,0.45393056,0
Orthopoxvirus,prot_t5_xl_half_uniref50-enc,,LoRA,4,0,0.42930108,0
Orthopoxvirus,prot_t5_xl_half_uniref50-enc,,LoRA,4,0,0.41240442,0
Orthopoxvirus,prot_t5_xl_half_uniref50-enc,,LoRA,4,0,0.40078706,0
Orthopoxvirus,prot_t5_xl_half_uniref50-enc,,LoRA,4,0,0.45147777,0
Orthopoxvirus,prot_t5_xl_half_uniref50-enc,,LoRA,4,0,0.4570208,0
Orthopoxvirus,prot_t5_xl_half_uniref50-enc,,LoRA,4,0,0.42911956,0
Orthopoxvirus,prot_t5_xl_half_uniref50-enc,,LoRA,4,0,0.5232621,1
Orthopoxvirus,prot_t5_xl_half_uniref50-enc,,LoRA,4,0,0.46514875,0
Orthopoxvirus,prot_t5_xl_half_uniref50-enc,,LoRA,4,0,0.5498545,1
Orthopoxvirus,prot_t5_xl_half_uniref50-enc,,LoRA,4,0,0.83293,1
Orthopoxvirus,prot_t5_xl_half_uniref50-enc,,LoRA,4,0,0.6553752,1
Orthopoxvirus,prot_t5_xl_half_uniref50-enc,,LoRA,4,1,0.83396095,1
Orthopoxvirus,prot_t5_xl_half_uniref50-enc,,LoRA,4,1,0.8994748,1
Orthopoxvirus,prot_t5_xl_half_uniref50-enc,,LoRA,4,1,0.8374164,1
Orthopoxvirus,prot_t5_xl_half_uniref50-enc,,LoRA,4,1,0.8654235,1
Orthopoxvirus,prot_t5_xl_half_uniref50-enc,,LoRA,4,1,0.88546896,1
Orthopoxvirus,prot_t5_xl_half_uniref50-enc,,LoRA,4,1,0.865587,1
Orthopoxvirus,prot_t5_xl_half_uniref50-enc,,LoRA,4,1,0.8618709,1
Orthopoxvirus,prot_t5_xl_half_uniref50-enc,,LoRA,4,1,0.85467017,1
Orthopoxvirus,prot_t5_xl_half_uniref50-enc,,LoRA,4,1,0.8608768,1
Orthopoxvirus,prot_t5_xl_half_uniref50-enc,,LoRA,4,1,0.8671317,1
Orthopoxvirus,prot_t5_xl_half_uniref50-enc,,LoRA,4,1,0.8636798,1
Orthopoxvirus,prot_t5_xl_half_uniref50-enc,,LoRA,4,1,0.8832985,1
Orthopoxvirus,prot_t5_xl_half_uniref50-enc,,LoRA,4,1,0.8147264,1
Orthopoxvirus,prot_t5_xl_half_uniref50-enc,,LoRA,4,1,0.704013,1
Orthopoxvirus,prot_t5_xl_half_uniref50-enc,,LoRA,4,1,0.7748342,1
Orthopoxvirus,prot_t5_xl_half_uniref50-enc,,LoRA,4,1,0.7502399,1
Orthopoxvirus,prot_t5_xl_half_uniref50-enc,,LoRA,4,1,0.65996414,1
Orthopoxvirus,prot_t5_xl_half_uniref50-enc,,LoRA,4,1,0.6466607,1
Orthopoxvirus,prot_t5_xl_half_uniref50-enc,,LoRA,4,1,0.74325025,1
Orthopoxvirus,prot_t5_xl_half_uniref50-enc,,LoRA,4,1,0.7626593,1
Orthopoxvirus,prot_t5_xl_half_uniref50-enc,,LoRA,4,1,0.7076952,1
Orthopoxvirus,prot_t5_xl_half_uniref50-enc,,LoRA,4,1,0.37581512,0
Orthopoxvirus,prot_t5_xl_half_uniref50-enc,,LoRA,4,1,0.37429646,0
Orthopoxvirus,prot_t5_xl_half_uniref50-enc,,LoRA,4,1,0.30778968,0
Orthopoxvirus,prot_t5_xl_half_uniref50-enc,,LoRA,4,1,0.54315156,1
Orthopoxvirus,prot_t5_xl_half_uniref50-enc,,LoRA,4,1,0.5444344,1
Orthopoxvirus,prot_t5_xl_half_uniref50-enc,,LoRA,4,1,0.46512204,0
Orthopoxvirus,prot_t5_xl_half_uniref50-enc,,LoRA,4,1,0.39118785,0
Orthopoxvirus,prot_t5_xl_half_uniref50-enc,,LoRA,4,1,0.55031836,1
Orthopoxvirus,prot_t5_xl_half_uniref50-enc,,LoRA,4,1,0.70105076,1
Orthopoxvirus,prot_t5_xl_half_uniref50-enc,,LoRA,4,1,0.5578861,1
Orthopoxvirus,prot_t5_xl_half_uniref50-enc,,LoRA,4,1,0.62909836,1
Orthopoxvirus,prot_t5_xl_half_uniref50-enc,,LoRA,4,1,0.5484416,1
Orthopoxvirus,prot_t5_xl_half_uniref50-enc,,LoRA,4,1,0.6869614,1
Orthopoxvirus,prot_t5_xl_half_uniref50-enc,,LoRA,4,1,0.66406894,1
Orthopoxvirus,prot_t5_xl_half_uniref50-enc,,LoRA,4,1,0.81054425,1
Orthopoxvirus,prot_t5_xl_half_uniref50-enc,,LoRA,4,1,0.64413434,1
Orthopoxvirus,prot_t5_xl_half_uniref50-enc,,LoRA,4,1,0.72889465,1
Orthopoxvirus,prot_t5_xl_half_uniref50-enc,,LoRA,4,1,0.6358698,1
Orthopoxvirus,prot_t5_xl_half_uniref50-enc,,LoRA,4,1,0.71181417,1
Orthopoxvirus,prot_t5_xl_half_uniref50-enc,,LoRA,4,0,0.6403586,1
Orthopoxvirus,prot_t5_xl_half_uniref50-enc,,LoRA,4,0,0.8173289,1
Orthopoxvirus,prot_t5_xl_half_uniref50-enc,,LoRA,4,0,0.8328964,1
Orthopoxvirus,prot_t5_xl_half_uniref50-enc,,LoRA,4,0,0.83906597,1
Orthopoxvirus,prot_t5_xl_half_uniref50-enc,,LoRA,4,0,0.76364505,1
Orthopoxvirus,prot_t5_xl_half_uniref50-enc,,LoRA,4,0,0.71867603,1
Orthopoxvirus,prot_t5_xl_half_uniref50-enc,,LoRA,4,0,0.69521,1
Orthopoxvirus,prot_t5_xl_half_uniref50-enc,,LoRA,4,0,0.77222747,1
Orthopoxvirus,prot_t5_xl_half_uniref50-enc,,LoRA,4,0,0.54560906,1
Orthopoxvirus,prot_t5_xl_half_uniref50-enc,,LoRA,4,0,0.5601774,1
Orthopoxvirus,prot_t5_xl_half_uniref50-enc,,LoRA,4,0,0.74765325,1
Orthopoxvirus,prot_t5_xl_half_uniref50-enc,,LoRA,4,1,0.46399054,0
Orthopoxvirus,prot_t5_xl_half_uniref50-enc,,LoRA,4,1,0.47996002,0
Orthopoxvirus,prot_t5_xl_half_uniref50-enc,,LoRA,4,1,0.45993024,0
Orthopoxvirus,prot_t5_xl_half_uniref50-enc,,LoRA,4,1,0.5863044,1
Orthopoxvirus,prot_t5_xl_half_uniref50-enc,,LoRA,4,1,0.577442,1
Orthopoxvirus,prot_t5_xl_half_uniref50-enc,,LoRA,4,1,0.52954555,1
Orthopoxvirus,prot_t5_xl_half_uniref50-enc,,LoRA,4,1,0.7022803,1
Orthopoxvirus,prot_t5_xl_half_uniref50-enc,,LoRA,4,1,0.7026975,1
Orthopoxvirus,prot_t5_xl_half_uniref50-enc,,LoRA,4,1,0.8435381,1
Orthopoxvirus,prot_t5_xl_half_uniref50-enc,,LoRA,4,1,0.65845007,1
Orthopoxvirus,prot_t5_xl_half_uniref50-enc,,LoRA,4,1,0.53590524,1
Orthopoxvirus,prot_t5_xl_half_uniref50-enc,,LoRA,4,1,0.5304241,1
Orthopoxvirus,prot_t5_xl_half_uniref50-enc,,LoRA,4,1,0.48417294,0
Orthopoxvirus,prot_t5_xl_half_uniref50-enc,,LoRA,4,1,0.38312986,0
Orthopoxvirus,prot_t5_xl_half_uniref50-enc,,LoRA,4,1,0.3419797,0
Orthopoxvirus,prot_t5_xl_half_uniref50-enc,,LoRA,4,1,0.33921492,0
Orthopoxvirus,prot_t5_xl_half_uniref50-enc,,LoRA,4,1,0.43836635,0
Orthopoxvirus,prot_t5_xl_half_uniref50-enc,,LoRA,4,1,0.40872118,0
Orthopoxvirus,prot_t5_xl_half_uniref50-enc,,LoRA,4,1,0.49188688,0
Orthopoxvirus,prot_t5_xl_half_uniref50-enc,,LoRA,4,1,0.41028613,0
Orthopoxvirus,prot_t5_xl_half_uniref50-enc,,LoRA,4,1,0.53696984,1
Orthopoxvirus,prot_t5_xl_half_uniref50-enc,,LoRA,4,1,0.5421087,1
Orthopoxvirus,prot_t5_xl_half_uniref50-enc,,LoRA,4,1,0.6974481,1
Orthopoxvirus,prot_t5_xl_half_uniref50-enc,,LoRA,4,1,0.6488993,1
Orthopoxvirus,prot_t5_xl_half_uniref50-enc,,LoRA,4,1,0.65547407,1
Orthopoxvirus,prot_t5_xl_half_uniref50-enc,,LoRA,4,1,0.8495561,1
Orthopoxvirus,prot_t5_xl_half_uniref50-enc,,LoRA,4,0,0.759935,1
Orthopoxvirus,prot_t5_xl_half_uniref50-enc,,LoRA,4,0,0.8683907,1
Orthopoxvirus,prot_t5_xl_half_uniref50-enc,,LoRA,4,0,0.90084565,1
Orthopoxvirus,prot_t5_xl_half_uniref50-enc,,LoRA,4,0,0.95859057,1
Orthopoxvirus,prot_t5_xl_half_uniref50-enc,,LoRA,4,0,0.8630789,1
Orthopoxvirus,prot_t5_xl_half_uniref50-enc,,LoRA,4,0,0.85737985,1
Orthopoxvirus,prot_t5_xl_half_uniref50-enc,,LoRA,4,0,0.93121666,1
Orthopoxvirus,prot_t5_xl_half_uniref50-enc,,LoRA,4,1,0.92466813,1
Orthopoxvirus,prot_t5_xl_half_uniref50-enc,,LoRA,4,1,0.8031867,1
Orthopoxvirus,prot_t5_xl_half_uniref50-enc,,LoRA,4,1,0.70552015,1
Orthopoxvirus,prot_t5_xl_half_uniref50-enc,,LoRA,4,1,0.84005904,1
Orthopoxvirus,prot_t5_xl_half_uniref50-enc,,LoRA,4,1,0.85432,1
Orthopoxvirus,prot_t5_xl_half_uniref50-enc,,LoRA,4,1,0.8419805,1
Orthopoxvirus,prot_t5_xl_half_uniref50-enc,,LoRA,4,1,0.8215344,1
Orthopoxvirus,prot_t5_xl_half_uniref50-enc,,LoRA,4,1,0.7484073,1
Orthopoxvirus,prot_t5_xl_half_uniref50-enc,,LoRA,4,1,0.84312123,1
Orthopoxvirus,prot_t5_xl_half_uniref50-enc,,LoRA,4,1,0.83462834,1
Orthopoxvirus,prot_t5_xl_half_uniref50-enc,,LoRA,4,1,0.77179724,1
Orthopoxvirus,prot_t5_xl_half_uniref50-enc,,LoRA,4,1,0.8906763,1
Orthopoxvirus,prot_t5_xl_half_uniref50-enc,,LoRA,4,1,0.9447728,1
Orthopoxvirus,prot_t5_xl_half_uniref50-enc,,LoRA,4,1,0.83613014,1
Orthopoxvirus,prot_t5_xl_half_uniref50-enc,,LoRA,4,1,0.8812898,1
Orthopoxvirus,prot_t5_xl_half_uniref50-enc,,LoRA,4,1,0.8600548,1
Orthopoxvirus,prot_t5_xl_half_uniref50-enc,,LoRA,4,1,0.790204,1
Orthopoxvirus,prot_t5_xl_half_uniref50-enc,,LoRA,4,1,0.6854916,1
Orthopoxvirus,prot_t5_xl_half_uniref50-enc,,LoRA,4,1,0.88541317,1
Orthopoxvirus,prot_t5_xl_half_uniref50-enc,,LoRA,4,1,0.72358304,1
Orthopoxvirus,prot_t5_xl_half_uniref50-enc,,LoRA,4,1,0.8360886,1
Orthopoxvirus,prot_t5_xl_half_uniref50-enc,,LoRA,4,1,0.706875,1
Orthopoxvirus,prot_t5_xl_half_uniref50-enc,,LoRA,4,1,0.8673259,1
Orthopoxvirus,prot_t5_xl_half_uniref50-enc,,LoRA,4,1,0.77157795,1
Orthopoxvirus,prot_t5_xl_half_uniref50-enc,,LoRA,4,1,0.7659408,1
Orthopoxvirus,prot_t5_xl_half_uniref50-enc,,LoRA,4,1,0.7687589,1
Orthopoxvirus,prot_t5_xl_half_uniref50-enc,,LoRA,4,0,0.84389454,1
Orthopoxvirus,prot_t5_xl_half_uniref50-enc,,LoRA,4,0,0.8636624,1
Orthopoxvirus,prot_t5_xl_half_uniref50-enc,,LoRA,4,0,0.81024015,1
Orthopoxvirus,prot_t5_xl_half_uniref50-enc,,LoRA,4,0,0.72088164,1
Orthopoxvirus,prot_t5_xl_half_uniref50-enc,,LoRA,4,0,0.7353122,1
Orthopoxvirus,prot_t5_xl_half_uniref50-enc,,LoRA,4,0,0.7754561,1
Orthopoxvirus,prot_t5_xl_half_uniref50-enc,,LoRA,4,0,0.7735851,1
Orthopoxvirus,prot_t5_xl_half_uniref50-enc,,LoRA,4,0,0.759436,1
Orthopoxvirus,prot_t5_xl_half_uniref50-enc,,LoRA,4,0,0.7166705,1
Orthopoxvirus,prot_t5_xl_half_uniref50-enc,,LoRA,4,0,0.5926961,1
Orthopoxvirus,prot_t5_xl_half_uniref50-enc,,LoRA,4,0,0.5987144,1
Orthopoxvirus,prot_t5_xl_half_uniref50-enc,,LoRA,4,0,0.65044165,1
Orthopoxvirus,prot_t5_xl_half_uniref50-enc,,LoRA,4,0,0.44670507,0
Orthopoxvirus,prot_t5_xl_half_uniref50-enc,,LoRA,4,0,0.66218823,1
Orthopoxvirus,prot_t5_xl_half_uniref50-enc,,LoRA,4,1,0.54866755,1
Orthopoxvirus,prot_t5_xl_half_uniref50-enc,,LoRA,4,1,0.49946925,0
Orthopoxvirus,prot_t5_xl_half_uniref50-enc,,LoRA,4,1,0.48712128,0
Orthopoxvirus,prot_t5_xl_half_uniref50-enc,,LoRA,4,1,0.3924314,0
Orthopoxvirus,prot_t5_xl_half_uniref50-enc,,LoRA,4,1,0.37284386,0
Orthopoxvirus,prot_t5_xl_half_uniref50-enc,,LoRA,4,1,0.4325287,0
Orthopoxvirus,prot_t5_xl_half_uniref50-enc,,LoRA,4,1,0.6251515,1
Orthopoxvirus,prot_t5_xl_half_uniref50-enc,,LoRA,4,1,0.46648312,0
Orthopoxvirus,prot_t5_xl_half_uniref50-enc,,LoRA,4,1,0.63369536,1
Orthopoxvirus,prot_t5_xl_half_uniref50-enc,,LoRA,4,1,0.5650668,1
Orthopoxvirus,prot_t5_xl_half_uniref50-enc,,LoRA,4,1,0.5491107,1
Orthopoxvirus,prot_t5_xl_half_uniref50-enc,,LoRA,4,1,0.52490336,1
Orthopoxvirus,prot_t5_xl_half_uniref50-enc,,LoRA,4,1,0.55708873,1
Orthopoxvirus,prot_t5_xl_half_uniref50-enc,,LoRA,4,1,0.4843608,0
Orthopoxvirus,prot_t5_xl_half_uniref50-enc,,LoRA,4,1,0.5496216,1
Orthopoxvirus,prot_t5_xl_half_uniref50-enc,,LoRA,4,1,0.9659872,1
Orthopoxvirus,prot_t5_xl_half_uniref50-enc,,LoRA,4,1,0.9420569,1
Orthopoxvirus,prot_t5_xl_half_uniref50-enc,,LoRA,4,1,0.9371427,1
Orthopoxvirus,prot_t5_xl_half_uniref50-enc,,LoRA,4,1,0.9289152,1
Orthopoxvirus,prot_t5_xl_half_uniref50-enc,,LoRA,4,1,0.84391594,1
Orthopoxvirus,prot_t5_xl_half_uniref50-enc,,LoRA,4,1,0.8939946,1
Orthopoxvirus,prot_t5_xl_half_uniref50-enc,,LoRA,4,1,0.94144815,1
Orthopoxvirus,prot_t5_xl_half_uniref50-enc,,LoRA,4,1,0.9625369,1
Orthopoxvirus,prot_t5_xl_half_uniref50-enc,,LoRA,4,1,0.9843284,1
Orthopoxvirus,prot_t5_xl_half_uniref50-enc,,LoRA,4,1,0.92718714,1
Orthopoxvirus,prot_t5_xl_half_uniref50-enc,,LoRA,4,1,0.95733416,1
Orthopoxvirus,prot_t5_xl_half_uniref50-enc,,LoRA,4,1,0.9142509,1
Orthopoxvirus,prot_t5_xl_half_uniref50-enc,,LoRA,4,1,0.94578403,1
Orthopoxvirus,prot_t5_xl_half_uniref50-enc,,LoRA,4,1,0.8443965,1
Orthopoxvirus,prot_t5_xl_half_uniref50-enc,,LoRA,4,1,0.8793852,1
Orthopoxvirus,prot_t5_xl_half_uniref50-enc,,LoRA,4,1,0.8484474,1
Orthopoxvirus,prot_t5_xl_half_uniref50-enc,,LoRA,4,1,0.85805506,1
Orthopoxvirus,prot_t5_xl_half_uniref50-enc,,LoRA,4,1,0.8413859,1
Orthopoxvirus,prot_t5_xl_half_uniref50-enc,,LoRA,4,1,0.8736449,1
Orthopoxvirus,prot_t5_xl_half_uniref50-enc,,LoRA,4,1,0.86064327,1
Orthopoxvirus,prot_t5_xl_half_uniref50-enc,,LoRA,4,1,0.88754404,1
Orthopoxvirus,prot_t5_xl_half_uniref50-enc,,LoRA,4,1,0.9397658,1
Orthopoxvirus,prot_t5_xl_half_uniref50-enc,,LoRA,4,1,0.92044026,1
Orthopoxvirus,prot_t5_xl_half_uniref50-enc,,LoRA,4,1,0.91339326,1
Orthopoxvirus,prot_t5_xl_half_uniref50-enc,,LoRA,4,1,0.8991124,1
Orthopoxvirus,prot_t5_xl_half_uniref50-enc,,LoRA,4,1,0.9381413,1
Orthopoxvirus,prot_t5_xl_half_uniref50-enc,,LoRA,4,1,0.81478155,1
Orthopoxvirus,prot_t5_xl_half_uniref50-enc,,LoRA,4,1,0.9419252,1
Orthopoxvirus,prot_t5_xl_half_uniref50-enc,,LoRA,4,1,0.96496415,1
Orthopoxvirus,prot_t5_xl_half_uniref50-enc,,LoRA,4,1,0.9640272,1
Orthopoxvirus,prot_t5_xl_half_uniref50-enc,,LoRA,4,1,0.96080756,1
Orthopoxvirus,prot_t5_xl_half_uniref50-enc,,LoRA,4,1,0.9516792,1
Orthopoxvirus,prot_t5_xl_half_uniref50-enc,,LoRA,4,1,0.98269975,1
Orthopoxvirus,prot_t5_xl_half_uniref50-enc,,LoRA,4,1,0.95771396,1
Orthopoxvirus,prot_t5_xl_half_uniref50-enc,,LoRA,4,1,0.90094703,1
Orthopoxvirus,prot_t5_xl_half_uniref50-enc,,LoRA,4,1,0.94346714,1
Orthopoxvirus,prot_t5_xl_half_uniref50-enc,,LoRA,4,1,0.5390123,1
Orthopoxvirus,prot_t5_xl_half_uniref50-enc,,LoRA,4,1,0.6174902,1
Orthopoxvirus,prot_t5_xl_half_uniref50-enc,,LoRA,4,1,0.73806256,1
Orthopoxvirus,prot_t5_xl_half_uniref50-enc,,LoRA,4,1,0.7410009,1
Orthopoxvirus,prot_t5_xl_half_uniref50-enc,,LoRA,4,1,0.77246445,1
Orthopoxvirus,prot_t5_xl_half_uniref50-enc,,LoRA,4,1,0.8389963,1
Orthopoxvirus,prot_t5_xl_half_uniref50-enc,,LoRA,4,1,0.8193334,1
Orthopoxvirus,prot_t5_xl_half_uniref50-enc,,LoRA,4,1,0.78359526,1
Orthopoxvirus,prot_t5_xl_half_uniref50-enc,,LoRA,4,1,0.8793424,1
Orthopoxvirus,prot_t5_xl_half_uniref50-enc,,LoRA,4,1,0.8437809,1
Orthopoxvirus,prot_t5_xl_half_uniref50-enc,,LoRA,4,1,0.78961384,1
Orthopoxvirus,prot_t5_xl_half_uniref50-enc,,LoRA,4,1,0.88555074,1
Orthopoxvirus,prot_t5_xl_half_uniref50-enc,,LoRA,4,1,0.81794417,1
Orthopoxvirus,prot_t5_xl_half_uniref50-enc,,LoRA,4,1,0.83412284,1
Orthopoxvirus,prot_t5_xl_half_uniref50-enc,,LoRA,4,1,0.9287513,1
Orthopoxvirus,prot_t5_xl_half_uniref50-enc,,LoRA,4,1,0.795354,1
Orthopoxvirus,prot_t5_xl_half_uniref50-enc,,LoRA,4,1,0.74349695,1
Orthopoxvirus,prot_t5_xl_half_uniref50-enc,,LoRA,4,1,0.7167567,1
Orthopoxvirus,prot_t5_xl_half_uniref50-enc,,LoRA,4,1,0.7248574,1
Orthopoxvirus,prot_t5_xl_half_uniref50-enc,,LoRA,4,1,0.7655504,1
Orthopoxvirus,prot_t5_xl_half_uniref50-enc,,LoRA,4,1,0.67547745,1
Orthopoxvirus,prot_t5_xl_half_uniref50-enc,,LoRA,4,1,0.83848196,1
Orthopoxvirus,prot_t5_xl_half_uniref50-enc,,LoRA,4,1,0.80754876,1
Orthopoxvirus,prot_t5_xl_half_uniref50-enc,,LoRA,4,1,0.7874471,1
Orthopoxvirus,prot_t5_xl_half_uniref50-enc,,LoRA,4,1,0.81915176,1
Orthopoxvirus,prot_t5_xl_half_uniref50-enc,,LoRA,4,1,0.83703697,1
Orthopoxvirus,prot_t5_xl_half_uniref50-enc,,LoRA,4,1,0.8202843,1
Orthopoxvirus,prot_t5_xl_half_uniref50-enc,,LoRA,4,1,0.89893484,1
Orthopoxvirus,prot_t5_xl_half_uniref50-enc,,LoRA,4,1,0.7845042,1
Orthopoxvirus,prot_t5_xl_half_uniref50-enc,,LoRA,4,1,0.8141913,1
Orthopoxvirus,prot_t5_xl_half_uniref50-enc,,LoRA,4,1,0.85521376,1
Orthopoxvirus,prot_t5_xl_half_uniref50-enc,,LoRA,4,1,0.92209256,1
Orthopoxvirus,prot_t5_xl_half_uniref50-enc,,LoRA,4,1,0.87764597,1
Orthopoxvirus,prot_t5_xl_half_uniref50-enc,,LoRA,4,1,0.915319,1
Orthopoxvirus,prot_t5_xl_half_uniref50-enc,,LoRA,4,0,0.7580305,1
Orthopoxvirus,prot_t5_xl_half_uniref50-enc,,LoRA,4,0,0.833825,1
Orthopoxvirus,prot_t5_xl_half_uniref50-enc,,LoRA,4,0,0.68090254,1
Orthopoxvirus,prot_t5_xl_half_uniref50-enc,,LoRA,4,0,0.6844565,1
Orthopoxvirus,prot_t5_xl_half_uniref50-enc,,LoRA,4,0,0.7542559,1
Orthopoxvirus,prot_t5_xl_half_uniref50-enc,,LoRA,4,0,0.77622634,1
Orthopoxvirus,prot_t5_xl_half_uniref50-enc,,LoRA,4,0,0.6473044,1
Orthopoxvirus,prot_t5_xl_half_uniref50-enc,,LoRA,4,0,0.6092601,1
Orthopoxvirus,prot_t5_xl_half_uniref50-enc,,LoRA,4,0,0.75682586,1
Orthopoxvirus,prot_t5_xl_half_uniref50-enc,,LoRA,4,0,0.7210093,1
Orthopoxvirus,prot_t5_xl_half_uniref50-enc,,LoRA,5,1,0.74724054,1
Orthopoxvirus,prot_t5_xl_half_uniref50-enc,,LoRA,5,1,0.92797875,1
Orthopoxvirus,prot_t5_xl_half_uniref50-enc,,LoRA,5,1,0.8839695,1
Orthopoxvirus,prot_t5_xl_half_uniref50-enc,,LoRA,5,1,0.91009474,1
Orthopoxvirus,prot_t5_xl_half_uniref50-enc,,LoRA,5,1,0.9622307,1
Orthopoxvirus,prot_t5_xl_half_uniref50-enc,,LoRA,5,1,0.97583437,1
Orthopoxvirus,prot_t5_xl_half_uniref50-enc,,LoRA,5,1,0.93840563,1
Orthopoxvirus,prot_t5_xl_half_uniref50-enc,,LoRA,5,1,0.9751126,1
Orthopoxvirus,prot_t5_xl_half_uniref50-enc,,LoRA,5,1,0.9067087,1
Orthopoxvirus,prot_t5_xl_half_uniref50-enc,,LoRA,5,1,0.93262565,1
Orthopoxvirus,prot_t5_xl_half_uniref50-enc,,LoRA,5,1,0.5414833,1
Orthopoxvirus,prot_t5_xl_half_uniref50-enc,,LoRA,5,1,0.51828176,1
Orthopoxvirus,prot_t5_xl_half_uniref50-enc,,LoRA,5,1,0.74118334,1
Orthopoxvirus,prot_t5_xl_half_uniref50-enc,,LoRA,5,1,0.67703426,1
Orthopoxvirus,prot_t5_xl_half_uniref50-enc,,LoRA,5,1,0.68200165,1
Orthopoxvirus,prot_t5_xl_half_uniref50-enc,,LoRA,5,1,0.9827084,1
Orthopoxvirus,prot_t5_xl_half_uniref50-enc,,LoRA,5,1,0.98823416,1
Orthopoxvirus,prot_t5_xl_half_uniref50-enc,,LoRA,5,1,0.9902574,1
Orthopoxvirus,prot_t5_xl_half_uniref50-enc,,LoRA,5,1,0.9928631,1
Orthopoxvirus,prot_t5_xl_half_uniref50-enc,,LoRA,5,1,0.9914295,1
Orthopoxvirus,prot_t5_xl_half_uniref50-enc,,LoRA,5,1,0.98845893,1
Orthopoxvirus,prot_t5_xl_half_uniref50-enc,,LoRA,5,1,0.9946861,1
Orthopoxvirus,prot_t5_xl_half_uniref50-enc,,LoRA,5,1,0.9947817,1
Orthopoxvirus,prot_t5_xl_half_uniref50-enc,,LoRA,5,1,0.71267784,1
Orthopoxvirus,prot_t5_xl_half_uniref50-enc,,LoRA,5,1,0.45694637,0
Orthopoxvirus,prot_t5_xl_half_uniref50-enc,,LoRA,5,1,0.8284475,1
Orthopoxvirus,prot_t5_xl_half_uniref50-enc,,LoRA,5,1,0.864348,1
Orthopoxvirus,prot_t5_xl_half_uniref50-enc,,LoRA,5,1,0.74315757,1
Orthopoxvirus,prot_t5_xl_half_uniref50-enc,,LoRA,5,1,0.59731174,1
Orthopoxvirus,prot_t5_xl_half_uniref50-enc,,LoRA,5,1,0.35873798,0
Orthopoxvirus,prot_t5_xl_half_uniref50-enc,,LoRA,5,1,0.52537316,1
Orthopoxvirus,prot_t5_xl_half_uniref50-enc,,LoRA,5,1,0.6278203,1
Orthopoxvirus,prot_t5_xl_half_uniref50-enc,,LoRA,5,1,0.5863709,1
Orthopoxvirus,prot_t5_xl_half_uniref50-enc,,LoRA,5,1,0.68103194,1
Orthopoxvirus,prot_t5_xl_half_uniref50-enc,,LoRA,5,1,0.8018848,1
Orthopoxvirus,prot_t5_xl_half_uniref50-enc,,LoRA,5,1,0.89072484,1
Orthopoxvirus,prot_t5_xl_half_uniref50-enc,,LoRA,5,1,0.84588706,1
Orthopoxvirus,prot_t5_xl_half_uniref50-enc,,LoRA,5,1,0.84010166,1
Orthopoxvirus,prot_t5_xl_half_uniref50-enc,,LoRA,5,1,0.87502724,1
Orthopoxvirus,prot_t5_xl_half_uniref50-enc,,LoRA,5,1,0.63751465,1
Orthopoxvirus,prot_t5_xl_half_uniref50-enc,,LoRA,5,1,0.842933,1
Orthopoxvirus,prot_t5_xl_half_uniref50-enc,,LoRA,5,1,0.71192807,1
Orthopoxvirus,prot_t5_xl_half_uniref50-enc,,LoRA,5,1,0.86308163,1
Orthopoxvirus,prot_t5_xl_half_uniref50-enc,,LoRA,5,1,0.8253608,1
Orthopoxvirus,prot_t5_xl_half_uniref50-enc,,LoRA,5,1,0.6022303,1
Orthopoxvirus,prot_t5_xl_half_uniref50-enc,,LoRA,5,1,0.7272087,1
Orthopoxvirus,prot_t5_xl_half_uniref50-enc,,LoRA,5,1,0.52958333,1
Orthopoxvirus,prot_t5_xl_half_uniref50-enc,,LoRA,5,1,0.40082267,0
Orthopoxvirus,prot_t5_xl_half_uniref50-enc,,LoRA,5,1,0.5540354,1
Orthopoxvirus,prot_t5_xl_half_uniref50-enc,,LoRA,5,0,0.9305829,1
Orthopoxvirus,prot_t5_xl_half_uniref50-enc,,LoRA,5,0,0.9337036,1
Orthopoxvirus,prot_t5_xl_half_uniref50-enc,,LoRA,5,0,0.93767613,1
Orthopoxvirus,prot_t5_xl_half_uniref50-enc,,LoRA,5,0,0.95695555,1
Orthopoxvirus,prot_t5_xl_half_uniref50-enc,,LoRA,5,0,0.927713,1
Orthopoxvirus,prot_t5_xl_half_uniref50-enc,,LoRA,5,0,0.87196773,1
Orthopoxvirus,prot_t5_xl_half_uniref50-enc,,LoRA,5,0,0.78968775,1
Orthopoxvirus,prot_t5_xl_half_uniref50-enc,,LoRA,5,0,0.77343607,1
Orthopoxvirus,prot_t5_xl_half_uniref50-enc,,LoRA,5,0,0.4715186,0
Orthopoxvirus,prot_t5_xl_half_uniref50-enc,,LoRA,5,0,0.64093435,1
Orthopoxvirus,prot_t5_xl_half_uniref50-enc,,LoRA,5,0,0.5318941,1
Orthopoxvirus,prot_t5_xl_half_uniref50-enc,,LoRA,5,0,0.68900657,1
Orthopoxvirus,prot_t5_xl_half_uniref50-enc,,LoRA,5,0,0.6843727,1
Orthopoxvirus,prot_t5_xl_half_uniref50-enc,,LoRA,5,0,0.7910573,1
Orthopoxvirus,prot_t5_xl_half_uniref50-enc,,LoRA,5,0,0.6897605,1
Orthopoxvirus,prot_t5_xl_half_uniref50-enc,,LoRA,5,0,0.35907117,0
Orthopoxvirus,prot_t5_xl_half_uniref50-enc,,LoRA,5,0,0.6621198,1
Orthopoxvirus,prot_t5_xl_half_uniref50-enc,,LoRA,5,0,0.2171892,0
Orthopoxvirus,prot_t5_xl_half_uniref50-enc,,LoRA,5,0,0.62331945,1
Orthopoxvirus,prot_t5_xl_half_uniref50-enc,,LoRA,5,0,0.55569345,1
Orthopoxvirus,prot_t5_xl_half_uniref50-enc,,LoRA,5,0,0.60526115,1
Orthopoxvirus,prot_t5_xl_half_uniref50-enc,,LoRA,5,0,0.6190478,1
Orthopoxvirus,prot_t5_xl_half_uniref50-enc,,LoRA,5,0,0.46227407,0
Orthopoxvirus,prot_t5_xl_half_uniref50-enc,,LoRA,5,0,0.28452292,0
Orthopoxvirus,prot_t5_xl_half_uniref50-enc,,LoRA,5,0,0.32387775,0
Orthopoxvirus,prot_t5_xl_half_uniref50-enc,,LoRA,5,0,0.6071399,1
Orthopoxvirus,prot_t5_xl_half_uniref50-enc,,LoRA,5,0,0.1740177,0
Orthopoxvirus,prot_t5_xl_half_uniref50-enc,,LoRA,5,0,0.19035554,0
Orthopoxvirus,prot_t5_xl_half_uniref50-enc,,LoRA,5,0,0.10407167,0
Orthopoxvirus,prot_t5_xl_half_uniref50-enc,,LoRA,5,0,0.14992683,0
Orthopoxvirus,prot_t5_xl_half_uniref50-enc,,LoRA,5,1,0.9677941,1
Orthopoxvirus,prot_t5_xl_half_uniref50-enc,,LoRA,5,1,0.9404716,1
Orthopoxvirus,prot_t5_xl_half_uniref50-enc,,LoRA,5,1,0.9631728,1
Orthopoxvirus,prot_t5_xl_half_uniref50-enc,,LoRA,5,1,0.9535603,1
Orthopoxvirus,prot_t5_xl_half_uniref50-enc,,LoRA,5,1,0.9534059,1
Orthopoxvirus,prot_t5_xl_half_uniref50-enc,,LoRA,5,1,0.9673863,1
Orthopoxvirus,prot_t5_xl_half_uniref50-enc,,LoRA,5,1,0.9762906,1
Orthopoxvirus,prot_t5_xl_half_uniref50-enc,,LoRA,5,1,0.9743405,1
Orthopoxvirus,prot_t5_xl_half_uniref50-enc,,LoRA,5,1,0.9714903,1
Orthopoxvirus,prot_t5_xl_half_uniref50-enc,,LoRA,5,1,0.9588099,1
Orthopoxvirus,prot_t5_xl_half_uniref50-enc,,LoRA,5,1,0.9423293,1
Orthopoxvirus,prot_t5_xl_half_uniref50-enc,,LoRA,5,1,0.9073774,1
Orthopoxvirus,prot_t5_xl_half_uniref50-enc,,LoRA,5,1,0.7846329,1
Orthopoxvirus,prot_t5_xl_half_uniref50-enc,,LoRA,5,1,0.8005817,1
Orthopoxvirus,prot_t5_xl_half_uniref50-enc,,LoRA,5,1,0.67441505,1
Orthopoxvirus,prot_t5_xl_half_uniref50-enc,,LoRA,5,1,0.7045417,1
Orthopoxvirus,prot_t5_xl_half_uniref50-enc,,LoRA,5,1,0.62379414,1
Orthopoxvirus,prot_t5_xl_half_uniref50-enc,,LoRA,5,1,0.62548715,1
Orthopoxvirus,prot_t5_xl_half_uniref50-enc,,LoRA,5,1,0.6976667,1
Orthopoxvirus,prot_t5_xl_half_uniref50-enc,,LoRA,5,1,0.79414016,1
Orthopoxvirus,prot_t5_xl_half_uniref50-enc,,LoRA,5,1,0.55322105,1
Orthopoxvirus,prot_t5_xl_half_uniref50-enc,,LoRA,5,1,0.96688753,1
Orthopoxvirus,prot_t5_xl_half_uniref50-enc,,LoRA,5,1,0.9895343,1
Orthopoxvirus,prot_t5_xl_half_uniref50-enc,,LoRA,5,1,0.9381958,1
Orthopoxvirus,prot_t5_xl_half_uniref50-enc,,LoRA,5,1,0.93280756,1
Orthopoxvirus,prot_t5_xl_half_uniref50-enc,,LoRA,5,1,0.9687477,1
Orthopoxvirus,prot_t5_xl_half_uniref50-enc,,LoRA,5,1,0.94867665,1
Orthopoxvirus,prot_t5_xl_half_uniref50-enc,,LoRA,5,1,0.9559834,1
Orthopoxvirus,prot_t5_xl_half_uniref50-enc,,LoRA,5,1,0.9661184,1
Orthopoxvirus,prot_t5_xl_half_uniref50-enc,,LoRA,5,1,0.9645725,1
Orthopoxvirus,prot_t5_xl_half_uniref50-enc,,LoRA,5,1,0.972209,1
Orthopoxvirus,prot_t5_xl_half_uniref50-enc,,LoRA,5,1,0.8964747,1
Orthopoxvirus,prot_t5_xl_half_uniref50-enc,,LoRA,5,1,0.9209505,1
Orthopoxvirus,prot_t5_xl_half_uniref50-enc,,LoRA,5,1,0.9324161,1
Orthopoxvirus,prot_t5_xl_half_uniref50-enc,,LoRA,5,1,0.96345323,1
Orthopoxvirus,prot_t5_xl_half_uniref50-enc,,LoRA,5,1,0.9388806,1
Orthopoxvirus,prot_t5_xl_half_uniref50-enc,,LoRA,5,1,0.8246153,1
Orthopoxvirus,prot_t5_xl_half_uniref50-enc,,LoRA,5,1,0.82187647,1
Orthopoxvirus,prot_t5_xl_half_uniref50-enc,,LoRA,5,1,0.9407647,1
Orthopoxvirus,prot_t5_xl_half_uniref50-enc,,LoRA,5,1,0.91365117,1
Orthopoxvirus,prot_t5_xl_half_uniref50-enc,,LoRA,5,1,0.875007,1
Orthopoxvirus,prot_t5_xl_half_uniref50-enc,,LoRA,5,1,0.91261697,1
Orthopoxvirus,prot_t5_xl_half_uniref50-enc,,LoRA,5,1,0.83697695,1
Orthopoxvirus,prot_t5_xl_half_uniref50-enc,,LoRA,5,1,0.9455379,1
Orthopoxvirus,prot_t5_xl_half_uniref50-enc,,LoRA,5,1,0.9115278,1
Orthopoxvirus,prot_t5_xl_half_uniref50-enc,,LoRA,5,1,0.93331975,1
Orthopoxvirus,prot_t5_xl_half_uniref50-enc,,LoRA,5,1,0.9344074,1
Orthopoxvirus,prot_t5_xl_half_uniref50-enc,,LoRA,5,1,0.9066844,1
Orthopoxvirus,prot_t5_xl_half_uniref50-enc,,LoRA,5,1,0.908987,1
Orthopoxvirus,prot_t5_xl_half_uniref50-enc,,LoRA,5,1,0.9494284,1
Orthopoxvirus,prot_t5_xl_half_uniref50-enc,,LoRA,5,1,0.95279706,1
Orthopoxvirus,prot_t5_xl_half_uniref50-enc,,LoRA,5,1,0.9691422,1
Orthopoxvirus,prot_t5_xl_half_uniref50-enc,,LoRA,5,1,0.97576195,1
Orthopoxvirus,prot_t5_xl_half_uniref50-enc,,LoRA,5,1,0.96658486,1
Orthopoxvirus,prot_t5_xl_half_uniref50-enc,,LoRA,5,1,0.9545229,1
Orthopoxvirus,prot_t5_xl_half_uniref50-enc,,LoRA,5,1,0.9641757,1
Orthopoxvirus,prot_t5_xl_half_uniref50-enc,,LoRA,5,1,0.96410596,1
Orthopoxvirus,prot_t5_xl_half_uniref50-enc,,LoRA,5,1,0.9540427,1
Orthopoxvirus,prot_t5_xl_half_uniref50-enc,,LoRA,5,1,0.95161664,1
Orthopoxvirus,prot_t5_xl_half_uniref50-enc,,LoRA,5,1,0.8787692,1
Orthopoxvirus,prot_t5_xl_half_uniref50-enc,,LoRA,5,1,0.9619343,1
Orthopoxvirus,prot_t5_xl_half_uniref50-enc,,LoRA,5,1,0.9716167,1
Orthopoxvirus,prot_t5_xl_half_uniref50-enc,,LoRA,5,1,0.97516835,1
Orthopoxvirus,prot_t5_xl_half_uniref50-enc,,LoRA,5,1,0.9778389,1
Orthopoxvirus,prot_t5_xl_half_uniref50-enc,,LoRA,5,1,0.9218662,1
Orthopoxvirus,prot_t5_xl_half_uniref50-enc,,LoRA,5,1,0.971519,1
Orthopoxvirus,prot_t5_xl_half_uniref50-enc,,LoRA,5,1,0.9778571,1
Orthopoxvirus,prot_t5_xl_half_uniref50-enc,,LoRA,5,1,0.90403545,1
Orthopoxvirus,prot_t5_xl_half_uniref50-enc,,LoRA,5,1,0.950074,1
Orthopoxvirus,prot_t5_xl_half_uniref50-enc,,LoRA,5,1,0.93594205,1
Orthopoxvirus,prot_t5_xl_half_uniref50-enc,,LoRA,5,1,0.95509666,1
Orthopoxvirus,prot_t5_xl_half_uniref50-enc,,LoRA,5,1,0.9521017,1
Orthopoxvirus,prot_t5_xl_half_uniref50-enc,,LoRA,5,1,0.9371138,1
Orthopoxvirus,prot_t5_xl_half_uniref50-enc,,LoRA,5,1,0.9221984,1
Orthopoxvirus,prot_t5_xl_half_uniref50-enc,,LoRA,5,1,0.92767274,1
Orthopoxvirus,prot_t5_xl_half_uniref50-enc,,LoRA,5,1,0.9271633,1
Orthopoxvirus,prot_t5_xl_half_uniref50-enc,,LoRA,5,1,0.9146707,1
Orthopoxvirus,prot_t5_xl_half_uniref50-enc,,LoRA,5,1,0.8805833,1
Orthopoxvirus,prot_t5_xl_half_uniref50-enc,,LoRA,5,1,0.7074019,1
Orthopoxvirus,prot_t5_xl_half_uniref50-enc,,LoRA,5,1,0.84574544,1
Orthopoxvirus,prot_t5_xl_half_uniref50-enc,,LoRA,5,1,0.43118042,0
Orthopoxvirus,prot_t5_xl_half_uniref50-enc,,LoRA,5,1,0.7901255,1
Orthopoxvirus,prot_t5_xl_half_uniref50-enc,,LoRA,5,1,0.55568504,1
Orthopoxvirus,prot_t5_xl_half_uniref50-enc,,LoRA,5,1,0.45380127,0
Orthopoxvirus,prot_t5_xl_half_uniref50-enc,,LoRA,5,1,0.7647951,1
Orthopoxvirus,prot_t5_xl_half_uniref50-enc,,LoRA,5,1,0.5203589,1
Orthopoxvirus,prot_t5_xl_half_uniref50-enc,,LoRA,5,1,0.55219245,1
Orthopoxvirus,prot_t5_xl_half_uniref50-enc,,LoRA,5,1,0.6940128,1
Orthopoxvirus,prot_t5_xl_half_uniref50-enc,,LoRA,5,1,0.5303509,1
Orthopoxvirus,prot_t5_xl_half_uniref50-enc,,LoRA,5,1,0.53629076,1
Orthopoxvirus,prot_t5_xl_half_uniref50-enc,,LoRA,5,1,0.41177168,0
Orthopoxvirus,prot_t5_xl_half_uniref50-enc,,LoRA,5,1,0.37147287,0
Orthopoxvirus,prot_t5_xl_half_uniref50-enc,,LoRA,5,1,0.5176369,1
Orthopoxvirus,prot_t5_xl_half_uniref50-enc,,LoRA,5,1,0.46407682,0
Orthopoxvirus,prot_t5_xl_half_uniref50-enc,,LoRA,5,1,0.5385313,1
Orthopoxvirus,prot_t5_xl_half_uniref50-enc,,LoRA,5,1,0.29154015,0
Orthopoxvirus,prot_t5_xl_half_uniref50-enc,,LoRA,5,1,0.5013161,1
Orthopoxvirus,prot_t5_xl_half_uniref50-enc,,LoRA,5,1,0.4184559,0
Orthopoxvirus,prot_t5_xl_half_uniref50-enc,,LoRA,5,1,0.46536043,0
Orthopoxvirus,prot_t5_xl_half_uniref50-enc,,LoRA,5,1,0.5281854,1
Orthopoxvirus,prot_t5_xl_half_uniref50-enc,,LoRA,5,1,0.54292417,1
Orthopoxvirus,prot_t5_xl_half_uniref50-enc,,LoRA,5,1,0.6620029,1
Orthopoxvirus,prot_t5_xl_half_uniref50-enc,,LoRA,5,1,0.7082898,1
Orthopoxvirus,prot_t5_xl_half_uniref50-enc,,LoRA,5,0,0.5726305,1
Orthopoxvirus,prot_t5_xl_half_uniref50-enc,,LoRA,5,0,0.72205806,1
Orthopoxvirus,prot_t5_xl_half_uniref50-enc,,LoRA,5,0,0.41610697,0
Orthopoxvirus,prot_t5_xl_half_uniref50-enc,,LoRA,5,0,0.63324845,1
Orthopoxvirus,prot_t5_xl_half_uniref50-enc,,LoRA,5,0,0.4018848,0
Orthopoxvirus,prot_t5_xl_half_uniref50-enc,,LoRA,5,1,0.50868565,1
Orthopoxvirus,prot_t5_xl_half_uniref50-enc,,LoRA,5,1,0.67222613,1
Orthopoxvirus,prot_t5_xl_half_uniref50-enc,,LoRA,5,1,0.43431798,0
Orthopoxvirus,prot_t5_xl_half_uniref50-enc,,LoRA,5,1,0.5002909,1
Orthopoxvirus,prot_t5_xl_half_uniref50-enc,,LoRA,5,1,0.60612816,1
Orthopoxvirus,prot_t5_xl_half_uniref50-enc,,LoRA,5,1,0.4582687,0
Orthopoxvirus,prot_t5_xl_half_uniref50-enc,,LoRA,5,1,0.6210619,1
Orthopoxvirus,prot_t5_xl_half_uniref50-enc,,LoRA,5,1,0.4512955,0
Orthopoxvirus,prot_t5_xl_half_uniref50-enc,,LoRA,5,1,0.32589453,0
Orthopoxvirus,prot_t5_xl_half_uniref50-enc,,LoRA,5,1,0.45486015,0
Orthopoxvirus,prot_t5_xl_half_uniref50-enc,,LoRA,5,1,0.39347538,0
Orthopoxvirus,prot_t5_xl_half_uniref50-enc,,LoRA,5,1,0.28940436,0
Orthopoxvirus,prot_t5_xl_half_uniref50-enc,,LoRA,5,1,0.4405704,0
Orthopoxvirus,prot_t5_xl_half_uniref50-enc,,LoRA,5,1,0.4005159,0
Orthopoxvirus,prot_t5_xl_half_uniref50-enc,,LoRA,5,1,0.2789329,0
Orthopoxvirus,prot_t5_xl_half_uniref50-enc,,LoRA,5,1,0.35067844,0
Orthopoxvirus,prot_t5_xl_half_uniref50-enc,,LoRA,5,1,0.35569888,0
Orthopoxvirus,prot_t5_xl_half_uniref50-enc,,LoRA,5,1,0.4134791,0
Orthopoxvirus,prot_t5_xl_half_uniref50-enc,,LoRA,5,1,0.4954136,0
Orthopoxvirus,prot_t5_xl_half_uniref50-enc,,LoRA,5,1,0.63481843,1
Orthopoxvirus,prot_t5_xl_half_uniref50-enc,,LoRA,5,1,0.7164479,1
Orthopoxvirus,prot_t5_xl_half_uniref50-enc,,LoRA,5,1,0.7796704,1
Orthopoxvirus,prot_t5_xl_half_uniref50-enc,,LoRA,5,1,0.8616947,1
Orthopoxvirus,prot_t5_xl_half_uniref50-enc,,LoRA,5,1,0.7446449,1
Orthopoxvirus,prot_t5_xl_half_uniref50-enc,,LoRA,5,1,0.68496877,1
Orthopoxvirus,prot_t5_xl_half_uniref50-enc,,LoRA,5,1,0.6944283,1
Orthopoxvirus,prot_t5_xl_half_uniref50-enc,,LoRA,5,1,0.6683231,1
Orthopoxvirus,prot_t5_xl_half_uniref50-enc,,LoRA,5,1,0.6380818,1
Orthopoxvirus,prot_t5_xl_half_uniref50-enc,,LoRA,5,1,0.690589,1
Orthopoxvirus,prot_t5_xl_half_uniref50-enc,,LoRA,5,1,0.29753265,0
Orthopoxvirus,prot_t5_xl_half_uniref50-enc,,LoRA,5,1,0.39572778,0
Orthopoxvirus,prot_t5_xl_half_uniref50-enc,,LoRA,5,1,0.56664604,1
Orthopoxvirus,prot_t5_xl_half_uniref50-enc,,LoRA,5,1,0.47482592,0
Orthopoxvirus,prot_t5_xl_half_uniref50-enc,,LoRA,5,1,0.5570178,1
Orthopoxvirus,prot_t5_xl_half_uniref50-enc,,LoRA,5,1,0.6480355,1
Orthopoxvirus,prot_t5_xl_half_uniref50-enc,,LoRA,5,1,0.4443864,0
Orthopoxvirus,prot_t5_xl_half_uniref50-enc,,LoRA,5,1,0.534009,1
Orthopoxvirus,prot_t5_xl_half_uniref50-enc,,LoRA,5,1,0.78198224,1
Orthopoxvirus,prot_t5_xl_half_uniref50-enc,,LoRA,5,1,0.46618327,0
Orthopoxvirus,prot_t5_xl_half_uniref50-enc,,LoRA,5,1,0.6097842,1
Orthopoxvirus,prot_t5_xl_half_uniref50-enc,,LoRA,5,0,0.97950405,1
Orthopoxvirus,prot_t5_xl_half_uniref50-enc,,LoRA,5,0,0.98200834,1
Orthopoxvirus,prot_t5_xl_half_uniref50-enc,,LoRA,5,0,0.9738898,1
Orthopoxvirus,prot_t5_xl_half_uniref50-enc,,LoRA,5,0,0.9454334,1
Orthopoxvirus,prot_t5_xl_half_uniref50-enc,,LoRA,5,0,0.93454033,1
Orthopoxvirus,prot_t5_xl_half_uniref50-enc,,LoRA,5,0,0.9803233,1
Orthopoxvirus,prot_t5_xl_half_uniref50-enc,,LoRA,5,0,0.90139276,1
Orthopoxvirus,prot_t5_xl_half_uniref50-enc,,LoRA,5,0,0.89391917,1
Orthopoxvirus,prot_t5_xl_half_uniref50-enc,,LoRA,5,0,0.8604996,1
Orthopoxvirus,prot_t5_xl_half_uniref50-enc,,LoRA,5,0,0.8519649,1
Orthopoxvirus,prot_t5_xl_half_uniref50-enc,,LoRA,5,0,0.8418312,1
Orthopoxvirus,prot_t5_xl_half_uniref50-enc,,LoRA,5,0,0.88578856,1
Orthopoxvirus,prot_t5_xl_half_uniref50-enc,,LoRA,5,0,0.8941118,1
Orthopoxvirus,prot_t5_xl_half_uniref50-enc,,LoRA,5,0,0.78661,1
Orthopoxvirus,prot_t5_xl_half_uniref50-enc,,LoRA,5,0,0.9428143,1
Orthopoxvirus,prot_t5_xl_half_uniref50-enc,,LoRA,5,1,0.8425721,1
Orthopoxvirus,prot_t5_xl_half_uniref50-enc,,LoRA,5,1,0.89825994,1
Orthopoxvirus,prot_t5_xl_half_uniref50-enc,,LoRA,5,1,0.9047671,1
Orthopoxvirus,prot_t5_xl_half_uniref50-enc,,LoRA,5,1,0.8941624,1
Orthopoxvirus,prot_t5_xl_half_uniref50-enc,,LoRA,5,1,0.8362982,1
Orthopoxvirus,prot_t5_xl_half_uniref50-enc,,LoRA,5,1,0.8499992,1
Orthopoxvirus,prot_t5_xl_half_uniref50-enc,,LoRA,5,1,0.9635438,1
Orthopoxvirus,prot_t5_xl_half_uniref50-enc,,LoRA,5,1,0.89495754,1
Orthopoxvirus,prot_t5_xl_half_uniref50-enc,,LoRA,5,1,0.899548,1
Orthopoxvirus,prot_t5_xl_half_uniref50-enc,,LoRA,5,1,0.9624224,1
Orthopoxvirus,prot_t5_xl_half_uniref50-enc,,LoRA,5,1,0.97107756,1
Orthopoxvirus,prot_t5_xl_half_uniref50-enc,,LoRA,5,1,0.96419483,1
Orthopoxvirus,prot_t5_xl_half_uniref50-enc,,LoRA,5,1,0.9207477,1
Orthopoxvirus,prot_t5_xl_half_uniref50-enc,,LoRA,5,1,0.96460384,1
Orthopoxvirus,prot_t5_xl_half_uniref50-enc,,LoRA,5,1,0.94461846,1
Orthopoxvirus,prot_t5_xl_half_uniref50-enc,,LoRA,5,1,0.9107789,1
Orthopoxvirus,prot_t5_xl_half_uniref50-enc,,LoRA,5,1,0.9215956,1
Orthopoxvirus,prot_t5_xl_half_uniref50-enc,,LoRA,5,1,0.95502716,1
Orthopoxvirus,prot_t5_xl_half_uniref50-enc,,LoRA,5,1,0.93501943,1
Orthopoxvirus,prot_t5_xl_half_uniref50-enc,,LoRA,5,1,0.89020896,1
Orthopoxvirus,prot_t5_xl_half_uniref50-enc,,LoRA,5,1,0.87632746,1
Orthopoxvirus,prot_t5_xl_half_uniref50-enc,,LoRA,5,1,0.79768735,1
Orthopoxvirus,prot_t5_xl_half_uniref50-enc,,LoRA,5,1,0.8938214,1
Orthopoxvirus,prot_t5_xl_half_uniref50-enc,,LoRA,5,0,0.70027834,1
Orthopoxvirus,prot_t5_xl_half_uniref50-enc,,LoRA,5,0,0.5110304,1
Orthopoxvirus,prot_t5_xl_half_uniref50-enc,,LoRA,5,0,0.5844595,1
Orthopoxvirus,prot_t5_xl_half_uniref50-enc,,LoRA,5,0,0.72697526,1
Orthopoxvirus,prot_t5_xl_half_uniref50-enc,,LoRA,5,0,0.85196054,1
Orthopoxvirus,prot_t5_xl_half_uniref50-enc,,LoRA,5,0,0.87362504,1
Orthopoxvirus,prot_t5_xl_half_uniref50-enc,,LoRA,5,0,0.90079343,1
Orthopoxvirus,prot_t5_xl_half_uniref50-enc,,LoRA,5,0,0.8015968,1
Orthopoxvirus,prot_t5_xl_half_uniref50-enc,,LoRA,5,0,0.8955087,1
Orthopoxvirus,prot_t5_xl_half_uniref50-enc,,LoRA,5,0,0.83845097,1
Orthopoxvirus,prot_t5_xl_half_uniref50-enc,,LoRA,5,0,0.7540502,1
Orthopoxvirus,prot_t5_xl_half_uniref50-enc,,LoRA,5,0,0.8176281,1
Orthopoxvirus,prot_t5_xl_half_uniref50-enc,,LoRA,5,0,0.92270184,1
Orthopoxvirus,prot_t5_xl_half_uniref50-enc,,LoRA,5,0,0.6583575,1
Orthopoxvirus,prot_t5_xl_half_uniref50-enc,,LoRA,5,0,0.8754611,1
Orthopoxvirus,prot_t5_xl_half_uniref50-enc,,LoRA,5,0,0.8243198,1
Orthopoxvirus,prot_t5_xl_half_uniref50-enc,,LoRA,5,0,0.67506415,1
Orthopoxvirus,prot_t5_xl_half_uniref50-enc,,LoRA,5,0,0.7809454,1
Orthopoxvirus,prot_t5_xl_half_uniref50-enc,,LoRA,5,0,0.8327349,1
Orthopoxvirus,prot_t5_xl_half_uniref50-enc,,LoRA,5,0,0.86738646,1
Orthopoxvirus,prot_t5_xl_half_uniref50-enc,,LoRA,5,0,0.15953682,0
Orthopoxvirus,prot_t5_xl_half_uniref50-enc,,LoRA,5,0,0.28030697,0
Orthopoxvirus,prot_t5_xl_half_uniref50-enc,,LoRA,5,0,0.24041258,0
Orthopoxvirus,prot_t5_xl_half_uniref50-enc,,LoRA,5,0,0.12610668,0
Orthopoxvirus,prot_t5_xl_half_uniref50-enc,,LoRA,5,0,0.3107547,0
Orthopoxvirus,prot_t5_xl_half_uniref50-enc,,LoRA,5,0,0.32304275,0
Orthopoxvirus,prot_t5_xl_half_uniref50-enc,,LoRA,5,0,0.35964447,0
Orthopoxvirus,prot_t5_xl_half_uniref50-enc,,LoRA,5,0,0.26255715,0
Orthopoxvirus,prot_t5_xl_half_uniref50-enc,,LoRA,5,0,0.35467872,0
Orthopoxvirus,prot_t5_xl_half_uniref50-enc,,LoRA,5,0,0.19547063,0
Orthopoxvirus,prot_t5_xl_half_uniref50-enc,,LoRA,5,0,0.105512716,0
Orthopoxvirus,prot_t5_xl_half_uniref50-enc,,LoRA,5,0,0.1215645,0
Orthopoxvirus,prot_t5_xl_half_uniref50-enc,,LoRA,5,0,0.20753123,0
Orthopoxvirus,prot_t5_xl_half_uniref50-enc,,LoRA,5,0,0.1898357,0
Orthopoxvirus,prot_t5_xl_half_uniref50-enc,,LoRA,5,0,0.16702908,0
Orthopoxvirus,prot_t5_xl_half_uniref50-enc,,LoRA,5,0,0.16833007,0
Orthopoxvirus,prot_t5_xl_half_uniref50-enc,,LoRA,5,0,0.12798779,0
Orthopoxvirus,prot_t5_xl_half_uniref50-enc,,LoRA,5,0,0.19776478,0
Orthopoxvirus,prot_t5_xl_half_uniref50-enc,,LoRA,5,0,0.1658153,0
Orthopoxvirus,prot_t5_xl_half_uniref50-enc,,LoRA,5,0,0.2025587,0
Orthopoxvirus,prot_t5_xl_half_uniref50-enc,,LoRA,5,0,0.097532086,0
Orthopoxvirus,prot_t5_xl_half_uniref50-enc,,LoRA,5,0,0.14016792,0
Orthopoxvirus,prot_t5_xl_half_uniref50-enc,,LoRA,5,0,0.13362268,0
Orthopoxvirus,prot_t5_xl_half_uniref50-enc,,LoRA,5,0,0.12801969,0
Orthopoxvirus,prot_t5_xl_half_uniref50-enc,,LoRA,5,0,0.17497128,0
Orthopoxvirus,prot_t5_xl_half_uniref50-enc,,LoRA,5,0,0.1649409,0
Orthopoxvirus,prot_t5_xl_half_uniref50-enc,,LoRA,5,0,0.1664878,0
Orthopoxvirus,prot_t5_xl_half_uniref50-enc,,LoRA,5,0,0.30398643,0
Orthopoxvirus,prot_t5_xl_half_uniref50-enc,,LoRA,5,0,0.39163196,0
Orthopoxvirus,prot_t5_xl_half_uniref50-enc,,LoRA,5,0,0.3337495,0
Orthopoxvirus,prot_t5_xl_half_uniref50-enc,,LoRA,5,0,0.36243135,0
Orthopoxvirus,prot_t5_xl_half_uniref50-enc,,LoRA,5,0,0.27716577,0
Orthopoxvirus,prot_t5_xl_half_uniref50-enc,,LoRA,5,0,0.19457465,0
Orthopoxvirus,prot_t5_xl_half_uniref50-enc,,LoRA,5,0,0.181509,0
Orthopoxvirus,prot_t5_xl_half_uniref50-enc,,LoRA,5,0,0.23646721,0
Orthopoxvirus,prot_t5_xl_half_uniref50-enc,,LoRA,5,0,0.24921286,0
Orthopoxvirus,prot_t5_xl_half_uniref50-enc,,LoRA,5,0,0.13454105,0
Orthopoxvirus,prot_t5_xl_half_uniref50-enc,,LoRA,5,0,0.2877218,0
Orthopoxvirus,prot_t5_xl_half_uniref50-enc,,LoRA,5,0,0.17925876,0
Orthopoxvirus,prot_t5_xl_half_uniref50-enc,,LoRA,5,0,0.3212014,0
Orthopoxvirus,prot_t5_xl_half_uniref50-enc,,LoRA,5,1,0.13269833,0
Orthopoxvirus,prot_t5_xl_half_uniref50-enc,,LoRA,5,1,0.13440989,0
Orthopoxvirus,prot_t5_xl_half_uniref50-enc,,LoRA,5,1,0.10349585,0
Orthopoxvirus,prot_t5_xl_half_uniref50-enc,,LoRA,5,1,0.23281592,0
Orthopoxvirus,prot_t5_xl_half_uniref50-enc,,LoRA,5,1,0.2840373,0
Orthopoxvirus,prot_t5_xl_half_uniref50-enc,,LoRA,5,1,0.32925206,0
Orthopoxvirus,prot_t5_xl_half_uniref50-enc,,LoRA,5,1,0.14522377,0
Orthopoxvirus,prot_t5_xl_half_uniref50-enc,,LoRA,5,1,0.3670625,0
Orthopoxvirus,prot_t5_xl_half_uniref50-enc,,LoRA,5,1,0.2820987,0
Orthopoxvirus,prot_t5_xl_half_uniref50-enc,,LoRA,5,1,0.21549816,0
Orthopoxvirus,prot_t5_xl_half_uniref50-enc,,LoRA,5,1,0.36403036,0
Orthopoxvirus,prot_t5_xl_half_uniref50-enc,,LoRA,5,1,0.21402593,0
Orthopoxvirus,prot_t5_xl_half_uniref50-enc,,LoRA,5,1,0.24455601,0
Orthopoxvirus,prot_t5_xl_half_uniref50-enc,,LoRA,5,1,0.12600134,0
Orthopoxvirus,prot_t5_xl_half_uniref50-enc,,LoRA,5,1,0.27819377,0
Orthopoxvirus,prot_t5_xl_half_uniref50-enc,,LoRA,5,1,0.27733454,0
Orthopoxvirus,prot_t5_xl_half_uniref50-enc,,LoRA,5,1,0.23898597,0
Orthopoxvirus,prot_t5_xl_half_uniref50-enc,,LoRA,5,1,0.1802506,0
Orthopoxvirus,prot_t5_xl_half_uniref50-enc,,LoRA,5,1,0.3516366,0
Orthopoxvirus,prot_t5_xl_half_uniref50-enc,,LoRA,5,1,0.16744483,0
Orthopoxvirus,prot_t5_xl_half_uniref50-enc,,LoRA,5,1,0.3786363,0
Orthopoxvirus,prot_t5_xl_half_uniref50-enc,,LoRA,5,1,0.5380788,1
Orthopoxvirus,prot_t5_xl_half_uniref50-enc,,LoRA,5,1,0.38365543,0
Orthopoxvirus,prot_t5_xl_half_uniref50-enc,,LoRA,5,1,0.4375173,0
Orthopoxvirus,prot_t5_xl_half_uniref50-enc,,LoRA,5,1,0.55496305,1
Orthopoxvirus,prot_t5_xl_half_uniref50-enc,,LoRA,5,1,0.61888486,1
Orthopoxvirus,prot_t5_xl_half_uniref50-enc,,LoRA,5,1,0.16793175,0
Orthopoxvirus,prot_t5_xl_half_uniref50-enc,,LoRA,5,1,0.56779546,1
Orthopoxvirus,prot_t5_xl_half_uniref50-enc,,LoRA,5,1,0.39798012,0
Orthopoxvirus,prot_t5_xl_half_uniref50-enc,,LoRA,5,1,0.3874781,0
Orthopoxvirus,prot_t5_xl_half_uniref50-enc,,LoRA,5,1,0.52847975,1
Orthopoxvirus,prot_t5_xl_half_uniref50-enc,,LoRA,5,1,0.40519297,0
Orthopoxvirus,prot_t5_xl_half_uniref50-enc,,LoRA,5,1,0.5751817,1
Orthopoxvirus,prot_t5_xl_half_uniref50-enc,,LoRA,5,1,0.43820816,0
Orthopoxvirus,prot_t5_xl_half_uniref50-enc,,LoRA,5,1,0.67199343,1
Orthopoxvirus,prot_t5_xl_half_uniref50-enc,,LoRA,5,1,0.4676269,0
Orthopoxvirus,prot_t5_xl_half_uniref50-enc,,LoRA,5,1,0.5661207,1
Orthopoxvirus,prot_t5_xl_half_uniref50-enc,,LoRA,5,1,0.62892544,1
Orthopoxvirus,prot_t5_xl_half_uniref50-enc,,LoRA,5,1,0.547287,1
Orthopoxvirus,prot_t5_xl_half_uniref50-enc,,LoRA,5,1,0.29053956,0
Orthopoxvirus,prot_t5_xl_half_uniref50-enc,,LoRA,5,1,0.5160834,1
Orthopoxvirus,prot_t5_xl_half_uniref50-enc,,LoRA,5,0,0.2606961,0
Orthopoxvirus,prot_t5_xl_half_uniref50-enc,,LoRA,5,0,0.26875865,0
Orthopoxvirus,prot_t5_xl_half_uniref50-enc,,LoRA,5,0,0.2543942,0
Orthopoxvirus,prot_t5_xl_half_uniref50-enc,,LoRA,5,0,0.359505,0
Orthopoxvirus,prot_t5_xl_half_uniref50-enc,,LoRA,5,0,0.29629582,0
Orthopoxvirus,prot_t5_xl_half_uniref50-enc,,LoRA,5,0,0.46021497,0
Orthopoxvirus,prot_t5_xl_half_uniref50-enc,,LoRA,5,0,0.54243755,1
Orthopoxvirus,prot_t5_xl_half_uniref50-enc,,LoRA,5,0,0.31001413,0
Orthopoxvirus,prot_t5_xl_half_uniref50-enc,,LoRA,5,0,0.34772784,0
Orthopoxvirus,prot_t5_xl_half_uniref50-enc,,LoRA,5,0,0.5948593,1
Orthopoxvirus,prot_t5_xl_half_uniref50-enc,,LoRA,5,0,0.505308,1
Orthopoxvirus,prot_t5_xl_half_uniref50-enc,,LoRA,5,0,0.60562086,1
Orthopoxvirus,prot_t5_xl_half_uniref50-enc,,LoRA,5,0,0.5618856,1
Orthopoxvirus,prot_t5_xl_half_uniref50-enc,,LoRA,5,0,0.67815155,1
Orthopoxvirus,prot_t5_xl_half_uniref50-enc,,LoRA,5,0,0.48081848,0
Orthopoxvirus,prot_t5_xl_half_uniref50-enc,,LoRA,5,0,0.76528513,1
Orthopoxvirus,prot_t5_xl_half_uniref50-enc,,LoRA,5,0,0.52541906,1
Orthopoxvirus,prot_t5_xl_half_uniref50-enc,,LoRA,5,0,0.80044085,1
Orthopoxvirus,prot_t5_xl_half_uniref50-enc,,LoRA,5,0,0.8434913,1
Orthopoxvirus,prot_t5_xl_half_uniref50-enc,,LoRA,5,0,0.781442,1
Orthopoxvirus,prot_t5_xl_half_uniref50-enc,,LoRA,5,1,0.9654747,1
Orthopoxvirus,prot_t5_xl_half_uniref50-enc,,LoRA,5,1,0.98793447,1
Orthopoxvirus,prot_t5_xl_half_uniref50-enc,,LoRA,5,1,0.96058893,1
Orthopoxvirus,prot_t5_xl_half_uniref50-enc,,LoRA,5,1,0.93590736,1
Orthopoxvirus,prot_t5_xl_half_uniref50-enc,,LoRA,5,1,0.9677774,1
Orthopoxvirus,prot_t5_xl_half_uniref50-enc,,LoRA,5,1,0.9551608,1
Orthopoxvirus,prot_t5_xl_half_uniref50-enc,,LoRA,5,1,0.89017445,1
Orthopoxvirus,prot_t5_xl_half_uniref50-enc,,LoRA,5,1,0.94122833,1
Orthopoxvirus,prot_t5_xl_half_uniref50-enc,,LoRA,5,1,0.94809157,1
Orthopoxvirus,prot_t5_xl_half_uniref50-enc,,LoRA,5,1,0.9580164,1
Orthopoxvirus,prot_t5_xl_half_uniref50-enc,,LoRA,5,1,0.95475984,1
Orthopoxvirus,prot_t5_xl_half_uniref50-enc,,LoRA,5,1,0.9693477,1
Orthopoxvirus,prot_t5_xl_half_uniref50-enc,,LoRA,5,1,0.95143086,1
Orthopoxvirus,prot_t5_xl_half_uniref50-enc,,LoRA,5,1,0.9212029,1
Orthopoxvirus,prot_t5_xl_half_uniref50-enc,,LoRA,5,1,0.8997323,1
Orthopoxvirus,prot_t5_xl_half_uniref50-enc,,LoRA,5,1,0.94324183,1
Orthopoxvirus,prot_t5_xl_half_uniref50-enc,,LoRA,5,1,0.8427704,1
Orthopoxvirus,prot_t5_xl_half_uniref50-enc,,LoRA,5,1,0.75888765,1
Orthopoxvirus,prot_t5_xl_half_uniref50-enc,,LoRA,5,1,0.79124755,1
Orthopoxvirus,prot_t5_xl_half_uniref50-enc,,LoRA,5,1,0.78998625,1
Orthopoxvirus,prot_t5_xl_half_uniref50-enc,,LoRA,5,1,0.8099512,1
Orthopoxvirus,prot_t5_xl_half_uniref50-enc,,LoRA,5,1,0.7937841,1
Orthopoxvirus,prot_t5_xl_half_uniref50-enc,,LoRA,5,1,0.8578095,1
Orthopoxvirus,prot_t5_xl_half_uniref50-enc,,LoRA,5,1,0.8974841,1
Orthopoxvirus,prot_t5_xl_half_uniref50-enc,,LoRA,5,1,0.74814224,1
Orthopoxvirus,prot_t5_xl_half_uniref50-enc,,LoRA,5,1,0.8491602,1
Orthopoxvirus,prot_t5_xl_half_uniref50-enc,,LoRA,5,1,0.8243007,1
Orthopoxvirus,prot_t5_xl_half_uniref50-enc,,LoRA,5,1,0.5743646,1
Orthopoxvirus,prot_t5_xl_half_uniref50-enc,,LoRA,5,1,0.77329975,1
Orthopoxvirus,prot_t5_xl_half_uniref50-enc,,LoRA,5,1,0.78932154,1
Orthopoxvirus,prot_t5_xl_half_uniref50-enc,,LoRA,5,1,0.7086685,1
Orthopoxvirus,prot_t5_xl_half_uniref50-enc,,LoRA,5,1,0.5399284,1
Orthopoxvirus,prot_t5_xl_half_uniref50-enc,,LoRA,5,1,0.55913734,1
Orthopoxvirus,prot_t5_xl_half_uniref50-enc,,LoRA,5,1,0.7577442,1
Orthopoxvirus,prot_t5_xl_half_uniref50-enc,,LoRA,5,1,0.60268706,1
Orthopoxvirus,prot_t5_xl_half_uniref50-enc,,LoRA,5,1,0.6185208,1
Orthopoxvirus,prot_t5_xl_half_uniref50-enc,,LoRA,5,1,0.5104017,1
Orthopoxvirus,prot_t5_xl_half_uniref50-enc,,LoRA,5,1,0.78150284,1
Orthopoxvirus,prot_t5_xl_half_uniref50-enc,,LoRA,5,1,0.83198756,1
Orthopoxvirus,prot_t5_xl_half_uniref50-enc,,LoRA,5,1,0.77076143,1
Orthopoxvirus,prot_t5_xl_half_uniref50-enc,,LoRA,5,1,0.7618792,1
Orthopoxvirus,prot_t5_xl_half_uniref50-enc,,LoRA,5,1,0.80641615,1
Orthopoxvirus,prot_t5_xl_half_uniref50-enc,,LoRA,5,1,0.83277917,1
Orthopoxvirus,prot_t5_xl_half_uniref50-enc,,LoRA,5,1,0.7859337,1
Orthopoxvirus,prot_t5_xl_half_uniref50-enc,,LoRA,5,1,0.84156424,1
Orthopoxvirus,prot_t5_xl_half_uniref50-enc,,LoRA,5,1,0.91753143,1
Orthopoxvirus,prot_t5_xl_half_uniref50-enc,,LoRA,5,1,0.7985224,1
Orthopoxvirus,prot_t5_xl_half_uniref50-enc,,LoRA,5,1,0.897312,1
Orthopoxvirus,prot_t5_xl_half_uniref50-enc,,LoRA,5,1,0.8635648,1
Orthopoxvirus,prot_t5_xl_half_uniref50-enc,,LoRA,5,1,0.6932301,1
Orthopoxvirus,prot_t5_xl_half_uniref50-enc,,LoRA,5,1,0.8730871,1
Orthopoxvirus,prot_t5_xl_half_uniref50-enc,,LoRA,5,1,0.852751,1
Orthopoxvirus,prot_t5_xl_half_uniref50-enc,,LoRA,5,1,0.8470103,1
Orthopoxvirus,prot_t5_xl_half_uniref50-enc,,LoRA,5,1,0.7667946,1
Orthopoxvirus,prot_t5_xl_half_uniref50-enc,,LoRA,5,1,0.7134755,1
Orthopoxvirus,prot_t5_xl_half_uniref50-enc,,LoRA,5,1,0.7639023,1
Orthopoxvirus,prot_t5_xl_half_uniref50-enc,,LoRA,5,1,0.6762401,1
Orthopoxvirus,prot_t5_xl_half_uniref50-enc,,LoRA,5,1,0.67197794,1
Orthopoxvirus,prot_t5_xl_half_uniref50-enc,,LoRA,5,1,0.58847326,1
Orthopoxvirus,prot_t5_xl_half_uniref50-enc,,LoRA,5,1,0.84444016,1
Orthopoxvirus,prot_t5_xl_half_uniref50-enc,,LoRA,5,1,0.7815698,1
Orthopoxvirus,prot_t5_xl_half_uniref50-enc,,LoRA,5,1,0.76662487,1
Orthopoxvirus,prot_t5_xl_half_uniref50-enc,,LoRA,5,1,0.56273514,1
Orthopoxvirus,prot_t5_xl_half_uniref50-enc,,LoRA,5,1,0.5933032,1
Orthopoxvirus,prot_t5_xl_half_uniref50-enc,,LoRA,5,1,0.64933586,1
Orthopoxvirus,prot_t5_xl_half_uniref50-enc,,LoRA,5,1,0.5675791,1
Orthopoxvirus,prot_t5_xl_half_uniref50-enc,,LoRA,5,1,0.5855014,1
Orthopoxvirus,prot_t5_xl_half_uniref50-enc,,LoRA,5,1,0.5524759,1
Orthopoxvirus,prot_t5_xl_half_uniref50-enc,,LoRA,5,1,0.5052341,1
Orthopoxvirus,prot_t5_xl_half_uniref50-enc,,LoRA,5,1,0.6978461,1
Orthopoxvirus,prot_t5_xl_half_uniref50-enc,,LoRA,5,1,0.52463853,1
Orthopoxvirus,prot_t5_xl_half_uniref50-enc,,LoRA,5,1,0.77550715,1
Orthopoxvirus,prot_t5_xl_half_uniref50-enc,,LoRA,5,1,0.6439506,1
Orthopoxvirus,prot_t5_xl_half_uniref50-enc,,LoRA,5,1,0.7443392,1
Orthopoxvirus,prot_t5_xl_half_uniref50-enc,,LoRA,5,1,0.65255,1
Orthopoxvirus,prot_t5_xl_half_uniref50-enc,,LoRA,5,1,0.6819718,1
Orthopoxvirus,prot_t5_xl_half_uniref50-enc,,LoRA,5,1,0.48347023,0
Orthopoxvirus,prot_t5_xl_half_uniref50-enc,,LoRA,5,1,0.47090015,0
Orthopoxvirus,prot_t5_xl_half_uniref50-enc,,LoRA,5,1,0.8587363,1
Orthopoxvirus,prot_t5_xl_half_uniref50-enc,,LoRA,5,1,0.83222467,1
Orthopoxvirus,prot_t5_xl_half_uniref50-enc,,LoRA,5,1,0.68597317,1
Orthopoxvirus,prot_t5_xl_half_uniref50-enc,,LoRA,5,1,0.7404629,1
Orthopoxvirus,prot_t5_xl_half_uniref50-enc,,LoRA,5,1,0.7594705,1
Orthopoxvirus,prot_t5_xl_half_uniref50-enc,,LoRA,5,1,0.6435481,1
Orthopoxvirus,prot_t5_xl_half_uniref50-enc,,LoRA,5,1,0.6847321,1
Orthopoxvirus,prot_t5_xl_half_uniref50-enc,,LoRA,5,1,0.70660114,1
Orthopoxvirus,prot_t5_xl_half_uniref50-enc,,LoRA,5,1,0.6116393,1
Orthopoxvirus,prot_t5_xl_half_uniref50-enc,,LoRA,5,1,0.7925418,1
Orthopoxvirus,prot_t5_xl_half_uniref50-enc,,LoRA,5,1,0.67143035,1
Orthopoxvirus,prot_t5_xl_half_uniref50-enc,,LoRA,5,1,0.8550179,1
Orthopoxvirus,prot_t5_xl_half_uniref50-enc,,LoRA,5,1,0.71937454,1
Orthopoxvirus,prot_t5_xl_half_uniref50-enc,,LoRA,5,1,0.8391588,1
Orthopoxvirus,prot_t5_xl_half_uniref50-enc,,LoRA,5,1,0.79844403,1
Orthopoxvirus,prot_t5_xl_half_uniref50-enc,,LoRA,5,1,0.7879331,1
Orthopoxvirus,prot_t5_xl_half_uniref50-enc,,LoRA,5,1,0.5788714,1
Orthopoxvirus,prot_t5_xl_half_uniref50-enc,,LoRA,5,1,0.57029974,1
Orthopoxvirus,prot_t5_xl_half_uniref50-enc,,LoRA,5,1,0.85435903,1
Orthopoxvirus,prot_t5_xl_half_uniref50-enc,,LoRA,5,1,0.848882,1
Orthopoxvirus,prot_t5_xl_half_uniref50-enc,,LoRA,5,1,0.834697,1
Orthopoxvirus,prot_t5_xl_half_uniref50-enc,,LoRA,5,1,0.87578547,1
Orthopoxvirus,prot_t5_xl_half_uniref50-enc,,LoRA,5,1,0.74184114,1
Orthopoxvirus,prot_t5_xl_half_uniref50-enc,,LoRA,5,1,0.8181448,1
Orthopoxvirus,prot_t5_xl_half_uniref50-enc,,LoRA,5,1,0.63943,1
Orthopoxvirus,prot_t5_xl_half_uniref50-enc,,LoRA,5,1,0.82739156,1
Orthopoxvirus,prot_t5_xl_half_uniref50-enc,,LoRA,5,1,0.819923,1
Orthopoxvirus,prot_t5_xl_half_uniref50-enc,,LoRA,5,1,0.8937913,1
Orthopoxvirus,prot_t5_xl_half_uniref50-enc,,LoRA,5,1,0.9447777,1
Orthopoxvirus,prot_t5_xl_half_uniref50-enc,,LoRA,5,1,0.94554144,1
Orthopoxvirus,prot_t5_xl_half_uniref50-enc,,LoRA,5,1,0.91564494,1
Orthopoxvirus,prot_t5_xl_half_uniref50-enc,,LoRA,5,1,0.93552965,1
Orthopoxvirus,prot_t5_xl_half_uniref50-enc,,LoRA,5,1,0.9267213,1
Orthopoxvirus,prot_t5_xl_half_uniref50-enc,,LoRA,5,1,0.88305813,1
Orthopoxvirus,prot_t5_xl_half_uniref50-enc,,LoRA,5,1,0.9100653,1
Orthopoxvirus,prot_t5_xl_half_uniref50-enc,,LoRA,5,1,0.92476183,1
Orthopoxvirus,prot_t5_xl_half_uniref50-enc,,LoRA,5,1,0.90074193,1
Orthopoxvirus,prot_t5_xl_half_uniref50-enc,,LoRA,5,1,0.903407,1
Orthopoxvirus,prot_t5_xl_half_uniref50-enc,,LoRA,5,1,0.9388286,1
Orthopoxvirus,prot_t5_xl_half_uniref50-enc,,LoRA,5,1,0.86208,1
Orthopoxvirus,prot_t5_xl_half_uniref50-enc,,LoRA,5,1,0.8888022,1
Orthopoxvirus,prot_t5_xl_half_uniref50-enc,,LoRA,5,1,0.79692256,1
Orthopoxvirus,prot_t5_xl_half_uniref50-enc,,LoRA,5,1,0.91689676,1
Orthopoxvirus,prot_t5_xl_half_uniref50-enc,,LoRA,5,1,0.9121694,1
Orthopoxvirus,prot_t5_xl_half_uniref50-enc,,LoRA,5,1,0.9344134,1
Orthopoxvirus,prot_t5_xl_half_uniref50-enc,,LoRA,5,1,0.97451234,1
Orthopoxvirus,prot_t5_xl_half_uniref50-enc,,LoRA,5,1,0.96489954,1
Orthopoxvirus,prot_t5_xl_half_uniref50-enc,,LoRA,5,1,0.95647556,1
Orthopoxvirus,prot_t5_xl_half_uniref50-enc,,LoRA,5,1,0.9619569,1
Orthopoxvirus,prot_t5_xl_half_uniref50-enc,,LoRA,5,1,0.9666904,1
Orthopoxvirus,prot_t5_xl_half_uniref50-enc,,LoRA,5,1,0.94801205,1
Orthopoxvirus,prot_t5_xl_half_uniref50-enc,,LoRA,5,1,0.9506367,1
Orthopoxvirus,prot_t5_xl_half_uniref50-enc,,LoRA,5,1,0.5396438,1
Orthopoxvirus,prot_t5_xl_half_uniref50-enc,,LoRA,5,1,0.778164,1
Orthopoxvirus,prot_t5_xl_half_uniref50-enc,,LoRA,5,1,0.8242925,1
Orthopoxvirus,prot_t5_xl_half_uniref50-enc,,LoRA,5,1,0.79033166,1
Orthopoxvirus,prot_t5_xl_half_uniref50-enc,,LoRA,5,1,0.68484294,1
Orthopoxvirus,prot_t5_xl_half_uniref50-enc,,LoRA,5,1,0.8063882,1
Orthopoxvirus,prot_t5_xl_half_uniref50-enc,,LoRA,5,1,0.7527904,1
Orthopoxvirus,prot_t5_xl_half_uniref50-enc,,LoRA,5,1,0.8674122,1
Orthopoxvirus,prot_t5_xl_half_uniref50-enc,,LoRA,5,1,0.8599985,1
Orthopoxvirus,prot_t5_xl_half_uniref50-enc,,LoRA,5,1,0.76075727,1
Orthopoxvirus,prot_t5_xl_half_uniref50-enc,,LoRA,5,1,0.8036482,1
Orthopoxvirus,prot_t5_xl_half_uniref50-enc,,LoRA,5,1,0.92411083,1
Orthopoxvirus,prot_t5_xl_half_uniref50-enc,,LoRA,5,1,0.7905975,1
Orthopoxvirus,prot_t5_xl_half_uniref50-enc,,LoRA,5,1,0.8322589,1
Orthopoxvirus,prot_t5_xl_half_uniref50-enc,,LoRA,5,1,0.92868775,1
Orthopoxvirus,prot_t5_xl_half_uniref50-enc,,LoRA,5,1,0.89979315,1
Orthopoxvirus,prot_t5_xl_half_uniref50-enc,,LoRA,5,1,0.8381584,1
Orthopoxvirus,prot_t5_xl_half_uniref50-enc,,LoRA,5,1,0.84848577,1
Orthopoxvirus,prot_t5_xl_half_uniref50-enc,,LoRA,5,1,0.73696935,1
Orthopoxvirus,prot_t5_xl_half_uniref50-enc,,LoRA,5,1,0.8035127,1
Orthopoxvirus,prot_t5_xl_half_uniref50-enc,,LoRA,5,1,0.8382676,1
Orthopoxvirus,prot_t5_xl_half_uniref50-enc,,LoRA,5,1,0.82446676,1
Orthopoxvirus,prot_t5_xl_half_uniref50-enc,,LoRA,5,1,0.8212301,1
Orthopoxvirus,prot_t5_xl_half_uniref50-enc,,LoRA,5,1,0.7940436,1
Orthopoxvirus,prot_t5_xl_half_uniref50-enc,,LoRA,5,1,0.92838293,1
Orthopoxvirus,prot_t5_xl_half_uniref50-enc,,LoRA,5,1,0.76462734,1
Orthopoxvirus,prot_t5_xl_half_uniref50-enc,,LoRA,5,1,0.7512857,1
Orthopoxvirus,prot_t5_xl_half_uniref50-enc,,LoRA,5,0,0.8079932,1
Orthopoxvirus,prot_t5_xl_half_uniref50-enc,,LoRA,5,0,0.8386357,1
Orthopoxvirus,prot_t5_xl_half_uniref50-enc,,LoRA,5,0,0.91506875,1
Orthopoxvirus,prot_t5_xl_half_uniref50-enc,,LoRA,5,0,0.6040423,1
Orthopoxvirus,prot_t5_xl_half_uniref50-enc,,LoRA,5,0,0.5030594,1
Orthopoxvirus,prot_t5_xl_half_uniref50-enc,,LoRA,5,0,0.590274,1
Orthopoxvirus,prot_t5_xl_half_uniref50-enc,,LoRA,5,0,0.8855818,1
Orthopoxvirus,prot_t5_xl_half_uniref50-enc,,LoRA,5,0,0.7833909,1
Orthopoxvirus,prot_t5_xl_half_uniref50-enc,,LoRA,5,0,0.8053336,1
Orthopoxvirus,prot_t5_xl_half_uniref50-enc,,LoRA,5,0,0.48183545,0
Orthopoxvirus,prot_t5_xl_half_uniref50-enc,,LoRA,5,1,0.83482486,1
Orthopoxvirus,prot_t5_xl_half_uniref50-enc,,LoRA,5,1,0.8218966,1
Orthopoxvirus,prot_t5_xl_half_uniref50-enc,,LoRA,5,1,0.82431823,1
Orthopoxvirus,prot_t5_xl_half_uniref50-enc,,LoRA,5,1,0.8860464,1
Orthopoxvirus,prot_t5_xl_half_uniref50-enc,,LoRA,5,1,0.86914176,1
Orthopoxvirus,prot_t5_xl_half_uniref50-enc,,LoRA,5,1,0.6603168,1
Orthopoxvirus,prot_t5_xl_half_uniref50-enc,,LoRA,5,1,0.6485991,1
Orthopoxvirus,prot_t5_xl_half_uniref50-enc,,LoRA,5,1,0.72392535,1
Orthopoxvirus,prot_t5_xl_half_uniref50-enc,,LoRA,5,1,0.82467693,1
Orthopoxvirus,prot_t5_xl_half_uniref50-enc,,LoRA,5,1,0.96241814,1
Orthopoxvirus,prot_t5_xl_half_uniref50-enc,,LoRA,5,1,0.96438193,1
Orthopoxvirus,prot_t5_xl_half_uniref50-enc,,LoRA,5,1,0.9692337,1
Orthopoxvirus,prot_t5_xl_half_uniref50-enc,,LoRA,5,1,0.9814519,1
Orthopoxvirus,prot_t5_xl_half_uniref50-enc,,LoRA,5,1,0.978675,1
Orthopoxvirus,prot_t5_xl_half_uniref50-enc,,LoRA,5,1,0.97795427,1
Orthopoxvirus,prot_t5_xl_half_uniref50-enc,,LoRA,5,1,0.9743007,1
Orthopoxvirus,prot_t5_xl_half_uniref50-enc,,LoRA,5,1,0.96115345,1
Orthopoxvirus,prot_t5_xl_half_uniref50-enc,,LoRA,5,1,0.9436058,1
Orthopoxvirus,prot_t5_xl_half_uniref50-enc,,LoRA,5,1,0.9713259,1
Orthopoxvirus,prot_t5_xl_half_uniref50-enc,,LoRA,5,1,0.9348881,1
Orthopoxvirus,prot_t5_xl_half_uniref50-enc,,LoRA,5,1,0.9504778,1
Orthopoxvirus,prot_t5_xl_half_uniref50-enc,,LoRA,5,1,0.90204334,1
Orthopoxvirus,prot_t5_xl_half_uniref50-enc,,LoRA,5,1,0.91336745,1
Orthopoxvirus,prot_t5_xl_half_uniref50-enc,,LoRA,5,0,0.56271607,1
Orthopoxvirus,prot_t5_xl_half_uniref50-enc,,LoRA,5,0,0.7004519,1
Orthopoxvirus,prot_t5_xl_half_uniref50-enc,,LoRA,5,0,0.68795985,1
Orthopoxvirus,prot_t5_xl_half_uniref50-enc,,LoRA,5,0,0.5344788,1
Orthopoxvirus,prot_t5_xl_half_uniref50-enc,,LoRA,5,0,0.43212977,0
Orthopoxvirus,prot_t5_xl_half_uniref50-enc,,LoRA,5,0,0.4207195,0
Orthopoxvirus,prot_t5_xl_half_uniref50-enc,,LoRA,5,0,0.5912561,1
Orthopoxvirus,prot_t5_xl_half_uniref50-enc,,LoRA,5,0,0.5229161,1
Orthopoxvirus,prot_t5_xl_half_uniref50-enc,,LoRA,5,0,0.36468628,0
Orthopoxvirus,prot_t5_xl_half_uniref50-enc,,LoRA,5,0,0.25213873,0
Orthopoxvirus,prot_t5_xl_half_uniref50-enc,,LoRA,5,0,0.23709188,0
Orthopoxvirus,prot_t5_xl_half_uniref50-enc,,LoRA,5,0,0.23439401,0
Orthopoxvirus,prot_t5_xl_half_uniref50-enc,,LoRA,5,0,0.31101057,0
Orthopoxvirus,prot_t5_xl_half_uniref50-enc,,LoRA,5,0,0.30001935,0
Orthopoxvirus,prot_t5_xl_half_uniref50-enc,,LoRA,5,0,0.30028772,0
Orthopoxvirus,prot_t5_xl_half_uniref50-enc,,LoRA,5,1,0.9322246,1
Orthopoxvirus,prot_t5_xl_half_uniref50-enc,,LoRA,5,1,0.84138656,1
Orthopoxvirus,prot_t5_xl_half_uniref50-enc,,LoRA,5,1,0.83856755,1
Orthopoxvirus,prot_t5_xl_half_uniref50-enc,,LoRA,5,1,0.7768799,1
Orthopoxvirus,prot_t5_xl_half_uniref50-enc,,LoRA,5,1,0.7431853,1
Orthopoxvirus,prot_t5_xl_half_uniref50-enc,,LoRA,5,1,0.9368528,1
Orthopoxvirus,prot_t5_xl_half_uniref50-enc,,LoRA,5,1,0.9519517,1
Orthopoxvirus,prot_t5_xl_half_uniref50-enc,,LoRA,5,1,0.8495386,1
Orthopoxvirus,prot_t5_xl_half_uniref50-enc,,LoRA,5,1,0.85270715,1
Orthopoxvirus,prot_t5_xl_half_uniref50-enc,,LoRA,5,1,0.8358456,1
Orthopoxvirus,prot_t5_xl_half_uniref50-enc,,LoRA,5,1,0.9272018,1
Orthopoxvirus,prot_t5_xl_half_uniref50-enc,,LoRA,5,1,0.86244595,1
Orthopoxvirus,prot_t5_xl_half_uniref50-enc,,LoRA,5,1,0.72845095,1
Orthopoxvirus,prot_t5_xl_half_uniref50-enc,,LoRA,5,1,0.5227068,1
Orthopoxvirus,prot_t5_xl_half_uniref50-enc,,LoRA,5,1,0.4711785,0
Orthopoxvirus,prot_t5_xl_half_uniref50-enc,,LoRA,5,1,0.45408326,0
Orthopoxvirus,prot_t5_xl_half_uniref50-enc,,LoRA,5,1,0.4445243,0
Orthopoxvirus,prot_t5_xl_half_uniref50-enc,,LoRA,5,1,0.90692586,1
Orthopoxvirus,prot_t5_xl_half_uniref50-enc,,LoRA,5,1,0.83536947,1
Orthopoxvirus,prot_t5_xl_half_uniref50-enc,,LoRA,5,1,0.90524054,1
Orthopoxvirus,prot_t5_xl_half_uniref50-enc,,LoRA,5,1,0.89768195,1
Orthopoxvirus,prot_t5_xl_half_uniref50-enc,,LoRA,5,1,0.9146237,1
Orthopoxvirus,prot_t5_xl_half_uniref50-enc,,LoRA,5,1,0.9361134,1
Orthopoxvirus,prot_t5_xl_half_uniref50-enc,,LoRA,5,1,0.90403813,1
Orthopoxvirus,prot_t5_xl_half_uniref50-enc,,LoRA,5,1,0.9346216,1
Orthopoxvirus,prot_t5_xl_half_uniref50-enc,,LoRA,5,1,0.8552619,1
Orthopoxvirus,prot_t5_xl_half_uniref50-enc,,LoRA,5,1,0.9351329,1
Orthopoxvirus,prot_t5_xl_half_uniref50-enc,,LoRA,5,1,0.90360266,1
Orthopoxvirus,prot_t5_xl_half_uniref50-enc,,LoRA,5,1,0.91338885,1
Orthopoxvirus,prot_t5_xl_half_uniref50-enc,,LoRA,5,1,0.95941705,1
Orthopoxvirus,prot_t5_xl_half_uniref50-enc,,LoRA,5,1,0.8329107,1
Orthopoxvirus,prot_t5_xl_half_uniref50-enc,,LoRA,5,1,0.88391876,1
Orthopoxvirus,prot_t5_xl_half_uniref50-enc,,LoRA,5,1,0.9304513,1
Orthopoxvirus,prot_t5_xl_half_uniref50-enc,,LoRA,5,1,0.95132154,1
Orthopoxvirus,prot_t5_xl_half_uniref50-enc,,LoRA,5,1,0.92451733,1
Orthopoxvirus,prot_t5_xl_half_uniref50-enc,,LoRA,5,1,0.9158494,1
Orthopoxvirus,prot_t5_xl_half_uniref50-enc,,LoRA,5,1,0.93984014,1
Orthopoxvirus,prot_t5_xl_half_uniref50-enc,,LoRA,5,1,0.94021726,1
Orthopoxvirus,prot_t5_xl_half_uniref50-enc,,LoRA,5,1,0.91123015,1
Orthopoxvirus,prot_t5_xl_half_uniref50-enc,,LoRA,5,1,0.94291455,1
Orthopoxvirus,prot_t5_xl_half_uniref50-enc,,LoRA,5,1,0.96684754,1
Orthopoxvirus,prot_t5_xl_half_uniref50-enc,,LoRA,5,1,0.9387459,1
Orthopoxvirus,prot_t5_xl_half_uniref50-enc,,LoRA,5,1,0.96284115,1
Orthopoxvirus,prot_t5_xl_half_uniref50-enc,,LoRA,5,1,0.953221,1
Orthopoxvirus,prot_t5_xl_half_uniref50-enc,,LoRA,5,1,0.9533013,1
Orthopoxvirus,prot_t5_xl_half_uniref50-enc,,LoRA,5,1,0.96600294,1
Orthopoxvirus,prot_t5_xl_half_uniref50-enc,,LoRA,5,1,0.9761762,1
Orthopoxvirus,prot_t5_xl_half_uniref50-enc,,LoRA,5,1,0.9737125,1
Orthopoxvirus,prot_t5_xl_half_uniref50-enc,,LoRA,5,1,0.97095776,1
Orthopoxvirus,prot_t5_xl_half_uniref50-enc,,LoRA,5,1,0.8141677,1
Orthopoxvirus,prot_t5_xl_half_uniref50-enc,,LoRA,5,1,0.8838836,1
Orthopoxvirus,prot_t5_xl_half_uniref50-enc,,LoRA,5,1,0.81121075,1
Orthopoxvirus,prot_t5_xl_half_uniref50-enc,,LoRA,5,1,0.8072805,1
Orthopoxvirus,prot_t5_xl_half_uniref50-enc,,LoRA,5,1,0.8347597,1
Orthopoxvirus,prot_t5_xl_half_uniref50-enc,,LoRA,5,1,0.825548,1
Orthopoxvirus,prot_t5_xl_half_uniref50-enc,,LoRA,5,1,0.83110756,1
Orthopoxvirus,prot_t5_xl_half_uniref50-enc,,LoRA,5,1,0.775949,1
Orthopoxvirus,prot_t5_xl_half_uniref50-enc,,LoRA,5,1,0.683191,1
Orthopoxvirus,prot_t5_xl_half_uniref50-enc,,LoRA,5,1,0.52543783,1
Orthopoxvirus,prot_t5_xl_half_uniref50-enc,,LoRA,5,1,0.6326553,1
Orthopoxvirus,prot_t5_xl_half_uniref50-enc,,LoRA,5,1,0.7069346,1
Orthopoxvirus,prot_t5_xl_half_uniref50-enc,,LoRA,5,1,0.6811818,1
Orthopoxvirus,prot_t5_xl_half_uniref50-enc,,LoRA,5,1,0.7374266,1
Orthopoxvirus,prot_t5_xl_half_uniref50-enc,,LoRA,5,1,0.60427374,1
Orthopoxvirus,prot_t5_xl_half_uniref50-enc,,LoRA,5,1,0.42424905,0
Orthopoxvirus,prot_t5_xl_half_uniref50-enc,,LoRA,5,1,0.7277929,1
Orthopoxvirus,prot_t5_xl_half_uniref50-enc,,LoRA,5,1,0.52181387,1
Orthopoxvirus,prot_t5_xl_half_uniref50-enc,,LoRA,5,1,0.44325188,0
Orthopoxvirus,prot_t5_xl_half_uniref50-enc,,LoRA,5,1,0.576934,1
Orthopoxvirus,prot_t5_xl_half_uniref50-enc,,LoRA,5,1,0.6519224,1
Orthopoxvirus,prot_t5_xl_half_uniref50-enc,,LoRA,5,1,0.28234527,0
Orthopoxvirus,prot_t5_xl_half_uniref50-enc,,LoRA,5,1,0.5223099,1
Orthopoxvirus,prot_t5_xl_half_uniref50-enc,,LoRA,5,0,0.95807326,1
Orthopoxvirus,prot_t5_xl_half_uniref50-enc,,LoRA,5,0,0.9590181,1
Orthopoxvirus,prot_t5_xl_half_uniref50-enc,,LoRA,5,0,0.94534016,1
Orthopoxvirus,prot_t5_xl_half_uniref50-enc,,LoRA,5,0,0.96435577,1
Orthopoxvirus,prot_t5_xl_half_uniref50-enc,,LoRA,5,0,0.8596482,1
Orthopoxvirus,prot_t5_xl_half_uniref50-enc,,LoRA,5,0,0.9516911,1
Orthopoxvirus,prot_t5_xl_half_uniref50-enc,,LoRA,5,0,0.9370114,1
Orthopoxvirus,prot_t5_xl_half_uniref50-enc,,LoRA,5,0,0.96065044,1
Orthopoxvirus,prot_t5_xl_half_uniref50-enc,,LoRA,5,0,0.9509527,1
Orthopoxvirus,prot_t5_xl_half_uniref50-enc,,LoRA,5,0,0.9622378,1
Orthopoxvirus,prot_t5_xl_half_uniref50-enc,,LoRA,5,0,0.6487347,1
Orthopoxvirus,prot_t5_xl_half_uniref50-enc,,LoRA,5,0,0.5231468,1
Orthopoxvirus,prot_t5_xl_half_uniref50-enc,,LoRA,5,0,0.52382255,1
Orthopoxvirus,prot_t5_xl_half_uniref50-enc,,LoRA,5,0,0.54436344,1
Orthopoxvirus,prot_t5_xl_half_uniref50-enc,,LoRA,5,0,0.5043426,1
Orthopoxvirus,prot_t5_xl_half_uniref50-enc,,LoRA,5,0,0.61663556,1
Orthopoxvirus,prot_t5_xl_half_uniref50-enc,,LoRA,5,0,0.52189314,1
Orthopoxvirus,prot_t5_xl_half_uniref50-enc,,LoRA,5,0,0.4386581,0
Orthopoxvirus,prot_t5_xl_half_uniref50-enc,,LoRA,5,0,0.81515485,1
Orthopoxvirus,prot_t5_xl_half_uniref50-enc,,LoRA,5,0,0.6678071,1
Orthopoxvirus,prot_t5_xl_half_uniref50-enc,,base,1,1,0.4389375,0
Orthopoxvirus,prot_t5_xl_half_uniref50-enc,,base,1,1,0.43789345,0
Orthopoxvirus,prot_t5_xl_half_uniref50-enc,,base,1,1,0.43301976,0
Orthopoxvirus,prot_t5_xl_half_uniref50-enc,,base,1,1,0.37361568,0
Orthopoxvirus,prot_t5_xl_half_uniref50-enc,,base,1,1,0.40227258,0
Orthopoxvirus,prot_t5_xl_half_uniref50-enc,,base,1,1,0.47111043,0
Orthopoxvirus,prot_t5_xl_half_uniref50-enc,,base,1,1,0.5192451,1
Orthopoxvirus,prot_t5_xl_half_uniref50-enc,,base,1,1,0.5062816,1
Orthopoxvirus,prot_t5_xl_half_uniref50-enc,,base,1,1,0.40984896,0
Orthopoxvirus,prot_t5_xl_half_uniref50-enc,,base,1,1,0.47126764,0
Orthopoxvirus,prot_t5_xl_half_uniref50-enc,,base,1,1,0.52263445,1
Orthopoxvirus,prot_t5_xl_half_uniref50-enc,,base,1,1,0.46655226,0
Orthopoxvirus,prot_t5_xl_half_uniref50-enc,,base,1,1,0.45790735,0
Orthopoxvirus,prot_t5_xl_half_uniref50-enc,,base,1,1,0.56274176,1
Orthopoxvirus,prot_t5_xl_half_uniref50-enc,,base,1,1,0.53287405,1
Orthopoxvirus,prot_t5_xl_half_uniref50-enc,,base,1,1,0.54406947,1
Orthopoxvirus,prot_t5_xl_half_uniref50-enc,,base,1,1,0.5817957,1
Orthopoxvirus,prot_t5_xl_half_uniref50-enc,,base,1,1,0.5645763,1
Orthopoxvirus,prot_t5_xl_half_uniref50-enc,,base,1,1,0.560357,1
Orthopoxvirus,prot_t5_xl_half_uniref50-enc,,base,1,1,0.62819767,1
Orthopoxvirus,prot_t5_xl_half_uniref50-enc,,base,1,1,0.5540448,1
Orthopoxvirus,prot_t5_xl_half_uniref50-enc,,base,1,1,0.5524492,1
Orthopoxvirus,prot_t5_xl_half_uniref50-enc,,base,1,1,0.5978283,1
Orthopoxvirus,prot_t5_xl_half_uniref50-enc,,base,1,1,0.6598917,1
Orthopoxvirus,prot_t5_xl_half_uniref50-enc,,base,1,1,0.5769633,1
Orthopoxvirus,prot_t5_xl_half_uniref50-enc,,base,1,1,0.6212878,1
Orthopoxvirus,prot_t5_xl_half_uniref50-enc,,base,1,1,0.5338544,1
Orthopoxvirus,prot_t5_xl_half_uniref50-enc,,base,1,1,0.6112097,1
Orthopoxvirus,prot_t5_xl_half_uniref50-enc,,base,1,1,0.56502336,1
Orthopoxvirus,prot_t5_xl_half_uniref50-enc,,base,1,1,0.6250518,1
Orthopoxvirus,prot_t5_xl_half_uniref50-enc,,base,1,1,0.6593215,1
Orthopoxvirus,prot_t5_xl_half_uniref50-enc,,base,1,1,0.6896136,1
Orthopoxvirus,prot_t5_xl_half_uniref50-enc,,base,1,1,0.48986396,0
Orthopoxvirus,prot_t5_xl_half_uniref50-enc,,base,1,1,0.45091042,0
Orthopoxvirus,prot_t5_xl_half_uniref50-enc,,base,1,1,0.637998,1
Orthopoxvirus,prot_t5_xl_half_uniref50-enc,,base,1,1,0.68018335,1
Orthopoxvirus,prot_t5_xl_half_uniref50-enc,,base,1,1,0.5276774,1
Orthopoxvirus,prot_t5_xl_half_uniref50-enc,,base,1,1,0.51060534,1
Orthopoxvirus,prot_t5_xl_half_uniref50-enc,,base,1,1,0.5959154,1
Orthopoxvirus,prot_t5_xl_half_uniref50-enc,,base,1,1,0.6156353,1
Orthopoxvirus,prot_t5_xl_half_uniref50-enc,,base,1,1,0.6105799,1
Orthopoxvirus,prot_t5_xl_half_uniref50-enc,,base,1,1,0.6690846,1
Orthopoxvirus,prot_t5_xl_half_uniref50-enc,,base,1,1,0.60921353,1
Orthopoxvirus,prot_t5_xl_half_uniref50-enc,,base,1,1,0.6081765,1
Orthopoxvirus,prot_t5_xl_half_uniref50-enc,,base,1,1,0.6696268,1
Orthopoxvirus,prot_t5_xl_half_uniref50-enc,,base,1,1,0.94574887,1
Orthopoxvirus,prot_t5_xl_half_uniref50-enc,,base,1,1,0.88978034,1
Orthopoxvirus,prot_t5_xl_half_uniref50-enc,,base,1,1,0.81456965,1
Orthopoxvirus,prot_t5_xl_half_uniref50-enc,,base,1,1,0.9573373,1
Orthopoxvirus,prot_t5_xl_half_uniref50-enc,,base,1,1,0.95480126,1
Orthopoxvirus,prot_t5_xl_half_uniref50-enc,,base,1,1,0.9377198,1
Orthopoxvirus,prot_t5_xl_half_uniref50-enc,,base,1,1,0.9536693,1
Orthopoxvirus,prot_t5_xl_half_uniref50-enc,,base,1,1,0.9058748,1
Orthopoxvirus,prot_t5_xl_half_uniref50-enc,,base,1,1,0.9654993,1
Orthopoxvirus,prot_t5_xl_half_uniref50-enc,,base,1,1,0.96076053,1
Orthopoxvirus,prot_t5_xl_half_uniref50-enc,,base,1,1,0.9490462,1
Orthopoxvirus,prot_t5_xl_half_uniref50-enc,,base,1,1,0.85655725,1
Orthopoxvirus,prot_t5_xl_half_uniref50-enc,,base,1,1,0.5260152,1
Orthopoxvirus,prot_t5_xl_half_uniref50-enc,,base,1,1,0.57114947,1
Orthopoxvirus,prot_t5_xl_half_uniref50-enc,,base,1,1,0.65801966,1
Orthopoxvirus,prot_t5_xl_half_uniref50-enc,,base,1,1,0.63426894,1
Orthopoxvirus,prot_t5_xl_half_uniref50-enc,,base,1,1,0.64607626,1
Orthopoxvirus,prot_t5_xl_half_uniref50-enc,,base,1,1,0.59880453,1
Orthopoxvirus,prot_t5_xl_half_uniref50-enc,,base,1,1,0.55622673,1
Orthopoxvirus,prot_t5_xl_half_uniref50-enc,,base,1,1,0.860908,1
Orthopoxvirus,prot_t5_xl_half_uniref50-enc,,base,1,1,0.8493511,1
Orthopoxvirus,prot_t5_xl_half_uniref50-enc,,base,1,1,0.8107019,1
Orthopoxvirus,prot_t5_xl_half_uniref50-enc,,base,1,1,0.7597947,1
Orthopoxvirus,prot_t5_xl_half_uniref50-enc,,base,1,1,0.81502074,1
Orthopoxvirus,prot_t5_xl_half_uniref50-enc,,base,1,1,0.77466685,1
Orthopoxvirus,prot_t5_xl_half_uniref50-enc,,base,1,1,0.8731508,1
Orthopoxvirus,prot_t5_xl_half_uniref50-enc,,base,1,1,0.80813515,1
Orthopoxvirus,prot_t5_xl_half_uniref50-enc,,base,1,1,0.81131583,1
Orthopoxvirus,prot_t5_xl_half_uniref50-enc,,base,1,1,0.7522094,1
Orthopoxvirus,prot_t5_xl_half_uniref50-enc,,base,1,1,0.5589607,1
Orthopoxvirus,prot_t5_xl_half_uniref50-enc,,base,1,1,0.57789046,1
Orthopoxvirus,prot_t5_xl_half_uniref50-enc,,base,1,1,0.67733634,1
Orthopoxvirus,prot_t5_xl_half_uniref50-enc,,base,1,1,0.5270974,1
Orthopoxvirus,prot_t5_xl_half_uniref50-enc,,base,1,1,0.5264383,1
Orthopoxvirus,prot_t5_xl_half_uniref50-enc,,base,1,1,0.5596444,1
Orthopoxvirus,prot_t5_xl_half_uniref50-enc,,base,1,1,0.58151084,1
Orthopoxvirus,prot_t5_xl_half_uniref50-enc,,base,1,1,0.9004466,1
Orthopoxvirus,prot_t5_xl_half_uniref50-enc,,base,1,1,0.9127372,1
Orthopoxvirus,prot_t5_xl_half_uniref50-enc,,base,1,1,0.9247163,1
Orthopoxvirus,prot_t5_xl_half_uniref50-enc,,base,1,1,0.94080526,1
Orthopoxvirus,prot_t5_xl_half_uniref50-enc,,base,1,1,0.93803084,1
Orthopoxvirus,prot_t5_xl_half_uniref50-enc,,base,1,1,0.8146208,1
Orthopoxvirus,prot_t5_xl_half_uniref50-enc,,base,1,1,0.704204,1
Orthopoxvirus,prot_t5_xl_half_uniref50-enc,,base,1,1,0.8559378,1
Orthopoxvirus,prot_t5_xl_half_uniref50-enc,,base,1,1,0.8471921,1
Orthopoxvirus,prot_t5_xl_half_uniref50-enc,,base,1,1,0.9269639,1
Orthopoxvirus,prot_t5_xl_half_uniref50-enc,,base,1,1,0.90486795,1
Orthopoxvirus,prot_t5_xl_half_uniref50-enc,,base,1,1,0.84184295,1
Orthopoxvirus,prot_t5_xl_half_uniref50-enc,,base,1,1,0.6830603,1
Orthopoxvirus,prot_t5_xl_half_uniref50-enc,,base,1,1,0.73179454,1
Orthopoxvirus,prot_t5_xl_half_uniref50-enc,,base,1,1,0.9267304,1
Orthopoxvirus,prot_t5_xl_half_uniref50-enc,,base,1,1,0.93839073,1
Orthopoxvirus,prot_t5_xl_half_uniref50-enc,,base,1,1,0.77781636,1
Orthopoxvirus,prot_t5_xl_half_uniref50-enc,,base,1,1,0.9451516,1
Orthopoxvirus,prot_t5_xl_half_uniref50-enc,,base,1,1,0.8763565,1
Orthopoxvirus,prot_t5_xl_half_uniref50-enc,,base,1,1,0.79362315,1
Orthopoxvirus,prot_t5_xl_half_uniref50-enc,,base,1,1,0.8173683,1
Orthopoxvirus,prot_t5_xl_half_uniref50-enc,,base,1,1,0.92091286,1
Orthopoxvirus,prot_t5_xl_half_uniref50-enc,,base,1,1,0.9682389,1
Orthopoxvirus,prot_t5_xl_half_uniref50-enc,,base,1,1,0.9355114,1
Orthopoxvirus,prot_t5_xl_half_uniref50-enc,,base,1,1,0.8950427,1
Orthopoxvirus,prot_t5_xl_half_uniref50-enc,,base,1,1,0.7131763,1
Orthopoxvirus,prot_t5_xl_half_uniref50-enc,,base,1,1,0.8631482,1
Orthopoxvirus,prot_t5_xl_half_uniref50-enc,,base,1,1,0.87117946,1
Orthopoxvirus,prot_t5_xl_half_uniref50-enc,,base,1,1,0.6854032,1
Orthopoxvirus,prot_t5_xl_half_uniref50-enc,,base,1,1,0.88594216,1
Orthopoxvirus,prot_t5_xl_half_uniref50-enc,,base,1,1,0.63518476,1
Orthopoxvirus,prot_t5_xl_half_uniref50-enc,,base,1,1,0.79331493,1
Orthopoxvirus,prot_t5_xl_half_uniref50-enc,,base,1,1,0.8788169,1
Orthopoxvirus,prot_t5_xl_half_uniref50-enc,,base,1,1,0.8305923,1
Orthopoxvirus,prot_t5_xl_half_uniref50-enc,,base,1,1,0.83655524,1
Orthopoxvirus,prot_t5_xl_half_uniref50-enc,,base,1,1,0.8570531,1
Orthopoxvirus,prot_t5_xl_half_uniref50-enc,,base,1,1,0.85462284,1
Orthopoxvirus,prot_t5_xl_half_uniref50-enc,,base,1,1,0.7969039,1
Orthopoxvirus,prot_t5_xl_half_uniref50-enc,,base,1,1,0.845369,1
Orthopoxvirus,prot_t5_xl_half_uniref50-enc,,base,1,1,0.8564338,1
Orthopoxvirus,prot_t5_xl_half_uniref50-enc,,base,1,1,0.8655302,1
Orthopoxvirus,prot_t5_xl_half_uniref50-enc,,base,1,1,0.8083048,1
Orthopoxvirus,prot_t5_xl_half_uniref50-enc,,base,1,1,0.7880432,1
Orthopoxvirus,prot_t5_xl_half_uniref50-enc,,base,1,1,0.82576734,1
Orthopoxvirus,prot_t5_xl_half_uniref50-enc,,base,1,1,0.78809476,1
Orthopoxvirus,prot_t5_xl_half_uniref50-enc,,base,1,1,0.8116518,1
Orthopoxvirus,prot_t5_xl_half_uniref50-enc,,base,1,1,0.7719545,1
Orthopoxvirus,prot_t5_xl_half_uniref50-enc,,base,1,1,0.715876,1
Orthopoxvirus,prot_t5_xl_half_uniref50-enc,,base,1,1,0.8083828,1
Orthopoxvirus,prot_t5_xl_half_uniref50-enc,,base,1,1,0.79465324,1
Orthopoxvirus,prot_t5_xl_half_uniref50-enc,,base,1,1,0.87138706,1
Orthopoxvirus,prot_t5_xl_half_uniref50-enc,,base,1,1,0.82414454,1
Orthopoxvirus,prot_t5_xl_half_uniref50-enc,,base,1,1,0.78598166,1
Orthopoxvirus,prot_t5_xl_half_uniref50-enc,,base,1,1,0.7838831,1
Orthopoxvirus,prot_t5_xl_half_uniref50-enc,,base,1,1,0.9430147,1
Orthopoxvirus,prot_t5_xl_half_uniref50-enc,,base,1,1,0.69231194,1
Orthopoxvirus,prot_t5_xl_half_uniref50-enc,,base,1,1,0.72266793,1
Orthopoxvirus,prot_t5_xl_half_uniref50-enc,,base,1,1,0.77522653,1
Orthopoxvirus,prot_t5_xl_half_uniref50-enc,,base,1,1,0.63958454,1
Orthopoxvirus,prot_t5_xl_half_uniref50-enc,,base,1,1,0.72279865,1
Orthopoxvirus,prot_t5_xl_half_uniref50-enc,,base,1,1,0.534439,1
Orthopoxvirus,prot_t5_xl_half_uniref50-enc,,base,1,1,0.7632698,1
Orthopoxvirus,prot_t5_xl_half_uniref50-enc,,base,1,1,0.75748634,1
Orthopoxvirus,prot_t5_xl_half_uniref50-enc,,base,1,1,0.5219376,1
Orthopoxvirus,prot_t5_xl_half_uniref50-enc,,base,1,1,0.57176614,1
Orthopoxvirus,prot_t5_xl_half_uniref50-enc,,base,1,1,0.6576993,1
Orthopoxvirus,prot_t5_xl_half_uniref50-enc,,base,1,1,0.63250625,1
Orthopoxvirus,prot_t5_xl_half_uniref50-enc,,base,1,1,0.63340133,1
Orthopoxvirus,prot_t5_xl_half_uniref50-enc,,base,1,1,0.6510533,1
Orthopoxvirus,prot_t5_xl_half_uniref50-enc,,base,1,1,0.56713593,1
Orthopoxvirus,prot_t5_xl_half_uniref50-enc,,base,1,1,0.5902013,1
Orthopoxvirus,prot_t5_xl_half_uniref50-enc,,base,1,1,0.6391965,1
Orthopoxvirus,prot_t5_xl_half_uniref50-enc,,base,1,1,0.8176873,1
Orthopoxvirus,prot_t5_xl_half_uniref50-enc,,base,1,1,0.8503148,1
Orthopoxvirus,prot_t5_xl_half_uniref50-enc,,base,1,1,0.82857776,1
Orthopoxvirus,prot_t5_xl_half_uniref50-enc,,base,1,1,0.8488992,1
Orthopoxvirus,prot_t5_xl_half_uniref50-enc,,base,1,1,0.83669424,1
Orthopoxvirus,prot_t5_xl_half_uniref50-enc,,base,1,1,0.82246447,1
Orthopoxvirus,prot_t5_xl_half_uniref50-enc,,base,1,1,0.76757026,1
Orthopoxvirus,prot_t5_xl_half_uniref50-enc,,base,1,1,0.8240853,1
Orthopoxvirus,prot_t5_xl_half_uniref50-enc,,base,1,1,0.7885717,1
Orthopoxvirus,prot_t5_xl_half_uniref50-enc,,base,1,1,0.8930227,1
Orthopoxvirus,prot_t5_xl_half_uniref50-enc,,base,1,1,0.80955,1
Orthopoxvirus,prot_t5_xl_half_uniref50-enc,,base,1,1,0.70548034,1
Orthopoxvirus,prot_t5_xl_half_uniref50-enc,,base,1,1,0.6051545,1
Orthopoxvirus,prot_t5_xl_half_uniref50-enc,,base,1,1,0.6476867,1
Orthopoxvirus,prot_t5_xl_half_uniref50-enc,,base,1,1,0.54281074,1
Orthopoxvirus,prot_t5_xl_half_uniref50-enc,,base,1,1,0.5508715,1
Orthopoxvirus,prot_t5_xl_half_uniref50-enc,,base,1,1,0.5952899,1
Orthopoxvirus,prot_t5_xl_half_uniref50-enc,,base,1,1,0.5031204,1
Orthopoxvirus,prot_t5_xl_half_uniref50-enc,,base,1,1,0.48376632,0
Orthopoxvirus,prot_t5_xl_half_uniref50-enc,,base,1,1,0.49679962,0
Orthopoxvirus,prot_t5_xl_half_uniref50-enc,,base,1,1,0.5092911,1
Orthopoxvirus,prot_t5_xl_half_uniref50-enc,,base,1,1,0.48117796,0
Orthopoxvirus,prot_t5_xl_half_uniref50-enc,,base,1,1,0.52595997,1
Orthopoxvirus,prot_t5_xl_half_uniref50-enc,,base,1,1,0.5318217,1
Orthopoxvirus,prot_t5_xl_half_uniref50-enc,,base,1,1,0.4587815,0
Orthopoxvirus,prot_t5_xl_half_uniref50-enc,,base,1,1,0.6304363,1
Orthopoxvirus,prot_t5_xl_half_uniref50-enc,,base,1,1,0.6895791,1
Orthopoxvirus,prot_t5_xl_half_uniref50-enc,,base,1,1,0.5949018,1
Orthopoxvirus,prot_t5_xl_half_uniref50-enc,,base,1,1,0.797226,1
Orthopoxvirus,prot_t5_xl_half_uniref50-enc,,base,1,1,0.7164109,1
Orthopoxvirus,prot_t5_xl_half_uniref50-enc,,base,1,1,0.6853176,1
Orthopoxvirus,prot_t5_xl_half_uniref50-enc,,base,1,1,0.82666934,1
Orthopoxvirus,prot_t5_xl_half_uniref50-enc,,base,1,1,0.733552,1
Orthopoxvirus,prot_t5_xl_half_uniref50-enc,,base,1,1,0.6610308,1
Orthopoxvirus,prot_t5_xl_half_uniref50-enc,,base,1,1,0.56419796,1
Orthopoxvirus,prot_t5_xl_half_uniref50-enc,,base,1,1,0.6789908,1
Orthopoxvirus,prot_t5_xl_half_uniref50-enc,,base,1,1,0.77002573,1
Orthopoxvirus,prot_t5_xl_half_uniref50-enc,,base,1,1,0.76813316,1
Orthopoxvirus,prot_t5_xl_half_uniref50-enc,,base,1,1,0.75879747,1
Orthopoxvirus,prot_t5_xl_half_uniref50-enc,,base,1,1,0.8075169,1
Orthopoxvirus,prot_t5_xl_half_uniref50-enc,,base,1,1,0.87752557,1
Orthopoxvirus,prot_t5_xl_half_uniref50-enc,,base,1,1,0.7827703,1
Orthopoxvirus,prot_t5_xl_half_uniref50-enc,,base,1,1,0.85345304,1
Orthopoxvirus,prot_t5_xl_half_uniref50-enc,,base,1,1,0.8400063,1
Orthopoxvirus,prot_t5_xl_half_uniref50-enc,,base,1,1,0.78477937,1
Orthopoxvirus,prot_t5_xl_half_uniref50-enc,,base,1,1,0.86006856,1
Orthopoxvirus,prot_t5_xl_half_uniref50-enc,,base,1,1,0.80835915,1
Orthopoxvirus,prot_t5_xl_half_uniref50-enc,,base,1,1,0.8993005,1
Orthopoxvirus,prot_t5_xl_half_uniref50-enc,,base,1,1,0.8551506,1
Orthopoxvirus,prot_t5_xl_half_uniref50-enc,,base,1,1,0.71545523,1
Orthopoxvirus,prot_t5_xl_half_uniref50-enc,,base,1,1,0.7642109,1
Orthopoxvirus,prot_t5_xl_half_uniref50-enc,,base,1,1,0.85327315,1
Orthopoxvirus,prot_t5_xl_half_uniref50-enc,,base,1,1,0.77391404,1
Orthopoxvirus,prot_t5_xl_half_uniref50-enc,,base,1,1,0.6944795,1
Orthopoxvirus,prot_t5_xl_half_uniref50-enc,,base,1,1,0.6642864,1
Orthopoxvirus,prot_t5_xl_half_uniref50-enc,,base,1,1,0.7329921,1
Orthopoxvirus,prot_t5_xl_half_uniref50-enc,,base,1,1,0.72142136,1
Orthopoxvirus,prot_t5_xl_half_uniref50-enc,,base,1,1,0.7115967,1
Orthopoxvirus,prot_t5_xl_half_uniref50-enc,,base,1,1,0.764771,1
Orthopoxvirus,prot_t5_xl_half_uniref50-enc,,base,1,1,0.80594116,1
Orthopoxvirus,prot_t5_xl_half_uniref50-enc,,base,1,1,0.7552273,1
Orthopoxvirus,prot_t5_xl_half_uniref50-enc,,base,1,1,0.809686,1
Orthopoxvirus,prot_t5_xl_half_uniref50-enc,,base,1,1,0.7824947,1
Orthopoxvirus,prot_t5_xl_half_uniref50-enc,,base,1,1,0.7900382,1
Orthopoxvirus,prot_t5_xl_half_uniref50-enc,,base,1,1,0.81206495,1
Orthopoxvirus,prot_t5_xl_half_uniref50-enc,,base,1,1,0.72683,1
Orthopoxvirus,prot_t5_xl_half_uniref50-enc,,base,1,1,0.7939729,1
Orthopoxvirus,prot_t5_xl_half_uniref50-enc,,base,1,0,0.6566857,1
Orthopoxvirus,prot_t5_xl_half_uniref50-enc,,base,1,0,0.39642048,0
Orthopoxvirus,prot_t5_xl_half_uniref50-enc,,base,1,0,0.5683504,1
Orthopoxvirus,prot_t5_xl_half_uniref50-enc,,base,1,0,0.47712272,0
Orthopoxvirus,prot_t5_xl_half_uniref50-enc,,base,1,0,0.35938352,0
Orthopoxvirus,prot_t5_xl_half_uniref50-enc,,base,1,0,0.41620803,0
Orthopoxvirus,prot_t5_xl_half_uniref50-enc,,base,1,0,0.5369576,1
Orthopoxvirus,prot_t5_xl_half_uniref50-enc,,base,1,0,0.6123253,1
Orthopoxvirus,prot_t5_xl_half_uniref50-enc,,base,1,0,0.50491345,1
Orthopoxvirus,prot_t5_xl_half_uniref50-enc,,base,1,0,0.42258382,0
Orthopoxvirus,prot_t5_xl_half_uniref50-enc,,base,1,0,0.5456171,1
Orthopoxvirus,prot_t5_xl_half_uniref50-enc,,base,1,0,0.5147265,1
Orthopoxvirus,prot_t5_xl_half_uniref50-enc,,base,1,0,0.56462604,1
Orthopoxvirus,prot_t5_xl_half_uniref50-enc,,base,1,0,0.49298048,0
Orthopoxvirus,prot_t5_xl_half_uniref50-enc,,base,1,0,0.7418865,1
Orthopoxvirus,prot_t5_xl_half_uniref50-enc,,base,1,1,0.69665694,1
Orthopoxvirus,prot_t5_xl_half_uniref50-enc,,base,1,1,0.3918824,0
Orthopoxvirus,prot_t5_xl_half_uniref50-enc,,base,1,1,0.5312306,1
Orthopoxvirus,prot_t5_xl_half_uniref50-enc,,base,1,1,0.46365732,0
Orthopoxvirus,prot_t5_xl_half_uniref50-enc,,base,1,1,0.43498853,0
Orthopoxvirus,prot_t5_xl_half_uniref50-enc,,base,1,1,0.52922964,1
Orthopoxvirus,prot_t5_xl_half_uniref50-enc,,base,1,1,0.34488457,0
Orthopoxvirus,prot_t5_xl_half_uniref50-enc,,base,1,1,0.5180527,1
Orthopoxvirus,prot_t5_xl_half_uniref50-enc,,base,1,1,0.3708161,0
Orthopoxvirus,prot_t5_xl_half_uniref50-enc,,base,1,1,0.4244394,0
Orthopoxvirus,prot_t5_xl_half_uniref50-enc,,base,1,1,0.48362845,0
Orthopoxvirus,prot_t5_xl_half_uniref50-enc,,base,1,1,0.43652424,0
Orthopoxvirus,prot_t5_xl_half_uniref50-enc,,base,1,1,0.30211532,0
Orthopoxvirus,prot_t5_xl_half_uniref50-enc,,base,1,1,0.3229369,0
Orthopoxvirus,prot_t5_xl_half_uniref50-enc,,base,1,1,0.43318075,0
Orthopoxvirus,prot_t5_xl_half_uniref50-enc,,base,1,0,0.33629173,0
Orthopoxvirus,prot_t5_xl_half_uniref50-enc,,base,1,0,0.21737106,0
Orthopoxvirus,prot_t5_xl_half_uniref50-enc,,base,1,0,0.32063907,0
Orthopoxvirus,prot_t5_xl_half_uniref50-enc,,base,1,0,0.25872397,0
Orthopoxvirus,prot_t5_xl_half_uniref50-enc,,base,1,0,0.3440376,0
Orthopoxvirus,prot_t5_xl_half_uniref50-enc,,base,1,0,0.21676025,0
Orthopoxvirus,prot_t5_xl_half_uniref50-enc,,base,1,0,0.27758178,0
Orthopoxvirus,prot_t5_xl_half_uniref50-enc,,base,1,0,0.27899936,0
Orthopoxvirus,prot_t5_xl_half_uniref50-enc,,base,1,0,0.2701722,0
Orthopoxvirus,prot_t5_xl_half_uniref50-enc,,base,1,0,0.2532468,0
Orthopoxvirus,prot_t5_xl_half_uniref50-enc,,base,1,0,0.5786218,1
Orthopoxvirus,prot_t5_xl_half_uniref50-enc,,base,1,0,0.25948948,0
Orthopoxvirus,prot_t5_xl_half_uniref50-enc,,base,1,0,0.39804962,0
Orthopoxvirus,prot_t5_xl_half_uniref50-enc,,base,1,0,0.23958515,0
Orthopoxvirus,prot_t5_xl_half_uniref50-enc,,base,1,0,0.35771215,0
Orthopoxvirus,prot_t5_xl_half_uniref50-enc,,base,1,0,0.41598487,0
Orthopoxvirus,prot_t5_xl_half_uniref50-enc,,base,1,0,0.4430903,0
Orthopoxvirus,prot_t5_xl_half_uniref50-enc,,base,1,0,0.22682671,0
Orthopoxvirus,prot_t5_xl_half_uniref50-enc,,base,1,0,0.20262119,0
Orthopoxvirus,prot_t5_xl_half_uniref50-enc,,base,1,0,0.35761857,0
Orthopoxvirus,prot_t5_xl_half_uniref50-enc,,base,1,0,0.19773598,0
Orthopoxvirus,prot_t5_xl_half_uniref50-enc,,base,1,0,0.2983968,0
Orthopoxvirus,prot_t5_xl_half_uniref50-enc,,base,1,0,0.19833353,0
Orthopoxvirus,prot_t5_xl_half_uniref50-enc,,base,1,0,0.33759972,0
Orthopoxvirus,prot_t5_xl_half_uniref50-enc,,base,1,0,0.26052204,0
Orthopoxvirus,prot_t5_xl_half_uniref50-enc,,base,1,1,0.22318903,0
Orthopoxvirus,prot_t5_xl_half_uniref50-enc,,base,1,1,0.3286336,0
Orthopoxvirus,prot_t5_xl_half_uniref50-enc,,base,1,1,0.33885223,0
Orthopoxvirus,prot_t5_xl_half_uniref50-enc,,base,1,1,0.40528616,0
Orthopoxvirus,prot_t5_xl_half_uniref50-enc,,base,1,1,0.47620624,0
Orthopoxvirus,prot_t5_xl_half_uniref50-enc,,base,1,0,0.7136133,1
Orthopoxvirus,prot_t5_xl_half_uniref50-enc,,base,1,0,0.52115667,1
Orthopoxvirus,prot_t5_xl_half_uniref50-enc,,base,1,0,0.5138097,1
Orthopoxvirus,prot_t5_xl_half_uniref50-enc,,base,1,0,0.5018051,1
Orthopoxvirus,prot_t5_xl_half_uniref50-enc,,base,1,0,0.3516015,0
Orthopoxvirus,prot_t5_xl_half_uniref50-enc,,base,1,0,0.43308556,0
Orthopoxvirus,prot_t5_xl_half_uniref50-enc,,base,1,0,0.6067258,1
Orthopoxvirus,prot_t5_xl_half_uniref50-enc,,base,1,0,0.4635708,0
Orthopoxvirus,prot_t5_xl_half_uniref50-enc,,base,1,0,0.5692948,1
Orthopoxvirus,prot_t5_xl_half_uniref50-enc,,base,1,0,0.5498707,1
Orthopoxvirus,prot_t5_xl_half_uniref50-enc,,base,1,0,0.5130744,1
Orthopoxvirus,prot_t5_xl_half_uniref50-enc,,base,1,0,0.4131436,0
Orthopoxvirus,prot_t5_xl_half_uniref50-enc,,base,1,0,0.31211752,0
Orthopoxvirus,prot_t5_xl_half_uniref50-enc,,base,1,0,0.27797985,0
Orthopoxvirus,prot_t5_xl_half_uniref50-enc,,base,1,0,0.46531007,0
Orthopoxvirus,prot_t5_xl_half_uniref50-enc,,base,1,1,0.4963516,0
Orthopoxvirus,prot_t5_xl_half_uniref50-enc,,base,1,1,0.46264884,0
Orthopoxvirus,prot_t5_xl_half_uniref50-enc,,base,1,1,0.4845499,0
Orthopoxvirus,prot_t5_xl_half_uniref50-enc,,base,1,1,0.5177986,1
Orthopoxvirus,prot_t5_xl_half_uniref50-enc,,base,1,1,0.47328576,0
Orthopoxvirus,prot_t5_xl_half_uniref50-enc,,base,1,0,0.4015643,0
Orthopoxvirus,prot_t5_xl_half_uniref50-enc,,base,1,0,0.46109113,0
Orthopoxvirus,prot_t5_xl_half_uniref50-enc,,base,1,0,0.44359067,0
Orthopoxvirus,prot_t5_xl_half_uniref50-enc,,base,1,0,0.33307496,0
Orthopoxvirus,prot_t5_xl_half_uniref50-enc,,base,1,0,0.34661666,0
Orthopoxvirus,prot_t5_xl_half_uniref50-enc,,base,1,0,0.24184537,0
Orthopoxvirus,prot_t5_xl_half_uniref50-enc,,base,1,0,0.24274552,0
Orthopoxvirus,prot_t5_xl_half_uniref50-enc,,base,1,0,0.2481022,0
Orthopoxvirus,prot_t5_xl_half_uniref50-enc,,base,1,0,0.22888383,0
Orthopoxvirus,prot_t5_xl_half_uniref50-enc,,base,1,0,0.27329516,0
Orthopoxvirus,prot_t5_xl_half_uniref50-enc,,base,1,0,0.500664,1
Orthopoxvirus,prot_t5_xl_half_uniref50-enc,,base,1,0,0.30210853,0
Orthopoxvirus,prot_t5_xl_half_uniref50-enc,,base,1,0,0.323438,0
Orthopoxvirus,prot_t5_xl_half_uniref50-enc,,base,1,0,0.20017312,0
Orthopoxvirus,prot_t5_xl_half_uniref50-enc,,base,1,0,0.27942932,0
Orthopoxvirus,prot_t5_xl_half_uniref50-enc,,base,1,0,0.31601003,0
Orthopoxvirus,prot_t5_xl_half_uniref50-enc,,base,1,0,0.39841908,0
Orthopoxvirus,prot_t5_xl_half_uniref50-enc,,base,1,0,0.40631804,0
Orthopoxvirus,prot_t5_xl_half_uniref50-enc,,base,1,0,0.37676013,0
Orthopoxvirus,prot_t5_xl_half_uniref50-enc,,base,1,0,0.44266996,0
Orthopoxvirus,prot_t5_xl_half_uniref50-enc,,base,1,0,0.5212808,1
Orthopoxvirus,prot_t5_xl_half_uniref50-enc,,base,1,0,0.39348242,0
Orthopoxvirus,prot_t5_xl_half_uniref50-enc,,base,1,0,0.42745346,0
Orthopoxvirus,prot_t5_xl_half_uniref50-enc,,base,1,0,0.40957075,0
Orthopoxvirus,prot_t5_xl_half_uniref50-enc,,base,1,0,0.3297136,0
Orthopoxvirus,prot_t5_xl_half_uniref50-enc,,base,1,0,0.44050792,0
Orthopoxvirus,prot_t5_xl_half_uniref50-enc,,base,1,0,0.3600017,0
Orthopoxvirus,prot_t5_xl_half_uniref50-enc,,base,1,0,0.41416994,0
Orthopoxvirus,prot_t5_xl_half_uniref50-enc,,base,1,0,0.2768972,0
Orthopoxvirus,prot_t5_xl_half_uniref50-enc,,base,1,0,0.27861136,0
Orthopoxvirus,prot_t5_xl_half_uniref50-enc,,base,1,0,0.3226563,0
Orthopoxvirus,prot_t5_xl_half_uniref50-enc,,base,1,0,0.2458758,0
Orthopoxvirus,prot_t5_xl_half_uniref50-enc,,base,1,0,0.21115567,0
Orthopoxvirus,prot_t5_xl_half_uniref50-enc,,base,1,0,0.2935561,0
Orthopoxvirus,prot_t5_xl_half_uniref50-enc,,base,1,0,0.3241798,0
Orthopoxvirus,prot_t5_xl_half_uniref50-enc,,base,1,1,0.9342435,1
Orthopoxvirus,prot_t5_xl_half_uniref50-enc,,base,1,1,0.97302455,1
Orthopoxvirus,prot_t5_xl_half_uniref50-enc,,base,1,1,0.94863355,1
Orthopoxvirus,prot_t5_xl_half_uniref50-enc,,base,1,1,0.96811676,1
Orthopoxvirus,prot_t5_xl_half_uniref50-enc,,base,1,1,0.9635237,1
Orthopoxvirus,prot_t5_xl_half_uniref50-enc,,base,1,1,0.9588005,1
Orthopoxvirus,prot_t5_xl_half_uniref50-enc,,base,1,1,0.92317206,1
Orthopoxvirus,prot_t5_xl_half_uniref50-enc,,base,1,1,0.96220744,1
Orthopoxvirus,prot_t5_xl_half_uniref50-enc,,base,1,1,0.9823998,1
Orthopoxvirus,prot_t5_xl_half_uniref50-enc,,base,1,1,0.59018946,1
Orthopoxvirus,prot_t5_xl_half_uniref50-enc,,base,1,1,0.6392769,1
Orthopoxvirus,prot_t5_xl_half_uniref50-enc,,base,1,1,0.81769675,1
Orthopoxvirus,prot_t5_xl_half_uniref50-enc,,base,1,1,0.85031265,1
Orthopoxvirus,prot_t5_xl_half_uniref50-enc,,base,1,1,0.8286035,1
Orthopoxvirus,prot_t5_xl_half_uniref50-enc,,base,1,1,0.84889114,1
Orthopoxvirus,prot_t5_xl_half_uniref50-enc,,base,1,1,0.83667815,1
Orthopoxvirus,prot_t5_xl_half_uniref50-enc,,base,1,1,0.8225052,1
Orthopoxvirus,prot_t5_xl_half_uniref50-enc,,base,1,1,0.76756424,1
Orthopoxvirus,prot_t5_xl_half_uniref50-enc,,base,1,1,0.8240867,1
Orthopoxvirus,prot_t5_xl_half_uniref50-enc,,base,1,1,0.7885781,1
Orthopoxvirus,prot_t5_xl_half_uniref50-enc,,base,1,1,0.89300615,1
Orthopoxvirus,prot_t5_xl_half_uniref50-enc,,base,1,1,0.8095139,1
Orthopoxvirus,prot_t5_xl_half_uniref50-enc,,base,1,1,0.8531875,1
Orthopoxvirus,prot_t5_xl_half_uniref50-enc,,base,1,1,0.7418274,1
Orthopoxvirus,prot_t5_xl_half_uniref50-enc,,base,1,1,0.80943006,1
Orthopoxvirus,prot_t5_xl_half_uniref50-enc,,base,1,1,0.78241605,1
Orthopoxvirus,prot_t5_xl_half_uniref50-enc,,base,1,1,0.7299484,1
Orthopoxvirus,prot_t5_xl_half_uniref50-enc,,base,1,1,0.80695796,1
Orthopoxvirus,prot_t5_xl_half_uniref50-enc,,base,1,1,0.666433,1
Orthopoxvirus,prot_t5_xl_half_uniref50-enc,,base,1,1,0.547573,1
Orthopoxvirus,prot_t5_xl_half_uniref50-enc,,base,1,1,0.6426422,1
Orthopoxvirus,prot_t5_xl_half_uniref50-enc,,base,1,1,0.5709355,1
Orthopoxvirus,prot_t5_xl_half_uniref50-enc,,base,1,1,0.7335506,1
Orthopoxvirus,prot_t5_xl_half_uniref50-enc,,base,1,1,0.66103053,1
Orthopoxvirus,prot_t5_xl_half_uniref50-enc,,base,1,1,0.56416196,1
Orthopoxvirus,prot_t5_xl_half_uniref50-enc,,base,1,1,0.6789551,1
Orthopoxvirus,prot_t5_xl_half_uniref50-enc,,base,1,1,0.77001923,1
Orthopoxvirus,prot_t5_xl_half_uniref50-enc,,base,1,1,0.768148,1
Orthopoxvirus,prot_t5_xl_half_uniref50-enc,,base,1,1,0.7587482,1
Orthopoxvirus,prot_t5_xl_half_uniref50-enc,,base,1,1,0.8074786,1
Orthopoxvirus,prot_t5_xl_half_uniref50-enc,,base,1,1,0.87753683,1
Orthopoxvirus,prot_t5_xl_half_uniref50-enc,,base,1,1,0.78475773,1
Orthopoxvirus,prot_t5_xl_half_uniref50-enc,,base,1,1,0.8600546,1
Orthopoxvirus,prot_t5_xl_half_uniref50-enc,,base,1,1,0.80834705,1
Orthopoxvirus,prot_t5_xl_half_uniref50-enc,,base,1,1,0.8992799,1
Orthopoxvirus,prot_t5_xl_half_uniref50-enc,,base,1,1,0.8552153,1
Orthopoxvirus,prot_t5_xl_half_uniref50-enc,,base,1,1,0.71545935,1
Orthopoxvirus,prot_t5_xl_half_uniref50-enc,,base,1,1,0.7641461,1
Orthopoxvirus,prot_t5_xl_half_uniref50-enc,,base,1,1,0.8533045,1
Orthopoxvirus,prot_t5_xl_half_uniref50-enc,,base,1,1,0.77389616,1
Orthopoxvirus,prot_t5_xl_half_uniref50-enc,,base,1,1,0.6944384,1
Orthopoxvirus,prot_t5_xl_half_uniref50-enc,,base,1,1,0.66429913,1
Orthopoxvirus,prot_t5_xl_half_uniref50-enc,,base,1,1,0.59018946,1
Orthopoxvirus,prot_t5_xl_half_uniref50-enc,,base,1,1,0.6392769,1
Orthopoxvirus,prot_t5_xl_half_uniref50-enc,,base,1,1,0.81769675,1
Orthopoxvirus,prot_t5_xl_half_uniref50-enc,,base,1,1,0.85031265,1
Orthopoxvirus,prot_t5_xl_half_uniref50-enc,,base,1,1,0.8286035,1
Orthopoxvirus,prot_t5_xl_half_uniref50-enc,,base,1,1,0.84889114,1
Orthopoxvirus,prot_t5_xl_half_uniref50-enc,,base,1,1,0.83667815,1
Orthopoxvirus,prot_t5_xl_half_uniref50-enc,,base,1,1,0.8225052,1
Orthopoxvirus,prot_t5_xl_half_uniref50-enc,,base,1,1,0.76756424,1
Orthopoxvirus,prot_t5_xl_half_uniref50-enc,,base,1,1,0.8240867,1
Orthopoxvirus,prot_t5_xl_half_uniref50-enc,,base,1,1,0.7885781,1
Orthopoxvirus,prot_t5_xl_half_uniref50-enc,,base,1,1,0.89300615,1
Orthopoxvirus,prot_t5_xl_half_uniref50-enc,,base,1,1,0.8095139,1
Orthopoxvirus,prot_t5_xl_half_uniref50-enc,,base,1,1,0.8531875,1
Orthopoxvirus,prot_t5_xl_half_uniref50-enc,,base,1,1,0.7418274,1
Orthopoxvirus,prot_t5_xl_half_uniref50-enc,,base,1,1,0.80943006,1
Orthopoxvirus,prot_t5_xl_half_uniref50-enc,,base,1,0,0.78241605,1
Orthopoxvirus,prot_t5_xl_half_uniref50-enc,,base,1,0,0.7299484,1
Orthopoxvirus,prot_t5_xl_half_uniref50-enc,,base,1,0,0.80695796,1
Orthopoxvirus,prot_t5_xl_half_uniref50-enc,,base,1,0,0.666433,1
Orthopoxvirus,prot_t5_xl_half_uniref50-enc,,base,1,0,0.704144,1
Orthopoxvirus,prot_t5_xl_half_uniref50-enc,,base,1,0,0.67230344,1
Orthopoxvirus,prot_t5_xl_half_uniref50-enc,,base,1,0,0.5434902,1
Orthopoxvirus,prot_t5_xl_half_uniref50-enc,,base,1,0,0.53854525,1
Orthopoxvirus,prot_t5_xl_half_uniref50-enc,,base,1,0,0.80505514,1
Orthopoxvirus,prot_t5_xl_half_uniref50-enc,,base,1,0,0.7054971,1
Orthopoxvirus,prot_t5_xl_half_uniref50-enc,,base,1,0,0.60512185,1
Orthopoxvirus,prot_t5_xl_half_uniref50-enc,,base,1,0,0.64766294,1
Orthopoxvirus,prot_t5_xl_half_uniref50-enc,,base,1,0,0.5428673,1
Orthopoxvirus,prot_t5_xl_half_uniref50-enc,,base,1,0,0.55089486,1
Orthopoxvirus,prot_t5_xl_half_uniref50-enc,,base,1,0,0.59533095,1
Orthopoxvirus,prot_t5_xl_half_uniref50-enc,,base,1,0,0.5030976,1
Orthopoxvirus,prot_t5_xl_half_uniref50-enc,,base,1,0,0.48370987,0
Orthopoxvirus,prot_t5_xl_half_uniref50-enc,,base,1,0,0.49677056,0
Orthopoxvirus,prot_t5_xl_half_uniref50-enc,,base,1,0,0.50932485,1
Orthopoxvirus,prot_t5_xl_half_uniref50-enc,,base,1,0,0.4811825,0
Orthopoxvirus,prot_t5_xl_half_uniref50-enc,,base,1,0,0.5259275,1
Orthopoxvirus,prot_t5_xl_half_uniref50-enc,,base,1,0,0.53188574,1
Orthopoxvirus,prot_t5_xl_half_uniref50-enc,,base,1,0,0.45872995,0
Orthopoxvirus,prot_t5_xl_half_uniref50-enc,,base,1,0,0.63040566,1
Orthopoxvirus,prot_t5_xl_half_uniref50-enc,,base,1,0,0.68946594,1
Orthopoxvirus,prot_t5_xl_half_uniref50-enc,,base,1,0,0.59492296,1
Orthopoxvirus,prot_t5_xl_half_uniref50-enc,,base,1,0,0.7971971,1
Orthopoxvirus,prot_t5_xl_half_uniref50-enc,,base,1,0,0.71649504,1
Orthopoxvirus,prot_t5_xl_half_uniref50-enc,,base,1,0,0.6852654,1
Orthopoxvirus,prot_t5_xl_half_uniref50-enc,,base,1,0,0.82669085,1
Orthopoxvirus,prot_t5_xl_half_uniref50-enc,,base,1,0,0.7172183,1
Orthopoxvirus,prot_t5_xl_half_uniref50-enc,,base,1,0,0.4417603,0
Orthopoxvirus,prot_t5_xl_half_uniref50-enc,,base,1,0,0.46483004,0
Orthopoxvirus,prot_t5_xl_half_uniref50-enc,,base,1,0,0.42853925,0
Orthopoxvirus,prot_t5_xl_half_uniref50-enc,,base,1,0,0.464416,0
Orthopoxvirus,prot_t5_xl_half_uniref50-enc,,base,1,0,0.4172396,0
Orthopoxvirus,prot_t5_xl_half_uniref50-enc,,base,1,0,0.43479216,0
Orthopoxvirus,prot_t5_xl_half_uniref50-enc,,base,1,0,0.39827558,0
Orthopoxvirus,prot_t5_xl_half_uniref50-enc,,base,1,1,0.7705722,1
Orthopoxvirus,prot_t5_xl_half_uniref50-enc,,base,1,1,0.814684,1
Orthopoxvirus,prot_t5_xl_half_uniref50-enc,,base,1,1,0.7867547,1
Orthopoxvirus,prot_t5_xl_half_uniref50-enc,,base,1,1,0.76044965,1
Orthopoxvirus,prot_t5_xl_half_uniref50-enc,,base,1,1,0.69837165,1
Orthopoxvirus,prot_t5_xl_half_uniref50-enc,,base,1,1,0.8253391,1
Orthopoxvirus,prot_t5_xl_half_uniref50-enc,,base,1,1,0.85471135,1
Orthopoxvirus,prot_t5_xl_half_uniref50-enc,,base,1,1,0.8446173,1
Orthopoxvirus,prot_t5_xl_half_uniref50-enc,,base,1,1,0.7539165,1
Orthopoxvirus,prot_t5_xl_half_uniref50-enc,,base,1,1,0.6014734,1
Orthopoxvirus,prot_t5_xl_half_uniref50-enc,,base,1,1,0.59654707,1
Orthopoxvirus,prot_t5_xl_half_uniref50-enc,,base,1,1,0.6772396,1
Orthopoxvirus,prot_t5_xl_half_uniref50-enc,,base,1,1,0.67567676,1
Orthopoxvirus,prot_t5_xl_half_uniref50-enc,,base,1,1,0.71520215,1
Orthopoxvirus,prot_t5_xl_half_uniref50-enc,,base,1,1,0.65496373,1
Orthopoxvirus,prot_t5_xl_half_uniref50-enc,,base,1,1,0.69714105,1
Orthopoxvirus,prot_t5_xl_half_uniref50-enc,,base,1,1,0.6309361,1
Orthopoxvirus,prot_t5_xl_half_uniref50-enc,,base,1,1,0.64350945,1
Orthopoxvirus,prot_t5_xl_half_uniref50-enc,,base,1,1,0.62653387,1
Orthopoxvirus,prot_t5_xl_half_uniref50-enc,,base,1,1,0.65448177,1
Orthopoxvirus,prot_t5_xl_half_uniref50-enc,,base,1,1,0.6640901,1
Orthopoxvirus,prot_t5_xl_half_uniref50-enc,,base,1,1,0.64695776,1
Orthopoxvirus,prot_t5_xl_half_uniref50-enc,,base,1,1,0.59952337,1
Orthopoxvirus,prot_t5_xl_half_uniref50-enc,,base,1,1,0.7150692,1
Orthopoxvirus,prot_t5_xl_half_uniref50-enc,,base,1,1,0.5500277,1
Orthopoxvirus,prot_t5_xl_half_uniref50-enc,,base,1,1,0.70551693,1
Orthopoxvirus,prot_t5_xl_half_uniref50-enc,,base,1,1,0.57697976,1
Orthopoxvirus,prot_t5_xl_half_uniref50-enc,,base,1,1,0.5528902,1
Orthopoxvirus,prot_t5_xl_half_uniref50-enc,,base,1,1,0.43613857,0
Orthopoxvirus,prot_t5_xl_half_uniref50-enc,,base,1,1,0.4391696,0
Orthopoxvirus,prot_t5_xl_half_uniref50-enc,,base,1,1,0.6295426,1
Orthopoxvirus,prot_t5_xl_half_uniref50-enc,,base,1,1,0.50973994,1
Orthopoxvirus,prot_t5_xl_half_uniref50-enc,,base,1,1,0.67685264,1
Orthopoxvirus,prot_t5_xl_half_uniref50-enc,,base,1,1,0.5925866,1
Orthopoxvirus,prot_t5_xl_half_uniref50-enc,,base,1,1,0.46722445,0
Orthopoxvirus,prot_t5_xl_half_uniref50-enc,,base,1,1,0.42320183,0
Orthopoxvirus,prot_t5_xl_half_uniref50-enc,,base,1,1,0.49522904,0
Orthopoxvirus,prot_t5_xl_half_uniref50-enc,,base,1,1,0.43863726,0
Orthopoxvirus,prot_t5_xl_half_uniref50-enc,,base,1,1,0.45140758,0
Orthopoxvirus,prot_t5_xl_half_uniref50-enc,,base,1,0,0.55099875,1
Orthopoxvirus,prot_t5_xl_half_uniref50-enc,,base,1,0,0.6968765,1
Orthopoxvirus,prot_t5_xl_half_uniref50-enc,,base,1,0,0.5634858,1
Orthopoxvirus,prot_t5_xl_half_uniref50-enc,,base,1,0,0.5028709,1
Orthopoxvirus,prot_t5_xl_half_uniref50-enc,,base,1,0,0.5640547,1
Orthopoxvirus,prot_t5_xl_half_uniref50-enc,,base,1,0,0.5444546,1
Orthopoxvirus,prot_t5_xl_half_uniref50-enc,,base,1,1,0.56122226,1
Orthopoxvirus,prot_t5_xl_half_uniref50-enc,,base,1,1,0.6576081,1
Orthopoxvirus,prot_t5_xl_half_uniref50-enc,,base,1,1,0.6814012,1
Orthopoxvirus,prot_t5_xl_half_uniref50-enc,,base,1,1,0.66005677,1
Orthopoxvirus,prot_t5_xl_half_uniref50-enc,,base,1,1,0.6173968,1
Orthopoxvirus,prot_t5_xl_half_uniref50-enc,,base,1,1,0.7970972,1
Orthopoxvirus,prot_t5_xl_half_uniref50-enc,,base,1,1,0.6896819,1
Orthopoxvirus,prot_t5_xl_half_uniref50-enc,,base,1,1,0.676802,1
Orthopoxvirus,prot_t5_xl_half_uniref50-enc,,base,1,1,0.6815811,1
Orthopoxvirus,prot_t5_xl_half_uniref50-enc,,base,1,1,0.6874752,1
Orthopoxvirus,prot_t5_xl_half_uniref50-enc,,base,1,1,0.7375832,1
Orthopoxvirus,prot_t5_xl_half_uniref50-enc,,base,1,1,0.50946224,1
Orthopoxvirus,prot_t5_xl_half_uniref50-enc,,base,1,1,0.46911216,0
Orthopoxvirus,prot_t5_xl_half_uniref50-enc,,base,1,1,0.70882714,1
Orthopoxvirus,prot_t5_xl_half_uniref50-enc,,base,1,1,0.46153897,0
Orthopoxvirus,prot_t5_xl_half_uniref50-enc,,base,1,1,0.51434225,1
Orthopoxvirus,prot_t5_xl_half_uniref50-enc,,base,1,1,0.50802314,1
Orthopoxvirus,prot_t5_xl_half_uniref50-enc,,base,1,1,0.64096534,1
Orthopoxvirus,prot_t5_xl_half_uniref50-enc,,base,1,1,0.4355075,0
Orthopoxvirus,prot_t5_xl_half_uniref50-enc,,base,1,1,0.44139677,0
Orthopoxvirus,prot_t5_xl_half_uniref50-enc,,base,1,1,0.35215795,0
Orthopoxvirus,prot_t5_xl_half_uniref50-enc,,base,1,1,0.47597975,0
Orthopoxvirus,prot_t5_xl_half_uniref50-enc,,base,1,1,0.5442057,1
Orthopoxvirus,prot_t5_xl_half_uniref50-enc,,base,1,1,0.52967787,1
Orthopoxvirus,prot_t5_xl_half_uniref50-enc,,base,1,1,0.47413367,0
Orthopoxvirus,prot_t5_xl_half_uniref50-enc,,base,1,1,0.43307608,0
Orthopoxvirus,prot_t5_xl_half_uniref50-enc,,base,1,1,0.39833635,0
Orthopoxvirus,prot_t5_xl_half_uniref50-enc,,base,1,1,0.28901687,0
Orthopoxvirus,prot_t5_xl_half_uniref50-enc,,base,1,1,0.4785606,0
Orthopoxvirus,prot_t5_xl_half_uniref50-enc,,base,1,1,0.49709672,0
Orthopoxvirus,prot_t5_xl_half_uniref50-enc,,base,1,1,0.37963006,0
Orthopoxvirus,prot_t5_xl_half_uniref50-enc,,base,1,1,0.51090854,1
Orthopoxvirus,prot_t5_xl_half_uniref50-enc,,base,1,1,0.57211107,1
Orthopoxvirus,prot_t5_xl_half_uniref50-enc,,base,1,1,0.48090044,0
Orthopoxvirus,prot_t5_xl_half_uniref50-enc,,base,1,1,0.59979105,1
Orthopoxvirus,prot_t5_xl_half_uniref50-enc,,base,1,1,0.6470982,1
Orthopoxvirus,prot_t5_xl_half_uniref50-enc,,base,1,1,0.48506266,0
Orthopoxvirus,prot_t5_xl_half_uniref50-enc,,base,1,1,0.8365723,1
Orthopoxvirus,prot_t5_xl_half_uniref50-enc,,base,1,1,0.831866,1
Orthopoxvirus,prot_t5_xl_half_uniref50-enc,,base,1,1,0.873314,1
Orthopoxvirus,prot_t5_xl_half_uniref50-enc,,base,1,1,0.8721488,1
Orthopoxvirus,prot_t5_xl_half_uniref50-enc,,base,1,1,0.8296542,1
Orthopoxvirus,prot_t5_xl_half_uniref50-enc,,base,1,1,0.8014985,1
Orthopoxvirus,prot_t5_xl_half_uniref50-enc,,base,1,1,0.80482227,1
Orthopoxvirus,prot_t5_xl_half_uniref50-enc,,base,1,1,0.78338546,1
Orthopoxvirus,prot_t5_xl_half_uniref50-enc,,base,1,1,0.9075273,1
Orthopoxvirus,prot_t5_xl_half_uniref50-enc,,base,1,1,0.81315917,1
Orthopoxvirus,prot_t5_xl_half_uniref50-enc,,base,1,1,0.812457,1
Orthopoxvirus,prot_t5_xl_half_uniref50-enc,,base,1,1,0.683279,1
Orthopoxvirus,prot_t5_xl_half_uniref50-enc,,base,1,1,0.73242265,1
Orthopoxvirus,prot_t5_xl_half_uniref50-enc,,base,1,1,0.8268928,1
Orthopoxvirus,prot_t5_xl_half_uniref50-enc,,base,1,1,0.8008651,1
Orthopoxvirus,prot_t5_xl_half_uniref50-enc,,base,1,1,0.8848532,1
Orthopoxvirus,prot_t5_xl_half_uniref50-enc,,base,1,1,0.8103053,1
Orthopoxvirus,prot_t5_xl_half_uniref50-enc,,base,1,1,0.7768499,1
Orthopoxvirus,prot_t5_xl_half_uniref50-enc,,base,1,1,0.7941264,1
Orthopoxvirus,prot_t5_xl_half_uniref50-enc,,base,1,1,0.78029805,1
Orthopoxvirus,prot_t5_xl_half_uniref50-enc,,base,1,1,0.80720294,1
Orthopoxvirus,prot_t5_xl_half_uniref50-enc,,base,1,1,0.5646136,1
Orthopoxvirus,prot_t5_xl_half_uniref50-enc,,base,1,1,0.6236964,1
Orthopoxvirus,prot_t5_xl_half_uniref50-enc,,base,1,1,0.5039713,1
Orthopoxvirus,prot_t5_xl_half_uniref50-enc,,base,1,1,0.52689546,1
Orthopoxvirus,prot_t5_xl_half_uniref50-enc,,base,1,1,0.6841087,1
Orthopoxvirus,prot_t5_xl_half_uniref50-enc,,base,1,1,0.57080495,1
Orthopoxvirus,prot_t5_xl_half_uniref50-enc,,base,1,1,0.58348835,1
Orthopoxvirus,prot_t5_xl_half_uniref50-enc,,base,1,1,0.6853935,1
Orthopoxvirus,prot_t5_xl_half_uniref50-enc,,base,1,1,0.5521782,1
Orthopoxvirus,prot_t5_xl_half_uniref50-enc,,base,1,1,0.56978,1
Orthopoxvirus,prot_t5_xl_half_uniref50-enc,,base,1,0,0.5939689,1
Orthopoxvirus,prot_t5_xl_half_uniref50-enc,,base,1,0,0.667801,1
Orthopoxvirus,prot_t5_xl_half_uniref50-enc,,base,1,0,0.7361053,1
Orthopoxvirus,prot_t5_xl_half_uniref50-enc,,base,1,0,0.60295486,1
Orthopoxvirus,prot_t5_xl_half_uniref50-enc,,base,1,0,0.59073585,1
Orthopoxvirus,prot_t5_xl_half_uniref50-enc,,base,1,0,0.561397,1
Orthopoxvirus,prot_t5_xl_half_uniref50-enc,,base,1,0,0.5456299,1
Orthopoxvirus,prot_t5_xl_half_uniref50-enc,,base,1,0,0.64840895,1
Orthopoxvirus,prot_t5_xl_half_uniref50-enc,,base,1,0,0.6212171,1
Orthopoxvirus,prot_t5_xl_half_uniref50-enc,,base,1,0,0.6036633,1
Orthopoxvirus,prot_t5_xl_half_uniref50-enc,,base,1,0,0.6377677,1
Orthopoxvirus,prot_t5_xl_half_uniref50-enc,,base,1,0,0.51707333,1
Orthopoxvirus,prot_t5_xl_half_uniref50-enc,,base,1,0,0.543052,1
Orthopoxvirus,prot_t5_xl_half_uniref50-enc,,base,1,0,0.5243462,1
Orthopoxvirus,prot_t5_xl_half_uniref50-enc,,base,1,0,0.55284625,1
Orthopoxvirus,prot_t5_xl_half_uniref50-enc,,base,1,0,0.44274917,0
Orthopoxvirus,prot_t5_xl_half_uniref50-enc,,base,1,0,0.50453216,1
Orthopoxvirus,prot_t5_xl_half_uniref50-enc,,base,1,0,0.6332336,1
Orthopoxvirus,prot_t5_xl_half_uniref50-enc,,base,1,0,0.5100676,1
Orthopoxvirus,prot_t5_xl_half_uniref50-enc,,base,1,0,0.48457938,0
Orthopoxvirus,prot_t5_xl_half_uniref50-enc,,base,1,0,0.50173306,1
Orthopoxvirus,prot_t5_xl_half_uniref50-enc,,base,1,0,0.58064735,1
Orthopoxvirus,prot_t5_xl_half_uniref50-enc,,base,1,0,0.63974154,1
Orthopoxvirus,prot_t5_xl_half_uniref50-enc,,base,1,0,0.57922345,1
Orthopoxvirus,prot_t5_xl_half_uniref50-enc,,base,1,0,0.558933,1
Orthopoxvirus,prot_t5_xl_half_uniref50-enc,,base,1,0,0.64978254,1
Orthopoxvirus,prot_t5_xl_half_uniref50-enc,,base,1,0,0.592569,1
Orthopoxvirus,prot_t5_xl_half_uniref50-enc,,base,1,0,0.51899517,1
Orthopoxvirus,prot_t5_xl_half_uniref50-enc,,base,1,0,0.47012463,0
Orthopoxvirus,prot_t5_xl_half_uniref50-enc,,base,1,0,0.5502921,1
Orthopoxvirus,prot_t5_xl_half_uniref50-enc,,base,2,1,0.7180043,1
Orthopoxvirus,prot_t5_xl_half_uniref50-enc,,base,2,1,0.7205836,1
Orthopoxvirus,prot_t5_xl_half_uniref50-enc,,base,2,1,0.67069983,1
Orthopoxvirus,prot_t5_xl_half_uniref50-enc,,base,2,1,0.69927144,1
Orthopoxvirus,prot_t5_xl_half_uniref50-enc,,base,2,1,0.699723,1
Orthopoxvirus,prot_t5_xl_half_uniref50-enc,,base,2,1,0.6901449,1
Orthopoxvirus,prot_t5_xl_half_uniref50-enc,,base,2,1,0.6385733,1
Orthopoxvirus,prot_t5_xl_half_uniref50-enc,,base,2,1,0.7274853,1
Orthopoxvirus,prot_t5_xl_half_uniref50-enc,,base,2,1,0.7552966,1
Orthopoxvirus,prot_t5_xl_half_uniref50-enc,,base,2,1,0.69701177,1
Orthopoxvirus,prot_t5_xl_half_uniref50-enc,,base,2,1,0.5047391,1
Orthopoxvirus,prot_t5_xl_half_uniref50-enc,,base,2,1,0.62788606,1
Orthopoxvirus,prot_t5_xl_half_uniref50-enc,,base,2,1,0.5324647,1
Orthopoxvirus,prot_t5_xl_half_uniref50-enc,,base,2,1,0.5156221,1
Orthopoxvirus,prot_t5_xl_half_uniref50-enc,,base,2,1,0.7125477,1
Orthopoxvirus,prot_t5_xl_half_uniref50-enc,,base,2,1,0.5558744,1
Orthopoxvirus,prot_t5_xl_half_uniref50-enc,,base,2,1,0.6707939,1
Orthopoxvirus,prot_t5_xl_half_uniref50-enc,,base,2,1,0.7009002,1
Orthopoxvirus,prot_t5_xl_half_uniref50-enc,,base,2,1,0.774811,1
Orthopoxvirus,prot_t5_xl_half_uniref50-enc,,base,2,1,0.80727357,1
Orthopoxvirus,prot_t5_xl_half_uniref50-enc,,base,2,1,0.67407125,1
Orthopoxvirus,prot_t5_xl_half_uniref50-enc,,base,2,1,0.7252791,1
Orthopoxvirus,prot_t5_xl_half_uniref50-enc,,base,2,1,0.7495023,1
Orthopoxvirus,prot_t5_xl_half_uniref50-enc,,base,2,1,0.82375026,1
Orthopoxvirus,prot_t5_xl_half_uniref50-enc,,base,2,1,0.76165205,1
Orthopoxvirus,prot_t5_xl_half_uniref50-enc,,base,2,1,0.7514057,1
Orthopoxvirus,prot_t5_xl_half_uniref50-enc,,base,2,1,0.7780618,1
Orthopoxvirus,prot_t5_xl_half_uniref50-enc,,base,2,1,0.71992886,1
Orthopoxvirus,prot_t5_xl_half_uniref50-enc,,base,2,1,0.843041,1
Orthopoxvirus,prot_t5_xl_half_uniref50-enc,,base,2,1,0.8649077,1
Orthopoxvirus,prot_t5_xl_half_uniref50-enc,,base,2,1,0.76323175,1
Orthopoxvirus,prot_t5_xl_half_uniref50-enc,,base,2,1,0.8283908,1
Orthopoxvirus,prot_t5_xl_half_uniref50-enc,,base,2,1,0.82766414,1
Orthopoxvirus,prot_t5_xl_half_uniref50-enc,,base,2,1,0.79135585,1
Orthopoxvirus,prot_t5_xl_half_uniref50-enc,,base,2,1,0.6946958,1
Orthopoxvirus,prot_t5_xl_half_uniref50-enc,,base,2,1,0.7943882,1
Orthopoxvirus,prot_t5_xl_half_uniref50-enc,,base,2,1,0.8384089,1
Orthopoxvirus,prot_t5_xl_half_uniref50-enc,,base,2,1,0.74379873,1
Orthopoxvirus,prot_t5_xl_half_uniref50-enc,,base,2,1,0.86567974,1
Orthopoxvirus,prot_t5_xl_half_uniref50-enc,,base,2,1,0.65742856,1
Orthopoxvirus,prot_t5_xl_half_uniref50-enc,,base,2,1,0.8497088,1
Orthopoxvirus,prot_t5_xl_half_uniref50-enc,,base,2,1,0.8285266,1
Orthopoxvirus,prot_t5_xl_half_uniref50-enc,,base,2,1,0.8493839,1
Orthopoxvirus,prot_t5_xl_half_uniref50-enc,,base,2,1,0.7966341,1
Orthopoxvirus,prot_t5_xl_half_uniref50-enc,,base,2,1,0.8386025,1
Orthopoxvirus,prot_t5_xl_half_uniref50-enc,,base,2,1,0.83158857,1
Orthopoxvirus,prot_t5_xl_half_uniref50-enc,,base,2,1,0.7904785,1
Orthopoxvirus,prot_t5_xl_half_uniref50-enc,,base,2,1,0.9069032,1
Orthopoxvirus,prot_t5_xl_half_uniref50-enc,,base,2,1,0.82672626,1
Orthopoxvirus,prot_t5_xl_half_uniref50-enc,,base,2,1,0.92960006,1
Orthopoxvirus,prot_t5_xl_half_uniref50-enc,,base,2,1,0.863873,1
Orthopoxvirus,prot_t5_xl_half_uniref50-enc,,base,2,1,0.7816949,1
Orthopoxvirus,prot_t5_xl_half_uniref50-enc,,base,2,1,0.8124503,1
Orthopoxvirus,prot_t5_xl_half_uniref50-enc,,base,2,1,0.88137454,1
Orthopoxvirus,prot_t5_xl_half_uniref50-enc,,base,2,1,0.82696164,1
Orthopoxvirus,prot_t5_xl_half_uniref50-enc,,base,2,1,0.8243304,1
Orthopoxvirus,prot_t5_xl_half_uniref50-enc,,base,2,1,0.8328473,1
Orthopoxvirus,prot_t5_xl_half_uniref50-enc,,base,2,1,0.88139766,1
Orthopoxvirus,prot_t5_xl_half_uniref50-enc,,base,2,1,0.8118358,1
Orthopoxvirus,prot_t5_xl_half_uniref50-enc,,base,2,1,0.8415257,1
Orthopoxvirus,prot_t5_xl_half_uniref50-enc,,base,2,1,0.9147773,1
Orthopoxvirus,prot_t5_xl_half_uniref50-enc,,base,2,1,0.8917348,1
Orthopoxvirus,prot_t5_xl_half_uniref50-enc,,base,2,1,0.9318584,1
Orthopoxvirus,prot_t5_xl_half_uniref50-enc,,base,2,1,0.94722944,1
Orthopoxvirus,prot_t5_xl_half_uniref50-enc,,base,2,1,0.6306245,1
Orthopoxvirus,prot_t5_xl_half_uniref50-enc,,base,2,1,0.7933377,1
Orthopoxvirus,prot_t5_xl_half_uniref50-enc,,base,2,1,0.77249134,1
Orthopoxvirus,prot_t5_xl_half_uniref50-enc,,base,2,1,0.85503805,1
Orthopoxvirus,prot_t5_xl_half_uniref50-enc,,base,2,1,0.81229794,1
Orthopoxvirus,prot_t5_xl_half_uniref50-enc,,base,2,1,0.82330287,1
Orthopoxvirus,prot_t5_xl_half_uniref50-enc,,base,2,1,0.8592708,1
Orthopoxvirus,prot_t5_xl_half_uniref50-enc,,base,2,1,0.741581,1
Orthopoxvirus,prot_t5_xl_half_uniref50-enc,,base,2,1,0.7015322,1
Orthopoxvirus,prot_t5_xl_half_uniref50-enc,,base,2,1,0.71557665,1
Orthopoxvirus,prot_t5_xl_half_uniref50-enc,,base,2,1,0.72856915,1
Orthopoxvirus,prot_t5_xl_half_uniref50-enc,,base,2,1,0.81340957,1
Orthopoxvirus,prot_t5_xl_half_uniref50-enc,,base,2,1,0.843001,1
Orthopoxvirus,prot_t5_xl_half_uniref50-enc,,base,2,1,0.7388095,1
Orthopoxvirus,prot_t5_xl_half_uniref50-enc,,base,2,1,0.68490976,1
Orthopoxvirus,prot_t5_xl_half_uniref50-enc,,base,2,1,0.75828236,1
Orthopoxvirus,prot_t5_xl_half_uniref50-enc,,base,2,1,0.7783096,1
Orthopoxvirus,prot_t5_xl_half_uniref50-enc,,base,2,1,0.8063114,1
Orthopoxvirus,prot_t5_xl_half_uniref50-enc,,base,2,1,0.6835338,1
Orthopoxvirus,prot_t5_xl_half_uniref50-enc,,base,2,1,0.779802,1
Orthopoxvirus,prot_t5_xl_half_uniref50-enc,,base,2,1,0.7555555,1
Orthopoxvirus,prot_t5_xl_half_uniref50-enc,,base,2,1,0.7398131,1
Orthopoxvirus,prot_t5_xl_half_uniref50-enc,,base,2,1,0.7655794,1
Orthopoxvirus,prot_t5_xl_half_uniref50-enc,,base,2,1,0.84153384,1
Orthopoxvirus,prot_t5_xl_half_uniref50-enc,,base,2,1,0.7746673,1
Orthopoxvirus,prot_t5_xl_half_uniref50-enc,,base,2,1,0.8480294,1
Orthopoxvirus,prot_t5_xl_half_uniref50-enc,,base,2,1,0.8253822,1
Orthopoxvirus,prot_t5_xl_half_uniref50-enc,,base,2,1,0.717267,1
Orthopoxvirus,prot_t5_xl_half_uniref50-enc,,base,2,1,0.68100363,1
Orthopoxvirus,prot_t5_xl_half_uniref50-enc,,base,2,1,0.89374423,1
Orthopoxvirus,prot_t5_xl_half_uniref50-enc,,base,2,1,0.80868787,1
Orthopoxvirus,prot_t5_xl_half_uniref50-enc,,base,2,1,0.9229722,1
Orthopoxvirus,prot_t5_xl_half_uniref50-enc,,base,2,1,0.88915193,1
Orthopoxvirus,prot_t5_xl_half_uniref50-enc,,base,2,1,0.78370273,1
Orthopoxvirus,prot_t5_xl_half_uniref50-enc,,base,2,1,0.80289143,1
Orthopoxvirus,prot_t5_xl_half_uniref50-enc,,base,2,1,0.8757115,1
Orthopoxvirus,prot_t5_xl_half_uniref50-enc,,base,2,1,0.8360961,1
Orthopoxvirus,prot_t5_xl_half_uniref50-enc,,base,2,1,0.75537795,1
Orthopoxvirus,prot_t5_xl_half_uniref50-enc,,base,2,1,0.6736977,1
Orthopoxvirus,prot_t5_xl_half_uniref50-enc,,base,2,1,0.95267725,1
Orthopoxvirus,prot_t5_xl_half_uniref50-enc,,base,2,1,0.90147257,1
Orthopoxvirus,prot_t5_xl_half_uniref50-enc,,base,2,1,0.85520166,1
Orthopoxvirus,prot_t5_xl_half_uniref50-enc,,base,2,1,0.9396647,1
Orthopoxvirus,prot_t5_xl_half_uniref50-enc,,base,2,1,0.95609826,1
Orthopoxvirus,prot_t5_xl_half_uniref50-enc,,base,2,1,0.9139091,1
Orthopoxvirus,prot_t5_xl_half_uniref50-enc,,base,2,1,0.96279824,1
Orthopoxvirus,prot_t5_xl_half_uniref50-enc,,base,2,1,0.9529175,1
Orthopoxvirus,prot_t5_xl_half_uniref50-enc,,base,2,1,0.9366299,1
Orthopoxvirus,prot_t5_xl_half_uniref50-enc,,base,2,1,0.8694606,1
Orthopoxvirus,prot_t5_xl_half_uniref50-enc,,base,2,1,0.926211,1
Orthopoxvirus,prot_t5_xl_half_uniref50-enc,,base,2,1,0.9537847,1
Orthopoxvirus,prot_t5_xl_half_uniref50-enc,,base,2,1,0.93949395,1
Orthopoxvirus,prot_t5_xl_half_uniref50-enc,,base,2,1,0.9498956,1
Orthopoxvirus,prot_t5_xl_half_uniref50-enc,,base,2,1,0.9320305,1
Orthopoxvirus,prot_t5_xl_half_uniref50-enc,,base,2,1,0.85874295,1
Orthopoxvirus,prot_t5_xl_half_uniref50-enc,,base,2,1,0.9418733,1
Orthopoxvirus,prot_t5_xl_half_uniref50-enc,,base,2,1,0.8693723,1
Orthopoxvirus,prot_t5_xl_half_uniref50-enc,,base,2,1,0.93326855,1
Orthopoxvirus,prot_t5_xl_half_uniref50-enc,,base,2,1,0.93449026,1
Orthopoxvirus,prot_t5_xl_half_uniref50-enc,,base,2,1,0.95854044,1
Orthopoxvirus,prot_t5_xl_half_uniref50-enc,,base,2,1,0.949967,1
Orthopoxvirus,prot_t5_xl_half_uniref50-enc,,base,2,1,0.9330664,1
Orthopoxvirus,prot_t5_xl_half_uniref50-enc,,base,2,1,0.9565179,1
Orthopoxvirus,prot_t5_xl_half_uniref50-enc,,base,2,1,0.91730344,1
Orthopoxvirus,prot_t5_xl_half_uniref50-enc,,base,2,1,0.9483229,1
Orthopoxvirus,prot_t5_xl_half_uniref50-enc,,base,2,1,0.9352406,1
Orthopoxvirus,prot_t5_xl_half_uniref50-enc,,base,2,1,0.9353134,1
Orthopoxvirus,prot_t5_xl_half_uniref50-enc,,base,2,1,0.95476866,1
Orthopoxvirus,prot_t5_xl_half_uniref50-enc,,base,2,1,0.9480949,1
Orthopoxvirus,prot_t5_xl_half_uniref50-enc,,base,2,1,0.94637614,1
Orthopoxvirus,prot_t5_xl_half_uniref50-enc,,base,2,1,0.9652532,1
Orthopoxvirus,prot_t5_xl_half_uniref50-enc,,base,2,1,0.968729,1
Orthopoxvirus,prot_t5_xl_half_uniref50-enc,,base,2,1,0.95032704,1
Orthopoxvirus,prot_t5_xl_half_uniref50-enc,,base,2,1,0.90912175,1
Orthopoxvirus,prot_t5_xl_half_uniref50-enc,,base,2,1,0.95738125,1
Orthopoxvirus,prot_t5_xl_half_uniref50-enc,,base,2,1,0.92333966,1
Orthopoxvirus,prot_t5_xl_half_uniref50-enc,,base,2,1,0.89050424,1
Orthopoxvirus,prot_t5_xl_half_uniref50-enc,,base,2,1,0.92569345,1
Orthopoxvirus,prot_t5_xl_half_uniref50-enc,,base,2,1,0.9445974,1
Orthopoxvirus,prot_t5_xl_half_uniref50-enc,,base,2,1,0.89755124,1
Orthopoxvirus,prot_t5_xl_half_uniref50-enc,,base,2,1,0.9006202,1
Orthopoxvirus,prot_t5_xl_half_uniref50-enc,,base,2,1,0.9531805,1
Orthopoxvirus,prot_t5_xl_half_uniref50-enc,,base,2,1,0.82039416,1
Orthopoxvirus,prot_t5_xl_half_uniref50-enc,,base,2,1,0.9270941,1
Orthopoxvirus,prot_t5_xl_half_uniref50-enc,,base,2,1,0.9242971,1
Orthopoxvirus,prot_t5_xl_half_uniref50-enc,,base,2,1,0.8958711,1
Orthopoxvirus,prot_t5_xl_half_uniref50-enc,,base,2,1,0.91737086,1
Orthopoxvirus,prot_t5_xl_half_uniref50-enc,,base,2,1,0.80345136,1
Orthopoxvirus,prot_t5_xl_half_uniref50-enc,,base,2,1,0.924358,1
Orthopoxvirus,prot_t5_xl_half_uniref50-enc,,base,2,1,0.86691433,1
Orthopoxvirus,prot_t5_xl_half_uniref50-enc,,base,2,1,0.91025865,1
Orthopoxvirus,prot_t5_xl_half_uniref50-enc,,base,2,1,0.81930435,1
Orthopoxvirus,prot_t5_xl_half_uniref50-enc,,base,2,1,0.65662265,1
Orthopoxvirus,prot_t5_xl_half_uniref50-enc,,base,2,1,0.83686244,1
Orthopoxvirus,prot_t5_xl_half_uniref50-enc,,base,2,1,0.78607714,1
Orthopoxvirus,prot_t5_xl_half_uniref50-enc,,base,2,1,0.82492447,1
Orthopoxvirus,prot_t5_xl_half_uniref50-enc,,base,2,1,0.8106594,1
Orthopoxvirus,prot_t5_xl_half_uniref50-enc,,base,2,1,0.7929984,1
Orthopoxvirus,prot_t5_xl_half_uniref50-enc,,base,2,1,0.7943127,1
Orthopoxvirus,prot_t5_xl_half_uniref50-enc,,base,2,1,0.8165051,1
Orthopoxvirus,prot_t5_xl_half_uniref50-enc,,base,2,1,0.7306349,1
Orthopoxvirus,prot_t5_xl_half_uniref50-enc,,base,2,1,0.80363566,1
Orthopoxvirus,prot_t5_xl_half_uniref50-enc,,base,2,1,0.87319666,1
Orthopoxvirus,prot_t5_xl_half_uniref50-enc,,base,2,1,0.8597632,1
Orthopoxvirus,prot_t5_xl_half_uniref50-enc,,base,2,1,0.7850897,1
Orthopoxvirus,prot_t5_xl_half_uniref50-enc,,base,2,1,0.87120247,1
Orthopoxvirus,prot_t5_xl_half_uniref50-enc,,base,2,1,0.8420457,1
Orthopoxvirus,prot_t5_xl_half_uniref50-enc,,base,2,1,0.83393323,1
Orthopoxvirus,prot_t5_xl_half_uniref50-enc,,base,2,1,0.6716396,1
Orthopoxvirus,prot_t5_xl_half_uniref50-enc,,base,2,1,0.7755569,1
Orthopoxvirus,prot_t5_xl_half_uniref50-enc,,base,2,1,0.8187363,1
Orthopoxvirus,prot_t5_xl_half_uniref50-enc,,base,2,1,0.8565794,1
Orthopoxvirus,prot_t5_xl_half_uniref50-enc,,base,2,1,0.71753204,1
Orthopoxvirus,prot_t5_xl_half_uniref50-enc,,base,2,1,0.8065621,1
Orthopoxvirus,prot_t5_xl_half_uniref50-enc,,base,2,1,0.8371208,1
Orthopoxvirus,prot_t5_xl_half_uniref50-enc,,base,2,1,0.8204429,1
Orthopoxvirus,prot_t5_xl_half_uniref50-enc,,base,2,1,0.7459317,1
Orthopoxvirus,prot_t5_xl_half_uniref50-enc,,base,2,1,0.83893085,1
Orthopoxvirus,prot_t5_xl_half_uniref50-enc,,base,2,1,0.8619371,1
Orthopoxvirus,prot_t5_xl_half_uniref50-enc,,base,2,1,0.94052684,1
Orthopoxvirus,prot_t5_xl_half_uniref50-enc,,base,2,1,0.92361635,1
Orthopoxvirus,prot_t5_xl_half_uniref50-enc,,base,2,1,0.8494934,1
Orthopoxvirus,prot_t5_xl_half_uniref50-enc,,base,2,1,0.4536486,0
Orthopoxvirus,prot_t5_xl_half_uniref50-enc,,base,2,1,0.6314626,1
Orthopoxvirus,prot_t5_xl_half_uniref50-enc,,base,2,1,0.66294336,1
Orthopoxvirus,prot_t5_xl_half_uniref50-enc,,base,2,1,0.69077015,1
Orthopoxvirus,prot_t5_xl_half_uniref50-enc,,base,2,1,0.6754014,1
Orthopoxvirus,prot_t5_xl_half_uniref50-enc,,base,2,1,0.6352827,1
Orthopoxvirus,prot_t5_xl_half_uniref50-enc,,base,2,1,0.63436866,1
Orthopoxvirus,prot_t5_xl_half_uniref50-enc,,base,2,1,0.57116437,1
Orthopoxvirus,prot_t5_xl_half_uniref50-enc,,base,2,1,0.61984885,1
Orthopoxvirus,prot_t5_xl_half_uniref50-enc,,base,2,1,0.61962867,1
Orthopoxvirus,prot_t5_xl_half_uniref50-enc,,base,2,1,0.68395627,1
Orthopoxvirus,prot_t5_xl_half_uniref50-enc,,base,2,1,0.7318494,1
Orthopoxvirus,prot_t5_xl_half_uniref50-enc,,base,2,1,0.73627204,1
Orthopoxvirus,prot_t5_xl_half_uniref50-enc,,base,2,1,0.6853752,1
Orthopoxvirus,prot_t5_xl_half_uniref50-enc,,base,2,1,0.7371053,1
Orthopoxvirus,prot_t5_xl_half_uniref50-enc,,base,2,1,0.72536045,1
Orthopoxvirus,prot_t5_xl_half_uniref50-enc,,base,2,1,0.7399849,1
Orthopoxvirus,prot_t5_xl_half_uniref50-enc,,base,2,1,0.75167805,1
Orthopoxvirus,prot_t5_xl_half_uniref50-enc,,base,2,1,0.7432645,1
Orthopoxvirus,prot_t5_xl_half_uniref50-enc,,base,2,1,0.7725691,1
Orthopoxvirus,prot_t5_xl_half_uniref50-enc,,base,2,1,0.63785136,1
Orthopoxvirus,prot_t5_xl_half_uniref50-enc,,base,2,1,0.6912823,1
Orthopoxvirus,prot_t5_xl_half_uniref50-enc,,base,2,1,0.71299016,1
Orthopoxvirus,prot_t5_xl_half_uniref50-enc,,base,2,1,0.60803443,1
Orthopoxvirus,prot_t5_xl_half_uniref50-enc,,base,2,1,0.5761828,1
Orthopoxvirus,prot_t5_xl_half_uniref50-enc,,base,2,1,0.64113903,1
Orthopoxvirus,prot_t5_xl_half_uniref50-enc,,base,2,1,0.51273173,1
Orthopoxvirus,prot_t5_xl_half_uniref50-enc,,base,2,1,0.54634964,1
Orthopoxvirus,prot_t5_xl_half_uniref50-enc,,base,2,1,0.9265568,1
Orthopoxvirus,prot_t5_xl_half_uniref50-enc,,base,2,1,0.8849512,1
Orthopoxvirus,prot_t5_xl_half_uniref50-enc,,base,2,1,0.832869,1
Orthopoxvirus,prot_t5_xl_half_uniref50-enc,,base,2,1,0.8326308,1
Orthopoxvirus,prot_t5_xl_half_uniref50-enc,,base,2,1,0.62663037,1
Orthopoxvirus,prot_t5_xl_half_uniref50-enc,,base,2,0,0.73975694,1
Orthopoxvirus,prot_t5_xl_half_uniref50-enc,,base,2,0,0.70358294,1
Orthopoxvirus,prot_t5_xl_half_uniref50-enc,,base,2,0,0.54814327,1
Orthopoxvirus,prot_t5_xl_half_uniref50-enc,,base,2,0,0.64641213,1
Orthopoxvirus,prot_t5_xl_half_uniref50-enc,,base,2,0,0.67862153,1
Orthopoxvirus,prot_t5_xl_half_uniref50-enc,,base,2,0,0.7762743,1
Orthopoxvirus,prot_t5_xl_half_uniref50-enc,,base,2,0,0.8114769,1
Orthopoxvirus,prot_t5_xl_half_uniref50-enc,,base,2,0,0.8074696,1
Orthopoxvirus,prot_t5_xl_half_uniref50-enc,,base,2,0,0.8388637,1
Orthopoxvirus,prot_t5_xl_half_uniref50-enc,,base,2,0,0.9003726,1
Orthopoxvirus,prot_t5_xl_half_uniref50-enc,,base,2,0,0.62360924,1
Orthopoxvirus,prot_t5_xl_half_uniref50-enc,,base,2,0,0.6154688,1
Orthopoxvirus,prot_t5_xl_half_uniref50-enc,,base,2,0,0.6500368,1
Orthopoxvirus,prot_t5_xl_half_uniref50-enc,,base,2,0,0.6154482,1
Orthopoxvirus,prot_t5_xl_half_uniref50-enc,,base,2,0,0.63772047,1
Orthopoxvirus,prot_t5_xl_half_uniref50-enc,,base,2,0,0.6142316,1
Orthopoxvirus,prot_t5_xl_half_uniref50-enc,,base,2,0,0.64735043,1
Orthopoxvirus,prot_t5_xl_half_uniref50-enc,,base,2,0,0.6107066,1
Orthopoxvirus,prot_t5_xl_half_uniref50-enc,,base,2,0,0.5496695,1
Orthopoxvirus,prot_t5_xl_half_uniref50-enc,,base,2,0,0.6423924,1
Orthopoxvirus,prot_t5_xl_half_uniref50-enc,,base,2,0,0.6050288,1
Orthopoxvirus,prot_t5_xl_half_uniref50-enc,,base,2,0,0.64724046,1
Orthopoxvirus,prot_t5_xl_half_uniref50-enc,,base,2,0,0.5428426,1
Orthopoxvirus,prot_t5_xl_half_uniref50-enc,,base,2,0,0.7005202,1
Orthopoxvirus,prot_t5_xl_half_uniref50-enc,,base,2,0,0.72082597,1
Orthopoxvirus,prot_t5_xl_half_uniref50-enc,,base,2,0,0.6049493,1
Orthopoxvirus,prot_t5_xl_half_uniref50-enc,,base,2,0,0.55769295,1
Orthopoxvirus,prot_t5_xl_half_uniref50-enc,,base,2,0,0.6600017,1
Orthopoxvirus,prot_t5_xl_half_uniref50-enc,,base,2,0,0.6702187,1
Orthopoxvirus,prot_t5_xl_half_uniref50-enc,,base,2,0,0.63874835,1
Orthopoxvirus,prot_t5_xl_half_uniref50-enc,,base,2,0,0.6047922,1
Orthopoxvirus,prot_t5_xl_half_uniref50-enc,,base,2,0,0.583462,1
Orthopoxvirus,prot_t5_xl_half_uniref50-enc,,base,2,0,0.59598446,1
Orthopoxvirus,prot_t5_xl_half_uniref50-enc,,base,2,0,0.60304683,1
Orthopoxvirus,prot_t5_xl_half_uniref50-enc,,base,2,0,0.4932809,0
Orthopoxvirus,prot_t5_xl_half_uniref50-enc,,base,2,0,0.5454992,1
Orthopoxvirus,prot_t5_xl_half_uniref50-enc,,base,2,0,0.56780225,1
Orthopoxvirus,prot_t5_xl_half_uniref50-enc,,base,2,0,0.6187982,1
Orthopoxvirus,prot_t5_xl_half_uniref50-enc,,base,2,0,0.5014669,1
Orthopoxvirus,prot_t5_xl_half_uniref50-enc,,base,2,0,0.4802351,0
Orthopoxvirus,prot_t5_xl_half_uniref50-enc,,base,2,0,0.60271317,1
Orthopoxvirus,prot_t5_xl_half_uniref50-enc,,base,2,0,0.643334,1
Orthopoxvirus,prot_t5_xl_half_uniref50-enc,,base,2,0,0.6557394,1
Orthopoxvirus,prot_t5_xl_half_uniref50-enc,,base,2,0,0.5607533,1
Orthopoxvirus,prot_t5_xl_half_uniref50-enc,,base,2,0,0.6530197,1
Orthopoxvirus,prot_t5_xl_half_uniref50-enc,,base,2,0,0.6473979,1
Orthopoxvirus,prot_t5_xl_half_uniref50-enc,,base,2,0,0.5521403,1
Orthopoxvirus,prot_t5_xl_half_uniref50-enc,,base,2,0,0.6061682,1
Orthopoxvirus,prot_t5_xl_half_uniref50-enc,,base,2,0,0.64186096,1
Orthopoxvirus,prot_t5_xl_half_uniref50-enc,,base,2,0,0.5965111,1
Orthopoxvirus,prot_t5_xl_half_uniref50-enc,,base,2,0,0.62009144,1
Orthopoxvirus,prot_t5_xl_half_uniref50-enc,,base,2,0,0.47344747,0
Orthopoxvirus,prot_t5_xl_half_uniref50-enc,,base,2,0,0.49651587,0
Orthopoxvirus,prot_t5_xl_half_uniref50-enc,,base,2,0,0.49125606,0
Orthopoxvirus,prot_t5_xl_half_uniref50-enc,,base,2,0,0.47409797,0
Orthopoxvirus,prot_t5_xl_half_uniref50-enc,,base,2,0,0.42567292,0
Orthopoxvirus,prot_t5_xl_half_uniref50-enc,,base,2,0,0.45038375,0
Orthopoxvirus,prot_t5_xl_half_uniref50-enc,,base,2,0,0.3928155,0
Orthopoxvirus,prot_t5_xl_half_uniref50-enc,,base,2,0,0.3712682,0
Orthopoxvirus,prot_t5_xl_half_uniref50-enc,,base,2,0,0.43553883,0
Orthopoxvirus,prot_t5_xl_half_uniref50-enc,,base,2,0,0.5609907,1
Orthopoxvirus,prot_t5_xl_half_uniref50-enc,,base,2,0,0.49592403,0
Orthopoxvirus,prot_t5_xl_half_uniref50-enc,,base,2,0,0.42821026,0
Orthopoxvirus,prot_t5_xl_half_uniref50-enc,,base,2,0,0.4948112,0
Orthopoxvirus,prot_t5_xl_half_uniref50-enc,,base,2,0,0.5480242,1
Orthopoxvirus,prot_t5_xl_half_uniref50-enc,,base,2,0,0.53499156,1
Orthopoxvirus,prot_t5_xl_half_uniref50-enc,,base,2,0,0.47755256,0
Orthopoxvirus,prot_t5_xl_half_uniref50-enc,,base,2,0,0.5846194,1
Orthopoxvirus,prot_t5_xl_half_uniref50-enc,,base,2,0,0.52899444,1
Orthopoxvirus,prot_t5_xl_half_uniref50-enc,,base,2,0,0.6522351,1
Orthopoxvirus,prot_t5_xl_half_uniref50-enc,,base,2,0,0.57136184,1
Orthopoxvirus,prot_t5_xl_half_uniref50-enc,,base,2,0,0.53498226,1
Orthopoxvirus,prot_t5_xl_half_uniref50-enc,,base,2,0,0.59591377,1
Orthopoxvirus,prot_t5_xl_half_uniref50-enc,,base,2,0,0.5641545,1
Orthopoxvirus,prot_t5_xl_half_uniref50-enc,,base,2,0,0.58277637,1
Orthopoxvirus,prot_t5_xl_half_uniref50-enc,,base,2,0,0.5297794,1
Orthopoxvirus,prot_t5_xl_half_uniref50-enc,,base,2,0,0.5516566,1
Orthopoxvirus,prot_t5_xl_half_uniref50-enc,,base,2,0,0.5980385,1
Orthopoxvirus,prot_t5_xl_half_uniref50-enc,,base,2,0,0.7491857,1
Orthopoxvirus,prot_t5_xl_half_uniref50-enc,,base,2,0,0.6352237,1
Orthopoxvirus,prot_t5_xl_half_uniref50-enc,,base,2,0,0.566186,1
Orthopoxvirus,prot_t5_xl_half_uniref50-enc,,base,2,0,0.725117,1
Orthopoxvirus,prot_t5_xl_half_uniref50-enc,,base,2,0,0.78073883,1
Orthopoxvirus,prot_t5_xl_half_uniref50-enc,,base,2,0,0.84631926,1
Orthopoxvirus,prot_t5_xl_half_uniref50-enc,,base,2,0,0.68251383,1
Orthopoxvirus,prot_t5_xl_half_uniref50-enc,,base,2,0,0.6244775,1
Orthopoxvirus,prot_t5_xl_half_uniref50-enc,,base,2,0,0.76600575,1
Orthopoxvirus,prot_t5_xl_half_uniref50-enc,,base,2,0,0.6387303,1
Orthopoxvirus,prot_t5_xl_half_uniref50-enc,,base,2,0,0.79702246,1
Orthopoxvirus,prot_t5_xl_half_uniref50-enc,,base,2,0,0.676759,1
Orthopoxvirus,prot_t5_xl_half_uniref50-enc,,base,2,0,0.7271951,1
Orthopoxvirus,prot_t5_xl_half_uniref50-enc,,base,2,0,0.8199418,1
Orthopoxvirus,prot_t5_xl_half_uniref50-enc,,base,2,0,0.6665324,1
Orthopoxvirus,prot_t5_xl_half_uniref50-enc,,base,2,0,0.7284746,1
Orthopoxvirus,prot_t5_xl_half_uniref50-enc,,base,2,0,0.7055738,1
Orthopoxvirus,prot_t5_xl_half_uniref50-enc,,base,2,0,0.79303974,1
Orthopoxvirus,prot_t5_xl_half_uniref50-enc,,base,2,0,0.80925655,1
Orthopoxvirus,prot_t5_xl_half_uniref50-enc,,base,2,0,0.8919704,1
Orthopoxvirus,prot_t5_xl_half_uniref50-enc,,base,2,0,0.8492285,1
Orthopoxvirus,prot_t5_xl_half_uniref50-enc,,base,2,0,0.86717296,1
Orthopoxvirus,prot_t5_xl_half_uniref50-enc,,base,2,0,0.9265568,1
Orthopoxvirus,prot_t5_xl_half_uniref50-enc,,base,2,0,0.8849512,1
Orthopoxvirus,prot_t5_xl_half_uniref50-enc,,base,2,0,0.832869,1
Orthopoxvirus,prot_t5_xl_half_uniref50-enc,,base,2,0,0.8326308,1
Orthopoxvirus,prot_t5_xl_half_uniref50-enc,,base,2,0,0.62663037,1
Orthopoxvirus,prot_t5_xl_half_uniref50-enc,,base,2,0,0.73975694,1
Orthopoxvirus,prot_t5_xl_half_uniref50-enc,,base,2,0,0.70358294,1
Orthopoxvirus,prot_t5_xl_half_uniref50-enc,,base,2,0,0.54814327,1
Orthopoxvirus,prot_t5_xl_half_uniref50-enc,,base,2,0,0.64641213,1
Orthopoxvirus,prot_t5_xl_half_uniref50-enc,,base,2,0,0.67862153,1
Orthopoxvirus,prot_t5_xl_half_uniref50-enc,,base,2,0,0.7762743,1
Orthopoxvirus,prot_t5_xl_half_uniref50-enc,,base,2,0,0.8114769,1
Orthopoxvirus,prot_t5_xl_half_uniref50-enc,,base,2,0,0.8074696,1
Orthopoxvirus,prot_t5_xl_half_uniref50-enc,,base,2,0,0.8388637,1
Orthopoxvirus,prot_t5_xl_half_uniref50-enc,,base,2,0,0.9003726,1
Orthopoxvirus,prot_t5_xl_half_uniref50-enc,,base,2,0,0.8811686,1
Orthopoxvirus,prot_t5_xl_half_uniref50-enc,,base,2,0,0.79689354,1
Orthopoxvirus,prot_t5_xl_half_uniref50-enc,,base,2,0,0.7929121,1
Orthopoxvirus,prot_t5_xl_half_uniref50-enc,,base,2,0,0.842601,1
Orthopoxvirus,prot_t5_xl_half_uniref50-enc,,base,2,0,0.81613517,1
Orthopoxvirus,prot_t5_xl_half_uniref50-enc,,base,2,0,0.85663074,1
Orthopoxvirus,prot_t5_xl_half_uniref50-enc,,base,2,0,0.7174527,1
Orthopoxvirus,prot_t5_xl_half_uniref50-enc,,base,2,1,0.8066188,1
Orthopoxvirus,prot_t5_xl_half_uniref50-enc,,base,2,1,0.83711064,1
Orthopoxvirus,prot_t5_xl_half_uniref50-enc,,base,2,1,0.820456,1
Orthopoxvirus,prot_t5_xl_half_uniref50-enc,,base,2,1,0.7459466,1
Orthopoxvirus,prot_t5_xl_half_uniref50-enc,,base,2,1,0.8388454,1
Orthopoxvirus,prot_t5_xl_half_uniref50-enc,,base,2,1,0.861959,1
Orthopoxvirus,prot_t5_xl_half_uniref50-enc,,base,2,1,0.940522,1
Orthopoxvirus,prot_t5_xl_half_uniref50-enc,,base,2,1,0.9236297,1
Orthopoxvirus,prot_t5_xl_half_uniref50-enc,,base,2,1,0.84947747,1
Orthopoxvirus,prot_t5_xl_half_uniref50-enc,,base,2,1,0.9294762,1
Orthopoxvirus,prot_t5_xl_half_uniref50-enc,,base,2,1,0.93905926,1
Orthopoxvirus,prot_t5_xl_half_uniref50-enc,,base,2,1,0.9239671,1
Orthopoxvirus,prot_t5_xl_half_uniref50-enc,,base,2,0,0.8311615,1
Orthopoxvirus,prot_t5_xl_half_uniref50-enc,,base,2,0,0.90062165,1
Orthopoxvirus,prot_t5_xl_half_uniref50-enc,,base,2,0,0.8006965,1
Orthopoxvirus,prot_t5_xl_half_uniref50-enc,,base,2,0,0.7456987,1
Orthopoxvirus,prot_t5_xl_half_uniref50-enc,,base,2,0,0.7900809,1
Orthopoxvirus,prot_t5_xl_half_uniref50-enc,,base,2,0,0.8414746,1
Orthopoxvirus,prot_t5_xl_half_uniref50-enc,,base,2,0,0.73019713,1
Orthopoxvirus,prot_t5_xl_half_uniref50-enc,,base,2,0,0.72836846,1
Orthopoxvirus,prot_t5_xl_half_uniref50-enc,,base,2,0,0.7824174,1
Orthopoxvirus,prot_t5_xl_half_uniref50-enc,,base,2,0,0.78767276,1
Orthopoxvirus,prot_t5_xl_half_uniref50-enc,,base,2,0,0.8222778,1
Orthopoxvirus,prot_t5_xl_half_uniref50-enc,,base,2,0,0.75062585,1
Orthopoxvirus,prot_t5_xl_half_uniref50-enc,,base,2,0,0.6796217,1
Orthopoxvirus,prot_t5_xl_half_uniref50-enc,,base,2,0,0.76275057,1
Orthopoxvirus,prot_t5_xl_half_uniref50-enc,,base,2,0,0.6124358,1
Orthopoxvirus,prot_t5_xl_half_uniref50-enc,,base,2,0,0.7199471,1
Orthopoxvirus,prot_t5_xl_half_uniref50-enc,,base,2,0,0.6463716,1
Orthopoxvirus,prot_t5_xl_half_uniref50-enc,,base,2,0,0.6883938,1
Orthopoxvirus,prot_t5_xl_half_uniref50-enc,,base,2,0,0.7092025,1
Orthopoxvirus,prot_t5_xl_half_uniref50-enc,,base,2,0,0.6221761,1
Orthopoxvirus,prot_t5_xl_half_uniref50-enc,,base,2,0,0.59808606,1
Orthopoxvirus,prot_t5_xl_half_uniref50-enc,,base,2,0,0.65168905,1
Orthopoxvirus,prot_t5_xl_half_uniref50-enc,,base,2,0,0.7532538,1
Orthopoxvirus,prot_t5_xl_half_uniref50-enc,,base,2,0,0.60412526,1
Orthopoxvirus,prot_t5_xl_half_uniref50-enc,,base,2,0,0.6905557,1
Orthopoxvirus,prot_t5_xl_half_uniref50-enc,,base,2,0,0.66751266,1
Orthopoxvirus,prot_t5_xl_half_uniref50-enc,,base,2,0,0.77254647,1
Orthopoxvirus,prot_t5_xl_half_uniref50-enc,,base,2,0,0.58318365,1
Orthopoxvirus,prot_t5_xl_half_uniref50-enc,,base,2,0,0.60772675,1
Orthopoxvirus,prot_t5_xl_half_uniref50-enc,,base,2,0,0.562777,1
Orthopoxvirus,prot_t5_xl_half_uniref50-enc,,base,2,0,0.59398174,1
Orthopoxvirus,prot_t5_xl_half_uniref50-enc,,base,2,0,0.58823425,1
Orthopoxvirus,prot_t5_xl_half_uniref50-enc,,base,2,0,0.6525219,1
Orthopoxvirus,prot_t5_xl_half_uniref50-enc,,base,2,0,0.6032062,1
Orthopoxvirus,prot_t5_xl_half_uniref50-enc,,base,2,0,0.5083594,1
Orthopoxvirus,prot_t5_xl_half_uniref50-enc,,base,2,0,0.53612155,1
Orthopoxvirus,prot_t5_xl_half_uniref50-enc,,base,2,0,0.5988245,1
Orthopoxvirus,prot_t5_xl_half_uniref50-enc,,base,2,0,0.4993141,0
Orthopoxvirus,prot_t5_xl_half_uniref50-enc,,base,2,0,0.58337134,1
Orthopoxvirus,prot_t5_xl_half_uniref50-enc,,base,2,0,0.62562317,1
Orthopoxvirus,prot_t5_xl_half_uniref50-enc,,base,2,0,0.58888215,1
Orthopoxvirus,prot_t5_xl_half_uniref50-enc,,base,2,0,0.59828365,1
Orthopoxvirus,prot_t5_xl_half_uniref50-enc,,base,2,0,0.6416209,1
Orthopoxvirus,prot_t5_xl_half_uniref50-enc,,base,2,0,0.57331765,1
Orthopoxvirus,prot_t5_xl_half_uniref50-enc,,base,2,0,0.45355186,0
Orthopoxvirus,prot_t5_xl_half_uniref50-enc,,base,2,0,0.6314308,1
Orthopoxvirus,prot_t5_xl_half_uniref50-enc,,base,2,0,0.6628452,1
Orthopoxvirus,prot_t5_xl_half_uniref50-enc,,base,2,0,0.6907296,1
Orthopoxvirus,prot_t5_xl_half_uniref50-enc,,base,2,0,0.6753403,1
Orthopoxvirus,prot_t5_xl_half_uniref50-enc,,base,2,0,0.63536996,1
Orthopoxvirus,prot_t5_xl_half_uniref50-enc,,base,2,0,0.634374,1
Orthopoxvirus,prot_t5_xl_half_uniref50-enc,,base,2,0,0.57124,1
Orthopoxvirus,prot_t5_xl_half_uniref50-enc,,base,2,0,0.6199734,1
Orthopoxvirus,prot_t5_xl_half_uniref50-enc,,base,2,0,0.5199638,1
Orthopoxvirus,prot_t5_xl_half_uniref50-enc,,base,2,0,0.53074366,1
Orthopoxvirus,prot_t5_xl_half_uniref50-enc,,base,2,0,0.456569,0
Orthopoxvirus,prot_t5_xl_half_uniref50-enc,,base,2,0,0.5871485,1
Orthopoxvirus,prot_t5_xl_half_uniref50-enc,,base,2,0,0.54551315,1
Orthopoxvirus,prot_t5_xl_half_uniref50-enc,,base,2,0,0.52602535,1
Orthopoxvirus,prot_t5_xl_half_uniref50-enc,,base,2,0,0.52999115,1
Orthopoxvirus,prot_t5_xl_half_uniref50-enc,,base,2,0,0.65764993,1
Orthopoxvirus,prot_t5_xl_half_uniref50-enc,,base,2,0,0.53782386,1
Orthopoxvirus,prot_t5_xl_half_uniref50-enc,,base,2,0,0.5796225,1
Orthopoxvirus,prot_t5_xl_half_uniref50-enc,,base,2,0,0.6823019,1
Orthopoxvirus,prot_t5_xl_half_uniref50-enc,,base,2,0,0.6770174,1
Orthopoxvirus,prot_t5_xl_half_uniref50-enc,,base,2,0,0.63533545,1
Orthopoxvirus,prot_t5_xl_half_uniref50-enc,,base,2,0,0.61543006,1
Orthopoxvirus,prot_t5_xl_half_uniref50-enc,,base,2,0,0.70481586,1
Orthopoxvirus,prot_t5_xl_half_uniref50-enc,,base,2,0,0.61419934,1
Orthopoxvirus,prot_t5_xl_half_uniref50-enc,,base,2,0,0.54315794,1
Orthopoxvirus,prot_t5_xl_half_uniref50-enc,,base,2,1,0.62784535,1
Orthopoxvirus,prot_t5_xl_half_uniref50-enc,,base,2,1,0.61944157,1
Orthopoxvirus,prot_t5_xl_half_uniref50-enc,,base,2,1,0.55780405,1
Orthopoxvirus,prot_t5_xl_half_uniref50-enc,,base,2,1,0.51930076,1
Orthopoxvirus,prot_t5_xl_half_uniref50-enc,,base,2,1,0.49494183,0
Orthopoxvirus,prot_t5_xl_half_uniref50-enc,,base,2,1,0.5444852,1
Orthopoxvirus,prot_t5_xl_half_uniref50-enc,,base,2,1,0.6104528,1
Orthopoxvirus,prot_t5_xl_half_uniref50-enc,,base,2,1,0.75484055,1
Orthopoxvirus,prot_t5_xl_half_uniref50-enc,,base,2,1,0.38418183,0
Orthopoxvirus,prot_t5_xl_half_uniref50-enc,,base,2,1,0.71973413,1
Orthopoxvirus,prot_t5_xl_half_uniref50-enc,,base,2,1,0.68074465,1
Orthopoxvirus,prot_t5_xl_half_uniref50-enc,,base,2,1,0.7404884,1
Orthopoxvirus,prot_t5_xl_half_uniref50-enc,,base,2,1,0.7876829,1
Orthopoxvirus,prot_t5_xl_half_uniref50-enc,,base,2,1,0.77963763,1
Orthopoxvirus,prot_t5_xl_half_uniref50-enc,,base,2,1,0.657245,1
Orthopoxvirus,prot_t5_xl_half_uniref50-enc,,base,2,1,0.33087388,0
Orthopoxvirus,prot_t5_xl_half_uniref50-enc,,base,2,1,0.59040225,1
Orthopoxvirus,prot_t5_xl_half_uniref50-enc,,base,2,1,0.4872421,0
Orthopoxvirus,prot_t5_xl_half_uniref50-enc,,base,2,1,0.5633938,1
Orthopoxvirus,prot_t5_xl_half_uniref50-enc,,base,2,1,0.68438673,1
Orthopoxvirus,prot_t5_xl_half_uniref50-enc,,base,2,1,0.64852995,1
Orthopoxvirus,prot_t5_xl_half_uniref50-enc,,base,2,1,0.5786124,1
Orthopoxvirus,prot_t5_xl_half_uniref50-enc,,base,2,1,0.5847518,1
Orthopoxvirus,prot_t5_xl_half_uniref50-enc,,base,2,1,0.6291511,1
Orthopoxvirus,prot_t5_xl_half_uniref50-enc,,base,2,1,0.42589068,0
Orthopoxvirus,prot_t5_xl_half_uniref50-enc,,base,2,1,0.57605946,1
Orthopoxvirus,prot_t5_xl_half_uniref50-enc,,base,2,1,0.5587097,1
Orthopoxvirus,prot_t5_xl_half_uniref50-enc,,base,2,1,0.5506878,1
Orthopoxvirus,prot_t5_xl_half_uniref50-enc,,base,2,1,0.5981623,1
Orthopoxvirus,prot_t5_xl_half_uniref50-enc,,base,2,1,0.42940167,0
Orthopoxvirus,prot_t5_xl_half_uniref50-enc,,base,2,1,0.64047515,1
Orthopoxvirus,prot_t5_xl_half_uniref50-enc,,base,2,1,0.5105316,1
Orthopoxvirus,prot_t5_xl_half_uniref50-enc,,base,2,1,0.55660623,1
Orthopoxvirus,prot_t5_xl_half_uniref50-enc,,base,2,1,0.6547376,1
Orthopoxvirus,prot_t5_xl_half_uniref50-enc,,base,2,1,0.6529197,1
Orthopoxvirus,prot_t5_xl_half_uniref50-enc,,base,2,1,0.47524646,0
Orthopoxvirus,prot_t5_xl_half_uniref50-enc,,base,2,1,0.4700901,0
Orthopoxvirus,prot_t5_xl_half_uniref50-enc,,base,2,1,0.7063416,1
Orthopoxvirus,prot_t5_xl_half_uniref50-enc,,base,2,1,0.7009563,1
Orthopoxvirus,prot_t5_xl_half_uniref50-enc,,base,2,1,0.6903073,1
Orthopoxvirus,prot_t5_xl_half_uniref50-enc,,base,2,1,0.5745381,1
Orthopoxvirus,prot_t5_xl_half_uniref50-enc,,base,2,1,0.4993488,0
Orthopoxvirus,prot_t5_xl_half_uniref50-enc,,base,2,1,0.45130095,0
Orthopoxvirus,prot_t5_xl_half_uniref50-enc,,base,2,1,0.39070347,0
Orthopoxvirus,prot_t5_xl_half_uniref50-enc,,base,2,1,0.6778465,1
Orthopoxvirus,prot_t5_xl_half_uniref50-enc,,base,2,1,0.6826202,1
Orthopoxvirus,prot_t5_xl_half_uniref50-enc,,base,2,1,0.70687646,1
Orthopoxvirus,prot_t5_xl_half_uniref50-enc,,base,2,1,0.6107553,1
Orthopoxvirus,prot_t5_xl_half_uniref50-enc,,base,2,1,0.64101124,1
Orthopoxvirus,prot_t5_xl_half_uniref50-enc,,base,2,1,0.58908623,1
Orthopoxvirus,prot_t5_xl_half_uniref50-enc,,base,2,1,0.70210683,1
Orthopoxvirus,prot_t5_xl_half_uniref50-enc,,base,2,1,0.67148167,1
Orthopoxvirus,prot_t5_xl_half_uniref50-enc,,base,2,1,0.64163464,1
Orthopoxvirus,prot_t5_xl_half_uniref50-enc,,base,2,1,0.4941795,0
Orthopoxvirus,prot_t5_xl_half_uniref50-enc,,base,2,1,0.4282315,0
Orthopoxvirus,prot_t5_xl_half_uniref50-enc,,base,2,1,0.43115622,0
Orthopoxvirus,prot_t5_xl_half_uniref50-enc,,base,2,1,0.5070613,1
Orthopoxvirus,prot_t5_xl_half_uniref50-enc,,base,2,1,0.4894879,0
Orthopoxvirus,prot_t5_xl_half_uniref50-enc,,base,2,1,0.38449913,0
Orthopoxvirus,prot_t5_xl_half_uniref50-enc,,base,2,1,0.47732103,0
Orthopoxvirus,prot_t5_xl_half_uniref50-enc,,base,2,1,0.56932443,1
Orthopoxvirus,prot_t5_xl_half_uniref50-enc,,base,2,1,0.5117679,1
Orthopoxvirus,prot_t5_xl_half_uniref50-enc,,base,2,1,0.5828633,1
Orthopoxvirus,prot_t5_xl_half_uniref50-enc,,base,2,1,0.4315006,0
Orthopoxvirus,prot_t5_xl_half_uniref50-enc,,base,2,1,0.7079922,1
Orthopoxvirus,prot_t5_xl_half_uniref50-enc,,base,2,1,0.4767179,0
Orthopoxvirus,prot_t5_xl_half_uniref50-enc,,base,2,1,0.56205815,1
Orthopoxvirus,prot_t5_xl_half_uniref50-enc,,base,2,1,0.43741113,0
Orthopoxvirus,prot_t5_xl_half_uniref50-enc,,base,2,1,0.63929397,1
Orthopoxvirus,prot_t5_xl_half_uniref50-enc,,base,2,1,0.68495697,1
Orthopoxvirus,prot_t5_xl_half_uniref50-enc,,base,2,1,0.75910926,1
Orthopoxvirus,prot_t5_xl_half_uniref50-enc,,base,2,1,0.70560205,1
Orthopoxvirus,prot_t5_xl_half_uniref50-enc,,base,2,1,0.7050786,1
Orthopoxvirus,prot_t5_xl_half_uniref50-enc,,base,2,1,0.65768355,1
Orthopoxvirus,prot_t5_xl_half_uniref50-enc,,base,2,1,0.71149844,1
Orthopoxvirus,prot_t5_xl_half_uniref50-enc,,base,2,1,0.5578692,1
Orthopoxvirus,prot_t5_xl_half_uniref50-enc,,base,2,1,0.57304776,1
Orthopoxvirus,prot_t5_xl_half_uniref50-enc,,base,2,1,0.68435025,1
Orthopoxvirus,prot_t5_xl_half_uniref50-enc,,base,2,1,0.6312411,1
Orthopoxvirus,prot_t5_xl_half_uniref50-enc,,base,2,1,0.5703982,1
Orthopoxvirus,prot_t5_xl_half_uniref50-enc,,base,2,1,0.6585808,1
Orthopoxvirus,prot_t5_xl_half_uniref50-enc,,base,2,1,0.5757629,1
Orthopoxvirus,prot_t5_xl_half_uniref50-enc,,base,2,1,0.60386884,1
Orthopoxvirus,prot_t5_xl_half_uniref50-enc,,base,2,1,0.6440603,1
Orthopoxvirus,prot_t5_xl_half_uniref50-enc,,base,2,1,0.650393,1
Orthopoxvirus,prot_t5_xl_half_uniref50-enc,,base,2,1,0.6018939,1
Orthopoxvirus,prot_t5_xl_half_uniref50-enc,,base,2,1,0.57898,1
Orthopoxvirus,prot_t5_xl_half_uniref50-enc,,base,2,1,0.68832827,1
Orthopoxvirus,prot_t5_xl_half_uniref50-enc,,base,2,1,0.67792726,1
Orthopoxvirus,prot_t5_xl_half_uniref50-enc,,base,2,1,0.584927,1
Orthopoxvirus,prot_t5_xl_half_uniref50-enc,,base,2,1,0.6591017,1
Orthopoxvirus,prot_t5_xl_half_uniref50-enc,,base,2,1,0.6329573,1
Orthopoxvirus,prot_t5_xl_half_uniref50-enc,,base,2,1,0.6501807,1
Orthopoxvirus,prot_t5_xl_half_uniref50-enc,,base,2,1,0.63401335,1
Orthopoxvirus,prot_t5_xl_half_uniref50-enc,,base,2,1,0.69140387,1
Orthopoxvirus,prot_t5_xl_half_uniref50-enc,,base,2,1,0.60551393,1
Orthopoxvirus,prot_t5_xl_half_uniref50-enc,,base,2,1,0.67219007,1
Orthopoxvirus,prot_t5_xl_half_uniref50-enc,,base,2,1,0.703357,1
Orthopoxvirus,prot_t5_xl_half_uniref50-enc,,base,2,1,0.74792045,1
Orthopoxvirus,prot_t5_xl_half_uniref50-enc,,base,2,1,0.683018,1
Orthopoxvirus,prot_t5_xl_half_uniref50-enc,,base,2,1,0.64448076,1
Orthopoxvirus,prot_t5_xl_half_uniref50-enc,,base,2,1,0.7219452,1
Orthopoxvirus,prot_t5_xl_half_uniref50-enc,,base,2,1,0.6013246,1
Orthopoxvirus,prot_t5_xl_half_uniref50-enc,,base,2,1,0.63171357,1
Orthopoxvirus,prot_t5_xl_half_uniref50-enc,,base,2,1,0.6043396,1
Orthopoxvirus,prot_t5_xl_half_uniref50-enc,,base,2,1,0.52916205,1
Orthopoxvirus,prot_t5_xl_half_uniref50-enc,,base,2,1,0.5663482,1
Orthopoxvirus,prot_t5_xl_half_uniref50-enc,,base,2,1,0.5797635,1
Orthopoxvirus,prot_t5_xl_half_uniref50-enc,,base,2,1,0.5813793,1
Orthopoxvirus,prot_t5_xl_half_uniref50-enc,,base,2,1,0.5406374,1
Orthopoxvirus,prot_t5_xl_half_uniref50-enc,,base,2,1,0.60909826,1
Orthopoxvirus,prot_t5_xl_half_uniref50-enc,,base,2,1,0.66205496,1
Orthopoxvirus,prot_t5_xl_half_uniref50-enc,,base,2,1,0.47322038,0
Orthopoxvirus,prot_t5_xl_half_uniref50-enc,,base,2,1,0.5726473,1
Orthopoxvirus,prot_t5_xl_half_uniref50-enc,,base,2,1,0.44358686,0
Orthopoxvirus,prot_t5_xl_half_uniref50-enc,,base,2,1,0.55679184,1
Orthopoxvirus,prot_t5_xl_half_uniref50-enc,,base,2,1,0.4915918,0
Orthopoxvirus,prot_t5_xl_half_uniref50-enc,,base,2,1,0.4954074,0
Orthopoxvirus,prot_t5_xl_half_uniref50-enc,,base,2,1,0.512966,1
Orthopoxvirus,prot_t5_xl_half_uniref50-enc,,base,2,1,0.5009268,1
Orthopoxvirus,prot_t5_xl_half_uniref50-enc,,base,2,1,0.6512874,1
Orthopoxvirus,prot_t5_xl_half_uniref50-enc,,base,2,1,0.56436133,1
Orthopoxvirus,prot_t5_xl_half_uniref50-enc,,base,2,1,0.59003395,1
Orthopoxvirus,prot_t5_xl_half_uniref50-enc,,base,2,1,0.5527142,1
Orthopoxvirus,prot_t5_xl_half_uniref50-enc,,base,2,1,0.60946196,1
Orthopoxvirus,prot_t5_xl_half_uniref50-enc,,base,2,1,0.5660439,1
Orthopoxvirus,prot_t5_xl_half_uniref50-enc,,base,2,1,0.5026884,1
Orthopoxvirus,prot_t5_xl_half_uniref50-enc,,base,2,1,0.50710404,1
Orthopoxvirus,prot_t5_xl_half_uniref50-enc,,base,2,1,0.42783263,0
Orthopoxvirus,prot_t5_xl_half_uniref50-enc,,base,2,1,0.52323645,1
Orthopoxvirus,prot_t5_xl_half_uniref50-enc,,base,2,1,0.52446175,1
Orthopoxvirus,prot_t5_xl_half_uniref50-enc,,base,2,1,0.48029312,0
Orthopoxvirus,prot_t5_xl_half_uniref50-enc,,base,2,1,0.45865992,0
Orthopoxvirus,prot_t5_xl_half_uniref50-enc,,base,2,1,0.4724197,0
Orthopoxvirus,prot_t5_xl_half_uniref50-enc,,base,2,1,0.46594268,0
Orthopoxvirus,prot_t5_xl_half_uniref50-enc,,base,2,1,0.44637653,0
Orthopoxvirus,prot_t5_xl_half_uniref50-enc,,base,2,1,0.52692944,1
Orthopoxvirus,prot_t5_xl_half_uniref50-enc,,base,2,1,0.6341372,1
Orthopoxvirus,prot_t5_xl_half_uniref50-enc,,base,2,1,0.5188387,1
Orthopoxvirus,prot_t5_xl_half_uniref50-enc,,base,2,1,0.5510651,1
Orthopoxvirus,prot_t5_xl_half_uniref50-enc,,base,2,1,0.5854127,1
Orthopoxvirus,prot_t5_xl_half_uniref50-enc,,base,2,1,0.5365419,1
Orthopoxvirus,prot_t5_xl_half_uniref50-enc,,base,2,1,0.52384883,1
Orthopoxvirus,prot_t5_xl_half_uniref50-enc,,base,2,1,0.6931075,1
Orthopoxvirus,prot_t5_xl_half_uniref50-enc,,base,2,1,0.7061527,1
Orthopoxvirus,prot_t5_xl_half_uniref50-enc,,base,2,1,0.75291663,1
Orthopoxvirus,prot_t5_xl_half_uniref50-enc,,base,2,1,0.6648717,1
Orthopoxvirus,prot_t5_xl_half_uniref50-enc,,base,2,1,0.5717901,1
Orthopoxvirus,prot_t5_xl_half_uniref50-enc,,base,2,1,0.58449364,1
Orthopoxvirus,prot_t5_xl_half_uniref50-enc,,base,2,1,0.5878137,1
Orthopoxvirus,prot_t5_xl_half_uniref50-enc,,base,2,1,0.53924793,1
Orthopoxvirus,prot_t5_xl_half_uniref50-enc,,base,2,1,0.5592409,1
Orthopoxvirus,prot_t5_xl_half_uniref50-enc,,base,2,1,0.6471562,1
Orthopoxvirus,prot_t5_xl_half_uniref50-enc,,base,2,1,0.64741373,1
Orthopoxvirus,prot_t5_xl_half_uniref50-enc,,base,2,1,0.7856916,1
Orthopoxvirus,prot_t5_xl_half_uniref50-enc,,base,2,1,0.8351138,1
Orthopoxvirus,prot_t5_xl_half_uniref50-enc,,base,2,1,0.809882,1
Orthopoxvirus,prot_t5_xl_half_uniref50-enc,,base,2,1,0.83912134,1
Orthopoxvirus,prot_t5_xl_half_uniref50-enc,,base,2,1,0.8389425,1
Orthopoxvirus,prot_t5_xl_half_uniref50-enc,,base,2,1,0.8478361,1
Orthopoxvirus,prot_t5_xl_half_uniref50-enc,,base,2,1,0.9056601,1
Orthopoxvirus,prot_t5_xl_half_uniref50-enc,,base,2,1,0.8751757,1
Orthopoxvirus,prot_t5_xl_half_uniref50-enc,,base,2,1,0.7639599,1
Orthopoxvirus,prot_t5_xl_half_uniref50-enc,,base,2,1,0.78762233,1
Orthopoxvirus,prot_t5_xl_half_uniref50-enc,,base,2,1,0.7569656,1
Orthopoxvirus,prot_t5_xl_half_uniref50-enc,,base,2,1,0.7246013,1
Orthopoxvirus,prot_t5_xl_half_uniref50-enc,,base,2,1,0.56622046,1
Orthopoxvirus,prot_t5_xl_half_uniref50-enc,,base,2,1,0.578333,1
Orthopoxvirus,prot_t5_xl_half_uniref50-enc,,base,2,1,0.7266535,1
Orthopoxvirus,prot_t5_xl_half_uniref50-enc,,base,2,1,0.7556965,1
Orthopoxvirus,prot_t5_xl_half_uniref50-enc,,base,2,1,0.5119988,1
Orthopoxvirus,prot_t5_xl_half_uniref50-enc,,base,2,1,0.64519125,1
Orthopoxvirus,prot_t5_xl_half_uniref50-enc,,base,2,1,0.75472856,1
Orthopoxvirus,prot_t5_xl_half_uniref50-enc,,base,2,1,0.7189279,1
Orthopoxvirus,prot_t5_xl_half_uniref50-enc,,base,2,1,0.568469,1
Orthopoxvirus,prot_t5_xl_half_uniref50-enc,,base,2,1,0.63472986,1
Orthopoxvirus,prot_t5_xl_half_uniref50-enc,,base,2,1,0.8374778,1
Orthopoxvirus,prot_t5_xl_half_uniref50-enc,,base,2,1,0.76087785,1
Orthopoxvirus,prot_t5_xl_half_uniref50-enc,,base,2,1,0.63764316,1
Orthopoxvirus,prot_t5_xl_half_uniref50-enc,,base,2,1,0.903879,1
Orthopoxvirus,prot_t5_xl_half_uniref50-enc,,base,2,1,0.7286013,1
Orthopoxvirus,prot_t5_xl_half_uniref50-enc,,base,2,1,0.71768075,1
Orthopoxvirus,prot_t5_xl_half_uniref50-enc,,base,2,1,0.7794143,1
Orthopoxvirus,prot_t5_xl_half_uniref50-enc,,base,2,1,0.7608421,1
Orthopoxvirus,prot_t5_xl_half_uniref50-enc,,base,2,1,0.6628898,1
Orthopoxvirus,prot_t5_xl_half_uniref50-enc,,base,2,1,0.6618128,1
Orthopoxvirus,prot_t5_xl_half_uniref50-enc,,base,2,1,0.5886603,1
Orthopoxvirus,prot_t5_xl_half_uniref50-enc,,base,2,1,0.7869262,1
Orthopoxvirus,prot_t5_xl_half_uniref50-enc,,base,2,1,0.8362036,1
Orthopoxvirus,prot_t5_xl_half_uniref50-enc,,base,2,1,0.7893561,1
Orthopoxvirus,prot_t5_xl_half_uniref50-enc,,base,2,1,0.69107884,1
Orthopoxvirus,prot_t5_xl_half_uniref50-enc,,base,2,1,0.7520265,1
Orthopoxvirus,prot_t5_xl_half_uniref50-enc,,base,2,1,0.77221876,1
Orthopoxvirus,prot_t5_xl_half_uniref50-enc,,base,2,1,0.7304083,1
Orthopoxvirus,prot_t5_xl_half_uniref50-enc,,base,2,1,0.7474508,1
Orthopoxvirus,prot_t5_xl_half_uniref50-enc,,base,2,1,0.81076133,1
Orthopoxvirus,prot_t5_xl_half_uniref50-enc,,base,2,1,0.70511365,1
Orthopoxvirus,prot_t5_xl_half_uniref50-enc,,base,2,1,0.6264369,1
Orthopoxvirus,prot_t5_xl_half_uniref50-enc,,base,2,1,0.6644783,1
Orthopoxvirus,prot_t5_xl_half_uniref50-enc,,base,2,1,0.6421128,1
Orthopoxvirus,prot_t5_xl_half_uniref50-enc,,base,2,1,0.62259346,1
Orthopoxvirus,prot_t5_xl_half_uniref50-enc,,base,2,1,0.5260522,1
Orthopoxvirus,prot_t5_xl_half_uniref50-enc,,base,2,1,0.5678596,1
Orthopoxvirus,prot_t5_xl_half_uniref50-enc,,base,2,1,0.6259316,1
Orthopoxvirus,prot_t5_xl_half_uniref50-enc,,base,2,1,0.5995574,1
Orthopoxvirus,prot_t5_xl_half_uniref50-enc,,base,2,1,0.57750636,1
Orthopoxvirus,prot_t5_xl_half_uniref50-enc,,base,2,1,0.5926867,1
Orthopoxvirus,prot_t5_xl_half_uniref50-enc,,base,2,1,0.5417234,1
Orthopoxvirus,prot_t5_xl_half_uniref50-enc,,base,2,1,0.60902715,1
Orthopoxvirus,prot_t5_xl_half_uniref50-enc,,base,2,1,0.6982592,1
Orthopoxvirus,prot_t5_xl_half_uniref50-enc,,base,2,1,0.6681612,1
Orthopoxvirus,prot_t5_xl_half_uniref50-enc,,base,2,1,0.5657127,1
Orthopoxvirus,prot_t5_xl_half_uniref50-enc,,base,2,1,0.53882945,1
Orthopoxvirus,prot_t5_xl_half_uniref50-enc,,base,2,1,0.5841915,1
Orthopoxvirus,prot_t5_xl_half_uniref50-enc,,base,2,1,0.5298245,1
Orthopoxvirus,prot_t5_xl_half_uniref50-enc,,base,2,1,0.6526205,1
Orthopoxvirus,prot_t5_xl_half_uniref50-enc,,base,2,1,0.57136565,1
Orthopoxvirus,prot_t5_xl_half_uniref50-enc,,base,2,1,0.53446245,1
Orthopoxvirus,prot_t5_xl_half_uniref50-enc,,base,2,1,0.5954144,1
Orthopoxvirus,prot_t5_xl_half_uniref50-enc,,base,2,1,0.5635925,1
Orthopoxvirus,prot_t5_xl_half_uniref50-enc,,base,2,1,0.5828373,1
Orthopoxvirus,prot_t5_xl_half_uniref50-enc,,base,2,1,0.5286287,1
Orthopoxvirus,prot_t5_xl_half_uniref50-enc,,base,2,1,0.55152166,1
Orthopoxvirus,prot_t5_xl_half_uniref50-enc,,base,2,1,0.597968,1
Orthopoxvirus,prot_t5_xl_half_uniref50-enc,,base,2,1,0.7490758,1
Orthopoxvirus,prot_t5_xl_half_uniref50-enc,,base,2,1,0.6349235,1
Orthopoxvirus,prot_t5_xl_half_uniref50-enc,,base,2,1,0.5656034,1
Orthopoxvirus,prot_t5_xl_half_uniref50-enc,,base,2,1,0.7250149,1
Orthopoxvirus,prot_t5_xl_half_uniref50-enc,,base,2,1,0.7805342,1
Orthopoxvirus,prot_t5_xl_half_uniref50-enc,,base,2,1,0.84641165,1
Orthopoxvirus,prot_t5_xl_half_uniref50-enc,,base,2,1,0.8288166,1
Orthopoxvirus,prot_t5_xl_half_uniref50-enc,,base,2,1,0.6686485,1
Orthopoxvirus,prot_t5_xl_half_uniref50-enc,,base,2,1,0.72133476,1
Orthopoxvirus,prot_t5_xl_half_uniref50-enc,,base,2,1,0.7964431,1
Orthopoxvirus,prot_t5_xl_half_uniref50-enc,,base,2,1,0.56748635,1
Orthopoxvirus,prot_t5_xl_half_uniref50-enc,,base,2,1,0.55720323,1
Orthopoxvirus,prot_t5_xl_half_uniref50-enc,,base,2,1,0.682676,1
Orthopoxvirus,prot_t5_xl_half_uniref50-enc,,base,2,1,0.6865079,1
Orthopoxvirus,prot_t5_xl_half_uniref50-enc,,base,2,1,0.5227121,1
Orthopoxvirus,prot_t5_xl_half_uniref50-enc,,base,2,1,0.55960315,1
Orthopoxvirus,prot_t5_xl_half_uniref50-enc,,base,2,1,0.6173851,1
Orthopoxvirus,prot_t5_xl_half_uniref50-enc,,base,2,1,0.5964016,1
Orthopoxvirus,prot_t5_xl_half_uniref50-enc,,base,2,1,0.57786494,1
Orthopoxvirus,prot_t5_xl_half_uniref50-enc,,base,2,1,0.5023229,1
Orthopoxvirus,prot_t5_xl_half_uniref50-enc,,base,2,1,0.6166891,1
Orthopoxvirus,prot_t5_xl_half_uniref50-enc,,base,2,1,0.61825,1
Orthopoxvirus,prot_t5_xl_half_uniref50-enc,,base,2,1,0.6481416,1
Orthopoxvirus,prot_t5_xl_half_uniref50-enc,,base,2,1,0.6493027,1
Orthopoxvirus,prot_t5_xl_half_uniref50-enc,,base,2,1,0.73368996,1
Orthopoxvirus,prot_t5_xl_half_uniref50-enc,,base,2,1,0.6656838,1
Orthopoxvirus,prot_t5_xl_half_uniref50-enc,,base,2,1,0.83885133,1
Orthopoxvirus,prot_t5_xl_half_uniref50-enc,,base,2,1,0.8618569,1
Orthopoxvirus,prot_t5_xl_half_uniref50-enc,,base,2,1,0.94053036,1
Orthopoxvirus,prot_t5_xl_half_uniref50-enc,,base,2,1,0.9236955,1
Orthopoxvirus,prot_t5_xl_half_uniref50-enc,,base,2,1,0.84956676,1
Orthopoxvirus,prot_t5_xl_half_uniref50-enc,,base,2,1,0.9293494,1
Orthopoxvirus,prot_t5_xl_half_uniref50-enc,,base,2,1,0.9390394,1
Orthopoxvirus,prot_t5_xl_half_uniref50-enc,,base,2,1,0.9240113,1
Orthopoxvirus,prot_t5_xl_half_uniref50-enc,,base,2,1,0.8312228,1
Orthopoxvirus,prot_t5_xl_half_uniref50-enc,,base,2,0,0.83502537,1
Orthopoxvirus,prot_t5_xl_half_uniref50-enc,,base,2,0,0.72016054,1
Orthopoxvirus,prot_t5_xl_half_uniref50-enc,,base,2,0,0.69298184,1
Orthopoxvirus,prot_t5_xl_half_uniref50-enc,,base,2,0,0.73711914,1
Orthopoxvirus,prot_t5_xl_half_uniref50-enc,,base,2,0,0.75368047,1
Orthopoxvirus,prot_t5_xl_half_uniref50-enc,,base,2,0,0.85852885,1
Orthopoxvirus,prot_t5_xl_half_uniref50-enc,,base,2,0,0.82984793,1
Orthopoxvirus,prot_t5_xl_half_uniref50-enc,,base,2,0,0.7300903,1
Orthopoxvirus,prot_t5_xl_half_uniref50-enc,,base,2,0,0.7719576,1
Orthopoxvirus,prot_t5_xl_half_uniref50-enc,,base,2,0,0.7587115,1
Orthopoxvirus,prot_t5_xl_half_uniref50-enc,,base,3,0,0.63323754,1
Orthopoxvirus,prot_t5_xl_half_uniref50-enc,,base,3,0,0.60291845,1
Orthopoxvirus,prot_t5_xl_half_uniref50-enc,,base,3,0,0.76560354,1
Orthopoxvirus,prot_t5_xl_half_uniref50-enc,,base,3,0,0.62207115,1
Orthopoxvirus,prot_t5_xl_half_uniref50-enc,,base,3,0,0.6806346,1
Orthopoxvirus,prot_t5_xl_half_uniref50-enc,,base,3,0,0.63287276,1
Orthopoxvirus,prot_t5_xl_half_uniref50-enc,,base,3,0,0.56047064,1
Orthopoxvirus,prot_t5_xl_half_uniref50-enc,,base,3,0,0.4907639,0
Orthopoxvirus,prot_t5_xl_half_uniref50-enc,,base,3,0,0.50416595,1
Orthopoxvirus,prot_t5_xl_half_uniref50-enc,,base,3,0,0.5755729,1
Orthopoxvirus,prot_t5_xl_half_uniref50-enc,,base,3,0,0.63732654,1
Orthopoxvirus,prot_t5_xl_half_uniref50-enc,,base,3,0,0.7023762,1
Orthopoxvirus,prot_t5_xl_half_uniref50-enc,,base,3,1,0.52104956,1
Orthopoxvirus,prot_t5_xl_half_uniref50-enc,,base,3,1,0.5074153,1
Orthopoxvirus,prot_t5_xl_half_uniref50-enc,,base,3,1,0.554756,1
Orthopoxvirus,prot_t5_xl_half_uniref50-enc,,base,3,1,0.6380681,1
Orthopoxvirus,prot_t5_xl_half_uniref50-enc,,base,3,1,0.43106535,0
Orthopoxvirus,prot_t5_xl_half_uniref50-enc,,base,3,1,0.6234091,1
Orthopoxvirus,prot_t5_xl_half_uniref50-enc,,base,3,1,0.55660325,1
Orthopoxvirus,prot_t5_xl_half_uniref50-enc,,base,3,1,0.55838484,1
Orthopoxvirus,prot_t5_xl_half_uniref50-enc,,base,3,1,0.45271555,0
Orthopoxvirus,prot_t5_xl_half_uniref50-enc,,base,3,0,0.65997064,1
Orthopoxvirus,prot_t5_xl_half_uniref50-enc,,base,3,0,0.66660386,1
Orthopoxvirus,prot_t5_xl_half_uniref50-enc,,base,3,0,0.5815159,1
Orthopoxvirus,prot_t5_xl_half_uniref50-enc,,base,3,0,0.7236979,1
Orthopoxvirus,prot_t5_xl_half_uniref50-enc,,base,3,0,0.6389187,1
Orthopoxvirus,prot_t5_xl_half_uniref50-enc,,base,3,0,0.67662966,1
Orthopoxvirus,prot_t5_xl_half_uniref50-enc,,base,3,0,0.6952752,1
Orthopoxvirus,prot_t5_xl_half_uniref50-enc,,base,3,0,0.6402853,1
Orthopoxvirus,prot_t5_xl_half_uniref50-enc,,base,3,0,0.42033416,0
Orthopoxvirus,prot_t5_xl_half_uniref50-enc,,base,3,0,0.5345898,1
Orthopoxvirus,prot_t5_xl_half_uniref50-enc,,base,3,0,0.49333474,0
Orthopoxvirus,prot_t5_xl_half_uniref50-enc,,base,3,1,0.77745646,1
Orthopoxvirus,prot_t5_xl_half_uniref50-enc,,base,3,1,0.7395486,1
Orthopoxvirus,prot_t5_xl_half_uniref50-enc,,base,3,1,0.7866852,1
Orthopoxvirus,prot_t5_xl_half_uniref50-enc,,base,3,1,0.7229396,1
Orthopoxvirus,prot_t5_xl_half_uniref50-enc,,base,3,1,0.67136014,1
Orthopoxvirus,prot_t5_xl_half_uniref50-enc,,base,3,1,0.76239234,1
Orthopoxvirus,prot_t5_xl_half_uniref50-enc,,base,3,1,0.71772516,1
Orthopoxvirus,prot_t5_xl_half_uniref50-enc,,base,3,1,0.70263475,1
Orthopoxvirus,prot_t5_xl_half_uniref50-enc,,base,3,1,0.7312429,1
Orthopoxvirus,prot_t5_xl_half_uniref50-enc,,base,3,1,0.741195,1
Orthopoxvirus,prot_t5_xl_half_uniref50-enc,,base,3,1,0.85294724,1
Orthopoxvirus,prot_t5_xl_half_uniref50-enc,,base,3,1,0.85093385,1
Orthopoxvirus,prot_t5_xl_half_uniref50-enc,,base,3,1,0.7369854,1
Orthopoxvirus,prot_t5_xl_half_uniref50-enc,,base,3,1,0.7834417,1
Orthopoxvirus,prot_t5_xl_half_uniref50-enc,,base,3,1,0.707621,1
Orthopoxvirus,prot_t5_xl_half_uniref50-enc,,base,3,1,0.67214847,1
Orthopoxvirus,prot_t5_xl_half_uniref50-enc,,base,3,1,0.71661407,1
Orthopoxvirus,prot_t5_xl_half_uniref50-enc,,base,3,1,0.77611476,1
Orthopoxvirus,prot_t5_xl_half_uniref50-enc,,base,3,1,0.7106718,1
Orthopoxvirus,prot_t5_xl_half_uniref50-enc,,base,3,1,0.7285066,1
Orthopoxvirus,prot_t5_xl_half_uniref50-enc,,base,3,1,0.7177455,1
Orthopoxvirus,prot_t5_xl_half_uniref50-enc,,base,3,1,0.7358854,1
Orthopoxvirus,prot_t5_xl_half_uniref50-enc,,base,3,1,0.68082184,1
Orthopoxvirus,prot_t5_xl_half_uniref50-enc,,base,3,1,0.7471876,1
Orthopoxvirus,prot_t5_xl_half_uniref50-enc,,base,3,1,0.86129415,1
Orthopoxvirus,prot_t5_xl_half_uniref50-enc,,base,3,1,0.81891817,1
Orthopoxvirus,prot_t5_xl_half_uniref50-enc,,base,3,1,0.7482214,1
Orthopoxvirus,prot_t5_xl_half_uniref50-enc,,base,3,1,0.74060744,1
Orthopoxvirus,prot_t5_xl_half_uniref50-enc,,base,3,1,0.7600709,1
Orthopoxvirus,prot_t5_xl_half_uniref50-enc,,base,3,1,0.7689603,1
Orthopoxvirus,prot_t5_xl_half_uniref50-enc,,base,3,1,0.7384663,1
Orthopoxvirus,prot_t5_xl_half_uniref50-enc,,base,3,1,0.66633767,1
Orthopoxvirus,prot_t5_xl_half_uniref50-enc,,base,3,1,0.6696218,1
Orthopoxvirus,prot_t5_xl_half_uniref50-enc,,base,3,1,0.5080895,1
Orthopoxvirus,prot_t5_xl_half_uniref50-enc,,base,3,1,0.5332023,1
Orthopoxvirus,prot_t5_xl_half_uniref50-enc,,base,3,1,0.62470824,1
Orthopoxvirus,prot_t5_xl_half_uniref50-enc,,base,3,1,0.64411473,1
Orthopoxvirus,prot_t5_xl_half_uniref50-enc,,base,3,1,0.6830931,1
Orthopoxvirus,prot_t5_xl_half_uniref50-enc,,base,3,1,0.8124958,1
Orthopoxvirus,prot_t5_xl_half_uniref50-enc,,base,3,1,0.7032929,1
Orthopoxvirus,prot_t5_xl_half_uniref50-enc,,base,3,1,0.7900728,1
Orthopoxvirus,prot_t5_xl_half_uniref50-enc,,base,3,1,0.81246495,1
Orthopoxvirus,prot_t5_xl_half_uniref50-enc,,base,3,1,0.71272546,1
Orthopoxvirus,prot_t5_xl_half_uniref50-enc,,base,3,1,0.7531761,1
Orthopoxvirus,prot_t5_xl_half_uniref50-enc,,base,3,1,0.76539135,1
Orthopoxvirus,prot_t5_xl_half_uniref50-enc,,base,3,1,0.71138674,1
Orthopoxvirus,prot_t5_xl_half_uniref50-enc,,base,3,1,0.5653743,1
Orthopoxvirus,prot_t5_xl_half_uniref50-enc,,base,3,1,0.7252398,1
Orthopoxvirus,prot_t5_xl_half_uniref50-enc,,base,3,1,0.64828795,1
Orthopoxvirus,prot_t5_xl_half_uniref50-enc,,base,3,1,0.7697794,1
Orthopoxvirus,prot_t5_xl_half_uniref50-enc,,base,3,1,0.74339104,1
Orthopoxvirus,prot_t5_xl_half_uniref50-enc,,base,3,1,0.73279744,1
Orthopoxvirus,prot_t5_xl_half_uniref50-enc,,base,3,1,0.72174144,1
Orthopoxvirus,prot_t5_xl_half_uniref50-enc,,base,3,1,0.8041261,1
Orthopoxvirus,prot_t5_xl_half_uniref50-enc,,base,3,1,0.7556929,1
Orthopoxvirus,prot_t5_xl_half_uniref50-enc,,base,3,1,0.8889489,1
Orthopoxvirus,prot_t5_xl_half_uniref50-enc,,base,3,1,0.7882962,1
Orthopoxvirus,prot_t5_xl_half_uniref50-enc,,base,3,1,0.6699543,1
Orthopoxvirus,prot_t5_xl_half_uniref50-enc,,base,3,1,0.82096505,1
Orthopoxvirus,prot_t5_xl_half_uniref50-enc,,base,3,1,0.72831637,1
Orthopoxvirus,prot_t5_xl_half_uniref50-enc,,base,3,1,0.6675564,1
Orthopoxvirus,prot_t5_xl_half_uniref50-enc,,base,3,1,0.8723614,1
Orthopoxvirus,prot_t5_xl_half_uniref50-enc,,base,3,1,0.7120329,1
Orthopoxvirus,prot_t5_xl_half_uniref50-enc,,base,3,1,0.77338225,1
Orthopoxvirus,prot_t5_xl_half_uniref50-enc,,base,3,1,0.7242906,1
Orthopoxvirus,prot_t5_xl_half_uniref50-enc,,base,3,1,0.70941764,1
Orthopoxvirus,prot_t5_xl_half_uniref50-enc,,base,3,1,0.8413289,1
Orthopoxvirus,prot_t5_xl_half_uniref50-enc,,base,3,1,0.63523114,1
Orthopoxvirus,prot_t5_xl_half_uniref50-enc,,base,3,1,0.83288914,1
Orthopoxvirus,prot_t5_xl_half_uniref50-enc,,base,3,1,0.7188045,1
Orthopoxvirus,prot_t5_xl_half_uniref50-enc,,base,3,1,0.68533427,1
Orthopoxvirus,prot_t5_xl_half_uniref50-enc,,base,3,1,0.8646669,1
Orthopoxvirus,prot_t5_xl_half_uniref50-enc,,base,3,0,0.6622803,1
Orthopoxvirus,prot_t5_xl_half_uniref50-enc,,base,3,0,0.65136224,1
Orthopoxvirus,prot_t5_xl_half_uniref50-enc,,base,3,0,0.85437495,1
Orthopoxvirus,prot_t5_xl_half_uniref50-enc,,base,3,0,0.8388403,1
Orthopoxvirus,prot_t5_xl_half_uniref50-enc,,base,3,0,0.79894155,1
Orthopoxvirus,prot_t5_xl_half_uniref50-enc,,base,3,0,0.9248363,1
Orthopoxvirus,prot_t5_xl_half_uniref50-enc,,base,3,0,0.87745494,1
Orthopoxvirus,prot_t5_xl_half_uniref50-enc,,base,3,0,0.9093583,1
Orthopoxvirus,prot_t5_xl_half_uniref50-enc,,base,3,0,0.7465071,1
Orthopoxvirus,prot_t5_xl_half_uniref50-enc,,base,3,0,0.8385546,1
Orthopoxvirus,prot_t5_xl_half_uniref50-enc,,base,3,0,0.8271213,1
Orthopoxvirus,prot_t5_xl_half_uniref50-enc,,base,3,0,0.71550786,1
Orthopoxvirus,prot_t5_xl_half_uniref50-enc,,base,3,0,0.7957504,1
Orthopoxvirus,prot_t5_xl_half_uniref50-enc,,base,3,1,0.9043401,1
Orthopoxvirus,prot_t5_xl_half_uniref50-enc,,base,3,1,0.90824944,1
Orthopoxvirus,prot_t5_xl_half_uniref50-enc,,base,3,1,0.77717865,1
Orthopoxvirus,prot_t5_xl_half_uniref50-enc,,base,3,1,0.7085627,1
Orthopoxvirus,prot_t5_xl_half_uniref50-enc,,base,3,1,0.8948074,1
Orthopoxvirus,prot_t5_xl_half_uniref50-enc,,base,3,1,0.72413546,1
Orthopoxvirus,prot_t5_xl_half_uniref50-enc,,base,3,1,0.8105571,1
Orthopoxvirus,prot_t5_xl_half_uniref50-enc,,base,3,1,0.9213757,1
Orthopoxvirus,prot_t5_xl_half_uniref50-enc,,base,3,1,0.9043211,1
Orthopoxvirus,prot_t5_xl_half_uniref50-enc,,base,3,1,0.7111094,1
Orthopoxvirus,prot_t5_xl_half_uniref50-enc,,base,3,1,0.89985746,1
Orthopoxvirus,prot_t5_xl_half_uniref50-enc,,base,3,1,0.8298319,1
Orthopoxvirus,prot_t5_xl_half_uniref50-enc,,base,3,1,0.8984083,1
Orthopoxvirus,prot_t5_xl_half_uniref50-enc,,base,3,1,0.93568856,1
Orthopoxvirus,prot_t5_xl_half_uniref50-enc,,base,3,1,0.9241834,1
Orthopoxvirus,prot_t5_xl_half_uniref50-enc,,base,3,1,0.8138255,1
Orthopoxvirus,prot_t5_xl_half_uniref50-enc,,base,3,1,0.70973074,1
Orthopoxvirus,prot_t5_xl_half_uniref50-enc,,base,3,1,0.7581881,1
Orthopoxvirus,prot_t5_xl_half_uniref50-enc,,base,3,1,0.75614625,1
Orthopoxvirus,prot_t5_xl_half_uniref50-enc,,base,3,1,0.8980106,1
Orthopoxvirus,prot_t5_xl_half_uniref50-enc,,base,3,1,0.92238975,1
Orthopoxvirus,prot_t5_xl_half_uniref50-enc,,base,3,1,0.8940591,1
Orthopoxvirus,prot_t5_xl_half_uniref50-enc,,base,3,1,0.7977948,1
Orthopoxvirus,prot_t5_xl_half_uniref50-enc,,base,3,1,0.84622294,1
Orthopoxvirus,prot_t5_xl_half_uniref50-enc,,base,3,1,0.8818802,1
Orthopoxvirus,prot_t5_xl_half_uniref50-enc,,base,3,1,0.7177025,1
Orthopoxvirus,prot_t5_xl_half_uniref50-enc,,base,3,1,0.6994275,1
Orthopoxvirus,prot_t5_xl_half_uniref50-enc,,base,3,1,0.86379087,1
Orthopoxvirus,prot_t5_xl_half_uniref50-enc,,base,3,1,0.67738473,1
Orthopoxvirus,prot_t5_xl_half_uniref50-enc,,base,3,1,0.634033,1
Orthopoxvirus,prot_t5_xl_half_uniref50-enc,,base,3,1,0.76538163,1
Orthopoxvirus,prot_t5_xl_half_uniref50-enc,,base,3,1,0.7452935,1
Orthopoxvirus,prot_t5_xl_half_uniref50-enc,,base,3,1,0.82191366,1
Orthopoxvirus,prot_t5_xl_half_uniref50-enc,,base,3,1,0.6226165,1
Orthopoxvirus,prot_t5_xl_half_uniref50-enc,,base,3,1,0.633363,1
Orthopoxvirus,prot_t5_xl_half_uniref50-enc,,base,3,1,0.59409946,1
Orthopoxvirus,prot_t5_xl_half_uniref50-enc,,base,3,1,0.6670075,1
Orthopoxvirus,prot_t5_xl_half_uniref50-enc,,base,3,1,0.74889284,1
Orthopoxvirus,prot_t5_xl_half_uniref50-enc,,base,3,1,0.84340507,1
Orthopoxvirus,prot_t5_xl_half_uniref50-enc,,base,3,1,0.8643554,1
Orthopoxvirus,prot_t5_xl_half_uniref50-enc,,base,3,0,0.64967823,1
Orthopoxvirus,prot_t5_xl_half_uniref50-enc,,base,3,0,0.85205233,1
Orthopoxvirus,prot_t5_xl_half_uniref50-enc,,base,3,0,0.7296813,1
Orthopoxvirus,prot_t5_xl_half_uniref50-enc,,base,3,0,0.82687956,1
Orthopoxvirus,prot_t5_xl_half_uniref50-enc,,base,3,0,0.8551502,1
Orthopoxvirus,prot_t5_xl_half_uniref50-enc,,base,3,0,0.8498005,1
Orthopoxvirus,prot_t5_xl_half_uniref50-enc,,base,3,0,0.7174513,1
Orthopoxvirus,prot_t5_xl_half_uniref50-enc,,base,3,0,0.6601876,1
Orthopoxvirus,prot_t5_xl_half_uniref50-enc,,base,3,0,0.86322284,1
Orthopoxvirus,prot_t5_xl_half_uniref50-enc,,base,3,0,0.8822301,1
Orthopoxvirus,prot_t5_xl_half_uniref50-enc,,base,3,0,0.8383357,1
Orthopoxvirus,prot_t5_xl_half_uniref50-enc,,base,3,0,0.8384891,1
Orthopoxvirus,prot_t5_xl_half_uniref50-enc,,base,3,1,0.9198149,1
Orthopoxvirus,prot_t5_xl_half_uniref50-enc,,base,3,1,0.8689696,1
Orthopoxvirus,prot_t5_xl_half_uniref50-enc,,base,3,1,0.94401747,1
Orthopoxvirus,prot_t5_xl_half_uniref50-enc,,base,3,1,0.9472884,1
Orthopoxvirus,prot_t5_xl_half_uniref50-enc,,base,3,1,0.94973516,1
Orthopoxvirus,prot_t5_xl_half_uniref50-enc,,base,3,1,0.8792076,1
Orthopoxvirus,prot_t5_xl_half_uniref50-enc,,base,3,1,0.8923868,1
Orthopoxvirus,prot_t5_xl_half_uniref50-enc,,base,3,1,0.85714567,1
Orthopoxvirus,prot_t5_xl_half_uniref50-enc,,base,3,1,0.9662575,1
Orthopoxvirus,prot_t5_xl_half_uniref50-enc,,base,3,1,0.9412869,1
Orthopoxvirus,prot_t5_xl_half_uniref50-enc,,base,3,1,0.96297675,1
Orthopoxvirus,prot_t5_xl_half_uniref50-enc,,base,3,1,0.7225856,1
Orthopoxvirus,prot_t5_xl_half_uniref50-enc,,base,3,1,0.78269696,1
Orthopoxvirus,prot_t5_xl_half_uniref50-enc,,base,3,1,0.7250993,1
Orthopoxvirus,prot_t5_xl_half_uniref50-enc,,base,3,1,0.71728915,1
Orthopoxvirus,prot_t5_xl_half_uniref50-enc,,base,3,1,0.7777379,1
Orthopoxvirus,prot_t5_xl_half_uniref50-enc,,base,3,1,0.65744966,1
Orthopoxvirus,prot_t5_xl_half_uniref50-enc,,base,3,1,0.8096114,1
Orthopoxvirus,prot_t5_xl_half_uniref50-enc,,base,3,1,0.7208267,1
Orthopoxvirus,prot_t5_xl_half_uniref50-enc,,base,3,1,0.66299117,1
Orthopoxvirus,prot_t5_xl_half_uniref50-enc,,base,3,1,0.87067705,1
Orthopoxvirus,prot_t5_xl_half_uniref50-enc,,base,3,1,0.68991965,1
Orthopoxvirus,prot_t5_xl_half_uniref50-enc,,base,3,1,0.89791787,1
Orthopoxvirus,prot_t5_xl_half_uniref50-enc,,base,3,1,0.8900675,1
Orthopoxvirus,prot_t5_xl_half_uniref50-enc,,base,3,1,0.9205015,1
Orthopoxvirus,prot_t5_xl_half_uniref50-enc,,base,3,1,0.91232497,1
Orthopoxvirus,prot_t5_xl_half_uniref50-enc,,base,3,1,0.86363965,1
Orthopoxvirus,prot_t5_xl_half_uniref50-enc,,base,3,1,0.93932277,1
Orthopoxvirus,prot_t5_xl_half_uniref50-enc,,base,3,1,0.81744295,1
Orthopoxvirus,prot_t5_xl_half_uniref50-enc,,base,3,1,0.7475718,1
Orthopoxvirus,prot_t5_xl_half_uniref50-enc,,base,3,1,0.9074193,1
Orthopoxvirus,prot_t5_xl_half_uniref50-enc,,base,3,1,0.9005791,1
Orthopoxvirus,prot_t5_xl_half_uniref50-enc,,base,3,1,0.9039949,1
Orthopoxvirus,prot_t5_xl_half_uniref50-enc,,base,3,1,0.79268366,1
Orthopoxvirus,prot_t5_xl_half_uniref50-enc,,base,3,1,0.94138086,1
Orthopoxvirus,prot_t5_xl_half_uniref50-enc,,base,3,1,0.7621175,1
Orthopoxvirus,prot_t5_xl_half_uniref50-enc,,base,3,1,0.9034208,1
Orthopoxvirus,prot_t5_xl_half_uniref50-enc,,base,3,1,0.88175,1
Orthopoxvirus,prot_t5_xl_half_uniref50-enc,,base,3,1,0.80178905,1
Orthopoxvirus,prot_t5_xl_half_uniref50-enc,,base,3,1,0.9114446,1
Orthopoxvirus,prot_t5_xl_half_uniref50-enc,,base,3,1,0.87776244,1
Orthopoxvirus,prot_t5_xl_half_uniref50-enc,,base,3,1,0.7473813,1
Orthopoxvirus,prot_t5_xl_half_uniref50-enc,,base,3,1,0.68941975,1
Orthopoxvirus,prot_t5_xl_half_uniref50-enc,,base,3,1,0.73548925,1
Orthopoxvirus,prot_t5_xl_half_uniref50-enc,,base,3,1,0.80444103,1
Orthopoxvirus,prot_t5_xl_half_uniref50-enc,,base,3,1,0.68595374,1
Orthopoxvirus,prot_t5_xl_half_uniref50-enc,,base,3,1,0.73519415,1
Orthopoxvirus,prot_t5_xl_half_uniref50-enc,,base,3,1,0.8552496,1
Orthopoxvirus,prot_t5_xl_half_uniref50-enc,,base,3,1,0.80138326,1
Orthopoxvirus,prot_t5_xl_half_uniref50-enc,,base,3,1,0.7280961,1
Orthopoxvirus,prot_t5_xl_half_uniref50-enc,,base,3,1,0.9363935,1
Orthopoxvirus,prot_t5_xl_half_uniref50-enc,,base,3,1,0.66156673,1
Orthopoxvirus,prot_t5_xl_half_uniref50-enc,,base,3,1,0.6515995,1
Orthopoxvirus,prot_t5_xl_half_uniref50-enc,,base,3,1,0.87371993,1
Orthopoxvirus,prot_t5_xl_half_uniref50-enc,,base,3,1,0.83958,1
Orthopoxvirus,prot_t5_xl_half_uniref50-enc,,base,3,1,0.90693784,1
Orthopoxvirus,prot_t5_xl_half_uniref50-enc,,base,3,1,0.8588137,1
Orthopoxvirus,prot_t5_xl_half_uniref50-enc,,base,3,1,0.8704232,1
Orthopoxvirus,prot_t5_xl_half_uniref50-enc,,base,3,1,0.90465754,1
Orthopoxvirus,prot_t5_xl_half_uniref50-enc,,base,3,1,0.74335456,1
Orthopoxvirus,prot_t5_xl_half_uniref50-enc,,base,3,1,0.6680102,1
Orthopoxvirus,prot_t5_xl_half_uniref50-enc,,base,3,1,0.8733759,1
Orthopoxvirus,prot_t5_xl_half_uniref50-enc,,base,3,1,0.8124377,1
Orthopoxvirus,prot_t5_xl_half_uniref50-enc,,base,3,1,0.86260396,1
Orthopoxvirus,prot_t5_xl_half_uniref50-enc,,base,3,1,0.8553213,1
Orthopoxvirus,prot_t5_xl_half_uniref50-enc,,base,3,1,0.9006074,1
Orthopoxvirus,prot_t5_xl_half_uniref50-enc,,base,3,1,0.84462607,1
Orthopoxvirus,prot_t5_xl_half_uniref50-enc,,base,3,1,0.9141378,1
Orthopoxvirus,prot_t5_xl_half_uniref50-enc,,base,3,1,0.90401274,1
Orthopoxvirus,prot_t5_xl_half_uniref50-enc,,base,3,1,0.76232135,1
Orthopoxvirus,prot_t5_xl_half_uniref50-enc,,base,3,1,0.6965485,1
Orthopoxvirus,prot_t5_xl_half_uniref50-enc,,base,3,1,0.8764401,1
Orthopoxvirus,prot_t5_xl_half_uniref50-enc,,base,3,1,0.71995926,1
Orthopoxvirus,prot_t5_xl_half_uniref50-enc,,base,3,1,0.82160866,1
Orthopoxvirus,prot_t5_xl_half_uniref50-enc,,base,3,1,0.9241406,1
Orthopoxvirus,prot_t5_xl_half_uniref50-enc,,base,3,1,0.89744675,1
Orthopoxvirus,prot_t5_xl_half_uniref50-enc,,base,3,1,0.723313,1
Orthopoxvirus,prot_t5_xl_half_uniref50-enc,,base,3,1,0.91994,1
Orthopoxvirus,prot_t5_xl_half_uniref50-enc,,base,3,1,0.9011565,1
Orthopoxvirus,prot_t5_xl_half_uniref50-enc,,base,3,1,0.9308395,1
Orthopoxvirus,prot_t5_xl_half_uniref50-enc,,base,3,1,0.9286383,1
Orthopoxvirus,prot_t5_xl_half_uniref50-enc,,base,3,1,0.8270717,1
Orthopoxvirus,prot_t5_xl_half_uniref50-enc,,base,3,1,0.9350083,1
Orthopoxvirus,prot_t5_xl_half_uniref50-enc,,base,3,1,0.929054,1
Orthopoxvirus,prot_t5_xl_half_uniref50-enc,,base,3,1,0.9301083,1
Orthopoxvirus,prot_t5_xl_half_uniref50-enc,,base,3,1,0.82419586,1
Orthopoxvirus,prot_t5_xl_half_uniref50-enc,,base,3,1,0.7175559,1
Orthopoxvirus,prot_t5_xl_half_uniref50-enc,,base,3,1,0.7670426,1
Orthopoxvirus,prot_t5_xl_half_uniref50-enc,,base,3,1,0.7765554,1
Orthopoxvirus,prot_t5_xl_half_uniref50-enc,,base,3,1,0.9116544,1
Orthopoxvirus,prot_t5_xl_half_uniref50-enc,,base,3,1,0.9297379,1
Orthopoxvirus,prot_t5_xl_half_uniref50-enc,,base,3,1,0.8648245,1
Orthopoxvirus,prot_t5_xl_half_uniref50-enc,,base,3,1,0.7200411,1
Orthopoxvirus,prot_t5_xl_half_uniref50-enc,,base,3,1,0.8959345,1
Orthopoxvirus,prot_t5_xl_half_uniref50-enc,,base,3,1,0.9152907,1
Orthopoxvirus,prot_t5_xl_half_uniref50-enc,,base,3,1,0.9157202,1
Orthopoxvirus,prot_t5_xl_half_uniref50-enc,,base,3,1,0.89412946,1
Orthopoxvirus,prot_t5_xl_half_uniref50-enc,,base,3,1,0.79923624,1
Orthopoxvirus,prot_t5_xl_half_uniref50-enc,,base,3,1,0.9349345,1
Orthopoxvirus,prot_t5_xl_half_uniref50-enc,,base,3,1,0.9290145,1
Orthopoxvirus,prot_t5_xl_half_uniref50-enc,,base,3,1,0.75331163,1
Orthopoxvirus,prot_t5_xl_half_uniref50-enc,,base,3,1,0.67922574,1
Orthopoxvirus,prot_t5_xl_half_uniref50-enc,,base,3,1,0.7198326,1
Orthopoxvirus,prot_t5_xl_half_uniref50-enc,,base,3,1,0.77846116,1
Orthopoxvirus,prot_t5_xl_half_uniref50-enc,,base,3,1,0.65860784,1
Orthopoxvirus,prot_t5_xl_half_uniref50-enc,,base,3,1,0.6908303,1
Orthopoxvirus,prot_t5_xl_half_uniref50-enc,,base,3,1,0.8221443,1
Orthopoxvirus,prot_t5_xl_half_uniref50-enc,,base,3,1,0.7874097,1
Orthopoxvirus,prot_t5_xl_half_uniref50-enc,,base,3,1,0.9037222,1
Orthopoxvirus,prot_t5_xl_half_uniref50-enc,,base,3,1,0.9169527,1
Orthopoxvirus,prot_t5_xl_half_uniref50-enc,,base,3,1,0.8841154,1
Orthopoxvirus,prot_t5_xl_half_uniref50-enc,,base,3,1,0.78282964,1
Orthopoxvirus,prot_t5_xl_half_uniref50-enc,,base,3,1,0.8446461,1
Orthopoxvirus,prot_t5_xl_half_uniref50-enc,,base,3,1,0.8532213,1
Orthopoxvirus,prot_t5_xl_half_uniref50-enc,,base,3,1,0.6745607,1
Orthopoxvirus,prot_t5_xl_half_uniref50-enc,,base,3,1,0.64015305,1
Orthopoxvirus,prot_t5_xl_half_uniref50-enc,,base,3,1,0.7015056,1
Orthopoxvirus,prot_t5_xl_half_uniref50-enc,,base,3,1,0.7106855,1
Orthopoxvirus,prot_t5_xl_half_uniref50-enc,,base,3,1,0.6647083,1
Orthopoxvirus,prot_t5_xl_half_uniref50-enc,,base,3,1,0.60210747,1
Orthopoxvirus,prot_t5_xl_half_uniref50-enc,,base,3,1,0.7037376,1
Orthopoxvirus,prot_t5_xl_half_uniref50-enc,,base,3,1,0.7353327,1
Orthopoxvirus,prot_t5_xl_half_uniref50-enc,,base,3,1,0.8272009,1
Orthopoxvirus,prot_t5_xl_half_uniref50-enc,,base,3,1,0.6216034,1
Orthopoxvirus,prot_t5_xl_half_uniref50-enc,,base,3,1,0.6419975,1
Orthopoxvirus,prot_t5_xl_half_uniref50-enc,,base,3,1,0.5978697,1
Orthopoxvirus,prot_t5_xl_half_uniref50-enc,,base,3,1,0.6841025,1
Orthopoxvirus,prot_t5_xl_half_uniref50-enc,,base,3,1,0.7712698,1
Orthopoxvirus,prot_t5_xl_half_uniref50-enc,,base,3,1,0.85273486,1
Orthopoxvirus,prot_t5_xl_half_uniref50-enc,,base,3,1,0.87001085,1
Orthopoxvirus,prot_t5_xl_half_uniref50-enc,,base,3,1,0.56989104,1
Orthopoxvirus,prot_t5_xl_half_uniref50-enc,,base,3,1,0.5037463,1
Orthopoxvirus,prot_t5_xl_half_uniref50-enc,,base,3,1,0.49806336,0
Orthopoxvirus,prot_t5_xl_half_uniref50-enc,,base,3,1,0.52725554,1
Orthopoxvirus,prot_t5_xl_half_uniref50-enc,,base,3,1,0.5949121,1
Orthopoxvirus,prot_t5_xl_half_uniref50-enc,,base,3,1,0.70137525,1
Orthopoxvirus,prot_t5_xl_half_uniref50-enc,,base,3,1,0.5664162,1
Orthopoxvirus,prot_t5_xl_half_uniref50-enc,,base,3,1,0.73608226,1
Orthopoxvirus,prot_t5_xl_half_uniref50-enc,,base,3,1,0.7476996,1
Orthopoxvirus,prot_t5_xl_half_uniref50-enc,,base,3,1,0.5978574,1
Orthopoxvirus,prot_t5_xl_half_uniref50-enc,,base,3,1,0.84330076,1
Orthopoxvirus,prot_t5_xl_half_uniref50-enc,,base,3,1,0.6197795,1
Orthopoxvirus,prot_t5_xl_half_uniref50-enc,,base,3,1,0.6629185,1
Orthopoxvirus,prot_t5_xl_half_uniref50-enc,,base,3,1,0.86899656,1
Orthopoxvirus,prot_t5_xl_half_uniref50-enc,,base,3,1,0.68987304,1
Orthopoxvirus,prot_t5_xl_half_uniref50-enc,,base,3,1,0.897096,1
Orthopoxvirus,prot_t5_xl_half_uniref50-enc,,base,3,1,0.88897187,1
Orthopoxvirus,prot_t5_xl_half_uniref50-enc,,base,3,1,0.9198268,1
Orthopoxvirus,prot_t5_xl_half_uniref50-enc,,base,3,1,0.9122805,1
Orthopoxvirus,prot_t5_xl_half_uniref50-enc,,base,3,1,0.862893,1
Orthopoxvirus,prot_t5_xl_half_uniref50-enc,,base,3,1,0.9387506,1
Orthopoxvirus,prot_t5_xl_half_uniref50-enc,,base,3,1,0.81699884,1
Orthopoxvirus,prot_t5_xl_half_uniref50-enc,,base,3,1,0.74704176,1
Orthopoxvirus,prot_t5_xl_half_uniref50-enc,,base,3,1,0.9067344,1
Orthopoxvirus,prot_t5_xl_half_uniref50-enc,,base,3,1,0.8996135,1
Orthopoxvirus,prot_t5_xl_half_uniref50-enc,,base,3,1,0.9035385,1
Orthopoxvirus,prot_t5_xl_half_uniref50-enc,,base,3,1,0.79257166,1
Orthopoxvirus,prot_t5_xl_half_uniref50-enc,,base,3,1,0.7586602,1
Orthopoxvirus,prot_t5_xl_half_uniref50-enc,,base,3,1,0.9056819,1
Orthopoxvirus,prot_t5_xl_half_uniref50-enc,,base,3,1,0.80519736,1
Orthopoxvirus,prot_t5_xl_half_uniref50-enc,,base,3,1,0.8516823,1
Orthopoxvirus,prot_t5_xl_half_uniref50-enc,,base,3,1,0.87970155,1
Orthopoxvirus,prot_t5_xl_half_uniref50-enc,,base,3,1,0.7223038,1
Orthopoxvirus,prot_t5_xl_half_uniref50-enc,,base,3,1,0.7094866,1
Orthopoxvirus,prot_t5_xl_half_uniref50-enc,,base,3,1,0.8693197,1
Orthopoxvirus,prot_t5_xl_half_uniref50-enc,,base,3,1,0.68235815,1
Orthopoxvirus,prot_t5_xl_half_uniref50-enc,,base,3,1,0.6453387,1
Orthopoxvirus,prot_t5_xl_half_uniref50-enc,,base,3,1,0.78227156,1
Orthopoxvirus,prot_t5_xl_half_uniref50-enc,,base,3,1,0.75893074,1
Orthopoxvirus,prot_t5_xl_half_uniref50-enc,,base,3,1,0.8322538,1
Orthopoxvirus,prot_t5_xl_half_uniref50-enc,,base,3,1,0.62663627,1
Orthopoxvirus,prot_t5_xl_half_uniref50-enc,,base,3,1,0.6444818,1
Orthopoxvirus,prot_t5_xl_half_uniref50-enc,,base,3,1,0.45961845,0
Orthopoxvirus,prot_t5_xl_half_uniref50-enc,,base,3,1,0.39425954,0
Orthopoxvirus,prot_t5_xl_half_uniref50-enc,,base,3,1,0.41543335,0
Orthopoxvirus,prot_t5_xl_half_uniref50-enc,,base,3,1,0.43334654,0
Orthopoxvirus,prot_t5_xl_half_uniref50-enc,,base,3,1,0.5020417,1
Orthopoxvirus,prot_t5_xl_half_uniref50-enc,,base,3,1,0.5194698,1
Orthopoxvirus,prot_t5_xl_half_uniref50-enc,,base,3,1,0.5036519,1
Orthopoxvirus,prot_t5_xl_half_uniref50-enc,,base,3,1,0.60082525,1
Orthopoxvirus,prot_t5_xl_half_uniref50-enc,,base,3,1,0.53763497,1
Orthopoxvirus,prot_t5_xl_half_uniref50-enc,,base,3,1,0.5581574,1
Orthopoxvirus,prot_t5_xl_half_uniref50-enc,,base,3,1,0.5176289,1
Orthopoxvirus,prot_t5_xl_half_uniref50-enc,,base,3,1,0.62191886,1
Orthopoxvirus,prot_t5_xl_half_uniref50-enc,,base,3,1,0.5818618,1
Orthopoxvirus,prot_t5_xl_half_uniref50-enc,,base,3,1,0.55912566,1
Orthopoxvirus,prot_t5_xl_half_uniref50-enc,,base,3,1,0.553036,1
Orthopoxvirus,prot_t5_xl_half_uniref50-enc,,base,3,1,0.71409786,1
Orthopoxvirus,prot_t5_xl_half_uniref50-enc,,base,3,1,0.785373,1
Orthopoxvirus,prot_t5_xl_half_uniref50-enc,,base,3,1,0.72671866,1
Orthopoxvirus,prot_t5_xl_half_uniref50-enc,,base,3,1,0.7251419,1
Orthopoxvirus,prot_t5_xl_half_uniref50-enc,,base,3,1,0.8439797,1
Orthopoxvirus,prot_t5_xl_half_uniref50-enc,,base,3,1,0.66577417,1
Orthopoxvirus,prot_t5_xl_half_uniref50-enc,,base,3,1,0.82525,1
Orthopoxvirus,prot_t5_xl_half_uniref50-enc,,base,3,1,0.7278067,1
Orthopoxvirus,prot_t5_xl_half_uniref50-enc,,base,3,1,0.6701549,1
Orthopoxvirus,prot_t5_xl_half_uniref50-enc,,base,3,1,0.8715127,1
Orthopoxvirus,prot_t5_xl_half_uniref50-enc,,base,3,1,0.59212893,1
Orthopoxvirus,prot_t5_xl_half_uniref50-enc,,base,3,1,0.59335643,1
Orthopoxvirus,prot_t5_xl_half_uniref50-enc,,base,3,1,0.3992229,0
Orthopoxvirus,prot_t5_xl_half_uniref50-enc,,base,3,1,0.34923697,0
Orthopoxvirus,prot_t5_xl_half_uniref50-enc,,base,3,1,0.43578893,0
Orthopoxvirus,prot_t5_xl_half_uniref50-enc,,base,3,1,0.30366638,0
Orthopoxvirus,prot_t5_xl_half_uniref50-enc,,base,3,1,0.4322732,0
Orthopoxvirus,prot_t5_xl_half_uniref50-enc,,base,3,1,0.3504734,0
Orthopoxvirus,prot_t5_xl_half_uniref50-enc,,base,3,1,0.6068783,1
Orthopoxvirus,prot_t5_xl_half_uniref50-enc,,base,3,1,0.4991744,0
Orthopoxvirus,prot_t5_xl_half_uniref50-enc,,base,3,1,0.6441331,1
Orthopoxvirus,prot_t5_xl_half_uniref50-enc,,base,3,1,0.6627445,1
Orthopoxvirus,prot_t5_xl_half_uniref50-enc,,base,3,1,0.624593,1
Orthopoxvirus,prot_t5_xl_half_uniref50-enc,,base,3,1,0.5346774,1
Orthopoxvirus,prot_t5_xl_half_uniref50-enc,,base,3,1,0.63278407,1
Orthopoxvirus,prot_t5_xl_half_uniref50-enc,,base,3,1,0.5660976,1
Orthopoxvirus,prot_t5_xl_half_uniref50-enc,,base,3,1,0.63199955,1
Orthopoxvirus,prot_t5_xl_half_uniref50-enc,,base,3,1,0.62606114,1
Orthopoxvirus,prot_t5_xl_half_uniref50-enc,,base,3,1,0.64528555,1
Orthopoxvirus,prot_t5_xl_half_uniref50-enc,,base,3,1,0.6073838,1
Orthopoxvirus,prot_t5_xl_half_uniref50-enc,,base,3,1,0.57820207,1
Orthopoxvirus,prot_t5_xl_half_uniref50-enc,,base,3,1,0.62207115,1
Orthopoxvirus,prot_t5_xl_half_uniref50-enc,,base,3,1,0.6806346,1
Orthopoxvirus,prot_t5_xl_half_uniref50-enc,,base,3,1,0.6328728,1
Orthopoxvirus,prot_t5_xl_half_uniref50-enc,,base,3,1,0.56047064,1
Orthopoxvirus,prot_t5_xl_half_uniref50-enc,,base,3,1,0.4907639,0
Orthopoxvirus,prot_t5_xl_half_uniref50-enc,,base,3,1,0.50416595,1
Orthopoxvirus,prot_t5_xl_half_uniref50-enc,,base,3,1,0.5755729,1
Orthopoxvirus,prot_t5_xl_half_uniref50-enc,,base,3,1,0.63732654,1
Orthopoxvirus,prot_t5_xl_half_uniref50-enc,,base,3,1,0.7023762,1
Orthopoxvirus,prot_t5_xl_half_uniref50-enc,,base,3,1,0.66102105,1
Orthopoxvirus,prot_t5_xl_half_uniref50-enc,,base,3,1,0.69253963,1
Orthopoxvirus,prot_t5_xl_half_uniref50-enc,,base,3,1,0.5076057,1
Orthopoxvirus,prot_t5_xl_half_uniref50-enc,,base,3,1,0.72111547,1
Orthopoxvirus,prot_t5_xl_half_uniref50-enc,,base,3,1,0.5529471,1
Orthopoxvirus,prot_t5_xl_half_uniref50-enc,,base,3,1,0.6589465,1
Orthopoxvirus,prot_t5_xl_half_uniref50-enc,,base,3,1,0.6842522,1
Orthopoxvirus,prot_t5_xl_half_uniref50-enc,,base,3,1,0.62988675,1
Orthopoxvirus,prot_t5_xl_half_uniref50-enc,,base,3,1,0.6603768,1
Orthopoxvirus,prot_t5_xl_half_uniref50-enc,,base,3,1,0.6535731,1
Orthopoxvirus,prot_t5_xl_half_uniref50-enc,,base,3,1,0.727959,1
Orthopoxvirus,prot_t5_xl_half_uniref50-enc,,base,3,1,0.74300814,1
Orthopoxvirus,prot_t5_xl_half_uniref50-enc,,base,3,1,0.7498644,1
Orthopoxvirus,prot_t5_xl_half_uniref50-enc,,base,3,1,0.7455948,1
Orthopoxvirus,prot_t5_xl_half_uniref50-enc,,base,3,1,0.68376863,1
Orthopoxvirus,prot_t5_xl_half_uniref50-enc,,base,3,1,0.72048116,1
Orthopoxvirus,prot_t5_xl_half_uniref50-enc,,base,3,1,0.81587404,1
Orthopoxvirus,prot_t5_xl_half_uniref50-enc,,base,3,1,0.7785121,1
Orthopoxvirus,prot_t5_xl_half_uniref50-enc,,base,3,1,0.7495849,1
Orthopoxvirus,prot_t5_xl_half_uniref50-enc,,base,3,1,0.6990445,1
Orthopoxvirus,prot_t5_xl_half_uniref50-enc,,base,3,1,0.59071195,1
Orthopoxvirus,prot_t5_xl_half_uniref50-enc,,base,3,0,0.37185904,0
Orthopoxvirus,prot_t5_xl_half_uniref50-enc,,base,3,0,0.27585298,0
Orthopoxvirus,prot_t5_xl_half_uniref50-enc,,base,3,0,0.30215293,0
Orthopoxvirus,prot_t5_xl_half_uniref50-enc,,base,3,0,0.24451196,0
Orthopoxvirus,prot_t5_xl_half_uniref50-enc,,base,3,0,0.27954727,0
Orthopoxvirus,prot_t5_xl_half_uniref50-enc,,base,3,0,0.24280922,0
Orthopoxvirus,prot_t5_xl_half_uniref50-enc,,base,3,0,0.33174625,0
Orthopoxvirus,prot_t5_xl_half_uniref50-enc,,base,3,0,0.3191984,0
Orthopoxvirus,prot_t5_xl_half_uniref50-enc,,base,3,0,0.262688,0
Orthopoxvirus,prot_t5_xl_half_uniref50-enc,,base,3,0,0.3199567,0
Orthopoxvirus,prot_t5_xl_half_uniref50-enc,,base,3,0,0.36916304,0
Orthopoxvirus,prot_t5_xl_half_uniref50-enc,,base,3,0,0.31801867,0
Orthopoxvirus,prot_t5_xl_half_uniref50-enc,,base,3,0,0.3858215,0
Orthopoxvirus,prot_t5_xl_half_uniref50-enc,,base,3,0,0.38298506,0
Orthopoxvirus,prot_t5_xl_half_uniref50-enc,,base,3,0,0.36292335,0
Orthopoxvirus,prot_t5_xl_half_uniref50-enc,,base,3,0,0.47714332,0
Orthopoxvirus,prot_t5_xl_half_uniref50-enc,,base,3,0,0.42561796,0
Orthopoxvirus,prot_t5_xl_half_uniref50-enc,,base,3,0,0.30038923,0
Orthopoxvirus,prot_t5_xl_half_uniref50-enc,,base,3,0,0.3621858,0
Orthopoxvirus,prot_t5_xl_half_uniref50-enc,,base,3,0,0.46388346,0
Orthopoxvirus,prot_t5_xl_half_uniref50-enc,,base,3,0,0.44340712,0
Orthopoxvirus,prot_t5_xl_half_uniref50-enc,,base,3,0,0.354108,0
Orthopoxvirus,prot_t5_xl_half_uniref50-enc,,base,3,0,0.32127213,0
Orthopoxvirus,prot_t5_xl_half_uniref50-enc,,base,3,0,0.34801936,0
Orthopoxvirus,prot_t5_xl_half_uniref50-enc,,base,3,0,0.3320462,0
Orthopoxvirus,prot_t5_xl_half_uniref50-enc,,base,3,0,0.3139574,0
Orthopoxvirus,prot_t5_xl_half_uniref50-enc,,base,3,1,0.28833938,0
Orthopoxvirus,prot_t5_xl_half_uniref50-enc,,base,3,1,0.32915017,0
Orthopoxvirus,prot_t5_xl_half_uniref50-enc,,base,3,1,0.41807386,0
Orthopoxvirus,prot_t5_xl_half_uniref50-enc,,base,3,1,0.35837436,0
Orthopoxvirus,prot_t5_xl_half_uniref50-enc,,base,3,1,0.42811146,0
Orthopoxvirus,prot_t5_xl_half_uniref50-enc,,base,3,1,0.41286787,0
Orthopoxvirus,prot_t5_xl_half_uniref50-enc,,base,3,1,0.49074957,0
Orthopoxvirus,prot_t5_xl_half_uniref50-enc,,base,3,0,0.4129012,0
Orthopoxvirus,prot_t5_xl_half_uniref50-enc,,base,3,0,0.4018922,0
Orthopoxvirus,prot_t5_xl_half_uniref50-enc,,base,3,0,0.28685936,0
Orthopoxvirus,prot_t5_xl_half_uniref50-enc,,base,3,0,0.3914598,0
Orthopoxvirus,prot_t5_xl_half_uniref50-enc,,base,3,0,0.50330734,1
Orthopoxvirus,prot_t5_xl_half_uniref50-enc,,base,3,0,0.49953797,0
Orthopoxvirus,prot_t5_xl_half_uniref50-enc,,base,3,0,0.46980184,0
Orthopoxvirus,prot_t5_xl_half_uniref50-enc,,base,3,0,0.46040425,0
Orthopoxvirus,prot_t5_xl_half_uniref50-enc,,base,3,0,0.3847289,0
Orthopoxvirus,prot_t5_xl_half_uniref50-enc,,base,3,0,0.41499403,0
Orthopoxvirus,prot_t5_xl_half_uniref50-enc,,base,3,0,0.308522,0
Orthopoxvirus,prot_t5_xl_half_uniref50-enc,,base,3,0,0.3086209,0
Orthopoxvirus,prot_t5_xl_half_uniref50-enc,,base,3,0,0.30485147,0
Orthopoxvirus,prot_t5_xl_half_uniref50-enc,,base,3,0,0.4277154,0
Orthopoxvirus,prot_t5_xl_half_uniref50-enc,,base,3,0,0.3183166,0
Orthopoxvirus,prot_t5_xl_half_uniref50-enc,,base,3,0,0.28504655,0
Orthopoxvirus,prot_t5_xl_half_uniref50-enc,,base,3,0,0.43000278,0
Orthopoxvirus,prot_t5_xl_half_uniref50-enc,,base,3,0,0.531517,1
Orthopoxvirus,prot_t5_xl_half_uniref50-enc,,base,3,0,0.48981166,0
Orthopoxvirus,prot_t5_xl_half_uniref50-enc,,base,3,0,0.41623133,0
Orthopoxvirus,prot_t5_xl_half_uniref50-enc,,base,3,0,0.3754545,0
Orthopoxvirus,prot_t5_xl_half_uniref50-enc,,base,3,0,0.5285188,1
Orthopoxvirus,prot_t5_xl_half_uniref50-enc,,base,3,0,0.38656738,0
Orthopoxvirus,prot_t5_xl_half_uniref50-enc,,base,3,0,0.36296883,0
Orthopoxvirus,prot_t5_xl_half_uniref50-enc,,base,3,0,0.28464398,0
Orthopoxvirus,prot_t5_xl_half_uniref50-enc,,base,3,0,0.31894547,0
Orthopoxvirus,prot_t5_xl_half_uniref50-enc,,base,3,0,0.4228295,0
Orthopoxvirus,prot_t5_xl_half_uniref50-enc,,base,3,0,0.40346205,0
Orthopoxvirus,prot_t5_xl_half_uniref50-enc,,base,3,0,0.26975223,0
Orthopoxvirus,prot_t5_xl_half_uniref50-enc,,base,3,0,0.26143682,0
Orthopoxvirus,prot_t5_xl_half_uniref50-enc,,base,3,0,0.39467967,0
Orthopoxvirus,prot_t5_xl_half_uniref50-enc,,base,3,0,0.3418659,0
Orthopoxvirus,prot_t5_xl_half_uniref50-enc,,base,3,0,0.38014147,0
Orthopoxvirus,prot_t5_xl_half_uniref50-enc,,base,3,0,0.32330373,0
Orthopoxvirus,prot_t5_xl_half_uniref50-enc,,base,3,0,0.3224789,0
Orthopoxvirus,prot_t5_xl_half_uniref50-enc,,base,3,0,0.26615793,0
Orthopoxvirus,prot_t5_xl_half_uniref50-enc,,base,3,0,0.21726196,0
Orthopoxvirus,prot_t5_xl_half_uniref50-enc,,base,3,0,0.2648514,0
Orthopoxvirus,prot_t5_xl_half_uniref50-enc,,base,3,0,0.29533663,0
Orthopoxvirus,prot_t5_xl_half_uniref50-enc,,base,3,0,0.43961346,0
Orthopoxvirus,prot_t5_xl_half_uniref50-enc,,base,3,0,0.3877386,0
Orthopoxvirus,prot_t5_xl_half_uniref50-enc,,base,3,0,0.4264216,0
Orthopoxvirus,prot_t5_xl_half_uniref50-enc,,base,3,0,0.42488053,0
Orthopoxvirus,prot_t5_xl_half_uniref50-enc,,base,3,0,0.4343503,0
Orthopoxvirus,prot_t5_xl_half_uniref50-enc,,base,3,0,0.39707944,0
Orthopoxvirus,prot_t5_xl_half_uniref50-enc,,base,3,0,0.28125402,0
Orthopoxvirus,prot_t5_xl_half_uniref50-enc,,base,3,0,0.3028808,0
Orthopoxvirus,prot_t5_xl_half_uniref50-enc,,base,3,0,0.40270573,0
Orthopoxvirus,prot_t5_xl_half_uniref50-enc,,base,3,0,0.28972086,0
Orthopoxvirus,prot_t5_xl_half_uniref50-enc,,base,3,0,0.37588212,0
Orthopoxvirus,prot_t5_xl_half_uniref50-enc,,base,3,0,0.33705273,0
Orthopoxvirus,prot_t5_xl_half_uniref50-enc,,base,3,0,0.45085603,0
Orthopoxvirus,prot_t5_xl_half_uniref50-enc,,base,3,0,0.3622262,0
Orthopoxvirus,prot_t5_xl_half_uniref50-enc,,base,3,0,0.36179617,0
Orthopoxvirus,prot_t5_xl_half_uniref50-enc,,base,3,0,0.35410166,0
Orthopoxvirus,prot_t5_xl_half_uniref50-enc,,base,3,0,0.341664,0
Orthopoxvirus,prot_t5_xl_half_uniref50-enc,,base,3,0,0.4060622,0
Orthopoxvirus,prot_t5_xl_half_uniref50-enc,,base,3,0,0.40828127,0
Orthopoxvirus,prot_t5_xl_half_uniref50-enc,,base,3,0,0.33637804,0
Orthopoxvirus,prot_t5_xl_half_uniref50-enc,,base,3,0,0.567959,1
Orthopoxvirus,prot_t5_xl_half_uniref50-enc,,base,3,0,0.43049407,0
Orthopoxvirus,prot_t5_xl_half_uniref50-enc,,base,3,0,0.35636428,0
Orthopoxvirus,prot_t5_xl_half_uniref50-enc,,base,3,0,0.37979907,0
Orthopoxvirus,prot_t5_xl_half_uniref50-enc,,base,3,0,0.4282646,0
Orthopoxvirus,prot_t5_xl_half_uniref50-enc,,base,3,0,0.4936657,0
Orthopoxvirus,prot_t5_xl_half_uniref50-enc,,base,3,0,0.58958715,1
Orthopoxvirus,prot_t5_xl_half_uniref50-enc,,base,3,0,0.4902357,0
Orthopoxvirus,prot_t5_xl_half_uniref50-enc,,base,3,0,0.6280664,1
Orthopoxvirus,prot_t5_xl_half_uniref50-enc,,base,3,0,0.6351471,1
Orthopoxvirus,prot_t5_xl_half_uniref50-enc,,base,3,0,0.62855434,1
Orthopoxvirus,prot_t5_xl_half_uniref50-enc,,base,3,0,0.7578443,1
Orthopoxvirus,prot_t5_xl_half_uniref50-enc,,base,3,0,0.688439,1
Orthopoxvirus,prot_t5_xl_half_uniref50-enc,,base,3,0,0.82353514,1
Orthopoxvirus,prot_t5_xl_half_uniref50-enc,,base,3,0,0.7693394,1
Orthopoxvirus,prot_t5_xl_half_uniref50-enc,,base,3,0,0.73465073,1
Orthopoxvirus,prot_t5_xl_half_uniref50-enc,,base,3,1,0.5981032,1
Orthopoxvirus,prot_t5_xl_half_uniref50-enc,,base,3,1,0.5659046,1
Orthopoxvirus,prot_t5_xl_half_uniref50-enc,,base,3,1,0.5726736,1
Orthopoxvirus,prot_t5_xl_half_uniref50-enc,,base,3,1,0.5237836,1
Orthopoxvirus,prot_t5_xl_half_uniref50-enc,,base,3,1,0.6482295,1
Orthopoxvirus,prot_t5_xl_half_uniref50-enc,,base,3,1,0.692049,1
Orthopoxvirus,prot_t5_xl_half_uniref50-enc,,base,3,1,0.592642,1
Orthopoxvirus,prot_t5_xl_half_uniref50-enc,,base,3,1,0.64765763,1
Orthopoxvirus,prot_t5_xl_half_uniref50-enc,,base,3,1,0.6360574,1
Orthopoxvirus,prot_t5_xl_half_uniref50-enc,,base,3,1,0.6403062,1
Orthopoxvirus,prot_t5_xl_half_uniref50-enc,,base,3,1,0.62684745,1
Orthopoxvirus,prot_t5_xl_half_uniref50-enc,,base,3,1,0.56151736,1
Orthopoxvirus,prot_t5_xl_half_uniref50-enc,,base,3,1,0.6297282,1
Orthopoxvirus,prot_t5_xl_half_uniref50-enc,,base,3,1,0.69494784,1
Orthopoxvirus,prot_t5_xl_half_uniref50-enc,,base,3,1,0.643416,1
Orthopoxvirus,prot_t5_xl_half_uniref50-enc,,base,3,1,0.83337504,1
Orthopoxvirus,prot_t5_xl_half_uniref50-enc,,base,3,1,0.8087406,1
Orthopoxvirus,prot_t5_xl_half_uniref50-enc,,base,3,1,0.5957764,1
Orthopoxvirus,prot_t5_xl_half_uniref50-enc,,base,3,1,0.7562919,1
Orthopoxvirus,prot_t5_xl_half_uniref50-enc,,base,3,1,0.63285047,1
Orthopoxvirus,prot_t5_xl_half_uniref50-enc,,base,3,1,0.5339205,1
Orthopoxvirus,prot_t5_xl_half_uniref50-enc,,base,3,1,0.5617434,1
Orthopoxvirus,prot_t5_xl_half_uniref50-enc,,base,3,1,0.6061761,1
Orthopoxvirus,prot_t5_xl_half_uniref50-enc,,base,3,1,0.5983411,1
Orthopoxvirus,prot_t5_xl_half_uniref50-enc,,base,3,1,0.5708761,1
Orthopoxvirus,prot_t5_xl_half_uniref50-enc,,base,3,1,0.5186702,1
Orthopoxvirus,prot_t5_xl_half_uniref50-enc,,base,3,1,0.5951616,1
Orthopoxvirus,prot_t5_xl_half_uniref50-enc,,base,3,1,0.60951644,1
Orthopoxvirus,prot_t5_xl_half_uniref50-enc,,base,3,1,0.53029704,1
Orthopoxvirus,prot_t5_xl_half_uniref50-enc,,base,3,1,0.4590765,0
Orthopoxvirus,prot_t5_xl_half_uniref50-enc,,base,3,1,0.6591265,1
Orthopoxvirus,prot_t5_xl_half_uniref50-enc,,base,3,1,0.6794663,1
Orthopoxvirus,prot_t5_xl_half_uniref50-enc,,base,3,1,0.5383122,1
Orthopoxvirus,prot_t5_xl_half_uniref50-enc,,base,3,1,0.6402206,1
Orthopoxvirus,prot_t5_xl_half_uniref50-enc,,base,3,1,0.6661238,1
Orthopoxvirus,prot_t5_xl_half_uniref50-enc,,base,3,1,0.6999043,1
Orthopoxvirus,prot_t5_xl_half_uniref50-enc,,base,3,1,0.5224306,1
Orthopoxvirus,prot_t5_xl_half_uniref50-enc,,base,3,1,0.53082997,1
Orthopoxvirus,prot_t5_xl_half_uniref50-enc,,base,3,1,0.4934911,0
Orthopoxvirus,prot_t5_xl_half_uniref50-enc,,base,3,1,0.53724563,1
Orthopoxvirus,prot_t5_xl_half_uniref50-enc,,base,3,1,0.71821105,1
Orthopoxvirus,prot_t5_xl_half_uniref50-enc,,base,3,1,0.6347438,1
Orthopoxvirus,prot_t5_xl_half_uniref50-enc,,base,3,1,0.67748445,1
Orthopoxvirus,prot_t5_xl_half_uniref50-enc,,base,3,1,0.6018449,1
Orthopoxvirus,prot_t5_xl_half_uniref50-enc,,base,3,1,0.7364764,1
Orthopoxvirus,prot_t5_xl_half_uniref50-enc,,base,3,1,0.6226883,1
Orthopoxvirus,prot_t5_xl_half_uniref50-enc,,base,3,1,0.6009674,1
Orthopoxvirus,prot_t5_xl_half_uniref50-enc,,base,3,1,0.6146589,1
Orthopoxvirus,prot_t5_xl_half_uniref50-enc,,base,3,1,0.45111337,0
Orthopoxvirus,prot_t5_xl_half_uniref50-enc,,base,3,1,0.4416159,0
Orthopoxvirus,prot_t5_xl_half_uniref50-enc,,base,3,1,0.55700886,1
Orthopoxvirus,prot_t5_xl_half_uniref50-enc,,base,3,1,0.4926831,0
Orthopoxvirus,prot_t5_xl_half_uniref50-enc,,base,3,1,0.47768334,0
Orthopoxvirus,prot_t5_xl_half_uniref50-enc,,base,3,1,0.5317509,1
Orthopoxvirus,prot_t5_xl_half_uniref50-enc,,base,3,1,0.46131134,0
Orthopoxvirus,prot_t5_xl_half_uniref50-enc,,base,3,1,0.6646532,1
Orthopoxvirus,prot_t5_xl_half_uniref50-enc,,base,3,1,0.6301607,1
Orthopoxvirus,prot_t5_xl_half_uniref50-enc,,base,3,1,0.6033262,1
Orthopoxvirus,prot_t5_xl_half_uniref50-enc,,base,3,1,0.64377826,1
Orthopoxvirus,prot_t5_xl_half_uniref50-enc,,base,3,1,0.57898563,1
Orthopoxvirus,prot_t5_xl_half_uniref50-enc,,base,3,1,0.5994615,1
Orthopoxvirus,prot_t5_xl_half_uniref50-enc,,base,3,1,0.5839388,1
Orthopoxvirus,prot_t5_xl_half_uniref50-enc,,base,3,1,0.57804775,1
Orthopoxvirus,prot_t5_xl_half_uniref50-enc,,base,3,1,0.5584312,1
Orthopoxvirus,prot_t5_xl_half_uniref50-enc,,base,3,1,0.6058506,1
Orthopoxvirus,prot_t5_xl_half_uniref50-enc,,base,3,1,0.5889863,1
Orthopoxvirus,prot_t5_xl_half_uniref50-enc,,base,3,1,0.5884511,1
Orthopoxvirus,prot_t5_xl_half_uniref50-enc,,base,3,1,0.5147664,1
Orthopoxvirus,prot_t5_xl_half_uniref50-enc,,base,3,1,0.553867,1
Orthopoxvirus,prot_t5_xl_half_uniref50-enc,,base,3,1,0.55124336,1
Orthopoxvirus,prot_t5_xl_half_uniref50-enc,,base,3,1,0.5540168,1
Orthopoxvirus,prot_t5_xl_half_uniref50-enc,,base,3,1,0.5448756,1
Orthopoxvirus,prot_t5_xl_half_uniref50-enc,,base,3,1,0.54007715,1
Orthopoxvirus,prot_t5_xl_half_uniref50-enc,,base,3,1,0.57322884,1
Orthopoxvirus,prot_t5_xl_half_uniref50-enc,,base,3,1,0.5564109,1
Orthopoxvirus,prot_t5_xl_half_uniref50-enc,,base,3,1,0.5282226,1
Orthopoxvirus,prot_t5_xl_half_uniref50-enc,,base,3,1,0.48954418,0
Orthopoxvirus,prot_t5_xl_half_uniref50-enc,,base,3,1,0.6570202,1
Orthopoxvirus,prot_t5_xl_half_uniref50-enc,,base,3,1,0.6138124,1
Orthopoxvirus,prot_t5_xl_half_uniref50-enc,,base,3,1,0.55432403,1
Orthopoxvirus,prot_t5_xl_half_uniref50-enc,,base,3,1,0.5474322,1
Orthopoxvirus,prot_t5_xl_half_uniref50-enc,,base,3,1,0.5787534,1
Orthopoxvirus,prot_t5_xl_half_uniref50-enc,,base,3,1,0.7011429,1
Orthopoxvirus,prot_t5_xl_half_uniref50-enc,,base,3,1,0.61580926,1
Orthopoxvirus,prot_t5_xl_half_uniref50-enc,,base,3,1,0.57601255,1
Orthopoxvirus,prot_t5_xl_half_uniref50-enc,,base,3,1,0.5940814,1
Orthopoxvirus,prot_t5_xl_half_uniref50-enc,,base,3,1,0.64430165,1
Orthopoxvirus,prot_t5_xl_half_uniref50-enc,,base,3,1,0.58864415,1
Orthopoxvirus,prot_t5_xl_half_uniref50-enc,,base,3,1,0.53640044,1
Orthopoxvirus,prot_t5_xl_half_uniref50-enc,,base,3,1,0.646112,1
Orthopoxvirus,prot_t5_xl_half_uniref50-enc,,base,3,1,0.6096055,1
Orthopoxvirus,prot_t5_xl_half_uniref50-enc,,base,3,1,0.50889885,1
Orthopoxvirus,prot_t5_xl_half_uniref50-enc,,base,3,1,0.6798016,1
Orthopoxvirus,prot_t5_xl_half_uniref50-enc,,base,3,1,0.5389618,1
Orthopoxvirus,prot_t5_xl_half_uniref50-enc,,base,3,1,0.54934657,1
Orthopoxvirus,prot_t5_xl_half_uniref50-enc,,base,3,1,0.6342615,1
Orthopoxvirus,prot_t5_xl_half_uniref50-enc,,base,3,1,0.545951,1
Orthopoxvirus,prot_t5_xl_half_uniref50-enc,,base,3,1,0.6314841,1
Orthopoxvirus,prot_t5_xl_half_uniref50-enc,,base,3,1,0.6256144,1
Orthopoxvirus,prot_t5_xl_half_uniref50-enc,,base,3,1,0.6400674,1
Orthopoxvirus,prot_t5_xl_half_uniref50-enc,,base,3,1,0.6263111,1
Orthopoxvirus,prot_t5_xl_half_uniref50-enc,,base,3,1,0.59618974,1
Orthopoxvirus,prot_t5_xl_half_uniref50-enc,,base,3,1,0.62040246,1
Orthopoxvirus,prot_t5_xl_half_uniref50-enc,,base,3,1,0.6991395,1
Orthopoxvirus,prot_t5_xl_half_uniref50-enc,,base,3,1,0.62132674,1
Orthopoxvirus,prot_t5_xl_half_uniref50-enc,,base,3,1,0.5926666,1
Orthopoxvirus,prot_t5_xl_half_uniref50-enc,,base,3,1,0.7372314,1
Orthopoxvirus,prot_t5_xl_half_uniref50-enc,,base,3,1,0.61892396,1
Orthopoxvirus,prot_t5_xl_half_uniref50-enc,,base,3,1,0.68539625,1
Orthopoxvirus,prot_t5_xl_half_uniref50-enc,,base,3,1,0.6151398,1
Orthopoxvirus,prot_t5_xl_half_uniref50-enc,,base,3,1,0.7365693,1
Orthopoxvirus,prot_t5_xl_half_uniref50-enc,,base,3,1,0.67030036,1
Orthopoxvirus,prot_t5_xl_half_uniref50-enc,,base,3,1,0.7371683,1
Orthopoxvirus,prot_t5_xl_half_uniref50-enc,,base,3,1,0.7413432,1
Orthopoxvirus,prot_t5_xl_half_uniref50-enc,,base,3,1,0.7901711,1
Orthopoxvirus,prot_t5_xl_half_uniref50-enc,,base,3,1,0.62540925,1
Orthopoxvirus,prot_t5_xl_half_uniref50-enc,,base,3,1,0.72269374,1
Orthopoxvirus,prot_t5_xl_half_uniref50-enc,,base,3,1,0.67753404,1
Orthopoxvirus,prot_t5_xl_half_uniref50-enc,,base,3,1,0.56164056,1
Orthopoxvirus,prot_t5_xl_half_uniref50-enc,,base,3,1,0.49386463,0
Orthopoxvirus,prot_t5_xl_half_uniref50-enc,,base,3,1,0.6778754,1
Orthopoxvirus,prot_t5_xl_half_uniref50-enc,,base,3,1,0.51877004,1
Orthopoxvirus,prot_t5_xl_half_uniref50-enc,,base,3,1,0.54386413,1
Orthopoxvirus,prot_t5_xl_half_uniref50-enc,,base,3,1,0.84039646,1
Orthopoxvirus,prot_t5_xl_half_uniref50-enc,,base,3,1,0.6692996,1
Orthopoxvirus,prot_t5_xl_half_uniref50-enc,,base,3,1,0.5117353,1
Orthopoxvirus,prot_t5_xl_half_uniref50-enc,,base,3,1,0.67256546,1
Orthopoxvirus,prot_t5_xl_half_uniref50-enc,,base,3,1,0.6885393,1
Orthopoxvirus,prot_t5_xl_half_uniref50-enc,,base,3,1,0.6485415,1
Orthopoxvirus,prot_t5_xl_half_uniref50-enc,,base,3,1,0.6742402,1
Orthopoxvirus,prot_t5_xl_half_uniref50-enc,,base,3,1,0.6623296,1
Orthopoxvirus,prot_t5_xl_half_uniref50-enc,,base,3,1,0.6557763,1
Orthopoxvirus,prot_t5_xl_half_uniref50-enc,,base,3,1,0.6236784,1
Orthopoxvirus,prot_t5_xl_half_uniref50-enc,,base,3,1,0.60260415,1
Orthopoxvirus,prot_t5_xl_half_uniref50-enc,,base,3,1,0.6366231,1
Orthopoxvirus,prot_t5_xl_half_uniref50-enc,,base,3,1,0.76322615,1
Orthopoxvirus,prot_t5_xl_half_uniref50-enc,,base,3,1,0.5941626,1
Orthopoxvirus,prot_t5_xl_half_uniref50-enc,,base,3,1,0.56452656,1
Orthopoxvirus,prot_t5_xl_half_uniref50-enc,,base,3,1,0.65156734,1
Orthopoxvirus,prot_t5_xl_half_uniref50-enc,,base,3,1,0.5899852,1
Orthopoxvirus,prot_t5_xl_half_uniref50-enc,,base,3,1,0.65361434,1
Orthopoxvirus,prot_t5_xl_half_uniref50-enc,,base,3,1,0.65205073,1
Orthopoxvirus,prot_t5_xl_half_uniref50-enc,,base,3,1,0.5894976,1
Orthopoxvirus,prot_t5_xl_half_uniref50-enc,,base,3,1,0.64733875,1
Orthopoxvirus,prot_t5_xl_half_uniref50-enc,,base,3,1,0.5972645,1
Orthopoxvirus,prot_t5_xl_half_uniref50-enc,,base,3,1,0.5227991,1
Orthopoxvirus,prot_t5_xl_half_uniref50-enc,,base,3,1,0.51722395,1
Orthopoxvirus,prot_t5_xl_half_uniref50-enc,,base,3,1,0.62327963,1
Orthopoxvirus,prot_t5_xl_half_uniref50-enc,,base,3,1,0.6858482,1
Orthopoxvirus,prot_t5_xl_half_uniref50-enc,,base,3,1,0.55671126,1
Orthopoxvirus,prot_t5_xl_half_uniref50-enc,,base,3,1,0.5489554,1
Orthopoxvirus,prot_t5_xl_half_uniref50-enc,,base,3,1,0.53385687,1
Orthopoxvirus,prot_t5_xl_half_uniref50-enc,,base,3,1,0.51444876,1
Orthopoxvirus,prot_t5_xl_half_uniref50-enc,,base,3,1,0.55480635,1
Orthopoxvirus,prot_t5_xl_half_uniref50-enc,,base,3,1,0.61603916,1
Orthopoxvirus,prot_t5_xl_half_uniref50-enc,,base,3,1,0.67680615,1
Orthopoxvirus,prot_t5_xl_half_uniref50-enc,,base,3,1,0.71768194,1
Orthopoxvirus,prot_t5_xl_half_uniref50-enc,,base,3,1,0.7792808,1
Orthopoxvirus,prot_t5_xl_half_uniref50-enc,,base,3,1,0.71767193,1
Orthopoxvirus,prot_t5_xl_half_uniref50-enc,,base,3,1,0.7525942,1
Orthopoxvirus,prot_t5_xl_half_uniref50-enc,,base,3,1,0.8147097,1
Orthopoxvirus,prot_t5_xl_half_uniref50-enc,,base,3,1,0.812163,1
Orthopoxvirus,prot_t5_xl_half_uniref50-enc,,base,3,1,0.7177731,1
Orthopoxvirus,prot_t5_xl_half_uniref50-enc,,base,3,1,0.77007604,1
Orthopoxvirus,prot_t5_xl_half_uniref50-enc,,base,3,1,0.8193135,1
Orthopoxvirus,prot_t5_xl_half_uniref50-enc,,base,3,1,0.7744231,1
Orthopoxvirus,prot_t5_xl_half_uniref50-enc,,base,3,1,0.6715136,1
Orthopoxvirus,prot_t5_xl_half_uniref50-enc,,base,3,1,0.59268486,1
Orthopoxvirus,prot_t5_xl_half_uniref50-enc,,base,3,1,0.6535516,1
Orthopoxvirus,prot_t5_xl_half_uniref50-enc,,base,3,1,0.69145167,1
Orthopoxvirus,prot_t5_xl_half_uniref50-enc,,base,3,1,0.46954265,0
Orthopoxvirus,prot_t5_xl_half_uniref50-enc,,base,3,1,0.5836743,1
Orthopoxvirus,prot_t5_xl_half_uniref50-enc,,base,3,1,0.4731751,0
Orthopoxvirus,prot_t5_xl_half_uniref50-enc,,base,3,1,0.49216563,0
Orthopoxvirus,prot_t5_xl_half_uniref50-enc,,base,3,1,0.44577897,0
Orthopoxvirus,prot_t5_xl_half_uniref50-enc,,base,3,1,0.5362004,1
Orthopoxvirus,prot_t5_xl_half_uniref50-enc,,base,3,1,0.43350837,0
Orthopoxvirus,prot_t5_xl_half_uniref50-enc,,base,3,1,0.50627184,1
Orthopoxvirus,prot_t5_xl_half_uniref50-enc,,base,3,1,0.45347393,0
Orthopoxvirus,prot_t5_xl_half_uniref50-enc,,base,3,1,0.47441733,0
Orthopoxvirus,prot_t5_xl_half_uniref50-enc,,base,3,1,0.45741308,0
Orthopoxvirus,prot_t5_xl_half_uniref50-enc,,base,3,1,0.6928436,1
Orthopoxvirus,prot_t5_xl_half_uniref50-enc,,base,3,1,0.6711153,1
Orthopoxvirus,prot_t5_xl_half_uniref50-enc,,base,3,1,0.7020895,1
Orthopoxvirus,prot_t5_xl_half_uniref50-enc,,base,3,1,0.65881705,1
Orthopoxvirus,prot_t5_xl_half_uniref50-enc,,base,3,1,0.6523479,1
Orthopoxvirus,prot_t5_xl_half_uniref50-enc,,base,3,1,0.56566566,1
Orthopoxvirus,prot_t5_xl_half_uniref50-enc,,base,3,1,0.71348876,1
Orthopoxvirus,prot_t5_xl_half_uniref50-enc,,base,3,1,0.51584417,1
Orthopoxvirus,prot_t5_xl_half_uniref50-enc,,base,3,1,0.5987755,1
Orthopoxvirus,prot_t5_xl_half_uniref50-enc,,base,3,1,0.55488753,1
Orthopoxvirus,prot_t5_xl_half_uniref50-enc,,base,3,1,0.58745414,1
Orthopoxvirus,prot_t5_xl_half_uniref50-enc,,base,3,1,0.5399434,1
Orthopoxvirus,prot_t5_xl_half_uniref50-enc,,base,3,1,0.5654321,1
Orthopoxvirus,prot_t5_xl_half_uniref50-enc,,base,3,1,0.7386844,1
Orthopoxvirus,prot_t5_xl_half_uniref50-enc,,base,3,1,0.75325876,1
Orthopoxvirus,prot_t5_xl_half_uniref50-enc,,base,3,1,0.74625885,1
Orthopoxvirus,prot_t5_xl_half_uniref50-enc,,base,3,1,0.76826185,1
Orthopoxvirus,prot_t5_xl_half_uniref50-enc,,base,3,1,0.76668364,1
Orthopoxvirus,prot_t5_xl_half_uniref50-enc,,base,3,1,0.8028158,1
Orthopoxvirus,prot_t5_xl_half_uniref50-enc,,base,3,1,0.72114116,1
Orthopoxvirus,prot_t5_xl_half_uniref50-enc,,base,3,1,0.757363,1
Orthopoxvirus,prot_t5_xl_half_uniref50-enc,,base,3,1,0.72661567,1
Orthopoxvirus,prot_t5_xl_half_uniref50-enc,,base,3,1,0.7542066,1
Orthopoxvirus,prot_t5_xl_half_uniref50-enc,,base,3,1,0.7396896,1
Orthopoxvirus,prot_t5_xl_half_uniref50-enc,,base,3,1,0.72942895,1
Orthopoxvirus,prot_t5_xl_half_uniref50-enc,,base,3,1,0.7540674,1
Orthopoxvirus,prot_t5_xl_half_uniref50-enc,,base,3,1,0.711062,1
Orthopoxvirus,prot_t5_xl_half_uniref50-enc,,base,3,1,0.6980193,1
Orthopoxvirus,prot_t5_xl_half_uniref50-enc,,base,3,1,0.6687944,1
Orthopoxvirus,prot_t5_xl_half_uniref50-enc,,base,3,1,0.6469498,1
Orthopoxvirus,prot_t5_xl_half_uniref50-enc,,base,3,1,0.71860355,1
Orthopoxvirus,prot_t5_xl_half_uniref50-enc,,base,3,1,0.6946916,1
Orthopoxvirus,prot_t5_xl_half_uniref50-enc,,base,3,1,0.5541581,1
Orthopoxvirus,prot_t5_xl_half_uniref50-enc,,base,3,1,0.6261387,1
Orthopoxvirus,prot_t5_xl_half_uniref50-enc,,base,3,1,0.6239447,1
Orthopoxvirus,prot_t5_xl_half_uniref50-enc,,base,3,1,0.67130226,1
Orthopoxvirus,prot_t5_xl_half_uniref50-enc,,base,3,1,0.6771906,1
Orthopoxvirus,prot_t5_xl_half_uniref50-enc,,base,3,1,0.61066884,1
Orthopoxvirus,prot_t5_xl_half_uniref50-enc,,base,3,1,0.6099872,1
Orthopoxvirus,prot_t5_xl_half_uniref50-enc,,base,3,1,0.58707464,1
Orthopoxvirus,prot_t5_xl_half_uniref50-enc,,base,3,1,0.6044867,1
Orthopoxvirus,prot_t5_xl_half_uniref50-enc,,base,3,1,0.5616384,1
Orthopoxvirus,prot_t5_xl_half_uniref50-enc,,base,3,1,0.5767358,1
Orthopoxvirus,prot_t5_xl_half_uniref50-enc,,base,3,1,0.50733787,1
Orthopoxvirus,prot_t5_xl_half_uniref50-enc,,base,3,1,0.62167084,1
Orthopoxvirus,prot_t5_xl_half_uniref50-enc,,base,3,1,0.62496144,1
Orthopoxvirus,prot_t5_xl_half_uniref50-enc,,base,3,1,0.6616126,1
Orthopoxvirus,prot_t5_xl_half_uniref50-enc,,base,3,1,0.72989786,1
Orthopoxvirus,prot_t5_xl_half_uniref50-enc,,base,3,1,0.6950003,1
Orthopoxvirus,prot_t5_xl_half_uniref50-enc,,base,3,1,0.73669255,1
Orthopoxvirus,prot_t5_xl_half_uniref50-enc,,base,3,1,0.68255293,1
Orthopoxvirus,prot_t5_xl_half_uniref50-enc,,base,3,1,0.8119148,1
Orthopoxvirus,prot_t5_xl_half_uniref50-enc,,base,3,1,0.77595526,1
Orthopoxvirus,prot_t5_xl_half_uniref50-enc,,base,3,1,0.65391034,1
Orthopoxvirus,prot_t5_xl_half_uniref50-enc,,base,3,1,0.77171874,1
Orthopoxvirus,prot_t5_xl_half_uniref50-enc,,base,3,1,0.6649399,1
Orthopoxvirus,prot_t5_xl_half_uniref50-enc,,base,3,1,0.61299574,1
Orthopoxvirus,prot_t5_xl_half_uniref50-enc,,base,3,1,0.6046665,1
Orthopoxvirus,prot_t5_xl_half_uniref50-enc,,base,3,1,0.6133372,1
Orthopoxvirus,prot_t5_xl_half_uniref50-enc,,base,3,1,0.66509503,1
Orthopoxvirus,prot_t5_xl_half_uniref50-enc,,base,3,1,0.69348466,1
Orthopoxvirus,prot_t5_xl_half_uniref50-enc,,base,3,1,0.5498157,1
Orthopoxvirus,prot_t5_xl_half_uniref50-enc,,base,3,1,0.60849065,1
Orthopoxvirus,prot_t5_xl_half_uniref50-enc,,base,3,1,0.6772782,1
Orthopoxvirus,prot_t5_xl_half_uniref50-enc,,base,3,1,0.6007863,1
Orthopoxvirus,prot_t5_xl_half_uniref50-enc,,base,3,1,0.5804769,1
Orthopoxvirus,prot_t5_xl_half_uniref50-enc,,base,3,1,0.66382515,1
Orthopoxvirus,prot_t5_xl_half_uniref50-enc,,base,3,1,0.5815631,1
Orthopoxvirus,prot_t5_xl_half_uniref50-enc,,base,3,1,0.6124366,1
Orthopoxvirus,prot_t5_xl_half_uniref50-enc,,base,3,1,0.55881065,1
Orthopoxvirus,prot_t5_xl_half_uniref50-enc,,base,3,1,0.58432466,1
Orthopoxvirus,prot_t5_xl_half_uniref50-enc,,base,3,1,0.575392,1
Orthopoxvirus,prot_t5_xl_half_uniref50-enc,,base,3,1,0.7204951,1
Orthopoxvirus,prot_t5_xl_half_uniref50-enc,,base,3,1,0.6906595,1
Orthopoxvirus,prot_t5_xl_half_uniref50-enc,,base,3,1,0.6753343,1
Orthopoxvirus,prot_t5_xl_half_uniref50-enc,,base,3,1,0.5167565,1
Orthopoxvirus,prot_t5_xl_half_uniref50-enc,,base,3,1,0.63429326,1
Orthopoxvirus,prot_t5_xl_half_uniref50-enc,,base,3,1,0.5120998,1
Orthopoxvirus,prot_t5_xl_half_uniref50-enc,,base,3,1,0.6415389,1
Orthopoxvirus,prot_t5_xl_half_uniref50-enc,,base,3,1,0.60121155,1
Orthopoxvirus,prot_t5_xl_half_uniref50-enc,,base,3,1,0.52950406,1
Orthopoxvirus,prot_t5_xl_half_uniref50-enc,,base,3,1,0.5703172,1
Orthopoxvirus,prot_t5_xl_half_uniref50-enc,,base,3,1,0.4963674,0
Orthopoxvirus,prot_t5_xl_half_uniref50-enc,,base,3,1,0.5811533,1
Orthopoxvirus,prot_t5_xl_half_uniref50-enc,,base,3,1,0.55900335,1
Orthopoxvirus,prot_t5_xl_half_uniref50-enc,,base,3,1,0.62777066,1
Orthopoxvirus,prot_t5_xl_half_uniref50-enc,,base,3,1,0.65833235,1
Orthopoxvirus,prot_t5_xl_half_uniref50-enc,,base,3,1,0.6761778,1
Orthopoxvirus,prot_t5_xl_half_uniref50-enc,,base,3,1,0.58210427,1
Orthopoxvirus,prot_t5_xl_half_uniref50-enc,,base,3,1,0.5485065,1
Orthopoxvirus,prot_t5_xl_half_uniref50-enc,,base,3,1,0.66979945,1
Orthopoxvirus,prot_t5_xl_half_uniref50-enc,,base,3,1,0.7086645,1
Orthopoxvirus,prot_t5_xl_half_uniref50-enc,,base,3,1,0.64027166,1
Orthopoxvirus,prot_t5_xl_half_uniref50-enc,,base,3,1,0.6664861,1
Orthopoxvirus,prot_t5_xl_half_uniref50-enc,,base,3,1,0.67399067,1
Orthopoxvirus,prot_t5_xl_half_uniref50-enc,,base,3,1,0.66716367,1
Orthopoxvirus,prot_t5_xl_half_uniref50-enc,,base,3,1,0.6695931,1
Orthopoxvirus,prot_t5_xl_half_uniref50-enc,,base,3,1,0.6372092,1
Orthopoxvirus,prot_t5_xl_half_uniref50-enc,,base,3,1,0.58480984,1
Orthopoxvirus,prot_t5_xl_half_uniref50-enc,,base,3,1,0.6732992,1
Orthopoxvirus,prot_t5_xl_half_uniref50-enc,,base,3,1,0.7244523,1
Orthopoxvirus,prot_t5_xl_half_uniref50-enc,,base,3,1,0.70033765,1
Orthopoxvirus,prot_t5_xl_half_uniref50-enc,,base,3,1,0.5879707,1
Orthopoxvirus,prot_t5_xl_half_uniref50-enc,,base,3,1,0.6901283,1
Orthopoxvirus,prot_t5_xl_half_uniref50-enc,,base,3,1,0.60983026,1
Orthopoxvirus,prot_t5_xl_half_uniref50-enc,,base,3,1,0.55470073,1
Orthopoxvirus,prot_t5_xl_half_uniref50-enc,,base,3,1,0.6486792,1
Orthopoxvirus,prot_t5_xl_half_uniref50-enc,,base,3,1,0.6072813,1
Orthopoxvirus,prot_t5_xl_half_uniref50-enc,,base,3,1,0.59954137,1
Orthopoxvirus,prot_t5_xl_half_uniref50-enc,,base,3,1,0.68661344,1
Orthopoxvirus,prot_t5_xl_half_uniref50-enc,,base,3,1,0.64748204,1
Orthopoxvirus,prot_t5_xl_half_uniref50-enc,,base,3,1,0.536984,1
Orthopoxvirus,prot_t5_xl_half_uniref50-enc,,base,3,1,0.61108124,1
Orthopoxvirus,prot_t5_xl_half_uniref50-enc,,base,3,1,0.57079893,1
Orthopoxvirus,prot_t5_xl_half_uniref50-enc,,base,3,1,0.34149158,0
Orthopoxvirus,prot_t5_xl_half_uniref50-enc,,base,3,1,0.5520621,1
Orthopoxvirus,prot_t5_xl_half_uniref50-enc,,base,3,1,0.5262057,1
Orthopoxvirus,prot_t5_xl_half_uniref50-enc,,base,3,1,0.4953761,0
Orthopoxvirus,prot_t5_xl_half_uniref50-enc,,base,3,1,0.41005617,0
Orthopoxvirus,prot_t5_xl_half_uniref50-enc,,base,3,1,0.44973838,0
Orthopoxvirus,prot_t5_xl_half_uniref50-enc,,base,3,1,0.49787745,0
Orthopoxvirus,prot_t5_xl_half_uniref50-enc,,base,3,1,0.6912029,1
Orthopoxvirus,prot_t5_xl_half_uniref50-enc,,base,3,1,0.49319533,0
Orthopoxvirus,prot_t5_xl_half_uniref50-enc,,base,3,1,0.7252569,1
Orthopoxvirus,prot_t5_xl_half_uniref50-enc,,base,3,1,0.6888895,1
Orthopoxvirus,prot_t5_xl_half_uniref50-enc,,base,3,1,0.6891452,1
Orthopoxvirus,prot_t5_xl_half_uniref50-enc,,base,3,1,0.6279989,1
Orthopoxvirus,prot_t5_xl_half_uniref50-enc,,base,3,1,0.5963237,1
Orthopoxvirus,prot_t5_xl_half_uniref50-enc,,base,3,1,0.51248294,1
Orthopoxvirus,prot_t5_xl_half_uniref50-enc,,base,3,1,0.6240667,1
Orthopoxvirus,prot_t5_xl_half_uniref50-enc,,base,3,1,0.55823505,1
Orthopoxvirus,prot_t5_xl_half_uniref50-enc,,base,3,1,0.5416163,1
Orthopoxvirus,prot_t5_xl_half_uniref50-enc,,base,3,1,0.6313689,1
Orthopoxvirus,prot_t5_xl_half_uniref50-enc,,base,3,1,0.62167454,1
Orthopoxvirus,prot_t5_xl_half_uniref50-enc,,base,3,1,0.53125745,1
Orthopoxvirus,prot_t5_xl_half_uniref50-enc,,base,3,1,0.55658084,1
Orthopoxvirus,prot_t5_xl_half_uniref50-enc,,base,3,1,0.6046599,1
Orthopoxvirus,prot_t5_xl_half_uniref50-enc,,base,3,1,0.5079219,1
Orthopoxvirus,prot_t5_xl_half_uniref50-enc,,base,3,1,0.5523526,1
Orthopoxvirus,prot_t5_xl_half_uniref50-enc,,base,3,1,0.5040945,1
Orthopoxvirus,prot_t5_xl_half_uniref50-enc,,base,3,1,0.6165006,1
Orthopoxvirus,prot_t5_xl_half_uniref50-enc,,base,3,1,0.67210853,1
Orthopoxvirus,prot_t5_xl_half_uniref50-enc,,base,3,1,0.672408,1
Orthopoxvirus,prot_t5_xl_half_uniref50-enc,,base,3,1,0.6857194,1
Orthopoxvirus,prot_t5_xl_half_uniref50-enc,,base,3,1,0.7206625,1
Orthopoxvirus,prot_t5_xl_half_uniref50-enc,,base,3,1,0.846747,1
Orthopoxvirus,prot_t5_xl_half_uniref50-enc,,base,3,1,0.49010143,0
Orthopoxvirus,prot_t5_xl_half_uniref50-enc,,base,3,1,0.34247327,0
Orthopoxvirus,prot_t5_xl_half_uniref50-enc,,base,3,1,0.29367962,0
Orthopoxvirus,prot_t5_xl_half_uniref50-enc,,base,3,1,0.4041308,0
Orthopoxvirus,prot_t5_xl_half_uniref50-enc,,base,3,1,0.34347463,0
Orthopoxvirus,prot_t5_xl_half_uniref50-enc,,base,3,1,0.40092528,0
Orthopoxvirus,prot_t5_xl_half_uniref50-enc,,base,3,1,0.49456763,0
Orthopoxvirus,prot_t5_xl_half_uniref50-enc,,base,3,1,0.5093892,1
Orthopoxvirus,prot_t5_xl_half_uniref50-enc,,base,3,1,0.64554626,1
Orthopoxvirus,prot_t5_xl_half_uniref50-enc,,base,3,1,0.63728386,1
Orthopoxvirus,prot_t5_xl_half_uniref50-enc,,base,3,1,0.6159928,1
Orthopoxvirus,prot_t5_xl_half_uniref50-enc,,base,3,1,0.6068021,1
Orthopoxvirus,prot_t5_xl_half_uniref50-enc,,base,3,1,0.690147,1
Orthopoxvirus,prot_t5_xl_half_uniref50-enc,,base,3,1,0.8881102,1
Orthopoxvirus,prot_t5_xl_half_uniref50-enc,,base,3,1,0.79454386,1
Orthopoxvirus,prot_t5_xl_half_uniref50-enc,,base,3,1,0.7211165,1
Orthopoxvirus,prot_t5_xl_half_uniref50-enc,,base,3,1,0.8093174,1
Orthopoxvirus,prot_t5_xl_half_uniref50-enc,,base,3,1,0.7999966,1
Orthopoxvirus,prot_t5_xl_half_uniref50-enc,,base,3,1,0.8118578,1
Orthopoxvirus,prot_t5_xl_half_uniref50-enc,,base,3,1,0.6746101,1
Orthopoxvirus,prot_t5_xl_half_uniref50-enc,,base,3,1,0.56223774,1
Orthopoxvirus,prot_t5_xl_half_uniref50-enc,,base,3,1,0.6955895,1
Orthopoxvirus,prot_t5_xl_half_uniref50-enc,,base,3,1,0.67440337,1
Orthopoxvirus,prot_t5_xl_half_uniref50-enc,,base,3,1,0.7042826,1
Orthopoxvirus,prot_t5_xl_half_uniref50-enc,,base,3,1,0.5382647,1
Orthopoxvirus,prot_t5_xl_half_uniref50-enc,,base,3,1,0.7561752,1
Orthopoxvirus,prot_t5_xl_half_uniref50-enc,,base,3,1,0.69481313,1
Orthopoxvirus,prot_t5_xl_half_uniref50-enc,,base,3,1,0.6095204,1
Orthopoxvirus,prot_t5_xl_half_uniref50-enc,,base,3,1,0.54887503,1
Orthopoxvirus,prot_t5_xl_half_uniref50-enc,,base,3,1,0.56037116,1
Orthopoxvirus,prot_t5_xl_half_uniref50-enc,,base,3,1,0.4838786,0
Orthopoxvirus,prot_t5_xl_half_uniref50-enc,,base,3,1,0.6523129,1
Orthopoxvirus,prot_t5_xl_half_uniref50-enc,,base,3,1,0.5881794,1
Orthopoxvirus,prot_t5_xl_half_uniref50-enc,,base,3,1,0.48419356,0
Orthopoxvirus,prot_t5_xl_half_uniref50-enc,,base,3,1,0.47451898,0
Orthopoxvirus,prot_t5_xl_half_uniref50-enc,,base,3,0,0.41922522,0
Orthopoxvirus,prot_t5_xl_half_uniref50-enc,,base,3,0,0.49484327,0
Orthopoxvirus,prot_t5_xl_half_uniref50-enc,,base,3,0,0.47134194,0
Orthopoxvirus,prot_t5_xl_half_uniref50-enc,,base,3,0,0.61599,1
Orthopoxvirus,prot_t5_xl_half_uniref50-enc,,base,3,0,0.45615715,0
Orthopoxvirus,prot_t5_xl_half_uniref50-enc,,base,3,0,0.53361845,1
Orthopoxvirus,prot_t5_xl_half_uniref50-enc,,base,3,0,0.6049601,1
Orthopoxvirus,prot_t5_xl_half_uniref50-enc,,base,3,0,0.57250035,1
Orthopoxvirus,prot_t5_xl_half_uniref50-enc,,base,3,0,0.5773828,1
Orthopoxvirus,prot_t5_xl_half_uniref50-enc,,base,3,0,0.6845636,1
Orthopoxvirus,prot_t5_xl_half_uniref50-enc,,base,3,1,0.6687848,1
Orthopoxvirus,prot_t5_xl_half_uniref50-enc,,base,3,1,0.58763194,1
Orthopoxvirus,prot_t5_xl_half_uniref50-enc,,base,3,1,0.7284356,1
Orthopoxvirus,prot_t5_xl_half_uniref50-enc,,base,3,1,0.643786,1
Orthopoxvirus,prot_t5_xl_half_uniref50-enc,,base,3,1,0.6767986,1
Orthopoxvirus,prot_t5_xl_half_uniref50-enc,,base,3,1,0.69596225,1
Orthopoxvirus,prot_t5_xl_half_uniref50-enc,,base,3,1,0.6460752,1
Orthopoxvirus,prot_t5_xl_half_uniref50-enc,,base,3,1,0.4215097,0
Orthopoxvirus,prot_t5_xl_half_uniref50-enc,,base,3,1,0.53386956,1
Orthopoxvirus,prot_t5_xl_half_uniref50-enc,,base,3,1,0.4940221,0
Orthopoxvirus,prot_t5_xl_half_uniref50-enc,,base,3,0,0.36442733,0
Orthopoxvirus,prot_t5_xl_half_uniref50-enc,,base,3,0,0.41438946,0
Orthopoxvirus,prot_t5_xl_half_uniref50-enc,,base,3,0,0.39903447,0
Orthopoxvirus,prot_t5_xl_half_uniref50-enc,,base,3,0,0.3988572,0
Orthopoxvirus,prot_t5_xl_half_uniref50-enc,,base,3,0,0.41451648,0
Orthopoxvirus,prot_t5_xl_half_uniref50-enc,,base,3,0,0.3964339,0
Orthopoxvirus,prot_t5_xl_half_uniref50-enc,,base,3,0,0.40566015,0
Orthopoxvirus,prot_t5_xl_half_uniref50-enc,,base,3,0,0.4547961,0
Orthopoxvirus,prot_t5_xl_half_uniref50-enc,,base,3,0,0.47844687,0
Orthopoxvirus,prot_t5_xl_half_uniref50-enc,,base,3,0,0.5175346,1
Orthopoxvirus,prot_t5_xl_half_uniref50-enc,,base,4,0,0.6657554,1
Orthopoxvirus,prot_t5_xl_half_uniref50-enc,,base,4,0,0.56711733,1
Orthopoxvirus,prot_t5_xl_half_uniref50-enc,,base,4,0,0.6227279,1
Orthopoxvirus,prot_t5_xl_half_uniref50-enc,,base,4,0,0.53337973,1
Orthopoxvirus,prot_t5_xl_half_uniref50-enc,,base,4,0,0.6651991,1
Orthopoxvirus,prot_t5_xl_half_uniref50-enc,,base,4,0,0.5609654,1
Orthopoxvirus,prot_t5_xl_half_uniref50-enc,,base,4,0,0.53585064,1
Orthopoxvirus,prot_t5_xl_half_uniref50-enc,,base,4,0,0.58531624,1
Orthopoxvirus,prot_t5_xl_half_uniref50-enc,,base,4,0,0.67389005,1
Orthopoxvirus,prot_t5_xl_half_uniref50-enc,,base,4,0,0.6751897,1
Orthopoxvirus,prot_t5_xl_half_uniref50-enc,,base,4,0,0.64877176,1
Orthopoxvirus,prot_t5_xl_half_uniref50-enc,,base,4,0,0.68039936,1
Orthopoxvirus,prot_t5_xl_half_uniref50-enc,,base,4,0,0.6411316,1
Orthopoxvirus,prot_t5_xl_half_uniref50-enc,,base,4,0,0.50783056,1
Orthopoxvirus,prot_t5_xl_half_uniref50-enc,,base,4,0,0.73235494,1
Orthopoxvirus,prot_t5_xl_half_uniref50-enc,,base,4,0,0.6114907,1
Orthopoxvirus,prot_t5_xl_half_uniref50-enc,,base,4,0,0.5042049,1
Orthopoxvirus,prot_t5_xl_half_uniref50-enc,,base,4,0,0.4849966,0
Orthopoxvirus,prot_t5_xl_half_uniref50-enc,,base,4,0,0.5685918,1
Orthopoxvirus,prot_t5_xl_half_uniref50-enc,,base,4,0,0.66679794,1
Orthopoxvirus,prot_t5_xl_half_uniref50-enc,,base,4,0,0.65690535,1
Orthopoxvirus,prot_t5_xl_half_uniref50-enc,,base,4,0,0.6711985,1
Orthopoxvirus,prot_t5_xl_half_uniref50-enc,,base,4,0,0.6339087,1
Orthopoxvirus,prot_t5_xl_half_uniref50-enc,,base,4,0,0.6516752,1
Orthopoxvirus,prot_t5_xl_half_uniref50-enc,,base,4,0,0.674171,1
Orthopoxvirus,prot_t5_xl_half_uniref50-enc,,base,4,0,0.69279313,1
Orthopoxvirus,prot_t5_xl_half_uniref50-enc,,base,4,1,0.85138416,1
Orthopoxvirus,prot_t5_xl_half_uniref50-enc,,base,4,1,0.852981,1
Orthopoxvirus,prot_t5_xl_half_uniref50-enc,,base,4,1,0.7651954,1
Orthopoxvirus,prot_t5_xl_half_uniref50-enc,,base,4,1,0.69183713,1
Orthopoxvirus,prot_t5_xl_half_uniref50-enc,,base,4,1,0.7578228,1
Orthopoxvirus,prot_t5_xl_half_uniref50-enc,,base,4,1,0.75378615,1
Orthopoxvirus,prot_t5_xl_half_uniref50-enc,,base,4,1,0.72624594,1
Orthopoxvirus,prot_t5_xl_half_uniref50-enc,,base,4,1,0.7877857,1
Orthopoxvirus,prot_t5_xl_half_uniref50-enc,,base,4,1,0.65372336,1
Orthopoxvirus,prot_t5_xl_half_uniref50-enc,,base,4,1,0.760481,1
Orthopoxvirus,prot_t5_xl_half_uniref50-enc,,base,4,1,0.7773816,1
Orthopoxvirus,prot_t5_xl_half_uniref50-enc,,base,4,1,0.76975584,1
Orthopoxvirus,prot_t5_xl_half_uniref50-enc,,base,4,1,0.77853936,1
Orthopoxvirus,prot_t5_xl_half_uniref50-enc,,base,4,1,0.79235315,1
Orthopoxvirus,prot_t5_xl_half_uniref50-enc,,base,4,1,0.8012649,1
Orthopoxvirus,prot_t5_xl_half_uniref50-enc,,base,4,1,0.8133537,1
Orthopoxvirus,prot_t5_xl_half_uniref50-enc,,base,4,1,0.7680374,1
Orthopoxvirus,prot_t5_xl_half_uniref50-enc,,base,4,1,0.77888095,1
Orthopoxvirus,prot_t5_xl_half_uniref50-enc,,base,4,1,0.7971546,1
Orthopoxvirus,prot_t5_xl_half_uniref50-enc,,base,4,1,0.724852,1
Orthopoxvirus,prot_t5_xl_half_uniref50-enc,,base,4,1,0.66480446,1
Orthopoxvirus,prot_t5_xl_half_uniref50-enc,,base,4,1,0.55063313,1
Orthopoxvirus,prot_t5_xl_half_uniref50-enc,,base,4,1,0.60634214,1
Orthopoxvirus,prot_t5_xl_half_uniref50-enc,,base,4,1,0.5608888,1
Orthopoxvirus,prot_t5_xl_half_uniref50-enc,,base,4,1,0.5083484,1
Orthopoxvirus,prot_t5_xl_half_uniref50-enc,,base,4,1,0.5047815,1
Orthopoxvirus,prot_t5_xl_half_uniref50-enc,,base,4,1,0.5520055,1
Orthopoxvirus,prot_t5_xl_half_uniref50-enc,,base,4,1,0.51097673,1
Orthopoxvirus,prot_t5_xl_half_uniref50-enc,,base,4,1,0.628028,1
Orthopoxvirus,prot_t5_xl_half_uniref50-enc,,base,4,1,0.69743437,1
Orthopoxvirus,prot_t5_xl_half_uniref50-enc,,base,4,0,0.7205275,1
Orthopoxvirus,prot_t5_xl_half_uniref50-enc,,base,4,0,0.72266823,1
Orthopoxvirus,prot_t5_xl_half_uniref50-enc,,base,4,0,0.7835323,1
Orthopoxvirus,prot_t5_xl_half_uniref50-enc,,base,4,0,0.7399634,1
Orthopoxvirus,prot_t5_xl_half_uniref50-enc,,base,4,0,0.754717,1
Orthopoxvirus,prot_t5_xl_half_uniref50-enc,,base,4,0,0.77232456,1
Orthopoxvirus,prot_t5_xl_half_uniref50-enc,,base,4,0,0.6130396,1
Orthopoxvirus,prot_t5_xl_half_uniref50-enc,,base,4,0,0.76257247,1
Orthopoxvirus,prot_t5_xl_half_uniref50-enc,,base,4,0,0.66218454,1
Orthopoxvirus,prot_t5_xl_half_uniref50-enc,,base,4,0,0.61072063,1
Orthopoxvirus,prot_t5_xl_half_uniref50-enc,,base,4,0,0.58004326,1
Orthopoxvirus,prot_t5_xl_half_uniref50-enc,,base,4,0,0.5473284,1
Orthopoxvirus,prot_t5_xl_half_uniref50-enc,,base,4,0,0.6473493,1
Orthopoxvirus,prot_t5_xl_half_uniref50-enc,,base,4,0,0.5627227,1
Orthopoxvirus,prot_t5_xl_half_uniref50-enc,,base,4,0,0.5164497,1
Orthopoxvirus,prot_t5_xl_half_uniref50-enc,,base,4,1,0.55044615,1
Orthopoxvirus,prot_t5_xl_half_uniref50-enc,,base,4,1,0.56020373,1
Orthopoxvirus,prot_t5_xl_half_uniref50-enc,,base,4,1,0.51150626,1
Orthopoxvirus,prot_t5_xl_half_uniref50-enc,,base,4,1,0.5024823,1
Orthopoxvirus,prot_t5_xl_half_uniref50-enc,,base,4,1,0.5618456,1
Orthopoxvirus,prot_t5_xl_half_uniref50-enc,,base,4,0,0.48987538,0
Orthopoxvirus,prot_t5_xl_half_uniref50-enc,,base,4,0,0.4219582,0
Orthopoxvirus,prot_t5_xl_half_uniref50-enc,,base,4,0,0.45333597,0
Orthopoxvirus,prot_t5_xl_half_uniref50-enc,,base,4,0,0.42259753,0
Orthopoxvirus,prot_t5_xl_half_uniref50-enc,,base,4,0,0.44289488,0
Orthopoxvirus,prot_t5_xl_half_uniref50-enc,,base,4,0,0.40052465,0
Orthopoxvirus,prot_t5_xl_half_uniref50-enc,,base,4,0,0.4381937,0
Orthopoxvirus,prot_t5_xl_half_uniref50-enc,,base,4,0,0.4112976,0
Orthopoxvirus,prot_t5_xl_half_uniref50-enc,,base,4,0,0.43294787,0
Orthopoxvirus,prot_t5_xl_half_uniref50-enc,,base,4,0,0.4369586,0
Orthopoxvirus,prot_t5_xl_half_uniref50-enc,,base,4,0,0.5197613,1
Orthopoxvirus,prot_t5_xl_half_uniref50-enc,,base,4,0,0.47605202,0
Orthopoxvirus,prot_t5_xl_half_uniref50-enc,,base,4,0,0.56382823,1
Orthopoxvirus,prot_t5_xl_half_uniref50-enc,,base,4,0,0.5615545,1
Orthopoxvirus,prot_t5_xl_half_uniref50-enc,,base,4,0,0.5606512,1
Orthopoxvirus,prot_t5_xl_half_uniref50-enc,,base,4,0,0.4649646,0
Orthopoxvirus,prot_t5_xl_half_uniref50-enc,,base,4,0,0.54120165,1
Orthopoxvirus,prot_t5_xl_half_uniref50-enc,,base,4,0,0.48916942,0
Orthopoxvirus,prot_t5_xl_half_uniref50-enc,,base,4,0,0.51568544,1
Orthopoxvirus,prot_t5_xl_half_uniref50-enc,,base,4,0,0.52047074,1
Orthopoxvirus,prot_t5_xl_half_uniref50-enc,,base,4,1,0.43606907,0
Orthopoxvirus,prot_t5_xl_half_uniref50-enc,,base,4,1,0.48624712,0
Orthopoxvirus,prot_t5_xl_half_uniref50-enc,,base,4,1,0.43953148,0
Orthopoxvirus,prot_t5_xl_half_uniref50-enc,,base,4,1,0.48231262,0
Orthopoxvirus,prot_t5_xl_half_uniref50-enc,,base,4,1,0.45035794,0
Orthopoxvirus,prot_t5_xl_half_uniref50-enc,,base,4,1,0.5037096,1
Orthopoxvirus,prot_t5_xl_half_uniref50-enc,,base,4,1,0.47578725,0
Orthopoxvirus,prot_t5_xl_half_uniref50-enc,,base,4,1,0.53042287,1
Orthopoxvirus,prot_t5_xl_half_uniref50-enc,,base,4,1,0.5042175,1
Orthopoxvirus,prot_t5_xl_half_uniref50-enc,,base,4,1,0.599574,1
Orthopoxvirus,prot_t5_xl_half_uniref50-enc,,base,4,1,0.5115595,1
Orthopoxvirus,prot_t5_xl_half_uniref50-enc,,base,4,1,0.6062942,1
Orthopoxvirus,prot_t5_xl_half_uniref50-enc,,base,4,1,0.5604359,1
Orthopoxvirus,prot_t5_xl_half_uniref50-enc,,base,4,1,0.62868416,1
Orthopoxvirus,prot_t5_xl_half_uniref50-enc,,base,4,1,0.5842222,1
Orthopoxvirus,prot_t5_xl_half_uniref50-enc,,base,4,1,0.53534395,1
Orthopoxvirus,prot_t5_xl_half_uniref50-enc,,base,4,1,0.64881086,1
Orthopoxvirus,prot_t5_xl_half_uniref50-enc,,base,4,1,0.50472707,1
Orthopoxvirus,prot_t5_xl_half_uniref50-enc,,base,4,1,0.5816442,1
Orthopoxvirus,prot_t5_xl_half_uniref50-enc,,base,4,1,0.6385218,1
Orthopoxvirus,prot_t5_xl_half_uniref50-enc,,base,4,0,0.8231345,1
Orthopoxvirus,prot_t5_xl_half_uniref50-enc,,base,4,0,0.644633,1
Orthopoxvirus,prot_t5_xl_half_uniref50-enc,,base,4,0,0.7629707,1
Orthopoxvirus,prot_t5_xl_half_uniref50-enc,,base,4,0,0.7457088,1
Orthopoxvirus,prot_t5_xl_half_uniref50-enc,,base,4,0,0.6146377,1
Orthopoxvirus,prot_t5_xl_half_uniref50-enc,,base,4,0,0.63738245,1
Orthopoxvirus,prot_t5_xl_half_uniref50-enc,,base,4,0,0.66822934,1
Orthopoxvirus,prot_t5_xl_half_uniref50-enc,,base,4,0,0.7110444,1
Orthopoxvirus,prot_t5_xl_half_uniref50-enc,,base,4,0,0.5797166,1
Orthopoxvirus,prot_t5_xl_half_uniref50-enc,,base,4,0,0.6358297,1
Orthopoxvirus,prot_t5_xl_half_uniref50-enc,,base,4,0,0.65641034,1
Orthopoxvirus,prot_t5_xl_half_uniref50-enc,,base,4,0,0.60669166,1
Orthopoxvirus,prot_t5_xl_half_uniref50-enc,,base,4,0,0.48553458,0
Orthopoxvirus,prot_t5_xl_half_uniref50-enc,,base,4,0,0.626167,1
Orthopoxvirus,prot_t5_xl_half_uniref50-enc,,base,4,0,0.59477234,1
Orthopoxvirus,prot_t5_xl_half_uniref50-enc,,base,4,0,0.46416774,0
Orthopoxvirus,prot_t5_xl_half_uniref50-enc,,base,4,0,0.4739702,0
Orthopoxvirus,prot_t5_xl_half_uniref50-enc,,base,4,0,0.61486006,1
Orthopoxvirus,prot_t5_xl_half_uniref50-enc,,base,4,0,0.48185623,0
Orthopoxvirus,prot_t5_xl_half_uniref50-enc,,base,4,0,0.5256028,1
Orthopoxvirus,prot_t5_xl_half_uniref50-enc,,base,4,0,0.49960938,0
Orthopoxvirus,prot_t5_xl_half_uniref50-enc,,base,4,0,0.533841,1
Orthopoxvirus,prot_t5_xl_half_uniref50-enc,,base,4,0,0.54992086,1
Orthopoxvirus,prot_t5_xl_half_uniref50-enc,,base,4,0,0.53573364,1
Orthopoxvirus,prot_t5_xl_half_uniref50-enc,,base,4,0,0.5580843,1
Orthopoxvirus,prot_t5_xl_half_uniref50-enc,,base,4,0,0.6137266,1
Orthopoxvirus,prot_t5_xl_half_uniref50-enc,,base,4,0,0.60945356,1
Orthopoxvirus,prot_t5_xl_half_uniref50-enc,,base,4,0,0.5989779,1
Orthopoxvirus,prot_t5_xl_half_uniref50-enc,,base,4,0,0.47900543,0
Orthopoxvirus,prot_t5_xl_half_uniref50-enc,,base,4,0,0.5539571,1
Orthopoxvirus,prot_t5_xl_half_uniref50-enc,,base,4,0,0.7410929,1
Orthopoxvirus,prot_t5_xl_half_uniref50-enc,,base,4,0,0.72022295,1
Orthopoxvirus,prot_t5_xl_half_uniref50-enc,,base,4,0,0.58476603,1
Orthopoxvirus,prot_t5_xl_half_uniref50-enc,,base,4,0,0.65061206,1
Orthopoxvirus,prot_t5_xl_half_uniref50-enc,,base,4,0,0.6580207,1
Orthopoxvirus,prot_t5_xl_half_uniref50-enc,,base,4,0,0.66287786,1
Orthopoxvirus,prot_t5_xl_half_uniref50-enc,,base,4,0,0.56779337,1
Orthopoxvirus,prot_t5_xl_half_uniref50-enc,,base,4,0,0.526306,1
Orthopoxvirus,prot_t5_xl_half_uniref50-enc,,base,4,0,0.5269702,1
Orthopoxvirus,prot_t5_xl_half_uniref50-enc,,base,4,0,0.5560752,1
Orthopoxvirus,prot_t5_xl_half_uniref50-enc,,base,4,1,0.55802655,1
Orthopoxvirus,prot_t5_xl_half_uniref50-enc,,base,4,1,0.6000335,1
Orthopoxvirus,prot_t5_xl_half_uniref50-enc,,base,4,1,0.55899495,1
Orthopoxvirus,prot_t5_xl_half_uniref50-enc,,base,4,1,0.55555147,1
Orthopoxvirus,prot_t5_xl_half_uniref50-enc,,base,4,1,0.5764669,1
Orthopoxvirus,prot_t5_xl_half_uniref50-enc,,base,4,0,0.5823915,1
Orthopoxvirus,prot_t5_xl_half_uniref50-enc,,base,4,0,0.5568647,1
Orthopoxvirus,prot_t5_xl_half_uniref50-enc,,base,4,0,0.65367585,1
Orthopoxvirus,prot_t5_xl_half_uniref50-enc,,base,4,0,0.5612366,1
Orthopoxvirus,prot_t5_xl_half_uniref50-enc,,base,4,0,0.5223257,1
Orthopoxvirus,prot_t5_xl_half_uniref50-enc,,base,4,0,0.6790397,1
Orthopoxvirus,prot_t5_xl_half_uniref50-enc,,base,4,0,0.74850166,1
Orthopoxvirus,prot_t5_xl_half_uniref50-enc,,base,4,0,0.5794996,1
Orthopoxvirus,prot_t5_xl_half_uniref50-enc,,base,4,0,0.48505244,0
Orthopoxvirus,prot_t5_xl_half_uniref50-enc,,base,4,0,0.47801474,0
Orthopoxvirus,prot_t5_xl_half_uniref50-enc,,base,4,0,0.5771885,1
Orthopoxvirus,prot_t5_xl_half_uniref50-enc,,base,4,0,0.46091273,0
Orthopoxvirus,prot_t5_xl_half_uniref50-enc,,base,4,0,0.42811552,0
Orthopoxvirus,prot_t5_xl_half_uniref50-enc,,base,4,0,0.4490014,0
Orthopoxvirus,prot_t5_xl_half_uniref50-enc,,base,4,0,0.46255106,0
Orthopoxvirus,prot_t5_xl_half_uniref50-enc,,base,4,0,0.48037186,0
Orthopoxvirus,prot_t5_xl_half_uniref50-enc,,base,4,0,0.47679454,0
Orthopoxvirus,prot_t5_xl_half_uniref50-enc,,base,4,0,0.54522705,1
Orthopoxvirus,prot_t5_xl_half_uniref50-enc,,base,4,0,0.56658125,1
Orthopoxvirus,prot_t5_xl_half_uniref50-enc,,base,4,0,0.6606749,1
Orthopoxvirus,prot_t5_xl_half_uniref50-enc,,base,4,0,0.6146617,1
Orthopoxvirus,prot_t5_xl_half_uniref50-enc,,base,4,0,0.55438745,1
Orthopoxvirus,prot_t5_xl_half_uniref50-enc,,base,4,0,0.76177734,1
Orthopoxvirus,prot_t5_xl_half_uniref50-enc,,base,4,0,0.5760471,1
Orthopoxvirus,prot_t5_xl_half_uniref50-enc,,base,4,0,0.6453238,1
Orthopoxvirus,prot_t5_xl_half_uniref50-enc,,base,4,0,0.72429,1
Orthopoxvirus,prot_t5_xl_half_uniref50-enc,,base,4,0,0.5404984,1
Orthopoxvirus,prot_t5_xl_half_uniref50-enc,,base,4,0,0.5538915,1
Orthopoxvirus,prot_t5_xl_half_uniref50-enc,,base,4,0,0.625429,1
Orthopoxvirus,prot_t5_xl_half_uniref50-enc,,base,4,0,0.581052,1
Orthopoxvirus,prot_t5_xl_half_uniref50-enc,,base,4,0,0.54044926,1
Orthopoxvirus,prot_t5_xl_half_uniref50-enc,,base,4,0,0.64085555,1
Orthopoxvirus,prot_t5_xl_half_uniref50-enc,,base,4,0,0.5609461,1
Orthopoxvirus,prot_t5_xl_half_uniref50-enc,,base,4,0,0.6119297,1
Orthopoxvirus,prot_t5_xl_half_uniref50-enc,,base,4,0,0.55589956,1
Orthopoxvirus,prot_t5_xl_half_uniref50-enc,,base,4,0,0.6314749,1
Orthopoxvirus,prot_t5_xl_half_uniref50-enc,,base,4,0,0.60171264,1
Orthopoxvirus,prot_t5_xl_half_uniref50-enc,,base,4,0,0.5571521,1
Orthopoxvirus,prot_t5_xl_half_uniref50-enc,,base,4,0,0.66933924,1
Orthopoxvirus,prot_t5_xl_half_uniref50-enc,,base,4,0,0.594953,1
Orthopoxvirus,prot_t5_xl_half_uniref50-enc,,base,4,0,0.57752466,1
Orthopoxvirus,prot_t5_xl_half_uniref50-enc,,base,4,0,0.63400507,1
Orthopoxvirus,prot_t5_xl_half_uniref50-enc,,base,4,0,0.67422587,1
Orthopoxvirus,prot_t5_xl_half_uniref50-enc,,base,4,0,0.6558755,1
Orthopoxvirus,prot_t5_xl_half_uniref50-enc,,base,4,0,0.7219349,1
Orthopoxvirus,prot_t5_xl_half_uniref50-enc,,base,4,0,0.5087881,1
Orthopoxvirus,prot_t5_xl_half_uniref50-enc,,base,4,0,0.51957285,1
Orthopoxvirus,prot_t5_xl_half_uniref50-enc,,base,4,0,0.5373326,1
Orthopoxvirus,prot_t5_xl_half_uniref50-enc,,base,4,0,0.536743,1
Orthopoxvirus,prot_t5_xl_half_uniref50-enc,,base,4,0,0.62835807,1
Orthopoxvirus,prot_t5_xl_half_uniref50-enc,,base,4,0,0.5856374,1
Orthopoxvirus,prot_t5_xl_half_uniref50-enc,,base,4,0,0.5716956,1
Orthopoxvirus,prot_t5_xl_half_uniref50-enc,,base,4,0,0.60051185,1
Orthopoxvirus,prot_t5_xl_half_uniref50-enc,,base,4,0,0.64571923,1
Orthopoxvirus,prot_t5_xl_half_uniref50-enc,,base,4,0,0.6056342,1
Orthopoxvirus,prot_t5_xl_half_uniref50-enc,,base,4,0,0.6071683,1
Orthopoxvirus,prot_t5_xl_half_uniref50-enc,,base,4,0,0.5765095,1
Orthopoxvirus,prot_t5_xl_half_uniref50-enc,,base,4,0,0.5996869,1
Orthopoxvirus,prot_t5_xl_half_uniref50-enc,,base,4,1,0.68208164,1
Orthopoxvirus,prot_t5_xl_half_uniref50-enc,,base,4,1,0.6616391,1
Orthopoxvirus,prot_t5_xl_half_uniref50-enc,,base,4,1,0.75845283,1
Orthopoxvirus,prot_t5_xl_half_uniref50-enc,,base,4,1,0.7211814,1
Orthopoxvirus,prot_t5_xl_half_uniref50-enc,,base,4,1,0.6558599,1
Orthopoxvirus,prot_t5_xl_half_uniref50-enc,,base,4,1,0.81715,1
Orthopoxvirus,prot_t5_xl_half_uniref50-enc,,base,4,1,0.75007576,1
Orthopoxvirus,prot_t5_xl_half_uniref50-enc,,base,4,1,0.76122105,1
Orthopoxvirus,prot_t5_xl_half_uniref50-enc,,base,4,1,0.66936326,1
Orthopoxvirus,prot_t5_xl_half_uniref50-enc,,base,4,1,0.71314305,1
Orthopoxvirus,prot_t5_xl_half_uniref50-enc,,base,4,1,0.9636057,1
Orthopoxvirus,prot_t5_xl_half_uniref50-enc,,base,4,1,0.92691094,1
Orthopoxvirus,prot_t5_xl_half_uniref50-enc,,base,4,1,0.9388099,1
Orthopoxvirus,prot_t5_xl_half_uniref50-enc,,base,4,1,0.96598214,1
Orthopoxvirus,prot_t5_xl_half_uniref50-enc,,base,4,1,0.9613001,1
Orthopoxvirus,prot_t5_xl_half_uniref50-enc,,base,4,1,0.95518637,1
Orthopoxvirus,prot_t5_xl_half_uniref50-enc,,base,4,1,0.9504233,1
Orthopoxvirus,prot_t5_xl_half_uniref50-enc,,base,4,1,0.9497698,1
Orthopoxvirus,prot_t5_xl_half_uniref50-enc,,base,4,1,0.97689134,1
Orthopoxvirus,prot_t5_xl_half_uniref50-enc,,base,4,1,0.96672183,1
Orthopoxvirus,prot_t5_xl_half_uniref50-enc,,base,4,1,0.9442815,1
Orthopoxvirus,prot_t5_xl_half_uniref50-enc,,base,4,1,0.97651607,1
Orthopoxvirus,prot_t5_xl_half_uniref50-enc,,base,4,1,0.97046924,1
Orthopoxvirus,prot_t5_xl_half_uniref50-enc,,base,4,1,0.9680932,1
Orthopoxvirus,prot_t5_xl_half_uniref50-enc,,base,4,1,0.96579015,1
Orthopoxvirus,prot_t5_xl_half_uniref50-enc,,base,4,1,0.9625533,1
Orthopoxvirus,prot_t5_xl_half_uniref50-enc,,base,4,1,0.8817602,1
Orthopoxvirus,prot_t5_xl_half_uniref50-enc,,base,4,1,0.8237166,1
Orthopoxvirus,prot_t5_xl_half_uniref50-enc,,base,4,1,0.94104457,1
Orthopoxvirus,prot_t5_xl_half_uniref50-enc,,base,4,1,0.8481167,1
Orthopoxvirus,prot_t5_xl_half_uniref50-enc,,base,4,1,0.89365786,1
Orthopoxvirus,prot_t5_xl_half_uniref50-enc,,base,4,1,0.8644851,1
Orthopoxvirus,prot_t5_xl_half_uniref50-enc,,base,4,1,0.9591849,1
Orthopoxvirus,prot_t5_xl_half_uniref50-enc,,base,4,1,0.904663,1
Orthopoxvirus,prot_t5_xl_half_uniref50-enc,,base,4,1,0.9400873,1
Orthopoxvirus,prot_t5_xl_half_uniref50-enc,,base,4,1,0.92251533,1
Orthopoxvirus,prot_t5_xl_half_uniref50-enc,,base,4,1,0.92087233,1
Orthopoxvirus,prot_t5_xl_half_uniref50-enc,,base,4,1,0.9567869,1
Orthopoxvirus,prot_t5_xl_half_uniref50-enc,,base,4,1,0.9489308,1
Orthopoxvirus,prot_t5_xl_half_uniref50-enc,,base,4,1,0.88547015,1
Orthopoxvirus,prot_t5_xl_half_uniref50-enc,,base,4,1,0.9226171,1
Orthopoxvirus,prot_t5_xl_half_uniref50-enc,,base,4,1,0.94266343,1
Orthopoxvirus,prot_t5_xl_half_uniref50-enc,,base,4,1,0.8838998,1
Orthopoxvirus,prot_t5_xl_half_uniref50-enc,,base,4,1,0.9486813,1
Orthopoxvirus,prot_t5_xl_half_uniref50-enc,,base,4,1,0.89462274,1
Orthopoxvirus,prot_t5_xl_half_uniref50-enc,,base,4,1,0.89413613,1
Orthopoxvirus,prot_t5_xl_half_uniref50-enc,,base,4,1,0.9485441,1
Orthopoxvirus,prot_t5_xl_half_uniref50-enc,,base,4,1,0.90930384,1
Orthopoxvirus,prot_t5_xl_half_uniref50-enc,,base,4,1,0.8716956,1
Orthopoxvirus,prot_t5_xl_half_uniref50-enc,,base,4,1,0.8023509,1
Orthopoxvirus,prot_t5_xl_half_uniref50-enc,,base,4,1,0.9400925,1
Orthopoxvirus,prot_t5_xl_half_uniref50-enc,,base,4,1,0.9163896,1
Orthopoxvirus,prot_t5_xl_half_uniref50-enc,,base,4,1,0.8221158,1
Orthopoxvirus,prot_t5_xl_half_uniref50-enc,,base,4,1,0.9181353,1
Orthopoxvirus,prot_t5_xl_half_uniref50-enc,,base,4,1,0.8911251,1
Orthopoxvirus,prot_t5_xl_half_uniref50-enc,,base,4,1,0.91374063,1
Orthopoxvirus,prot_t5_xl_half_uniref50-enc,,base,4,1,0.86017746,1
Orthopoxvirus,prot_t5_xl_half_uniref50-enc,,base,4,1,0.7857172,1
Orthopoxvirus,prot_t5_xl_half_uniref50-enc,,base,4,1,0.7263253,1
Orthopoxvirus,prot_t5_xl_half_uniref50-enc,,base,4,1,0.8188144,1
Orthopoxvirus,prot_t5_xl_half_uniref50-enc,,base,4,1,0.59833086,1
Orthopoxvirus,prot_t5_xl_half_uniref50-enc,,base,4,1,0.6252464,1
Orthopoxvirus,prot_t5_xl_half_uniref50-enc,,base,4,1,0.5816808,1
Orthopoxvirus,prot_t5_xl_half_uniref50-enc,,base,4,1,0.71571827,1
Orthopoxvirus,prot_t5_xl_half_uniref50-enc,,base,4,1,0.71092194,1
Orthopoxvirus,prot_t5_xl_half_uniref50-enc,,base,4,1,0.7059212,1
Orthopoxvirus,prot_t5_xl_half_uniref50-enc,,base,4,1,0.718735,1
Orthopoxvirus,prot_t5_xl_half_uniref50-enc,,base,4,1,0.8380577,1
Orthopoxvirus,prot_t5_xl_half_uniref50-enc,,base,4,1,0.73583657,1
Orthopoxvirus,prot_t5_xl_half_uniref50-enc,,base,4,1,0.74866426,1
Orthopoxvirus,prot_t5_xl_half_uniref50-enc,,base,4,1,0.567309,1
Orthopoxvirus,prot_t5_xl_half_uniref50-enc,,base,4,1,0.54589516,1
Orthopoxvirus,prot_t5_xl_half_uniref50-enc,,base,4,1,0.5813649,1
Orthopoxvirus,prot_t5_xl_half_uniref50-enc,,base,4,1,0.7852527,1
Orthopoxvirus,prot_t5_xl_half_uniref50-enc,,base,4,1,0.81155837,1
Orthopoxvirus,prot_t5_xl_half_uniref50-enc,,base,4,1,0.74086547,1
Orthopoxvirus,prot_t5_xl_half_uniref50-enc,,base,4,1,0.7174681,1
Orthopoxvirus,prot_t5_xl_half_uniref50-enc,,base,4,1,0.7246506,1
Orthopoxvirus,prot_t5_xl_half_uniref50-enc,,base,4,1,0.87253344,1
Orthopoxvirus,prot_t5_xl_half_uniref50-enc,,base,4,1,0.88721067,1
Orthopoxvirus,prot_t5_xl_half_uniref50-enc,,base,4,1,0.8175706,1
Orthopoxvirus,prot_t5_xl_half_uniref50-enc,,base,4,1,0.86760896,1
Orthopoxvirus,prot_t5_xl_half_uniref50-enc,,base,4,1,0.8709065,1
Orthopoxvirus,prot_t5_xl_half_uniref50-enc,,base,4,1,0.91134936,1
Orthopoxvirus,prot_t5_xl_half_uniref50-enc,,base,4,1,0.88681316,1
Orthopoxvirus,prot_t5_xl_half_uniref50-enc,,base,4,1,0.818376,1
Orthopoxvirus,prot_t5_xl_half_uniref50-enc,,base,4,1,0.8661227,1
Orthopoxvirus,prot_t5_xl_half_uniref50-enc,,base,4,0,0.73853767,1
Orthopoxvirus,prot_t5_xl_half_uniref50-enc,,base,4,0,0.75103974,1
Orthopoxvirus,prot_t5_xl_half_uniref50-enc,,base,4,0,0.6258286,1
Orthopoxvirus,prot_t5_xl_half_uniref50-enc,,base,4,0,0.63303715,1
Orthopoxvirus,prot_t5_xl_half_uniref50-enc,,base,4,0,0.8176977,1
Orthopoxvirus,prot_t5_xl_half_uniref50-enc,,base,4,0,0.63017464,1
Orthopoxvirus,prot_t5_xl_half_uniref50-enc,,base,4,0,0.75490576,1
Orthopoxvirus,prot_t5_xl_half_uniref50-enc,,base,4,0,0.71450615,1
Orthopoxvirus,prot_t5_xl_half_uniref50-enc,,base,4,0,0.8839109,1
Orthopoxvirus,prot_t5_xl_half_uniref50-enc,,base,4,0,0.7076906,1
Orthopoxvirus,prot_t5_xl_half_uniref50-enc,,base,4,0,0.7895795,1
Orthopoxvirus,prot_t5_xl_half_uniref50-enc,,base,4,0,0.65237385,1
Orthopoxvirus,prot_t5_xl_half_uniref50-enc,,base,4,0,0.7761855,1
Orthopoxvirus,prot_t5_xl_half_uniref50-enc,,base,4,0,0.7772299,1
Orthopoxvirus,prot_t5_xl_half_uniref50-enc,,base,4,0,0.68172616,1
Orthopoxvirus,prot_t5_xl_half_uniref50-enc,,base,4,0,0.7281813,1
Orthopoxvirus,prot_t5_xl_half_uniref50-enc,,base,4,0,0.7180339,1
Orthopoxvirus,prot_t5_xl_half_uniref50-enc,,base,4,0,0.66830325,1
Orthopoxvirus,prot_t5_xl_half_uniref50-enc,,base,4,0,0.69163144,1
Orthopoxvirus,prot_t5_xl_half_uniref50-enc,,base,4,0,0.74081886,1
Orthopoxvirus,prot_t5_xl_half_uniref50-enc,,base,4,0,0.75595164,1
Orthopoxvirus,prot_t5_xl_half_uniref50-enc,,base,4,0,0.69558835,1
Orthopoxvirus,prot_t5_xl_half_uniref50-enc,,base,4,0,0.7123834,1
Orthopoxvirus,prot_t5_xl_half_uniref50-enc,,base,4,0,0.7312317,1
Orthopoxvirus,prot_t5_xl_half_uniref50-enc,,base,4,0,0.75602543,1
Orthopoxvirus,prot_t5_xl_half_uniref50-enc,,base,4,0,0.64762545,1
Orthopoxvirus,prot_t5_xl_half_uniref50-enc,,base,4,0,0.66034466,1
Orthopoxvirus,prot_t5_xl_half_uniref50-enc,,base,4,0,0.7405819,1
Orthopoxvirus,prot_t5_xl_half_uniref50-enc,,base,4,0,0.79548573,1
Orthopoxvirus,prot_t5_xl_half_uniref50-enc,,base,4,0,0.7878542,1
Orthopoxvirus,prot_t5_xl_half_uniref50-enc,,base,4,0,0.7561292,1
Orthopoxvirus,prot_t5_xl_half_uniref50-enc,,base,4,0,0.7172933,1
Orthopoxvirus,prot_t5_xl_half_uniref50-enc,,base,4,0,0.67809266,1
Orthopoxvirus,prot_t5_xl_half_uniref50-enc,,base,4,0,0.72007334,1
Orthopoxvirus,prot_t5_xl_half_uniref50-enc,,base,4,0,0.6778903,1
Orthopoxvirus,prot_t5_xl_half_uniref50-enc,,base,4,0,0.57689536,1
Orthopoxvirus,prot_t5_xl_half_uniref50-enc,,base,4,0,0.6107256,1
Orthopoxvirus,prot_t5_xl_half_uniref50-enc,,base,4,0,0.55435026,1
Orthopoxvirus,prot_t5_xl_half_uniref50-enc,,base,4,0,0.71377623,1
Orthopoxvirus,prot_t5_xl_half_uniref50-enc,,base,4,0,0.59055215,1
Orthopoxvirus,prot_t5_xl_half_uniref50-enc,,base,4,1,0.53280234,1
Orthopoxvirus,prot_t5_xl_half_uniref50-enc,,base,4,1,0.5513202,1
Orthopoxvirus,prot_t5_xl_half_uniref50-enc,,base,4,1,0.5161621,1
Orthopoxvirus,prot_t5_xl_half_uniref50-enc,,base,4,1,0.48519966,0
Orthopoxvirus,prot_t5_xl_half_uniref50-enc,,base,4,1,0.51771724,1
Orthopoxvirus,prot_t5_xl_half_uniref50-enc,,base,4,1,0.67422974,1
Orthopoxvirus,prot_t5_xl_half_uniref50-enc,,base,4,1,0.63936496,1
Orthopoxvirus,prot_t5_xl_half_uniref50-enc,,base,4,1,0.6430789,1
Orthopoxvirus,prot_t5_xl_half_uniref50-enc,,base,4,1,0.611058,1
Orthopoxvirus,prot_t5_xl_half_uniref50-enc,,base,4,1,0.6638076,1
Orthopoxvirus,prot_t5_xl_half_uniref50-enc,,base,4,1,0.65086067,1
Orthopoxvirus,prot_t5_xl_half_uniref50-enc,,base,4,1,0.64458686,1
Orthopoxvirus,prot_t5_xl_half_uniref50-enc,,base,4,1,0.6371518,1
Orthopoxvirus,prot_t5_xl_half_uniref50-enc,,base,4,1,0.6015166,1
Orthopoxvirus,prot_t5_xl_half_uniref50-enc,,base,4,1,0.6649039,1
Orthopoxvirus,prot_t5_xl_half_uniref50-enc,,base,4,1,0.6135599,1
Orthopoxvirus,prot_t5_xl_half_uniref50-enc,,base,4,1,0.70270926,1
Orthopoxvirus,prot_t5_xl_half_uniref50-enc,,base,4,1,0.6661862,1
Orthopoxvirus,prot_t5_xl_half_uniref50-enc,,base,4,1,0.69385266,1
Orthopoxvirus,prot_t5_xl_half_uniref50-enc,,base,4,1,0.6761797,1
Orthopoxvirus,prot_t5_xl_half_uniref50-enc,,base,4,1,0.69039845,1
Orthopoxvirus,prot_t5_xl_half_uniref50-enc,,base,4,1,0.67660195,1
Orthopoxvirus,prot_t5_xl_half_uniref50-enc,,base,4,1,0.8837062,1
Orthopoxvirus,prot_t5_xl_half_uniref50-enc,,base,4,1,0.9244198,1
Orthopoxvirus,prot_t5_xl_half_uniref50-enc,,base,4,1,0.86260754,1
Orthopoxvirus,prot_t5_xl_half_uniref50-enc,,base,4,1,0.9568873,1
Orthopoxvirus,prot_t5_xl_half_uniref50-enc,,base,4,1,0.92241997,1
Orthopoxvirus,prot_t5_xl_half_uniref50-enc,,base,4,1,0.94315124,1
Orthopoxvirus,prot_t5_xl_half_uniref50-enc,,base,4,1,0.9145268,1
Orthopoxvirus,prot_t5_xl_half_uniref50-enc,,base,4,1,0.88587433,1
Orthopoxvirus,prot_t5_xl_half_uniref50-enc,,base,4,1,0.9523954,1
Orthopoxvirus,prot_t5_xl_half_uniref50-enc,,base,4,1,0.8590423,1
Orthopoxvirus,prot_t5_xl_half_uniref50-enc,,base,4,1,0.9113065,1
Orthopoxvirus,prot_t5_xl_half_uniref50-enc,,base,4,1,0.9403706,1
Orthopoxvirus,prot_t5_xl_half_uniref50-enc,,base,4,0,0.83778787,1
Orthopoxvirus,prot_t5_xl_half_uniref50-enc,,base,4,0,0.883425,1
Orthopoxvirus,prot_t5_xl_half_uniref50-enc,,base,4,0,0.7566761,1
Orthopoxvirus,prot_t5_xl_half_uniref50-enc,,base,4,0,0.8974314,1
Orthopoxvirus,prot_t5_xl_half_uniref50-enc,,base,4,0,0.868123,1
Orthopoxvirus,prot_t5_xl_half_uniref50-enc,,base,4,0,0.9355394,1
Orthopoxvirus,prot_t5_xl_half_uniref50-enc,,base,4,0,0.8910502,1
Orthopoxvirus,prot_t5_xl_half_uniref50-enc,,base,4,0,0.8816581,1
Orthopoxvirus,prot_t5_xl_half_uniref50-enc,,base,4,0,0.93358433,1
Orthopoxvirus,prot_t5_xl_half_uniref50-enc,,base,4,0,0.8863162,1
Orthopoxvirus,prot_t5_xl_half_uniref50-enc,,base,4,0,0.9255472,1
Orthopoxvirus,prot_t5_xl_half_uniref50-enc,,base,4,0,0.9261787,1
Orthopoxvirus,prot_t5_xl_half_uniref50-enc,,base,4,1,0.88546604,1
Orthopoxvirus,prot_t5_xl_half_uniref50-enc,,base,4,1,0.8353335,1
Orthopoxvirus,prot_t5_xl_half_uniref50-enc,,base,4,1,0.79452425,1
Orthopoxvirus,prot_t5_xl_half_uniref50-enc,,base,4,1,0.77662605,1
Orthopoxvirus,prot_t5_xl_half_uniref50-enc,,base,4,1,0.91206414,1
Orthopoxvirus,prot_t5_xl_half_uniref50-enc,,base,4,1,0.8726617,1
Orthopoxvirus,prot_t5_xl_half_uniref50-enc,,base,4,1,0.873562,1
Orthopoxvirus,prot_t5_xl_half_uniref50-enc,,base,4,1,0.92937154,1
Orthopoxvirus,prot_t5_xl_half_uniref50-enc,,base,4,1,0.87978494,1
Orthopoxvirus,prot_t5_xl_half_uniref50-enc,,base,4,1,0.915176,1
Orthopoxvirus,prot_t5_xl_half_uniref50-enc,,base,4,1,0.9050497,1
Orthopoxvirus,prot_t5_xl_half_uniref50-enc,,base,4,1,0.82902706,1
Orthopoxvirus,prot_t5_xl_half_uniref50-enc,,base,4,1,0.92060995,1
Orthopoxvirus,prot_t5_xl_half_uniref50-enc,,base,4,1,0.88847023,1
Orthopoxvirus,prot_t5_xl_half_uniref50-enc,,base,4,1,0.93121034,1
Orthopoxvirus,prot_t5_xl_half_uniref50-enc,,base,4,1,0.9010085,1
Orthopoxvirus,prot_t5_xl_half_uniref50-enc,,base,4,1,0.8976989,1
Orthopoxvirus,prot_t5_xl_half_uniref50-enc,,base,4,1,0.91520643,1
Orthopoxvirus,prot_t5_xl_half_uniref50-enc,,base,4,1,0.9406832,1
Orthopoxvirus,prot_t5_xl_half_uniref50-enc,,base,4,1,0.9293869,1
Orthopoxvirus,prot_t5_xl_half_uniref50-enc,,base,4,1,0.9069182,1
Orthopoxvirus,prot_t5_xl_half_uniref50-enc,,base,4,1,0.9350885,1
Orthopoxvirus,prot_t5_xl_half_uniref50-enc,,base,4,1,0.8841465,1
Orthopoxvirus,prot_t5_xl_half_uniref50-enc,,base,4,1,0.8841577,1
Orthopoxvirus,prot_t5_xl_half_uniref50-enc,,base,4,1,0.77570707,1
Orthopoxvirus,prot_t5_xl_half_uniref50-enc,,base,4,1,0.7956617,1
Orthopoxvirus,prot_t5_xl_half_uniref50-enc,,base,4,1,0.7249383,1
Orthopoxvirus,prot_t5_xl_half_uniref50-enc,,base,4,1,0.7268549,1
Orthopoxvirus,prot_t5_xl_half_uniref50-enc,,base,4,1,0.80135393,1
Orthopoxvirus,prot_t5_xl_half_uniref50-enc,,base,4,1,0.7074056,1
Orthopoxvirus,prot_t5_xl_half_uniref50-enc,,base,4,1,0.74823594,1
Orthopoxvirus,prot_t5_xl_half_uniref50-enc,,base,4,1,0.7137286,1
Orthopoxvirus,prot_t5_xl_half_uniref50-enc,,base,4,1,0.8645281,1
Orthopoxvirus,prot_t5_xl_half_uniref50-enc,,base,4,1,0.7287424,1
Orthopoxvirus,prot_t5_xl_half_uniref50-enc,,base,4,1,0.8191758,1
Orthopoxvirus,prot_t5_xl_half_uniref50-enc,,base,4,1,0.8391851,1
Orthopoxvirus,prot_t5_xl_half_uniref50-enc,,base,4,1,0.77163064,1
Orthopoxvirus,prot_t5_xl_half_uniref50-enc,,base,4,1,0.66936105,1
Orthopoxvirus,prot_t5_xl_half_uniref50-enc,,base,4,1,0.5999582,1
Orthopoxvirus,prot_t5_xl_half_uniref50-enc,,base,4,1,0.57467854,1
Orthopoxvirus,prot_t5_xl_half_uniref50-enc,,base,4,1,0.63198596,1
Orthopoxvirus,prot_t5_xl_half_uniref50-enc,,base,4,1,0.5427674,1
Orthopoxvirus,prot_t5_xl_half_uniref50-enc,,base,4,1,0.6173287,1
Orthopoxvirus,prot_t5_xl_half_uniref50-enc,,base,4,1,0.5680368,1
Orthopoxvirus,prot_t5_xl_half_uniref50-enc,,base,4,1,0.72546345,1
Orthopoxvirus,prot_t5_xl_half_uniref50-enc,,base,4,1,0.5758197,1
Orthopoxvirus,prot_t5_xl_half_uniref50-enc,,base,4,1,0.6351497,1
Orthopoxvirus,prot_t5_xl_half_uniref50-enc,,base,4,1,0.7221513,1
Orthopoxvirus,prot_t5_xl_half_uniref50-enc,,base,4,1,0.6170655,1
Orthopoxvirus,prot_t5_xl_half_uniref50-enc,,base,4,1,0.8823083,1
Orthopoxvirus,prot_t5_xl_half_uniref50-enc,,base,4,1,0.89418083,1
Orthopoxvirus,prot_t5_xl_half_uniref50-enc,,base,4,1,0.87489974,1
Orthopoxvirus,prot_t5_xl_half_uniref50-enc,,base,4,1,0.8329559,1
Orthopoxvirus,prot_t5_xl_half_uniref50-enc,,base,4,1,0.81237644,1
Orthopoxvirus,prot_t5_xl_half_uniref50-enc,,base,4,1,0.8644678,1
Orthopoxvirus,prot_t5_xl_half_uniref50-enc,,base,4,1,0.8289254,1
Orthopoxvirus,prot_t5_xl_half_uniref50-enc,,base,4,1,0.92755604,1
Orthopoxvirus,prot_t5_xl_half_uniref50-enc,,base,4,1,0.8590619,1
Orthopoxvirus,prot_t5_xl_half_uniref50-enc,,base,4,1,0.9116342,1
Orthopoxvirus,prot_t5_xl_half_uniref50-enc,,base,4,1,0.80075556,1
Orthopoxvirus,prot_t5_xl_half_uniref50-enc,,base,4,1,0.8554306,1
Orthopoxvirus,prot_t5_xl_half_uniref50-enc,,base,4,1,0.76694703,1
Orthopoxvirus,prot_t5_xl_half_uniref50-enc,,base,4,1,0.71658444,1
Orthopoxvirus,prot_t5_xl_half_uniref50-enc,,base,4,1,0.6984795,1
Orthopoxvirus,prot_t5_xl_half_uniref50-enc,,base,4,1,0.6254087,1
Orthopoxvirus,prot_t5_xl_half_uniref50-enc,,base,4,1,0.6825696,1
Orthopoxvirus,prot_t5_xl_half_uniref50-enc,,base,4,1,0.6107292,1
Orthopoxvirus,prot_t5_xl_half_uniref50-enc,,base,4,0,0.51248527,1
Orthopoxvirus,prot_t5_xl_half_uniref50-enc,,base,4,0,0.5164283,1
Orthopoxvirus,prot_t5_xl_half_uniref50-enc,,base,4,0,0.62284887,1
Orthopoxvirus,prot_t5_xl_half_uniref50-enc,,base,4,0,0.5209425,1
Orthopoxvirus,prot_t5_xl_half_uniref50-enc,,base,4,0,0.46252158,0
Orthopoxvirus,prot_t5_xl_half_uniref50-enc,,base,4,0,0.46953303,0
Orthopoxvirus,prot_t5_xl_half_uniref50-enc,,base,4,0,0.47382483,0
Orthopoxvirus,prot_t5_xl_half_uniref50-enc,,base,4,0,0.47929713,0
Orthopoxvirus,prot_t5_xl_half_uniref50-enc,,base,4,0,0.47872666,0
Orthopoxvirus,prot_t5_xl_half_uniref50-enc,,base,4,0,0.4858126,0
Orthopoxvirus,prot_t5_xl_half_uniref50-enc,,base,4,0,0.54814583,1
Orthopoxvirus,prot_t5_xl_half_uniref50-enc,,base,4,0,0.53536665,1
Orthopoxvirus,prot_t5_xl_half_uniref50-enc,,base,4,0,0.5646149,1
Orthopoxvirus,prot_t5_xl_half_uniref50-enc,,base,4,0,0.77975035,1
Orthopoxvirus,prot_t5_xl_half_uniref50-enc,,base,4,0,0.8136724,1
Orthopoxvirus,prot_t5_xl_half_uniref50-enc,,base,4,1,0.75933254,1
Orthopoxvirus,prot_t5_xl_half_uniref50-enc,,base,4,1,0.859429,1
Orthopoxvirus,prot_t5_xl_half_uniref50-enc,,base,4,1,0.81304216,1
Orthopoxvirus,prot_t5_xl_half_uniref50-enc,,base,4,1,0.8097917,1
Orthopoxvirus,prot_t5_xl_half_uniref50-enc,,base,4,1,0.858586,1
Orthopoxvirus,prot_t5_xl_half_uniref50-enc,,base,4,1,0.8461846,1
Orthopoxvirus,prot_t5_xl_half_uniref50-enc,,base,4,1,0.8237749,1
Orthopoxvirus,prot_t5_xl_half_uniref50-enc,,base,4,1,0.7804839,1
Orthopoxvirus,prot_t5_xl_half_uniref50-enc,,base,4,1,0.8217817,1
Orthopoxvirus,prot_t5_xl_half_uniref50-enc,,base,4,1,0.7467229,1
Orthopoxvirus,prot_t5_xl_half_uniref50-enc,,base,4,1,0.84211296,1
Orthopoxvirus,prot_t5_xl_half_uniref50-enc,,base,4,1,0.8353302,1
Orthopoxvirus,prot_t5_xl_half_uniref50-enc,,base,4,1,0.7862822,1
Orthopoxvirus,prot_t5_xl_half_uniref50-enc,,base,4,1,0.6983515,1
Orthopoxvirus,prot_t5_xl_half_uniref50-enc,,base,4,1,0.7728778,1
Orthopoxvirus,prot_t5_xl_half_uniref50-enc,,base,4,1,0.7319956,1
Orthopoxvirus,prot_t5_xl_half_uniref50-enc,,base,4,1,0.6939499,1
Orthopoxvirus,prot_t5_xl_half_uniref50-enc,,base,4,1,0.6856299,1
Orthopoxvirus,prot_t5_xl_half_uniref50-enc,,base,4,1,0.698121,1
Orthopoxvirus,prot_t5_xl_half_uniref50-enc,,base,4,1,0.7967482,1
Orthopoxvirus,prot_t5_xl_half_uniref50-enc,,base,4,1,0.69335455,1
Orthopoxvirus,prot_t5_xl_half_uniref50-enc,,base,4,1,0.4657034,0
Orthopoxvirus,prot_t5_xl_half_uniref50-enc,,base,4,1,0.6334646,1
Orthopoxvirus,prot_t5_xl_half_uniref50-enc,,base,4,1,0.5249592,1
Orthopoxvirus,prot_t5_xl_half_uniref50-enc,,base,4,1,0.6173123,1
Orthopoxvirus,prot_t5_xl_half_uniref50-enc,,base,4,1,0.6407692,1
Orthopoxvirus,prot_t5_xl_half_uniref50-enc,,base,4,1,0.53462183,1
Orthopoxvirus,prot_t5_xl_half_uniref50-enc,,base,4,1,0.5091893,1
Orthopoxvirus,prot_t5_xl_half_uniref50-enc,,base,4,1,0.59065855,1
Orthopoxvirus,prot_t5_xl_half_uniref50-enc,,base,4,1,0.7022324,1
Orthopoxvirus,prot_t5_xl_half_uniref50-enc,,base,4,1,0.6085264,1
Orthopoxvirus,prot_t5_xl_half_uniref50-enc,,base,4,1,0.652967,1
Orthopoxvirus,prot_t5_xl_half_uniref50-enc,,base,4,1,0.6550239,1
Orthopoxvirus,prot_t5_xl_half_uniref50-enc,,base,4,1,0.717197,1
Orthopoxvirus,prot_t5_xl_half_uniref50-enc,,base,4,1,0.6585372,1
Orthopoxvirus,prot_t5_xl_half_uniref50-enc,,base,4,1,0.8584951,1
Orthopoxvirus,prot_t5_xl_half_uniref50-enc,,base,4,1,0.700745,1
Orthopoxvirus,prot_t5_xl_half_uniref50-enc,,base,4,1,0.7728756,1
Orthopoxvirus,prot_t5_xl_half_uniref50-enc,,base,4,1,0.7117849,1
Orthopoxvirus,prot_t5_xl_half_uniref50-enc,,base,4,1,0.76814,1
Orthopoxvirus,prot_t5_xl_half_uniref50-enc,,base,4,0,0.7444901,1
Orthopoxvirus,prot_t5_xl_half_uniref50-enc,,base,4,0,0.8181865,1
Orthopoxvirus,prot_t5_xl_half_uniref50-enc,,base,4,0,0.8301756,1
Orthopoxvirus,prot_t5_xl_half_uniref50-enc,,base,4,0,0.7966804,1
Orthopoxvirus,prot_t5_xl_half_uniref50-enc,,base,4,0,0.7059922,1
Orthopoxvirus,prot_t5_xl_half_uniref50-enc,,base,4,0,0.7248833,1
Orthopoxvirus,prot_t5_xl_half_uniref50-enc,,base,4,0,0.72890776,1
Orthopoxvirus,prot_t5_xl_half_uniref50-enc,,base,4,0,0.71286565,1
Orthopoxvirus,prot_t5_xl_half_uniref50-enc,,base,4,0,0.5907475,1
Orthopoxvirus,prot_t5_xl_half_uniref50-enc,,base,4,0,0.7192484,1
Orthopoxvirus,prot_t5_xl_half_uniref50-enc,,base,4,0,0.70031375,1
Orthopoxvirus,prot_t5_xl_half_uniref50-enc,,base,4,1,0.5458759,1
Orthopoxvirus,prot_t5_xl_half_uniref50-enc,,base,4,1,0.6667164,1
Orthopoxvirus,prot_t5_xl_half_uniref50-enc,,base,4,1,0.5480424,1
Orthopoxvirus,prot_t5_xl_half_uniref50-enc,,base,4,1,0.63097036,1
Orthopoxvirus,prot_t5_xl_half_uniref50-enc,,base,4,1,0.6307399,1
Orthopoxvirus,prot_t5_xl_half_uniref50-enc,,base,4,1,0.71014404,1
Orthopoxvirus,prot_t5_xl_half_uniref50-enc,,base,4,1,0.71445984,1
Orthopoxvirus,prot_t5_xl_half_uniref50-enc,,base,4,1,0.78545904,1
Orthopoxvirus,prot_t5_xl_half_uniref50-enc,,base,4,1,0.88537645,1
Orthopoxvirus,prot_t5_xl_half_uniref50-enc,,base,4,1,0.79864615,1
Orthopoxvirus,prot_t5_xl_half_uniref50-enc,,base,4,1,0.70458424,1
Orthopoxvirus,prot_t5_xl_half_uniref50-enc,,base,4,1,0.70723426,1
Orthopoxvirus,prot_t5_xl_half_uniref50-enc,,base,4,1,0.54024935,1
Orthopoxvirus,prot_t5_xl_half_uniref50-enc,,base,4,1,0.5373681,1
Orthopoxvirus,prot_t5_xl_half_uniref50-enc,,base,4,1,0.48504603,0
Orthopoxvirus,prot_t5_xl_half_uniref50-enc,,base,4,1,0.48607314,0
Orthopoxvirus,prot_t5_xl_half_uniref50-enc,,base,4,1,0.50463754,1
Orthopoxvirus,prot_t5_xl_half_uniref50-enc,,base,4,1,0.5269142,1
Orthopoxvirus,prot_t5_xl_half_uniref50-enc,,base,4,1,0.58822364,1
Orthopoxvirus,prot_t5_xl_half_uniref50-enc,,base,4,1,0.64129186,1
Orthopoxvirus,prot_t5_xl_half_uniref50-enc,,base,4,1,0.68592477,1
Orthopoxvirus,prot_t5_xl_half_uniref50-enc,,base,4,1,0.7776141,1
Orthopoxvirus,prot_t5_xl_half_uniref50-enc,,base,4,1,0.70002633,1
Orthopoxvirus,prot_t5_xl_half_uniref50-enc,,base,4,1,0.6947128,1
Orthopoxvirus,prot_t5_xl_half_uniref50-enc,,base,4,1,0.74271446,1
Orthopoxvirus,prot_t5_xl_half_uniref50-enc,,base,4,1,0.78658944,1
Orthopoxvirus,prot_t5_xl_half_uniref50-enc,,base,4,0,0.7081855,1
Orthopoxvirus,prot_t5_xl_half_uniref50-enc,,base,4,0,0.7350799,1
Orthopoxvirus,prot_t5_xl_half_uniref50-enc,,base,4,0,0.8157401,1
Orthopoxvirus,prot_t5_xl_half_uniref50-enc,,base,4,0,0.9104513,1
Orthopoxvirus,prot_t5_xl_half_uniref50-enc,,base,4,0,0.86155987,1
Orthopoxvirus,prot_t5_xl_half_uniref50-enc,,base,4,0,0.80034125,1
Orthopoxvirus,prot_t5_xl_half_uniref50-enc,,base,4,0,0.88321173,1
Orthopoxvirus,prot_t5_xl_half_uniref50-enc,,base,4,1,0.9012285,1
Orthopoxvirus,prot_t5_xl_half_uniref50-enc,,base,4,1,0.87124044,1
Orthopoxvirus,prot_t5_xl_half_uniref50-enc,,base,4,1,0.7232832,1
Orthopoxvirus,prot_t5_xl_half_uniref50-enc,,base,4,1,0.85677135,1
Orthopoxvirus,prot_t5_xl_half_uniref50-enc,,base,4,1,0.7698123,1
Orthopoxvirus,prot_t5_xl_half_uniref50-enc,,base,4,1,0.7601378,1
Orthopoxvirus,prot_t5_xl_half_uniref50-enc,,base,4,1,0.7325619,1
Orthopoxvirus,prot_t5_xl_half_uniref50-enc,,base,4,1,0.8361569,1
Orthopoxvirus,prot_t5_xl_half_uniref50-enc,,base,4,1,0.86350036,1
Orthopoxvirus,prot_t5_xl_half_uniref50-enc,,base,4,1,0.75387424,1
Orthopoxvirus,prot_t5_xl_half_uniref50-enc,,base,4,1,0.72076195,1
Orthopoxvirus,prot_t5_xl_half_uniref50-enc,,base,4,1,0.8039674,1
Orthopoxvirus,prot_t5_xl_half_uniref50-enc,,base,4,1,0.83441937,1
Orthopoxvirus,prot_t5_xl_half_uniref50-enc,,base,4,1,0.74512446,1
Orthopoxvirus,prot_t5_xl_half_uniref50-enc,,base,4,1,0.67533994,1
Orthopoxvirus,prot_t5_xl_half_uniref50-enc,,base,4,1,0.75104934,1
Orthopoxvirus,prot_t5_xl_half_uniref50-enc,,base,4,1,0.6257679,1
Orthopoxvirus,prot_t5_xl_half_uniref50-enc,,base,4,1,0.63305044,1
Orthopoxvirus,prot_t5_xl_half_uniref50-enc,,base,4,1,0.8177125,1
Orthopoxvirus,prot_t5_xl_half_uniref50-enc,,base,4,1,0.63017404,1
Orthopoxvirus,prot_t5_xl_half_uniref50-enc,,base,4,1,0.75484234,1
Orthopoxvirus,prot_t5_xl_half_uniref50-enc,,base,4,1,0.7145446,1
Orthopoxvirus,prot_t5_xl_half_uniref50-enc,,base,4,1,0.8838875,1
Orthopoxvirus,prot_t5_xl_half_uniref50-enc,,base,4,1,0.707731,1
Orthopoxvirus,prot_t5_xl_half_uniref50-enc,,base,4,1,0.78952146,1
Orthopoxvirus,prot_t5_xl_half_uniref50-enc,,base,4,1,0.65238965,1
Orthopoxvirus,prot_t5_xl_half_uniref50-enc,,base,4,0,0.77618414,1
Orthopoxvirus,prot_t5_xl_half_uniref50-enc,,base,4,0,0.7771851,1
Orthopoxvirus,prot_t5_xl_half_uniref50-enc,,base,4,0,0.6817417,1
Orthopoxvirus,prot_t5_xl_half_uniref50-enc,,base,4,0,0.72829884,1
Orthopoxvirus,prot_t5_xl_half_uniref50-enc,,base,4,0,0.7181329,1
Orthopoxvirus,prot_t5_xl_half_uniref50-enc,,base,4,0,0.66836256,1
Orthopoxvirus,prot_t5_xl_half_uniref50-enc,,base,4,0,0.71726775,1
Orthopoxvirus,prot_t5_xl_half_uniref50-enc,,base,4,0,0.67801803,1
Orthopoxvirus,prot_t5_xl_half_uniref50-enc,,base,4,0,0.7199946,1
Orthopoxvirus,prot_t5_xl_half_uniref50-enc,,base,4,0,0.6777834,1
Orthopoxvirus,prot_t5_xl_half_uniref50-enc,,base,4,0,0.5768791,1
Orthopoxvirus,prot_t5_xl_half_uniref50-enc,,base,4,0,0.6107443,1
Orthopoxvirus,prot_t5_xl_half_uniref50-enc,,base,4,0,0.5543744,1
Orthopoxvirus,prot_t5_xl_half_uniref50-enc,,base,4,0,0.71376467,1
Orthopoxvirus,prot_t5_xl_half_uniref50-enc,,base,4,1,0.59042954,1
Orthopoxvirus,prot_t5_xl_half_uniref50-enc,,base,4,1,0.5329333,1
Orthopoxvirus,prot_t5_xl_half_uniref50-enc,,base,4,1,0.55131257,1
Orthopoxvirus,prot_t5_xl_half_uniref50-enc,,base,4,1,0.51617557,1
Orthopoxvirus,prot_t5_xl_half_uniref50-enc,,base,4,1,0.48514217,0
Orthopoxvirus,prot_t5_xl_half_uniref50-enc,,base,4,1,0.51771885,1
Orthopoxvirus,prot_t5_xl_half_uniref50-enc,,base,4,1,0.67427623,1
Orthopoxvirus,prot_t5_xl_half_uniref50-enc,,base,4,1,0.63934654,1
Orthopoxvirus,prot_t5_xl_half_uniref50-enc,,base,4,1,0.643146,1
Orthopoxvirus,prot_t5_xl_half_uniref50-enc,,base,4,1,0.6109209,1
Orthopoxvirus,prot_t5_xl_half_uniref50-enc,,base,4,1,0.6637144,1
Orthopoxvirus,prot_t5_xl_half_uniref50-enc,,base,4,1,0.65069574,1
Orthopoxvirus,prot_t5_xl_half_uniref50-enc,,base,4,1,0.64462054,1
Orthopoxvirus,prot_t5_xl_half_uniref50-enc,,base,4,1,0.63712305,1
Orthopoxvirus,prot_t5_xl_half_uniref50-enc,,base,4,1,0.601493,1
Orthopoxvirus,prot_t5_xl_half_uniref50-enc,,base,4,1,0.92119396,1
Orthopoxvirus,prot_t5_xl_half_uniref50-enc,,base,4,1,0.8900478,1
Orthopoxvirus,prot_t5_xl_half_uniref50-enc,,base,4,1,0.8573533,1
Orthopoxvirus,prot_t5_xl_half_uniref50-enc,,base,4,1,0.87957084,1
Orthopoxvirus,prot_t5_xl_half_uniref50-enc,,base,4,1,0.8113301,1
Orthopoxvirus,prot_t5_xl_half_uniref50-enc,,base,4,1,0.80391526,1
Orthopoxvirus,prot_t5_xl_half_uniref50-enc,,base,4,1,0.8996642,1
Orthopoxvirus,prot_t5_xl_half_uniref50-enc,,base,4,1,0.8614453,1
Orthopoxvirus,prot_t5_xl_half_uniref50-enc,,base,4,1,0.93242466,1
Orthopoxvirus,prot_t5_xl_half_uniref50-enc,,base,4,1,0.8800097,1
Orthopoxvirus,prot_t5_xl_half_uniref50-enc,,base,4,1,0.91810936,1
Orthopoxvirus,prot_t5_xl_half_uniref50-enc,,base,4,1,0.8489377,1
Orthopoxvirus,prot_t5_xl_half_uniref50-enc,,base,4,1,0.8768912,1
Orthopoxvirus,prot_t5_xl_half_uniref50-enc,,base,4,1,0.70060843,1
Orthopoxvirus,prot_t5_xl_half_uniref50-enc,,base,4,1,0.7766287,1
Orthopoxvirus,prot_t5_xl_half_uniref50-enc,,base,4,1,0.74556625,1
Orthopoxvirus,prot_t5_xl_half_uniref50-enc,,base,4,1,0.8117505,1
Orthopoxvirus,prot_t5_xl_half_uniref50-enc,,base,4,1,0.7411077,1
Orthopoxvirus,prot_t5_xl_half_uniref50-enc,,base,4,1,0.78742737,1
Orthopoxvirus,prot_t5_xl_half_uniref50-enc,,base,4,1,0.69045645,1
Orthopoxvirus,prot_t5_xl_half_uniref50-enc,,base,4,1,0.797583,1
Orthopoxvirus,prot_t5_xl_half_uniref50-enc,,base,4,1,0.8007814,1
Orthopoxvirus,prot_t5_xl_half_uniref50-enc,,base,4,1,0.80896735,1
Orthopoxvirus,prot_t5_xl_half_uniref50-enc,,base,4,1,0.84478134,1
Orthopoxvirus,prot_t5_xl_half_uniref50-enc,,base,4,1,0.7882854,1
Orthopoxvirus,prot_t5_xl_half_uniref50-enc,,base,4,1,0.88736486,1
Orthopoxvirus,prot_t5_xl_half_uniref50-enc,,base,4,1,0.7690111,1
Orthopoxvirus,prot_t5_xl_half_uniref50-enc,,base,4,1,0.81134695,1
Orthopoxvirus,prot_t5_xl_half_uniref50-enc,,base,4,1,0.85307,1
Orthopoxvirus,prot_t5_xl_half_uniref50-enc,,base,4,1,0.87230676,1
Orthopoxvirus,prot_t5_xl_half_uniref50-enc,,base,4,1,0.88506866,1
Orthopoxvirus,prot_t5_xl_half_uniref50-enc,,base,4,1,0.8658504,1
Orthopoxvirus,prot_t5_xl_half_uniref50-enc,,base,4,1,0.91837096,1
Orthopoxvirus,prot_t5_xl_half_uniref50-enc,,base,4,1,0.81707025,1
Orthopoxvirus,prot_t5_xl_half_uniref50-enc,,base,4,1,0.8020479,1
Orthopoxvirus,prot_t5_xl_half_uniref50-enc,,base,4,1,0.8879299,1
Orthopoxvirus,prot_t5_xl_half_uniref50-enc,,base,4,1,0.5171738,1
Orthopoxvirus,prot_t5_xl_half_uniref50-enc,,base,4,1,0.59773105,1
Orthopoxvirus,prot_t5_xl_half_uniref50-enc,,base,4,1,0.6254373,1
Orthopoxvirus,prot_t5_xl_half_uniref50-enc,,base,4,1,0.6003712,1
Orthopoxvirus,prot_t5_xl_half_uniref50-enc,,base,4,1,0.61225325,1
Orthopoxvirus,prot_t5_xl_half_uniref50-enc,,base,4,1,0.7199277,1
Orthopoxvirus,prot_t5_xl_half_uniref50-enc,,base,4,1,0.7444643,1
Orthopoxvirus,prot_t5_xl_half_uniref50-enc,,base,4,1,0.7035213,1
Orthopoxvirus,prot_t5_xl_half_uniref50-enc,,base,4,1,0.7960556,1
Orthopoxvirus,prot_t5_xl_half_uniref50-enc,,base,4,1,0.7090071,1
Orthopoxvirus,prot_t5_xl_half_uniref50-enc,,base,4,1,0.71544033,1
Orthopoxvirus,prot_t5_xl_half_uniref50-enc,,base,4,1,0.7392738,1
Orthopoxvirus,prot_t5_xl_half_uniref50-enc,,base,4,1,0.733066,1
Orthopoxvirus,prot_t5_xl_half_uniref50-enc,,base,4,1,0.75152177,1
Orthopoxvirus,prot_t5_xl_half_uniref50-enc,,base,4,1,0.8231252,1
Orthopoxvirus,prot_t5_xl_half_uniref50-enc,,base,4,1,0.6089296,1
Orthopoxvirus,prot_t5_xl_half_uniref50-enc,,base,4,1,0.6251343,1
Orthopoxvirus,prot_t5_xl_half_uniref50-enc,,base,4,1,0.63737625,1
Orthopoxvirus,prot_t5_xl_half_uniref50-enc,,base,4,1,0.61480445,1
Orthopoxvirus,prot_t5_xl_half_uniref50-enc,,base,4,1,0.75608575,1
Orthopoxvirus,prot_t5_xl_half_uniref50-enc,,base,4,1,0.5801842,1
Orthopoxvirus,prot_t5_xl_half_uniref50-enc,,base,4,1,0.8281538,1
Orthopoxvirus,prot_t5_xl_half_uniref50-enc,,base,4,1,0.6209007,1
Orthopoxvirus,prot_t5_xl_half_uniref50-enc,,base,4,1,0.80732167,1
Orthopoxvirus,prot_t5_xl_half_uniref50-enc,,base,4,1,0.80521953,1
Orthopoxvirus,prot_t5_xl_half_uniref50-enc,,base,4,1,0.6577099,1
Orthopoxvirus,prot_t5_xl_half_uniref50-enc,,base,4,1,0.67918605,1
Orthopoxvirus,prot_t5_xl_half_uniref50-enc,,base,4,1,0.77583534,1
Orthopoxvirus,prot_t5_xl_half_uniref50-enc,,base,4,1,0.6747775,1
Orthopoxvirus,prot_t5_xl_half_uniref50-enc,,base,4,1,0.66877234,1
Orthopoxvirus,prot_t5_xl_half_uniref50-enc,,base,4,1,0.7638291,1
Orthopoxvirus,prot_t5_xl_half_uniref50-enc,,base,4,1,0.85311115,1
Orthopoxvirus,prot_t5_xl_half_uniref50-enc,,base,4,1,0.75367117,1
Orthopoxvirus,prot_t5_xl_half_uniref50-enc,,base,4,1,0.75155735,1
Orthopoxvirus,prot_t5_xl_half_uniref50-enc,,base,4,0,0.69171,1
Orthopoxvirus,prot_t5_xl_half_uniref50-enc,,base,4,0,0.6327976,1
Orthopoxvirus,prot_t5_xl_half_uniref50-enc,,base,4,0,0.62384665,1
Orthopoxvirus,prot_t5_xl_half_uniref50-enc,,base,4,0,0.6535034,1
Orthopoxvirus,prot_t5_xl_half_uniref50-enc,,base,4,0,0.71576273,1
Orthopoxvirus,prot_t5_xl_half_uniref50-enc,,base,4,0,0.6340686,1
Orthopoxvirus,prot_t5_xl_half_uniref50-enc,,base,4,0,0.6196521,1
Orthopoxvirus,prot_t5_xl_half_uniref50-enc,,base,4,0,0.645774,1
Orthopoxvirus,prot_t5_xl_half_uniref50-enc,,base,4,0,0.7785912,1
Orthopoxvirus,prot_t5_xl_half_uniref50-enc,,base,4,0,0.68445665,1
Orthopoxvirus,prot_t5_xl_half_uniref50-enc,,base,5,1,0.76367104,1
Orthopoxvirus,prot_t5_xl_half_uniref50-enc,,base,5,1,0.8806538,1
Orthopoxvirus,prot_t5_xl_half_uniref50-enc,,base,5,1,0.8253523,1
Orthopoxvirus,prot_t5_xl_half_uniref50-enc,,base,5,1,0.7586907,1
Orthopoxvirus,prot_t5_xl_half_uniref50-enc,,base,5,1,0.8822248,1
Orthopoxvirus,prot_t5_xl_half_uniref50-enc,,base,5,1,0.8906045,1
Orthopoxvirus,prot_t5_xl_half_uniref50-enc,,base,5,1,0.8552614,1
Orthopoxvirus,prot_t5_xl_half_uniref50-enc,,base,5,1,0.9309784,1
Orthopoxvirus,prot_t5_xl_half_uniref50-enc,,base,5,1,0.79868805,1
Orthopoxvirus,prot_t5_xl_half_uniref50-enc,,base,5,1,0.866365,1
Orthopoxvirus,prot_t5_xl_half_uniref50-enc,,base,5,1,0.6465741,1
Orthopoxvirus,prot_t5_xl_half_uniref50-enc,,base,5,1,0.66724634,1
Orthopoxvirus,prot_t5_xl_half_uniref50-enc,,base,5,1,0.70435387,1
Orthopoxvirus,prot_t5_xl_half_uniref50-enc,,base,5,1,0.7181134,1
Orthopoxvirus,prot_t5_xl_half_uniref50-enc,,base,5,1,0.6974477,1
Orthopoxvirus,prot_t5_xl_half_uniref50-enc,,base,5,1,0.9531773,1
Orthopoxvirus,prot_t5_xl_half_uniref50-enc,,base,5,1,0.9591261,1
Orthopoxvirus,prot_t5_xl_half_uniref50-enc,,base,5,1,0.94549996,1
Orthopoxvirus,prot_t5_xl_half_uniref50-enc,,base,5,1,0.94094634,1
Orthopoxvirus,prot_t5_xl_half_uniref50-enc,,base,5,1,0.91644454,1
Orthopoxvirus,prot_t5_xl_half_uniref50-enc,,base,5,1,0.8991701,1
Orthopoxvirus,prot_t5_xl_half_uniref50-enc,,base,5,1,0.9611801,1
Orthopoxvirus,prot_t5_xl_half_uniref50-enc,,base,5,1,0.9319516,1
Orthopoxvirus,prot_t5_xl_half_uniref50-enc,,base,5,1,0.5678688,1
Orthopoxvirus,prot_t5_xl_half_uniref50-enc,,base,5,1,0.40024853,0
Orthopoxvirus,prot_t5_xl_half_uniref50-enc,,base,5,1,0.58042216,1
Orthopoxvirus,prot_t5_xl_half_uniref50-enc,,base,5,1,0.6225259,1
Orthopoxvirus,prot_t5_xl_half_uniref50-enc,,base,5,1,0.58474666,1
Orthopoxvirus,prot_t5_xl_half_uniref50-enc,,base,5,1,0.4894689,0
Orthopoxvirus,prot_t5_xl_half_uniref50-enc,,base,5,1,0.4157034,0
Orthopoxvirus,prot_t5_xl_half_uniref50-enc,,base,5,1,0.4843679,0
Orthopoxvirus,prot_t5_xl_half_uniref50-enc,,base,5,1,0.5721594,1
Orthopoxvirus,prot_t5_xl_half_uniref50-enc,,base,5,1,0.5471517,1
Orthopoxvirus,prot_t5_xl_half_uniref50-enc,,base,5,1,0.50492156,1
Orthopoxvirus,prot_t5_xl_half_uniref50-enc,,base,5,1,0.56075794,1
Orthopoxvirus,prot_t5_xl_half_uniref50-enc,,base,5,1,0.7239953,1
Orthopoxvirus,prot_t5_xl_half_uniref50-enc,,base,5,1,0.6341265,1
Orthopoxvirus,prot_t5_xl_half_uniref50-enc,,base,5,1,0.7313141,1
Orthopoxvirus,prot_t5_xl_half_uniref50-enc,,base,5,1,0.76534176,1
Orthopoxvirus,prot_t5_xl_half_uniref50-enc,,base,5,1,0.59905374,1
Orthopoxvirus,prot_t5_xl_half_uniref50-enc,,base,5,1,0.67434055,1
Orthopoxvirus,prot_t5_xl_half_uniref50-enc,,base,5,1,0.6460853,1
Orthopoxvirus,prot_t5_xl_half_uniref50-enc,,base,5,1,0.68044543,1
Orthopoxvirus,prot_t5_xl_half_uniref50-enc,,base,5,1,0.77689576,1
Orthopoxvirus,prot_t5_xl_half_uniref50-enc,,base,5,1,0.5432104,1
Orthopoxvirus,prot_t5_xl_half_uniref50-enc,,base,5,1,0.5764117,1
Orthopoxvirus,prot_t5_xl_half_uniref50-enc,,base,5,1,0.59036374,1
Orthopoxvirus,prot_t5_xl_half_uniref50-enc,,base,5,1,0.46765566,0
Orthopoxvirus,prot_t5_xl_half_uniref50-enc,,base,5,1,0.5320703,1
Orthopoxvirus,prot_t5_xl_half_uniref50-enc,,base,5,0,0.7316701,1
Orthopoxvirus,prot_t5_xl_half_uniref50-enc,,base,5,0,0.6900664,1
Orthopoxvirus,prot_t5_xl_half_uniref50-enc,,base,5,0,0.8159452,1
Orthopoxvirus,prot_t5_xl_half_uniref50-enc,,base,5,0,0.83501214,1
Orthopoxvirus,prot_t5_xl_half_uniref50-enc,,base,5,0,0.828665,1
Orthopoxvirus,prot_t5_xl_half_uniref50-enc,,base,5,0,0.79867786,1
Orthopoxvirus,prot_t5_xl_half_uniref50-enc,,base,5,0,0.7323069,1
Orthopoxvirus,prot_t5_xl_half_uniref50-enc,,base,5,0,0.68402725,1
Orthopoxvirus,prot_t5_xl_half_uniref50-enc,,base,5,0,0.56685585,1
Orthopoxvirus,prot_t5_xl_half_uniref50-enc,,base,5,0,0.56801045,1
Orthopoxvirus,prot_t5_xl_half_uniref50-enc,,base,5,0,0.49496004,0
Orthopoxvirus,prot_t5_xl_half_uniref50-enc,,base,5,0,0.5736634,1
Orthopoxvirus,prot_t5_xl_half_uniref50-enc,,base,5,0,0.55898744,1
Orthopoxvirus,prot_t5_xl_half_uniref50-enc,,base,5,0,0.66119117,1
Orthopoxvirus,prot_t5_xl_half_uniref50-enc,,base,5,0,0.5833667,1
Orthopoxvirus,prot_t5_xl_half_uniref50-enc,,base,5,0,0.55706733,1
Orthopoxvirus,prot_t5_xl_half_uniref50-enc,,base,5,0,0.7251275,1
Orthopoxvirus,prot_t5_xl_half_uniref50-enc,,base,5,0,0.4147948,0
Orthopoxvirus,prot_t5_xl_half_uniref50-enc,,base,5,0,0.682703,1
Orthopoxvirus,prot_t5_xl_half_uniref50-enc,,base,5,0,0.6766605,1
Orthopoxvirus,prot_t5_xl_half_uniref50-enc,,base,5,0,0.70768887,1
Orthopoxvirus,prot_t5_xl_half_uniref50-enc,,base,5,0,0.6571671,1
Orthopoxvirus,prot_t5_xl_half_uniref50-enc,,base,5,0,0.7123902,1
Orthopoxvirus,prot_t5_xl_half_uniref50-enc,,base,5,0,0.5439711,1
Orthopoxvirus,prot_t5_xl_half_uniref50-enc,,base,5,0,0.588165,1
Orthopoxvirus,prot_t5_xl_half_uniref50-enc,,base,5,0,0.66113514,1
Orthopoxvirus,prot_t5_xl_half_uniref50-enc,,base,5,0,0.5196693,1
Orthopoxvirus,prot_t5_xl_half_uniref50-enc,,base,5,0,0.45689845,0
Orthopoxvirus,prot_t5_xl_half_uniref50-enc,,base,5,0,0.43022162,0
Orthopoxvirus,prot_t5_xl_half_uniref50-enc,,base,5,0,0.4442611,0
Orthopoxvirus,prot_t5_xl_half_uniref50-enc,,base,5,1,0.92783624,1
Orthopoxvirus,prot_t5_xl_half_uniref50-enc,,base,5,1,0.91083723,1
Orthopoxvirus,prot_t5_xl_half_uniref50-enc,,base,5,1,0.89016396,1
Orthopoxvirus,prot_t5_xl_half_uniref50-enc,,base,5,1,0.8793732,1
Orthopoxvirus,prot_t5_xl_half_uniref50-enc,,base,5,1,0.8515649,1
Orthopoxvirus,prot_t5_xl_half_uniref50-enc,,base,5,1,0.9393346,1
Orthopoxvirus,prot_t5_xl_half_uniref50-enc,,base,5,1,0.9339086,1
Orthopoxvirus,prot_t5_xl_half_uniref50-enc,,base,5,1,0.93098944,1
Orthopoxvirus,prot_t5_xl_half_uniref50-enc,,base,5,1,0.93186206,1
Orthopoxvirus,prot_t5_xl_half_uniref50-enc,,base,5,1,0.92904216,1
Orthopoxvirus,prot_t5_xl_half_uniref50-enc,,base,5,1,0.87389755,1
Orthopoxvirus,prot_t5_xl_half_uniref50-enc,,base,5,1,0.90393585,1
Orthopoxvirus,prot_t5_xl_half_uniref50-enc,,base,5,1,0.65937436,1
Orthopoxvirus,prot_t5_xl_half_uniref50-enc,,base,5,1,0.67946976,1
Orthopoxvirus,prot_t5_xl_half_uniref50-enc,,base,5,1,0.6392928,1
Orthopoxvirus,prot_t5_xl_half_uniref50-enc,,base,5,1,0.6118964,1
Orthopoxvirus,prot_t5_xl_half_uniref50-enc,,base,5,1,0.6403718,1
Orthopoxvirus,prot_t5_xl_half_uniref50-enc,,base,5,1,0.6099899,1
Orthopoxvirus,prot_t5_xl_half_uniref50-enc,,base,5,1,0.69590056,1
Orthopoxvirus,prot_t5_xl_half_uniref50-enc,,base,5,1,0.7453281,1
Orthopoxvirus,prot_t5_xl_half_uniref50-enc,,base,5,1,0.5513166,1
Orthopoxvirus,prot_t5_xl_half_uniref50-enc,,base,5,1,0.9035187,1
Orthopoxvirus,prot_t5_xl_half_uniref50-enc,,base,5,1,0.93942565,1
Orthopoxvirus,prot_t5_xl_half_uniref50-enc,,base,5,1,0.92530197,1
Orthopoxvirus,prot_t5_xl_half_uniref50-enc,,base,5,1,0.8520597,1
Orthopoxvirus,prot_t5_xl_half_uniref50-enc,,base,5,1,0.87552994,1
Orthopoxvirus,prot_t5_xl_half_uniref50-enc,,base,5,1,0.90001243,1
Orthopoxvirus,prot_t5_xl_half_uniref50-enc,,base,5,1,0.86605,1
Orthopoxvirus,prot_t5_xl_half_uniref50-enc,,base,5,1,0.90788436,1
Orthopoxvirus,prot_t5_xl_half_uniref50-enc,,base,5,1,0.9218423,1
Orthopoxvirus,prot_t5_xl_half_uniref50-enc,,base,5,1,0.9422785,1
Orthopoxvirus,prot_t5_xl_half_uniref50-enc,,base,5,1,0.8946395,1
Orthopoxvirus,prot_t5_xl_half_uniref50-enc,,base,5,1,0.8888264,1
Orthopoxvirus,prot_t5_xl_half_uniref50-enc,,base,5,1,0.8713597,1
Orthopoxvirus,prot_t5_xl_half_uniref50-enc,,base,5,1,0.92183197,1
Orthopoxvirus,prot_t5_xl_half_uniref50-enc,,base,5,1,0.9060011,1
Orthopoxvirus,prot_t5_xl_half_uniref50-enc,,base,5,1,0.761871,1
Orthopoxvirus,prot_t5_xl_half_uniref50-enc,,base,5,1,0.8019663,1
Orthopoxvirus,prot_t5_xl_half_uniref50-enc,,base,5,1,0.9127516,1
Orthopoxvirus,prot_t5_xl_half_uniref50-enc,,base,5,1,0.85152197,1
Orthopoxvirus,prot_t5_xl_half_uniref50-enc,,base,5,1,0.7323837,1
Orthopoxvirus,prot_t5_xl_half_uniref50-enc,,base,5,1,0.8137156,1
Orthopoxvirus,prot_t5_xl_half_uniref50-enc,,base,5,1,0.72655314,1
Orthopoxvirus,prot_t5_xl_half_uniref50-enc,,base,5,1,0.8626651,1
Orthopoxvirus,prot_t5_xl_half_uniref50-enc,,base,5,1,0.8687696,1
Orthopoxvirus,prot_t5_xl_half_uniref50-enc,,base,5,1,0.8309063,1
Orthopoxvirus,prot_t5_xl_half_uniref50-enc,,base,5,1,0.8742248,1
Orthopoxvirus,prot_t5_xl_half_uniref50-enc,,base,5,1,0.85923505,1
Orthopoxvirus,prot_t5_xl_half_uniref50-enc,,base,5,1,0.83429843,1
Orthopoxvirus,prot_t5_xl_half_uniref50-enc,,base,5,1,0.8941564,1
Orthopoxvirus,prot_t5_xl_half_uniref50-enc,,base,5,1,0.9244131,1
Orthopoxvirus,prot_t5_xl_half_uniref50-enc,,base,5,1,0.8978281,1
Orthopoxvirus,prot_t5_xl_half_uniref50-enc,,base,5,1,0.91918993,1
Orthopoxvirus,prot_t5_xl_half_uniref50-enc,,base,5,1,0.9421115,1
Orthopoxvirus,prot_t5_xl_half_uniref50-enc,,base,5,1,0.8728679,1
Orthopoxvirus,prot_t5_xl_half_uniref50-enc,,base,5,1,0.9524359,1
Orthopoxvirus,prot_t5_xl_half_uniref50-enc,,base,5,1,0.89678985,1
Orthopoxvirus,prot_t5_xl_half_uniref50-enc,,base,5,1,0.87464213,1
Orthopoxvirus,prot_t5_xl_half_uniref50-enc,,base,5,1,0.8937923,1
Orthopoxvirus,prot_t5_xl_half_uniref50-enc,,base,5,1,0.87222314,1
Orthopoxvirus,prot_t5_xl_half_uniref50-enc,,base,5,1,0.9190885,1
Orthopoxvirus,prot_t5_xl_half_uniref50-enc,,base,5,1,0.94334334,1
Orthopoxvirus,prot_t5_xl_half_uniref50-enc,,base,5,1,0.93476886,1
Orthopoxvirus,prot_t5_xl_half_uniref50-enc,,base,5,1,0.93120867,1
Orthopoxvirus,prot_t5_xl_half_uniref50-enc,,base,5,1,0.8926201,1
Orthopoxvirus,prot_t5_xl_half_uniref50-enc,,base,5,1,0.9395315,1
Orthopoxvirus,prot_t5_xl_half_uniref50-enc,,base,5,1,0.92687446,1
Orthopoxvirus,prot_t5_xl_half_uniref50-enc,,base,5,1,0.8470391,1
Orthopoxvirus,prot_t5_xl_half_uniref50-enc,,base,5,1,0.83604765,1
Orthopoxvirus,prot_t5_xl_half_uniref50-enc,,base,5,1,0.8470381,1
Orthopoxvirus,prot_t5_xl_half_uniref50-enc,,base,5,1,0.92243224,1
Orthopoxvirus,prot_t5_xl_half_uniref50-enc,,base,5,1,0.9168991,1
Orthopoxvirus,prot_t5_xl_half_uniref50-enc,,base,5,1,0.91042644,1
Orthopoxvirus,prot_t5_xl_half_uniref50-enc,,base,5,1,0.881885,1
Orthopoxvirus,prot_t5_xl_half_uniref50-enc,,base,5,1,0.876176,1
Orthopoxvirus,prot_t5_xl_half_uniref50-enc,,base,5,1,0.9093498,1
Orthopoxvirus,prot_t5_xl_half_uniref50-enc,,base,5,1,0.8460757,1
Orthopoxvirus,prot_t5_xl_half_uniref50-enc,,base,5,1,0.88736635,1
Orthopoxvirus,prot_t5_xl_half_uniref50-enc,,base,5,1,0.7656753,1
Orthopoxvirus,prot_t5_xl_half_uniref50-enc,,base,5,1,0.7996713,1
Orthopoxvirus,prot_t5_xl_half_uniref50-enc,,base,5,1,0.7151037,1
Orthopoxvirus,prot_t5_xl_half_uniref50-enc,,base,5,1,0.797549,1
Orthopoxvirus,prot_t5_xl_half_uniref50-enc,,base,5,1,0.76081246,1
Orthopoxvirus,prot_t5_xl_half_uniref50-enc,,base,5,1,0.72737026,1
Orthopoxvirus,prot_t5_xl_half_uniref50-enc,,base,5,1,0.8037851,1
Orthopoxvirus,prot_t5_xl_half_uniref50-enc,,base,5,1,0.74412334,1
Orthopoxvirus,prot_t5_xl_half_uniref50-enc,,base,5,1,0.76435506,1
Orthopoxvirus,prot_t5_xl_half_uniref50-enc,,base,5,1,0.7847148,1
Orthopoxvirus,prot_t5_xl_half_uniref50-enc,,base,5,1,0.7748034,1
Orthopoxvirus,prot_t5_xl_half_uniref50-enc,,base,5,1,0.75727075,1
Orthopoxvirus,prot_t5_xl_half_uniref50-enc,,base,5,1,0.7467089,1
Orthopoxvirus,prot_t5_xl_half_uniref50-enc,,base,5,1,0.6461288,1
Orthopoxvirus,prot_t5_xl_half_uniref50-enc,,base,5,1,0.6943561,1
Orthopoxvirus,prot_t5_xl_half_uniref50-enc,,base,5,1,0.6644042,1
Orthopoxvirus,prot_t5_xl_half_uniref50-enc,,base,5,1,0.6371542,1
Orthopoxvirus,prot_t5_xl_half_uniref50-enc,,base,5,1,0.56811655,1
Orthopoxvirus,prot_t5_xl_half_uniref50-enc,,base,5,1,0.65957636,1
Orthopoxvirus,prot_t5_xl_half_uniref50-enc,,base,5,1,0.5696436,1
Orthopoxvirus,prot_t5_xl_half_uniref50-enc,,base,5,1,0.51618034,1
Orthopoxvirus,prot_t5_xl_half_uniref50-enc,,base,5,1,0.5775769,1
Orthopoxvirus,prot_t5_xl_half_uniref50-enc,,base,5,1,0.5496571,1
Orthopoxvirus,prot_t5_xl_half_uniref50-enc,,base,5,1,0.6771625,1
Orthopoxvirus,prot_t5_xl_half_uniref50-enc,,base,5,1,0.5757044,1
Orthopoxvirus,prot_t5_xl_half_uniref50-enc,,base,5,0,0.5871484,1
Orthopoxvirus,prot_t5_xl_half_uniref50-enc,,base,5,0,0.67692995,1
Orthopoxvirus,prot_t5_xl_half_uniref50-enc,,base,5,0,0.5150625,1
Orthopoxvirus,prot_t5_xl_half_uniref50-enc,,base,5,0,0.5581505,1
Orthopoxvirus,prot_t5_xl_half_uniref50-enc,,base,5,0,0.54636794,1
Orthopoxvirus,prot_t5_xl_half_uniref50-enc,,base,5,1,0.4944938,0
Orthopoxvirus,prot_t5_xl_half_uniref50-enc,,base,5,1,0.5514273,1
Orthopoxvirus,prot_t5_xl_half_uniref50-enc,,base,5,1,0.5156626,1
Orthopoxvirus,prot_t5_xl_half_uniref50-enc,,base,5,1,0.48637062,0
Orthopoxvirus,prot_t5_xl_half_uniref50-enc,,base,5,1,0.51288223,1
Orthopoxvirus,prot_t5_xl_half_uniref50-enc,,base,5,1,0.54689676,1
Orthopoxvirus,prot_t5_xl_half_uniref50-enc,,base,5,1,0.6114636,1
Orthopoxvirus,prot_t5_xl_half_uniref50-enc,,base,5,1,0.50084454,1
Orthopoxvirus,prot_t5_xl_half_uniref50-enc,,base,5,1,0.5035743,1
Orthopoxvirus,prot_t5_xl_half_uniref50-enc,,base,5,1,0.5297992,1
Orthopoxvirus,prot_t5_xl_half_uniref50-enc,,base,5,1,0.5683478,1
Orthopoxvirus,prot_t5_xl_half_uniref50-enc,,base,5,1,0.47392997,0
Orthopoxvirus,prot_t5_xl_half_uniref50-enc,,base,5,1,0.51422083,1
Orthopoxvirus,prot_t5_xl_half_uniref50-enc,,base,5,1,0.54332703,1
Orthopoxvirus,prot_t5_xl_half_uniref50-enc,,base,5,1,0.52623564,1
Orthopoxvirus,prot_t5_xl_half_uniref50-enc,,base,5,1,0.55969083,1
Orthopoxvirus,prot_t5_xl_half_uniref50-enc,,base,5,1,0.5352427,1
Orthopoxvirus,prot_t5_xl_half_uniref50-enc,,base,5,1,0.5729115,1
Orthopoxvirus,prot_t5_xl_half_uniref50-enc,,base,5,1,0.590621,1
Orthopoxvirus,prot_t5_xl_half_uniref50-enc,,base,5,1,0.5222978,1
Orthopoxvirus,prot_t5_xl_half_uniref50-enc,,base,5,1,0.6817149,1
Orthopoxvirus,prot_t5_xl_half_uniref50-enc,,base,5,1,0.6448145,1
Orthopoxvirus,prot_t5_xl_half_uniref50-enc,,base,5,1,0.72085744,1
Orthopoxvirus,prot_t5_xl_half_uniref50-enc,,base,5,1,0.67862844,1
Orthopoxvirus,prot_t5_xl_half_uniref50-enc,,base,5,1,0.6891471,1
Orthopoxvirus,prot_t5_xl_half_uniref50-enc,,base,5,1,0.61417764,1
Orthopoxvirus,prot_t5_xl_half_uniref50-enc,,base,5,1,0.6025234,1
Orthopoxvirus,prot_t5_xl_half_uniref50-enc,,base,5,1,0.58149993,1
Orthopoxvirus,prot_t5_xl_half_uniref50-enc,,base,5,1,0.6276336,1
Orthopoxvirus,prot_t5_xl_half_uniref50-enc,,base,5,1,0.46280915,0
Orthopoxvirus,prot_t5_xl_half_uniref50-enc,,base,5,1,0.5822035,1
Orthopoxvirus,prot_t5_xl_half_uniref50-enc,,base,5,1,0.63441896,1
Orthopoxvirus,prot_t5_xl_half_uniref50-enc,,base,5,1,0.5635446,1
Orthopoxvirus,prot_t5_xl_half_uniref50-enc,,base,5,1,0.6233452,1
Orthopoxvirus,prot_t5_xl_half_uniref50-enc,,base,5,1,0.6549474,1
Orthopoxvirus,prot_t5_xl_half_uniref50-enc,,base,5,1,0.5485356,1
Orthopoxvirus,prot_t5_xl_half_uniref50-enc,,base,5,1,0.608207,1
Orthopoxvirus,prot_t5_xl_half_uniref50-enc,,base,5,1,0.68613046,1
Orthopoxvirus,prot_t5_xl_half_uniref50-enc,,base,5,1,0.5517279,1
Orthopoxvirus,prot_t5_xl_half_uniref50-enc,,base,5,1,0.6991195,1
Orthopoxvirus,prot_t5_xl_half_uniref50-enc,,base,5,0,0.8612486,1
Orthopoxvirus,prot_t5_xl_half_uniref50-enc,,base,5,0,0.8478226,1
Orthopoxvirus,prot_t5_xl_half_uniref50-enc,,base,5,0,0.79323655,1
Orthopoxvirus,prot_t5_xl_half_uniref50-enc,,base,5,0,0.8145947,1
Orthopoxvirus,prot_t5_xl_half_uniref50-enc,,base,5,0,0.72195137,1
Orthopoxvirus,prot_t5_xl_half_uniref50-enc,,base,5,0,0.85336894,1
Orthopoxvirus,prot_t5_xl_half_uniref50-enc,,base,5,0,0.6820292,1
Orthopoxvirus,prot_t5_xl_half_uniref50-enc,,base,5,0,0.6914202,1
Orthopoxvirus,prot_t5_xl_half_uniref50-enc,,base,5,0,0.59957266,1
Orthopoxvirus,prot_t5_xl_half_uniref50-enc,,base,5,0,0.666747,1
Orthopoxvirus,prot_t5_xl_half_uniref50-enc,,base,5,0,0.603022,1
Orthopoxvirus,prot_t5_xl_half_uniref50-enc,,base,5,0,0.7463048,1
Orthopoxvirus,prot_t5_xl_half_uniref50-enc,,base,5,0,0.7387269,1
Orthopoxvirus,prot_t5_xl_half_uniref50-enc,,base,5,0,0.621677,1
Orthopoxvirus,prot_t5_xl_half_uniref50-enc,,base,5,0,0.6836014,1
Orthopoxvirus,prot_t5_xl_half_uniref50-enc,,base,5,1,0.6981432,1
Orthopoxvirus,prot_t5_xl_half_uniref50-enc,,base,5,1,0.51447237,1
Orthopoxvirus,prot_t5_xl_half_uniref50-enc,,base,5,1,0.6758556,1
Orthopoxvirus,prot_t5_xl_half_uniref50-enc,,base,5,1,0.7075473,1
Orthopoxvirus,prot_t5_xl_half_uniref50-enc,,base,5,1,0.6050751,1
Orthopoxvirus,prot_t5_xl_half_uniref50-enc,,base,5,1,0.64571744,1
Orthopoxvirus,prot_t5_xl_half_uniref50-enc,,base,5,1,0.88891476,1
Orthopoxvirus,prot_t5_xl_half_uniref50-enc,,base,5,1,0.6865749,1
Orthopoxvirus,prot_t5_xl_half_uniref50-enc,,base,5,1,0.7566087,1
Orthopoxvirus,prot_t5_xl_half_uniref50-enc,,base,5,1,0.89251935,1
Orthopoxvirus,prot_t5_xl_half_uniref50-enc,,base,5,1,0.86967206,1
Orthopoxvirus,prot_t5_xl_half_uniref50-enc,,base,5,1,0.81959254,1
Orthopoxvirus,prot_t5_xl_half_uniref50-enc,,base,5,1,0.7347049,1
Orthopoxvirus,prot_t5_xl_half_uniref50-enc,,base,5,1,0.8843707,1
Orthopoxvirus,prot_t5_xl_half_uniref50-enc,,base,5,1,0.778751,1
Orthopoxvirus,prot_t5_xl_half_uniref50-enc,,base,5,1,0.6521439,1
Orthopoxvirus,prot_t5_xl_half_uniref50-enc,,base,5,1,0.7258164,1
Orthopoxvirus,prot_t5_xl_half_uniref50-enc,,base,5,1,0.8590499,1
Orthopoxvirus,prot_t5_xl_half_uniref50-enc,,base,5,1,0.6845168,1
Orthopoxvirus,prot_t5_xl_half_uniref50-enc,,base,5,1,0.5732768,1
Orthopoxvirus,prot_t5_xl_half_uniref50-enc,,base,5,1,0.556734,1
Orthopoxvirus,prot_t5_xl_half_uniref50-enc,,base,5,1,0.42978343,0
Orthopoxvirus,prot_t5_xl_half_uniref50-enc,,base,5,1,0.56796104,1
Orthopoxvirus,prot_t5_xl_half_uniref50-enc,,base,5,0,0.67939985,1
Orthopoxvirus,prot_t5_xl_half_uniref50-enc,,base,5,0,0.6075114,1
Orthopoxvirus,prot_t5_xl_half_uniref50-enc,,base,5,0,0.5994688,1
Orthopoxvirus,prot_t5_xl_half_uniref50-enc,,base,5,0,0.6258683,1
Orthopoxvirus,prot_t5_xl_half_uniref50-enc,,base,5,0,0.7071262,1
Orthopoxvirus,prot_t5_xl_half_uniref50-enc,,base,5,0,0.7785981,1
Orthopoxvirus,prot_t5_xl_half_uniref50-enc,,base,5,0,0.80956155,1
Orthopoxvirus,prot_t5_xl_half_uniref50-enc,,base,5,0,0.73697245,1
Orthopoxvirus,prot_t5_xl_half_uniref50-enc,,base,5,0,0.83946234,1
Orthopoxvirus,prot_t5_xl_half_uniref50-enc,,base,5,0,0.7737534,1
Orthopoxvirus,prot_t5_xl_half_uniref50-enc,,base,5,0,0.75293213,1
Orthopoxvirus,prot_t5_xl_half_uniref50-enc,,base,5,0,0.7406845,1
Orthopoxvirus,prot_t5_xl_half_uniref50-enc,,base,5,0,0.8961736,1
Orthopoxvirus,prot_t5_xl_half_uniref50-enc,,base,5,0,0.68652296,1
Orthopoxvirus,prot_t5_xl_half_uniref50-enc,,base,5,0,0.7602345,1
Orthopoxvirus,prot_t5_xl_half_uniref50-enc,,base,5,0,0.72899526,1
Orthopoxvirus,prot_t5_xl_half_uniref50-enc,,base,5,0,0.60713387,1
Orthopoxvirus,prot_t5_xl_half_uniref50-enc,,base,5,0,0.6997262,1
Orthopoxvirus,prot_t5_xl_half_uniref50-enc,,base,5,0,0.7443926,1
Orthopoxvirus,prot_t5_xl_half_uniref50-enc,,base,5,0,0.7920722,1
Orthopoxvirus,prot_t5_xl_half_uniref50-enc,,base,5,0,0.40541592,0
Orthopoxvirus,prot_t5_xl_half_uniref50-enc,,base,5,0,0.453806,0
Orthopoxvirus,prot_t5_xl_half_uniref50-enc,,base,5,0,0.39582437,0
Orthopoxvirus,prot_t5_xl_half_uniref50-enc,,base,5,0,0.3828731,0
Orthopoxvirus,prot_t5_xl_half_uniref50-enc,,base,5,0,0.4431895,0
Orthopoxvirus,prot_t5_xl_half_uniref50-enc,,base,5,0,0.46065632,0
Orthopoxvirus,prot_t5_xl_half_uniref50-enc,,base,5,0,0.44140282,0
Orthopoxvirus,prot_t5_xl_half_uniref50-enc,,base,5,0,0.4460326,0
Orthopoxvirus,prot_t5_xl_half_uniref50-enc,,base,5,0,0.49490038,0
Orthopoxvirus,prot_t5_xl_half_uniref50-enc,,base,5,0,0.35516506,0
Orthopoxvirus,prot_t5_xl_half_uniref50-enc,,base,5,0,0.446707,0
Orthopoxvirus,prot_t5_xl_half_uniref50-enc,,base,5,0,0.38437843,0
Orthopoxvirus,prot_t5_xl_half_uniref50-enc,,base,5,0,0.32689908,0
Orthopoxvirus,prot_t5_xl_half_uniref50-enc,,base,5,0,0.31622663,0
Orthopoxvirus,prot_t5_xl_half_uniref50-enc,,base,5,0,0.37002712,0
Orthopoxvirus,prot_t5_xl_half_uniref50-enc,,base,5,0,0.31421193,0
Orthopoxvirus,prot_t5_xl_half_uniref50-enc,,base,5,0,0.31545153,0
Orthopoxvirus,prot_t5_xl_half_uniref50-enc,,base,5,0,0.36015522,0
Orthopoxvirus,prot_t5_xl_half_uniref50-enc,,base,5,0,0.3280156,0
Orthopoxvirus,prot_t5_xl_half_uniref50-enc,,base,5,0,0.4179175,0
Orthopoxvirus,prot_t5_xl_half_uniref50-enc,,base,5,0,0.332498,0
Orthopoxvirus,prot_t5_xl_half_uniref50-enc,,base,5,0,0.44401425,0
Orthopoxvirus,prot_t5_xl_half_uniref50-enc,,base,5,0,0.3939301,0
Orthopoxvirus,prot_t5_xl_half_uniref50-enc,,base,5,0,0.40816417,0
Orthopoxvirus,prot_t5_xl_half_uniref50-enc,,base,5,0,0.43190518,0
Orthopoxvirus,prot_t5_xl_half_uniref50-enc,,base,5,0,0.34462672,0
Orthopoxvirus,prot_t5_xl_half_uniref50-enc,,base,5,0,0.39685288,0
Orthopoxvirus,prot_t5_xl_half_uniref50-enc,,base,5,0,0.5336796,1
Orthopoxvirus,prot_t5_xl_half_uniref50-enc,,base,5,0,0.47611296,0
Orthopoxvirus,prot_t5_xl_half_uniref50-enc,,base,5,0,0.3892029,0
Orthopoxvirus,prot_t5_xl_half_uniref50-enc,,base,5,0,0.45174322,0
Orthopoxvirus,prot_t5_xl_half_uniref50-enc,,base,5,0,0.3801161,0
Orthopoxvirus,prot_t5_xl_half_uniref50-enc,,base,5,0,0.40572244,0
Orthopoxvirus,prot_t5_xl_half_uniref50-enc,,base,5,0,0.3835222,0
Orthopoxvirus,prot_t5_xl_half_uniref50-enc,,base,5,0,0.4480769,0
Orthopoxvirus,prot_t5_xl_half_uniref50-enc,,base,5,0,0.4865426,0
Orthopoxvirus,prot_t5_xl_half_uniref50-enc,,base,5,0,0.39421302,0
Orthopoxvirus,prot_t5_xl_half_uniref50-enc,,base,5,0,0.46499023,0
Orthopoxvirus,prot_t5_xl_half_uniref50-enc,,base,5,0,0.50512964,1
Orthopoxvirus,prot_t5_xl_half_uniref50-enc,,base,5,0,0.5128714,1
Orthopoxvirus,prot_t5_xl_half_uniref50-enc,,base,5,1,0.35315984,0
Orthopoxvirus,prot_t5_xl_half_uniref50-enc,,base,5,1,0.35432655,0
Orthopoxvirus,prot_t5_xl_half_uniref50-enc,,base,5,1,0.4142094,0
Orthopoxvirus,prot_t5_xl_half_uniref50-enc,,base,5,1,0.30627677,0
Orthopoxvirus,prot_t5_xl_half_uniref50-enc,,base,5,1,0.47868115,0
Orthopoxvirus,prot_t5_xl_half_uniref50-enc,,base,5,1,0.51202416,1
Orthopoxvirus,prot_t5_xl_half_uniref50-enc,,base,5,1,0.34880888,0
Orthopoxvirus,prot_t5_xl_half_uniref50-enc,,base,5,1,0.4793674,0
Orthopoxvirus,prot_t5_xl_half_uniref50-enc,,base,5,1,0.41856328,0
Orthopoxvirus,prot_t5_xl_half_uniref50-enc,,base,5,1,0.3870394,0
Orthopoxvirus,prot_t5_xl_half_uniref50-enc,,base,5,1,0.42239553,0
Orthopoxvirus,prot_t5_xl_half_uniref50-enc,,base,5,1,0.42154628,0
Orthopoxvirus,prot_t5_xl_half_uniref50-enc,,base,5,1,0.4739973,0
Orthopoxvirus,prot_t5_xl_half_uniref50-enc,,base,5,1,0.36643326,0
Orthopoxvirus,prot_t5_xl_half_uniref50-enc,,base,5,1,0.4801149,0
Orthopoxvirus,prot_t5_xl_half_uniref50-enc,,base,5,1,0.46599078,0
Orthopoxvirus,prot_t5_xl_half_uniref50-enc,,base,5,1,0.55257356,1
Orthopoxvirus,prot_t5_xl_half_uniref50-enc,,base,5,1,0.472798,0
Orthopoxvirus,prot_t5_xl_half_uniref50-enc,,base,5,1,0.42095086,0
Orthopoxvirus,prot_t5_xl_half_uniref50-enc,,base,5,1,0.3891732,0
Orthopoxvirus,prot_t5_xl_half_uniref50-enc,,base,5,1,0.41474754,0
Orthopoxvirus,prot_t5_xl_half_uniref50-enc,,base,5,1,0.4386717,0
Orthopoxvirus,prot_t5_xl_half_uniref50-enc,,base,5,1,0.4543827,0
Orthopoxvirus,prot_t5_xl_half_uniref50-enc,,base,5,1,0.508108,1
Orthopoxvirus,prot_t5_xl_half_uniref50-enc,,base,5,1,0.58295304,1
Orthopoxvirus,prot_t5_xl_half_uniref50-enc,,base,5,1,0.5705071,1
Orthopoxvirus,prot_t5_xl_half_uniref50-enc,,base,5,1,0.4524657,0
Orthopoxvirus,prot_t5_xl_half_uniref50-enc,,base,5,1,0.582421,1
Orthopoxvirus,prot_t5_xl_half_uniref50-enc,,base,5,1,0.5535302,1
Orthopoxvirus,prot_t5_xl_half_uniref50-enc,,base,5,1,0.554819,1
Orthopoxvirus,prot_t5_xl_half_uniref50-enc,,base,5,1,0.5761377,1
Orthopoxvirus,prot_t5_xl_half_uniref50-enc,,base,5,1,0.50125426,1
Orthopoxvirus,prot_t5_xl_half_uniref50-enc,,base,5,1,0.4941376,0
Orthopoxvirus,prot_t5_xl_half_uniref50-enc,,base,5,1,0.5220513,1
Orthopoxvirus,prot_t5_xl_half_uniref50-enc,,base,5,1,0.5965944,1
Orthopoxvirus,prot_t5_xl_half_uniref50-enc,,base,5,1,0.4905273,0
Orthopoxvirus,prot_t5_xl_half_uniref50-enc,,base,5,1,0.52494526,1
Orthopoxvirus,prot_t5_xl_half_uniref50-enc,,base,5,1,0.5371589,1
Orthopoxvirus,prot_t5_xl_half_uniref50-enc,,base,5,1,0.5176373,1
Orthopoxvirus,prot_t5_xl_half_uniref50-enc,,base,5,1,0.45645413,0
Orthopoxvirus,prot_t5_xl_half_uniref50-enc,,base,5,1,0.53368765,1
Orthopoxvirus,prot_t5_xl_half_uniref50-enc,,base,5,0,0.43702477,0
Orthopoxvirus,prot_t5_xl_half_uniref50-enc,,base,5,0,0.44045392,0
Orthopoxvirus,prot_t5_xl_half_uniref50-enc,,base,5,0,0.46896905,0
Orthopoxvirus,prot_t5_xl_half_uniref50-enc,,base,5,0,0.5214879,1
Orthopoxvirus,prot_t5_xl_half_uniref50-enc,,base,5,0,0.46793255,0
Orthopoxvirus,prot_t5_xl_half_uniref50-enc,,base,5,0,0.49937573,0
Orthopoxvirus,prot_t5_xl_half_uniref50-enc,,base,5,0,0.56034225,1
Orthopoxvirus,prot_t5_xl_half_uniref50-enc,,base,5,0,0.48782584,0
Orthopoxvirus,prot_t5_xl_half_uniref50-enc,,base,5,0,0.4677225,0
Orthopoxvirus,prot_t5_xl_half_uniref50-enc,,base,5,0,0.64145535,1
Orthopoxvirus,prot_t5_xl_half_uniref50-enc,,base,5,0,0.5906668,1
Orthopoxvirus,prot_t5_xl_half_uniref50-enc,,base,5,0,0.62274224,1
Orthopoxvirus,prot_t5_xl_half_uniref50-enc,,base,5,0,0.6075492,1
Orthopoxvirus,prot_t5_xl_half_uniref50-enc,,base,5,0,0.62927717,1
Orthopoxvirus,prot_t5_xl_half_uniref50-enc,,base,5,0,0.6334607,1
Orthopoxvirus,prot_t5_xl_half_uniref50-enc,,base,5,0,0.7172809,1
Orthopoxvirus,prot_t5_xl_half_uniref50-enc,,base,5,0,0.59500635,1
Orthopoxvirus,prot_t5_xl_half_uniref50-enc,,base,5,0,0.7715651,1
Orthopoxvirus,prot_t5_xl_half_uniref50-enc,,base,5,0,0.8031855,1
Orthopoxvirus,prot_t5_xl_half_uniref50-enc,,base,5,0,0.7718235,1
Orthopoxvirus,prot_t5_xl_half_uniref50-enc,,base,5,1,0.8880291,1
Orthopoxvirus,prot_t5_xl_half_uniref50-enc,,base,5,1,0.92888415,1
Orthopoxvirus,prot_t5_xl_half_uniref50-enc,,base,5,1,0.9154518,1
Orthopoxvirus,prot_t5_xl_half_uniref50-enc,,base,5,1,0.90432227,1
Orthopoxvirus,prot_t5_xl_half_uniref50-enc,,base,5,1,0.89401835,1
Orthopoxvirus,prot_t5_xl_half_uniref50-enc,,base,5,1,0.8724308,1
Orthopoxvirus,prot_t5_xl_half_uniref50-enc,,base,5,1,0.8066902,1
Orthopoxvirus,prot_t5_xl_half_uniref50-enc,,base,5,1,0.7963496,1
Orthopoxvirus,prot_t5_xl_half_uniref50-enc,,base,5,1,0.8404381,1
Orthopoxvirus,prot_t5_xl_half_uniref50-enc,,base,5,1,0.86667806,1
Orthopoxvirus,prot_t5_xl_half_uniref50-enc,,base,5,1,0.8681653,1
Orthopoxvirus,prot_t5_xl_half_uniref50-enc,,base,5,1,0.8843659,1
Orthopoxvirus,prot_t5_xl_half_uniref50-enc,,base,5,1,0.82893807,1
Orthopoxvirus,prot_t5_xl_half_uniref50-enc,,base,5,1,0.80679053,1
Orthopoxvirus,prot_t5_xl_half_uniref50-enc,,base,5,1,0.82141083,1
Orthopoxvirus,prot_t5_xl_half_uniref50-enc,,base,5,1,0.84193265,1
Orthopoxvirus,prot_t5_xl_half_uniref50-enc,,base,5,1,0.6271273,1
Orthopoxvirus,prot_t5_xl_half_uniref50-enc,,base,5,1,0.61991453,1
Orthopoxvirus,prot_t5_xl_half_uniref50-enc,,base,5,1,0.65474933,1
Orthopoxvirus,prot_t5_xl_half_uniref50-enc,,base,5,1,0.6184807,1
Orthopoxvirus,prot_t5_xl_half_uniref50-enc,,base,5,1,0.6594459,1
Orthopoxvirus,prot_t5_xl_half_uniref50-enc,,base,5,1,0.71924275,1
Orthopoxvirus,prot_t5_xl_half_uniref50-enc,,base,5,1,0.7199071,1
Orthopoxvirus,prot_t5_xl_half_uniref50-enc,,base,5,1,0.7660187,1
Orthopoxvirus,prot_t5_xl_half_uniref50-enc,,base,5,1,0.7078115,1
Orthopoxvirus,prot_t5_xl_half_uniref50-enc,,base,5,1,0.72690684,1
Orthopoxvirus,prot_t5_xl_half_uniref50-enc,,base,5,1,0.6962817,1
Orthopoxvirus,prot_t5_xl_half_uniref50-enc,,base,5,1,0.56833476,1
Orthopoxvirus,prot_t5_xl_half_uniref50-enc,,base,5,1,0.6718655,1
Orthopoxvirus,prot_t5_xl_half_uniref50-enc,,base,5,1,0.58386356,1
Orthopoxvirus,prot_t5_xl_half_uniref50-enc,,base,5,1,0.54265404,1
Orthopoxvirus,prot_t5_xl_half_uniref50-enc,,base,5,1,0.4596099,0
Orthopoxvirus,prot_t5_xl_half_uniref50-enc,,base,5,1,0.47546163,0
Orthopoxvirus,prot_t5_xl_half_uniref50-enc,,base,5,1,0.6024874,1
Orthopoxvirus,prot_t5_xl_half_uniref50-enc,,base,5,1,0.60908693,1
Orthopoxvirus,prot_t5_xl_half_uniref50-enc,,base,5,1,0.4452423,0
Orthopoxvirus,prot_t5_xl_half_uniref50-enc,,base,5,1,0.41630784,0
Orthopoxvirus,prot_t5_xl_half_uniref50-enc,,base,5,1,0.67097515,1
Orthopoxvirus,prot_t5_xl_half_uniref50-enc,,base,5,1,0.67695373,1
Orthopoxvirus,prot_t5_xl_half_uniref50-enc,,base,5,1,0.65968466,1
Orthopoxvirus,prot_t5_xl_half_uniref50-enc,,base,5,1,0.6399299,1
Orthopoxvirus,prot_t5_xl_half_uniref50-enc,,base,5,1,0.656443,1
Orthopoxvirus,prot_t5_xl_half_uniref50-enc,,base,5,1,0.7166755,1
Orthopoxvirus,prot_t5_xl_half_uniref50-enc,,base,5,1,0.7508903,1
Orthopoxvirus,prot_t5_xl_half_uniref50-enc,,base,5,1,0.73587406,1
Orthopoxvirus,prot_t5_xl_half_uniref50-enc,,base,5,1,0.78618497,1
Orthopoxvirus,prot_t5_xl_half_uniref50-enc,,base,5,1,0.77808106,1
Orthopoxvirus,prot_t5_xl_half_uniref50-enc,,base,5,1,0.7777982,1
Orthopoxvirus,prot_t5_xl_half_uniref50-enc,,base,5,1,0.73223865,1
Orthopoxvirus,prot_t5_xl_half_uniref50-enc,,base,5,1,0.623219,1
Orthopoxvirus,prot_t5_xl_half_uniref50-enc,,base,5,1,0.73974425,1
Orthopoxvirus,prot_t5_xl_half_uniref50-enc,,base,5,1,0.65623325,1
Orthopoxvirus,prot_t5_xl_half_uniref50-enc,,base,5,1,0.65690756,1
Orthopoxvirus,prot_t5_xl_half_uniref50-enc,,base,5,1,0.57644767,1
Orthopoxvirus,prot_t5_xl_half_uniref50-enc,,base,5,1,0.59614867,1
Orthopoxvirus,prot_t5_xl_half_uniref50-enc,,base,5,1,0.6511001,1
Orthopoxvirus,prot_t5_xl_half_uniref50-enc,,base,5,1,0.7268344,1
Orthopoxvirus,prot_t5_xl_half_uniref50-enc,,base,5,1,0.51139873,1
Orthopoxvirus,prot_t5_xl_half_uniref50-enc,,base,5,1,0.49984255,0
Orthopoxvirus,prot_t5_xl_half_uniref50-enc,,base,5,1,0.7064338,1
Orthopoxvirus,prot_t5_xl_half_uniref50-enc,,base,5,1,0.6635294,1
Orthopoxvirus,prot_t5_xl_half_uniref50-enc,,base,5,1,0.76920724,1
Orthopoxvirus,prot_t5_xl_half_uniref50-enc,,base,5,1,0.70362025,1
Orthopoxvirus,prot_t5_xl_half_uniref50-enc,,base,5,1,0.5618842,1
Orthopoxvirus,prot_t5_xl_half_uniref50-enc,,base,5,1,0.6302241,1
Orthopoxvirus,prot_t5_xl_half_uniref50-enc,,base,5,1,0.69049627,1
Orthopoxvirus,prot_t5_xl_half_uniref50-enc,,base,5,1,0.6522074,1
Orthopoxvirus,prot_t5_xl_half_uniref50-enc,,base,5,1,0.58833176,1
Orthopoxvirus,prot_t5_xl_half_uniref50-enc,,base,5,1,0.54660493,1
Orthopoxvirus,prot_t5_xl_half_uniref50-enc,,base,5,1,0.6467296,1
Orthopoxvirus,prot_t5_xl_half_uniref50-enc,,base,5,1,0.57402456,1
Orthopoxvirus,prot_t5_xl_half_uniref50-enc,,base,5,1,0.64194596,1
Orthopoxvirus,prot_t5_xl_half_uniref50-enc,,base,5,1,0.66102344,1
Orthopoxvirus,prot_t5_xl_half_uniref50-enc,,base,5,1,0.70048594,1
Orthopoxvirus,prot_t5_xl_half_uniref50-enc,,base,5,1,0.58488256,1
Orthopoxvirus,prot_t5_xl_half_uniref50-enc,,base,5,1,0.628297,1
Orthopoxvirus,prot_t5_xl_half_uniref50-enc,,base,5,1,0.6275825,1
Orthopoxvirus,prot_t5_xl_half_uniref50-enc,,base,5,1,0.53598595,1
Orthopoxvirus,prot_t5_xl_half_uniref50-enc,,base,5,1,0.69409096,1
Orthopoxvirus,prot_t5_xl_half_uniref50-enc,,base,5,1,0.81808233,1
Orthopoxvirus,prot_t5_xl_half_uniref50-enc,,base,5,1,0.7531761,1
Orthopoxvirus,prot_t5_xl_half_uniref50-enc,,base,5,1,0.5957972,1
Orthopoxvirus,prot_t5_xl_half_uniref50-enc,,base,5,1,0.7032707,1
Orthopoxvirus,prot_t5_xl_half_uniref50-enc,,base,5,1,0.80111057,1
Orthopoxvirus,prot_t5_xl_half_uniref50-enc,,base,5,1,0.68914056,1
Orthopoxvirus,prot_t5_xl_half_uniref50-enc,,base,5,1,0.6234208,1
Orthopoxvirus,prot_t5_xl_half_uniref50-enc,,base,5,1,0.57469726,1
Orthopoxvirus,prot_t5_xl_half_uniref50-enc,,base,5,1,0.7132279,1
Orthopoxvirus,prot_t5_xl_half_uniref50-enc,,base,5,1,0.63247806,1
Orthopoxvirus,prot_t5_xl_half_uniref50-enc,,base,5,1,0.68523,1
Orthopoxvirus,prot_t5_xl_half_uniref50-enc,,base,5,1,0.72698563,1
Orthopoxvirus,prot_t5_xl_half_uniref50-enc,,base,5,1,0.7424126,1
Orthopoxvirus,prot_t5_xl_half_uniref50-enc,,base,5,1,0.617378,1
Orthopoxvirus,prot_t5_xl_half_uniref50-enc,,base,5,1,0.6690004,1
Orthopoxvirus,prot_t5_xl_half_uniref50-enc,,base,5,1,0.76106876,1
Orthopoxvirus,prot_t5_xl_half_uniref50-enc,,base,5,1,0.5815502,1
Orthopoxvirus,prot_t5_xl_half_uniref50-enc,,base,5,1,0.79948306,1
Orthopoxvirus,prot_t5_xl_half_uniref50-enc,,base,5,1,0.89551204,1
Orthopoxvirus,prot_t5_xl_half_uniref50-enc,,base,5,1,0.71941626,1
Orthopoxvirus,prot_t5_xl_half_uniref50-enc,,base,5,1,0.847442,1
Orthopoxvirus,prot_t5_xl_half_uniref50-enc,,base,5,1,0.66254824,1
Orthopoxvirus,prot_t5_xl_half_uniref50-enc,,base,5,1,0.8262692,1
Orthopoxvirus,prot_t5_xl_half_uniref50-enc,,base,5,1,0.6287666,1
Orthopoxvirus,prot_t5_xl_half_uniref50-enc,,base,5,1,0.7846523,1
Orthopoxvirus,prot_t5_xl_half_uniref50-enc,,base,5,1,0.7147952,1
Orthopoxvirus,prot_t5_xl_half_uniref50-enc,,base,5,1,0.7792271,1
Orthopoxvirus,prot_t5_xl_half_uniref50-enc,,base,5,1,0.88637286,1
Orthopoxvirus,prot_t5_xl_half_uniref50-enc,,base,5,1,0.9099469,1
Orthopoxvirus,prot_t5_xl_half_uniref50-enc,,base,5,1,0.7824739,1
Orthopoxvirus,prot_t5_xl_half_uniref50-enc,,base,5,1,0.8471804,1
Orthopoxvirus,prot_t5_xl_half_uniref50-enc,,base,5,1,0.85209167,1
Orthopoxvirus,prot_t5_xl_half_uniref50-enc,,base,5,1,0.79595536,1
Orthopoxvirus,prot_t5_xl_half_uniref50-enc,,base,5,1,0.7555021,1
Orthopoxvirus,prot_t5_xl_half_uniref50-enc,,base,5,1,0.8705945,1
Orthopoxvirus,prot_t5_xl_half_uniref50-enc,,base,5,1,0.9150332,1
Orthopoxvirus,prot_t5_xl_half_uniref50-enc,,base,5,1,0.7801289,1
Orthopoxvirus,prot_t5_xl_half_uniref50-enc,,base,5,1,0.87332153,1
Orthopoxvirus,prot_t5_xl_half_uniref50-enc,,base,5,1,0.754586,1
Orthopoxvirus,prot_t5_xl_half_uniref50-enc,,base,5,1,0.8624263,1
Orthopoxvirus,prot_t5_xl_half_uniref50-enc,,base,5,1,0.709836,1
Orthopoxvirus,prot_t5_xl_half_uniref50-enc,,base,5,1,0.8464337,1
Orthopoxvirus,prot_t5_xl_half_uniref50-enc,,base,5,1,0.7890031,1
Orthopoxvirus,prot_t5_xl_half_uniref50-enc,,base,5,1,0.83116436,1
Orthopoxvirus,prot_t5_xl_half_uniref50-enc,,base,5,1,0.9101369,1
Orthopoxvirus,prot_t5_xl_half_uniref50-enc,,base,5,1,0.91834664,1
Orthopoxvirus,prot_t5_xl_half_uniref50-enc,,base,5,1,0.8444497,1
Orthopoxvirus,prot_t5_xl_half_uniref50-enc,,base,5,1,0.89079183,1
Orthopoxvirus,prot_t5_xl_half_uniref50-enc,,base,5,1,0.8972635,1
Orthopoxvirus,prot_t5_xl_half_uniref50-enc,,base,5,1,0.8457013,1
Orthopoxvirus,prot_t5_xl_half_uniref50-enc,,base,5,1,0.818432,1
Orthopoxvirus,prot_t5_xl_half_uniref50-enc,,base,5,1,0.56111157,1
Orthopoxvirus,prot_t5_xl_half_uniref50-enc,,base,5,1,0.6785479,1
Orthopoxvirus,prot_t5_xl_half_uniref50-enc,,base,5,1,0.7825714,1
Orthopoxvirus,prot_t5_xl_half_uniref50-enc,,base,5,1,0.6948218,1
Orthopoxvirus,prot_t5_xl_half_uniref50-enc,,base,5,1,0.66655385,1
Orthopoxvirus,prot_t5_xl_half_uniref50-enc,,base,5,1,0.8364867,1
Orthopoxvirus,prot_t5_xl_half_uniref50-enc,,base,5,1,0.6381369,1
Orthopoxvirus,prot_t5_xl_half_uniref50-enc,,base,5,1,0.72792566,1
Orthopoxvirus,prot_t5_xl_half_uniref50-enc,,base,5,1,0.82202643,1
Orthopoxvirus,prot_t5_xl_half_uniref50-enc,,base,5,1,0.60164666,1
Orthopoxvirus,prot_t5_xl_half_uniref50-enc,,base,5,1,0.6735832,1
Orthopoxvirus,prot_t5_xl_half_uniref50-enc,,base,5,1,0.84205186,1
Orthopoxvirus,prot_t5_xl_half_uniref50-enc,,base,5,1,0.7446346,1
Orthopoxvirus,prot_t5_xl_half_uniref50-enc,,base,5,1,0.6843507,1
Orthopoxvirus,prot_t5_xl_half_uniref50-enc,,base,5,1,0.8086233,1
Orthopoxvirus,prot_t5_xl_half_uniref50-enc,,base,5,1,0.70770186,1
Orthopoxvirus,prot_t5_xl_half_uniref50-enc,,base,5,1,0.82800996,1
Orthopoxvirus,prot_t5_xl_half_uniref50-enc,,base,5,1,0.6720748,1
Orthopoxvirus,prot_t5_xl_half_uniref50-enc,,base,5,1,0.6124165,1
Orthopoxvirus,prot_t5_xl_half_uniref50-enc,,base,5,1,0.6186068,1
Orthopoxvirus,prot_t5_xl_half_uniref50-enc,,base,5,1,0.6921288,1
Orthopoxvirus,prot_t5_xl_half_uniref50-enc,,base,5,1,0.69834393,1
Orthopoxvirus,prot_t5_xl_half_uniref50-enc,,base,5,1,0.6853681,1
Orthopoxvirus,prot_t5_xl_half_uniref50-enc,,base,5,1,0.63672584,1
Orthopoxvirus,prot_t5_xl_half_uniref50-enc,,base,5,1,0.7906242,1
Orthopoxvirus,prot_t5_xl_half_uniref50-enc,,base,5,1,0.83926207,1
Orthopoxvirus,prot_t5_xl_half_uniref50-enc,,base,5,1,0.591165,1
Orthopoxvirus,prot_t5_xl_half_uniref50-enc,,base,5,0,0.79744136,1
Orthopoxvirus,prot_t5_xl_half_uniref50-enc,,base,5,0,0.7609389,1
Orthopoxvirus,prot_t5_xl_half_uniref50-enc,,base,5,0,0.86438,1
Orthopoxvirus,prot_t5_xl_half_uniref50-enc,,base,5,0,0.6449103,1
Orthopoxvirus,prot_t5_xl_half_uniref50-enc,,base,5,0,0.7872372,1
Orthopoxvirus,prot_t5_xl_half_uniref50-enc,,base,5,0,0.7121152,1
Orthopoxvirus,prot_t5_xl_half_uniref50-enc,,base,5,0,0.8693052,1
Orthopoxvirus,prot_t5_xl_half_uniref50-enc,,base,5,0,0.73700327,1
Orthopoxvirus,prot_t5_xl_half_uniref50-enc,,base,5,0,0.78826904,1
Orthopoxvirus,prot_t5_xl_half_uniref50-enc,,base,5,0,0.5020677,1
Orthopoxvirus,prot_t5_xl_half_uniref50-enc,,base,5,1,0.74150574,1
Orthopoxvirus,prot_t5_xl_half_uniref50-enc,,base,5,1,0.80399317,1
Orthopoxvirus,prot_t5_xl_half_uniref50-enc,,base,5,1,0.78265387,1
Orthopoxvirus,prot_t5_xl_half_uniref50-enc,,base,5,1,0.7652287,1
Orthopoxvirus,prot_t5_xl_half_uniref50-enc,,base,5,1,0.75422674,1
Orthopoxvirus,prot_t5_xl_half_uniref50-enc,,base,5,1,0.6936511,1
Orthopoxvirus,prot_t5_xl_half_uniref50-enc,,base,5,1,0.69161725,1
Orthopoxvirus,prot_t5_xl_half_uniref50-enc,,base,5,1,0.74287826,1
Orthopoxvirus,prot_t5_xl_half_uniref50-enc,,base,5,1,0.7626605,1
Orthopoxvirus,prot_t5_xl_half_uniref50-enc,,base,5,1,0.9050369,1
Orthopoxvirus,prot_t5_xl_half_uniref50-enc,,base,5,1,0.9200622,1
Orthopoxvirus,prot_t5_xl_half_uniref50-enc,,base,5,1,0.92061085,1
Orthopoxvirus,prot_t5_xl_half_uniref50-enc,,base,5,1,0.9196599,1
Orthopoxvirus,prot_t5_xl_half_uniref50-enc,,base,5,1,0.9059608,1
Orthopoxvirus,prot_t5_xl_half_uniref50-enc,,base,5,1,0.8891431,1
Orthopoxvirus,prot_t5_xl_half_uniref50-enc,,base,5,1,0.85186434,1
Orthopoxvirus,prot_t5_xl_half_uniref50-enc,,base,5,1,0.8696182,1
Orthopoxvirus,prot_t5_xl_half_uniref50-enc,,base,5,1,0.8395577,1
Orthopoxvirus,prot_t5_xl_half_uniref50-enc,,base,5,1,0.92400044,1
Orthopoxvirus,prot_t5_xl_half_uniref50-enc,,base,5,1,0.8437504,1
Orthopoxvirus,prot_t5_xl_half_uniref50-enc,,base,5,1,0.87612236,1
Orthopoxvirus,prot_t5_xl_half_uniref50-enc,,base,5,1,0.80080914,1
Orthopoxvirus,prot_t5_xl_half_uniref50-enc,,base,5,1,0.85644186,1
Orthopoxvirus,prot_t5_xl_half_uniref50-enc,,base,5,0,0.5651713,1
Orthopoxvirus,prot_t5_xl_half_uniref50-enc,,base,5,0,0.65856993,1
Orthopoxvirus,prot_t5_xl_half_uniref50-enc,,base,5,0,0.5902547,1
Orthopoxvirus,prot_t5_xl_half_uniref50-enc,,base,5,0,0.6368996,1
Orthopoxvirus,prot_t5_xl_half_uniref50-enc,,base,5,0,0.56371343,1
Orthopoxvirus,prot_t5_xl_half_uniref50-enc,,base,5,0,0.50040007,1
Orthopoxvirus,prot_t5_xl_half_uniref50-enc,,base,5,0,0.4775342,0
Orthopoxvirus,prot_t5_xl_half_uniref50-enc,,base,5,0,0.557485,1
Orthopoxvirus,prot_t5_xl_half_uniref50-enc,,base,5,0,0.52296466,1
Orthopoxvirus,prot_t5_xl_half_uniref50-enc,,base,5,0,0.46077916,0
Orthopoxvirus,prot_t5_xl_half_uniref50-enc,,base,5,0,0.4440236,0
Orthopoxvirus,prot_t5_xl_half_uniref50-enc,,base,5,0,0.43651557,0
Orthopoxvirus,prot_t5_xl_half_uniref50-enc,,base,5,0,0.45775828,0
Orthopoxvirus,prot_t5_xl_half_uniref50-enc,,base,5,0,0.42336392,0
Orthopoxvirus,prot_t5_xl_half_uniref50-enc,,base,5,0,0.47155085,0
Orthopoxvirus,prot_t5_xl_half_uniref50-enc,,base,5,1,0.86149335,1
Orthopoxvirus,prot_t5_xl_half_uniref50-enc,,base,5,1,0.8469147,1
Orthopoxvirus,prot_t5_xl_half_uniref50-enc,,base,5,1,0.84174377,1
Orthopoxvirus,prot_t5_xl_half_uniref50-enc,,base,5,1,0.854082,1
Orthopoxvirus,prot_t5_xl_half_uniref50-enc,,base,5,1,0.82735187,1
Orthopoxvirus,prot_t5_xl_half_uniref50-enc,,base,5,1,0.88787884,1
Orthopoxvirus,prot_t5_xl_half_uniref50-enc,,base,5,1,0.89108896,1
Orthopoxvirus,prot_t5_xl_half_uniref50-enc,,base,5,1,0.85760313,1
Orthopoxvirus,prot_t5_xl_half_uniref50-enc,,base,5,1,0.881631,1
Orthopoxvirus,prot_t5_xl_half_uniref50-enc,,base,5,1,0.8428241,1
Orthopoxvirus,prot_t5_xl_half_uniref50-enc,,base,5,1,0.85997254,1
Orthopoxvirus,prot_t5_xl_half_uniref50-enc,,base,5,1,0.847417,1
Orthopoxvirus,prot_t5_xl_half_uniref50-enc,,base,5,1,0.7992702,1
Orthopoxvirus,prot_t5_xl_half_uniref50-enc,,base,5,1,0.73087806,1
Orthopoxvirus,prot_t5_xl_half_uniref50-enc,,base,5,1,0.62073565,1
Orthopoxvirus,prot_t5_xl_half_uniref50-enc,,base,5,1,0.61506253,1
Orthopoxvirus,prot_t5_xl_half_uniref50-enc,,base,5,1,0.56265175,1
Orthopoxvirus,prot_t5_xl_half_uniref50-enc,,base,5,1,0.74982595,1
Orthopoxvirus,prot_t5_xl_half_uniref50-enc,,base,5,1,0.7275299,1
Orthopoxvirus,prot_t5_xl_half_uniref50-enc,,base,5,1,0.7645239,1
Orthopoxvirus,prot_t5_xl_half_uniref50-enc,,base,5,1,0.7747556,1
Orthopoxvirus,prot_t5_xl_half_uniref50-enc,,base,5,1,0.8185951,1
Orthopoxvirus,prot_t5_xl_half_uniref50-enc,,base,5,1,0.76628214,1
Orthopoxvirus,prot_t5_xl_half_uniref50-enc,,base,5,1,0.83738774,1
Orthopoxvirus,prot_t5_xl_half_uniref50-enc,,base,5,1,0.8247753,1
Orthopoxvirus,prot_t5_xl_half_uniref50-enc,,base,5,1,0.7718855,1
Orthopoxvirus,prot_t5_xl_half_uniref50-enc,,base,5,1,0.8444657,1
Orthopoxvirus,prot_t5_xl_half_uniref50-enc,,base,5,1,0.79618907,1
Orthopoxvirus,prot_t5_xl_half_uniref50-enc,,base,5,1,0.8899299,1
Orthopoxvirus,prot_t5_xl_half_uniref50-enc,,base,5,1,0.8329213,1
Orthopoxvirus,prot_t5_xl_half_uniref50-enc,,base,5,1,0.75994146,1
Orthopoxvirus,prot_t5_xl_half_uniref50-enc,,base,5,1,0.77026206,1
Orthopoxvirus,prot_t5_xl_half_uniref50-enc,,base,5,1,0.84438026,1
Orthopoxvirus,prot_t5_xl_half_uniref50-enc,,base,5,1,0.81703573,1
Orthopoxvirus,prot_t5_xl_half_uniref50-enc,,base,5,1,0.8389024,1
Orthopoxvirus,prot_t5_xl_half_uniref50-enc,,base,5,1,0.8761801,1
Orthopoxvirus,prot_t5_xl_half_uniref50-enc,,base,5,1,0.84775364,1
Orthopoxvirus,prot_t5_xl_half_uniref50-enc,,base,5,1,0.90266156,1
Orthopoxvirus,prot_t5_xl_half_uniref50-enc,,base,5,1,0.90054166,1
Orthopoxvirus,prot_t5_xl_half_uniref50-enc,,base,5,1,0.85349363,1
Orthopoxvirus,prot_t5_xl_half_uniref50-enc,,base,5,1,0.92558885,1
Orthopoxvirus,prot_t5_xl_half_uniref50-enc,,base,5,1,0.9088256,1
Orthopoxvirus,prot_t5_xl_half_uniref50-enc,,base,5,1,0.88844126,1
Orthopoxvirus,prot_t5_xl_half_uniref50-enc,,base,5,1,0.87594324,1
Orthopoxvirus,prot_t5_xl_half_uniref50-enc,,base,5,1,0.8510796,1
Orthopoxvirus,prot_t5_xl_half_uniref50-enc,,base,5,1,0.93752617,1
Orthopoxvirus,prot_t5_xl_half_uniref50-enc,,base,5,1,0.9321787,1
Orthopoxvirus,prot_t5_xl_half_uniref50-enc,,base,5,1,0.9296345,1
Orthopoxvirus,prot_t5_xl_half_uniref50-enc,,base,5,1,0.9300836,1
Orthopoxvirus,prot_t5_xl_half_uniref50-enc,,base,5,1,0.7795529,1
Orthopoxvirus,prot_t5_xl_half_uniref50-enc,,base,5,1,0.7787493,1
Orthopoxvirus,prot_t5_xl_half_uniref50-enc,,base,5,1,0.69446325,1
Orthopoxvirus,prot_t5_xl_half_uniref50-enc,,base,5,1,0.73926055,1
Orthopoxvirus,prot_t5_xl_half_uniref50-enc,,base,5,1,0.66278934,1
Orthopoxvirus,prot_t5_xl_half_uniref50-enc,,base,5,1,0.7599909,1
Orthopoxvirus,prot_t5_xl_half_uniref50-enc,,base,5,1,0.6449242,1
Orthopoxvirus,prot_t5_xl_half_uniref50-enc,,base,5,1,0.72800684,1
Orthopoxvirus,prot_t5_xl_half_uniref50-enc,,base,5,1,0.6787328,1
Orthopoxvirus,prot_t5_xl_half_uniref50-enc,,base,5,1,0.5875056,1
Orthopoxvirus,prot_t5_xl_half_uniref50-enc,,base,5,1,0.5762053,1
Orthopoxvirus,prot_t5_xl_half_uniref50-enc,,base,5,1,0.6768413,1
Orthopoxvirus,prot_t5_xl_half_uniref50-enc,,base,5,1,0.6435196,1
Orthopoxvirus,prot_t5_xl_half_uniref50-enc,,base,5,1,0.6636762,1
Orthopoxvirus,prot_t5_xl_half_uniref50-enc,,base,5,1,0.5816954,1
Orthopoxvirus,prot_t5_xl_half_uniref50-enc,,base,5,1,0.5213276,1
Orthopoxvirus,prot_t5_xl_half_uniref50-enc,,base,5,1,0.63638705,1
Orthopoxvirus,prot_t5_xl_half_uniref50-enc,,base,5,1,0.52626854,1
Orthopoxvirus,prot_t5_xl_half_uniref50-enc,,base,5,1,0.5226153,1
Orthopoxvirus,prot_t5_xl_half_uniref50-enc,,base,5,1,0.5782115,1
Orthopoxvirus,prot_t5_xl_half_uniref50-enc,,base,5,1,0.62906265,1
Orthopoxvirus,prot_t5_xl_half_uniref50-enc,,base,5,1,0.460855,0
Orthopoxvirus,prot_t5_xl_half_uniref50-enc,,base,5,1,0.5916852,1
Orthopoxvirus,prot_t5_xl_half_uniref50-enc,,base,5,0,0.8229088,1
Orthopoxvirus,prot_t5_xl_half_uniref50-enc,,base,5,0,0.8664512,1
Orthopoxvirus,prot_t5_xl_half_uniref50-enc,,base,5,0,0.8450319,1
Orthopoxvirus,prot_t5_xl_half_uniref50-enc,,base,5,0,0.8436363,1
Orthopoxvirus,prot_t5_xl_half_uniref50-enc,,base,5,0,0.78686696,1
Orthopoxvirus,prot_t5_xl_half_uniref50-enc,,base,5,0,0.83440715,1
Orthopoxvirus,prot_t5_xl_half_uniref50-enc,,base,5,0,0.8554481,1
Orthopoxvirus,prot_t5_xl_half_uniref50-enc,,base,5,0,0.73951405,1
Orthopoxvirus,prot_t5_xl_half_uniref50-enc,,base,5,0,0.7655028,1
Orthopoxvirus,prot_t5_xl_half_uniref50-enc,,base,5,0,0.7792444,1
Orthopoxvirus,prot_t5_xl_half_uniref50-enc,,base,5,0,0.59434366,1
Orthopoxvirus,prot_t5_xl_half_uniref50-enc,,base,5,0,0.49590084,0
Orthopoxvirus,prot_t5_xl_half_uniref50-enc,,base,5,0,0.5182023,1
Orthopoxvirus,prot_t5_xl_half_uniref50-enc,,base,5,0,0.5787838,1
Orthopoxvirus,prot_t5_xl_half_uniref50-enc,,base,5,0,0.5223143,1
Orthopoxvirus,prot_t5_xl_half_uniref50-enc,,base,5,0,0.5567779,1
Orthopoxvirus,prot_t5_xl_half_uniref50-enc,,base,5,0,0.6230648,1
Orthopoxvirus,prot_t5_xl_half_uniref50-enc,,base,5,0,0.57085204,1
Orthopoxvirus,prot_t5_xl_half_uniref50-enc,,base,5,0,0.7999246,1
Orthopoxvirus,prot_t5_xl_half_uniref50-enc,,base,5,0,0.7617091,1
Orthopoxvirus,prot_t5_xl_half_uniref50-enc,,full,1,1,0.57975996,1
Orthopoxvirus,prot_t5_xl_half_uniref50-enc,,full,1,1,0.6229881,1
Orthopoxvirus,prot_t5_xl_half_uniref50-enc,,full,1,1,0.6276425,1
Orthopoxvirus,prot_t5_xl_half_uniref50-enc,,full,1,1,0.5961224,1
Orthopoxvirus,prot_t5_xl_half_uniref50-enc,,full,1,1,0.62297726,1
Orthopoxvirus,prot_t5_xl_half_uniref50-enc,,full,1,1,0.6700438,1
Orthopoxvirus,prot_t5_xl_half_uniref50-enc,,full,1,1,0.6687034,1
Orthopoxvirus,prot_t5_xl_half_uniref50-enc,,full,1,1,0.687264,1
Orthopoxvirus,prot_t5_xl_half_uniref50-enc,,full,1,1,0.6826949,1
Orthopoxvirus,prot_t5_xl_half_uniref50-enc,,full,1,1,0.7260096,1
Orthopoxvirus,prot_t5_xl_half_uniref50-enc,,full,1,1,0.62322646,1
Orthopoxvirus,prot_t5_xl_half_uniref50-enc,,full,1,1,0.64175373,1
Orthopoxvirus,prot_t5_xl_half_uniref50-enc,,full,1,1,0.5929397,1
Orthopoxvirus,prot_t5_xl_half_uniref50-enc,,full,1,1,0.65233815,1
Orthopoxvirus,prot_t5_xl_half_uniref50-enc,,full,1,1,0.8064246,1
Orthopoxvirus,prot_t5_xl_half_uniref50-enc,,full,1,1,0.8063582,1
Orthopoxvirus,prot_t5_xl_half_uniref50-enc,,full,1,1,0.80573076,1
Orthopoxvirus,prot_t5_xl_half_uniref50-enc,,full,1,1,0.80560774,1
Orthopoxvirus,prot_t5_xl_half_uniref50-enc,,full,1,1,0.8034493,1
Orthopoxvirus,prot_t5_xl_half_uniref50-enc,,full,1,1,0.8047364,1
Orthopoxvirus,prot_t5_xl_half_uniref50-enc,,full,1,1,0.80614007,1
Orthopoxvirus,prot_t5_xl_half_uniref50-enc,,full,1,1,0.80452174,1
Orthopoxvirus,prot_t5_xl_half_uniref50-enc,,full,1,1,0.8060022,1
Orthopoxvirus,prot_t5_xl_half_uniref50-enc,,full,1,1,0.8058974,1
Orthopoxvirus,prot_t5_xl_half_uniref50-enc,,full,1,1,0.8057826,1
Orthopoxvirus,prot_t5_xl_half_uniref50-enc,,full,1,1,0.80416,1
Orthopoxvirus,prot_t5_xl_half_uniref50-enc,,full,1,1,0.80991894,1
Orthopoxvirus,prot_t5_xl_half_uniref50-enc,,full,1,1,0.8022363,1
Orthopoxvirus,prot_t5_xl_half_uniref50-enc,,full,1,1,0.80645096,1
Orthopoxvirus,prot_t5_xl_half_uniref50-enc,,full,1,1,0.80644596,1
Orthopoxvirus,prot_t5_xl_half_uniref50-enc,,full,1,1,0.80563015,1
Orthopoxvirus,prot_t5_xl_half_uniref50-enc,,full,1,1,0.8062442,1
Orthopoxvirus,prot_t5_xl_half_uniref50-enc,,full,1,1,0.8061921,1
Orthopoxvirus,prot_t5_xl_half_uniref50-enc,,full,1,1,0.80447775,1
Orthopoxvirus,prot_t5_xl_half_uniref50-enc,,full,1,1,0.8062336,1
Orthopoxvirus,prot_t5_xl_half_uniref50-enc,,full,1,1,0.80638456,1
Orthopoxvirus,prot_t5_xl_half_uniref50-enc,,full,1,1,0.8069362,1
Orthopoxvirus,prot_t5_xl_half_uniref50-enc,,full,1,1,0.80525726,1
Orthopoxvirus,prot_t5_xl_half_uniref50-enc,,full,1,1,0.80580443,1
Orthopoxvirus,prot_t5_xl_half_uniref50-enc,,full,1,1,0.8061015,1
Orthopoxvirus,prot_t5_xl_half_uniref50-enc,,full,1,1,0.8056249,1
Orthopoxvirus,prot_t5_xl_half_uniref50-enc,,full,1,1,0.8051004,1
Orthopoxvirus,prot_t5_xl_half_uniref50-enc,,full,1,1,0.8050733,1
Orthopoxvirus,prot_t5_xl_half_uniref50-enc,,full,1,1,0.80610627,1
Orthopoxvirus,prot_t5_xl_half_uniref50-enc,,full,1,1,0.80424714,1
Orthopoxvirus,prot_t5_xl_half_uniref50-enc,,full,1,1,0.71878874,1
Orthopoxvirus,prot_t5_xl_half_uniref50-enc,,full,1,1,0.73173803,1
Orthopoxvirus,prot_t5_xl_half_uniref50-enc,,full,1,1,0.7448502,1
Orthopoxvirus,prot_t5_xl_half_uniref50-enc,,full,1,1,0.74433106,1
Orthopoxvirus,prot_t5_xl_half_uniref50-enc,,full,1,1,0.74032986,1
Orthopoxvirus,prot_t5_xl_half_uniref50-enc,,full,1,1,0.7186343,1
Orthopoxvirus,prot_t5_xl_half_uniref50-enc,,full,1,1,0.7265724,1
Orthopoxvirus,prot_t5_xl_half_uniref50-enc,,full,1,1,0.74623495,1
Orthopoxvirus,prot_t5_xl_half_uniref50-enc,,full,1,1,0.71331775,1
Orthopoxvirus,prot_t5_xl_half_uniref50-enc,,full,1,1,0.70816225,1
Orthopoxvirus,prot_t5_xl_half_uniref50-enc,,full,1,1,0.7252779,1
Orthopoxvirus,prot_t5_xl_half_uniref50-enc,,full,1,1,0.7215481,1
Orthopoxvirus,prot_t5_xl_half_uniref50-enc,,full,1,1,0.7823448,1
Orthopoxvirus,prot_t5_xl_half_uniref50-enc,,full,1,1,0.7814142,1
Orthopoxvirus,prot_t5_xl_half_uniref50-enc,,full,1,1,0.71210563,1
Orthopoxvirus,prot_t5_xl_half_uniref50-enc,,full,1,1,0.6759825,1
Orthopoxvirus,prot_t5_xl_half_uniref50-enc,,full,1,1,0.716064,1
Orthopoxvirus,prot_t5_xl_half_uniref50-enc,,full,1,1,0.7229938,1
Orthopoxvirus,prot_t5_xl_half_uniref50-enc,,full,1,1,0.7800928,1
Orthopoxvirus,prot_t5_xl_half_uniref50-enc,,full,1,1,0.6438387,1
Orthopoxvirus,prot_t5_xl_half_uniref50-enc,,full,1,1,0.6399127,1
Orthopoxvirus,prot_t5_xl_half_uniref50-enc,,full,1,1,0.65911746,1
Orthopoxvirus,prot_t5_xl_half_uniref50-enc,,full,1,1,0.7148004,1
Orthopoxvirus,prot_t5_xl_half_uniref50-enc,,full,1,1,0.7114955,1
Orthopoxvirus,prot_t5_xl_half_uniref50-enc,,full,1,1,0.65483063,1
Orthopoxvirus,prot_t5_xl_half_uniref50-enc,,full,1,1,0.6547955,1
Orthopoxvirus,prot_t5_xl_half_uniref50-enc,,full,1,1,0.6639901,1
Orthopoxvirus,prot_t5_xl_half_uniref50-enc,,full,1,1,0.64293975,1
Orthopoxvirus,prot_t5_xl_half_uniref50-enc,,full,1,1,0.73536825,1
Orthopoxvirus,prot_t5_xl_half_uniref50-enc,,full,1,1,0.6380403,1
Orthopoxvirus,prot_t5_xl_half_uniref50-enc,,full,1,1,0.6470819,1
Orthopoxvirus,prot_t5_xl_half_uniref50-enc,,full,1,1,0.6303567,1
Orthopoxvirus,prot_t5_xl_half_uniref50-enc,,full,1,1,0.6354576,1
Orthopoxvirus,prot_t5_xl_half_uniref50-enc,,full,1,1,0.6391604,1
Orthopoxvirus,prot_t5_xl_half_uniref50-enc,,full,1,1,0.63383406,1
Orthopoxvirus,prot_t5_xl_half_uniref50-enc,,full,1,1,0.65602905,1
Orthopoxvirus,prot_t5_xl_half_uniref50-enc,,full,1,1,0.5688153,1
Orthopoxvirus,prot_t5_xl_half_uniref50-enc,,full,1,1,0.5046463,1
Orthopoxvirus,prot_t5_xl_half_uniref50-enc,,full,1,1,0.5262368,1
Orthopoxvirus,prot_t5_xl_half_uniref50-enc,,full,1,1,0.50358385,1
Orthopoxvirus,prot_t5_xl_half_uniref50-enc,,full,1,1,0.5048194,1
Orthopoxvirus,prot_t5_xl_half_uniref50-enc,,full,1,1,0.7629661,1
Orthopoxvirus,prot_t5_xl_half_uniref50-enc,,full,1,1,0.76416284,1
Orthopoxvirus,prot_t5_xl_half_uniref50-enc,,full,1,1,0.764266,1
Orthopoxvirus,prot_t5_xl_half_uniref50-enc,,full,1,1,0.7651926,1
Orthopoxvirus,prot_t5_xl_half_uniref50-enc,,full,1,1,0.7718607,1
Orthopoxvirus,prot_t5_xl_half_uniref50-enc,,full,1,1,0.7721962,1
Orthopoxvirus,prot_t5_xl_half_uniref50-enc,,full,1,1,0.75639796,1
Orthopoxvirus,prot_t5_xl_half_uniref50-enc,,full,1,1,0.76936835,1
Orthopoxvirus,prot_t5_xl_half_uniref50-enc,,full,1,1,0.76701134,1
Orthopoxvirus,prot_t5_xl_half_uniref50-enc,,full,1,1,0.76225364,1
Orthopoxvirus,prot_t5_xl_half_uniref50-enc,,full,1,1,0.7627132,1
Orthopoxvirus,prot_t5_xl_half_uniref50-enc,,full,1,1,0.7727277,1
Orthopoxvirus,prot_t5_xl_half_uniref50-enc,,full,1,1,0.7726006,1
Orthopoxvirus,prot_t5_xl_half_uniref50-enc,,full,1,1,0.76257414,1
Orthopoxvirus,prot_t5_xl_half_uniref50-enc,,full,1,1,0.7716401,1
Orthopoxvirus,prot_t5_xl_half_uniref50-enc,,full,1,1,0.7703919,1
Orthopoxvirus,prot_t5_xl_half_uniref50-enc,,full,1,1,0.76455045,1
Orthopoxvirus,prot_t5_xl_half_uniref50-enc,,full,1,1,0.7620803,1
Orthopoxvirus,prot_t5_xl_half_uniref50-enc,,full,1,1,0.7598902,1
Orthopoxvirus,prot_t5_xl_half_uniref50-enc,,full,1,1,0.77255857,1
Orthopoxvirus,prot_t5_xl_half_uniref50-enc,,full,1,1,0.7674406,1
Orthopoxvirus,prot_t5_xl_half_uniref50-enc,,full,1,1,0.7697063,1
Orthopoxvirus,prot_t5_xl_half_uniref50-enc,,full,1,1,0.76864606,1
Orthopoxvirus,prot_t5_xl_half_uniref50-enc,,full,1,1,0.76165026,1
Orthopoxvirus,prot_t5_xl_half_uniref50-enc,,full,1,1,0.7624381,1
Orthopoxvirus,prot_t5_xl_half_uniref50-enc,,full,1,1,0.7728148,1
Orthopoxvirus,prot_t5_xl_half_uniref50-enc,,full,1,1,0.75754416,1
Orthopoxvirus,prot_t5_xl_half_uniref50-enc,,full,1,1,0.773036,1
Orthopoxvirus,prot_t5_xl_half_uniref50-enc,,full,1,1,0.7732435,1
Orthopoxvirus,prot_t5_xl_half_uniref50-enc,,full,1,1,0.84587055,1
Orthopoxvirus,prot_t5_xl_half_uniref50-enc,,full,1,1,0.84488535,1
Orthopoxvirus,prot_t5_xl_half_uniref50-enc,,full,1,1,0.8447866,1
Orthopoxvirus,prot_t5_xl_half_uniref50-enc,,full,1,1,0.8460153,1
Orthopoxvirus,prot_t5_xl_half_uniref50-enc,,full,1,1,0.8456883,1
Orthopoxvirus,prot_t5_xl_half_uniref50-enc,,full,1,1,0.8459112,1
Orthopoxvirus,prot_t5_xl_half_uniref50-enc,,full,1,1,0.84483874,1
Orthopoxvirus,prot_t5_xl_half_uniref50-enc,,full,1,1,0.84665596,1
Orthopoxvirus,prot_t5_xl_half_uniref50-enc,,full,1,1,0.84695935,1
Orthopoxvirus,prot_t5_xl_half_uniref50-enc,,full,1,1,0.84623003,1
Orthopoxvirus,prot_t5_xl_half_uniref50-enc,,full,1,1,0.84698945,1
Orthopoxvirus,prot_t5_xl_half_uniref50-enc,,full,1,1,0.8459148,1
Orthopoxvirus,prot_t5_xl_half_uniref50-enc,,full,1,1,0.84694713,1
Orthopoxvirus,prot_t5_xl_half_uniref50-enc,,full,1,1,0.8459844,1
Orthopoxvirus,prot_t5_xl_half_uniref50-enc,,full,1,1,0.6829836,1
Orthopoxvirus,prot_t5_xl_half_uniref50-enc,,full,1,1,0.74276453,1
Orthopoxvirus,prot_t5_xl_half_uniref50-enc,,full,1,1,0.7622611,1
Orthopoxvirus,prot_t5_xl_half_uniref50-enc,,full,1,1,0.70109963,1
Orthopoxvirus,prot_t5_xl_half_uniref50-enc,,full,1,1,0.7611586,1
Orthopoxvirus,prot_t5_xl_half_uniref50-enc,,full,1,1,0.7671102,1
Orthopoxvirus,prot_t5_xl_half_uniref50-enc,,full,1,1,0.7721436,1
Orthopoxvirus,prot_t5_xl_half_uniref50-enc,,full,1,1,0.494141,0
Orthopoxvirus,prot_t5_xl_half_uniref50-enc,,full,1,1,0.49321854,0
Orthopoxvirus,prot_t5_xl_half_uniref50-enc,,full,1,1,0.492769,0
Orthopoxvirus,prot_t5_xl_half_uniref50-enc,,full,1,1,0.4909214,0
Orthopoxvirus,prot_t5_xl_half_uniref50-enc,,full,1,1,0.49334735,0
Orthopoxvirus,prot_t5_xl_half_uniref50-enc,,full,1,1,0.49608368,0
Orthopoxvirus,prot_t5_xl_half_uniref50-enc,,full,1,1,0.49605274,0
Orthopoxvirus,prot_t5_xl_half_uniref50-enc,,full,1,1,0.49624267,0
Orthopoxvirus,prot_t5_xl_half_uniref50-enc,,full,1,1,0.76068413,1
Orthopoxvirus,prot_t5_xl_half_uniref50-enc,,full,1,1,0.7642919,1
Orthopoxvirus,prot_t5_xl_half_uniref50-enc,,full,1,1,0.6518336,1
Orthopoxvirus,prot_t5_xl_half_uniref50-enc,,full,1,1,0.64920765,1
Orthopoxvirus,prot_t5_xl_half_uniref50-enc,,full,1,1,0.65968144,1
Orthopoxvirus,prot_t5_xl_half_uniref50-enc,,full,1,1,0.67889786,1
Orthopoxvirus,prot_t5_xl_half_uniref50-enc,,full,1,1,0.76201063,1
Orthopoxvirus,prot_t5_xl_half_uniref50-enc,,full,1,1,0.7653875,1
Orthopoxvirus,prot_t5_xl_half_uniref50-enc,,full,1,1,0.74649847,1
Orthopoxvirus,prot_t5_xl_half_uniref50-enc,,full,1,1,0.6547163,1
Orthopoxvirus,prot_t5_xl_half_uniref50-enc,,full,1,1,0.653321,1
Orthopoxvirus,prot_t5_xl_half_uniref50-enc,,full,1,1,0.65233684,1
Orthopoxvirus,prot_t5_xl_half_uniref50-enc,,full,1,1,0.65223354,1
Orthopoxvirus,prot_t5_xl_half_uniref50-enc,,full,1,1,0.65140426,1
Orthopoxvirus,prot_t5_xl_half_uniref50-enc,,full,1,1,0.64878637,1
Orthopoxvirus,prot_t5_xl_half_uniref50-enc,,full,1,1,0.66158384,1
Orthopoxvirus,prot_t5_xl_half_uniref50-enc,,full,1,1,0.6498028,1
Orthopoxvirus,prot_t5_xl_half_uniref50-enc,,full,1,1,0.6493966,1
Orthopoxvirus,prot_t5_xl_half_uniref50-enc,,full,1,1,0.6495232,1
Orthopoxvirus,prot_t5_xl_half_uniref50-enc,,full,1,1,0.6498414,1
Orthopoxvirus,prot_t5_xl_half_uniref50-enc,,full,1,1,0.6518775,1
Orthopoxvirus,prot_t5_xl_half_uniref50-enc,,full,1,1,0.6499808,1
Orthopoxvirus,prot_t5_xl_half_uniref50-enc,,full,1,1,0.6535048,1
Orthopoxvirus,prot_t5_xl_half_uniref50-enc,,full,1,1,0.65616256,1
Orthopoxvirus,prot_t5_xl_half_uniref50-enc,,full,1,1,0.65902007,1
Orthopoxvirus,prot_t5_xl_half_uniref50-enc,,full,1,1,0.65695775,1
Orthopoxvirus,prot_t5_xl_half_uniref50-enc,,full,1,1,0.6569171,1
Orthopoxvirus,prot_t5_xl_half_uniref50-enc,,full,1,1,0.6562553,1
Orthopoxvirus,prot_t5_xl_half_uniref50-enc,,full,1,1,0.6551352,1
Orthopoxvirus,prot_t5_xl_half_uniref50-enc,,full,1,1,0.6570701,1
Orthopoxvirus,prot_t5_xl_half_uniref50-enc,,full,1,1,0.65537024,1
Orthopoxvirus,prot_t5_xl_half_uniref50-enc,,full,1,1,0.6546544,1
Orthopoxvirus,prot_t5_xl_half_uniref50-enc,,full,1,1,0.65631574,1
Orthopoxvirus,prot_t5_xl_half_uniref50-enc,,full,1,1,0.65541846,1
Orthopoxvirus,prot_t5_xl_half_uniref50-enc,,full,1,1,0.6580593,1
Orthopoxvirus,prot_t5_xl_half_uniref50-enc,,full,1,1,0.6565535,1
Orthopoxvirus,prot_t5_xl_half_uniref50-enc,,full,1,1,0.65792423,1
Orthopoxvirus,prot_t5_xl_half_uniref50-enc,,full,1,1,0.6546532,1
Orthopoxvirus,prot_t5_xl_half_uniref50-enc,,full,1,1,0.65608287,1
Orthopoxvirus,prot_t5_xl_half_uniref50-enc,,full,1,1,0.65678525,1
Orthopoxvirus,prot_t5_xl_half_uniref50-enc,,full,1,1,0.6609387,1
Orthopoxvirus,prot_t5_xl_half_uniref50-enc,,full,1,1,0.653758,1
Orthopoxvirus,prot_t5_xl_half_uniref50-enc,,full,1,1,0.6521975,1
Orthopoxvirus,prot_t5_xl_half_uniref50-enc,,full,1,1,0.6516481,1
Orthopoxvirus,prot_t5_xl_half_uniref50-enc,,full,1,1,0.6512591,1
Orthopoxvirus,prot_t5_xl_half_uniref50-enc,,full,1,1,0.65220255,1
Orthopoxvirus,prot_t5_xl_half_uniref50-enc,,full,1,1,0.65725756,1
Orthopoxvirus,prot_t5_xl_half_uniref50-enc,,full,1,1,0.655956,1
Orthopoxvirus,prot_t5_xl_half_uniref50-enc,,full,1,1,0.65357256,1
Orthopoxvirus,prot_t5_xl_half_uniref50-enc,,full,1,1,0.65286034,1
Orthopoxvirus,prot_t5_xl_half_uniref50-enc,,full,1,1,0.6521842,1
Orthopoxvirus,prot_t5_xl_half_uniref50-enc,,full,1,1,0.65390044,1
Orthopoxvirus,prot_t5_xl_half_uniref50-enc,,full,1,1,0.65347093,1
Orthopoxvirus,prot_t5_xl_half_uniref50-enc,,full,1,1,0.653152,1
Orthopoxvirus,prot_t5_xl_half_uniref50-enc,,full,1,1,0.6516421,1
Orthopoxvirus,prot_t5_xl_half_uniref50-enc,,full,1,1,0.6534149,1
Orthopoxvirus,prot_t5_xl_half_uniref50-enc,,full,1,1,0.6521354,1
Orthopoxvirus,prot_t5_xl_half_uniref50-enc,,full,1,1,0.65328896,1
Orthopoxvirus,prot_t5_xl_half_uniref50-enc,,full,1,1,0.6558146,1
Orthopoxvirus,prot_t5_xl_half_uniref50-enc,,full,1,1,0.6531613,1
Orthopoxvirus,prot_t5_xl_half_uniref50-enc,,full,1,1,0.6557154,1
Orthopoxvirus,prot_t5_xl_half_uniref50-enc,,full,1,1,0.6536172,1
Orthopoxvirus,prot_t5_xl_half_uniref50-enc,,full,1,1,0.65196365,1
Orthopoxvirus,prot_t5_xl_half_uniref50-enc,,full,1,1,0.65266955,1
Orthopoxvirus,prot_t5_xl_half_uniref50-enc,,full,1,1,0.6711055,1
Orthopoxvirus,prot_t5_xl_half_uniref50-enc,,full,1,1,0.7531602,1
Orthopoxvirus,prot_t5_xl_half_uniref50-enc,,full,1,1,0.7415495,1
Orthopoxvirus,prot_t5_xl_half_uniref50-enc,,full,1,1,0.6827313,1
Orthopoxvirus,prot_t5_xl_half_uniref50-enc,,full,1,1,0.70954466,1
Orthopoxvirus,prot_t5_xl_half_uniref50-enc,,full,1,1,0.6968246,1
Orthopoxvirus,prot_t5_xl_half_uniref50-enc,,full,1,1,0.7136725,1
Orthopoxvirus,prot_t5_xl_half_uniref50-enc,,full,1,1,0.727625,1
Orthopoxvirus,prot_t5_xl_half_uniref50-enc,,full,1,1,0.71260244,1
Orthopoxvirus,prot_t5_xl_half_uniref50-enc,,full,1,1,0.68995875,1
Orthopoxvirus,prot_t5_xl_half_uniref50-enc,,full,1,1,0.72841746,1
Orthopoxvirus,prot_t5_xl_half_uniref50-enc,,full,1,1,0.71271086,1
Orthopoxvirus,prot_t5_xl_half_uniref50-enc,,full,1,0,0.73387736,1
Orthopoxvirus,prot_t5_xl_half_uniref50-enc,,full,1,0,0.70707643,1
Orthopoxvirus,prot_t5_xl_half_uniref50-enc,,full,1,0,0.728757,1
Orthopoxvirus,prot_t5_xl_half_uniref50-enc,,full,1,0,0.78135437,1
Orthopoxvirus,prot_t5_xl_half_uniref50-enc,,full,1,0,0.68103343,1
Orthopoxvirus,prot_t5_xl_half_uniref50-enc,,full,1,0,0.70320237,1
Orthopoxvirus,prot_t5_xl_half_uniref50-enc,,full,1,0,0.7410768,1
Orthopoxvirus,prot_t5_xl_half_uniref50-enc,,full,1,0,0.7225867,1
Orthopoxvirus,prot_t5_xl_half_uniref50-enc,,full,1,0,0.73401123,1
Orthopoxvirus,prot_t5_xl_half_uniref50-enc,,full,1,0,0.7817121,1
Orthopoxvirus,prot_t5_xl_half_uniref50-enc,,full,1,0,0.7743582,1
Orthopoxvirus,prot_t5_xl_half_uniref50-enc,,full,1,0,0.71649414,1
Orthopoxvirus,prot_t5_xl_half_uniref50-enc,,full,1,0,0.7816874,1
Orthopoxvirus,prot_t5_xl_half_uniref50-enc,,full,1,0,0.7308703,1
Orthopoxvirus,prot_t5_xl_half_uniref50-enc,,full,1,0,0.7715012,1
Orthopoxvirus,prot_t5_xl_half_uniref50-enc,,full,1,1,0.751883,1
Orthopoxvirus,prot_t5_xl_half_uniref50-enc,,full,1,1,0.7735207,1
Orthopoxvirus,prot_t5_xl_half_uniref50-enc,,full,1,1,0.7072379,1
Orthopoxvirus,prot_t5_xl_half_uniref50-enc,,full,1,1,0.77013296,1
Orthopoxvirus,prot_t5_xl_half_uniref50-enc,,full,1,1,0.71535337,1
Orthopoxvirus,prot_t5_xl_half_uniref50-enc,,full,1,1,0.78244174,1
Orthopoxvirus,prot_t5_xl_half_uniref50-enc,,full,1,1,0.75194305,1
Orthopoxvirus,prot_t5_xl_half_uniref50-enc,,full,1,1,0.750181,1
Orthopoxvirus,prot_t5_xl_half_uniref50-enc,,full,1,1,0.7087995,1
Orthopoxvirus,prot_t5_xl_half_uniref50-enc,,full,1,1,0.74675715,1
Orthopoxvirus,prot_t5_xl_half_uniref50-enc,,full,1,1,0.73115546,1
Orthopoxvirus,prot_t5_xl_half_uniref50-enc,,full,1,1,0.75588244,1
Orthopoxvirus,prot_t5_xl_half_uniref50-enc,,full,1,1,0.7795622,1
Orthopoxvirus,prot_t5_xl_half_uniref50-enc,,full,1,1,0.7705077,1
Orthopoxvirus,prot_t5_xl_half_uniref50-enc,,full,1,1,0.75786245,1
Orthopoxvirus,prot_t5_xl_half_uniref50-enc,,full,1,0,0.7747809,1
Orthopoxvirus,prot_t5_xl_half_uniref50-enc,,full,1,0,0.75653327,1
Orthopoxvirus,prot_t5_xl_half_uniref50-enc,,full,1,0,0.78555965,1
Orthopoxvirus,prot_t5_xl_half_uniref50-enc,,full,1,0,0.78239906,1
Orthopoxvirus,prot_t5_xl_half_uniref50-enc,,full,1,0,0.7312479,1
Orthopoxvirus,prot_t5_xl_half_uniref50-enc,,full,1,0,0.7789405,1
Orthopoxvirus,prot_t5_xl_half_uniref50-enc,,full,1,0,0.74138874,1
Orthopoxvirus,prot_t5_xl_half_uniref50-enc,,full,1,0,0.7375674,1
Orthopoxvirus,prot_t5_xl_half_uniref50-enc,,full,1,0,0.7352658,1
Orthopoxvirus,prot_t5_xl_half_uniref50-enc,,full,1,0,0.7207799,1
Orthopoxvirus,prot_t5_xl_half_uniref50-enc,,full,1,0,0.73675066,1
Orthopoxvirus,prot_t5_xl_half_uniref50-enc,,full,1,0,0.77748114,1
Orthopoxvirus,prot_t5_xl_half_uniref50-enc,,full,1,0,0.74955404,1
Orthopoxvirus,prot_t5_xl_half_uniref50-enc,,full,1,0,0.75068974,1
Orthopoxvirus,prot_t5_xl_half_uniref50-enc,,full,1,0,0.7388847,1
Orthopoxvirus,prot_t5_xl_half_uniref50-enc,,full,1,0,0.65840197,1
Orthopoxvirus,prot_t5_xl_half_uniref50-enc,,full,1,0,0.7399356,1
Orthopoxvirus,prot_t5_xl_half_uniref50-enc,,full,1,0,0.7727303,1
Orthopoxvirus,prot_t5_xl_half_uniref50-enc,,full,1,0,0.7425195,1
Orthopoxvirus,prot_t5_xl_half_uniref50-enc,,full,1,0,0.77474004,1
Orthopoxvirus,prot_t5_xl_half_uniref50-enc,,full,1,0,0.7621533,1
Orthopoxvirus,prot_t5_xl_half_uniref50-enc,,full,1,0,0.69715476,1
Orthopoxvirus,prot_t5_xl_half_uniref50-enc,,full,1,0,0.7301068,1
Orthopoxvirus,prot_t5_xl_half_uniref50-enc,,full,1,0,0.75140595,1
Orthopoxvirus,prot_t5_xl_half_uniref50-enc,,full,1,0,0.74275607,1
Orthopoxvirus,prot_t5_xl_half_uniref50-enc,,full,1,1,0.75728035,1
Orthopoxvirus,prot_t5_xl_half_uniref50-enc,,full,1,1,0.7511173,1
Orthopoxvirus,prot_t5_xl_half_uniref50-enc,,full,1,1,0.7828401,1
Orthopoxvirus,prot_t5_xl_half_uniref50-enc,,full,1,1,0.75267595,1
Orthopoxvirus,prot_t5_xl_half_uniref50-enc,,full,1,1,0.73399204,1
Orthopoxvirus,prot_t5_xl_half_uniref50-enc,,full,1,0,0.745872,1
Orthopoxvirus,prot_t5_xl_half_uniref50-enc,,full,1,0,0.7772782,1
Orthopoxvirus,prot_t5_xl_half_uniref50-enc,,full,1,0,0.7438056,1
Orthopoxvirus,prot_t5_xl_half_uniref50-enc,,full,1,0,0.7536497,1
Orthopoxvirus,prot_t5_xl_half_uniref50-enc,,full,1,0,0.7600537,1
Orthopoxvirus,prot_t5_xl_half_uniref50-enc,,full,1,0,0.71070033,1
Orthopoxvirus,prot_t5_xl_half_uniref50-enc,,full,1,0,0.73591864,1
Orthopoxvirus,prot_t5_xl_half_uniref50-enc,,full,1,0,0.7284252,1
Orthopoxvirus,prot_t5_xl_half_uniref50-enc,,full,1,0,0.75952667,1
Orthopoxvirus,prot_t5_xl_half_uniref50-enc,,full,1,0,0.7834929,1
Orthopoxvirus,prot_t5_xl_half_uniref50-enc,,full,1,0,0.72605807,1
Orthopoxvirus,prot_t5_xl_half_uniref50-enc,,full,1,0,0.73069274,1
Orthopoxvirus,prot_t5_xl_half_uniref50-enc,,full,1,0,0.7857332,1
Orthopoxvirus,prot_t5_xl_half_uniref50-enc,,full,1,0,0.7852145,1
Orthopoxvirus,prot_t5_xl_half_uniref50-enc,,full,1,0,0.7638079,1
Orthopoxvirus,prot_t5_xl_half_uniref50-enc,,full,1,1,0.76231563,1
Orthopoxvirus,prot_t5_xl_half_uniref50-enc,,full,1,1,0.7749987,1
Orthopoxvirus,prot_t5_xl_half_uniref50-enc,,full,1,1,0.7588994,1
Orthopoxvirus,prot_t5_xl_half_uniref50-enc,,full,1,1,0.7761257,1
Orthopoxvirus,prot_t5_xl_half_uniref50-enc,,full,1,1,0.7629416,1
Orthopoxvirus,prot_t5_xl_half_uniref50-enc,,full,1,0,0.7210016,1
Orthopoxvirus,prot_t5_xl_half_uniref50-enc,,full,1,0,0.766553,1
Orthopoxvirus,prot_t5_xl_half_uniref50-enc,,full,1,0,0.75558746,1
Orthopoxvirus,prot_t5_xl_half_uniref50-enc,,full,1,0,0.70520276,1
Orthopoxvirus,prot_t5_xl_half_uniref50-enc,,full,1,0,0.76983684,1
Orthopoxvirus,prot_t5_xl_half_uniref50-enc,,full,1,0,0.6933864,1
Orthopoxvirus,prot_t5_xl_half_uniref50-enc,,full,1,0,0.77761996,1
Orthopoxvirus,prot_t5_xl_half_uniref50-enc,,full,1,0,0.72995096,1
Orthopoxvirus,prot_t5_xl_half_uniref50-enc,,full,1,0,0.724011,1
Orthopoxvirus,prot_t5_xl_half_uniref50-enc,,full,1,0,0.7718858,1
Orthopoxvirus,prot_t5_xl_half_uniref50-enc,,full,1,0,0.7215178,1
Orthopoxvirus,prot_t5_xl_half_uniref50-enc,,full,1,0,0.74663347,1
Orthopoxvirus,prot_t5_xl_half_uniref50-enc,,full,1,0,0.76550853,1
Orthopoxvirus,prot_t5_xl_half_uniref50-enc,,full,1,0,0.7413304,1
Orthopoxvirus,prot_t5_xl_half_uniref50-enc,,full,1,0,0.71091443,1
Orthopoxvirus,prot_t5_xl_half_uniref50-enc,,full,1,0,0.78063685,1
Orthopoxvirus,prot_t5_xl_half_uniref50-enc,,full,1,0,0.76713294,1
Orthopoxvirus,prot_t5_xl_half_uniref50-enc,,full,1,0,0.77914697,1
Orthopoxvirus,prot_t5_xl_half_uniref50-enc,,full,1,0,0.75053793,1
Orthopoxvirus,prot_t5_xl_half_uniref50-enc,,full,1,0,0.76838076,1
Orthopoxvirus,prot_t5_xl_half_uniref50-enc,,full,1,0,0.75043994,1
Orthopoxvirus,prot_t5_xl_half_uniref50-enc,,full,1,0,0.69499767,1
Orthopoxvirus,prot_t5_xl_half_uniref50-enc,,full,1,0,0.68913436,1
Orthopoxvirus,prot_t5_xl_half_uniref50-enc,,full,1,0,0.75826114,1
Orthopoxvirus,prot_t5_xl_half_uniref50-enc,,full,1,0,0.779801,1
Orthopoxvirus,prot_t5_xl_half_uniref50-enc,,full,1,0,0.73771787,1
Orthopoxvirus,prot_t5_xl_half_uniref50-enc,,full,1,0,0.7468156,1
Orthopoxvirus,prot_t5_xl_half_uniref50-enc,,full,1,0,0.74533516,1
Orthopoxvirus,prot_t5_xl_half_uniref50-enc,,full,1,0,0.7118339,1
Orthopoxvirus,prot_t5_xl_half_uniref50-enc,,full,1,0,0.75332564,1
Orthopoxvirus,prot_t5_xl_half_uniref50-enc,,full,1,0,0.7521857,1
Orthopoxvirus,prot_t5_xl_half_uniref50-enc,,full,1,0,0.7657043,1
Orthopoxvirus,prot_t5_xl_half_uniref50-enc,,full,1,0,0.74388635,1
Orthopoxvirus,prot_t5_xl_half_uniref50-enc,,full,1,0,0.7825297,1
Orthopoxvirus,prot_t5_xl_half_uniref50-enc,,full,1,0,0.7560186,1
Orthopoxvirus,prot_t5_xl_half_uniref50-enc,,full,1,1,0.6376385,1
Orthopoxvirus,prot_t5_xl_half_uniref50-enc,,full,1,1,0.6395046,1
Orthopoxvirus,prot_t5_xl_half_uniref50-enc,,full,1,1,0.63932467,1
Orthopoxvirus,prot_t5_xl_half_uniref50-enc,,full,1,1,0.63893354,1
Orthopoxvirus,prot_t5_xl_half_uniref50-enc,,full,1,1,0.6370808,1
Orthopoxvirus,prot_t5_xl_half_uniref50-enc,,full,1,1,0.6380202,1
Orthopoxvirus,prot_t5_xl_half_uniref50-enc,,full,1,1,0.63780695,1
Orthopoxvirus,prot_t5_xl_half_uniref50-enc,,full,1,1,0.63703316,1
Orthopoxvirus,prot_t5_xl_half_uniref50-enc,,full,1,1,0.63843936,1
Orthopoxvirus,prot_t5_xl_half_uniref50-enc,,full,1,1,0.7653875,1
Orthopoxvirus,prot_t5_xl_half_uniref50-enc,,full,1,1,0.74649847,1
Orthopoxvirus,prot_t5_xl_half_uniref50-enc,,full,1,1,0.6547163,1
Orthopoxvirus,prot_t5_xl_half_uniref50-enc,,full,1,1,0.653321,1
Orthopoxvirus,prot_t5_xl_half_uniref50-enc,,full,1,1,0.65233684,1
Orthopoxvirus,prot_t5_xl_half_uniref50-enc,,full,1,1,0.6522335,1
Orthopoxvirus,prot_t5_xl_half_uniref50-enc,,full,1,1,0.65140426,1
Orthopoxvirus,prot_t5_xl_half_uniref50-enc,,full,1,1,0.64878637,1
Orthopoxvirus,prot_t5_xl_half_uniref50-enc,,full,1,1,0.66158384,1
Orthopoxvirus,prot_t5_xl_half_uniref50-enc,,full,1,1,0.64980274,1
Orthopoxvirus,prot_t5_xl_half_uniref50-enc,,full,1,1,0.6493966,1
Orthopoxvirus,prot_t5_xl_half_uniref50-enc,,full,1,1,0.6495232,1
Orthopoxvirus,prot_t5_xl_half_uniref50-enc,,full,1,1,0.6498414,1
Orthopoxvirus,prot_t5_xl_half_uniref50-enc,,full,1,1,0.64900243,1
Orthopoxvirus,prot_t5_xl_half_uniref50-enc,,full,1,1,0.6943721,1
Orthopoxvirus,prot_t5_xl_half_uniref50-enc,,full,1,1,0.6508378,1
Orthopoxvirus,prot_t5_xl_half_uniref50-enc,,full,1,1,0.65023667,1
Orthopoxvirus,prot_t5_xl_half_uniref50-enc,,full,1,1,0.69261295,1
Orthopoxvirus,prot_t5_xl_half_uniref50-enc,,full,1,1,0.7155332,1
Orthopoxvirus,prot_t5_xl_half_uniref50-enc,,full,1,1,0.6509102,1
Orthopoxvirus,prot_t5_xl_half_uniref50-enc,,full,1,1,0.6531928,1
Orthopoxvirus,prot_t5_xl_half_uniref50-enc,,full,1,1,0.6548303,1
Orthopoxvirus,prot_t5_xl_half_uniref50-enc,,full,1,1,0.65242976,1
Orthopoxvirus,prot_t5_xl_half_uniref50-enc,,full,1,1,0.653758,1
Orthopoxvirus,prot_t5_xl_half_uniref50-enc,,full,1,1,0.6521975,1
Orthopoxvirus,prot_t5_xl_half_uniref50-enc,,full,1,1,0.65164804,1
Orthopoxvirus,prot_t5_xl_half_uniref50-enc,,full,1,1,0.6512591,1
Orthopoxvirus,prot_t5_xl_half_uniref50-enc,,full,1,1,0.65220255,1
Orthopoxvirus,prot_t5_xl_half_uniref50-enc,,full,1,1,0.65725756,1
Orthopoxvirus,prot_t5_xl_half_uniref50-enc,,full,1,1,0.6559559,1
Orthopoxvirus,prot_t5_xl_half_uniref50-enc,,full,1,1,0.65357256,1
Orthopoxvirus,prot_t5_xl_half_uniref50-enc,,full,1,1,0.65286034,1
Orthopoxvirus,prot_t5_xl_half_uniref50-enc,,full,1,1,0.6531519,1
Orthopoxvirus,prot_t5_xl_half_uniref50-enc,,full,1,1,0.6516421,1
Orthopoxvirus,prot_t5_xl_half_uniref50-enc,,full,1,1,0.65341485,1
Orthopoxvirus,prot_t5_xl_half_uniref50-enc,,full,1,1,0.6521354,1
Orthopoxvirus,prot_t5_xl_half_uniref50-enc,,full,1,1,0.65328896,1
Orthopoxvirus,prot_t5_xl_half_uniref50-enc,,full,1,1,0.6558146,1
Orthopoxvirus,prot_t5_xl_half_uniref50-enc,,full,1,1,0.6531613,1
Orthopoxvirus,prot_t5_xl_half_uniref50-enc,,full,1,1,0.6557154,1
Orthopoxvirus,prot_t5_xl_half_uniref50-enc,,full,1,1,0.65361714,1
Orthopoxvirus,prot_t5_xl_half_uniref50-enc,,full,1,1,0.65196365,1
Orthopoxvirus,prot_t5_xl_half_uniref50-enc,,full,1,1,0.65266955,1
Orthopoxvirus,prot_t5_xl_half_uniref50-enc,,full,1,1,0.7653875,1
Orthopoxvirus,prot_t5_xl_half_uniref50-enc,,full,1,1,0.74649847,1
Orthopoxvirus,prot_t5_xl_half_uniref50-enc,,full,1,1,0.6547163,1
Orthopoxvirus,prot_t5_xl_half_uniref50-enc,,full,1,1,0.653321,1
Orthopoxvirus,prot_t5_xl_half_uniref50-enc,,full,1,1,0.65233684,1
Orthopoxvirus,prot_t5_xl_half_uniref50-enc,,full,1,1,0.6522335,1
Orthopoxvirus,prot_t5_xl_half_uniref50-enc,,full,1,1,0.65140426,1
Orthopoxvirus,prot_t5_xl_half_uniref50-enc,,full,1,1,0.64878637,1
Orthopoxvirus,prot_t5_xl_half_uniref50-enc,,full,1,1,0.66158384,1
Orthopoxvirus,prot_t5_xl_half_uniref50-enc,,full,1,1,0.64980274,1
Orthopoxvirus,prot_t5_xl_half_uniref50-enc,,full,1,1,0.6493966,1
Orthopoxvirus,prot_t5_xl_half_uniref50-enc,,full,1,1,0.6495232,1
Orthopoxvirus,prot_t5_xl_half_uniref50-enc,,full,1,1,0.6498414,1
Orthopoxvirus,prot_t5_xl_half_uniref50-enc,,full,1,1,0.64900243,1
Orthopoxvirus,prot_t5_xl_half_uniref50-enc,,full,1,1,0.6943721,1
Orthopoxvirus,prot_t5_xl_half_uniref50-enc,,full,1,1,0.6508378,1
Orthopoxvirus,prot_t5_xl_half_uniref50-enc,,full,1,0,0.65023667,1
Orthopoxvirus,prot_t5_xl_half_uniref50-enc,,full,1,0,0.69261295,1
Orthopoxvirus,prot_t5_xl_half_uniref50-enc,,full,1,0,0.7155332,1
Orthopoxvirus,prot_t5_xl_half_uniref50-enc,,full,1,0,0.6509102,1
Orthopoxvirus,prot_t5_xl_half_uniref50-enc,,full,1,0,0.65176046,1
Orthopoxvirus,prot_t5_xl_half_uniref50-enc,,full,1,0,0.6505087,1
Orthopoxvirus,prot_t5_xl_half_uniref50-enc,,full,1,0,0.650846,1
Orthopoxvirus,prot_t5_xl_half_uniref50-enc,,full,1,0,0.65108865,1
Orthopoxvirus,prot_t5_xl_half_uniref50-enc,,full,1,0,0.6519089,1
Orthopoxvirus,prot_t5_xl_half_uniref50-enc,,full,1,0,0.6518775,1
Orthopoxvirus,prot_t5_xl_half_uniref50-enc,,full,1,0,0.6499807,1
Orthopoxvirus,prot_t5_xl_half_uniref50-enc,,full,1,0,0.6535048,1
Orthopoxvirus,prot_t5_xl_half_uniref50-enc,,full,1,0,0.6561625,1
Orthopoxvirus,prot_t5_xl_half_uniref50-enc,,full,1,0,0.65902007,1
Orthopoxvirus,prot_t5_xl_half_uniref50-enc,,full,1,0,0.65695775,1
Orthopoxvirus,prot_t5_xl_half_uniref50-enc,,full,1,0,0.6569171,1
Orthopoxvirus,prot_t5_xl_half_uniref50-enc,,full,1,0,0.6562553,1
Orthopoxvirus,prot_t5_xl_half_uniref50-enc,,full,1,0,0.65513515,1
Orthopoxvirus,prot_t5_xl_half_uniref50-enc,,full,1,0,0.6570701,1
Orthopoxvirus,prot_t5_xl_half_uniref50-enc,,full,1,0,0.65537024,1
Orthopoxvirus,prot_t5_xl_half_uniref50-enc,,full,1,0,0.6546544,1
Orthopoxvirus,prot_t5_xl_half_uniref50-enc,,full,1,0,0.65631574,1
Orthopoxvirus,prot_t5_xl_half_uniref50-enc,,full,1,0,0.65541846,1
Orthopoxvirus,prot_t5_xl_half_uniref50-enc,,full,1,0,0.6580593,1
Orthopoxvirus,prot_t5_xl_half_uniref50-enc,,full,1,0,0.65655345,1
Orthopoxvirus,prot_t5_xl_half_uniref50-enc,,full,1,0,0.65792423,1
Orthopoxvirus,prot_t5_xl_half_uniref50-enc,,full,1,0,0.65465313,1
Orthopoxvirus,prot_t5_xl_half_uniref50-enc,,full,1,0,0.65608287,1
Orthopoxvirus,prot_t5_xl_half_uniref50-enc,,full,1,0,0.65678525,1
Orthopoxvirus,prot_t5_xl_half_uniref50-enc,,full,1,0,0.6609387,1
Orthopoxvirus,prot_t5_xl_half_uniref50-enc,,full,1,0,0.6560709,1
Orthopoxvirus,prot_t5_xl_half_uniref50-enc,,full,1,0,0.6438857,1
Orthopoxvirus,prot_t5_xl_half_uniref50-enc,,full,1,0,0.63987756,1
Orthopoxvirus,prot_t5_xl_half_uniref50-enc,,full,1,0,0.6980023,1
Orthopoxvirus,prot_t5_xl_half_uniref50-enc,,full,1,0,0.67872924,1
Orthopoxvirus,prot_t5_xl_half_uniref50-enc,,full,1,0,0.6181497,1
Orthopoxvirus,prot_t5_xl_half_uniref50-enc,,full,1,0,0.7730551,1
Orthopoxvirus,prot_t5_xl_half_uniref50-enc,,full,1,0,0.70938224,1
Orthopoxvirus,prot_t5_xl_half_uniref50-enc,,full,1,1,0.7018563,1
Orthopoxvirus,prot_t5_xl_half_uniref50-enc,,full,1,1,0.7523164,1
Orthopoxvirus,prot_t5_xl_half_uniref50-enc,,full,1,1,0.7447536,1
Orthopoxvirus,prot_t5_xl_half_uniref50-enc,,full,1,1,0.74891824,1
Orthopoxvirus,prot_t5_xl_half_uniref50-enc,,full,1,1,0.7675426,1
Orthopoxvirus,prot_t5_xl_half_uniref50-enc,,full,1,1,0.71564925,1
Orthopoxvirus,prot_t5_xl_half_uniref50-enc,,full,1,1,0.7236769,1
Orthopoxvirus,prot_t5_xl_half_uniref50-enc,,full,1,1,0.7112281,1
Orthopoxvirus,prot_t5_xl_half_uniref50-enc,,full,1,1,0.70281357,1
Orthopoxvirus,prot_t5_xl_half_uniref50-enc,,full,1,1,0.77092063,1
Orthopoxvirus,prot_t5_xl_half_uniref50-enc,,full,1,1,0.7505022,1
Orthopoxvirus,prot_t5_xl_half_uniref50-enc,,full,1,1,0.7473308,1
Orthopoxvirus,prot_t5_xl_half_uniref50-enc,,full,1,1,0.75943905,1
Orthopoxvirus,prot_t5_xl_half_uniref50-enc,,full,1,1,0.76336116,1
Orthopoxvirus,prot_t5_xl_half_uniref50-enc,,full,1,1,0.7621538,1
Orthopoxvirus,prot_t5_xl_half_uniref50-enc,,full,1,1,0.7608422,1
Orthopoxvirus,prot_t5_xl_half_uniref50-enc,,full,1,1,0.7203395,1
Orthopoxvirus,prot_t5_xl_half_uniref50-enc,,full,1,1,0.74438775,1
Orthopoxvirus,prot_t5_xl_half_uniref50-enc,,full,1,1,0.7379457,1
Orthopoxvirus,prot_t5_xl_half_uniref50-enc,,full,1,1,0.71812207,1
Orthopoxvirus,prot_t5_xl_half_uniref50-enc,,full,1,1,0.777339,1
Orthopoxvirus,prot_t5_xl_half_uniref50-enc,,full,1,1,0.74746805,1
Orthopoxvirus,prot_t5_xl_half_uniref50-enc,,full,1,1,0.7198082,1
Orthopoxvirus,prot_t5_xl_half_uniref50-enc,,full,1,1,0.76705754,1
Orthopoxvirus,prot_t5_xl_half_uniref50-enc,,full,1,1,0.75740635,1
Orthopoxvirus,prot_t5_xl_half_uniref50-enc,,full,1,1,0.7112085,1
Orthopoxvirus,prot_t5_xl_half_uniref50-enc,,full,1,1,0.7399037,1
Orthopoxvirus,prot_t5_xl_half_uniref50-enc,,full,1,1,0.739773,1
Orthopoxvirus,prot_t5_xl_half_uniref50-enc,,full,1,1,0.7403196,1
Orthopoxvirus,prot_t5_xl_half_uniref50-enc,,full,1,1,0.7430117,1
Orthopoxvirus,prot_t5_xl_half_uniref50-enc,,full,1,1,0.7388631,1
Orthopoxvirus,prot_t5_xl_half_uniref50-enc,,full,1,1,0.738416,1
Orthopoxvirus,prot_t5_xl_half_uniref50-enc,,full,1,1,0.7383363,1
Orthopoxvirus,prot_t5_xl_half_uniref50-enc,,full,1,1,0.738791,1
Orthopoxvirus,prot_t5_xl_half_uniref50-enc,,full,1,1,0.73871225,1
Orthopoxvirus,prot_t5_xl_half_uniref50-enc,,full,1,1,0.7380362,1
Orthopoxvirus,prot_t5_xl_half_uniref50-enc,,full,1,1,0.7404067,1
Orthopoxvirus,prot_t5_xl_half_uniref50-enc,,full,1,1,0.7363338,1
Orthopoxvirus,prot_t5_xl_half_uniref50-enc,,full,1,1,0.73954564,1
Orthopoxvirus,prot_t5_xl_half_uniref50-enc,,full,1,0,0.7394686,1
Orthopoxvirus,prot_t5_xl_half_uniref50-enc,,full,1,0,0.740354,1
Orthopoxvirus,prot_t5_xl_half_uniref50-enc,,full,1,0,0.7393029,1
Orthopoxvirus,prot_t5_xl_half_uniref50-enc,,full,1,0,0.7385305,1
Orthopoxvirus,prot_t5_xl_half_uniref50-enc,,full,1,0,0.73988163,1
Orthopoxvirus,prot_t5_xl_half_uniref50-enc,,full,1,0,0.7395998,1
Orthopoxvirus,prot_t5_xl_half_uniref50-enc,,full,1,1,0.73949444,1
Orthopoxvirus,prot_t5_xl_half_uniref50-enc,,full,1,1,0.73950374,1
Orthopoxvirus,prot_t5_xl_half_uniref50-enc,,full,1,1,0.73939097,1
Orthopoxvirus,prot_t5_xl_half_uniref50-enc,,full,1,1,0.7394946,1
Orthopoxvirus,prot_t5_xl_half_uniref50-enc,,full,1,1,0.73909223,1
Orthopoxvirus,prot_t5_xl_half_uniref50-enc,,full,1,1,0.740018,1
Orthopoxvirus,prot_t5_xl_half_uniref50-enc,,full,1,1,0.73978436,1
Orthopoxvirus,prot_t5_xl_half_uniref50-enc,,full,1,1,0.7405661,1
Orthopoxvirus,prot_t5_xl_half_uniref50-enc,,full,1,1,0.7398104,1
Orthopoxvirus,prot_t5_xl_half_uniref50-enc,,full,1,1,0.7390732,1
Orthopoxvirus,prot_t5_xl_half_uniref50-enc,,full,1,1,0.73843133,1
Orthopoxvirus,prot_t5_xl_half_uniref50-enc,,full,1,1,0.73930794,1
Orthopoxvirus,prot_t5_xl_half_uniref50-enc,,full,1,1,0.73964584,1
Orthopoxvirus,prot_t5_xl_half_uniref50-enc,,full,1,1,0.740414,1
Orthopoxvirus,prot_t5_xl_half_uniref50-enc,,full,1,1,0.73960865,1
Orthopoxvirus,prot_t5_xl_half_uniref50-enc,,full,1,1,0.7377248,1
Orthopoxvirus,prot_t5_xl_half_uniref50-enc,,full,1,1,0.74056697,1
Orthopoxvirus,prot_t5_xl_half_uniref50-enc,,full,1,1,0.7396061,1
Orthopoxvirus,prot_t5_xl_half_uniref50-enc,,full,1,1,0.7386049,1
Orthopoxvirus,prot_t5_xl_half_uniref50-enc,,full,1,1,0.49517718,0
Orthopoxvirus,prot_t5_xl_half_uniref50-enc,,full,1,1,0.4981884,0
Orthopoxvirus,prot_t5_xl_half_uniref50-enc,,full,1,1,0.49578407,0
Orthopoxvirus,prot_t5_xl_half_uniref50-enc,,full,1,1,0.4964568,0
Orthopoxvirus,prot_t5_xl_half_uniref50-enc,,full,1,1,0.49278903,0
Orthopoxvirus,prot_t5_xl_half_uniref50-enc,,full,1,1,0.4946327,0
Orthopoxvirus,prot_t5_xl_half_uniref50-enc,,full,1,1,0.4957136,0
Orthopoxvirus,prot_t5_xl_half_uniref50-enc,,full,1,1,0.49247676,0
Orthopoxvirus,prot_t5_xl_half_uniref50-enc,,full,1,1,0.5755566,1
Orthopoxvirus,prot_t5_xl_half_uniref50-enc,,full,1,1,0.5135246,1
Orthopoxvirus,prot_t5_xl_half_uniref50-enc,,full,1,1,0.50105643,1
Orthopoxvirus,prot_t5_xl_half_uniref50-enc,,full,1,1,0.51990014,1
Orthopoxvirus,prot_t5_xl_half_uniref50-enc,,full,1,1,0.4942703,0
Orthopoxvirus,prot_t5_xl_half_uniref50-enc,,full,1,1,0.5012397,1
Orthopoxvirus,prot_t5_xl_half_uniref50-enc,,full,1,1,0.5010065,1
Orthopoxvirus,prot_t5_xl_half_uniref50-enc,,full,1,1,0.4920095,0
Orthopoxvirus,prot_t5_xl_half_uniref50-enc,,full,1,1,0.49701655,0
Orthopoxvirus,prot_t5_xl_half_uniref50-enc,,full,1,1,0.49244598,0
Orthopoxvirus,prot_t5_xl_half_uniref50-enc,,full,1,1,0.557485,1
Orthopoxvirus,prot_t5_xl_half_uniref50-enc,,full,1,1,0.65947884,1
Orthopoxvirus,prot_t5_xl_half_uniref50-enc,,full,1,1,0.6602487,1
Orthopoxvirus,prot_t5_xl_half_uniref50-enc,,full,1,1,0.6598973,1
Orthopoxvirus,prot_t5_xl_half_uniref50-enc,,full,1,1,0.6588865,1
Orthopoxvirus,prot_t5_xl_half_uniref50-enc,,full,1,1,0.6572292,1
Orthopoxvirus,prot_t5_xl_half_uniref50-enc,,full,1,1,0.65445024,1
Orthopoxvirus,prot_t5_xl_half_uniref50-enc,,full,1,1,0.65527505,1
Orthopoxvirus,prot_t5_xl_half_uniref50-enc,,full,1,1,0.6590013,1
Orthopoxvirus,prot_t5_xl_half_uniref50-enc,,full,1,1,0.65836924,1
Orthopoxvirus,prot_t5_xl_half_uniref50-enc,,full,1,1,0.6244831,1
Orthopoxvirus,prot_t5_xl_half_uniref50-enc,,full,1,1,0.73408383,1
Orthopoxvirus,prot_t5_xl_half_uniref50-enc,,full,1,1,0.7338417,1
Orthopoxvirus,prot_t5_xl_half_uniref50-enc,,full,1,1,0.73719406,1
Orthopoxvirus,prot_t5_xl_half_uniref50-enc,,full,1,1,0.7363643,1
Orthopoxvirus,prot_t5_xl_half_uniref50-enc,,full,1,1,0.73676246,1
Orthopoxvirus,prot_t5_xl_half_uniref50-enc,,full,1,1,0.73756135,1
Orthopoxvirus,prot_t5_xl_half_uniref50-enc,,full,1,1,0.73512655,1
Orthopoxvirus,prot_t5_xl_half_uniref50-enc,,full,1,1,0.7357844,1
Orthopoxvirus,prot_t5_xl_half_uniref50-enc,,full,1,1,0.7346204,1
Orthopoxvirus,prot_t5_xl_half_uniref50-enc,,full,1,1,0.7425454,1
Orthopoxvirus,prot_t5_xl_half_uniref50-enc,,full,1,1,0.7379522,1
Orthopoxvirus,prot_t5_xl_half_uniref50-enc,,full,1,1,0.73709905,1
Orthopoxvirus,prot_t5_xl_half_uniref50-enc,,full,1,1,0.73584473,1
Orthopoxvirus,prot_t5_xl_half_uniref50-enc,,full,1,1,0.7337094,1
Orthopoxvirus,prot_t5_xl_half_uniref50-enc,,full,1,1,0.741239,1
Orthopoxvirus,prot_t5_xl_half_uniref50-enc,,full,1,1,0.7379143,1
Orthopoxvirus,prot_t5_xl_half_uniref50-enc,,full,1,1,0.73761815,1
Orthopoxvirus,prot_t5_xl_half_uniref50-enc,,full,1,1,0.7376068,1
Orthopoxvirus,prot_t5_xl_half_uniref50-enc,,full,1,1,0.7375057,1
Orthopoxvirus,prot_t5_xl_half_uniref50-enc,,full,1,1,0.73848295,1
Orthopoxvirus,prot_t5_xl_half_uniref50-enc,,full,1,0,0.617807,1
Orthopoxvirus,prot_t5_xl_half_uniref50-enc,,full,1,0,0.6232571,1
Orthopoxvirus,prot_t5_xl_half_uniref50-enc,,full,1,0,0.6216515,1
Orthopoxvirus,prot_t5_xl_half_uniref50-enc,,full,1,0,0.60927474,1
Orthopoxvirus,prot_t5_xl_half_uniref50-enc,,full,1,0,0.6329904,1
Orthopoxvirus,prot_t5_xl_half_uniref50-enc,,full,1,0,0.6235986,1
Orthopoxvirus,prot_t5_xl_half_uniref50-enc,,full,1,0,0.63693,1
Orthopoxvirus,prot_t5_xl_half_uniref50-enc,,full,1,0,0.64113724,1
Orthopoxvirus,prot_t5_xl_half_uniref50-enc,,full,1,0,0.62347203,1
Orthopoxvirus,prot_t5_xl_half_uniref50-enc,,full,1,0,0.62429947,1
Orthopoxvirus,prot_t5_xl_half_uniref50-enc,,full,1,0,0.7830597,1
Orthopoxvirus,prot_t5_xl_half_uniref50-enc,,full,1,0,0.77923006,1
Orthopoxvirus,prot_t5_xl_half_uniref50-enc,,full,1,0,0.73385483,1
Orthopoxvirus,prot_t5_xl_half_uniref50-enc,,full,1,0,0.78322977,1
Orthopoxvirus,prot_t5_xl_half_uniref50-enc,,full,1,0,0.77713674,1
Orthopoxvirus,prot_t5_xl_half_uniref50-enc,,full,1,0,0.7569473,1
Orthopoxvirus,prot_t5_xl_half_uniref50-enc,,full,1,0,0.77633893,1
Orthopoxvirus,prot_t5_xl_half_uniref50-enc,,full,1,0,0.7616977,1
Orthopoxvirus,prot_t5_xl_half_uniref50-enc,,full,1,0,0.7597818,1
Orthopoxvirus,prot_t5_xl_half_uniref50-enc,,full,1,0,0.771246,1
Orthopoxvirus,prot_t5_xl_half_uniref50-enc,,full,1,0,0.76323646,1
Orthopoxvirus,prot_t5_xl_half_uniref50-enc,,full,1,0,0.7621253,1
Orthopoxvirus,prot_t5_xl_half_uniref50-enc,,full,1,0,0.7623231,1
Orthopoxvirus,prot_t5_xl_half_uniref50-enc,,full,1,0,0.7645631,1
Orthopoxvirus,prot_t5_xl_half_uniref50-enc,,full,1,0,0.76358056,1
Orthopoxvirus,prot_t5_xl_half_uniref50-enc,,full,1,0,0.76378983,1
Orthopoxvirus,prot_t5_xl_half_uniref50-enc,,full,1,0,0.76307064,1
Orthopoxvirus,prot_t5_xl_half_uniref50-enc,,full,1,0,0.76329625,1
Orthopoxvirus,prot_t5_xl_half_uniref50-enc,,full,1,0,0.764325,1
Orthopoxvirus,prot_t5_xl_half_uniref50-enc,,full,1,0,0.76369506,1
Orthopoxvirus,prot_t5_xl_half_uniref50-enc,,full,2,1,0.87891084,1
Orthopoxvirus,prot_t5_xl_half_uniref50-enc,,full,2,1,0.87930995,1
Orthopoxvirus,prot_t5_xl_half_uniref50-enc,,full,2,1,0.88082486,1
Orthopoxvirus,prot_t5_xl_half_uniref50-enc,,full,2,1,0.87882495,1
Orthopoxvirus,prot_t5_xl_half_uniref50-enc,,full,2,1,0.87872875,1
Orthopoxvirus,prot_t5_xl_half_uniref50-enc,,full,2,1,0.87932366,1
Orthopoxvirus,prot_t5_xl_half_uniref50-enc,,full,2,1,0.87878036,1
Orthopoxvirus,prot_t5_xl_half_uniref50-enc,,full,2,1,0.87904197,1
Orthopoxvirus,prot_t5_xl_half_uniref50-enc,,full,2,1,0.8793409,1
Orthopoxvirus,prot_t5_xl_half_uniref50-enc,,full,2,1,0.87931585,1
Orthopoxvirus,prot_t5_xl_half_uniref50-enc,,full,2,1,0.58626854,1
Orthopoxvirus,prot_t5_xl_half_uniref50-enc,,full,2,1,0.5901867,1
Orthopoxvirus,prot_t5_xl_half_uniref50-enc,,full,2,1,0.5926517,1
Orthopoxvirus,prot_t5_xl_half_uniref50-enc,,full,2,1,0.5908136,1
Orthopoxvirus,prot_t5_xl_half_uniref50-enc,,full,2,1,0.6107864,1
Orthopoxvirus,prot_t5_xl_half_uniref50-enc,,full,2,1,0.5877848,1
Orthopoxvirus,prot_t5_xl_half_uniref50-enc,,full,2,1,0.5902836,1
Orthopoxvirus,prot_t5_xl_half_uniref50-enc,,full,2,1,0.59364015,1
Orthopoxvirus,prot_t5_xl_half_uniref50-enc,,full,2,1,0.59038067,1
Orthopoxvirus,prot_t5_xl_half_uniref50-enc,,full,2,1,0.6039551,1
Orthopoxvirus,prot_t5_xl_half_uniref50-enc,,full,2,1,0.587013,1
Orthopoxvirus,prot_t5_xl_half_uniref50-enc,,full,2,1,0.58364254,1
Orthopoxvirus,prot_t5_xl_half_uniref50-enc,,full,2,1,0.58937925,1
Orthopoxvirus,prot_t5_xl_half_uniref50-enc,,full,2,1,0.5876188,1
Orthopoxvirus,prot_t5_xl_half_uniref50-enc,,full,2,1,0.5900943,1
Orthopoxvirus,prot_t5_xl_half_uniref50-enc,,full,2,1,0.5866641,1
Orthopoxvirus,prot_t5_xl_half_uniref50-enc,,full,2,1,0.5886961,1
Orthopoxvirus,prot_t5_xl_half_uniref50-enc,,full,2,1,0.5896959,1
Orthopoxvirus,prot_t5_xl_half_uniref50-enc,,full,2,1,0.60366,1
Orthopoxvirus,prot_t5_xl_half_uniref50-enc,,full,2,1,0.59712315,1
Orthopoxvirus,prot_t5_xl_half_uniref50-enc,,full,2,1,0.587602,1
Orthopoxvirus,prot_t5_xl_half_uniref50-enc,,full,2,1,0.5942298,1
Orthopoxvirus,prot_t5_xl_half_uniref50-enc,,full,2,1,0.5950248,1
Orthopoxvirus,prot_t5_xl_half_uniref50-enc,,full,2,1,0.58778936,1
Orthopoxvirus,prot_t5_xl_half_uniref50-enc,,full,2,1,0.60430527,1
Orthopoxvirus,prot_t5_xl_half_uniref50-enc,,full,2,1,0.6085127,1
Orthopoxvirus,prot_t5_xl_half_uniref50-enc,,full,2,1,0.5940798,1
Orthopoxvirus,prot_t5_xl_half_uniref50-enc,,full,2,1,0.59218806,1
Orthopoxvirus,prot_t5_xl_half_uniref50-enc,,full,2,1,0.5952087,1
Orthopoxvirus,prot_t5_xl_half_uniref50-enc,,full,2,1,0.60530716,1
Orthopoxvirus,prot_t5_xl_half_uniref50-enc,,full,2,1,0.6139859,1
Orthopoxvirus,prot_t5_xl_half_uniref50-enc,,full,2,1,0.58888775,1
Orthopoxvirus,prot_t5_xl_half_uniref50-enc,,full,2,1,0.58849174,1
Orthopoxvirus,prot_t5_xl_half_uniref50-enc,,full,2,1,0.58360976,1
Orthopoxvirus,prot_t5_xl_half_uniref50-enc,,full,2,1,0.6019216,1
Orthopoxvirus,prot_t5_xl_half_uniref50-enc,,full,2,1,0.592274,1
Orthopoxvirus,prot_t5_xl_half_uniref50-enc,,full,2,1,0.58923316,1
Orthopoxvirus,prot_t5_xl_half_uniref50-enc,,full,2,1,0.5862446,1
Orthopoxvirus,prot_t5_xl_half_uniref50-enc,,full,2,1,0.58942443,1
Orthopoxvirus,prot_t5_xl_half_uniref50-enc,,full,2,1,0.5869232,1
Orthopoxvirus,prot_t5_xl_half_uniref50-enc,,full,2,1,0.587737,1
Orthopoxvirus,prot_t5_xl_half_uniref50-enc,,full,2,1,0.59227556,1
Orthopoxvirus,prot_t5_xl_half_uniref50-enc,,full,2,1,0.58539945,1
Orthopoxvirus,prot_t5_xl_half_uniref50-enc,,full,2,1,0.59143513,1
Orthopoxvirus,prot_t5_xl_half_uniref50-enc,,full,2,1,0.7074441,1
Orthopoxvirus,prot_t5_xl_half_uniref50-enc,,full,2,1,0.74137414,1
Orthopoxvirus,prot_t5_xl_half_uniref50-enc,,full,2,1,0.7421776,1
Orthopoxvirus,prot_t5_xl_half_uniref50-enc,,full,2,1,0.7451197,1
Orthopoxvirus,prot_t5_xl_half_uniref50-enc,,full,2,1,0.73912895,1
Orthopoxvirus,prot_t5_xl_half_uniref50-enc,,full,2,1,0.6978766,1
Orthopoxvirus,prot_t5_xl_half_uniref50-enc,,full,2,1,0.7248777,1
Orthopoxvirus,prot_t5_xl_half_uniref50-enc,,full,2,1,0.7309885,1
Orthopoxvirus,prot_t5_xl_half_uniref50-enc,,full,2,1,0.7193823,1
Orthopoxvirus,prot_t5_xl_half_uniref50-enc,,full,2,1,0.7080142,1
Orthopoxvirus,prot_t5_xl_half_uniref50-enc,,full,2,1,0.6361199,1
Orthopoxvirus,prot_t5_xl_half_uniref50-enc,,full,2,1,0.5364984,1
Orthopoxvirus,prot_t5_xl_half_uniref50-enc,,full,2,1,0.59898674,1
Orthopoxvirus,prot_t5_xl_half_uniref50-enc,,full,2,1,0.53609407,1
Orthopoxvirus,prot_t5_xl_half_uniref50-enc,,full,2,1,0.5341624,1
Orthopoxvirus,prot_t5_xl_half_uniref50-enc,,full,2,1,0.55328834,1
Orthopoxvirus,prot_t5_xl_half_uniref50-enc,,full,2,1,0.61602026,1
Orthopoxvirus,prot_t5_xl_half_uniref50-enc,,full,2,1,0.53996277,1
Orthopoxvirus,prot_t5_xl_half_uniref50-enc,,full,2,1,0.58467793,1
Orthopoxvirus,prot_t5_xl_half_uniref50-enc,,full,2,1,0.58260584,1
Orthopoxvirus,prot_t5_xl_half_uniref50-enc,,full,2,1,0.6132089,1
Orthopoxvirus,prot_t5_xl_half_uniref50-enc,,full,2,1,0.54477,1
Orthopoxvirus,prot_t5_xl_half_uniref50-enc,,full,2,1,0.5861097,1
Orthopoxvirus,prot_t5_xl_half_uniref50-enc,,full,2,1,0.6558694,1
Orthopoxvirus,prot_t5_xl_half_uniref50-enc,,full,2,1,0.64472944,1
Orthopoxvirus,prot_t5_xl_half_uniref50-enc,,full,2,1,0.5356027,1
Orthopoxvirus,prot_t5_xl_half_uniref50-enc,,full,2,1,0.6754726,1
Orthopoxvirus,prot_t5_xl_half_uniref50-enc,,full,2,1,0.5979245,1
Orthopoxvirus,prot_t5_xl_half_uniref50-enc,,full,2,1,0.5987575,1
Orthopoxvirus,prot_t5_xl_half_uniref50-enc,,full,2,1,0.54819655,1
Orthopoxvirus,prot_t5_xl_half_uniref50-enc,,full,2,1,0.58085203,1
Orthopoxvirus,prot_t5_xl_half_uniref50-enc,,full,2,1,0.533309,1
Orthopoxvirus,prot_t5_xl_half_uniref50-enc,,full,2,1,0.53436357,1
Orthopoxvirus,prot_t5_xl_half_uniref50-enc,,full,2,1,0.53317773,1
Orthopoxvirus,prot_t5_xl_half_uniref50-enc,,full,2,1,0.5773306,1
Orthopoxvirus,prot_t5_xl_half_uniref50-enc,,full,2,1,0.6005421,1
Orthopoxvirus,prot_t5_xl_half_uniref50-enc,,full,2,1,0.58771265,1
Orthopoxvirus,prot_t5_xl_half_uniref50-enc,,full,2,1,0.686216,1
Orthopoxvirus,prot_t5_xl_half_uniref50-enc,,full,2,1,0.53229547,1
Orthopoxvirus,prot_t5_xl_half_uniref50-enc,,full,2,1,0.53613913,1
Orthopoxvirus,prot_t5_xl_half_uniref50-enc,,full,2,1,0.53939754,1
Orthopoxvirus,prot_t5_xl_half_uniref50-enc,,full,2,1,0.5369163,1
Orthopoxvirus,prot_t5_xl_half_uniref50-enc,,full,2,1,0.53952175,1
Orthopoxvirus,prot_t5_xl_half_uniref50-enc,,full,2,1,0.54020834,1
Orthopoxvirus,prot_t5_xl_half_uniref50-enc,,full,2,1,0.54046476,1
Orthopoxvirus,prot_t5_xl_half_uniref50-enc,,full,2,1,0.53982747,1
Orthopoxvirus,prot_t5_xl_half_uniref50-enc,,full,2,1,0.54242414,1
Orthopoxvirus,prot_t5_xl_half_uniref50-enc,,full,2,1,0.53822726,1
Orthopoxvirus,prot_t5_xl_half_uniref50-enc,,full,2,1,0.5414347,1
Orthopoxvirus,prot_t5_xl_half_uniref50-enc,,full,2,1,0.69134754,1
Orthopoxvirus,prot_t5_xl_half_uniref50-enc,,full,2,1,0.69995636,1
Orthopoxvirus,prot_t5_xl_half_uniref50-enc,,full,2,1,0.7259838,1
Orthopoxvirus,prot_t5_xl_half_uniref50-enc,,full,2,1,0.69884604,1
Orthopoxvirus,prot_t5_xl_half_uniref50-enc,,full,2,1,0.7066821,1
Orthopoxvirus,prot_t5_xl_half_uniref50-enc,,full,2,1,0.7023342,1
Orthopoxvirus,prot_t5_xl_half_uniref50-enc,,full,2,1,0.6894934,1
Orthopoxvirus,prot_t5_xl_half_uniref50-enc,,full,2,1,0.6878722,1
Orthopoxvirus,prot_t5_xl_half_uniref50-enc,,full,2,1,0.68993884,1
Orthopoxvirus,prot_t5_xl_half_uniref50-enc,,full,2,1,0.68124753,1
Orthopoxvirus,prot_t5_xl_half_uniref50-enc,,full,2,1,0.6893615,1
Orthopoxvirus,prot_t5_xl_half_uniref50-enc,,full,2,1,0.6881033,1
Orthopoxvirus,prot_t5_xl_half_uniref50-enc,,full,2,1,0.6903297,1
Orthopoxvirus,prot_t5_xl_half_uniref50-enc,,full,2,1,0.6900838,1
Orthopoxvirus,prot_t5_xl_half_uniref50-enc,,full,2,1,0.7019873,1
Orthopoxvirus,prot_t5_xl_half_uniref50-enc,,full,2,1,0.7032676,1
Orthopoxvirus,prot_t5_xl_half_uniref50-enc,,full,2,1,0.7388416,1
Orthopoxvirus,prot_t5_xl_half_uniref50-enc,,full,2,1,0.74007785,1
Orthopoxvirus,prot_t5_xl_half_uniref50-enc,,full,2,1,0.7181894,1
Orthopoxvirus,prot_t5_xl_half_uniref50-enc,,full,2,1,0.72132325,1
Orthopoxvirus,prot_t5_xl_half_uniref50-enc,,full,2,1,0.72168857,1
Orthopoxvirus,prot_t5_xl_half_uniref50-enc,,full,2,1,0.7094078,1
Orthopoxvirus,prot_t5_xl_half_uniref50-enc,,full,2,1,0.7444416,1
Orthopoxvirus,prot_t5_xl_half_uniref50-enc,,full,2,1,0.70127666,1
Orthopoxvirus,prot_t5_xl_half_uniref50-enc,,full,2,1,0.72112554,1
Orthopoxvirus,prot_t5_xl_half_uniref50-enc,,full,2,1,0.7157823,1
Orthopoxvirus,prot_t5_xl_half_uniref50-enc,,full,2,1,0.7343573,1
Orthopoxvirus,prot_t5_xl_half_uniref50-enc,,full,2,1,0.7437266,1
Orthopoxvirus,prot_t5_xl_half_uniref50-enc,,full,2,1,0.7285222,1
Orthopoxvirus,prot_t5_xl_half_uniref50-enc,,full,2,1,0.7436331,1
Orthopoxvirus,prot_t5_xl_half_uniref50-enc,,full,2,1,0.742224,1
Orthopoxvirus,prot_t5_xl_half_uniref50-enc,,full,2,1,0.7433211,1
Orthopoxvirus,prot_t5_xl_half_uniref50-enc,,full,2,1,0.74210906,1
Orthopoxvirus,prot_t5_xl_half_uniref50-enc,,full,2,1,0.7425575,1
Orthopoxvirus,prot_t5_xl_half_uniref50-enc,,full,2,1,0.7361903,1
Orthopoxvirus,prot_t5_xl_half_uniref50-enc,,full,2,1,0.74389225,1
Orthopoxvirus,prot_t5_xl_half_uniref50-enc,,full,2,1,0.742095,1
Orthopoxvirus,prot_t5_xl_half_uniref50-enc,,full,2,1,0.74105114,1
Orthopoxvirus,prot_t5_xl_half_uniref50-enc,,full,2,1,0.7369528,1
Orthopoxvirus,prot_t5_xl_half_uniref50-enc,,full,2,1,0.7233372,1
Orthopoxvirus,prot_t5_xl_half_uniref50-enc,,full,2,1,0.71960706,1
Orthopoxvirus,prot_t5_xl_half_uniref50-enc,,full,2,1,0.70970726,1
Orthopoxvirus,prot_t5_xl_half_uniref50-enc,,full,2,1,0.7335862,1
Orthopoxvirus,prot_t5_xl_half_uniref50-enc,,full,2,1,0.71875125,1
Orthopoxvirus,prot_t5_xl_half_uniref50-enc,,full,2,1,0.71002764,1
Orthopoxvirus,prot_t5_xl_half_uniref50-enc,,full,2,1,0.7414448,1
Orthopoxvirus,prot_t5_xl_half_uniref50-enc,,full,2,1,0.7391361,1
Orthopoxvirus,prot_t5_xl_half_uniref50-enc,,full,2,1,0.7242039,1
Orthopoxvirus,prot_t5_xl_half_uniref50-enc,,full,2,1,0.7429266,1
Orthopoxvirus,prot_t5_xl_half_uniref50-enc,,full,2,1,0.7414022,1
Orthopoxvirus,prot_t5_xl_half_uniref50-enc,,full,2,1,0.7431715,1
Orthopoxvirus,prot_t5_xl_half_uniref50-enc,,full,2,1,0.7347129,1
Orthopoxvirus,prot_t5_xl_half_uniref50-enc,,full,2,1,0.66644686,1
Orthopoxvirus,prot_t5_xl_half_uniref50-enc,,full,2,1,0.71336055,1
Orthopoxvirus,prot_t5_xl_half_uniref50-enc,,full,2,1,0.704412,1
Orthopoxvirus,prot_t5_xl_half_uniref50-enc,,full,2,1,0.73467326,1
Orthopoxvirus,prot_t5_xl_half_uniref50-enc,,full,2,1,0.70241356,1
Orthopoxvirus,prot_t5_xl_half_uniref50-enc,,full,2,1,0.6825758,1
Orthopoxvirus,prot_t5_xl_half_uniref50-enc,,full,2,1,0.7011491,1
Orthopoxvirus,prot_t5_xl_half_uniref50-enc,,full,2,1,0.7102826,1
Orthopoxvirus,prot_t5_xl_half_uniref50-enc,,full,2,1,0.7181213,1
Orthopoxvirus,prot_t5_xl_half_uniref50-enc,,full,2,1,0.7023636,1
Orthopoxvirus,prot_t5_xl_half_uniref50-enc,,full,2,1,0.7379241,1
Orthopoxvirus,prot_t5_xl_half_uniref50-enc,,full,2,1,0.7365109,1
Orthopoxvirus,prot_t5_xl_half_uniref50-enc,,full,2,1,0.69442266,1
Orthopoxvirus,prot_t5_xl_half_uniref50-enc,,full,2,1,0.7213154,1
Orthopoxvirus,prot_t5_xl_half_uniref50-enc,,full,2,1,0.7075567,1
Orthopoxvirus,prot_t5_xl_half_uniref50-enc,,full,2,1,0.7314678,1
Orthopoxvirus,prot_t5_xl_half_uniref50-enc,,full,2,1,0.73394096,1
Orthopoxvirus,prot_t5_xl_half_uniref50-enc,,full,2,1,0.70206696,1
Orthopoxvirus,prot_t5_xl_half_uniref50-enc,,full,2,1,0.7213443,1
Orthopoxvirus,prot_t5_xl_half_uniref50-enc,,full,2,1,0.6935321,1
Orthopoxvirus,prot_t5_xl_half_uniref50-enc,,full,2,1,0.6714755,1
Orthopoxvirus,prot_t5_xl_half_uniref50-enc,,full,2,1,0.64827484,1
Orthopoxvirus,prot_t5_xl_half_uniref50-enc,,full,2,1,0.64682716,1
Orthopoxvirus,prot_t5_xl_half_uniref50-enc,,full,2,1,0.66777086,1
Orthopoxvirus,prot_t5_xl_half_uniref50-enc,,full,2,1,0.5514131,1
Orthopoxvirus,prot_t5_xl_half_uniref50-enc,,full,2,1,0.63960135,1
Orthopoxvirus,prot_t5_xl_half_uniref50-enc,,full,2,1,0.62192214,1
Orthopoxvirus,prot_t5_xl_half_uniref50-enc,,full,2,1,0.62768346,1
Orthopoxvirus,prot_t5_xl_half_uniref50-enc,,full,2,1,0.6031819,1
Orthopoxvirus,prot_t5_xl_half_uniref50-enc,,full,2,1,0.66865796,1
Orthopoxvirus,prot_t5_xl_half_uniref50-enc,,full,2,1,0.6659229,1
Orthopoxvirus,prot_t5_xl_half_uniref50-enc,,full,2,1,0.612819,1
Orthopoxvirus,prot_t5_xl_half_uniref50-enc,,full,2,1,0.62989944,1
Orthopoxvirus,prot_t5_xl_half_uniref50-enc,,full,2,1,0.6444043,1
Orthopoxvirus,prot_t5_xl_half_uniref50-enc,,full,2,1,0.6428907,1
Orthopoxvirus,prot_t5_xl_half_uniref50-enc,,full,2,1,0.64405394,1
Orthopoxvirus,prot_t5_xl_half_uniref50-enc,,full,2,1,0.66210645,1
Orthopoxvirus,prot_t5_xl_half_uniref50-enc,,full,2,1,0.6566741,1
Orthopoxvirus,prot_t5_xl_half_uniref50-enc,,full,2,1,0.6596105,1
Orthopoxvirus,prot_t5_xl_half_uniref50-enc,,full,2,1,0.6674518,1
Orthopoxvirus,prot_t5_xl_half_uniref50-enc,,full,2,1,0.6084765,1
Orthopoxvirus,prot_t5_xl_half_uniref50-enc,,full,2,1,0.576245,1
Orthopoxvirus,prot_t5_xl_half_uniref50-enc,,full,2,1,0.6938131,1
Orthopoxvirus,prot_t5_xl_half_uniref50-enc,,full,2,1,0.5508757,1
Orthopoxvirus,prot_t5_xl_half_uniref50-enc,,full,2,1,0.66117454,1
Orthopoxvirus,prot_t5_xl_half_uniref50-enc,,full,2,1,0.6769343,1
Orthopoxvirus,prot_t5_xl_half_uniref50-enc,,full,2,1,0.6489781,1
Orthopoxvirus,prot_t5_xl_half_uniref50-enc,,full,2,1,0.6497076,1
Orthopoxvirus,prot_t5_xl_half_uniref50-enc,,full,2,1,0.69455713,1
Orthopoxvirus,prot_t5_xl_half_uniref50-enc,,full,2,1,0.68150187,1
Orthopoxvirus,prot_t5_xl_half_uniref50-enc,,full,2,1,0.6241338,1
Orthopoxvirus,prot_t5_xl_half_uniref50-enc,,full,2,1,0.69128776,1
Orthopoxvirus,prot_t5_xl_half_uniref50-enc,,full,2,1,0.6837142,1
Orthopoxvirus,prot_t5_xl_half_uniref50-enc,,full,2,1,0.66569555,1
Orthopoxvirus,prot_t5_xl_half_uniref50-enc,,full,2,1,0.69063514,1
Orthopoxvirus,prot_t5_xl_half_uniref50-enc,,full,2,1,0.6212243,1
Orthopoxvirus,prot_t5_xl_half_uniref50-enc,,full,2,1,0.68734497,1
Orthopoxvirus,prot_t5_xl_half_uniref50-enc,,full,2,1,0.68838227,1
Orthopoxvirus,prot_t5_xl_half_uniref50-enc,,full,2,1,0.68565094,1
Orthopoxvirus,prot_t5_xl_half_uniref50-enc,,full,2,1,0.64924073,1
Orthopoxvirus,prot_t5_xl_half_uniref50-enc,,full,2,1,0.6699018,1
Orthopoxvirus,prot_t5_xl_half_uniref50-enc,,full,2,1,0.66500497,1
Orthopoxvirus,prot_t5_xl_half_uniref50-enc,,full,2,1,0.66082525,1
Orthopoxvirus,prot_t5_xl_half_uniref50-enc,,full,2,1,0.6652094,1
Orthopoxvirus,prot_t5_xl_half_uniref50-enc,,full,2,0,0.66371554,1
Orthopoxvirus,prot_t5_xl_half_uniref50-enc,,full,2,0,0.6693205,1
Orthopoxvirus,prot_t5_xl_half_uniref50-enc,,full,2,0,0.6455564,1
Orthopoxvirus,prot_t5_xl_half_uniref50-enc,,full,2,0,0.57254905,1
Orthopoxvirus,prot_t5_xl_half_uniref50-enc,,full,2,0,0.6456702,1
Orthopoxvirus,prot_t5_xl_half_uniref50-enc,,full,2,0,0.62042594,1
Orthopoxvirus,prot_t5_xl_half_uniref50-enc,,full,2,0,0.6697208,1
Orthopoxvirus,prot_t5_xl_half_uniref50-enc,,full,2,0,0.6683673,1
Orthopoxvirus,prot_t5_xl_half_uniref50-enc,,full,2,0,0.65965456,1
Orthopoxvirus,prot_t5_xl_half_uniref50-enc,,full,2,0,0.6468769,1
Orthopoxvirus,prot_t5_xl_half_uniref50-enc,,full,2,0,0.53807193,1
Orthopoxvirus,prot_t5_xl_half_uniref50-enc,,full,2,0,0.5893768,1
Orthopoxvirus,prot_t5_xl_half_uniref50-enc,,full,2,0,0.56702745,1
Orthopoxvirus,prot_t5_xl_half_uniref50-enc,,full,2,0,0.58560437,1
Orthopoxvirus,prot_t5_xl_half_uniref50-enc,,full,2,0,0.627845,1
Orthopoxvirus,prot_t5_xl_half_uniref50-enc,,full,2,0,0.5970109,1
Orthopoxvirus,prot_t5_xl_half_uniref50-enc,,full,2,0,0.60002905,1
Orthopoxvirus,prot_t5_xl_half_uniref50-enc,,full,2,0,0.5088871,1
Orthopoxvirus,prot_t5_xl_half_uniref50-enc,,full,2,0,0.51187634,1
Orthopoxvirus,prot_t5_xl_half_uniref50-enc,,full,2,0,0.5819664,1
Orthopoxvirus,prot_t5_xl_half_uniref50-enc,,full,2,0,0.50823146,1
Orthopoxvirus,prot_t5_xl_half_uniref50-enc,,full,2,0,0.64519197,1
Orthopoxvirus,prot_t5_xl_half_uniref50-enc,,full,2,0,0.5613371,1
Orthopoxvirus,prot_t5_xl_half_uniref50-enc,,full,2,0,0.5666304,1
Orthopoxvirus,prot_t5_xl_half_uniref50-enc,,full,2,0,0.55352813,1
Orthopoxvirus,prot_t5_xl_half_uniref50-enc,,full,2,0,0.61489797,1
Orthopoxvirus,prot_t5_xl_half_uniref50-enc,,full,2,0,0.5453233,1
Orthopoxvirus,prot_t5_xl_half_uniref50-enc,,full,2,0,0.6214341,1
Orthopoxvirus,prot_t5_xl_half_uniref50-enc,,full,2,0,0.6262692,1
Orthopoxvirus,prot_t5_xl_half_uniref50-enc,,full,2,0,0.60384536,1
Orthopoxvirus,prot_t5_xl_half_uniref50-enc,,full,2,0,0.53537065,1
Orthopoxvirus,prot_t5_xl_half_uniref50-enc,,full,2,0,0.5430702,1
Orthopoxvirus,prot_t5_xl_half_uniref50-enc,,full,2,0,0.53695345,1
Orthopoxvirus,prot_t5_xl_half_uniref50-enc,,full,2,0,0.59511787,1
Orthopoxvirus,prot_t5_xl_half_uniref50-enc,,full,2,0,0.57214636,1
Orthopoxvirus,prot_t5_xl_half_uniref50-enc,,full,2,0,0.5724208,1
Orthopoxvirus,prot_t5_xl_half_uniref50-enc,,full,2,0,0.62316674,1
Orthopoxvirus,prot_t5_xl_half_uniref50-enc,,full,2,0,0.6233859,1
Orthopoxvirus,prot_t5_xl_half_uniref50-enc,,full,2,0,0.5591223,1
Orthopoxvirus,prot_t5_xl_half_uniref50-enc,,full,2,0,0.66696787,1
Orthopoxvirus,prot_t5_xl_half_uniref50-enc,,full,2,0,0.6531151,1
Orthopoxvirus,prot_t5_xl_half_uniref50-enc,,full,2,0,0.6132833,1
Orthopoxvirus,prot_t5_xl_half_uniref50-enc,,full,2,0,0.616874,1
Orthopoxvirus,prot_t5_xl_half_uniref50-enc,,full,2,0,0.587894,1
Orthopoxvirus,prot_t5_xl_half_uniref50-enc,,full,2,0,0.5088,1
Orthopoxvirus,prot_t5_xl_half_uniref50-enc,,full,2,0,0.6500853,1
Orthopoxvirus,prot_t5_xl_half_uniref50-enc,,full,2,0,0.60016125,1
Orthopoxvirus,prot_t5_xl_half_uniref50-enc,,full,2,0,0.6009057,1
Orthopoxvirus,prot_t5_xl_half_uniref50-enc,,full,2,0,0.6678836,1
Orthopoxvirus,prot_t5_xl_half_uniref50-enc,,full,2,0,0.6628508,1
Orthopoxvirus,prot_t5_xl_half_uniref50-enc,,full,2,0,0.65143055,1
Orthopoxvirus,prot_t5_xl_half_uniref50-enc,,full,2,0,0.6570956,1
Orthopoxvirus,prot_t5_xl_half_uniref50-enc,,full,2,0,0.60646796,1
Orthopoxvirus,prot_t5_xl_half_uniref50-enc,,full,2,0,0.6318612,1
Orthopoxvirus,prot_t5_xl_half_uniref50-enc,,full,2,0,0.6632127,1
Orthopoxvirus,prot_t5_xl_half_uniref50-enc,,full,2,0,0.6661642,1
Orthopoxvirus,prot_t5_xl_half_uniref50-enc,,full,2,0,0.6591632,1
Orthopoxvirus,prot_t5_xl_half_uniref50-enc,,full,2,0,0.6623208,1
Orthopoxvirus,prot_t5_xl_half_uniref50-enc,,full,2,0,0.63481647,1
Orthopoxvirus,prot_t5_xl_half_uniref50-enc,,full,2,0,0.6125581,1
Orthopoxvirus,prot_t5_xl_half_uniref50-enc,,full,2,0,0.6574761,1
Orthopoxvirus,prot_t5_xl_half_uniref50-enc,,full,2,0,0.66870856,1
Orthopoxvirus,prot_t5_xl_half_uniref50-enc,,full,2,0,0.6543013,1
Orthopoxvirus,prot_t5_xl_half_uniref50-enc,,full,2,0,0.6646518,1
Orthopoxvirus,prot_t5_xl_half_uniref50-enc,,full,2,0,0.6557369,1
Orthopoxvirus,prot_t5_xl_half_uniref50-enc,,full,2,0,0.64835995,1
Orthopoxvirus,prot_t5_xl_half_uniref50-enc,,full,2,0,0.6437235,1
Orthopoxvirus,prot_t5_xl_half_uniref50-enc,,full,2,0,0.6556401,1
Orthopoxvirus,prot_t5_xl_half_uniref50-enc,,full,2,0,0.656481,1
Orthopoxvirus,prot_t5_xl_half_uniref50-enc,,full,2,0,0.6387033,1
Orthopoxvirus,prot_t5_xl_half_uniref50-enc,,full,2,0,0.66574955,1
Orthopoxvirus,prot_t5_xl_half_uniref50-enc,,full,2,0,0.66901153,1
Orthopoxvirus,prot_t5_xl_half_uniref50-enc,,full,2,0,0.6336853,1
Orthopoxvirus,prot_t5_xl_half_uniref50-enc,,full,2,0,0.6687457,1
Orthopoxvirus,prot_t5_xl_half_uniref50-enc,,full,2,0,0.6563295,1
Orthopoxvirus,prot_t5_xl_half_uniref50-enc,,full,2,0,0.6544497,1
Orthopoxvirus,prot_t5_xl_half_uniref50-enc,,full,2,0,0.6666791,1
Orthopoxvirus,prot_t5_xl_half_uniref50-enc,,full,2,0,0.6679678,1
Orthopoxvirus,prot_t5_xl_half_uniref50-enc,,full,2,0,0.6498254,1
Orthopoxvirus,prot_t5_xl_half_uniref50-enc,,full,2,0,0.6678073,1
Orthopoxvirus,prot_t5_xl_half_uniref50-enc,,full,2,0,0.6672058,1
Orthopoxvirus,prot_t5_xl_half_uniref50-enc,,full,2,0,0.65588593,1
Orthopoxvirus,prot_t5_xl_half_uniref50-enc,,full,2,0,0.6547175,1
Orthopoxvirus,prot_t5_xl_half_uniref50-enc,,full,2,0,0.6658872,1
Orthopoxvirus,prot_t5_xl_half_uniref50-enc,,full,2,0,0.6627086,1
Orthopoxvirus,prot_t5_xl_half_uniref50-enc,,full,2,0,0.6632935,1
Orthopoxvirus,prot_t5_xl_half_uniref50-enc,,full,2,0,0.6608269,1
Orthopoxvirus,prot_t5_xl_half_uniref50-enc,,full,2,0,0.6692687,1
Orthopoxvirus,prot_t5_xl_half_uniref50-enc,,full,2,0,0.6637172,1
Orthopoxvirus,prot_t5_xl_half_uniref50-enc,,full,2,0,0.66936356,1
Orthopoxvirus,prot_t5_xl_half_uniref50-enc,,full,2,0,0.6651353,1
Orthopoxvirus,prot_t5_xl_half_uniref50-enc,,full,2,0,0.6652474,1
Orthopoxvirus,prot_t5_xl_half_uniref50-enc,,full,2,0,0.6410333,1
Orthopoxvirus,prot_t5_xl_half_uniref50-enc,,full,2,0,0.6671639,1
Orthopoxvirus,prot_t5_xl_half_uniref50-enc,,full,2,0,0.66670364,1
Orthopoxvirus,prot_t5_xl_half_uniref50-enc,,full,2,0,0.6678301,1
Orthopoxvirus,prot_t5_xl_half_uniref50-enc,,full,2,0,0.65854466,1
Orthopoxvirus,prot_t5_xl_half_uniref50-enc,,full,2,0,0.6592353,1
Orthopoxvirus,prot_t5_xl_half_uniref50-enc,,full,2,0,0.65205103,1
Orthopoxvirus,prot_t5_xl_half_uniref50-enc,,full,2,0,0.664204,1
Orthopoxvirus,prot_t5_xl_half_uniref50-enc,,full,2,0,0.64924073,1
Orthopoxvirus,prot_t5_xl_half_uniref50-enc,,full,2,0,0.6699018,1
Orthopoxvirus,prot_t5_xl_half_uniref50-enc,,full,2,0,0.66500497,1
Orthopoxvirus,prot_t5_xl_half_uniref50-enc,,full,2,0,0.66082525,1
Orthopoxvirus,prot_t5_xl_half_uniref50-enc,,full,2,0,0.6652094,1
Orthopoxvirus,prot_t5_xl_half_uniref50-enc,,full,2,0,0.66371554,1
Orthopoxvirus,prot_t5_xl_half_uniref50-enc,,full,2,0,0.6693205,1
Orthopoxvirus,prot_t5_xl_half_uniref50-enc,,full,2,0,0.6455564,1
Orthopoxvirus,prot_t5_xl_half_uniref50-enc,,full,2,0,0.57254905,1
Orthopoxvirus,prot_t5_xl_half_uniref50-enc,,full,2,0,0.6456702,1
Orthopoxvirus,prot_t5_xl_half_uniref50-enc,,full,2,0,0.62042594,1
Orthopoxvirus,prot_t5_xl_half_uniref50-enc,,full,2,0,0.6697208,1
Orthopoxvirus,prot_t5_xl_half_uniref50-enc,,full,2,0,0.6683673,1
Orthopoxvirus,prot_t5_xl_half_uniref50-enc,,full,2,0,0.65965456,1
Orthopoxvirus,prot_t5_xl_half_uniref50-enc,,full,2,0,0.6468769,1
Orthopoxvirus,prot_t5_xl_half_uniref50-enc,,full,2,0,0.6678271,1
Orthopoxvirus,prot_t5_xl_half_uniref50-enc,,full,2,0,0.66827923,1
Orthopoxvirus,prot_t5_xl_half_uniref50-enc,,full,2,0,0.65527683,1
Orthopoxvirus,prot_t5_xl_half_uniref50-enc,,full,2,0,0.6685087,1
Orthopoxvirus,prot_t5_xl_half_uniref50-enc,,full,2,0,0.6686367,1
Orthopoxvirus,prot_t5_xl_half_uniref50-enc,,full,2,0,0.6714755,1
Orthopoxvirus,prot_t5_xl_half_uniref50-enc,,full,2,0,0.64827496,1
Orthopoxvirus,prot_t5_xl_half_uniref50-enc,,full,2,1,0.64682716,1
Orthopoxvirus,prot_t5_xl_half_uniref50-enc,,full,2,1,0.66777086,1
Orthopoxvirus,prot_t5_xl_half_uniref50-enc,,full,2,1,0.5514132,1
Orthopoxvirus,prot_t5_xl_half_uniref50-enc,,full,2,1,0.6396014,1
Orthopoxvirus,prot_t5_xl_half_uniref50-enc,,full,2,1,0.62192214,1
Orthopoxvirus,prot_t5_xl_half_uniref50-enc,,full,2,1,0.6276834,1
Orthopoxvirus,prot_t5_xl_half_uniref50-enc,,full,2,1,0.6031819,1
Orthopoxvirus,prot_t5_xl_half_uniref50-enc,,full,2,1,0.668658,1
Orthopoxvirus,prot_t5_xl_half_uniref50-enc,,full,2,1,0.665923,1
Orthopoxvirus,prot_t5_xl_half_uniref50-enc,,full,2,1,0.665107,1
Orthopoxvirus,prot_t5_xl_half_uniref50-enc,,full,2,1,0.6277459,1
Orthopoxvirus,prot_t5_xl_half_uniref50-enc,,full,2,1,0.669191,1
Orthopoxvirus,prot_t5_xl_half_uniref50-enc,,full,2,0,0.6598758,1
Orthopoxvirus,prot_t5_xl_half_uniref50-enc,,full,2,0,0.66897094,1
Orthopoxvirus,prot_t5_xl_half_uniref50-enc,,full,2,0,0.66612804,1
Orthopoxvirus,prot_t5_xl_half_uniref50-enc,,full,2,0,0.6139493,1
Orthopoxvirus,prot_t5_xl_half_uniref50-enc,,full,2,0,0.5856038,1
Orthopoxvirus,prot_t5_xl_half_uniref50-enc,,full,2,0,0.67041034,1
Orthopoxvirus,prot_t5_xl_half_uniref50-enc,,full,2,0,0.6544818,1
Orthopoxvirus,prot_t5_xl_half_uniref50-enc,,full,2,0,0.6651332,1
Orthopoxvirus,prot_t5_xl_half_uniref50-enc,,full,2,0,0.6619324,1
Orthopoxvirus,prot_t5_xl_half_uniref50-enc,,full,2,0,0.66153497,1
Orthopoxvirus,prot_t5_xl_half_uniref50-enc,,full,2,0,0.6491368,1
Orthopoxvirus,prot_t5_xl_half_uniref50-enc,,full,2,0,0.6563096,1
Orthopoxvirus,prot_t5_xl_half_uniref50-enc,,full,2,0,0.65538716,1
Orthopoxvirus,prot_t5_xl_half_uniref50-enc,,full,2,0,0.6398399,1
Orthopoxvirus,prot_t5_xl_half_uniref50-enc,,full,2,0,0.63104147,1
Orthopoxvirus,prot_t5_xl_half_uniref50-enc,,full,2,0,0.65746486,1
Orthopoxvirus,prot_t5_xl_half_uniref50-enc,,full,2,0,0.5916238,1
Orthopoxvirus,prot_t5_xl_half_uniref50-enc,,full,2,0,0.63874424,1
Orthopoxvirus,prot_t5_xl_half_uniref50-enc,,full,2,0,0.6665388,1
Orthopoxvirus,prot_t5_xl_half_uniref50-enc,,full,2,0,0.6156495,1
Orthopoxvirus,prot_t5_xl_half_uniref50-enc,,full,2,0,0.6565942,1
Orthopoxvirus,prot_t5_xl_half_uniref50-enc,,full,2,0,0.6497615,1
Orthopoxvirus,prot_t5_xl_half_uniref50-enc,,full,2,0,0.6463038,1
Orthopoxvirus,prot_t5_xl_half_uniref50-enc,,full,2,0,0.66369116,1
Orthopoxvirus,prot_t5_xl_half_uniref50-enc,,full,2,0,0.66714865,1
Orthopoxvirus,prot_t5_xl_half_uniref50-enc,,full,2,0,0.6497359,1
Orthopoxvirus,prot_t5_xl_half_uniref50-enc,,full,2,0,0.6487288,1
Orthopoxvirus,prot_t5_xl_half_uniref50-enc,,full,2,0,0.6489694,1
Orthopoxvirus,prot_t5_xl_half_uniref50-enc,,full,2,0,0.6684332,1
Orthopoxvirus,prot_t5_xl_half_uniref50-enc,,full,2,0,0.5746815,1
Orthopoxvirus,prot_t5_xl_half_uniref50-enc,,full,2,0,0.6622969,1
Orthopoxvirus,prot_t5_xl_half_uniref50-enc,,full,2,0,0.6634083,1
Orthopoxvirus,prot_t5_xl_half_uniref50-enc,,full,2,0,0.6513454,1
Orthopoxvirus,prot_t5_xl_half_uniref50-enc,,full,2,0,0.6638547,1
Orthopoxvirus,prot_t5_xl_half_uniref50-enc,,full,2,0,0.6672523,1
Orthopoxvirus,prot_t5_xl_half_uniref50-enc,,full,2,0,0.6563394,1
Orthopoxvirus,prot_t5_xl_half_uniref50-enc,,full,2,0,0.645004,1
Orthopoxvirus,prot_t5_xl_half_uniref50-enc,,full,2,0,0.6623344,1
Orthopoxvirus,prot_t5_xl_half_uniref50-enc,,full,2,0,0.6206309,1
Orthopoxvirus,prot_t5_xl_half_uniref50-enc,,full,2,0,0.66136825,1
Orthopoxvirus,prot_t5_xl_half_uniref50-enc,,full,2,0,0.660254,1
Orthopoxvirus,prot_t5_xl_half_uniref50-enc,,full,2,0,0.6573481,1
Orthopoxvirus,prot_t5_xl_half_uniref50-enc,,full,2,0,0.6573023,1
Orthopoxvirus,prot_t5_xl_half_uniref50-enc,,full,2,0,0.6308301,1
Orthopoxvirus,prot_t5_xl_half_uniref50-enc,,full,2,0,0.6128191,1
Orthopoxvirus,prot_t5_xl_half_uniref50-enc,,full,2,0,0.6298995,1
Orthopoxvirus,prot_t5_xl_half_uniref50-enc,,full,2,0,0.6444044,1
Orthopoxvirus,prot_t5_xl_half_uniref50-enc,,full,2,0,0.64289075,1
Orthopoxvirus,prot_t5_xl_half_uniref50-enc,,full,2,0,0.644054,1
Orthopoxvirus,prot_t5_xl_half_uniref50-enc,,full,2,0,0.66210645,1
Orthopoxvirus,prot_t5_xl_half_uniref50-enc,,full,2,0,0.6566741,1
Orthopoxvirus,prot_t5_xl_half_uniref50-enc,,full,2,0,0.65961057,1
Orthopoxvirus,prot_t5_xl_half_uniref50-enc,,full,2,0,0.6674518,1
Orthopoxvirus,prot_t5_xl_half_uniref50-enc,,full,2,0,0.66977096,1
Orthopoxvirus,prot_t5_xl_half_uniref50-enc,,full,2,0,0.66927016,1
Orthopoxvirus,prot_t5_xl_half_uniref50-enc,,full,2,0,0.6426011,1
Orthopoxvirus,prot_t5_xl_half_uniref50-enc,,full,2,0,0.6677132,1
Orthopoxvirus,prot_t5_xl_half_uniref50-enc,,full,2,0,0.6397539,1
Orthopoxvirus,prot_t5_xl_half_uniref50-enc,,full,2,0,0.5985209,1
Orthopoxvirus,prot_t5_xl_half_uniref50-enc,,full,2,0,0.62461007,1
Orthopoxvirus,prot_t5_xl_half_uniref50-enc,,full,2,0,0.65175295,1
Orthopoxvirus,prot_t5_xl_half_uniref50-enc,,full,2,0,0.53483576,1
Orthopoxvirus,prot_t5_xl_half_uniref50-enc,,full,2,0,0.5816656,1
Orthopoxvirus,prot_t5_xl_half_uniref50-enc,,full,2,0,0.6526531,1
Orthopoxvirus,prot_t5_xl_half_uniref50-enc,,full,2,0,0.65517974,1
Orthopoxvirus,prot_t5_xl_half_uniref50-enc,,full,2,0,0.61518604,1
Orthopoxvirus,prot_t5_xl_half_uniref50-enc,,full,2,0,0.6291473,1
Orthopoxvirus,prot_t5_xl_half_uniref50-enc,,full,2,0,0.6335,1
Orthopoxvirus,prot_t5_xl_half_uniref50-enc,,full,2,0,0.6304856,1
Orthopoxvirus,prot_t5_xl_half_uniref50-enc,,full,2,0,0.6213836,1
Orthopoxvirus,prot_t5_xl_half_uniref50-enc,,full,2,1,0.840178,1
Orthopoxvirus,prot_t5_xl_half_uniref50-enc,,full,2,1,0.8397165,1
Orthopoxvirus,prot_t5_xl_half_uniref50-enc,,full,2,1,0.83998746,1
Orthopoxvirus,prot_t5_xl_half_uniref50-enc,,full,2,1,0.8425636,1
Orthopoxvirus,prot_t5_xl_half_uniref50-enc,,full,2,1,0.8400345,1
Orthopoxvirus,prot_t5_xl_half_uniref50-enc,,full,2,1,0.8638756,1
Orthopoxvirus,prot_t5_xl_half_uniref50-enc,,full,2,1,0.86378115,1
Orthopoxvirus,prot_t5_xl_half_uniref50-enc,,full,2,1,0.86377877,1
Orthopoxvirus,prot_t5_xl_half_uniref50-enc,,full,2,1,0.8649517,1
Orthopoxvirus,prot_t5_xl_half_uniref50-enc,,full,2,1,0.8641377,1
Orthopoxvirus,prot_t5_xl_half_uniref50-enc,,full,2,1,0.8639546,1
Orthopoxvirus,prot_t5_xl_half_uniref50-enc,,full,2,1,0.86370635,1
Orthopoxvirus,prot_t5_xl_half_uniref50-enc,,full,2,1,0.8636095,1
Orthopoxvirus,prot_t5_xl_half_uniref50-enc,,full,2,1,0.86382693,1
Orthopoxvirus,prot_t5_xl_half_uniref50-enc,,full,2,1,0.86379015,1
Orthopoxvirus,prot_t5_xl_half_uniref50-enc,,full,2,1,0.6081208,1
Orthopoxvirus,prot_t5_xl_half_uniref50-enc,,full,2,1,0.56862897,1
Orthopoxvirus,prot_t5_xl_half_uniref50-enc,,full,2,1,0.57207686,1
Orthopoxvirus,prot_t5_xl_half_uniref50-enc,,full,2,1,0.619395,1
Orthopoxvirus,prot_t5_xl_half_uniref50-enc,,full,2,1,0.5870078,1
Orthopoxvirus,prot_t5_xl_half_uniref50-enc,,full,2,1,0.58633894,1
Orthopoxvirus,prot_t5_xl_half_uniref50-enc,,full,2,1,0.59589505,1
Orthopoxvirus,prot_t5_xl_half_uniref50-enc,,full,2,1,0.59228086,1
Orthopoxvirus,prot_t5_xl_half_uniref50-enc,,full,2,1,0.5939592,1
Orthopoxvirus,prot_t5_xl_half_uniref50-enc,,full,2,1,0.6149373,1
Orthopoxvirus,prot_t5_xl_half_uniref50-enc,,full,2,1,0.53538245,1
Orthopoxvirus,prot_t5_xl_half_uniref50-enc,,full,2,1,0.63447964,1
Orthopoxvirus,prot_t5_xl_half_uniref50-enc,,full,2,1,0.6263936,1
Orthopoxvirus,prot_t5_xl_half_uniref50-enc,,full,2,1,0.628534,1
Orthopoxvirus,prot_t5_xl_half_uniref50-enc,,full,2,1,0.636424,1
Orthopoxvirus,prot_t5_xl_half_uniref50-enc,,full,2,1,0.6181455,1
Orthopoxvirus,prot_t5_xl_half_uniref50-enc,,full,2,1,0.62947243,1
Orthopoxvirus,prot_t5_xl_half_uniref50-enc,,full,2,1,0.63714385,1
Orthopoxvirus,prot_t5_xl_half_uniref50-enc,,full,2,1,0.63632274,1
Orthopoxvirus,prot_t5_xl_half_uniref50-enc,,full,2,1,0.88162005,1
Orthopoxvirus,prot_t5_xl_half_uniref50-enc,,full,2,1,0.88044834,1
Orthopoxvirus,prot_t5_xl_half_uniref50-enc,,full,2,1,0.8803024,1
Orthopoxvirus,prot_t5_xl_half_uniref50-enc,,full,2,1,0.8807531,1
Orthopoxvirus,prot_t5_xl_half_uniref50-enc,,full,2,1,0.8817094,1
Orthopoxvirus,prot_t5_xl_half_uniref50-enc,,full,2,1,0.88175726,1
Orthopoxvirus,prot_t5_xl_half_uniref50-enc,,full,2,1,0.88047355,1
Orthopoxvirus,prot_t5_xl_half_uniref50-enc,,full,2,1,0.8803373,1
Orthopoxvirus,prot_t5_xl_half_uniref50-enc,,full,2,1,0.88163006,1
Orthopoxvirus,prot_t5_xl_half_uniref50-enc,,full,2,1,0.88034153,1
Orthopoxvirus,prot_t5_xl_half_uniref50-enc,,full,2,1,0.88085186,1
Orthopoxvirus,prot_t5_xl_half_uniref50-enc,,full,2,1,0.8804451,1
Orthopoxvirus,prot_t5_xl_half_uniref50-enc,,full,2,1,0.88180155,1
Orthopoxvirus,prot_t5_xl_half_uniref50-enc,,full,2,1,0.8815033,1
Orthopoxvirus,prot_t5_xl_half_uniref50-enc,,full,2,1,0.88044584,1
Orthopoxvirus,prot_t5_xl_half_uniref50-enc,,full,2,1,0.8815571,1
Orthopoxvirus,prot_t5_xl_half_uniref50-enc,,full,2,1,0.8813735,1
Orthopoxvirus,prot_t5_xl_half_uniref50-enc,,full,2,1,0.8814279,1
Orthopoxvirus,prot_t5_xl_half_uniref50-enc,,full,2,1,0.88128793,1
Orthopoxvirus,prot_t5_xl_half_uniref50-enc,,full,2,1,0.7085715,1
Orthopoxvirus,prot_t5_xl_half_uniref50-enc,,full,2,1,0.6983909,1
Orthopoxvirus,prot_t5_xl_half_uniref50-enc,,full,2,1,0.7271163,1
Orthopoxvirus,prot_t5_xl_half_uniref50-enc,,full,2,1,0.7357011,1
Orthopoxvirus,prot_t5_xl_half_uniref50-enc,,full,2,1,0.7398592,1
Orthopoxvirus,prot_t5_xl_half_uniref50-enc,,full,2,1,0.74318916,1
Orthopoxvirus,prot_t5_xl_half_uniref50-enc,,full,2,1,0.74650353,1
Orthopoxvirus,prot_t5_xl_half_uniref50-enc,,full,2,1,0.74518704,1
Orthopoxvirus,prot_t5_xl_half_uniref50-enc,,full,2,1,0.74375176,1
Orthopoxvirus,prot_t5_xl_half_uniref50-enc,,full,2,1,0.73855764,1
Orthopoxvirus,prot_t5_xl_half_uniref50-enc,,full,2,1,0.72198105,1
Orthopoxvirus,prot_t5_xl_half_uniref50-enc,,full,2,1,0.74476784,1
Orthopoxvirus,prot_t5_xl_half_uniref50-enc,,full,2,1,0.73480093,1
Orthopoxvirus,prot_t5_xl_half_uniref50-enc,,full,2,1,0.7465674,1
Orthopoxvirus,prot_t5_xl_half_uniref50-enc,,full,2,1,0.7061043,1
Orthopoxvirus,prot_t5_xl_half_uniref50-enc,,full,2,1,0.7037311,1
Orthopoxvirus,prot_t5_xl_half_uniref50-enc,,full,2,1,0.7066987,1
Orthopoxvirus,prot_t5_xl_half_uniref50-enc,,full,2,1,0.6948587,1
Orthopoxvirus,prot_t5_xl_half_uniref50-enc,,full,2,1,0.69960445,1
Orthopoxvirus,prot_t5_xl_half_uniref50-enc,,full,2,1,0.7031366,1
Orthopoxvirus,prot_t5_xl_half_uniref50-enc,,full,2,1,0.65345985,1
Orthopoxvirus,prot_t5_xl_half_uniref50-enc,,full,2,1,0.7246305,1
Orthopoxvirus,prot_t5_xl_half_uniref50-enc,,full,2,1,0.72497755,1
Orthopoxvirus,prot_t5_xl_half_uniref50-enc,,full,2,1,0.7207229,1
Orthopoxvirus,prot_t5_xl_half_uniref50-enc,,full,2,1,0.7155112,1
Orthopoxvirus,prot_t5_xl_half_uniref50-enc,,full,2,1,0.6860263,1
Orthopoxvirus,prot_t5_xl_half_uniref50-enc,,full,2,1,0.72998255,1
Orthopoxvirus,prot_t5_xl_half_uniref50-enc,,full,2,1,0.63255155,1
Orthopoxvirus,prot_t5_xl_half_uniref50-enc,,full,2,1,0.70464075,1
Orthopoxvirus,prot_t5_xl_half_uniref50-enc,,full,2,1,0.7089907,1
Orthopoxvirus,prot_t5_xl_half_uniref50-enc,,full,2,1,0.6649214,1
Orthopoxvirus,prot_t5_xl_half_uniref50-enc,,full,2,1,0.6553866,1
Orthopoxvirus,prot_t5_xl_half_uniref50-enc,,full,2,1,0.69987106,1
Orthopoxvirus,prot_t5_xl_half_uniref50-enc,,full,2,1,0.6954098,1
Orthopoxvirus,prot_t5_xl_half_uniref50-enc,,full,2,1,0.63992757,1
Orthopoxvirus,prot_t5_xl_half_uniref50-enc,,full,2,1,0.71224153,1
Orthopoxvirus,prot_t5_xl_half_uniref50-enc,,full,2,1,0.7034075,1
Orthopoxvirus,prot_t5_xl_half_uniref50-enc,,full,2,1,0.69769365,1
Orthopoxvirus,prot_t5_xl_half_uniref50-enc,,full,2,1,0.6816592,1
Orthopoxvirus,prot_t5_xl_half_uniref50-enc,,full,2,1,0.69441754,1
Orthopoxvirus,prot_t5_xl_half_uniref50-enc,,full,2,1,0.72159576,1
Orthopoxvirus,prot_t5_xl_half_uniref50-enc,,full,2,1,0.6921641,1
Orthopoxvirus,prot_t5_xl_half_uniref50-enc,,full,2,1,0.70986146,1
Orthopoxvirus,prot_t5_xl_half_uniref50-enc,,full,2,1,0.7144433,1
Orthopoxvirus,prot_t5_xl_half_uniref50-enc,,full,2,1,0.70781815,1
Orthopoxvirus,prot_t5_xl_half_uniref50-enc,,full,2,1,0.6627095,1
Orthopoxvirus,prot_t5_xl_half_uniref50-enc,,full,2,1,0.6292696,1
Orthopoxvirus,prot_t5_xl_half_uniref50-enc,,full,2,1,0.7118478,1
Orthopoxvirus,prot_t5_xl_half_uniref50-enc,,full,2,1,0.67751086,1
Orthopoxvirus,prot_t5_xl_half_uniref50-enc,,full,2,1,0.69409865,1
Orthopoxvirus,prot_t5_xl_half_uniref50-enc,,full,2,1,0.707381,1
Orthopoxvirus,prot_t5_xl_half_uniref50-enc,,full,2,1,0.72009546,1
Orthopoxvirus,prot_t5_xl_half_uniref50-enc,,full,2,1,0.72711676,1
Orthopoxvirus,prot_t5_xl_half_uniref50-enc,,full,2,1,0.6459929,1
Orthopoxvirus,prot_t5_xl_half_uniref50-enc,,full,2,1,0.7274723,1
Orthopoxvirus,prot_t5_xl_half_uniref50-enc,,full,2,1,0.70327526,1
Orthopoxvirus,prot_t5_xl_half_uniref50-enc,,full,2,1,0.72432303,1
Orthopoxvirus,prot_t5_xl_half_uniref50-enc,,full,2,1,0.7236886,1
Orthopoxvirus,prot_t5_xl_half_uniref50-enc,,full,2,1,0.7107741,1
Orthopoxvirus,prot_t5_xl_half_uniref50-enc,,full,2,1,0.7123904,1
Orthopoxvirus,prot_t5_xl_half_uniref50-enc,,full,2,1,0.72385144,1
Orthopoxvirus,prot_t5_xl_half_uniref50-enc,,full,2,1,0.7217339,1
Orthopoxvirus,prot_t5_xl_half_uniref50-enc,,full,2,1,0.7166873,1
Orthopoxvirus,prot_t5_xl_half_uniref50-enc,,full,2,1,0.71470207,1
Orthopoxvirus,prot_t5_xl_half_uniref50-enc,,full,2,1,0.7143267,1
Orthopoxvirus,prot_t5_xl_half_uniref50-enc,,full,2,1,0.72325295,1
Orthopoxvirus,prot_t5_xl_half_uniref50-enc,,full,2,1,0.7216021,1
Orthopoxvirus,prot_t5_xl_half_uniref50-enc,,full,2,1,0.72059363,1
Orthopoxvirus,prot_t5_xl_half_uniref50-enc,,full,2,1,0.7228291,1
Orthopoxvirus,prot_t5_xl_half_uniref50-enc,,full,2,1,0.72495025,1
Orthopoxvirus,prot_t5_xl_half_uniref50-enc,,full,2,1,0.7201538,1
Orthopoxvirus,prot_t5_xl_half_uniref50-enc,,full,2,1,0.72550464,1
Orthopoxvirus,prot_t5_xl_half_uniref50-enc,,full,2,1,0.7198211,1
Orthopoxvirus,prot_t5_xl_half_uniref50-enc,,full,2,1,0.7236025,1
Orthopoxvirus,prot_t5_xl_half_uniref50-enc,,full,2,1,0.7194739,1
Orthopoxvirus,prot_t5_xl_half_uniref50-enc,,full,2,1,0.71260065,1
Orthopoxvirus,prot_t5_xl_half_uniref50-enc,,full,2,1,0.726474,1
Orthopoxvirus,prot_t5_xl_half_uniref50-enc,,full,2,1,0.67287016,1
Orthopoxvirus,prot_t5_xl_half_uniref50-enc,,full,2,1,0.7215607,1
Orthopoxvirus,prot_t5_xl_half_uniref50-enc,,full,2,1,0.6540559,1
Orthopoxvirus,prot_t5_xl_half_uniref50-enc,,full,2,1,0.7093818,1
Orthopoxvirus,prot_t5_xl_half_uniref50-enc,,full,2,1,0.69337964,1
Orthopoxvirus,prot_t5_xl_half_uniref50-enc,,full,2,1,0.6568488,1
Orthopoxvirus,prot_t5_xl_half_uniref50-enc,,full,2,1,0.55423534,1
Orthopoxvirus,prot_t5_xl_half_uniref50-enc,,full,2,1,0.7001151,1
Orthopoxvirus,prot_t5_xl_half_uniref50-enc,,full,2,1,0.71604174,1
Orthopoxvirus,prot_t5_xl_half_uniref50-enc,,full,2,1,0.6167281,1
Orthopoxvirus,prot_t5_xl_half_uniref50-enc,,full,2,1,0.6629246,1
Orthopoxvirus,prot_t5_xl_half_uniref50-enc,,full,2,1,0.60963285,1
Orthopoxvirus,prot_t5_xl_half_uniref50-enc,,full,2,1,0.597724,1
Orthopoxvirus,prot_t5_xl_half_uniref50-enc,,full,2,1,0.7102749,1
Orthopoxvirus,prot_t5_xl_half_uniref50-enc,,full,2,1,0.6969404,1
Orthopoxvirus,prot_t5_xl_half_uniref50-enc,,full,2,1,0.66330504,1
Orthopoxvirus,prot_t5_xl_half_uniref50-enc,,full,2,1,0.71547043,1
Orthopoxvirus,prot_t5_xl_half_uniref50-enc,,full,2,1,0.6573755,1
Orthopoxvirus,prot_t5_xl_half_uniref50-enc,,full,2,1,0.63118595,1
Orthopoxvirus,prot_t5_xl_half_uniref50-enc,,full,2,1,0.7057992,1
Orthopoxvirus,prot_t5_xl_half_uniref50-enc,,full,2,1,0.7240546,1
Orthopoxvirus,prot_t5_xl_half_uniref50-enc,,full,2,1,0.63938606,1
Orthopoxvirus,prot_t5_xl_half_uniref50-enc,,full,2,1,0.7066085,1
Orthopoxvirus,prot_t5_xl_half_uniref50-enc,,full,2,1,0.6609057,1
Orthopoxvirus,prot_t5_xl_half_uniref50-enc,,full,2,1,0.67482907,1
Orthopoxvirus,prot_t5_xl_half_uniref50-enc,,full,2,1,0.67742366,1
Orthopoxvirus,prot_t5_xl_half_uniref50-enc,,full,2,1,0.675023,1
Orthopoxvirus,prot_t5_xl_half_uniref50-enc,,full,2,1,0.67989075,1
Orthopoxvirus,prot_t5_xl_half_uniref50-enc,,full,2,1,0.67407346,1
Orthopoxvirus,prot_t5_xl_half_uniref50-enc,,full,2,1,0.6790745,1
Orthopoxvirus,prot_t5_xl_half_uniref50-enc,,full,2,1,0.6832813,1
Orthopoxvirus,prot_t5_xl_half_uniref50-enc,,full,2,1,0.6793904,1
Orthopoxvirus,prot_t5_xl_half_uniref50-enc,,full,2,1,0.67764074,1
Orthopoxvirus,prot_t5_xl_half_uniref50-enc,,full,2,1,0.6821047,1
Orthopoxvirus,prot_t5_xl_half_uniref50-enc,,full,2,1,0.67348266,1
Orthopoxvirus,prot_t5_xl_half_uniref50-enc,,full,2,1,0.6171546,1
Orthopoxvirus,prot_t5_xl_half_uniref50-enc,,full,2,1,0.67451125,1
Orthopoxvirus,prot_t5_xl_half_uniref50-enc,,full,2,1,0.66161454,1
Orthopoxvirus,prot_t5_xl_half_uniref50-enc,,full,2,1,0.6782373,1
Orthopoxvirus,prot_t5_xl_half_uniref50-enc,,full,2,1,0.6788796,1
Orthopoxvirus,prot_t5_xl_half_uniref50-enc,,full,2,1,0.6783448,1
Orthopoxvirus,prot_t5_xl_half_uniref50-enc,,full,2,1,0.6759608,1
Orthopoxvirus,prot_t5_xl_half_uniref50-enc,,full,2,1,0.6617864,1
Orthopoxvirus,prot_t5_xl_half_uniref50-enc,,full,2,1,0.67414373,1
Orthopoxvirus,prot_t5_xl_half_uniref50-enc,,full,2,1,0.67345726,1
Orthopoxvirus,prot_t5_xl_half_uniref50-enc,,full,2,1,0.65635836,1
Orthopoxvirus,prot_t5_xl_half_uniref50-enc,,full,2,1,0.6700203,1
Orthopoxvirus,prot_t5_xl_half_uniref50-enc,,full,2,1,0.66794544,1
Orthopoxvirus,prot_t5_xl_half_uniref50-enc,,full,2,1,0.6746995,1
Orthopoxvirus,prot_t5_xl_half_uniref50-enc,,full,2,1,0.6783291,1
Orthopoxvirus,prot_t5_xl_half_uniref50-enc,,full,2,1,0.6782136,1
Orthopoxvirus,prot_t5_xl_half_uniref50-enc,,full,2,1,0.6765445,1
Orthopoxvirus,prot_t5_xl_half_uniref50-enc,,full,2,1,0.67861795,1
Orthopoxvirus,prot_t5_xl_half_uniref50-enc,,full,2,1,0.6794116,1
Orthopoxvirus,prot_t5_xl_half_uniref50-enc,,full,2,1,0.67781,1
Orthopoxvirus,prot_t5_xl_half_uniref50-enc,,full,2,1,0.6537356,1
Orthopoxvirus,prot_t5_xl_half_uniref50-enc,,full,2,1,0.6555614,1
Orthopoxvirus,prot_t5_xl_half_uniref50-enc,,full,2,1,0.67430466,1
Orthopoxvirus,prot_t5_xl_half_uniref50-enc,,full,2,1,0.67898136,1
Orthopoxvirus,prot_t5_xl_half_uniref50-enc,,full,2,1,0.6780952,1
Orthopoxvirus,prot_t5_xl_half_uniref50-enc,,full,2,1,0.6707159,1
Orthopoxvirus,prot_t5_xl_half_uniref50-enc,,full,2,1,0.66532683,1
Orthopoxvirus,prot_t5_xl_half_uniref50-enc,,full,2,1,0.6798797,1
Orthopoxvirus,prot_t5_xl_half_uniref50-enc,,full,2,1,0.677107,1
Orthopoxvirus,prot_t5_xl_half_uniref50-enc,,full,2,1,0.66688186,1
Orthopoxvirus,prot_t5_xl_half_uniref50-enc,,full,2,1,0.6767967,1
Orthopoxvirus,prot_t5_xl_half_uniref50-enc,,full,2,1,0.67291105,1
Orthopoxvirus,prot_t5_xl_half_uniref50-enc,,full,2,1,0.5443741,1
Orthopoxvirus,prot_t5_xl_half_uniref50-enc,,full,2,1,0.54628175,1
Orthopoxvirus,prot_t5_xl_half_uniref50-enc,,full,2,1,0.5474719,1
Orthopoxvirus,prot_t5_xl_half_uniref50-enc,,full,2,1,0.54712874,1
Orthopoxvirus,prot_t5_xl_half_uniref50-enc,,full,2,1,0.5473431,1
Orthopoxvirus,prot_t5_xl_half_uniref50-enc,,full,2,1,0.5496256,1
Orthopoxvirus,prot_t5_xl_half_uniref50-enc,,full,2,1,0.5476427,1
Orthopoxvirus,prot_t5_xl_half_uniref50-enc,,full,2,1,0.54692966,1
Orthopoxvirus,prot_t5_xl_half_uniref50-enc,,full,2,1,0.54628515,1
Orthopoxvirus,prot_t5_xl_half_uniref50-enc,,full,2,1,0.54699856,1
Orthopoxvirus,prot_t5_xl_half_uniref50-enc,,full,2,1,0.54644144,1
Orthopoxvirus,prot_t5_xl_half_uniref50-enc,,full,2,1,0.5446029,1
Orthopoxvirus,prot_t5_xl_half_uniref50-enc,,full,2,1,0.54626316,1
Orthopoxvirus,prot_t5_xl_half_uniref50-enc,,full,2,1,0.54798764,1
Orthopoxvirus,prot_t5_xl_half_uniref50-enc,,full,2,1,0.54532933,1
Orthopoxvirus,prot_t5_xl_half_uniref50-enc,,full,2,1,0.5456773,1
Orthopoxvirus,prot_t5_xl_half_uniref50-enc,,full,2,1,0.6556402,1
Orthopoxvirus,prot_t5_xl_half_uniref50-enc,,full,2,1,0.656481,1
Orthopoxvirus,prot_t5_xl_half_uniref50-enc,,full,2,1,0.63870335,1
Orthopoxvirus,prot_t5_xl_half_uniref50-enc,,full,2,1,0.66574955,1
Orthopoxvirus,prot_t5_xl_half_uniref50-enc,,full,2,1,0.66901153,1
Orthopoxvirus,prot_t5_xl_half_uniref50-enc,,full,2,1,0.6336854,1
Orthopoxvirus,prot_t5_xl_half_uniref50-enc,,full,2,1,0.66874564,1
Orthopoxvirus,prot_t5_xl_half_uniref50-enc,,full,2,1,0.6563295,1
Orthopoxvirus,prot_t5_xl_half_uniref50-enc,,full,2,1,0.6544497,1
Orthopoxvirus,prot_t5_xl_half_uniref50-enc,,full,2,1,0.666679,1
Orthopoxvirus,prot_t5_xl_half_uniref50-enc,,full,2,1,0.6679678,1
Orthopoxvirus,prot_t5_xl_half_uniref50-enc,,full,2,1,0.6498254,1
Orthopoxvirus,prot_t5_xl_half_uniref50-enc,,full,2,1,0.6678073,1
Orthopoxvirus,prot_t5_xl_half_uniref50-enc,,full,2,1,0.66720587,1
Orthopoxvirus,prot_t5_xl_half_uniref50-enc,,full,2,1,0.65588593,1
Orthopoxvirus,prot_t5_xl_half_uniref50-enc,,full,2,1,0.65471745,1
Orthopoxvirus,prot_t5_xl_half_uniref50-enc,,full,2,1,0.6658872,1
Orthopoxvirus,prot_t5_xl_half_uniref50-enc,,full,2,1,0.6551359,1
Orthopoxvirus,prot_t5_xl_half_uniref50-enc,,full,2,1,0.54050833,1
Orthopoxvirus,prot_t5_xl_half_uniref50-enc,,full,2,1,0.52302486,1
Orthopoxvirus,prot_t5_xl_half_uniref50-enc,,full,2,1,0.7320535,1
Orthopoxvirus,prot_t5_xl_half_uniref50-enc,,full,2,1,0.5157294,1
Orthopoxvirus,prot_t5_xl_half_uniref50-enc,,full,2,1,0.5171092,1
Orthopoxvirus,prot_t5_xl_half_uniref50-enc,,full,2,1,0.59153295,1
Orthopoxvirus,prot_t5_xl_half_uniref50-enc,,full,2,1,0.62552035,1
Orthopoxvirus,prot_t5_xl_half_uniref50-enc,,full,2,1,0.71250093,1
Orthopoxvirus,prot_t5_xl_half_uniref50-enc,,full,2,1,0.66267353,1
Orthopoxvirus,prot_t5_xl_half_uniref50-enc,,full,2,1,0.60788774,1
Orthopoxvirus,prot_t5_xl_half_uniref50-enc,,full,2,1,0.63201225,1
Orthopoxvirus,prot_t5_xl_half_uniref50-enc,,full,2,1,0.59812886,1
Orthopoxvirus,prot_t5_xl_half_uniref50-enc,,full,2,1,0.5549037,1
Orthopoxvirus,prot_t5_xl_half_uniref50-enc,,full,2,1,0.70154124,1
Orthopoxvirus,prot_t5_xl_half_uniref50-enc,,full,2,1,0.52106,1
Orthopoxvirus,prot_t5_xl_half_uniref50-enc,,full,2,1,0.6495493,1
Orthopoxvirus,prot_t5_xl_half_uniref50-enc,,full,2,1,0.5381799,1
Orthopoxvirus,prot_t5_xl_half_uniref50-enc,,full,2,1,0.5162129,1
Orthopoxvirus,prot_t5_xl_half_uniref50-enc,,full,2,1,0.6667338,1
Orthopoxvirus,prot_t5_xl_half_uniref50-enc,,full,2,1,0.6219221,1
Orthopoxvirus,prot_t5_xl_half_uniref50-enc,,full,2,1,0.6276834,1
Orthopoxvirus,prot_t5_xl_half_uniref50-enc,,full,2,1,0.60318184,1
Orthopoxvirus,prot_t5_xl_half_uniref50-enc,,full,2,1,0.66865796,1
Orthopoxvirus,prot_t5_xl_half_uniref50-enc,,full,2,1,0.6659229,1
Orthopoxvirus,prot_t5_xl_half_uniref50-enc,,full,2,1,0.665107,1
Orthopoxvirus,prot_t5_xl_half_uniref50-enc,,full,2,1,0.6277459,1
Orthopoxvirus,prot_t5_xl_half_uniref50-enc,,full,2,1,0.66919094,1
Orthopoxvirus,prot_t5_xl_half_uniref50-enc,,full,2,1,0.65987575,1
Orthopoxvirus,prot_t5_xl_half_uniref50-enc,,full,2,0,0.50862104,1
Orthopoxvirus,prot_t5_xl_half_uniref50-enc,,full,2,0,0.5109736,1
Orthopoxvirus,prot_t5_xl_half_uniref50-enc,,full,2,0,0.5084938,1
Orthopoxvirus,prot_t5_xl_half_uniref50-enc,,full,2,0,0.5100116,1
Orthopoxvirus,prot_t5_xl_half_uniref50-enc,,full,2,0,0.5103956,1
Orthopoxvirus,prot_t5_xl_half_uniref50-enc,,full,2,0,0.5107547,1
Orthopoxvirus,prot_t5_xl_half_uniref50-enc,,full,2,0,0.512745,1
Orthopoxvirus,prot_t5_xl_half_uniref50-enc,,full,2,0,0.50897855,1
Orthopoxvirus,prot_t5_xl_half_uniref50-enc,,full,2,0,0.5140651,1
Orthopoxvirus,prot_t5_xl_half_uniref50-enc,,full,2,0,0.5158727,1
Orthopoxvirus,prot_t5_xl_half_uniref50-enc,,full,3,0,0.6721848,1
Orthopoxvirus,prot_t5_xl_half_uniref50-enc,,full,3,0,0.6726614,1
Orthopoxvirus,prot_t5_xl_half_uniref50-enc,,full,3,0,0.6656889,1
Orthopoxvirus,prot_t5_xl_half_uniref50-enc,,full,3,0,0.64799184,1
Orthopoxvirus,prot_t5_xl_half_uniref50-enc,,full,3,0,0.6717068,1
Orthopoxvirus,prot_t5_xl_half_uniref50-enc,,full,3,0,0.6706418,1
Orthopoxvirus,prot_t5_xl_half_uniref50-enc,,full,3,0,0.67304313,1
Orthopoxvirus,prot_t5_xl_half_uniref50-enc,,full,3,0,0.67203337,1
Orthopoxvirus,prot_t5_xl_half_uniref50-enc,,full,3,0,0.66760725,1
Orthopoxvirus,prot_t5_xl_half_uniref50-enc,,full,3,0,0.6657823,1
Orthopoxvirus,prot_t5_xl_half_uniref50-enc,,full,3,0,0.6713081,1
Orthopoxvirus,prot_t5_xl_half_uniref50-enc,,full,3,0,0.670334,1
Orthopoxvirus,prot_t5_xl_half_uniref50-enc,,full,3,1,0.6718342,1
Orthopoxvirus,prot_t5_xl_half_uniref50-enc,,full,3,1,0.6646437,1
Orthopoxvirus,prot_t5_xl_half_uniref50-enc,,full,3,1,0.67140317,1
Orthopoxvirus,prot_t5_xl_half_uniref50-enc,,full,3,1,0.6725219,1
Orthopoxvirus,prot_t5_xl_half_uniref50-enc,,full,3,1,0.66609716,1
Orthopoxvirus,prot_t5_xl_half_uniref50-enc,,full,3,1,0.67469823,1
Orthopoxvirus,prot_t5_xl_half_uniref50-enc,,full,3,1,0.6757018,1
Orthopoxvirus,prot_t5_xl_half_uniref50-enc,,full,3,1,0.665882,1
Orthopoxvirus,prot_t5_xl_half_uniref50-enc,,full,3,1,0.67394084,1
Orthopoxvirus,prot_t5_xl_half_uniref50-enc,,full,3,0,0.6766518,1
Orthopoxvirus,prot_t5_xl_half_uniref50-enc,,full,3,0,0.6145354,1
Orthopoxvirus,prot_t5_xl_half_uniref50-enc,,full,3,0,0.65001357,1
Orthopoxvirus,prot_t5_xl_half_uniref50-enc,,full,3,0,0.6759284,1
Orthopoxvirus,prot_t5_xl_half_uniref50-enc,,full,3,0,0.67442036,1
Orthopoxvirus,prot_t5_xl_half_uniref50-enc,,full,3,0,0.66126794,1
Orthopoxvirus,prot_t5_xl_half_uniref50-enc,,full,3,0,0.6735346,1
Orthopoxvirus,prot_t5_xl_half_uniref50-enc,,full,3,0,0.66484004,1
Orthopoxvirus,prot_t5_xl_half_uniref50-enc,,full,3,0,0.6718082,1
Orthopoxvirus,prot_t5_xl_half_uniref50-enc,,full,3,0,0.6767166,1
Orthopoxvirus,prot_t5_xl_half_uniref50-enc,,full,3,0,0.6781521,1
Orthopoxvirus,prot_t5_xl_half_uniref50-enc,,full,3,1,0.46338937,0
Orthopoxvirus,prot_t5_xl_half_uniref50-enc,,full,3,1,0.49081683,0
Orthopoxvirus,prot_t5_xl_half_uniref50-enc,,full,3,1,0.50559247,1
Orthopoxvirus,prot_t5_xl_half_uniref50-enc,,full,3,1,0.4823944,0
Orthopoxvirus,prot_t5_xl_half_uniref50-enc,,full,3,1,0.48144,0
Orthopoxvirus,prot_t5_xl_half_uniref50-enc,,full,3,1,0.4628222,0
Orthopoxvirus,prot_t5_xl_half_uniref50-enc,,full,3,1,0.4561361,0
Orthopoxvirus,prot_t5_xl_half_uniref50-enc,,full,3,1,0.46525958,0
Orthopoxvirus,prot_t5_xl_half_uniref50-enc,,full,3,1,0.4803712,0
Orthopoxvirus,prot_t5_xl_half_uniref50-enc,,full,3,1,0.46722892,0
Orthopoxvirus,prot_t5_xl_half_uniref50-enc,,full,3,1,0.48512262,0
Orthopoxvirus,prot_t5_xl_half_uniref50-enc,,full,3,1,0.49411207,0
Orthopoxvirus,prot_t5_xl_half_uniref50-enc,,full,3,1,0.46551555,0
Orthopoxvirus,prot_t5_xl_half_uniref50-enc,,full,3,1,0.48280796,0
Orthopoxvirus,prot_t5_xl_half_uniref50-enc,,full,3,1,0.4835382,0
Orthopoxvirus,prot_t5_xl_half_uniref50-enc,,full,3,1,0.47564104,0
Orthopoxvirus,prot_t5_xl_half_uniref50-enc,,full,3,1,0.48882097,0
Orthopoxvirus,prot_t5_xl_half_uniref50-enc,,full,3,1,0.46256557,0
Orthopoxvirus,prot_t5_xl_half_uniref50-enc,,full,3,1,0.44820586,0
Orthopoxvirus,prot_t5_xl_half_uniref50-enc,,full,3,1,0.44596836,0
Orthopoxvirus,prot_t5_xl_half_uniref50-enc,,full,3,1,0.47411758,0
Orthopoxvirus,prot_t5_xl_half_uniref50-enc,,full,3,1,0.47581756,0
Orthopoxvirus,prot_t5_xl_half_uniref50-enc,,full,3,1,0.49367565,0
Orthopoxvirus,prot_t5_xl_half_uniref50-enc,,full,3,1,0.4683885,0
Orthopoxvirus,prot_t5_xl_half_uniref50-enc,,full,3,1,0.45164573,0
Orthopoxvirus,prot_t5_xl_half_uniref50-enc,,full,3,1,0.48811743,0
Orthopoxvirus,prot_t5_xl_half_uniref50-enc,,full,3,1,0.47231898,0
Orthopoxvirus,prot_t5_xl_half_uniref50-enc,,full,3,1,0.46845502,0
Orthopoxvirus,prot_t5_xl_half_uniref50-enc,,full,3,1,0.44737276,0
Orthopoxvirus,prot_t5_xl_half_uniref50-enc,,full,3,1,0.4545449,0
Orthopoxvirus,prot_t5_xl_half_uniref50-enc,,full,3,1,0.47651422,0
Orthopoxvirus,prot_t5_xl_half_uniref50-enc,,full,3,1,0.48391128,0
Orthopoxvirus,prot_t5_xl_half_uniref50-enc,,full,3,1,0.44383857,0
Orthopoxvirus,prot_t5_xl_half_uniref50-enc,,full,3,1,0.43350336,0
Orthopoxvirus,prot_t5_xl_half_uniref50-enc,,full,3,1,0.43945688,0
Orthopoxvirus,prot_t5_xl_half_uniref50-enc,,full,3,1,0.46208662,0
Orthopoxvirus,prot_t5_xl_half_uniref50-enc,,full,3,1,0.45544544,0
Orthopoxvirus,prot_t5_xl_half_uniref50-enc,,full,3,1,0.47611365,0
Orthopoxvirus,prot_t5_xl_half_uniref50-enc,,full,3,1,0.45746145,0
Orthopoxvirus,prot_t5_xl_half_uniref50-enc,,full,3,1,0.44185185,0
Orthopoxvirus,prot_t5_xl_half_uniref50-enc,,full,3,1,0.45297483,0
Orthopoxvirus,prot_t5_xl_half_uniref50-enc,,full,3,1,0.4472936,0
Orthopoxvirus,prot_t5_xl_half_uniref50-enc,,full,3,1,0.46681842,0
Orthopoxvirus,prot_t5_xl_half_uniref50-enc,,full,3,1,0.47161362,0
Orthopoxvirus,prot_t5_xl_half_uniref50-enc,,full,3,1,0.46022356,0
Orthopoxvirus,prot_t5_xl_half_uniref50-enc,,full,3,1,0.45971066,0
Orthopoxvirus,prot_t5_xl_half_uniref50-enc,,full,3,1,0.44121376,0
Orthopoxvirus,prot_t5_xl_half_uniref50-enc,,full,3,1,0.48003057,0
Orthopoxvirus,prot_t5_xl_half_uniref50-enc,,full,3,1,0.47925764,0
Orthopoxvirus,prot_t5_xl_half_uniref50-enc,,full,3,1,0.4527554,0
Orthopoxvirus,prot_t5_xl_half_uniref50-enc,,full,3,1,0.49823877,0
Orthopoxvirus,prot_t5_xl_half_uniref50-enc,,full,3,1,0.44051045,0
Orthopoxvirus,prot_t5_xl_half_uniref50-enc,,full,3,1,0.6046065,1
Orthopoxvirus,prot_t5_xl_half_uniref50-enc,,full,3,1,0.5281892,1
Orthopoxvirus,prot_t5_xl_half_uniref50-enc,,full,3,1,0.544461,1
Orthopoxvirus,prot_t5_xl_half_uniref50-enc,,full,3,1,0.5649756,1
Orthopoxvirus,prot_t5_xl_half_uniref50-enc,,full,3,1,0.57736504,1
Orthopoxvirus,prot_t5_xl_half_uniref50-enc,,full,3,1,0.5820551,1
Orthopoxvirus,prot_t5_xl_half_uniref50-enc,,full,3,1,0.6340333,1
Orthopoxvirus,prot_t5_xl_half_uniref50-enc,,full,3,1,0.62322587,1
Orthopoxvirus,prot_t5_xl_half_uniref50-enc,,full,3,1,0.57804346,1
Orthopoxvirus,prot_t5_xl_half_uniref50-enc,,full,3,1,0.6079397,1
Orthopoxvirus,prot_t5_xl_half_uniref50-enc,,full,3,1,0.6056734,1
Orthopoxvirus,prot_t5_xl_half_uniref50-enc,,full,3,1,0.52724534,1
Orthopoxvirus,prot_t5_xl_half_uniref50-enc,,full,3,1,0.551782,1
Orthopoxvirus,prot_t5_xl_half_uniref50-enc,,full,3,1,0.52335536,1
Orthopoxvirus,prot_t5_xl_half_uniref50-enc,,full,3,1,0.5797716,1
Orthopoxvirus,prot_t5_xl_half_uniref50-enc,,full,3,1,0.55260015,1
Orthopoxvirus,prot_t5_xl_half_uniref50-enc,,full,3,1,0.6021788,1
Orthopoxvirus,prot_t5_xl_half_uniref50-enc,,full,3,1,0.62095696,1
Orthopoxvirus,prot_t5_xl_half_uniref50-enc,,full,3,1,0.6001885,1
Orthopoxvirus,prot_t5_xl_half_uniref50-enc,,full,3,1,0.5783271,1
Orthopoxvirus,prot_t5_xl_half_uniref50-enc,,full,3,0,0.5088944,1
Orthopoxvirus,prot_t5_xl_half_uniref50-enc,,full,3,0,0.50937736,1
Orthopoxvirus,prot_t5_xl_half_uniref50-enc,,full,3,0,0.5069078,1
Orthopoxvirus,prot_t5_xl_half_uniref50-enc,,full,3,0,0.50626844,1
Orthopoxvirus,prot_t5_xl_half_uniref50-enc,,full,3,0,0.51039237,1
Orthopoxvirus,prot_t5_xl_half_uniref50-enc,,full,3,0,0.50837046,1
Orthopoxvirus,prot_t5_xl_half_uniref50-enc,,full,3,0,0.5088627,1
Orthopoxvirus,prot_t5_xl_half_uniref50-enc,,full,3,0,0.50903344,1
Orthopoxvirus,prot_t5_xl_half_uniref50-enc,,full,3,0,0.50439584,1
Orthopoxvirus,prot_t5_xl_half_uniref50-enc,,full,3,0,0.5060714,1
Orthopoxvirus,prot_t5_xl_half_uniref50-enc,,full,3,0,0.5074443,1
Orthopoxvirus,prot_t5_xl_half_uniref50-enc,,full,3,0,0.5117696,1
Orthopoxvirus,prot_t5_xl_half_uniref50-enc,,full,3,0,0.5084463,1
Orthopoxvirus,prot_t5_xl_half_uniref50-enc,,full,3,1,0.51220715,1
Orthopoxvirus,prot_t5_xl_half_uniref50-enc,,full,3,1,0.50990766,1
Orthopoxvirus,prot_t5_xl_half_uniref50-enc,,full,3,1,0.5081558,1
Orthopoxvirus,prot_t5_xl_half_uniref50-enc,,full,3,1,0.51063704,1
Orthopoxvirus,prot_t5_xl_half_uniref50-enc,,full,3,1,0.5154302,1
Orthopoxvirus,prot_t5_xl_half_uniref50-enc,,full,3,1,0.5079692,1
Orthopoxvirus,prot_t5_xl_half_uniref50-enc,,full,3,1,0.5091134,1
Orthopoxvirus,prot_t5_xl_half_uniref50-enc,,full,3,1,0.51413006,1
Orthopoxvirus,prot_t5_xl_half_uniref50-enc,,full,3,1,0.5120765,1
Orthopoxvirus,prot_t5_xl_half_uniref50-enc,,full,3,1,0.5151332,1
Orthopoxvirus,prot_t5_xl_half_uniref50-enc,,full,3,1,0.5084031,1
Orthopoxvirus,prot_t5_xl_half_uniref50-enc,,full,3,1,0.5486414,1
Orthopoxvirus,prot_t5_xl_half_uniref50-enc,,full,3,1,0.5098357,1
Orthopoxvirus,prot_t5_xl_half_uniref50-enc,,full,3,1,0.5276619,1
Orthopoxvirus,prot_t5_xl_half_uniref50-enc,,full,3,1,0.50736797,1
Orthopoxvirus,prot_t5_xl_half_uniref50-enc,,full,3,1,0.5084452,1
Orthopoxvirus,prot_t5_xl_half_uniref50-enc,,full,3,1,0.5114424,1
Orthopoxvirus,prot_t5_xl_half_uniref50-enc,,full,3,1,0.53270185,1
Orthopoxvirus,prot_t5_xl_half_uniref50-enc,,full,3,1,0.5196954,1
Orthopoxvirus,prot_t5_xl_half_uniref50-enc,,full,3,1,0.5071324,1
Orthopoxvirus,prot_t5_xl_half_uniref50-enc,,full,3,1,0.5100145,1
Orthopoxvirus,prot_t5_xl_half_uniref50-enc,,full,3,1,0.5803411,1
Orthopoxvirus,prot_t5_xl_half_uniref50-enc,,full,3,1,0.52061814,1
Orthopoxvirus,prot_t5_xl_half_uniref50-enc,,full,3,1,0.5147768,1
Orthopoxvirus,prot_t5_xl_half_uniref50-enc,,full,3,1,0.5078182,1
Orthopoxvirus,prot_t5_xl_half_uniref50-enc,,full,3,1,0.63649446,1
Orthopoxvirus,prot_t5_xl_half_uniref50-enc,,full,3,1,0.6289889,1
Orthopoxvirus,prot_t5_xl_half_uniref50-enc,,full,3,1,0.5492854,1
Orthopoxvirus,prot_t5_xl_half_uniref50-enc,,full,3,1,0.6892996,1
Orthopoxvirus,prot_t5_xl_half_uniref50-enc,,full,3,1,0.552781,1
Orthopoxvirus,prot_t5_xl_half_uniref50-enc,,full,3,1,0.6773875,1
Orthopoxvirus,prot_t5_xl_half_uniref50-enc,,full,3,1,0.5650521,1
Orthopoxvirus,prot_t5_xl_half_uniref50-enc,,full,3,1,0.50677437,1
Orthopoxvirus,prot_t5_xl_half_uniref50-enc,,full,3,1,0.5160954,1
Orthopoxvirus,prot_t5_xl_half_uniref50-enc,,full,3,1,0.5459125,1
Orthopoxvirus,prot_t5_xl_half_uniref50-enc,,full,3,1,0.5547267,1
Orthopoxvirus,prot_t5_xl_half_uniref50-enc,,full,3,1,0.5789342,1
Orthopoxvirus,prot_t5_xl_half_uniref50-enc,,full,3,1,0.6589602,1
Orthopoxvirus,prot_t5_xl_half_uniref50-enc,,full,3,1,0.52219456,1
Orthopoxvirus,prot_t5_xl_half_uniref50-enc,,full,3,1,0.53429395,1
Orthopoxvirus,prot_t5_xl_half_uniref50-enc,,full,3,0,0.51470554,1
Orthopoxvirus,prot_t5_xl_half_uniref50-enc,,full,3,0,0.5174522,1
Orthopoxvirus,prot_t5_xl_half_uniref50-enc,,full,3,0,0.5214618,1
Orthopoxvirus,prot_t5_xl_half_uniref50-enc,,full,3,0,0.5185975,1
Orthopoxvirus,prot_t5_xl_half_uniref50-enc,,full,3,0,0.5059208,1
Orthopoxvirus,prot_t5_xl_half_uniref50-enc,,full,3,0,0.519535,1
Orthopoxvirus,prot_t5_xl_half_uniref50-enc,,full,3,0,0.64817977,1
Orthopoxvirus,prot_t5_xl_half_uniref50-enc,,full,3,0,0.6557835,1
Orthopoxvirus,prot_t5_xl_half_uniref50-enc,,full,3,0,0.50580835,1
Orthopoxvirus,prot_t5_xl_half_uniref50-enc,,full,3,0,0.52003366,1
Orthopoxvirus,prot_t5_xl_half_uniref50-enc,,full,3,0,0.51523507,1
Orthopoxvirus,prot_t5_xl_half_uniref50-enc,,full,3,0,0.5054848,1
Orthopoxvirus,prot_t5_xl_half_uniref50-enc,,full,3,1,0.516868,1
Orthopoxvirus,prot_t5_xl_half_uniref50-enc,,full,3,1,0.5308618,1
Orthopoxvirus,prot_t5_xl_half_uniref50-enc,,full,3,1,0.51869994,1
Orthopoxvirus,prot_t5_xl_half_uniref50-enc,,full,3,1,0.55397815,1
Orthopoxvirus,prot_t5_xl_half_uniref50-enc,,full,3,1,0.51487154,1
Orthopoxvirus,prot_t5_xl_half_uniref50-enc,,full,3,1,0.5157185,1
Orthopoxvirus,prot_t5_xl_half_uniref50-enc,,full,3,1,0.5203267,1
Orthopoxvirus,prot_t5_xl_half_uniref50-enc,,full,3,1,0.5215072,1
Orthopoxvirus,prot_t5_xl_half_uniref50-enc,,full,3,1,0.5147813,1
Orthopoxvirus,prot_t5_xl_half_uniref50-enc,,full,3,1,0.50675195,1
Orthopoxvirus,prot_t5_xl_half_uniref50-enc,,full,3,1,0.5089543,1
Orthopoxvirus,prot_t5_xl_half_uniref50-enc,,full,3,1,0.6080798,1
Orthopoxvirus,prot_t5_xl_half_uniref50-enc,,full,3,1,0.52110505,1
Orthopoxvirus,prot_t5_xl_half_uniref50-enc,,full,3,1,0.5444612,1
Orthopoxvirus,prot_t5_xl_half_uniref50-enc,,full,3,1,0.52675796,1
Orthopoxvirus,prot_t5_xl_half_uniref50-enc,,full,3,1,0.5669134,1
Orthopoxvirus,prot_t5_xl_half_uniref50-enc,,full,3,1,0.5549522,1
Orthopoxvirus,prot_t5_xl_half_uniref50-enc,,full,3,1,0.6200167,1
Orthopoxvirus,prot_t5_xl_half_uniref50-enc,,full,3,1,0.60805625,1
Orthopoxvirus,prot_t5_xl_half_uniref50-enc,,full,3,1,0.57914203,1
Orthopoxvirus,prot_t5_xl_half_uniref50-enc,,full,3,1,0.59730434,1
Orthopoxvirus,prot_t5_xl_half_uniref50-enc,,full,3,1,0.60263926,1
Orthopoxvirus,prot_t5_xl_half_uniref50-enc,,full,3,1,0.5200273,1
Orthopoxvirus,prot_t5_xl_half_uniref50-enc,,full,3,1,0.6039699,1
Orthopoxvirus,prot_t5_xl_half_uniref50-enc,,full,3,1,0.5588748,1
Orthopoxvirus,prot_t5_xl_half_uniref50-enc,,full,3,1,0.551124,1
Orthopoxvirus,prot_t5_xl_half_uniref50-enc,,full,3,1,0.65679365,1
Orthopoxvirus,prot_t5_xl_half_uniref50-enc,,full,3,1,0.5273297,1
Orthopoxvirus,prot_t5_xl_half_uniref50-enc,,full,3,1,0.5475607,1
Orthopoxvirus,prot_t5_xl_half_uniref50-enc,,full,3,1,0.671724,1
Orthopoxvirus,prot_t5_xl_half_uniref50-enc,,full,3,1,0.50032777,1
Orthopoxvirus,prot_t5_xl_half_uniref50-enc,,full,3,1,0.54429126,1
Orthopoxvirus,prot_t5_xl_half_uniref50-enc,,full,3,1,0.5696241,1
Orthopoxvirus,prot_t5_xl_half_uniref50-enc,,full,3,1,0.6332011,1
Orthopoxvirus,prot_t5_xl_half_uniref50-enc,,full,3,1,0.5389003,1
Orthopoxvirus,prot_t5_xl_half_uniref50-enc,,full,3,1,0.64700305,1
Orthopoxvirus,prot_t5_xl_half_uniref50-enc,,full,3,1,0.5230906,1
Orthopoxvirus,prot_t5_xl_half_uniref50-enc,,full,3,1,0.52394956,1
Orthopoxvirus,prot_t5_xl_half_uniref50-enc,,full,3,1,0.56334794,1
Orthopoxvirus,prot_t5_xl_half_uniref50-enc,,full,3,1,0.54957986,1
Orthopoxvirus,prot_t5_xl_half_uniref50-enc,,full,3,1,0.5085667,1
Orthopoxvirus,prot_t5_xl_half_uniref50-enc,,full,3,1,0.65347034,1
Orthopoxvirus,prot_t5_xl_half_uniref50-enc,,full,3,1,0.68019915,1
Orthopoxvirus,prot_t5_xl_half_uniref50-enc,,full,3,1,0.68300885,1
Orthopoxvirus,prot_t5_xl_half_uniref50-enc,,full,3,1,0.683581,1
Orthopoxvirus,prot_t5_xl_half_uniref50-enc,,full,3,1,0.67915535,1
Orthopoxvirus,prot_t5_xl_half_uniref50-enc,,full,3,1,0.63207036,1
Orthopoxvirus,prot_t5_xl_half_uniref50-enc,,full,3,1,0.68045235,1
Orthopoxvirus,prot_t5_xl_half_uniref50-enc,,full,3,1,0.679808,1
Orthopoxvirus,prot_t5_xl_half_uniref50-enc,,full,3,1,0.68086815,1
Orthopoxvirus,prot_t5_xl_half_uniref50-enc,,full,3,1,0.6832679,1
Orthopoxvirus,prot_t5_xl_half_uniref50-enc,,full,3,1,0.5161618,1
Orthopoxvirus,prot_t5_xl_half_uniref50-enc,,full,3,1,0.5381532,1
Orthopoxvirus,prot_t5_xl_half_uniref50-enc,,full,3,1,0.5206476,1
Orthopoxvirus,prot_t5_xl_half_uniref50-enc,,full,3,1,0.511481,1
Orthopoxvirus,prot_t5_xl_half_uniref50-enc,,full,3,1,0.51412076,1
Orthopoxvirus,prot_t5_xl_half_uniref50-enc,,full,3,1,0.5346233,1
Orthopoxvirus,prot_t5_xl_half_uniref50-enc,,full,3,1,0.5017759,1
Orthopoxvirus,prot_t5_xl_half_uniref50-enc,,full,3,1,0.5061635,1
Orthopoxvirus,prot_t5_xl_half_uniref50-enc,,full,3,1,0.5584804,1
Orthopoxvirus,prot_t5_xl_half_uniref50-enc,,full,3,1,0.52615887,1
Orthopoxvirus,prot_t5_xl_half_uniref50-enc,,full,3,1,0.50246036,1
Orthopoxvirus,prot_t5_xl_half_uniref50-enc,,full,3,1,0.50028896,1
Orthopoxvirus,prot_t5_xl_half_uniref50-enc,,full,3,1,0.49870464,0
Orthopoxvirus,prot_t5_xl_half_uniref50-enc,,full,3,1,0.5025402,1
Orthopoxvirus,prot_t5_xl_half_uniref50-enc,,full,3,1,0.5004558,1
Orthopoxvirus,prot_t5_xl_half_uniref50-enc,,full,3,1,0.5074917,1
Orthopoxvirus,prot_t5_xl_half_uniref50-enc,,full,3,1,0.52488565,1
Orthopoxvirus,prot_t5_xl_half_uniref50-enc,,full,3,1,0.51867473,1
Orthopoxvirus,prot_t5_xl_half_uniref50-enc,,full,3,1,0.50627875,1
Orthopoxvirus,prot_t5_xl_half_uniref50-enc,,full,3,1,0.5103717,1
Orthopoxvirus,prot_t5_xl_half_uniref50-enc,,full,3,1,0.5763499,1
Orthopoxvirus,prot_t5_xl_half_uniref50-enc,,full,3,1,0.5213306,1
Orthopoxvirus,prot_t5_xl_half_uniref50-enc,,full,3,1,0.5084558,1
Orthopoxvirus,prot_t5_xl_half_uniref50-enc,,full,3,1,0.5254966,1
Orthopoxvirus,prot_t5_xl_half_uniref50-enc,,full,3,1,0.51782537,1
Orthopoxvirus,prot_t5_xl_half_uniref50-enc,,full,3,1,0.51956517,1
Orthopoxvirus,prot_t5_xl_half_uniref50-enc,,full,3,1,0.51733774,1
Orthopoxvirus,prot_t5_xl_half_uniref50-enc,,full,3,1,0.5109358,1
Orthopoxvirus,prot_t5_xl_half_uniref50-enc,,full,3,1,0.508511,1
Orthopoxvirus,prot_t5_xl_half_uniref50-enc,,full,3,1,0.49665952,0
Orthopoxvirus,prot_t5_xl_half_uniref50-enc,,full,3,1,0.5056557,1
Orthopoxvirus,prot_t5_xl_half_uniref50-enc,,full,3,1,0.5020311,1
Orthopoxvirus,prot_t5_xl_half_uniref50-enc,,full,3,1,0.50804484,1
Orthopoxvirus,prot_t5_xl_half_uniref50-enc,,full,3,1,0.50005984,1
Orthopoxvirus,prot_t5_xl_half_uniref50-enc,,full,3,1,0.5106793,1
Orthopoxvirus,prot_t5_xl_half_uniref50-enc,,full,3,1,0.519139,1
Orthopoxvirus,prot_t5_xl_half_uniref50-enc,,full,3,1,0.53232193,1
Orthopoxvirus,prot_t5_xl_half_uniref50-enc,,full,3,1,0.5162038,1
Orthopoxvirus,prot_t5_xl_half_uniref50-enc,,full,3,1,0.49872226,0
Orthopoxvirus,prot_t5_xl_half_uniref50-enc,,full,3,1,0.5084877,1
Orthopoxvirus,prot_t5_xl_half_uniref50-enc,,full,3,1,0.5716932,1
Orthopoxvirus,prot_t5_xl_half_uniref50-enc,,full,3,1,0.6471331,1
Orthopoxvirus,prot_t5_xl_half_uniref50-enc,,full,3,1,0.5046388,1
Orthopoxvirus,prot_t5_xl_half_uniref50-enc,,full,3,1,0.50428975,1
Orthopoxvirus,prot_t5_xl_half_uniref50-enc,,full,3,1,0.523745,1
Orthopoxvirus,prot_t5_xl_half_uniref50-enc,,full,3,1,0.5048348,1
Orthopoxvirus,prot_t5_xl_half_uniref50-enc,,full,3,1,0.5059955,1
Orthopoxvirus,prot_t5_xl_half_uniref50-enc,,full,3,1,0.49709517,0
Orthopoxvirus,prot_t5_xl_half_uniref50-enc,,full,3,1,0.5089763,1
Orthopoxvirus,prot_t5_xl_half_uniref50-enc,,full,3,1,0.67973614,1
Orthopoxvirus,prot_t5_xl_half_uniref50-enc,,full,3,1,0.55010283,1
Orthopoxvirus,prot_t5_xl_half_uniref50-enc,,full,3,1,0.55695814,1
Orthopoxvirus,prot_t5_xl_half_uniref50-enc,,full,3,1,0.5122105,1
Orthopoxvirus,prot_t5_xl_half_uniref50-enc,,full,3,1,0.5586502,1
Orthopoxvirus,prot_t5_xl_half_uniref50-enc,,full,3,1,0.6522201,1
Orthopoxvirus,prot_t5_xl_half_uniref50-enc,,full,3,1,0.51635015,1
Orthopoxvirus,prot_t5_xl_half_uniref50-enc,,full,3,1,0.520328,1
Orthopoxvirus,prot_t5_xl_half_uniref50-enc,,full,3,1,0.5289641,1
Orthopoxvirus,prot_t5_xl_half_uniref50-enc,,full,3,1,0.52797997,1
Orthopoxvirus,prot_t5_xl_half_uniref50-enc,,full,3,1,0.56556726,1
Orthopoxvirus,prot_t5_xl_half_uniref50-enc,,full,3,1,0.530149,1
Orthopoxvirus,prot_t5_xl_half_uniref50-enc,,full,3,1,0.5276654,1
Orthopoxvirus,prot_t5_xl_half_uniref50-enc,,full,3,1,0.5257576,1
Orthopoxvirus,prot_t5_xl_half_uniref50-enc,,full,3,1,0.65692204,1
Orthopoxvirus,prot_t5_xl_half_uniref50-enc,,full,3,1,0.5658513,1
Orthopoxvirus,prot_t5_xl_half_uniref50-enc,,full,3,1,0.67286736,1
Orthopoxvirus,prot_t5_xl_half_uniref50-enc,,full,3,1,0.5577756,1
Orthopoxvirus,prot_t5_xl_half_uniref50-enc,,full,3,1,0.6708281,1
Orthopoxvirus,prot_t5_xl_half_uniref50-enc,,full,3,1,0.559233,1
Orthopoxvirus,prot_t5_xl_half_uniref50-enc,,full,3,1,0.6759967,1
Orthopoxvirus,prot_t5_xl_half_uniref50-enc,,full,3,1,0.55662024,1
Orthopoxvirus,prot_t5_xl_half_uniref50-enc,,full,3,1,0.51839334,1
Orthopoxvirus,prot_t5_xl_half_uniref50-enc,,full,3,1,0.5749551,1
Orthopoxvirus,prot_t5_xl_half_uniref50-enc,,full,3,1,0.5840281,1
Orthopoxvirus,prot_t5_xl_half_uniref50-enc,,full,3,1,0.59695977,1
Orthopoxvirus,prot_t5_xl_half_uniref50-enc,,full,3,1,0.621275,1
Orthopoxvirus,prot_t5_xl_half_uniref50-enc,,full,3,1,0.66981655,1
Orthopoxvirus,prot_t5_xl_half_uniref50-enc,,full,3,1,0.5580317,1
Orthopoxvirus,prot_t5_xl_half_uniref50-enc,,full,3,1,0.57605916,1
Orthopoxvirus,prot_t5_xl_half_uniref50-enc,,full,3,1,0.66814315,1
Orthopoxvirus,prot_t5_xl_half_uniref50-enc,,full,3,1,0.6284108,1
Orthopoxvirus,prot_t5_xl_half_uniref50-enc,,full,3,1,0.6650509,1
Orthopoxvirus,prot_t5_xl_half_uniref50-enc,,full,3,1,0.6787746,1
Orthopoxvirus,prot_t5_xl_half_uniref50-enc,,full,3,1,0.58707875,1
Orthopoxvirus,prot_t5_xl_half_uniref50-enc,,full,3,1,0.6778362,1
Orthopoxvirus,prot_t5_xl_half_uniref50-enc,,full,3,1,0.6825754,1
Orthopoxvirus,prot_t5_xl_half_uniref50-enc,,full,3,1,0.690698,1
Orthopoxvirus,prot_t5_xl_half_uniref50-enc,,full,3,1,0.6861874,1
Orthopoxvirus,prot_t5_xl_half_uniref50-enc,,full,3,1,0.6787394,1
Orthopoxvirus,prot_t5_xl_half_uniref50-enc,,full,3,1,0.6566431,1
Orthopoxvirus,prot_t5_xl_half_uniref50-enc,,full,3,1,0.6792272,1
Orthopoxvirus,prot_t5_xl_half_uniref50-enc,,full,3,1,0.5907959,1
Orthopoxvirus,prot_t5_xl_half_uniref50-enc,,full,3,1,0.6076959,1
Orthopoxvirus,prot_t5_xl_half_uniref50-enc,,full,3,1,0.61664045,1
Orthopoxvirus,prot_t5_xl_half_uniref50-enc,,full,3,1,0.52875525,1
Orthopoxvirus,prot_t5_xl_half_uniref50-enc,,full,3,1,0.61779976,1
Orthopoxvirus,prot_t5_xl_half_uniref50-enc,,full,3,1,0.57243407,1
Orthopoxvirus,prot_t5_xl_half_uniref50-enc,,full,3,1,0.56310576,1
Orthopoxvirus,prot_t5_xl_half_uniref50-enc,,full,3,1,0.66396374,1
Orthopoxvirus,prot_t5_xl_half_uniref50-enc,,full,3,1,0.5374184,1
Orthopoxvirus,prot_t5_xl_half_uniref50-enc,,full,3,1,0.55818665,1
Orthopoxvirus,prot_t5_xl_half_uniref50-enc,,full,3,1,0.67629665,1
Orthopoxvirus,prot_t5_xl_half_uniref50-enc,,full,3,1,0.50256646,1
Orthopoxvirus,prot_t5_xl_half_uniref50-enc,,full,3,1,0.55410737,1
Orthopoxvirus,prot_t5_xl_half_uniref50-enc,,full,3,1,0.58265424,1
Orthopoxvirus,prot_t5_xl_half_uniref50-enc,,full,3,1,0.6449957,1
Orthopoxvirus,prot_t5_xl_half_uniref50-enc,,full,3,1,0.61819667,1
Orthopoxvirus,prot_t5_xl_half_uniref50-enc,,full,3,1,0.64620465,1
Orthopoxvirus,prot_t5_xl_half_uniref50-enc,,full,3,1,0.5671829,1
Orthopoxvirus,prot_t5_xl_half_uniref50-enc,,full,3,1,0.5779342,1
Orthopoxvirus,prot_t5_xl_half_uniref50-enc,,full,3,1,0.5332173,1
Orthopoxvirus,prot_t5_xl_half_uniref50-enc,,full,3,1,0.67110133,1
Orthopoxvirus,prot_t5_xl_half_uniref50-enc,,full,3,1,0.66507876,1
Orthopoxvirus,prot_t5_xl_half_uniref50-enc,,full,3,1,0.62872964,1
Orthopoxvirus,prot_t5_xl_half_uniref50-enc,,full,3,1,0.6808356,1
Orthopoxvirus,prot_t5_xl_half_uniref50-enc,,full,3,1,0.6210985,1
Orthopoxvirus,prot_t5_xl_half_uniref50-enc,,full,3,1,0.6880663,1
Orthopoxvirus,prot_t5_xl_half_uniref50-enc,,full,3,1,0.6294577,1
Orthopoxvirus,prot_t5_xl_half_uniref50-enc,,full,3,1,0.5486302,1
Orthopoxvirus,prot_t5_xl_half_uniref50-enc,,full,3,1,0.5800151,1
Orthopoxvirus,prot_t5_xl_half_uniref50-enc,,full,3,1,0.6273625,1
Orthopoxvirus,prot_t5_xl_half_uniref50-enc,,full,3,1,0.8363532,1
Orthopoxvirus,prot_t5_xl_half_uniref50-enc,,full,3,1,0.8354796,1
Orthopoxvirus,prot_t5_xl_half_uniref50-enc,,full,3,1,0.836255,1
Orthopoxvirus,prot_t5_xl_half_uniref50-enc,,full,3,1,0.83644825,1
Orthopoxvirus,prot_t5_xl_half_uniref50-enc,,full,3,1,0.8363564,1
Orthopoxvirus,prot_t5_xl_half_uniref50-enc,,full,3,1,0.8364372,1
Orthopoxvirus,prot_t5_xl_half_uniref50-enc,,full,3,1,0.8366233,1
Orthopoxvirus,prot_t5_xl_half_uniref50-enc,,full,3,1,0.8366304,1
Orthopoxvirus,prot_t5_xl_half_uniref50-enc,,full,3,1,0.8365989,1
Orthopoxvirus,prot_t5_xl_half_uniref50-enc,,full,3,1,0.8367849,1
Orthopoxvirus,prot_t5_xl_half_uniref50-enc,,full,3,1,0.8362807,1
Orthopoxvirus,prot_t5_xl_half_uniref50-enc,,full,3,1,0.83732563,1
Orthopoxvirus,prot_t5_xl_half_uniref50-enc,,full,3,1,0.8367976,1
Orthopoxvirus,prot_t5_xl_half_uniref50-enc,,full,3,1,0.8364301,1
Orthopoxvirus,prot_t5_xl_half_uniref50-enc,,full,3,1,0.83699405,1
Orthopoxvirus,prot_t5_xl_half_uniref50-enc,,full,3,1,0.5575034,1
Orthopoxvirus,prot_t5_xl_half_uniref50-enc,,full,3,1,0.5066676,1
Orthopoxvirus,prot_t5_xl_half_uniref50-enc,,full,3,1,0.51728284,1
Orthopoxvirus,prot_t5_xl_half_uniref50-enc,,full,3,1,0.50606585,1
Orthopoxvirus,prot_t5_xl_half_uniref50-enc,,full,3,1,0.52598596,1
Orthopoxvirus,prot_t5_xl_half_uniref50-enc,,full,3,1,0.52978104,1
Orthopoxvirus,prot_t5_xl_half_uniref50-enc,,full,3,1,0.5627513,1
Orthopoxvirus,prot_t5_xl_half_uniref50-enc,,full,3,1,0.57079095,1
Orthopoxvirus,prot_t5_xl_half_uniref50-enc,,full,3,1,0.528253,1
Orthopoxvirus,prot_t5_xl_half_uniref50-enc,,full,3,1,0.5593436,1
Orthopoxvirus,prot_t5_xl_half_uniref50-enc,,full,3,1,0.65676266,1
Orthopoxvirus,prot_t5_xl_half_uniref50-enc,,full,3,1,0.6574793,1
Orthopoxvirus,prot_t5_xl_half_uniref50-enc,,full,3,1,0.66490006,1
Orthopoxvirus,prot_t5_xl_half_uniref50-enc,,full,3,1,0.6404028,1
Orthopoxvirus,prot_t5_xl_half_uniref50-enc,,full,3,1,0.65879065,1
Orthopoxvirus,prot_t5_xl_half_uniref50-enc,,full,3,1,0.6104246,1
Orthopoxvirus,prot_t5_xl_half_uniref50-enc,,full,3,1,0.55166817,1
Orthopoxvirus,prot_t5_xl_half_uniref50-enc,,full,3,1,0.6706358,1
Orthopoxvirus,prot_t5_xl_half_uniref50-enc,,full,3,1,0.67229646,1
Orthopoxvirus,prot_t5_xl_half_uniref50-enc,,full,3,1,0.65116113,1
Orthopoxvirus,prot_t5_xl_half_uniref50-enc,,full,3,1,0.66969824,1
Orthopoxvirus,prot_t5_xl_half_uniref50-enc,,full,3,1,0.6717708,1
Orthopoxvirus,prot_t5_xl_half_uniref50-enc,,full,3,1,0.6729584,1
Orthopoxvirus,prot_t5_xl_half_uniref50-enc,,full,3,1,0.6703091,1
Orthopoxvirus,prot_t5_xl_half_uniref50-enc,,full,3,1,0.6712644,1
Orthopoxvirus,prot_t5_xl_half_uniref50-enc,,full,3,1,0.67096335,1
Orthopoxvirus,prot_t5_xl_half_uniref50-enc,,full,3,1,0.6694414,1
Orthopoxvirus,prot_t5_xl_half_uniref50-enc,,full,3,1,0.6677643,1
Orthopoxvirus,prot_t5_xl_half_uniref50-enc,,full,3,1,0.6659543,1
Orthopoxvirus,prot_t5_xl_half_uniref50-enc,,full,3,1,0.6719312,1
Orthopoxvirus,prot_t5_xl_half_uniref50-enc,,full,3,1,0.6548344,1
Orthopoxvirus,prot_t5_xl_half_uniref50-enc,,full,3,1,0.64799184,1
Orthopoxvirus,prot_t5_xl_half_uniref50-enc,,full,3,1,0.6717068,1
Orthopoxvirus,prot_t5_xl_half_uniref50-enc,,full,3,1,0.6706418,1
Orthopoxvirus,prot_t5_xl_half_uniref50-enc,,full,3,1,0.67304313,1
Orthopoxvirus,prot_t5_xl_half_uniref50-enc,,full,3,1,0.67203337,1
Orthopoxvirus,prot_t5_xl_half_uniref50-enc,,full,3,1,0.66760725,1
Orthopoxvirus,prot_t5_xl_half_uniref50-enc,,full,3,1,0.6657823,1
Orthopoxvirus,prot_t5_xl_half_uniref50-enc,,full,3,1,0.6713081,1
Orthopoxvirus,prot_t5_xl_half_uniref50-enc,,full,3,1,0.670334,1
Orthopoxvirus,prot_t5_xl_half_uniref50-enc,,full,3,1,0.67318857,1
Orthopoxvirus,prot_t5_xl_half_uniref50-enc,,full,3,1,0.6622986,1
Orthopoxvirus,prot_t5_xl_half_uniref50-enc,,full,3,1,0.66724634,1
Orthopoxvirus,prot_t5_xl_half_uniref50-enc,,full,3,1,0.6674114,1
Orthopoxvirus,prot_t5_xl_half_uniref50-enc,,full,3,1,0.67348963,1
Orthopoxvirus,prot_t5_xl_half_uniref50-enc,,full,3,1,0.6732134,1
Orthopoxvirus,prot_t5_xl_half_uniref50-enc,,full,3,1,0.66871583,1
Orthopoxvirus,prot_t5_xl_half_uniref50-enc,,full,3,1,0.66963065,1
Orthopoxvirus,prot_t5_xl_half_uniref50-enc,,full,3,1,0.6700253,1
Orthopoxvirus,prot_t5_xl_half_uniref50-enc,,full,3,1,0.6567317,1
Orthopoxvirus,prot_t5_xl_half_uniref50-enc,,full,3,1,0.65912807,1
Orthopoxvirus,prot_t5_xl_half_uniref50-enc,,full,3,1,0.6720189,1
Orthopoxvirus,prot_t5_xl_half_uniref50-enc,,full,3,1,0.6645808,1
Orthopoxvirus,prot_t5_xl_half_uniref50-enc,,full,3,1,0.6668985,1
Orthopoxvirus,prot_t5_xl_half_uniref50-enc,,full,3,1,0.67109346,1
Orthopoxvirus,prot_t5_xl_half_uniref50-enc,,full,3,1,0.6680153,1
Orthopoxvirus,prot_t5_xl_half_uniref50-enc,,full,3,1,0.6655724,1
Orthopoxvirus,prot_t5_xl_half_uniref50-enc,,full,3,1,0.6683613,1
Orthopoxvirus,prot_t5_xl_half_uniref50-enc,,full,3,1,0.67274255,1
Orthopoxvirus,prot_t5_xl_half_uniref50-enc,,full,3,1,0.6645495,1
Orthopoxvirus,prot_t5_xl_half_uniref50-enc,,full,3,1,0.6581906,1
Orthopoxvirus,prot_t5_xl_half_uniref50-enc,,full,3,0,0.52713585,1
Orthopoxvirus,prot_t5_xl_half_uniref50-enc,,full,3,0,0.53602713,1
Orthopoxvirus,prot_t5_xl_half_uniref50-enc,,full,3,0,0.5245077,1
Orthopoxvirus,prot_t5_xl_half_uniref50-enc,,full,3,0,0.5217085,1
Orthopoxvirus,prot_t5_xl_half_uniref50-enc,,full,3,0,0.5353349,1
Orthopoxvirus,prot_t5_xl_half_uniref50-enc,,full,3,0,0.53418213,1
Orthopoxvirus,prot_t5_xl_half_uniref50-enc,,full,3,0,0.52626127,1
Orthopoxvirus,prot_t5_xl_half_uniref50-enc,,full,3,0,0.5210925,1
Orthopoxvirus,prot_t5_xl_half_uniref50-enc,,full,3,0,0.5322195,1
Orthopoxvirus,prot_t5_xl_half_uniref50-enc,,full,3,0,0.5292749,1
Orthopoxvirus,prot_t5_xl_half_uniref50-enc,,full,3,0,0.5174415,1
Orthopoxvirus,prot_t5_xl_half_uniref50-enc,,full,3,0,0.5236193,1
Orthopoxvirus,prot_t5_xl_half_uniref50-enc,,full,3,0,0.5231778,1
Orthopoxvirus,prot_t5_xl_half_uniref50-enc,,full,3,0,0.51835436,1
Orthopoxvirus,prot_t5_xl_half_uniref50-enc,,full,3,0,0.51844907,1
Orthopoxvirus,prot_t5_xl_half_uniref50-enc,,full,3,0,0.5205409,1
Orthopoxvirus,prot_t5_xl_half_uniref50-enc,,full,3,0,0.5204303,1
Orthopoxvirus,prot_t5_xl_half_uniref50-enc,,full,3,0,0.5331805,1
Orthopoxvirus,prot_t5_xl_half_uniref50-enc,,full,3,0,0.5231598,1
Orthopoxvirus,prot_t5_xl_half_uniref50-enc,,full,3,0,0.52756387,1
Orthopoxvirus,prot_t5_xl_half_uniref50-enc,,full,3,0,0.52001333,1
Orthopoxvirus,prot_t5_xl_half_uniref50-enc,,full,3,0,0.52588975,1
Orthopoxvirus,prot_t5_xl_half_uniref50-enc,,full,3,0,0.53239137,1
Orthopoxvirus,prot_t5_xl_half_uniref50-enc,,full,3,0,0.53296626,1
Orthopoxvirus,prot_t5_xl_half_uniref50-enc,,full,3,0,0.5224766,1
Orthopoxvirus,prot_t5_xl_half_uniref50-enc,,full,3,0,0.52119625,1
Orthopoxvirus,prot_t5_xl_half_uniref50-enc,,full,3,1,0.51842904,1
Orthopoxvirus,prot_t5_xl_half_uniref50-enc,,full,3,1,0.52270937,1
Orthopoxvirus,prot_t5_xl_half_uniref50-enc,,full,3,1,0.5245344,1
Orthopoxvirus,prot_t5_xl_half_uniref50-enc,,full,3,1,0.5182694,1
Orthopoxvirus,prot_t5_xl_half_uniref50-enc,,full,3,1,0.52880573,1
Orthopoxvirus,prot_t5_xl_half_uniref50-enc,,full,3,1,0.5285901,1
Orthopoxvirus,prot_t5_xl_half_uniref50-enc,,full,3,1,0.5179664,1
Orthopoxvirus,prot_t5_xl_half_uniref50-enc,,full,3,0,0.5191932,1
Orthopoxvirus,prot_t5_xl_half_uniref50-enc,,full,3,0,0.5217411,1
Orthopoxvirus,prot_t5_xl_half_uniref50-enc,,full,3,0,0.5203758,1
Orthopoxvirus,prot_t5_xl_half_uniref50-enc,,full,3,0,0.52010304,1
Orthopoxvirus,prot_t5_xl_half_uniref50-enc,,full,3,0,0.5243926,1
Orthopoxvirus,prot_t5_xl_half_uniref50-enc,,full,3,0,0.5348483,1
Orthopoxvirus,prot_t5_xl_half_uniref50-enc,,full,3,0,0.5310689,1
Orthopoxvirus,prot_t5_xl_half_uniref50-enc,,full,3,0,0.52842987,1
Orthopoxvirus,prot_t5_xl_half_uniref50-enc,,full,3,0,0.52872956,1
Orthopoxvirus,prot_t5_xl_half_uniref50-enc,,full,3,0,0.52513754,1
Orthopoxvirus,prot_t5_xl_half_uniref50-enc,,full,3,0,0.5197501,1
Orthopoxvirus,prot_t5_xl_half_uniref50-enc,,full,3,0,0.5187326,1
Orthopoxvirus,prot_t5_xl_half_uniref50-enc,,full,3,0,0.51785535,1
Orthopoxvirus,prot_t5_xl_half_uniref50-enc,,full,3,0,0.5290809,1
Orthopoxvirus,prot_t5_xl_half_uniref50-enc,,full,3,0,0.53091013,1
Orthopoxvirus,prot_t5_xl_half_uniref50-enc,,full,3,0,0.5251046,1
Orthopoxvirus,prot_t5_xl_half_uniref50-enc,,full,3,0,0.54278624,1
Orthopoxvirus,prot_t5_xl_half_uniref50-enc,,full,3,0,0.53314793,1
Orthopoxvirus,prot_t5_xl_half_uniref50-enc,,full,3,0,0.5380404,1
Orthopoxvirus,prot_t5_xl_half_uniref50-enc,,full,3,0,0.542998,1
Orthopoxvirus,prot_t5_xl_half_uniref50-enc,,full,3,0,0.5316995,1
Orthopoxvirus,prot_t5_xl_half_uniref50-enc,,full,3,0,0.52556896,1
Orthopoxvirus,prot_t5_xl_half_uniref50-enc,,full,3,0,0.540242,1
Orthopoxvirus,prot_t5_xl_half_uniref50-enc,,full,3,0,0.5333327,1
Orthopoxvirus,prot_t5_xl_half_uniref50-enc,,full,3,0,0.54145914,1
Orthopoxvirus,prot_t5_xl_half_uniref50-enc,,full,3,0,0.52741235,1
Orthopoxvirus,prot_t5_xl_half_uniref50-enc,,full,3,0,0.54094195,1
Orthopoxvirus,prot_t5_xl_half_uniref50-enc,,full,3,0,0.5306197,1
Orthopoxvirus,prot_t5_xl_half_uniref50-enc,,full,3,0,0.5213002,1
Orthopoxvirus,prot_t5_xl_half_uniref50-enc,,full,3,0,0.5161242,1
Orthopoxvirus,prot_t5_xl_half_uniref50-enc,,full,3,0,0.5323572,1
Orthopoxvirus,prot_t5_xl_half_uniref50-enc,,full,3,0,0.53677535,1
Orthopoxvirus,prot_t5_xl_half_uniref50-enc,,full,3,0,0.53606164,1
Orthopoxvirus,prot_t5_xl_half_uniref50-enc,,full,3,0,0.52560794,1
Orthopoxvirus,prot_t5_xl_half_uniref50-enc,,full,3,0,0.5391325,1
Orthopoxvirus,prot_t5_xl_half_uniref50-enc,,full,3,0,0.53441805,1
Orthopoxvirus,prot_t5_xl_half_uniref50-enc,,full,3,0,0.53823537,1
Orthopoxvirus,prot_t5_xl_half_uniref50-enc,,full,3,0,0.5329056,1
Orthopoxvirus,prot_t5_xl_half_uniref50-enc,,full,3,0,0.51641,1
Orthopoxvirus,prot_t5_xl_half_uniref50-enc,,full,3,0,0.52858955,1
Orthopoxvirus,prot_t5_xl_half_uniref50-enc,,full,3,0,0.53445095,1
Orthopoxvirus,prot_t5_xl_half_uniref50-enc,,full,3,0,0.5264189,1
Orthopoxvirus,prot_t5_xl_half_uniref50-enc,,full,3,0,0.53709114,1
Orthopoxvirus,prot_t5_xl_half_uniref50-enc,,full,3,0,0.5306774,1
Orthopoxvirus,prot_t5_xl_half_uniref50-enc,,full,3,0,0.53732514,1
Orthopoxvirus,prot_t5_xl_half_uniref50-enc,,full,3,0,0.5422734,1
Orthopoxvirus,prot_t5_xl_half_uniref50-enc,,full,3,0,0.5158032,1
Orthopoxvirus,prot_t5_xl_half_uniref50-enc,,full,3,0,0.543602,1
Orthopoxvirus,prot_t5_xl_half_uniref50-enc,,full,3,0,0.5368808,1
Orthopoxvirus,prot_t5_xl_half_uniref50-enc,,full,3,0,0.5254681,1
Orthopoxvirus,prot_t5_xl_half_uniref50-enc,,full,3,0,0.5205282,1
Orthopoxvirus,prot_t5_xl_half_uniref50-enc,,full,3,0,0.52383065,1
Orthopoxvirus,prot_t5_xl_half_uniref50-enc,,full,3,0,0.52161634,1
Orthopoxvirus,prot_t5_xl_half_uniref50-enc,,full,3,0,0.5211712,1
Orthopoxvirus,prot_t5_xl_half_uniref50-enc,,full,3,0,0.51645416,1
Orthopoxvirus,prot_t5_xl_half_uniref50-enc,,full,3,0,0.51767516,1
Orthopoxvirus,prot_t5_xl_half_uniref50-enc,,full,3,0,0.5234589,1
Orthopoxvirus,prot_t5_xl_half_uniref50-enc,,full,3,0,0.52971673,1
Orthopoxvirus,prot_t5_xl_half_uniref50-enc,,full,3,0,0.52144504,1
Orthopoxvirus,prot_t5_xl_half_uniref50-enc,,full,3,0,0.53904533,1
Orthopoxvirus,prot_t5_xl_half_uniref50-enc,,full,3,0,0.53019786,1
Orthopoxvirus,prot_t5_xl_half_uniref50-enc,,full,3,0,0.53981584,1
Orthopoxvirus,prot_t5_xl_half_uniref50-enc,,full,3,0,0.5442623,1
Orthopoxvirus,prot_t5_xl_half_uniref50-enc,,full,3,0,0.5305833,1
Orthopoxvirus,prot_t5_xl_half_uniref50-enc,,full,3,0,0.5435657,1
Orthopoxvirus,prot_t5_xl_half_uniref50-enc,,full,3,0,0.5375244,1
Orthopoxvirus,prot_t5_xl_half_uniref50-enc,,full,3,0,0.540967,1
Orthopoxvirus,prot_t5_xl_half_uniref50-enc,,full,3,0,0.53915066,1
Orthopoxvirus,prot_t5_xl_half_uniref50-enc,,full,3,0,0.5334577,1
Orthopoxvirus,prot_t5_xl_half_uniref50-enc,,full,3,0,0.5323518,1
Orthopoxvirus,prot_t5_xl_half_uniref50-enc,,full,3,0,0.5374343,1
Orthopoxvirus,prot_t5_xl_half_uniref50-enc,,full,3,0,0.5442476,1
Orthopoxvirus,prot_t5_xl_half_uniref50-enc,,full,3,0,0.54521847,1
Orthopoxvirus,prot_t5_xl_half_uniref50-enc,,full,3,0,0.53596795,1
Orthopoxvirus,prot_t5_xl_half_uniref50-enc,,full,3,0,0.5359288,1
Orthopoxvirus,prot_t5_xl_half_uniref50-enc,,full,3,1,0.75427336,1
Orthopoxvirus,prot_t5_xl_half_uniref50-enc,,full,3,1,0.75372297,1
Orthopoxvirus,prot_t5_xl_half_uniref50-enc,,full,3,1,0.7543606,1
Orthopoxvirus,prot_t5_xl_half_uniref50-enc,,full,3,1,0.7542486,1
Orthopoxvirus,prot_t5_xl_half_uniref50-enc,,full,3,1,0.75379384,1
Orthopoxvirus,prot_t5_xl_half_uniref50-enc,,full,3,1,0.7543993,1
Orthopoxvirus,prot_t5_xl_half_uniref50-enc,,full,3,1,0.75439733,1
Orthopoxvirus,prot_t5_xl_half_uniref50-enc,,full,3,1,0.7533504,1
Orthopoxvirus,prot_t5_xl_half_uniref50-enc,,full,3,1,0.754236,1
Orthopoxvirus,prot_t5_xl_half_uniref50-enc,,full,3,1,0.7542251,1
Orthopoxvirus,prot_t5_xl_half_uniref50-enc,,full,3,1,0.75409913,1
Orthopoxvirus,prot_t5_xl_half_uniref50-enc,,full,3,1,0.7521356,1
Orthopoxvirus,prot_t5_xl_half_uniref50-enc,,full,3,1,0.752544,1
Orthopoxvirus,prot_t5_xl_half_uniref50-enc,,full,3,1,0.7472236,1
Orthopoxvirus,prot_t5_xl_half_uniref50-enc,,full,3,1,0.75378585,1
Orthopoxvirus,prot_t5_xl_half_uniref50-enc,,full,3,1,0.67086685,1
Orthopoxvirus,prot_t5_xl_half_uniref50-enc,,full,3,1,0.6689466,1
Orthopoxvirus,prot_t5_xl_half_uniref50-enc,,full,3,1,0.68052053,1
Orthopoxvirus,prot_t5_xl_half_uniref50-enc,,full,3,1,0.6777425,1
Orthopoxvirus,prot_t5_xl_half_uniref50-enc,,full,3,1,0.675687,1
Orthopoxvirus,prot_t5_xl_half_uniref50-enc,,full,3,1,0.6696101,1
Orthopoxvirus,prot_t5_xl_half_uniref50-enc,,full,3,1,0.65912706,1
Orthopoxvirus,prot_t5_xl_half_uniref50-enc,,full,3,1,0.67391455,1
Orthopoxvirus,prot_t5_xl_half_uniref50-enc,,full,3,1,0.67734313,1
Orthopoxvirus,prot_t5_xl_half_uniref50-enc,,full,3,1,0.6767503,1
Orthopoxvirus,prot_t5_xl_half_uniref50-enc,,full,3,1,0.6784869,1
Orthopoxvirus,prot_t5_xl_half_uniref50-enc,,full,3,1,0.6750793,1
Orthopoxvirus,prot_t5_xl_half_uniref50-enc,,full,3,1,0.67990655,1
Orthopoxvirus,prot_t5_xl_half_uniref50-enc,,full,3,1,0.6776913,1
Orthopoxvirus,prot_t5_xl_half_uniref50-enc,,full,3,1,0.6758196,1
Orthopoxvirus,prot_t5_xl_half_uniref50-enc,,full,3,1,0.6769315,1
Orthopoxvirus,prot_t5_xl_half_uniref50-enc,,full,3,1,0.6749664,1
Orthopoxvirus,prot_t5_xl_half_uniref50-enc,,full,3,1,0.6547512,1
Orthopoxvirus,prot_t5_xl_half_uniref50-enc,,full,3,1,0.67229545,1
Orthopoxvirus,prot_t5_xl_half_uniref50-enc,,full,3,1,0.6676319,1
Orthopoxvirus,prot_t5_xl_half_uniref50-enc,,full,3,1,0.67680305,1
Orthopoxvirus,prot_t5_xl_half_uniref50-enc,,full,3,1,0.66287786,1
Orthopoxvirus,prot_t5_xl_half_uniref50-enc,,full,3,1,0.6815888,1
Orthopoxvirus,prot_t5_xl_half_uniref50-enc,,full,3,1,0.6811739,1
Orthopoxvirus,prot_t5_xl_half_uniref50-enc,,full,3,1,0.67425483,1
Orthopoxvirus,prot_t5_xl_half_uniref50-enc,,full,3,1,0.539014,1
Orthopoxvirus,prot_t5_xl_half_uniref50-enc,,full,3,1,0.55315226,1
Orthopoxvirus,prot_t5_xl_half_uniref50-enc,,full,3,1,0.546667,1
Orthopoxvirus,prot_t5_xl_half_uniref50-enc,,full,3,1,0.54006964,1
Orthopoxvirus,prot_t5_xl_half_uniref50-enc,,full,3,1,0.55366725,1
Orthopoxvirus,prot_t5_xl_half_uniref50-enc,,full,3,1,0.55406797,1
Orthopoxvirus,prot_t5_xl_half_uniref50-enc,,full,3,1,0.5529957,1
Orthopoxvirus,prot_t5_xl_half_uniref50-enc,,full,3,1,0.55672574,1
Orthopoxvirus,prot_t5_xl_half_uniref50-enc,,full,3,1,0.55468297,1
Orthopoxvirus,prot_t5_xl_half_uniref50-enc,,full,3,1,0.52856976,1
Orthopoxvirus,prot_t5_xl_half_uniref50-enc,,full,3,1,0.5551354,1
Orthopoxvirus,prot_t5_xl_half_uniref50-enc,,full,3,1,0.5540211,1
Orthopoxvirus,prot_t5_xl_half_uniref50-enc,,full,3,1,0.5515462,1
Orthopoxvirus,prot_t5_xl_half_uniref50-enc,,full,3,1,0.5542697,1
Orthopoxvirus,prot_t5_xl_half_uniref50-enc,,full,3,1,0.54732335,1
Orthopoxvirus,prot_t5_xl_half_uniref50-enc,,full,3,1,0.55401826,1
Orthopoxvirus,prot_t5_xl_half_uniref50-enc,,full,3,1,0.5294105,1
Orthopoxvirus,prot_t5_xl_half_uniref50-enc,,full,3,1,0.54326916,1
Orthopoxvirus,prot_t5_xl_half_uniref50-enc,,full,3,1,0.5526934,1
Orthopoxvirus,prot_t5_xl_half_uniref50-enc,,full,3,1,0.54668874,1
Orthopoxvirus,prot_t5_xl_half_uniref50-enc,,full,3,1,0.5542592,1
Orthopoxvirus,prot_t5_xl_half_uniref50-enc,,full,3,1,0.5541182,1
Orthopoxvirus,prot_t5_xl_half_uniref50-enc,,full,3,1,0.5562646,1
Orthopoxvirus,prot_t5_xl_half_uniref50-enc,,full,3,1,0.5558925,1
Orthopoxvirus,prot_t5_xl_half_uniref50-enc,,full,3,1,0.5541756,1
Orthopoxvirus,prot_t5_xl_half_uniref50-enc,,full,3,1,0.54840094,1
Orthopoxvirus,prot_t5_xl_half_uniref50-enc,,full,3,1,0.54816556,1
Orthopoxvirus,prot_t5_xl_half_uniref50-enc,,full,3,1,0.55395085,1
Orthopoxvirus,prot_t5_xl_half_uniref50-enc,,full,3,1,0.5543592,1
Orthopoxvirus,prot_t5_xl_half_uniref50-enc,,full,3,1,0.5510613,1
Orthopoxvirus,prot_t5_xl_half_uniref50-enc,,full,3,1,0.5527527,1
Orthopoxvirus,prot_t5_xl_half_uniref50-enc,,full,3,1,0.55680996,1
Orthopoxvirus,prot_t5_xl_half_uniref50-enc,,full,3,1,0.55424225,1
Orthopoxvirus,prot_t5_xl_half_uniref50-enc,,full,3,1,0.55629617,1
Orthopoxvirus,prot_t5_xl_half_uniref50-enc,,full,3,1,0.5567713,1
Orthopoxvirus,prot_t5_xl_half_uniref50-enc,,full,3,1,0.55644053,1
Orthopoxvirus,prot_t5_xl_half_uniref50-enc,,full,3,1,0.54890823,1
Orthopoxvirus,prot_t5_xl_half_uniref50-enc,,full,3,1,0.55608666,1
Orthopoxvirus,prot_t5_xl_half_uniref50-enc,,full,3,1,0.55658746,1
Orthopoxvirus,prot_t5_xl_half_uniref50-enc,,full,3,1,0.5550588,1
Orthopoxvirus,prot_t5_xl_half_uniref50-enc,,full,3,1,0.55403095,1
Orthopoxvirus,prot_t5_xl_half_uniref50-enc,,full,3,1,0.5551502,1
Orthopoxvirus,prot_t5_xl_half_uniref50-enc,,full,3,1,0.551593,1
Orthopoxvirus,prot_t5_xl_half_uniref50-enc,,full,3,1,0.55637234,1
Orthopoxvirus,prot_t5_xl_half_uniref50-enc,,full,3,1,0.5566585,1
Orthopoxvirus,prot_t5_xl_half_uniref50-enc,,full,3,1,0.55653316,1
Orthopoxvirus,prot_t5_xl_half_uniref50-enc,,full,3,1,0.5560367,1
Orthopoxvirus,prot_t5_xl_half_uniref50-enc,,full,3,1,0.55650043,1
Orthopoxvirus,prot_t5_xl_half_uniref50-enc,,full,3,1,0.5555411,1
Orthopoxvirus,prot_t5_xl_half_uniref50-enc,,full,3,1,0.5556587,1
Orthopoxvirus,prot_t5_xl_half_uniref50-enc,,full,3,1,0.54678977,1
Orthopoxvirus,prot_t5_xl_half_uniref50-enc,,full,3,1,0.5425818,1
Orthopoxvirus,prot_t5_xl_half_uniref50-enc,,full,3,1,0.555042,1
Orthopoxvirus,prot_t5_xl_half_uniref50-enc,,full,3,1,0.5566772,1
Orthopoxvirus,prot_t5_xl_half_uniref50-enc,,full,3,1,0.5545455,1
Orthopoxvirus,prot_t5_xl_half_uniref50-enc,,full,3,1,0.54202354,1
Orthopoxvirus,prot_t5_xl_half_uniref50-enc,,full,3,1,0.5541475,1
Orthopoxvirus,prot_t5_xl_half_uniref50-enc,,full,3,1,0.54605687,1
Orthopoxvirus,prot_t5_xl_half_uniref50-enc,,full,3,1,0.5509601,1
Orthopoxvirus,prot_t5_xl_half_uniref50-enc,,full,3,1,0.54398835,1
Orthopoxvirus,prot_t5_xl_half_uniref50-enc,,full,3,1,0.5331332,1
Orthopoxvirus,prot_t5_xl_half_uniref50-enc,,full,3,1,0.55451095,1
Orthopoxvirus,prot_t5_xl_half_uniref50-enc,,full,3,1,0.55433935,1
Orthopoxvirus,prot_t5_xl_half_uniref50-enc,,full,3,1,0.541246,1
Orthopoxvirus,prot_t5_xl_half_uniref50-enc,,full,3,1,0.54194486,1
Orthopoxvirus,prot_t5_xl_half_uniref50-enc,,full,3,1,0.55245566,1
Orthopoxvirus,prot_t5_xl_half_uniref50-enc,,full,3,1,0.55273074,1
Orthopoxvirus,prot_t5_xl_half_uniref50-enc,,full,3,1,0.54564446,1
Orthopoxvirus,prot_t5_xl_half_uniref50-enc,,full,3,1,0.5516203,1
Orthopoxvirus,prot_t5_xl_half_uniref50-enc,,full,3,1,0.555897,1
Orthopoxvirus,prot_t5_xl_half_uniref50-enc,,full,3,1,0.5521243,1
Orthopoxvirus,prot_t5_xl_half_uniref50-enc,,full,3,1,0.55436,1
Orthopoxvirus,prot_t5_xl_half_uniref50-enc,,full,3,1,0.5467175,1
Orthopoxvirus,prot_t5_xl_half_uniref50-enc,,full,3,1,0.55456865,1
Orthopoxvirus,prot_t5_xl_half_uniref50-enc,,full,3,1,0.5530665,1
Orthopoxvirus,prot_t5_xl_half_uniref50-enc,,full,3,1,0.5544415,1
Orthopoxvirus,prot_t5_xl_half_uniref50-enc,,full,3,1,0.5452497,1
Orthopoxvirus,prot_t5_xl_half_uniref50-enc,,full,3,1,0.5339117,1
Orthopoxvirus,prot_t5_xl_half_uniref50-enc,,full,3,1,0.5530035,1
Orthopoxvirus,prot_t5_xl_half_uniref50-enc,,full,3,1,0.5537494,1
Orthopoxvirus,prot_t5_xl_half_uniref50-enc,,full,3,1,0.553046,1
Orthopoxvirus,prot_t5_xl_half_uniref50-enc,,full,3,1,0.5531035,1
Orthopoxvirus,prot_t5_xl_half_uniref50-enc,,full,3,1,0.55425495,1
Orthopoxvirus,prot_t5_xl_half_uniref50-enc,,full,3,1,0.55340624,1
Orthopoxvirus,prot_t5_xl_half_uniref50-enc,,full,3,1,0.547059,1
Orthopoxvirus,prot_t5_xl_half_uniref50-enc,,full,3,1,0.53301656,1
Orthopoxvirus,prot_t5_xl_half_uniref50-enc,,full,3,1,0.55479765,1
Orthopoxvirus,prot_t5_xl_half_uniref50-enc,,full,3,1,0.55444634,1
Orthopoxvirus,prot_t5_xl_half_uniref50-enc,,full,3,1,0.55115974,1
Orthopoxvirus,prot_t5_xl_half_uniref50-enc,,full,3,1,0.55210453,1
Orthopoxvirus,prot_t5_xl_half_uniref50-enc,,full,3,1,0.5403761,1
Orthopoxvirus,prot_t5_xl_half_uniref50-enc,,full,3,1,0.54807574,1
Orthopoxvirus,prot_t5_xl_half_uniref50-enc,,full,3,1,0.55450094,1
Orthopoxvirus,prot_t5_xl_half_uniref50-enc,,full,3,1,0.55543065,1
Orthopoxvirus,prot_t5_xl_half_uniref50-enc,,full,3,1,0.55525184,1
Orthopoxvirus,prot_t5_xl_half_uniref50-enc,,full,3,1,0.5545564,1
Orthopoxvirus,prot_t5_xl_half_uniref50-enc,,full,3,1,0.426017,0
Orthopoxvirus,prot_t5_xl_half_uniref50-enc,,full,3,1,0.4227161,0
Orthopoxvirus,prot_t5_xl_half_uniref50-enc,,full,3,1,0.42566586,0
Orthopoxvirus,prot_t5_xl_half_uniref50-enc,,full,3,1,0.4244423,0
Orthopoxvirus,prot_t5_xl_half_uniref50-enc,,full,3,1,0.42370367,0
Orthopoxvirus,prot_t5_xl_half_uniref50-enc,,full,3,1,0.42169762,0
Orthopoxvirus,prot_t5_xl_half_uniref50-enc,,full,3,1,0.43327984,0
Orthopoxvirus,prot_t5_xl_half_uniref50-enc,,full,3,1,0.41871673,0
Orthopoxvirus,prot_t5_xl_half_uniref50-enc,,full,3,1,0.4277172,0
Orthopoxvirus,prot_t5_xl_half_uniref50-enc,,full,3,1,0.42870447,0
Orthopoxvirus,prot_t5_xl_half_uniref50-enc,,full,3,1,0.416465,0
Orthopoxvirus,prot_t5_xl_half_uniref50-enc,,full,3,1,0.42093757,0
Orthopoxvirus,prot_t5_xl_half_uniref50-enc,,full,3,1,0.42736074,0
Orthopoxvirus,prot_t5_xl_half_uniref50-enc,,full,3,1,0.44925305,0
Orthopoxvirus,prot_t5_xl_half_uniref50-enc,,full,3,1,0.42728204,0
Orthopoxvirus,prot_t5_xl_half_uniref50-enc,,full,3,1,0.43586722,0
Orthopoxvirus,prot_t5_xl_half_uniref50-enc,,full,3,1,0.4233842,0
Orthopoxvirus,prot_t5_xl_half_uniref50-enc,,full,3,1,0.42207217,0
Orthopoxvirus,prot_t5_xl_half_uniref50-enc,,full,3,1,0.4421924,0
Orthopoxvirus,prot_t5_xl_half_uniref50-enc,,full,3,1,0.43357274,0
Orthopoxvirus,prot_t5_xl_half_uniref50-enc,,full,3,1,0.42572814,0
Orthopoxvirus,prot_t5_xl_half_uniref50-enc,,full,3,1,0.44738737,0
Orthopoxvirus,prot_t5_xl_half_uniref50-enc,,full,3,1,0.4579635,0
Orthopoxvirus,prot_t5_xl_half_uniref50-enc,,full,3,1,0.43318596,0
Orthopoxvirus,prot_t5_xl_half_uniref50-enc,,full,3,1,0.4273141,0
Orthopoxvirus,prot_t5_xl_half_uniref50-enc,,full,3,1,0.43738788,0
Orthopoxvirus,prot_t5_xl_half_uniref50-enc,,full,3,1,0.42978978,0
Orthopoxvirus,prot_t5_xl_half_uniref50-enc,,full,3,1,0.4351418,0
Orthopoxvirus,prot_t5_xl_half_uniref50-enc,,full,3,1,0.42520627,0
Orthopoxvirus,prot_t5_xl_half_uniref50-enc,,full,3,1,0.43809697,0
Orthopoxvirus,prot_t5_xl_half_uniref50-enc,,full,3,1,0.42301214,0
Orthopoxvirus,prot_t5_xl_half_uniref50-enc,,full,3,1,0.4288573,0
Orthopoxvirus,prot_t5_xl_half_uniref50-enc,,full,3,1,0.4355402,0
Orthopoxvirus,prot_t5_xl_half_uniref50-enc,,full,3,1,0.42138553,0
Orthopoxvirus,prot_t5_xl_half_uniref50-enc,,full,3,1,0.42512268,0
Orthopoxvirus,prot_t5_xl_half_uniref50-enc,,full,3,1,0.42340514,0
Orthopoxvirus,prot_t5_xl_half_uniref50-enc,,full,3,1,0.4172085,0
Orthopoxvirus,prot_t5_xl_half_uniref50-enc,,full,3,1,0.42099515,0
Orthopoxvirus,prot_t5_xl_half_uniref50-enc,,full,3,1,0.42259073,0
Orthopoxvirus,prot_t5_xl_half_uniref50-enc,,full,3,1,0.42331523,0
Orthopoxvirus,prot_t5_xl_half_uniref50-enc,,full,3,1,0.4156601,0
Orthopoxvirus,prot_t5_xl_half_uniref50-enc,,full,3,1,0.41636837,0
Orthopoxvirus,prot_t5_xl_half_uniref50-enc,,full,3,1,0.4182745,0
Orthopoxvirus,prot_t5_xl_half_uniref50-enc,,full,3,1,0.42645997,0
Orthopoxvirus,prot_t5_xl_half_uniref50-enc,,full,3,1,0.41939652,0
Orthopoxvirus,prot_t5_xl_half_uniref50-enc,,full,3,1,0.41388446,0
Orthopoxvirus,prot_t5_xl_half_uniref50-enc,,full,3,1,0.42032167,0
Orthopoxvirus,prot_t5_xl_half_uniref50-enc,,full,3,1,0.41563112,0
Orthopoxvirus,prot_t5_xl_half_uniref50-enc,,full,3,1,0.41965112,0
Orthopoxvirus,prot_t5_xl_half_uniref50-enc,,full,3,1,0.42625013,0
Orthopoxvirus,prot_t5_xl_half_uniref50-enc,,full,3,1,0.4266615,0
Orthopoxvirus,prot_t5_xl_half_uniref50-enc,,full,3,1,0.42510512,0
Orthopoxvirus,prot_t5_xl_half_uniref50-enc,,full,3,1,0.42340088,0
Orthopoxvirus,prot_t5_xl_half_uniref50-enc,,full,3,1,0.41770542,0
Orthopoxvirus,prot_t5_xl_half_uniref50-enc,,full,3,1,0.42269012,0
Orthopoxvirus,prot_t5_xl_half_uniref50-enc,,full,3,1,0.4169084,0
Orthopoxvirus,prot_t5_xl_half_uniref50-enc,,full,3,1,0.41410136,0
Orthopoxvirus,prot_t5_xl_half_uniref50-enc,,full,3,1,0.4199902,0
Orthopoxvirus,prot_t5_xl_half_uniref50-enc,,full,3,1,0.41494924,0
Orthopoxvirus,prot_t5_xl_half_uniref50-enc,,full,3,1,0.42045644,0
Orthopoxvirus,prot_t5_xl_half_uniref50-enc,,full,3,1,0.41752383,0
Orthopoxvirus,prot_t5_xl_half_uniref50-enc,,full,3,1,0.4199215,0
Orthopoxvirus,prot_t5_xl_half_uniref50-enc,,full,3,1,0.41907442,0
Orthopoxvirus,prot_t5_xl_half_uniref50-enc,,full,3,1,0.4135056,0
Orthopoxvirus,prot_t5_xl_half_uniref50-enc,,full,3,1,0.41361296,0
Orthopoxvirus,prot_t5_xl_half_uniref50-enc,,full,3,1,0.41380042,0
Orthopoxvirus,prot_t5_xl_half_uniref50-enc,,full,3,1,0.4174775,0
Orthopoxvirus,prot_t5_xl_half_uniref50-enc,,full,3,1,0.41438448,0
Orthopoxvirus,prot_t5_xl_half_uniref50-enc,,full,3,1,0.41617274,0
Orthopoxvirus,prot_t5_xl_half_uniref50-enc,,full,3,1,0.4132267,0
Orthopoxvirus,prot_t5_xl_half_uniref50-enc,,full,3,1,0.4151528,0
Orthopoxvirus,prot_t5_xl_half_uniref50-enc,,full,3,1,0.41553253,0
Orthopoxvirus,prot_t5_xl_half_uniref50-enc,,full,3,1,0.41633195,0
Orthopoxvirus,prot_t5_xl_half_uniref50-enc,,full,3,1,0.41427553,0
Orthopoxvirus,prot_t5_xl_half_uniref50-enc,,full,3,1,0.41492656,0
Orthopoxvirus,prot_t5_xl_half_uniref50-enc,,full,3,1,0.41363797,0
Orthopoxvirus,prot_t5_xl_half_uniref50-enc,,full,3,1,0.41733304,0
Orthopoxvirus,prot_t5_xl_half_uniref50-enc,,full,3,1,0.42018327,0
Orthopoxvirus,prot_t5_xl_half_uniref50-enc,,full,3,1,0.41394198,0
Orthopoxvirus,prot_t5_xl_half_uniref50-enc,,full,3,1,0.41412982,0
Orthopoxvirus,prot_t5_xl_half_uniref50-enc,,full,3,1,0.6245191,1
Orthopoxvirus,prot_t5_xl_half_uniref50-enc,,full,3,1,0.6391176,1
Orthopoxvirus,prot_t5_xl_half_uniref50-enc,,full,3,1,0.5848582,1
Orthopoxvirus,prot_t5_xl_half_uniref50-enc,,full,3,1,0.59880775,1
Orthopoxvirus,prot_t5_xl_half_uniref50-enc,,full,3,1,0.5879887,1
Orthopoxvirus,prot_t5_xl_half_uniref50-enc,,full,3,1,0.6361289,1
Orthopoxvirus,prot_t5_xl_half_uniref50-enc,,full,3,1,0.6858684,1
Orthopoxvirus,prot_t5_xl_half_uniref50-enc,,full,3,1,0.62664443,1
Orthopoxvirus,prot_t5_xl_half_uniref50-enc,,full,3,1,0.6855006,1
Orthopoxvirus,prot_t5_xl_half_uniref50-enc,,full,3,1,0.6385764,1
Orthopoxvirus,prot_t5_xl_half_uniref50-enc,,full,3,1,0.6737335,1
Orthopoxvirus,prot_t5_xl_half_uniref50-enc,,full,3,1,0.6816152,1
Orthopoxvirus,prot_t5_xl_half_uniref50-enc,,full,3,1,0.6295338,1
Orthopoxvirus,prot_t5_xl_half_uniref50-enc,,full,3,1,0.6269927,1
Orthopoxvirus,prot_t5_xl_half_uniref50-enc,,full,3,1,0.60506254,1
Orthopoxvirus,prot_t5_xl_half_uniref50-enc,,full,3,1,0.6627907,1
Orthopoxvirus,prot_t5_xl_half_uniref50-enc,,full,3,1,0.5886968,1
Orthopoxvirus,prot_t5_xl_half_uniref50-enc,,full,3,1,0.6124955,1
Orthopoxvirus,prot_t5_xl_half_uniref50-enc,,full,3,1,0.6134311,1
Orthopoxvirus,prot_t5_xl_half_uniref50-enc,,full,3,1,0.5878083,1
Orthopoxvirus,prot_t5_xl_half_uniref50-enc,,full,3,1,0.6575736,1
Orthopoxvirus,prot_t5_xl_half_uniref50-enc,,full,3,1,0.6633826,1
Orthopoxvirus,prot_t5_xl_half_uniref50-enc,,full,3,1,0.673819,1
Orthopoxvirus,prot_t5_xl_half_uniref50-enc,,full,3,1,0.6719697,1
Orthopoxvirus,prot_t5_xl_half_uniref50-enc,,full,3,1,0.6568122,1
Orthopoxvirus,prot_t5_xl_half_uniref50-enc,,full,3,1,0.64778066,1
Orthopoxvirus,prot_t5_xl_half_uniref50-enc,,full,3,1,0.6658819,1
Orthopoxvirus,prot_t5_xl_half_uniref50-enc,,full,3,1,0.68341804,1
Orthopoxvirus,prot_t5_xl_half_uniref50-enc,,full,3,1,0.68309224,1
Orthopoxvirus,prot_t5_xl_half_uniref50-enc,,full,3,1,0.68804276,1
Orthopoxvirus,prot_t5_xl_half_uniref50-enc,,full,3,1,0.6673782,1
Orthopoxvirus,prot_t5_xl_half_uniref50-enc,,full,3,1,0.6854348,1
Orthopoxvirus,prot_t5_xl_half_uniref50-enc,,full,3,1,0.688714,1
Orthopoxvirus,prot_t5_xl_half_uniref50-enc,,full,3,1,0.68767166,1
Orthopoxvirus,prot_t5_xl_half_uniref50-enc,,full,3,1,0.68141407,1
Orthopoxvirus,prot_t5_xl_half_uniref50-enc,,full,3,1,0.6807667,1
Orthopoxvirus,prot_t5_xl_half_uniref50-enc,,full,3,1,0.6811243,1
Orthopoxvirus,prot_t5_xl_half_uniref50-enc,,full,3,1,0.6870387,1
Orthopoxvirus,prot_t5_xl_half_uniref50-enc,,full,3,1,0.6815738,1
Orthopoxvirus,prot_t5_xl_half_uniref50-enc,,full,3,1,0.68737024,1
Orthopoxvirus,prot_t5_xl_half_uniref50-enc,,full,3,1,0.68387336,1
Orthopoxvirus,prot_t5_xl_half_uniref50-enc,,full,3,1,0.68659383,1
Orthopoxvirus,prot_t5_xl_half_uniref50-enc,,full,3,1,0.68957204,1
Orthopoxvirus,prot_t5_xl_half_uniref50-enc,,full,3,1,0.68497795,1
Orthopoxvirus,prot_t5_xl_half_uniref50-enc,,full,3,1,0.6356151,1
Orthopoxvirus,prot_t5_xl_half_uniref50-enc,,full,3,1,0.6795286,1
Orthopoxvirus,prot_t5_xl_half_uniref50-enc,,full,3,1,0.6686938,1
Orthopoxvirus,prot_t5_xl_half_uniref50-enc,,full,3,1,0.682809,1
Orthopoxvirus,prot_t5_xl_half_uniref50-enc,,full,3,1,0.6541216,1
Orthopoxvirus,prot_t5_xl_half_uniref50-enc,,full,3,1,0.6560711,1
Orthopoxvirus,prot_t5_xl_half_uniref50-enc,,full,3,1,0.6844158,1
Orthopoxvirus,prot_t5_xl_half_uniref50-enc,,full,3,1,0.67355746,1
Orthopoxvirus,prot_t5_xl_half_uniref50-enc,,full,3,1,0.6780526,1
Orthopoxvirus,prot_t5_xl_half_uniref50-enc,,full,3,1,0.67911327,1
Orthopoxvirus,prot_t5_xl_half_uniref50-enc,,full,3,1,0.6866743,1
Orthopoxvirus,prot_t5_xl_half_uniref50-enc,,full,3,1,0.6766391,1
Orthopoxvirus,prot_t5_xl_half_uniref50-enc,,full,3,1,0.64758545,1
Orthopoxvirus,prot_t5_xl_half_uniref50-enc,,full,3,1,0.6835376,1
Orthopoxvirus,prot_t5_xl_half_uniref50-enc,,full,3,1,0.6794009,1
Orthopoxvirus,prot_t5_xl_half_uniref50-enc,,full,3,1,0.6683284,1
Orthopoxvirus,prot_t5_xl_half_uniref50-enc,,full,3,1,0.68509233,1
Orthopoxvirus,prot_t5_xl_half_uniref50-enc,,full,3,1,0.6751609,1
Orthopoxvirus,prot_t5_xl_half_uniref50-enc,,full,3,1,0.6718429,1
Orthopoxvirus,prot_t5_xl_half_uniref50-enc,,full,3,1,0.67495936,1
Orthopoxvirus,prot_t5_xl_half_uniref50-enc,,full,3,1,0.6780334,1
Orthopoxvirus,prot_t5_xl_half_uniref50-enc,,full,3,1,0.674801,1
Orthopoxvirus,prot_t5_xl_half_uniref50-enc,,full,3,1,0.6740944,1
Orthopoxvirus,prot_t5_xl_half_uniref50-enc,,full,3,1,0.6741876,1
Orthopoxvirus,prot_t5_xl_half_uniref50-enc,,full,3,1,0.66298765,1
Orthopoxvirus,prot_t5_xl_half_uniref50-enc,,full,3,1,0.6600559,1
Orthopoxvirus,prot_t5_xl_half_uniref50-enc,,full,3,1,0.6471574,1
Orthopoxvirus,prot_t5_xl_half_uniref50-enc,,full,3,1,0.64423656,1
Orthopoxvirus,prot_t5_xl_half_uniref50-enc,,full,3,1,0.5655967,1
Orthopoxvirus,prot_t5_xl_half_uniref50-enc,,full,3,1,0.60841244,1
Orthopoxvirus,prot_t5_xl_half_uniref50-enc,,full,3,1,0.55524176,1
Orthopoxvirus,prot_t5_xl_half_uniref50-enc,,full,3,1,0.54497796,1
Orthopoxvirus,prot_t5_xl_half_uniref50-enc,,full,3,1,0.6617286,1
Orthopoxvirus,prot_t5_xl_half_uniref50-enc,,full,3,1,0.62238026,1
Orthopoxvirus,prot_t5_xl_half_uniref50-enc,,full,3,1,0.63459265,1
Orthopoxvirus,prot_t5_xl_half_uniref50-enc,,full,3,1,0.6165931,1
Orthopoxvirus,prot_t5_xl_half_uniref50-enc,,full,3,1,0.64702374,1
Orthopoxvirus,prot_t5_xl_half_uniref50-enc,,full,3,1,0.6150142,1
Orthopoxvirus,prot_t5_xl_half_uniref50-enc,,full,3,1,0.6323392,1
Orthopoxvirus,prot_t5_xl_half_uniref50-enc,,full,3,1,0.6177159,1
Orthopoxvirus,prot_t5_xl_half_uniref50-enc,,full,3,1,0.6492297,1
Orthopoxvirus,prot_t5_xl_half_uniref50-enc,,full,3,1,0.64872956,1
Orthopoxvirus,prot_t5_xl_half_uniref50-enc,,full,3,1,0.64991766,1
Orthopoxvirus,prot_t5_xl_half_uniref50-enc,,full,3,1,0.640725,1
Orthopoxvirus,prot_t5_xl_half_uniref50-enc,,full,3,1,0.42872828,0
Orthopoxvirus,prot_t5_xl_half_uniref50-enc,,full,3,1,0.42344266,0
Orthopoxvirus,prot_t5_xl_half_uniref50-enc,,full,3,1,0.43818858,0
Orthopoxvirus,prot_t5_xl_half_uniref50-enc,,full,3,1,0.42948717,0
Orthopoxvirus,prot_t5_xl_half_uniref50-enc,,full,3,1,0.43050277,0
Orthopoxvirus,prot_t5_xl_half_uniref50-enc,,full,3,1,0.42738953,0
Orthopoxvirus,prot_t5_xl_half_uniref50-enc,,full,3,1,0.42630422,0
Orthopoxvirus,prot_t5_xl_half_uniref50-enc,,full,3,1,0.43150297,0
Orthopoxvirus,prot_t5_xl_half_uniref50-enc,,full,3,1,0.43685958,0
Orthopoxvirus,prot_t5_xl_half_uniref50-enc,,full,3,1,0.43340787,0
Orthopoxvirus,prot_t5_xl_half_uniref50-enc,,full,3,1,0.42794815,0
Orthopoxvirus,prot_t5_xl_half_uniref50-enc,,full,3,1,0.44633216,0
Orthopoxvirus,prot_t5_xl_half_uniref50-enc,,full,3,1,0.4322715,0
Orthopoxvirus,prot_t5_xl_half_uniref50-enc,,full,3,1,0.46386543,0
Orthopoxvirus,prot_t5_xl_half_uniref50-enc,,full,3,1,0.42925185,0
Orthopoxvirus,prot_t5_xl_half_uniref50-enc,,full,3,1,0.5453989,1
Orthopoxvirus,prot_t5_xl_half_uniref50-enc,,full,3,1,0.5406167,1
Orthopoxvirus,prot_t5_xl_half_uniref50-enc,,full,3,1,0.5419126,1
Orthopoxvirus,prot_t5_xl_half_uniref50-enc,,full,3,1,0.544113,1
Orthopoxvirus,prot_t5_xl_half_uniref50-enc,,full,3,1,0.53797466,1
Orthopoxvirus,prot_t5_xl_half_uniref50-enc,,full,3,1,0.5336774,1
Orthopoxvirus,prot_t5_xl_half_uniref50-enc,,full,3,1,0.5445353,1
Orthopoxvirus,prot_t5_xl_half_uniref50-enc,,full,3,1,0.5328705,1
Orthopoxvirus,prot_t5_xl_half_uniref50-enc,,full,3,1,0.5454181,1
Orthopoxvirus,prot_t5_xl_half_uniref50-enc,,full,3,1,0.5419964,1
Orthopoxvirus,prot_t5_xl_half_uniref50-enc,,full,3,1,0.5320106,1
Orthopoxvirus,prot_t5_xl_half_uniref50-enc,,full,3,1,0.51693445,1
Orthopoxvirus,prot_t5_xl_half_uniref50-enc,,full,3,1,0.5310364,1
Orthopoxvirus,prot_t5_xl_half_uniref50-enc,,full,3,1,0.5256686,1
Orthopoxvirus,prot_t5_xl_half_uniref50-enc,,full,3,1,0.5457347,1
Orthopoxvirus,prot_t5_xl_half_uniref50-enc,,full,3,1,0.54557866,1
Orthopoxvirus,prot_t5_xl_half_uniref50-enc,,full,3,1,0.53781664,1
Orthopoxvirus,prot_t5_xl_half_uniref50-enc,,full,3,1,0.53356373,1
Orthopoxvirus,prot_t5_xl_half_uniref50-enc,,full,3,1,0.531154,1
Orthopoxvirus,prot_t5_xl_half_uniref50-enc,,full,3,1,0.52658784,1
Orthopoxvirus,prot_t5_xl_half_uniref50-enc,,full,3,1,0.5274897,1
Orthopoxvirus,prot_t5_xl_half_uniref50-enc,,full,3,1,0.521643,1
Orthopoxvirus,prot_t5_xl_half_uniref50-enc,,full,3,1,0.54594654,1
Orthopoxvirus,prot_t5_xl_half_uniref50-enc,,full,3,1,0.5406198,1
Orthopoxvirus,prot_t5_xl_half_uniref50-enc,,full,3,1,0.5424102,1
Orthopoxvirus,prot_t5_xl_half_uniref50-enc,,full,3,1,0.52656466,1
Orthopoxvirus,prot_t5_xl_half_uniref50-enc,,full,3,1,0.5456265,1
Orthopoxvirus,prot_t5_xl_half_uniref50-enc,,full,3,1,0.5377551,1
Orthopoxvirus,prot_t5_xl_half_uniref50-enc,,full,3,1,0.53377336,1
Orthopoxvirus,prot_t5_xl_half_uniref50-enc,,full,3,1,0.5306596,1
Orthopoxvirus,prot_t5_xl_half_uniref50-enc,,full,3,1,0.5398143,1
Orthopoxvirus,prot_t5_xl_half_uniref50-enc,,full,3,1,0.5455168,1
Orthopoxvirus,prot_t5_xl_half_uniref50-enc,,full,3,1,0.5336345,1
Orthopoxvirus,prot_t5_xl_half_uniref50-enc,,full,3,1,0.5306075,1
Orthopoxvirus,prot_t5_xl_half_uniref50-enc,,full,3,1,0.53272396,1
Orthopoxvirus,prot_t5_xl_half_uniref50-enc,,full,3,1,0.54237455,1
Orthopoxvirus,prot_t5_xl_half_uniref50-enc,,full,3,1,0.5156738,1
Orthopoxvirus,prot_t5_xl_half_uniref50-enc,,full,3,1,0.5384871,1
Orthopoxvirus,prot_t5_xl_half_uniref50-enc,,full,3,1,0.53530794,1
Orthopoxvirus,prot_t5_xl_half_uniref50-enc,,full,3,1,0.53060377,1
Orthopoxvirus,prot_t5_xl_half_uniref50-enc,,full,3,1,0.5378405,1
Orthopoxvirus,prot_t5_xl_half_uniref50-enc,,full,3,1,0.5415138,1
Orthopoxvirus,prot_t5_xl_half_uniref50-enc,,full,3,1,0.5305511,1
Orthopoxvirus,prot_t5_xl_half_uniref50-enc,,full,3,0,0.68399465,1
Orthopoxvirus,prot_t5_xl_half_uniref50-enc,,full,3,0,0.6616261,1
Orthopoxvirus,prot_t5_xl_half_uniref50-enc,,full,3,0,0.6851544,1
Orthopoxvirus,prot_t5_xl_half_uniref50-enc,,full,3,0,0.6786635,1
Orthopoxvirus,prot_t5_xl_half_uniref50-enc,,full,3,0,0.6737432,1
Orthopoxvirus,prot_t5_xl_half_uniref50-enc,,full,3,0,0.63854426,1
Orthopoxvirus,prot_t5_xl_half_uniref50-enc,,full,3,0,0.66032577,1
Orthopoxvirus,prot_t5_xl_half_uniref50-enc,,full,3,0,0.6461565,1
Orthopoxvirus,prot_t5_xl_half_uniref50-enc,,full,3,0,0.6865531,1
Orthopoxvirus,prot_t5_xl_half_uniref50-enc,,full,3,0,0.6720195,1
Orthopoxvirus,prot_t5_xl_half_uniref50-enc,,full,3,1,0.58560014,1
Orthopoxvirus,prot_t5_xl_half_uniref50-enc,,full,3,1,0.6595769,1
Orthopoxvirus,prot_t5_xl_half_uniref50-enc,,full,3,1,0.67307824,1
Orthopoxvirus,prot_t5_xl_half_uniref50-enc,,full,3,1,0.6565359,1
Orthopoxvirus,prot_t5_xl_half_uniref50-enc,,full,3,1,0.6678161,1
Orthopoxvirus,prot_t5_xl_half_uniref50-enc,,full,3,1,0.6723891,1
Orthopoxvirus,prot_t5_xl_half_uniref50-enc,,full,3,1,0.6690926,1
Orthopoxvirus,prot_t5_xl_half_uniref50-enc,,full,3,1,0.67215776,1
Orthopoxvirus,prot_t5_xl_half_uniref50-enc,,full,3,1,0.67012244,1
Orthopoxvirus,prot_t5_xl_half_uniref50-enc,,full,3,1,0.6717059,1
Orthopoxvirus,prot_t5_xl_half_uniref50-enc,,full,3,0,0.56865406,1
Orthopoxvirus,prot_t5_xl_half_uniref50-enc,,full,3,0,0.5587548,1
Orthopoxvirus,prot_t5_xl_half_uniref50-enc,,full,3,0,0.55051106,1
Orthopoxvirus,prot_t5_xl_half_uniref50-enc,,full,3,0,0.55798316,1
Orthopoxvirus,prot_t5_xl_half_uniref50-enc,,full,3,0,0.5519641,1
Orthopoxvirus,prot_t5_xl_half_uniref50-enc,,full,3,0,0.56000596,1
Orthopoxvirus,prot_t5_xl_half_uniref50-enc,,full,3,0,0.6077472,1
Orthopoxvirus,prot_t5_xl_half_uniref50-enc,,full,3,0,0.65454495,1
Orthopoxvirus,prot_t5_xl_half_uniref50-enc,,full,3,0,0.56495994,1
Orthopoxvirus,prot_t5_xl_half_uniref50-enc,,full,3,0,0.56172544,1
Orthopoxvirus,prot_t5_xl_half_uniref50-enc,,full,4,0,0.47853816,0
Orthopoxvirus,prot_t5_xl_half_uniref50-enc,,full,4,0,0.50794506,1
Orthopoxvirus,prot_t5_xl_half_uniref50-enc,,full,4,0,0.49525657,0
Orthopoxvirus,prot_t5_xl_half_uniref50-enc,,full,4,0,0.48832017,0
Orthopoxvirus,prot_t5_xl_half_uniref50-enc,,full,4,0,0.5098508,1
Orthopoxvirus,prot_t5_xl_half_uniref50-enc,,full,4,0,0.5047467,1
Orthopoxvirus,prot_t5_xl_half_uniref50-enc,,full,4,0,0.48411897,0
Orthopoxvirus,prot_t5_xl_half_uniref50-enc,,full,4,0,0.50109273,1
Orthopoxvirus,prot_t5_xl_half_uniref50-enc,,full,4,0,0.48888847,0
Orthopoxvirus,prot_t5_xl_half_uniref50-enc,,full,4,0,0.5065095,1
Orthopoxvirus,prot_t5_xl_half_uniref50-enc,,full,4,0,0.5601631,1
Orthopoxvirus,prot_t5_xl_half_uniref50-enc,,full,4,0,0.48841283,0
Orthopoxvirus,prot_t5_xl_half_uniref50-enc,,full,4,0,0.48933864,0
Orthopoxvirus,prot_t5_xl_half_uniref50-enc,,full,4,0,0.5158725,1
Orthopoxvirus,prot_t5_xl_half_uniref50-enc,,full,4,0,0.53671855,1
Orthopoxvirus,prot_t5_xl_half_uniref50-enc,,full,4,0,0.48740754,0
Orthopoxvirus,prot_t5_xl_half_uniref50-enc,,full,4,0,0.52539164,1
Orthopoxvirus,prot_t5_xl_half_uniref50-enc,,full,4,0,0.51865077,1
Orthopoxvirus,prot_t5_xl_half_uniref50-enc,,full,4,0,0.49987406,0
Orthopoxvirus,prot_t5_xl_half_uniref50-enc,,full,4,0,0.53829384,1
Orthopoxvirus,prot_t5_xl_half_uniref50-enc,,full,4,0,0.49285308,0
Orthopoxvirus,prot_t5_xl_half_uniref50-enc,,full,4,0,0.5091477,1
Orthopoxvirus,prot_t5_xl_half_uniref50-enc,,full,4,0,0.5618749,1
Orthopoxvirus,prot_t5_xl_half_uniref50-enc,,full,4,0,0.552951,1
Orthopoxvirus,prot_t5_xl_half_uniref50-enc,,full,4,0,0.52210087,1
Orthopoxvirus,prot_t5_xl_half_uniref50-enc,,full,4,0,0.55693394,1
Orthopoxvirus,prot_t5_xl_half_uniref50-enc,,full,4,1,0.7578999,1
Orthopoxvirus,prot_t5_xl_half_uniref50-enc,,full,4,1,0.7357548,1
Orthopoxvirus,prot_t5_xl_half_uniref50-enc,,full,4,1,0.72181916,1
Orthopoxvirus,prot_t5_xl_half_uniref50-enc,,full,4,1,0.65568715,1
Orthopoxvirus,prot_t5_xl_half_uniref50-enc,,full,4,1,0.59897184,1
Orthopoxvirus,prot_t5_xl_half_uniref50-enc,,full,4,1,0.62899876,1
Orthopoxvirus,prot_t5_xl_half_uniref50-enc,,full,4,1,0.653174,1
Orthopoxvirus,prot_t5_xl_half_uniref50-enc,,full,4,1,0.6160117,1
Orthopoxvirus,prot_t5_xl_half_uniref50-enc,,full,4,1,0.5994489,1
Orthopoxvirus,prot_t5_xl_half_uniref50-enc,,full,4,1,0.6230684,1
Orthopoxvirus,prot_t5_xl_half_uniref50-enc,,full,4,1,0.6175174,1
Orthopoxvirus,prot_t5_xl_half_uniref50-enc,,full,4,1,0.6100703,1
Orthopoxvirus,prot_t5_xl_half_uniref50-enc,,full,4,1,0.6269737,1
Orthopoxvirus,prot_t5_xl_half_uniref50-enc,,full,4,1,0.6738773,1
Orthopoxvirus,prot_t5_xl_half_uniref50-enc,,full,4,1,0.64811,1
Orthopoxvirus,prot_t5_xl_half_uniref50-enc,,full,4,1,0.6925704,1
Orthopoxvirus,prot_t5_xl_half_uniref50-enc,,full,4,1,0.6306242,1
Orthopoxvirus,prot_t5_xl_half_uniref50-enc,,full,4,1,0.60396487,1
Orthopoxvirus,prot_t5_xl_half_uniref50-enc,,full,4,1,0.6072535,1
Orthopoxvirus,prot_t5_xl_half_uniref50-enc,,full,4,1,0.65591395,1
Orthopoxvirus,prot_t5_xl_half_uniref50-enc,,full,4,1,0.60535896,1
Orthopoxvirus,prot_t5_xl_half_uniref50-enc,,full,4,1,0.5929418,1
Orthopoxvirus,prot_t5_xl_half_uniref50-enc,,full,4,1,0.593394,1
Orthopoxvirus,prot_t5_xl_half_uniref50-enc,,full,4,1,0.7815779,1
Orthopoxvirus,prot_t5_xl_half_uniref50-enc,,full,4,1,0.58455324,1
Orthopoxvirus,prot_t5_xl_half_uniref50-enc,,full,4,1,0.58788943,1
Orthopoxvirus,prot_t5_xl_half_uniref50-enc,,full,4,1,0.6068249,1
Orthopoxvirus,prot_t5_xl_half_uniref50-enc,,full,4,1,0.6865823,1
Orthopoxvirus,prot_t5_xl_half_uniref50-enc,,full,4,1,0.6104685,1
Orthopoxvirus,prot_t5_xl_half_uniref50-enc,,full,4,1,0.71453714,1
Orthopoxvirus,prot_t5_xl_half_uniref50-enc,,full,4,0,0.668198,1
Orthopoxvirus,prot_t5_xl_half_uniref50-enc,,full,4,0,0.5976712,1
Orthopoxvirus,prot_t5_xl_half_uniref50-enc,,full,4,0,0.7813991,1
Orthopoxvirus,prot_t5_xl_half_uniref50-enc,,full,4,0,0.6172921,1
Orthopoxvirus,prot_t5_xl_half_uniref50-enc,,full,4,0,0.601587,1
Orthopoxvirus,prot_t5_xl_half_uniref50-enc,,full,4,0,0.5945251,1
Orthopoxvirus,prot_t5_xl_half_uniref50-enc,,full,4,0,0.7329222,1
Orthopoxvirus,prot_t5_xl_half_uniref50-enc,,full,4,0,0.59094054,1
Orthopoxvirus,prot_t5_xl_half_uniref50-enc,,full,4,0,0.58875006,1
Orthopoxvirus,prot_t5_xl_half_uniref50-enc,,full,4,0,0.5889555,1
Orthopoxvirus,prot_t5_xl_half_uniref50-enc,,full,4,0,0.6709004,1
Orthopoxvirus,prot_t5_xl_half_uniref50-enc,,full,4,0,0.60970753,1
Orthopoxvirus,prot_t5_xl_half_uniref50-enc,,full,4,0,0.65262085,1
Orthopoxvirus,prot_t5_xl_half_uniref50-enc,,full,4,0,0.59754074,1
Orthopoxvirus,prot_t5_xl_half_uniref50-enc,,full,4,0,0.60991323,1
Orthopoxvirus,prot_t5_xl_half_uniref50-enc,,full,4,1,0.5999851,1
Orthopoxvirus,prot_t5_xl_half_uniref50-enc,,full,4,1,0.63874584,1
Orthopoxvirus,prot_t5_xl_half_uniref50-enc,,full,4,1,0.71632147,1
Orthopoxvirus,prot_t5_xl_half_uniref50-enc,,full,4,1,0.6763023,1
Orthopoxvirus,prot_t5_xl_half_uniref50-enc,,full,4,1,0.77674747,1
Orthopoxvirus,prot_t5_xl_half_uniref50-enc,,full,4,0,0.6873308,1
Orthopoxvirus,prot_t5_xl_half_uniref50-enc,,full,4,0,0.61158425,1
Orthopoxvirus,prot_t5_xl_half_uniref50-enc,,full,4,0,0.7203148,1
Orthopoxvirus,prot_t5_xl_half_uniref50-enc,,full,4,0,0.7538852,1
Orthopoxvirus,prot_t5_xl_half_uniref50-enc,,full,4,0,0.6270983,1
Orthopoxvirus,prot_t5_xl_half_uniref50-enc,,full,4,0,0.75612473,1
Orthopoxvirus,prot_t5_xl_half_uniref50-enc,,full,4,0,0.7113925,1
Orthopoxvirus,prot_t5_xl_half_uniref50-enc,,full,4,0,0.6352302,1
Orthopoxvirus,prot_t5_xl_half_uniref50-enc,,full,4,0,0.7027114,1
Orthopoxvirus,prot_t5_xl_half_uniref50-enc,,full,4,0,0.66676575,1
Orthopoxvirus,prot_t5_xl_half_uniref50-enc,,full,4,0,0.67372596,1
Orthopoxvirus,prot_t5_xl_half_uniref50-enc,,full,4,0,0.7808477,1
Orthopoxvirus,prot_t5_xl_half_uniref50-enc,,full,4,0,0.6522341,1
Orthopoxvirus,prot_t5_xl_half_uniref50-enc,,full,4,0,0.6377333,1
Orthopoxvirus,prot_t5_xl_half_uniref50-enc,,full,4,0,0.62318915,1
Orthopoxvirus,prot_t5_xl_half_uniref50-enc,,full,4,0,0.59499335,1
Orthopoxvirus,prot_t5_xl_half_uniref50-enc,,full,4,0,0.64715475,1
Orthopoxvirus,prot_t5_xl_half_uniref50-enc,,full,4,0,0.7831301,1
Orthopoxvirus,prot_t5_xl_half_uniref50-enc,,full,4,0,0.5982782,1
Orthopoxvirus,prot_t5_xl_half_uniref50-enc,,full,4,0,0.6685032,1
Orthopoxvirus,prot_t5_xl_half_uniref50-enc,,full,4,1,0.7438511,1
Orthopoxvirus,prot_t5_xl_half_uniref50-enc,,full,4,1,0.5885965,1
Orthopoxvirus,prot_t5_xl_half_uniref50-enc,,full,4,1,0.61146516,1
Orthopoxvirus,prot_t5_xl_half_uniref50-enc,,full,4,1,0.6355659,1
Orthopoxvirus,prot_t5_xl_half_uniref50-enc,,full,4,1,0.63912076,1
Orthopoxvirus,prot_t5_xl_half_uniref50-enc,,full,4,1,0.61204517,1
Orthopoxvirus,prot_t5_xl_half_uniref50-enc,,full,4,1,0.7364658,1
Orthopoxvirus,prot_t5_xl_half_uniref50-enc,,full,4,1,0.6249262,1
Orthopoxvirus,prot_t5_xl_half_uniref50-enc,,full,4,1,0.61728317,1
Orthopoxvirus,prot_t5_xl_half_uniref50-enc,,full,4,1,0.6358643,1
Orthopoxvirus,prot_t5_xl_half_uniref50-enc,,full,4,1,0.62686354,1
Orthopoxvirus,prot_t5_xl_half_uniref50-enc,,full,4,1,0.6604428,1
Orthopoxvirus,prot_t5_xl_half_uniref50-enc,,full,4,1,0.61009115,1
Orthopoxvirus,prot_t5_xl_half_uniref50-enc,,full,4,1,0.6903328,1
Orthopoxvirus,prot_t5_xl_half_uniref50-enc,,full,4,1,0.6103743,1
Orthopoxvirus,prot_t5_xl_half_uniref50-enc,,full,4,1,0.586194,1
Orthopoxvirus,prot_t5_xl_half_uniref50-enc,,full,4,1,0.61413026,1
Orthopoxvirus,prot_t5_xl_half_uniref50-enc,,full,4,1,0.6121324,1
Orthopoxvirus,prot_t5_xl_half_uniref50-enc,,full,4,1,0.6476438,1
Orthopoxvirus,prot_t5_xl_half_uniref50-enc,,full,4,1,0.6756878,1
Orthopoxvirus,prot_t5_xl_half_uniref50-enc,,full,4,0,0.5902604,1
Orthopoxvirus,prot_t5_xl_half_uniref50-enc,,full,4,0,0.6453028,1
Orthopoxvirus,prot_t5_xl_half_uniref50-enc,,full,4,0,0.62158066,1
Orthopoxvirus,prot_t5_xl_half_uniref50-enc,,full,4,0,0.7048897,1
Orthopoxvirus,prot_t5_xl_half_uniref50-enc,,full,4,0,0.7979202,1
Orthopoxvirus,prot_t5_xl_half_uniref50-enc,,full,4,0,0.6057928,1
Orthopoxvirus,prot_t5_xl_half_uniref50-enc,,full,4,0,0.672837,1
Orthopoxvirus,prot_t5_xl_half_uniref50-enc,,full,4,0,0.6821475,1
Orthopoxvirus,prot_t5_xl_half_uniref50-enc,,full,4,0,0.5913779,1
Orthopoxvirus,prot_t5_xl_half_uniref50-enc,,full,4,0,0.7091645,1
Orthopoxvirus,prot_t5_xl_half_uniref50-enc,,full,4,0,0.58688873,1
Orthopoxvirus,prot_t5_xl_half_uniref50-enc,,full,4,0,0.5935891,1
Orthopoxvirus,prot_t5_xl_half_uniref50-enc,,full,4,0,0.63808507,1
Orthopoxvirus,prot_t5_xl_half_uniref50-enc,,full,4,0,0.59350014,1
Orthopoxvirus,prot_t5_xl_half_uniref50-enc,,full,4,0,0.59425926,1
Orthopoxvirus,prot_t5_xl_half_uniref50-enc,,full,4,0,0.59786475,1
Orthopoxvirus,prot_t5_xl_half_uniref50-enc,,full,4,0,0.7593496,1
Orthopoxvirus,prot_t5_xl_half_uniref50-enc,,full,4,0,0.6440155,1
Orthopoxvirus,prot_t5_xl_half_uniref50-enc,,full,4,0,0.62371826,1
Orthopoxvirus,prot_t5_xl_half_uniref50-enc,,full,4,0,0.593557,1
Orthopoxvirus,prot_t5_xl_half_uniref50-enc,,full,4,0,0.76974535,1
Orthopoxvirus,prot_t5_xl_half_uniref50-enc,,full,4,0,0.7099793,1
Orthopoxvirus,prot_t5_xl_half_uniref50-enc,,full,4,0,0.6568859,1
Orthopoxvirus,prot_t5_xl_half_uniref50-enc,,full,4,0,0.6324292,1
Orthopoxvirus,prot_t5_xl_half_uniref50-enc,,full,4,0,0.66656184,1
Orthopoxvirus,prot_t5_xl_half_uniref50-enc,,full,4,0,0.63312626,1
Orthopoxvirus,prot_t5_xl_half_uniref50-enc,,full,4,0,0.58850664,1
Orthopoxvirus,prot_t5_xl_half_uniref50-enc,,full,4,0,0.58831894,1
Orthopoxvirus,prot_t5_xl_half_uniref50-enc,,full,4,0,0.73732805,1
Orthopoxvirus,prot_t5_xl_half_uniref50-enc,,full,4,0,0.79943484,1
Orthopoxvirus,prot_t5_xl_half_uniref50-enc,,full,4,0,0.620673,1
Orthopoxvirus,prot_t5_xl_half_uniref50-enc,,full,4,0,0.7039757,1
Orthopoxvirus,prot_t5_xl_half_uniref50-enc,,full,4,0,0.6768573,1
Orthopoxvirus,prot_t5_xl_half_uniref50-enc,,full,4,0,0.7290235,1
Orthopoxvirus,prot_t5_xl_half_uniref50-enc,,full,4,0,0.6606244,1
Orthopoxvirus,prot_t5_xl_half_uniref50-enc,,full,4,0,0.64553356,1
Orthopoxvirus,prot_t5_xl_half_uniref50-enc,,full,4,0,0.59920776,1
Orthopoxvirus,prot_t5_xl_half_uniref50-enc,,full,4,0,0.65605724,1
Orthopoxvirus,prot_t5_xl_half_uniref50-enc,,full,4,0,0.8029161,1
Orthopoxvirus,prot_t5_xl_half_uniref50-enc,,full,4,0,0.6724543,1
Orthopoxvirus,prot_t5_xl_half_uniref50-enc,,full,4,1,0.710272,1
Orthopoxvirus,prot_t5_xl_half_uniref50-enc,,full,4,1,0.60700005,1
Orthopoxvirus,prot_t5_xl_half_uniref50-enc,,full,4,1,0.7008616,1
Orthopoxvirus,prot_t5_xl_half_uniref50-enc,,full,4,1,0.67943364,1
Orthopoxvirus,prot_t5_xl_half_uniref50-enc,,full,4,1,0.65230745,1
Orthopoxvirus,prot_t5_xl_half_uniref50-enc,,full,4,0,0.75252247,1
Orthopoxvirus,prot_t5_xl_half_uniref50-enc,,full,4,0,0.71060675,1
Orthopoxvirus,prot_t5_xl_half_uniref50-enc,,full,4,0,0.7192599,1
Orthopoxvirus,prot_t5_xl_half_uniref50-enc,,full,4,0,0.67944616,1
Orthopoxvirus,prot_t5_xl_half_uniref50-enc,,full,4,0,0.64990854,1
Orthopoxvirus,prot_t5_xl_half_uniref50-enc,,full,4,0,0.7120322,1
Orthopoxvirus,prot_t5_xl_half_uniref50-enc,,full,4,0,0.6181988,1
Orthopoxvirus,prot_t5_xl_half_uniref50-enc,,full,4,0,0.62968856,1
Orthopoxvirus,prot_t5_xl_half_uniref50-enc,,full,4,0,0.6587888,1
Orthopoxvirus,prot_t5_xl_half_uniref50-enc,,full,4,0,0.5981365,1
Orthopoxvirus,prot_t5_xl_half_uniref50-enc,,full,4,0,0.6053993,1
Orthopoxvirus,prot_t5_xl_half_uniref50-enc,,full,4,0,0.60346913,1
Orthopoxvirus,prot_t5_xl_half_uniref50-enc,,full,4,0,0.59316087,1
Orthopoxvirus,prot_t5_xl_half_uniref50-enc,,full,4,0,0.593762,1
Orthopoxvirus,prot_t5_xl_half_uniref50-enc,,full,4,0,0.5914503,1
Orthopoxvirus,prot_t5_xl_half_uniref50-enc,,full,4,0,0.6044927,1
Orthopoxvirus,prot_t5_xl_half_uniref50-enc,,full,4,0,0.5921466,1
Orthopoxvirus,prot_t5_xl_half_uniref50-enc,,full,4,0,0.5958859,1
Orthopoxvirus,prot_t5_xl_half_uniref50-enc,,full,4,0,0.592861,1
Orthopoxvirus,prot_t5_xl_half_uniref50-enc,,full,4,0,0.59483474,1
Orthopoxvirus,prot_t5_xl_half_uniref50-enc,,full,4,0,0.5830293,1
Orthopoxvirus,prot_t5_xl_half_uniref50-enc,,full,4,0,0.61819434,1
Orthopoxvirus,prot_t5_xl_half_uniref50-enc,,full,4,0,0.5843047,1
Orthopoxvirus,prot_t5_xl_half_uniref50-enc,,full,4,0,0.5839433,1
Orthopoxvirus,prot_t5_xl_half_uniref50-enc,,full,4,0,0.5938477,1
Orthopoxvirus,prot_t5_xl_half_uniref50-enc,,full,4,0,0.5831515,1
Orthopoxvirus,prot_t5_xl_half_uniref50-enc,,full,4,0,0.58422583,1
Orthopoxvirus,prot_t5_xl_half_uniref50-enc,,full,4,0,0.5883767,1
Orthopoxvirus,prot_t5_xl_half_uniref50-enc,,full,4,0,0.58677876,1
Orthopoxvirus,prot_t5_xl_half_uniref50-enc,,full,4,0,0.6157553,1
Orthopoxvirus,prot_t5_xl_half_uniref50-enc,,full,4,0,0.60805684,1
Orthopoxvirus,prot_t5_xl_half_uniref50-enc,,full,4,0,0.65111876,1
Orthopoxvirus,prot_t5_xl_half_uniref50-enc,,full,4,0,0.6973176,1
Orthopoxvirus,prot_t5_xl_half_uniref50-enc,,full,4,0,0.69969004,1
Orthopoxvirus,prot_t5_xl_half_uniref50-enc,,full,4,0,0.61595947,1
Orthopoxvirus,prot_t5_xl_half_uniref50-enc,,full,4,0,0.60523874,1
Orthopoxvirus,prot_t5_xl_half_uniref50-enc,,full,4,0,0.64083946,1
Orthopoxvirus,prot_t5_xl_half_uniref50-enc,,full,4,0,0.7871814,1
Orthopoxvirus,prot_t5_xl_half_uniref50-enc,,full,4,0,0.5849601,1
Orthopoxvirus,prot_t5_xl_half_uniref50-enc,,full,4,0,0.79824466,1
Orthopoxvirus,prot_t5_xl_half_uniref50-enc,,full,4,0,0.6257545,1
Orthopoxvirus,prot_t5_xl_half_uniref50-enc,,full,4,0,0.5943568,1
Orthopoxvirus,prot_t5_xl_half_uniref50-enc,,full,4,0,0.6124877,1
Orthopoxvirus,prot_t5_xl_half_uniref50-enc,,full,4,0,0.62077713,1
Orthopoxvirus,prot_t5_xl_half_uniref50-enc,,full,4,0,0.6685478,1
Orthopoxvirus,prot_t5_xl_half_uniref50-enc,,full,4,0,0.76615524,1
Orthopoxvirus,prot_t5_xl_half_uniref50-enc,,full,4,0,0.60074747,1
Orthopoxvirus,prot_t5_xl_half_uniref50-enc,,full,4,0,0.7676436,1
Orthopoxvirus,prot_t5_xl_half_uniref50-enc,,full,4,0,0.75606257,1
Orthopoxvirus,prot_t5_xl_half_uniref50-enc,,full,4,0,0.6694636,1
Orthopoxvirus,prot_t5_xl_half_uniref50-enc,,full,4,0,0.68950087,1
Orthopoxvirus,prot_t5_xl_half_uniref50-enc,,full,4,0,0.631601,1
Orthopoxvirus,prot_t5_xl_half_uniref50-enc,,full,4,0,0.7810132,1
Orthopoxvirus,prot_t5_xl_half_uniref50-enc,,full,4,0,0.711704,1
Orthopoxvirus,prot_t5_xl_half_uniref50-enc,,full,4,0,0.6519717,1
Orthopoxvirus,prot_t5_xl_half_uniref50-enc,,full,4,0,0.7802416,1
Orthopoxvirus,prot_t5_xl_half_uniref50-enc,,full,4,0,0.7153162,1
Orthopoxvirus,prot_t5_xl_half_uniref50-enc,,full,4,0,0.6684071,1
Orthopoxvirus,prot_t5_xl_half_uniref50-enc,,full,4,1,0.5112521,1
Orthopoxvirus,prot_t5_xl_half_uniref50-enc,,full,4,1,0.4748821,0
Orthopoxvirus,prot_t5_xl_half_uniref50-enc,,full,4,1,0.48926136,0
Orthopoxvirus,prot_t5_xl_half_uniref50-enc,,full,4,1,0.5095871,1
Orthopoxvirus,prot_t5_xl_half_uniref50-enc,,full,4,1,0.50180024,1
Orthopoxvirus,prot_t5_xl_half_uniref50-enc,,full,4,1,0.5387141,1
Orthopoxvirus,prot_t5_xl_half_uniref50-enc,,full,4,1,0.48110643,0
Orthopoxvirus,prot_t5_xl_half_uniref50-enc,,full,4,1,0.48711318,0
Orthopoxvirus,prot_t5_xl_half_uniref50-enc,,full,4,1,0.49468368,0
Orthopoxvirus,prot_t5_xl_half_uniref50-enc,,full,4,1,0.4817579,0
Orthopoxvirus,prot_t5_xl_half_uniref50-enc,,full,4,1,0.5011235,1
Orthopoxvirus,prot_t5_xl_half_uniref50-enc,,full,4,1,0.5008103,1
Orthopoxvirus,prot_t5_xl_half_uniref50-enc,,full,4,1,0.5010393,1
Orthopoxvirus,prot_t5_xl_half_uniref50-enc,,full,4,1,0.49961743,0
Orthopoxvirus,prot_t5_xl_half_uniref50-enc,,full,4,1,0.50234854,1
Orthopoxvirus,prot_t5_xl_half_uniref50-enc,,full,4,1,0.50260603,1
Orthopoxvirus,prot_t5_xl_half_uniref50-enc,,full,4,1,0.4982982,0
Orthopoxvirus,prot_t5_xl_half_uniref50-enc,,full,4,1,0.49934387,0
Orthopoxvirus,prot_t5_xl_half_uniref50-enc,,full,4,1,0.49818513,0
Orthopoxvirus,prot_t5_xl_half_uniref50-enc,,full,4,1,0.49913588,0
Orthopoxvirus,prot_t5_xl_half_uniref50-enc,,full,4,1,0.5019912,1
Orthopoxvirus,prot_t5_xl_half_uniref50-enc,,full,4,1,0.50220275,1
Orthopoxvirus,prot_t5_xl_half_uniref50-enc,,full,4,1,0.50200564,1
Orthopoxvirus,prot_t5_xl_half_uniref50-enc,,full,4,1,0.49891245,0
Orthopoxvirus,prot_t5_xl_half_uniref50-enc,,full,4,1,0.50244963,1
Orthopoxvirus,prot_t5_xl_half_uniref50-enc,,full,4,1,0.50268275,1
Orthopoxvirus,prot_t5_xl_half_uniref50-enc,,full,4,1,0.48943362,0
Orthopoxvirus,prot_t5_xl_half_uniref50-enc,,full,4,1,0.4980726,0
Orthopoxvirus,prot_t5_xl_half_uniref50-enc,,full,4,1,0.50031465,1
Orthopoxvirus,prot_t5_xl_half_uniref50-enc,,full,4,1,0.49698058,0
Orthopoxvirus,prot_t5_xl_half_uniref50-enc,,full,4,1,0.50016004,1
Orthopoxvirus,prot_t5_xl_half_uniref50-enc,,full,4,1,0.50577796,1
Orthopoxvirus,prot_t5_xl_half_uniref50-enc,,full,4,1,0.50216955,1
Orthopoxvirus,prot_t5_xl_half_uniref50-enc,,full,4,1,0.49968407,0
Orthopoxvirus,prot_t5_xl_half_uniref50-enc,,full,4,1,0.49886322,0
Orthopoxvirus,prot_t5_xl_half_uniref50-enc,,full,4,1,0.49833584,0
Orthopoxvirus,prot_t5_xl_half_uniref50-enc,,full,4,1,0.5111517,1
Orthopoxvirus,prot_t5_xl_half_uniref50-enc,,full,4,1,0.50180155,1
Orthopoxvirus,prot_t5_xl_half_uniref50-enc,,full,4,1,0.500604,1
Orthopoxvirus,prot_t5_xl_half_uniref50-enc,,full,4,1,0.5847269,1
Orthopoxvirus,prot_t5_xl_half_uniref50-enc,,full,4,1,0.5004431,1
Orthopoxvirus,prot_t5_xl_half_uniref50-enc,,full,4,1,0.5016329,1
Orthopoxvirus,prot_t5_xl_half_uniref50-enc,,full,4,1,0.5170798,1
Orthopoxvirus,prot_t5_xl_half_uniref50-enc,,full,4,1,0.5051203,1
Orthopoxvirus,prot_t5_xl_half_uniref50-enc,,full,4,1,0.5371598,1
Orthopoxvirus,prot_t5_xl_half_uniref50-enc,,full,4,1,0.49815354,0
Orthopoxvirus,prot_t5_xl_half_uniref50-enc,,full,4,1,0.49734047,0
Orthopoxvirus,prot_t5_xl_half_uniref50-enc,,full,4,1,0.50038993,1
Orthopoxvirus,prot_t5_xl_half_uniref50-enc,,full,4,1,0.65298384,1
Orthopoxvirus,prot_t5_xl_half_uniref50-enc,,full,4,1,0.75830966,1
Orthopoxvirus,prot_t5_xl_half_uniref50-enc,,full,4,1,0.5004067,1
Orthopoxvirus,prot_t5_xl_half_uniref50-enc,,full,4,1,0.543829,1
Orthopoxvirus,prot_t5_xl_half_uniref50-enc,,full,4,1,0.5139931,1
Orthopoxvirus,prot_t5_xl_half_uniref50-enc,,full,4,1,0.502295,1
Orthopoxvirus,prot_t5_xl_half_uniref50-enc,,full,4,1,0.50800866,1
Orthopoxvirus,prot_t5_xl_half_uniref50-enc,,full,4,1,0.5133526,1
Orthopoxvirus,prot_t5_xl_half_uniref50-enc,,full,4,1,0.49961612,0
Orthopoxvirus,prot_t5_xl_half_uniref50-enc,,full,4,1,0.50437087,1
Orthopoxvirus,prot_t5_xl_half_uniref50-enc,,full,4,1,0.5161365,1
Orthopoxvirus,prot_t5_xl_half_uniref50-enc,,full,4,1,0.51967704,1
Orthopoxvirus,prot_t5_xl_half_uniref50-enc,,full,4,1,0.518098,1
Orthopoxvirus,prot_t5_xl_half_uniref50-enc,,full,4,1,0.51195747,1
Orthopoxvirus,prot_t5_xl_half_uniref50-enc,,full,4,1,0.5161501,1
Orthopoxvirus,prot_t5_xl_half_uniref50-enc,,full,4,1,0.51839525,1
Orthopoxvirus,prot_t5_xl_half_uniref50-enc,,full,4,1,0.51446915,1
Orthopoxvirus,prot_t5_xl_half_uniref50-enc,,full,4,1,0.48789275,0
Orthopoxvirus,prot_t5_xl_half_uniref50-enc,,full,4,1,0.5163929,1
Orthopoxvirus,prot_t5_xl_half_uniref50-enc,,full,4,1,0.5134651,1
Orthopoxvirus,prot_t5_xl_half_uniref50-enc,,full,4,1,0.48553586,0
Orthopoxvirus,prot_t5_xl_half_uniref50-enc,,full,4,1,0.5155582,1
Orthopoxvirus,prot_t5_xl_half_uniref50-enc,,full,4,1,0.62894106,1
Orthopoxvirus,prot_t5_xl_half_uniref50-enc,,full,4,1,0.62608373,1
Orthopoxvirus,prot_t5_xl_half_uniref50-enc,,full,4,1,0.62666094,1
Orthopoxvirus,prot_t5_xl_half_uniref50-enc,,full,4,1,0.6287618,1
Orthopoxvirus,prot_t5_xl_half_uniref50-enc,,full,4,1,0.6283921,1
Orthopoxvirus,prot_t5_xl_half_uniref50-enc,,full,4,1,0.62916636,1
Orthopoxvirus,prot_t5_xl_half_uniref50-enc,,full,4,1,0.6305005,1
Orthopoxvirus,prot_t5_xl_half_uniref50-enc,,full,4,1,0.6271698,1
Orthopoxvirus,prot_t5_xl_half_uniref50-enc,,full,4,1,0.6400802,1
Orthopoxvirus,prot_t5_xl_half_uniref50-enc,,full,4,1,0.6295908,1
Orthopoxvirus,prot_t5_xl_half_uniref50-enc,,full,4,1,0.6288213,1
Orthopoxvirus,prot_t5_xl_half_uniref50-enc,,full,4,1,0.6310429,1
Orthopoxvirus,prot_t5_xl_half_uniref50-enc,,full,4,1,0.63020647,1
Orthopoxvirus,prot_t5_xl_half_uniref50-enc,,full,4,1,0.63443303,1
Orthopoxvirus,prot_t5_xl_half_uniref50-enc,,full,4,1,0.62886363,1
Orthopoxvirus,prot_t5_xl_half_uniref50-enc,,full,4,1,0.6299728,1
Orthopoxvirus,prot_t5_xl_half_uniref50-enc,,full,4,1,0.6291132,1
Orthopoxvirus,prot_t5_xl_half_uniref50-enc,,full,4,0,0.5668481,1
Orthopoxvirus,prot_t5_xl_half_uniref50-enc,,full,4,0,0.5087855,1
Orthopoxvirus,prot_t5_xl_half_uniref50-enc,,full,4,0,0.55451035,1
Orthopoxvirus,prot_t5_xl_half_uniref50-enc,,full,4,0,0.5449193,1
Orthopoxvirus,prot_t5_xl_half_uniref50-enc,,full,4,0,0.52882665,1
Orthopoxvirus,prot_t5_xl_half_uniref50-enc,,full,4,0,0.55799603,1
Orthopoxvirus,prot_t5_xl_half_uniref50-enc,,full,4,0,0.57658476,1
Orthopoxvirus,prot_t5_xl_half_uniref50-enc,,full,4,0,0.54026526,1
Orthopoxvirus,prot_t5_xl_half_uniref50-enc,,full,4,0,0.53154176,1
Orthopoxvirus,prot_t5_xl_half_uniref50-enc,,full,4,0,0.5295636,1
Orthopoxvirus,prot_t5_xl_half_uniref50-enc,,full,4,0,0.56692016,1
Orthopoxvirus,prot_t5_xl_half_uniref50-enc,,full,4,0,0.47921562,0
Orthopoxvirus,prot_t5_xl_half_uniref50-enc,,full,4,0,0.5531901,1
Orthopoxvirus,prot_t5_xl_half_uniref50-enc,,full,4,0,0.5557122,1
Orthopoxvirus,prot_t5_xl_half_uniref50-enc,,full,4,0,0.53463304,1
Orthopoxvirus,prot_t5_xl_half_uniref50-enc,,full,4,0,0.5579119,1
Orthopoxvirus,prot_t5_xl_half_uniref50-enc,,full,4,0,0.5666774,1
Orthopoxvirus,prot_t5_xl_half_uniref50-enc,,full,4,0,0.5461532,1
Orthopoxvirus,prot_t5_xl_half_uniref50-enc,,full,4,0,0.52262866,1
Orthopoxvirus,prot_t5_xl_half_uniref50-enc,,full,4,0,0.55031097,1
Orthopoxvirus,prot_t5_xl_half_uniref50-enc,,full,4,0,0.5043974,1
Orthopoxvirus,prot_t5_xl_half_uniref50-enc,,full,4,0,0.54449195,1
Orthopoxvirus,prot_t5_xl_half_uniref50-enc,,full,4,0,0.5456782,1
Orthopoxvirus,prot_t5_xl_half_uniref50-enc,,full,4,0,0.53912735,1
Orthopoxvirus,prot_t5_xl_half_uniref50-enc,,full,4,0,0.5512154,1
Orthopoxvirus,prot_t5_xl_half_uniref50-enc,,full,4,0,0.5028349,1
Orthopoxvirus,prot_t5_xl_half_uniref50-enc,,full,4,0,0.49601245,0
Orthopoxvirus,prot_t5_xl_half_uniref50-enc,,full,4,0,0.526663,1
Orthopoxvirus,prot_t5_xl_half_uniref50-enc,,full,4,0,0.522169,1
Orthopoxvirus,prot_t5_xl_half_uniref50-enc,,full,4,0,0.53269035,1
Orthopoxvirus,prot_t5_xl_half_uniref50-enc,,full,4,0,0.51109344,1
Orthopoxvirus,prot_t5_xl_half_uniref50-enc,,full,4,0,0.5442186,1
Orthopoxvirus,prot_t5_xl_half_uniref50-enc,,full,4,0,0.55165255,1
Orthopoxvirus,prot_t5_xl_half_uniref50-enc,,full,4,0,0.54484713,1
Orthopoxvirus,prot_t5_xl_half_uniref50-enc,,full,4,0,0.55315274,1
Orthopoxvirus,prot_t5_xl_half_uniref50-enc,,full,4,0,0.5570127,1
Orthopoxvirus,prot_t5_xl_half_uniref50-enc,,full,4,0,0.55731,1
Orthopoxvirus,prot_t5_xl_half_uniref50-enc,,full,4,0,0.5186897,1
Orthopoxvirus,prot_t5_xl_half_uniref50-enc,,full,4,0,0.5543611,1
Orthopoxvirus,prot_t5_xl_half_uniref50-enc,,full,4,0,0.52938825,1
Orthopoxvirus,prot_t5_xl_half_uniref50-enc,,full,4,1,0.4872849,0
Orthopoxvirus,prot_t5_xl_half_uniref50-enc,,full,4,1,0.5070711,1
Orthopoxvirus,prot_t5_xl_half_uniref50-enc,,full,4,1,0.5467373,1
Orthopoxvirus,prot_t5_xl_half_uniref50-enc,,full,4,1,0.47669736,0
Orthopoxvirus,prot_t5_xl_half_uniref50-enc,,full,4,1,0.49911773,0
Orthopoxvirus,prot_t5_xl_half_uniref50-enc,,full,4,1,0.52350235,1
Orthopoxvirus,prot_t5_xl_half_uniref50-enc,,full,4,1,0.5388788,1
Orthopoxvirus,prot_t5_xl_half_uniref50-enc,,full,4,1,0.4826543,0
Orthopoxvirus,prot_t5_xl_half_uniref50-enc,,full,4,1,0.50333583,1
Orthopoxvirus,prot_t5_xl_half_uniref50-enc,,full,4,1,0.49022916,0
Orthopoxvirus,prot_t5_xl_half_uniref50-enc,,full,4,1,0.50285923,1
Orthopoxvirus,prot_t5_xl_half_uniref50-enc,,full,4,1,0.48957855,0
Orthopoxvirus,prot_t5_xl_half_uniref50-enc,,full,4,1,0.51025355,1
Orthopoxvirus,prot_t5_xl_half_uniref50-enc,,full,4,1,0.48199096,0
Orthopoxvirus,prot_t5_xl_half_uniref50-enc,,full,4,1,0.4838472,0
Orthopoxvirus,prot_t5_xl_half_uniref50-enc,,full,4,1,0.48488945,0
Orthopoxvirus,prot_t5_xl_half_uniref50-enc,,full,4,1,0.47847798,0
Orthopoxvirus,prot_t5_xl_half_uniref50-enc,,full,4,1,0.48505038,0
Orthopoxvirus,prot_t5_xl_half_uniref50-enc,,full,4,1,0.47600186,0
Orthopoxvirus,prot_t5_xl_half_uniref50-enc,,full,4,1,0.48797858,0
Orthopoxvirus,prot_t5_xl_half_uniref50-enc,,full,4,1,0.4744353,0
Orthopoxvirus,prot_t5_xl_half_uniref50-enc,,full,4,1,0.4754908,0
Orthopoxvirus,prot_t5_xl_half_uniref50-enc,,full,4,1,0.80108076,1
Orthopoxvirus,prot_t5_xl_half_uniref50-enc,,full,4,1,0.8019139,1
Orthopoxvirus,prot_t5_xl_half_uniref50-enc,,full,4,1,0.79784185,1
Orthopoxvirus,prot_t5_xl_half_uniref50-enc,,full,4,1,0.80210346,1
Orthopoxvirus,prot_t5_xl_half_uniref50-enc,,full,4,1,0.7889522,1
Orthopoxvirus,prot_t5_xl_half_uniref50-enc,,full,4,1,0.80012393,1
Orthopoxvirus,prot_t5_xl_half_uniref50-enc,,full,4,1,0.7871986,1
Orthopoxvirus,prot_t5_xl_half_uniref50-enc,,full,4,1,0.7960737,1
Orthopoxvirus,prot_t5_xl_half_uniref50-enc,,full,4,1,0.7951831,1
Orthopoxvirus,prot_t5_xl_half_uniref50-enc,,full,4,1,0.74417305,1
Orthopoxvirus,prot_t5_xl_half_uniref50-enc,,full,4,1,0.80014545,1
Orthopoxvirus,prot_t5_xl_half_uniref50-enc,,full,4,1,0.8005125,1
Orthopoxvirus,prot_t5_xl_half_uniref50-enc,,full,4,0,0.7978202,1
Orthopoxvirus,prot_t5_xl_half_uniref50-enc,,full,4,0,0.7985492,1
Orthopoxvirus,prot_t5_xl_half_uniref50-enc,,full,4,0,0.7922256,1
Orthopoxvirus,prot_t5_xl_half_uniref50-enc,,full,4,0,0.7912451,1
Orthopoxvirus,prot_t5_xl_half_uniref50-enc,,full,4,0,0.7988872,1
Orthopoxvirus,prot_t5_xl_half_uniref50-enc,,full,4,0,0.7996642,1
Orthopoxvirus,prot_t5_xl_half_uniref50-enc,,full,4,0,0.79719144,1
Orthopoxvirus,prot_t5_xl_half_uniref50-enc,,full,4,0,0.7906151,1
Orthopoxvirus,prot_t5_xl_half_uniref50-enc,,full,4,0,0.7971779,1
Orthopoxvirus,prot_t5_xl_half_uniref50-enc,,full,4,0,0.7873653,1
Orthopoxvirus,prot_t5_xl_half_uniref50-enc,,full,4,0,0.7810271,1
Orthopoxvirus,prot_t5_xl_half_uniref50-enc,,full,4,0,0.7326766,1
Orthopoxvirus,prot_t5_xl_half_uniref50-enc,,full,4,1,0.7669551,1
Orthopoxvirus,prot_t5_xl_half_uniref50-enc,,full,4,1,0.79727864,1
Orthopoxvirus,prot_t5_xl_half_uniref50-enc,,full,4,1,0.7881975,1
Orthopoxvirus,prot_t5_xl_half_uniref50-enc,,full,4,1,0.79970896,1
Orthopoxvirus,prot_t5_xl_half_uniref50-enc,,full,4,1,0.7918256,1
Orthopoxvirus,prot_t5_xl_half_uniref50-enc,,full,4,1,0.79990894,1
Orthopoxvirus,prot_t5_xl_half_uniref50-enc,,full,4,1,0.7997497,1
Orthopoxvirus,prot_t5_xl_half_uniref50-enc,,full,4,1,0.79192215,1
Orthopoxvirus,prot_t5_xl_half_uniref50-enc,,full,4,1,0.7630659,1
Orthopoxvirus,prot_t5_xl_half_uniref50-enc,,full,4,1,0.7856378,1
Orthopoxvirus,prot_t5_xl_half_uniref50-enc,,full,4,1,0.7396868,1
Orthopoxvirus,prot_t5_xl_half_uniref50-enc,,full,4,1,0.7830957,1
Orthopoxvirus,prot_t5_xl_half_uniref50-enc,,full,4,1,0.7137426,1
Orthopoxvirus,prot_t5_xl_half_uniref50-enc,,full,4,1,0.72138166,1
Orthopoxvirus,prot_t5_xl_half_uniref50-enc,,full,4,1,0.735619,1
Orthopoxvirus,prot_t5_xl_half_uniref50-enc,,full,4,1,0.69268864,1
Orthopoxvirus,prot_t5_xl_half_uniref50-enc,,full,4,1,0.7494964,1
Orthopoxvirus,prot_t5_xl_half_uniref50-enc,,full,4,1,0.71658015,1
Orthopoxvirus,prot_t5_xl_half_uniref50-enc,,full,4,1,0.6940762,1
Orthopoxvirus,prot_t5_xl_half_uniref50-enc,,full,4,1,0.7186784,1
Orthopoxvirus,prot_t5_xl_half_uniref50-enc,,full,4,1,0.73950607,1
Orthopoxvirus,prot_t5_xl_half_uniref50-enc,,full,4,1,0.6971473,1
Orthopoxvirus,prot_t5_xl_half_uniref50-enc,,full,4,1,0.708141,1
Orthopoxvirus,prot_t5_xl_half_uniref50-enc,,full,4,1,0.77030563,1
Orthopoxvirus,prot_t5_xl_half_uniref50-enc,,full,4,1,0.7963915,1
Orthopoxvirus,prot_t5_xl_half_uniref50-enc,,full,4,1,0.79106617,1
Orthopoxvirus,prot_t5_xl_half_uniref50-enc,,full,4,1,0.7705255,1
Orthopoxvirus,prot_t5_xl_half_uniref50-enc,,full,4,1,0.77163523,1
Orthopoxvirus,prot_t5_xl_half_uniref50-enc,,full,4,1,0.7762523,1
Orthopoxvirus,prot_t5_xl_half_uniref50-enc,,full,4,1,0.77478445,1
Orthopoxvirus,prot_t5_xl_half_uniref50-enc,,full,4,1,0.7671701,1
Orthopoxvirus,prot_t5_xl_half_uniref50-enc,,full,4,1,0.77325743,1
Orthopoxvirus,prot_t5_xl_half_uniref50-enc,,full,4,1,0.78128356,1
Orthopoxvirus,prot_t5_xl_half_uniref50-enc,,full,4,1,0.78099865,1
Orthopoxvirus,prot_t5_xl_half_uniref50-enc,,full,4,1,0.78549474,1
Orthopoxvirus,prot_t5_xl_half_uniref50-enc,,full,4,1,0.78731334,1
Orthopoxvirus,prot_t5_xl_half_uniref50-enc,,full,4,1,0.79249424,1
Orthopoxvirus,prot_t5_xl_half_uniref50-enc,,full,4,1,0.7897775,1
Orthopoxvirus,prot_t5_xl_half_uniref50-enc,,full,4,1,0.7925511,1
Orthopoxvirus,prot_t5_xl_half_uniref50-enc,,full,4,1,0.7880673,1
Orthopoxvirus,prot_t5_xl_half_uniref50-enc,,full,4,1,0.7810697,1
Orthopoxvirus,prot_t5_xl_half_uniref50-enc,,full,4,1,0.76509273,1
Orthopoxvirus,prot_t5_xl_half_uniref50-enc,,full,4,1,0.788094,1
Orthopoxvirus,prot_t5_xl_half_uniref50-enc,,full,4,1,0.78719777,1
Orthopoxvirus,prot_t5_xl_half_uniref50-enc,,full,4,1,0.7941732,1
Orthopoxvirus,prot_t5_xl_half_uniref50-enc,,full,4,1,0.77739024,1
Orthopoxvirus,prot_t5_xl_half_uniref50-enc,,full,4,1,0.78654945,1
Orthopoxvirus,prot_t5_xl_half_uniref50-enc,,full,4,1,0.7909128,1
Orthopoxvirus,prot_t5_xl_half_uniref50-enc,,full,4,1,0.7937689,1
Orthopoxvirus,prot_t5_xl_half_uniref50-enc,,full,4,1,0.5818446,1
Orthopoxvirus,prot_t5_xl_half_uniref50-enc,,full,4,1,0.5809756,1
Orthopoxvirus,prot_t5_xl_half_uniref50-enc,,full,4,1,0.5814205,1
Orthopoxvirus,prot_t5_xl_half_uniref50-enc,,full,4,1,0.62684566,1
Orthopoxvirus,prot_t5_xl_half_uniref50-enc,,full,4,1,0.68304324,1
Orthopoxvirus,prot_t5_xl_half_uniref50-enc,,full,4,1,0.710244,1
Orthopoxvirus,prot_t5_xl_half_uniref50-enc,,full,4,1,0.6018602,1
Orthopoxvirus,prot_t5_xl_half_uniref50-enc,,full,4,1,0.5971294,1
Orthopoxvirus,prot_t5_xl_half_uniref50-enc,,full,4,1,0.5904116,1
Orthopoxvirus,prot_t5_xl_half_uniref50-enc,,full,4,1,0.6078422,1
Orthopoxvirus,prot_t5_xl_half_uniref50-enc,,full,4,1,0.72139156,1
Orthopoxvirus,prot_t5_xl_half_uniref50-enc,,full,4,1,0.59098446,1
Orthopoxvirus,prot_t5_xl_half_uniref50-enc,,full,4,1,0.61661416,1
Orthopoxvirus,prot_t5_xl_half_uniref50-enc,,full,4,1,0.7577944,1
Orthopoxvirus,prot_t5_xl_half_uniref50-enc,,full,4,1,0.77121335,1
Orthopoxvirus,prot_t5_xl_half_uniref50-enc,,full,4,1,0.57945776,1
Orthopoxvirus,prot_t5_xl_half_uniref50-enc,,full,4,1,0.57976115,1
Orthopoxvirus,prot_t5_xl_half_uniref50-enc,,full,4,1,0.5802774,1
Orthopoxvirus,prot_t5_xl_half_uniref50-enc,,full,4,0,0.58084285,1
Orthopoxvirus,prot_t5_xl_half_uniref50-enc,,full,4,0,0.5973319,1
Orthopoxvirus,prot_t5_xl_half_uniref50-enc,,full,4,0,0.58091736,1
Orthopoxvirus,prot_t5_xl_half_uniref50-enc,,full,4,0,0.5810103,1
Orthopoxvirus,prot_t5_xl_half_uniref50-enc,,full,4,0,0.6622868,1
Orthopoxvirus,prot_t5_xl_half_uniref50-enc,,full,4,0,0.5856488,1
Orthopoxvirus,prot_t5_xl_half_uniref50-enc,,full,4,0,0.58156884,1
Orthopoxvirus,prot_t5_xl_half_uniref50-enc,,full,4,0,0.57958776,1
Orthopoxvirus,prot_t5_xl_half_uniref50-enc,,full,4,0,0.5850698,1
Orthopoxvirus,prot_t5_xl_half_uniref50-enc,,full,4,0,0.6148005,1
Orthopoxvirus,prot_t5_xl_half_uniref50-enc,,full,4,0,0.58643436,1
Orthopoxvirus,prot_t5_xl_half_uniref50-enc,,full,4,0,0.60281885,1
Orthopoxvirus,prot_t5_xl_half_uniref50-enc,,full,4,0,0.58146966,1
Orthopoxvirus,prot_t5_xl_half_uniref50-enc,,full,4,0,0.58091736,1
Orthopoxvirus,prot_t5_xl_half_uniref50-enc,,full,4,0,0.58615285,1
Orthopoxvirus,prot_t5_xl_half_uniref50-enc,,full,4,1,0.8694956,1
Orthopoxvirus,prot_t5_xl_half_uniref50-enc,,full,4,1,0.87075967,1
Orthopoxvirus,prot_t5_xl_half_uniref50-enc,,full,4,1,0.86970824,1
Orthopoxvirus,prot_t5_xl_half_uniref50-enc,,full,4,1,0.86938506,1
Orthopoxvirus,prot_t5_xl_half_uniref50-enc,,full,4,1,0.86850804,1
Orthopoxvirus,prot_t5_xl_half_uniref50-enc,,full,4,1,0.8693976,1
Orthopoxvirus,prot_t5_xl_half_uniref50-enc,,full,4,1,0.86557287,1
Orthopoxvirus,prot_t5_xl_half_uniref50-enc,,full,4,1,0.86898285,1
Orthopoxvirus,prot_t5_xl_half_uniref50-enc,,full,4,1,0.86951447,1
Orthopoxvirus,prot_t5_xl_half_uniref50-enc,,full,4,1,0.8676211,1
Orthopoxvirus,prot_t5_xl_half_uniref50-enc,,full,4,1,0.8690837,1
Orthopoxvirus,prot_t5_xl_half_uniref50-enc,,full,4,1,0.87099004,1
Orthopoxvirus,prot_t5_xl_half_uniref50-enc,,full,4,1,0.86557496,1
Orthopoxvirus,prot_t5_xl_half_uniref50-enc,,full,4,1,0.86948395,1
Orthopoxvirus,prot_t5_xl_half_uniref50-enc,,full,4,1,0.8657765,1
Orthopoxvirus,prot_t5_xl_half_uniref50-enc,,full,4,1,0.8694539,1
Orthopoxvirus,prot_t5_xl_half_uniref50-enc,,full,4,1,0.86903876,1
Orthopoxvirus,prot_t5_xl_half_uniref50-enc,,full,4,1,0.86821765,1
Orthopoxvirus,prot_t5_xl_half_uniref50-enc,,full,4,1,0.8692059,1
Orthopoxvirus,prot_t5_xl_half_uniref50-enc,,full,4,1,0.8676839,1
Orthopoxvirus,prot_t5_xl_half_uniref50-enc,,full,4,1,0.86879057,1
Orthopoxvirus,prot_t5_xl_half_uniref50-enc,,full,4,1,0.4784819,0
Orthopoxvirus,prot_t5_xl_half_uniref50-enc,,full,4,1,0.51721853,1
Orthopoxvirus,prot_t5_xl_half_uniref50-enc,,full,4,1,0.47937638,0
Orthopoxvirus,prot_t5_xl_half_uniref50-enc,,full,4,1,0.48129812,0
Orthopoxvirus,prot_t5_xl_half_uniref50-enc,,full,4,1,0.476418,0
Orthopoxvirus,prot_t5_xl_half_uniref50-enc,,full,4,1,0.4980121,0
Orthopoxvirus,prot_t5_xl_half_uniref50-enc,,full,4,1,0.47573438,0
Orthopoxvirus,prot_t5_xl_half_uniref50-enc,,full,4,1,0.49667194,0
Orthopoxvirus,prot_t5_xl_half_uniref50-enc,,full,4,1,0.5657878,1
Orthopoxvirus,prot_t5_xl_half_uniref50-enc,,full,4,1,0.5654553,1
Orthopoxvirus,prot_t5_xl_half_uniref50-enc,,full,4,1,0.5123683,1
Orthopoxvirus,prot_t5_xl_half_uniref50-enc,,full,4,1,0.5728582,1
Orthopoxvirus,prot_t5_xl_half_uniref50-enc,,full,4,1,0.53631395,1
Orthopoxvirus,prot_t5_xl_half_uniref50-enc,,full,4,1,0.52803504,1
Orthopoxvirus,prot_t5_xl_half_uniref50-enc,,full,4,1,0.55416507,1
Orthopoxvirus,prot_t5_xl_half_uniref50-enc,,full,4,1,0.56974334,1
Orthopoxvirus,prot_t5_xl_half_uniref50-enc,,full,4,1,0.52874345,1
Orthopoxvirus,prot_t5_xl_half_uniref50-enc,,full,4,1,0.5661075,1
Orthopoxvirus,prot_t5_xl_half_uniref50-enc,,full,4,1,0.57330906,1
Orthopoxvirus,prot_t5_xl_half_uniref50-enc,,full,4,0,0.533345,1
Orthopoxvirus,prot_t5_xl_half_uniref50-enc,,full,4,0,0.52738595,1
Orthopoxvirus,prot_t5_xl_half_uniref50-enc,,full,4,0,0.5695332,1
Orthopoxvirus,prot_t5_xl_half_uniref50-enc,,full,4,0,0.5357343,1
Orthopoxvirus,prot_t5_xl_half_uniref50-enc,,full,4,0,0.5792088,1
Orthopoxvirus,prot_t5_xl_half_uniref50-enc,,full,4,0,0.5640006,1
Orthopoxvirus,prot_t5_xl_half_uniref50-enc,,full,4,0,0.5588153,1
Orthopoxvirus,prot_t5_xl_half_uniref50-enc,,full,4,0,0.5605499,1
Orthopoxvirus,prot_t5_xl_half_uniref50-enc,,full,4,0,0.55951375,1
Orthopoxvirus,prot_t5_xl_half_uniref50-enc,,full,4,0,0.5801295,1
Orthopoxvirus,prot_t5_xl_half_uniref50-enc,,full,4,0,0.5780053,1
Orthopoxvirus,prot_t5_xl_half_uniref50-enc,,full,4,1,0.51319927,1
Orthopoxvirus,prot_t5_xl_half_uniref50-enc,,full,4,1,0.57565403,1
Orthopoxvirus,prot_t5_xl_half_uniref50-enc,,full,4,1,0.55720395,1
Orthopoxvirus,prot_t5_xl_half_uniref50-enc,,full,4,1,0.5632682,1
Orthopoxvirus,prot_t5_xl_half_uniref50-enc,,full,4,1,0.5702035,1
Orthopoxvirus,prot_t5_xl_half_uniref50-enc,,full,4,1,0.5435415,1
Orthopoxvirus,prot_t5_xl_half_uniref50-enc,,full,4,1,0.5355649,1
Orthopoxvirus,prot_t5_xl_half_uniref50-enc,,full,4,1,0.57421213,1
Orthopoxvirus,prot_t5_xl_half_uniref50-enc,,full,4,1,0.5287635,1
Orthopoxvirus,prot_t5_xl_half_uniref50-enc,,full,4,1,0.5769661,1
Orthopoxvirus,prot_t5_xl_half_uniref50-enc,,full,4,1,0.5787094,1
Orthopoxvirus,prot_t5_xl_half_uniref50-enc,,full,4,1,0.57214546,1
Orthopoxvirus,prot_t5_xl_half_uniref50-enc,,full,4,1,0.5509806,1
Orthopoxvirus,prot_t5_xl_half_uniref50-enc,,full,4,1,0.5780166,1
Orthopoxvirus,prot_t5_xl_half_uniref50-enc,,full,4,1,0.5632655,1
Orthopoxvirus,prot_t5_xl_half_uniref50-enc,,full,4,1,0.5205283,1
Orthopoxvirus,prot_t5_xl_half_uniref50-enc,,full,4,1,0.48917347,0
Orthopoxvirus,prot_t5_xl_half_uniref50-enc,,full,4,1,0.54001707,1
Orthopoxvirus,prot_t5_xl_half_uniref50-enc,,full,4,1,0.5120623,1
Orthopoxvirus,prot_t5_xl_half_uniref50-enc,,full,4,1,0.578055,1
Orthopoxvirus,prot_t5_xl_half_uniref50-enc,,full,4,1,0.55554014,1
Orthopoxvirus,prot_t5_xl_half_uniref50-enc,,full,4,1,0.574458,1
Orthopoxvirus,prot_t5_xl_half_uniref50-enc,,full,4,1,0.53594667,1
Orthopoxvirus,prot_t5_xl_half_uniref50-enc,,full,4,1,0.5361468,1
Orthopoxvirus,prot_t5_xl_half_uniref50-enc,,full,4,1,0.57823884,1
Orthopoxvirus,prot_t5_xl_half_uniref50-enc,,full,4,1,0.4872965,0
Orthopoxvirus,prot_t5_xl_half_uniref50-enc,,full,4,0,0.53151375,1
Orthopoxvirus,prot_t5_xl_half_uniref50-enc,,full,4,0,0.52389914,1
Orthopoxvirus,prot_t5_xl_half_uniref50-enc,,full,4,0,0.52728945,1
Orthopoxvirus,prot_t5_xl_half_uniref50-enc,,full,4,0,0.49922282,0
Orthopoxvirus,prot_t5_xl_half_uniref50-enc,,full,4,0,0.5772336,1
Orthopoxvirus,prot_t5_xl_half_uniref50-enc,,full,4,0,0.5621238,1
Orthopoxvirus,prot_t5_xl_half_uniref50-enc,,full,4,0,0.5666008,1
Orthopoxvirus,prot_t5_xl_half_uniref50-enc,,full,4,1,0.51147836,1
Orthopoxvirus,prot_t5_xl_half_uniref50-enc,,full,4,1,0.5775069,1
Orthopoxvirus,prot_t5_xl_half_uniref50-enc,,full,4,1,0.5572462,1
Orthopoxvirus,prot_t5_xl_half_uniref50-enc,,full,4,1,0.57169014,1
Orthopoxvirus,prot_t5_xl_half_uniref50-enc,,full,4,1,0.57174253,1
Orthopoxvirus,prot_t5_xl_half_uniref50-enc,,full,4,1,0.5270485,1
Orthopoxvirus,prot_t5_xl_half_uniref50-enc,,full,4,1,0.5021957,1
Orthopoxvirus,prot_t5_xl_half_uniref50-enc,,full,4,1,0.57186186,1
Orthopoxvirus,prot_t5_xl_half_uniref50-enc,,full,4,1,0.57595766,1
Orthopoxvirus,prot_t5_xl_half_uniref50-enc,,full,4,1,0.5719097,1
Orthopoxvirus,prot_t5_xl_half_uniref50-enc,,full,4,1,0.5588339,1
Orthopoxvirus,prot_t5_xl_half_uniref50-enc,,full,4,1,0.55716765,1
Orthopoxvirus,prot_t5_xl_half_uniref50-enc,,full,4,1,0.56067765,1
Orthopoxvirus,prot_t5_xl_half_uniref50-enc,,full,4,1,0.54637617,1
Orthopoxvirus,prot_t5_xl_half_uniref50-enc,,full,4,1,0.5451845,1
Orthopoxvirus,prot_t5_xl_half_uniref50-enc,,full,4,1,0.5087855,1
Orthopoxvirus,prot_t5_xl_half_uniref50-enc,,full,4,1,0.55451024,1
Orthopoxvirus,prot_t5_xl_half_uniref50-enc,,full,4,1,0.54491925,1
Orthopoxvirus,prot_t5_xl_half_uniref50-enc,,full,4,1,0.5288266,1
Orthopoxvirus,prot_t5_xl_half_uniref50-enc,,full,4,1,0.557996,1
Orthopoxvirus,prot_t5_xl_half_uniref50-enc,,full,4,1,0.57658464,1
Orthopoxvirus,prot_t5_xl_half_uniref50-enc,,full,4,1,0.54026526,1
Orthopoxvirus,prot_t5_xl_half_uniref50-enc,,full,4,1,0.5315417,1
Orthopoxvirus,prot_t5_xl_half_uniref50-enc,,full,4,1,0.52956355,1
Orthopoxvirus,prot_t5_xl_half_uniref50-enc,,full,4,1,0.5669201,1
Orthopoxvirus,prot_t5_xl_half_uniref50-enc,,full,4,1,0.47921565,0
Orthopoxvirus,prot_t5_xl_half_uniref50-enc,,full,4,0,0.55319005,1
Orthopoxvirus,prot_t5_xl_half_uniref50-enc,,full,4,0,0.5557121,1
Orthopoxvirus,prot_t5_xl_half_uniref50-enc,,full,4,0,0.53463304,1
Orthopoxvirus,prot_t5_xl_half_uniref50-enc,,full,4,0,0.55791175,1
Orthopoxvirus,prot_t5_xl_half_uniref50-enc,,full,4,0,0.56667733,1
Orthopoxvirus,prot_t5_xl_half_uniref50-enc,,full,4,0,0.5461531,1
Orthopoxvirus,prot_t5_xl_half_uniref50-enc,,full,4,0,0.5442185,1
Orthopoxvirus,prot_t5_xl_half_uniref50-enc,,full,4,0,0.55165255,1
Orthopoxvirus,prot_t5_xl_half_uniref50-enc,,full,4,0,0.54484713,1
Orthopoxvirus,prot_t5_xl_half_uniref50-enc,,full,4,0,0.55315274,1
Orthopoxvirus,prot_t5_xl_half_uniref50-enc,,full,4,0,0.5570126,1
Orthopoxvirus,prot_t5_xl_half_uniref50-enc,,full,4,0,0.5573099,1
Orthopoxvirus,prot_t5_xl_half_uniref50-enc,,full,4,0,0.51868963,1
Orthopoxvirus,prot_t5_xl_half_uniref50-enc,,full,4,0,0.55436105,1
Orthopoxvirus,prot_t5_xl_half_uniref50-enc,,full,4,1,0.52938825,1
Orthopoxvirus,prot_t5_xl_half_uniref50-enc,,full,4,1,0.48728493,0
Orthopoxvirus,prot_t5_xl_half_uniref50-enc,,full,4,1,0.507071,1
Orthopoxvirus,prot_t5_xl_half_uniref50-enc,,full,4,1,0.5467372,1
Orthopoxvirus,prot_t5_xl_half_uniref50-enc,,full,4,1,0.47669736,0
Orthopoxvirus,prot_t5_xl_half_uniref50-enc,,full,4,1,0.49911776,0
Orthopoxvirus,prot_t5_xl_half_uniref50-enc,,full,4,1,0.52350235,1
Orthopoxvirus,prot_t5_xl_half_uniref50-enc,,full,4,1,0.53887874,1
Orthopoxvirus,prot_t5_xl_half_uniref50-enc,,full,4,1,0.4826543,0
Orthopoxvirus,prot_t5_xl_half_uniref50-enc,,full,4,1,0.5033358,1
Orthopoxvirus,prot_t5_xl_half_uniref50-enc,,full,4,1,0.49022916,0
Orthopoxvirus,prot_t5_xl_half_uniref50-enc,,full,4,1,0.50285923,1
Orthopoxvirus,prot_t5_xl_half_uniref50-enc,,full,4,1,0.48957855,0
Orthopoxvirus,prot_t5_xl_half_uniref50-enc,,full,4,1,0.51025355,1
Orthopoxvirus,prot_t5_xl_half_uniref50-enc,,full,4,1,0.481991,0
Orthopoxvirus,prot_t5_xl_half_uniref50-enc,,full,4,1,0.50153255,1
Orthopoxvirus,prot_t5_xl_half_uniref50-enc,,full,4,1,0.50055605,1
Orthopoxvirus,prot_t5_xl_half_uniref50-enc,,full,4,1,0.4949851,0
Orthopoxvirus,prot_t5_xl_half_uniref50-enc,,full,4,1,0.49033874,0
Orthopoxvirus,prot_t5_xl_half_uniref50-enc,,full,4,1,0.49042037,0
Orthopoxvirus,prot_t5_xl_half_uniref50-enc,,full,4,1,0.49109226,0
Orthopoxvirus,prot_t5_xl_half_uniref50-enc,,full,4,1,0.50482744,1
Orthopoxvirus,prot_t5_xl_half_uniref50-enc,,full,4,1,0.50435513,1
Orthopoxvirus,prot_t5_xl_half_uniref50-enc,,full,4,1,0.49085182,0
Orthopoxvirus,prot_t5_xl_half_uniref50-enc,,full,4,1,0.49654397,0
Orthopoxvirus,prot_t5_xl_half_uniref50-enc,,full,4,1,0.50566757,1
Orthopoxvirus,prot_t5_xl_half_uniref50-enc,,full,4,1,0.50553185,1
Orthopoxvirus,prot_t5_xl_half_uniref50-enc,,full,4,1,0.5027516,1
Orthopoxvirus,prot_t5_xl_half_uniref50-enc,,full,4,1,0.49132928,0
Orthopoxvirus,prot_t5_xl_half_uniref50-enc,,full,4,1,0.49973807,0
Orthopoxvirus,prot_t5_xl_half_uniref50-enc,,full,4,1,0.5004172,1
Orthopoxvirus,prot_t5_xl_half_uniref50-enc,,full,4,1,0.50334656,1
Orthopoxvirus,prot_t5_xl_half_uniref50-enc,,full,4,1,0.50692165,1
Orthopoxvirus,prot_t5_xl_half_uniref50-enc,,full,4,1,0.49357852,0
Orthopoxvirus,prot_t5_xl_half_uniref50-enc,,full,4,1,0.49191022,0
Orthopoxvirus,prot_t5_xl_half_uniref50-enc,,full,4,1,0.49790105,0
Orthopoxvirus,prot_t5_xl_half_uniref50-enc,,full,4,1,0.49233365,0
Orthopoxvirus,prot_t5_xl_half_uniref50-enc,,full,4,1,0.4902926,0
Orthopoxvirus,prot_t5_xl_half_uniref50-enc,,full,4,1,0.49368498,0
Orthopoxvirus,prot_t5_xl_half_uniref50-enc,,full,4,1,0.4921297,0
Orthopoxvirus,prot_t5_xl_half_uniref50-enc,,full,4,1,0.5041797,1
Orthopoxvirus,prot_t5_xl_half_uniref50-enc,,full,4,1,0.5036086,1
Orthopoxvirus,prot_t5_xl_half_uniref50-enc,,full,4,1,0.49771115,0
Orthopoxvirus,prot_t5_xl_half_uniref50-enc,,full,4,1,0.49257332,0
Orthopoxvirus,prot_t5_xl_half_uniref50-enc,,full,4,1,0.49128953,0
Orthopoxvirus,prot_t5_xl_half_uniref50-enc,,full,4,1,0.49349356,0
Orthopoxvirus,prot_t5_xl_half_uniref50-enc,,full,4,1,0.4947788,0
Orthopoxvirus,prot_t5_xl_half_uniref50-enc,,full,4,1,0.4945555,0
Orthopoxvirus,prot_t5_xl_half_uniref50-enc,,full,4,1,0.49840277,0
Orthopoxvirus,prot_t5_xl_half_uniref50-enc,,full,4,1,0.49208754,0
Orthopoxvirus,prot_t5_xl_half_uniref50-enc,,full,4,1,0.49197134,0
Orthopoxvirus,prot_t5_xl_half_uniref50-enc,,full,4,1,0.5477905,1
Orthopoxvirus,prot_t5_xl_half_uniref50-enc,,full,4,1,0.52808505,1
Orthopoxvirus,prot_t5_xl_half_uniref50-enc,,full,4,1,0.56413525,1
Orthopoxvirus,prot_t5_xl_half_uniref50-enc,,full,4,1,0.50444025,1
Orthopoxvirus,prot_t5_xl_half_uniref50-enc,,full,4,1,0.5989991,1
Orthopoxvirus,prot_t5_xl_half_uniref50-enc,,full,4,1,0.6844335,1
Orthopoxvirus,prot_t5_xl_half_uniref50-enc,,full,4,1,0.5638317,1
Orthopoxvirus,prot_t5_xl_half_uniref50-enc,,full,4,1,0.51462483,1
Orthopoxvirus,prot_t5_xl_half_uniref50-enc,,full,4,1,0.5073719,1
Orthopoxvirus,prot_t5_xl_half_uniref50-enc,,full,4,1,0.56519103,1
Orthopoxvirus,prot_t5_xl_half_uniref50-enc,,full,4,1,0.5117966,1
Orthopoxvirus,prot_t5_xl_half_uniref50-enc,,full,4,1,0.52530754,1
Orthopoxvirus,prot_t5_xl_half_uniref50-enc,,full,4,1,0.7194335,1
Orthopoxvirus,prot_t5_xl_half_uniref50-enc,,full,4,1,0.77601624,1
Orthopoxvirus,prot_t5_xl_half_uniref50-enc,,full,4,1,0.71617454,1
Orthopoxvirus,prot_t5_xl_half_uniref50-enc,,full,4,1,0.7813856,1
Orthopoxvirus,prot_t5_xl_half_uniref50-enc,,full,4,1,0.76481116,1
Orthopoxvirus,prot_t5_xl_half_uniref50-enc,,full,4,1,0.7884674,1
Orthopoxvirus,prot_t5_xl_half_uniref50-enc,,full,4,1,0.7729227,1
Orthopoxvirus,prot_t5_xl_half_uniref50-enc,,full,4,1,0.788071,1
Orthopoxvirus,prot_t5_xl_half_uniref50-enc,,full,4,1,0.79098696,1
Orthopoxvirus,prot_t5_xl_half_uniref50-enc,,full,4,1,0.79430175,1
Orthopoxvirus,prot_t5_xl_half_uniref50-enc,,full,4,1,0.78690773,1
Orthopoxvirus,prot_t5_xl_half_uniref50-enc,,full,4,1,0.80510956,1
Orthopoxvirus,prot_t5_xl_half_uniref50-enc,,full,4,1,0.7600275,1
Orthopoxvirus,prot_t5_xl_half_uniref50-enc,,full,4,1,0.60078764,1
Orthopoxvirus,prot_t5_xl_half_uniref50-enc,,full,4,1,0.582346,1
Orthopoxvirus,prot_t5_xl_half_uniref50-enc,,full,4,1,0.5958299,1
Orthopoxvirus,prot_t5_xl_half_uniref50-enc,,full,4,1,0.6333887,1
Orthopoxvirus,prot_t5_xl_half_uniref50-enc,,full,4,1,0.58951414,1
Orthopoxvirus,prot_t5_xl_half_uniref50-enc,,full,4,1,0.69223124,1
Orthopoxvirus,prot_t5_xl_half_uniref50-enc,,full,4,1,0.6490799,1
Orthopoxvirus,prot_t5_xl_half_uniref50-enc,,full,4,1,0.6037273,1
Orthopoxvirus,prot_t5_xl_half_uniref50-enc,,full,4,1,0.6849851,1
Orthopoxvirus,prot_t5_xl_half_uniref50-enc,,full,4,0,0.6189568,1
Orthopoxvirus,prot_t5_xl_half_uniref50-enc,,full,4,0,0.64163357,1
Orthopoxvirus,prot_t5_xl_half_uniref50-enc,,full,4,0,0.58490837,1
Orthopoxvirus,prot_t5_xl_half_uniref50-enc,,full,4,0,0.52432954,1
Orthopoxvirus,prot_t5_xl_half_uniref50-enc,,full,4,0,0.5100111,1
Orthopoxvirus,prot_t5_xl_half_uniref50-enc,,full,4,0,0.6730471,1
Orthopoxvirus,prot_t5_xl_half_uniref50-enc,,full,4,0,0.5356418,1
Orthopoxvirus,prot_t5_xl_half_uniref50-enc,,full,4,0,0.5244554,1
Orthopoxvirus,prot_t5_xl_half_uniref50-enc,,full,4,0,0.5119112,1
Orthopoxvirus,prot_t5_xl_half_uniref50-enc,,full,4,0,0.7045047,1
Orthopoxvirus,prot_t5_xl_half_uniref50-enc,,full,5,1,0.77333254,1
Orthopoxvirus,prot_t5_xl_half_uniref50-enc,,full,5,1,0.7729625,1
Orthopoxvirus,prot_t5_xl_half_uniref50-enc,,full,5,1,0.7874859,1
Orthopoxvirus,prot_t5_xl_half_uniref50-enc,,full,5,1,0.7793206,1
Orthopoxvirus,prot_t5_xl_half_uniref50-enc,,full,5,1,0.78085077,1
Orthopoxvirus,prot_t5_xl_half_uniref50-enc,,full,5,1,0.77467054,1
Orthopoxvirus,prot_t5_xl_half_uniref50-enc,,full,5,1,0.7842717,1
Orthopoxvirus,prot_t5_xl_half_uniref50-enc,,full,5,1,0.77325654,1
Orthopoxvirus,prot_t5_xl_half_uniref50-enc,,full,5,1,0.7738117,1
Orthopoxvirus,prot_t5_xl_half_uniref50-enc,,full,5,1,0.785489,1
Orthopoxvirus,prot_t5_xl_half_uniref50-enc,,full,5,1,0.7259986,1
Orthopoxvirus,prot_t5_xl_half_uniref50-enc,,full,5,1,0.70179486,1
Orthopoxvirus,prot_t5_xl_half_uniref50-enc,,full,5,1,0.75446147,1
Orthopoxvirus,prot_t5_xl_half_uniref50-enc,,full,5,1,0.7536822,1
Orthopoxvirus,prot_t5_xl_half_uniref50-enc,,full,5,1,0.69708234,1
Orthopoxvirus,prot_t5_xl_half_uniref50-enc,,full,5,1,0.97166103,1
Orthopoxvirus,prot_t5_xl_half_uniref50-enc,,full,5,1,0.9533251,1
Orthopoxvirus,prot_t5_xl_half_uniref50-enc,,full,5,1,0.9658094,1
Orthopoxvirus,prot_t5_xl_half_uniref50-enc,,full,5,1,0.9707809,1
Orthopoxvirus,prot_t5_xl_half_uniref50-enc,,full,5,1,0.9690354,1
Orthopoxvirus,prot_t5_xl_half_uniref50-enc,,full,5,1,0.93904793,1
Orthopoxvirus,prot_t5_xl_half_uniref50-enc,,full,5,1,0.955583,1
Orthopoxvirus,prot_t5_xl_half_uniref50-enc,,full,5,1,0.9893993,1
Orthopoxvirus,prot_t5_xl_half_uniref50-enc,,full,5,1,0.9710615,1
Orthopoxvirus,prot_t5_xl_half_uniref50-enc,,full,5,1,0.7815014,1
Orthopoxvirus,prot_t5_xl_half_uniref50-enc,,full,5,1,0.89299077,1
Orthopoxvirus,prot_t5_xl_half_uniref50-enc,,full,5,1,0.8869322,1
Orthopoxvirus,prot_t5_xl_half_uniref50-enc,,full,5,1,0.787476,1
Orthopoxvirus,prot_t5_xl_half_uniref50-enc,,full,5,1,0.9533582,1
Orthopoxvirus,prot_t5_xl_half_uniref50-enc,,full,5,1,0.8928725,1
Orthopoxvirus,prot_t5_xl_half_uniref50-enc,,full,5,1,0.9002081,1
Orthopoxvirus,prot_t5_xl_half_uniref50-enc,,full,5,1,0.9486786,1
Orthopoxvirus,prot_t5_xl_half_uniref50-enc,,full,5,1,0.91198665,1
Orthopoxvirus,prot_t5_xl_half_uniref50-enc,,full,5,1,0.9455733,1
Orthopoxvirus,prot_t5_xl_half_uniref50-enc,,full,5,1,0.93216616,1
Orthopoxvirus,prot_t5_xl_half_uniref50-enc,,full,5,1,0.9461762,1
Orthopoxvirus,prot_t5_xl_half_uniref50-enc,,full,5,1,0.8822815,1
Orthopoxvirus,prot_t5_xl_half_uniref50-enc,,full,5,1,0.88577706,1
Orthopoxvirus,prot_t5_xl_half_uniref50-enc,,full,5,1,0.84062046,1
Orthopoxvirus,prot_t5_xl_half_uniref50-enc,,full,5,1,0.73524314,1
Orthopoxvirus,prot_t5_xl_half_uniref50-enc,,full,5,1,0.6262153,1
Orthopoxvirus,prot_t5_xl_half_uniref50-enc,,full,5,1,0.6665288,1
Orthopoxvirus,prot_t5_xl_half_uniref50-enc,,full,5,1,0.6221098,1
Orthopoxvirus,prot_t5_xl_half_uniref50-enc,,full,5,1,0.6647304,1
Orthopoxvirus,prot_t5_xl_half_uniref50-enc,,full,5,1,0.7461008,1
Orthopoxvirus,prot_t5_xl_half_uniref50-enc,,full,5,1,0.62851685,1
Orthopoxvirus,prot_t5_xl_half_uniref50-enc,,full,5,1,0.6348123,1
Orthopoxvirus,prot_t5_xl_half_uniref50-enc,,full,5,1,0.6269644,1
Orthopoxvirus,prot_t5_xl_half_uniref50-enc,,full,5,1,0.62776774,1
Orthopoxvirus,prot_t5_xl_half_uniref50-enc,,full,5,0,0.942688,1
Orthopoxvirus,prot_t5_xl_half_uniref50-enc,,full,5,0,0.94263905,1
Orthopoxvirus,prot_t5_xl_half_uniref50-enc,,full,5,0,0.942295,1
Orthopoxvirus,prot_t5_xl_half_uniref50-enc,,full,5,0,0.94339764,1
Orthopoxvirus,prot_t5_xl_half_uniref50-enc,,full,5,0,0.9437392,1
Orthopoxvirus,prot_t5_xl_half_uniref50-enc,,full,5,0,0.9438406,1
Orthopoxvirus,prot_t5_xl_half_uniref50-enc,,full,5,0,0.9437268,1
Orthopoxvirus,prot_t5_xl_half_uniref50-enc,,full,5,0,0.9436149,1
Orthopoxvirus,prot_t5_xl_half_uniref50-enc,,full,5,0,0.94349986,1
Orthopoxvirus,prot_t5_xl_half_uniref50-enc,,full,5,0,0.9437292,1
Orthopoxvirus,prot_t5_xl_half_uniref50-enc,,full,5,0,0.9439648,1
Orthopoxvirus,prot_t5_xl_half_uniref50-enc,,full,5,0,0.9438028,1
Orthopoxvirus,prot_t5_xl_half_uniref50-enc,,full,5,0,0.9434243,1
Orthopoxvirus,prot_t5_xl_half_uniref50-enc,,full,5,0,0.9434056,1
Orthopoxvirus,prot_t5_xl_half_uniref50-enc,,full,5,0,0.9437488,1
Orthopoxvirus,prot_t5_xl_half_uniref50-enc,,full,5,0,0.60302305,1
Orthopoxvirus,prot_t5_xl_half_uniref50-enc,,full,5,0,0.6665696,1
Orthopoxvirus,prot_t5_xl_half_uniref50-enc,,full,5,0,0.65200466,1
Orthopoxvirus,prot_t5_xl_half_uniref50-enc,,full,5,0,0.70126504,1
Orthopoxvirus,prot_t5_xl_half_uniref50-enc,,full,5,0,0.6231222,1
Orthopoxvirus,prot_t5_xl_half_uniref50-enc,,full,5,0,0.6301356,1
Orthopoxvirus,prot_t5_xl_half_uniref50-enc,,full,5,0,0.7214415,1
Orthopoxvirus,prot_t5_xl_half_uniref50-enc,,full,5,0,0.71899086,1
Orthopoxvirus,prot_t5_xl_half_uniref50-enc,,full,5,0,0.7506544,1
Orthopoxvirus,prot_t5_xl_half_uniref50-enc,,full,5,0,0.7283921,1
Orthopoxvirus,prot_t5_xl_half_uniref50-enc,,full,5,0,0.7706402,1
Orthopoxvirus,prot_t5_xl_half_uniref50-enc,,full,5,0,0.7255008,1
Orthopoxvirus,prot_t5_xl_half_uniref50-enc,,full,5,0,0.6880375,1
Orthopoxvirus,prot_t5_xl_half_uniref50-enc,,full,5,0,0.7699968,1
Orthopoxvirus,prot_t5_xl_half_uniref50-enc,,full,5,0,0.7603691,1
Orthopoxvirus,prot_t5_xl_half_uniref50-enc,,full,5,1,0.78602004,1
Orthopoxvirus,prot_t5_xl_half_uniref50-enc,,full,5,1,0.7884205,1
Orthopoxvirus,prot_t5_xl_half_uniref50-enc,,full,5,1,0.77032256,1
Orthopoxvirus,prot_t5_xl_half_uniref50-enc,,full,5,1,0.7745103,1
Orthopoxvirus,prot_t5_xl_half_uniref50-enc,,full,5,1,0.7874248,1
Orthopoxvirus,prot_t5_xl_half_uniref50-enc,,full,5,1,0.7886865,1
Orthopoxvirus,prot_t5_xl_half_uniref50-enc,,full,5,1,0.78796923,1
Orthopoxvirus,prot_t5_xl_half_uniref50-enc,,full,5,1,0.7826495,1
Orthopoxvirus,prot_t5_xl_half_uniref50-enc,,full,5,1,0.7853396,1
Orthopoxvirus,prot_t5_xl_half_uniref50-enc,,full,5,1,0.7876742,1
Orthopoxvirus,prot_t5_xl_half_uniref50-enc,,full,5,1,0.7808646,1
Orthopoxvirus,prot_t5_xl_half_uniref50-enc,,full,5,1,0.7868598,1
Orthopoxvirus,prot_t5_xl_half_uniref50-enc,,full,5,1,0.78717643,1
Orthopoxvirus,prot_t5_xl_half_uniref50-enc,,full,5,1,0.78687674,1
Orthopoxvirus,prot_t5_xl_half_uniref50-enc,,full,5,1,0.7858313,1
Orthopoxvirus,prot_t5_xl_half_uniref50-enc,,full,5,1,0.77873605,1
Orthopoxvirus,prot_t5_xl_half_uniref50-enc,,full,5,1,0.7882867,1
Orthopoxvirus,prot_t5_xl_half_uniref50-enc,,full,5,1,0.7878325,1
Orthopoxvirus,prot_t5_xl_half_uniref50-enc,,full,5,1,0.7868375,1
Orthopoxvirus,prot_t5_xl_half_uniref50-enc,,full,5,1,0.7856282,1
Orthopoxvirus,prot_t5_xl_half_uniref50-enc,,full,5,1,0.7867732,1
Orthopoxvirus,prot_t5_xl_half_uniref50-enc,,full,5,1,0.7761275,1
Orthopoxvirus,prot_t5_xl_half_uniref50-enc,,full,5,1,0.70003366,1
Orthopoxvirus,prot_t5_xl_half_uniref50-enc,,full,5,1,0.72101116,1
Orthopoxvirus,prot_t5_xl_half_uniref50-enc,,full,5,1,0.7387841,1
Orthopoxvirus,prot_t5_xl_half_uniref50-enc,,full,5,1,0.7716511,1
Orthopoxvirus,prot_t5_xl_half_uniref50-enc,,full,5,1,0.77984166,1
Orthopoxvirus,prot_t5_xl_half_uniref50-enc,,full,5,1,0.76201636,1
Orthopoxvirus,prot_t5_xl_half_uniref50-enc,,full,5,1,0.7299144,1
Orthopoxvirus,prot_t5_xl_half_uniref50-enc,,full,5,1,0.76782405,1
Orthopoxvirus,prot_t5_xl_half_uniref50-enc,,full,5,1,0.7785704,1
Orthopoxvirus,prot_t5_xl_half_uniref50-enc,,full,5,1,0.7714092,1
Orthopoxvirus,prot_t5_xl_half_uniref50-enc,,full,5,1,0.74776834,1
Orthopoxvirus,prot_t5_xl_half_uniref50-enc,,full,5,1,0.7844778,1
Orthopoxvirus,prot_t5_xl_half_uniref50-enc,,full,5,1,0.7748794,1
Orthopoxvirus,prot_t5_xl_half_uniref50-enc,,full,5,1,0.7848478,1
Orthopoxvirus,prot_t5_xl_half_uniref50-enc,,full,5,1,0.7646852,1
Orthopoxvirus,prot_t5_xl_half_uniref50-enc,,full,5,1,0.7873447,1
Orthopoxvirus,prot_t5_xl_half_uniref50-enc,,full,5,1,0.7817273,1
Orthopoxvirus,prot_t5_xl_half_uniref50-enc,,full,5,1,0.78737104,1
Orthopoxvirus,prot_t5_xl_half_uniref50-enc,,full,5,1,0.76803505,1
Orthopoxvirus,prot_t5_xl_half_uniref50-enc,,full,5,1,0.778818,1
Orthopoxvirus,prot_t5_xl_half_uniref50-enc,,full,5,1,0.7840213,1
Orthopoxvirus,prot_t5_xl_half_uniref50-enc,,full,5,1,0.7810079,1
Orthopoxvirus,prot_t5_xl_half_uniref50-enc,,full,5,1,0.7697078,1
Orthopoxvirus,prot_t5_xl_half_uniref50-enc,,full,5,1,0.7832954,1
Orthopoxvirus,prot_t5_xl_half_uniref50-enc,,full,5,1,0.77538943,1
Orthopoxvirus,prot_t5_xl_half_uniref50-enc,,full,5,1,0.7669736,1
Orthopoxvirus,prot_t5_xl_half_uniref50-enc,,full,5,1,0.7762108,1
Orthopoxvirus,prot_t5_xl_half_uniref50-enc,,full,5,1,0.78226256,1
Orthopoxvirus,prot_t5_xl_half_uniref50-enc,,full,5,1,0.7606867,1
Orthopoxvirus,prot_t5_xl_half_uniref50-enc,,full,5,1,0.7667704,1
Orthopoxvirus,prot_t5_xl_half_uniref50-enc,,full,5,1,0.7657756,1
Orthopoxvirus,prot_t5_xl_half_uniref50-enc,,full,5,1,0.7789545,1
Orthopoxvirus,prot_t5_xl_half_uniref50-enc,,full,5,1,0.7869739,1
Orthopoxvirus,prot_t5_xl_half_uniref50-enc,,full,5,1,0.7703789,1
Orthopoxvirus,prot_t5_xl_half_uniref50-enc,,full,5,1,0.7726597,1
Orthopoxvirus,prot_t5_xl_half_uniref50-enc,,full,5,1,0.763767,1
Orthopoxvirus,prot_t5_xl_half_uniref50-enc,,full,5,1,0.76455104,1
Orthopoxvirus,prot_t5_xl_half_uniref50-enc,,full,5,1,0.78403366,1
Orthopoxvirus,prot_t5_xl_half_uniref50-enc,,full,5,1,0.77950215,1
Orthopoxvirus,prot_t5_xl_half_uniref50-enc,,full,5,1,0.76885426,1
Orthopoxvirus,prot_t5_xl_half_uniref50-enc,,full,5,1,0.7764453,1
Orthopoxvirus,prot_t5_xl_half_uniref50-enc,,full,5,1,0.7637462,1
Orthopoxvirus,prot_t5_xl_half_uniref50-enc,,full,5,1,0.75767815,1
Orthopoxvirus,prot_t5_xl_half_uniref50-enc,,full,5,1,0.7775277,1
Orthopoxvirus,prot_t5_xl_half_uniref50-enc,,full,5,1,0.76886207,1
Orthopoxvirus,prot_t5_xl_half_uniref50-enc,,full,5,1,0.76082844,1
Orthopoxvirus,prot_t5_xl_half_uniref50-enc,,full,5,1,0.78574777,1
Orthopoxvirus,prot_t5_xl_half_uniref50-enc,,full,5,1,0.76952404,1
Orthopoxvirus,prot_t5_xl_half_uniref50-enc,,full,5,1,0.7651853,1
Orthopoxvirus,prot_t5_xl_half_uniref50-enc,,full,5,1,0.7528114,1
Orthopoxvirus,prot_t5_xl_half_uniref50-enc,,full,5,1,0.75031394,1
Orthopoxvirus,prot_t5_xl_half_uniref50-enc,,full,5,1,0.769935,1
Orthopoxvirus,prot_t5_xl_half_uniref50-enc,,full,5,1,0.76812094,1
Orthopoxvirus,prot_t5_xl_half_uniref50-enc,,full,5,1,0.67300916,1
Orthopoxvirus,prot_t5_xl_half_uniref50-enc,,full,5,1,0.7744896,1
Orthopoxvirus,prot_t5_xl_half_uniref50-enc,,full,5,1,0.7807327,1
Orthopoxvirus,prot_t5_xl_half_uniref50-enc,,full,5,1,0.7762863,1
Orthopoxvirus,prot_t5_xl_half_uniref50-enc,,full,5,1,0.7822648,1
Orthopoxvirus,prot_t5_xl_half_uniref50-enc,,full,5,1,0.7835227,1
Orthopoxvirus,prot_t5_xl_half_uniref50-enc,,full,5,1,0.78555214,1
Orthopoxvirus,prot_t5_xl_half_uniref50-enc,,full,5,1,0.7875996,1
Orthopoxvirus,prot_t5_xl_half_uniref50-enc,,full,5,1,0.7872284,1
Orthopoxvirus,prot_t5_xl_half_uniref50-enc,,full,5,1,0.7776278,1
Orthopoxvirus,prot_t5_xl_half_uniref50-enc,,full,5,1,0.7899561,1
Orthopoxvirus,prot_t5_xl_half_uniref50-enc,,full,5,1,0.78263754,1
Orthopoxvirus,prot_t5_xl_half_uniref50-enc,,full,5,1,0.78507906,1
Orthopoxvirus,prot_t5_xl_half_uniref50-enc,,full,5,1,0.7889553,1
Orthopoxvirus,prot_t5_xl_half_uniref50-enc,,full,5,1,0.779934,1
Orthopoxvirus,prot_t5_xl_half_uniref50-enc,,full,5,1,0.77535045,1
Orthopoxvirus,prot_t5_xl_half_uniref50-enc,,full,5,1,0.78793454,1
Orthopoxvirus,prot_t5_xl_half_uniref50-enc,,full,5,1,0.78795254,1
Orthopoxvirus,prot_t5_xl_half_uniref50-enc,,full,5,1,0.7724075,1
Orthopoxvirus,prot_t5_xl_half_uniref50-enc,,full,5,1,0.7749801,1
Orthopoxvirus,prot_t5_xl_half_uniref50-enc,,full,5,1,0.7781341,1
Orthopoxvirus,prot_t5_xl_half_uniref50-enc,,full,5,1,0.7829401,1
Orthopoxvirus,prot_t5_xl_half_uniref50-enc,,full,5,1,0.78578085,1
Orthopoxvirus,prot_t5_xl_half_uniref50-enc,,full,5,1,0.7826448,1
Orthopoxvirus,prot_t5_xl_half_uniref50-enc,,full,5,1,0.7859653,1
Orthopoxvirus,prot_t5_xl_half_uniref50-enc,,full,5,1,0.78686833,1
Orthopoxvirus,prot_t5_xl_half_uniref50-enc,,full,5,1,0.7873966,1
Orthopoxvirus,prot_t5_xl_half_uniref50-enc,,full,5,1,0.78061634,1
Orthopoxvirus,prot_t5_xl_half_uniref50-enc,,full,5,0,0.79010874,1
Orthopoxvirus,prot_t5_xl_half_uniref50-enc,,full,5,0,0.7883965,1
Orthopoxvirus,prot_t5_xl_half_uniref50-enc,,full,5,0,0.7841291,1
Orthopoxvirus,prot_t5_xl_half_uniref50-enc,,full,5,0,0.7668603,1
Orthopoxvirus,prot_t5_xl_half_uniref50-enc,,full,5,0,0.7776588,1
Orthopoxvirus,prot_t5_xl_half_uniref50-enc,,full,5,1,0.7837087,1
Orthopoxvirus,prot_t5_xl_half_uniref50-enc,,full,5,1,0.7824354,1
Orthopoxvirus,prot_t5_xl_half_uniref50-enc,,full,5,1,0.7794225,1
Orthopoxvirus,prot_t5_xl_half_uniref50-enc,,full,5,1,0.78583366,1
Orthopoxvirus,prot_t5_xl_half_uniref50-enc,,full,5,1,0.78709525,1
Orthopoxvirus,prot_t5_xl_half_uniref50-enc,,full,5,1,0.786397,1
Orthopoxvirus,prot_t5_xl_half_uniref50-enc,,full,5,1,0.78899866,1
Orthopoxvirus,prot_t5_xl_half_uniref50-enc,,full,5,1,0.7855851,1
Orthopoxvirus,prot_t5_xl_half_uniref50-enc,,full,5,1,0.7895039,1
Orthopoxvirus,prot_t5_xl_half_uniref50-enc,,full,5,1,0.7845743,1
Orthopoxvirus,prot_t5_xl_half_uniref50-enc,,full,5,1,0.78538734,1
Orthopoxvirus,prot_t5_xl_half_uniref50-enc,,full,5,1,0.7857016,1
Orthopoxvirus,prot_t5_xl_half_uniref50-enc,,full,5,1,0.77198976,1
Orthopoxvirus,prot_t5_xl_half_uniref50-enc,,full,5,1,0.7868126,1
Orthopoxvirus,prot_t5_xl_half_uniref50-enc,,full,5,1,0.7863053,1
Orthopoxvirus,prot_t5_xl_half_uniref50-enc,,full,5,1,0.7758517,1
Orthopoxvirus,prot_t5_xl_half_uniref50-enc,,full,5,1,0.7861942,1
Orthopoxvirus,prot_t5_xl_half_uniref50-enc,,full,5,1,0.7867022,1
Orthopoxvirus,prot_t5_xl_half_uniref50-enc,,full,5,1,0.7799803,1
Orthopoxvirus,prot_t5_xl_half_uniref50-enc,,full,5,1,0.7825498,1
Orthopoxvirus,prot_t5_xl_half_uniref50-enc,,full,5,1,0.7806002,1
Orthopoxvirus,prot_t5_xl_half_uniref50-enc,,full,5,1,0.78293854,1
Orthopoxvirus,prot_t5_xl_half_uniref50-enc,,full,5,1,0.7358285,1
Orthopoxvirus,prot_t5_xl_half_uniref50-enc,,full,5,1,0.76162887,1
Orthopoxvirus,prot_t5_xl_half_uniref50-enc,,full,5,1,0.7613011,1
Orthopoxvirus,prot_t5_xl_half_uniref50-enc,,full,5,1,0.7781557,1
Orthopoxvirus,prot_t5_xl_half_uniref50-enc,,full,5,1,0.7892912,1
Orthopoxvirus,prot_t5_xl_half_uniref50-enc,,full,5,1,0.78684866,1
Orthopoxvirus,prot_t5_xl_half_uniref50-enc,,full,5,1,0.7811164,1
Orthopoxvirus,prot_t5_xl_half_uniref50-enc,,full,5,1,0.7285295,1
Orthopoxvirus,prot_t5_xl_half_uniref50-enc,,full,5,1,0.7790469,1
Orthopoxvirus,prot_t5_xl_half_uniref50-enc,,full,5,1,0.78544086,1
Orthopoxvirus,prot_t5_xl_half_uniref50-enc,,full,5,1,0.7806537,1
Orthopoxvirus,prot_t5_xl_half_uniref50-enc,,full,5,1,0.7883924,1
Orthopoxvirus,prot_t5_xl_half_uniref50-enc,,full,5,1,0.78753066,1
Orthopoxvirus,prot_t5_xl_half_uniref50-enc,,full,5,1,0.7898558,1
Orthopoxvirus,prot_t5_xl_half_uniref50-enc,,full,5,1,0.78221565,1
Orthopoxvirus,prot_t5_xl_half_uniref50-enc,,full,5,1,0.78680515,1
Orthopoxvirus,prot_t5_xl_half_uniref50-enc,,full,5,1,0.7880331,1
Orthopoxvirus,prot_t5_xl_half_uniref50-enc,,full,5,1,0.7880749,1
Orthopoxvirus,prot_t5_xl_half_uniref50-enc,,full,5,0,0.94944245,1
Orthopoxvirus,prot_t5_xl_half_uniref50-enc,,full,5,0,0.9717549,1
Orthopoxvirus,prot_t5_xl_half_uniref50-enc,,full,5,0,0.90771174,1
Orthopoxvirus,prot_t5_xl_half_uniref50-enc,,full,5,0,0.9141018,1
Orthopoxvirus,prot_t5_xl_half_uniref50-enc,,full,5,0,0.91687524,1
Orthopoxvirus,prot_t5_xl_half_uniref50-enc,,full,5,0,0.9104428,1
Orthopoxvirus,prot_t5_xl_half_uniref50-enc,,full,5,0,0.92445326,1
Orthopoxvirus,prot_t5_xl_half_uniref50-enc,,full,5,0,0.9666705,1
Orthopoxvirus,prot_t5_xl_half_uniref50-enc,,full,5,0,0.8547521,1
Orthopoxvirus,prot_t5_xl_half_uniref50-enc,,full,5,0,0.77850163,1
Orthopoxvirus,prot_t5_xl_half_uniref50-enc,,full,5,0,0.877838,1
Orthopoxvirus,prot_t5_xl_half_uniref50-enc,,full,5,0,0.86029494,1
Orthopoxvirus,prot_t5_xl_half_uniref50-enc,,full,5,0,0.88224685,1
Orthopoxvirus,prot_t5_xl_half_uniref50-enc,,full,5,0,0.9612158,1
Orthopoxvirus,prot_t5_xl_half_uniref50-enc,,full,5,0,0.90330684,1
Orthopoxvirus,prot_t5_xl_half_uniref50-enc,,full,5,1,0.90614176,1
Orthopoxvirus,prot_t5_xl_half_uniref50-enc,,full,5,1,0.96916234,1
Orthopoxvirus,prot_t5_xl_half_uniref50-enc,,full,5,1,0.771978,1
Orthopoxvirus,prot_t5_xl_half_uniref50-enc,,full,5,1,0.77843803,1
Orthopoxvirus,prot_t5_xl_half_uniref50-enc,,full,5,1,0.8751726,1
Orthopoxvirus,prot_t5_xl_half_uniref50-enc,,full,5,1,0.8554438,1
Orthopoxvirus,prot_t5_xl_half_uniref50-enc,,full,5,1,0.73978233,1
Orthopoxvirus,prot_t5_xl_half_uniref50-enc,,full,5,1,0.90565026,1
Orthopoxvirus,prot_t5_xl_half_uniref50-enc,,full,5,1,0.56806314,1
Orthopoxvirus,prot_t5_xl_half_uniref50-enc,,full,5,1,0.6776059,1
Orthopoxvirus,prot_t5_xl_half_uniref50-enc,,full,5,1,0.84917074,1
Orthopoxvirus,prot_t5_xl_half_uniref50-enc,,full,5,1,0.75698787,1
Orthopoxvirus,prot_t5_xl_half_uniref50-enc,,full,5,1,0.7304572,1
Orthopoxvirus,prot_t5_xl_half_uniref50-enc,,full,5,1,0.6896382,1
Orthopoxvirus,prot_t5_xl_half_uniref50-enc,,full,5,1,0.88643026,1
Orthopoxvirus,prot_t5_xl_half_uniref50-enc,,full,5,1,0.78065467,1
Orthopoxvirus,prot_t5_xl_half_uniref50-enc,,full,5,1,0.8603206,1
Orthopoxvirus,prot_t5_xl_half_uniref50-enc,,full,5,1,0.6647159,1
Orthopoxvirus,prot_t5_xl_half_uniref50-enc,,full,5,1,0.8836513,1
Orthopoxvirus,prot_t5_xl_half_uniref50-enc,,full,5,1,0.86719096,1
Orthopoxvirus,prot_t5_xl_half_uniref50-enc,,full,5,1,0.76172394,1
Orthopoxvirus,prot_t5_xl_half_uniref50-enc,,full,5,1,0.92338914,1
Orthopoxvirus,prot_t5_xl_half_uniref50-enc,,full,5,1,0.7122847,1
Orthopoxvirus,prot_t5_xl_half_uniref50-enc,,full,5,0,0.72511584,1
Orthopoxvirus,prot_t5_xl_half_uniref50-enc,,full,5,0,0.7254789,1
Orthopoxvirus,prot_t5_xl_half_uniref50-enc,,full,5,0,0.72603685,1
Orthopoxvirus,prot_t5_xl_half_uniref50-enc,,full,5,0,0.7191865,1
Orthopoxvirus,prot_t5_xl_half_uniref50-enc,,full,5,0,0.7177527,1
Orthopoxvirus,prot_t5_xl_half_uniref50-enc,,full,5,0,0.74257666,1
Orthopoxvirus,prot_t5_xl_half_uniref50-enc,,full,5,0,0.71962655,1
Orthopoxvirus,prot_t5_xl_half_uniref50-enc,,full,5,0,0.71824944,1
Orthopoxvirus,prot_t5_xl_half_uniref50-enc,,full,5,0,0.716466,1
Orthopoxvirus,prot_t5_xl_half_uniref50-enc,,full,5,0,0.711276,1
Orthopoxvirus,prot_t5_xl_half_uniref50-enc,,full,5,0,0.7192165,1
Orthopoxvirus,prot_t5_xl_half_uniref50-enc,,full,5,0,0.71706754,1
Orthopoxvirus,prot_t5_xl_half_uniref50-enc,,full,5,0,0.7221759,1
Orthopoxvirus,prot_t5_xl_half_uniref50-enc,,full,5,0,0.71616715,1
Orthopoxvirus,prot_t5_xl_half_uniref50-enc,,full,5,0,0.71564746,1
Orthopoxvirus,prot_t5_xl_half_uniref50-enc,,full,5,0,0.7157635,1
Orthopoxvirus,prot_t5_xl_half_uniref50-enc,,full,5,0,0.7141275,1
Orthopoxvirus,prot_t5_xl_half_uniref50-enc,,full,5,0,0.7188221,1
Orthopoxvirus,prot_t5_xl_half_uniref50-enc,,full,5,0,0.71587676,1
Orthopoxvirus,prot_t5_xl_half_uniref50-enc,,full,5,0,0.7141032,1
Orthopoxvirus,prot_t5_xl_half_uniref50-enc,,full,5,0,0.72124964,1
Orthopoxvirus,prot_t5_xl_half_uniref50-enc,,full,5,0,0.76439583,1
Orthopoxvirus,prot_t5_xl_half_uniref50-enc,,full,5,0,0.71452415,1
Orthopoxvirus,prot_t5_xl_half_uniref50-enc,,full,5,0,0.7084898,1
Orthopoxvirus,prot_t5_xl_half_uniref50-enc,,full,5,0,0.70443755,1
Orthopoxvirus,prot_t5_xl_half_uniref50-enc,,full,5,0,0.70909715,1
Orthopoxvirus,prot_t5_xl_half_uniref50-enc,,full,5,0,0.70976585,1
Orthopoxvirus,prot_t5_xl_half_uniref50-enc,,full,5,0,0.7090145,1
Orthopoxvirus,prot_t5_xl_half_uniref50-enc,,full,5,0,0.71409047,1
Orthopoxvirus,prot_t5_xl_half_uniref50-enc,,full,5,0,0.71380395,1
Orthopoxvirus,prot_t5_xl_half_uniref50-enc,,full,5,0,0.7091343,1
Orthopoxvirus,prot_t5_xl_half_uniref50-enc,,full,5,0,0.71058804,1
Orthopoxvirus,prot_t5_xl_half_uniref50-enc,,full,5,0,0.70708716,1
Orthopoxvirus,prot_t5_xl_half_uniref50-enc,,full,5,0,0.7067265,1
Orthopoxvirus,prot_t5_xl_half_uniref50-enc,,full,5,0,0.70919,1
Orthopoxvirus,prot_t5_xl_half_uniref50-enc,,full,5,0,0.71585655,1
Orthopoxvirus,prot_t5_xl_half_uniref50-enc,,full,5,0,0.7136611,1
Orthopoxvirus,prot_t5_xl_half_uniref50-enc,,full,5,0,0.7099547,1
Orthopoxvirus,prot_t5_xl_half_uniref50-enc,,full,5,0,0.7035108,1
Orthopoxvirus,prot_t5_xl_half_uniref50-enc,,full,5,0,0.7010802,1
Orthopoxvirus,prot_t5_xl_half_uniref50-enc,,full,5,0,0.7173558,1
Orthopoxvirus,prot_t5_xl_half_uniref50-enc,,full,5,0,0.71332276,1
Orthopoxvirus,prot_t5_xl_half_uniref50-enc,,full,5,0,0.7156904,1
Orthopoxvirus,prot_t5_xl_half_uniref50-enc,,full,5,0,0.7012758,1
Orthopoxvirus,prot_t5_xl_half_uniref50-enc,,full,5,0,0.7153757,1
Orthopoxvirus,prot_t5_xl_half_uniref50-enc,,full,5,0,0.70789844,1
Orthopoxvirus,prot_t5_xl_half_uniref50-enc,,full,5,0,0.7149134,1
Orthopoxvirus,prot_t5_xl_half_uniref50-enc,,full,5,0,0.7079944,1
Orthopoxvirus,prot_t5_xl_half_uniref50-enc,,full,5,0,0.713775,1
Orthopoxvirus,prot_t5_xl_half_uniref50-enc,,full,5,0,0.7157607,1
Orthopoxvirus,prot_t5_xl_half_uniref50-enc,,full,5,0,0.7095411,1
Orthopoxvirus,prot_t5_xl_half_uniref50-enc,,full,5,0,0.7129971,1
Orthopoxvirus,prot_t5_xl_half_uniref50-enc,,full,5,0,0.70451534,1
Orthopoxvirus,prot_t5_xl_half_uniref50-enc,,full,5,0,0.7134882,1
Orthopoxvirus,prot_t5_xl_half_uniref50-enc,,full,5,0,0.71247196,1
Orthopoxvirus,prot_t5_xl_half_uniref50-enc,,full,5,0,0.72332644,1
Orthopoxvirus,prot_t5_xl_half_uniref50-enc,,full,5,0,0.7207432,1
Orthopoxvirus,prot_t5_xl_half_uniref50-enc,,full,5,0,0.7121526,1
Orthopoxvirus,prot_t5_xl_half_uniref50-enc,,full,5,0,0.7050941,1
Orthopoxvirus,prot_t5_xl_half_uniref50-enc,,full,5,0,0.7173566,1
Orthopoxvirus,prot_t5_xl_half_uniref50-enc,,full,5,1,0.7083374,1
Orthopoxvirus,prot_t5_xl_half_uniref50-enc,,full,5,1,0.7163701,1
Orthopoxvirus,prot_t5_xl_half_uniref50-enc,,full,5,1,0.7173336,1
Orthopoxvirus,prot_t5_xl_half_uniref50-enc,,full,5,1,0.7234457,1
Orthopoxvirus,prot_t5_xl_half_uniref50-enc,,full,5,1,0.71808976,1
Orthopoxvirus,prot_t5_xl_half_uniref50-enc,,full,5,1,0.7178369,1
Orthopoxvirus,prot_t5_xl_half_uniref50-enc,,full,5,1,0.7202728,1
Orthopoxvirus,prot_t5_xl_half_uniref50-enc,,full,5,1,0.72083133,1
Orthopoxvirus,prot_t5_xl_half_uniref50-enc,,full,5,1,0.71801996,1
Orthopoxvirus,prot_t5_xl_half_uniref50-enc,,full,5,1,0.704222,1
Orthopoxvirus,prot_t5_xl_half_uniref50-enc,,full,5,1,0.7060666,1
Orthopoxvirus,prot_t5_xl_half_uniref50-enc,,full,5,1,0.7154837,1
Orthopoxvirus,prot_t5_xl_half_uniref50-enc,,full,5,1,0.7153981,1
Orthopoxvirus,prot_t5_xl_half_uniref50-enc,,full,5,1,0.7172456,1
Orthopoxvirus,prot_t5_xl_half_uniref50-enc,,full,5,1,0.71800345,1
Orthopoxvirus,prot_t5_xl_half_uniref50-enc,,full,5,1,0.72220445,1
Orthopoxvirus,prot_t5_xl_half_uniref50-enc,,full,5,1,0.7225473,1
Orthopoxvirus,prot_t5_xl_half_uniref50-enc,,full,5,1,0.7199428,1
Orthopoxvirus,prot_t5_xl_half_uniref50-enc,,full,5,1,0.7222945,1
Orthopoxvirus,prot_t5_xl_half_uniref50-enc,,full,5,1,0.71841586,1
Orthopoxvirus,prot_t5_xl_half_uniref50-enc,,full,5,1,0.70909876,1
Orthopoxvirus,prot_t5_xl_half_uniref50-enc,,full,5,1,0.7123607,1
Orthopoxvirus,prot_t5_xl_half_uniref50-enc,,full,5,1,0.7230253,1
Orthopoxvirus,prot_t5_xl_half_uniref50-enc,,full,5,1,0.7233423,1
Orthopoxvirus,prot_t5_xl_half_uniref50-enc,,full,5,1,0.7237101,1
Orthopoxvirus,prot_t5_xl_half_uniref50-enc,,full,5,1,0.7236687,1
Orthopoxvirus,prot_t5_xl_half_uniref50-enc,,full,5,1,0.72086763,1
Orthopoxvirus,prot_t5_xl_half_uniref50-enc,,full,5,1,0.7205801,1
Orthopoxvirus,prot_t5_xl_half_uniref50-enc,,full,5,1,0.7219664,1
Orthopoxvirus,prot_t5_xl_half_uniref50-enc,,full,5,1,0.7203758,1
Orthopoxvirus,prot_t5_xl_half_uniref50-enc,,full,5,1,0.72401565,1
Orthopoxvirus,prot_t5_xl_half_uniref50-enc,,full,5,1,0.72292715,1
Orthopoxvirus,prot_t5_xl_half_uniref50-enc,,full,5,1,0.7056083,1
Orthopoxvirus,prot_t5_xl_half_uniref50-enc,,full,5,1,0.7090188,1
Orthopoxvirus,prot_t5_xl_half_uniref50-enc,,full,5,1,0.73746175,1
Orthopoxvirus,prot_t5_xl_half_uniref50-enc,,full,5,1,0.71781856,1
Orthopoxvirus,prot_t5_xl_half_uniref50-enc,,full,5,1,0.7216624,1
Orthopoxvirus,prot_t5_xl_half_uniref50-enc,,full,5,1,0.7200869,1
Orthopoxvirus,prot_t5_xl_half_uniref50-enc,,full,5,1,0.7110494,1
Orthopoxvirus,prot_t5_xl_half_uniref50-enc,,full,5,1,0.69298995,1
Orthopoxvirus,prot_t5_xl_half_uniref50-enc,,full,5,1,0.71756876,1
Orthopoxvirus,prot_t5_xl_half_uniref50-enc,,full,5,0,0.72328156,1
Orthopoxvirus,prot_t5_xl_half_uniref50-enc,,full,5,0,0.7195437,1
Orthopoxvirus,prot_t5_xl_half_uniref50-enc,,full,5,0,0.7186305,1
Orthopoxvirus,prot_t5_xl_half_uniref50-enc,,full,5,0,0.7213743,1
Orthopoxvirus,prot_t5_xl_half_uniref50-enc,,full,5,0,0.7219742,1
Orthopoxvirus,prot_t5_xl_half_uniref50-enc,,full,5,0,0.723243,1
Orthopoxvirus,prot_t5_xl_half_uniref50-enc,,full,5,0,0.7160194,1
Orthopoxvirus,prot_t5_xl_half_uniref50-enc,,full,5,0,0.7222402,1
Orthopoxvirus,prot_t5_xl_half_uniref50-enc,,full,5,0,0.71511513,1
Orthopoxvirus,prot_t5_xl_half_uniref50-enc,,full,5,0,0.7131588,1
Orthopoxvirus,prot_t5_xl_half_uniref50-enc,,full,5,0,0.7079297,1
Orthopoxvirus,prot_t5_xl_half_uniref50-enc,,full,5,0,0.7144364,1
Orthopoxvirus,prot_t5_xl_half_uniref50-enc,,full,5,0,0.7076726,1
Orthopoxvirus,prot_t5_xl_half_uniref50-enc,,full,5,0,0.69173056,1
Orthopoxvirus,prot_t5_xl_half_uniref50-enc,,full,5,0,0.6964114,1
Orthopoxvirus,prot_t5_xl_half_uniref50-enc,,full,5,0,0.71293914,1
Orthopoxvirus,prot_t5_xl_half_uniref50-enc,,full,5,0,0.7180813,1
Orthopoxvirus,prot_t5_xl_half_uniref50-enc,,full,5,0,0.7184642,1
Orthopoxvirus,prot_t5_xl_half_uniref50-enc,,full,5,0,0.7171714,1
Orthopoxvirus,prot_t5_xl_half_uniref50-enc,,full,5,0,0.7171491,1
Orthopoxvirus,prot_t5_xl_half_uniref50-enc,,full,5,1,0.64987427,1
Orthopoxvirus,prot_t5_xl_half_uniref50-enc,,full,5,1,0.65211236,1
Orthopoxvirus,prot_t5_xl_half_uniref50-enc,,full,5,1,0.6424187,1
Orthopoxvirus,prot_t5_xl_half_uniref50-enc,,full,5,1,0.6508649,1
Orthopoxvirus,prot_t5_xl_half_uniref50-enc,,full,5,1,0.65178555,1
Orthopoxvirus,prot_t5_xl_half_uniref50-enc,,full,5,1,0.645998,1
Orthopoxvirus,prot_t5_xl_half_uniref50-enc,,full,5,1,0.65304404,1
Orthopoxvirus,prot_t5_xl_half_uniref50-enc,,full,5,1,0.6499807,1
Orthopoxvirus,prot_t5_xl_half_uniref50-enc,,full,5,1,0.6475022,1
Orthopoxvirus,prot_t5_xl_half_uniref50-enc,,full,5,1,0.6496392,1
Orthopoxvirus,prot_t5_xl_half_uniref50-enc,,full,5,1,0.65277016,1
Orthopoxvirus,prot_t5_xl_half_uniref50-enc,,full,5,1,0.6502295,1
Orthopoxvirus,prot_t5_xl_half_uniref50-enc,,full,5,1,0.6525349,1
Orthopoxvirus,prot_t5_xl_half_uniref50-enc,,full,5,1,0.6543208,1
Orthopoxvirus,prot_t5_xl_half_uniref50-enc,,full,5,1,0.6408328,1
Orthopoxvirus,prot_t5_xl_half_uniref50-enc,,full,5,1,0.6478958,1
Orthopoxvirus,prot_t5_xl_half_uniref50-enc,,full,5,1,0.6505151,1
Orthopoxvirus,prot_t5_xl_half_uniref50-enc,,full,5,1,0.6514258,1
Orthopoxvirus,prot_t5_xl_half_uniref50-enc,,full,5,1,0.65380764,1
Orthopoxvirus,prot_t5_xl_half_uniref50-enc,,full,5,1,0.6394706,1
Orthopoxvirus,prot_t5_xl_half_uniref50-enc,,full,5,1,0.65059364,1
Orthopoxvirus,prot_t5_xl_half_uniref50-enc,,full,5,1,0.64522886,1
Orthopoxvirus,prot_t5_xl_half_uniref50-enc,,full,5,1,0.64352584,1
Orthopoxvirus,prot_t5_xl_half_uniref50-enc,,full,5,1,0.6482764,1
Orthopoxvirus,prot_t5_xl_half_uniref50-enc,,full,5,1,0.6537084,1
Orthopoxvirus,prot_t5_xl_half_uniref50-enc,,full,5,1,0.6573816,1
Orthopoxvirus,prot_t5_xl_half_uniref50-enc,,full,5,1,0.6449823,1
Orthopoxvirus,prot_t5_xl_half_uniref50-enc,,full,5,1,0.65274006,1
Orthopoxvirus,prot_t5_xl_half_uniref50-enc,,full,5,1,0.6573329,1
Orthopoxvirus,prot_t5_xl_half_uniref50-enc,,full,5,1,0.6517138,1
Orthopoxvirus,prot_t5_xl_half_uniref50-enc,,full,5,1,0.6563717,1
Orthopoxvirus,prot_t5_xl_half_uniref50-enc,,full,5,1,0.6515266,1
Orthopoxvirus,prot_t5_xl_half_uniref50-enc,,full,5,1,0.64614487,1
Orthopoxvirus,prot_t5_xl_half_uniref50-enc,,full,5,1,0.6555305,1
Orthopoxvirus,prot_t5_xl_half_uniref50-enc,,full,5,1,0.65023667,1
Orthopoxvirus,prot_t5_xl_half_uniref50-enc,,full,5,1,0.6324167,1
Orthopoxvirus,prot_t5_xl_half_uniref50-enc,,full,5,1,0.65474206,1
Orthopoxvirus,prot_t5_xl_half_uniref50-enc,,full,5,1,0.641454,1
Orthopoxvirus,prot_t5_xl_half_uniref50-enc,,full,5,1,0.7117664,1
Orthopoxvirus,prot_t5_xl_half_uniref50-enc,,full,5,1,0.70942485,1
Orthopoxvirus,prot_t5_xl_half_uniref50-enc,,full,5,1,0.71103156,1
Orthopoxvirus,prot_t5_xl_half_uniref50-enc,,full,5,1,0.698837,1
Orthopoxvirus,prot_t5_xl_half_uniref50-enc,,full,5,1,0.7056485,1
Orthopoxvirus,prot_t5_xl_half_uniref50-enc,,full,5,1,0.7129066,1
Orthopoxvirus,prot_t5_xl_half_uniref50-enc,,full,5,1,0.7072777,1
Orthopoxvirus,prot_t5_xl_half_uniref50-enc,,full,5,1,0.7125951,1
Orthopoxvirus,prot_t5_xl_half_uniref50-enc,,full,5,1,0.71633035,1
Orthopoxvirus,prot_t5_xl_half_uniref50-enc,,full,5,1,0.7150178,1
Orthopoxvirus,prot_t5_xl_half_uniref50-enc,,full,5,1,0.7088149,1
Orthopoxvirus,prot_t5_xl_half_uniref50-enc,,full,5,1,0.7085746,1
Orthopoxvirus,prot_t5_xl_half_uniref50-enc,,full,5,1,0.71935636,1
Orthopoxvirus,prot_t5_xl_half_uniref50-enc,,full,5,1,0.7100289,1
Orthopoxvirus,prot_t5_xl_half_uniref50-enc,,full,5,1,0.711197,1
Orthopoxvirus,prot_t5_xl_half_uniref50-enc,,full,5,1,0.7052169,1
Orthopoxvirus,prot_t5_xl_half_uniref50-enc,,full,5,1,0.7102687,1
Orthopoxvirus,prot_t5_xl_half_uniref50-enc,,full,5,1,0.71405476,1
Orthopoxvirus,prot_t5_xl_half_uniref50-enc,,full,5,1,0.7042114,1
Orthopoxvirus,prot_t5_xl_half_uniref50-enc,,full,5,1,0.6942056,1
Orthopoxvirus,prot_t5_xl_half_uniref50-enc,,full,5,1,0.7169953,1
Orthopoxvirus,prot_t5_xl_half_uniref50-enc,,full,5,1,0.704049,1
Orthopoxvirus,prot_t5_xl_half_uniref50-enc,,full,5,1,0.69705117,1
Orthopoxvirus,prot_t5_xl_half_uniref50-enc,,full,5,1,0.6985388,1
Orthopoxvirus,prot_t5_xl_half_uniref50-enc,,full,5,1,0.7009063,1
Orthopoxvirus,prot_t5_xl_half_uniref50-enc,,full,5,1,0.7089477,1
Orthopoxvirus,prot_t5_xl_half_uniref50-enc,,full,5,1,0.69134027,1
Orthopoxvirus,prot_t5_xl_half_uniref50-enc,,full,5,1,0.69146824,1
Orthopoxvirus,prot_t5_xl_half_uniref50-enc,,full,5,1,0.70226955,1
Orthopoxvirus,prot_t5_xl_half_uniref50-enc,,full,5,1,0.7087877,1
Orthopoxvirus,prot_t5_xl_half_uniref50-enc,,full,5,1,0.69336647,1
Orthopoxvirus,prot_t5_xl_half_uniref50-enc,,full,5,1,0.7102835,1
Orthopoxvirus,prot_t5_xl_half_uniref50-enc,,full,5,1,0.70296586,1
Orthopoxvirus,prot_t5_xl_half_uniref50-enc,,full,5,1,0.69422615,1
Orthopoxvirus,prot_t5_xl_half_uniref50-enc,,full,5,1,0.6957098,1
Orthopoxvirus,prot_t5_xl_half_uniref50-enc,,full,5,1,0.6994601,1
Orthopoxvirus,prot_t5_xl_half_uniref50-enc,,full,5,1,0.69965625,1
Orthopoxvirus,prot_t5_xl_half_uniref50-enc,,full,5,1,0.68338424,1
Orthopoxvirus,prot_t5_xl_half_uniref50-enc,,full,5,1,0.697852,1
Orthopoxvirus,prot_t5_xl_half_uniref50-enc,,full,5,1,0.69750845,1
Orthopoxvirus,prot_t5_xl_half_uniref50-enc,,full,5,1,0.7010938,1
Orthopoxvirus,prot_t5_xl_half_uniref50-enc,,full,5,1,0.7009293,1
Orthopoxvirus,prot_t5_xl_half_uniref50-enc,,full,5,1,0.6926484,1
Orthopoxvirus,prot_t5_xl_half_uniref50-enc,,full,5,1,0.64860046,1
Orthopoxvirus,prot_t5_xl_half_uniref50-enc,,full,5,1,0.7326166,1
Orthopoxvirus,prot_t5_xl_half_uniref50-enc,,full,5,1,0.73380554,1
Orthopoxvirus,prot_t5_xl_half_uniref50-enc,,full,5,1,0.68090934,1
Orthopoxvirus,prot_t5_xl_half_uniref50-enc,,full,5,1,0.65555084,1
Orthopoxvirus,prot_t5_xl_half_uniref50-enc,,full,5,1,0.72253144,1
Orthopoxvirus,prot_t5_xl_half_uniref50-enc,,full,5,1,0.6593615,1
Orthopoxvirus,prot_t5_xl_half_uniref50-enc,,full,5,1,0.68796563,1
Orthopoxvirus,prot_t5_xl_half_uniref50-enc,,full,5,1,0.72658396,1
Orthopoxvirus,prot_t5_xl_half_uniref50-enc,,full,5,1,0.71663666,1
Orthopoxvirus,prot_t5_xl_half_uniref50-enc,,full,5,1,0.6989179,1
Orthopoxvirus,prot_t5_xl_half_uniref50-enc,,full,5,1,0.7158147,1
Orthopoxvirus,prot_t5_xl_half_uniref50-enc,,full,5,1,0.76308036,1
Orthopoxvirus,prot_t5_xl_half_uniref50-enc,,full,5,1,0.7203602,1
Orthopoxvirus,prot_t5_xl_half_uniref50-enc,,full,5,1,0.7155012,1
Orthopoxvirus,prot_t5_xl_half_uniref50-enc,,full,5,1,0.6685023,1
Orthopoxvirus,prot_t5_xl_half_uniref50-enc,,full,5,1,0.64215225,1
Orthopoxvirus,prot_t5_xl_half_uniref50-enc,,full,5,1,0.6455604,1
Orthopoxvirus,prot_t5_xl_half_uniref50-enc,,full,5,1,0.6432383,1
Orthopoxvirus,prot_t5_xl_half_uniref50-enc,,full,5,1,0.66922015,1
Orthopoxvirus,prot_t5_xl_half_uniref50-enc,,full,5,1,0.5802177,1
Orthopoxvirus,prot_t5_xl_half_uniref50-enc,,full,5,1,0.6104674,1
Orthopoxvirus,prot_t5_xl_half_uniref50-enc,,full,5,1,0.65426624,1
Orthopoxvirus,prot_t5_xl_half_uniref50-enc,,full,5,1,0.6520001,1
Orthopoxvirus,prot_t5_xl_half_uniref50-enc,,full,5,1,0.65678895,1
Orthopoxvirus,prot_t5_xl_half_uniref50-enc,,full,5,1,0.64552575,1
Orthopoxvirus,prot_t5_xl_half_uniref50-enc,,full,5,1,0.65750194,1
Orthopoxvirus,prot_t5_xl_half_uniref50-enc,,full,5,1,0.55143255,1
Orthopoxvirus,prot_t5_xl_half_uniref50-enc,,full,5,1,0.5670372,1
Orthopoxvirus,prot_t5_xl_half_uniref50-enc,,full,5,1,0.6210167,1
Orthopoxvirus,prot_t5_xl_half_uniref50-enc,,full,5,1,0.5538168,1
Orthopoxvirus,prot_t5_xl_half_uniref50-enc,,full,5,1,0.6245636,1
Orthopoxvirus,prot_t5_xl_half_uniref50-enc,,full,5,1,0.77075756,1
Orthopoxvirus,prot_t5_xl_half_uniref50-enc,,full,5,1,0.7718598,1
Orthopoxvirus,prot_t5_xl_half_uniref50-enc,,full,5,1,0.7710588,1
Orthopoxvirus,prot_t5_xl_half_uniref50-enc,,full,5,1,0.7715972,1
Orthopoxvirus,prot_t5_xl_half_uniref50-enc,,full,5,1,0.76998854,1
Orthopoxvirus,prot_t5_xl_half_uniref50-enc,,full,5,1,0.772257,1
Orthopoxvirus,prot_t5_xl_half_uniref50-enc,,full,5,1,0.7729893,1
Orthopoxvirus,prot_t5_xl_half_uniref50-enc,,full,5,1,0.7709032,1
Orthopoxvirus,prot_t5_xl_half_uniref50-enc,,full,5,1,0.77100766,1
Orthopoxvirus,prot_t5_xl_half_uniref50-enc,,full,5,1,0.7717161,1
Orthopoxvirus,prot_t5_xl_half_uniref50-enc,,full,5,1,0.7701704,1
Orthopoxvirus,prot_t5_xl_half_uniref50-enc,,full,5,1,0.77122104,1
Orthopoxvirus,prot_t5_xl_half_uniref50-enc,,full,5,1,0.7741958,1
Orthopoxvirus,prot_t5_xl_half_uniref50-enc,,full,5,1,0.7728522,1
Orthopoxvirus,prot_t5_xl_half_uniref50-enc,,full,5,1,0.7730969,1
Orthopoxvirus,prot_t5_xl_half_uniref50-enc,,full,5,1,0.77705723,1
Orthopoxvirus,prot_t5_xl_half_uniref50-enc,,full,5,1,0.772425,1
Orthopoxvirus,prot_t5_xl_half_uniref50-enc,,full,5,1,0.7589783,1
Orthopoxvirus,prot_t5_xl_half_uniref50-enc,,full,5,1,0.7469228,1
Orthopoxvirus,prot_t5_xl_half_uniref50-enc,,full,5,1,0.7683582,1
Orthopoxvirus,prot_t5_xl_half_uniref50-enc,,full,5,1,0.7617056,1
Orthopoxvirus,prot_t5_xl_half_uniref50-enc,,full,5,1,0.7505341,1
Orthopoxvirus,prot_t5_xl_half_uniref50-enc,,full,5,1,0.7697866,1
Orthopoxvirus,prot_t5_xl_half_uniref50-enc,,full,5,1,0.7691619,1
Orthopoxvirus,prot_t5_xl_half_uniref50-enc,,full,5,1,0.7657453,1
Orthopoxvirus,prot_t5_xl_half_uniref50-enc,,full,5,1,0.76694417,1
Orthopoxvirus,prot_t5_xl_half_uniref50-enc,,full,5,1,0.72663236,1
Orthopoxvirus,prot_t5_xl_half_uniref50-enc,,full,5,1,0.76999265,1
Orthopoxvirus,prot_t5_xl_half_uniref50-enc,,full,5,1,0.7638263,1
Orthopoxvirus,prot_t5_xl_half_uniref50-enc,,full,5,1,0.75751656,1
Orthopoxvirus,prot_t5_xl_half_uniref50-enc,,full,5,1,0.76478225,1
Orthopoxvirus,prot_t5_xl_half_uniref50-enc,,full,5,1,0.77062434,1
Orthopoxvirus,prot_t5_xl_half_uniref50-enc,,full,5,1,0.7717245,1
Orthopoxvirus,prot_t5_xl_half_uniref50-enc,,full,5,1,0.7708192,1
Orthopoxvirus,prot_t5_xl_half_uniref50-enc,,full,5,1,0.7659312,1
Orthopoxvirus,prot_t5_xl_half_uniref50-enc,,full,5,1,0.7661572,1
Orthopoxvirus,prot_t5_xl_half_uniref50-enc,,full,5,1,0.7511767,1
Orthopoxvirus,prot_t5_xl_half_uniref50-enc,,full,5,1,0.7657604,1
Orthopoxvirus,prot_t5_xl_half_uniref50-enc,,full,5,1,0.76096743,1
Orthopoxvirus,prot_t5_xl_half_uniref50-enc,,full,5,1,0.75945306,1
Orthopoxvirus,prot_t5_xl_half_uniref50-enc,,full,5,1,0.76412845,1
Orthopoxvirus,prot_t5_xl_half_uniref50-enc,,full,5,1,0.76711655,1
Orthopoxvirus,prot_t5_xl_half_uniref50-enc,,full,5,1,0.77009726,1
Orthopoxvirus,prot_t5_xl_half_uniref50-enc,,full,5,1,0.7653094,1
Orthopoxvirus,prot_t5_xl_half_uniref50-enc,,full,5,0,0.64153534,1
Orthopoxvirus,prot_t5_xl_half_uniref50-enc,,full,5,0,0.68366444,1
Orthopoxvirus,prot_t5_xl_half_uniref50-enc,,full,5,0,0.67121863,1
Orthopoxvirus,prot_t5_xl_half_uniref50-enc,,full,5,0,0.62411386,1
Orthopoxvirus,prot_t5_xl_half_uniref50-enc,,full,5,0,0.65620804,1
Orthopoxvirus,prot_t5_xl_half_uniref50-enc,,full,5,0,0.6185512,1
Orthopoxvirus,prot_t5_xl_half_uniref50-enc,,full,5,0,0.72560066,1
Orthopoxvirus,prot_t5_xl_half_uniref50-enc,,full,5,0,0.7265593,1
Orthopoxvirus,prot_t5_xl_half_uniref50-enc,,full,5,0,0.635377,1
Orthopoxvirus,prot_t5_xl_half_uniref50-enc,,full,5,0,0.63461393,1
Orthopoxvirus,prot_t5_xl_half_uniref50-enc,,full,5,1,0.69726485,1
Orthopoxvirus,prot_t5_xl_half_uniref50-enc,,full,5,1,0.66498095,1
Orthopoxvirus,prot_t5_xl_half_uniref50-enc,,full,5,1,0.6774506,1
Orthopoxvirus,prot_t5_xl_half_uniref50-enc,,full,5,1,0.6634287,1
Orthopoxvirus,prot_t5_xl_half_uniref50-enc,,full,5,1,0.66113865,1
Orthopoxvirus,prot_t5_xl_half_uniref50-enc,,full,5,1,0.7186686,1
Orthopoxvirus,prot_t5_xl_half_uniref50-enc,,full,5,1,0.68099236,1
Orthopoxvirus,prot_t5_xl_half_uniref50-enc,,full,5,1,0.6972412,1
Orthopoxvirus,prot_t5_xl_half_uniref50-enc,,full,5,1,0.65642226,1
Orthopoxvirus,prot_t5_xl_half_uniref50-enc,,full,5,1,0.6733541,1
Orthopoxvirus,prot_t5_xl_half_uniref50-enc,,full,5,1,0.6780831,1
Orthopoxvirus,prot_t5_xl_half_uniref50-enc,,full,5,1,0.67391133,1
Orthopoxvirus,prot_t5_xl_half_uniref50-enc,,full,5,1,0.6742951,1
Orthopoxvirus,prot_t5_xl_half_uniref50-enc,,full,5,1,0.68100804,1
Orthopoxvirus,prot_t5_xl_half_uniref50-enc,,full,5,1,0.68073505,1
Orthopoxvirus,prot_t5_xl_half_uniref50-enc,,full,5,1,0.6689567,1
Orthopoxvirus,prot_t5_xl_half_uniref50-enc,,full,5,1,0.6684271,1
Orthopoxvirus,prot_t5_xl_half_uniref50-enc,,full,5,1,0.6794067,1
Orthopoxvirus,prot_t5_xl_half_uniref50-enc,,full,5,1,0.67582166,1
Orthopoxvirus,prot_t5_xl_half_uniref50-enc,,full,5,1,0.67283297,1
Orthopoxvirus,prot_t5_xl_half_uniref50-enc,,full,5,1,0.66613513,1
Orthopoxvirus,prot_t5_xl_half_uniref50-enc,,full,5,1,0.66271764,1
Orthopoxvirus,prot_t5_xl_half_uniref50-enc,,full,5,1,0.68391556,1
Orthopoxvirus,prot_t5_xl_half_uniref50-enc,,full,5,0,0.6821607,1
Orthopoxvirus,prot_t5_xl_half_uniref50-enc,,full,5,0,0.67561007,1
Orthopoxvirus,prot_t5_xl_half_uniref50-enc,,full,5,0,0.6743047,1
Orthopoxvirus,prot_t5_xl_half_uniref50-enc,,full,5,0,0.67484176,1
Orthopoxvirus,prot_t5_xl_half_uniref50-enc,,full,5,0,0.67652225,1
Orthopoxvirus,prot_t5_xl_half_uniref50-enc,,full,5,0,0.6775256,1
Orthopoxvirus,prot_t5_xl_half_uniref50-enc,,full,5,0,0.668233,1
Orthopoxvirus,prot_t5_xl_half_uniref50-enc,,full,5,0,0.6742066,1
Orthopoxvirus,prot_t5_xl_half_uniref50-enc,,full,5,0,0.6761169,1
Orthopoxvirus,prot_t5_xl_half_uniref50-enc,,full,5,0,0.6699917,1
Orthopoxvirus,prot_t5_xl_half_uniref50-enc,,full,5,0,0.68927556,1
Orthopoxvirus,prot_t5_xl_half_uniref50-enc,,full,5,0,0.6748262,1
Orthopoxvirus,prot_t5_xl_half_uniref50-enc,,full,5,0,0.6942815,1
Orthopoxvirus,prot_t5_xl_half_uniref50-enc,,full,5,0,0.67971206,1
Orthopoxvirus,prot_t5_xl_half_uniref50-enc,,full,5,0,0.6767288,1
Orthopoxvirus,prot_t5_xl_half_uniref50-enc,,full,5,1,0.6788897,1
Orthopoxvirus,prot_t5_xl_half_uniref50-enc,,full,5,1,0.6764117,1
Orthopoxvirus,prot_t5_xl_half_uniref50-enc,,full,5,1,0.6768662,1
Orthopoxvirus,prot_t5_xl_half_uniref50-enc,,full,5,1,0.6800748,1
Orthopoxvirus,prot_t5_xl_half_uniref50-enc,,full,5,1,0.680276,1
Orthopoxvirus,prot_t5_xl_half_uniref50-enc,,full,5,1,0.6869254,1
Orthopoxvirus,prot_t5_xl_half_uniref50-enc,,full,5,1,0.68456304,1
Orthopoxvirus,prot_t5_xl_half_uniref50-enc,,full,5,1,0.677176,1
Orthopoxvirus,prot_t5_xl_half_uniref50-enc,,full,5,1,0.6823939,1
Orthopoxvirus,prot_t5_xl_half_uniref50-enc,,full,5,1,0.682598,1
Orthopoxvirus,prot_t5_xl_half_uniref50-enc,,full,5,1,0.6968107,1
Orthopoxvirus,prot_t5_xl_half_uniref50-enc,,full,5,1,0.70009017,1
Orthopoxvirus,prot_t5_xl_half_uniref50-enc,,full,5,1,0.6859178,1
Orthopoxvirus,prot_t5_xl_half_uniref50-enc,,full,5,1,0.6787437,1
Orthopoxvirus,prot_t5_xl_half_uniref50-enc,,full,5,1,0.66915405,1
Orthopoxvirus,prot_t5_xl_half_uniref50-enc,,full,5,1,0.6783283,1
Orthopoxvirus,prot_t5_xl_half_uniref50-enc,,full,5,1,0.6830263,1
Orthopoxvirus,prot_t5_xl_half_uniref50-enc,,full,5,1,0.67801094,1
Orthopoxvirus,prot_t5_xl_half_uniref50-enc,,full,5,1,0.692127,1
Orthopoxvirus,prot_t5_xl_half_uniref50-enc,,full,5,1,0.6970933,1
Orthopoxvirus,prot_t5_xl_half_uniref50-enc,,full,5,1,0.68098515,1
Orthopoxvirus,prot_t5_xl_half_uniref50-enc,,full,5,1,0.6728822,1
Orthopoxvirus,prot_t5_xl_half_uniref50-enc,,full,5,1,0.67577636,1
Orthopoxvirus,prot_t5_xl_half_uniref50-enc,,full,5,1,0.6841747,1
Orthopoxvirus,prot_t5_xl_half_uniref50-enc,,full,5,1,0.68346435,1
Orthopoxvirus,prot_t5_xl_half_uniref50-enc,,full,5,1,0.6839515,1
Orthopoxvirus,prot_t5_xl_half_uniref50-enc,,full,5,1,0.6688346,1
Orthopoxvirus,prot_t5_xl_half_uniref50-enc,,full,5,1,0.67683995,1
Orthopoxvirus,prot_t5_xl_half_uniref50-enc,,full,5,1,0.67020935,1
Orthopoxvirus,prot_t5_xl_half_uniref50-enc,,full,5,1,0.67102194,1
Orthopoxvirus,prot_t5_xl_half_uniref50-enc,,full,5,1,0.6836103,1
Orthopoxvirus,prot_t5_xl_half_uniref50-enc,,full,5,1,0.6772302,1
Orthopoxvirus,prot_t5_xl_half_uniref50-enc,,full,5,1,0.6832012,1
Orthopoxvirus,prot_t5_xl_half_uniref50-enc,,full,5,1,0.68299407,1
Orthopoxvirus,prot_t5_xl_half_uniref50-enc,,full,5,1,0.76718336,1
Orthopoxvirus,prot_t5_xl_half_uniref50-enc,,full,5,1,0.7788022,1
Orthopoxvirus,prot_t5_xl_half_uniref50-enc,,full,5,1,0.78181016,1
Orthopoxvirus,prot_t5_xl_half_uniref50-enc,,full,5,1,0.77971333,1
Orthopoxvirus,prot_t5_xl_half_uniref50-enc,,full,5,1,0.7823546,1
Orthopoxvirus,prot_t5_xl_half_uniref50-enc,,full,5,1,0.7816767,1
Orthopoxvirus,prot_t5_xl_half_uniref50-enc,,full,5,1,0.78244334,1
Orthopoxvirus,prot_t5_xl_half_uniref50-enc,,full,5,1,0.78034717,1
Orthopoxvirus,prot_t5_xl_half_uniref50-enc,,full,5,1,0.7778067,1
Orthopoxvirus,prot_t5_xl_half_uniref50-enc,,full,5,1,0.778671,1
Orthopoxvirus,prot_t5_xl_half_uniref50-enc,,full,5,1,0.7831624,1
Orthopoxvirus,prot_t5_xl_half_uniref50-enc,,full,5,1,0.7763899,1
Orthopoxvirus,prot_t5_xl_half_uniref50-enc,,full,5,1,0.7757962,1
Orthopoxvirus,prot_t5_xl_half_uniref50-enc,,full,5,1,0.7585951,1
Orthopoxvirus,prot_t5_xl_half_uniref50-enc,,full,5,1,0.7655579,1
Orthopoxvirus,prot_t5_xl_half_uniref50-enc,,full,5,1,0.7399783,1
Orthopoxvirus,prot_t5_xl_half_uniref50-enc,,full,5,1,0.76315254,1
Orthopoxvirus,prot_t5_xl_half_uniref50-enc,,full,5,1,0.77853805,1
Orthopoxvirus,prot_t5_xl_half_uniref50-enc,,full,5,1,0.7645683,1
Orthopoxvirus,prot_t5_xl_half_uniref50-enc,,full,5,1,0.7569996,1
Orthopoxvirus,prot_t5_xl_half_uniref50-enc,,full,5,1,0.7712497,1
Orthopoxvirus,prot_t5_xl_half_uniref50-enc,,full,5,1,0.76356274,1
Orthopoxvirus,prot_t5_xl_half_uniref50-enc,,full,5,1,0.7577631,1
Orthopoxvirus,prot_t5_xl_half_uniref50-enc,,full,5,1,0.7332449,1
Orthopoxvirus,prot_t5_xl_half_uniref50-enc,,full,5,1,0.7797465,1
Orthopoxvirus,prot_t5_xl_half_uniref50-enc,,full,5,1,0.77398765,1
Orthopoxvirus,prot_t5_xl_half_uniref50-enc,,full,5,1,0.78057486,1
Orthopoxvirus,prot_t5_xl_half_uniref50-enc,,full,5,1,0.77313983,1
Orthopoxvirus,prot_t5_xl_half_uniref50-enc,,full,5,1,0.74221766,1
Orthopoxvirus,prot_t5_xl_half_uniref50-enc,,full,5,1,0.7562187,1
Orthopoxvirus,prot_t5_xl_half_uniref50-enc,,full,5,1,0.76868594,1
Orthopoxvirus,prot_t5_xl_half_uniref50-enc,,full,5,1,0.7524039,1
Orthopoxvirus,prot_t5_xl_half_uniref50-enc,,full,5,1,0.766604,1
Orthopoxvirus,prot_t5_xl_half_uniref50-enc,,full,5,1,0.7712219,1
Orthopoxvirus,prot_t5_xl_half_uniref50-enc,,full,5,1,0.76402235,1
Orthopoxvirus,prot_t5_xl_half_uniref50-enc,,full,5,1,0.7609609,1
Orthopoxvirus,prot_t5_xl_half_uniref50-enc,,full,5,1,0.7645486,1
Orthopoxvirus,prot_t5_xl_half_uniref50-enc,,full,5,1,0.7719504,1
Orthopoxvirus,prot_t5_xl_half_uniref50-enc,,full,5,0,0.99626285,1
Orthopoxvirus,prot_t5_xl_half_uniref50-enc,,full,5,0,0.9962936,1
Orthopoxvirus,prot_t5_xl_half_uniref50-enc,,full,5,0,0.99695563,1
Orthopoxvirus,prot_t5_xl_half_uniref50-enc,,full,5,0,0.9967013,1
Orthopoxvirus,prot_t5_xl_half_uniref50-enc,,full,5,0,0.99711335,1
Orthopoxvirus,prot_t5_xl_half_uniref50-enc,,full,5,0,0.99665195,1
Orthopoxvirus,prot_t5_xl_half_uniref50-enc,,full,5,0,0.99723405,1
Orthopoxvirus,prot_t5_xl_half_uniref50-enc,,full,5,0,0.9968177,1
Orthopoxvirus,prot_t5_xl_half_uniref50-enc,,full,5,0,0.99704,1
Orthopoxvirus,prot_t5_xl_half_uniref50-enc,,full,5,0,0.9968483,1
Orthopoxvirus,prot_t5_xl_half_uniref50-enc,,full,5,0,0.7084068,1
Orthopoxvirus,prot_t5_xl_half_uniref50-enc,,full,5,0,0.7830152,1
Orthopoxvirus,prot_t5_xl_half_uniref50-enc,,full,5,0,0.7773481,1
Orthopoxvirus,prot_t5_xl_half_uniref50-enc,,full,5,0,0.7699706,1
Orthopoxvirus,prot_t5_xl_half_uniref50-enc,,full,5,0,0.7585365,1
Orthopoxvirus,prot_t5_xl_half_uniref50-enc,,full,5,0,0.7432852,1
Orthopoxvirus,prot_t5_xl_half_uniref50-enc,,full,5,0,0.76668173,1
Orthopoxvirus,prot_t5_xl_half_uniref50-enc,,full,5,0,0.779057,1
Orthopoxvirus,prot_t5_xl_half_uniref50-enc,,full,5,0,0.6801782,1
Orthopoxvirus,prot_t5_xl_half_uniref50-enc,,full,5,0,0.7094366,1
