Fold,Label,Prob,Preds
1,1,0.11093235,0
1,1,0.16849709,0
1,1,0.089737214,0
1,1,0.18170613,0
1,1,0.11708185,0
1,1,0.048693705,0
1,1,0.13939735,0
1,1,0.14035515,0
1,1,0.24357705,0
1,1,0.7563992,1
1,1,0.8642182,1
1,1,0.8431255,1
1,1,0.8653539,1
1,1,0.9616274,1
1,1,0.982199,1
1,1,0.98102355,1
1,1,0.92165047,1
1,1,0.9690757,1
1,1,0.9907449,1
1,1,0.9926443,1
1,1,0.94975615,1
1,1,0.98413414,1
1,1,0.968328,1
1,1,0.9806871,1
1,1,0.9760994,1
1,1,0.9670388,1
1,1,0.9961085,1
1,1,0.98582596,1
1,1,0.37195662,0
1,1,0.37751642,0
1,1,0.4290298,0
1,1,0.42711443,0
1,1,0.6198973,1
1,1,0.77711046,1
1,1,0.3616699,0
1,0,0.28590098,0
1,0,0.32121235,0
1,0,0.5278624,1
1,0,0.7788961,1
1,0,0.51984113,1
1,0,0.6551478,1
1,0,0.7731442,1
1,0,0.47944868,0
1,0,0.26141754,0
1,0,0.4502081,0
1,0,0.44552433,0
1,0,0.4266902,0
1,0,0.18739994,0
1,0,0.20488241,0
1,0,0.48304483,0
1,0,0.47326964,0
1,0,0.25958627,0
1,0,0.6032989,1
1,0,0.2753263,0
1,0,0.31653494,0
1,0,0.3475184,0
1,0,0.34319678,0
1,0,0.46987703,0
1,0,0.61180913,1
1,0,0.7494504,1
1,0,0.8324248,1
1,0,0.79286903,1
1,0,0.74281836,1
1,0,0.7127221,1
1,0,0.70046735,1
1,0,0.74328506,1
1,0,0.6033404,1
1,0,0.5843353,1
1,0,0.47090223,0
1,0,0.72176456,1
1,0,0.38490027,0
1,0,0.9140779,1
1,0,0.67966413,1
1,0,0.8856132,1
1,0,0.45889047,0
1,0,0.925951,1
1,0,0.88633335,1
1,0,0.89174163,1
1,0,0.8828213,1
1,0,0.71063465,1
1,0,0.7966993,1
1,0,0.56723905,1
1,0,0.6336532,1
1,0,0.79724276,1
1,0,0.78160787,1
1,0,0.592872,1
1,0,0.89097464,1
1,0,0.8808022,1
1,0,0.8065566,1
1,0,0.7367283,1
1,0,0.77859753,1
1,0,0.8434765,1
1,0,0.71643895,1
1,0,0.9655255,1
1,0,0.89348006,1
1,0,0.94929314,1
1,0,0.6154891,1
1,0,0.68704104,1
1,0,0.8370969,1
1,0,0.37426826,0
1,0,0.6101223,1
1,0,0.8555975,1
1,1,0.6118547,1
1,1,0.9061968,1
1,1,0.7956543,1
1,1,0.57216996,1
1,1,0.81941813,1
1,1,0.7672158,1
1,1,0.7438887,1
1,1,0.5854144,1
1,1,0.84329575,1
1,0,0.84896964,1
1,0,0.83733344,1
1,0,0.88139737,1
1,0,0.8762102,1
1,0,0.8960213,1
1,0,0.73417723,1
1,0,0.41733563,0
1,0,0.5120348,1
1,0,0.7645376,1
1,0,0.8041435,1
1,0,0.75183386,1
1,0,0.7875854,1
1,0,0.8459146,1
1,0,0.7395421,1
1,0,0.7411433,1
1,0,0.6212399,1
1,0,0.82649237,1
1,0,0.88042855,1
1,0,0.81705093,1
1,0,0.84526265,1
1,0,0.55013865,1
1,0,0.40947458,0
1,0,0.73137766,1
1,0,0.8964888,1
1,0,0.81709564,1
1,0,0.988739,1
1,0,0.9129939,1
1,0,0.96912664,1
1,0,0.8759169,1
1,0,0.8863994,1
1,0,0.92487615,1
1,0,0.59613544,1
1,0,0.9439738,1
1,0,0.6108852,1
1,0,0.5808164,1
1,0,0.5534447,1
1,0,0.90078115,1
1,0,0.87014097,1
1,0,0.87015885,1
1,0,0.3116403,0
1,0,0.50330436,1
1,0,0.87890404,1
1,0,0.9469601,1
1,0,0.57427543,1
1,0,0.71725225,1
1,0,0.51847905,1
1,0,0.9027927,1
1,0,0.65788734,1
1,0,0.9389615,1
1,0,0.76869726,1
1,0,0.9171422,1
1,0,0.8303056,1
1,0,0.79005605,1
1,0,0.53842676,1
1,0,0.77295464,1
1,0,0.7768489,1
1,0,0.87341714,1
1,0,0.38544542,0
1,0,0.7298918,1
1,0,0.30931225,0
1,0,0.28787223,0
1,0,0.24411812,0
1,0,0.60891056,1
1,0,0.90083116,1
1,0,0.7582276,1
1,0,0.80797595,1
1,0,0.917948,1
1,0,0.7365643,1
1,0,0.8799052,1
1,0,0.8536163,1
1,0,0.93243295,1
1,0,0.66741204,1
1,0,0.8709342,1
1,0,0.65022486,1
1,0,0.6541194,1
1,0,0.70869875,1
1,0,0.46521017,0
1,0,0.7258382,1
1,0,0.42688084,0
1,0,0.42130604,0
1,0,0.5840277,1
1,0,0.78483105,1
1,0,0.60345495,1
1,0,0.73185605,1
1,0,0.4303236,0
1,0,0.7934942,1
1,0,0.48592365,0
1,0,0.78303146,1
1,0,0.8097929,1
1,0,0.9092109,1
1,0,0.9267181,1
1,0,0.67894566,1
1,0,0.8318426,1
1,0,0.81974524,1
1,0,0.5243657,1
1,0,0.6701988,1
1,0,0.75722045,1
1,0,0.76276505,1
1,0,0.66224796,1
1,0,0.5099038,1
1,0,0.5619747,1
1,0,0.77339596,1
1,1,0.8595216,1
1,1,0.8933631,1
1,1,0.8621116,1
1,1,0.8389829,1
1,1,0.94965184,1
1,1,0.9240331,1
1,1,0.9590808,1
1,1,0.66860193,1
1,1,0.971555,1
1,0,0.8469624,1
1,0,0.9633526,1
1,0,0.56535465,1
1,0,0.53728765,1
1,0,0.21038595,0
1,0,0.2667035,0
1,0,0.5967921,1
1,0,0.7647392,1
1,0,0.55468005,1
1,0,0.6876245,1
1,0,0.89101523,1
1,0,0.9265783,1
1,0,0.9332803,1
1,0,0.98007876,1
1,0,0.97367936,1
1,0,0.9297584,1
1,0,0.9673071,1
1,0,0.7757445,1
1,0,0.7346482,1
1,0,0.8210252,1
1,0,0.821826,1
1,0,0.7230868,1
1,0,0.8997563,1
1,0,0.9506037,1
1,0,0.9889204,1
1,0,0.96239597,1
1,0,0.959529,1
1,0,0.9591682,1
1,0,0.8514034,1
1,0,0.96210337,1
1,0,0.8876111,1
1,0,0.9086372,1
1,0,0.9045316,1
1,0,0.865595,1
1,0,0.3997428,0
1,0,0.5529001,1
1,0,0.34573543,0
1,0,0.6127966,1
1,0,0.42558026,0
1,0,0.74450314,1
1,0,0.6176654,1
1,0,0.74343103,1
1,0,0.7944614,1
1,0,0.8598759,1
1,0,0.4189938,0
1,0,0.66743237,1
1,1,0.262034,0
1,1,0.6452914,1
1,1,0.21850796,0
1,1,0.578293,1
1,1,0.9097406,1
1,1,0.66517854,1
1,1,0.53220797,1
1,1,0.7855921,1
1,1,0.78381634,1
1,1,0.78378135,1
1,1,0.90738505,1
1,1,0.93220115,1
1,1,0.9787698,1
1,0,0.81461704,1
1,0,0.948234,1
1,0,0.86285096,1
1,0,0.8387548,1
1,0,0.59005487,1
1,0,0.5456055,1
1,0,0.8149331,1
1,0,0.5722721,1
1,0,0.41295588,0
1,0,0.33798343,0
1,0,0.68427956,1
1,0,0.63509667,1
1,0,0.7656342,1
1,0,0.7088945,1
1,0,0.68855,1
1,0,0.85693765,1
1,0,0.8324788,1
1,0,0.80524784,1
1,0,0.7450731,1
1,0,0.7508768,1
1,0,0.88233274,1
1,0,0.59989595,1
1,0,0.79705447,1
1,1,0.5070336,1
1,1,0.538303,1
1,1,0.5333449,1
1,1,0.72879064,1
1,1,0.63727266,1
1,1,0.71820974,1
1,1,0.78965396,1
1,1,0.54030883,1
1,1,0.7227044,1
1,1,0.8876586,1
1,1,0.77856827,1
1,1,0.9210889,1
1,1,0.4960274,0
1,1,0.5103249,1
1,1,0.8076723,1
1,1,0.63103,1
1,1,0.5841296,1
1,1,0.30805346,0
1,1,0.2878249,0
1,1,0.46973717,0
1,1,0.19414733,0
1,1,0.1154859,0
1,1,0.90809625,1
1,1,0.15705687,0
1,1,0.9982437,1
1,1,0.9810151,1
1,1,0.994968,1
1,1,0.9954145,1
1,1,0.9794119,1
1,1,0.9281961,1
1,1,0.9971787,1
1,1,0.995073,1
1,1,0.9920019,1
1,1,0.9395116,1
1,1,0.95598805,1
1,1,0.9865362,1
1,1,0.94867665,1
1,1,0.95815074,1
1,1,0.9612604,1
1,1,0.9796907,1
1,1,0.99342054,1
1,1,0.99216413,1
1,1,0.9899648,1
1,1,0.98425967,1
1,1,0.9912902,1
1,1,0.99218845,1
1,1,0.98733264,1
1,1,0.9909931,1
1,1,0.97748065,1
1,1,0.9858666,1
1,1,0.98745817,1
1,1,0.9823085,1
1,1,0.99504787,1
1,1,0.992841,1
1,1,0.9938929,1
1,1,0.98447543,1
1,1,0.98846954,1
1,1,0.9898241,1
1,1,0.98882604,1
1,1,0.9926265,1
1,1,0.9793873,1
1,1,0.9788865,1
1,1,0.9735119,1
1,1,0.96938443,1
1,1,0.99125683,1
1,1,0.96675783,1
1,1,0.99067533,1
1,1,0.98272324,1
1,1,0.9505607,1
1,1,0.9533732,1
1,1,0.8913861,1
1,1,0.92808545,1
1,1,0.86306465,1
1,1,0.90476304,1
1,1,0.9111807,1
1,1,0.8139527,1
1,1,0.8973446,1
1,1,0.9348823,1
1,1,0.8855732,1
1,1,0.9560513,1
1,1,0.9375865,1
1,1,0.8698268,1
1,1,0.92647237,1
1,1,0.72385156,1
1,1,0.7379086,1
1,1,0.74053884,1
1,1,0.7593924,1
1,1,0.6162875,1
1,1,0.55325663,1
1,1,0.6863683,1
1,1,0.6489802,1
1,1,0.4971554,0
1,1,0.8824487,1
1,1,0.807811,1
1,1,0.87222016,1
1,1,0.78329253,1
1,1,0.84059125,1
1,1,0.877563,1
1,1,0.83943516,1
1,1,0.77164173,1
1,1,0.85474896,1
1,1,0.853833,1
1,1,0.8324211,1
1,1,0.8675496,1
1,1,0.9709371,1
1,1,0.8368355,1
1,1,0.945551,1
1,1,0.92118126,1
1,1,0.9163454,1
1,1,0.94659877,1
1,1,0.9284873,1
1,1,0.91318256,1
1,1,0.85240465,1
1,1,0.85602957,1
1,1,0.90871054,1
1,1,0.92134535,1
1,1,0.86174405,1
1,1,0.8364496,1
1,1,0.91051567,1
1,1,0.87138844,1
1,1,0.73427457,1
1,1,0.8818957,1
1,1,0.424994,0
1,1,0.83419293,1
1,1,0.9796708,1
1,1,0.9311702,1
1,1,0.9392291,1
1,1,0.89515954,1
1,1,0.80748767,1
1,1,0.8802364,1
1,1,0.883069,1
1,1,0.78720355,1
1,1,0.8635264,1
1,1,0.89643735,1
1,1,0.9016716,1
1,1,0.957734,1
1,1,0.8878805,1
1,1,0.82816416,1
1,1,0.7655649,1
1,1,0.84935707,1
1,1,0.80519783,1
1,1,0.8206943,1
1,1,0.8676275,1
1,1,0.91214746,1
1,1,0.93881977,1
1,1,0.8070328,1
1,1,0.52794695,1
1,1,0.8457714,1
1,1,0.9823698,1
1,1,0.91809297,1
1,1,0.9295705,1
1,1,0.9081807,1
1,1,0.82240665,1
1,1,0.9279723,1
1,1,0.8616246,1
1,1,0.76382554,1
1,1,0.8601138,1
1,1,0.91324884,1
1,1,0.9383448,1
1,1,0.9639491,1
1,1,0.91168886,1
1,1,0.86016935,1
1,1,0.8588036,1
1,1,0.92009103,1
1,1,0.8993202,1
1,1,0.910922,1
1,1,0.6535425,1
1,1,0.93258226,1
1,1,0.86276686,1
1,1,0.8752144,1
1,1,0.9640199,1
1,1,0.9504073,1
1,1,0.973229,1
1,1,0.96016186,1
1,1,0.9152707,1
1,1,0.9934476,1
1,1,0.91430557,1
1,1,0.94799227,1
1,1,0.97692424,1
1,1,0.9275283,1
1,1,0.9707281,1
1,1,0.88902634,1
1,1,0.7553514,1
1,1,0.66554564,1
1,1,0.9592076,1
1,1,0.7391346,1
1,1,0.9427503,1
1,1,0.96436965,1
1,1,0.8969696,1
1,0,0.49294108,0
1,0,0.32633868,0
1,0,0.8243883,1
1,0,0.53614885,1
1,0,0.5877887,1
1,0,0.52859366,1
1,0,0.84856445,1
1,0,0.7902071,1
1,0,0.47360831,0
1,0,0.17240928,0
1,0,0.8024813,1
1,0,0.7429288,1
1,0,0.8564009,1
1,0,0.6873367,1
1,0,0.90919524,1
1,0,0.81511366,1
1,0,0.56079227,1
1,0,0.85445344,1
1,0,0.75514275,1
1,0,0.64824283,1
1,0,0.92030424,1
1,0,0.48276103,0
1,0,0.34007847,0
1,0,0.3597212,0
1,0,0.6212924,1
1,0,0.49304754,0
1,0,0.19635473,0
1,0,0.410334,0
1,0,0.11120777,0
1,0,0.10856293,0
1,0,0.24530898,0
1,0,0.18142544,0
1,0,0.17553058,0
1,0,0.13028336,0
1,0,0.18977316,0
1,0,0.20042408,0
1,0,0.24513753,0
1,0,0.49895847,0
1,0,0.53019965,1
1,0,0.850639,1
1,0,0.6522857,1
1,0,0.6528978,1
1,0,0.74651647,1
1,0,0.8039353,1
1,0,0.9540694,1
1,0,0.7585152,1
1,0,0.6771388,1
1,0,0.4174418,0
1,0,0.78910327,1
1,0,0.65744644,1
1,0,0.22672197,0
1,0,0.39436716,0
1,0,0.6983219,1
1,0,0.44104958,0
1,0,0.7171463,1
1,0,0.8087001,1
1,0,0.95236564,1
1,0,0.7105035,1
1,0,0.78881586,1
1,0,0.9533566,1
1,0,0.83467674,1
1,0,0.9205051,1
1,0,0.9110448,1
1,0,0.9252404,1
1,0,0.79961413,1
1,0,0.4843132,0
1,0,0.07875083,0
1,0,0.16303958,0
1,0,0.21989857,0
1,0,0.3488139,0
1,0,0.21767479,0
1,0,0.06755593,0
1,0,0.049106624,0
1,0,0.12337184,0
1,0,0.09201792,0
1,0,0.27141792,0
1,0,0.06396855,0
1,0,0.03544384,0
1,0,0.48853773,0
1,0,0.47714925,0
1,0,0.17791955,0
1,0,0.4253488,0
1,0,0.9149455,1
1,0,0.7852743,1
1,0,0.97420156,1
1,0,0.8006775,1
1,0,0.90978736,1
1,0,0.8752775,1
1,0,0.7825151,1
1,0,0.654262,1
1,0,0.7332776,1
1,0,0.36075178,0
1,0,0.7497268,1
1,0,0.37714005,0
1,0,0.46565977,0
1,0,0.49685717,0
1,0,0.9889314,1
1,0,0.3704895,0
1,0,0.9467604,1
1,0,0.52798104,1
1,0,0.79119074,1
1,0,0.8508988,1
1,0,0.4194802,0
1,0,0.96407264,1
1,0,0.8061078,1
1,0,0.47002143,0
1,0,0.686818,1
1,0,0.4173849,0
1,0,0.9438917,1
1,0,0.6974353,1
1,0,0.9460592,1
1,0,0.9366163,1
1,0,0.96538824,1
1,0,0.9468488,1
1,0,0.988672,1
1,0,0.9436171,1
1,0,0.8199636,1
1,0,0.9762397,1
1,0,0.96643037,1
1,0,0.96926695,1
1,0,0.9474418,1
1,0,0.99607265,1
1,0,0.9939726,1
1,0,0.9936174,1
1,0,0.9763449,1
1,0,0.98141176,1
1,0,0.9251888,1
1,0,0.91552883,1
1,0,0.94257414,1
1,0,0.7914915,1
1,0,0.56813943,1
1,0,0.70425516,1
1,0,0.9388823,1
1,0,0.39569634,0
1,0,0.3683679,0
1,0,0.8920344,1
1,0,0.6882032,1
1,0,0.98352605,1
1,0,0.77466327,1
1,0,0.8931906,1
1,0,0.20814668,0
1,0,0.5970183,1
1,0,0.53503317,1
1,0,0.7778217,1
1,0,0.8329305,1
1,0,0.56694025,1
1,0,0.49710435,0
1,0,0.4829692,0
1,0,0.49439117,0
1,0,0.8608717,1
1,0,0.701054,1
1,0,0.25151426,0
1,0,0.81573284,1
1,0,0.9431311,1
1,0,0.9155576,1
1,0,0.9411602,1
1,0,0.5664883,1
1,0,0.97152966,1
1,0,0.57231385,1
1,0,0.76263845,1
1,0,0.30030987,0
1,0,0.22363134,0
1,0,0.47466385,0
1,0,0.23296514,0
1,0,0.26101854,0
1,0,0.064264,0
1,0,0.061452027,0
1,0,0.34058434,0
1,0,0.13791731,0
1,0,0.13774791,0
1,0,0.12738405,0
1,0,0.08887267,0
1,0,0.7645807,1
1,0,0.3461313,0
1,0,0.9195647,1
1,0,0.6845678,1
1,0,0.90734816,1
1,0,0.5791697,1
1,0,0.7546928,1
1,0,0.39460588,0
1,0,0.42904067,0
1,0,0.12223133,0
1,0,0.7999036,1
1,0,0.42199507,0
1,0,0.537908,1
1,0,0.37856662,0
1,0,0.82897234,1
1,0,0.9505887,1
1,0,0.590471,1
1,0,0.98339593,1
1,0,0.58522105,1
1,0,0.9536771,1
1,0,0.28816703,0
1,0,0.8125041,1
1,0,0.4619934,0
1,0,0.7548801,1
1,0,0.44582132,0
1,0,0.20795138,0
1,0,0.35881397,0
1,0,0.30545864,0
1,0,0.40132165,0
1,0,0.33422336,0
1,0,0.6505209,1
1,0,0.5265465,1
1,0,0.5330631,1
1,0,0.26819244,0
1,0,0.14805736,0
1,0,0.22571465,0
1,0,0.19798173,0
1,0,0.26583475,0
1,0,0.28177196,0
1,0,0.091219306,0
1,0,0.9284555,1
1,0,0.37024835,0
1,0,0.780996,1
1,0,0.9077523,1
1,0,0.7573086,1
1,0,0.60628146,1
1,0,0.6717449,1
1,0,0.23581421,0
1,0,0.8420802,1
1,0,0.1800599,0
1,0,0.7933292,1
1,0,0.42499682,0
1,0,0.7204043,1
1,0,0.4591901,0
1,0,0.6978261,1
1,0,0.8978222,1
1,0,0.6589767,1
1,0,0.7827471,1
1,0,0.898913,1
1,0,0.94633234,1
1,0,0.6191807,1
1,0,0.6605215,1
1,0,0.48398188,0
1,0,0.9024112,1
1,0,0.44888037,0
1,0,0.46552765,0
1,0,0.40106642,0
1,0,0.2366408,0
1,0,0.4600978,0
1,0,0.33504316,0
1,0,0.45328474,0
1,0,0.5046124,1
1,0,0.6211051,1
1,0,0.23553383,0
1,0,0.6710283,1
1,0,0.212685,0
1,0,0.096969426,0
1,0,0.12271172,0
1,0,0.18763968,0
1,0,0.104175285,0
1,0,0.4613491,0
1,0,0.6282973,1
1,0,0.2802841,0
1,0,0.8278949,1
1,0,0.45622766,0
1,0,0.9819036,1
1,0,0.8788251,1
1,0,0.33988294,0
1,0,0.90898156,1
1,0,0.83144426,1
1,0,0.7329669,1
1,0,0.85923254,1
1,0,0.9003102,1
1,0,0.7747821,1
1,0,0.8979482,1
1,0,0.49729136,0
1,0,0.9450722,1
1,0,0.94188607,1
1,0,0.9470376,1
1,0,0.9618042,1
1,0,0.78712505,1
1,0,0.9755352,1
1,0,0.86243325,1
1,0,0.9617918,1
1,0,0.6948368,1
1,0,0.7506498,1
1,0,0.65755236,1
1,0,0.6292557,1
1,0,0.46493205,0
1,0,0.3992428,0
1,0,0.48322186,0
1,0,0.12090725,0
1,0,0.12919226,0
1,0,0.2824669,0
1,0,0.11363029,0
1,0,0.10291159,0
1,0,0.26982152,0
1,0,0.036432784,0
1,0,0.1238843,0
1,0,0.5330672,1
1,0,0.18252368,0
1,0,0.5825111,1
1,0,0.9000438,1
1,0,0.86950314,1
1,0,0.87550396,1
1,0,0.58735543,1
1,0,0.5861774,1
1,0,0.21288203,0
1,0,0.23948139,0
1,0,0.71781737,1
1,0,0.42336965,0
1,0,0.5646454,1
1,0,0.5483725,1
1,0,0.25354898,0
1,0,0.2561829,0
1,0,0.64959294,1
1,0,0.60060674,1
1,0,0.81470066,1
1,0,0.8977882,1
1,0,0.8624143,1
1,0,0.9477821,1
1,0,0.96495324,1
1,0,0.6540134,1
1,0,0.88782644,1
1,0,0.83623976,1
1,0,0.5278462,1
1,0,0.713467,1
1,0,0.43402117,0
1,0,0.4566179,0
1,0,0.30409533,0
1,0,0.6328759,1
1,0,0.219464,0
1,1,0.4117347,0
1,1,0.18440199,0
1,1,0.14065306,0
1,1,0.24959859,0
1,1,0.3993502,0
1,1,0.16658564,0
1,1,0.6770343,1
1,1,0.25632447,0
1,1,0.64100975,1
1,1,0.3684902,0
1,0,0.45730877,0
1,0,0.22899388,0
1,0,0.6986391,1
1,0,0.3739506,0
1,0,0.4958791,0
1,0,0.66560423,1
1,0,0.48571154,0
1,0,0.49590617,0
1,0,0.8439003,1
1,0,0.67803687,1
1,0,0.7038069,1
1,0,0.9082461,1
1,0,0.79097724,1
1,0,0.9616496,1
1,0,0.7731585,1
1,0,0.852297,1
1,0,0.82563674,1
1,0,0.9224096,1
1,0,0.9423925,1
1,0,0.95463,1
1,0,0.88615066,1
1,0,0.81486744,1
1,0,0.72803485,1
1,0,0.7460788,1
1,0,0.74118966,1
1,0,0.88480055,1
1,0,0.45953062,0
1,0,0.70962006,1
1,0,0.36954662,0
1,0,0.27388406,0
1,0,0.5236927,1
1,0,0.19513021,0
1,0,0.16281766,0
1,0,0.087165914,0
1,0,0.16776145,0
1,0,0.92468774,1
1,0,0.9482562,1
1,0,0.96744394,1
1,0,0.92682165,1
1,0,0.8578266,1
1,0,0.9350959,1
1,0,0.93644637,1
1,0,0.9068199,1
1,0,0.96803904,1
1,0,0.69218135,1
1,0,0.6251439,1
1,0,0.65524995,1
1,0,0.8359976,1
1,0,0.73642653,1
1,0,0.82541025,1
1,0,0.9249651,1
1,0,0.9098804,1
1,0,0.8846684,1
1,0,0.728703,1
1,0,0.9093571,1
1,0,0.9205197,1
1,0,0.775585,1
1,0,0.8854371,1
1,0,0.93300915,1
1,0,0.9312347,1
1,0,0.86489904,1
1,0,0.7505595,1
1,0,0.7967542,1
1,0,0.9524591,1
1,0,0.9340493,1
1,0,0.89452666,1
1,0,0.92532337,1
1,0,0.941906,1
1,0,0.94377947,1
1,0,0.69566566,1
1,0,0.83949965,1
1,0,0.7343253,1
1,0,0.59019995,1
1,0,0.8005536,1
1,0,0.6650753,1
1,0,0.73266447,1
1,0,0.66983336,1
1,1,0.6333341,1
1,1,0.58828324,1
1,1,0.5957908,1
1,1,0.6860238,1
1,1,0.66590923,1
1,1,0.61781734,1
1,1,0.80401766,1
1,1,0.598831,1
1,1,0.69115615,1
1,1,0.9315792,1
1,1,0.9322043,1
1,1,0.7316289,1
1,1,0.97608066,1
1,1,0.9171815,1
1,1,0.9715071,1
1,1,0.9698664,1
1,1,0.99201137,1
1,1,0.9866236,1
1,1,0.98661774,1
1,1,0.9671834,1
1,1,0.94528824,1
1,1,0.9766824,1
1,1,0.95795214,1
1,1,0.9817384,1
1,1,0.944992,1
1,1,0.8467626,1
1,1,0.90047354,1
1,1,0.8433525,1
1,1,0.9511911,1
1,1,0.96083343,1
1,1,0.9431082,1
1,1,0.9464857,1
1,1,0.9446104,1
1,1,0.91045606,1
1,1,0.9070424,1
1,1,0.84890884,1
1,1,0.9132454,1
1,1,0.9055834,1
1,1,0.8183573,1
1,1,0.82782686,1
1,1,0.90944993,1
1,1,0.9181579,1
1,1,0.9253287,1
1,1,0.67495066,1
1,1,0.8428223,1
1,1,0.8398292,1
1,1,0.85399234,1
1,1,0.9536638,1
1,1,0.9800986,1
1,1,0.97969204,1
1,1,0.89936656,1
1,1,0.9661243,1
1,1,0.99043953,1
1,1,0.9912424,1
1,1,0.9525987,1
1,1,0.9852763,1
1,1,0.9728506,1
1,1,0.98182285,1
1,1,0.97450405,1
1,1,0.97222286,1
1,1,0.99574137,1
1,1,0.9843301,1
1,1,0.484292,0
1,1,0.9140421,1
1,1,0.8520502,1
1,1,0.849904,1
1,1,0.8813374,1
1,1,0.92087454,1
1,1,0.8127821,1
1,1,0.94056547,1
1,1,0.8829717,1
1,1,0.8404453,1
1,1,0.866851,1
1,1,0.9534439,1
1,1,0.80837464,1
1,1,0.7696656,1
1,1,0.714036,1
1,1,0.6035836,1
1,1,0.85371834,1
1,1,0.61910367,1
1,1,0.39143154,0
1,1,0.8059685,1
1,1,0.8435823,1
1,1,0.6218188,1
1,1,0.8179465,1
1,1,0.45435238,0
1,1,0.79070395,1
1,1,0.40143767,0
1,1,0.27521256,0
1,1,0.33930603,0
1,1,0.2737849,0
1,1,0.5881746,1
1,1,0.4702166,0
1,1,0.21119142,0
1,1,0.45156893,0
1,1,0.7284466,1
1,1,0.5790574,1
1,1,0.7593129,1
1,1,0.66739744,1
1,1,0.5224002,1
1,1,0.5538297,1
1,1,0.5872309,1
1,1,0.59484226,1
1,1,0.8880853,1
1,1,0.88449866,1
1,1,0.82827824,1
1,1,0.745669,1
1,1,0.62296635,1
1,1,0.7055018,1
1,1,0.7520376,1
1,1,0.5385489,1
1,1,0.93475527,1
1,1,0.41753128,0
1,1,0.7452318,1
1,1,0.4217137,0
1,1,0.923815,1
1,1,0.91531926,1
1,1,0.6718548,1
1,1,0.7687581,1
1,1,0.9209872,1
1,1,0.67653155,1
1,1,0.50118506,1
1,1,0.89075416,1
1,1,0.85030645,1
1,1,0.88307464,1
1,1,0.93757236,1
1,1,0.86167014,1
1,1,0.9507178,1
1,1,0.98349565,1
1,1,0.9459998,1
1,1,0.9365186,1
1,1,0.8626201,1
1,1,0.9307545,1
1,1,0.4594773,0
1,1,0.8727253,1
1,1,0.8496577,1
1,1,0.93396413,1
1,1,0.84907705,1
1,1,0.36812958,0
1,1,0.9182829,1
1,1,0.48165748,0
1,1,0.5276629,1
1,1,0.97813445,1
1,1,0.9096655,1
1,1,0.99110174,1
1,1,0.87144846,1
1,1,0.8034408,1
1,1,0.51716113,1
1,1,0.82677233,1
1,1,0.8893899,1
1,1,0.51242703,1
1,1,0.5301197,1
1,1,0.84782475,1
1,1,0.7265202,1
1,1,0.88204026,1
1,1,0.97371566,1
1,1,0.5485764,1
1,1,0.94136924,1
1,1,0.47947165,0
1,1,0.9655096,1
1,1,0.7970216,1
1,1,0.56725,1
1,1,0.31521672,0
1,1,0.7652847,1
1,1,0.15333858,0
1,1,0.30210918,0
1,1,0.5918101,1
1,1,0.46354088,0
1,1,0.8082115,1
1,1,0.5311048,1
1,1,0.31706357,0
1,1,0.15511714,0
1,1,0.47729924,0
1,1,0.38134786,0
1,1,0.21338157,0
1,1,0.73041016,1
1,1,0.84499484,1
1,1,0.68868834,1
1,1,0.9260513,1
1,1,0.9248139,1
1,1,0.80883443,1
1,1,0.7252413,1
1,1,0.90676117,1
1,1,0.9159614,1
1,1,0.7044842,1
1,1,0.9432045,1
1,1,0.61338323,1
1,1,0.79547524,1
1,1,0.7360929,1
1,1,0.94975215,1
1,1,0.3583818,0
1,1,0.90063095,1
1,1,0.9768697,1
1,1,0.85903543,1
1,1,0.30046982,0
1,1,0.6271746,1
1,1,0.7541232,1
1,1,0.49951896,0
1,1,0.30144182,0
1,1,0.48266616,0
1,1,0.7180057,1
1,1,0.83124775,1
1,1,0.6953927,1
1,1,0.88902813,1
1,1,0.8262666,1
1,1,0.85813046,1
1,1,0.86275977,1
1,1,0.8607836,1
1,1,0.8470273,1
1,1,0.82729864,1
1,1,0.77181524,1
1,1,0.6411092,1
1,1,0.47058374,0
1,1,0.8381433,1
1,1,0.68423086,1
1,1,0.9054983,1
1,1,0.7973283,1
1,1,0.7564435,1
1,1,0.8697523,1
1,1,0.8388155,1
1,1,0.8435021,1
1,1,0.83699566,1
1,1,0.7858832,1
1,1,0.7927103,1
1,1,0.73879063,1
1,1,0.8294,1
1,1,0.71282506,1
1,1,0.6168682,1
1,1,0.45692936,0
1,1,0.4859533,0
1,1,0.67904836,1
1,1,0.73384404,1
1,1,0.78895515,1
1,1,0.31809413,0
1,1,0.49523348,0
1,1,0.6395665,1
1,1,0.68378687,1
1,1,0.9198577,1
1,1,0.78809375,1
1,1,0.8413313,1
1,1,0.8559355,1
1,1,0.71351165,1
1,1,0.83117473,1
1,1,0.91798645,1
1,1,0.88530934,1
1,1,0.93973905,1
1,1,0.8154895,1
1,1,0.7775039,1
1,1,0.6641936,1
1,1,0.92624724,1
1,1,0.85392326,1
1,1,0.7515378,1
1,1,0.8649074,1
1,1,0.8004181,1
1,1,0.5443059,1
1,1,0.77694225,1
1,1,0.3547239,0
1,1,0.44664687,0
1,1,0.44254735,0
1,1,0.45961526,0
1,1,0.45374665,0
1,1,0.64459544,1
1,1,0.47755197,0
1,1,0.58543926,1
1,1,0.48759925,0
1,1,0.3125614,0
1,1,0.54368174,1
1,1,0.48194808,0
1,1,0.60320026,1
1,1,0.3644648,0
1,1,0.6015744,1
1,1,0.7619557,1
1,1,0.4943047,0
1,1,0.602874,1
1,1,0.82880205,1
1,1,0.39991087,0
1,1,0.14985277,0
1,1,0.20198908,0
1,1,0.25626457,0
1,1,0.18275166,0
1,1,0.1837552,0
1,1,0.5159461,1
1,1,0.602614,1
1,1,0.15660706,0
1,1,0.12973733,0
1,1,0.115259394,0
1,1,0.06798494,0
1,1,0.04997308,0
1,1,0.107878536,0
1,1,0.14480977,0
1,1,0.166772,0
1,1,0.18129975,0
1,1,0.20078544,0
1,0,0.60677546,1
1,0,0.6734443,1
1,0,0.58264846,1
1,0,0.8450397,1
1,0,0.84485954,1
1,0,0.6916962,1
1,0,0.628574,1
1,0,0.8065406,1
1,0,0.5279286,1
1,0,0.27950954,0
1,1,0.728153,1
1,1,0.8476721,1
1,1,0.85718614,1
1,1,0.87241477,1
1,1,0.95408833,1
1,1,0.98068905,1
1,1,0.9821578,1
1,1,0.9109668,1
1,1,0.96516645,1
1,1,0.99067944,1
1,1,0.99189454,1
1,1,0.95537174,1
1,1,0.9857451,1
1,1,0.9732791,1
1,1,0.9826194,1
1,1,0.9766901,1
1,1,0.97106475,1
1,1,0.9961569,1
1,1,0.98489493,1
1,1,0.14218497,0
1,1,0.12673235,0
1,1,0.083773434,0
1,1,0.31078765,0
1,1,0.26065463,0
1,1,0.22190772,0
2,1,0.758519,1
2,1,0.6781394,1
2,1,0.46591586,0
2,1,0.73465514,1
2,1,0.51528966,1
2,1,0.48995143,0
2,1,0.7740559,1
2,1,0.31933504,0
2,1,0.56249344,1
2,1,0.5284618,1
2,1,0.8627711,1
2,1,0.6635815,1
2,1,0.7842189,1
2,1,0.6602301,1
2,1,0.23274824,0
2,1,0.38565707,0
2,1,0.52406085,1
2,1,0.6593191,1
2,1,0.6351367,1
2,1,0.76841575,1
2,1,0.721962,1
2,1,0.7414959,1
2,1,0.7130856,1
2,1,0.7809495,1
2,1,0.46822774,0
2,1,0.5369067,1
2,1,0.520918,1
2,1,0.50209963,1
2,1,0.59521335,1
2,1,0.62063557,1
2,1,0.52988887,1
2,1,0.39174744,0
2,1,0.22260691,0
2,1,0.24041586,0
2,1,0.601269,1
2,1,0.67155206,1
2,1,0.6387781,1
2,1,0.645837,1
2,1,0.83750004,1
2,1,0.7357866,1
2,1,0.8696826,1
2,1,0.88156414,1
2,1,0.9112907,1
2,1,0.9493296,1
2,1,0.9478684,1
2,1,0.8721859,1
2,1,0.96665156,1
2,1,0.87499875,1
2,1,0.783246,1
2,1,0.84319985,1
2,1,0.859462,1
2,1,0.8542842,1
2,1,0.64106655,1
2,1,0.7661821,1
2,1,0.7352609,1
2,1,0.8403584,1
2,1,0.7936465,1
2,1,0.9169026,1
2,1,0.9083829,1
2,1,0.8944361,1
2,1,0.91265815,1
2,1,0.896811,1
2,1,0.9091692,1
2,1,0.95625997,1
2,1,0.9634721,1
2,1,0.8138495,1
2,1,0.86132133,1
2,1,0.88655823,1
2,1,0.7269888,1
2,1,0.79447633,1
2,1,0.7075661,1
2,1,0.5499066,1
2,1,0.5449174,1
2,1,0.7083696,1
2,1,0.67584455,1
2,1,0.63580674,1
2,1,0.5131984,1
2,1,0.69091314,1
2,1,0.59488386,1
2,1,0.7786906,1
2,1,0.5875029,1
2,1,0.41396677,0
2,1,0.6836144,1
2,1,0.68521744,1
2,1,0.60856867,1
2,1,0.52626574,1
2,1,0.54076433,1
2,1,0.7058439,1
2,1,0.48448882,0
2,1,0.64066786,1
2,1,0.5773865,1
2,1,0.7139046,1
2,1,0.7468226,1
2,1,0.537183,1
2,1,0.5472923,1
2,1,0.5267951,1
2,1,0.63747823,1
2,1,0.23804373,0
2,1,0.8133113,1
2,1,0.66533303,1
2,1,0.46579155,0
2,1,0.6952581,1
2,1,0.8757654,1
2,1,0.47030276,0
2,1,0.3518338,0
2,1,0.34886715,0
2,1,0.31322685,0
2,1,0.71679723,1
2,1,0.6776775,1
2,1,0.67500997,1
2,1,0.754164,1
2,1,0.8364966,1
2,1,0.8326092,1
2,1,0.31784227,0
2,1,0.21050005,0
2,1,0.15380599,0
2,1,0.3982459,0
2,1,0.7994068,1
2,1,0.65871567,1
2,1,0.30589744,0
2,1,0.48037353,0
2,1,0.5086518,1
2,1,0.09492204,0
2,1,0.3896289,0
2,1,0.18153466,0
2,1,0.2563506,0
2,1,0.04962075,0
2,1,0.2541252,0
2,1,0.64651126,1
2,1,0.29980463,0
2,1,0.64677495,1
2,1,0.7874835,1
2,1,0.71704996,1
2,1,0.55902576,1
2,1,0.60824186,1
2,1,0.5895579,1
2,1,0.3985313,0
2,1,0.8094826,1
2,1,0.47927755,0
2,1,0.5871389,1
2,1,0.6983086,1
2,1,0.81535083,1
2,1,0.7770145,1
2,1,0.63113517,1
2,1,0.57200676,1
2,1,0.36303547,0
2,1,0.58356863,1
2,1,0.7317508,1
2,1,0.8364418,1
2,1,0.6281092,1
2,1,0.63173145,1
2,1,0.63407433,1
2,1,0.77319306,1
2,1,0.7044763,1
2,1,0.8234222,1
2,1,0.8208898,1
2,1,0.8729736,1
2,1,0.91269124,1
2,0,0.8047962,1
2,0,0.9467999,1
2,0,0.858854,1
2,0,0.94090444,1
2,0,0.8917309,1
2,0,0.9243626,1
2,0,0.91748506,1
2,0,0.84567505,1
2,0,0.8872513,1
2,0,0.78430647,1
2,0,0.89857644,1
2,0,0.85844785,1
2,0,0.7911375,1
2,1,0.79411894,1
2,1,0.7032711,1
2,1,0.48885313,0
2,1,0.5827061,1
2,1,0.61036295,1
2,1,0.6178279,1
2,1,0.5334092,1
2,1,0.3115871,0
2,1,0.42550498,0
2,1,0.5179369,1
2,1,0.5402283,1
2,1,0.6736381,1
2,1,0.50006264,1
2,1,0.34050933,0
2,1,0.68696105,1
2,1,0.6939571,1
2,1,0.63553095,1
2,1,0.79336375,1
2,1,0.44990718,0
2,1,0.5754412,1
2,1,0.45579833,0
2,1,0.26885137,0
2,1,0.06648284,0
2,1,0.43647644,0
2,1,0.59212947,1
2,1,0.58600235,1
2,1,0.3021705,0
2,1,0.36216128,0
2,1,0.29172578,0
2,1,0.058791395,0
2,1,0.36228284,0
2,1,0.82660186,1
2,1,0.5984911,1
2,1,0.5725145,1
2,1,0.6720826,1
2,1,0.92027384,1
2,1,0.84362465,1
2,1,0.64780337,1
2,1,0.24753061,0
2,1,0.32576466,0
2,1,0.596033,1
2,1,0.38795987,0
2,1,0.30537677,0
2,1,0.3462973,0
2,1,0.5504533,1
2,1,0.6790758,1
2,1,0.37776107,0
2,1,0.4042141,0
2,1,0.30139694,0
2,1,0.21401976,0
2,1,0.24136212,0
2,1,0.2609316,0
2,1,0.17553368,0
2,0,0.7972781,1
2,0,0.8682903,1
2,0,0.8944594,1
2,0,0.9111969,1
2,0,0.91689116,1
2,0,0.9174739,1
2,0,0.8990757,1
2,0,0.9450489,1
2,0,0.89595115,1
2,0,0.78704745,1
2,0,0.963656,1
2,0,0.9675505,1
2,0,0.9568574,1
2,0,0.9859715,1
2,0,0.96022576,1
2,0,0.94096226,1
2,0,0.8795034,1
2,0,0.96134806,1
2,0,0.967503,1
2,0,0.9665114,1
2,0,0.9535991,1
2,0,0.97047645,1
2,0,0.9540268,1
2,0,0.9613345,1
2,0,0.94669986,1
2,0,0.92985296,1
2,0,0.9434376,1
2,0,0.9367399,1
2,0,0.8920003,1
2,0,0.90413034,1
2,0,0.8547075,1
2,0,0.5434916,1
2,0,0.6410196,1
2,0,0.7309129,1
2,0,0.6012142,1
2,0,0.5023815,1
2,0,0.77351075,1
2,0,0.6196603,1
2,0,0.84255534,1
2,0,0.9219662,1
2,0,0.74336016,1
2,0,0.62937194,1
2,0,0.80880076,1
2,0,0.69104517,1
2,0,0.72646517,1
2,0,0.5346052,1
2,0,0.7770427,1
2,0,0.64674765,1
2,0,0.3389758,0
2,0,0.71699935,1
2,0,0.6326211,1
2,0,0.54728055,1
2,0,0.532432,1
2,0,0.21194796,0
2,0,0.15751353,0
2,0,0.48237127,0
2,0,0.46371907,0
2,0,0.37490472,0
2,0,0.34374443,0
2,0,0.46082938,0
2,0,0.38876492,0
2,0,0.68163157,1
2,0,0.8573096,1
2,0,0.799942,1
2,0,0.87792516,1
2,0,0.9503958,1
2,0,0.8611392,1
2,0,0.76227283,1
2,0,0.87611717,1
2,0,0.7326359,1
2,0,0.87890244,1
2,0,0.9310869,1
2,0,0.8580972,1
2,0,0.86061597,1
2,0,0.76191604,1
2,0,0.86301726,1
2,0,0.79349923,1
2,0,0.93695825,1
2,0,0.8596326,1
2,0,0.9421842,1
2,0,0.9412144,1
2,0,0.8859762,1
2,0,0.90479344,1
2,0,0.78961897,1
2,0,0.9313105,1
2,0,0.96667117,1
2,0,0.42973748,0
2,0,0.4914355,0
2,0,0.47913593,0
2,0,0.89349985,1
2,0,0.91161615,1
2,0,0.5001789,1
2,0,0.6404875,1
2,0,0.8455412,1
2,0,0.45066035,0
2,0,0.31438908,0
2,0,0.75322896,1
2,0,0.57845294,1
2,0,0.84823346,1
2,0,0.8632184,1
2,0,0.88997585,1
2,0,0.8762688,1
2,0,0.92515355,1
2,0,0.88380677,1
2,0,0.5246298,1
2,0,0.708888,1
2,0,0.59778064,1
2,0,0.9302263,1
2,0,0.9303235,1
2,0,0.5469906,1
2,0,0.74243987,1
2,0,0.68549603,1
2,0,0.25349954,0
2,0,0.7925151,1
2,0,0.32089916,0
2,0,0.47517276,0
2,0,0.81732464,1
2,0,0.949126,1
2,0,0.827323,1
2,0,0.87316954,1
2,0,0.7740677,1
2,0,0.91500837,1
2,0,0.8676044,1
2,0,0.7717104,1
2,0,0.8096613,1
2,0,0.7807238,1
2,0,0.9504809,1
2,0,0.8532866,1
2,0,0.88478464,1
2,0,0.9286021,1
2,0,0.9016394,1
2,0,0.9713478,1
2,0,0.93400955,1
2,0,0.8710853,1
2,0,0.74171156,1
2,0,0.9075548,1
2,0,0.8565224,1
2,0,0.43988055,0
2,0,0.8450387,1
2,0,0.8971847,1
2,0,0.89044565,1
2,0,0.8565034,1
2,0,0.9541757,1
2,0,0.8372757,1
2,0,0.848632,1
2,0,0.32202223,0
2,0,0.53552866,1
2,0,0.8579904,1
2,0,0.86991775,1
2,0,0.97750455,1
2,0,0.899462,1
2,0,0.8199542,1
2,0,0.84017354,1
2,0,0.4669679,0
2,0,0.76865387,1
2,0,0.7532407,1
2,0,0.73707473,1
2,0,0.9327292,1
2,0,0.91438156,1
2,0,0.87288743,1
2,0,0.78547174,1
2,0,0.86294115,1
2,0,0.83699465,1
2,0,0.90620565,1
2,0,0.9149195,1
2,0,0.8368127,1
2,0,0.8512827,1
2,0,0.6579211,1
2,0,0.90963405,1
2,0,0.86636466,1
2,0,0.67525417,1
2,0,0.8867008,1
2,0,0.6797721,1
2,0,0.78758305,1
2,0,0.81090564,1
2,0,0.65161806,1
2,0,0.4596516,0
2,0,0.7093157,1
2,0,0.900961,1
2,0,0.7922858,1
2,0,0.5955352,1
2,0,0.44835928,0
2,0,0.8144997,1
2,0,0.94702464,1
2,0,0.5074365,1
2,0,0.6316736,1
2,0,0.3037161,0
2,0,0.55653155,1
2,0,0.85561764,1
2,0,0.7432142,1
2,0,0.8075241,1
2,0,0.7651243,1
2,0,0.66399217,1
2,0,0.7030397,1
2,0,0.8898215,1
2,0,0.7371282,1
2,0,0.72517097,1
2,0,0.78669393,1
2,0,0.8975231,1
2,0,0.8676656,1
2,0,0.88083225,1
2,0,0.90149766,1
2,0,0.3766945,0
2,0,0.7580406,1
2,0,0.7183716,1
2,0,0.7313042,1
2,0,0.7835813,1
2,0,0.6950559,1
2,0,0.3850274,0
2,0,0.73812896,1
2,0,0.78069425,1
2,0,0.797923,1
2,0,0.854806,1
2,0,0.85900795,1
2,0,0.79880375,1
2,0,0.96011925,1
2,0,0.5670348,1
2,0,0.70778203,1
2,0,0.76556516,1
2,0,0.86962897,1
2,0,0.73548317,1
2,0,0.73865724,1
2,0,0.46186873,0
2,0,0.4858598,0
2,0,0.6108326,1
2,0,0.6001251,1
2,0,0.8528437,1
2,0,0.86994624,1
2,0,0.60612357,1
2,0,0.3604433,0
2,0,0.6472579,1
2,0,0.84863925,1
2,0,0.60777456,1
2,0,0.6596939,1
2,0,0.5757466,1
2,0,0.7011853,1
2,0,0.78604496,1
2,0,0.69765055,1
2,0,0.5318262,1
2,0,0.9194959,1
2,0,0.7625905,1
2,0,0.81478626,1
2,0,0.75594366,1
2,0,0.8252785,1
2,0,0.89173234,1
2,0,0.7332337,1
2,0,0.94937456,1
2,0,0.92118084,1
2,0,0.9575997,1
2,0,0.860752,1
2,0,0.81401,1
2,0,0.76795995,1
2,0,0.78415215,1
2,0,0.9481778,1
2,0,0.81385714,1
2,0,0.88732684,1
2,0,0.8659337,1
2,0,0.9206608,1
2,0,0.8750806,1
2,0,0.84711635,1
2,0,0.80245703,1
2,0,0.94270205,1
2,0,0.93688625,1
2,0,0.8980872,1
2,0,0.7496876,1
2,0,0.88249636,1
2,0,0.63372827,1
2,0,0.8515513,1
2,0,0.90970165,1
2,0,0.7129175,1
2,0,0.6387342,1
2,0,0.4968471,0
2,0,0.54210526,1
2,0,0.83268285,1
2,0,0.62193686,1
2,0,0.5907279,1
2,0,0.6742098,1
2,0,0.6048061,1
2,0,0.86491543,1
2,0,0.72025645,1
2,0,0.82671016,1
2,0,0.8269143,1
2,0,0.8233836,1
2,0,0.8526429,1
2,0,0.8207251,1
2,0,0.896544,1
2,0,0.8212425,1
2,0,0.76600814,1
2,0,0.7815551,1
2,0,0.76949716,1
2,0,0.6632116,1
2,0,0.6720817,1
2,0,0.8610624,1
2,0,0.625359,1
2,0,0.5232942,1
2,0,0.79929245,1
2,0,0.41321373,0
2,0,0.9732205,1
2,0,0.7878089,1
2,0,0.8655316,1
2,0,0.7148649,1
2,0,0.8495021,1
2,0,0.6916595,1
2,0,0.6720183,1
2,0,0.9316663,1
2,0,0.90324247,1
2,0,0.7728658,1
2,0,0.4724307,0
2,0,0.7996128,1
2,0,0.5513198,1
2,0,0.41058856,0
2,0,0.91530645,1
2,0,0.31829017,0
2,0,0.5655685,1
2,0,0.9323434,1
2,0,0.4355311,0
2,0,0.89350003,1
2,0,0.33043104,0
2,0,0.4464506,0
2,0,0.37439302,0
2,0,0.8677229,1
2,0,0.73483926,1
2,0,0.5536744,1
2,0,0.43644568,0
2,0,0.7857061,1
2,0,0.47409514,0
2,0,0.8519611,1
2,0,0.7141869,1
2,0,0.7145259,1
2,0,0.7880442,1
2,0,0.5409474,1
2,0,0.4527794,0
2,0,0.84411925,1
2,0,0.6196329,1
2,0,0.8950621,1
2,0,0.9004981,1
2,0,0.9670437,1
2,0,0.5443843,1
2,0,0.80791295,1
2,0,0.5868419,1
2,0,0.9534639,1
2,0,0.70490384,1
2,0,0.9454748,1
2,0,0.5535262,1
2,0,0.8298362,1
2,0,0.8353834,1
2,0,0.91457945,1
2,0,0.6313936,1
2,0,0.9356224,1
2,0,0.66882443,1
2,0,0.6450687,1
2,0,0.5223942,1
2,0,0.7215651,1
2,0,0.7570934,1
2,0,0.48542124,0
2,0,0.73147094,1
2,0,0.81376827,1
2,0,0.7155158,1
2,0,0.6633873,1
2,0,0.682613,1
2,0,0.56360275,1
2,0,0.92713374,1
2,0,0.9112691,1
2,0,0.73687047,1
2,0,0.75253373,1
2,0,0.72964233,1
2,0,0.72110474,1
2,0,0.82785153,1
2,0,0.88225067,1
2,0,0.8962217,1
2,0,0.6490938,1
2,0,0.3579694,0
2,0,0.6197636,1
2,0,0.48299834,0
2,0,0.64841455,1
2,0,0.3554044,0
2,0,0.5812567,1
2,0,0.8375521,1
2,0,0.9046002,1
2,0,0.70298487,1
2,0,0.40210834,0
2,0,0.7252701,1
2,0,0.9632405,1
2,1,0.9453364,1
2,1,0.3798773,0
2,1,0.35990614,0
2,1,0.8630086,1
2,1,0.8317377,1
2,1,0.3789388,0
2,1,0.28572214,0
2,1,0.7942119,1
2,1,0.7396991,1
2,0,0.29342017,0
2,0,0.35940877,0
2,0,0.91618276,1
2,0,0.8482747,1
2,0,0.56360054,1
2,0,0.72839504,1
2,0,0.7998342,1
2,0,0.5822356,1
2,0,0.74115133,1
2,0,0.6750899,1
2,0,0.8765378,1
2,0,0.40329167,0
2,0,0.6109325,1
2,0,0.7827897,1
2,0,0.84599805,1
2,0,0.449859,0
2,0,0.65561867,1
2,0,0.90991104,1
2,0,0.7207181,1
2,0,0.5295439,1
2,0,0.74807847,1
2,0,0.58405566,1
2,0,0.44695988,0
2,0,0.23128891,0
2,0,0.2917634,0
2,0,0.80157405,1
2,0,0.30732545,0
2,0,0.64530593,1
2,0,0.3892344,0
2,0,0.638589,1
2,0,0.23384617,0
2,0,0.69604313,1
2,0,0.88991505,1
2,0,0.99063385,1
2,0,0.8724167,1
2,0,0.8775627,1
2,0,0.93923694,1
2,0,0.732405,1
2,0,0.5578778,1
2,0,0.8592782,1
2,0,0.7383913,1
2,0,0.94872975,1
2,0,0.8094026,1
2,0,0.7918393,1
2,0,0.47510782,0
2,0,0.64491177,1
2,0,0.57879835,1
2,0,0.6966403,1
2,0,0.7333093,1
2,0,0.2645473,0
2,0,0.35072392,0
2,0,0.5078208,1
2,0,0.80486166,1
2,0,0.62452734,1
2,0,0.6526356,1
2,0,0.5551245,1
2,0,0.540566,1
2,0,0.75555825,1
2,0,0.8564186,1
2,0,0.72430485,1
2,0,0.5645322,1
2,0,0.5773897,1
2,0,0.702031,1
2,0,0.4753279,0
2,0,0.52160835,1
2,0,0.53439254,1
2,0,0.63548404,1
2,0,0.5763568,1
2,0,0.80083805,1
2,0,0.80348104,1
2,0,0.75589633,1
2,0,0.6312894,1
2,0,0.529999,1
2,0,0.8345048,1
2,0,0.7712506,1
2,0,0.7185768,1
2,0,0.4537904,0
2,0,0.72262686,1
2,0,0.7464868,1
2,0,0.68947816,1
2,0,0.5708472,1
2,0,0.6078643,1
2,0,0.53253174,1
2,0,0.73141927,1
2,0,0.8085242,1
2,0,0.45984,0
2,0,0.61571383,1
2,0,0.5559809,1
2,0,0.77594,1
2,0,0.6950941,1
2,0,0.33898798,0
2,0,0.80641925,1
2,0,0.60258955,1
2,0,0.6974904,1
2,0,0.77821785,1
2,0,0.6630423,1
2,0,0.5609684,1
2,0,0.40147,0
2,0,0.53813213,1
2,0,0.9153329,1
2,0,0.45156896,0
2,0,0.5611453,1
2,0,0.5940803,1
2,0,0.5587899,1
2,0,0.83206236,1
2,0,0.8866199,1
2,0,0.4776212,0
2,0,0.7138578,1
2,0,0.9271813,1
2,0,0.92333376,1
2,0,0.9233182,1
2,0,0.5634646,1
2,0,0.56055516,1
2,0,0.8034303,1
2,0,0.32303834,0
2,0,0.50739497,1
2,0,0.74774534,1
2,0,0.80998874,1
2,0,0.7009481,1
2,0,0.5289263,1
2,0,0.5964189,1
2,0,0.67865574,1
2,0,0.29356435,0
2,0,0.7594343,1
2,0,0.9391103,1
2,0,0.70509404,1
2,0,0.5389943,1
2,0,0.9063675,1
2,0,0.7578224,1
2,0,0.8451172,1
2,0,0.75758266,1
2,0,0.3122516,0
2,0,0.57033056,1
2,0,0.27067143,0
2,0,0.17814629,0
2,0,0.60554624,1
2,0,0.7285634,1
2,0,0.5815566,1
2,0,0.70882726,1
2,0,0.7200974,1
2,0,0.86903375,1
2,0,0.86593497,1
2,0,0.7485083,1
2,0,0.7716468,1
2,0,0.37852186,0
2,0,0.4437184,0
2,0,0.24696127,0
2,0,0.60259604,1
2,0,0.5600805,1
2,0,0.21512996,0
2,0,0.8783879,1
2,0,0.5621897,1
2,0,0.42242545,0
2,0,0.67645395,1
2,0,0.28246728,0
2,0,0.7168686,1
2,0,0.58172005,1
2,0,0.22218089,0
2,0,0.631819,1
2,0,0.41788718,0
2,0,0.6227241,1
2,0,0.18519174,0
2,0,0.80007136,1
2,0,0.7535192,1
2,0,0.81568897,1
2,0,0.87695867,1
2,0,0.33504346,0
2,0,0.94250625,1
2,0,0.78070694,1
2,0,0.3204597,0
2,0,0.8327367,1
2,0,0.5504727,1
2,0,0.5025393,1
2,0,0.623076,1
2,0,0.93126607,1
2,0,0.6826164,1
2,0,0.49944454,0
2,0,0.49357545,0
2,0,0.6240624,1
2,0,0.16381495,0
2,0,0.7459366,1
2,0,0.37373698,0
2,0,0.6034541,1
2,0,0.8417195,1
2,0,0.83644515,1
2,0,0.7607564,1
2,0,0.8398876,1
2,0,0.659339,1
2,0,0.9580256,1
2,0,0.7184474,1
2,0,0.71152455,1
2,0,0.8564128,1
2,0,0.8650076,1
2,0,0.780039,1
2,0,0.9092519,1
2,0,0.6520587,1
2,0,0.4139463,0
2,0,0.6281802,1
2,0,0.81433165,1
2,0,0.7713523,1
2,0,0.6560662,1
2,0,0.3155133,0
2,0,0.43833742,0
2,0,0.43388996,0
2,0,0.45935392,0
2,0,0.46574873,0
2,0,0.37585348,0
2,0,0.84364766,1
2,0,0.5731607,1
2,0,0.71589935,1
2,0,0.8047393,1
2,0,0.90711236,1
2,0,0.6763825,1
2,0,0.43772352,0
2,0,0.3045993,0
2,0,0.88478786,1
2,0,0.70419794,1
2,0,0.51085544,1
2,0,0.7747583,1
2,0,0.5434858,1
2,0,0.6364036,1
2,0,0.6876574,1
2,0,0.8950242,1
2,0,0.88863486,1
2,0,0.9664874,1
2,0,0.9036784,1
2,0,0.90214896,1
2,0,0.84731174,1
2,0,0.90329033,1
2,0,0.846373,1
2,1,0.4532796,0
2,1,0.38224387,0
2,1,0.20433702,0
2,1,0.07188918,0
2,1,0.45019114,0
2,1,0.15083833,0
2,1,0.0405623,0
2,1,0.3104231,0
2,1,0.3879473,0
2,1,0.6248993,1
2,1,0.28984302,0
2,1,0.35811976,0
2,1,0.6322576,1
2,1,0.4301328,0
2,1,0.8690999,1
2,1,0.6196388,1
2,1,0.3399561,0
2,1,0.5671758,1
2,1,0.4678234,0
2,1,0.37514815,0
2,1,0.20303431,0
2,1,0.40632266,0
2,1,0.5244143,1
2,1,0.9413401,1
2,1,0.9061107,1
2,1,0.8625073,1
2,1,0.92913127,1
2,1,0.75395083,1
2,1,0.9464493,1
2,1,0.6701639,1
2,1,0.96752864,1
2,1,0.85875803,1
2,1,0.91634804,1
2,1,0.38600844,0
2,1,0.41251552,0
2,1,0.80211955,1
2,1,0.92205656,1
2,1,0.9299085,1
2,1,0.79172754,1
2,1,0.9885134,1
2,1,0.97958976,1
2,1,0.9907528,1
2,1,0.96539736,1
2,1,0.9926766,1
2,1,0.94762826,1
2,1,0.89531815,1
2,1,0.9748198,1
2,1,0.8676963,1
2,1,0.9628118,1
2,1,0.9653367,1
2,1,0.97930247,1
2,1,0.9086523,1
2,1,0.97628367,1
2,1,0.9639515,1
2,1,0.93270576,1
2,1,0.90160996,1
2,1,0.9031852,1
2,1,0.80645716,1
2,1,0.7247961,1
2,1,0.8854319,1
2,1,0.94399536,1
2,1,0.91240543,1
2,1,0.9364802,1
2,1,0.891247,1
2,1,0.9520931,1
2,1,0.94577384,1
2,1,0.9342365,1
2,1,0.8984973,1
2,1,0.924232,1
2,1,0.87094265,1
2,1,0.805029,1
2,1,0.941683,1
2,1,0.9280381,1
2,1,0.91741824,1
2,1,0.83568585,1
2,1,0.76102984,1
2,1,0.9115967,1
2,1,0.8567259,1
2,1,0.93266386,1
2,1,0.8891753,1
2,1,0.8942189,1
2,1,0.8119836,1
2,1,0.7955865,1
2,1,0.8558997,1
2,1,0.9020417,1
2,1,0.82538694,1
2,1,0.6810254,1
2,1,0.753324,1
2,1,0.8951234,1
2,1,0.91440284,1
2,1,0.7536913,1
2,1,0.97004235,1
2,1,0.84723675,1
2,1,0.959864,1
2,1,0.7821517,1
2,1,0.95555556,1
2,1,0.90832525,1
2,1,0.8066642,1
2,1,0.9207131,1
2,1,0.79227644,1
2,1,0.782584,1
2,1,0.5600758,1
2,1,0.83973724,1
2,1,0.484319,0
2,1,0.9039947,1
2,1,0.76831913,1
2,1,0.9417974,1
2,1,0.61116105,1
2,1,0.46328834,0
2,1,0.297736,0
2,1,0.38301638,0
2,1,0.46906957,0
2,1,0.44528756,0
2,1,0.60782486,1
2,1,0.42117932,0
2,1,0.6485495,1
2,1,0.2914498,0
2,1,0.39466286,0
2,1,0.8922181,1
2,1,0.9179744,1
2,1,0.93782496,1
2,1,0.9809372,1
2,1,0.9831077,1
2,1,0.9849792,1
2,1,0.9688543,1
2,1,0.97604364,1
2,1,0.9886263,1
2,1,0.9878554,1
2,1,0.9639418,1
2,1,0.9880397,1
2,1,0.98031116,1
2,1,0.98455125,1
2,1,0.9722554,1
2,1,0.9880134,1
2,1,0.9958703,1
2,1,0.9922891,1
2,1,0.08538505,0
2,1,0.07406715,0
2,1,0.120257005,0
2,1,0.031611558,0
2,1,0.0163487,0
2,1,0.0074732243,0
2,1,0.03244909,0
2,1,0.030748472,0
2,1,0.07940436,0
2,1,0.099681735,0
2,1,0.10459416,0
2,1,0.8977168,1
2,1,0.9472845,1
2,1,0.92542577,1
2,1,0.98154485,1
2,1,0.94691575,1
2,1,0.65784276,1
2,1,0.9580884,1
2,1,0.87279713,1
2,1,0.9179973,1
2,1,0.95804876,1
2,1,0.9112394,1
2,1,0.9712856,1
2,1,0.8906102,1
2,1,0.8414987,1
2,1,0.71968585,1
2,1,0.5237812,1
2,1,0.81590533,1
2,1,0.8413906,1
2,1,0.6871065,1
2,1,0.70248723,1
2,1,0.79358065,1
2,1,0.5611934,1
2,1,0.5118711,1
2,1,0.6966346,1
2,1,0.76947933,1
2,1,0.3935362,0
2,1,0.7426313,1
2,1,0.71344155,1
2,1,0.7849946,1
2,1,0.6405367,1
2,1,0.75111866,1
2,1,0.7050507,1
2,1,0.89665145,1
2,1,0.86844265,1
2,1,0.58390814,1
2,1,0.8938905,1
2,1,0.8438992,1
2,1,0.7860206,1
2,1,0.8125264,1
2,1,0.9261891,1
2,1,0.77845895,1
2,1,0.747647,1
2,1,0.90832084,1
2,1,0.9497229,1
2,1,0.9654044,1
2,1,0.954177,1
2,1,0.94086474,1
2,1,0.94365036,1
2,1,0.96968496,1
2,1,0.9793966,1
2,1,0.9630485,1
2,1,0.98199546,1
2,1,0.9634728,1
2,1,0.9865514,1
2,1,0.98355216,1
2,1,0.9656556,1
2,1,0.92221755,1
2,1,0.86957586,1
2,1,0.9714534,1
2,1,0.94985163,1
2,1,0.8202379,1
2,1,0.8897205,1
2,1,0.76816404,1
2,1,0.93639517,1
2,1,0.96155536,1
2,1,0.98093,1
2,1,0.99136883,1
2,1,0.99002784,1
2,1,0.9791085,1
2,1,0.992879,1
2,1,0.9881726,1
2,1,0.96091604,1
2,1,0.9383056,1
2,1,0.9654496,1
2,1,0.97977567,1
2,1,0.967218,1
2,1,0.98282087,1
2,1,0.9836459,1
2,1,0.9522346,1
2,1,0.97550166,1
2,1,0.97319895,1
2,1,0.9299681,1
2,1,0.97990775,1
2,1,0.99183685,1
2,1,0.97248995,1
2,1,0.9852503,1
2,0,0.62772775,1
2,0,0.5341313,1
2,0,0.81023824,1
2,0,0.85067624,1
2,0,0.9842695,1
2,0,0.82958704,1
2,0,0.81818223,1
2,0,0.81038576,1
2,0,0.8194487,1
2,0,0.7262482,1
2,0,0.8706582,1
2,0,0.8714974,1
2,0,0.9037219,1
2,0,0.56999236,1
2,0,0.41379207,0
2,0,0.42767087,0
2,1,0.9230308,1
2,1,0.96265495,1
2,1,0.9372363,1
2,1,0.9138339,1
2,1,0.93649864,1
2,1,0.96784896,1
2,1,0.9778666,1
2,1,0.95215607,1
2,1,0.981659,1
2,1,0.99278235,1
2,1,0.9837548,1
2,1,0.98724025,1
2,1,0.9944412,1
2,1,0.98734206,1
2,1,0.97283983,1
2,1,0.97375995,1
2,1,0.05153631,0
2,1,0.3033354,0
2,1,0.06537957,0
2,1,0.12168293,0
2,1,0.18027306,0
2,1,0.032492485,0
2,1,0.422704,0
2,1,0.28260252,0
2,1,0.34047064,0
2,1,0.040362485,0
2,1,0.0435362,0
2,1,0.11404656,0
2,1,0.30137876,0
2,1,0.16039553,0
2,1,0.3995428,0
2,1,0.50056255,1
2,1,0.6801555,1
2,1,0.3403068,0
2,1,0.05424321,0
2,1,0.09611315,0
2,1,0.23987328,0
2,1,0.31579354,0
2,1,0.104064114,0
2,1,0.12658103,0
2,1,0.15483484,0
2,1,0.33342192,0
2,1,0.5028835,1
2,1,0.3514074,0
2,1,0.1430302,0
2,1,0.19949278,0
2,1,0.30665576,0
2,1,0.8347606,1
2,1,0.93631,1
2,1,0.9422839,1
2,1,0.8098419,1
2,1,0.92662674,1
2,1,0.8631072,1
2,1,0.76397365,1
2,1,0.86314595,1
2,1,0.8850834,1
2,1,0.9131266,1
2,1,0.8777378,1
2,1,0.94188696,1
2,1,0.8793633,1
2,1,0.8566361,1
2,1,0.679812,1
2,1,0.55238813,1
2,1,0.7816498,1
2,1,0.6328058,1
2,1,0.89039904,1
2,1,0.764072,1
2,1,0.8900494,1
2,1,0.80961907,1
2,1,0.8759971,1
2,1,0.68787134,1
2,1,0.87149733,1
2,1,0.7623554,1
2,1,0.69539535,1
2,1,0.736283,1
2,1,0.8166673,1
2,1,0.24960025,0
2,1,0.6299251,1
2,1,0.47322202,0
2,1,0.11957038,0
2,1,0.22216305,0
2,1,0.36148196,0
2,1,0.0784461,0
2,1,0.06940986,0
2,1,0.37504917,0
2,1,0.51032364,1
2,1,0.04641445,0
2,1,0.2467723,0
2,1,0.34111235,0
2,1,0.17442416,0
2,1,0.07717083,0
2,1,0.10184446,0
2,1,0.08030561,0
2,1,0.048205577,0
2,1,0.07719495,0
2,1,0.04551276,0
2,1,0.04166208,0
2,1,0.038939133,0
2,1,0.28609735,0
2,1,0.37994897,0
2,1,0.15984103,0
2,1,0.17172655,0
2,1,0.6340348,1
2,1,0.41187254,0
2,1,0.33677712,0
2,1,0.6548912,1
2,1,0.89221805,1
2,1,0.9179741,1
2,1,0.9378248,1
2,1,0.9809372,1
2,1,0.98310757,1
2,1,0.9849792,1
2,1,0.9688543,1
2,1,0.97604376,1
2,1,0.9886262,1
2,1,0.9878554,1
2,1,0.9639418,1
2,1,0.9880398,1
2,1,0.98031116,1
2,1,0.98455125,1
2,1,0.9722554,1
2,1,0.9880135,1
2,1,0.9958703,1
2,1,0.9922891,1
2,1,0.3825794,0
2,1,0.7753362,1
2,1,0.34694135,0
2,1,0.46507764,0
2,1,0.8002326,1
2,1,0.3584596,0
2,1,0.81717145,1
2,1,0.2620689,0
2,1,0.81115615,1
2,1,0.5782264,1
2,1,0.96606076,1
2,1,0.9545704,1
2,1,0.94403905,1
2,1,0.94500977,1
2,1,0.9788906,1
2,1,0.9238968,1
2,1,0.93163526,1
2,1,0.7786007,1
2,1,0.69475716,1
2,1,0.9133637,1
2,1,0.89850473,1
2,1,0.58309585,1
2,1,0.8439753,1
2,1,0.8951238,1
2,1,0.44127283,0
2,1,0.7476057,1
2,1,0.8673143,1
2,1,0.72531873,1
2,1,0.4181,0
2,1,0.8244012,1
2,1,0.7136898,1
2,1,0.8903669,1
2,1,0.81881785,1
2,1,0.81641173,1
3,1,0.023345204,0
3,1,0.0049277176,0
3,1,0.006600597,0
3,1,0.0038944823,0
3,1,0.018273456,0
3,1,0.010794787,0
3,1,0.006903547,0
3,1,0.0054163397,0
3,1,0.036565024,0
3,1,0.007227185,0
3,1,0.005237575,0
3,1,0.007910711,0
3,1,0.0029923324,0
3,1,0.0029502192,0
3,1,0.003921786,0
3,1,0.02055489,0
3,0,0.5928986,1
3,0,0.8214875,1
3,0,0.90151113,1
3,0,0.9084176,1
3,0,0.7033525,1
3,0,0.8076924,1
3,0,0.7830967,1
3,0,0.7681561,1
3,0,0.814676,1
3,0,0.91679865,1
3,0,0.806228,1
3,0,0.6175457,1
3,0,0.7660738,1
3,0,0.8276731,1
3,0,0.848928,1
3,0,0.6721757,1
3,0,0.75119007,1
3,0,0.7971767,1
3,0,0.9031671,1
3,0,0.82180095,1
3,0,0.8296119,1
3,0,0.7770811,1
3,0,0.37734398,0
3,0,0.78889525,1
3,0,0.86123294,1
3,0,0.6625931,1
3,0,0.86173123,1
3,0,0.8867676,1
3,0,0.8240354,1
3,0,0.92111945,1
3,0,0.82289743,1
3,0,0.8923333,1
3,0,0.5998136,1
3,0,0.83170366,1
3,0,0.6256948,1
3,0,0.64355046,1
3,0,0.5621817,1
3,0,0.7221087,1
3,0,0.4479907,0
3,0,0.7806658,1
3,0,0.87129056,1
3,0,0.8881478,1
3,0,0.9025491,1
3,0,0.855131,1
3,0,0.7325072,1
3,0,0.63837916,1
3,0,0.54743296,1
3,0,0.6037294,1
3,0,0.50460607,1
3,0,0.66285264,1
3,0,0.9217592,1
3,0,0.9534443,1
3,0,0.93647355,1
3,0,0.95225775,1
3,0,0.962125,1
3,0,0.95052624,1
3,0,0.93129075,1
3,0,0.82009906,1
3,0,0.8296228,1
3,0,0.9570563,1
3,0,0.9686601,1
3,0,0.9057069,1
3,0,0.90650815,1
3,0,0.9179475,1
3,0,0.9477613,1
3,0,0.9063924,1
3,0,0.85496503,1
3,0,0.9631385,1
3,0,0.8615443,1
3,0,0.9534781,1
3,0,0.9242431,1
3,0,0.9520612,1
3,0,0.80447286,1
3,0,0.823875,1
3,0,0.95174843,1
3,0,0.7656395,1
3,0,0.9282999,1
3,0,0.8861157,1
3,0,0.8289282,1
3,0,0.5662302,1
3,0,0.44902745,0
3,0,0.5602484,1
3,0,0.37120497,0
3,0,0.68206656,1
3,0,0.70358163,1
3,1,0.1881985,0
3,1,0.34130117,0
3,1,0.20298307,0
3,1,0.06349779,0
3,1,0.20412548,0
3,1,0.09855437,0
3,1,0.20781061,0
3,1,0.17220134,0
3,1,0.37508672,0
3,1,0.2565465,0
3,1,0.37014627,0
3,1,0.21737532,0
3,1,0.2784163,0
3,1,0.15911728,0
3,1,0.44583344,0
3,1,0.5076913,1
3,1,0.1245964,0
3,1,0.085359946,0
3,1,0.14295228,0
3,1,0.26146287,0
3,1,0.18048304,0
3,1,0.33328384,0
3,1,0.758368,1
3,1,0.59812194,1
3,1,0.5417529,1
3,1,0.38881576,0
3,1,0.38387114,0
3,1,0.3141195,0
3,1,0.09313055,0
3,1,0.8836058,1
3,1,0.837271,1
3,1,0.96458375,1
3,1,0.9140324,1
3,1,0.90919995,1
3,1,0.9268786,1
3,1,0.9570122,1
3,1,0.9427586,1
3,1,0.93573356,1
3,1,0.97051907,1
3,1,0.9687834,1
3,1,0.9155636,1
3,1,0.95784837,1
3,1,0.93748033,1
3,1,0.95018023,1
3,1,0.925011,1
3,1,0.91923755,1
3,1,0.9709929,1
3,1,0.97326773,1
3,1,0.9601716,1
3,1,0.96574944,1
3,1,0.98441863,1
3,1,0.9751815,1
3,1,0.9576579,1
3,1,0.98739874,1
3,1,0.9383198,1
3,1,0.24976327,0
3,1,0.39051884,0
3,1,0.16150329,0
3,1,0.18041764,0
3,1,0.71873236,1
3,1,0.7418042,1
3,1,0.26577973,0
3,1,0.33303857,0
3,1,0.44229716,0
3,1,0.17658572,0
3,1,0.33918336,0
3,1,0.078474954,0
3,1,0.44369954,0
3,1,0.543272,1
3,1,0.34979877,0
3,1,0.5653544,1
3,1,0.9093553,1
3,1,0.75686157,1
3,1,0.5447533,1
3,1,0.85302866,1
3,1,0.83889186,1
3,1,0.6092391,1
3,1,0.64270675,1
3,1,0.8271425,1
3,1,0.90672165,1
3,1,0.82518864,1
3,1,0.81147593,1
3,1,0.80903727,1
3,1,0.86800545,1
3,1,0.9036731,1
3,1,0.8301335,1
3,1,0.73570836,1
3,1,0.7774286,1
3,1,0.5713019,1
3,1,0.46304512,0
3,1,0.5238132,1
3,1,0.4244021,0
3,1,0.17840013,0
3,1,0.299383,0
3,1,0.6269551,1
3,1,0.62404346,1
3,1,0.52150047,1
3,1,0.6343487,1
3,1,0.8876704,1
3,1,0.6962006,1
3,1,0.8114497,1
3,1,0.8356193,1
3,1,0.91427463,1
3,1,0.77188367,1
3,1,0.82027215,1
3,1,0.63591874,1
3,1,0.79323626,1
3,1,0.92474586,1
3,1,0.8613645,1
3,1,0.67037034,1
3,1,0.6560937,1
3,1,0.75558585,1
3,1,0.80238694,1
3,1,0.53001314,1
3,1,0.5850639,1
3,1,0.7252754,1
3,1,0.60294837,1
3,1,0.73423254,1
3,1,0.84851426,1
3,1,0.6258895,1
3,1,0.7019113,1
3,1,0.86073005,1
3,1,0.7179793,1
3,1,0.7266908,1
3,1,0.77266425,1
3,1,0.8218633,1
3,1,0.87770236,1
3,1,0.8173364,1
3,1,0.87955886,1
3,1,0.8890851,1
3,1,0.8988198,1
3,1,0.9209281,1
3,1,0.93083924,1
3,1,0.9282137,1
3,1,0.88545847,1
3,1,0.8349484,1
3,0,0.80300355,1
3,0,0.6222834,1
3,0,0.8172587,1
3,0,0.9195905,1
3,0,0.82232124,1
3,0,0.78640026,1
3,0,0.76660067,1
3,0,0.75557566,1
3,0,0.8791608,1
3,0,0.8484694,1
3,0,0.89243406,1
3,0,0.89759135,1
3,0,0.84909254,1
3,0,0.8074911,1
3,0,0.74885494,1
3,0,0.72928405,1
3,0,0.80293524,1
3,0,0.8585252,1
3,0,0.78204745,1
3,0,0.7339755,1
3,0,0.6067517,1
3,0,0.5219972,1
3,0,0.7272806,1
3,0,0.6221651,1
3,0,0.6603139,1
3,0,0.58634174,1
3,0,0.3056267,0
3,0,0.26057363,0
3,0,0.49969283,0
3,0,0.54609966,1
3,0,0.72320163,1
3,0,0.91092783,1
3,0,0.66003925,1
3,0,0.74074584,1
3,0,0.65951467,1
3,0,0.6991455,1
3,0,0.73632944,1
3,0,0.87693447,1
3,0,0.74241376,1
3,0,0.48006138,0
3,0,0.6559072,1
3,0,0.7824467,1
3,0,0.9034436,1
3,0,0.69556475,1
3,0,0.6249612,1
3,0,0.790595,1
3,0,0.7404554,1
3,0,0.2406603,0
3,0,0.08329354,0
3,0,0.33348766,0
3,0,0.2917898,0
3,0,0.3953314,0
3,0,0.29293704,0
3,0,0.73983234,1
3,0,0.63830584,1
3,0,0.47064024,0
3,0,0.6623677,1
3,0,0.6728236,1
3,0,0.8282379,1
3,0,0.673777,1
3,0,0.6813248,1
3,0,0.6481622,1
3,0,0.5437241,1
3,0,0.5883835,1
3,0,0.7967674,1
3,0,0.70909953,1
3,0,0.8145703,1
3,0,0.70328027,1
3,0,0.7844706,1
3,0,0.73505825,1
3,0,0.84339947,1
3,0,0.36513653,0
3,0,0.74849916,1
3,0,0.6641294,1
3,0,0.5956603,1
3,0,0.41244203,0
3,0,0.65269077,1
3,1,0.84449214,1
3,1,0.70508677,1
3,1,0.7985018,1
3,1,0.63956296,1
3,1,0.9298843,1
3,1,0.7582543,1
3,1,0.4783602,0
3,1,0.64354986,1
3,1,0.48754242,0
3,1,0.210178,0
3,1,0.3751056,0
3,1,0.28504744,0
3,1,0.07128577,0
3,1,0.39580205,0
3,1,0.2635968,0
3,1,0.4981081,0
3,1,0.3857094,0
3,1,0.5486757,1
3,1,0.6500857,1
3,1,0.64537615,1
3,1,0.703938,1
3,1,0.4545225,0
3,1,0.5971904,1
3,1,0.57188654,1
3,1,0.8802162,1
3,1,0.62515265,1
3,1,0.16563469,0
3,1,0.67932904,1
3,1,0.8251734,1
3,1,0.78853655,1
3,1,0.5243407,1
3,0,0.31560066,0
3,0,0.25015628,0
3,0,0.37485516,0
3,0,0.0667843,0
3,0,0.26246575,0
3,0,0.23393391,0
3,0,0.23709138,0
3,0,0.71495456,1
3,0,0.13583796,0
3,0,0.43261182,0
3,0,0.3853882,0
3,0,0.062644936,0
3,0,0.619109,1
3,0,0.5979148,1
3,0,0.83842534,1
3,0,0.18735494,0
3,0,0.3366125,0
3,0,0.26317924,0
3,0,0.60561717,1
3,0,0.73686975,1
3,0,0.6812734,1
3,0,0.81951827,1
3,0,0.9527481,1
3,0,0.92578495,1
3,0,0.43471503,0
3,0,0.19330111,0
3,0,0.23109518,0
3,0,0.21379715,0
3,0,0.25518864,0
3,0,0.4294711,0
3,0,0.17185113,0
3,0,0.22150949,0
3,0,0.22174484,0
3,0,0.19496986,0
3,0,0.7091251,1
3,0,0.8610911,1
3,0,0.31451815,0
3,0,0.14488558,0
3,0,0.329759,0
3,0,0.3757778,0
3,0,0.19732542,0
3,0,0.31563333,0
3,0,0.84083426,1
3,0,0.2248368,0
3,0,0.34505242,0
3,0,0.24975345,0
3,0,0.29245523,0
3,0,0.20176251,0
3,0,0.23567207,0
3,1,0.96296126,1
3,1,0.9485503,1
3,1,0.9099287,1
3,1,0.96275353,1
3,1,0.84893024,1
3,1,0.85269606,1
3,1,0.70287156,1
3,1,0.78837675,1
3,1,0.85712785,1
3,1,0.7646043,1
3,1,0.6931734,1
3,1,0.7746738,1
3,1,0.87749636,1
3,1,0.94746065,1
3,1,0.88281864,1
3,1,0.81865907,1
3,1,0.6464345,1
3,1,0.8323348,1
3,1,0.9290854,1
3,1,0.8365182,1
3,1,0.80692047,1
3,1,0.78765875,1
3,1,0.77078223,1
3,1,0.15578888,0
3,1,0.05505967,0
3,1,0.26673347,0
3,1,0.200352,0
3,1,0.07880444,0
3,1,0.077400416,0
3,1,0.022733897,0
3,1,0.03158283,0
3,1,0.8129305,1
3,1,0.921245,1
3,1,0.921392,1
3,1,0.9447632,1
3,1,0.9664255,1
3,1,0.9889626,1
3,1,0.98858494,1
3,1,0.9780954,1
3,1,0.9178017,1
3,1,0.9684542,1
3,1,0.9630444,1
3,1,0.9786168,1
3,1,0.9850863,1
3,1,0.98475754,1
3,1,0.9894945,1
3,1,0.9757106,1
3,1,0.96462446,1
3,1,0.98979735,1
3,1,0.9236492,1
3,1,0.9572002,1
3,1,0.9128181,1
3,1,0.9386874,1
3,1,0.90550184,1
3,1,0.9624739,1
3,1,0.9702773,1
3,1,0.8628659,1
3,1,0.29119045,0
3,1,0.70565724,1
3,1,0.7838023,1
3,1,0.90195477,1
3,1,0.68323755,1
3,1,0.5393816,1
3,1,0.6118184,1
3,1,0.936339,1
3,1,0.70614505,1
3,1,0.61020446,1
3,1,0.6339197,1
3,1,0.34829518,0
3,1,0.2962536,0
3,1,0.41967744,0
3,1,0.59222585,1
3,1,0.637924,1
3,1,0.5258735,1
3,1,0.77683,1
3,1,0.3459521,0
3,1,0.6952886,1
3,1,0.68130815,1
3,1,0.9229523,1
3,1,0.8891021,1
3,1,0.5795022,1
3,1,0.6585618,1
3,1,0.74158317,1
3,0,0.6510263,1
3,0,0.73725796,1
3,0,0.77099544,1
3,0,0.66331416,1
3,0,0.7150413,1
3,0,0.8553294,1
3,0,0.90108156,1
3,0,0.8833178,1
3,0,0.5920484,1
3,0,0.56162435,1
3,1,0.30468896,0
3,1,0.73327893,1
3,1,0.5971899,1
3,1,0.39072785,0
3,1,0.8619966,1
3,1,0.7868884,1
3,1,0.5237744,1
3,1,0.53864974,1
3,1,0.47714517,0
3,1,0.80277187,1
3,1,0.6048804,1
3,1,0.45332816,0
3,1,0.65486115,1
3,1,0.4891863,0
3,1,0.7256379,1
3,0,0.35008693,0
3,0,0.25202367,0
3,0,0.6444051,1
3,0,0.055803943,0
3,0,0.2474535,0
3,0,0.18753797,0
3,0,0.11947673,0
3,0,0.22992937,0
3,0,0.47773847,0
3,0,0.25556532,0
3,0,0.34911656,0
3,0,0.5332852,1
3,0,0.01399032,0
3,0,0.011283493,0
3,0,0.0089770425,0
3,0,0.0059665446,0
3,0,0.009257039,0
3,0,0.010053355,0
3,0,0.0073175156,0
3,0,0.010382056,0
3,0,0.014619817,0
3,0,0.037932478,0
3,0,0.039952528,0
3,0,0.05955351,0
3,0,0.02309541,0
3,0,0.09427995,0
3,0,0.025983905,0
3,0,0.095117666,0
3,0,0.08130868,0
3,0,0.16137402,0
3,0,0.08808663,0
3,0,0.12452708,0
3,0,0.14526686,0
3,0,0.08801991,0
3,0,0.09130449,0
3,0,0.034598507,0
3,0,0.06589166,0
3,0,0.098867215,0
3,0,0.072990224,0
3,0,0.03416082,0
3,0,0.049970374,0
3,0,0.026269628,0
3,0,0.17448953,0
3,0,0.036544997,0
3,1,0.15752535,0
3,1,0.11860512,0
3,1,0.06854502,0
3,1,0.16819362,0
3,1,0.06909757,0
3,1,0.18551415,0
3,1,0.640434,1
3,1,0.6303842,1
3,1,0.32807004,0
3,1,0.4906017,0
3,1,0.6657769,1
3,1,0.53699195,1
3,1,0.38725966,0
3,1,0.43959236,0
3,1,0.5470505,1
3,1,0.260798,0
3,1,0.7022706,1
3,1,0.9278595,1
3,1,0.77655596,1
3,1,0.75069284,1
3,1,0.736078,1
3,1,0.6087585,1
3,1,0.34944373,0
3,1,0.54889673,1
3,1,0.71803623,1
3,1,0.2813993,0
3,1,0.52131987,1
3,1,0.88701797,1
3,1,0.6779935,1
3,1,0.8853146,1
3,1,0.9158296,1
3,1,0.013083802,0
3,1,0.01605208,0
3,1,0.041254893,0
3,1,0.0074331453,0
3,1,0.012339859,0
3,1,0.010958935,0
3,1,0.010284349,0
3,1,0.9494228,1
3,1,0.5059423,1
3,1,0.7956842,1
3,1,0.9808476,1
3,1,0.85403615,1
3,1,0.9424412,1
3,1,0.97462183,1
3,1,0.9565409,1
3,1,0.9091391,1
3,1,0.8331284,1
3,1,0.77592695,1
3,1,0.7453627,1
3,1,0.31385562,0
3,1,0.88478637,1
3,1,0.14794928,0
3,1,0.6812309,1
3,1,0.551558,1
3,1,0.37335092,0
3,1,0.53233033,1
3,1,0.08449176,0
3,1,0.34631687,0
3,1,0.35522386,0
3,1,0.889333,1
3,1,0.6676008,1
3,1,0.6084373,1
3,1,0.5140559,1
3,1,0.74400294,1
3,1,0.77707595,1
3,0,0.8825876,1
3,0,0.83182883,1
3,0,0.8387813,1
3,0,0.4599502,0
3,0,0.88110477,1
3,0,0.36644313,0
3,0,0.931398,1
3,0,0.6946075,1
3,0,0.86026675,1
3,0,0.73205936,1
3,0,0.7394271,1
3,0,0.58321446,1
3,0,0.9317584,1
3,0,0.98605806,1
3,0,0.93000203,1
3,0,0.9411531,1
3,0,0.8905035,1
3,0,0.9245805,1
3,0,0.9476352,1
3,0,0.8031674,1
3,0,0.8668313,1
3,0,0.7732187,1
3,0,0.8405385,1
3,0,0.737231,1
3,0,0.9557558,1
3,0,0.97378653,1
3,0,0.5681885,1
3,1,0.5586962,1
3,1,0.8006022,1
3,1,0.5572971,1
3,1,0.6857204,1
3,1,0.798384,1
3,1,0.38512897,0
3,1,0.95744133,1
3,1,0.7294508,1
3,1,0.49140117,0
3,1,0.4778362,0
3,1,0.7750222,1
3,1,0.81122875,1
3,1,0.8971728,1
3,1,0.7378314,1
3,1,0.91448843,1
3,1,0.7730316,1
3,1,0.84123874,1
3,1,0.79392517,1
3,1,0.9744806,1
3,1,0.98477745,1
3,1,0.95975226,1
3,1,0.9359554,1
3,1,0.9492139,1
3,1,0.8744603,1
3,1,0.9168507,1
3,1,0.97651595,1
3,1,0.9207124,1
3,1,0.9749248,1
3,1,0.7684235,1
3,1,0.89590335,1
3,1,0.8809279,1
3,1,0.9817934,1
3,1,0.7405415,1
3,1,0.7288138,1
3,1,0.5039256,1
3,1,0.76926255,1
3,1,0.62440336,1
3,1,0.7398208,1
3,1,0.9095982,1
3,1,0.925856,1
3,1,0.97487724,1
3,1,0.9141633,1
3,1,0.95633817,1
3,1,0.85092425,1
3,1,0.89725554,1
3,1,0.7791608,1
3,1,0.7957905,1
3,1,0.75500655,1
3,1,0.8510086,1
3,1,0.7507611,1
3,1,0.89151096,1
3,1,0.82742196,1
3,1,0.7911648,1
3,1,0.5084021,1
3,1,0.22521834,0
3,1,0.2152038,0
3,1,0.4033188,0
3,1,0.42563707,0
3,1,0.18752345,0
3,1,0.3199531,0
3,1,0.116836384,0
3,1,0.14992006,0
3,1,0.096099734,0
3,1,0.29138747,0
3,1,0.22812162,0
3,1,0.3516443,0
3,1,0.4345606,0
3,1,0.6114093,1
3,1,0.42949483,0
3,1,0.27530187,0
3,1,0.7728537,1
3,1,0.33789134,0
3,1,0.6167103,1
3,1,0.8554228,1
3,1,0.582864,1
3,1,0.37077284,0
3,1,0.74705774,1
3,1,0.53462386,1
3,1,0.6976234,1
3,1,0.44956073,0
3,1,0.5515083,1
3,1,0.5143856,1
3,1,0.6788433,1
3,1,0.5353009,1
3,1,0.51149374,1
3,1,0.5736545,1
3,1,0.72240704,1
3,1,0.62995994,1
3,1,0.42963728,0
3,1,0.77528983,1
3,1,0.8070876,1
3,1,0.9036609,1
3,1,0.5827703,1
3,1,0.56543714,1
3,1,0.51485765,1
3,1,0.74965554,1
3,1,0.42164946,0
3,1,0.5551256,1
3,1,0.68602383,1
3,1,0.782201,1
3,1,0.77321196,1
3,1,0.5705127,1
3,1,0.9042545,1
3,1,0.6830406,1
3,1,0.8677873,1
3,1,0.69073206,1
3,1,0.7862994,1
3,1,0.49945408,0
3,1,0.73458326,1
3,1,0.7396728,1
3,1,0.8474164,1
3,1,0.5386147,1
3,1,0.7519774,1
3,1,0.6179164,1
3,1,0.6382546,1
3,1,0.5978713,1
3,1,0.67097837,1
3,1,0.46393046,0
3,1,0.60018027,1
3,1,0.97847086,1
3,1,0.9667885,1
3,1,0.9365545,1
3,1,0.84509104,1
3,1,0.9277724,1
3,1,0.9513175,1
3,1,0.9038819,1
3,1,0.97931576,1
3,1,0.94742984,1
3,1,0.96596855,1
3,1,0.95644283,1
3,1,0.96133286,1
3,1,0.90206933,1
3,1,0.896291,1
3,1,0.96211624,1
3,1,0.9903501,1
3,1,0.9849007,1
3,1,0.96365124,1
3,1,0.97540057,1
3,1,0.9457893,1
3,1,0.9729409,1
3,1,0.97940755,1
3,1,0.977303,1
3,1,0.94704103,1
3,1,0.95506346,1
3,1,0.9192644,1
3,1,0.8457689,1
3,1,0.979656,1
3,1,0.95754683,1
3,1,0.94819593,1
3,1,0.9672962,1
3,1,0.99620515,1
3,1,0.98628104,1
3,1,0.976435,1
3,1,0.97277665,1
3,1,0.9748005,1
3,1,0.9887369,1
3,1,0.99409676,1
3,1,0.9905951,1
3,1,0.62335366,1
3,1,0.55654705,1
3,1,0.5842759,1
3,1,0.47730762,0
3,1,0.7867218,1
3,1,0.6077074,1
3,1,0.52257854,1
3,1,0.68693334,1
3,1,0.6048994,1
3,1,0.62502706,1
3,1,0.6226525,1
3,1,0.5459624,1
3,1,0.7499558,1
3,0,0.11272876,0
3,0,0.27057287,0
3,0,0.24657655,0
3,0,0.27348572,0
3,0,0.6511449,1
3,0,0.4952046,0
3,0,0.4733965,0
3,0,0.940407,1
3,0,0.41957548,0
3,0,0.5000093,1
3,0,0.841577,1
3,0,0.70897895,1
3,0,0.6687819,1
3,1,0.81044966,1
3,1,0.9247426,1
3,1,0.92564094,1
3,1,0.943636,1
3,1,0.9662466,1
3,1,0.9892201,1
3,1,0.9890164,1
3,1,0.97837377,1
3,1,0.9211697,1
3,1,0.9690957,1
3,1,0.962374,1
3,1,0.97765565,1
3,1,0.98530096,1
3,1,0.9848659,1
3,1,0.98938864,1
3,1,0.97838265,1
3,1,0.9640047,1
3,1,0.9904033,1
3,1,0.9258669,1
3,1,0.9595158,1
3,1,0.919482,1
3,1,0.9370888,1
3,1,0.90505916,1
3,1,0.9641942,1
3,1,0.9704964,1
3,1,0.56382614,1
3,1,0.5729207,1
3,1,0.93215424,1
3,1,0.386316,0
3,1,0.81617093,1
3,1,0.7634965,1
3,1,0.8835084,1
3,1,0.54640186,1
3,1,0.9552411,1
3,1,0.8174097,1
3,1,0.48812306,0
3,1,0.6659062,1
3,0,0.35420606,0
3,0,0.85062754,1
3,0,0.87929326,1
3,0,0.7366776,1
3,0,0.80274737,1
3,0,0.68260115,1
3,0,0.69095206,1
3,0,0.79399544,1
3,0,0.92438895,1
3,0,0.8889521,1
3,0,0.9421909,1
3,0,0.8301582,1
3,0,0.7879096,1
3,0,0.91566104,1
3,0,0.77142364,1
3,0,0.8350401,1
3,0,0.7742915,1
3,0,0.89513993,1
3,0,0.6673658,1
3,0,0.71915066,1
3,0,0.6553816,1
3,0,0.90804917,1
3,0,0.7453473,1
3,0,0.4407906,0
3,0,0.84645027,1
3,0,0.89927083,1
3,0,0.5440573,1
3,0,0.89696974,1
3,0,0.8953232,1
3,1,0.67251974,1
3,1,0.52501106,1
3,1,0.72883546,1
3,1,0.92173725,1
3,1,0.838615,1
3,1,0.9264302,1
3,1,0.8957752,1
3,1,0.7625733,1
3,1,0.7819012,1
3,1,0.90817094,1
3,1,0.8897259,1
3,1,0.7077019,1
3,1,0.905293,1
3,1,0.80100346,1
3,1,0.9265273,1
3,1,0.9258942,1
3,1,0.8546901,1
3,1,0.87857336,1
3,1,0.89078116,1
3,1,0.91203016,1
3,0,0.8418798,1
3,0,0.8994171,1
3,0,0.8171008,1
3,0,0.84975755,1
3,0,0.6651874,1
3,0,0.73351115,1
3,0,0.26657075,0
3,0,0.2560655,0
3,0,0.31318927,0
3,0,0.314539,0
3,0,0.3268633,0
3,0,0.3872533,0
3,0,0.4084172,0
3,0,0.19478135,0
3,0,0.26457033,0
3,0,0.70426655,1
3,0,0.5508698,1
3,0,0.29563367,0
3,0,0.41630736,0
3,0,0.39387974,0
3,0,0.4296732,0
3,0,0.53069824,1
3,0,0.3593132,0
3,0,0.24749827,0
3,0,0.586096,1
3,0,0.3165233,0
3,0,0.36711097,0
3,0,0.32447898,0
3,0,0.50461817,1
3,0,0.61049473,1
3,0,0.27458948,0
3,0,0.32230756,0
3,0,0.38170117,0
3,0,0.38529184,0
3,0,0.31360716,0
3,0,0.7969315,1
3,0,0.42255375,0
3,0,0.60626966,1
3,0,0.42156988,0
3,0,0.513609,1
3,0,0.7410256,1
3,0,0.77367014,1
3,0,0.7982189,1
3,0,0.6922687,1
3,0,0.629066,1
3,0,0.37996793,0
3,0,0.31323066,0
3,0,0.26253378,0
3,0,0.37410167,0
3,0,0.29118666,0
3,0,0.5251331,1
3,0,0.7071641,1
3,0,0.46586233,0
3,0,0.4938912,0
3,0,0.64853185,1
3,0,0.5931018,1
3,0,0.37909287,0
3,0,0.7072142,1
3,0,0.63451993,1
3,0,0.42492762,0
3,0,0.21097724,0
3,0,0.353478,0
3,0,0.38161367,0
3,0,0.17414358,0
3,0,0.19154842,0
3,0,0.32691863,0
3,1,0.16480948,0
3,1,0.08638188,0
3,1,0.073037356,0
3,1,0.3030742,0
3,1,0.19495757,0
3,1,0.09722947,0
3,1,0.51174206,1
3,1,0.3350177,0
3,1,0.74681574,1
3,1,0.7934909,1
3,1,0.7314677,1
3,1,0.625579,1
3,1,0.58021593,1
3,0,0.49078128,0
3,0,0.53124267,1
3,0,0.8996207,1
3,0,0.8428112,1
3,0,0.89996684,1
3,0,0.6367213,1
3,0,0.5051681,1
3,0,0.6368901,1
3,0,0.87101656,1
3,0,0.6622102,1
3,0,0.75089973,1
3,0,0.57349104,1
3,0,0.7684707,1
3,0,0.40956616,0
3,0,0.56826144,1
3,0,0.28574368,0
3,0,0.80794656,1
3,0,0.8150185,1
3,0,0.5019545,1
3,0,0.88451576,1
3,0,0.8699352,1
3,0,0.59667355,1
3,0,0.5728775,1
3,0,0.6626215,1
3,0,0.8839176,1
3,0,0.7664273,1
3,0,0.8758739,1
3,0,0.8007039,1
3,0,0.71359396,1
3,0,0.62409776,1
3,0,0.8815851,1
3,0,0.8738175,1
3,0,0.7981407,1
3,1,0.9232684,1
3,1,0.86486095,1
3,1,0.9478455,1
3,1,0.9442876,1
3,1,0.8911334,1
3,1,0.859687,1
3,1,0.9079497,1
3,1,0.91665965,1
3,1,0.80894864,1
3,1,0.8613461,1
3,1,0.8059407,1
3,1,0.8450542,1
3,1,0.54235196,1
3,1,0.64419794,1
3,1,0.38126144,0
3,1,0.5426327,1
3,1,0.38150623,0
3,1,0.35189548,0
3,1,0.19343293,0
3,1,0.43184927,0
3,1,0.46103206,0
3,0,0.23235367,0
3,0,0.26497924,0
3,0,0.5926284,1
3,0,0.36666808,0
3,0,0.3404577,0
3,0,0.35616896,0
3,0,0.42980188,0
3,0,0.55880946,1
3,0,0.28598338,0
3,0,0.2920296,0
3,0,0.39561626,0
3,0,0.5755977,1
3,0,0.3372882,0
3,0,0.43181098,0
3,0,0.36190522,0
3,0,0.5937878,1
3,0,0.7573505,1
3,0,0.5091695,1
3,0,0.4286609,0
3,0,0.5130492,1
3,0,0.6101703,1
3,0,0.49588144,0
3,0,0.77320516,1
3,0,0.4905484,0
3,0,0.61954856,1
3,0,0.6202776,1
3,0,0.60199493,1
3,0,0.650184,1
3,0,0.73201895,1
3,0,0.6580096,1
3,0,0.56847745,1
3,0,0.46434975,0
3,0,0.26136982,0
3,0,0.14954843,0
3,0,0.17843325,0
3,0,0.34267372,0
3,0,0.19743034,0
3,0,0.36942947,0
3,0,0.6485408,1
3,0,0.5455036,1
3,1,0.654322,1
3,1,0.52619314,1
3,1,0.7822275,1
3,1,0.35783038,0
3,1,0.7002973,1
3,1,0.6841708,1
3,1,0.92967284,1
3,1,0.8899881,1
3,1,0.5849829,1
3,1,0.66326994,1
3,1,0.73420423,1
3,1,0.8202495,1
3,1,0.67002946,1
3,1,0.7935002,1
3,1,0.16299205,0
3,1,0.52532905,1
3,1,0.6981398,1
3,1,0.33846474,0
3,1,0.7177979,1
3,1,0.5531423,1
3,1,0.63617975,1
3,1,0.5989352,1
3,1,0.34910044,0
3,1,0.60855293,1
3,1,0.69238895,1
3,1,0.90348226,1
3,1,0.659973,1
3,1,0.6862008,1
3,1,0.53633523,1
3,1,0.39622772,0
3,1,0.698003,1
3,1,0.9069,1
3,1,0.91126215,1
3,1,0.9234975,1
3,1,0.83577895,1
3,1,0.8419431,1
3,1,0.6012742,1
3,1,0.7497577,1
3,1,0.7536332,1
3,1,0.7323702,1
3,1,0.52248114,1
3,1,0.20443499,0
3,1,0.53253245,1
3,1,0.5682558,1
3,1,0.81360525,1
3,1,0.8145002,1
3,1,0.7674085,1
3,1,0.6383209,1
3,1,0.79302514,1
3,1,0.6499996,1
3,1,0.6432149,1
3,1,0.881346,1
3,1,0.71604115,1
3,1,0.7273836,1
3,1,0.81326896,1
3,1,0.8375642,1
3,1,0.7897435,1
3,1,0.90685606,1
3,1,0.7635073,1
3,1,0.3175549,0
3,1,0.13676208,0
3,1,0.11749434,0
3,1,0.045223437,0
3,1,0.57086843,1
3,1,0.07266846,0
3,1,0.39962626,0
3,1,0.20163828,0
3,1,0.50374234,1
3,1,0.7420979,1
3,1,0.6783714,1
3,1,0.4213673,0
3,1,0.60031545,1
3,1,0.45506147,0
3,1,0.8149311,1
3,1,0.6839037,1
3,1,0.6591294,1
3,1,0.45231128,0
3,1,0.63102007,1
3,1,0.33897185,0
3,1,0.78007406,1
3,1,0.91613615,1
3,1,0.94467103,1
3,1,0.4366062,0
3,1,0.7905682,1
3,1,0.5323299,1
3,1,0.56302154,1
3,1,0.43021572,0
3,1,0.6745114,1
3,1,0.87560785,1
3,1,0.9077668,1
3,1,0.90719223,1
3,1,0.77990985,1
3,1,0.8752745,1
3,1,0.86118186,1
3,1,0.7750758,1
3,1,0.7980099,1
3,1,0.6449498,1
3,1,0.9865877,1
3,1,0.8340661,1
3,1,0.7859607,1
3,1,0.9526147,1
3,1,0.6221957,1
3,1,0.5281346,1
3,1,0.78274035,1
3,1,0.54821056,1
3,1,0.69326663,1
3,1,0.7732914,1
3,1,0.8197429,1
3,1,0.4515088,0
3,1,0.8453202,1
3,1,0.68645746,1
3,1,0.57367384,1
3,1,0.71683246,1
3,1,0.41977492,0
3,1,0.43437296,0
3,1,0.5293659,1
3,1,0.72674483,1
3,1,0.5836905,1
3,1,0.5939167,1
3,1,0.75180405,1
3,1,0.72963184,1
3,1,0.6765311,1
3,1,0.6608758,1
3,1,0.4056892,0
3,1,0.41543368,0
3,1,0.40991613,0
3,1,0.6370532,1
3,1,0.72686076,1
3,1,0.8200404,1
3,1,0.52909034,1
3,1,0.6680001,1
3,1,0.46645,0
3,1,0.50927037,1
3,1,0.39118192,0
3,1,0.18906784,0
3,1,0.9483757,1
3,1,0.84581536,1
3,1,0.3977689,0
3,1,0.61667734,1
3,1,0.38178733,0
3,1,0.3416398,0
3,1,0.9062578,1
3,1,0.2495957,0
3,1,0.9617229,1
3,1,0.91242033,1
3,1,0.3630086,0
3,1,0.68437845,1
3,1,0.48303017,0
3,1,0.35468745,0
3,1,0.9104968,1
3,1,0.96597356,1
3,1,0.87605584,1
3,1,0.9757624,1
3,1,0.99459153,1
3,1,0.9708539,1
3,1,0.9533535,1
3,1,0.9833772,1
3,1,0.9446446,1
3,1,0.98375386,1
3,1,0.99108446,1
3,1,0.9810513,1
3,1,0.97616243,1
3,1,0.96769655,1
3,1,0.9315531,1
3,1,0.9427039,1
3,1,0.995057,1
3,1,0.9856967,1
3,1,0.9797482,1
3,1,0.95358866,1
3,1,0.987245,1
3,1,0.79968953,1
3,1,0.9433885,1
3,1,0.9418038,1
3,1,0.98295146,1
3,1,0.99081963,1
3,1,0.99676967,1
3,1,0.74663186,1
3,1,0.9761189,1
3,1,0.9603255,1
3,1,0.9712024,1
3,1,0.9525461,1
3,1,0.9758278,1
3,1,0.9837715,1
3,1,0.98123956,1
3,1,0.97281384,1
3,0,0.7779176,1
3,0,0.8776337,1
3,0,0.3296713,0
3,0,0.6900784,1
3,0,0.9180448,1
3,0,0.68008655,1
3,0,0.47629347,0
3,0,0.93260247,1
3,0,0.80051595,1
3,0,0.4396596,0
3,0,0.11469184,0
3,0,0.84209377,1
3,0,0.5691913,1
3,0,0.67119324,1
3,0,0.9357066,1
3,1,0.8337074,1
3,1,0.7893229,1
3,1,0.82459277,1
3,1,0.34107,0
3,1,0.88339096,1
3,1,0.66710967,1
3,1,0.46336886,0
3,1,0.22320394,0
3,1,0.2788607,0
3,1,0.19238888,0
3,1,0.88714623,1
3,1,0.85903955,1
3,1,0.8920004,1
3,1,0.6588196,1
3,1,0.8780341,1
3,1,0.9305357,1
3,1,0.9011844,1
3,1,0.8830004,1
3,1,0.92025083,1
3,1,0.8117122,1
3,1,0.12427289,0
3,1,0.89683634,1
3,1,0.83049613,1
3,1,0.53534627,1
3,1,0.6793812,1
3,1,0.922826,1
3,1,0.912861,1
3,1,0.943152,1
3,1,0.93852395,1
3,1,0.97155815,1
3,0,0.7412469,1
3,0,0.40260476,0
3,0,0.4626929,0
3,0,0.14702329,0
3,0,0.26930964,0
3,0,0.25450248,0
3,0,0.24760048,0
3,0,0.10100897,0
3,0,0.08628367,0
3,0,0.11468781,0
3,0,0.11186088,0
3,0,0.26644805,0
3,0,0.2523668,0
4,1,0.7467818,1
4,1,0.8996813,1
4,1,0.8684831,1
4,1,0.97864723,1
4,1,0.82486457,1
4,1,0.8597787,1
4,1,0.93423945,1
4,1,0.91287845,1
4,1,0.8217933,1
4,1,0.9522209,1
4,1,0.77387446,1
4,1,0.8332315,1
4,1,0.90383387,1
4,1,0.8757342,1
4,1,0.92506146,1
4,1,0.6784948,1
4,1,0.6164168,1
4,1,0.9160035,1
4,1,0.8649462,1
4,1,0.8405901,1
4,1,0.9627619,1
4,1,0.975668,1
4,1,0.98066324,1
4,1,0.9858743,1
4,1,0.9764656,1
4,1,0.98038185,1
4,1,0.9889804,1
4,1,0.96464247,1
4,1,0.9775768,1
4,1,0.9759462,1
4,1,0.9654741,1
4,1,0.9668509,1
4,1,0.9426805,1
4,1,0.96961266,1
4,1,0.96806777,1
4,1,0.9785888,1
4,1,0.9584273,1
4,1,0.9877222,1
4,1,0.9846423,1
4,1,0.967811,1
4,1,0.9786195,1
4,1,0.4828713,0
4,1,0.24233384,0
4,1,0.5300017,1
4,1,0.417907,0
4,1,0.7566459,1
4,1,0.6518094,1
4,1,0.44525546,0
4,1,0.4953828,0
4,1,0.39310294,0
4,1,0.49237642,0
4,1,0.38022712,0
4,1,0.6987229,1
4,1,0.12407789,0
4,1,0.66997856,1
4,1,0.3334671,0
4,1,0.18405725,0
4,1,0.13745302,0
4,1,0.25368324,0
4,1,0.13191004,0
4,1,0.65348,1
4,1,0.20889659,0
4,1,0.057481546,0
4,1,0.4348555,0
4,1,0.24869527,0
4,1,0.14510114,0
4,1,0.24482977,0
4,1,0.39895663,0
4,1,0.22005033,0
4,1,0.400603,0
4,1,0.4320982,0
4,1,0.083408214,0
4,1,0.27305472,0
4,1,0.09754365,0
4,1,0.13906372,0
4,1,0.3384022,0
4,1,0.44607893,0
4,1,0.37076652,0
4,1,0.3233154,0
4,1,0.37259355,0
4,1,0.26746312,0
4,1,0.6332039,1
4,1,0.68682224,1
4,1,0.6022669,1
4,1,0.5035219,1
4,1,0.07285436,0
4,1,0.08693074,0
4,1,0.08556991,0
4,1,0.2282909,0
4,1,0.2156795,0
4,1,0.117272325,0
4,1,0.3795394,0
4,1,0.59371966,1
4,1,0.577718,1
4,1,0.59092396,1
4,1,0.3745949,0
4,1,0.273163,0
4,1,0.9305331,1
4,1,0.61834264,1
4,1,0.54741985,1
4,1,0.88387823,1
4,1,0.262792,0
4,1,0.1990078,0
4,1,0.5745286,1
4,1,0.14069657,0
4,1,0.25824463,0
4,1,0.50596285,1
4,1,0.3342745,0
4,1,0.286961,0
4,1,0.113393664,0
4,1,0.1254024,0
4,1,0.07230438,0
4,1,0.13051999,0
4,1,0.49059433,0
4,1,0.52442294,1
4,1,0.085595384,0
4,1,0.25854364,0
4,1,0.111358576,0
4,1,0.05320086,0
4,1,0.08297704,0
4,1,0.1852269,0
4,1,0.9206214,1
4,1,0.41562217,0
4,1,0.33999795,0
4,1,0.24867128,0
4,1,0.40443733,0
4,1,0.08591464,0
4,1,0.34069443,0
4,1,0.15250878,0
4,1,0.22655778,0
4,1,0.1384648,0
4,1,0.4559417,0
4,1,0.12524562,0
4,1,0.20092022,0
4,1,0.17929044,0
4,1,0.97763765,1
4,1,0.9717965,1
4,1,0.9687845,1
4,1,0.98912084,1
4,1,0.9912389,1
4,1,0.98737574,1
4,1,0.9717423,1
4,1,0.9864612,1
4,1,0.9728224,1
4,1,0.9850796,1
4,0,0.28513366,0
4,0,0.6815474,1
4,0,0.44283277,0
4,0,0.39890498,0
4,0,0.3643989,0
4,0,0.4983099,0
4,0,0.7406921,1
4,0,0.18452103,0
4,0,0.2836634,0
4,0,0.18698755,0
4,0,0.4027171,0
4,0,0.12377271,0
4,0,0.4700707,0
4,0,0.5001241,1
4,0,0.460407,0
4,0,0.93350214,1
4,0,0.9379001,1
4,0,0.73934245,1
4,0,0.88086903,1
4,0,0.841185,1
4,0,0.73781705,1
4,0,0.60784,1
4,0,0.27681667,0
4,0,0.71013474,1
4,0,0.7811727,1
4,0,0.8800674,1
4,0,0.9364558,1
4,0,0.8308033,1
4,0,0.9210208,1
4,0,0.8743933,1
4,0,0.81917953,1
4,0,0.92360324,1
4,0,0.3857239,0
4,0,0.26066875,0
4,0,0.3666105,0
4,0,0.7901885,1
4,0,0.6139147,1
4,0,0.3842584,0
4,0,0.48753807,0
4,0,0.3531758,0
4,0,0.45775115,0
4,0,0.49579054,0
4,0,0.53835195,1
4,0,0.19369057,0
4,0,0.88902617,1
4,0,0.69512403,1
4,0,0.836936,1
4,0,0.9535865,1
4,0,0.77593875,1
4,0,0.8770152,1
4,0,0.6872524,1
4,0,0.69539195,1
4,0,0.2471791,0
4,0,0.7366865,1
4,0,0.5369401,1
4,0,0.06690647,0
4,0,0.42447987,0
4,0,0.17933793,0
4,0,0.6197399,1
4,0,0.13535099,0
4,0,0.18440874,0
4,0,0.1311465,0
4,0,0.100574985,0
4,0,0.26559067,0
4,0,0.33273807,0
4,0,0.22464341,0
4,0,0.49516347,0
4,0,0.7468189,1
4,0,0.59629804,1
4,0,0.6138715,1
4,0,0.27033207,0
4,0,0.844534,1
4,0,0.8940914,1
4,0,0.6145111,1
4,0,0.90676403,1
4,0,0.6336738,1
4,0,0.6629414,1
4,0,0.7385347,1
4,0,0.90687466,1
4,0,0.5845888,1
4,0,0.83805484,1
4,0,0.7614891,1
4,0,0.5457425,1
4,0,0.36682105,0
4,0,0.20664574,0
4,0,0.38557336,0
4,0,0.46227443,0
4,0,0.83834726,1
4,0,0.6813647,1
4,0,0.76699466,1
4,0,0.7768107,1
4,0,0.719516,1
4,0,0.6553173,1
4,0,0.8608246,1
4,0,0.8036074,1
4,0,0.84089226,1
4,0,0.93457276,1
4,0,0.9505451,1
4,0,0.9433234,1
4,0,0.89560604,1
4,0,0.614514,1
4,0,0.6759037,1
4,0,0.48624712,0
4,0,0.6976378,1
4,0,0.43796682,0
4,0,0.88763595,1
4,0,0.7065302,1
4,0,0.5751776,1
4,0,0.91798437,1
4,0,0.31002733,0
4,0,0.28040957,0
4,0,0.19681829,0
4,0,0.26238218,0
4,0,0.1564346,0
4,0,0.46315283,0
4,0,0.5677796,1
4,0,0.44500476,0
4,0,0.5239825,1
4,0,0.38840002,0
4,0,0.5175499,1
4,0,0.6230947,1
4,0,0.5562065,1
4,0,0.4494002,0
4,0,0.51237977,1
4,0,0.78625,1
4,0,0.21769668,0
4,0,0.22606564,0
4,0,0.56745285,1
4,0,0.5959032,1
4,0,0.6659603,1
4,0,0.6587673,1
4,0,0.54813856,1
4,0,0.14102969,0
4,0,0.6784177,1
4,0,0.75096095,1
4,0,0.6266781,1
4,0,0.8109519,1
4,0,0.30927888,0
4,0,0.34075937,0
4,0,0.90255207,1
4,0,0.70789224,1
4,0,0.55204844,1
4,0,0.7413116,1
4,0,0.63240695,1
4,0,0.44065976,0
4,0,0.5282153,1
4,0,0.6888785,1
4,0,0.6311077,1
4,0,0.54234636,1
4,0,0.8475813,1
4,0,0.2488624,0
4,0,0.6989903,1
4,0,0.8339745,1
4,0,0.5743518,1
4,0,0.8638684,1
4,0,0.8011691,1
4,0,0.6230624,1
4,0,0.15754482,0
4,0,0.7078894,1
4,0,0.591272,1
4,0,0.48934177,0
4,0,0.46704948,0
4,0,0.4677037,0
4,0,0.81451964,1
4,0,0.96999985,1
4,0,0.81667125,1
4,0,0.93129647,1
4,0,0.9241587,1
4,0,0.56069225,1
4,0,0.33270258,0
4,0,0.44429094,0
4,0,0.58284825,1
4,0,0.4495184,0
4,0,0.7168507,1
4,0,0.5812563,1
4,0,0.60772175,1
4,0,0.6056523,1
4,0,0.68123645,1
4,0,0.5581961,1
4,0,0.56525385,1
4,0,0.8327731,1
4,0,0.46415964,0
4,0,0.7014359,1
4,0,0.4611507,0
4,0,0.17688042,0
4,0,0.3731987,0
4,0,0.25917763,0
4,0,0.7455887,1
4,0,0.8252011,1
4,0,0.7445773,1
4,0,0.8171051,1
4,0,0.58669645,1
4,0,0.81691617,1
4,0,0.8046455,1
4,0,0.44476515,0
4,0,0.7688016,1
4,0,0.45593026,0
4,0,0.22902507,0
4,0,0.64938265,1
4,0,0.5507784,1
4,0,0.47773924,0
4,0,0.7857505,1
4,0,0.7022842,1
4,0,0.31654325,0
4,0,0.40569726,0
4,0,0.53331393,1
4,0,0.7137711,1
4,0,0.8331864,1
4,0,0.77239114,1
4,0,0.7584315,1
4,0,0.3662545,0
4,0,0.16945186,0
4,0,0.4916802,0
4,0,0.8488518,1
4,0,0.8735799,1
4,0,0.87227565,1
4,0,0.4197345,0
4,0,0.54370934,1
4,0,0.115356125,0
4,0,0.570744,1
4,0,0.5906839,1
4,0,0.91028506,1
4,0,0.65278274,1
4,0,0.75759107,1
4,0,0.7905794,1
4,0,0.89305174,1
4,0,0.8072569,1
4,0,0.9525985,1
4,0,0.65729463,1
4,0,0.83982056,1
4,0,0.81339985,1
4,0,0.6499635,1
4,0,0.7442697,1
4,0,0.867886,1
4,0,0.5972194,1
4,0,0.21175124,0
4,0,0.80707365,1
4,0,0.7744396,1
4,0,0.60834146,1
4,0,0.68411136,1
4,0,0.89581513,1
4,0,0.8690726,1
4,0,0.52804255,1
4,0,0.47540385,0
4,0,0.7976449,1
4,0,0.740013,1
4,0,0.8707848,1
4,0,0.31745693,0
4,0,0.6776597,1
4,0,0.3810709,0
4,0,0.46852627,0
4,0,0.44046915,0
4,0,0.39671686,0
4,0,0.33185688,0
4,0,0.46729597,0
4,0,0.19852048,0
4,0,0.32499173,0
4,0,0.08833275,0
4,0,0.7314668,1
4,0,0.33700946,0
4,0,0.87654805,1
4,0,0.44366977,0
4,0,0.26989627,0
4,0,0.17115653,0
4,0,0.74064857,1
4,0,0.57977253,1
4,0,0.6534315,1
4,0,0.91968924,1
4,0,0.48135367,0
4,0,0.40078712,0
4,0,0.5096466,1
4,0,0.6918107,1
4,0,0.23114537,0
4,0,0.5682418,1
4,0,0.1663412,0
4,0,0.22015412,0
4,0,0.539604,1
4,0,0.24011597,0
4,0,0.7104359,1
4,0,0.5707558,1
4,0,0.4769505,0
4,0,0.23879872,0
4,0,0.3687932,0
4,0,0.17597868,0
4,0,0.29839644,0
4,0,0.6325736,1
4,0,0.5357547,1
4,0,0.73222566,1
4,0,0.7674763,1
4,0,0.8983851,1
4,0,0.7915359,1
4,0,0.6757985,1
4,0,0.5841548,1
4,0,0.74127203,1
4,0,0.5249733,1
4,0,0.7220321,1
4,0,0.5993322,1
4,0,0.9057799,1
4,0,0.6388148,1
4,0,0.5664208,1
4,1,0.050686684,0
4,1,0.33275166,0
4,1,0.091778,0
4,1,0.29479194,0
4,1,0.21180646,0
4,1,0.34259355,0
4,1,0.1444695,0
4,1,0.26112893,0
4,1,0.38729817,0
4,1,0.32655597,0
4,1,0.52790445,1
4,1,0.5133576,1
4,1,0.26991707,0
4,1,0.4585557,0
4,1,0.29537743,0
4,1,0.28522873,0
4,1,0.07368076,0
4,1,0.22387226,0
4,1,0.11755048,0
4,1,0.07987056,0
4,1,0.10834061,0
4,1,0.15663286,0
4,1,0.07453113,0
4,1,0.1281684,0
4,1,0.116860144,0
4,1,0.049051266,0
4,1,0.08604985,0
4,1,0.04095134,0
4,1,0.030934041,0
4,1,0.033708613,0
4,1,0.03323246,0
4,1,0.032280527,0
4,1,0.029178686,0
4,1,0.0486197,0
4,1,0.063788645,0
4,1,0.052734863,0
4,1,0.09908444,0
4,1,0.06217129,0
4,1,0.22737597,0
4,1,0.18376146,0
4,1,0.36026412,0
4,1,0.23553392,0
4,1,0.1611096,0
4,1,0.13310413,0
4,1,0.18745206,0
4,1,0.12855878,0
4,1,0.0761157,0
4,1,0.06455119,0
4,1,0.37574613,0
4,1,0.07571386,0
4,1,0.10708457,0
4,1,0.050586592,0
4,1,0.039194487,0
4,1,0.258962,0
4,1,0.20376593,0
4,1,0.33496618,0
4,1,0.4797315,0
4,1,0.8105623,1
4,1,0.55717665,1
4,1,0.5797854,1
4,1,0.23879457,0
4,1,0.3590618,0
4,1,0.32175434,0
4,1,0.32269472,0
4,1,0.085138835,0
4,1,0.055554457,0
4,1,0.05349878,0
4,1,0.050863508,0
4,1,0.06005698,0
4,1,0.0662923,0
4,1,0.13921922,0
4,1,0.16841088,0
4,1,0.15971598,0
4,1,0.081197865,0
4,1,0.1063895,0
4,1,0.2827546,0
4,1,0.20864058,0
4,1,0.1582731,0
4,1,0.12658061,0
4,1,0.19842768,0
4,1,0.26462498,0
4,1,0.1553324,0
4,1,0.23919468,0
4,1,0.28811118,0
4,1,0.26579773,0
4,1,0.27383664,0
4,1,0.26892006,0
4,1,0.55970734,1
4,1,0.2542848,0
4,1,0.45053664,0
4,1,0.32095718,0
4,1,0.08757766,0
4,1,0.2203452,0
4,1,0.23230602,0
4,1,0.10681115,0
4,1,0.086899646,0
4,1,0.08578648,0
4,1,0.17960232,0
4,1,0.13952118,0
4,1,0.12564354,0
4,1,0.13739751,0
4,1,0.07363213,0
4,1,0.58988506,1
4,1,0.16466133,0
4,1,0.15328589,0
4,1,0.22325163,0
4,1,0.12938601,0
4,1,0.111756556,0
4,1,0.10377961,0
4,1,0.12041863,0
4,1,0.1368923,0
4,1,0.08328675,0
4,1,0.08297027,0
4,1,0.14305338,0
4,1,0.3522827,0
4,1,0.13078278,0
4,1,0.13568997,0
4,1,0.080693804,0
4,1,0.06907288,0
4,1,0.11652274,0
4,1,0.30137077,0
4,1,0.5822534,1
4,1,0.52855206,1
4,1,0.73264754,1
4,1,0.63565624,1
4,1,0.829474,1
4,1,0.7949721,1
4,1,0.44754842,0
4,1,0.5672082,1
4,1,0.5866811,1
4,1,0.5014116,1
4,1,0.20232193,0
4,1,0.1982428,0
4,1,0.21172614,0
4,1,0.0860521,0
4,1,0.71305406,1
4,1,0.45942652,0
4,1,0.59532815,1
4,1,0.30937603,0
4,1,0.33740336,0
4,1,0.45163795,0
4,1,0.44794017,0
4,1,0.37512112,0
4,1,0.5934055,1
4,1,0.20032015,0
4,1,0.3557139,0
4,1,0.3170534,0
4,1,0.40868714,0
4,1,0.29530305,0
4,1,0.23673658,0
4,1,0.1704944,0
4,1,0.15492254,0
4,1,0.6568169,1
4,1,0.55595,1
4,1,0.44190535,0
4,1,0.46507603,0
4,1,0.18930845,0
4,1,0.66854995,1
4,1,0.34459358,0
4,1,0.8451871,1
4,1,0.8513926,1
4,1,0.8412235,1
4,1,0.74950695,1
4,1,0.76966685,1
4,1,0.91232306,1
4,1,0.6835738,1
4,1,0.74972016,1
4,1,0.87461305,1
4,1,0.8100184,1
4,1,0.9533684,1
4,1,0.947811,1
4,1,0.916341,1
4,1,0.9078294,1
4,1,0.8910647,1
4,1,0.77337044,1
4,1,0.8478259,1
4,1,0.9444547,1
4,1,0.93992114,1
4,1,0.93313426,1
4,1,0.91326076,1
4,1,0.87475836,1
4,1,0.92314404,1
4,1,0.94560707,1
4,1,0.95551395,1
4,1,0.86742306,1
4,1,0.9137914,1
4,1,0.9768777,1
4,1,0.8998822,1
4,1,0.8981367,1
4,1,0.890782,1
4,1,0.8844391,1
4,1,0.99738294,1
4,1,0.996849,1
4,1,0.9643047,1
4,1,0.9793506,1
4,1,0.9689729,1
4,1,0.9863629,1
4,1,0.96601427,1
4,1,0.970902,1
4,1,0.9959514,1
4,1,0.9821969,1
4,1,0.9985563,1
4,1,0.98300165,1
4,1,0.9965031,1
4,1,0.99608624,1
4,1,0.99752206,1
4,1,0.99747306,1
4,1,0.99106896,1
4,1,0.99348265,1
4,1,0.98548955,1
4,1,0.9935696,1
4,1,0.9948726,1
4,1,0.99754936,1
4,1,0.9935022,1
4,1,0.988162,1
4,1,0.97030365,1
4,1,0.98922145,1
4,1,0.9907341,1
4,1,0.9857832,1
4,1,0.9947836,1
4,1,0.99758923,1
4,1,0.99143195,1
4,1,0.9945181,1
4,1,0.99625623,1
4,1,0.9980344,1
4,1,0.98293465,1
4,1,0.988868,1
4,1,0.9987797,1
4,1,0.995191,1
4,1,0.99140364,1
4,1,0.99432725,1
4,1,0.99547607,1
4,1,0.9827511,1
4,1,0.9844311,1
4,0,0.9982797,1
4,0,0.9987525,1
4,0,0.9930275,1
4,0,0.973438,1
4,0,0.9982679,1
4,0,0.9883917,1
4,0,0.9617902,1
4,0,0.9946306,1
4,0,0.996382,1
4,0,0.9689924,1
4,0,0.9846513,1
4,0,0.9899132,1
4,0,0.79248536,1
4,0,0.72672564,1
4,0,0.99053454,1
4,0,0.9658104,1
4,0,0.9864634,1
4,0,0.9926731,1
4,0,0.98716056,1
4,0,0.99457633,1
4,0,0.9563797,1
4,0,0.98624694,1
4,0,0.98702765,1
4,0,0.99584913,1
4,0,0.9804602,1
4,0,0.995048,1
4,0,0.99538887,1
4,0,0.9963921,1
4,0,0.98992515,1
4,0,0.9218262,1
4,0,0.63320637,1
4,0,0.9837287,1
4,0,0.97961515,1
4,0,0.97781074,1
4,0,0.9883201,1
4,0,0.98821604,1
4,0,0.97347665,1
4,0,0.9772883,1
4,0,0.99223983,1
4,0,0.98367715,1
4,0,0.9837029,1
4,0,0.97604316,1
4,0,0.9791429,1
4,0,0.9682416,1
4,0,0.9036236,1
4,0,0.9901841,1
4,0,0.9395376,1
4,0,0.8818014,1
4,0,0.74761176,1
4,0,0.9250496,1
4,0,0.98281556,1
4,0,0.9735396,1
4,0,0.8593523,1
4,0,0.9123901,1
4,0,0.96169823,1
4,0,0.97941726,1
4,0,0.98750496,1
4,0,0.90535825,1
4,0,0.9815015,1
4,0,0.92138827,1
4,0,0.96650964,1
4,0,0.88939875,1
4,0,0.94217074,1
4,0,0.92334515,1
4,0,0.9870149,1
4,0,0.98770463,1
4,0,0.98117846,1
4,0,0.95687395,1
4,0,0.87594223,1
4,0,0.9075824,1
4,0,0.9336875,1
4,0,0.9187165,1
4,0,0.66978115,1
4,0,0.6219348,1
4,0,0.8951004,1
4,0,0.9387779,1
4,0,0.93924946,1
4,0,0.8629941,1
4,0,0.93737143,1
4,0,0.71399945,1
4,0,0.7403123,1
4,0,0.8294279,1
4,0,0.92226905,1
4,0,0.9586261,1
4,0,0.9892641,1
4,0,0.9490427,1
4,0,0.97134215,1
4,0,0.9090448,1
4,0,0.9799969,1
4,0,0.8695134,1
4,0,0.90668845,1
4,0,0.9690018,1
4,0,0.9153735,1
4,0,0.9823928,1
4,0,0.92774683,1
4,0,0.9076901,1
4,0,0.8394497,1
4,0,0.852367,1
4,0,0.9184636,1
4,0,0.9725442,1
4,0,0.98197097,1
4,0,0.95776784,1
4,0,0.9757893,1
4,0,0.9599298,1
4,0,0.9330183,1
4,0,0.89235955,1
4,0,0.83767015,1
4,0,0.9581615,1
4,0,0.81500995,1
4,0,0.8131121,1
4,0,0.91438,1
4,0,0.8162789,1
4,0,0.873624,1
4,0,0.8105587,1
4,0,0.9034285,1
4,0,0.91368395,1
4,0,0.8707234,1
4,0,0.81973344,1
4,0,0.7831458,1
4,0,0.863232,1
4,0,0.5260542,1
4,0,0.76663405,1
4,0,0.69539857,1
4,0,0.8900423,1
4,0,0.847756,1
4,0,0.96523684,1
4,0,0.9492191,1
4,0,0.902779,1
4,0,0.9038188,1
4,0,0.93161076,1
4,0,0.8925945,1
4,0,0.9166389,1
4,0,0.7450659,1
4,0,0.78469414,1
4,0,0.7414441,1
4,0,0.77019244,1
4,0,0.66000766,1
4,0,0.66753227,1
4,0,0.74881303,1
4,0,0.8484141,1
4,0,0.7864079,1
4,0,0.9342431,1
4,0,0.6461132,1
4,0,0.8679473,1
4,0,0.7881516,1
4,0,0.8276618,1
4,0,0.82320386,1
4,0,0.96147114,1
4,0,0.4345588,0
4,0,0.950239,1
4,0,0.8019004,1
4,0,0.92637026,1
4,0,0.90394366,1
4,0,0.9251154,1
4,0,0.85891765,1
4,0,0.9155962,1
4,0,0.94458425,1
4,0,0.9438578,1
4,0,0.8505006,1
4,0,0.9655109,1
4,0,0.99626046,1
4,0,0.9894078,1
4,0,0.9678429,1
4,0,0.9906164,1
4,0,0.9035756,1
4,0,0.93606937,1
4,0,0.9802142,1
4,0,0.95557195,1
4,0,0.73885274,1
4,0,0.6762453,1
4,0,0.9757019,1
4,0,0.9173871,1
4,0,0.9629817,1
4,0,0.9448479,1
4,0,0.83932763,1
4,0,0.84662163,1
4,0,0.838826,1
4,0,0.7357279,1
4,0,0.76403356,1
4,0,0.9079174,1
4,0,0.6706982,1
4,0,0.7410728,1
4,0,0.8666135,1
4,0,0.8044416,1
4,0,0.94305,1
4,0,0.95109797,1
4,0,0.9426508,1
4,0,0.9076525,1
4,0,0.90601647,1
4,0,0.8876201,1
4,0,0.75847256,1
4,0,0.84152406,1
4,0,0.94099593,1
4,0,0.9349081,1
4,0,0.9289536,1
4,0,0.9068584,1
4,0,0.8763489,1
4,0,0.7525163,1
4,0,0.87129414,1
4,0,0.945451,1
4,0,0.90584385,1
4,0,0.93206453,1
4,0,0.91946465,1
4,1,0.80966556,1
4,1,0.755627,1
4,1,0.8687392,1
4,1,0.95890385,1
4,1,0.9534659,1
4,1,0.9454433,1
4,1,0.96371764,1
4,1,0.9450658,1
4,0,0.949867,1
4,0,0.88107085,1
4,0,0.91585296,1
4,0,0.8794882,1
4,0,0.8496534,1
4,0,0.90160424,1
4,0,0.8792411,1
4,0,0.9292854,1
4,0,0.8939159,1
4,0,0.8596335,1
4,0,0.90089065,1
4,0,0.89414877,1
4,0,0.8547746,1
4,0,0.65146273,1
4,0,0.81034917,1
4,0,0.82854927,1
4,0,0.7053739,1
4,0,0.8727244,1
4,0,0.8293399,1
4,0,0.66620207,1
4,0,0.8496049,1
4,0,0.9133827,1
4,0,0.7912132,1
4,0,0.87749946,1
4,0,0.91404235,1
4,0,0.8703955,1
4,0,0.8135601,1
4,0,0.6863803,1
4,0,0.83756274,1
4,0,0.7754099,1
4,0,0.8489577,1
4,0,0.7820033,1
4,0,0.6733653,1
4,0,0.7390953,1
4,0,0.830562,1
4,0,0.7500099,1
4,0,0.9101423,1
4,0,0.86678374,1
4,0,0.8300648,1
4,0,0.8328946,1
4,0,0.9598513,1
4,0,0.9156346,1
4,0,0.8783883,1
4,0,0.7350974,1
4,0,0.8702166,1
4,0,0.90149003,1
4,0,0.7872067,1
4,0,0.8812071,1
4,0,0.8887012,1
4,0,0.927236,1
4,0,0.8925236,1
4,0,0.89911354,1
4,0,0.9093275,1
4,0,0.8300137,1
4,0,0.8793618,1
4,0,0.90684015,1
4,0,0.90802234,1
4,0,0.93319684,1
4,0,0.9307892,1
4,0,0.87186146,1
4,0,0.93379164,1
4,0,0.9002145,1
4,0,0.9483283,1
4,0,0.94851995,1
4,0,0.86469465,1
4,0,0.9200344,1
4,0,0.9767601,1
4,0,0.8981773,1
4,0,0.9020406,1
4,0,0.86918396,1
4,0,0.8761627,1
4,0,0.882012,1
4,0,0.89849144,1
4,0,0.84686095,1
4,0,0.9533019,1
4,0,0.84349716,1
4,0,0.92176497,1
4,0,0.9660022,1
4,0,0.93009174,1
4,0,0.9781702,1
4,0,0.9310652,1
4,0,0.97953206,1
4,0,0.9808654,1
4,0,0.98555565,1
4,0,0.9820854,1
4,0,0.99004304,1
4,0,0.98395544,1
4,0,0.9411319,1
4,0,0.9905015,1
4,0,0.9858089,1
4,0,0.9764048,1
4,0,0.89898354,1
4,0,0.96157587,1
4,0,0.9955381,1
4,0,0.9369451,1
4,0,0.98749393,1
4,0,0.96575457,1
4,0,0.99530715,1
4,0,0.9736429,1
4,0,0.9876324,1
4,0,0.9873962,1
4,0,0.9873017,1
4,0,0.9408724,1
4,0,0.9697501,1
4,0,0.97136647,1
4,0,0.99380434,1
4,0,0.98361474,1
4,0,0.9916918,1
4,0,0.999292,1
4,0,0.99594206,1
4,0,0.9883476,1
4,0,0.9719216,1
4,0,0.99782,1
4,0,0.9904545,1
4,0,0.9947759,1
4,0,0.9944186,1
4,0,0.99753773,1
4,0,0.9661727,1
4,0,0.97758454,1
4,0,0.9976712,1
4,0,0.99825746,1
4,0,0.972377,1
4,0,0.9950883,1
4,0,0.99925655,1
4,0,0.9883753,1
4,0,0.991008,1
4,0,0.99183196,1
4,0,0.9951643,1
4,0,0.9885411,1
4,0,0.993256,1
4,0,0.99716896,1
4,0,0.9953128,1
4,0,0.99597365,1
4,0,0.9986324,1
4,0,0.9922462,1
4,0,0.99895597,1
4,0,0.9978765,1
4,0,0.99740666,1
4,0,0.9966736,1
4,0,0.96190643,1
4,0,0.9785947,1
4,0,0.96826404,1
4,0,0.98553586,1
4,0,0.9655455,1
4,0,0.97057897,1
4,0,0.9959054,1
4,0,0.9809208,1
4,0,0.99575704,1
4,0,0.9849983,1
4,0,0.99046654,1
4,0,0.99067724,1
4,0,0.9860495,1
4,0,0.99389416,1
4,0,0.98417085,1
4,0,0.99697137,1
4,0,0.9983423,1
4,0,0.9976736,1
4,0,0.9946571,1
4,0,0.9929705,1
4,0,0.9971846,1
4,0,0.99689674,1
4,0,0.9972339,1
4,0,0.9930651,1
4,0,0.9986424,1
4,0,0.99244905,1
4,0,0.99245435,1
4,0,0.95976466,1
4,0,0.99496657,1
4,0,0.9943129,1
4,0,0.9959437,1
4,0,0.9870839,1
4,0,0.9801153,1
4,0,0.98358995,1
4,0,0.9669891,1
4,0,0.9761847,1
4,0,0.9886827,1
4,0,0.9943672,1
4,0,0.9627158,1
4,0,0.99464923,1
4,0,0.9923924,1
4,0,0.99529076,1
4,0,0.99284315,1
4,0,0.9952468,1
4,0,0.9985368,1
4,0,0.98278725,1
4,0,0.99638796,1
4,0,0.9960104,1
4,0,0.99734014,1
4,0,0.99729246,1
4,0,0.9906345,1
4,0,0.99307173,1
4,0,0.9851763,1
4,0,0.9930568,1
4,0,0.9945015,1
4,0,0.99652666,1
4,0,0.9963492,1
4,0,0.9868003,1
4,0,0.9780387,1
4,0,0.9890928,1
4,0,0.84679186,1
4,0,0.93313664,1
4,0,0.9968443,1
4,0,0.9971107,1
4,0,0.9972572,1
4,0,0.9946116,1
4,0,0.9893008,1
4,0,0.97894716,1
4,0,0.973497,1
4,0,0.9913078,1
4,0,0.9726073,1
4,0,0.9747874,1
4,0,0.98688346,1
4,0,0.9945787,1
4,0,0.992417,1
4,0,0.98498267,1
4,0,0.9867836,1
4,0,0.9965857,1
4,0,0.98605925,1
4,0,0.99168444,1
4,0,0.9899451,1
4,0,0.9875903,1
4,0,0.99735665,1
4,0,0.9928242,1
4,0,0.9873037,1
4,0,0.96852463,1
4,0,0.98841524,1
4,0,0.9897232,1
4,0,0.98490137,1
4,0,0.99453664,1
4,0,0.997552,1
4,0,0.99096924,1
4,0,0.9944745,1
4,0,0.996089,1
4,0,0.98211527,1
4,0,0.9973115,1
4,0,0.9975284,1
4,0,0.9968272,1
4,0,0.99056035,1
4,0,0.99632215,1
4,0,0.9870825,1
4,0,0.9794804,1
4,0,0.9981086,1
4,0,0.99788696,1
4,0,0.98235786,1
4,0,0.9885201,1
4,0,0.9986928,1
4,0,0.99505544,1
4,0,0.99088496,1
4,0,0.99406624,1
4,0,0.9950187,1
4,0,0.98196054,1
4,0,0.9838918,1
4,0,0.99532557,1
4,0,0.99200493,1
4,0,0.98699725,1
4,0,0.99789244,1
4,0,0.9981775,1
4,0,0.9987539,1
4,0,0.9931598,1
4,0,0.97382,1
4,0,0.9983072,1
4,0,0.9878554,1
4,0,0.96174973,1
4,0,0.9945293,1
4,0,0.99658525,1
4,0,0.9679614,1
4,0,0.9835286,1
4,0,0.989484,1
4,0,0.95996666,1
4,0,0.96921265,1
4,0,0.9607104,1
4,0,0.9880419,1
4,0,0.89916897,1
4,0,0.97742885,1
4,0,0.9863369,1
4,0,0.9787926,1
4,0,0.7789039,1
4,0,0.9618761,1
4,0,0.9964696,1
4,0,0.8606957,1
4,0,0.90529704,1
4,0,0.97065854,1
4,0,0.9420596,1
4,0,0.94045746,1
4,0,0.97458434,1
4,0,0.98670006,1
4,0,0.9452885,1
4,0,0.9169528,1
4,0,0.98549473,1
4,0,0.9873766,1
4,0,0.9893243,1
4,1,0.8937584,1
4,1,0.8615308,1
4,1,0.8000458,1
4,1,0.7079929,1
4,1,0.9765024,1
4,1,0.96678436,1
4,1,0.9668196,1
4,1,0.9948087,1
4,1,0.93647397,1
4,1,0.9674501,1
4,1,0.9442317,1
4,1,0.9785476,1
4,1,0.92128897,1
4,1,0.84692186,1
4,1,0.9215315,1
4,1,0.6634153,1
4,1,0.97581404,1
4,1,0.9702921,1
4,1,0.9631447,1
4,1,0.979322,1
4,1,0.9314316,1
4,1,0.96487004,1
4,1,0.947476,1
4,1,0.9675817,1
4,1,0.98020774,1
4,1,0.9756488,1
4,1,0.98455423,1
4,1,0.95197654,1
4,1,0.94384295,1
4,1,0.98764336,1
4,1,0.9821307,1
4,1,0.98530513,1
4,1,0.98776287,1
4,1,0.988157,1
4,1,0.9818002,1
4,1,0.991951,1
4,1,0.97479784,1
4,1,0.9881698,1
4,1,0.9106142,1
4,1,0.9000713,1
4,1,0.8598897,1
4,1,0.82824713,1
4,1,0.59913975,1
4,1,0.90189314,1
4,1,0.44021636,0
4,1,0.5138656,1
4,1,0.80880076,1
4,1,0.88239825,1
4,1,0.9174974,1
4,1,0.9395862,1
4,1,0.9141721,1
4,1,0.9542979,1
4,1,0.8695732,1
4,1,0.92531216,1
4,1,0.87632746,1
4,1,0.9025037,1
4,1,0.8102409,1
4,1,0.783997,1
4,1,0.89932185,1
4,1,0.88375,1
4,1,0.73694646,1
4,1,0.76489896,1
4,1,0.73028815,1
4,1,0.33695462,0
4,1,0.49610847,0
4,1,0.641532,1
4,1,0.54676706,1
4,1,0.39725402,0
4,1,0.449176,0
4,1,0.39030674,0
4,1,0.36310884,0
4,0,0.93973035,1
4,0,0.7850271,1
4,0,0.82269794,1
4,0,0.6870906,1
4,0,0.9548306,1
4,0,0.9738797,1
4,0,0.8998368,1
4,0,0.69460464,1
4,0,0.7716297,1
4,0,0.87253904,1
4,0,0.3878707,0
4,0,0.8430601,1
4,0,0.94316006,1
4,0,0.91549784,1
4,0,0.755918,1
5,1,0.9255039,1
5,1,0.9023717,1
5,1,0.8542557,1
5,1,0.9082324,1
5,1,0.9581119,1
5,1,0.9353691,1
5,1,0.9253951,1
5,1,0.8875872,1
5,1,0.9592708,1
5,1,0.9604048,1
5,1,0.9222708,1
5,1,0.9638524,1
5,1,0.9252991,1
5,1,0.9504389,1
5,1,0.94354314,1
5,1,0.959894,1
5,1,0.9713482,1
5,1,0.934923,1
5,1,0.9343121,1
5,1,0.71283394,1
5,1,0.8754731,1
5,1,0.9365348,1
5,1,0.8243876,1
5,1,0.7454314,1
5,1,0.7037322,1
5,1,0.4012419,0
5,1,0.30216607,0
5,1,0.5708087,1
5,1,0.612761,1
5,1,0.82299095,1
5,1,0.13941519,0
5,1,0.46368274,0
5,1,0.18599904,0
5,1,0.2971574,0
5,0,0.7216424,1
5,0,0.64428234,1
5,0,0.9300643,1
5,0,0.79675645,1
5,0,0.68857956,1
5,0,0.6659345,1
5,0,0.71043813,1
5,0,0.82823604,1
5,0,0.94550604,1
5,0,0.72671264,1
5,0,0.9576948,1
5,0,0.87599456,1
5,0,0.9471718,1
5,0,0.957371,1
5,0,0.91399384,1
5,0,0.8967253,1
5,0,0.97276324,1
5,0,0.9519607,1
5,0,0.90217924,1
5,0,0.81944567,1
5,0,0.8189287,1
5,0,0.862502,1
5,0,0.925834,1
5,0,0.95644945,1
5,0,0.7240367,1
5,0,0.8181919,1
5,0,0.6738684,1
5,0,0.74901855,1
5,0,0.712234,1
5,0,0.8442259,1
5,0,0.7482361,1
5,0,0.96807253,1
5,0,0.92937124,1
5,0,0.9760416,1
5,0,0.5802939,1
5,0,0.914649,1
5,0,0.8981031,1
5,0,0.961901,1
5,0,0.41747326,0
5,0,0.946816,1
5,0,0.72418463,1
5,0,0.8003095,1
5,0,0.7545438,1
5,0,0.86965656,1
5,0,0.6147732,1
5,0,0.8706891,1
5,0,0.97146726,1
5,0,0.9788615,1
5,0,0.94033265,1
5,0,0.94778454,1
5,0,0.85076565,1
5,0,0.9761189,1
5,0,0.9376514,1
5,0,0.9663603,1
5,0,0.8976735,1
5,0,0.9102714,1
5,0,0.8251019,1
5,0,0.8750896,1
5,0,0.8459767,1
5,0,0.85477877,1
5,0,0.81824505,1
5,0,0.97556984,1
5,0,0.8853633,1
5,0,0.8775015,1
5,0,0.956943,1
5,0,0.976157,1
5,0,0.9418434,1
5,0,0.8936607,1
5,0,0.93655187,1
5,0,0.9193574,1
5,0,0.86177295,1
5,0,0.9233386,1
5,0,0.896361,1
5,0,0.9101836,1
5,0,0.91507185,1
5,0,0.9154016,1
5,0,0.91456145,1
5,0,0.98089397,1
5,0,0.98896384,1
5,0,0.9684155,1
5,0,0.97111255,1
5,0,0.9850637,1
5,0,0.9610647,1
5,0,0.9568444,1
5,0,0.9427026,1
5,0,0.9909532,1
5,0,0.9928368,1
5,0,0.93976897,1
5,0,0.97364706,1
5,0,0.9736873,1
5,0,0.91425663,1
5,0,0.72553897,1
5,0,0.6831429,1
5,0,0.9160404,1
5,0,0.9712683,1
5,0,0.97893095,1
5,0,0.9865832,1
5,0,0.964534,1
5,0,0.923872,1
5,0,0.98808205,1
5,0,0.99258536,1
5,0,0.9434524,1
5,0,0.9095171,1
5,0,0.89541477,1
5,0,0.96423143,1
5,0,0.8532761,1
5,0,0.9585067,1
5,0,0.91567135,1
5,0,0.881147,1
5,0,0.9834658,1
5,0,0.92183536,1
5,0,0.9802601,1
5,0,0.971574,1
5,0,0.97595686,1
5,0,0.9799125,1
5,0,0.99444914,1
5,0,0.9823277,1
5,0,0.63785315,1
5,0,0.9389155,1
5,0,0.9439843,1
5,0,0.88483226,1
5,0,0.8675772,1
5,0,0.99368083,1
5,0,0.9818174,1
5,0,0.9875075,1
5,0,0.9598554,1
5,0,0.9291747,1
5,0,0.94801176,1
5,0,0.9337959,1
5,0,0.9499808,1
5,0,0.96721226,1
5,0,0.8335926,1
5,0,0.8583882,1
5,0,0.980737,1
5,0,0.9372068,1
5,0,0.94292235,1
5,0,0.9219281,1
5,0,0.853384,1
5,0,0.9886749,1
5,0,0.99255294,1
5,0,0.9063575,1
5,0,0.9609455,1
5,0,0.9190616,1
5,0,0.96428066,1
5,0,0.9372731,1
5,0,0.94950616,1
5,0,0.79248005,1
5,0,0.36180806,0
5,0,0.2974692,0
5,0,0.30030203,0
5,0,0.21548349,0
5,0,0.30594403,0
5,0,0.34375432,0
5,0,0.25166216,0
5,0,0.4956982,0
5,0,0.5457328,1
5,0,0.31099656,0
5,0,0.8014874,1
5,0,0.7261514,1
5,0,0.41149044,0
5,0,0.48691672,0
5,0,0.34495467,0
5,0,0.6084801,1
5,0,0.49742576,0
5,0,0.21059982,0
5,0,0.4639246,0
5,0,0.23147222,0
5,0,0.14302573,0
5,0,0.24516869,0
5,0,0.27512434,0
5,0,0.62804437,1
5,0,0.6267458,1
5,0,0.47595295,0
5,0,0.5528022,1
5,0,0.63614917,1
5,0,0.06255095,0
5,0,0.11632288,0
5,0,0.7495956,1
5,0,0.46928602,0
5,0,0.32566792,0
5,0,0.82211757,1
5,0,0.33183348,0
5,0,0.2359755,0
5,0,0.7898252,1
5,0,0.35212228,0
5,0,0.5509967,1
5,0,0.37188625,0
5,0,0.6515995,1
5,0,0.21988769,0
5,0,0.30595908,0
5,0,0.761305,1
5,0,0.45411414,0
5,0,0.8260354,1
5,0,0.36290148,0
5,0,0.2690225,0
5,0,0.5306607,1
5,0,0.16814463,0
5,0,0.25765046,0
5,0,0.34204432,0
5,0,0.5924014,1
5,0,0.6022876,1
5,0,0.3362426,0
5,0,0.39349958,0
5,0,0.46171153,0
5,0,0.30592254,0
5,0,0.27447587,0
5,0,0.38183644,0
5,0,0.46604538,0
5,0,0.39192596,0
5,0,0.4438314,0
5,0,0.32215434,0
5,0,0.45179144,0
5,0,0.338268,0
5,0,0.16406967,0
5,0,0.4463838,0
5,0,0.3400828,0
5,0,0.44702405,0
5,0,0.45115098,0
5,0,0.71718985,1
5,0,0.38990855,0
5,0,0.45977005,0
5,0,0.33577272,0
5,0,0.35450333,0
5,0,0.41803002,0
5,0,0.8250943,1
5,0,0.9089518,1
5,0,0.6214078,1
5,0,0.8550677,1
5,0,0.7360592,1
5,0,0.3419742,0
5,0,0.45754844,0
5,0,0.51497704,1
5,0,0.34804353,0
5,0,0.5305295,1
5,0,0.80982274,1
5,0,0.7933881,1
5,0,0.7036029,1
5,0,0.94538337,1
5,0,0.66554946,1
5,0,0.62049615,1
5,0,0.4619054,0
5,0,0.75035334,1
5,0,0.28284764,0
5,0,0.08646766,0
5,0,0.5195672,1
5,0,0.33925614,0
5,0,0.39427215,0
5,0,0.66084564,1
5,0,0.24412462,0
5,0,0.68138593,1
5,0,0.5361111,1
5,0,0.45248306,0
5,0,0.7259563,1
5,0,0.7396144,1
5,0,0.7541472,1
5,0,0.40900627,0
5,0,0.49370944,0
5,0,0.3523617,0
5,0,0.42812237,0
5,0,0.31595767,0
5,0,0.4154785,0
5,0,0.46710646,0
5,0,0.34006712,0
5,0,0.5080963,1
5,0,0.20269245,0
5,0,0.6436812,1
5,0,0.5768133,1
5,0,0.7667349,1
5,0,0.80727077,1
5,0,0.8439229,1
5,0,0.52988124,1
5,0,0.90814954,1
5,0,0.9236906,1
5,0,0.9073625,1
5,0,0.809931,1
5,0,0.8534925,1
5,0,0.8962104,1
5,0,0.90002775,1
5,0,0.8428626,1
5,0,0.58611846,1
5,0,0.86413056,1
5,0,0.85306466,1
5,0,0.7435486,1
5,0,0.871656,1
5,0,0.86296254,1
5,0,0.69011056,1
5,0,0.6027623,1
5,0,0.71214205,1
5,0,0.5952675,1
5,0,0.8248436,1
5,0,0.9254554,1
5,0,0.8299954,1
5,0,0.77434427,1
5,0,0.26043326,0
5,0,0.8206414,1
5,0,0.8762277,1
5,0,0.8794355,1
5,0,0.8797536,1
5,0,0.71028936,1
5,0,0.7999815,1
5,0,0.662183,1
5,0,0.8927791,1
5,0,0.91092813,1
5,0,0.8833046,1
5,0,0.93843997,1
5,0,0.88281196,1
5,0,0.87485695,1
5,0,0.78163695,1
5,0,0.9288521,1
5,0,0.87757707,1
5,0,0.88596773,1
5,0,0.6553011,1
5,0,0.51134473,1
5,0,0.8719271,1
5,0,0.6886845,1
5,0,0.90821075,1
5,0,0.79926324,1
5,0,0.9333523,1
5,0,0.80858153,1
5,0,0.89303666,1
5,0,0.88340676,1
5,0,0.961305,1
5,0,0.89947,1
5,0,0.8231718,1
5,0,0.8952979,1
5,0,0.87965214,1
5,0,0.87564373,1
5,0,0.8932248,1
5,0,0.8569685,1
5,0,0.8049167,1
5,0,0.93602777,1
5,0,0.80994135,1
5,0,0.91449463,1
5,0,0.867489,1
5,0,0.9443776,1
5,0,0.83595353,1
5,0,0.8887256,1
5,0,0.8876971,1
5,0,0.96027684,1
5,0,0.9310089,1
5,0,0.8543719,1
5,0,0.7615617,1
5,0,0.8855468,1
5,0,0.8146157,1
5,0,0.9187272,1
5,0,0.8308142,1
5,0,0.8677709,1
5,0,0.7883031,1
5,0,0.9203955,1
5,0,0.9388369,1
5,0,0.8994471,1
5,0,0.93637246,1
5,0,0.95353025,1
5,0,0.88393074,1
5,0,0.81764644,1
5,0,0.91701156,1
5,0,0.79986936,1
5,0,0.9421949,1
5,0,0.9618525,1
5,0,0.9720524,1
5,0,0.83487284,1
5,0,0.82858264,1
5,0,0.9360362,1
5,0,0.91501963,1
5,0,0.9460233,1
5,0,0.92945457,1
5,0,0.97325426,1
5,0,0.97541726,1
5,0,0.9110071,1
5,0,0.9642886,1
5,0,0.9420021,1
5,0,0.90289533,1
5,0,0.98681086,1
5,0,0.96277696,1
5,0,0.97141695,1
5,0,0.96517164,1
5,0,0.9700126,1
5,0,0.9755946,1
5,1,0.9850699,1
5,1,0.96156925,1
5,1,0.98719853,1
5,1,0.9618687,1
5,1,0.98788095,1
5,1,0.9660562,1
5,1,0.9824448,1
5,1,0.96443605,1
5,1,0.98095256,1
5,1,0.977415,1
5,1,0.97740877,1
5,1,0.98750126,1
5,1,0.976976,1
5,1,0.9863647,1
5,1,0.98640025,1
5,1,0.9710595,1
5,1,0.98880136,1
5,1,0.9115676,1
5,1,0.75854486,1
5,1,0.5445401,1
5,1,0.92572355,1
5,1,0.79965883,1
5,1,0.6645303,1
5,1,0.68752146,1
5,1,0.37776524,0
5,1,0.40245056,0
5,1,0.41188148,0
5,1,0.33903122,0
5,1,0.3283095,0
5,1,0.75033647,1
5,1,0.48207283,0
5,1,0.2636546,0
5,1,0.45791036,0
5,1,0.7170618,1
5,1,0.30722034,0
5,1,0.36778122,0
5,1,0.37766433,0
5,1,0.49777108,0
5,1,0.22143622,0
5,1,0.30533937,0
5,1,0.1771702,0
5,1,0.48537943,0
5,1,0.41591692,0
5,1,0.2647461,0
5,1,0.5481335,1
5,1,0.964295,1
5,1,0.9263757,1
5,1,0.9223919,1
5,1,0.8967813,1
5,1,0.828609,1
5,1,0.80280536,1
5,1,0.71435446,1
5,1,0.5004516,1
5,1,0.9444092,1
5,1,0.7058416,1
5,1,0.96207464,1
5,1,0.43940696,0
5,1,0.7340744,1
5,1,0.85477257,1
5,1,0.9322317,1
5,1,0.66207623,1
5,1,0.89113355,1
5,1,0.9074941,1
5,1,0.473268,0
5,1,0.886474,1
5,1,0.9127008,1
5,1,0.9508436,1
5,1,0.7337492,1
5,1,0.9274941,1
5,1,0.9024151,1
5,1,0.7119273,1
5,1,0.8846635,1
5,1,0.8811281,1
5,1,0.568426,1
5,1,0.82128954,1
5,1,0.81595993,1
5,1,0.80044603,1
5,1,0.5933483,1
5,1,0.8007338,1
5,1,0.92139643,1
5,1,0.96304566,1
5,1,0.8750667,1
5,1,0.97274846,1
5,1,0.9891822,1
5,1,0.96313494,1
5,1,0.69415563,1
5,1,0.96011275,1
5,1,0.96055186,1
5,1,0.9660316,1
5,1,0.8173901,1
5,1,0.936224,1
5,1,0.857827,1
5,1,0.9388185,1
5,1,0.89975387,1
5,1,0.83497804,1
5,1,0.6473176,1
5,1,0.76899874,1
5,1,0.89025545,1
5,1,0.6157914,1
5,1,0.013233863,0
5,1,0.017099593,0
5,1,0.0393278,0
5,1,0.04381359,0
5,1,0.06820218,0
5,1,0.024041489,0
5,1,0.11606764,0
5,1,0.025266465,0
5,1,0.029788028,0
5,1,0.17004292,0
5,1,0.025885448,0
5,1,0.01853045,0
5,1,0.087224826,0
5,1,0.061239213,0
5,1,0.037392758,0
5,1,0.036989536,0
5,1,0.030956084,0
5,1,0.104887344,0
5,1,0.08475826,0
5,1,0.113726236,0
5,1,0.090110585,0
5,1,0.22639272,0
5,1,0.057930548,0
5,1,0.11648717,0
5,1,0.037128344,0
5,1,0.20657508,0
5,1,0.12069667,0
5,1,0.06150898,0
5,1,0.20540433,0
5,1,0.040681764,0
5,1,0.06283817,0
5,1,0.09880061,0
5,1,0.09512269,0
5,1,0.22167258,0
5,1,0.042518757,0
5,1,0.21687728,0
5,1,0.91498697,1
5,1,0.73602754,1
5,1,0.8613841,1
5,1,0.60568684,1
5,1,0.9512702,1
5,1,0.8889507,1
5,1,0.8969581,1
5,1,0.5652491,1
5,1,0.8039864,1
5,1,0.32307383,0
5,1,0.16322786,0
5,1,0.3797806,0
5,1,0.20871149,0
5,1,0.22490297,0
5,1,0.19097744,0
5,1,0.34372297,0
5,1,0.5366795,1
5,1,0.44024232,0
5,1,0.40690115,0
5,1,0.33863693,0
5,1,0.26833585,0
5,1,0.37372065,0
5,1,0.34221575,0
5,1,0.28278,0
5,1,0.48343,0
5,1,0.4108187,0
5,1,0.48212528,0
5,1,0.64216965,1
5,1,0.8471933,1
5,1,0.75094885,1
5,1,0.72582227,1
5,1,0.61320096,1
5,1,0.78965604,1
5,1,0.5959927,1
5,1,0.72226125,1
5,1,0.78326875,1
5,1,0.6811162,1
5,1,0.6203771,1
5,1,0.74783933,1
5,1,0.70311004,1
5,1,0.74472994,1
5,1,0.45517558,0
5,1,0.6946963,1
5,1,0.46089458,0
5,1,0.37083822,0
5,1,0.40315434,0
5,1,0.2504922,0
5,1,0.2600949,0
5,1,0.6251186,1
5,1,0.31465253,0
5,1,0.17070827,0
5,1,0.22739701,0
5,1,0.41943046,0
5,1,0.41114306,0
5,1,0.59850895,1
5,1,0.29156226,0
5,1,0.385801,0
5,1,0.45130855,0
5,1,0.44956362,0
5,1,0.28735238,0
5,1,0.44908407,0
5,1,0.39877173,0
5,1,0.23691474,0
5,1,0.55221015,1
5,1,0.4982223,0
5,1,0.70893073,1
5,1,0.7486496,1
5,1,0.7859238,1
5,1,0.5007757,1
5,1,0.65446633,1
5,1,0.73484623,1
5,1,0.38073298,0
5,1,0.5465399,1
5,1,0.46463904,0
5,1,0.65349835,1
5,1,0.35836276,0
5,1,0.68789154,1
5,1,0.9264716,1
5,1,0.8999944,1
5,1,0.7354523,1
5,1,0.89565843,1
5,1,0.8931471,1
5,1,0.5897765,1
5,1,0.8388306,1
5,1,0.8129663,1
5,1,0.81853324,1
5,1,0.6256156,1
5,1,0.8156014,1
5,1,0.8459701,1
5,1,0.63206875,1
5,1,0.925872,1
5,1,0.79382896,1
5,1,0.5568349,1
5,1,0.8649998,1
5,1,0.75504345,1
5,1,0.9831729,1
5,1,0.94032013,1
5,1,0.95059377,1
5,1,0.9405662,1
5,1,0.9389418,1
5,1,0.8838234,1
5,1,0.796129,1
5,1,0.95868754,1
5,1,0.9325775,1
5,1,0.9254804,1
5,1,0.95603144,1
5,1,0.9636413,1
5,1,0.83759636,1
5,1,0.87959707,1
5,1,0.9400969,1
5,1,0.86588943,1
5,1,0.9378926,1
5,1,0.90255433,1
5,1,0.8466654,1
5,1,0.6767309,1
5,1,0.78494763,1
5,1,0.89579475,1
5,1,0.6144115,1
5,1,0.8135961,1
5,1,0.7026742,1
5,1,0.7007448,1
5,1,0.47640494,0
5,1,0.5942089,1
5,1,0.82187307,1
5,1,0.84420556,1
5,1,0.8167436,1
5,1,0.74923664,1
5,1,0.8498936,1
5,1,0.5894801,1
5,1,0.73480505,1
5,1,0.41325486,0
5,1,0.54338443,1
5,1,0.5263243,1
5,1,0.3239345,0
5,1,0.48304713,0
5,1,0.5652498,1
5,1,0.45624408,0
5,1,0.3690505,0
5,1,0.7326909,1
5,1,0.48620245,0
5,1,0.31259024,0
5,1,0.69799334,1
5,1,0.636436,1
5,1,0.8088268,1
5,1,0.86585647,1
5,1,0.5702729,1
5,1,0.76795834,1
5,1,0.5992582,1
5,1,0.84728724,1
5,1,0.68555486,1
5,1,0.7965887,1
5,1,0.8067189,1
5,1,0.68279386,1
5,1,0.8967645,1
5,1,0.8773684,1
5,1,0.58148915,1
5,1,0.93092924,1
5,1,0.9287235,1
5,1,0.92218685,1
5,0,0.97961766,1
5,0,0.99752563,1
5,0,0.98522645,1
5,0,0.9908227,1
5,0,0.99400157,1
5,0,0.9961522,1
5,0,0.98920584,1
5,0,0.9989103,1
5,0,0.99802256,1
5,0,0.999037,1
5,0,0.9948532,1
5,0,0.9959919,1
5,0,0.99669015,1
5,0,0.9943561,1
5,0,0.98906624,1
5,0,0.9991535,1
5,0,0.99403846,1
5,0,0.99003005,1
5,0,0.9810129,1
5,0,0.98875254,1
5,0,0.976488,1
5,0,0.98957247,1
5,0,0.9919377,1
5,0,0.9840274,1
5,0,0.99454343,1
5,0,0.9979091,1
5,0,0.99526054,1
5,0,0.99727196,1
5,0,0.99193513,1
5,0,0.990621,1
5,0,0.993053,1
5,0,0.9850545,1
5,0,0.98459387,1
5,0,0.98816663,1
5,0,0.94951016,1
5,0,0.96168697,1
5,0,0.9824386,1
5,0,0.98450965,1
5,0,0.98838603,1
5,0,0.95563227,1
5,0,0.97991735,1
5,0,0.9071498,1
5,0,0.98248243,1
5,0,0.9902637,1
5,0,0.9923103,1
5,0,0.9925403,1
5,0,0.99721354,1
5,0,0.99057674,1
5,0,0.98771983,1
5,0,0.9960687,1
5,0,0.9926851,1
5,0,0.99585956,1
5,0,0.9949143,1
5,0,0.98822844,1
5,0,0.99232566,1
5,0,0.9960651,1
5,0,0.9965546,1
5,0,0.9927193,1
5,0,0.9864135,1
5,0,0.98410404,1
5,0,0.96594083,1
5,0,0.99649906,1
5,0,0.99465394,1
5,0,0.997609,1
5,0,0.9982663,1
5,0,0.9904993,1
5,0,0.9644741,1
5,0,0.9893518,1
5,0,0.99871635,1
5,0,0.9858413,1
5,0,0.9939194,1
5,0,0.9974957,1
5,0,0.9945051,1
5,0,0.991284,1
5,0,0.99670476,1
5,0,0.9980654,1
5,0,0.995854,1
5,0,0.9978327,1
5,0,0.99742174,1
5,0,0.997031,1
5,0,0.997029,1
5,0,0.99252594,1
5,0,0.9926916,1
5,0,0.9729561,1
5,0,0.9944563,1
5,0,0.98818386,1
5,0,0.96249515,1
5,0,0.9845867,1
5,0,0.9985827,1
5,0,0.9987508,1
5,0,0.99745876,1
5,0,0.97384065,1
5,0,0.9871388,1
5,0,0.986521,1
5,0,0.9770871,1
5,0,0.9943141,1
5,0,0.99876946,1
5,0,0.9979557,1
5,0,0.9884161,1
5,0,0.9955994,1
5,0,0.9937111,1
5,0,0.99864763,1
5,1,0.99558675,1
5,1,0.9975267,1
5,1,0.9877927,1
5,1,0.99938774,1
5,1,0.9994373,1
5,1,0.9830983,1
5,1,0.9975126,1
5,1,0.93257165,1
5,1,0.96947193,1
5,1,0.98836786,1
5,1,0.98841304,1
5,1,0.98552173,1
5,1,0.99711967,1
5,1,0.9985833,1
5,1,0.98891723,1
5,1,0.9926736,1
5,1,0.99840194,1
5,1,0.9953538,1
5,0,0.93986434,1
5,0,0.91858184,1
5,0,0.9960802,1
5,0,0.9928306,1
5,0,0.9312279,1
5,0,0.97988427,1
5,0,0.9830019,1
5,0,0.97334564,1
5,0,0.9885232,1
5,0,0.9939096,1
5,0,0.99130756,1
5,0,0.98938096,1
5,0,0.9922097,1
5,0,0.987397,1
5,0,0.9893863,1
5,0,0.99188423,1
5,0,0.98583,1
5,0,0.99328136,1
5,0,0.9959787,1
5,0,0.9862943,1
5,0,0.99822026,1
5,0,0.99686277,1
5,0,0.99669266,1
5,0,0.9991528,1
5,0,0.9987538,1
5,0,0.99914336,1
5,0,0.99706,1
5,0,0.99847394,1
5,0,0.998865,1
5,0,0.99552166,1
5,0,0.9983505,1
5,0,0.9935061,1
5,0,0.99835455,1
5,0,0.9985234,1
5,0,0.99899465,1
5,0,0.9976525,1
5,0,0.99802786,1
5,0,0.9975375,1
5,0,0.9992067,1
5,0,0.9986332,1
5,0,0.9967163,1
5,0,0.9979734,1
5,0,0.9912458,1
5,0,0.9965238,1
5,0,0.99428296,1
5,0,0.9974656,1
5,0,0.9991278,1
5,0,0.9968124,1
5,0,0.98928714,1
5,0,0.99759465,1
5,0,0.98949766,1
5,0,0.98444104,1
5,0,0.9953316,1
5,0,0.98831147,1
5,0,0.9936221,1
5,0,0.9903865,1
5,0,0.9898052,1
5,0,0.99378806,1
5,0,0.9859222,1
5,0,0.9952272,1
5,0,0.9931157,1
5,0,0.99459535,1
5,0,0.9955226,1
5,0,0.99470997,1
5,0,0.99845755,1
5,0,0.99598986,1
5,0,0.9975303,1
5,0,0.9975715,1
5,0,0.9947221,1
5,0,0.9965228,1
5,0,0.99398464,1
5,0,0.99007016,1
5,0,0.98663574,1
5,0,0.9911957,1
5,0,0.9804882,1
5,0,0.9855076,1
5,0,0.9884399,1
5,0,0.9866895,1
5,0,0.9783691,1
5,0,0.93078846,1
5,0,0.9675474,1
5,0,0.9443101,1
5,0,0.9664698,1
5,0,0.971289,1
5,0,0.9083108,1
5,0,0.9712752,1
5,0,0.9543165,1
5,0,0.92784435,1
5,0,0.92324746,1
5,0,0.96127737,1
5,0,0.9663286,1
5,0,0.9385898,1
5,0,0.9618234,1
5,0,0.88255507,1
5,0,0.9396494,1
5,0,0.74812186,1
5,0,0.9259418,1
5,0,0.95936805,1
5,0,0.9504346,1
5,0,0.9179036,1
5,0,0.94076157,1
5,0,0.9628209,1
5,0,0.95387787,1
5,0,0.97790605,1
5,0,0.98347014,1
5,1,0.9288902,1
5,1,0.93800396,1
5,1,0.97630376,1
5,1,0.97421646,1
5,1,0.96865183,1
5,1,0.96832657,1
5,1,0.9809249,1
5,1,0.9898052,1
5,1,0.9291523,1
5,1,0.95142245,1
5,1,0.9875327,1
5,1,0.9647038,1
5,1,0.9767254,1
5,1,0.78561145,1
5,1,0.9096988,1
5,1,0.8983245,1
5,1,0.86588424,1
5,1,0.76059794,1
5,1,0.6660709,1
5,1,0.73369145,1
5,1,0.82954633,1
5,1,0.7376456,1
5,1,0.6798492,1
5,1,0.72664976,1
5,1,0.69498837,1
5,1,0.63545734,1
5,1,0.68320435,1
5,1,0.6968624,1
5,0,0.51060176,1
5,0,0.58375597,1
5,0,0.90380126,1
5,0,0.9251412,1
5,0,0.8784635,1
5,0,0.9435343,1
5,0,0.7655061,1
5,0,0.8899967,1
5,0,0.9691321,1
5,0,0.987321,1
5,0,0.97595793,1
5,0,0.9686064,1
5,0,0.9933001,1
5,0,0.98705184,1
5,0,0.97725815,1
5,0,0.9753254,1
5,0,0.9845568,1
5,0,0.97476906,1
5,0,0.9694103,1
5,0,0.8380889,1
5,0,0.98398244,1
5,0,0.9016472,1
5,0,0.9781973,1
5,0,0.97391146,1
5,0,0.96272105,1
5,0,0.9774171,1
5,0,0.96183497,1
5,0,0.9848719,1
5,0,0.88582057,1
5,0,0.9703489,1
5,0,0.80362403,1
5,0,0.8717231,1
5,0,0.9123557,1
5,0,0.8652207,1
5,0,0.971365,1
5,0,0.96766984,1
5,0,0.8333391,1
5,0,0.3261235,0
5,0,0.89035386,1
5,0,0.45533305,0
5,0,0.3148796,0
5,0,0.8018295,1
5,0,0.5529823,1
5,0,0.8478821,1
5,0,0.8599733,1
5,0,0.7624927,1
5,0,0.9029059,1
5,0,0.9835279,1
5,0,0.84842014,1
5,0,0.9427279,1
5,0,0.98094064,1
5,0,0.86010426,1
5,0,0.9372867,1
5,0,0.9493004,1
5,0,0.9762471,1
5,0,0.9459887,1
5,0,0.97309643,1
5,0,0.94409096,1
5,0,0.9821732,1
5,0,0.89981216,1
5,0,0.97978276,1
5,0,0.9816336,1
5,0,0.9622593,1
5,0,0.9707215,1
5,0,0.96816975,1
5,0,0.8951113,1
5,0,0.92041075,1
5,0,0.9453517,1
5,0,0.9027649,1
5,0,0.9368783,1
5,0,0.92229575,1
5,0,0.861065,1
5,0,0.9613831,1
5,0,0.9257914,1
5,0,0.857262,1
5,0,0.85368973,1
5,0,0.90350187,1
5,0,0.8096487,1
5,0,0.8440378,1
5,0,0.8842618,1
5,0,0.8955258,1
5,0,0.9054403,1
5,0,0.895827,1
5,0,0.4446595,0
5,0,0.63618344,1
5,0,0.7369815,1
5,0,0.29467204,0
5,0,0.41522136,0
5,0,0.6190416,1
5,0,0.3873218,0
5,0,0.8121561,1
5,0,0.5323295,1
5,0,0.71937346,1
5,0,0.33812284,0
5,0,0.9236104,1
5,0,0.23772007,0
5,0,0.51646864,1
5,0,0.8235901,1
5,0,0.7224077,1
5,0,0.6045482,1
5,0,0.9624875,1
5,0,0.8269731,1
5,1,0.49785614,0
5,1,0.73733276,1
5,1,0.6486976,1
5,1,0.9226321,1
5,1,0.4124268,0
5,1,0.2587627,0
5,1,0.85963184,1
5,1,0.76664555,1
5,1,0.90784633,1
5,1,0.84539735,1
5,1,0.65819955,1
5,1,0.56971514,1
5,1,0.5277606,1
5,1,0.66508037,1
5,1,0.5943776,1
5,1,0.74835706,1
5,1,0.5516667,1
5,1,0.86301494,1
5,0,0.88761485,1
5,0,0.9209952,1
5,0,0.95538586,1
5,0,0.96016276,1
5,0,0.80709815,1
5,0,0.9733435,1
5,0,0.9757312,1
5,0,0.9299457,1
5,0,0.9169535,1
5,0,0.91647816,1
5,0,0.88281435,1
5,0,0.87910926,1
5,0,0.90927863,1
5,0,0.9615278,1
5,0,0.86785597,1
5,0,0.86978155,1
5,0,0.41912067,0
5,0,0.7143835,1
5,0,0.48973036,0
5,0,0.3442055,0
5,0,0.5660244,1
5,0,0.8591728,1
5,0,0.44935203,0
5,0,0.8662618,1
5,0,0.62427104,1
5,0,0.9792675,1
5,0,0.8818391,1
5,0,0.8242838,1
5,0,0.9280827,1
5,0,0.89921194,1
5,0,0.94616306,1
5,0,0.976756,1
5,0,0.92621297,1
5,0,0.98004913,1
5,0,0.9431961,1
5,0,0.98553014,1
5,1,0.6095854,1
5,1,0.82269937,1
5,1,0.8907312,1
5,1,0.9544785,1
5,1,0.7724448,1
5,1,0.95056653,1
5,1,0.93089205,1
5,1,0.53975105,1
5,1,0.17729746,0
5,1,0.165558,0
5,1,0.17350021,0
5,1,0.18962651,0
5,1,0.10680585,0
5,1,0.19321573,0
5,1,0.49549335,0
5,1,0.084001765,0
5,1,0.15373203,0
5,1,0.9830989,1
5,1,0.99017745,1
5,1,0.987611,1
5,1,0.988891,1
5,1,0.99419785,1
5,1,0.76267296,1
5,1,0.9946602,1
5,1,0.9958883,1
5,1,0.95099723,1
5,1,0.9914384,1
5,1,0.99473405,1
5,1,0.9513488,1
5,1,0.9775457,1
5,1,0.9962591,1
5,1,0.94194245,1
5,1,0.9841307,1
5,1,0.9983954,1
5,1,0.9852539,1
5,0,0.39714625,0
5,0,0.29891628,0
5,0,0.5113113,1
5,0,0.51282495,1
5,0,0.51543283,1
5,0,0.31498533,0
5,0,0.3171059,0
5,0,0.42230225,0
5,0,0.41001123,0
5,0,0.33694494,0
5,0,0.30154225,0
5,0,0.2963216,0
5,0,0.3460025,0
5,0,0.35208103,0
5,0,0.5743234,1
5,0,0.7684793,1
5,0,0.7314409,1
5,0,0.7482747,1
5,0,0.8383175,1
5,0,0.799589,1
5,0,0.7885788,1
5,0,0.9015203,1
5,0,0.65709,1
5,0,0.8082039,1
5,0,0.8516033,1
5,0,0.7915318,1
5,0,0.8223542,1
5,0,0.77473396,1
5,1,0.079631366,0
5,1,0.08641792,0
5,1,0.16926862,0
5,1,0.2787961,0
5,1,0.25696275,0
5,1,0.027575703,0
5,1,0.089447305,0
5,1,0.1318489,0
5,1,0.13502526,0
5,1,0.55236816,1
5,1,0.2531981,0
5,1,0.14431427,0
5,1,0.14569066,0
5,1,0.2735999,0
5,1,0.6027207,1
5,1,0.28285128,0
5,1,0.13565679,0
5,1,0.1755496,0
5,1,0.096054755,0
5,1,0.067408554,0
5,1,0.028279234,0
5,1,0.049441382,0
5,1,0.08699816,0
5,1,0.13981721,0
5,1,0.07936871,0
5,1,0.07280013,0
5,1,0.048439812,0
5,1,0.44208616,0
5,1,0.6379838,1
5,1,0.7136595,1
5,1,0.51887625,1
5,1,0.5092887,1
5,1,0.7173537,1
5,1,0.76716065,1
5,1,0.7793022,1
5,1,0.5803427,1
5,1,0.6655504,1
5,1,0.7516713,1
5,1,0.5894794,1
5,1,0.771793,1
5,1,0.7959929,1
5,1,0.8152837,1
5,1,0.6120544,1
5,1,0.6677834,1
5,1,0.5724697,1
5,1,0.5715444,1
5,0,0.8465132,1
5,0,0.9296518,1
5,0,0.7817597,1
5,0,0.8518268,1
5,0,0.7303762,1
5,0,0.47610006,0
5,0,0.5367474,1
5,0,0.46875057,0
5,0,0.6683242,1
5,0,0.56100893,1
5,0,0.4372286,0
5,0,0.38660562,0
5,0,0.5816036,1
5,0,0.7506113,1
5,0,0.337984,0
5,0,0.80404556,1
5,0,0.67215055,1
5,0,0.2133289,0
5,0,0.7493848,1
5,0,0.7909032,1
5,0,0.6293692,1
5,0,0.9889875,1
5,0,0.9917999,1
5,0,0.92671764,1
5,0,0.816686,1
5,0,0.4804727,0
5,0,0.7902573,1
5,0,0.9028441,1
5,0,0.88174844,1
5,0,0.5330607,1
5,0,0.64539343,1
5,0,0.88293433,1
5,0,0.50029045,1
5,0,0.98265356,1
5,0,0.82649463,1
5,0,0.9868685,1
