Fold,Label,Prob,Preds
1,1,0.6544499,1
1,1,0.60039645,1
1,1,0.62599456,1
1,1,0.593294,1
1,1,0.58336765,1
1,1,0.6430707,1
1,1,0.63443714,1
1,1,0.6793875,1
1,1,0.6630748,1
1,1,0.7242834,1
1,1,0.7250074,1
1,1,0.64251757,1
1,1,0.62064314,1
1,1,0.5657443,1
1,1,0.5998918,1
1,1,0.6053348,1
1,1,0.61226964,1
1,1,0.61226964,1
1,1,0.6363987,1
1,1,0.66380024,1
1,1,0.630141,1
1,1,0.6351832,1
1,1,0.66717345,1
1,1,0.7144489,1
1,1,0.6945852,1
1,1,0.6104073,1
1,1,0.56485224,1
1,1,0.54801905,1
1,1,0.49409562,0
1,1,0.5451168,1
1,1,0.5451168,1
1,1,0.45081118,0
1,1,0.4878613,0
1,1,0.65912026,1
1,1,0.70050156,1
1,1,0.7354101,1
1,1,0.7053986,1
1,1,0.8937956,1
1,1,0.8845421,1
1,1,0.87857044,1
1,1,0.9436479,1
1,1,0.9733705,1
1,1,0.98302126,1
1,1,0.97121865,1
1,1,0.94568884,1
1,1,0.96707267,1
1,1,0.9932921,1
1,1,0.98468876,1
1,1,0.5408883,1
1,1,0.5558332,1
1,1,0.60100394,1
1,1,0.59248275,1
1,1,0.52898693,1
1,1,0.5827636,1
1,1,0.56550425,1
1,1,0.63306206,1
1,1,0.6587184,1
1,1,0.72140765,1
1,1,0.6618028,1
1,1,0.6883821,1
1,1,0.6883821,1
1,1,0.69651353,1
1,1,0.25771683,0
1,1,0.20795633,0
1,1,0.171523,0
1,1,0.16761644,0
1,1,0.17236124,0
1,1,0.17182814,0
1,1,0.18405497,0
1,1,0.18060982,0
1,1,0.1681983,0
1,1,0.14586766,0
1,1,0.16088367,0
1,1,0.16088367,0
1,1,0.14090113,0
1,1,0.160276,0
1,1,0.24180241,0
1,1,0.31490678,0
1,1,0.37087205,0
1,1,0.4869877,0
1,1,0.48936325,0
1,1,0.47688866,0
1,1,0.44450873,0
1,1,0.42003173,0
1,1,0.39931393,0
1,1,0.46093872,0
1,1,0.47926444,0
1,1,0.49997327,0
1,1,0.5177108,1
1,1,0.5264595,1
1,1,0.5394158,1
1,1,0.49352992,0
1,1,0.4238125,0
1,1,0.37728187,0
1,1,0.33239692,0
1,1,0.29321924,0
1,1,0.35013467,0
1,1,0.31263968,0
1,1,0.31719324,0
1,1,0.31710887,0
1,1,0.35500708,0
1,1,0.3287965,0
1,1,0.4031696,0
1,1,0.34243336,0
1,1,0.34243336,0
1,1,0.30987853,0
1,1,0.31567547,0
1,1,0.25850132,0
1,1,0.29829964,0
1,1,0.36089137,0
1,1,0.3132516,0
1,1,0.5213749,1
1,1,0.45630658,0
1,1,0.47482777,0
1,1,0.4423326,0
1,1,0.4423326,0
1,1,0.41926876,0
1,1,0.40237364,0
1,1,0.44596922,0
1,1,0.514282,1
1,1,0.5644046,1
1,1,0.56033003,1
1,1,0.51222926,1
1,1,0.40743282,0
1,1,0.4610203,0
1,1,0.4610203,0
1,1,0.40139332,0
1,1,0.3193705,0
1,1,0.33973977,0
1,1,0.42377937,0
1,1,0.43722275,0
1,1,0.4112349,0
1,1,0.31819943,0
1,1,0.29678807,0
1,1,0.3093657,0
1,1,0.32902247,0
1,1,0.30081674,0
1,1,0.36592177,0
1,1,0.40432736,0
1,1,0.33835554,0
1,1,0.4407529,0
1,1,0.5429002,1
1,1,0.49509394,0
1,1,0.43575835,0
1,1,0.39802885,0
1,1,0.39373007,0
1,1,0.4590462,0
1,1,0.5152703,1
1,1,0.4949214,0
1,1,0.4160123,0
1,1,0.46844307,0
1,1,0.46844307,0
1,1,0.36626115,0
1,1,0.3936253,0
1,1,0.39290497,0
1,1,0.40630534,0
1,1,0.38535482,0
1,1,0.44258347,0
1,1,0.4940754,0
1,1,0.47414336,0
1,1,0.43935812,0
1,1,0.46932927,0
1,1,0.5219844,1
1,1,0.56056404,1
1,1,0.61501825,1
1,1,0.5417902,1
1,1,0.64853066,1
1,1,0.6757939,1
1,1,0.59784913,1
1,0,0.5309813,1
1,0,0.51107156,1
1,0,0.48734862,0
1,0,0.48734862,0
1,0,0.44617513,0
1,0,0.44617513,0
1,0,0.44617513,0
1,0,0.47548422,0
1,0,0.46131968,0
1,0,0.5158359,1
1,0,0.52211815,1
1,0,0.55108684,1
1,0,0.6324372,1
1,0,0.55108684,1
1,0,0.5554293,1
1,0,0.5238093,1
1,0,0.5585413,1
1,0,0.58345807,1
1,0,0.6582769,1
1,0,0.6586915,1
1,0,0.6586915,1
1,0,0.60487384,1
1,0,0.58873504,1
1,0,0.6298701,1
1,0,0.5722863,1
1,0,0.65732116,1
1,0,0.6000829,1
1,0,0.51603204,1
1,0,0.56172127,1
1,0,0.52637374,1
1,0,0.588094,1
1,0,0.56971973,1
1,0,0.55143785,1
1,0,0.553179,1
1,0,0.56144565,1
1,0,0.56144565,1
1,0,0.63101554,1
1,0,0.60044545,1
1,0,0.6164691,1
1,0,0.6492497,1
1,0,0.6392059,1
1,0,0.6540853,1
1,0,0.7118466,1
1,0,0.7448058,1
1,0,0.79366124,1
1,0,0.7165209,1
1,0,0.72994673,1
1,0,0.6888753,1
1,0,0.6649718,1
1,0,0.6973912,1
1,0,0.59049016,1
1,0,0.63833994,1
1,0,0.60316026,1
1,0,0.5810066,1
1,0,0.55624974,1
1,0,0.4985907,0
1,0,0.4985907,0
1,0,0.5097299,1
1,0,0.60199034,1
1,0,0.60954607,1
1,0,0.6464512,1
1,0,0.6762295,1
1,0,0.6083465,1
1,0,0.6083465,1
1,0,0.6274139,1
1,0,0.6274139,1
1,0,0.6274139,1
1,0,0.6274139,1
1,0,0.6006198,1
1,0,0.6006198,1
1,0,0.62238336,1
1,0,0.5789778,1
1,0,0.5552273,1
1,0,0.55298656,1
1,0,0.5262965,1
1,0,0.5306267,1
1,0,0.5519245,1
1,0,0.5655402,1
1,0,0.5721149,1
1,0,0.5342104,1
1,0,0.5721149,1
1,0,0.47986537,0
1,0,0.53111106,1
1,0,0.5702296,1
1,0,0.51383513,1
1,1,0.56926584,1
1,1,0.49673402,0
1,1,0.5169267,1
1,1,0.5169267,1
1,1,0.5169267,1
1,1,0.5169267,1
1,1,0.48530355,0
1,1,0.50822854,1
1,1,0.5338813,1
1,1,0.5627291,1
1,1,0.52163494,1
1,1,0.5627291,1
1,1,0.5418627,1
1,1,0.45919245,0
1,1,0.3539603,0
1,1,0.34944722,0
1,1,0.42871487,0
1,1,0.4742157,0
1,1,0.41716373,0
1,1,0.39262885,0
1,1,0.38752553,0
1,1,0.38359612,0
1,1,0.27291796,0
1,1,0.26944998,0
1,1,0.19010927,0
1,1,0.18689199,0
1,1,0.24279785,0
1,1,0.21974054,0
1,1,0.33148074,0
1,1,0.4061998,0
1,1,0.47690538,0
1,1,0.40251863,0
1,1,0.37483072,0
1,1,0.38772652,0
1,1,0.42306435,0
1,1,0.43989706,0
1,1,0.48618537,0
1,1,0.4960774,0
1,1,0.45118332,0
1,1,0.3925598,0
1,1,0.38536793,0
1,1,0.23680162,0
1,1,0.3246756,0
1,1,0.302863,0
1,1,0.30815488,0
1,1,0.3197761,0
1,1,0.33332896,0
1,1,0.41318592,0
1,1,0.34526125,0
1,1,0.5370882,1
1,1,0.49589047,0
1,1,0.58863795,1
1,1,0.5154318,1
1,1,0.44699433,0
1,1,0.50439984,1
1,1,0.5570045,1
1,1,0.5956616,1
1,1,0.5419985,1
1,1,0.5605016,1
1,1,0.55998284,1
1,1,0.5207056,1
1,1,0.5406522,1
1,1,0.5785167,1
1,1,0.60247076,1
1,1,0.6244148,1
1,1,0.6523915,1
1,1,0.6350917,1
1,1,0.6492737,1
1,1,0.659799,1
1,1,0.69439906,1
1,1,0.70671,1
1,1,0.7350919,1
1,1,0.7690597,1
1,1,0.7393311,1
1,1,0.7831262,1
1,1,0.7632342,1
1,1,0.70637274,1
1,1,0.64399546,1
1,1,0.60401654,1
1,1,0.5905149,1
1,1,0.5451629,1
1,0,0.44649354,0
1,0,0.42912075,0
1,0,0.41365334,0
1,0,0.39578655,0
1,0,0.3090166,0
1,0,0.24346443,0
1,0,0.27447402,0
1,0,0.28484252,0
1,0,0.3856395,0
1,0,0.4230404,0
1,0,0.37474713,0
1,0,0.30577907,0
1,1,0.24264793,0
1,1,0.27708498,0
1,1,0.3736453,0
1,1,0.3137116,0
1,1,0.25947875,0
1,1,0.25598472,0
1,1,0.27513978,0
1,1,0.35113215,0
1,1,0.42229605,0
1,1,0.45038852,0
1,1,0.43295753,0
1,1,0.46294013,0
1,1,0.45547307,0
1,1,0.43030417,0
1,1,0.45808238,0
1,1,0.48865044,0
1,1,0.50287217,1
1,1,0.43041632,0
1,1,0.45984712,0
1,1,0.5026213,1
1,1,0.48856163,0
1,0,0.4994259,0
1,0,0.52355224,1
1,0,0.5717966,1
1,0,0.5286877,1
1,0,0.47226784,0
1,0,0.40443334,0
1,0,0.47964478,0
1,0,0.5057838,1
1,0,0.49396405,0
1,0,0.49396405,0
1,0,0.48020363,0
1,1,0.6088916,1
1,1,0.67567664,1
1,1,0.66025674,1
1,1,0.65701073,1
1,1,0.65701073,1
1,0,0.56807613,1
1,0,0.52085835,1
1,0,0.5046539,1
1,0,0.53671575,1
1,0,0.5793921,1
1,0,0.5250532,1
1,0,0.54638696,1
1,0,0.577821,1
1,0,0.5235424,1
1,0,0.5586452,1
1,0,0.52735585,1
1,0,0.5056245,1
1,0,0.49031475,0
1,0,0.5041556,1
1,0,0.47629848,0
1,0,0.46963733,0
1,0,0.42646277,0
1,0,0.45409223,0
1,0,0.43759313,0
1,0,0.46898732,0
1,0,0.52641946,1
1,0,0.5353349,1
1,0,0.5047861,1
1,1,0.6065091,1
1,1,0.54321814,1
1,1,0.54321814,1
1,1,0.5864267,1
1,1,0.5641683,1
1,1,0.6056773,1
1,1,0.6056773,1
1,1,0.61512434,1
1,1,0.7078793,1
1,0,0.61141497,1
1,0,0.58562994,1
1,0,0.523394,1
1,0,0.5007436,1
1,0,0.4988654,0
1,0,0.4853185,0
1,0,0.37650913,0
1,0,0.35279983,0
1,0,0.30221492,0
1,0,0.26349118,0
1,0,0.25681508,0
1,0,0.2557452,0
1,0,0.27752283,0
1,0,0.27205884,0
1,0,0.20212564,0
1,0,0.27795067,0
1,0,0.28311893,0
1,0,0.28311893,0
1,0,0.3214713,0
1,0,0.31061235,0
1,0,0.3837926,0
1,0,0.43639287,0
1,0,0.45200595,0
1,0,0.4351507,0
1,0,0.46870208,0
1,0,0.45367992,0
1,0,0.45367992,0
1,0,0.47609246,0
1,0,0.46686336,0
1,0,0.5038282,1
1,0,0.5119521,1
1,0,0.49508008,0
1,0,0.46244025,0
1,0,0.45256725,0
1,0,0.46386582,0
1,0,0.45682985,0
1,0,0.4577021,0
1,0,0.4619948,0
1,1,0.45964673,0
1,1,0.46303728,0
1,1,0.49749434,0
1,1,0.49749434,0
1,1,0.5052365,1
1,1,0.60312515,1
1,1,0.5778667,1
1,1,0.5456456,1
1,1,0.5730207,1
1,0,0.5209068,1
1,0,0.5430586,1
1,0,0.5505291,1
1,0,0.5646363,1
1,0,0.56414944,1
1,0,0.50546783,1
1,0,0.43676206,0
1,0,0.36369413,0
1,0,0.36369413,0
1,0,0.34499693,0
1,0,0.32227054,0
1,0,0.36028963,0
1,0,0.41212466,0
1,0,0.44893566,0
1,0,0.4070095,0
1,0,0.35993484,0
1,0,0.37118414,0
1,0,0.38463673,0
1,0,0.34147462,0
1,0,0.33339977,0
1,0,0.35460055,0
1,0,0.376216,0
1,0,0.45573223,0
1,0,0.49409455,0
1,0,0.5057788,1
1,0,0.502083,1
1,0,0.5138614,1
1,1,0.486524,0
1,1,0.48883834,0
1,1,0.49698293,0
1,1,0.48304313,0
1,1,0.43318182,0
1,1,0.40443346,0
1,1,0.44477105,0
1,1,0.4777742,0
1,1,0.4907267,0
1,0,0.47228244,0
1,0,0.45875418,0
1,0,0.5238514,1
1,0,0.54526013,1
1,0,0.6095265,1
1,0,0.63565797,1
1,0,0.643618,1
1,1,0.6011157,1
1,1,0.5520356,1
1,1,0.5520356,1
1,1,0.40116847,0
1,1,0.3978028,0
1,1,0.35994858,0
1,1,0.35994858,0
1,1,0.310913,0
1,1,0.316245,0
1,1,0.27890426,0
1,1,0.40252665,0
1,1,0.4253337,0
1,1,0.42363715,0
1,1,0.385825,0
1,1,0.42363715,0
1,1,0.43308654,0
1,1,0.44745314,0
1,1,0.44745314,0
1,1,0.49470377,0
1,1,0.54630643,1
1,1,0.49554726,0
1,0,0.48134837,0
1,0,0.41348946,0
1,0,0.47932035,0
1,0,0.4193369,0
1,0,0.4193369,0
1,0,0.40013474,0
1,0,0.38364184,0
1,0,0.4423775,0
1,0,0.52344537,1
1,0,0.4758808,0
1,0,0.55587035,1
1,0,0.5340795,1
1,0,0.4194669,0
1,0,0.42188752,0
1,0,0.4674961,0
1,1,0.41118982,0
1,1,0.5013118,1
1,1,0.4520403,0
1,1,0.4520403,0
1,1,0.48275822,0
1,1,0.41387078,0
1,1,0.42733517,0
1,1,0.38994616,0
1,1,0.3574377,0
1,1,0.4180716,0
1,1,0.39714468,0
1,1,0.42307898,0
1,1,0.4474602,0
1,1,0.49615693,0
1,1,0.48599833,0
1,1,0.49977964,0
1,1,0.51926005,1
1,0,0.51926005,1
1,0,0.5601955,1
1,0,0.5060254,1
1,0,0.5630382,1
1,0,0.5630382,1
1,0,0.52597415,1
1,0,0.52506995,1
1,0,0.5044513,1
1,0,0.5101965,1
1,0,0.5726101,1
1,0,0.60004896,1
1,1,0.58658534,1
1,1,0.63875437,1
1,1,0.5946949,1
1,1,0.5946949,1
1,1,0.6558516,1
1,1,0.6193192,1
1,1,0.6154602,1
1,1,0.5648102,1
1,1,0.5867715,1
1,1,0.5776656,1
1,1,0.5776656,1
1,1,0.58182764,1
1,1,0.63017505,1
1,1,0.52297986,1
1,1,0.5135895,1
1,1,0.53678083,1
1,1,0.44315594,0
1,1,0.52633303,1
1,1,0.5227731,1
1,1,0.52633303,1
1,1,0.57601684,1
1,1,0.57601684,1
1,1,0.632512,1
1,1,0.59757656,1
1,1,0.59757656,1
1,1,0.54973125,1
1,1,0.5322317,1
1,1,0.39496034,0
1,1,0.4395889,0
1,1,0.4422964,0
1,1,0.40829462,0
1,1,0.3963756,0
1,1,0.5343153,1
1,1,0.61090255,1
1,1,0.671337,1
1,1,0.63899964,1
1,1,0.63899964,1
1,1,0.634015,1
1,1,0.634015,1
1,1,0.5654577,1
1,1,0.52274805,1
1,1,0.52274805,1
1,1,0.6303878,1
1,1,0.600046,1
1,1,0.5994705,1
1,1,0.50679463,1
1,1,0.50679463,1
1,1,0.45840517,0
1,1,0.45840517,0
1,1,0.31590822,0
1,1,0.37594286,0
1,1,0.39198327,0
1,1,0.3539635,0
1,1,0.305589,0
1,0,0.3595335,0
1,0,0.41592762,0
1,0,0.3431431,0
1,0,0.3794048,0
1,0,0.38503662,0
1,0,0.31073043,0
1,0,0.4138007,0
1,0,0.35874298,0
1,0,0.32831603,0
1,0,0.30232254,0
1,0,0.42436707,0
1,0,0.3857516,0
1,0,0.38299394,0
1,0,0.34257415,0
1,0,0.40904117,0
1,0,0.36685276,0
1,0,0.38713154,0
1,0,0.40853414,0
1,0,0.33939022,0
1,0,0.3491342,0
1,0,0.37583897,0
1,0,0.3944163,0
1,0,0.3944163,0
1,0,0.42594242,0
1,0,0.42594242,0
1,0,0.41211694,0
1,0,0.37461597,0
1,0,0.40604943,0
1,0,0.44925016,0
1,0,0.49013984,0
1,0,0.53518456,1
1,1,0.60250455,1
1,1,0.60250455,1
1,1,0.65930647,1
1,1,0.64758873,1
1,1,0.65606755,1
1,1,0.6388194,1
1,1,0.6460962,1
1,1,0.6460962,1
1,1,0.6573869,1
1,1,0.6573869,1
1,1,0.6365373,1
1,1,0.5926826,1
1,0,0.5980256,1
1,0,0.54402936,1
1,0,0.5295428,1
1,0,0.48241204,0
1,0,0.4557399,0
1,0,0.4557399,0
1,0,0.43406174,0
1,0,0.44836256,0
1,0,0.47671595,0
1,0,0.4162465,0
1,0,0.4162465,0
1,0,0.34722072,0
1,1,0.37836462,0
1,1,0.446082,0
1,1,0.43215322,0
1,1,0.4042025,0
1,1,0.4638851,0
1,0,0.52534425,1
1,0,0.5538064,1
1,0,0.61816835,1
1,0,0.6126922,1
1,0,0.6492647,1
1,0,0.59541196,1
1,0,0.5205359,1
1,0,0.58496064,1
1,0,0.49313045,0
1,0,0.5109301,1
1,0,0.42686406,0
1,0,0.46411327,0
1,0,0.42827028,0
1,0,0.42692313,0
1,0,0.41878211,0
1,0,0.3923572,0
1,0,0.35078377,0
1,0,0.3474299,0
1,0,0.35444513,0
1,0,0.36951572,0
1,0,0.3620424,0
1,0,0.41085774,0
1,0,0.47522134,0
1,0,0.50546014,1
1,0,0.48551863,0
1,0,0.46748528,0
1,0,0.43516934,0
1,0,0.46713853,0
1,0,0.47946668,0
1,0,0.4995028,0
1,0,0.48605675,0
1,0,0.5379998,1
1,0,0.5864427,1
1,0,0.51996887,1
1,0,0.5143088,1
1,0,0.48448297,0
1,0,0.44969314,0
1,0,0.42822447,0
1,0,0.41480184,0
1,0,0.47627807,0
1,0,0.5389543,1
1,0,0.54876053,1
1,0,0.5775832,1
1,0,0.51244164,1
1,0,0.4524964,0
1,0,0.40491128,0
1,0,0.43050098,0
1,0,0.32473642,0
1,0,0.38021287,0
1,0,0.2887112,0
1,0,0.3509331,0
1,0,0.28238502,0
1,0,0.27756763,0
1,0,0.267964,0
1,0,0.26397473,0
1,0,0.3413376,0
1,0,0.39382565,0
1,0,0.39382565,0
1,0,0.39382565,0
1,0,0.36760455,0
1,0,0.36760455,0
1,0,0.39344314,0
1,0,0.44848368,0
1,0,0.5031234,1
1,0,0.5031234,1
1,0,0.47697088,0
1,0,0.53281254,1
1,0,0.58362526,1
1,0,0.51278424,1
1,0,0.51278424,1
1,0,0.47512057,0
1,0,0.49273148,0
1,0,0.54051226,1
1,0,0.54051226,1
1,0,0.5891593,1
1,0,0.56969124,1
1,0,0.52484804,1
1,0,0.5876716,1
1,0,0.5208956,1
1,0,0.54883116,1
1,0,0.4889989,0
1,0,0.42227116,0
1,0,0.30627272,0
1,0,0.4007455,0
1,0,0.31481415,0
1,0,0.35100758,0
1,0,0.3657222,0
1,0,0.39622048,0
1,0,0.44515455,0
1,0,0.46856606,0
1,0,0.47085947,0
1,0,0.46236432,0
1,0,0.39589646,0
1,0,0.3644074,0
1,0,0.43501163,0
1,0,0.5242906,1
1,0,0.56843543,1
1,0,0.5820262,1
1,0,0.57036304,1
1,0,0.6206631,1
1,0,0.6292155,1
1,0,0.57059497,1
1,0,0.62110555,1
1,0,0.54490405,1
1,0,0.59023124,1
1,0,0.5661276,1
1,0,0.6251444,1
1,0,0.6444264,1
1,0,0.65122664,1
1,0,0.62979275,1
1,0,0.6075076,1
1,0,0.607925,1
1,0,0.61874723,1
1,0,0.58358693,1
1,0,0.51769745,1
1,0,0.5467475,1
1,0,0.5601911,1
1,0,0.53567266,1
1,0,0.4988923,0
1,0,0.45756757,0
1,0,0.46020484,0
1,0,0.4453176,0
1,0,0.42281678,0
1,0,0.46661183,0
1,0,0.44807687,0
1,0,0.37846085,0
1,0,0.35129637,0
1,0,0.2985874,0
1,0,0.24554378,0
1,0,0.2683186,0
1,0,0.28601104,0
1,0,0.31777245,0
1,0,0.34866437,0
1,0,0.3679105,0
1,0,0.3800941,0
1,0,0.41684553,0
1,0,0.3902478,0
1,0,0.3634559,0
1,0,0.29864094,0
1,0,0.37601346,0
1,0,0.44278258,0
1,0,0.45590028,0
1,0,0.4025308,0
1,0,0.34373948,0
1,0,0.3926189,0
1,0,0.33867857,0
1,0,0.37490118,0
1,0,0.41168132,0
1,1,0.3081015,0
1,1,0.2887481,0
1,1,0.3053201,0
1,1,0.32829067,0
1,1,0.27754503,0
1,1,0.2943308,0
1,1,0.24782738,0
1,1,0.24782738,0
1,1,0.67181855,1
1,1,0.6158699,1
1,1,0.5991875,1
1,1,0.58770066,1
1,1,0.58770066,1
1,1,0.6761383,1
1,1,0.6131734,1
1,1,0.7122637,1
1,1,0.69987255,1
1,1,0.6865158,1
1,1,0.7101889,1
1,1,0.68030196,1
1,1,0.6447042,1
1,1,0.5903154,1
1,1,0.6389225,1
1,1,0.5971736,1
1,1,0.52435124,1
1,1,0.5127352,1
1,1,0.51516396,1
1,1,0.53098464,1
1,1,0.5440135,1
1,1,0.4783865,0
1,1,0.47475272,0
1,1,0.51717174,1
1,1,0.51717174,1
1,1,0.49417007,0
1,1,0.5401067,1
1,1,0.5213358,1
1,1,0.5213358,1
1,1,0.40196142,0
1,1,0.47113425,0
1,1,0.47543773,0
1,1,0.4698501,0
1,1,0.46971297,0
1,1,0.50951844,1
1,1,0.41461995,0
1,0,0.11816369,0
1,0,0.13118836,0
1,0,0.10417509,0
1,0,0.10417509,0
1,0,0.12975705,0
1,0,0.15836325,0
1,0,0.15897836,0
1,0,0.16185537,0
1,0,0.16491912,0
1,0,0.14043707,0
1,0,0.24953337,0
1,0,0.1910996,0
1,0,0.23195788,0
1,0,0.28553858,0
1,0,0.3287808,0
1,0,0.55870736,1
1,0,0.58544046,1
1,0,0.6239038,1
1,0,0.5576183,1
1,0,0.5756824,1
1,0,0.5396993,1
1,0,0.5340545,1
1,0,0.54807115,1
1,0,0.5790793,1
1,0,0.58067524,1
1,0,0.55183476,1
1,0,0.6008285,1
1,0,0.5851582,1
1,0,0.4950513,0
1,0,0.4190837,0
1,0,0.3973491,0
1,0,0.3848324,0
1,0,0.3848324,0
1,0,0.4486976,0
1,0,0.40692332,0
1,0,0.51021516,1
1,0,0.5315272,1
1,0,0.47751877,0
1,0,0.44896436,0
1,0,0.44951412,0
1,0,0.53755057,1
1,0,0.53755057,1
1,0,0.57964975,1
1,0,0.6781224,1
1,0,0.74100333,1
1,0,0.75115067,1
1,0,0.71425885,1
1,0,0.6766077,1
1,0,0.5883706,1
1,0,0.5621952,1
1,0,0.4673496,0
1,0,0.51615876,1
1,0,0.4892122,0
1,0,0.49658415,0
1,0,0.58180714,1
1,0,0.5118726,1
1,0,0.49345842,0
1,0,0.5474409,1
1,0,0.50256735,1
1,0,0.44637075,0
1,0,0.5434578,1
1,0,0.56774735,1
1,0,0.5628025,1
1,0,0.5700762,1
1,0,0.61967295,1
1,0,0.6206333,1
1,0,0.6206333,1
1,0,0.69340944,1
1,0,0.57417625,1
1,0,0.5784413,1
1,0,0.5200293,1
1,0,0.511663,1
1,0,0.47146273,0
1,0,0.51719767,1
1,0,0.52372247,1
1,0,0.51555187,1
1,0,0.5086466,1
1,0,0.52061665,1
1,0,0.5286008,1
1,0,0.5286008,1
1,0,0.53629255,1
1,0,0.5528798,1
1,0,0.50997937,1
1,0,0.6397822,1
1,0,0.6370815,1
1,0,0.6822984,1
1,0,0.6822984,1
1,0,0.72424173,1
1,0,0.69331145,1
1,0,0.65945244,1
1,0,0.64050436,1
1,0,0.6580093,1
1,0,0.62891334,1
1,0,0.6156241,1
1,0,0.6156241,1
1,0,0.57022434,1
1,0,0.5659387,1
1,0,0.53410167,1
1,0,0.48639396,0
1,0,0.5235106,1
1,0,0.4314408,0
1,0,0.46465516,0
1,0,0.4233423,0
1,0,0.3547279,0
1,0,0.4567031,0
1,0,0.50083685,1
1,0,0.52174735,1
1,0,0.5258472,1
1,0,0.50648,1
1,0,0.47870952,0
1,0,0.5387177,1
1,0,0.472699,0
1,0,0.44899172,0
1,0,0.4346953,0
1,0,0.4346953,0
1,0,0.472699,0
1,0,0.42835584,0
1,0,0.43181112,0
1,0,0.43594453,0
1,0,0.40762004,0
1,0,0.45574388,0
1,0,0.39153025,0
1,0,0.38638392,0
1,0,0.37963328,0
1,0,0.3892813,0
1,0,0.35681924,0
1,0,0.4080963,0
1,0,0.47367218,0
1,0,0.5289275,1
1,0,0.49998724,0
1,0,0.49998724,0
1,0,0.5263927,1
1,0,0.52096045,1
1,0,0.56467575,1
1,0,0.5808339,1
1,0,0.52796537,1
1,0,0.5488166,1
1,0,0.54543585,1
1,0,0.5646617,1
1,0,0.533855,1
1,0,0.52465856,1
1,0,0.52465856,1
1,0,0.52465856,1
1,0,0.4313682,0
1,0,0.39654443,0
1,0,0.4313682,0
1,0,0.4313682,0
1,0,0.38190773,0
1,0,0.3407573,0
1,0,0.29122868,0
1,0,0.33930665,0
1,0,0.33930665,0
1,0,0.36825716,0
1,0,0.36825716,0
1,0,0.36435932,0
1,0,0.36435932,0
1,0,0.4058014,0
1,0,0.4058014,0
1,0,0.4110264,0
1,0,0.43729004,0
1,0,0.41966826,0
1,0,0.40700907,0
1,0,0.39954048,0
1,0,0.4230804,0
1,0,0.41693908,0
1,0,0.3503337,0
1,0,0.3656792,0
1,0,0.40034094,0
1,0,0.42355737,0
1,0,0.47954294,0
1,0,0.4870623,0
1,0,0.4870623,0
1,0,0.49553463,0
1,0,0.51271623,1
1,0,0.48502964,0
1,0,0.4715093,0
1,0,0.4808416,0
1,0,0.5151231,1
1,0,0.49757907,0
1,0,0.55331016,1
1,0,0.61154556,1
1,0,0.5500751,1
1,0,0.5323363,1
1,0,0.5842907,1
1,0,0.6162017,1
1,0,0.64450645,1
1,0,0.62670815,1
1,0,0.58814025,1
1,0,0.58073926,1
1,0,0.59877175,1
1,0,0.62595,1
1,0,0.67729557,1
1,0,0.654052,1
1,0,0.654052,1
1,0,0.5898471,1
1,0,0.4419717,0
1,0,0.5898471,1
1,0,0.5105006,1
1,0,0.438032,0
1,0,0.46278328,0
1,0,0.47986352,0
1,0,0.46091095,0
1,0,0.5365836,1
1,0,0.49525124,0
1,0,0.5353099,1
1,0,0.51868606,1
1,0,0.4291223,0
1,0,0.5273601,1
1,0,0.5069863,1
1,0,0.5245991,1
1,0,0.63347304,1
1,0,0.6123498,1
1,0,0.576833,1
1,0,0.6217059,1
1,0,0.5896897,1
1,0,0.60982794,1
1,0,0.64140004,1
1,0,0.6500177,1
1,0,0.6812453,1
1,0,0.67343503,1
1,0,0.7436083,1
1,0,0.695151,1
1,0,0.6329287,1
1,0,0.64121234,1
1,0,0.6605731,1
1,0,0.5542577,1
1,0,0.5961709,1
1,0,0.62015295,1
1,0,0.6315706,1
1,0,0.6566775,1
1,0,0.61392915,1
1,0,0.5565717,1
1,0,0.5004695,1
1,0,0.484495,0
1,0,0.44693086,0
1,0,0.42741022,0
1,0,0.47646755,0
1,0,0.48815814,0
1,0,0.47872636,0
1,0,0.47872636,0
1,0,0.49900344,0
1,0,0.49299565,0
1,0,0.47711584,0
1,0,0.4568433,0
1,0,0.4568433,0
1,0,0.45641562,0
1,0,0.44335994,0
1,0,0.44335994,0
1,0,0.46325135,0
1,0,0.49003798,0
1,0,0.52840376,1
1,0,0.5054632,1
1,0,0.5307566,1
1,0,0.5453423,1
1,0,0.5475133,1
1,0,0.5403273,1
1,0,0.53535163,1
1,0,0.5437063,1
1,0,0.55564284,1
1,0,0.5437063,1
1,0,0.56090564,1
1,0,0.5751194,1
1,0,0.64202595,1
1,0,0.64971954,1
1,0,0.640829,1
1,0,0.5683856,1
1,0,0.5547898,1
1,0,0.5046655,1
1,0,0.49014091,0
1,0,0.54220515,1
1,0,0.5064627,1
1,0,0.5596694,1
1,0,0.5596694,1
1,0,0.6035107,1
1,0,0.57684135,1
1,0,0.54727834,1
1,0,0.47006038,0
1,0,0.38779864,0
1,0,0.35132164,0
1,0,0.3933947,0
1,0,0.41796,0
1,0,0.46935186,0
1,0,0.4995258,0
1,0,0.508593,1
1,0,0.4953738,0
1,0,0.5303574,1
1,0,0.52854806,1
1,0,0.566658,1
1,0,0.5614848,1
1,0,0.64184487,1
1,0,0.565455,1
1,0,0.6136884,1
1,0,0.6630779,1
1,0,0.65357715,1
1,0,0.67191356,1
1,0,0.7109476,1
1,0,0.6710987,1
1,0,0.7235633,1
1,0,0.6779207,1
1,0,0.5933666,1
1,0,0.570431,1
1,0,0.5066248,1
1,0,0.4822324,0
1,0,0.47118384,0
1,0,0.4041798,0
1,0,0.4418434,0
1,0,0.41160673,0
1,0,0.42213508,0
1,0,0.436372,0
1,0,0.42739114,0
1,0,0.3825237,0
1,0,0.4403026,0
1,0,0.42168805,0
1,0,0.47215566,0
1,0,0.44162753,0
1,0,0.42340228,0
1,0,0.4360132,0
1,0,0.44639137,0
1,0,0.4014163,0
1,0,0.46772262,0
1,0,0.4541238,0
1,0,0.4417512,0
1,0,0.42252883,0
1,0,0.44500583,0
1,0,0.48198795,0
1,0,0.46895924,0
1,0,0.48540223,0
1,0,0.46942732,0
1,0,0.50922704,1
1,0,0.53549236,1
1,0,0.5596438,1
1,0,0.5150568,1
1,0,0.5588338,1
1,0,0.5588338,1
1,0,0.54773104,1
1,0,0.5813512,1
1,0,0.62016827,1
1,0,0.64555496,1
1,0,0.6760258,1
1,1,0.61846286,1
1,1,0.63466024,1
1,1,0.56584376,1
1,1,0.58491766,1
1,1,0.5268881,1
1,1,0.4728913,0
1,1,0.41028988,0
1,1,0.5128848,1
1,1,0.45916292,0
1,1,0.52459973,1
1,0,0.40442735,0
1,0,0.42667466,0
1,0,0.48442033,0
1,0,0.48196012,0
1,0,0.41526783,0
1,0,0.4545486,0
1,0,0.47004536,0
1,0,0.49312994,0
1,0,0.49312994,0
1,0,0.46738485,0
1,0,0.46738485,0
1,0,0.47496364,0
1,0,0.48587978,0
1,0,0.46812242,0
1,0,0.4579132,0
1,0,0.34039384,0
1,0,0.2501928,0
1,0,0.24011725,0
1,0,0.1979513,0
1,0,0.22194609,0
1,0,0.21403798,0
1,0,0.20956677,0
1,0,0.1816656,0
1,0,0.22782654,0
1,0,0.17831092,0
1,0,0.241903,0
1,0,0.21208239,0
1,0,0.20665985,0
1,0,0.1516792,0
1,0,0.13933736,0
1,0,0.16993707,0
1,0,0.22408707,0
1,0,0.2537365,0
1,0,0.3132458,0
1,0,0.29344943,0
1,0,0.29344943,0
1,0,0.2951417,0
1,0,0.36636966,0
1,0,0.44848388,0
1,0,0.46253952,0
1,0,0.40468746,0
1,0,0.35651782,0
1,0,0.39362788,0
1,0,0.44611886,0
1,0,0.46514702,0
1,0,0.4737349,0
1,0,0.51376724,1
1,0,0.51376724,1
1,0,0.50600666,1
1,0,0.58235747,1
1,0,0.58741045,1
1,0,0.5515086,1
1,0,0.60076857,1
1,0,0.6191917,1
1,0,0.6571451,1
1,0,0.69385326,1
1,0,0.6568815,1
1,0,0.67687196,1
1,0,0.7036862,1
1,0,0.7097062,1
1,0,0.74665856,1
1,0,0.6291839,1
1,0,0.61613005,1
1,0,0.6532713,1
1,0,0.60889965,1
1,0,0.56869996,1
1,0,0.60889965,1
1,0,0.5016869,1
1,0,0.4059134,0
1,0,0.4685737,0
1,0,0.5020403,1
1,0,0.5502807,1
1,0,0.52873564,1
1,0,0.52873564,1
1,0,0.46688277,0
1,0,0.4090597,0
1,0,0.5284572,1
1,0,0.5845451,1
1,0,0.55156493,1
1,0,0.41470113,0
1,0,0.5087933,1
1,0,0.54989386,1
1,0,0.5873318,1
1,0,0.654937,1
1,0,0.55122954,1
1,0,0.50738895,1
1,0,0.52061516,1
1,0,0.5730963,1
1,0,0.5291299,1
1,0,0.62535393,1
1,0,0.6600423,1
1,0,0.63852805,1
1,0,0.5508193,1
1,0,0.6050363,1
1,0,0.70766544,1
1,0,0.69282526,1
1,0,0.66006774,1
1,0,0.6483075,1
1,0,0.5727301,1
1,0,0.599421,1
1,0,0.599421,1
1,0,0.59672046,1
1,0,0.49629593,0
1,0,0.51553386,1
1,0,0.47295582,0
1,0,0.46265632,0
1,0,0.46113554,0
1,0,0.46658355,0
1,0,0.39973876,0
1,0,0.35182667,0
1,0,0.31416988,0
1,0,0.36624524,0
1,0,0.32056573,0
1,0,0.33079684,0
1,0,0.32039464,0
1,0,0.33989435,0
1,0,0.3072161,0
1,0,0.3555793,0
1,0,0.33259365,0
1,0,0.34685826,0
1,0,0.33259365,0
1,0,0.32845628,0
1,0,0.37402406,0
1,0,0.4197815,0
1,0,0.47109208,0
1,0,0.5282536,1
1,0,0.46846187,0
1,0,0.51089025,1
1,1,0.42284542,0
1,1,0.45645806,0
1,1,0.4249375,0
1,1,0.34924504,0
1,1,0.34924504,0
1,1,0.36457485,0
1,1,0.36457485,0
1,1,0.33903223,0
1,1,0.32845986,0
1,1,0.3878214,0
1,1,0.40729356,0
1,1,0.43560132,0
1,1,0.43560132,0
1,1,0.5192428,1
1,1,0.5192428,1
1,0,0.4991931,0
1,0,0.545174,1
1,0,0.5398497,1
1,0,0.5291982,1
1,0,0.5086202,1
1,0,0.49923116,0
1,0,0.50939053,1
1,0,0.50917107,1
1,0,0.5360532,1
1,0,0.5494189,1
1,0,0.5242601,1
1,0,0.5572014,1
1,0,0.49860185,0
1,0,0.5299906,1
1,0,0.46784946,0
1,0,0.4413927,0
1,0,0.41505387,0
1,0,0.39819732,0
1,1,0.69579095,1
1,1,0.6990996,1
1,1,0.7264219,1
1,1,0.6976858,1
1,1,0.6976858,1
1,1,0.6988204,1
1,1,0.7036202,1
1,1,0.7317029,1
1,1,0.695218,1
1,1,0.7262087,1
1,1,0.70676774,1
1,1,0.695707,1
1,1,0.6863406,1
1,1,0.69464797,1
1,1,0.65463823,1
1,1,0.596566,1
1,1,0.6437553,1
1,1,0.5866233,1
1,1,0.67261875,1
1,1,0.67261875,1
1,1,0.6952272,1
1,1,0.71024615,1
1,1,0.6519248,1
1,1,0.56859994,1
1,1,0.543368,1
1,0,0.64140123,1
1,0,0.6697035,1
1,0,0.66396743,1
1,0,0.6146336,1
1,0,0.6146336,1
1,0,0.58067095,1
1,0,0.53437054,1
1,0,0.5777451,1
1,0,0.5777451,1
1,0,0.5058032,1
1,0,0.4651638,0
1,0,0.48726994,0
1,0,0.4258613,0
1,0,0.39583585,0
1,1,0.5138894,1
1,1,0.5496502,1
1,1,0.5496502,1
1,1,0.5342373,1
1,1,0.5205405,1
1,1,0.46695536,0
1,1,0.50269604,1
1,1,0.4392519,0
1,1,0.50028735,1
1,1,0.46605757,0
1,1,0.5168953,1
1,1,0.49083674,0
1,1,0.4774065,0
1,1,0.4615479,0
1,1,0.5632117,1
1,1,0.5553668,1
1,1,0.5553668,1
1,1,0.48596472,0
1,1,0.5111998,1
1,1,0.5079774,1
1,1,0.47638795,0
1,1,0.4377896,0
1,1,0.45244965,0
1,1,0.49718428,0
1,1,0.5495332,1
1,1,0.43980545,0
1,1,0.45396367,0
1,1,0.39416227,0
1,1,0.38931108,0
1,1,0.38429123,0
1,1,0.36368152,0
1,1,0.3533351,0
1,1,0.33406642,0
1,1,0.28527832,0
1,1,0.27371317,0
1,1,0.26508176,0
1,1,0.35390675,0
1,1,0.38880926,0
1,1,0.32662755,0
1,1,0.31197646,0
1,1,0.37965098,0
1,1,0.30258486,0
1,0,0.49652955,0
1,0,0.5239526,1
1,0,0.49484408,0
1,0,0.46642107,0
1,0,0.48369068,0
1,0,0.4547688,0
1,0,0.3833422,0
1,0,0.38350615,0
1,0,0.5189657,1
1,0,0.47483927,0
1,0,0.41832736,0
1,0,0.40666077,0
1,0,0.3963566,0
1,0,0.4074782,0
1,0,0.47936565,0
1,0,0.48977247,0
1,0,0.5329241,1
1,0,0.4940291,0
1,0,0.4940291,0
1,0,0.48062715,0
1,1,0.49251264,0
1,1,0.5212192,1
1,1,0.5212192,1
1,1,0.49533254,0
1,1,0.52898383,1
1,1,0.53440243,1
1,1,0.5189125,1
1,1,0.5401704,1
1,1,0.51300424,1
1,1,0.49746177,0
1,1,0.48693797,0
1,1,0.44454703,0
1,1,0.4946968,0
1,1,0.53068966,1
1,1,0.46622398,0
1,1,0.4069472,0
1,1,0.43551445,0
1,1,0.4462204,0
1,1,0.4823502,0
1,1,0.4196079,0
1,1,0.36019862,0
1,1,0.4135529,0
1,1,0.29333463,0
1,1,0.2974076,0
1,1,0.31392848,0
1,0,0.38579595,0
1,0,0.36571348,0
1,0,0.35436288,0
1,0,0.35251006,0
1,0,0.45236215,0
1,0,0.471248,0
1,0,0.50440145,1
1,0,0.45706415,0
1,0,0.4243947,0
1,0,0.462098,0
1,0,0.45697767,0
1,0,0.50283086,1
1,0,0.48444358,0
1,0,0.58142155,1
1,0,0.5983024,1
1,0,0.59412163,1
1,0,0.57849485,1
1,0,0.51744694,1
1,0,0.5065614,1
1,0,0.46097156,0
1,0,0.44203773,0
1,0,0.44203773,0
1,0,0.48482332,0
1,0,0.530755,1
1,0,0.45905986,0
1,0,0.52656716,1
1,0,0.37202457,0
1,0,0.52656716,1
1,0,0.484699,0
1,0,0.47933316,0
1,0,0.45598602,0
1,0,0.42675513,0
1,0,0.42696854,0
1,0,0.4415106,0
1,0,0.4151005,0
1,0,0.4612287,0
1,0,0.44315496,0
1,0,0.41227067,0
1,0,0.38107958,0
1,0,0.332342,0
1,0,0.33763492,0
1,0,0.40535295,0
1,0,0.3204524,0
1,0,0.29298535,0
1,0,0.28347415,0
1,0,0.29112202,0
1,0,0.32549644,0
1,0,0.40434352,0
1,0,0.39290142,0
1,0,0.36046368,0
1,0,0.41631305,0
1,0,0.5019227,1
1,0,0.53063697,1
1,0,0.52040964,1
1,0,0.52040964,1
1,0,0.4582879,0
1,0,0.48680618,0
1,0,0.48680618,0
1,0,0.45131406,0
1,0,0.4816307,0
1,0,0.44179168,0
1,0,0.47787368,0
1,0,0.4592449,0
1,0,0.52239364,1
1,0,0.4852973,0
1,0,0.4852973,0
1,0,0.5545285,1
1,0,0.64799094,1
1,0,0.6913634,1
1,0,0.65643513,1
1,0,0.59999746,1
1,0,0.5575987,1
1,0,0.57633114,1
1,0,0.49926424,0
1,0,0.47153845,0
1,0,0.47153845,0
1,0,0.46215197,0
1,0,0.50648385,1
1,0,0.5164762,1
1,0,0.5171753,1
1,0,0.47558126,0
1,0,0.5034482,1
1,0,0.45543328,0
1,0,0.4496434,0
1,0,0.44016933,0
1,0,0.51727605,1
1,0,0.5397488,1
1,0,0.4972115,0
1,0,0.5961956,1
1,0,0.64385194,1
1,0,0.63656783,1
1,0,0.5981337,1
1,0,0.55347335,1
1,0,0.5203749,1
1,0,0.5532807,1
1,0,0.51302075,1
1,0,0.47660705,0
1,0,0.44919935,0
1,0,0.43348768,0
1,0,0.4656244,0
1,0,0.42276624,0
1,0,0.4356309,0
1,0,0.48514614,0
1,0,0.43267244,0
1,0,0.41695642,0
1,0,0.39435333,0
1,0,0.34204948,0
1,0,0.34204948,0
1,0,0.3185831,0
1,0,0.29509068,0
1,0,0.3446233,0
1,0,0.34438288,0
1,0,0.37338713,0
1,0,0.4053642,0
1,0,0.42215338,0
1,0,0.42215338,0
1,0,0.38286686,0
1,0,0.32753292,0
1,0,0.37338713,0
1,0,0.4360471,0
1,0,0.4078194,0
1,0,0.47285718,0
1,0,0.4322623,0
1,0,0.46094596,0
1,0,0.46975538,0
1,0,0.4282559,0
1,0,0.45500356,0
1,0,0.4911275,0
1,0,0.478818,0
1,0,0.436804,0
1,0,0.4662397,0
1,0,0.4404451,0
1,0,0.42369312,0
1,0,0.3656865,0
1,0,0.29750767,0
1,0,0.2791611,0
1,0,0.31510365,0
1,0,0.37698308,0
1,0,0.39820355,0
1,0,0.42238715,0
1,0,0.42331073,0
1,0,0.44047663,0
1,0,0.3541647,0
1,0,0.33838218,0
1,0,0.373772,0
1,1,0.30669495,0
1,1,0.3682258,0
1,1,0.39600503,0
1,1,0.39600503,0
1,1,0.41109958,0
1,1,0.46497768,0
1,1,0.43193248,0
1,1,0.41644925,0
1,1,0.38608617,0
1,1,0.39356285,0
1,0,0.40449136,0
1,0,0.40449136,0
1,0,0.45371234,0
1,0,0.5090765,1
1,0,0.4768049,0
1,0,0.47820538,0
1,0,0.44892544,0
1,0,0.4705252,0
1,0,0.50721437,1
1,0,0.53686327,1
1,0,0.47486678,0
1,0,0.4504087,0
1,0,0.393449,0
1,0,0.39158806,0
1,0,0.39690745,0
1,0,0.43473467,0
1,0,0.43866,0
1,0,0.47018883,0
1,0,0.4094981,0
1,0,0.38742116,0
1,0,0.41606933,0
1,0,0.43636456,0
1,0,0.41257453,0
1,0,0.4349653,0
1,0,0.42495483,0
1,0,0.43348053,0
1,0,0.47308803,0
1,0,0.49165943,0
1,0,0.5058809,1
1,0,0.516597,1
1,0,0.5442719,1
1,0,0.5869603,1
1,0,0.56511253,1
1,0,0.6424125,1
1,0,0.6894669,1
1,0,0.7067137,1
1,0,0.72247666,1
1,0,0.7415979,1
1,0,0.75502384,1
1,0,0.8066506,1
1,0,0.76836973,1
1,0,0.75269675,1
1,0,0.82337284,1
1,0,0.82337284,1
1,0,0.8454801,1
1,1,0.77080554,1
1,1,0.75839084,1
1,1,0.68935263,1
1,1,0.68935263,1
1,1,0.73741144,1
1,0,0.7471224,1
1,0,0.7367773,1
1,0,0.74938244,1
1,0,0.7741082,1
1,0,0.7296485,1
1,0,0.7863271,1
1,0,0.7296485,1
1,0,0.7005212,1
1,0,0.6337903,1
1,0,0.5892429,1
1,0,0.6577932,1
1,0,0.578337,1
1,0,0.6051922,1
1,0,0.5818599,1
1,0,0.5818599,1
1,0,0.49242106,0
1,0,0.5410617,1
1,0,0.49943754,0
1,0,0.45578814,0
1,0,0.46333677,0
1,0,0.47300997,0
1,0,0.46329924,0
1,0,0.45308986,0
1,0,0.4420275,0
1,0,0.46593082,0
1,0,0.43831578,0
1,0,0.52549934,1
1,0,0.37450173,0
1,0,0.40416244,0
1,0,0.36910108,0
1,0,0.31033263,0
1,0,0.31033263,0
1,0,0.2567902,0
1,0,0.27622434,0
1,0,0.2844058,0
1,0,0.2844058,0
1,0,0.2853275,0
1,0,0.30567014,0
1,0,0.28321618,0
1,0,0.2576591,0
1,0,0.29982919,0
1,0,0.2454415,0
1,1,0.37968373,0
1,1,0.4599931,0
1,1,0.4205611,0
1,1,0.4421954,0
1,1,0.49783766,0
1,1,0.515459,1
1,1,0.56755716,1
1,1,0.6172358,1
1,1,0.618929,1
1,1,0.7010626,1
1,1,0.6404275,1
1,1,0.635313,1
1,1,0.6349229,1
1,1,0.6477025,1
1,1,0.6977424,1
1,1,0.69978034,1
1,1,0.6633463,1
1,1,0.7407568,1
1,1,0.73144007,1
1,1,0.3414317,0
1,1,0.40053537,0
1,1,0.4578219,0
1,1,0.46334353,0
1,1,0.44940338,0
1,1,0.53998137,1
1,1,0.575762,1
1,1,0.588143,1
1,1,0.55401474,1
1,1,0.53766173,1
1,1,0.51729846,1
1,1,0.47100663,0
1,1,0.5415384,1
1,1,0.5581605,1
1,1,0.62066704,1
1,1,0.5370123,1
1,1,0.27391115,0
1,1,0.30517846,0
1,1,0.30517846,0
1,1,0.31514937,0
1,1,0.36516458,0
1,1,0.30151784,0
1,1,0.34877765,0
1,1,0.40404603,0
1,1,0.44687995,0
1,1,0.3542268,0
1,1,0.27926227,0
1,1,0.35638076,0
1,1,0.4125073,0
1,1,0.4368251,0
1,1,0.42298472,0
1,1,0.3255845,0
1,1,0.27431718,0
1,1,0.29221597,0
1,1,0.34204674,0
1,1,0.24168105,0
1,1,0.1704548,0
1,1,0.19320638,0
1,1,0.18607552,0
1,1,0.16611189,0
1,1,0.61859196,1
1,1,0.62661856,1
1,1,0.5842049,1
1,1,0.5488284,1
1,1,0.5730658,1
1,1,0.48396182,0
1,1,0.4517885,0
1,1,0.4517885,0
1,1,0.4817642,0
1,1,0.52278537,1
1,1,0.4883364,0
1,1,0.5228234,1
1,1,0.46729898,0
1,1,0.46729898,0
1,1,0.46128944,0
1,1,0.40649247,0
1,1,0.39867842,0
1,1,0.38098085,0
1,1,0.32600105,0
1,1,0.25482923,0
1,1,0.30841962,0
1,1,0.43934906,0
1,1,0.3826676,0
1,1,0.34651902,0
1,1,0.34585956,0
1,1,0.3516259,0
1,1,0.33867505,0
1,1,0.3560689,0
1,0,0.55932367,1
1,0,0.61244583,1
1,0,0.59774435,1
1,0,0.48901713,0
1,0,0.48901713,0
1,0,0.46145284,0
1,0,0.5284937,1
1,0,0.5333377,1
1,0,0.5508862,1
1,0,0.4877498,0
1,0,0.48399225,0
1,0,0.4362962,0
1,0,0.3552732,0
1,0,0.3552732,0
1,0,0.4189343,0
1,0,0.47610852,0
1,0,0.5102473,1
1,0,0.53549033,1
1,0,0.53458464,1
1,0,0.6016332,1
1,0,0.6863364,1
1,0,0.60926265,1
1,0,0.57773405,1
1,0,0.5239171,1
1,0,0.5827173,1
1,0,0.5597643,1
1,0,0.57886046,1
1,1,0.59980565,1
1,1,0.6122994,1
1,1,0.6023511,1
1,1,0.6323861,1
1,1,0.6039765,1
1,1,0.63289434,1
1,1,0.6811143,1
1,1,0.7053137,1
1,1,0.74541795,1
1,1,0.75406635,1
1,1,0.781047,1
1,1,0.781047,1
1,1,0.75406635,1
1,1,0.74296385,1
1,1,0.7377902,1
1,1,0.70798254,1
1,1,0.6890769,1
1,1,0.68678534,1
1,1,0.43384635,0
1,1,0.51546,1
1,1,0.55045366,1
1,1,0.5874143,1
1,1,0.68026584,1
1,1,0.68026584,1
1,1,0.7325494,1
1,1,0.7075648,1
1,1,0.65804726,1
1,1,0.6880391,1
1,1,0.6880391,1
1,1,0.6672413,1
1,1,0.60436124,1
1,1,0.6655429,1
1,1,0.67097837,1
1,1,0.64099574,1
1,1,0.6471526,1
1,1,0.6574885,1
1,1,0.6605932,1
1,1,0.5816346,1
1,1,0.6084306,1
1,1,0.57715756,1
1,1,0.53239226,1
1,1,0.5508946,1
1,1,0.5340458,1
1,1,0.5519433,1
1,1,0.5127815,1
1,1,0.48811546,0
1,1,0.45466742,0
1,1,0.51284355,1
1,1,0.46995735,0
1,1,0.50256544,1
1,1,0.49545535,0
1,1,0.50071716,1
1,1,0.50595325,1
1,1,0.51358217,1
1,1,0.56954646,1
1,1,0.5246888,1
1,1,0.572389,1
1,1,0.5910555,1
1,1,0.49198857,0
1,1,0.44656682,0
1,1,0.45572448,0
1,1,0.42339474,0
1,1,0.4737392,0
1,1,0.4737392,0
1,1,0.613174,1
1,1,0.5441307,1
1,1,0.5591025,1
1,1,0.59092206,1
1,1,0.57741976,1
1,1,0.644869,1
1,1,0.6947744,1
1,1,0.6564557,1
1,1,0.537009,1
1,1,0.6107225,1
1,1,0.5635049,1
1,1,0.538416,1
1,1,0.5835222,1
1,1,0.6566872,1
1,1,0.7391086,1
1,1,0.79493064,1
1,1,0.80775684,1
1,1,0.7858699,1
1,1,0.82446015,1
1,1,0.82446015,1
1,1,0.84300673,1
1,1,0.8168385,1
1,1,0.7870099,1
1,1,0.7560958,1
1,1,0.74419564,1
1,1,0.5102261,1
1,1,0.5044325,1
1,1,0.42813805,0
1,1,0.43400908,0
1,1,0.4746595,0
1,1,0.44054663,0
1,1,0.51661193,1
1,1,0.49087167,0
1,1,0.60679126,1
1,1,0.60679126,1
1,1,0.55907327,1
1,1,0.5685495,1
1,1,0.6416664,1
1,1,0.6416664,1
1,1,0.6377801,1
1,1,0.6060706,1
1,1,0.6357031,1
1,1,0.6357031,1
1,1,0.4623309,0
1,1,0.45171636,0
1,1,0.48326686,0
1,1,0.43498725,0
1,1,0.44535387,0
1,1,0.42702606,0
1,1,0.42825493,0
1,1,0.46575797,0
1,1,0.51856315,1
1,1,0.46049073,0
1,1,0.44114912,0
1,1,0.437007,0
1,1,0.44313318,0
1,1,0.46733874,0
1,1,0.57391405,1
1,1,0.54343295,1
1,1,0.56032884,1
1,1,0.37271464,0
1,1,0.43033168,0
1,1,0.48680806,0
1,1,0.4465486,0
1,1,0.44793674,0
1,1,0.44793674,0
1,1,0.5513624,1
1,1,0.5513624,1
1,1,0.5006694,1
1,1,0.51818264,1
1,1,0.4633247,0
1,1,0.4828624,0
1,1,0.4853949,0
1,1,0.4908056,0
1,1,0.55505306,1
1,1,0.66824913,1
1,1,0.65884715,1
1,1,0.6214424,1
1,1,0.72353745,1
1,1,0.7415287,1
1,1,0.7437229,1
1,1,0.71788603,1
1,1,0.78907174,1
1,1,0.77478516,1
1,1,0.798888,1
1,1,0.75495756,1
1,1,0.6906467,1
1,1,0.6505437,1
1,1,0.6102698,1
1,1,0.603426,1
1,1,0.54629844,1
1,1,0.5161988,1
1,1,0.5079078,1
1,1,0.6544499,1
1,1,0.60039645,1
1,1,0.62599456,1
1,1,0.593294,1
1,1,0.58336765,1
1,1,0.6430707,1
1,1,0.63443714,1
1,1,0.6793875,1
1,1,0.6630748,1
1,1,0.7242834,1
1,1,0.7250074,1
1,1,0.67162424,1
1,1,0.6341628,1
1,1,0.6234114,1
1,1,0.6702881,1
1,1,0.6341628,1
1,1,0.644808,1
1,1,0.6617611,1
1,1,0.6140267,1
1,1,0.6558724,1
1,1,0.6852182,1
1,1,0.68605745,1
1,1,0.6424476,1
1,1,0.59561557,1
1,1,0.5976797,1
1,1,0.6378646,1
1,1,0.70382005,1
1,1,0.66717345,1
1,1,0.67116576,1
1,1,0.63948333,1
1,1,0.5663594,1
1,1,0.62504447,1
1,1,0.66717345,1
1,1,0.7144489,1
1,1,0.6945852,1
1,1,0.6104073,1
1,1,0.56485224,1
1,1,0.54801905,1
1,1,0.49409562,0
1,1,0.5451168,1
1,1,0.5451168,1
1,1,0.44383094,0
1,1,0.4986342,0
1,1,0.53005844,1
1,1,0.6254946,1
1,1,0.6437908,1
1,1,0.5446773,1
1,1,0.6221178,1
1,1,0.67906773,1
1,1,0.7137897,1
1,1,0.73550874,1
1,1,0.7035,1
1,1,0.7245628,1
1,1,0.72686183,1
1,1,0.67892146,1
1,1,0.6821993,1
1,1,0.67892146,1
1,1,0.6195653,1
1,1,0.44594404,0
1,1,0.41973418,0
1,1,0.45309815,0
1,1,0.5015437,1
1,1,0.54425806,1
1,1,0.53141636,1
1,1,0.575793,1
1,1,0.55912143,1
1,1,0.5009122,1
1,1,0.5009122,1
1,1,0.4274151,0
1,1,0.5022194,1
1,1,0.46308362,0
1,1,0.561684,1
1,1,0.5948003,1
1,1,0.5762745,1
1,1,0.58274823,1
1,1,0.59440255,1
1,1,0.52784365,1
1,1,0.5258535,1
1,1,0.52044857,1
1,1,0.5118843,1
1,1,0.43642482,0
1,1,0.46037227,0
1,1,0.5800942,1
1,1,0.59897023,1
1,1,0.5092004,1
1,1,0.5107373,1
1,1,0.51459324,1
1,1,0.47975102,0
1,1,0.46404606,0
1,1,0.552475,1
1,1,0.504849,1
1,1,0.50388664,1
1,1,0.5206536,1
1,1,0.5105751,1
1,1,0.5607385,1
1,1,0.5789183,1
1,1,0.56077,1
1,1,0.56077,1
1,1,0.57880676,1
1,1,0.5086236,1
1,1,0.49611068,0
1,1,0.49670115,0
1,1,0.5127791,1
1,1,0.5014715,1
1,1,0.54000473,1
1,1,0.5525538,1
1,1,0.54303867,1
1,1,0.54303867,1
1,1,0.5610528,1
1,1,0.49159104,0
1,1,0.46781164,0
1,1,0.47729838,0
1,1,0.49573365,0
1,1,0.48345998,0
1,1,0.5260593,1
1,1,0.53288275,1
1,1,0.5188104,1
1,1,0.5188104,1
1,1,0.5273954,1
1,1,0.573191,1
1,1,0.5098912,1
1,1,0.5060204,1
1,1,0.52883697,1
1,1,0.5157479,1
1,1,0.5913649,1
1,1,0.5685092,1
1,1,0.55221665,1
1,1,0.55221665,1
1,1,0.5714022,1
1,0,0.72055185,1
1,0,0.7151296,1
1,0,0.65748644,1
1,0,0.5872869,1
1,0,0.54577565,1
1,0,0.40826133,0
1,0,0.33923632,0
1,0,0.33541134,0
1,0,0.33541134,0
1,0,0.33541134,0
1,0,0.38565952,0
1,0,0.3199532,0
1,0,0.3199532,0
1,0,0.31393158,0
1,0,0.32161328,0
1,0,0.32852936,0
1,0,0.3208433,0
1,0,0.37526736,0
1,0,0.43908465,0
1,0,0.47896406,0
1,0,0.5830017,1
1,0,0.66280884,1
1,0,0.67895323,1
1,0,0.7110024,1
1,0,0.6239311,1
1,0,0.5734043,1
1,0,0.64184064,1
1,0,0.64643645,1
1,0,0.7500906,1
1,0,0.7925005,1
1,1,0.43416712,0
1,1,0.49989843,0
1,1,0.5175099,1
1,1,0.57257193,1
1,1,0.68267936,1
1,1,0.6410232,1
1,1,0.6410232,1
1,1,0.65922946,1
1,1,0.5553151,1
1,1,0.5022198,1
1,1,0.57560766,1
1,1,0.2617159,0
1,1,0.37041128,0
1,1,0.31177127,0
1,1,0.28709584,0
1,1,0.28709584,0
1,1,0.25707442,0
1,1,0.2716731,0
1,1,0.2854568,0
1,1,0.22503038,0
1,1,0.27644396,0
1,1,0.31976292,0
1,1,0.22502942,0
1,1,0.26609057,0
1,1,0.5235534,1
1,1,0.5274144,1
1,1,0.4966472,0
1,1,0.4966472,0
1,1,0.61501396,1
1,1,0.6356654,1
1,1,0.6670536,1
1,1,0.60534,1
1,1,0.5085435,1
1,1,0.5314152,1
1,1,0.43455902,0
1,1,0.48533416,0
1,1,0.4733181,0
1,1,0.43846145,0
1,1,0.47873858,0
1,1,0.5617759,1
1,1,0.54628885,1
1,1,0.53456295,1
1,1,0.46491808,0
1,1,0.46694943,0
1,1,0.43878257,0
1,1,0.41308153,0
1,1,0.47689363,0
1,1,0.37962276,0
1,1,0.40409145,0
1,1,0.40699315,0
1,1,0.4406502,0
1,1,0.38080692,0
1,1,0.4406502,0
1,1,0.5525913,1
1,1,0.560638,1
1,1,0.560638,1
1,1,0.5614739,1
1,1,0.59831977,1
1,1,0.62353694,1
1,1,0.5404589,1
1,1,0.5404589,1
1,1,0.5867651,1
1,1,0.6016038,1
1,1,0.4598634,0
1,1,0.33845982,0
1,1,0.33845982,0
1,1,0.32686347,0
1,1,0.36318293,0
1,1,0.31135684,0
1,1,0.267956,0
1,1,0.267956,0
1,1,0.3523969,0
1,1,0.52462935,1
1,1,0.39354956,0
1,1,0.2980177,0
1,1,0.20385654,0
1,1,0.2850629,0
1,1,0.3782979,0
1,1,0.3293633,0
1,1,0.29558358,0
1,1,0.32347584,0
1,1,0.53298086,1
1,1,0.5266489,1
1,1,0.5266489,1
1,1,0.45817614,0
1,1,0.54697275,1
1,1,0.5715023,1
1,1,0.5017292,1
1,1,0.42188248,0
1,1,0.49648744,0
1,1,0.3795803,0
1,1,0.32553145,0
1,1,0.33894718,0
1,1,0.3561411,0
2,1,0.6542672,1
2,1,0.66033155,1
2,1,0.669987,1
2,1,0.6929164,1
2,1,0.67680883,1
2,1,0.71135235,1
2,1,0.6841931,1
2,1,0.7090209,1
2,1,0.6830277,1
2,1,0.6678237,1
2,1,0.72756326,1
2,1,0.6970642,1
2,1,0.6940755,1
2,1,0.65895087,1
2,1,0.6567192,1
2,1,0.63369906,1
2,1,0.60910505,1
2,1,0.5994318,1
2,1,0.5559767,1
2,1,0.5475116,1
2,1,0.5004031,1
2,1,0.54144007,1
2,1,0.54144007,1
2,1,0.5286729,1
2,0,0.65264887,1
2,0,0.71110755,1
2,0,0.68795985,1
2,0,0.61585873,1
2,0,0.643795,1
2,0,0.6439711,1
2,0,0.6551351,1
2,0,0.68403935,1
2,0,0.68200654,1
2,0,0.70796704,1
2,0,0.6451516,1
2,0,0.6965194,1
2,0,0.6013131,1
2,0,0.62283224,1
2,0,0.6802696,1
2,0,0.60543436,1
2,0,0.56786674,1
2,0,0.5927727,1
2,0,0.5712386,1
2,0,0.51641357,1
2,0,0.4731886,0
2,0,0.46342376,0
2,0,0.47570792,0
2,0,0.43998176,0
2,0,0.39569739,0
2,0,0.3701648,0
2,0,0.32792127,0
2,0,0.33763146,0
2,0,0.3181491,0
2,0,0.28577366,0
2,1,0.50186235,1
2,1,0.52601767,1
2,1,0.5483911,1
2,1,0.52781165,1
2,1,0.5841222,1
2,1,0.6064192,1
2,1,0.62038606,1
2,1,0.5967808,1
2,1,0.59911513,1
2,1,0.6459428,1
2,1,0.60038906,1
2,1,0.5634929,1
2,1,0.5902756,1
2,1,0.5460544,1
2,1,0.55897313,1
2,1,0.6353232,1
2,1,0.627562,1
2,1,0.636447,1
2,1,0.6297421,1
2,1,0.53627,1
2,1,0.511981,1
2,1,0.5211739,1
2,1,0.5211739,1
2,1,0.50892955,1
2,1,0.56507945,1
2,1,0.58666134,1
2,1,0.5721116,1
2,1,0.5214461,1
2,1,0.5502047,1
2,1,0.5356026,1
2,1,0.61926717,1
2,1,0.5858237,1
2,1,0.61446846,1
2,1,0.62304944,1
2,1,0.65612644,1
2,0,0.6029286,1
2,0,0.62419176,1
2,0,0.70364857,1
2,0,0.73994887,1
2,0,0.7001762,1
2,0,0.69176906,1
2,0,0.75624067,1
2,0,0.7402605,1
2,0,0.7400216,1
2,0,0.79344183,1
2,0,0.75978106,1
2,0,0.7742677,1
2,0,0.8203204,1
2,0,0.8419647,1
2,0,0.8081852,1
2,0,0.81816995,1
2,0,0.8005053,1
2,0,0.7401232,1
2,0,0.7705705,1
2,0,0.7744817,1
2,0,0.75734204,1
2,0,0.69136953,1
2,1,0.6214144,1
2,1,0.6418916,1
2,1,0.6127569,1
2,1,0.6477292,1
2,1,0.5735675,1
2,1,0.5299562,1
2,1,0.6239544,1
2,1,0.62292755,1
2,1,0.60857594,1
2,1,0.54929155,1
2,1,0.5444785,1
2,1,0.5194503,1
2,1,0.4636533,0
2,1,0.5389096,1
2,1,0.56890935,1
2,1,0.5359528,1
2,1,0.53424054,1
2,1,0.5659817,1
2,1,0.5296185,1
2,1,0.54869145,1
2,1,0.5295426,1
2,1,0.4698863,0
2,1,0.4654814,0
2,1,0.45016268,0
2,1,0.47604606,0
2,1,0.5148551,1
2,1,0.56178796,1
2,1,0.5916799,1
2,1,0.5916799,1
2,1,0.5811651,1
2,0,0.5518234,1
2,0,0.6037895,1
2,0,0.5655697,1
2,0,0.56649697,1
2,0,0.57663745,1
2,0,0.6085004,1
2,0,0.62489396,1
2,0,0.6365776,1
2,0,0.7110646,1
2,0,0.7553112,1
2,0,0.71799076,1
2,0,0.71345884,1
2,0,0.7652667,1
2,0,0.70107377,1
2,0,0.70107377,1
2,1,0.47168767,0
2,1,0.48284295,0
2,1,0.5326296,1
2,1,0.5648165,1
2,1,0.5166505,1
2,1,0.54019284,1
2,1,0.5431597,1
2,1,0.5816604,1
2,1,0.5346704,1
2,1,0.5881862,1
2,1,0.6993644,1
2,1,0.7176391,1
2,1,0.7085747,1
2,1,0.6559292,1
2,1,0.6991921,1
2,1,0.6991921,1
2,1,0.7457452,1
2,1,0.723352,1
2,1,0.6862904,1
2,1,0.693381,1
2,1,0.706331,1
2,1,0.69968796,1
2,1,0.6491176,1
2,1,0.6065356,1
2,1,0.66883594,1
2,1,0.6150274,1
2,1,0.6110314,1
2,1,0.6097534,1
2,1,0.6320201,1
2,0,0.5708266,1
2,0,0.5889304,1
2,0,0.5911623,1
2,0,0.5911623,1
2,0,0.6054004,1
2,0,0.6366601,1
2,0,0.61719763,1
2,0,0.60777825,1
2,0,0.6413633,1
2,0,0.6095411,1
2,0,0.53584105,1
2,0,0.6240618,1
2,0,0.63343984,1
2,0,0.64457655,1
2,0,0.6714422,1
2,0,0.6461432,1
2,0,0.6461432,1
2,0,0.623941,1
2,0,0.6681818,1
2,0,0.6605126,1
2,0,0.6280866,1
2,0,0.6280866,1
2,0,0.68388134,1
2,0,0.647046,1
2,0,0.66945755,1
2,0,0.6394677,1
2,0,0.57906145,1
2,0,0.61523855,1
2,0,0.5921617,1
2,0,0.58157307,1
2,0,0.6523673,1
2,0,0.6569708,1
2,0,0.63621527,1
2,0,0.6150166,1
2,0,0.6150166,1
2,0,0.5684477,1
2,0,0.5523686,1
2,0,0.4763039,0
2,0,0.45700338,0
2,0,0.46014327,0
2,0,0.5772312,1
2,0,0.5568381,1
2,0,0.4769039,0
2,0,0.4802479,0
2,0,0.46395814,0
2,0,0.4501307,0
2,0,0.44529513,0
2,0,0.46375936,0
2,0,0.5046928,1
2,0,0.5548252,1
2,0,0.59151566,1
2,0,0.6210288,1
2,0,0.6210288,1
2,0,0.70603156,1
2,0,0.68157744,1
2,0,0.6195101,1
2,0,0.65305436,1
2,0,0.70209956,1
2,0,0.72195107,1
2,0,0.7862797,1
2,0,0.76395106,1
2,0,0.76939803,1
2,0,0.7739107,1
2,0,0.7206583,1
2,0,0.6581141,1
2,0,0.6541696,1
2,0,0.66531783,1
2,0,0.6861727,1
2,0,0.6221034,1
2,0,0.7074808,1
2,0,0.6706457,1
2,0,0.68708456,1
2,0,0.6734057,1
2,0,0.64660496,1
2,0,0.5543383,1
2,0,0.5811482,1
2,0,0.48604402,0
2,0,0.477395,0
2,0,0.5192763,1
2,0,0.6188548,1
2,0,0.6124422,1
2,0,0.58028764,1
2,0,0.5872695,1
2,0,0.61715674,1
2,0,0.5430952,1
2,0,0.58723456,1
2,0,0.6054482,1
2,0,0.62989765,1
2,0,0.580654,1
2,0,0.622073,1
2,0,0.6081186,1
2,0,0.6902836,1
2,0,0.67947716,1
2,0,0.6476249,1
2,0,0.5884483,1
2,0,0.5517396,1
2,0,0.57783335,1
2,0,0.5746386,1
2,0,0.5744376,1
2,0,0.5976388,1
2,0,0.5760935,1
2,0,0.5006123,1
2,0,0.5113565,1
2,0,0.52501506,1
2,0,0.5171003,1
2,0,0.5322755,1
2,0,0.54698545,1
2,0,0.61817706,1
2,0,0.65557796,1
2,0,0.61347646,1
2,0,0.6427135,1
2,0,0.61857927,1
2,0,0.63268626,1
2,0,0.61857927,1
2,0,0.59649515,1
2,0,0.6509951,1
2,0,0.7175405,1
2,0,0.7046618,1
2,0,0.72277015,1
2,0,0.72742397,1
2,0,0.7264695,1
2,0,0.7223747,1
2,0,0.6935764,1
2,0,0.68893635,1
2,0,0.7085973,1
2,0,0.7360857,1
2,0,0.7260629,1
2,0,0.6762189,1
2,0,0.6780168,1
2,0,0.6939394,1
2,0,0.64380884,1
2,0,0.5759105,1
2,0,0.573075,1
2,0,0.55431175,1
2,0,0.5142594,1
2,0,0.4554776,0
2,0,0.46469462,0
2,0,0.39803612,0
2,0,0.411103,0
2,0,0.43317768,0
2,0,0.4082156,0
2,0,0.4120111,0
2,0,0.42255485,0
2,0,0.3502929,0
2,0,0.32844552,0
2,0,0.34859216,0
2,0,0.3686613,0
2,1,0.5873974,1
2,1,0.5721879,1
2,1,0.64268535,1
2,1,0.59794873,1
2,1,0.59794873,1
2,1,0.5615178,1
2,1,0.5414705,1
2,1,0.50093925,1
2,1,0.51821065,1
2,1,0.51821065,1
2,1,0.50537723,1
2,1,0.54539704,1
2,1,0.50464445,1
2,1,0.5417547,1
2,1,0.5417547,1
2,1,0.5120278,1
2,1,0.581303,1
2,1,0.5583729,1
2,1,0.58059317,1
2,1,0.54607874,1
2,1,0.5915814,1
2,1,0.62142617,1
2,1,0.64538515,1
2,0,0.5176123,1
2,0,0.5649429,1
2,0,0.5133246,1
2,0,0.5417572,1
2,0,0.5964125,1
2,0,0.6687397,1
2,0,0.64630216,1
2,0,0.6752481,1
2,0,0.6824216,1
2,1,0.5582384,1
2,1,0.6316741,1
2,1,0.6565699,1
2,1,0.67764544,1
2,1,0.70406806,1
2,1,0.67747974,1
2,1,0.61132246,1
2,1,0.5810427,1
2,1,0.646762,1
2,1,0.7308446,1
2,1,0.70944387,1
2,1,0.7455516,1
2,1,0.75099,1
2,1,0.756419,1
2,1,0.72321975,1
2,1,0.7168226,1
2,1,0.6528701,1
2,1,0.64483416,1
2,1,0.6140949,1
2,1,0.5653807,1
2,1,0.5661083,1
2,1,0.63148654,1
2,1,0.63406074,1
2,1,0.62230444,1
2,1,0.6067147,1
2,1,0.67727923,1
2,1,0.7447112,1
2,1,0.771874,1
2,1,0.750171,1
2,1,0.71802,1
2,1,0.7663154,1
2,1,0.75160605,1
2,1,0.75160605,1
2,1,0.75160605,1
2,1,0.7107954,1
2,1,0.4905798,0
2,1,0.50030845,1
2,1,0.5562857,1
2,1,0.54659545,1
2,1,0.6543261,1
2,1,0.6679582,1
2,1,0.72530013,1
2,1,0.73690164,1
2,1,0.70649606,1
2,1,0.63793606,1
2,1,0.61378276,1
2,1,0.56636816,1
2,1,0.56445146,1
2,1,0.52266765,1
2,1,0.49276334,0
2,1,0.49276334,0
2,1,0.54155725,1
2,1,0.4759724,0
2,1,0.4597598,0
2,1,0.43755493,0
2,1,0.40771025,0
2,1,0.40771025,0
2,1,0.46705583,0
2,1,0.46601045,0
2,1,0.44970644,0
2,1,0.5369924,1
2,1,0.5369924,1
2,1,0.5372755,1
2,1,0.56255746,1
2,1,0.56255746,1
2,1,0.56323034,1
2,1,0.5393169,1
2,1,0.60593265,1
2,1,0.6291857,1
2,1,0.67115545,1
2,1,0.6621217,1
2,1,0.7149045,1
2,1,0.52285767,1
2,1,0.5496079,1
2,1,0.5325795,1
2,1,0.5918999,1
2,1,0.5469535,1
2,1,0.6039887,1
2,1,0.5764808,1
2,1,0.59254175,1
2,1,0.58311146,1
2,1,0.6184763,1
2,1,0.5454716,1
2,1,0.53539515,1
2,1,0.5839213,1
2,1,0.5543301,1
2,1,0.49618727,0
2,1,0.47281307,0
2,1,0.5102572,1
2,1,0.51056826,1
2,1,0.5500646,1
2,1,0.6042025,1
2,1,0.669806,1
2,1,0.67698175,1
2,1,0.6363864,1
2,1,0.6740779,1
2,1,0.6740779,1
2,1,0.7108599,1
2,1,0.7554959,1
2,1,0.7896643,1
2,1,0.79568267,1
2,1,0.79568267,1
2,1,0.76662904,1
2,1,0.79568267,1
2,1,0.8335841,1
2,1,0.7983484,1
2,1,0.81738526,1
2,1,0.75064045,1
2,1,0.7067388,1
2,1,0.67005885,1
2,1,0.63512725,1
2,1,0.64395434,1
2,1,0.6234335,1
2,1,0.6624537,1
2,1,0.64826506,1
2,1,0.64805126,1
2,1,0.64805126,1
2,1,0.6125543,1
2,1,0.62586725,1
2,1,0.6459601,1
2,1,0.6898453,1
2,1,0.76956666,1
2,1,0.75064045,1
2,1,0.7067388,1
2,1,0.67005885,1
2,1,0.63512725,1
2,1,0.64395434,1
2,1,0.6234335,1
2,1,0.6624537,1
2,1,0.64826506,1
2,1,0.64805126,1
2,1,0.64805126,1
2,1,0.6125543,1
2,1,0.62586725,1
2,1,0.6459601,1
2,1,0.6898453,1
2,1,0.76956666,1
2,1,0.5675953,1
2,1,0.5675953,1
2,1,0.4821244,0
2,1,0.50349474,1
2,1,0.51614106,1
2,1,0.49029568,0
2,1,0.52192515,1
2,1,0.48527324,0
2,1,0.47372487,0
2,1,0.47372487,0
2,1,0.4478486,0
2,1,0.45909762,0
2,1,0.45909762,0
2,1,0.41429642,0
2,1,0.453819,0
2,1,0.48171812,0
2,1,0.4905798,0
2,1,0.50030845,1
2,1,0.5562857,1
2,1,0.54659545,1
2,1,0.6543261,1
2,1,0.6679582,1
2,1,0.72530013,1
2,1,0.73690164,1
2,1,0.70649606,1
2,1,0.63793606,1
2,1,0.61378276,1
2,1,0.56636816,1
2,1,0.56445146,1
2,1,0.52266765,1
2,1,0.49276334,0
2,1,0.49276334,0
2,1,0.54155725,1
2,1,0.4759724,0
2,1,0.4597598,0
2,1,0.43755493,0
2,1,0.40771025,0
2,1,0.40771025,0
2,1,0.46705583,0
2,1,0.46601045,0
2,1,0.44970644,0
2,1,0.44970644,0
2,0,0.6661837,1
2,0,0.6761974,1
2,0,0.60478425,1
2,0,0.63076776,1
2,0,0.6666479,1
2,0,0.6914126,1
2,0,0.62670875,1
2,0,0.5586068,1
2,0,0.5517184,1
2,0,0.5666623,1
2,0,0.5805734,1
2,0,0.6637364,1
2,0,0.6793512,1
2,0,0.68306917,1
2,0,0.63943726,1
2,0,0.6326706,1
2,0,0.6833188,1
2,0,0.6577788,1
2,0,0.6395925,1
2,0,0.6563136,1
2,0,0.6437299,1
2,0,0.6437299,1
2,0,0.6184491,1
2,0,0.6014151,1
2,0,0.6014151,1
2,0,0.56617296,1
2,0,0.56617296,1
2,0,0.56617296,1
2,0,0.568964,1
2,0,0.6348016,1
2,0,0.6753476,1
2,0,0.6397996,1
2,0,0.6647967,1
2,0,0.6509383,1
2,0,0.639262,1
2,0,0.60426307,1
2,0,0.54655486,1
2,0,0.4699167,0
2,0,0.48663226,0
2,0,0.471467,0
2,0,0.5403665,1
2,0,0.5013868,1
2,0,0.50830734,1
2,0,0.4747914,0
2,0,0.43116787,0
2,0,0.39696622,0
2,0,0.35977414,0
2,0,0.44990322,0
2,0,0.48124444,0
2,0,0.48124444,0
2,0,0.5046805,1
2,0,0.50688374,1
2,0,0.6039695,1
2,0,0.5979127,1
2,0,0.6298988,1
2,0,0.5446531,1
2,0,0.59551865,1
2,0,0.62664294,1
2,0,0.6272095,1
2,0,0.6487579,1
2,0,0.65911305,1
2,0,0.6135979,1
2,0,0.5178742,1
2,0,0.5419852,1
2,0,0.55291426,1
2,0,0.55291426,1
2,0,0.55429894,1
2,0,0.56611896,1
2,0,0.60992813,1
2,0,0.5927544,1
2,0,0.5927544,1
2,0,0.5257817,1
2,0,0.49375704,0
2,0,0.5012899,1
2,0,0.51244324,1
2,0,0.46291372,0
2,0,0.50882137,1
2,0,0.5243189,1
2,0,0.49488506,0
2,0,0.47485638,0
2,1,0.45805556,0
2,1,0.45367232,0
2,1,0.5820412,1
2,1,0.56687677,1
2,1,0.5663034,1
2,1,0.5638148,1
2,1,0.6782874,1
2,1,0.72566754,1
2,1,0.7390909,1
2,1,0.7239592,1
2,1,0.75694823,1
2,1,0.7137438,1
2,1,0.74006355,1
2,1,0.65169877,1
2,1,0.613615,1
2,0,0.54718363,1
2,0,0.54987854,1
2,0,0.5723187,1
2,0,0.5963268,1
2,0,0.67677146,1
2,0,0.68373066,1
2,0,0.6495253,1
2,0,0.68634325,1
2,0,0.73816377,1
2,0,0.77711827,1
2,0,0.7652255,1
2,0,0.7396683,1
2,0,0.7366508,1
2,0,0.6837669,1
2,0,0.6765744,1
2,0,0.6979076,1
2,0,0.68081665,1
2,0,0.65089625,1
2,0,0.6310123,1
2,0,0.5820352,1
2,0,0.5584842,1
2,0,0.5790877,1
2,0,0.5790877,1
2,0,0.5457215,1
2,0,0.5457215,1
2,0,0.44052482,0
2,0,0.47673267,0
2,0,0.42185643,0
2,0,0.45614862,0
2,0,0.511904,1
2,0,0.4990326,0
2,0,0.5253359,1
2,0,0.57651985,1
2,0,0.5313168,1
2,0,0.49641603,0
2,0,0.5121075,1
2,1,0.5258061,1
2,1,0.5455965,1
2,1,0.5601225,1
2,1,0.5768994,1
2,1,0.6008158,1
2,1,0.67526525,1
2,1,0.66529083,1
2,1,0.67178077,1
2,1,0.6427453,1
2,1,0.59227014,1
2,1,0.6720246,1
2,1,0.62835157,1
2,1,0.556472,1
2,1,0.60804325,1
2,1,0.60268354,1
2,1,0.6220287,1
2,1,0.6171228,1
2,1,0.53215533,1
2,1,0.55172074,1
2,1,0.5568909,1
2,1,0.5676775,1
2,1,0.5716122,1
2,1,0.53272164,1
2,1,0.5554961,1
2,1,0.56602246,1
2,1,0.5989561,1
2,1,0.5462334,1
2,1,0.497757,0
2,1,0.5066894,1
2,1,0.48077458,0
2,1,0.47251028,0
2,1,0.49443635,0
2,1,0.52699566,1
2,1,0.5012058,1
2,1,0.5189455,1
2,1,0.5189455,1
2,1,0.54709005,1
2,1,0.5976373,1
2,1,0.589487,1
2,1,0.5844917,1
2,0,0.59936833,1
2,0,0.59936833,1
2,0,0.59936833,1
2,0,0.576841,1
2,0,0.5796141,1
2,0,0.5912646,1
2,0,0.6228192,1
2,0,0.6066195,1
2,0,0.589029,1
2,0,0.5740843,1
2,0,0.57915056,1
2,0,0.55421835,1
2,0,0.55421835,1
2,0,0.49305764,0
2,0,0.5452068,1
2,0,0.55056864,1
2,0,0.5637933,1
2,0,0.5584006,1
2,0,0.61320126,1
2,0,0.62132853,1
2,0,0.61621475,1
2,0,0.5744277,1
2,0,0.5324857,1
2,0,0.59012944,1
2,0,0.5781718,1
2,0,0.58653516,1
2,0,0.5873974,1
2,0,0.5721879,1
2,0,0.64268535,1
2,0,0.59794873,1
2,0,0.59794873,1
2,1,0.5615178,1
2,1,0.5414705,1
2,1,0.50093925,1
2,1,0.51821065,1
2,1,0.51821065,1
2,1,0.50537723,1
2,1,0.54539704,1
2,1,0.50464445,1
2,1,0.5417547,1
2,1,0.5417547,1
2,1,0.5120278,1
2,1,0.5583729,1
2,1,0.58059317,1
2,1,0.54607874,1
2,1,0.5915814,1
2,1,0.62142617,1
2,1,0.6313291,1
2,1,0.606981,1
2,1,0.6058575,1
2,1,0.5637807,1
2,1,0.58597565,1
2,1,0.5847248,1
2,1,0.57032675,1
2,1,0.6244884,1
2,1,0.58759844,1
2,1,0.59942037,1
2,1,0.61770445,1
2,1,0.5127023,1
2,1,0.48752055,0
2,1,0.48752055,0
2,1,0.4449665,0
2,1,0.46733242,0
2,0,0.49293697,0
2,0,0.59936637,1
2,0,0.62084115,1
2,0,0.6220966,1
2,0,0.6029107,1
2,0,0.5836826,1
2,0,0.5176123,1
2,1,0.5649429,1
2,1,0.5133246,1
2,1,0.5417572,1
2,1,0.5964125,1
2,1,0.6687397,1
2,0,0.64630216,1
2,0,0.6752481,1
2,0,0.6824216,1
2,0,0.7241682,1
2,0,0.669955,1
2,0,0.659238,1
2,0,0.6045079,1
2,1,0.6406692,1
2,1,0.61914104,1
2,1,0.6875505,1
2,1,0.61115944,1
2,1,0.6587188,1
2,1,0.72304016,1
2,1,0.6641072,1
2,1,0.6673623,1
2,1,0.69406885,1
2,1,0.6838562,1
2,1,0.6186175,1
2,1,0.58056027,1
2,1,0.55222803,1
2,1,0.6106028,1
2,1,0.6106028,1
2,1,0.662587,1
2,1,0.62422967,1
2,1,0.6116744,1
2,1,0.5878341,1
2,1,0.558256,1
2,1,0.5101221,1
2,1,0.54519886,1
2,0,0.57717985,1
2,0,0.6200267,1
2,0,0.6284903,1
2,0,0.61167765,1
2,0,0.5918583,1
2,0,0.5918583,1
2,0,0.5261873,1
2,0,0.508138,1
2,0,0.4728581,0
2,0,0.5183436,1
2,0,0.5582384,1
2,0,0.6316741,1
2,0,0.6565699,1
2,1,0.67764544,1
2,1,0.70406806,1
2,1,0.67747974,1
2,1,0.61132246,1
2,1,0.5810427,1
2,1,0.646762,1
2,1,0.7308446,1
2,1,0.70944387,1
2,1,0.7455516,1
2,1,0.75099,1
2,1,0.756419,1
2,1,0.72321975,1
2,1,0.7168226,1
2,1,0.6528701,1
2,1,0.64483416,1
2,1,0.6140949,1
2,1,0.5653807,1
2,1,0.5661083,1
2,1,0.63148654,1
2,1,0.63406074,1
2,1,0.62230444,1
2,1,0.56219745,1
2,1,0.6274564,1
2,1,0.61588675,1
2,1,0.60126895,1
2,1,0.60371494,1
2,0,0.24357188,0
2,0,0.28237978,0
2,0,0.31855467,0
2,0,0.38028806,0
2,0,0.41084337,0
2,0,0.45191196,0
2,0,0.44987592,0
2,0,0.474238,0
2,0,0.49587548,0
2,0,0.54045856,1
2,0,0.6032457,1
2,0,0.5748862,1
2,0,0.5459692,1
2,0,0.43516114,0
2,0,0.5024316,1
2,0,0.45429072,0
2,0,0.46797717,0
2,0,0.39994848,0
2,0,0.5061735,1
2,0,0.5476292,1
2,0,0.5385815,1
2,0,0.6269015,1
2,0,0.5755613,1
2,0,0.58165365,1
2,0,0.57394683,1
2,0,0.5680155,1
2,0,0.60474247,1
2,0,0.6685524,1
2,0,0.7061546,1
2,0,0.7061546,1
2,0,0.73409086,1
2,0,0.71736705,1
2,0,0.7462593,1
2,0,0.6641927,1
2,0,0.66661274,1
2,0,0.6854832,1
2,0,0.62844497,1
2,0,0.6574596,1
2,0,0.73647064,1
2,0,0.76503223,1
2,0,0.7619759,1
2,0,0.7277882,1
2,0,0.652483,1
2,0,0.61323535,1
2,0,0.61323535,1
2,0,0.6304124,1
2,0,0.6466674,1
2,0,0.6265958,1
2,0,0.6681648,1
2,0,0.63791513,1
2,0,0.6172297,1
2,0,0.58098435,1
2,0,0.60573184,1
2,0,0.57081056,1
2,0,0.45831984,0
2,0,0.3851408,0
2,0,0.4477461,0
2,0,0.4477461,0
2,0,0.5022412,1
2,0,0.47700474,0
2,0,0.4931769,0
2,0,0.47014517,0
2,0,0.47314405,0
2,0,0.508241,1
2,0,0.49602786,0
2,0,0.52126896,1
2,0,0.56124717,1
2,0,0.5857147,1
2,0,0.53924674,1
2,0,0.6264509,1
2,0,0.66605693,1
2,0,0.6427603,1
2,0,0.68285066,1
2,0,0.6726382,1
2,0,0.69319755,1
2,0,0.68331146,1
2,0,0.72525436,1
2,0,0.7061583,1
2,0,0.69316834,1
2,0,0.7589334,1
2,0,0.7589334,1
2,0,0.7941866,1
2,0,0.7785367,1
2,0,0.78552663,1
2,0,0.7904308,1
2,0,0.76611036,1
2,0,0.74054915,1
2,0,0.68487823,1
2,0,0.6641252,1
2,0,0.6444485,1
2,0,0.6563995,1
2,0,0.65925103,1
2,0,0.68989915,1
2,0,0.6272368,1
2,0,0.5569291,1
2,0,0.5569291,1
2,0,0.48510036,0
2,0,0.45643392,0
2,0,0.49090758,0
2,0,0.4775745,0
2,0,0.5303409,1
2,0,0.557485,1
2,0,0.66068083,1
2,0,0.7101394,1
2,0,0.6643172,1
2,0,0.63329303,1
2,0,0.59460366,1
2,0,0.59460366,1
2,0,0.62596095,1
2,0,0.6224204,1
2,0,0.59290665,1
2,0,0.5672558,1
2,0,0.5672558,1
2,0,0.5948971,1
2,0,0.5417355,1
2,0,0.5189182,1
2,0,0.5010338,1
2,0,0.4839073,0
2,0,0.4800699,0
2,0,0.48474082,0
2,0,0.49993306,0
2,0,0.48147982,0
2,0,0.518322,1
2,0,0.48907176,0
2,0,0.46759298,0
2,0,0.46759298,0
2,0,0.4946898,0
2,0,0.53802365,1
2,0,0.507197,1
2,0,0.55778986,1
2,0,0.5577167,1
2,0,0.5999544,1
2,0,0.5559152,1
2,0,0.5559152,1
2,0,0.55794424,1
2,0,0.5777229,1
2,0,0.6438478,1
2,0,0.59702826,1
2,0,0.6198628,1
2,0,0.65903145,1
2,0,0.59592944,1
2,0,0.50987124,1
2,0,0.46127787,0
2,0,0.41325983,0
2,0,0.3587907,0
2,0,0.3888227,0
2,0,0.38120833,0
2,0,0.38120833,0
2,0,0.37232137,0
2,0,0.35914785,0
2,0,0.33152992,0
2,0,0.33644715,0
2,0,0.37457615,0
2,0,0.361031,0
2,0,0.34312615,0
2,0,0.35832623,0
2,0,0.4279628,0
2,0,0.41755322,0
2,0,0.420038,0
2,0,0.43885475,0
2,0,0.43885475,0
2,0,0.4502416,0
2,0,0.48101217,0
2,0,0.44741985,0
2,0,0.41492474,0
2,0,0.42707765,0
2,0,0.40413713,0
2,0,0.39367762,0
2,0,0.39367762,0
2,0,0.39631337,0
2,0,0.39631337,0
2,0,0.40177336,0
2,0,0.41618577,0
2,0,0.41618577,0
2,0,0.41348508,0
2,0,0.38305682,0
2,0,0.34044382,0
2,0,0.28716382,0
2,0,0.3256248,0
2,0,0.3510241,0
2,0,0.29290485,0
2,0,0.4205652,0
2,0,0.45811495,0
2,0,0.45811495,0
2,0,0.5182101,1
2,0,0.56676006,1
2,0,0.5160839,1
2,0,0.5298431,1
2,0,0.57012546,1
2,0,0.57012546,1
2,0,0.59467524,1
2,0,0.65209275,1
2,0,0.618083,1
2,0,0.62026393,1
2,0,0.69305015,1
2,0,0.7181342,1
2,0,0.70443016,1
2,0,0.6577849,1
2,0,0.66429245,1
2,0,0.6948147,1
2,0,0.7236708,1
2,0,0.7687881,1
2,0,0.83624375,1
2,0,0.83624375,1
2,0,0.8339805,1
2,0,0.83857065,1
2,0,0.82210773,1
2,0,0.8411161,1
2,0,0.8203002,1
2,0,0.78343993,1
2,0,0.7498038,1
2,0,0.73040205,1
2,0,0.72983617,1
2,0,0.68839645,1
2,0,0.6384164,1
2,0,0.5356024,1
2,0,0.48578075,0
2,0,0.4575487,0
2,0,0.4395237,0
2,0,0.44719622,0
2,0,0.47796783,0
2,0,0.4643139,0
2,0,0.43679136,0
2,0,0.4458742,0
2,0,0.49151102,0
2,0,0.5408773,1
2,0,0.58724505,1
2,0,0.56155956,1
2,0,0.65027255,1
2,0,0.7029036,1
2,0,0.74626803,1
2,0,0.76420856,1
2,0,0.7544004,1
2,0,0.78778535,1
2,0,0.7811767,1
2,0,0.74430424,1
2,0,0.74927574,1
2,0,0.7952113,1
2,0,0.7892236,1
2,0,0.7581684,1
2,0,0.7598267,1
2,0,0.6511753,1
2,0,0.72622275,1
2,0,0.6622821,1
2,0,0.6345868,1
2,0,0.63291794,1
2,0,0.6416413,1
2,0,0.6034848,1
2,0,0.5424553,1
2,0,0.57136947,1
2,0,0.58487207,1
2,0,0.52715486,1
2,0,0.48103312,0
2,0,0.5203156,1
2,0,0.49663588,0
2,0,0.48970553,0
2,0,0.55592686,1
2,0,0.55592686,1
2,0,0.53833795,1
2,0,0.58942664,1
2,0,0.5636698,1
2,0,0.54236406,1
2,0,0.5908876,1
2,0,0.5625126,1
2,0,0.5311007,1
2,0,0.51953685,1
2,0,0.54288036,1
2,0,0.5373492,1
2,0,0.48176795,0
2,0,0.5005188,1
2,0,0.4753828,0
2,0,0.46488532,0
2,0,0.41445562,0
2,0,0.49992397,0
2,0,0.45139194,0
2,0,0.47390282,0
2,0,0.46977383,0
2,0,0.42581502,0
2,0,0.44614622,0
2,0,0.49662018,0
2,0,0.44200677,0
2,0,0.4485403,0
2,0,0.44664645,0
2,0,0.4916094,0
2,0,0.4916094,0
2,0,0.5067603,1
2,0,0.47432706,0
2,0,0.47034767,0
2,0,0.43884715,0
2,0,0.43589196,0
2,0,0.48997387,0
2,0,0.5190522,1
2,0,0.5077263,1
2,0,0.5161035,1
2,0,0.42935413,0
2,0,0.49130285,0
2,0,0.5827657,1
2,0,0.6402734,1
2,0,0.60735655,1
2,0,0.60735655,1
2,0,0.6172415,1
2,0,0.64373565,1
2,0,0.7140561,1
2,0,0.7088213,1
2,0,0.7486311,1
2,0,0.6916734,1
2,0,0.6916734,1
2,0,0.6958715,1
2,0,0.6958715,1
2,0,0.7330847,1
2,0,0.7040285,1
2,0,0.60382074,1
2,0,0.53156704,1
2,0,0.52290314,1
2,0,0.48478073,0
2,0,0.4631944,0
2,0,0.48936197,0
2,0,0.42607996,0
2,0,0.42607996,0
2,0,0.38664073,0
2,0,0.36901364,0
2,0,0.33873317,0
2,0,0.37034324,0
2,0,0.35593173,0
2,0,0.3733162,0
2,0,0.3703335,0
2,0,0.46748212,0
2,0,0.5510156,1
2,0,0.5884292,1
2,0,0.69618803,1
2,0,0.7057937,1
2,0,0.7010581,1
2,0,0.710214,1
2,0,0.7066975,1
2,0,0.7250235,1
2,0,0.7199,1
2,0,0.75482124,1
2,0,0.7496579,1
2,0,0.8158638,1
2,0,0.845082,1
2,0,0.8756798,1
2,0,0.83198345,1
2,0,0.8043235,1
2,0,0.8144697,1
2,0,0.6934742,1
2,0,0.67245823,1
2,1,0.45387027,0
2,1,0.4672111,0
2,1,0.47900626,0
2,1,0.5167496,1
2,1,0.5074064,1
2,1,0.47957245,0
2,1,0.4381631,0
2,1,0.4026664,0
2,1,0.45375174,0
2,1,0.35016638,0
2,1,0.5012172,1
2,1,0.61308146,1
2,1,0.6492777,1
2,1,0.56371444,1
2,1,0.55274546,1
2,1,0.55274546,1
2,1,0.5344455,1
2,0,0.57211685,1
2,0,0.5415562,1
2,0,0.6047235,1
2,0,0.5444338,1
2,0,0.5383384,1
2,0,0.5552739,1
2,0,0.59550446,1
2,0,0.59610194,1
2,0,0.5689519,1
2,0,0.53644544,1
2,1,0.4866238,0
2,1,0.50346565,1
2,1,0.5290005,1
2,1,0.5024856,1
2,1,0.5200475,1
2,1,0.50188696,1
2,1,0.4895496,0
2,1,0.53232133,1
2,1,0.54506594,1
2,0,0.49860862,0
2,0,0.4735512,0
2,0,0.4340012,0
2,0,0.45772108,0
2,0,0.48785108,0
2,0,0.4672882,0
2,0,0.5254328,1
2,0,0.507926,1
2,0,0.45147437,0
2,0,0.46418625,0
2,0,0.492608,0
2,0,0.48912477,0
2,0,0.48912477,0
2,0,0.5114521,1
2,0,0.51142746,1
2,0,0.43551823,0
2,0,0.43551823,0
2,0,0.40856358,0
2,0,0.3881176,0
2,0,0.3795325,0
2,0,0.40013525,0
2,0,0.41033617,0
2,0,0.4613833,0
2,0,0.42028823,0
2,0,0.40450758,0
2,0,0.4332623,0
2,0,0.40505052,0
2,0,0.46669537,0
2,0,0.4593953,0
2,0,0.5442483,1
2,1,0.86875284,1
2,1,0.87556535,1
2,1,0.83177096,1
2,1,0.77046365,1
2,1,0.76587707,1
2,1,0.7286767,1
2,1,0.78243035,1
2,1,0.78657717,1
2,1,0.72581106,1
2,1,0.74388295,1
2,1,0.76519865,1
2,1,0.7331953,1
2,1,0.7283078,1
2,1,0.69900894,1
2,1,0.6801306,1
2,1,0.6486452,1
2,1,0.5200893,1
2,1,0.5000505,1
2,1,0.4964673,0
2,1,0.52432996,1
2,1,0.5286699,1
2,1,0.6374028,1
2,1,0.6576639,1
2,1,0.6432511,1
2,1,0.66180754,1
2,1,0.6856194,1
2,1,0.61033046,1
2,1,0.66944116,1
2,1,0.7122165,1
2,1,0.70259136,1
2,1,0.70754033,1
2,1,0.56658167,1
2,1,0.56658167,1
2,1,0.5626221,1
2,1,0.5964793,1
2,1,0.5443725,1
2,1,0.584933,1
2,1,0.53474545,1
2,1,0.5240599,1
2,1,0.48544592,0
2,1,0.4906431,0
2,1,0.5822544,1
2,1,0.70031065,1
2,1,0.6585999,1
2,1,0.65884227,1
2,1,0.65884227,1
2,0,0.41720486,0
2,0,0.4246673,0
2,0,0.52116627,1
2,0,0.52573156,1
2,0,0.50242037,1
2,0,0.4985115,0
2,0,0.54954475,1
2,0,0.5270424,1
2,0,0.577902,1
2,0,0.5923561,1
2,0,0.5638324,1
2,0,0.6066811,1
2,0,0.6330011,1
2,0,0.5821931,1
2,0,0.47315314,0
2,0,0.46916255,0
2,0,0.55427897,1
2,0,0.4943812,0
2,0,0.5036359,1
2,0,0.5880783,1
2,0,0.5971183,1
2,0,0.54982543,1
2,0,0.61268914,1
2,0,0.6631632,1
2,0,0.6604975,1
2,0,0.64314115,1
2,0,0.608401,1
2,0,0.63559544,1
2,0,0.6524377,1
2,0,0.6731999,1
2,0,0.7076464,1
2,0,0.7217275,1
2,0,0.75047725,1
2,0,0.72685134,1
2,0,0.6759821,1
2,0,0.73668224,1
2,0,0.6953978,1
2,0,0.6479401,1
2,0,0.57605404,1
2,0,0.53826374,1
2,0,0.599876,1
2,0,0.64341146,1
2,0,0.6104371,1
2,0,0.62107503,1
2,0,0.63400495,1
2,0,0.63365424,1
2,0,0.57751524,1
2,0,0.55070376,1
2,0,0.5871754,1
2,0,0.5871754,1
2,0,0.50604326,1
2,0,0.52749765,1
2,0,0.52749765,1
2,0,0.5414925,1
2,0,0.5130941,1
2,0,0.5045007,1
2,0,0.49767476,0
2,0,0.5594679,1
2,0,0.5366904,1
2,0,0.5390845,1
2,0,0.5159132,1
2,0,0.5379934,1
2,0,0.5242707,1
2,0,0.4788711,0
2,0,0.4631008,0
2,0,0.48996183,0
2,0,0.50083727,1
2,0,0.52001876,1
2,0,0.50667757,1
2,0,0.56080735,1
2,0,0.5354923,1
2,0,0.546228,1
2,0,0.4950317,0
2,0,0.47281694,0
2,0,0.4560324,0
2,0,0.4805225,0
2,0,0.49523255,0
2,0,0.47396004,0
2,0,0.4873737,0
2,0,0.56715953,1
2,0,0.51459575,1
2,0,0.5774821,1
2,0,0.5502201,1
2,0,0.5671372,1
2,0,0.5671372,1
2,0,0.6058475,1
2,0,0.57172734,1
2,0,0.6492095,1
2,0,0.68883586,1
2,0,0.70184296,1
2,0,0.7168408,1
2,0,0.6993496,1
2,0,0.7676009,1
2,0,0.74927616,1
2,0,0.67547524,1
2,0,0.71875215,1
2,0,0.63234645,1
2,0,0.61385685,1
2,0,0.7131232,1
2,0,0.67967284,1
2,0,0.6162589,1
2,0,0.7178904,1
2,0,0.6527601,1
2,0,0.6187656,1
2,0,0.62779856,1
2,0,0.66089433,1
2,0,0.64222944,1
2,0,0.5795998,1
2,0,0.6428985,1
2,0,0.619037,1
2,0,0.61075044,1
2,0,0.5944447,1
2,0,0.6143975,1
2,0,0.5556073,1
2,0,0.59440404,1
2,0,0.59564376,1
2,0,0.5367326,1
2,0,0.46756923,0
2,0,0.4795489,0
2,0,0.49003223,0
2,0,0.45136288,0
2,0,0.49394685,0
2,0,0.5460599,1
2,0,0.50920516,1
2,0,0.5605898,1
2,0,0.53634214,1
2,0,0.55049634,1
2,0,0.55049634,1
2,0,0.5750536,1
2,0,0.59561265,1
2,0,0.6226006,1
2,0,0.5825119,1
2,0,0.57930535,1
2,0,0.61572033,1
2,0,0.6100245,1
2,0,0.545579,1
2,0,0.545579,1
2,0,0.52095366,1
2,0,0.5512094,1
2,0,0.54371315,1
2,0,0.57094747,1
2,0,0.54700327,1
2,0,0.5788599,1
2,0,0.5462657,1
2,0,0.51045966,1
2,0,0.5211894,1
2,0,0.54112065,1
2,0,0.52581763,1
2,0,0.49623892,0
2,0,0.48760283,0
2,0,0.48393017,0
2,0,0.44725206,0
2,0,0.461677,0
2,0,0.45740953,0
2,0,0.4646858,0
2,0,0.4728701,0
2,0,0.4966626,0
2,0,0.48204476,0
2,0,0.57494843,1
2,0,0.5832366,1
2,0,0.5422458,1
2,0,0.50847113,1
2,0,0.56198484,1
2,0,0.6066813,1
2,0,0.5834717,1
2,0,0.6377279,1
2,0,0.6831123,1
2,0,0.65630656,1
2,0,0.65298235,1
2,0,0.64800745,1
2,0,0.58228374,1
2,0,0.59523946,1
2,0,0.575129,1
2,0,0.48746532,0
2,0,0.51462984,1
2,0,0.5700356,1
2,0,0.63527375,1
2,0,0.6478782,1
2,0,0.62689924,1
2,0,0.6573245,1
2,0,0.6301583,1
2,0,0.6594497,1
2,0,0.70806724,1
2,0,0.72549903,1
2,0,0.7350335,1
2,0,0.78251666,1
2,0,0.74856126,1
2,0,0.79322416,1
2,0,0.7841094,1
2,0,0.7517383,1
2,0,0.73663723,1
2,0,0.67282254,1
2,0,0.6294588,1
2,0,0.6294588,1
2,0,0.67195904,1
2,0,0.7186976,1
2,0,0.7186976,1
2,0,0.6906832,1
2,0,0.69037837,1
2,0,0.6685207,1
2,0,0.6646631,1
2,0,0.70913374,1
2,0,0.68518615,1
2,0,0.6990747,1
2,0,0.6953076,1
2,0,0.68483484,1
2,0,0.68483484,1
2,0,0.68483484,1
2,0,0.6902556,1
2,0,0.60544336,1
2,0,0.5135816,1
2,0,0.43296406,0
2,0,0.41126463,0
2,0,0.39196268,0
2,0,0.40940297,0
2,0,0.4354324,0
2,0,0.40493286,0
2,0,0.34541133,0
2,0,0.37242055,0
2,0,0.37242055,0
2,0,0.35978317,0
2,0,0.36923862,0
2,0,0.4336204,0
2,0,0.428199,0
2,0,0.502786,1
2,0,0.58979857,1
2,0,0.62157387,1
2,0,0.64300364,1
2,0,0.6536099,1
2,0,0.67364144,1
2,0,0.6657731,1
2,0,0.6657731,1
2,0,0.79133236,1
2,0,0.74918586,1
2,0,0.7672613,1
2,0,0.79160786,1
2,0,0.79160786,1
2,0,0.7487876,1
2,0,0.75538766,1
2,0,0.6998712,1
2,0,0.65643024,1
2,0,0.6280969,1
2,0,0.6366851,1
2,0,0.66893667,1
2,0,0.667472,1
2,0,0.6623829,1
2,0,0.65412086,1
2,0,0.5997289,1
2,0,0.6205918,1
2,0,0.56357133,1
2,0,0.50204384,1
2,0,0.48092666,0
2,0,0.52125317,1
2,0,0.51498723,1
2,0,0.60573226,1
2,0,0.62970173,1
2,0,0.59478503,1
2,0,0.60265964,1
2,0,0.57906204,1
2,0,0.58387274,1
2,0,0.5781734,1
2,0,0.6427449,1
2,0,0.60710675,1
2,0,0.6346063,1
2,0,0.6346063,1
2,0,0.6377771,1
2,0,0.7431739,1
2,0,0.69456446,1
2,0,0.641803,1
2,0,0.57739687,1
2,0,0.5883586,1
2,0,0.5902013,1
2,0,0.5897187,1
2,0,0.5342243,1
2,0,0.4782568,0
2,0,0.4505524,0
2,0,0.4505524,0
2,0,0.467073,0
2,0,0.4399337,0
2,0,0.48215863,0
2,0,0.5382638,1
2,0,0.5022218,1
2,0,0.49001145,0
2,0,0.55411583,1
2,0,0.5755276,1
2,0,0.48443583,0
2,0,0.5088596,1
2,0,0.503861,1
2,0,0.5169419,1
2,0,0.5529911,1
2,0,0.5761908,1
2,0,0.52703667,1
2,0,0.5728324,1
2,0,0.59315234,1
2,0,0.5774215,1
2,0,0.55747885,1
2,0,0.5337117,1
2,0,0.57723755,1
2,0,0.4978275,0
2,0,0.48832503,0
2,1,0.58786154,1
2,1,0.5925886,1
2,1,0.58237433,1
2,1,0.6235178,1
2,1,0.5886581,1
2,1,0.644489,1
2,1,0.6220146,1
2,1,0.64610326,1
2,1,0.58212113,1
2,1,0.5451083,1
2,1,0.54979587,1
2,1,0.56718725,1
2,1,0.47177088,0
2,1,0.49641427,0
2,1,0.51588005,1
2,1,0.54374355,1
2,1,0.53799146,1
2,1,0.5581044,1
2,1,0.53306866,1
2,1,0.408354,0
2,1,0.4236515,0
2,1,0.43346033,0
2,1,0.43563017,0
2,1,0.4440288,0
2,1,0.4584259,0
2,1,0.444121,0
2,1,0.46898043,0
2,0,0.45708433,0
2,0,0.38685855,0
2,0,0.3511777,0
2,0,0.37634593,0
2,0,0.34677193,0
2,0,0.3223617,0
2,0,0.32034737,0
2,0,0.3441707,0
2,0,0.34206054,0
2,0,0.3136009,0
2,1,0.6640205,1
2,1,0.6490774,1
2,1,0.67203593,1
2,1,0.7076493,1
2,1,0.7076493,1
2,1,0.6929504,1
2,1,0.6823952,1
2,1,0.66093177,1
2,1,0.6112674,1
2,1,0.6073961,1
2,1,0.4310626,0
2,1,0.34079403,0
2,1,0.35818058,0
2,1,0.37763306,0
2,1,0.36147392,0
2,1,0.3335227,0
2,1,0.35618004,0
2,1,0.33357567,0
2,1,0.25189748,0
2,1,0.2536165,0
2,1,0.25207138,0
2,1,0.23739101,0
2,1,0.35296777,0
2,1,0.34265128,0
2,1,0.32676545,0
2,1,0.33384502,0
2,1,0.59905136,1
2,1,0.64169794,1
2,1,0.7069878,1
2,1,0.720917,1
2,1,0.6849924,1
2,1,0.64694315,1
2,1,0.60328746,1
2,1,0.6244651,1
2,1,0.61444896,1
2,1,0.67956334,1
2,1,0.6297366,1
2,1,0.6112759,1
2,1,0.6196595,1
2,1,0.59141,1
2,1,0.57762975,1
2,1,0.5181058,1
2,1,0.49957594,0
2,1,0.433952,0
2,1,0.45393533,0
2,1,0.43516114,0
2,1,0.5024316,1
2,1,0.45429072,0
2,1,0.46797717,0
2,1,0.39994848,0
2,1,0.5061735,1
2,1,0.5476292,1
2,1,0.5385815,1
2,1,0.6269015,1
2,1,0.5755613,1
2,1,0.58165365,1
2,1,0.57394683,1
2,1,0.5680155,1
2,1,0.60474247,1
2,1,0.6685524,1
2,1,0.7061546,1
2,1,0.7061546,1
2,1,0.73409086,1
2,1,0.71736705,1
2,1,0.7462593,1
2,1,0.6641927,1
2,1,0.65640837,1
2,1,0.6764557,1
2,1,0.61710554,1
2,1,0.64515185,1
2,1,0.72964454,1
2,1,0.7582406,1
2,1,0.5672558,1
2,1,0.5672558,1
2,1,0.5948971,1
2,1,0.5417355,1
2,1,0.5189182,1
2,1,0.5010338,1
2,1,0.4839073,0
2,1,0.4800699,0
2,1,0.48474082,0
2,1,0.49993306,0
2,1,0.48147982,0
2,1,0.518322,1
2,1,0.48907176,0
2,1,0.46759298,0
2,1,0.46759298,0
2,1,0.4946898,0
2,1,0.53802365,1
2,1,0.507197,1
2,1,0.5160839,1
2,1,0.5298431,1
2,1,0.57012546,1
2,1,0.57012546,1
2,1,0.59467524,1
2,1,0.65209275,1
2,1,0.618083,1
2,1,0.62026393,1
2,1,0.69305015,1
2,1,0.7181342,1
2,1,0.70443016,1
2,1,0.6577849,1
2,1,0.6577849,1
2,1,0.686157,1
2,1,0.7176051,1
2,1,0.76228863,1
2,1,0.83178407,1
2,1,0.83178407,1
2,1,0.82948184,1
2,1,0.8339805,1
2,1,0.8171735,1
2,1,0.8373969,1
2,1,0.8162018,1
2,1,0.77872676,1
2,1,0.7446562,1
2,1,0.7251387,1
2,1,0.44719622,0
2,1,0.47796783,0
2,1,0.4643139,0
2,1,0.43679136,0
2,1,0.4458742,0
2,1,0.49151102,0
2,1,0.5408773,1
2,1,0.58724505,1
2,1,0.56155956,1
2,1,0.65027255,1
2,1,0.7029036,1
2,1,0.74626803,1
2,1,0.76420856,1
2,1,0.7544004,1
2,1,0.78778535,1
2,1,0.7811767,1
2,1,0.5301482,1
2,1,0.49682662,0
2,1,0.5164805,1
2,1,0.5164805,1
2,1,0.4678794,0
2,1,0.43567038,0
2,1,0.4584473,0
2,1,0.46628976,0
2,1,0.5152127,1
2,1,0.6108665,1
2,1,0.5630306,1
2,1,0.63254464,1
2,1,0.6436264,1
2,1,0.6436264,1
2,1,0.6561636,1
2,1,0.6685805,1
2,1,0.6565412,1
2,1,0.69298846,1
2,1,0.6400178,1
2,1,0.6343144,1
2,1,0.6343144,1
2,1,0.6303384,1
2,1,0.657792,1
2,1,0.6867128,1
2,1,0.65138763,1
2,1,0.7657487,1
2,1,0.7773172,1
2,1,0.7345321,1
2,1,0.71563846,1
2,1,0.71788865,1
2,1,0.7295747,1
2,1,0.6932971,1
2,1,0.5725233,1
2,1,0.70906496,1
2,1,0.70273936,1
2,1,0.68976355,1
2,1,0.62163883,1
2,1,0.61539763,1
2,1,0.6467417,1
2,1,0.63875175,1
2,1,0.5983961,1
2,1,0.5983961,1
2,1,0.5629828,1
2,1,0.5855824,1
2,1,0.5197332,1
2,1,0.5514188,1
2,1,0.48086864,0
2,1,0.53920436,1
2,1,0.55137885,1
2,1,0.6124755,1
2,1,0.6783046,1
2,1,0.68600875,1
2,1,0.6663102,1
2,1,0.7206662,1
2,1,0.7250051,1
2,1,0.70804983,1
2,1,0.70804983,1
2,1,0.7559929,1
2,1,0.7866777,1
2,1,0.8096372,1
2,1,0.8084591,1
2,1,0.77758926,1
2,1,0.74911016,1
2,1,0.71753263,1
2,1,0.65362334,1
2,1,0.6373541,1
2,1,0.7172864,1
2,1,0.7189734,1
2,1,0.63590294,1
2,1,0.6690603,1
2,1,0.7226119,1
2,1,0.71180516,1
2,1,0.6979239,1
2,1,0.7217552,1
2,1,0.7239743,1
2,1,0.71106094,1
2,1,0.7126635,1
2,1,0.69317657,1
2,1,0.5585281,1
2,1,0.5585281,1
2,1,0.561989,1
2,1,0.55187494,1
2,1,0.57000047,1
2,1,0.5301746,1
2,1,0.46042043,0
2,1,0.4186107,0
2,1,0.4192254,0
2,1,0.44339573,0
2,1,0.42823792,0
2,1,0.41853607,0
2,1,0.47868925,0
2,1,0.473536,0
2,1,0.46493876,0
2,1,0.56883,1
2,1,0.6024682,1
2,1,0.5760289,1
2,1,0.5905501,1
2,1,0.7782756,1
2,1,0.80314326,1
2,1,0.79066837,1
2,1,0.7668097,1
2,1,0.822807,1
2,1,0.8283112,1
2,1,0.7852422,1
2,1,0.75292975,1
2,1,0.7852422,1
2,1,0.8213494,1
2,1,0.8284134,1
2,1,0.8284134,1
2,1,0.80177516,1
2,1,0.8318145,1
2,1,0.81535864,1
2,1,0.8242686,1
2,1,0.7368897,1
2,1,0.72009766,1
2,1,0.72022206,1
2,1,0.69013065,1
2,1,0.6942427,1
2,1,0.7235766,1
2,1,0.7043809,1
2,1,0.61107606,1
2,1,0.61107606,1
2,1,0.5690867,1
2,1,0.5690867,1
2,1,0.6440219,1
2,1,0.61187,1
2,1,0.59994024,1
2,1,0.54010415,1
2,1,0.6231238,1
2,1,0.5927269,1
2,1,0.6003436,1
2,1,0.6003436,1
2,1,0.60781527,1
2,1,0.66856104,1
2,1,0.7291569,1
2,1,0.65280235,1
2,1,0.63418394,1
2,1,0.63743955,1
2,1,0.65463114,1
2,1,0.56171584,1
2,1,0.57407653,1
2,1,0.6592674,1
2,1,0.58761257,1
2,1,0.6436417,1
2,1,0.6706514,1
2,1,0.6584613,1
2,1,0.6584613,1
2,1,0.6760946,1
2,1,0.67264545,1
2,1,0.6292727,1
2,1,0.6088581,1
2,1,0.5547198,1
2,1,0.51948684,1
2,1,0.49464604,0
2,1,0.44982827,0
2,1,0.48450416,0
2,1,0.4863267,0
2,1,0.5201343,1
2,1,0.5610605,1
2,1,0.4988078,0
2,1,0.6587443,1
2,1,0.6447148,1
2,1,0.649983,1
2,1,0.6244482,1
2,1,0.67572707,1
2,1,0.7115458,1
2,1,0.7421826,1
2,1,0.7107782,1
2,1,0.69970185,1
2,1,0.69970185,1
2,1,0.68951386,1
2,1,0.70618856,1
2,1,0.68555707,1
2,1,0.52847004,1
2,1,0.4879158,0
2,1,0.5498607,1
2,1,0.53588843,1
2,1,0.57639897,1
2,1,0.54882973,1
2,1,0.54882973,1
2,1,0.46368834,0
2,1,0.4888717,0
2,1,0.54391724,1
2,1,0.6596902,1
2,1,0.68730295,1
2,1,0.7462878,1
2,1,0.71309316,1
2,1,0.7481897,1
2,1,0.7609185,1
2,1,0.77304757,1
2,1,0.77304757,1
2,1,0.7608595,1
2,1,0.76205885,1
2,1,0.75157917,1
2,1,0.7376059,1
2,1,0.7946832,1
2,1,0.6944042,1
2,1,0.6990415,1
2,1,0.7548892,1
2,1,0.7746892,1
2,1,0.7654458,1
2,1,0.76144856,1
2,1,0.79830015,1
2,1,0.74501836,1
2,1,0.7868709,1
2,1,0.76754385,1
2,1,0.7471404,1
2,1,0.7631094,1
2,1,0.7631094,1
2,1,0.7502861,1
2,1,0.735457,1
2,1,0.7339357,1
2,1,0.7339357,1
2,1,0.7055211,1
2,1,0.7007598,1
2,1,0.71528333,1
2,1,0.7487712,1
2,1,0.71027046,1
2,1,0.71040255,1
2,1,0.6354061,1
2,1,0.66617125,1
2,1,0.68163145,1
2,1,0.68128496,1
2,1,0.6598994,1
2,1,0.5286046,1
2,1,0.45619157,0
2,1,0.50525737,1
2,1,0.48913005,0
2,1,0.536215,1
2,1,0.56403184,1
2,1,0.48008502,0
2,1,0.49999413,0
2,1,0.47257128,0
2,1,0.44513112,0
2,1,0.45646155,0
2,1,0.436161,0
2,1,0.4340147,0
2,1,0.4814959,0
2,1,0.42400837,0
2,1,0.42400837,0
2,1,0.46621883,0
2,1,0.48867825,0
2,1,0.46678156,0
2,1,0.54757756,1
2,1,0.53811973,1
2,1,0.52463555,1
2,1,0.4793929,0
2,1,0.5053764,1
2,1,0.4392483,0
2,1,0.41446057,0
2,1,0.41317177,0
2,1,0.53990835,1
2,1,0.49614742,0
2,1,0.52907425,1
2,1,0.55595726,1
2,1,0.5909936,1
2,1,0.4782939,0
2,1,0.47147992,0
2,1,0.52708054,1
2,1,0.6423151,1
2,1,0.6733208,1
2,1,0.691681,1
2,1,0.6002956,1
2,1,0.5319199,1
2,1,0.53898805,1
2,1,0.5286049,1
2,1,0.5053062,1
2,1,0.534289,1
2,1,0.48843092,0
2,1,0.5233172,1
2,1,0.5091768,1
2,1,0.4565293,0
2,1,0.4239772,0
2,1,0.4130537,0
2,1,0.41568074,0
2,1,0.40095007,0
2,1,0.44765475,0
2,1,0.50381696,1
2,1,0.51772314,1
2,1,0.6319959,1
2,1,0.6550784,1
2,1,0.6816668,1
2,1,0.6816668,1
2,1,0.70735395,1
2,1,0.70735395,1
2,1,0.70735395,1
2,1,0.72710717,1
2,1,0.72135437,1
2,1,0.7023707,1
2,1,0.7055055,1
2,1,0.73877513,1
2,1,0.733843,1
2,1,0.6065655,1
2,1,0.6065655,1
2,1,0.6673344,1
2,1,0.697919,1
2,1,0.7270598,1
2,1,0.7159115,1
2,1,0.69609535,1
2,1,0.6694371,1
2,1,0.6532818,1
2,1,0.6532818,1
2,1,0.6578724,1
2,1,0.61898065,1
2,1,0.60358375,1
2,1,0.5798377,1
2,1,0.5204373,1
2,1,0.5185445,1
2,1,0.5517128,1
2,1,0.58958876,1
2,1,0.622365,1
2,1,0.59966874,1
2,1,0.61480856,1
2,1,0.6521509,1
2,1,0.63996077,1
2,1,0.6422511,1
2,1,0.66153723,1
2,1,0.68563116,1
2,1,0.7611334,1
2,1,0.7758142,1
2,1,0.78271794,1
2,1,0.7513929,1
2,1,0.7676538,1
2,1,0.7480291,1
2,1,0.7916682,1
2,1,0.820073,1
2,1,0.82573605,1
2,1,0.7967016,1
2,1,0.81466913,1
2,1,0.80856484,1
2,1,0.7309717,1
2,1,0.7038987,1
2,1,0.6741719,1
2,1,0.58807397,1
2,1,0.57118624,1
2,1,0.5803191,1
2,1,0.5803191,1
2,1,0.5628343,1
2,1,0.5628343,1
2,1,0.44892928,0
2,1,0.35023272,0
2,1,0.2817386,0
2,1,0.31744108,0
2,1,0.26589572,0
2,1,0.2118225,0
2,1,0.22814341,0
2,1,0.17000829,0
2,1,0.11881192,0
2,0,0.43913844,0
2,0,0.46708706,0
2,0,0.45360732,0
2,0,0.48745847,0
2,0,0.50841683,1
2,0,0.48865864,0
2,0,0.48865864,0
2,0,0.49131775,0
2,0,0.5362635,1
2,0,0.55765355,1
2,0,0.5191575,1
2,0,0.5149529,1
2,0,0.5400096,1
2,0,0.6171464,1
2,0,0.63621825,1
2,0,0.6421128,1
2,0,0.6721511,1
2,0,0.69256014,1
2,0,0.6855409,1
2,0,0.6964878,1
2,0,0.72812504,1
2,0,0.6958226,1
2,0,0.7393672,1
2,0,0.66981184,1
2,0,0.6437624,1
2,0,0.6607405,1
2,0,0.64083314,1
2,0,0.6620651,1
2,0,0.62582785,1
2,0,0.6513742,1
2,0,0.687865,1
2,0,0.61213917,1
2,0,0.6521342,1
2,0,0.6535423,1
2,0,0.67407084,1
2,0,0.6734578,1
2,0,0.67022353,1
2,0,0.6402525,1
2,0,0.6796072,1
2,0,0.6796072,1
2,0,0.71010417,1
2,0,0.73988396,1
2,0,0.69000477,1
2,0,0.72586584,1
2,0,0.6987313,1
2,0,0.63368034,1
2,0,0.6457757,1
2,0,0.6010702,1
2,0,0.6027884,1
2,0,0.63601714,1
2,0,0.6491205,1
2,0,0.6973176,1
2,0,0.6870324,1
2,0,0.68430436,1
2,0,0.68430436,1
2,0,0.6569282,1
2,0,0.59465265,1
2,0,0.5805942,1
2,0,0.55094534,1
2,0,0.55094534,1
2,0,0.5469119,1
2,0,0.57679933,1
2,0,0.59050846,1
2,0,0.6049378,1
2,0,0.5663744,1
2,0,0.5347539,1
2,0,0.48230278,0
2,0,0.48230278,0
2,0,0.48230278,0
2,0,0.49614665,0
2,0,0.48494825,0
2,0,0.5414119,1
2,0,0.5744765,1
2,0,0.56603026,1
2,0,0.5617432,1
2,0,0.58455837,1
2,0,0.54452485,1
2,0,0.5483379,1
2,0,0.5483379,1
2,0,0.5597189,1
2,0,0.53728366,1
2,0,0.59215343,1
2,0,0.58672744,1
2,0,0.58672744,1
2,0,0.6053231,1
2,0,0.66369647,1
2,0,0.6417262,1
2,0,0.67440397,1
2,0,0.68213373,1
2,0,0.7406043,1
2,0,0.7233889,1
2,0,0.7454619,1
2,0,0.7454619,1
2,0,0.7158751,1
2,0,0.6853117,1
2,0,0.6853117,1
2,0,0.66055846,1
2,0,0.6853117,1
2,0,0.6689909,1
2,0,0.6254608,1
2,0,0.55187756,1
2,0,0.5875574,1
2,1,0.6247932,1
2,1,0.6644196,1
2,1,0.5719983,1
2,1,0.61145777,1
2,1,0.635755,1
2,1,0.59999466,1
2,1,0.6215391,1
2,1,0.65371394,1
2,1,0.70221305,1
2,1,0.6623646,1
2,1,0.62724894,1
2,1,0.6490929,1
2,1,0.62724894,1
2,1,0.6271284,1
2,1,0.61101925,1
2,1,0.57709527,1
2,1,0.5571622,1
2,1,0.60722035,1
2,0,0.60361797,1
2,0,0.57649094,1
2,0,0.55320776,1
2,0,0.5495891,1
2,0,0.508784,1
2,0,0.52823347,1
2,0,0.5694748,1
2,0,0.5238546,1
2,0,0.4697398,0
2,0,0.46129385,0
2,0,0.46760836,0
2,0,0.4127276,0
2,0,0.4127276,0
2,0,0.43199623,0
2,0,0.46276027,0
2,0,0.4321437,0
2,0,0.42770296,0
2,0,0.46781096,0
2,0,0.47130215,0
2,0,0.50997126,1
2,0,0.48861316,0
2,0,0.52008814,1
2,0,0.53775,1
2,0,0.5711016,1
2,0,0.61557335,1
2,0,0.6116669,1
2,0,0.6508377,1
2,0,0.59735346,1
2,0,0.55101275,1
2,0,0.5233291,1
2,0,0.53565115,1
2,0,0.602391,1
2,0,0.65817195,1
2,0,0.66188145,1
2,0,0.65285045,1
2,0,0.63822174,1
3,0,0.40988448,0
3,0,0.42778277,0
3,0,0.4264328,0
3,0,0.44137123,0
3,0,0.44943833,0
3,0,0.4707572,0
3,0,0.48936304,0
3,0,0.4519523,0
3,0,0.5007682,1
3,0,0.52309364,1
3,0,0.5235947,1
3,0,0.51823986,1
3,0,0.51823986,1
3,0,0.5205111,1
3,0,0.5250493,1
3,0,0.5545548,1
3,0,0.5545548,1
3,0,0.5514586,1
3,0,0.5601068,1
3,0,0.5601068,1
3,0,0.507138,1
3,0,0.48993477,0
3,0,0.53148997,1
3,0,0.5389278,1
3,0,0.51874596,1
3,0,0.5822433,1
3,0,0.59369594,1
3,0,0.59369594,1
3,0,0.60484475,1
3,0,0.58833116,1
3,0,0.58833116,1
3,0,0.56616336,1
3,0,0.58026916,1
3,1,0.52323294,1
3,1,0.53409326,1
3,1,0.583724,1
3,1,0.5918073,1
3,1,0.57829136,1
3,1,0.5152778,1
3,1,0.5050415,1
3,1,0.4442835,0
3,0,0.47150606,0
3,0,0.47150606,0
3,0,0.45728248,0
3,0,0.40706035,0
3,0,0.39220652,0
3,0,0.4158877,0
3,0,0.38277102,0
3,0,0.42072606,0
3,0,0.409158,0
3,0,0.3906512,0
3,0,0.4607851,0
3,0,0.4488427,0
3,0,0.47318318,0
3,0,0.53172183,1
3,0,0.59760517,1
3,0,0.5876457,1
3,0,0.5785957,1
3,0,0.5994132,1
3,0,0.6485167,1
3,0,0.6967777,1
3,0,0.69071364,1
3,0,0.7033684,1
3,0,0.7033684,1
3,0,0.7454982,1
3,0,0.75124705,1
3,0,0.7333259,1
3,0,0.7320812,1
3,0,0.74974626,1
3,0,0.7353745,1
3,0,0.7061999,1
3,0,0.6876103,1
3,0,0.6876103,1
3,0,0.6630596,1
3,0,0.6298757,1
3,0,0.5803614,1
3,0,0.6383356,1
3,0,0.65392613,1
3,0,0.6859915,1
3,0,0.5867874,1
3,0,0.64312,1
3,0,0.5660195,1
3,0,0.55848897,1
3,0,0.58865434,1
3,0,0.5709769,1
3,0,0.5599632,1
3,0,0.613522,1
3,0,0.613522,1
3,0,0.6288265,1
3,0,0.64842045,1
3,0,0.6409238,1
3,0,0.5832073,1
3,0,0.5903299,1
3,0,0.5548878,1
3,0,0.57811874,1
3,0,0.5790473,1
3,0,0.5837876,1
3,0,0.62336755,1
3,0,0.56541735,1
3,0,0.5294245,1
3,0,0.6027618,1
3,0,0.59301573,1
3,0,0.59272623,1
3,0,0.57934654,1
3,0,0.5779398,1
3,0,0.56995356,1
3,0,0.56995356,1
3,0,0.51545316,1
3,0,0.5565799,1
3,0,0.56455284,1
3,0,0.5587421,1
3,0,0.6640771,1
3,0,0.6744457,1
3,0,0.66208273,1
3,0,0.7105165,1
3,0,0.6453303,1
3,0,0.6453303,1
3,0,0.6838667,1
3,0,0.73609906,1
3,0,0.74332243,1
3,0,0.71882296,1
3,0,0.7304717,1
3,0,0.76035994,1
3,0,0.7304717,1
3,0,0.71585625,1
3,0,0.72647864,1
3,0,0.6654122,1
3,0,0.5704608,1
3,0,0.5704608,1
3,0,0.59971386,1
3,0,0.61729383,1
3,0,0.57153684,1
3,0,0.5238937,1
3,0,0.49240983,0
3,0,0.4473661,0
3,0,0.47230238,0
3,0,0.50098336,1
3,0,0.4975786,0
3,0,0.50559497,1
3,0,0.55900574,1
3,0,0.5752946,1
3,0,0.5387657,1
3,0,0.5902011,1
3,0,0.6562224,1
3,0,0.53901345,1
3,0,0.48896247,0
3,0,0.53400797,1
3,0,0.51898944,1
3,0,0.4979081,0
3,0,0.44413662,0
3,0,0.4635115,0
3,0,0.442631,0
3,0,0.3990971,0
3,0,0.3964574,0
3,0,0.41940105,0
3,0,0.3397449,0
3,0,0.3397449,0
3,0,0.40066153,0
3,0,0.38833752,0
3,0,0.39447898,0
3,0,0.44957745,0
3,0,0.41863868,0
3,0,0.40110946,0
3,0,0.38826773,0
3,0,0.45984322,0
3,0,0.45984322,0
3,0,0.42693707,0
3,0,0.47998965,0
3,0,0.50549304,1
3,0,0.3926026,0
3,0,0.42120838,0
3,0,0.4921871,0
3,0,0.46386546,0
3,0,0.44806254,0
3,0,0.5271835,1
3,0,0.49880025,0
3,0,0.5477302,1
3,0,0.67178565,1
3,0,0.65151393,1
3,0,0.65151393,1
3,0,0.5761275,1
3,0,0.6491926,1
3,0,0.6462692,1
3,0,0.64609826,1
3,0,0.65219945,1
3,0,0.62270355,1
3,0,0.62270355,1
3,0,0.59753716,1
3,0,0.6187607,1
3,0,0.63476896,1
3,0,0.6577243,1
3,0,0.62377524,1
3,0,0.6196431,1
3,0,0.6663584,1
3,0,0.64352614,1
3,0,0.740226,1
3,0,0.7270316,1
3,0,0.7611022,1
3,0,0.7051661,1
3,0,0.7927599,1
3,0,0.8228216,1
3,0,0.8415512,1
3,0,0.8509231,1
3,0,0.82670903,1
3,0,0.7647388,1
3,0,0.7858488,1
3,0,0.7824356,1
3,0,0.7445281,1
3,0,0.7094192,1
3,0,0.6986611,1
3,0,0.60875595,1
3,0,0.6006182,1
3,0,0.58566856,1
3,0,0.64349884,1
3,0,0.62520427,1
3,0,0.5997022,1
3,0,0.53904593,1
3,0,0.56776106,1
3,0,0.5225719,1
3,0,0.5641775,1
3,0,0.5503863,1
3,0,0.5861236,1
3,0,0.58376557,1
3,0,0.59946215,1
3,0,0.6383888,1
3,0,0.67505014,1
3,0,0.6698496,1
3,0,0.66676605,1
3,0,0.6960932,1
3,0,0.592366,1
3,0,0.61405087,1
3,0,0.6783764,1
3,0,0.6783764,1
3,0,0.71955526,1
3,0,0.75234824,1
3,0,0.7971544,1
3,0,0.7415811,1
3,0,0.70133126,1
3,0,0.6012702,1
3,0,0.57891285,1
3,0,0.5924175,1
3,0,0.5718364,1
3,0,0.50629354,1
3,0,0.45215672,0
3,0,0.52093625,1
3,0,0.5087763,1
3,0,0.5090551,1
3,0,0.4541854,0
3,0,0.432703,0
3,0,0.3863056,0
3,0,0.41218838,0
3,0,0.4595191,0
3,0,0.4889257,0
3,0,0.57066727,1
3,0,0.54672146,1
3,0,0.5411316,1
3,0,0.5814649,1
3,0,0.6359622,1
3,0,0.6356884,1
3,0,0.6509435,1
3,0,0.6794685,1
3,0,0.5803837,1
3,0,0.53686136,1
3,0,0.56569463,1
3,0,0.61242175,1
3,0,0.5321792,1
3,0,0.5166286,1
3,0,0.5869651,1
3,0,0.51728565,1
3,0,0.5687411,1
3,0,0.5748352,1
3,0,0.49380788,0
3,0,0.45972872,0
3,0,0.46175003,0
3,0,0.46175003,0
3,0,0.401139,0
3,0,0.46113148,0
3,0,0.50554496,1
3,0,0.5366947,1
3,0,0.5366947,1
3,0,0.5703069,1
3,0,0.5713545,1
3,0,0.4869789,0
3,0,0.58990836,1
3,0,0.5350841,1
3,0,0.53175,1
3,0,0.56987655,1
3,0,0.6271681,1
3,0,0.6233215,1
3,0,0.5879334,1
3,0,0.57354504,1
3,0,0.6074625,1
3,0,0.63856477,1
3,0,0.59901464,1
3,0,0.584861,1
3,0,0.55717826,1
3,0,0.54179376,1
3,0,0.56951594,1
3,0,0.53898686,1
3,0,0.538637,1
3,0,0.5090868,1
3,0,0.5412379,1
3,0,0.4855831,0
3,0,0.47708777,0
3,0,0.4559298,0
3,0,0.5443855,1
3,0,0.46790886,0
3,0,0.39972487,0
3,0,0.45103797,0
3,0,0.45103797,0
3,0,0.45432895,0
3,0,0.46195373,0
3,0,0.47758728,0
3,0,0.47758728,0
3,0,0.5056224,1
3,0,0.5440758,1
3,0,0.5440758,1
3,0,0.558243,1
3,0,0.59911424,1
3,0,0.6693244,1
3,0,0.6319126,1
3,0,0.6467664,1
3,0,0.6467664,1
3,0,0.6053783,1
3,0,0.55503047,1
3,0,0.5546015,1
3,0,0.5608719,1
3,0,0.54503185,1
3,0,0.5329106,1
3,0,0.48881486,0
3,0,0.48856252,0
3,0,0.39741525,0
3,1,0.6130408,1
3,1,0.68861926,1
3,1,0.75696206,1
3,1,0.76289606,1
3,1,0.7843407,1
3,1,0.75436336,1
3,1,0.85004103,1
3,1,0.82738024,1
3,1,0.82632405,1
3,1,0.8933042,1
3,1,0.90402704,1
3,1,0.9405874,1
3,1,0.9220587,1
3,1,0.8916602,1
3,1,0.9170715,1
3,1,0.9510589,1
3,1,0.9177765,1
3,1,0.85359,1
3,1,0.79886025,1
3,1,0.84219843,1
3,1,0.8473077,1
3,1,0.83736306,1
3,1,0.8858651,1
3,1,0.847157,1
3,1,0.85128796,1
3,1,0.91623664,1
3,1,0.91966337,1
3,1,0.90993863,1
3,1,0.8837154,1
3,1,0.84444416,1
3,1,0.8650281,1
3,1,0.9151452,1
3,1,0.87022454,1
3,1,0.785778,1
3,1,0.8302603,1
3,0,0.51790804,1
3,0,0.49383652,0
3,0,0.49383652,0
3,0,0.5704518,1
3,0,0.54521656,1
3,0,0.57105947,1
3,0,0.5904601,1
3,0,0.47237536,0
3,0,0.46466875,0
3,0,0.5446088,1
3,0,0.5731777,1
3,0,0.6473805,1
3,0,0.5860178,1
3,0,0.53561807,1
3,0,0.53650725,1
3,0,0.4929502,0
3,0,0.5103543,1
3,0,0.52478206,1
3,0,0.47771254,0
3,0,0.48099992,0
3,0,0.46654326,0
3,0,0.43134338,0
3,0,0.40974358,0
3,0,0.4990952,0
3,0,0.4705084,0
3,0,0.44790524,0
3,0,0.4456359,0
3,0,0.41461897,0
3,0,0.46304357,0
3,0,0.50363356,1
3,0,0.50363356,1
3,0,0.50363356,1
3,0,0.5628531,1
3,0,0.6033923,1
3,0,0.63733137,1
3,0,0.61491925,1
3,0,0.66999316,1
3,0,0.63936603,1
3,0,0.63936603,1
3,0,0.5994371,1
3,0,0.6076072,1
3,0,0.5308819,1
3,0,0.58675313,1
3,0,0.55196136,1
3,0,0.4481275,0
3,0,0.4481275,0
3,0,0.41351882,0
3,0,0.36455074,0
3,0,0.30311587,0
3,0,0.26763842,0
3,0,0.3254903,0
3,0,0.258928,0
3,0,0.29287946,0
3,0,0.29287946,0
3,0,0.27647018,0
3,0,0.31817737,0
3,0,0.4163478,0
3,0,0.38155794,0
3,0,0.39449254,0
3,0,0.43163997,0
3,0,0.4457253,0
3,0,0.4457253,0
3,0,0.44512406,0
3,0,0.4454286,0
3,0,0.4715917,0
3,0,0.474138,0
3,0,0.53214395,1
3,0,0.5580312,1
3,0,0.5396651,1
3,0,0.62771314,1
3,0,0.62771314,1
3,0,0.55959755,1
3,0,0.68330485,1
3,0,0.7176929,1
3,0,0.7642149,1
3,0,0.7926502,1
3,0,0.7476863,1
3,0,0.7844231,1
3,0,0.80921733,1
3,0,0.80683887,1
3,0,0.8118743,1
3,0,0.80005455,1
3,0,0.7881582,1
3,0,0.7439398,1
3,0,0.71256673,1
3,0,0.67530906,1
3,0,0.67530906,1
3,0,0.6309925,1
3,0,0.59110683,1
3,0,0.59110683,1
3,0,0.5935322,1
3,0,0.6078305,1
3,0,0.6078305,1
3,0,0.5749033,1
3,0,0.5724415,1
3,0,0.5312543,1
3,0,0.42251348,0
3,0,0.3695426,0
3,0,0.3695426,0
3,0,0.44225106,0
3,0,0.47334284,0
3,0,0.4893827,0
3,0,0.5176065,1
3,0,0.5266375,1
3,0,0.5641059,1
3,0,0.5955665,1
3,0,0.5955665,1
3,1,0.6003542,1
3,1,0.58328557,1
3,1,0.55301964,1
3,1,0.5617766,1
3,1,0.5934368,1
3,1,0.6614288,1
3,1,0.6369014,1
3,1,0.558968,1
3,1,0.5389408,1
3,1,0.5299122,1
3,0,0.589914,1
3,0,0.589914,1
3,0,0.5812326,1
3,0,0.5258921,1
3,0,0.48466152,0
3,0,0.46575755,0
3,0,0.5160521,1
3,0,0.5589764,1
3,0,0.60956997,1
3,0,0.61916316,1
3,0,0.59483385,1
3,0,0.633378,1
3,0,0.6594191,1
3,0,0.66237026,1
3,0,0.66237026,1
3,0,0.55899143,1
3,0,0.60093135,1
3,0,0.55273587,1
3,0,0.6525662,1
3,0,0.6407478,1
3,0,0.5618026,1
3,0,0.519429,1
3,0,0.43726853,0
3,0,0.45346934,0
3,0,0.40774974,0
3,0,0.4307563,0
3,0,0.40038717,0
3,0,0.5117971,1
3,0,0.48366112,0
3,0,0.44348028,0
3,0,0.44348028,0
3,0,0.50934094,1
3,0,0.49636796,0
3,0,0.46414888,0
3,0,0.49651167,0
3,0,0.5486594,1
3,0,0.5552625,1
3,0,0.54093355,1
3,0,0.44593677,0
3,0,0.41130075,0
3,0,0.38373744,0
3,0,0.41574404,0
3,0,0.33023542,0
3,0,0.30841547,0
3,0,0.361701,0
3,0,0.3810389,0
3,0,0.30745506,0
3,0,0.30745506,0
3,0,0.30745506,0
3,0,0.28091684,0
3,0,0.29872254,0
3,0,0.30798176,0
3,0,0.35649908,0
3,0,0.40689856,0
3,0,0.39485472,0
3,0,0.40689856,0
3,0,0.40689856,0
3,0,0.50540286,1
3,0,0.47734073,0
3,0,0.4050208,0
3,0,0.4044972,0
3,0,0.4228574,0
3,0,0.45621738,0
3,0,0.4788477,0
3,0,0.52563876,1
3,0,0.5164896,1
3,0,0.5034546,1
3,0,0.48560348,0
3,0,0.48560348,0
3,0,0.4795668,0
3,0,0.49678266,0
3,0,0.49678266,0
3,0,0.42204517,0
3,0,0.42991,0
3,0,0.45546004,0
3,0,0.45546004,0
3,0,0.51869226,1
3,0,0.5518298,1
3,0,0.5264831,1
3,0,0.4784999,0
3,1,0.4784999,0
3,1,0.43021336,0
3,1,0.3927747,0
3,1,0.4212857,0
3,1,0.43028548,0
3,1,0.4523533,0
3,1,0.46480766,0
3,1,0.55049676,1
3,1,0.63715327,1
3,1,0.6577445,1
3,1,0.6833402,1
3,1,0.684281,1
3,1,0.65040046,1
3,1,0.6109561,1
3,1,0.6408271,1
3,1,0.6336427,1
3,1,0.6399709,1
3,1,0.6643751,1
3,1,0.61747473,1
3,1,0.6874185,1
3,0,0.6874185,1
3,0,0.64111423,1
3,0,0.5905669,1
3,0,0.5098418,1
3,0,0.41990125,0
3,0,0.36158985,0
3,0,0.28279954,0
3,0,0.3083507,0
3,0,0.3083507,0
3,0,0.30785295,0
3,0,0.3317764,0
3,0,0.31911308,0
3,0,0.35984612,0
3,0,0.38571724,0
3,0,0.32184812,0
3,0,0.28823096,0
3,0,0.282253,0
3,0,0.29344115,0
3,0,0.3257023,0
3,0,0.35388076,0
3,0,0.39515397,0
3,0,0.43565816,0
3,0,0.40243897,0
3,0,0.42825595,0
3,0,0.44133958,0
3,0,0.45754465,0
3,0,0.47031417,0
3,0,0.43741155,0
3,0,0.43741155,0
3,0,0.51919526,1
3,0,0.52129436,1
3,0,0.5618874,1
3,0,0.54548067,1
3,0,0.5221021,1
3,0,0.53085935,1
3,0,0.5742983,1
3,0,0.5592986,1
3,0,0.589921,1
3,0,0.5807873,1
3,0,0.5807873,1
3,0,0.52382445,1
3,0,0.49261773,0
3,0,0.48656577,0
3,0,0.5036649,1
3,0,0.44992056,0
3,0,0.5198375,1
3,0,0.46636012,0
3,0,0.53129023,1
3,0,0.5764911,1
3,0,0.61005473,1
3,0,0.61212057,1
3,0,0.67840993,1
3,0,0.6887821,1
3,0,0.7316469,1
3,0,0.6802844,1
3,0,0.6802844,1
3,0,0.7425573,1
3,0,0.7316605,1
3,0,0.71154314,1
3,0,0.7108313,1
3,0,0.73895407,1
3,0,0.6865904,1
3,0,0.6714801,1
3,0,0.63590246,1
3,0,0.592079,1
3,0,0.592079,1
3,0,0.51169056,1
3,0,0.48235488,0
3,0,0.40079796,0
3,0,0.37522504,0
3,1,0.3887817,0
3,1,0.3857661,0
3,1,0.3999021,0
3,1,0.39894965,0
3,1,0.4141704,0
3,1,0.41498557,0
3,1,0.47434995,0
3,1,0.48829007,0
3,1,0.52049834,1
3,1,0.50356144,1
3,1,0.47141832,0
3,1,0.45061752,0
3,1,0.46753126,0
3,1,0.5410703,1
3,1,0.625205,1
3,1,0.6125265,1
3,1,0.62183446,1
3,1,0.63238895,1
3,1,0.64751095,1
3,1,0.66515934,1
3,0,0.64035696,1
3,0,0.68239945,1
3,0,0.68239945,1
3,0,0.7082335,1
3,0,0.7502793,1
3,0,0.783453,1
3,0,0.83557093,1
3,0,0.79979634,1
3,0,0.78270566,1
3,0,0.7655568,1
3,0,0.7655568,1
3,0,0.7613668,1
3,0,0.7655568,1
3,0,0.728614,1
3,0,0.7072361,1
3,0,0.7186151,1
3,1,0.7319662,1
3,1,0.7245851,1
3,1,0.7010029,1
3,1,0.72218263,1
3,1,0.7062706,1
3,1,0.73478985,1
3,1,0.71673346,1
3,1,0.7258859,1
3,1,0.7492743,1
3,1,0.7492743,1
3,1,0.76797867,1
3,1,0.75443375,1
3,1,0.7869514,1
3,1,0.80050004,1
3,1,0.67070854,1
3,1,0.63500905,1
3,1,0.60960054,1
3,1,0.53986377,1
3,1,0.5991365,1
3,1,0.6416809,1
3,1,0.64324015,1
3,1,0.61502177,1
3,1,0.58032113,1
3,1,0.5954376,1
3,1,0.5684191,1
3,0,0.35708937,0
3,0,0.31438398,0
3,0,0.3067613,0
3,0,0.32918388,0
3,0,0.3528516,0
3,0,0.33115923,0
3,0,0.37826714,0
3,0,0.33783397,0
3,0,0.31891343,0
3,0,0.34100717,0
3,0,0.35250875,0
3,0,0.40578339,0
3,0,0.3232257,0
3,0,0.3232257,0
3,0,0.31172103,0
3,0,0.29514346,0
3,0,0.33240312,0
3,0,0.3876989,0
3,0,0.33624834,0
3,0,0.3316403,0
3,0,0.36110276,0
3,0,0.37633285,0
3,0,0.44203246,0
3,0,0.5474351,1
3,0,0.52234906,1
3,0,0.48966154,0
3,1,0.48135173,0
3,1,0.572483,1
3,1,0.61724114,1
3,1,0.61747175,1
3,1,0.6691793,1
3,1,0.67054254,1
3,1,0.6290751,1
3,1,0.63275105,1
3,1,0.6394461,1
3,1,0.6394461,1
3,1,0.6483919,1
3,1,0.6092059,1
3,1,0.5568173,1
3,1,0.5611777,1
3,1,0.5854444,1
3,1,0.64046717,1
3,1,0.59563875,1
3,1,0.67204285,1
3,1,0.75031924,1
3,1,0.7192237,1
3,1,0.70661145,1
3,1,0.67920095,1
3,1,0.74023604,1
3,1,0.75816,1
3,1,0.7448837,1
3,1,0.6943763,1
3,1,0.6119396,1
3,1,0.5884501,1
3,1,0.5825341,1
3,1,0.54935867,1
3,1,0.52534133,1
3,1,0.69320214,1
3,1,0.6735039,1
3,1,0.61249936,1
3,1,0.5082606,1
3,1,0.45117196,0
3,1,0.48428932,0
3,1,0.44274414,0
3,0,0.5039532,1
3,0,0.49009493,0
3,0,0.4182574,0
3,0,0.38291177,0
3,0,0.34180844,0
3,0,0.40356547,0
3,0,0.4511782,0
3,0,0.48468098,0
3,0,0.43279827,0
3,0,0.39103714,0
3,0,0.3939597,0
3,0,0.39374352,0
3,0,0.43601245,0
3,0,0.66656405,1
3,0,0.67844826,1
3,0,0.5974676,1
3,0,0.6111118,1
3,0,0.6485114,1
3,0,0.6330675,1
3,0,0.54752034,1
3,0,0.5288557,1
3,0,0.5288557,1
3,0,0.5039193,1
3,0,0.49550143,0
3,0,0.49550143,0
3,0,0.5131774,1
3,0,0.44150874,0
3,0,0.43980795,0
3,1,0.48432687,0
3,1,0.47391453,0
3,1,0.5486748,1
3,1,0.46549213,0
3,1,0.47141632,0
3,1,0.55735236,1
3,1,0.5951387,1
3,1,0.6431035,1
3,1,0.5878173,1
3,1,0.632965,1
3,1,0.6531871,1
3,1,0.6811663,1
3,1,0.6647344,1
3,1,0.6994511,1
3,1,0.701237,1
3,1,0.6845547,1
3,1,0.62336963,1
3,1,0.62336963,1
3,1,0.611555,1
3,1,0.5978011,1
3,1,0.58638746,1
3,1,0.58479387,1
3,1,0.50149286,1
3,1,0.5483995,1
3,1,0.45736796,0
3,1,0.4905995,0
3,1,0.43833116,0
3,1,0.41508684,0
3,1,0.41508684,0
3,1,0.45645472,0
3,0,0.5034035,1
3,0,0.5034035,1
3,0,0.4842742,0
3,0,0.45382366,0
3,0,0.3983908,0
3,0,0.3691357,0
3,0,0.363863,0
3,0,0.40372553,0
3,0,0.36415294,0
3,0,0.3986231,0
3,0,0.38797906,0
3,0,0.40600932,0
3,0,0.44549394,0
3,1,0.4451137,0
3,1,0.44817963,0
3,1,0.5082012,1
3,1,0.50728136,1
3,1,0.5481217,1
3,1,0.5481217,1
3,1,0.55265397,1
3,1,0.5546811,1
3,1,0.52153635,1
3,1,0.5203592,1
3,1,0.5823767,1
3,1,0.58454573,1
3,1,0.6282299,1
3,1,0.61298174,1
3,1,0.651411,1
3,1,0.6583922,1
3,1,0.69781053,1
3,1,0.70038885,1
3,1,0.6842171,1
3,1,0.6754226,1
3,1,0.6982999,1
3,1,0.72045785,1
3,1,0.6952558,1
3,1,0.66627795,1
3,1,0.6450036,1
3,1,0.62109965,1
3,1,0.6053801,1
3,1,0.6078302,1
3,1,0.59055805,1
3,1,0.6847476,1
3,1,0.59055805,1
3,1,0.59055805,1
3,1,0.56623536,1
3,1,0.5973868,1
3,1,0.6231107,1
3,1,0.6287742,1
3,1,0.66895443,1
3,1,0.74525493,1
3,1,0.7021408,1
3,1,0.7105331,1
3,1,0.80637115,1
3,1,0.8318224,1
3,1,0.75698704,1
3,1,0.66340244,1
3,1,0.65546805,1
3,1,0.696619,1
3,1,0.7283867,1
3,1,0.6988682,1
3,1,0.7119794,1
3,1,0.7292456,1
3,1,0.7477064,1
3,1,0.7304276,1
3,1,0.7292456,1
3,1,0.7292456,1
3,1,0.6844826,1
3,1,0.6171337,1
3,1,0.6171337,1
3,1,0.46568972,0
3,1,0.4857875,0
3,1,0.50087065,1
3,1,0.455834,0
3,1,0.48998058,0
3,1,0.4755338,0
3,1,0.4534499,0
3,1,0.5279408,1
3,1,0.5469827,1
3,1,0.5525296,1
3,1,0.53598434,1
3,1,0.52471596,1
3,1,0.53598434,1
3,1,0.5021713,1
3,1,0.47366026,0
3,1,0.48456064,0
3,1,0.5164931,1
3,1,0.5028979,1
3,1,0.44313172,0
3,1,0.5028979,1
3,1,0.52853805,1
3,1,0.51463157,1
3,1,0.48277843,0
3,1,0.41778222,0
3,1,0.4158979,0
3,1,0.45143825,0
3,1,0.49667436,0
3,1,0.53804415,1
3,1,0.5846201,1
3,1,0.62941134,1
3,1,0.46666455,0
3,1,0.47015262,0
3,1,0.45783812,0
3,1,0.4451984,0
3,1,0.45653248,0
3,1,0.51615536,1
3,1,0.55473584,1
3,1,0.5938862,1
3,1,0.52622956,1
3,1,0.51751083,1
3,1,0.48643613,0
3,1,0.5115696,1
3,1,0.54699576,1
3,1,0.55251986,1
3,1,0.6013411,1
3,1,0.58666015,1
3,1,0.53529567,1
3,1,0.5726873,1
3,1,0.61239505,1
3,1,0.5474565,1
3,1,0.4944269,0
3,1,0.55797297,1
3,1,0.5130322,1
3,1,0.5217086,1
3,1,0.5601592,1
3,1,0.53126854,1
3,1,0.53129655,1
3,1,0.48589742,0
3,1,0.48537195,0
3,1,0.48537195,0
3,1,0.42476603,0
3,1,0.44246975,0
3,1,0.40498704,0
3,1,0.43637848,0
3,1,0.42450252,0
3,1,0.4623681,0
3,1,0.4315302,0
3,1,0.41607562,0
3,1,0.36001694,0
3,1,0.39719737,0
3,1,0.37731895,0
3,1,0.54759663,1
3,1,0.6095496,1
3,1,0.5708553,1
3,1,0.56747425,1
3,1,0.6051939,1
3,1,0.61231875,1
3,1,0.61231875,1
3,1,0.5819596,1
3,1,0.59304523,1
3,1,0.59304523,1
3,1,0.5180004,1
3,1,0.5180004,1
3,1,0.5180004,1
3,1,0.52513474,1
3,1,0.60077214,1
3,1,0.65357554,1
3,1,0.62091917,1
3,1,0.6474343,1
3,1,0.63797563,1
3,1,0.6038965,1
3,1,0.5557708,1
3,1,0.49141285,0
3,1,0.42524093,0
3,1,0.46545932,0
3,1,0.4521949,0
3,1,0.55103445,1
3,1,0.5022863,1
3,1,0.6711557,1
3,1,0.665698,1
3,1,0.65828013,1
3,1,0.5979429,1
3,1,0.6212255,1
3,1,0.5463491,1
3,1,0.5626675,1
3,1,0.5626133,1
3,1,0.5958083,1
3,1,0.5850953,1
3,1,0.5331355,1
3,1,0.5175774,1
3,1,0.6103766,1
3,1,0.5781696,1
3,1,0.60386497,1
3,1,0.63647854,1
3,1,0.63647854,1
3,1,0.63052505,1
3,1,0.6191401,1
3,1,0.62363183,1
3,1,0.52754295,1
3,1,0.48949632,0
3,1,0.49965718,0
3,1,0.5353765,1
3,1,0.41620964,0
3,1,0.47854695,0
3,1,0.54959506,1
3,1,0.5066869,1
3,1,0.5066869,1
3,1,0.46477315,0
3,1,0.44713175,0
3,1,0.3563963,0
3,1,0.41481733,0
3,1,0.48536122,0
3,1,0.50121236,1
3,1,0.50121236,1
3,1,0.4295674,0
3,1,0.41270423,0
3,0,0.5764911,1
3,0,0.61005473,1
3,0,0.61212057,1
3,0,0.67840993,1
3,0,0.6887821,1
3,0,0.7316469,1
3,0,0.6802844,1
3,0,0.6802844,1
3,0,0.7425573,1
3,0,0.7316605,1
3,0,0.71154314,1
3,0,0.7108313,1
3,0,0.73895407,1
3,0,0.6865904,1
3,0,0.6714801,1
3,0,0.63590246,1
3,0,0.592079,1
3,0,0.592079,1
3,0,0.51169056,1
3,0,0.48235488,0
3,0,0.40079796,0
3,0,0.37522504,0
3,0,0.3887817,0
3,0,0.3857661,0
3,0,0.3999021,0
3,0,0.39894965,0
3,0,0.3457231,0
3,0,0.29924867,0
3,0,0.25727087,0
3,0,0.2439344,0
3,0,0.22255194,0
3,0,0.26522273,0
3,0,0.26303458,0
3,0,0.24454534,0
3,0,0.23586074,0
3,0,0.37384865,0
3,0,0.46699837,0
3,0,0.45528287,0
3,0,0.5299417,1
3,0,0.5511926,1
3,0,0.5661898,1
3,0,0.5661898,1
3,0,0.6322763,1
3,0,0.61357486,1
3,0,0.63117296,1
3,0,0.592421,1
3,0,0.592421,1
3,0,0.46110442,0
3,0,0.45740712,0
3,0,0.4417664,0
3,0,0.41782877,0
3,0,0.45076862,0
3,0,0.42871928,0
3,0,0.36820382,0
3,0,0.2867035,0
3,0,0.3516107,0
3,0,0.38067737,0
3,0,0.35974178,0
3,0,0.4125527,0
3,0,0.35288656,0
3,0,0.5134201,1
3,0,0.5320531,1
3,0,0.5643896,1
3,0,0.5599908,1
3,0,0.52126807,1
3,0,0.58121586,1
3,0,0.55877644,1
3,0,0.55877644,1
3,1,0.52993774,1
3,1,0.53364396,1
3,1,0.5860035,1
3,1,0.50028765,1
3,1,0.47817343,0
3,1,0.45227942,0
3,1,0.45219776,0
3,1,0.42123318,0
3,1,0.43092576,0
3,1,0.40950415,0
3,1,0.42832863,0
3,1,0.45365646,0
3,1,0.48433787,0
3,1,0.52737665,1
3,1,0.52737665,1
3,1,0.58382845,1
3,1,0.5743824,1
3,1,0.6020549,1
3,1,0.6182193,1
3,1,0.57747835,1
3,1,0.60232925,1
3,1,0.5690492,1
3,1,0.5690492,1
3,1,0.58129406,1
3,1,0.5595664,1
3,1,0.4019903,0
3,1,0.3980799,0
3,1,0.40140662,0
3,1,0.4419253,0
3,1,0.4281577,0
3,1,0.4281577,0
3,1,0.39122555,0
3,1,0.48290986,0
3,1,0.48896742,0
3,1,0.4548883,0
3,1,0.4583803,0
3,1,0.42908165,0
3,1,0.43148723,0
3,1,0.50056946,1
3,1,0.49307495,0
3,1,0.54424894,1
3,1,0.5199419,1
3,1,0.55208236,1
3,1,0.54304457,1
3,1,0.4983369,0
3,1,0.4965959,0
3,1,0.4965959,0
3,1,0.52451426,1
3,1,0.62595814,1
3,1,0.6754305,1
3,1,0.57843864,1
3,1,0.5787626,1
3,1,0.5347783,1
3,1,0.5592645,1
3,1,0.48156145,0
3,1,0.47445646,0
3,1,0.47445646,0
3,1,0.47445646,0
3,1,0.38452157,0
3,1,0.38516745,0
3,1,0.38452157,0
3,1,0.38452157,0
3,1,0.34958568,0
3,1,0.6487619,1
3,1,0.71993536,1
3,1,0.72206277,1
3,1,0.724266,1
3,1,0.7138567,1
3,1,0.79674953,1
3,1,0.8548515,1
3,1,0.8548515,1
3,1,0.82023084,1
3,1,0.8002183,1
3,1,0.78261197,1
3,1,0.78261197,1
3,1,0.84595454,1
3,1,0.82556945,1
3,1,0.89415574,1
3,1,0.901712,1
3,1,0.90978986,1
3,1,0.47575787,0
3,1,0.50332665,1
3,1,0.54961145,1
3,1,0.5058503,1
3,1,0.4564723,0
3,1,0.458623,0
3,1,0.47073683,0
3,1,0.5000597,1
3,1,0.53445995,1
3,1,0.49615574,0
3,1,0.49615574,0
3,1,0.50989056,1
3,1,0.510243,1
3,1,0.510243,1
3,1,0.5489146,1
3,1,0.56053793,1
3,1,0.42560017,0
3,1,0.4681006,0
3,1,0.5308657,1
3,1,0.5045294,1
3,1,0.5686053,1
3,1,0.54266864,1
3,1,0.5336512,1
3,1,0.511924,1
3,1,0.5267484,1
3,1,0.55152416,1
3,1,0.5264553,1
3,1,0.5221177,1
3,1,0.50105256,1
3,1,0.50105256,1
3,1,0.4572198,0
3,1,0.48756638,0
3,1,0.40789658,0
3,1,0.3959074,0
3,1,0.48978218,0
3,1,0.41976675,0
3,1,0.42686775,0
3,1,0.44478142,0
3,1,0.4803812,0
3,1,0.51607424,1
3,1,0.51607424,1
3,1,0.54515076,1
3,1,0.50146717,1
3,1,0.5658251,1
3,1,0.571003,1
3,1,0.6374823,1
3,1,0.6374823,1
3,1,0.64967823,1
3,1,0.63686144,1
3,1,0.65031976,1
3,1,0.6887165,1
3,1,0.6887165,1
3,1,0.69383407,1
3,1,0.7109804,1
3,1,0.70987797,1
3,1,0.75058323,1
3,1,0.7924349,1
3,1,0.8398331,1
3,1,0.8161416,1
3,1,0.51744395,1
3,1,0.51748633,1
3,1,0.5520534,1
3,1,0.5288793,1
3,1,0.50544786,1
3,1,0.5157002,1
3,1,0.508605,1
3,1,0.60340136,1
3,1,0.60755,1
3,1,0.5595698,1
3,1,0.5323981,1
3,1,0.57288486,1
3,1,0.57802844,1
3,1,0.5215255,1
3,1,0.6220175,1
3,1,0.61545676,1
3,1,0.49698895,0
3,1,0.43262672,0
3,1,0.4919624,0
3,1,0.5117163,1
3,1,0.44083583,0
3,1,0.40853664,0
3,1,0.37640318,0
3,1,0.37469584,0
3,1,0.39411283,0
3,1,0.46632794,0
3,1,0.4597471,0
3,1,0.4264449,0
3,1,0.7293386,1
3,1,0.71305424,1
3,1,0.6818991,1
3,1,0.6691273,1
3,1,0.72140986,1
3,1,0.7122399,1
3,1,0.7265968,1
3,1,0.7689123,1
3,1,0.7942497,1
3,1,0.8213986,1
3,1,0.8365734,1
3,1,0.8448893,1
3,1,0.83589244,1
3,1,0.8096951,1
3,1,0.81875837,1
3,1,0.7994666,1
3,1,0.80127096,1
3,1,0.8180533,1
3,1,0.83709913,1
3,1,0.823101,1
3,1,0.8319648,1
3,1,0.8089874,1
3,1,0.43797368,0
3,1,0.531223,1
3,1,0.5234292,1
3,1,0.5356865,1
3,1,0.5081927,1
3,1,0.44129828,0
3,1,0.53482497,1
3,1,0.5784022,1
3,1,0.62123054,1
3,1,0.6768639,1
3,1,0.65746623,1
3,1,0.62572104,1
3,1,0.57561827,1
3,1,0.57561827,1
3,1,0.54161394,1
3,1,0.59083116,1
3,1,0.5926571,1
3,1,0.6031419,1
3,1,0.5848941,1
3,1,0.5848941,1
3,1,0.59220046,1
3,1,0.6109887,1
3,1,0.6181671,1
3,1,0.6171577,1
3,1,0.54179573,1
3,1,0.55377334,1
3,1,0.55377334,1
3,1,0.52347213,1
3,1,0.58705765,1
3,1,0.5554265,1
3,1,0.60048413,1
3,1,0.712649,1
3,1,0.720028,1
3,1,0.5380184,1
3,1,0.56017035,1
3,1,0.60640115,1
3,1,0.6893776,1
3,1,0.67383474,1
3,1,0.6871994,1
3,1,0.64050555,1
3,1,0.74658966,1
3,1,0.78330636,1
3,1,0.76807857,1
3,1,0.7875151,1
3,1,0.7761263,1
3,1,0.7761263,1
3,1,0.7955377,1
3,1,0.7914637,1
3,1,0.4534321,0
3,1,0.46445128,0
3,1,0.4379596,0
3,1,0.43341064,0
3,1,0.49542657,0
3,1,0.46023378,0
3,1,0.44998413,0
3,1,0.5120607,1
3,1,0.6130408,1
3,1,0.68861926,1
3,1,0.75696206,1
3,1,0.76289606,1
3,1,0.7843407,1
3,1,0.75436336,1
3,1,0.85004103,1
3,1,0.82738024,1
3,1,0.82632405,1
3,1,0.8933042,1
3,1,0.90402704,1
3,1,0.9405874,1
3,1,0.9220587,1
3,1,0.8916602,1
3,1,0.9170715,1
3,1,0.9510589,1
3,1,0.9177765,1
3,1,0.85359,1
3,0,0.5099213,1
3,0,0.51714313,1
3,0,0.47821996,0
3,0,0.4206907,0
3,0,0.4385306,0
3,0,0.45725998,0
3,0,0.5156295,1
3,0,0.5156295,1
3,0,0.525048,1
3,0,0.5151644,1
3,0,0.48434418,0
3,0,0.56695527,1
3,0,0.586097,1
3,0,0.6396319,1
3,0,0.6494665,1
3,0,0.5213049,1
3,0,0.42067382,0
3,0,0.5031256,1
3,0,0.49631965,0
3,0,0.4473708,0
3,0,0.4220826,0
3,0,0.4220826,0
3,0,0.35486522,0
3,0,0.27311757,0
3,0,0.27311757,0
3,0,0.31624648,0
3,0,0.3946162,0
3,0,0.4061521,0
3,0,0.3676792,0
3,0,0.3391941,0
3,1,0.6324101,1
3,1,0.6754946,1
3,1,0.7008373,1
3,1,0.7474025,1
3,1,0.74650353,1
3,1,0.7195444,1
3,1,0.7038717,1
3,1,0.67688483,1
3,1,0.62829626,1
3,1,0.6155343,1
3,1,0.6311252,1
3,1,0.68394405,1
3,1,0.7279998,1
3,1,0.6922053,1
3,1,0.6922053,1
3,1,0.6507596,1
3,1,0.6400494,1
3,1,0.66183376,1
3,1,0.6563104,1
3,1,0.63906896,1
3,1,0.60083973,1
3,1,0.5782549,1
3,1,0.61946195,1
3,1,0.56147987,1
3,1,0.60857797,1
3,1,0.54045296,1
3,1,0.49872658,0
3,0,0.46751592,0
3,0,0.5480218,1
3,0,0.5858919,1
3,0,0.5873267,1
3,0,0.60060674,1
3,0,0.5270928,1
3,0,0.5570127,1
3,0,0.5953245,1
3,0,0.6829461,1
3,0,0.66759837,1
3,0,0.60785955,1
3,0,0.5885344,1
3,0,0.68784183,1
3,0,0.6683549,1
3,0,0.6366832,1
3,1,0.5867342,1
3,1,0.55901414,1
3,1,0.5754352,1
3,1,0.5272349,1
3,1,0.52608305,1
3,1,0.5631333,1
3,1,0.6347075,1
3,1,0.5750614,1
3,1,0.55339,1
3,1,0.5816417,1
3,1,0.5885475,1
3,1,0.5999074,1
3,1,0.6385974,1
3,1,0.5932333,1
3,1,0.5932333,1
3,0,0.5820621,1
3,0,0.6254889,1
3,0,0.6254889,1
3,0,0.57926536,1
3,0,0.5644992,1
3,0,0.62245464,1
3,0,0.60379654,1
3,0,0.58861923,1
3,0,0.6177299,1
3,0,0.5900232,1
3,0,0.63439876,1
3,0,0.5982502,1
3,0,0.5644877,1
3,0,0.52401894,1
3,0,0.53480357,1
3,0,0.5820621,1
3,0,0.6254889,1
3,0,0.6254889,1
3,0,0.57926536,1
3,0,0.5644992,1
3,0,0.62245464,1
3,0,0.60379654,1
3,0,0.58861923,1
3,0,0.6177299,1
3,0,0.5900232,1
3,0,0.63439876,1
3,0,0.5982502,1
3,0,0.5644877,1
3,0,0.52401894,1
3,0,0.53480357,1
3,0,0.36434948,0
3,0,0.41229448,0
3,0,0.3805824,0
3,0,0.36589506,0
3,0,0.33005136,0
3,0,0.28707865,0
3,0,0.28407878,0
3,0,0.30685934,0
3,0,0.3154824,0
3,0,0.3413328,0
3,0,0.3413328,0
3,0,0.3508889,0
3,0,0.3344588,0
3,0,0.3344588,0
3,0,0.33471072,0
3,0,0.36013564,0
3,0,0.36279774,0
3,0,0.35879642,0
3,0,0.35879642,0
3,0,0.4361931,0
3,0,0.5731627,1
3,0,0.621514,1
3,0,0.66543543,1
3,0,0.60007584,1
3,0,0.5055293,1
3,0,0.4464998,0
3,0,0.4025344,0
3,0,0.43262425,0
3,0,0.48163658,0
3,0,0.43676227,0
3,0,0.43676227,0
3,0,0.44014013,0
3,0,0.42143467,0
3,0,0.39303827,0
3,0,0.35976738,0
3,0,0.35976738,0
3,0,0.34433016,0
3,0,0.30175054,0
3,0,0.3348846,0
3,0,0.30702242,0
3,0,0.30702242,0
3,0,0.3348846,0
3,0,0.34815058,0
3,0,0.30553284,0
3,0,0.36674464,0
3,0,0.31765586,0
3,0,0.31757715,0
3,0,0.36276183,0
3,0,0.36196798,0
3,0,0.3690366,0
3,0,0.3690366,0
3,0,0.3840182,0
3,0,0.3426909,0
3,0,0.3426909,0
3,0,0.32617468,0
3,0,0.3852697,0
3,0,0.29415134,0
3,0,0.339977,0
3,0,0.24592088,0
3,0,0.23419079,0
3,0,0.28023502,0
3,0,0.25307155,0
3,0,0.27134204,0
3,0,0.25444195,0
3,0,0.3482213,0
3,0,0.335379,0
3,0,0.29688132,0
3,0,0.36207893,0
3,0,0.37450868,0
3,0,0.4307298,0
3,0,0.422632,0
3,0,0.5087296,1
3,0,0.51359004,1
3,0,0.60810333,1
3,0,0.6040781,1
3,0,0.5970348,1
3,0,0.63712573,1
3,0,0.62794685,1
3,0,0.67480403,1
3,0,0.6486408,1
3,0,0.6573893,1
3,0,0.71605325,1
3,0,0.7199216,1
3,0,0.72871846,1
3,0,0.65373814,1
3,0,0.68802464,1
3,0,0.655031,1
3,0,0.6390881,1
3,0,0.6046399,1
3,0,0.621558,1
3,0,0.5359765,1
3,0,0.5784393,1
3,0,0.58350474,1
3,0,0.55686224,1
3,0,0.5699462,1
3,0,0.4907224,0
3,0,0.42526796,0
3,0,0.39530492,0
3,0,0.38209623,0
3,0,0.46323252,0
3,0,0.39890394,0
3,0,0.3789917,0
3,0,0.3789917,0
3,0,0.35313544,0
3,0,0.38456395,0
3,0,0.44140074,0
3,0,0.41267774,0
3,0,0.42652163,0
3,0,0.35895547,0
3,0,0.39982373,0
3,0,0.39982373,0
3,0,0.40066442,0
3,0,0.37068135,0
3,0,0.4339364,0
3,0,0.43291852,0
3,0,0.49399486,0
3,0,0.5083893,1
3,0,0.5250906,1
3,0,0.5712239,1
3,0,0.5712239,1
3,0,0.547416,1
3,0,0.5957862,1
3,0,0.5324467,1
3,0,0.62210214,1
3,0,0.548583,1
3,0,0.60694265,1
3,0,0.5948413,1
3,0,0.548583,1
3,0,0.53972167,1
3,0,0.5422074,1
3,0,0.5042829,1
3,0,0.5410074,1
3,0,0.5332584,1
3,0,0.50589466,1
3,0,0.4780215,0
3,0,0.42832202,0
3,0,0.3984746,0
3,0,0.43719637,0
3,0,0.35466522,0
3,0,0.37376815,0
3,0,0.36627752,0
3,0,0.37053517,0
3,0,0.40134424,0
3,0,0.3573798,0
3,0,0.34954667,0
3,0,0.34199974,0
3,0,0.3300241,0
3,0,0.56695247,1
3,0,0.63921696,1
3,0,0.61843485,1
3,0,0.51952636,1
3,0,0.45363465,0
3,0,0.4567247,0
3,0,0.44856343,0
3,0,0.4716164,0
3,0,0.5156271,1
3,0,0.44985336,0
3,0,0.33742127,0
3,0,0.3331248,0
3,0,0.34455046,0
3,0,0.38899475,0
3,0,0.38899475,0
3,0,0.38899475,0
3,0,0.38986266,0
3,0,0.38695568,0
3,0,0.48830125,0
3,0,0.5940862,1
3,0,0.6195486,1
3,0,0.66664,1
3,0,0.61245,1
3,0,0.6036834,1
3,0,0.6168746,1
3,0,0.6825822,1
3,0,0.6351885,1
3,0,0.5851207,1
3,0,0.52826697,1
3,0,0.57382905,1
3,0,0.5883745,1
3,0,0.5199371,1
3,0,0.5199371,1
3,0,0.45110285,0
3,0,0.37860742,0
3,0,0.3565731,0
3,0,0.32377574,0
3,0,0.32377574,0
3,0,0.31372014,0
3,0,0.30031312,0
3,0,0.2628202,0
3,0,0.2677172,0
3,0,0.3114037,0
3,0,0.36136815,0
3,0,0.36136815,0
3,0,0.3501756,0
3,0,0.37030822,0
3,0,0.37030822,0
3,0,0.4569658,0
3,0,0.500995,1
3,0,0.4313854,0
3,0,0.40052816,0
3,0,0.4742232,0
3,0,0.45952094,0
3,0,0.48649547,0
3,0,0.502934,1
3,0,0.502934,1
3,0,0.47197863,0
3,0,0.50842285,1
3,0,0.522188,1
3,0,0.564569,1
3,0,0.52437675,1
3,0,0.49435553,0
3,0,0.49435553,0
3,0,0.46259278,0
3,0,0.46259278,0
3,0,0.51095885,1
3,1,0.44060698,0
3,1,0.4858313,0
3,1,0.50089383,1
3,1,0.50089383,1
3,1,0.5672508,1
3,1,0.52419776,1
3,1,0.42861736,0
3,1,0.33824852,0
3,1,0.32541907,0
3,0,0.40469256,0
3,0,0.43890518,0
3,0,0.40695903,0
3,0,0.44182804,0
3,0,0.47994506,0
3,0,0.5049916,1
3,0,0.5908263,1
3,0,0.5908263,1
3,0,0.4834303,0
3,0,0.48587695,0
3,0,0.5152818,1
3,0,0.6042962,1
3,0,0.66536725,1
3,0,0.71792394,1
3,0,0.6693941,1
3,0,0.59700626,1
3,0,0.5723409,1
3,0,0.59455484,1
3,0,0.60999715,1
3,0,0.6516011,1
3,0,0.6136893,1
3,0,0.55410784,1
3,0,0.5046852,1
3,0,0.5905418,1
3,0,0.60740966,1
3,0,0.585324,1
3,0,0.62003696,1
3,0,0.58763677,1
3,0,0.5482729,1
3,0,0.5475238,1
3,0,0.5749199,1
3,0,0.6385643,1
3,0,0.59793323,1
3,0,0.6080939,1
3,0,0.5503749,1
3,0,0.5541144,1
3,0,0.59994566,1
3,0,0.59994566,1
3,0,0.64798266,1
3,0,0.6710109,1
3,0,0.5812141,1
3,0,0.46782354,0
3,0,0.4457359,0
3,0,0.33154866,0
3,0,0.41049835,0
3,0,0.35547546,0
3,0,0.35843763,0
3,0,0.37213945,0
3,0,0.32127413,0
3,0,0.33658564,0
3,0,0.3951267,0
3,0,0.47796005,0
3,0,0.52081245,1
3,0,0.5543432,1
3,0,0.58479977,1
3,0,0.5875592,1
3,0,0.5764604,1
3,0,0.53617495,1
3,0,0.55548507,1
3,0,0.5487003,1
3,0,0.56595993,1
3,0,0.56595993,1
3,0,0.58300847,1
3,0,0.62779623,1
3,0,0.5992437,1
3,0,0.6210803,1
3,0,0.5686,1
3,0,0.5786382,1
3,0,0.5131066,1
3,0,0.5248888,1
3,0,0.50317484,1
3,0,0.56443137,1
3,0,0.5981318,1
3,0,0.65906405,1
3,0,0.6021092,1
3,0,0.6006316,1
3,0,0.52719367,1
3,0,0.47648567,0
3,0,0.43435284,0
3,0,0.5017154,1
3,0,0.40621945,0
3,0,0.45562544,0
3,0,0.37602785,0
3,0,0.43697736,0
3,0,0.40858606,0
3,0,0.39660066,0
3,0,0.4080501,0
3,0,0.42110425,0
3,0,0.42110425,0
3,0,0.4320211,0
3,0,0.45653462,0
3,0,0.49055582,0
3,0,0.5475504,1
3,0,0.505682,1
3,0,0.48963282,0
3,0,0.55363095,1
3,0,0.484779,0
3,0,0.5139943,1
3,0,0.4477041,0
3,0,0.50290596,1
3,0,0.49997747,0
3,0,0.5216217,1
3,1,0.48584634,0
3,1,0.43889347,0
3,1,0.39362133,0
3,1,0.3933091,0
3,1,0.3772236,0
3,1,0.3478274,0
3,1,0.43847933,0
3,1,0.37813798,0
3,1,0.30547103,0
3,0,0.3702725,0
3,0,0.4238256,0
3,0,0.47646856,0
3,0,0.40355313,0
3,0,0.46416795,0
3,0,0.36757264,0
3,0,0.40733656,0
3,0,0.4725442,0
3,0,0.48318568,0
3,0,0.45570937,0
3,0,0.4686369,0
3,0,0.47882342,0
3,0,0.4485522,0
3,0,0.49862012,0
3,0,0.52980995,1
3,0,0.61352056,1
3,0,0.58869517,1
3,0,0.52973866,1
3,0,0.5261612,1
3,0,0.56570363,1
3,0,0.5608052,1
3,0,0.5754093,1
3,0,0.5773228,1
3,0,0.6863285,1
3,0,0.6302726,1
3,0,0.6098312,1
3,0,0.5536795,1
3,0,0.5629731,1
3,0,0.54388547,1
3,0,0.49968913,0
3,0,0.4782063,0
3,0,0.47750533,0
3,0,0.5175129,1
3,0,0.5724984,1
3,0,0.553068,1
3,0,0.53537095,1
3,0,0.5486013,1
3,0,0.4985134,0
3,0,0.4315964,0
3,0,0.45168445,0
3,0,0.44425234,0
3,0,0.42316964,0
3,0,0.42773345,0
3,0,0.38310277,0
3,0,0.33542597,0
3,0,0.29856423,0
3,1,0.26354116,0
3,1,0.2767826,0
3,1,0.26717326,0
3,1,0.22263192,0
3,1,0.24079375,0
3,1,0.22181183,0
3,1,0.20536608,0
3,1,0.181141,0
3,1,0.16572699,0
3,1,0.16572699,0
3,1,0.21784951,0
3,1,0.23922205,0
3,1,0.3022161,0
3,0,0.3022161,0
3,0,0.32412967,0
3,0,0.4049257,0
3,0,0.436167,0
3,0,0.43264988,0
3,0,0.5371762,1
3,0,0.5218916,1
3,0,0.5399409,1
3,0,0.5461009,1
3,0,0.6174056,1
3,0,0.66795725,1
3,0,0.7388573,1
3,0,0.7023889,1
3,0,0.6447639,1
3,0,0.61438626,1
3,0,0.6198188,1
3,0,0.59978557,1
3,0,0.57270753,1
3,0,0.52884394,1
3,0,0.558607,1
3,0,0.4480325,0
3,0,0.49580538,0
3,0,0.53265303,1
3,1,0.52823037,1
3,1,0.4561396,0
3,1,0.36769328,0
3,1,0.2988181,0
3,1,0.30200976,0
3,1,0.30034497,0
3,1,0.28868,0
3,1,0.29429743,0
3,1,0.30863032,0
3,1,0.28643534,0
3,1,0.2722871,0
3,1,0.22355929,0
3,1,0.26037526,0
3,1,0.20222911,0
3,1,0.14298747,0
3,1,0.67560387,1
3,1,0.6602386,1
3,1,0.64317113,1
3,1,0.5649574,1
3,1,0.55355567,1
3,1,0.47101,0
3,1,0.43906763,0
3,1,0.3868395,0
3,1,0.38030982,0
3,1,0.34835982,0
3,1,0.37366924,0
3,1,0.37116227,0
3,1,0.3560195,0
3,1,0.31274667,0
3,1,0.37524354,0
3,1,0.4343715,0
3,1,0.6267774,1
3,1,0.59186757,1
3,1,0.6267774,1
3,1,0.6090044,1
3,1,0.5376226,1
3,1,0.5133169,1
3,1,0.56965584,1
3,1,0.5140368,1
3,1,0.5140368,1
3,1,0.49934095,0
3,1,0.57140356,1
3,1,0.5110553,1
3,1,0.56296,1
3,1,0.56296,1
3,1,0.51432097,1
3,1,0.5666862,1
3,1,0.60320777,1
3,1,0.6346741,1
3,1,0.6141134,1
3,1,0.65213925,1
3,1,0.65213925,1
3,1,0.6822644,1
3,1,0.75098115,1
3,1,0.70475554,1
3,1,0.7225015,1
3,1,0.6325656,1
3,1,0.6584644,1
3,1,0.68177736,1
3,1,0.66329205,1
3,1,0.6819877,1
3,1,0.6919516,1
3,1,0.7062697,1
3,1,0.7328285,1
3,1,0.5145737,1
3,1,0.49735218,0
3,1,0.44172695,0
3,1,0.48362052,0
3,1,0.49866757,0
3,1,0.5399466,1
3,1,0.49786234,0
3,1,0.5395034,1
3,1,0.57269746,1
3,1,0.58835196,1
3,1,0.60749036,1
3,1,0.6066093,1
3,1,0.6066093,1
3,1,0.62646323,1
3,1,0.64859855,1
3,1,0.6219777,1
3,1,0.6126318,1
3,1,0.5765317,1
3,1,0.5860318,1
3,1,0.49642733,0
3,1,0.5446766,1
3,1,0.46794656,0
3,1,0.42526373,0
3,1,0.4702578,0
3,1,0.54294974,1
3,1,0.5554466,1
3,1,0.62810737,1
3,1,0.6403151,1
3,1,0.6697866,1
3,1,0.6650946,1
3,1,0.59615636,1
3,1,0.5169331,1
3,1,0.5676943,1
3,1,0.5457017,1
3,1,0.5457017,1
3,1,0.6730038,1
3,1,0.69933885,1
3,1,0.7421173,1
3,1,0.6888895,1
3,1,0.7034135,1
3,1,0.6654762,1
3,1,0.6806362,1
3,1,0.6652277,1
3,1,0.6822353,1
3,1,0.6730303,1
3,1,0.56584686,1
3,1,0.5741179,1
3,1,0.61568063,1
3,1,0.6239757,1
3,1,0.6825489,1
3,1,0.68306106,1
3,1,0.6763552,1
3,1,0.6573764,1
3,1,0.68174183,1
3,1,0.6259632,1
3,1,0.5973827,1
3,1,0.5973827,1
3,1,0.5973827,1
3,1,0.55868506,1
3,1,0.6067332,1
3,1,0.6122622,1
3,1,0.5780896,1
3,1,0.5780896,1
3,1,0.5848284,1
3,1,0.61870307,1
3,1,0.5433708,1
3,1,0.4285599,0
3,1,0.47268394,0
3,1,0.4604518,0
3,1,0.47994146,0
3,1,0.5513341,1
3,1,0.6067033,1
3,1,0.6480483,1
3,1,0.6065082,1
3,1,0.5615242,1
3,1,0.6026689,1
3,1,0.5740825,1
3,1,0.6026689,1
3,1,0.6400272,1
3,1,0.6324969,1
3,1,0.6162785,1
3,1,0.61065,1
3,1,0.5429464,1
3,1,0.67908853,1
3,1,0.717205,1
3,1,0.690119,1
3,1,0.66288805,1
3,1,0.6984029,1
3,1,0.6984029,1
3,1,0.68168485,1
3,1,0.6361767,1
3,1,0.6818062,1
3,1,0.6132591,1
3,1,0.68710345,1
3,1,0.64062274,1
3,1,0.64062274,1
3,1,0.6954915,1
3,1,0.6459911,1
3,1,0.66720617,1
3,1,0.65323454,1
3,1,0.5982958,1
3,1,0.60584825,1
3,1,0.63435394,1
3,1,0.6937871,1
3,1,0.6937871,1
3,1,0.6623809,1
3,1,0.63814116,1
3,1,0.5328522,1
3,1,0.49628592,0
3,1,0.4509861,0
3,1,0.5382673,1
3,1,0.50322056,1
3,1,0.5976053,1
3,1,0.6286128,1
3,1,0.6179384,1
3,1,0.6369484,1
3,1,0.6963019,1
3,1,0.6963263,1
3,1,0.6815568,1
3,1,0.6014976,1
3,1,0.52350277,1
3,1,0.52719796,1
3,1,0.5804031,1
3,1,0.6134777,1
3,1,0.59235424,1
3,1,0.58792704,1
3,1,0.6024809,1
3,1,0.65661854,1
3,1,0.6562642,1
3,1,0.6755328,1
3,1,0.6819651,1
3,1,0.6983957,1
3,1,0.70862204,1
3,1,0.7429486,1
3,1,0.77581125,1
3,1,0.76187295,1
3,1,0.76187295,1
3,1,0.7076381,1
3,1,0.72408026,1
3,1,0.44943833,0
3,1,0.4707572,0
3,1,0.48936304,0
3,1,0.4519523,0
3,1,0.5007682,1
3,1,0.52309364,1
3,1,0.5235947,1
3,1,0.51823986,1
3,1,0.51823986,1
3,1,0.5205111,1
3,1,0.5545548,1
3,1,0.5545548,1
3,1,0.5514586,1
3,1,0.5601068,1
3,1,0.5601068,1
3,1,0.507138,1
3,1,0.48993477,0
3,1,0.53148997,1
3,1,0.5389278,1
3,1,0.51874596,1
3,1,0.5822433,1
3,1,0.59369594,1
3,1,0.6640348,1
3,1,0.6505905,1
3,1,0.6498189,1
3,1,0.63594955,1
3,1,0.63594955,1
3,1,0.58588827,1
3,1,0.53766084,1
3,1,0.56455284,1
3,1,0.5587421,1
3,1,0.6640771,1
3,1,0.65151393,1
3,1,0.65151393,1
3,1,0.5761275,1
3,1,0.6491926,1
3,1,0.6462692,1
3,1,0.64609826,1
3,1,0.65219945,1
3,1,0.62270355,1
3,1,0.62270355,1
3,1,0.59753716,1
3,1,0.6383888,1
3,1,0.67505014,1
3,1,0.6698496,1
3,1,0.66676605,1
3,1,0.6960932,1
3,1,0.592366,1
3,1,0.61405087,1
3,1,0.6783764,1
3,1,0.6783764,1
3,1,0.71955526,1
3,1,0.75234824,1
3,1,0.53686136,1
3,1,0.56569463,1
3,1,0.61242175,1
3,1,0.5321792,1
3,1,0.5166286,1
3,1,0.5869651,1
3,1,0.51728565,1
3,1,0.5687411,1
3,1,0.5748352,1
3,1,0.49380788,0
3,1,0.45972872,0
3,1,0.46175003,0
3,1,0.58990836,1
3,1,0.5350841,1
3,1,0.53175,1
3,1,0.56987655,1
3,1,0.6271681,1
3,1,0.6233215,1
3,1,0.5879334,1
3,1,0.57354504,1
3,1,0.6074625,1
3,1,0.63856477,1
3,0,0.56951594,1
3,0,0.53898686,1
3,0,0.538637,1
3,0,0.5090868,1
3,0,0.5412379,1
3,0,0.4855831,0
3,0,0.47708777,0
3,0,0.4559298,0
3,0,0.5443855,1
3,0,0.46790886,0
3,0,0.39972487,0
3,0,0.45103797,0
3,1,0.55288655,1
3,1,0.54523337,1
3,1,0.50817996,1
3,1,0.57877254,1
3,1,0.55318224,1
3,1,0.6057557,1
3,1,0.65602976,1
3,1,0.63636,1
3,1,0.63636,1
3,1,0.6516943,1
3,1,0.7250662,1
3,1,0.73879516,1
3,1,0.7182664,1
3,1,0.76451147,1
3,1,0.7647664,1
3,1,0.7647664,1
3,1,0.8068472,1
3,1,0.7598834,1
3,1,0.79252857,1
3,1,0.77523845,1
3,1,0.7719029,1
3,1,0.7719029,1
3,1,0.77463996,1
3,1,0.76194835,1
3,1,0.76345915,1
3,1,0.76345915,1
3,1,0.74324715,1
3,1,0.74807817,1
3,1,0.7315923,1
3,1,0.7315923,1
3,1,0.7575844,1
3,1,0.7081697,1
3,1,0.72438246,1
3,1,0.6788688,1
3,1,0.6999779,1
3,1,0.6532764,1
3,1,0.5653784,1
3,1,0.5842296,1
3,1,0.5475174,1
3,1,0.5169239,1
3,1,0.5169239,1
3,1,0.5638238,1
3,1,0.58708507,1
3,1,0.5950966,1
3,1,0.6329032,1
3,1,0.54240495,1
3,1,0.5848219,1
3,1,0.50415903,1
3,0,0.46302918,0
3,0,0.5631274,1
3,0,0.5521113,1
3,0,0.56838685,1
3,0,0.54605275,1
3,0,0.5795597,1
3,0,0.5795597,1
3,0,0.59888434,1
3,0,0.66208094,1
3,0,0.6157627,1
3,0,0.60896194,1
3,0,0.6134207,1
3,0,0.6520555,1
3,0,0.6102627,1
3,0,0.6431291,1
3,0,0.6431291,1
3,0,0.58513075,1
3,0,0.54646665,1
3,0,0.50511867,1
3,0,0.52748275,1
3,0,0.56263065,1
3,0,0.55501604,1
3,0,0.5713714,1
3,0,0.5713714,1
3,0,0.61038697,1
3,1,0.61956,1
3,1,0.5849872,1
3,1,0.6176864,1
3,1,0.5828504,1
3,1,0.62025565,1
3,1,0.5704848,1
3,1,0.56598717,1
3,1,0.5543201,1
3,1,0.63572997,1
3,1,0.60100776,1
3,1,0.5586634,1
3,1,0.5828601,1
3,1,0.5433997,1
3,1,0.47661445,0
3,1,0.43351892,0
3,1,0.43250653,0
3,1,0.43257752,0
3,1,0.3825052,0
4,0,0.6220766,1
4,0,0.64998,1
4,0,0.64998,1
4,0,0.65755695,1
4,0,0.66186804,1
4,0,0.7065031,1
4,0,0.70008075,1
4,0,0.670071,1
4,0,0.58595616,1
4,0,0.55829847,1
4,0,0.54247373,1
4,0,0.5609963,1
4,0,0.5279086,1
4,0,0.5201691,1
4,0,0.48476058,0
4,0,0.42703006,0
4,0,0.45327184,0
4,0,0.44464377,0
4,0,0.46617904,0
4,0,0.49734515,0
4,0,0.42787826,0
4,0,0.42336938,0
4,0,0.47344992,0
4,0,0.5102248,1
4,0,0.5239443,1
4,0,0.504918,1
4,0,0.50994873,1
4,0,0.4976687,0
4,0,0.5071201,1
4,0,0.49924788,0
4,0,0.5266348,1
4,0,0.5197753,1
4,0,0.56780076,1
4,0,0.54553235,1
4,0,0.5340602,1
4,0,0.5340602,1
4,0,0.55235296,1
4,0,0.52590317,1
4,0,0.524374,1
4,0,0.4884076,0
4,0,0.48206356,0
4,0,0.4907215,0
4,0,0.4907215,0
4,0,0.44889268,0
4,0,0.50259006,1
4,0,0.48421317,0
4,0,0.4125064,0
4,0,0.38559708,0
4,0,0.40644866,0
4,0,0.35616973,0
4,0,0.3908958,0
4,0,0.3915036,0
4,0,0.41912672,0
4,0,0.40263265,0
4,0,0.47657847,0
4,0,0.5078087,1
4,0,0.46524513,0
4,0,0.43524897,0
4,0,0.5102958,1
4,0,0.45958844,0
4,0,0.46488747,0
4,0,0.49644798,0
4,0,0.48857003,0
4,0,0.4755345,0
4,0,0.54237384,1
4,0,0.5159681,1
4,0,0.5416651,1
4,0,0.5039933,1
4,0,0.44825917,0
4,0,0.38659975,0
4,0,0.35259345,0
4,0,0.37460074,0
4,0,0.4540017,0
4,0,0.4540017,0
4,0,0.44491544,0
4,0,0.47308567,0
4,0,0.46009967,0
4,0,0.41660938,0
4,0,0.45506307,0
4,0,0.38243404,0
4,0,0.3643287,0
4,0,0.34977257,0
4,0,0.37318164,0
4,0,0.45400828,0
4,0,0.45190176,0
4,0,0.43886223,0
4,0,0.3726185,0
4,0,0.3985556,0
4,0,0.3759238,0
4,0,0.4283003,0
4,0,0.41331163,0
4,0,0.4222962,0
4,0,0.4829221,0
4,0,0.44718423,0
4,0,0.49748176,0
4,0,0.56985265,1
4,0,0.56985265,1
4,0,0.6360889,1
4,0,0.6360889,1
4,0,0.6290602,1
4,0,0.6962485,1
4,0,0.821719,1
4,0,0.734914,1
4,0,0.7398092,1
4,0,0.68032825,1
4,0,0.69343054,1
4,0,0.69343054,1
4,0,0.69343054,1
4,0,0.69700396,1
4,0,0.6979275,1
4,0,0.6644094,1
4,0,0.63554126,1
4,0,0.5974323,1
4,0,0.55832523,1
4,0,0.5504076,1
4,0,0.46959576,0
4,0,0.41446984,0
4,0,0.4671465,0
4,0,0.45925495,0
4,0,0.47056618,0
4,0,0.4544972,0
4,0,0.46317238,0
4,0,0.4916957,0
4,0,0.47033092,0
4,0,0.48004106,0
4,0,0.4521057,0
4,0,0.5075233,1
4,0,0.47376704,0
4,0,0.56290734,1
4,0,0.56290734,1
4,0,0.59158856,1
4,0,0.57878596,1
4,0,0.57878596,1
4,0,0.63196075,1
4,0,0.62287956,1
4,0,0.6603589,1
4,0,0.66073406,1
4,0,0.6333951,1
4,0,0.58466715,1
4,0,0.62790424,1
4,0,0.66083145,1
4,0,0.65631676,1
4,0,0.5800155,1
4,0,0.48945457,0
4,0,0.52545613,1
4,0,0.52545613,1
4,0,0.52545613,1
4,0,0.51082444,1
4,0,0.42245615,0
4,0,0.50502497,1
4,0,0.42658415,0
4,0,0.42658415,0
4,0,0.37542334,0
4,0,0.49797982,0
4,0,0.6122535,1
4,0,0.49179405,0
4,0,0.52949804,1
4,0,0.61467725,1
4,0,0.61703193,1
4,0,0.6269083,1
4,0,0.53113943,1
4,0,0.6207159,1
4,0,0.5668051,1
4,0,0.6116002,1
4,0,0.57633984,1
4,0,0.5882766,1
4,0,0.616918,1
4,0,0.60666376,1
4,0,0.62888324,1
4,0,0.627208,1
4,0,0.652606,1
4,0,0.6157758,1
4,0,0.6302313,1
4,0,0.617353,1
4,0,0.62957627,1
4,0,0.6448025,1
4,0,0.612408,1
4,0,0.6913376,1
4,0,0.715623,1
4,0,0.7573237,1
4,0,0.7235889,1
4,0,0.7235889,1
4,0,0.7808092,1
4,0,0.7808092,1
4,0,0.7926862,1
4,0,0.7926862,1
4,0,0.7745161,1
4,0,0.7542143,1
4,0,0.7537141,1
4,0,0.73022383,1
4,0,0.6699529,1
4,0,0.692028,1
4,0,0.59074515,1
4,0,0.59074515,1
4,0,0.6049444,1
4,0,0.6218733,1
4,0,0.5961616,1
4,0,0.64717317,1
4,0,0.57220745,1
4,0,0.56849796,1
4,0,0.49930304,0
4,0,0.50338644,1
4,0,0.50689554,1
4,0,0.4685929,0
4,0,0.44904417,0
4,0,0.45024446,0
4,0,0.42230362,0
4,0,0.5092878,1
4,0,0.4422275,0
4,0,0.48778936,0
4,0,0.46630806,0
4,0,0.50392044,1
4,0,0.4854867,0
4,0,0.5039365,1
4,0,0.49125683,0
4,0,0.55246854,1
4,0,0.59836173,1
4,0,0.5825154,1
4,0,0.64437073,1
4,0,0.64437073,1
4,0,0.6860881,1
4,0,0.7181779,1
4,0,0.6843243,1
4,0,0.69784445,1
4,0,0.66597885,1
4,0,0.67836595,1
4,0,0.6665036,1
4,0,0.68901074,1
4,0,0.6994047,1
4,0,0.70138603,1
4,0,0.6819833,1
4,0,0.64275116,1
4,0,0.6552634,1
4,0,0.61555475,1
4,0,0.6181229,1
4,0,0.6181229,1
4,0,0.64914936,1
4,0,0.62629205,1
4,0,0.63510686,1
4,0,0.659101,1
4,0,0.65062207,1
4,0,0.6422506,1
4,0,0.6175256,1
4,0,0.57172126,1
4,0,0.5556559,1
4,0,0.5934757,1
4,0,0.5993983,1
4,0,0.4934712,0
4,0,0.5167281,1
4,0,0.5776368,1
4,0,0.5450016,1
4,0,0.47702876,0
4,0,0.51166624,1
4,0,0.49680197,0
4,0,0.518802,1
4,0,0.51545423,1
4,0,0.4894741,0
4,0,0.47979492,0
4,0,0.5303146,1
4,0,0.5942658,1
4,0,0.5573389,1
4,0,0.55763733,1
4,0,0.6218058,1
4,0,0.61153704,1
4,0,0.5532971,1
4,1,0.5435549,1
4,1,0.55823934,1
4,1,0.54513854,1
4,1,0.52400124,1
4,1,0.44752252,0
4,1,0.49304402,0
4,1,0.5052011,1
4,1,0.49462694,0
4,1,0.39957774,0
4,0,0.33229896,0
4,0,0.3800525,0
4,0,0.33314905,0
4,0,0.32100827,0
4,0,0.34156683,0
4,0,0.4094412,0
4,0,0.42480806,0
4,0,0.44705305,0
4,0,0.4141213,0
4,0,0.4141213,0
4,0,0.44105762,0
4,0,0.3967698,0
4,0,0.3967698,0
4,0,0.42733973,0
4,0,0.41825345,0
4,0,0.44911653,0
4,0,0.44911653,0
4,0,0.47734895,0
4,0,0.4293318,0
4,0,0.47978434,0
4,0,0.4239836,0
4,0,0.40654483,0
4,0,0.443349,0
4,0,0.4669456,0
4,0,0.4888465,0
4,0,0.49079856,0
4,0,0.49079856,0
4,0,0.5392679,1
4,0,0.5392679,1
4,0,0.5379634,1
4,1,0.53010464,1
4,1,0.5369259,1
4,1,0.5274701,1
4,1,0.5274701,1
4,1,0.46759644,0
4,1,0.46759644,0
4,1,0.48793346,0
4,1,0.44435975,0
4,1,0.48725584,0
4,1,0.4463143,0
4,1,0.4724394,0
4,1,0.4724394,0
4,1,0.4724394,0
4,1,0.4617523,0
4,0,0.57058924,1
4,0,0.5702043,1
4,0,0.51929337,1
4,0,0.52121544,1
4,0,0.56323016,1
4,0,0.5960198,1
4,0,0.65266067,1
4,0,0.61676776,1
4,0,0.56950825,1
4,0,0.57984823,1
4,0,0.57984823,1
4,0,0.64944273,1
4,0,0.56085026,1
4,0,0.4799443,0
4,0,0.55394894,1
4,0,0.5335454,1
4,0,0.61298215,1
4,0,0.6344838,1
4,0,0.5037149,1
4,0,0.47579324,0
4,0,0.48050356,0
4,0,0.4901674,0
4,0,0.558965,1
4,0,0.58883905,1
4,0,0.5661144,1
4,0,0.552427,1
4,0,0.552427,1
4,0,0.61252165,1
4,0,0.6492327,1
4,0,0.663922,1
4,0,0.57060397,1
4,0,0.54883945,1
4,0,0.58816427,1
4,0,0.63262117,1
4,0,0.59550226,1
4,0,0.6212279,1
4,0,0.55912423,1
4,1,0.48105723,0
4,1,0.48105723,0
4,1,0.5248698,1
4,1,0.5104962,1
4,1,0.5249604,1
4,1,0.5798472,1
4,1,0.5622414,1
4,1,0.5637308,1
4,1,0.5846205,1
4,1,0.58378375,1
4,1,0.55968213,1
4,1,0.56585354,1
4,1,0.5637395,1
4,1,0.5637395,1
4,1,0.5630604,1
4,1,0.6071188,1
4,1,0.59095746,1
4,1,0.5759146,1
4,1,0.62775224,1
4,1,0.589867,1
4,0,0.56867456,1
4,0,0.59630525,1
4,0,0.59434736,1
4,0,0.6587864,1
4,0,0.703037,1
4,0,0.7410401,1
4,0,0.6807166,1
4,0,0.737568,1
4,0,0.737568,1
4,0,0.7585901,1
4,0,0.73371875,1
4,0,0.77051574,1
4,0,0.7866459,1
4,0,0.71461487,1
4,0,0.7544424,1
4,0,0.707171,1
4,0,0.7187696,1
4,0,0.71047324,1
4,0,0.61114323,1
4,0,0.5474291,1
4,0,0.49077642,0
4,0,0.51742697,1
4,0,0.48668244,0
4,0,0.5130826,1
4,0,0.56763536,1
4,0,0.61954004,1
4,0,0.61954004,1
4,0,0.5767514,1
4,0,0.586732,1
4,0,0.58093166,1
4,0,0.543952,1
4,0,0.513613,1
4,0,0.50688404,1
4,0,0.59063107,1
4,0,0.60056984,1
4,0,0.6240496,1
4,0,0.6052329,1
4,0,0.6123043,1
4,0,0.5821511,1
4,0,0.5652125,1
4,0,0.52371216,1
4,0,0.4963866,0
4,0,0.52406687,1
4,0,0.5008574,1
4,0,0.5462612,1
4,0,0.61003286,1
4,0,0.61303943,1
4,0,0.6211701,1
4,0,0.5778537,1
4,0,0.66647744,1
4,0,0.68129224,1
4,0,0.7107318,1
4,0,0.64944273,1
4,0,0.56085026,1
4,0,0.5309693,1
4,0,0.6045246,1
4,0,0.59293336,1
4,0,0.6691824,1
4,0,0.68944794,1
4,0,0.5554478,1
4,0,0.53673106,1
4,0,0.53673106,1
4,0,0.5855547,1
4,0,0.5177807,1
4,0,0.4952266,0
4,0,0.453599,0
4,0,0.44121543,0
4,0,0.4201999,0
4,0,0.40100303,0
4,0,0.40234035,0
4,0,0.4389056,0
4,0,0.43496716,0
4,0,0.36298335,0
4,0,0.37966594,0
4,0,0.28271618,0
4,0,0.3023531,0
4,1,0.3241534,0
4,1,0.36545596,0
4,1,0.42693633,0
4,1,0.44831637,0
4,1,0.47251096,0
4,1,0.47122625,0
4,1,0.51249534,1
4,1,0.51249534,1
4,1,0.5003619,1
4,1,0.5003619,1
4,1,0.5505358,1
4,1,0.5505358,1
4,1,0.5055965,1
4,0,0.58636755,1
4,0,0.57864213,1
4,0,0.6564067,1
4,0,0.67657787,1
4,0,0.53673106,1
4,0,0.53673106,1
4,0,0.53673106,1
4,0,0.5326775,1
4,0,0.53971356,1
4,0,0.61299396,1
4,0,0.6343647,1
4,0,0.6143979,1
4,0,0.5991064,1
4,0,0.5991064,1
4,0,0.57060397,1
4,0,0.54883945,1
4,0,0.58816427,1
4,0,0.63262117,1
4,0,0.59550226,1
4,0,0.6212279,1
4,0,0.55912423,1
4,0,0.48105723,0
4,0,0.48105723,0
4,0,0.5248698,1
4,0,0.5104962,1
4,0,0.5249604,1
4,0,0.5798472,1
4,0,0.5622414,1
4,0,0.5637308,1
4,0,0.6154906,1
4,0,0.61219954,1
4,0,0.58574426,1
4,0,0.6022921,1
4,1,0.5901094,1
4,1,0.5901094,1
4,1,0.58906454,1
4,1,0.62034816,1
4,1,0.6131943,1
4,1,0.6018876,1
4,1,0.6555042,1
4,1,0.6150317,1
4,1,0.598734,1
4,1,0.61581874,1
4,1,0.6173679,1
4,1,0.6587864,1
4,1,0.703037,1
4,1,0.7410401,1
4,1,0.6807166,1
4,1,0.737568,1
4,1,0.737568,1
4,1,0.7585901,1
4,1,0.73371875,1
4,1,0.77051574,1
4,1,0.7866459,1
4,0,0.71461487,1
4,0,0.7544424,1
4,0,0.707171,1
4,0,0.7187696,1
4,0,0.71047324,1
4,0,0.61114323,1
4,0,0.5474291,1
4,0,0.49077642,0
4,0,0.51742697,1
4,0,0.48668244,0
4,0,0.5130826,1
4,0,0.56763536,1
4,0,0.61954004,1
4,0,0.61954004,1
4,0,0.5767514,1
4,0,0.586732,1
4,0,0.58093166,1
4,0,0.543952,1
4,0,0.513613,1
4,0,0.50688404,1
4,0,0.59063107,1
4,0,0.60056984,1
4,0,0.6240496,1
4,0,0.6052329,1
4,0,0.6123043,1
4,0,0.5821511,1
4,0,0.5652125,1
4,0,0.52371216,1
4,0,0.4963866,0
4,0,0.52406687,1
4,0,0.5008574,1
4,0,0.5722562,1
4,0,0.62561804,1
4,0,0.62948483,1
4,0,0.63835394,1
4,0,0.59647614,1
4,0,0.66523564,1
4,0,0.6748684,1
4,0,0.7010108,1
4,0,0.73482656,1
4,1,0.48824304,0
4,1,0.5570508,1
4,1,0.6193949,1
4,1,0.6539486,1
4,1,0.6422612,1
4,1,0.67616844,1
4,1,0.72312385,1
4,1,0.6965401,1
4,1,0.65901005,1
4,1,0.6732924,1
4,1,0.69555056,1
4,1,0.7433773,1
4,1,0.6668213,1
4,0,0.58318496,1
4,0,0.56364566,1
4,0,0.5394148,1
4,0,0.5276762,1
4,0,0.49144512,0
4,0,0.46875924,0
4,0,0.45464063,0
4,0,0.4536352,0
4,0,0.48736882,0
4,0,0.46608827,0
4,0,0.39415887,0
4,0,0.406022,0
4,0,0.30161467,0
4,0,0.33018655,0
4,0,0.32083228,0
4,0,0.3600768,0
4,0,0.4240745,0
4,0,0.4348055,0
4,0,0.45795554,0
4,0,0.4798477,0
4,0,0.7585901,1
4,0,0.73371875,1
4,0,0.77051574,1
4,0,0.7866459,1
4,0,0.71461487,1
4,0,0.7544424,1
4,0,0.707171,1
4,0,0.7187696,1
4,0,0.7217911,1
4,0,0.6262801,1
4,0,0.5536475,1
4,0,0.49715212,0
4,0,0.5211274,1
4,0,0.49417716,0
4,0,0.52058244,1
4,0,0.52820045,1
4,1,0.5781484,1
4,1,0.5781484,1
4,1,0.5230733,1
4,1,0.52646005,1
4,1,0.5166796,1
4,1,0.48561743,0
4,1,0.45440486,0
4,1,0.44573632,0
4,1,0.52982384,1
4,0,0.5452532,1
4,0,0.57388186,1
4,0,0.47720385,0
4,0,0.47720385,0
4,0,0.45071962,0
4,0,0.4728527,0
4,0,0.44866115,0
4,0,0.4264156,0
4,0,0.4516773,0
4,0,0.42606407,0
4,0,0.44897854,0
4,0,0.50954884,1
4,0,0.53281415,1
4,0,0.5472967,1
4,0,0.50602037,1
4,0,0.5787716,1
4,0,0.559139,1
4,0,0.75307083,1
4,0,0.762424,1
4,0,0.54129326,1
4,0,0.5301883,1
4,0,0.5389204,1
4,0,0.5541877,1
4,0,0.5541877,1
4,0,0.46706775,0
4,0,0.5291748,1
4,0,0.5274447,1
4,0,0.6047821,1
4,0,0.62625086,1
4,0,0.44571826,0
4,0,0.45960867,0
4,0,0.4130294,0
4,0,0.40401703,0
4,0,0.40401703,0
4,0,0.47151062,0
4,0,0.5052966,1
4,0,0.5861063,1
4,0,0.50637364,1
4,0,0.4793357,0
4,0,0.5641754,1
4,0,0.60709816,1
4,0,0.6036863,1
4,0,0.62933916,1
4,0,0.56987584,1
4,0,0.5128489,1
4,0,0.5128489,1
4,0,0.57382196,1
4,0,0.5478513,1
4,0,0.56866765,1
4,0,0.62436926,1
4,0,0.58957934,1
4,0,0.579765,1
4,0,0.6069757,1
4,0,0.599078,1
4,0,0.5728918,1
4,0,0.59901416,1
4,0,0.5910516,1
4,0,0.5910516,1
4,0,0.5902122,1
4,0,0.6009525,1
4,0,0.5788577,1
4,0,0.5636694,1
4,0,0.6143367,1
4,0,0.57714164,1
4,0,0.5551667,1
4,0,0.59630525,1
4,1,0.59434736,1
4,1,0.6587864,1
4,1,0.703037,1
4,1,0.7410401,1
4,1,0.6807166,1
4,1,0.737568,1
4,1,0.737568,1
4,1,0.7585901,1
4,1,0.77051574,1
4,1,0.7866459,1
4,1,0.71461487,1
4,1,0.7544424,1
4,1,0.707171,1
4,1,0.7187696,1
4,0,0.49715212,0
4,0,0.5211274,1
4,0,0.49417716,0
4,0,0.52058244,1
4,0,0.52820045,1
4,0,0.5781484,1
4,0,0.5781484,1
4,0,0.5230733,1
4,0,0.52646005,1
4,0,0.5166796,1
4,0,0.48561743,0
4,0,0.45440486,0
4,0,0.44573632,0
4,0,0.52982384,1
4,0,0.5452532,1
4,0,0.57388186,1
4,0,0.47720385,0
4,0,0.47720385,0
4,0,0.45071962,0
4,0,0.4728527,0
4,0,0.44866115,0
4,0,0.4264156,0
4,0,0.4516773,0
4,0,0.42606407,0
4,0,0.44897854,0
4,0,0.50954884,1
4,0,0.53281415,1
4,0,0.5472967,1
4,0,0.50602037,1
4,0,0.5787716,1
4,0,0.559139,1
4,0,0.75307083,1
4,0,0.762424,1
4,1,0.47786698,0
4,1,0.5490806,1
4,1,0.56812227,1
4,1,0.44571826,0
4,1,0.45960867,0
4,1,0.4130294,0
4,1,0.40401703,0
4,1,0.35727075,0
4,1,0.4180401,0
4,0,0.45267802,0
4,0,0.42904246,0
4,0,0.4149401,0
4,0,0.4149401,0
4,0,0.48550895,0
4,0,0.5180219,1
4,0,0.5450118,1
4,0,0.45178777,0
4,0,0.42940855,0
4,0,0.51023877,1
4,0,0.57118744,1
4,1,0.56987584,1
4,1,0.5128489,1
4,1,0.5128489,1
4,1,0.57382196,1
4,1,0.5478513,1
4,1,0.56866765,1
4,1,0.62436926,1
4,1,0.58957934,1
4,1,0.579765,1
4,1,0.6069757,1
4,1,0.6403909,1
4,1,0.62157214,1
4,1,0.65153295,1
4,1,0.6047326,1
4,1,0.6203492,1
4,1,0.63148445,1
4,1,0.6764658,1
4,1,0.6535481,1
4,1,0.64612097,1
4,1,0.66733557,1
4,1,0.66733557,1
4,1,0.6369576,1
4,1,0.6451006,1
4,1,0.66523343,1
4,1,0.67039174,1
4,1,0.65451014,1
4,1,0.6754735,1
4,1,0.6547366,1
4,1,0.6912688,1
4,1,0.7318124,1
4,1,0.71487355,1
4,1,0.40919492,0
4,1,0.4182674,0
4,1,0.44682035,0
4,1,0.42256606,0
4,1,0.4348251,0
4,1,0.4446811,0
4,1,0.4088001,0
4,1,0.4094971,0
4,1,0.39417055,0
4,1,0.3870935,0
4,1,0.4205188,0
4,1,0.46021742,0
4,1,0.46021742,0
4,1,0.46021742,0
4,1,0.44407496,0
4,1,0.35280627,0
4,1,0.48898563,0
4,1,0.47023478,0
4,1,0.52808386,1
4,1,0.6172097,1
4,1,0.5553437,1
4,1,0.5806424,1
4,1,0.6141442,1
4,1,0.62354887,1
4,1,0.57422775,1
4,1,0.50021285,1
4,1,0.54186934,1
4,1,0.54186934,1
4,1,0.5327687,1
4,1,0.5010567,1
4,1,0.7024621,1
4,1,0.6435614,1
4,1,0.6250005,1
4,1,0.6538808,1
4,1,0.6662272,1
4,1,0.67533106,1
4,1,0.67725885,1
4,1,0.60206866,1
4,1,0.5514312,1
4,1,0.5055314,1
4,1,0.5705799,1
4,1,0.62645376,1
4,1,0.64607203,1
4,1,0.5847582,1
4,1,0.63130677,1
4,1,0.63130677,1
4,1,0.6249103,1
4,1,0.6142053,1
4,1,0.62761784,1
4,1,0.6002072,1
4,1,0.6397345,1
4,1,0.66840893,1
4,1,0.58023536,1
4,1,0.60457486,1
4,1,0.57490396,1
4,1,0.5128566,1
4,1,0.53165555,1
4,1,0.48465773,0
4,1,0.5184371,1
4,1,0.46834245,0
4,1,0.45577455,0
4,1,0.36306363,0
4,1,0.43222442,0
4,1,0.43446657,0
4,1,0.50157136,1
4,1,0.5471224,1
4,1,0.5471224,1
4,1,0.6248637,1
4,1,0.6258947,1
4,1,0.5571947,1
4,1,0.5589848,1
4,1,0.6756185,1
4,1,0.6321614,1
4,1,0.6764543,1
4,1,0.71773875,1
4,1,0.7311793,1
4,1,0.63168246,1
4,1,0.72978914,1
4,1,0.72626346,1
4,1,0.7695111,1
4,1,0.713695,1
4,1,0.45544517,0
4,1,0.4943642,0
4,1,0.40453395,0
4,1,0.33805665,0
4,1,0.29194674,0
4,1,0.2621953,0
4,1,0.31740487,0
4,1,0.44199467,0
4,1,0.48039255,0
4,1,0.51814413,1
4,1,0.5091376,1
4,1,0.56982577,1
4,1,0.5943723,1
4,1,0.52286786,1
4,1,0.5841366,1
4,1,0.5841366,1
4,1,0.6249103,1
4,1,0.6142053,1
4,1,0.5804711,1
4,1,0.5804711,1
4,1,0.5189874,1
4,1,0.45585886,0
4,1,0.46644798,0
4,1,0.50819457,1
4,1,0.50819457,1
4,1,0.52282375,1
4,1,0.56296694,1
4,1,0.5266456,1
4,1,0.7041509,1
4,1,0.6280717,1
4,1,0.772088,1
4,1,0.85518074,1
4,1,0.8431698,1
4,1,0.8556932,1
4,1,0.867352,1
4,1,0.9495138,1
4,1,0.9284724,1
4,1,0.94727916,1
4,1,0.9797029,1
4,1,0.97175366,1
4,1,0.98771983,1
4,1,0.9802186,1
4,1,0.96466696,1
4,1,0.97950065,1
4,1,0.99451894,1
4,1,0.9876003,1
4,1,0.96280634,1
4,1,0.49933475,0
4,1,0.5478816,1
4,1,0.49815908,0
4,1,0.47582933,0
4,1,0.47582933,0
4,1,0.5049777,1
4,1,0.5049777,1
4,1,0.4702793,0
4,1,0.43525624,0
4,1,0.45186222,0
4,1,0.45186222,0
4,1,0.5225943,1
4,1,0.4904283,0
4,1,0.5480709,1
4,1,0.50047016,1
4,1,0.5474677,1
4,1,0.46096414,0
4,1,0.41089076,0
4,1,0.41219845,0
4,1,0.40072143,0
4,1,0.27996558,0
4,1,0.35085782,0
4,1,0.27053243,0
4,1,0.27053243,0
4,1,0.35085782,0
4,1,0.35085782,0
4,1,0.41364405,0
4,1,0.40796462,0
4,1,0.4494127,0
4,1,0.45583922,0
4,1,0.4381707,0
4,1,0.4381707,0
4,1,0.50508565,1
4,0,0.5659079,1
4,0,0.47972968,0
4,0,0.49480802,0
4,0,0.5136854,1
4,0,0.48922324,0
4,0,0.41480312,0
4,0,0.438613,0
4,0,0.44239172,0
4,0,0.44239172,0
4,0,0.45044634,0
4,0,0.42823103,0
4,0,0.36412963,0
4,0,0.39203,0
4,0,0.455245,0
4,0,0.49759892,0
4,0,0.4829741,0
4,0,0.5699022,1
4,0,0.5905287,1
4,0,0.54469055,1
4,0,0.52981037,1
4,0,0.5351328,1
4,0,0.5420937,1
4,0,0.5825402,1
4,0,0.5825402,1
4,0,0.602095,1
4,0,0.619407,1
4,0,0.65363663,1
4,0,0.63285315,1
4,0,0.57323176,1
4,0,0.53305084,1
4,0,0.55305237,1
4,0,0.51933634,1
4,0,0.48388982,0
4,0,0.5394264,1
4,0,0.5208857,1
4,0,0.50851893,1
4,0,0.5359111,1
4,0,0.6228038,1
4,0,0.6228038,1
4,0,0.7108257,1
4,0,0.7496417,1
4,0,0.7607409,1
4,0,0.7743678,1
4,0,0.7960556,1
4,0,0.81923914,1
4,0,0.8334229,1
4,0,0.8223821,1
4,0,0.85482776,1
4,0,0.8321497,1
4,0,0.82122386,1
4,0,0.8595841,1
4,0,0.8673234,1
4,0,0.8442794,1
4,0,0.79646343,1
4,0,0.77833265,1
4,0,0.8053443,1
4,0,0.7735971,1
4,0,0.7018859,1
4,0,0.69928855,1
4,0,0.6319347,1
4,0,0.63272923,1
4,0,0.6223283,1
4,0,0.5988924,1
4,0,0.58201164,1
4,0,0.57182825,1
4,0,0.53047645,1
4,0,0.53047645,1
4,0,0.5162578,1
4,0,0.47932604,0
4,1,0.40928462,0
4,1,0.40928462,0
4,1,0.40928462,0
4,1,0.40928462,0
4,1,0.40928462,0
4,1,0.40545154,0
4,1,0.44446418,0
4,1,0.46994972,0
4,1,0.4781865,0
4,1,0.4476998,0
4,1,0.48398158,0
4,1,0.52902037,1
4,1,0.5437687,1
4,1,0.48480538,0
4,1,0.50942236,1
4,1,0.51469827,1
4,1,0.38876075,0
4,1,0.3976497,0
4,1,0.49710852,0
4,1,0.51872945,1
4,1,0.56842417,1
4,1,0.5756272,1
4,1,0.55249697,1
4,1,0.55249697,1
4,0,0.45166484,0
4,0,0.43429583,0
4,0,0.46276703,0
4,0,0.5008362,1
4,0,0.46825272,0
4,0,0.49824885,0
4,0,0.5372186,1
4,0,0.57588166,1
4,0,0.5668513,1
4,0,0.5690285,1
4,0,0.5578804,1
4,0,0.54498005,1
4,0,0.53481627,1
4,0,0.5204725,1
4,0,0.5592871,1
4,1,0.72423303,1
4,1,0.6529806,1
4,1,0.76881826,1
4,1,0.85518074,1
4,1,0.8431698,1
4,1,0.8556932,1
4,1,0.867352,1
4,1,0.9495138,1
4,1,0.9284724,1
4,1,0.94727916,1
4,1,0.9797029,1
4,1,0.97175366,1
4,1,0.98771983,1
4,1,0.9802186,1
4,1,0.96466696,1
4,1,0.97950065,1
4,1,0.99451894,1
4,1,0.9876003,1
4,1,0.96280634,1
4,1,0.42313972,0
4,1,0.44719157,0
4,1,0.47773492,0
4,1,0.50134945,1
4,1,0.40757403,0
4,1,0.4549308,0
4,1,0.56541723,1
4,1,0.62648255,1
4,1,0.6718971,1
4,1,0.67838854,1
4,1,0.62993586,1
4,1,0.5884935,1
4,1,0.5795759,1
4,1,0.6275843,1
4,1,0.6213005,1
4,0,0.29649562,0
4,0,0.32919753,0
4,0,0.3493941,0
4,0,0.382627,0
4,0,0.35934895,0
4,0,0.37424096,0
4,0,0.3890532,0
4,0,0.37250653,0
4,0,0.38457754,0
4,0,0.43358475,0
4,0,0.47489145,0
4,0,0.46482465,0
4,0,0.4808094,0
4,0,0.45156008,0
4,0,0.474136,0
4,0,0.4343859,0
4,0,0.4517171,0
4,0,0.44913495,0
4,0,0.4236963,0
4,0,0.48855564,0
4,0,0.4629879,0
4,0,0.4242771,0
4,0,0.47606117,0
4,0,0.52752507,1
4,0,0.5598242,1
4,0,0.55054015,1
4,0,0.53027445,1
4,0,0.50036514,1
4,0,0.4928433,0
4,0,0.46120074,0
4,0,0.47600064,0
4,0,0.44858924,0
4,0,0.46282294,0
4,0,0.44598255,0
4,0,0.38976932,0
4,0,0.40185446,0
4,0,0.4381137,0
4,0,0.43706095,0
4,0,0.41481417,0
4,0,0.40229368,0
4,0,0.4339212,0
4,0,0.46388412,0
4,0,0.4419099,0
4,0,0.4334218,0
4,0,0.4433707,0
4,0,0.49216673,0
4,0,0.49621177,0
4,0,0.52487046,1
4,0,0.5318157,1
4,0,0.54599124,1
4,0,0.56587,1
4,0,0.5767731,1
4,0,0.54697376,1
4,0,0.5644498,1
4,0,0.58233863,1
4,0,0.5511342,1
4,0,0.5511342,1
4,0,0.54195696,1
4,0,0.58912647,1
4,0,0.57110566,1
4,0,0.52189904,1
4,0,0.50614434,1
4,0,0.4453821,0
4,0,0.46803182,0
4,0,0.45182002,0
4,0,0.4467387,0
4,0,0.40644783,0
4,0,0.35467327,0
4,0,0.34010574,0
4,0,0.3269451,0
4,0,0.3269451,0
4,0,0.36250708,0
4,0,0.4264517,0
4,0,0.38738346,0
4,0,0.36948586,0
4,0,0.3809764,0
4,0,0.39267638,0
4,0,0.45581058,0
4,0,0.45203918,0
4,0,0.4973641,0
4,0,0.4860965,0
4,0,0.5259939,1
4,0,0.60294724,1
4,0,0.6136144,1
4,0,0.6041854,1
4,0,0.64747876,1
4,0,0.61890644,1
4,0,0.6715106,1
4,0,0.7245311,1
4,0,0.7512599,1
4,0,0.704616,1
4,0,0.7512599,1
4,0,0.7108248,1
4,0,0.6895933,1
4,0,0.6398578,1
4,0,0.6251499,1
4,0,0.5616249,1
4,0,0.552048,1
4,0,0.52800024,1
4,0,0.52418226,1
4,0,0.4970492,0
4,0,0.4970492,0
4,0,0.40885338,0
4,0,0.38667387,0
4,0,0.33797738,0
4,0,0.37861818,0
4,0,0.3688628,0
4,0,0.32491267,0
4,0,0.35063532,0
4,0,0.38393584,0
4,0,0.3961735,0
4,0,0.40660322,0
4,0,0.38974407,0
4,0,0.41856205,0
4,0,0.3934913,0
4,0,0.3871993,0
4,0,0.37561452,0
4,0,0.3974858,0
4,0,0.38172606,0
4,0,0.4257882,0
4,0,0.4257882,0
4,0,0.43824074,0
4,0,0.44864178,0
4,0,0.4303986,0
4,0,0.4029326,0
4,0,0.36993492,0
4,0,0.35779324,0
4,0,0.3729841,0
4,0,0.34734964,0
4,0,0.3813995,0
4,0,0.41473094,0
4,0,0.3962553,0
4,0,0.4406266,0
4,0,0.42388543,0
4,0,0.4706028,0
4,0,0.4916154,0
4,0,0.5186341,1
4,0,0.62356675,1
4,0,0.6372165,1
4,0,0.6531816,1
4,0,0.7364977,1
4,0,0.7784695,1
4,0,0.7784695,1
4,0,0.8208792,1
4,0,0.799861,1
4,0,0.7139644,1
4,0,0.7166051,1
4,0,0.68155724,1
4,0,0.6596547,1
4,0,0.6521,1
4,0,0.6521,1
4,0,0.63523316,1
4,0,0.54592544,1
4,0,0.5457876,1
4,0,0.51138467,1
4,0,0.44754744,0
4,0,0.42537445,0
4,0,0.41377807,0
4,0,0.36915404,0
4,0,0.3375803,0
4,0,0.378377,0
4,0,0.40769425,0
4,0,0.3821804,0
4,0,0.42299956,0
4,0,0.40107998,0
4,0,0.37260267,0
4,0,0.3604227,0
4,0,0.37586224,0
4,0,0.42545295,0
4,0,0.48852965,0
4,0,0.51415247,1
4,0,0.51195395,1
4,0,0.5039085,1
4,0,0.548964,1
4,0,0.53864926,1
4,0,0.5795493,1
4,0,0.5625563,1
4,0,0.52891415,1
4,0,0.5031581,1
4,0,0.4891851,0
4,0,0.51671094,1
4,0,0.52352506,1
4,0,0.536381,1
4,0,0.53489774,1
4,0,0.48818836,0
4,0,0.5011287,1
4,0,0.5168689,1
4,0,0.5845115,1
4,0,0.5502545,1
4,0,0.5417436,1
4,0,0.5417436,1
4,0,0.51791257,1
4,0,0.55763245,1
4,0,0.55763245,1
4,0,0.60235876,1
4,0,0.54132736,1
4,0,0.53278995,1
4,0,0.5084973,1
4,0,0.45710406,0
4,0,0.46857667,0
4,0,0.4164583,0
4,0,0.3586808,0
4,0,0.28380564,0
4,0,0.28274485,0
4,0,0.21862501,0
4,0,0.26115707,0
4,0,0.28583783,0
4,0,0.29512098,0
4,0,0.32575607,0
4,0,0.32575607,0
4,0,0.37985563,0
4,0,0.37985563,0
4,0,0.4272128,0
4,0,0.43541574,0
4,0,0.3865478,0
4,0,0.44533154,0
4,0,0.40272182,0
4,0,0.44316012,0
4,0,0.40970212,0
4,0,0.42788166,0
4,0,0.41914055,0
4,0,0.4073695,0
4,0,0.4073695,0
4,0,0.39335197,0
4,0,0.39335197,0
4,0,0.4079229,0
4,0,0.43285036,0
4,0,0.39869508,0
4,0,0.42293233,0
4,0,0.43034917,0
4,0,0.40071034,0
4,0,0.44259873,0
4,0,0.41227555,0
4,0,0.42119688,0
4,0,0.47635442,0
4,0,0.45912063,0
4,0,0.48463723,0
4,0,0.47397023,0
4,0,0.48544627,0
4,0,0.46139434,0
4,0,0.44669974,0
4,0,0.44669974,0
4,0,0.44669974,0
4,0,0.41549423,0
4,0,0.41549423,0
4,0,0.4547667,0
4,0,0.39039436,0
4,0,0.38449946,0
4,0,0.38858816,0
4,0,0.34049004,0
4,0,0.38959593,0
4,0,0.38959593,0
4,0,0.44020614,0
4,0,0.4282285,0
4,0,0.44957525,0
4,0,0.36835635,0
4,0,0.3326499,0
4,0,0.3492472,0
4,0,0.36624506,0
4,0,0.30259424,0
4,0,0.33018523,0
4,0,0.36434838,0
4,0,0.37112162,0
4,0,0.40788838,0
4,0,0.40168002,0
4,0,0.33780533,0
4,0,0.36857352,0
4,0,0.33531776,0
4,0,0.33045897,0
4,0,0.30999407,0
4,0,0.35642275,0
4,0,0.38389438,0
4,0,0.36898652,0
4,0,0.3548782,0
4,0,0.4043152,0
4,0,0.37547946,0
4,0,0.34283257,0
4,0,0.3734283,0
4,0,0.31584105,0
4,0,0.31584105,0
4,0,0.3377613,0
4,0,0.3377613,0
4,0,0.36788204,0
4,0,0.35375544,0
4,0,0.33799946,0
4,0,0.34435424,0
4,0,0.33799946,0
4,0,0.40835223,0
4,0,0.47360897,0
4,0,0.51868206,1
4,0,0.49342307,0
4,0,0.51492846,1
4,0,0.4837406,0
4,0,0.49221137,0
4,0,0.50639856,1
4,0,0.5241955,1
4,0,0.47151667,0
4,0,0.44626203,0
4,0,0.5130296,1
4,0,0.5951113,1
4,0,0.65512407,1
4,0,0.67369556,1
4,0,0.58542806,1
4,0,0.55317765,1
4,0,0.5392067,1
4,0,0.5656714,1
4,0,0.5656714,1
4,0,0.61610425,1
4,0,0.61513644,1
4,0,0.58852845,1
4,0,0.57729167,1
4,0,0.55210435,1
4,0,0.517844,1
4,0,0.44959256,0
4,1,0.39448225,0
4,1,0.37711984,0
4,1,0.3271903,0
4,1,0.328502,0
4,1,0.29713076,0
4,1,0.24643137,0
4,1,0.26031622,0
4,1,0.26031622,0
4,1,0.25177014,0
4,0,0.27794114,0
4,0,0.31510565,0
4,0,0.32690766,0
4,0,0.34415123,0
4,0,0.39255008,0
4,0,0.41106078,0
4,0,0.42958602,0
4,0,0.4957604,0
4,0,0.6182436,1
4,0,0.6053089,1
4,0,0.6188094,1
4,0,0.62437075,1
4,0,0.6383729,1
4,0,0.6118403,1
4,0,0.6707762,1
4,0,0.660782,1
4,0,0.6262166,1
4,0,0.61666524,1
4,0,0.5913713,1
4,0,0.58263445,1
4,0,0.5702411,1
4,0,0.5702411,1
4,0,0.4973,0
4,0,0.4528651,0
4,0,0.4187888,0
4,0,0.3733444,0
4,0,0.4192092,0
4,0,0.48077053,0
4,0,0.49407884,0
4,0,0.48451632,0
4,0,0.54877275,1
4,0,0.54649204,1
4,0,0.53128576,1
4,0,0.5076671,1
4,0,0.49375606,0
4,0,0.5175918,1
4,0,0.52221495,1
4,0,0.53166366,1
4,0,0.5787152,1
4,0,0.6392748,1
4,0,0.6617863,1
4,0,0.6853761,1
4,0,0.6025397,1
4,0,0.55680346,1
4,0,0.5494217,1
4,0,0.49615315,0
4,0,0.46691707,0
4,0,0.46691707,0
4,0,0.48262846,0
4,0,0.48969296,0
4,0,0.4755202,0
4,0,0.4551472,0
4,0,0.4898286,0
4,0,0.5096935,1
4,0,0.43995303,0
4,0,0.4201035,0
4,0,0.43808216,0
4,0,0.51357406,1
4,0,0.5286418,1
4,0,0.5540794,1
4,0,0.5372155,1
4,0,0.5428629,1
4,0,0.58680755,1
4,0,0.6119294,1
4,0,0.6678269,1
4,0,0.66334504,1
4,0,0.66334504,1
4,0,0.66334504,1
4,0,0.6520404,1
4,0,0.6460124,1
4,0,0.6460124,1
4,0,0.6513841,1
4,0,0.63580835,1
4,0,0.67462796,1
4,0,0.6844124,1
4,0,0.7472056,1
4,0,0.72824407,1
4,0,0.7148689,1
4,0,0.6671529,1
4,0,0.6387399,1
4,0,0.6661836,1
4,0,0.6876578,1
4,0,0.6598757,1
4,0,0.59916437,1
4,0,0.6152835,1
4,0,0.6152835,1
4,0,0.5850841,1
4,0,0.5263187,1
4,0,0.5104758,1
4,0,0.44552356,0
4,0,0.40664232,0
4,0,0.38822153,0
4,0,0.34587702,0
4,0,0.38017407,0
4,0,0.34722838,0
4,0,0.3098446,0
4,0,0.29849187,0
4,0,0.31758747,0
4,0,0.4091607,0
4,0,0.4611493,0
4,0,0.4611493,0
4,0,0.45158657,0
4,0,0.4699623,0
4,0,0.5099504,1
4,0,0.5358166,1
4,0,0.55782163,1
4,0,0.5955889,1
4,0,0.6186597,1
4,0,0.5781854,1
4,0,0.530252,1
4,0,0.5221176,1
4,0,0.56325316,1
4,0,0.5528839,1
4,0,0.53956336,1
4,0,0.46742687,0
4,0,0.4837054,0
4,0,0.4815658,0
4,0,0.45997295,0
4,0,0.44767755,0
4,0,0.46257508,0
4,0,0.42825702,0
4,0,0.36840108,0
4,0,0.4085246,0
4,0,0.39362532,0
4,0,0.4354561,0
4,0,0.4914759,0
4,0,0.47464123,0
4,0,0.47760466,0
4,0,0.43607435,0
4,0,0.45838556,0
4,0,0.4718873,0
4,0,0.49461544,0
4,0,0.5165733,1
4,0,0.47507176,0
4,0,0.43867493,0
4,0,0.48606342,0
4,0,0.5391397,1
4,0,0.54099,1
4,0,0.54901665,1
4,0,0.56581986,1
4,0,0.5170053,1
4,0,0.4989668,0
4,0,0.43041798,0
4,0,0.44420627,0
4,0,0.5016104,1
4,0,0.50931317,1
4,0,0.52810156,1
4,0,0.4701913,0
4,0,0.3897643,0
4,0,0.3747204,0
4,0,0.33103135,0
4,0,0.2905304,0
4,0,0.27096358,0
4,0,0.33247656,0
4,0,0.3302573,0
4,0,0.33994737,0
4,0,0.355859,0
4,0,0.3950441,0
4,0,0.4308818,0
4,0,0.39134544,0
4,0,0.41436595,0
4,0,0.43979093,0
4,0,0.4929458,0
4,0,0.51901895,1
4,0,0.5331689,1
4,0,0.5573433,1
4,0,0.5717618,1
4,0,0.55126107,1
4,0,0.55230016,1
4,0,0.5756759,1
4,0,0.5929906,1
4,0,0.6103333,1
4,0,0.64093244,1
4,0,0.6484788,1
4,0,0.66603863,1
4,0,0.70187664,1
4,0,0.70878166,1
4,0,0.6853071,1
4,0,0.7016255,1
4,0,0.7016255,1
4,0,0.613969,1
4,0,0.54976565,1
4,0,0.6194703,1
4,0,0.62044734,1
4,0,0.6023699,1
4,0,0.5603002,1
4,0,0.5777222,1
4,0,0.5578902,1
4,0,0.5578902,1
4,0,0.55597126,1
4,0,0.5709117,1
4,0,0.52204335,1
4,0,0.53674495,1
4,0,0.5661335,1
4,0,0.5579626,1
4,0,0.64878565,1
4,0,0.6452191,1
4,0,0.6047446,1
4,0,0.5478772,1
4,0,0.5329468,1
4,0,0.5818616,1
4,0,0.51672477,1
4,0,0.5703092,1
4,0,0.5703092,1
4,0,0.5431895,1
4,0,0.4627951,0
4,0,0.49797413,0
4,0,0.45039657,0
4,0,0.43359342,0
4,0,0.39235058,0
4,0,0.30686715,0
4,0,0.31450865,0
4,0,0.3855291,0
4,0,0.4244119,0
4,0,0.43911806,0
4,0,0.4261507,0
4,0,0.4662847,0
4,0,0.44796094,0
4,0,0.44093776,0
4,0,0.41788906,0
4,0,0.43186608,0
4,0,0.44105315,0
4,0,0.47320047,0
4,0,0.48784447,0
4,0,0.5168918,1
4,0,0.5292215,1
4,0,0.53964907,1
4,0,0.5159065,1
4,0,0.5191532,1
4,0,0.5050187,1
4,1,0.54545516,1
4,1,0.61087275,1
4,1,0.63587224,1
4,1,0.65102875,1
4,1,0.63016236,1
4,1,0.6552126,1
4,1,0.6080516,1
4,1,0.6437819,1
4,1,0.6338408,1
4,1,0.6516692,1
4,1,0.56667227,1
4,1,0.602882,1
4,1,0.5808909,1
4,1,0.5808909,1
4,1,0.57231987,1
4,0,0.47617757,0
4,0,0.47617757,0
4,0,0.4782864,0
4,0,0.4782864,0
4,0,0.5626561,1
4,0,0.601471,1
4,0,0.6193186,1
4,0,0.6289921,1
4,0,0.5656917,1
4,0,0.5797138,1
4,0,0.548686,1
4,0,0.5519564,1
4,0,0.5541429,1
4,0,0.48827,0
4,1,0.5554414,1
4,1,0.57326525,1
4,1,0.5895758,1
4,1,0.578039,1
4,1,0.6039204,1
4,1,0.6286396,1
4,1,0.65235,1
4,1,0.6719964,1
4,1,0.64190334,1
4,1,0.64190334,1
4,1,0.5951902,1
4,1,0.63958037,1
4,1,0.56655,1
4,1,0.5749917,1
4,1,0.52939683,1
4,1,0.5437397,1
4,0,0.5183566,1
4,0,0.5720119,1
4,0,0.575914,1
4,0,0.6037942,1
4,0,0.624576,1
4,0,0.6321526,1
4,0,0.5963421,1
4,0,0.6358008,1
4,0,0.6602172,1
4,0,0.6595447,1
4,0,0.6111216,1
4,0,0.61744875,1
4,0,0.626719,1
4,0,0.58877623,1
4,0,0.54314566,1
4,0,0.5320552,1
4,0,0.518216,1
4,0,0.5276585,1
4,0,0.49983793,0
4,0,0.46713305,0
4,0,0.53859794,1
4,0,0.5462438,1
4,0,0.55461216,1
4,0,0.5303275,1
4,0,0.5041182,1
4,0,0.51854056,1
4,0,0.56031364,1
4,0,0.51023287,1
4,0,0.587057,1
4,0,0.55431855,1
4,0,0.6551657,1
4,0,0.6503861,1
4,0,0.68185854,1
4,0,0.70551467,1
4,0,0.74317956,1
4,0,0.6832659,1
4,1,0.7041509,1
4,1,0.6280717,1
4,1,0.772088,1
4,1,0.85518074,1
4,1,0.8431698,1
4,1,0.8556932,1
4,1,0.867352,1
4,1,0.9495138,1
4,1,0.9284724,1
4,1,0.94727916,1
4,1,0.9797029,1
4,1,0.97175366,1
4,1,0.98771983,1
4,1,0.9802186,1
4,1,0.96466696,1
4,1,0.97950065,1
4,1,0.99451894,1
4,1,0.9876003,1
4,1,0.96280634,1
4,1,0.5094181,1
4,1,0.551667,1
4,1,0.5316224,1
4,1,0.56422055,1
4,1,0.55121154,1
4,1,0.53970593,1
4,1,0.50669533,1
4,1,0.46196392,0
4,1,0.46196392,0
4,1,0.46196392,0
4,1,0.4889921,0
4,1,0.5561424,1
4,1,0.5561424,1
4,1,0.5203334,1
4,1,0.5803264,1
4,1,0.5799751,1
4,1,0.53750044,1
4,1,0.53750044,1
4,1,0.50619537,1
4,1,0.4873035,0
4,1,0.47218505,0
4,1,0.53501797,1
4,1,0.54461896,1
4,1,0.50362873,1
4,1,0.50362873,1
4,1,0.5453515,1
4,1,0.59876674,1
4,1,0.61724675,1
4,1,0.6338466,1
4,1,0.65871686,1
4,1,0.6237207,1
4,1,0.5954805,1
4,1,0.6126626,1
4,1,0.63226455,1
4,1,0.634659,1
4,1,0.62240154,1
4,1,0.60705984,1
4,1,0.5880704,1
4,1,0.6100064,1
4,1,0.55356705,1
4,1,0.52861416,1
4,1,0.38144177,0
4,1,0.38144177,0
4,1,0.3855276,0
4,1,0.3737217,0
4,1,0.41180816,0
4,1,0.39530778,0
4,1,0.42264658,0
4,1,0.42920744,0
4,1,0.45329878,0
4,1,0.42196992,0
4,1,0.45644665,0
4,1,0.51108754,1
4,1,0.48073557,0
4,1,0.48073557,0
4,1,0.4368257,0
4,1,0.44588104,0
4,1,0.4336977,0
4,1,0.372653,0
4,1,0.3548907,0
4,1,0.41389698,0
4,1,0.49054164,0
4,1,0.45761767,0
4,1,0.51233375,1
4,1,0.49457207,0
4,1,0.50691897,1
4,1,0.4421545,0
4,1,0.44993523,0
4,1,0.42186177,0
4,1,0.4078103,0
4,1,0.43788922,0
4,1,0.46877015,0
4,1,0.43487963,0
4,1,0.50344235,1
4,1,0.4912453,0
4,1,0.45855576,0
4,1,0.47626394,0
4,1,0.47626394,0
4,1,0.47626394,0
4,1,0.5144617,1
4,1,0.56541675,1
4,1,0.5728879,1
4,1,0.53151506,1
4,1,0.59726316,1
4,1,0.376499,0
4,1,0.31845444,0
4,1,0.31488818,0
4,1,0.25802958,0
4,1,0.18871489,0
4,1,0.16956714,0
4,1,0.1893717,0
4,1,0.19803709,0
4,1,0.2745139,0
4,1,0.30954692,0
4,1,0.42124647,0
4,1,0.4398748,0
4,1,0.47551948,0
4,1,0.5197481,1
4,1,0.5084783,1
4,1,0.54448134,1
4,1,0.56753147,1
4,1,0.5795097,1
4,1,0.52988863,1
4,1,0.5601993,1
4,1,0.5601993,1
4,1,0.4717918,0
4,1,0.37585342,0
4,1,0.38832647,0
4,1,0.4487773,0
4,1,0.52480006,1
4,1,0.4655064,0
4,1,0.5047728,1
4,1,0.4138657,0
4,1,0.36163574,0
4,1,0.33049884,0
4,1,0.33049884,0
4,1,0.38809618,0
4,1,0.4416847,0
4,1,0.49669713,0
4,1,0.48107135,0
4,1,0.41104004,0
4,1,0.38591066,0
4,1,0.4812043,0
4,1,0.45081833,0
4,1,0.53668576,1
4,1,0.62327904,1
4,1,0.61666733,1
4,1,0.64775234,1
4,1,0.583517,1
4,1,0.58769804,1
4,1,0.58709747,1
4,1,0.56609285,1
4,1,0.6455295,1
4,1,0.631939,1
4,1,0.612833,1
4,1,0.63841903,1
4,1,0.63841903,1
4,1,0.63841903,1
4,1,0.6033821,1
4,1,0.58880043,1
4,1,0.4010151,0
4,1,0.35421294,0
4,1,0.37469524,0
4,1,0.4317229,0
4,1,0.448568,0
4,1,0.5720929,1
4,1,0.5806423,1
4,1,0.6514572,1
4,1,0.6025635,1
4,1,0.6501151,1
4,1,0.46057037,0
4,1,0.47442383,0
4,1,0.51897776,1
4,1,0.49525222,0
4,1,0.507168,1
4,1,0.5224393,1
4,1,0.52656525,1
4,1,0.52656525,1
4,1,0.5412189,1
4,1,0.5495756,1
4,1,0.5816965,1
4,1,0.5704391,1
4,1,0.59233063,1
4,1,0.52527356,1
4,1,0.50440097,1
4,1,0.4927881,0
4,1,0.51507044,1
4,1,0.5083483,1
4,1,0.5355787,1
4,1,0.5674209,1
4,0,0.42907855,0
4,0,0.4327382,0
4,0,0.4676951,0
4,0,0.4824236,0
4,0,0.51632935,1
4,0,0.50236446,1
4,0,0.476963,0
4,0,0.5089273,1
4,0,0.5089273,1
4,0,0.48252288,0
4,0,0.503652,1
4,0,0.5309626,1
4,0,0.5309626,1
4,1,0.5157511,1
4,1,0.5172734,1
4,1,0.50252944,1
4,1,0.51639867,1
4,1,0.56669813,1
4,1,0.52349013,1
4,1,0.510603,1
4,1,0.50339085,1
4,1,0.48313725,0
4,1,0.5535026,1
4,1,0.5281932,1
4,1,0.46193963,0
4,1,0.50111836,1
4,1,0.45145696,0
4,1,0.45145696,0
4,1,0.43377876,0
4,1,0.42604548,0
4,1,0.4181409,0
4,1,0.4482235,0
4,1,0.44870475,0
4,1,0.42443606,0
4,1,0.63743436,1
4,1,0.6417085,1
4,1,0.6417085,1
4,1,0.57741535,1
4,1,0.54494596,1
4,1,0.5311063,1
4,1,0.54712605,1
4,1,0.5205835,1
4,1,0.5370994,1
4,1,0.5193903,1
4,1,0.508365,1
4,1,0.49809965,0
4,1,0.5174949,1
4,1,0.49051785,0
4,1,0.42253584,0
4,1,0.42253584,0
4,1,0.47800642,0
4,1,0.5685032,1
4,1,0.57423717,1
4,1,0.61058253,1
4,1,0.6000254,1
4,1,0.64468515,1
4,1,0.5775692,1
4,1,0.59334654,1
4,1,0.55202526,1
4,1,0.53712624,1
4,1,0.53712624,1
4,1,0.5049138,1
4,1,0.5240261,1
4,1,0.49821186,0
4,1,0.42089736,0
4,1,0.46393105,0
4,1,0.4331763,0
4,1,0.47958764,0
4,1,0.50559175,1
4,1,0.50559175,1
4,1,0.5343389,1
4,1,0.57147074,1
4,1,0.5193431,1
4,1,0.4986964,0
4,1,0.47331333,0
4,1,0.47043532,0
4,1,0.47043532,0
4,1,0.7523283,1
4,1,0.7523283,1
4,1,0.77899534,1
4,1,0.8164885,1
4,1,0.79695135,1
4,1,0.7697884,1
4,1,0.73014706,1
4,1,0.7028653,1
4,1,0.6715844,1
4,1,0.68905383,1
4,1,0.67475533,1
4,1,0.5551602,1
4,1,0.5551602,1
4,1,0.6269283,1
4,1,0.6820841,1
4,1,0.71197015,1
4,1,0.729555,1
4,1,0.7050416,1
4,1,0.70873976,1
4,1,0.7110906,1
4,1,0.50734633,1
4,1,0.5075618,1
4,1,0.5075618,1
4,1,0.5053039,1
4,1,0.48321277,0
4,1,0.51794225,1
4,1,0.57924813,1
4,1,0.5969797,1
4,1,0.58463556,1
4,1,0.5743407,1
4,1,0.59991664,1
4,1,0.60740656,1
4,1,0.60740656,1
4,1,0.62173223,1
4,1,0.60043055,1
4,1,0.61157244,1
4,1,0.5992221,1
4,1,0.5894219,1
4,1,0.6162015,1
4,1,0.62801814,1
4,1,0.6394404,1
4,1,0.54637706,1
4,1,0.5220254,1
4,1,0.4938462,0
4,1,0.518103,1
4,1,0.5158269,1
4,1,0.5402082,1
4,1,0.64079744,1
4,1,0.6736065,1
4,1,0.70103025,1
4,1,0.72038597,1
4,1,0.6904567,1
4,1,0.6767016,1
4,1,0.672641,1
4,1,0.6148985,1
4,1,0.6220129,1
4,1,0.67043656,1
4,1,0.6609691,1
4,1,0.6609691,1
4,1,0.633235,1
4,1,0.60651135,1
4,1,0.5814447,1
4,1,0.57730067,1
4,1,0.5628161,1
4,1,0.41972974,0
4,1,0.43692517,0
4,1,0.4012604,0
4,1,0.4012604,0
4,1,0.38017762,0
4,1,0.43825132,0
4,1,0.45436838,0
4,1,0.41753712,0
4,1,0.45438674,0
4,1,0.4232196,0
4,1,0.5309639,1
4,1,0.49626812,0
4,1,0.3548299,0
4,1,0.35301661,0
4,1,0.3685427,0
4,1,0.42207235,0
4,1,0.44930854,0
4,1,0.4622129,0
4,1,0.4889245,0
4,1,0.4200189,0
4,1,0.4327583,0
4,1,0.40986001,0
4,1,0.4514733,0
4,1,0.4166598,0
4,1,0.45366502,0
4,1,0.51217616,1
4,1,0.50259763,1
4,1,0.5049607,1
4,1,0.5322434,1
4,1,0.5650949,1
4,1,0.5295016,1
4,1,0.55317134,1
4,1,0.5551819,1
4,1,0.55676854,1
4,1,0.5215072,1
4,1,0.57671803,1
4,1,0.5708062,1
4,1,0.5117396,1
4,1,0.47138274,0
4,1,0.48572966,0
4,1,0.55611837,1
4,1,0.5736278,1
4,1,0.56988776,1
4,1,0.5558143,1
4,1,0.56805444,1
4,1,0.57437974,1
4,1,0.53131324,1
4,1,0.5981112,1
4,1,0.5545894,1
4,1,0.53967214,1
4,1,0.4587859,0
4,1,0.43453553,0
4,1,0.4625212,0
4,1,0.4549188,0
4,1,0.5239203,1
4,1,0.58593225,1
4,1,0.5802539,1
4,1,0.5802539,1
4,1,0.5999169,1
4,1,0.76729715,1
4,1,0.69847304,1
4,1,0.77389944,1
4,1,0.76422393,1
4,1,0.8401195,1
4,1,0.79738796,1
4,1,0.9043504,1
4,1,0.93766826,1
4,1,0.93898714,1
4,1,0.93898714,1
4,1,0.93898714,1
4,1,0.95150405,1
4,1,0.9246473,1
4,1,0.88182396,1
4,1,0.8363931,1
4,1,0.8926574,1
4,1,0.9103664,1
4,1,0.7497628,1
4,1,0.65353703,1
4,1,0.57095975,1
4,1,0.6712202,1
4,1,0.7701421,1
4,1,0.6653558,1
4,1,0.6645122,1
4,1,0.5810883,1
4,1,0.6649479,1
4,1,0.6762875,1
4,1,0.6262109,1
4,1,0.67107624,1
4,1,0.67107624,1
4,1,0.6329564,1
4,1,0.6731871,1
4,1,0.7141316,1
4,1,0.6596967,1
4,1,0.70797396,1
4,1,0.70797396,1
4,1,0.67322516,1
4,1,0.66344154,1
4,1,0.68616575,1
4,1,0.668594,1
4,1,0.6582885,1
4,1,0.66684157,1
4,1,0.6172072,1
4,1,0.5996741,1
4,1,0.66208315,1
4,1,0.6504519,1
4,1,0.6877718,1
4,1,0.6807442,1
4,1,0.70726526,1
4,1,0.6619999,1
4,1,0.6408179,1
4,1,0.6564345,1
4,1,0.67797285,1
4,1,0.572076,1
4,1,0.54979324,1
4,1,0.6155039,1
4,1,0.59065485,1
4,1,0.6108443,1
4,1,0.58744323,1
4,1,0.4918392,0
4,1,0.5207804,1
4,1,0.5242225,1
4,1,0.5365008,1
4,1,0.51113456,1
4,1,0.51113456,1
4,1,0.5495153,1
4,1,0.6099579,1
4,1,0.6099579,1
4,1,0.5160667,1
4,1,0.502626,1
4,1,0.4465316,0
4,1,0.38909087,0
4,1,0.35924974,0
4,1,0.39201623,0
4,1,0.3815718,0
4,1,0.411079,0
4,1,0.35528746,0
4,1,0.39353302,0
4,1,0.38730443,0
4,1,0.44830543,0
4,1,0.45814776,0
4,1,0.40092096,0
4,1,0.6009155,1
4,1,0.60991913,1
4,1,0.63192964,1
4,1,0.60663307,1
4,1,0.62432325,1
4,1,0.62432325,1
4,1,0.6114294,1
4,1,0.6139171,1
4,1,0.60602975,1
4,1,0.5760303,1
4,1,0.5779512,1
4,1,0.5503992,1
4,1,0.5202637,1
4,1,0.49661332,0
4,1,0.5273427,1
4,1,0.5354359,1
4,1,0.62566125,1
4,1,0.5970486,1
4,1,0.5479693,1
4,1,0.6214612,1
4,1,0.65309805,1
4,1,0.5825273,1
4,1,0.59151524,1
4,1,0.56497407,1
4,1,0.5918279,1
4,1,0.58859205,1
4,1,0.57607883,1
4,1,0.62001455,1
4,1,0.6449366,1
4,1,0.66338885,1
4,1,0.6734879,1
4,1,0.6511187,1
4,1,0.6449366,1
4,1,0.6857558,1
4,1,0.67590773,1
4,1,0.6909671,1
4,1,0.69095093,1
4,1,0.6657382,1
4,1,0.65521485,1
4,1,0.65521485,1
4,1,0.6760098,1
4,1,0.70764494,1
4,1,0.72083503,1
4,1,0.7111847,1
4,1,0.6667276,1
4,1,0.6667276,1
4,1,0.7167381,1
4,1,0.6741125,1
4,1,0.6465331,1
4,1,0.609212,1
4,1,0.6255504,1
4,1,0.61301035,1
4,1,0.58872616,1
4,1,0.58872616,1
4,1,0.5695612,1
4,1,0.49776122,0
4,1,0.4655939,0
4,1,0.4164819,0
4,1,0.4655939,0
4,1,0.5354614,1
4,1,0.55397505,1
4,1,0.54022926,1
4,1,0.59056777,1
4,1,0.5808805,1
4,1,0.5918881,1
4,1,0.5358959,1
4,1,0.57181287,1
4,1,0.59196556,1
4,1,0.5922883,1
4,1,0.7514355,1
4,1,0.79808396,1
4,1,0.84600747,1
4,1,0.81652737,1
4,1,0.88360935,1
4,1,0.8774731,1
4,1,0.8243906,1
4,1,0.5357121,1
4,1,0.53344744,1
4,1,0.57519686,1
4,1,0.58899987,1
4,1,0.61084497,1
4,1,0.6195534,1
4,1,0.6195534,1
4,1,0.6361516,1
4,1,0.69547117,1
4,1,0.6706267,1
4,1,0.66831595,1
4,1,0.6876518,1
4,1,0.6733508,1
4,1,0.61539364,1
4,1,0.6328883,1
4,1,0.6328883,1
4,1,0.6756553,1
4,1,0.6998253,1
4,1,0.7496264,1
4,1,0.72681624,1
4,1,0.7577266,1
4,1,0.76645535,1
4,1,0.7509087,1
4,1,0.66701263,1
4,1,0.6385839,1
4,1,0.6077139,1
5,1,0.5408897,1
5,1,0.42179438,0
5,1,0.42179438,0
5,1,0.41086465,0
5,1,0.47284454,0
5,1,0.49213368,0
5,1,0.49085033,0
5,1,0.5742385,1
5,1,0.58367044,1
5,1,0.5521261,1
5,1,0.54663086,1
5,1,0.49892256,0
5,1,0.5456571,1
5,1,0.5124227,1
5,1,0.5141515,1
5,1,0.53645045,1
5,1,0.27083793,0
5,1,0.2330631,0
5,1,0.20287527,0
5,1,0.1992342,0
5,1,0.21483883,0
5,1,0.22978243,0
5,1,0.23916823,0
5,1,0.2414412,0
5,1,0.24753878,0
5,1,0.2265736,0
5,1,0.25456756,0
5,1,0.25456756,0
5,1,0.23732765,0
5,1,0.28290334,0
5,1,0.40193257,0
5,1,0.4679278,0
5,1,0.46969232,0
5,1,0.5878654,1
5,1,0.5662041,1
5,1,0.52073115,1
5,1,0.4674313,0
5,1,0.44620812,0
5,1,0.3990072,0
5,1,0.44708288,0
5,1,0.46095705,0
5,1,0.47580245,0
5,1,0.45591858,0
5,1,0.47404724,0
5,1,0.45456985,0
5,1,0.397331,0
5,0,0.33936125,0
5,0,0.38659307,0
5,0,0.30435863,0
5,0,0.30435863,0
5,0,0.35394615,0
5,0,0.35242423,0
5,0,0.420669,0
5,0,0.44526935,0
5,0,0.43181458,0
5,0,0.3971236,0
5,0,0.3822501,0
5,0,0.39773038,0
5,0,0.37059256,0
5,0,0.3456732,0
5,0,0.39773038,0
5,0,0.375033,0
5,0,0.36448643,0
5,0,0.33330294,0
5,0,0.35164902,0
5,0,0.29245448,0
5,0,0.36731017,0
5,0,0.33907482,0
5,0,0.35033607,0
5,0,0.4762707,0
5,0,0.442679,0
5,0,0.53781927,1
5,0,0.5758092,1
5,0,0.6631718,1
5,0,0.59912395,1
5,0,0.6603872,1
5,0,0.55570114,1
5,0,0.5748003,1
5,0,0.50430036,1
5,1,0.41523618,0
5,1,0.33003232,0
5,1,0.3339693,0
5,1,0.33206075,0
5,1,0.33192337,0
5,1,0.43921053,0
5,1,0.44442526,0
5,1,0.46729034,0
5,1,0.54327303,1
5,1,0.50119084,1
5,1,0.5410145,1
5,1,0.58571106,1
5,1,0.53545725,1
5,1,0.6755926,1
5,1,0.8591761,1
5,1,0.8656251,1
5,1,0.79300046,1
5,1,0.85370016,1
5,1,0.8544386,1
5,1,0.8885818,1
5,1,0.884295,1
5,1,0.91687274,1
5,1,0.94462246,1
5,1,0.9461537,1
5,1,0.41176748,0
5,1,0.46357274,0
5,1,0.49873838,0
5,1,0.59028125,1
5,1,0.5144722,1
5,1,0.4560544,0
5,1,0.34800413,0
5,1,0.39284372,0
5,1,0.3414348,0
5,1,0.4219947,0
5,1,0.30936792,0
5,1,0.3203805,0
5,1,0.2914108,0
5,1,0.25256485,0
5,1,0.2811094,0
5,1,0.29536697,0
5,1,0.38438085,0
5,1,0.37220806,0
5,1,0.5231809,1
5,1,0.59545815,1
5,1,0.63047314,1
5,1,0.5645173,1
5,1,0.63047314,1
5,1,0.6409062,1
5,1,0.5846662,1
5,1,0.59653413,1
5,1,0.5917572,1
5,1,0.38216248,0
5,1,0.3203648,0
5,1,0.3203648,0
5,1,0.40447566,0
5,1,0.42493406,0
5,1,0.4073303,0
5,1,0.5149897,1
5,1,0.4186113,0
5,1,0.42040616,0
5,1,0.48967636,0
5,1,0.5559317,1
5,1,0.54842335,1
5,1,0.50419337,1
5,1,0.43516037,0
5,1,0.377742,0
5,1,0.40375632,0
5,1,0.42984462,0
5,1,0.45642978,0
5,1,0.45837912,0
5,1,0.41915393,0
5,1,0.34577253,0
5,1,0.6216088,1
5,1,0.5973501,1
5,1,0.5973501,1
5,1,0.66021746,1
5,1,0.67137086,1
5,1,0.5786091,1
5,1,0.53625804,1
5,1,0.53283644,1
5,1,0.53518474,1
5,1,0.50646484,1
5,1,0.5592944,1
5,1,0.42827034,0
5,1,0.4527396,0
5,1,0.5985656,1
5,1,0.58957124,1
5,1,0.44403192,0
5,1,0.52706224,1
5,1,0.42774782,0
5,1,0.37829712,0
5,1,0.34988388,0
5,1,0.4224238,0
5,1,0.4224238,0
5,1,0.3650224,0
5,1,0.36958787,0
5,1,0.37246576,0
5,1,0.34759614,0
5,1,0.41183272,0
5,1,0.37705806,0
5,1,0.33338922,0
5,1,0.2824689,0
5,1,0.3448096,0
5,0,0.6133673,1
5,0,0.68423533,1
5,0,0.6539914,1
5,0,0.5544249,1
5,0,0.47074988,0
5,0,0.44244584,0
5,0,0.4807446,0
5,0,0.51614434,1
5,0,0.5434521,1
5,0,0.62574196,1
5,0,0.660398,1
5,0,0.660398,1
5,0,0.5339154,1
5,0,0.4906057,0
5,0,0.40099528,0
5,0,0.39823225,0
5,0,0.39970043,0
5,0,0.41515937,0
5,0,0.40494794,0
5,0,0.44670752,0
5,0,0.57529634,1
5,0,0.5091979,1
5,0,0.42042816,0
5,0,0.43203062,0
5,0,0.3953188,0
5,0,0.46391225,0
5,0,0.557243,1
5,0,0.6212923,1
5,0,0.49231184,0
5,0,0.42458576,0
5,0,0.39798576,0
5,0,0.36667952,0
5,0,0.36550072,0
5,0,0.34327334,0
5,0,0.33208627,0
5,0,0.30557948,0
5,0,0.3228677,0
5,0,0.4092487,0
5,0,0.37091562,0
5,0,0.37655312,0
5,0,0.3532225,0
5,0,0.31505692,0
5,0,0.3342952,0
5,0,0.36273295,0
5,0,0.39451775,0
5,0,0.37390167,0
5,0,0.43049732,0
5,0,0.4208673,0
5,0,0.44522908,0
5,1,0.5990028,1
5,1,0.57796544,1
5,1,0.61041915,1
5,1,0.60240704,1
5,1,0.5222259,1
5,1,0.52363855,1
5,1,0.43277666,0
5,1,0.44468975,0
5,1,0.4704747,0
5,1,0.5167724,1
5,1,0.5133752,1
5,1,0.4856098,0
5,1,0.44624192,0
5,1,0.41229218,0
5,1,0.40502793,0
5,1,0.4081396,0
5,1,0.4081396,0
5,1,0.4081396,0
5,1,0.43507072,0
5,1,0.43420535,0
5,1,0.6216088,1
5,1,0.5973501,1
5,1,0.5973501,1
5,1,0.66021746,1
5,1,0.67137086,1
5,1,0.5786091,1
5,1,0.53625804,1
5,1,0.53283644,1
5,1,0.71950567,1
5,1,0.815342,1
5,1,0.815342,1
5,1,0.7910896,1
5,1,0.82647645,1
5,1,0.76536274,1
5,1,0.70179766,1
5,1,0.7099884,1
5,1,0.7512922,1
5,1,0.7155008,1
5,1,0.592079,1
5,1,0.59659696,1
5,1,0.60572743,1
5,1,0.5839152,1
5,1,0.46670806,0
5,1,0.4283502,0
5,1,0.43245977,0
5,1,0.41536912,0
5,1,0.44381508,0
5,1,0.44054547,0
5,1,0.44054547,0
5,1,0.3852186,0
5,1,0.4122693,0
5,1,0.4071618,0
5,1,0.36873344,0
5,1,0.4218492,0
5,1,0.4031253,0
5,1,0.45552242,0
5,1,0.48910525,0
5,1,0.4415052,0
5,1,0.5377928,1
5,1,0.49952266,0
5,1,0.4342346,0
5,1,0.38727984,0
5,1,0.44104257,0
5,1,0.4266702,0
5,1,0.49382752,0
5,1,0.49382752,0
5,1,0.47189894,0
5,1,0.54675037,1
5,1,0.45584407,0
5,1,0.40618137,0
5,1,0.36875188,0
5,1,0.4038027,0
5,1,0.42284435,0
5,1,0.4276569,0
5,1,0.41722324,0
5,1,0.41945708,0
5,1,0.5541633,1
5,1,0.5289342,1
5,1,0.5505429,1
5,1,0.45332423,0
5,1,0.4901421,0
5,1,0.49952906,0
5,1,0.5378218,1
5,1,0.4813725,0
5,1,0.4563072,0
5,1,0.48337477,0
5,1,0.53766584,1
5,1,0.5629191,1
5,1,0.5381974,1
5,1,0.59476286,1
5,1,0.6612316,1
5,1,0.78217787,1
5,1,0.7917667,1
5,1,0.77448916,1
5,1,0.8174642,1
5,1,0.88216317,1
5,0,0.49656394,0
5,0,0.5152317,1
5,0,0.5155437,1
5,0,0.50392556,1
5,0,0.47193396,0
5,0,0.5288194,1
5,0,0.51820004,1
5,0,0.51820004,1
5,0,0.45738685,0
5,0,0.5103523,1
5,0,0.57336247,1
5,0,0.5622986,1
5,0,0.5402641,1
5,0,0.49727243,0
5,0,0.44533563,0
5,0,0.4449979,0
5,0,0.43064076,0
5,0,0.42971537,0
5,0,0.46978095,0
5,0,0.5059486,1
5,0,0.4335742,0
5,0,0.4335742,0
5,0,0.41577476,0
5,0,0.46571967,0
5,0,0.46571967,0
5,0,0.42589575,0
5,0,0.42064518,0
5,0,0.46559328,0
5,0,0.43925092,0
5,0,0.45422024,0
5,0,0.45422024,0
5,0,0.4759267,0
5,0,0.43809518,0
5,0,0.34882373,0
5,0,0.3781602,0
5,0,0.43877026,0
5,0,0.45531654,0
5,0,0.46969384,0
5,0,0.5115477,1
5,0,0.4012356,0
5,0,0.38523355,0
5,0,0.36830503,0
5,0,0.3989183,0
5,0,0.45146936,0
5,0,0.5051388,1
5,0,0.5051388,1
5,0,0.46582627,0
5,1,0.4830787,0
5,1,0.36142907,0
5,1,0.40201354,0
5,1,0.42467877,0
5,1,0.39186293,0
5,1,0.35677835,0
5,1,0.31135583,0
5,1,0.32486108,0
5,1,0.40657288,0
5,1,0.34728497,0
5,1,0.4016023,0
5,1,0.34312326,0
5,1,0.4016023,0
5,1,0.42046,0
5,1,0.41377118,0
5,1,0.4604856,0
5,1,0.4767835,0
5,1,0.4767835,0
5,1,0.4118933,0
5,1,0.4478923,0
5,1,0.4478923,0
5,1,0.47634333,0
5,1,0.49567622,0
5,1,0.33323544,0
5,1,0.30219167,0
5,1,0.31780928,0
5,1,0.3874296,0
5,1,0.36427388,0
5,1,0.36427388,0
5,1,0.372774,0
5,1,0.38548514,0
5,1,0.32601658,0
5,1,0.35321426,0
5,1,0.3919792,0
5,1,0.38076788,0
5,1,0.33386013,0
5,1,0.37888172,0
5,1,0.37568006,0
5,1,0.37568006,0
5,1,0.412377,0
5,1,0.40657282,0
5,1,0.36467743,0
5,1,0.3739992,0
5,1,0.41893902,0
5,1,0.30371723,0
5,1,0.23892161,0
5,1,0.20589645,0
5,1,0.183705,0
5,1,0.15895335,0
5,1,0.22064462,0
5,1,0.28500864,0
5,1,0.2292298,0
5,1,0.33016074,0
5,1,0.27394998,0
5,1,0.3112233,0
5,1,0.39388114,0
5,1,0.431718,0
5,1,0.39779416,0
5,1,0.46880522,0
5,1,0.553509,1
5,1,0.4488051,0
5,1,0.35619864,0
5,1,0.31326845,0
5,1,0.3426831,0
5,1,0.37690678,0
5,1,0.36264756,0
5,1,0.34520128,0
5,1,0.44501528,0
5,1,0.41226476,0
5,1,0.44642508,0
5,1,0.35646105,0
5,1,0.33813486,0
5,1,0.33813486,0
5,1,0.36764157,0
5,1,0.33963522,0
5,1,0.33963522,0
5,1,0.39753956,0
5,1,0.39379442,0
5,1,0.35235533,0
5,1,0.39979562,0
5,1,0.42025983,0
5,1,0.36638868,0
5,1,0.2922132,0
5,1,0.29680082,0
5,1,0.24373376,0
5,1,0.32804632,0
5,1,0.35614964,0
5,1,0.38209775,0
5,1,0.35908166,0
5,1,0.34047607,0
5,1,0.30879068,0
5,1,0.31057772,0
5,1,0.3068321,0
5,1,0.3384614,0
5,1,0.3251199,0
5,1,0.33609173,0
5,1,0.30226216,0
5,1,0.28008,0
5,1,0.27308398,0
5,1,0.2427873,0
5,1,0.28418273,0
5,1,0.28418273,0
5,1,0.26781136,0
5,1,0.29657063,0
5,1,0.32601255,0
5,1,0.27941382,0
5,1,0.25123376,0
5,1,0.25123376,0
5,1,0.397101,0
5,1,0.32440674,0
5,1,0.32440674,0
5,1,0.41183373,0
5,1,0.34338015,0
5,1,0.40711358,0
5,1,0.3784146,0
5,1,0.3178216,0
5,1,0.34977835,0
5,1,0.4075291,0
5,1,0.4075291,0
5,1,0.40504178,0
5,1,0.41221136,0
5,1,0.4008546,0
5,1,0.5038315,1
5,1,0.3675036,0
5,1,0.39133865,0
5,1,0.36247104,0
5,1,0.38459593,0
5,1,0.5039287,1
5,1,0.50010437,1
5,1,0.34017375,0
5,1,0.35294378,0
5,1,0.3251478,0
5,1,0.3281435,0
5,1,0.3357682,0
5,1,0.42027622,0
5,1,0.3898417,0
5,1,0.4257749,0
5,1,0.36552107,0
5,1,0.46456644,0
5,1,0.5325385,1
5,1,0.59065306,1
5,1,0.7151861,1
5,1,0.4555332,0
5,1,0.39187512,0
5,1,0.3596557,0
5,1,0.37187466,0
5,1,0.37187466,0
5,1,0.4438093,0
5,1,0.39934084,0
5,1,0.4845292,0
5,1,0.5165304,1
5,1,0.4777275,0
5,1,0.4503656,0
5,1,0.39747292,0
5,1,0.37839374,0
5,0,0.19657972,0
5,0,0.22807863,0
5,0,0.24340487,0
5,0,0.2597475,0
5,0,0.28275165,0
5,0,0.34786138,0
5,0,0.39169607,0
5,0,0.38932005,0
5,0,0.41793054,0
5,0,0.41617063,0
5,0,0.48475277,0
5,0,0.50514495,1
5,0,0.47651637,0
5,0,0.48550758,0
5,0,0.42472178,0
5,0,0.42738208,0
5,1,0.35459086,0
5,1,0.4397537,0
5,1,0.4397537,0
5,1,0.43430644,0
5,1,0.35485652,0
5,1,0.3563712,0
5,1,0.30896866,0
5,1,0.30431256,0
5,1,0.29476684,0
5,1,0.32360655,0
5,1,0.31313828,0
5,1,0.35198107,0
5,1,0.36753085,0
5,1,0.30384552,0
5,1,0.35449043,0
5,1,0.45359254,0
5,1,0.46121895,0
5,1,0.45774096,0
5,1,0.38447475,0
5,1,0.33023486,0
5,1,0.33023486,0
5,1,0.34866095,0
5,1,0.35041234,0
5,1,0.35041234,0
5,1,0.3409056,0
5,1,0.30384162,0
5,1,0.3281135,0
5,1,0.30112103,0
5,1,0.30939996,0
5,1,0.27785882,0
5,1,0.26621377,0
5,1,0.26621377,0
5,1,0.2962234,0
5,1,0.89201564,1
5,1,0.8181684,1
5,1,0.8541107,1
5,1,0.85948694,1
5,1,0.7762764,1
5,1,0.7625524,1
5,1,0.8363769,1
5,1,0.8802587,1
5,1,0.8802587,1
5,1,0.8478833,1
5,1,0.81868654,1
5,1,0.7742328,1
5,1,0.83831406,1
5,1,0.83831406,1
5,1,0.90437216,1
5,1,0.8807413,1
5,1,0.91567695,1
5,1,0.93362,1
5,1,0.9179366,1
5,1,0.9395497,1
5,1,0.9733425,1
5,1,0.9733425,1
5,0,0.36557767,0
5,0,0.43801406,0
5,0,0.3929617,0
5,0,0.35020468,0
5,0,0.31531706,0
5,0,0.24628279,0
5,0,0.24100037,0
5,0,0.22851597,0
5,0,0.2719292,0
5,0,0.31424886,0
5,0,0.31446165,0
5,0,0.3016433,0
5,0,0.40278226,0
5,0,0.493889,0
5,0,0.5584782,1
5,0,0.44547263,0
5,0,0.4378249,0
5,0,0.47581968,0
5,0,0.43693295,0
5,0,0.43908176,0
5,0,0.41250888,0
5,0,0.37154803,0
5,0,0.3808208,0
5,0,0.4637214,0
5,0,0.41176748,0
5,0,0.47974563,0
5,0,0.55274725,1
5,0,0.48123226,0
5,0,0.45124498,0
5,0,0.5693631,1
5,0,0.51216567,1
5,0,0.5236905,1
5,0,0.40216035,0
5,0,0.36697304,0
5,0,0.33327383,0
5,0,0.30044588,0
5,0,0.29181263,0
5,0,0.29010338,0
5,0,0.26688924,0
5,0,0.81788844,1
5,0,0.8554504,1
5,0,0.7244998,1
5,0,0.68189377,1
5,0,0.65429366,1
5,0,0.5026155,1
5,0,0.38410118,0
5,0,0.35351604,0
5,0,0.37597457,0
5,0,0.37597457,0
5,0,0.4092778,0
5,0,0.4092778,0
5,0,0.38958034,0
5,0,0.4469812,0
5,0,0.5640175,1
5,0,0.6153177,1
5,0,0.51124364,1
5,0,0.56366813,1
5,0,0.54934937,1
5,0,0.59214854,1
5,1,0.33778363,0
5,1,0.32557258,0
5,1,0.34900427,0
5,1,0.3489232,0
5,1,0.3458983,0
5,1,0.31865382,0
5,0,0.3929617,0
5,0,0.35020468,0
5,0,0.31531706,0
5,0,0.24628279,0
5,0,0.24100037,0
5,0,0.22851597,0
5,0,0.2719292,0
5,0,0.31424886,0
5,0,0.31446165,0
5,0,0.3016433,0
5,0,0.40278226,0
5,0,0.493889,0
5,0,0.5584782,1
5,0,0.5697687,1
5,0,0.5452632,1
5,0,0.48920184,0
5,0,0.5744567,1
5,0,0.6050252,1
5,0,0.68210405,1
5,0,0.62034637,1
5,0,0.64581066,1
5,0,0.60811037,1
5,0,0.66156965,1
5,0,0.6617399,1
5,0,0.6537795,1
5,0,0.6340635,1
5,0,0.5453541,1
5,0,0.4987085,0
5,0,0.40230584,0
5,0,0.4643753,0
5,0,0.2583123,0
5,0,0.2726639,0
5,0,0.32573742,0
5,0,0.3498973,0
5,0,0.36634135,0
5,0,0.3723201,0
5,0,0.38367218,0
5,0,0.3461811,0
5,0,0.36032206,0
5,0,0.33475342,0
5,0,0.36059096,0
5,0,0.37524194,0
5,0,0.35038897,0
5,1,0.3400552,0
5,1,0.34225687,0
5,1,0.37659281,0
5,1,0.32807967,0
5,1,0.3645291,0
5,1,0.29254287,0
5,1,0.29254287,0
5,1,0.28560126,0
5,1,0.34274554,0
5,1,0.31280133,0
5,1,0.3659296,0
5,1,0.31333905,0
5,1,0.3073233,0
5,1,0.27050054,0
5,1,0.26476777,0
5,1,0.35947257,0
5,1,0.46462074,0
5,1,0.41143474,0
5,1,0.41377455,0
5,1,0.41377455,0
5,1,0.4856939,0
5,1,0.4856939,0
5,1,0.4100789,0
5,1,0.44806325,0
5,1,0.45080224,0
5,1,0.5239501,1
5,1,0.4945681,0
5,1,0.41368335,0
5,1,0.3389906,0
5,1,0.33700353,0
5,1,0.3401406,0
5,1,0.29711926,0
5,1,0.23480749,0
5,1,0.266628,0
5,1,0.2757253,0
5,0,0.40708718,0
5,0,0.41169754,0
5,0,0.41566315,0
5,0,0.41666502,0
5,0,0.39196444,0
5,0,0.375356,0
5,0,0.3727407,0
5,0,0.3763077,0
5,0,0.46885842,0
5,0,0.49813026,0
5,0,0.5070978,1
5,0,0.52632135,1
5,0,0.4803338,0
5,0,0.43677902,0
5,0,0.56273335,1
5,0,0.54346466,1
5,0,0.47294754,0
5,0,0.43964297,0
5,0,0.39666265,0
5,0,0.41301665,0
5,0,0.4308532,0
5,0,0.38098064,0
5,0,0.34927246,0
5,0,0.3320963,0
5,0,0.3264387,0
5,0,0.3298991,0
5,0,0.34927246,0
5,0,0.4399733,0
5,0,0.46620274,0
5,0,0.4322144,0
5,0,0.42764103,0
5,0,0.41205072,0
5,0,0.44914714,0
5,0,0.4656646,0
5,0,0.47946185,0
5,0,0.4469783,0
5,0,0.52657986,1
5,0,0.5370236,1
5,0,0.4977041,0
5,0,0.46248218,0
5,0,0.46108094,0
5,0,0.46108094,0
5,0,0.40366235,0
5,0,0.37442523,0
5,0,0.34631863,0
5,0,0.34914878,0
5,0,0.34299085,0
5,0,0.35056612,0
5,0,0.37073073,0
5,0,0.36216587,0
5,0,0.36723647,0
5,0,0.34824368,0
5,0,0.31387022,0
5,0,0.32945505,0
5,0,0.32945505,0
5,0,0.33212832,0
5,0,0.2861282,0
5,0,0.24804594,0
5,0,0.23218548,0
5,0,0.23358135,0
5,0,0.18358602,0
5,0,0.19986357,0
5,0,0.18279147,0
5,0,0.21046007,0
5,0,0.2061041,0
5,0,0.20014025,0
5,0,0.16854295,0
5,0,0.23152778,0
5,0,0.24913436,0
5,0,0.30922118,0
5,0,0.24913436,0
5,0,0.26675624,0
5,0,0.3300624,0
5,0,0.42250893,0
5,0,0.46395725,0
5,0,0.47288448,0
5,0,0.4547421,0
5,0,0.42184475,0
5,0,0.3725266,0
5,0,0.31693885,0
5,0,0.31206134,0
5,0,0.35089096,0
5,0,0.35205892,0
5,0,0.28218937,0
5,0,0.26557317,0
5,0,0.34568614,0
5,0,0.47867453,0
5,0,0.48969072,0
5,0,0.45293984,0
5,0,0.30037984,0
5,0,0.30037984,0
5,0,0.32888994,0
5,0,0.39244205,0
5,0,0.38486624,0
5,0,0.4920274,0
5,0,0.50329614,1
5,0,0.30961284,0
5,0,0.2986692,0
5,0,0.36377087,0
5,0,0.46897396,0
5,0,0.31972796,0
5,0,0.32530487,0
5,0,0.23783799,0
5,0,0.24736041,0
5,0,0.44062296,0
5,0,0.42397285,0
5,0,0.31495377,0
5,0,0.27040854,0
5,0,0.27040854,0
5,0,0.34888172,0
5,0,0.44910744,0
5,0,0.5870726,1
5,0,0.7184134,1
5,0,0.6503277,1
5,0,0.5574944,1
5,0,0.6881719,1
5,0,0.6366558,1
5,0,0.7985931,1
5,0,0.30654994,0
5,0,0.2603894,0
5,0,0.20968191,0
5,0,0.24449815,0
5,0,0.24439795,0
5,0,0.20500173,0
5,0,0.22186491,0
5,0,0.20699173,0
5,0,0.22299041,0
5,0,0.22299041,0
5,0,0.18519813,0
5,0,0.24882177,0
5,0,0.26520845,0
5,0,0.31690824,0
5,0,0.33871773,0
5,0,0.2903563,0
5,0,0.3997477,0
5,0,0.46758422,0
5,0,0.3790212,0
5,0,0.34110436,0
5,0,0.4862889,0
5,0,0.39919236,0
5,0,0.39287487,0
5,0,0.35116664,0
5,0,0.42565608,0
5,0,0.50423527,1
5,0,0.4386065,0
5,0,0.4386065,0
5,0,0.42485678,0
5,0,0.35087234,0
5,0,0.31001616,0
5,0,0.2655412,0
5,0,0.21110044,0
5,0,0.24850969,0
5,0,0.25063032,0
5,0,0.20979811,0
5,0,0.22781,0
5,0,0.21264103,0
5,0,0.24978696,0
5,0,0.24978696,0
5,0,0.20449446,0
5,0,0.27632236,0
5,0,0.2893581,0
5,0,0.3425816,0
5,0,0.3695195,0
5,0,0.29677126,0
5,0,0.40560573,0
5,0,0.4545143,0
5,0,0.3852545,0
5,0,0.34351942,0
5,0,0.49176595,0
5,0,0.40011954,0
5,0,0.38437128,0
5,0,0.35116664,0
5,0,0.42565608,0
5,0,0.50423527,1
5,0,0.4386065,0
5,0,0.4386065,0
5,0,0.39869198,0
5,0,0.33058643,0
5,1,0.38242868,0
5,1,0.38242868,0
5,1,0.40913683,0
5,1,0.3433295,0
5,1,0.33506766,0
5,1,0.37360474,0
5,1,0.45616496,0
5,1,0.49393576,0
5,1,0.39879277,0
5,1,0.37612164,0
5,1,0.3923259,0
5,1,0.40288794,0
5,1,0.43326443,0
5,1,0.43326443,0
5,1,0.49544546,0
5,1,0.5216574,1
5,1,0.5213529,1
5,1,0.48562604,0
5,1,0.4897424,0
5,1,0.5472217,1
5,1,0.5131142,1
5,1,0.5131142,1
5,1,0.53407186,1
5,1,0.49656394,0
5,1,0.5152317,1
5,1,0.5155437,1
5,1,0.50392556,1
5,1,0.47193396,0
5,1,0.5288194,1
5,1,0.51820004,1
5,1,0.51820004,1
5,0,0.24004467,0
5,0,0.27607113,0
5,0,0.28155816,0
5,0,0.24581678,0
5,0,0.20310739,0
5,0,0.21188805,0
5,0,0.20058315,0
5,0,0.17872743,0
5,0,0.18240273,0
5,0,0.20841162,0
5,0,0.24064927,0
5,0,0.29172438,0
5,0,0.35172006,0
5,0,0.3934525,0
5,0,0.3934525,0
5,1,0.44105995,0
5,1,0.461327,0
5,1,0.4734712,0
5,1,0.4444606,0
5,1,0.5147172,1
5,1,0.5422922,1
5,1,0.56526095,1
5,1,0.49982697,0
5,1,0.5578365,1
5,1,0.50844353,1
5,1,0.49623704,0
5,1,0.62835276,1
5,1,0.64177525,1
5,1,0.64290464,1
5,1,0.57608056,1
5,1,0.6749934,1
5,1,0.6900084,1
5,1,0.654966,1
5,1,0.69000715,1
5,1,0.5893742,1
5,1,0.47673976,0
5,1,0.47673976,0
5,1,0.5606141,1
5,1,0.6116161,1
5,1,0.7042801,1
5,1,0.8366185,1
5,1,0.85570574,1
5,1,0.83267665,1
5,1,0.70518523,1
5,0,0.6538291,1
5,0,0.6014382,1
5,0,0.6345439,1
5,0,0.5543165,1
5,0,0.5075997,1
5,0,0.4271288,0
5,0,0.48090973,0
5,0,0.5364597,1
5,0,0.49997094,0
5,0,0.4362423,0
5,0,0.39365527,0
5,0,0.4362423,0
5,0,0.41514406,0
5,0,0.4409023,0
5,0,0.43194625,0
5,0,0.36248478,0
5,0,0.33287203,0
5,0,0.32951608,0
5,0,0.32951608,0
5,0,0.27809796,0
5,0,0.2468779,0
5,0,0.21799113,0
5,0,0.21578766,0
5,0,0.27637756,0
5,0,0.26885632,0
5,0,0.28616905,0
5,0,0.2669723,0
5,0,0.28458744,0
5,0,0.3237928,0
5,0,0.28914616,0
5,0,0.43757218,0
5,0,0.46841615,0
5,0,0.51887375,1
5,0,0.56220853,1
5,0,0.50656277,1
5,0,0.5258473,1
5,0,0.5121471,1
5,0,0.43487734,0
5,0,0.4218788,0
5,0,0.4012324,0
5,0,0.43004188,0
5,0,0.43004188,0
5,0,0.38831955,0
5,0,0.38831955,0
5,0,0.40221873,0
5,0,0.3991708,0
5,0,0.3810583,0
5,0,0.2992331,0
5,0,0.2992331,0
5,0,0.26307482,0
5,0,0.25525558,0
5,0,0.26236752,0
5,0,0.34596977,0
5,0,0.3060519,0
5,0,0.2586249,0
5,0,0.27371055,0
5,0,0.32031658,0
5,0,0.358348,0
5,0,0.4050021,0
5,0,0.44903868,0
5,0,0.5002871,1
5,0,0.46943823,0
5,0,0.5566188,1
5,0,0.5327525,1
5,0,0.44374377,0
5,0,0.46665868,0
5,0,0.46665868,0
5,0,0.4516636,0
5,0,0.49716994,0
5,0,0.43454745,0
5,0,0.39065203,0
5,0,0.40699068,0
5,0,0.3364096,0
5,0,0.3364096,0
5,0,0.3536724,0
5,0,0.3681943,0
5,0,0.40852252,0
5,0,0.38314,0
5,0,0.36239755,0
5,0,0.32480064,0
5,0,0.3461697,0
5,0,0.34484714,0
5,0,0.3668228,0
5,0,0.387259,0
5,0,0.39333284,0
5,0,0.4886527,0
5,0,0.5162658,1
5,0,0.5840598,1
5,0,0.518648,1
5,0,0.40867123,0
5,0,0.40867123,0
5,0,0.3396682,0
5,0,0.36706465,0
5,0,0.43140373,0
5,0,0.42019778,0
5,0,0.43477082,0
5,0,0.3893678,0
5,0,0.3359162,0
5,0,0.35904196,0
5,0,0.445522,0
5,0,0.40155652,0
5,0,0.34009308,0
5,0,0.34009308,0
5,0,0.34621343,0
5,0,0.4161113,0
5,0,0.50810724,1
5,0,0.556997,1
5,0,0.37105882,0
5,0,0.3817626,0
5,0,0.37336686,0
5,0,0.3213047,0
5,0,0.45477968,0
5,0,0.59116334,1
5,0,0.5651827,1
5,0,0.64241797,1
5,0,0.64241797,1
5,0,0.79137844,1
5,0,0.6778941,1
5,0,0.7090375,1
5,0,0.6837676,1
5,0,0.49257845,0
5,0,0.3649014,0
5,0,0.4570209,0
5,0,0.37218615,0
5,0,0.56193507,1
5,0,0.56193507,1
5,0,0.59625846,1
5,0,0.6423605,1
5,0,0.5889755,1
5,0,0.54808855,1
5,0,0.51848394,1
5,0,0.5048376,1
5,1,0.63513637,1
5,1,0.63513637,1
5,1,0.5874673,1
5,1,0.65701693,1
5,1,0.67389935,1
5,1,0.5923963,1
5,1,0.6697851,1
5,1,0.6106317,1
5,1,0.5391472,1
5,1,0.5391472,1
5,1,0.52713627,1
5,0,0.51198936,1
5,0,0.56039935,1
5,0,0.59220845,1
5,0,0.58884895,1
5,0,0.5546473,1
5,0,0.55473965,1
5,0,0.5531533,1
5,0,0.5531533,1
5,0,0.49839494,0
5,0,0.5273293,1
5,0,0.5981955,1
5,0,0.4942233,0
5,0,0.44167227,0
5,0,0.41498652,0
5,1,0.33212945,0
5,1,0.35732073,0
5,1,0.41440624,0
5,1,0.41440624,0
5,1,0.45473042,0
5,1,0.45733345,0
5,1,0.38975084,0
5,1,0.42249066,0
5,1,0.44652092,0
5,1,0.44652092,0
5,1,0.42249066,0
5,1,0.44862333,0
5,1,0.48561585,0
5,1,0.51403314,1
5,1,0.54269624,1
5,1,0.5865466,1
5,1,0.5127606,1
5,1,0.46139023,0
5,1,0.47939363,0
5,1,0.47939363,0
5,1,0.47939363,0
5,1,0.5001175,1
5,1,0.52009684,1
5,1,0.5215809,1
5,1,0.50291985,1
5,1,0.519475,1
5,1,0.5352088,1
5,1,0.54880136,1
5,1,0.5378022,1
5,1,0.5544077,1
5,1,0.5818724,1
5,1,0.57800776,1
5,1,0.57800776,1
5,1,0.5660937,1
5,1,0.45444474,0
5,1,0.48622826,0
5,1,0.56911546,1
5,1,0.48495123,0
5,1,0.5048889,1
5,1,0.5033387,1
5,1,0.54875565,1
5,1,0.44650948,0
5,1,0.5399994,1
5,1,0.47449467,0
5,1,0.49041614,0
5,1,0.52067417,1
5,1,0.5763299,1
5,1,0.52159417,1
5,1,0.4406992,0
5,1,0.41339073,0
5,1,0.39984486,0
5,1,0.46321127,0
5,1,0.4688262,0
5,1,0.46477586,0
5,1,0.50214726,1
5,1,0.46008965,0
5,1,0.3893734,0
5,1,0.3874042,0
5,1,0.39289075,0
5,1,0.48241422,0
5,1,0.5089256,1
5,1,0.4441325,0
5,1,0.4599994,0
5,1,0.4671429,0
5,1,0.43739668,0
5,1,0.4464362,0
5,1,0.47972658,0
5,1,0.38029024,0
5,1,0.40947807,0
5,1,0.38154966,0
5,1,0.35949135,0
5,1,0.40363508,0
5,1,0.5621648,1
5,1,0.47504064,0
5,1,0.44698757,0
5,1,0.48507237,0
5,1,0.49461603,0
5,1,0.49348566,0
5,1,0.4895761,0
5,1,0.39975268,0
5,1,0.37878138,0
5,1,0.37930086,0
5,1,0.47975716,0
5,1,0.4329974,0
5,1,0.45551395,0
5,1,0.44598055,0
5,1,0.50035125,1
5,1,0.5188317,1
5,1,0.49219456,0
5,1,0.47952104,0
5,1,0.6043452,1
5,1,0.6043452,1
5,1,0.48203668,0
5,1,0.5063674,1
5,1,0.50377697,1
5,1,0.53071654,1
5,1,0.49446696,0
5,1,0.6092015,1
5,1,0.5967571,1
5,1,0.5207624,1
5,1,0.56097037,1
5,1,0.6127624,1
5,1,0.58019215,1
5,1,0.56549037,1
5,1,0.56549037,1
5,1,0.6178178,1
5,1,0.67580146,1
5,1,0.7462721,1
5,1,0.6634738,1
5,1,0.676948,1
5,1,0.67242444,1
5,1,0.6257777,1
5,1,0.5517637,1
5,1,0.5657015,1
5,1,0.5657015,1
5,1,0.5322226,1
5,1,0.46802634,0
5,1,0.39558905,0
5,1,0.39558905,0
5,1,0.3430629,0
5,1,0.34694853,0
5,1,0.37683356,0
5,1,0.42639074,0
5,1,0.42216936,0
5,1,0.40261397,0
5,1,0.40261397,0
5,1,0.38486803,0
5,1,0.29405066,0
5,1,0.28880727,0
5,1,0.36498794,0
5,1,0.35218206,0
5,1,0.34058896,0
5,1,0.29492158,0
5,1,0.23324248,0
5,1,0.30106962,0
5,1,0.22968581,0
5,1,0.17097023,0
5,1,0.23276119,0
5,1,0.28416353,0
5,1,0.36068913,0
5,1,0.32647955,0
5,1,0.34947845,0
5,1,0.4109392,0
5,1,0.46636423,0
5,1,0.5214997,1
5,1,0.5753415,1
5,1,0.4388598,0
5,1,0.45596793,0
5,1,0.45058894,0
5,1,0.41732237,0
5,1,0.41732237,0
5,1,0.39524332,0
5,1,0.45389962,0
5,1,0.4284099,0
5,1,0.4523851,0
5,1,0.50441724,1
5,1,0.49055874,0
5,1,0.4888407,0
5,1,0.65825844,1
5,1,0.563426,1
5,1,0.6244989,1
5,1,0.54866445,1
5,1,0.5041827,1
5,1,0.4735682,0
5,1,0.40461487,0
5,1,0.4572716,0
5,1,0.47527048,0
5,1,0.4264454,0
5,1,0.36008042,0
5,1,0.3375674,0
5,1,0.3569384,0
5,1,0.40858644,0
5,1,0.5063018,1
5,1,0.51766545,1
5,1,0.50524926,1
5,1,0.50655943,1
5,1,0.49569383,0
5,1,0.5511787,1
5,1,0.55183434,1
5,1,0.5366147,1
5,1,0.5893436,1
5,1,0.55740726,1
5,1,0.511763,1
5,1,0.50000876,1
5,1,0.47274703,0
5,1,0.45976058,0
5,1,0.5763989,1
5,1,0.589393,1
5,1,0.46242362,0
5,1,0.4967176,0
5,0,0.48250654,0
5,0,0.47337994,0
5,0,0.5391797,1
5,0,0.45477048,0
5,0,0.55366206,1
5,0,0.62146765,1
5,0,0.64542043,1
5,0,0.76310784,1
5,1,0.36898056,0
5,1,0.45755938,0
5,1,0.47334194,0
5,1,0.52647954,1
5,1,0.52647954,1
5,1,0.58009744,1
5,1,0.52200246,1
5,1,0.462303,0
5,1,0.5055199,1
5,1,0.38504383,0
5,1,0.4013552,0
5,1,0.5540873,1
5,1,0.593145,1
5,1,0.43611187,0
5,1,0.4804908,0
5,1,0.45461836,0
5,1,0.39690945,0
5,1,0.37770537,0
5,1,0.3747691,0
5,1,0.5191504,1
5,1,0.50693357,1
5,1,0.55551594,1
5,1,0.5756525,1
5,1,0.56873536,1
5,1,0.60577404,1
5,1,0.6024596,1
5,1,0.5423767,1
5,1,0.534132,1
5,1,0.6364183,1
5,1,0.6168052,1
5,1,0.64272314,1
5,1,0.46211195,0
5,1,0.46211195,0
5,1,0.4523533,0
5,1,0.5006814,1
5,1,0.42302367,0
5,1,0.41344506,0
5,1,0.30651316,0
5,1,0.28505114,0
5,1,0.2824954,0
5,1,0.30428347,0
5,1,0.3448289,0
5,1,0.34686366,0
5,1,0.4227132,0
5,1,0.4227132,0
5,1,0.44701862,0
5,1,0.44701862,0
5,1,0.4673356,0
5,1,0.49604964,0
5,1,0.36314937,0
5,1,0.50179446,1
5,1,0.49652678,0
5,1,0.5337931,1
5,1,0.531327,1
5,1,0.50689673,1
5,1,0.57145864,1
5,1,0.5534571,1
5,1,0.48921213,0
5,1,0.5067876,1
5,1,0.5178674,1
5,1,0.5178674,1
5,1,0.53554654,1
5,1,0.45696127,0
5,1,0.47839516,0
5,1,0.47220734,0
5,1,0.46908844,0
5,1,0.56502396,1
5,1,0.57067424,1
5,1,0.67742753,1
5,1,0.7011262,1
5,1,0.65854824,1
5,1,0.57173747,1
5,1,0.57173747,1
5,1,0.58260876,1
5,1,0.42651686,0
5,1,0.43800753,0
5,1,0.3994472,0
5,1,0.35986447,0
5,1,0.3294107,0
5,1,0.4039553,0
5,1,0.39671788,0
5,1,0.36033463,0
5,1,0.54399586,1
5,1,0.62930703,1
5,1,0.730545,1
5,1,0.7694807,1
5,1,0.7694807,1
5,1,0.7971374,1
5,1,0.75772905,1
5,1,0.75772905,1
5,1,0.84874606,1
5,1,0.86020994,1
5,1,0.7985943,1
5,1,0.7985943,1
5,1,0.74688107,1
5,1,0.748864,1
5,1,0.71275085,1
5,1,0.79771465,1
5,1,0.7816551,1
5,1,0.6798237,1
5,1,0.6223382,1
5,1,0.59323764,1
5,1,0.45579532,0
5,1,0.45449832,0
5,1,0.5347477,1
5,1,0.6074063,1
5,1,0.70820946,1
5,1,0.68875253,1
5,1,0.61884403,1
5,1,0.6453965,1
5,1,0.5474945,1
5,1,0.45175827,0
5,1,0.508193,1
5,1,0.54957676,1
5,1,0.5428305,1
5,1,0.6159664,1
5,1,0.60149616,1
5,1,0.5885945,1
5,0,0.25536534,0
5,0,0.20720595,0
5,0,0.22977479,0
5,0,0.1890972,0
5,0,0.15553148,0
5,0,0.1713681,0
5,0,0.19042477,0
5,0,0.16103876,0
5,0,0.2217696,0
5,0,0.24148102,0
5,0,0.20273744,0
5,0,0.1976057,0
5,0,0.20570835,0
5,0,0.24849918,0
5,0,0.30976337,0
5,0,0.30968365,0
5,0,0.32351568,0
5,0,0.3238713,0
5,0,0.36042964,0
5,0,0.39376917,0
5,0,0.39376917,0
5,0,0.36042964,0
5,0,0.35850367,0
5,0,0.33099422,0
5,0,0.29878592,0
5,0,0.29566252,0
5,0,0.33107138,0
5,0,0.3706631,0
5,0,0.38521808,0
5,0,0.32740933,0
5,0,0.3717891,0
5,0,0.36118832,0
5,0,0.37608328,0
5,0,0.3337616,0
5,0,0.3500529,0
5,0,0.31253186,0
5,0,0.33185604,0
5,0,0.40785378,0
5,0,0.42141378,0
5,0,0.42141378,0
5,0,0.36930254,0
5,0,0.30835623,0
5,0,0.30835623,0
5,0,0.40396863,0
5,0,0.45318508,0
5,0,0.44255608,0
5,0,0.39815485,0
5,0,0.39815485,0
5,0,0.42120022,0
5,0,0.38442972,0
5,0,0.45537454,0
5,0,0.48075098,0
5,0,0.4076859,0
5,0,0.376463,0
5,0,0.40007174,0
5,0,0.40132982,0
5,0,0.40132982,0
5,0,0.396321,0
5,0,0.3328684,0
5,0,0.3328684,0
5,0,0.31608155,0
5,0,0.3682083,0
5,0,0.3506169,0
5,0,0.2968847,0
5,0,0.27421278,0
5,0,0.27138385,0
5,0,0.25097302,0
5,0,0.26989934,0
5,0,0.30370888,0
5,0,0.274766,0
5,0,0.26189274,0
5,0,0.29446897,0
5,0,0.279835,0
5,0,0.27094838,0
5,0,0.27367795,0
5,0,0.3150332,0
5,0,0.27416924,0
5,0,0.28778943,0
5,0,0.33406246,0
5,0,0.37836808,0
5,0,0.41932517,0
5,0,0.4470315,0
5,0,0.42950016,0
5,0,0.44368196,0
5,0,0.46796122,0
5,0,0.46796122,0
5,0,0.46796122,0
5,0,0.537281,1
5,0,0.5847753,1
5,0,0.5893847,1
5,0,0.49885842,0
5,0,0.5536084,1
5,0,0.5519647,1
5,0,0.56503356,1
5,0,0.5373053,1
5,0,0.5940888,1
5,0,0.5018855,1
5,0,0.5942965,1
5,0,0.45881143,0
5,0,0.36896825,0
5,0,0.4353519,0
5,0,0.30504945,0
5,0,0.30504945,0
5,0,0.27311605,0
5,0,0.23007026,0
5,0,0.25305367,0
5,0,0.24600509,0
5,0,0.24600509,0
5,0,0.2183164,0
5,0,0.22527522,0
5,0,0.20090781,0
5,0,0.25224873,0
5,0,0.24643888,0
5,0,0.2710232,0
5,0,0.28381437,0
5,0,0.27354726,0
5,0,0.31643826,0
5,0,0.29633513,0
5,0,0.31245962,0
5,0,0.32173032,0
5,0,0.33514315,0
5,0,0.3102382,0
5,0,0.2468762,0
5,0,0.2871333,0
5,0,0.29369053,0
5,0,0.2974221,0
5,0,0.33398044,0
5,0,0.33813253,0
5,0,0.31890675,0
5,1,0.3441259,0
5,1,0.37016356,0
5,1,0.3420653,0
5,1,0.44474512,0
5,1,0.40312108,0
5,1,0.40607566,0
5,1,0.46706313,0
5,1,0.38550252,0
5,1,0.5256775,1
5,1,0.5736777,1
5,1,0.5470752,1
5,1,0.5778414,1
5,1,0.4400068,0
5,1,0.4400068,0
5,1,0.38452125,0
5,0,0.30284673,0
5,0,0.29321623,0
5,0,0.3167186,0
5,0,0.33747542,0
5,0,0.31180894,0
5,0,0.32252067,0
5,0,0.31371367,0
5,0,0.3431676,0
5,0,0.3107402,0
5,0,0.3107402,0
5,0,0.32801017,0
5,0,0.33729187,0
5,0,0.46813893,0
5,0,0.5836429,1
5,0,0.65656173,1
5,0,0.6909014,1
5,0,0.7495409,1
5,0,0.7094228,1
5,0,0.70449036,1
5,0,0.80473125,1
5,0,0.80325925,1
5,0,0.8286487,1
5,0,0.8245367,1
5,0,0.81893647,1
5,0,0.8785259,1
5,0,0.862665,1
5,0,0.7890583,1
5,0,0.6656119,1
5,0,0.53342825,1
5,0,0.5718781,1
5,0,0.647465,1
5,0,0.5333022,1
5,0,0.7137317,1
5,0,0.55672574,1
5,0,0.5391582,1
5,0,0.5041005,1
5,0,0.469332,0
5,0,0.48679385,0
5,0,0.4810434,0
5,0,0.4616241,0
5,0,0.51922685,1
5,0,0.5422589,1
5,0,0.5422589,1
5,0,0.49692437,0
5,0,0.5052762,1
5,1,0.45339888,0
5,1,0.5560219,1
5,1,0.54572636,1
5,1,0.53489125,1
5,1,0.4845191,0
5,1,0.57679754,1
5,1,0.57114714,1
5,1,0.6245352,1
5,1,0.6494202,1
5,1,0.68644685,1
5,1,0.6427554,1
5,1,0.6265753,1
5,1,0.5507638,1
5,1,0.594097,1
5,1,0.49449545,0
5,1,0.49449545,0
5,1,0.44829735,0
5,1,0.5046183,1
5,0,0.48452476,0
5,0,0.52882427,1
5,0,0.46954015,0
5,0,0.45113283,0
5,0,0.45087025,0
5,0,0.270912,0
5,0,0.32011047,0
5,0,0.2718684,0
5,0,0.2908243,0
5,0,0.30309418,0
5,1,0.30129454,0
5,1,0.269092,0
5,1,0.22735816,0
5,1,0.22057825,0
5,1,0.21774386,0
5,1,0.23783864,0
5,1,0.2469101,0
5,1,0.27293074,0
5,1,0.37320542,0
5,1,0.38363072,0
5,1,0.32971936,0
5,1,0.29148832,0
5,1,0.2998831,0
5,1,0.2668161,0
5,1,0.27677652,0
5,1,0.2873078,0
5,1,0.32007474,0
5,1,0.37382975,0
5,1,0.43103415,0
5,1,0.4779685,0
5,1,0.4779685,0
5,1,0.45117223,0
5,1,0.43507895,0
5,1,0.46031106,0
5,1,0.41062385,0
5,0,0.453382,0
5,0,0.49889773,0
5,0,0.55309814,1
5,0,0.5755827,1
5,0,0.5459525,1
5,0,0.5895503,1
5,0,0.5531165,1
5,0,0.68222934,1
5,0,0.59254915,1
5,0,0.54486984,1
5,0,0.622973,1
5,0,0.6578773,1
5,0,0.6578773,1
5,0,0.63443154,1
5,0,0.5964253,1
5,0,0.574325,1
5,0,0.54490036,1
5,0,0.5489757,1
5,0,0.52020293,1
5,0,0.5304787,1
5,0,0.5040121,1
5,0,0.60534304,1
5,0,0.5797718,1
5,0,0.6535936,1
5,0,0.734502,1
5,0,0.7304727,1
5,0,0.7304727,1
5,0,0.79253584,1
5,0,0.6552702,1
5,0,0.61193115,1
5,0,0.5646336,1
5,0,0.6292594,1
5,0,0.5646336,1
5,0,0.67380464,1
5,0,0.57194525,1
5,0,0.46610445,0
5,0,0.45379728,0
5,0,0.49566874,0
5,0,0.48652712,0
5,0,0.4531233,0
5,0,0.39613995,0
5,0,0.37649748,0
5,0,0.3886617,0
5,0,0.3886617,0
5,0,0.43419617,0
5,0,0.58303434,1
5,0,0.54251856,1
5,0,0.53623635,1
5,0,0.49216557,0
5,0,0.55556005,1
5,0,0.4789363,0
5,0,0.4291484,0
5,0,0.3996179,0
5,0,0.40247378,0
5,0,0.39397824,0
5,0,0.41117194,0
5,0,0.46394223,0
5,0,0.40165418,0
5,0,0.37832233,0
5,0,0.37832233,0
5,1,0.33572266,0
5,1,0.35508874,0
5,1,0.32398173,0
5,1,0.3856133,0
5,1,0.34850502,0
5,1,0.47072524,0
5,1,0.5046155,1
5,1,0.4839578,0
5,1,0.45544627,0
5,1,0.4662071,0
5,0,0.46511042,0
5,0,0.41854694,0
5,0,0.43226153,0
5,0,0.52583885,1
5,0,0.47712496,0
5,0,0.49569577,0
5,0,0.46273997,0
5,0,0.52054584,1
5,0,0.46216172,0
5,0,0.47260603,0
5,1,0.37418708,0
5,1,0.33840805,0
5,1,0.3740476,0
5,1,0.3962783,0
5,1,0.38844237,0
5,1,0.39831883,0
5,1,0.3700358,0
5,1,0.3782102,0
5,1,0.3782102,0
5,1,0.44847202,0
5,1,0.48201916,0
5,1,0.53446686,1
5,1,0.48201916,0
5,1,0.54787236,1
5,1,0.5669307,1
5,0,0.5970826,1
5,0,0.66097975,1
5,0,0.7224948,1
5,0,0.73737055,1
5,0,0.7386248,1
5,0,0.65160686,1
5,0,0.6841663,1
5,0,0.7335374,1
5,0,0.69210553,1
5,0,0.59729034,1
5,0,0.4684786,0
5,0,0.40664613,0
5,0,0.4728535,0
5,0,0.39319026,0
5,0,0.36166695,0
5,0,0.34722665,0
5,0,0.29883513,0
5,0,0.27982232,0
5,0,0.2621698,0
5,0,0.2128455,0
5,0,0.26359123,0
5,0,0.22299838,0
5,0,0.18931343,0
5,0,0.1494937,0
5,0,0.11597377,0
5,0,0.15501246,0
5,0,0.15501246,0
5,0,0.14212218,0
5,0,0.10984856,0
5,0,0.10356338,0
5,0,0.12679845,0
5,0,0.14536782,0
5,0,0.14299026,0
5,0,0.18109669,0
5,0,0.1680579,0
5,0,0.1680579,0
5,0,0.2390889,0
5,0,0.24739973,0
5,0,0.28710642,0
5,0,0.28710642,0
5,0,0.25782713,0
5,0,0.29404038,0
5,0,0.29404038,0
5,0,0.34499294,0
5,0,0.40650424,0
5,1,0.39657217,0
5,1,0.40587148,0
5,1,0.35451904,0
5,1,0.31699255,0
5,1,0.35170174,0
5,1,0.38200113,0
5,1,0.30549294,0
5,1,0.2731432,0
5,1,0.29375324,0
5,1,0.3545633,0
5,0,0.3784496,0
5,0,0.35487694,0
5,0,0.35487694,0
5,0,0.41288805,0
5,0,0.5000644,1
5,0,0.44457263,0
5,0,0.51530784,1
5,0,0.5380352,1
5,0,0.5920543,1
5,0,0.6817887,1
5,0,0.66409314,1
5,0,0.67434967,1
5,0,0.63795894,1
5,0,0.6169374,1
5,0,0.6064678,1
5,0,0.59545374,1
5,0,0.6525803,1
5,0,0.6332954,1
5,0,0.6332954,1
5,0,0.56534195,1
5,0,0.62544245,1
5,0,0.55145925,1
5,0,0.54459876,1
5,0,0.44500414,0
5,0,0.38955516,0
5,0,0.4722368,0
5,0,0.53039664,1
5,0,0.57414365,1
5,0,0.55871254,1
5,0,0.5582992,1
5,0,0.5202141,1
5,0,0.53488785,1
5,0,0.49231216,0
5,0,0.47045925,0
5,0,0.4625741,0
5,0,0.50127167,1
5,0,0.5311121,1
5,0,0.6001191,1
5,0,0.66546535,1
5,0,0.6203259,1
5,0,0.40239546,0
5,0,0.36516342,0
5,0,0.36516342,0
5,0,0.42633653,0
5,0,0.45993978,0
5,0,0.4621006,0
5,0,0.50729734,1
5,0,0.5508099,1
5,0,0.53072375,1
5,0,0.48776647,0
5,0,0.5378167,1
5,0,0.5973563,1
5,0,0.5875211,1
5,0,0.58683646,1
5,0,0.63381976,1
5,0,0.5211496,1
5,0,0.68364716,1
5,0,0.6278915,1
5,0,0.56922686,1
5,0,0.5435301,1
5,0,0.5280241,1
5,0,0.45496696,0
5,0,0.4524353,0
5,0,0.4524353,0
5,0,0.49669132,0
5,0,0.35807195,0
5,0,0.320608,0
5,0,0.3625372,0
5,0,0.3833639,0
5,0,0.32869652,0
5,0,0.42750388,0
5,0,0.31086496,0
5,0,0.3023859,0
5,0,0.30965495,0
5,0,0.29786947,0
5,0,0.30968365,0
5,0,0.32351568,0
5,0,0.3238713,0
5,0,0.36042964,0
5,0,0.39376917,0
5,0,0.39376917,0
5,0,0.36042964,0
5,0,0.35850367,0
5,0,0.33099422,0
5,0,0.29878592,0
5,0,0.28268266,0
5,0,0.31814378,0
5,0,0.34923914,0
5,0,0.35297886,0
5,0,0.33548763,0
5,0,0.3165973,0
5,0,0.35686138,0
5,0,0.35164875,0
5,0,0.36070248,0
5,0,0.292743,0
5,0,0.30707464,0
5,0,0.27275896,0
5,0,0.29151687,0
5,0,0.3472934,0
5,0,0.3547583,0
5,0,0.37766254,0
5,0,0.3278738,0
5,0,0.30068865,0
5,0,0.30068865,0
5,0,0.39072302,0
5,0,0.47858572,0
5,0,0.46426842,0
5,0,0.42149445,0
5,0,0.42149445,0
5,0,0.50667095,1
5,0,0.43487877,0
5,0,0.5076796,1
5,0,0.56903416,1
5,0,0.46526387,0
5,0,0.45342696,0
5,0,0.4716237,0
5,0,0.5097509,1
5,0,0.42303905,0
5,0,0.39379054,0
5,0,0.33668095,0
5,0,0.32102293,0
5,0,0.3050758,0
5,0,0.35522035,0
5,0,0.337868,0
5,0,0.28846213,0
5,0,0.27421278,0
5,0,0.27138385,0
5,0,0.25097302,0
5,0,0.26989934,0
5,0,0.30370888,0
5,0,0.274766,0
5,0,0.26189274,0
5,0,0.29446897,0
5,0,0.26801318,0
5,0,0.25785172,0
5,0,0.25797844,0
5,0,0.28454077,0
5,0,0.2582599,0
5,0,0.27275112,0
5,0,0.28543958,0
5,0,0.32912415,0
5,0,0.374152,0
5,1,0.40869,0
5,1,0.38415295,0
5,1,0.39160356,0
5,1,0.41686136,0
5,1,0.41686136,0
5,1,0.41686136,0
5,1,0.49572524,0
5,1,0.5429662,1
5,1,0.54805684,1
5,1,0.4552907,0
5,1,0.51154214,1
5,1,0.51670665,1
5,1,0.56503356,1
5,1,0.5373053,1
5,1,0.5940888,1
5,1,0.5018855,1
5,1,0.5942965,1
5,1,0.45881143,0
5,0,0.36896825,0
5,0,0.4491795,0
5,0,0.31744486,0
5,0,0.31744486,0
5,0,0.27475968,0
5,0,0.25643116,0
5,0,0.28596672,0
5,0,0.2755106,0
5,0,0.2333396,0
5,0,0.20677336,0
5,0,0.21262933,0
5,0,0.18740284,0
5,0,0.22802813,0
5,0,0.22247335,0
5,0,0.25099704,0
5,0,0.26548278,0
5,0,0.25288102,0
5,0,0.29578748,0
5,0,0.27609533,0
5,0,0.28957108,0
5,0,0.26656857,0
5,0,0.24674714,0
5,0,0.22799224,0
5,0,0.22034411,0
5,0,0.23932259,0
5,0,0.24695829,0
5,0,0.25646126,0
5,0,0.2830424,0
5,0,0.29161015,0
5,0,0.29161015,0
5,0,0.31568766,0
5,0,0.3355823,0
5,0,0.3108792,0
5,0,0.3108792,0
5,0,0.3058869,0
5,0,0.3153104,0
5,0,0.34128752,0
5,0,0.31271645,0
5,0,0.36184385,0
5,0,0.4100697,0
5,0,0.4119471,0
5,0,0.44762644,0
5,0,0.4284286,0
5,0,0.4284286,0
5,0,0.3487362,0
5,0,0.32158107,0
5,0,0.32504803,0
5,0,0.35229427,0
5,0,0.39796254,0
5,0,0.3621309,0
5,0,0.36905798,0
5,0,0.36342236,0
5,0,0.39423025,0
5,0,0.36685798,0
5,0,0.36685798,0
5,0,0.40097347,0
5,0,0.41023085,0
5,0,0.43862757,0
5,0,0.54933614,1
5,0,0.62601835,1
5,0,0.73676145,1
5,0,0.78389186,1
5,0,0.7437827,1
5,0,0.67381346,1
5,0,0.76390254,1
5,0,0.73141426,1
5,0,0.81696904,1
5,0,0.8285631,1
5,0,0.8316123,1
5,0,0.88589746,1
5,0,0.8611156,1
5,0,0.77395517,1
5,0,0.6241725,1
5,0,0.51623404,1
5,0,0.5521786,1
5,0,0.5234526,1
5,0,0.4392962,0
5,0,0.54903954,1
5,0,0.54903954,1
5,0,0.54903954,1
5,0,0.5268266,1
5,0,0.40513182,0
5,0,0.3704516,0
5,0,0.41325235,0
5,0,0.40232533,0
5,0,0.47828808,0
5,0,0.49036166,0
5,0,0.55215096,1
5,0,0.5042712,1
5,0,0.5100675,1
5,0,0.51341295,1
5,0,0.61930877,1
5,0,0.6146439,1
5,0,0.55894727,1
5,0,0.5654747,1
5,0,0.60723335,1
5,0,0.6017437,1
5,0,0.6833317,1
5,0,0.62971735,1
5,0,0.6679885,1
5,0,0.54524136,1
5,0,0.525864,1
5,0,0.48356032,0
5,0,0.49190244,0
5,0,0.43093425,0
5,1,0.43093425,0
5,1,0.3965201,0
5,1,0.36644712,0
5,1,0.3972903,0
5,1,0.38694882,0
5,1,0.3570277,0
5,1,0.3864414,0
5,1,0.34902537,0
5,1,0.33782148,0
5,1,0.33054462,0
5,1,0.36540654,0
5,1,0.35369477,0
5,1,0.339453,0
5,1,0.54329,1
5,1,0.4730039,0
5,1,0.4108928,0
5,1,0.5705582,1
5,1,0.49582675,0
5,1,0.58327585,1
5,1,0.61533767,1
5,1,0.61533767,1
5,1,0.61533767,1
5,1,0.6630903,1
5,1,0.5284183,1
5,1,0.51928186,1
5,1,0.57851344,1
5,1,0.54147375,1
5,1,0.5210333,1
5,1,0.54327315,1
5,1,0.5559875,1
5,1,0.5704983,1
5,1,0.58324283,1
5,1,0.5502617,1
5,1,0.5209921,1
5,1,0.45928216,0
5,1,0.45928216,0
5,1,0.5227688,1
5,1,0.4848609,0
5,1,0.46056578,0
5,1,0.5546339,1
5,1,0.54893166,1
5,1,0.54194593,1
5,1,0.54194593,1
5,1,0.60268706,1
5,1,0.60268706,1
5,1,0.64433485,1
5,1,0.63746417,1
5,1,0.6919022,1
5,1,0.6587423,1
5,1,0.60443544,1
5,1,0.5859682,1
5,1,0.65180737,1
5,1,0.69725764,1
5,1,0.7072903,1
5,1,0.6392895,1
5,1,0.57027775,1
5,1,0.6372328,1
5,1,0.7223545,1
5,1,0.6410392,1
5,1,0.5412505,1
5,1,0.61859745,1
5,1,0.61859745,1
5,1,0.585631,1
5,1,0.60111064,1
5,1,0.58666724,1
5,1,0.6518207,1
5,1,0.6776325,1
5,1,0.62809855,1
5,1,0.6294748,1
5,1,0.58317184,1
5,1,0.6063048,1
5,1,0.5753365,1
5,1,0.5316271,1
5,1,0.52971524,1
5,1,0.45550945,0
5,1,0.41673455,0
5,1,0.43493184,0
5,1,0.47784576,0
5,1,0.49084112,0
5,1,0.43065533,0
5,1,0.41615567,0
5,1,0.4257144,0
5,1,0.43557948,0
5,1,0.39562246,0
5,1,0.36847678,0
5,1,0.3387755,0
5,1,0.38772514,0
5,1,0.43827042,0
5,1,0.45117205,0
5,1,0.57851344,1
5,1,0.54147375,1
5,1,0.5210333,1
5,1,0.54327315,1
5,1,0.5559875,1
5,1,0.5704983,1
5,1,0.58324283,1
5,1,0.5502617,1
5,1,0.5209921,1
5,1,0.45928216,0
5,1,0.45928216,0
5,1,0.3963006,0
5,1,0.44010082,0
5,1,0.5013802,1
5,1,0.41130805,0
5,1,0.3837983,0
5,1,0.39937687,0
5,1,0.4091768,0
5,1,0.3513927,0
5,1,0.38355643,0
5,1,0.5129737,1
5,1,0.49545336,0
5,1,0.48501945,0
5,1,0.5080809,1
5,1,0.5214043,1
5,1,0.5228329,1
5,1,0.47418195,0
5,1,0.4295947,0
5,1,0.36866835,0
5,1,0.4692449,0
5,1,0.50050217,1
5,1,0.57243407,1
5,1,0.50050217,1
5,1,0.49688292,0
5,1,0.47195017,0
5,1,0.33886883,0
5,1,0.26204914,0
5,1,0.2542395,0
5,1,0.23109417,0
5,1,0.28785986,0
5,1,0.2778731,0
5,1,0.36444816,0
5,1,0.41113502,0
5,1,0.4402737,0
5,1,0.54670334,1
5,1,0.58259726,1
5,1,0.60578066,1
5,1,0.58318526,1
5,1,0.58318526,1
5,1,0.4623505,0
5,1,0.4624233,0
5,1,0.43543252,0
5,1,0.38493553,0
5,1,0.40128392,0
5,1,0.34740546,0
5,1,0.32091177,0
5,1,0.33643112,0
5,1,0.35526606,0
5,1,0.2946343,0
5,1,0.39698434,0
5,1,0.43778312,0
5,1,0.44068715,0
5,1,0.360567,0
5,1,0.33585024,0
5,1,0.30942318,0
5,1,0.30942318,0
5,1,0.31192043,0
5,1,0.3215879,0
5,1,0.26526517,0
5,1,0.21467477,0
5,1,0.2163572,0
5,1,0.25515234,0
5,1,0.2935135,0
5,1,0.29598734,0
5,1,0.31838223,0
5,1,0.3603978,0
5,1,0.3289283,0
5,1,0.31713998,0
5,1,0.32799846,0
5,1,0.2666728,0
5,1,0.26356205,0
5,1,0.3143912,0
5,1,0.23970829,0
5,1,0.29651392,0
5,1,0.25872278,0
5,1,0.30582023,0
5,1,0.3389184,0
5,1,0.38663316,0
