Fold,Label,Prob,Preds
1,0,0.5582971,1
1,0,0.55621994,1
1,0,0.5614412,1
1,0,0.5580951,1
1,0,0.55734247,1
1,0,0.55956244,1
1,0,0.55771106,1
1,0,0.5620957,1
1,0,0.5627397,1
1,0,0.56158817,1
1,0,0.55815876,1
1,0,0.55663115,1
1,1,0.55512387,1
1,1,0.5583013,1
1,1,0.5596495,1
1,1,0.5616321,1
1,1,0.5619375,1
1,1,0.56327766,1
1,1,0.56112665,1
1,1,0.55861056,1
1,1,0.56089497,1
1,1,0.5591366,1
1,1,0.5559666,1
1,1,0.5577778,1
1,1,0.5580282,1
1,1,0.5580695,1
1,1,0.5628562,1
1,1,0.5586492,1
1,1,0.55667734,1
1,1,0.55670804,1
1,1,0.55591196,1
1,1,0.5585805,1
1,1,0.56202346,1
1,0,0.5595981,1
1,0,0.55820155,1
1,0,0.55857235,1
1,0,0.5615256,1
1,0,0.5602035,1
1,0,0.55973357,1
1,0,0.5574497,1
1,0,0.558461,1
1,0,0.5602129,1
1,0,0.56080097,1
1,0,0.5614435,1
1,1,0.55854225,1
1,1,0.5602582,1
1,1,0.55779594,1
1,1,0.5569255,1
1,1,0.55996364,1
1,0,0.5583953,1
1,0,0.56122744,1
1,0,0.5631657,1
1,0,0.5602135,1
1,0,0.55581987,1
1,0,0.5589472,1
1,0,0.55826753,1
1,0,0.5595398,1
1,0,0.55841863,1
1,0,0.55700344,1
1,0,0.55955726,1
1,0,0.56083906,1
1,0,0.5543201,1
1,0,0.5586059,1
1,0,0.559018,1
1,0,0.5632235,1
1,0,0.56104296,1
1,0,0.5559228,1
1,0,0.55540276,1
1,0,0.5571877,1
1,0,0.5592551,1
1,0,0.5590602,1
1,0,0.55841094,1
1,1,0.5603897,1
1,1,0.5609195,1
1,1,0.5572426,1
1,1,0.5626748,1
1,1,0.55559427,1
1,1,0.5601118,1
1,1,0.5571535,1
1,1,0.56324995,1
1,1,0.55521244,1
1,0,0.5589685,1
1,0,0.55751884,1
1,0,0.56144315,1
1,0,0.56033534,1
1,0,0.5590896,1
1,0,0.5595868,1
1,0,0.5615226,1
1,0,0.55882484,1
1,0,0.55989856,1
1,0,0.55790097,1
1,0,0.5581385,1
1,0,0.5560367,1
1,0,0.5579209,1
1,0,0.5604998,1
1,0,0.55875236,1
1,0,0.5620275,1
1,0,0.55932754,1
1,0,0.5598631,1
1,0,0.5601011,1
1,0,0.5610081,1
1,0,0.5601487,1
1,0,0.5576028,1
1,0,0.55906695,1
1,0,0.56183285,1
1,0,0.5585911,1
1,0,0.55759466,1
1,0,0.5578992,1
1,0,0.5579467,1
1,0,0.5597883,1
1,0,0.5596317,1
1,0,0.562044,1
1,0,0.5596413,1
1,0,0.5562415,1
1,0,0.55993086,1
1,0,0.5600817,1
1,0,0.55530834,1
1,0,0.56067806,1
1,0,0.556895,1
1,1,0.5572493,1
1,1,0.56011665,1
1,1,0.560604,1
1,1,0.5582261,1
1,1,0.5626747,1
1,1,0.56134653,1
1,1,0.5551029,1
1,1,0.557018,1
1,1,0.55628586,1
1,0,0.5577231,1
1,0,0.5585768,1
1,0,0.5582112,1
1,0,0.559166,1
1,0,0.5610246,1
1,0,0.5590851,1
1,0,0.5592628,1
1,0,0.55825025,1
1,0,0.557602,1
1,0,0.55976415,1
1,0,0.5582483,1
1,0,0.56089365,1
1,0,0.55700755,1
1,0,0.56040746,1
1,0,0.5582258,1
1,0,0.5594126,1
1,0,0.56160885,1
1,0,0.56143785,1
1,0,0.55975825,1
1,0,0.55855,1
1,0,0.5571051,1
1,0,0.5564615,1
1,0,0.55918,1
1,0,0.5581248,1
1,0,0.5561699,1
1,0,0.5599492,1
1,0,0.55938846,1
1,1,0.5550309,1
1,1,0.5617563,1
1,1,0.5585977,1
1,1,0.56032014,1
1,1,0.561285,1
1,1,0.5553625,1
1,1,0.560755,1
1,1,0.558663,1
1,1,0.5616002,1
1,0,0.5597515,1
1,0,0.5620456,1
1,0,0.55809385,1
1,0,0.5623423,1
1,0,0.56081074,1
1,0,0.5579715,1
1,0,0.55852467,1
1,1,0.5562514,1
1,1,0.5590974,1
1,1,0.5594825,1
1,1,0.56141037,1
1,1,0.5620119,1
1,1,0.5590283,1
1,1,0.5609815,1
1,1,0.5601836,1
1,1,0.5615008,1
1,1,0.56241155,1
1,1,0.56136066,1
1,1,0.5585137,1
1,1,0.55922645,1
1,1,0.55854803,1
1,1,0.5583143,1
1,1,0.55830413,1
1,1,0.5601434,1
1,1,0.55809504,1
1,1,0.561909,1
1,1,0.56099886,1
1,1,0.56173575,1
1,0,0.55913657,1
1,0,0.5593117,1
1,0,0.5558655,1
1,0,0.55981076,1
1,0,0.55949676,1
1,0,0.558515,1
1,0,0.5587675,1
1,0,0.56091595,1
1,0,0.5567004,1
1,0,0.55857277,1
1,0,0.5596396,1
1,0,0.55801344,1
1,0,0.55876386,1
1,0,0.5576604,1
1,0,0.55993426,1
1,1,0.559037,1
1,1,0.5598905,1
1,1,0.5595608,1
1,1,0.5628132,1
1,1,0.563537,1
1,1,0.55727696,1
1,1,0.55830944,1
1,1,0.55905783,1
1,1,0.5557487,1
1,1,0.56078315,1
1,1,0.56245893,1
1,1,0.5591854,1
1,1,0.5563397,1
1,1,0.5581908,1
1,1,0.55551416,1
1,1,0.55867463,1
1,1,0.55749977,1
1,0,0.5595989,1
1,0,0.55830985,1
1,0,0.5568127,1
1,0,0.55700123,1
1,0,0.5600383,1
1,0,0.55698687,1
1,0,0.55925363,1
1,0,0.5584819,1
1,0,0.5615129,1
1,0,0.5583558,1
1,0,0.5565704,1
1,1,0.5580546,1
1,1,0.5591039,1
1,1,0.555888,1
1,1,0.5562525,1
1,1,0.55984557,1
1,1,0.5623385,1
1,1,0.555043,1
1,1,0.5612012,1
1,1,0.5623729,1
1,1,0.55290323,1
1,1,0.55995727,1
1,1,0.5591429,1
1,1,0.5576089,1
1,1,0.5595529,1
1,1,0.55933005,1
1,1,0.5573417,1
1,1,0.55902064,1
1,1,0.55523306,1
1,1,0.559793,1
1,1,0.5571817,1
1,1,0.5583052,1
1,1,0.559896,1
1,1,0.56256896,1
1,1,0.5639952,1
1,1,0.5614085,1
1,1,0.55873054,1
1,1,0.5612784,1
1,1,0.5584756,1
1,1,0.55736434,1
1,1,0.5598301,1
1,1,0.56001043,1
1,1,0.5592689,1
1,1,0.5599332,1
1,1,0.5585466,1
1,1,0.5604875,1
1,1,0.56058156,1
1,1,0.5623921,1
1,1,0.5627272,1
1,1,0.5612486,1
1,1,0.5582216,1
1,1,0.55723244,1
1,1,0.560214,1
1,1,0.55426884,1
1,1,0.5642535,1
1,1,0.5593295,1
1,1,0.5613136,1
1,1,0.560777,1
1,1,0.56105083,1
1,1,0.5607296,1
1,1,0.55963004,1
1,1,0.55982673,1
1,1,0.558194,1
1,1,0.55827814,1
1,1,0.557422,1
1,0,0.55881965,1
1,0,0.56010306,1
1,0,0.5609234,1
1,0,0.5627654,1
1,0,0.55493367,1
1,0,0.56049746,1
1,0,0.56477755,1
1,0,0.56079626,1
1,0,0.56088775,1
1,0,0.5598293,1
1,0,0.56067234,1
1,0,0.5561456,1
1,0,0.5594294,1
1,0,0.5572955,1
1,0,0.5588749,1
1,0,0.56130725,1
1,0,0.56052566,1
1,0,0.5582686,1
1,0,0.5573425,1
1,0,0.5540252,1
1,0,0.5590021,1
1,0,0.5626284,1
1,0,0.55903006,1
1,0,0.56397456,1
1,0,0.56155825,1
1,0,0.56115645,1
1,0,0.5586514,1
1,0,0.55979353,1
1,0,0.5592174,1
1,0,0.55710655,1
1,0,0.5596108,1
1,1,0.5609669,1
1,1,0.5610014,1
1,1,0.55964416,1
1,1,0.5619695,1
1,1,0.5546115,1
1,1,0.5573863,1
1,1,0.55548114,1
1,1,0.562621,1
1,1,0.5574104,1
1,1,0.5584867,1
1,1,0.5608418,1
1,1,0.56105596,1
1,0,0.55553097,1
1,0,0.5618731,1
1,0,0.5612966,1
1,0,0.5543178,1
1,0,0.5585302,1
1,0,0.55780125,1
1,0,0.5597144,1
1,0,0.5574243,1
1,0,0.5599384,1
1,0,0.56025577,1
1,0,0.5601438,1
1,0,0.5612266,1
1,1,0.5558617,1
1,1,0.5566803,1
1,1,0.5560376,1
1,1,0.5596942,1
1,1,0.56343746,1
1,0,0.55885154,1
1,0,0.5576903,1
1,0,0.55988157,1
1,0,0.5569511,1
1,0,0.5622664,1
1,0,0.55732,1
1,0,0.5548184,1
1,0,0.5597554,1
1,0,0.5566947,1
1,0,0.55677545,1
1,0,0.5570234,1
1,0,0.5592282,1
1,0,0.5592192,1
1,0,0.5583216,1
1,0,0.55749595,1
1,0,0.5582604,1
1,0,0.5604289,1
1,0,0.55852437,1
1,0,0.5565366,1
1,0,0.55548936,1
1,0,0.5575885,1
1,0,0.5586864,1
1,0,0.5587875,1
1,0,0.56167245,1
1,0,0.5618096,1
1,0,0.5579787,1
1,0,0.56014436,1
1,0,0.5550566,1
1,0,0.5604282,1
1,0,0.5599687,1
1,0,0.5560778,1
1,0,0.55932534,1
1,0,0.5605469,1
1,0,0.55995303,1
1,0,0.5627038,1
1,0,0.5581938,1
1,0,0.55983335,1
1,0,0.5567452,1
1,0,0.5598939,1
1,0,0.5594636,1
1,0,0.5580471,1
1,0,0.5590609,1
1,0,0.563011,1
1,0,0.55713075,1
1,0,0.55742806,1
1,0,0.55572826,1
1,0,0.5561577,1
1,0,0.55889416,1
1,0,0.56143016,1
1,0,0.5588505,1
1,0,0.5593059,1
1,0,0.5608899,1
1,0,0.55859894,1
1,0,0.5578849,1
1,0,0.56295705,1
1,0,0.55859154,1
1,0,0.56059194,1
1,0,0.5569001,1
1,0,0.5615559,1
1,0,0.56035846,1
1,0,0.55445266,1
1,0,0.55895555,1
1,0,0.56013787,1
1,0,0.561676,1
1,0,0.56026113,1
1,0,0.55747783,1
1,0,0.5613425,1
1,0,0.5601862,1
1,0,0.55947244,1
1,0,0.5610245,1
1,0,0.55843973,1
1,0,0.5609714,1
1,0,0.5611966,1
1,0,0.56093746,1
1,0,0.55947196,1
1,0,0.55887735,1
1,0,0.5594575,1
1,0,0.5615904,1
1,0,0.5586774,1
1,0,0.56287414,1
1,0,0.55735564,1
1,0,0.56045514,1
1,0,0.5587009,1
1,0,0.5578119,1
1,0,0.559322,1
1,0,0.558184,1
1,0,0.55967075,1
1,0,0.5616107,1
1,0,0.56045896,1
1,0,0.56056094,1
1,0,0.5589946,1
1,0,0.5571801,1
1,0,0.5600643,1
1,0,0.55276525,1
1,0,0.5576731,1
1,0,0.55802506,1
1,0,0.55509245,1
1,0,0.5607916,1
1,0,0.55875957,1
1,0,0.56391835,1
1,0,0.5619137,1
1,0,0.56141686,1
1,0,0.55746424,1
1,0,0.55579203,1
1,0,0.55854917,1
1,0,0.55615616,1
1,0,0.55927324,1
1,0,0.5543988,1
1,0,0.56101435,1
1,0,0.5593556,1
1,0,0.5593805,1
1,0,0.56235355,1
1,0,0.5555731,1
1,0,0.5564375,1
1,0,0.5573291,1
1,0,0.5559799,1
1,0,0.55669934,1
1,0,0.55805945,1
1,0,0.5606398,1
1,0,0.5641025,1
1,0,0.5610841,1
1,0,0.5578035,1
1,0,0.5573092,1
1,0,0.5581442,1
1,0,0.55793154,1
1,1,0.4880284,0
1,1,0.4958843,0
1,1,0.49367365,0
1,1,0.4956851,0
1,1,0.49900752,0
1,1,0.4968962,0
1,1,0.49475637,0
1,1,0.49920475,0
1,1,0.49623984,0
1,1,0.54566914,1
1,1,0.5456914,1
1,1,0.54578805,1
1,1,0.5447102,1
1,1,0.54628927,1
1,1,0.54777586,1
1,1,0.5480892,1
1,1,0.5503504,1
1,1,0.54602426,1
1,1,0.54894876,1
1,1,0.54721785,1
1,1,0.54754376,1
1,1,0.54732496,1
1,1,0.5534249,1
1,1,0.5496109,1
1,1,0.54637134,1
1,1,0.54516906,1
1,1,0.54924697,1
1,1,0.54497945,1
1,1,0.5486815,1
1,1,0.55009496,1
1,1,0.5478422,1
1,1,0.5495371,1
1,1,0.5492117,1
1,1,0.54369754,1
1,1,0.54848796,1
1,1,0.549361,1
1,1,0.5518309,1
1,1,0.55136913,1
1,1,0.55011654,1
1,1,0.5510746,1
1,1,0.55152214,1
1,1,0.5449786,1
1,1,0.548176,1
1,1,0.54839694,1
1,1,0.549471,1
1,1,0.5506715,1
1,1,0.5527847,1
1,1,0.553092,1
1,1,0.5524973,1
1,1,0.55126613,1
1,1,0.54539955,1
1,1,0.5483062,1
1,1,0.54898685,1
1,1,0.54894423,1
1,1,0.5451252,1
1,1,0.54892623,1
1,1,0.5486886,1
1,1,0.54943776,1
1,1,0.5497243,1
1,1,0.55038446,1
1,1,0.54988784,1
1,1,0.54592276,1
1,1,0.5536802,1
1,1,0.55346316,1
1,1,0.55055875,1
1,1,0.54682803,1
1,1,0.54786,1
1,1,0.5487602,1
1,1,0.54567957,1
1,1,0.5491728,1
1,1,0.5500251,1
1,1,0.5510965,1
1,1,0.5512258,1
1,1,0.5481095,1
1,1,0.5500206,1
1,1,0.54923207,1
1,1,0.5489367,1
1,1,0.55038637,1
1,1,0.5502179,1
1,1,0.54953444,1
1,1,0.54691595,1
1,1,0.5476157,1
1,1,0.5456186,1
1,1,0.5488035,1
1,1,0.5522634,1
1,1,0.54926914,1
1,1,0.5479731,1
1,1,0.54775774,1
1,1,0.5501509,1
1,1,0.5511009,1
1,1,0.5513097,1
1,1,0.550897,1
1,1,0.5492677,1
1,1,0.5538575,1
1,1,0.55444527,1
1,1,0.5525219,1
1,1,0.54877496,1
1,1,0.5461438,1
1,1,0.55257624,1
1,1,0.54643273,1
1,1,0.545469,1
1,1,0.5497162,1
1,1,0.5484378,1
1,1,0.5509488,1
1,1,0.5512374,1
1,1,0.54900306,1
1,1,0.5503523,1
1,1,0.5508165,1
1,1,0.5498182,1
1,1,0.5498979,1
1,1,0.55191064,1
1,1,0.5462494,1
1,1,0.54987425,1
1,1,0.5486755,1
1,1,0.5522302,1
1,1,0.5495513,1
1,1,0.5469056,1
1,1,0.5481128,1
1,1,0.54807436,1
1,1,0.5425333,1
1,1,0.5485013,1
1,1,0.5514251,1
1,1,0.55011135,1
1,1,0.54849875,1
1,1,0.5471224,1
1,1,0.5444905,1
1,1,0.5498084,1
1,1,0.5484048,1
1,1,0.5487679,1
1,1,0.5483704,1
1,1,0.5508332,1
1,1,0.5513699,1
1,1,0.548897,1
1,1,0.5445528,1
1,1,0.54498357,1
1,1,0.5472452,1
1,1,0.55183184,1
1,1,0.507823,1
1,1,0.5090635,1
1,1,0.5071327,1
1,1,0.508539,1
1,1,0.51396096,1
1,1,0.51324475,1
1,1,0.5068366,1
1,1,0.50614196,1
1,1,0.51067144,1
1,1,0.51022947,1
1,1,0.50870925,1
1,1,0.5109594,1
1,1,0.50598913,1
1,1,0.51219165,1
1,1,0.51027334,1
1,1,0.5074996,1
1,1,0.51283175,1
1,1,0.5120855,1
1,1,0.5120788,1
1,1,0.5086612,1
1,1,0.5103043,1
1,1,0.5062607,1
1,1,0.5039544,1
1,1,0.5020184,1
1,1,0.50141954,1
1,1,0.4952115,0
1,1,0.50614446,1
1,1,0.49053052,0
1,1,0.49247292,0
1,1,0.4926554,0
1,1,0.49535015,0
1,1,0.49261677,0
1,1,0.49844435,0
1,1,0.4933718,0
1,1,0.49671838,0
1,1,0.49375013,0
1,1,0.4934237,0
1,1,0.49497455,0
1,1,0.49317494,0
1,1,0.48911884,0
1,1,0.49663514,0
1,1,0.49909058,0
1,1,0.50527173,1
1,1,0.49668804,0
1,1,0.5004265,1
1,1,0.5089823,1
1,1,0.49764174,0
1,1,0.49334827,0
1,1,0.4981371,0
1,1,0.5038485,1
1,1,0.5690829,1
1,1,0.57213014,1
1,1,0.5703176,1
1,1,0.57129973,1
1,1,0.572372,1
1,1,0.56776786,1
1,1,0.5695163,1
1,1,0.56859374,1
1,1,0.5680575,1
1,1,0.5719316,1
1,1,0.56924367,1
1,1,0.5700327,1
1,1,0.57114804,1
1,1,0.5690474,1
1,1,0.5681772,1
1,1,0.5698572,1
1,1,0.56932396,1
1,1,0.5694332,1
1,1,0.5735834,1
1,1,0.5693499,1
1,1,0.5683592,1
1,1,0.5702039,1
1,1,0.56873995,1
1,1,0.56885636,1
1,1,0.56786686,1
1,1,0.5683686,1
1,1,0.56921804,1
1,1,0.5718385,1
1,1,0.57053316,1
1,1,0.5702742,1
1,1,0.5722164,1
1,1,0.5690324,1
1,0,0.56874233,1
1,0,0.5712001,1
1,0,0.56967103,1
1,0,0.57176983,1
1,0,0.57163465,1
1,0,0.568229,1
1,0,0.5690497,1
1,0,0.5701216,1
1,0,0.5689969,1
1,0,0.5716783,1
1,0,0.56797165,1
1,0,0.5727911,1
1,0,0.5674871,1
1,0,0.5685138,1
1,1,0.56900483,1
1,1,0.56870615,1
1,1,0.57024175,1
1,1,0.572286,1
1,1,0.5735945,1
1,1,0.5684807,1
1,1,0.5735854,1
1,1,0.5706166,1
1,1,0.5697801,1
1,1,0.5696101,1
1,1,0.5682364,1
1,0,0.57116705,1
1,0,0.56991065,1
1,0,0.57377565,1
1,0,0.5724281,1
1,0,0.56846035,1
1,0,0.56872183,1
1,0,0.5724346,1
1,0,0.57072014,1
1,0,0.57155454,1
1,0,0.57261556,1
1,0,0.5694262,1
1,0,0.57049257,1
1,0,0.5711627,1
1,1,0.56661695,1
1,1,0.5724018,1
1,1,0.5685556,1
1,1,0.56878567,1
1,1,0.5717292,1
1,1,0.56975925,1
1,1,0.5694776,1
1,1,0.5726318,1
1,1,0.570094,1
1,1,0.57348895,1
1,1,0.56636727,1
1,0,0.568226,1
1,0,0.5712263,1
1,0,0.56799006,1
1,0,0.5698041,1
1,0,0.56808084,1
1,0,0.57140607,1
1,0,0.5736714,1
1,0,0.56996644,1
1,0,0.5660594,1
1,0,0.56745607,1
1,0,0.56825763,1
1,0,0.57298356,1
1,0,0.571078,1
1,0,0.57224476,1
1,0,0.5712368,1
1,0,0.5668228,1
1,0,0.5692671,1
1,0,0.5680272,1
1,0,0.5713177,1
1,1,0.5677843,1
1,1,0.57107675,1
1,1,0.56952786,1
1,1,0.569699,1
1,1,0.57191277,1
1,1,0.5666427,1
1,1,0.5694217,1
1,1,0.5676445,1
1,0,0.5678259,1
1,0,0.5722516,1
1,0,0.5688925,1
1,0,0.56512517,1
1,0,0.56986356,1
1,0,0.5714225,1
1,0,0.56477565,1
1,0,0.58988506,1
1,0,0.5724893,1
1,0,0.5810612,1
1,0,0.58563423,1
1,0,0.57727504,1
1,0,0.56953436,1
1,0,0.5874906,1
1,0,0.591982,1
1,0,0.59057254,1
1,0,0.58190405,1
1,0,0.5922387,1
1,0,0.5816393,1
1,0,0.5791622,1
1,0,0.5926198,1
1,0,0.5885042,1
1,0,0.5787641,1
1,0,0.58875775,1
1,0,0.5674256,1
1,0,0.58472747,1
1,0,0.58119017,1
1,0,0.5773802,1
1,0,0.5808274,1
1,0,0.5895487,1
1,0,0.5801883,1
1,0,0.59154695,1
1,0,0.56103414,1
1,0,0.5923275,1
1,0,0.5870127,1
1,0,0.58049977,1
1,0,0.5657341,1
1,0,0.57250816,1
1,0,0.5793486,1
1,0,0.588412,1
1,0,0.58480376,1
1,0,0.59085524,1
1,0,0.58745915,1
1,0,0.57438946,1
1,0,0.58108467,1
1,0,0.58907884,1
1,0,0.5845074,1
1,0,0.585681,1
1,0,0.5835822,1
1,0,0.563011,1
1,0,0.59343517,1
1,0,0.5802599,1
1,0,0.58380556,1
1,0,0.58194965,1
1,1,0.56268793,1
1,1,0.562383,1
1,1,0.5625575,1
1,1,0.56013197,1
1,1,0.56264824,1
1,1,0.5583517,1
1,1,0.56022054,1
1,1,0.5598318,1
1,1,0.5599558,1
1,1,0.56130546,1
1,1,0.56056744,1
1,1,0.5622582,1
1,1,0.56097907,1
1,1,0.55932766,1
1,1,0.56174785,1
1,1,0.5598961,1
1,1,0.5594803,1
1,1,0.5618335,1
1,1,0.58219916,1
1,1,0.5801624,1
1,1,0.5766451,1
1,1,0.5749167,1
1,1,0.5788516,1
1,1,0.5644299,1
1,1,0.5806828,1
1,1,0.5682715,1
1,1,0.57676744,1
1,1,0.56650203,1
1,1,0.5759233,1
1,1,0.5725631,1
1,1,0.565392,1
1,1,0.5682534,1
1,1,0.57570803,1
1,1,0.5823296,1
1,1,0.56464815,1
1,1,0.5729852,1
1,1,0.58222836,1
1,1,0.5689194,1
1,1,0.56238294,1
1,1,0.58801544,1
1,1,0.58490556,1
1,1,0.47652903,0
1,1,0.47418645,0
1,1,0.47244573,0
1,1,0.47944042,0
1,1,0.47677508,0
1,1,0.4759443,0
1,1,0.48721477,0
1,1,0.47868386,0
1,1,0.4736228,0
1,1,0.47155136,0
1,1,0.4780374,0
1,1,0.4737581,0
1,1,0.47914174,0
1,1,0.48056954,0
1,1,0.5630637,1
1,1,0.56273234,1
1,1,0.560991,1
1,1,0.56203604,1
1,1,0.56011426,1
1,1,0.55933225,1
1,1,0.55443454,1
1,1,0.5553188,1
1,1,0.5601284,1
1,1,0.5597023,1
1,1,0.56116277,1
1,1,0.5604945,1
1,1,0.5599886,1
1,1,0.5598835,1
1,1,0.5599771,1
1,1,0.5615589,1
1,1,0.561739,1
1,1,0.55851424,1
1,1,0.54741937,1
1,1,0.5485381,1
1,1,0.5497119,1
1,1,0.5473346,1
1,1,0.5473666,1
1,1,0.55016637,1
1,1,0.5475031,1
1,1,0.5435747,1
1,1,0.54887676,1
1,1,0.5339441,1
1,1,0.52545726,1
1,1,0.5270999,1
1,1,0.52411914,1
1,1,0.51888055,1
1,1,0.5231262,1
1,1,0.5159034,1
1,1,0.5289237,1
1,1,0.5153443,1
1,1,0.51872915,1
1,1,0.5165063,1
1,1,0.51765525,1
1,1,0.5268504,1
1,1,0.52098405,1
1,1,0.530902,1
1,1,0.52221197,1
1,1,0.45813042,0
1,1,0.4606883,0
1,1,0.45534083,0
1,1,0.45713574,0
1,1,0.45845634,0
1,1,0.46054265,0
1,1,0.45915052,0
1,1,0.46061817,0
1,1,0.45996287,0
1,1,0.45948106,0
1,1,0.4579627,0
1,1,0.45932665,0
1,1,0.4588079,0
1,1,0.46476668,0
1,1,0.46400288,0
1,1,0.46638593,0
1,1,0.4646465,0
1,1,0.46322355,0
1,1,0.4618597,0
1,1,0.45971346,0
1,1,0.46507075,0
1,1,0.46241888,0
1,1,0.46398348,0
1,1,0.46285984,0
1,1,0.46075138,0
1,1,0.46398455,0
1,1,0.46406737,0
1,1,0.46444833,0
1,1,0.47083497,0
1,1,0.46172023,0
1,1,0.46403745,0
1,1,0.46438748,0
1,1,0.46734682,0
1,1,0.46505234,0
1,1,0.46478137,0
1,1,0.46583128,0
1,1,0.4646429,0
1,1,0.46283972,0
1,1,0.46461657,0
1,1,0.57096833,1
1,1,0.5703326,1
1,1,0.56912684,1
1,1,0.5654486,1
1,1,0.568845,1
1,1,0.5718067,1
1,1,0.579302,1
1,0,0.5353161,1
1,0,0.5556419,1
1,0,0.5552374,1
1,0,0.5556415,1
1,0,0.54792106,1
1,0,0.55672836,1
1,0,0.5573355,1
1,0,0.555128,1
1,0,0.55245453,1
1,0,0.5565365,1
1,0,0.5451007,1
1,0,0.54471594,1
1,0,0.5438378,1
1,0,0.54472303,1
1,0,0.5398246,1
1,0,0.54909194,1
1,0,0.54254895,1
1,0,0.5367357,1
1,1,0.5478889,1
1,1,0.55132544,1
1,1,0.54539406,1
1,1,0.5606732,1
1,1,0.5515252,1
1,1,0.5466204,1
1,1,0.55909353,1
1,1,0.55585927,1
1,1,0.5493906,1
1,1,0.5499492,1
1,1,0.55021554,1
1,1,0.5509118,1
1,1,0.54378456,1
1,1,0.5448717,1
1,1,0.5465099,1
1,1,0.54690254,1
1,1,0.54889154,1
1,1,0.54415107,1
1,1,0.5475955,1
1,1,0.5445256,1
1,1,0.5528,1
1,1,0.52798605,1
1,1,0.53048086,1
1,1,0.53363925,1
1,1,0.53493494,1
1,0,0.55163246,1
1,0,0.54893637,1
1,0,0.54679656,1
1,0,0.5415026,1
1,0,0.5492388,1
1,0,0.54978544,1
1,0,0.5533475,1
1,0,0.5460363,1
1,0,0.5479523,1
1,0,0.55696464,1
1,0,0.5384306,1
1,0,0.538227,1
1,0,0.54175586,1
1,0,0.5412847,1
1,1,0.5477687,1
1,1,0.5450264,1
1,1,0.5396357,1
1,1,0.55097663,1
1,1,0.5623557,1
1,1,0.5516063,1
1,1,0.55691636,1
1,1,0.5572219,1
1,1,0.55576944,1
1,1,0.5475719,1
1,1,0.54472536,1
1,1,0.55305606,1
1,1,0.54713,1
1,1,0.5515624,1
1,0,0.4650945,0
1,0,0.47019896,0
1,0,0.46925882,0
1,0,0.46687746,0
1,0,0.4701771,0
1,0,0.46980867,0
1,0,0.46625364,0
1,0,0.46638408,0
1,0,0.46738797,0
1,0,0.46946976,0
1,0,0.472695,0
1,0,0.46575934,0
1,0,0.46668375,0
1,0,0.46629643,0
1,0,0.4697464,0
1,0,0.4698763,0
1,0,0.4671332,0
1,0,0.46641046,0
1,0,0.46556312,0
1,0,0.46379837,0
1,0,0.46470886,0
1,0,0.46227515,0
1,0,0.46463695,0
1,0,0.47134808,0
1,0,0.46785828,0
1,0,0.46654993,0
1,0,0.46741793,0
1,0,0.46881688,0
1,0,0.46951845,0
1,0,0.47014758,0
1,0,0.46838135,0
1,0,0.46525833,0
1,0,0.46785983,0
1,0,0.46732906,0
1,0,0.46844083,0
1,0,0.46737182,0
1,0,0.46610302,0
1,0,0.46997324,0
1,0,0.46612418,0
1,0,0.4655814,0
1,0,0.46708846,0
1,0,0.467023,0
1,0,0.47071192,0
1,0,0.4690245,0
1,0,0.46793526,0
1,1,0.4658943,0
1,1,0.4642122,0
1,1,0.46529013,0
1,1,0.4641162,0
1,1,0.46684852,0
1,1,0.46323404,0
1,1,0.46452862,0
1,1,0.46547365,0
1,1,0.47160828,0
1,1,0.4658826,0
1,1,0.46370548,0
1,1,0.469471,0
1,1,0.4674508,0
1,1,0.46788582,0
1,1,0.4665462,0
1,0,0.46396843,0
1,0,0.46763483,0
1,0,0.4658031,0
1,0,0.46551347,0
1,0,0.463744,0
1,0,0.46611097,0
1,0,0.46281284,0
1,0,0.46585825,0
1,0,0.46232018,0
1,0,0.46359596,0
1,0,0.46453685,0
1,0,0.46541205,0
1,0,0.46743867,0
1,0,0.46541902,0
1,0,0.4628964,0
1,0,0.46399352,0
1,0,0.463114,0
1,0,0.46686196,0
1,0,0.46712077,0
1,0,0.46873358,0
1,0,0.46749613,0
1,0,0.47129425,0
1,0,0.4673449,0
1,0,0.4656539,0
1,0,0.46147865,0
1,0,0.46513987,0
1,0,0.4641572,0
1,0,0.4620332,0
1,0,0.4645092,0
1,0,0.46974468,0
1,0,0.46450865,0
1,0,0.46392024,0
1,0,0.46538773,0
1,0,0.466997,0
1,0,0.46540678,0
1,0,0.4634164,0
1,0,0.46522376,0
1,0,0.46769,0
1,0,0.46549425,0
1,0,0.46442604,0
1,0,0.46383974,0
1,0,0.46586,0
1,0,0.46538207,0
1,0,0.46623158,0
1,0,0.47227582,0
1,0,0.47211123,0
1,0,0.4705757,0
1,0,0.4657832,0
1,0,0.4672194,0
1,0,0.46951216,0
1,0,0.46858647,0
1,0,0.4686366,0
1,0,0.4607071,0
1,0,0.46570304,0
1,0,0.46315408,0
1,0,0.4637338,0
1,0,0.4633414,0
1,0,0.46474963,0
1,0,0.46294156,0
1,0,0.46171576,0
1,0,0.46027544,0
1,0,0.46113354,0
1,0,0.46436056,0
1,0,0.46156365,0
1,0,0.46744215,0
1,0,0.46364766,0
1,0,0.46312347,0
1,0,0.46171334,0
1,0,0.47616652,0
1,0,0.46195322,0
1,0,0.46460897,0
1,0,0.46198434,0
1,0,0.46081537,0
1,0,0.46126437,0
1,0,0.46237057,0
1,0,0.46355674,0
1,0,0.4707505,0
1,0,0.4645561,0
1,0,0.46200204,0
1,0,0.46097377,0
1,0,0.46376258,0
1,0,0.46475455,0
1,0,0.4667026,0
1,0,0.46372595,0
1,0,0.46374744,0
1,0,0.4594626,0
1,0,0.46017694,0
1,0,0.46460274,0
1,0,0.46160024,0
1,0,0.463708,0
1,0,0.46401936,0
1,0,0.46128637,0
1,0,0.46539843,0
1,0,0.4645501,0
1,0,0.46611825,0
1,0,0.4652045,0
1,0,0.46096283,0
1,0,0.46001035,0
1,0,0.46220398,0
1,0,0.46415994,0
1,0,0.46372646,0
1,0,0.46476343,0
1,0,0.46048906,0
1,0,0.46607417,0
1,0,0.46439332,0
1,1,0.4629257,0
1,1,0.4658539,0
1,1,0.46560624,0
1,1,0.46962863,0
1,1,0.46219122,0
1,1,0.4626215,0
1,1,0.46266857,0
1,1,0.46401736,0
1,1,0.46416047,0
1,1,0.464423,0
1,1,0.4618829,0
1,1,0.46548724,0
1,1,0.46271545,0
1,1,0.46297473,0
1,1,0.4652287,0
1,0,0.4659462,0
1,0,0.4640467,0
1,0,0.46372417,0
1,0,0.464056,0
1,0,0.46712115,0
1,0,0.46826383,0
1,0,0.46512333,0
1,0,0.46927252,0
1,0,0.46452984,0
1,0,0.46350846,0
1,0,0.4649611,0
1,0,0.46453515,0
1,0,0.46440282,0
1,0,0.46314925,0
1,0,0.46235463,0
1,0,0.46087644,0
1,0,0.4631792,0
1,0,0.4652817,0
1,0,0.46473947,0
1,0,0.4652646,0
1,0,0.47004396,0
1,0,0.4664314,0
1,0,0.4714914,0
1,0,0.46819347,0
1,0,0.46702236,0
1,0,0.465734,0
1,0,0.4666498,0
1,0,0.4670559,0
1,0,0.4666183,0
1,0,0.47293,0
1,0,0.46522516,0
1,0,0.46289617,0
1,0,0.46197167,0
1,0,0.47017008,0
1,0,0.4633904,0
1,0,0.46533668,0
1,0,0.46654567,0
1,0,0.46432593,0
1,0,0.4633676,0
1,0,0.46234497,0
1,0,0.4630053,0
1,0,0.46331206,0
1,0,0.46374962,0
1,0,0.46404585,0
1,0,0.46598545,0
1,1,0.4648987,0
1,1,0.46453488,0
1,1,0.46441856,0
1,1,0.46391857,0
1,1,0.4656642,0
1,1,0.4635248,0
1,1,0.46542478,0
1,1,0.46567583,0
1,1,0.4645119,0
1,1,0.46587193,0
1,1,0.4632518,0
1,1,0.46634609,0
1,1,0.4653348,0
1,1,0.46721506,0
1,1,0.4690062,0
1,0,0.46662247,0
1,0,0.4691541,0
1,0,0.4698416,0
1,0,0.46669343,0
1,0,0.46533746,0
1,0,0.46660852,0
1,0,0.46578762,0
1,0,0.46364838,0
1,0,0.4717545,0
1,0,0.46785423,0
1,0,0.4664836,0
1,0,0.46809375,0
1,0,0.47007734,0
1,0,0.4667804,0
1,0,0.46670812,0
1,0,0.46610057,0
1,0,0.46708742,0
1,0,0.46727514,0
1,0,0.46452662,0
1,0,0.4647444,0
1,0,0.4633084,0
1,0,0.4648231,0
1,0,0.46714798,0
1,0,0.47087616,0
1,0,0.46496907,0
1,0,0.46314356,0
1,0,0.46655205,0
1,0,0.4657873,0
1,0,0.46719953,0
1,0,0.46324766,0
1,0,0.46332225,0
1,0,0.46276787,0
1,0,0.46487615,0
1,0,0.46517915,0
1,0,0.46470204,0
1,0,0.46668455,0
1,0,0.46529907,0
1,0,0.46471742,0
1,0,0.46432212,0
1,0,0.46365204,0
1,0,0.46543902,0
1,0,0.46547046,0
1,0,0.4710538,0
1,0,0.46797392,0
1,0,0.4679856,0
1,0,0.4678113,0
1,0,0.465998,0
1,0,0.4681022,0
1,0,0.4682774,0
1,0,0.4677053,0
1,0,0.46593082,0
1,0,0.46655273,0
1,0,0.467141,0
1,0,0.4673919,0
1,0,0.46776304,0
1,0,0.46958894,0
1,0,0.4658532,0
1,0,0.4670591,0
1,0,0.46404454,0
1,0,0.465825,0
1,0,0.46938506,0
1,0,0.4629105,0
1,0,0.46273795,0
1,0,0.46454388,0
1,0,0.4656356,0
1,0,0.4671319,0
1,0,0.46706757,0
1,0,0.46376574,0
1,0,0.4651342,0
1,0,0.4637628,0
1,0,0.46609297,0
1,0,0.46382517,0
1,0,0.46602234,0
1,0,0.46917176,0
1,0,0.46716604,0
1,0,0.4645493,0
1,0,0.46492895,0
1,0,0.4624233,0
1,0,0.46320686,0
1,0,0.4638639,0
1,0,0.46491474,0
1,0,0.47102964,0
1,0,0.4645801,0
1,0,0.4647943,0
1,0,0.46941605,0
1,0,0.46605697,0
1,0,0.46080577,0
1,0,0.46408728,0
1,0,0.47316834,0
1,0,0.465437,0
1,0,0.46239227,0
1,0,0.46149856,0
1,0,0.46406075,0
1,0,0.46228635,0
1,0,0.4626098,0
1,0,0.46619523,0
1,0,0.46679685,0
1,0,0.46509415,0
1,0,0.46611264,0
1,0,0.4646201,0
1,0,0.46397188,0
1,0,0.4649342,0
1,0,0.4661347,0
1,0,0.46543226,0
1,0,0.4729745,0
1,0,0.46592376,0
1,0,0.46746162,0
1,0,0.46467054,0
1,0,0.46977893,0
1,0,0.4651881,0
1,0,0.46751603,0
1,0,0.46595505,0
1,0,0.46912193,0
1,0,0.468097,0
1,0,0.46462297,0
1,0,0.46736705,0
1,0,0.46602553,0
1,0,0.47155482,0
1,0,0.46473202,0
1,0,0.465188,0
1,0,0.46611077,0
1,0,0.46763992,0
1,0,0.4636445,0
1,0,0.46657744,0
1,0,0.46592152,0
1,0,0.47775075,0
1,0,0.46504453,0
1,0,0.46724886,0
1,0,0.4646153,0
1,0,0.46987864,0
1,0,0.4674671,0
1,0,0.46694058,0
1,0,0.46263024,0
1,0,0.46611437,0
1,0,0.46508822,0
1,0,0.4658371,0
1,0,0.46592146,0
1,0,0.4645529,0
1,0,0.4655884,0
1,0,0.465727,0
1,0,0.46595833,0
1,0,0.4663409,0
1,0,0.46712765,0
1,0,0.46831346,0
1,0,0.46607268,0
1,0,0.46763283,0
1,0,0.46997815,0
1,0,0.46790084,0
1,0,0.4693206,0
1,0,0.4692029,0
1,0,0.4728112,0
1,0,0.46514878,0
1,0,0.46463233,0
1,0,0.47337645,0
1,1,0.47132456,0
1,1,0.48123002,0
1,1,0.4727402,0
1,1,0.4775977,0
1,1,0.4705467,0
1,1,0.4745044,0
1,1,0.47578156,0
1,1,0.47360337,0
1,1,0.4823657,0
1,1,0.47929397,0
1,1,0.47657555,0
1,1,0.47828963,0
1,1,0.48130068,0
1,1,0.46652105,0
1,1,0.46412766,0
1,1,0.46694204,0
1,1,0.46845686,0
1,1,0.4652407,0
1,1,0.46398792,0
1,1,0.4686588,0
1,1,0.4627535,0
1,1,0.46618557,0
1,1,0.465169,0
1,1,0.46614668,0
1,1,0.47301632,0
1,1,0.46527874,0
1,1,0.46671024,0
1,1,0.46576345,0
1,1,0.4667741,0
1,1,0.5618925,1
1,1,0.5631453,1
1,1,0.5619094,1
1,1,0.5634356,1
1,1,0.5568038,1
1,1,0.55985767,1
1,1,0.56436837,1
1,1,0.55824715,1
1,1,0.56045806,1
1,1,0.56230086,1
1,1,0.55908084,1
1,1,0.55820376,1
1,1,0.55972165,1
1,1,0.5597802,1
1,1,0.5609591,1
1,1,0.5617908,1
1,1,0.56210226,1
1,1,0.5609264,1
1,1,0.56143856,1
1,1,0.5586675,1
1,1,0.5581774,1
1,1,0.55620736,1
1,1,0.55781883,1
1,1,0.5568157,1
1,1,0.55742943,1
1,1,0.5587792,1
1,1,0.5588112,1
1,1,0.56005377,1
1,1,0.55774784,1
1,1,0.5615594,1
1,1,0.5589358,1
1,1,0.55836767,1
1,1,0.5605599,1
1,1,0.55970323,1
1,1,0.5587055,1
1,1,0.5620527,1
1,1,0.560623,1
1,1,0.5578487,1
1,1,0.5583009,1
1,1,0.5568166,1
1,1,0.55867773,1
1,1,0.5576356,1
1,1,0.5576238,1
1,1,0.5601578,1
1,1,0.56051534,1
1,1,0.56045157,1
1,1,0.55933255,1
1,1,0.56100583,1
1,1,0.5564841,1
1,1,0.5576899,1
1,1,0.5588753,1
1,1,0.55915034,1
1,1,0.55908245,1
1,1,0.5575137,1
1,1,0.5572411,1
1,1,0.55719316,1
1,1,0.55735815,1
1,1,0.5546753,1
1,1,0.52473706,1
1,1,0.52407223,1
1,1,0.5283447,1
1,1,0.537696,1
1,1,0.53229624,1
1,1,0.5396015,1
1,1,0.53550786,1
1,1,0.53607345,1
1,1,0.5381242,1
1,1,0.5322034,1
1,1,0.53423476,1
1,1,0.5244752,1
1,1,0.5315542,1
1,1,0.5329473,1
1,1,0.53292614,1
1,1,0.53163236,1
1,1,0.53914964,1
1,1,0.5404759,1
1,1,0.54132134,1
1,1,0.5419318,1
1,1,0.5431865,1
1,1,0.5421817,1
1,1,0.52958506,1
1,0,0.5282086,1
1,0,0.5346491,1
1,0,0.53578055,1
1,0,0.5219745,1
1,0,0.53812695,1
1,0,0.5353408,1
1,0,0.5327837,1
1,0,0.5313901,1
1,0,0.5353314,1
1,0,0.5312512,1
1,0,0.5198878,1
1,0,0.52398074,1
1,0,0.533339,1
1,0,0.544576,1
1,0,0.53081155,1
1,0,0.53129005,1
1,0,0.5259478,1
1,0,0.523327,1
1,0,0.51632667,1
1,0,0.52399087,1
1,0,0.51839966,1
1,0,0.5439247,1
1,0,0.5450372,1
1,0,0.5308915,1
1,0,0.52749294,1
1,0,0.5432438,1
1,0,0.523565,1
1,0,0.52467424,1
1,0,0.5206443,1
1,0,0.5245858,1
1,0,0.53383803,1
1,1,0.5345502,1
1,1,0.5271495,1
1,1,0.5297607,1
1,1,0.53038156,1
1,1,0.5401984,1
1,1,0.53074753,1
1,1,0.54193145,1
1,1,0.5176488,1
1,1,0.5233792,1
1,1,0.5249824,1
1,1,0.5300956,1
1,1,0.52248347,1
1,1,0.5274615,1
1,1,0.52258974,1
1,1,0.5210926,1
1,1,0.5205948,1
1,1,0.5447198,1
1,1,0.524814,1
1,1,0.51747614,1
1,1,0.523876,1
1,1,0.528005,1
1,1,0.52133435,1
1,1,0.5276961,1
1,1,0.52613246,1
1,1,0.52330303,1
1,1,0.52427137,1
1,1,0.52190775,1
1,1,0.5328903,1
1,1,0.53497124,1
1,1,0.5277433,1
1,1,0.5321344,1
1,1,0.54031414,1
1,0,0.54233843,1
1,0,0.5288362,1
1,0,0.5215624,1
1,0,0.52235806,1
1,0,0.51796305,1
1,0,0.52743465,1
1,0,0.5273882,1
1,1,0.524697,1
1,1,0.54591507,1
1,1,0.54286486,1
1,1,0.52696323,1
1,1,0.5352775,1
1,0,0.5294298,1
1,0,0.53058964,1
1,0,0.537736,1
1,0,0.5299113,1
1,0,0.5278147,1
1,0,0.53012806,1
1,0,0.54772204,1
1,1,0.5277142,1
1,1,0.5245497,1
1,1,0.53031003,1
1,1,0.5480661,1
1,1,0.54595625,1
1,1,0.5422664,1
1,1,0.5399215,1
1,1,0.53937703,1
1,1,0.53217745,1
1,1,0.53417397,1
1,1,0.538957,1
1,1,0.54722935,1
1,1,0.55407846,1
1,1,0.54495037,1
1,1,0.5466642,1
1,1,0.54135925,1
1,1,0.553744,1
1,1,0.5479038,1
1,1,0.53882784,1
1,1,0.53907293,1
1,1,0.5431726,1
1,1,0.5488564,1
1,0,0.5482028,1
1,0,0.54579407,1
1,0,0.5420264,1
1,0,0.53553426,1
1,0,0.54461706,1
1,0,0.540115,1
1,0,0.5449559,1
1,0,0.5465885,1
1,0,0.5491931,1
1,0,0.5486111,1
1,0,0.5352196,1
1,0,0.53558207,1
1,0,0.5309628,1
1,1,0.5388146,1
1,1,0.53343004,1
1,1,0.5305037,1
1,1,0.53688335,1
1,1,0.5407126,1
1,1,0.5553882,1
1,1,0.53848314,1
1,1,0.5414452,1
1,1,0.55358166,1
1,1,0.5407995,1
1,1,0.53988194,1
1,1,0.53935033,1
1,1,0.5452604,1
1,1,0.5522596,1
1,1,0.54189414,1
1,1,0.54468817,1
1,1,0.5475701,1
1,1,0.54521245,1
1,1,0.54482085,1
1,1,0.5392235,1
1,1,0.53908855,1
1,1,0.5408963,1
1,1,0.5387645,1
1,1,0.5429672,1
1,1,0.5436443,1
1,1,0.5472398,1
1,1,0.46187747,0
1,1,0.4601359,0
1,1,0.46017963,0
1,1,0.4597711,0
1,1,0.46106505,0
1,1,0.46304643,0
1,1,0.46058294,0
1,1,0.4620958,0
1,1,0.46417668,0
1,1,0.46127608,0
1,1,0.46249083,0
1,1,0.4615715,0
1,1,0.4615162,0
1,1,0.46511686,0
1,1,0.46882892,0
1,1,0.46544206,0
1,1,0.46404427,0
1,1,0.46406648,0
1,1,0.46820965,0
1,1,0.46645135,0
1,1,0.46668875,0
1,1,0.46760228,0
1,1,0.46990895,0
1,1,0.46672162,0
1,1,0.4650168,0
1,1,0.4638814,0
1,1,0.46156535,0
1,1,0.46434838,0
1,1,0.4647934,0
1,1,0.5588455,1
1,1,0.559724,1
1,1,0.5645076,1
1,1,0.5618488,1
1,1,0.56254536,1
1,1,0.5593918,1
1,1,0.5621472,1
1,1,0.5613655,1
1,1,0.55913633,1
1,1,0.5643473,1
1,1,0.55711704,1
1,1,0.55938584,1
1,1,0.563442,1
1,1,0.5628458,1
1,1,0.5582974,1
1,1,0.56707317,1
1,1,0.5656619,1
1,1,0.5629811,1
1,1,0.5616305,1
1,1,0.5626256,1
1,1,0.5579938,1
1,1,0.55881846,1
1,1,0.5627066,1
1,1,0.5561739,1
1,1,0.5572763,1
1,1,0.55893135,1
1,1,0.56294876,1
1,1,0.5594648,1
1,1,0.5634932,1
1,1,0.56323487,1
1,1,0.559638,1
1,1,0.47016087,0
1,1,0.4730656,0
1,1,0.47015488,0
1,1,0.4663452,0
1,1,0.46309105,0
1,1,0.4671346,0
1,1,0.4662266,0
1,1,0.46753797,0
1,1,0.46791917,0
1,1,0.47270665,0
1,1,0.46942696,0
1,1,0.47354302,0
1,1,0.523565,1
1,1,0.52467424,1
1,1,0.5206443,1
1,1,0.5245858,1
1,1,0.53383803,1
1,1,0.5345502,1
1,1,0.5271495,1
1,1,0.5297607,1
1,1,0.53038156,1
1,1,0.5401984,1
1,1,0.53074753,1
1,1,0.54193145,1
1,1,0.5176488,1
1,1,0.5233792,1
1,1,0.5249824,1
1,1,0.5300956,1
1,1,0.52970076,1
1,1,0.52248347,1
1,1,0.5274615,1
1,1,0.52258974,1
1,1,0.5210926,1
1,1,0.5205948,1
1,1,0.52338797,1
1,0,0.5273882,1
1,0,0.524697,1
1,0,0.54591507,1
1,0,0.54286486,1
1,0,0.52696323,1
1,0,0.5352775,1
1,0,0.5294298,1
1,0,0.53058964,1
1,0,0.537736,1
1,1,0.5352196,1
1,1,0.53558207,1
1,1,0.5309628,1
1,1,0.5388146,1
1,1,0.53343004,1
1,1,0.5305037,1
1,1,0.53688335,1
1,1,0.5407126,1
1,1,0.5553882,1
1,1,0.53848314,1
1,1,0.5414452,1
1,1,0.55358166,1
1,1,0.5407995,1
1,1,0.53988194,1
1,1,0.53935033,1
1,1,0.5452604,1
1,1,0.5522596,1
1,1,0.54189414,1
1,1,0.54468817,1
1,1,0.5475701,1
1,1,0.54521245,1
1,1,0.54482085,1
1,1,0.5392235,1
1,1,0.53908855,1
1,1,0.46609336,0
1,1,0.46501222,0
1,1,0.4687653,0
1,1,0.47006097,0
1,1,0.4697286,0
1,1,0.47113928,0
1,1,0.47063336,0
1,1,0.4683777,0
1,1,0.46848845,0
1,1,0.46381626,0
1,1,0.4670915,0
1,1,0.46556848,0
1,1,0.46344858,0
1,1,0.4655605,0
1,1,0.47051668,0
1,1,0.46839294,0
1,1,0.46799645,0
1,1,0.4666764,0
1,1,0.46850243,0
1,1,0.46825954,0
1,1,0.46456426,0
1,1,0.46483636,0
1,1,0.46380463,0
1,1,0.46517867,0
1,1,0.46715784,0
1,1,0.49049827,0
1,1,0.48970756,0
1,1,0.48996076,0
1,1,0.48846316,0
1,1,0.49240652,0
1,1,0.48581332,0
1,1,0.48617184,0
1,1,0.49045154,0
1,1,0.4865874,0
1,1,0.49251407,0
1,1,0.4915226,0
1,1,0.49278185,0
1,1,0.4879524,0
1,1,0.4962673,0
1,1,0.49752155,0
1,1,0.4941595,0
1,1,0.4875015,0
1,1,0.49011698,0
1,1,0.49108392,0
1,1,0.4903896,0
1,1,0.4981072,0
1,1,0.49068734,0
1,1,0.5019825,1
1,1,0.48778343,0
1,1,0.49060056,0
1,1,0.4908946,0
1,1,0.49461922,0
1,1,0.4894604,0
1,1,0.492838,0
1,1,0.49097174,0
1,1,0.49959552,0
1,1,0.49038678,0
1,1,0.49904573,0
1,1,0.49821052,0
1,1,0.4967042,0
1,1,0.49696067,0
1,1,0.50085074,1
1,1,0.49699077,0
1,1,0.49040964,0
1,1,0.5025652,1
1,1,0.49635237,0
1,1,0.48872975,0
1,1,0.49389493,0
1,1,0.49472612,0
1,1,0.48938477,0
1,1,0.49758586,0
1,1,0.49419546,0
1,1,0.49970773,0
1,1,0.49640208,0
1,1,0.5018892,1
1,1,0.49515438,0
1,1,0.4958221,0
1,1,0.4939987,0
1,1,0.49635667,0
1,1,0.4990027,0
1,1,0.5048418,1
1,1,0.49619356,0
1,1,0.49464136,0
1,1,0.49489534,0
1,1,0.49862212,0
1,1,0.5019885,1
1,1,0.5079475,1
1,1,0.49840727,0
1,1,0.5021109,1
1,1,0.5020531,1
1,1,0.49844173,0
1,1,0.5150081,1
1,1,0.5086399,1
1,1,0.5034483,1
1,1,0.5077869,1
1,1,0.5040201,1
1,1,0.5017164,1
1,1,0.5079257,1
1,1,0.5021962,1
1,1,0.5028264,1
1,0,0.5696622,1
1,0,0.5718329,1
1,0,0.57141954,1
1,0,0.5678875,1
1,0,0.5721525,1
1,0,0.5714149,1
1,0,0.5687007,1
1,0,0.57110566,1
1,0,0.5686303,1
1,0,0.57126766,1
1,1,0.57210857,1
1,1,0.56827015,1
1,1,0.5665612,1
1,1,0.56914824,1
1,1,0.56890434,1
1,1,0.56795263,1
1,1,0.56854564,1
1,1,0.5706234,1
1,1,0.56883204,1
1,1,0.5212286,1
1,1,0.51782745,1
1,1,0.5190575,1
1,1,0.522216,1
1,1,0.5134455,1
1,1,0.5249092,1
1,1,0.51931393,1
1,1,0.51563007,1
1,1,0.53311604,1
1,1,0.5307817,1
1,1,0.5298174,1
1,1,0.51274073,1
1,1,0.5310359,1
1,1,0.52779555,1
1,1,0.5195699,1
1,1,0.56512696,1
1,1,0.56641626,1
1,1,0.56379604,1
1,1,0.5622948,1
1,1,0.56550395,1
1,1,0.56379426,1
1,1,0.56439704,1
1,1,0.5621786,1
1,1,0.56395656,1
1,1,0.55820084,1
1,1,0.5588637,1
1,1,0.5611278,1
1,1,0.56254464,1
1,1,0.56018144,1
1,1,0.56274575,1
1,1,0.5676477,1
1,1,0.56333774,1
1,1,0.56725574,1
1,1,0.56028944,1
1,1,0.56006074,1
1,1,0.55943596,1
1,1,0.5621381,1
1,1,0.56287456,1
1,1,0.5601054,1
1,1,0.56188464,1
1,1,0.5628036,1
1,1,0.5660281,1
1,1,0.5639894,1
1,1,0.5624559,1
1,1,0.5647404,1
1,1,0.5617824,1
1,1,0.56651574,1
1,1,0.56476694,1
1,1,0.5584688,1
1,1,0.5635562,1
1,1,0.56551975,1
1,1,0.558782,1
1,1,0.5652254,1
1,1,0.55998147,1
1,1,0.5645819,1
1,1,0.5612499,1
1,1,0.5581733,1
1,1,0.5650112,1
1,1,0.560499,1
1,1,0.5644211,1
1,1,0.5660492,1
1,1,0.56117177,1
1,1,0.5636302,1
1,1,0.56157285,1
1,1,0.5592506,1
1,1,0.5614283,1
1,1,0.564061,1
1,1,0.5655148,1
1,1,0.5638109,1
1,1,0.5635246,1
1,1,0.56147647,1
1,1,0.5605602,1
1,1,0.56665474,1
1,1,0.56469035,1
1,1,0.56046885,1
1,1,0.55760777,1
1,1,0.5620245,1
1,1,0.56291384,1
1,1,0.55621386,1
1,1,0.56015265,1
1,1,0.5622122,1
1,1,0.56202465,1
1,1,0.55809635,1
1,1,0.55904424,1
1,1,0.5599766,1
1,1,0.5647297,1
1,1,0.5620216,1
1,1,0.5628691,1
1,1,0.55972284,1
1,1,0.56239253,1
1,1,0.56162345,1
1,1,0.5595166,1
1,1,0.5645799,1
1,1,0.5573492,1
1,1,0.56126124,1
1,1,0.56065106,1
1,1,0.5604344,1
1,1,0.56265557,1
1,1,0.5584358,1
1,1,0.56321603,1
1,1,0.55677426,1
1,1,0.55896026,1
1,1,0.5639955,1
1,1,0.560039,1
1,1,0.55861914,1
1,1,0.56559765,1
1,1,0.5594164,1
1,1,0.5609927,1
1,1,0.56083643,1
1,1,0.56413543,1
1,1,0.56033397,1
1,1,0.5577851,1
1,1,0.56264913,1
1,1,0.56384605,1
1,1,0.5606976,1
1,1,0.562953,1
1,1,0.5565898,1
1,1,0.55768746,1
1,1,0.5592237,1
1,1,0.56327695,1
1,1,0.5597602,1
1,1,0.5636484,1
1,1,0.5635906,1
1,1,0.5598823,1
1,1,0.5555962,1
1,1,0.5620026,1
1,1,0.55929965,1
1,1,0.5598774,1
1,1,0.5604076,1
1,1,0.56019616,1
1,1,0.56272036,1
1,1,0.56467503,1
1,1,0.56382895,1
1,1,0.5603188,1
1,1,0.55885744,1
1,1,0.56072235,1
1,1,0.5605342,1
1,1,0.56569564,1
1,1,0.56326497,1
1,1,0.5591492,1
1,1,0.55614704,1
1,1,0.5636042,1
1,1,0.55865824,1
1,1,0.5611065,1
1,1,0.56212085,1
1,1,0.5657094,1
1,1,0.55892867,1
1,1,0.56063247,1
1,1,0.5618692,1
1,1,0.56073904,1
1,1,0.5567172,1
1,1,0.56312716,1
1,1,0.5607851,1
1,1,0.55823636,1
1,1,0.5620236,1
1,1,0.56509817,1
1,1,0.55880946,1
1,1,0.5649472,1
1,1,0.56263125,1
1,1,0.5640286,1
1,1,0.5597327,1
1,1,0.56455153,1
1,1,0.5595428,1
1,1,0.56168234,1
1,1,0.5621784,1
1,1,0.578432,1
1,1,0.57010895,1
1,1,0.58216244,1
1,1,0.5700076,1
1,1,0.56253743,1
1,1,0.57267123,1
1,1,0.5890227,1
1,1,0.5750845,1
1,1,0.5823687,1
1,1,0.575379,1
1,1,0.5734643,1
1,1,0.5837269,1
1,1,0.58390117,1
1,1,0.57570577,1
1,1,0.5799213,1
1,1,0.5859553,1
1,1,0.5872642,1
1,1,0.5791488,1
1,1,0.57658166,1
1,1,0.5779641,1
1,1,0.5874972,1
1,1,0.58096975,1
1,1,0.58078116,1
1,1,0.58522743,1
1,1,0.5837373,1
1,1,0.5796506,1
1,1,0.581295,1
1,1,0.5870011,1
1,1,0.5777972,1
1,1,0.57662386,1
1,1,0.58390206,1
1,1,0.5830721,1
1,1,0.56964195,1
1,0,0.58827597,1
1,0,0.5832087,1
1,0,0.58497226,1
1,0,0.5751515,1
1,0,0.5891631,1
1,0,0.57848173,1
1,0,0.57745653,1
1,0,0.5710296,1
1,1,0.49499398,0
1,1,0.4896739,0
1,1,0.49660015,0
1,1,0.4924659,0
1,1,0.48934257,0
1,1,0.49024042,0
1,1,0.48618743,0
1,1,0.4864654,0
1,1,0.48347953,0
1,1,0.48524454,0
1,1,0.49090824,0
1,1,0.48960486,0
1,1,0.48696107,0
1,1,0.48502168,0
1,1,0.48241448,0
1,1,0.48703283,0
1,1,0.4871301,0
1,1,0.4857077,0
1,1,0.4821275,0
1,1,0.4809819,0
1,1,0.48424685,0
1,1,0.48645452,0
1,1,0.48717275,0
1,1,0.49120465,0
1,1,0.49054754,0
1,1,0.48918205,0
1,1,0.48285517,0
1,1,0.4851797,0
1,1,0.49463043,0
1,1,0.4883827,0
1,1,0.48654252,0
1,1,0.48885417,0
1,1,0.48737377,0
1,1,0.49356085,0
1,1,0.48134354,0
1,1,0.4791591,0
1,1,0.4820548,0
1,1,0.47979483,0
1,1,0.48120946,0
1,1,0.49136826,0
1,1,0.48985484,0
1,1,0.48899105,0
1,1,0.49138185,0
1,1,0.48875841,0
1,1,0.48846024,0
1,1,0.49106243,0
1,1,0.49123102,0
1,1,0.48726255,0
1,1,0.49338016,0
1,1,0.4899224,0
1,1,0.49171498,0
1,1,0.4876819,0
1,1,0.49171054,0
1,1,0.48873946,0
1,1,0.48549205,0
1,1,0.48630828,0
1,1,0.49049938,0
1,1,0.4884328,0
1,1,0.48790738,0
1,1,0.48708937,0
1,1,0.4904103,0
1,1,0.49617016,0
1,1,0.49395964,0
1,1,0.49137935,0
1,1,0.4922848,0
1,1,0.49643537,0
1,1,0.49186796,0
1,1,0.48630244,0
1,1,0.4902049,0
1,1,0.49293754,0
1,1,0.48946545,0
1,1,0.49122077,0
1,1,0.4937963,0
1,1,0.4881536,0
1,1,0.49491596,0
1,1,0.49774966,0
1,1,0.5005826,1
1,1,0.49992773,0
1,1,0.49352127,0
1,1,0.49401388,0
1,1,0.49121946,0
1,1,0.49326313,0
1,1,0.49554753,0
1,1,0.5022141,1
1,1,0.48957744,0
1,1,0.49277616,0
1,1,0.49598923,0
1,1,0.4959628,0
1,1,0.49417168,0
1,1,0.49357754,0
1,1,0.49241468,0
1,1,0.49380884,0
1,1,0.4900454,0
1,1,0.49247944,0
1,1,0.49582583,0
1,1,0.49594936,0
1,1,0.49805686,0
1,1,0.49916083,0
1,1,0.49441713,0
1,1,0.49765748,0
1,1,0.49630073,0
1,1,0.49562907,0
1,1,0.500179,1
1,1,0.50163937,1
1,1,0.49256417,0
1,1,0.49766955,0
1,1,0.4915967,0
1,1,0.49339017,0
1,1,0.49316463,0
1,1,0.49934173,0
1,1,0.4947105,0
1,1,0.48987097,0
1,1,0.49377733,0
1,1,0.50139874,1
1,1,0.5024925,1
1,1,0.4964019,0
1,1,0.49643752,0
1,1,0.49869278,0
1,1,0.4982603,0
1,1,0.4975869,0
1,1,0.49725834,0
1,1,0.49521,0
1,1,0.49366155,0
1,1,0.50035894,1
1,1,0.5637876,1
1,1,0.56564444,1
1,1,0.54114115,1
1,1,0.5688008,1
1,1,0.5451664,1
1,1,0.5654262,1
1,1,0.57486004,1
1,1,0.5525635,1
1,1,0.57348144,1
1,1,0.56798965,1
1,1,0.56647074,1
1,1,0.54956764,1
1,1,0.56311464,1
1,1,0.565598,1
1,1,0.55758137,1
1,1,0.53814423,1
1,1,0.5459643,1
1,1,0.5368524,1
1,1,0.5436482,1
1,1,0.5498239,1
1,1,0.5399207,1
1,1,0.5267121,1
1,1,0.49024975,0
1,1,0.4987401,0
1,1,0.49659872,0
1,1,0.49807546,0
1,1,0.4960735,0
1,1,0.49506134,0
1,1,0.49892855,0
1,1,0.5048992,1
1,1,0.5004656,1
1,1,0.50080025,1
1,1,0.49960908,0
1,1,0.50156146,1
1,1,0.49880338,0
1,1,0.4972126,0
1,1,0.50139606,1
1,1,0.5026442,1
1,1,0.45259607,0
1,1,0.45061627,0
1,1,0.450889,0
1,1,0.4523824,0
1,1,0.4505877,0
1,1,0.45138222,0
1,1,0.45265836,0
1,1,0.4540461,0
1,1,0.45187354,0
1,1,0.49503762,0
1,1,0.50298834,1
1,1,0.4984272,0
1,1,0.4934438,0
1,1,0.4971913,0
1,1,0.50363183,1
1,1,0.5055845,1
1,1,0.511133,1
1,1,0.50286293,1
1,1,0.503516,1
1,1,0.4988699,0
1,1,0.5029409,1
1,1,0.4988613,0
1,1,0.49640012,0
1,1,0.49928194,0
1,1,0.4960667,0
1,1,0.5009798,1
1,1,0.50211596,1
1,1,0.50197476,1
1,1,0.50253516,1
1,1,0.49699685,0
1,1,0.50108725,1
1,1,0.46421367,0
1,1,0.46312642,0
1,1,0.4643256,0
1,1,0.4629376,0
1,1,0.4689815,0
1,1,0.46510047,0
1,1,0.4645887,0
1,1,0.46437377,0
1,1,0.4610844,0
1,1,0.46172,0
1,1,0.4615366,0
1,1,0.46399224,0
1,1,0.46012688,0
1,1,0.45989832,0
1,1,0.45861626,0
1,1,0.4579678,0
1,1,0.45987755,0
1,1,0.4569088,0
1,1,0.4627308,0
1,1,0.46111637,0
1,1,0.5145673,1
1,1,0.5106731,1
1,1,0.5179529,1
1,1,0.5094416,1
1,1,0.51961505,1
1,1,0.5191226,1
1,1,0.5172088,1
1,1,0.51091,1
1,1,0.5083621,1
1,1,0.52175146,1
1,1,0.56146824,1
1,1,0.5607054,1
1,1,0.55575764,1
1,1,0.5586418,1
1,1,0.5607567,1
1,1,0.56311786,1
1,1,0.55587536,1
1,1,0.55791736,1
1,1,0.5584242,1
1,1,0.56057954,1
1,1,0.5550384,1
1,1,0.56157905,1
1,1,0.55388653,1
1,1,0.55737877,1
1,1,0.49908283,0
1,1,0.49698994,0
1,1,0.49238145,0
1,1,0.49732324,0
1,1,0.49750218,0
1,1,0.49794978,0
1,1,0.5033868,1
1,1,0.5029249,1
1,1,0.49920094,0
1,1,0.500115,1
1,1,0.51015604,1
1,1,0.49800295,0
1,1,0.49385396,0
1,1,0.49853736,0
1,1,0.50447094,1
1,1,0.49795058,0
1,1,0.498985,0
1,1,0.5019895,1
1,1,0.50211394,1
1,1,0.50476843,1
1,1,0.49657038,0
1,1,0.49851504,0
1,1,0.4996371,0
1,1,0.5074636,1
1,1,0.50058943,1
1,1,0.49975845,0
1,1,0.50206894,1
1,1,0.49840268,0
1,1,0.5024363,1
1,1,0.49757585,0
1,1,0.56978023,1
1,1,0.5722526,1
1,1,0.58444273,1
1,1,0.583941,1
1,1,0.58034074,1
1,1,0.583654,1
1,1,0.5802907,1
1,1,0.57883215,1
1,1,0.57805866,1
1,1,0.5744088,1
1,1,0.57016885,1
1,1,0.58584964,1
1,1,0.5807502,1
1,1,0.5849096,1
1,1,0.5809092,1
1,1,0.5816469,1
1,1,0.5860348,1
1,1,0.5810513,1
2,1,0.51781803,1
2,1,0.51535124,1
2,1,0.5162071,1
2,1,0.515432,1
2,1,0.5136494,1
2,1,0.51453084,1
2,1,0.51253074,1
2,1,0.51742387,1
2,1,0.51578164,1
2,0,0.515483,1
2,0,0.51342905,1
2,0,0.51823866,1
2,0,0.51534057,1
2,0,0.51416045,1
2,0,0.51742095,1
2,0,0.5178456,1
2,0,0.51565534,1
2,0,0.51793,1
2,0,0.5196773,1
2,0,0.5157866,1
2,1,0.5091406,1
2,1,0.5070602,1
2,1,0.5191921,1
2,1,0.5198295,1
2,1,0.5108803,1
2,1,0.51894176,1
2,1,0.51851094,1
2,1,0.5169923,1
2,1,0.51459855,1
2,1,0.51502836,1
2,1,0.5139001,1
2,1,0.5172858,1
2,1,0.5084652,1
2,1,0.5152463,1
2,1,0.5152495,1
2,1,0.50813913,1
2,1,0.5144857,1
2,1,0.51635855,1
2,1,0.51455164,1
2,1,0.5328351,1
2,1,0.5361541,1
2,1,0.5345649,1
2,1,0.53583944,1
2,1,0.5361232,1
2,1,0.5346094,1
2,1,0.5383428,1
2,1,0.53541344,1
2,1,0.5352168,1
2,1,0.5331925,1
2,1,0.53460085,1
2,1,0.53567785,1
2,1,0.5334357,1
2,1,0.5067124,1
2,1,0.50001574,1
2,1,0.5070633,1
2,1,0.5043147,1
2,1,0.50244844,1
2,1,0.5073173,1
2,1,0.5058266,1
2,1,0.50363094,1
2,1,0.5115229,1
2,1,0.50787175,1
2,1,0.5055665,1
2,1,0.51145244,1
2,1,0.5098388,1
2,1,0.511552,1
2,1,0.5094333,1
2,1,0.50291187,1
2,1,0.50227135,1
2,1,0.5072976,1
2,1,0.50710315,1
2,1,0.51092803,1
2,1,0.5013145,1
2,1,0.5056239,1
2,1,0.50847954,1
2,1,0.50664204,1
2,1,0.51115584,1
2,1,0.5081349,1
2,1,0.50752246,1
2,1,0.50376606,1
2,1,0.50865185,1
2,1,0.50444233,1
2,1,0.507268,1
2,1,0.5085076,1
2,1,0.49196365,0
2,1,0.49835327,0
2,1,0.5031453,1
2,1,0.5002857,1
2,1,0.49415892,0
2,1,0.4912782,0
2,1,0.49871707,0
2,1,0.49922267,0
2,1,0.49851483,0
2,1,0.4159294,0
2,1,0.42203665,0
2,1,0.41684738,0
2,1,0.41143104,0
2,1,0.42121494,0
2,1,0.42510316,0
2,1,0.43794465,0
2,1,0.43941733,0
2,1,0.42446503,0
2,1,0.42005694,0
2,1,0.4361644,0
2,1,0.44741148,0
2,1,0.4243755,0
2,1,0.41830835,0
2,1,0.4234824,0
2,1,0.4376273,0
2,1,0.4546693,0
2,1,0.43620744,0
2,1,0.41690207,0
2,1,0.4135095,0
2,1,0.41819733,0
2,1,0.40888384,0
2,1,0.41129577,0
2,1,0.42652234,0
2,1,0.41981727,0
2,1,0.44897342,0
2,1,0.45265228,0
2,1,0.42265987,0
2,1,0.43999287,0
2,1,0.44473758,0
2,1,0.42340174,0
2,1,0.5175249,1
2,1,0.5308213,1
2,1,0.476942,0
2,1,0.43527198,0
2,1,0.42859575,0
2,1,0.51859087,1
2,1,0.46716326,0
2,1,0.49357852,0
2,1,0.53348124,1
2,1,0.53212225,1
2,1,0.43435016,0
2,1,0.48450628,0
2,1,0.5297089,1
2,1,0.5139013,1
2,1,0.5075248,1
2,1,0.44657132,0
2,1,0.5206346,1
2,1,0.5196293,1
2,1,0.5180325,1
2,1,0.5179325,1
2,1,0.5186249,1
2,1,0.5176812,1
2,1,0.5191419,1
2,1,0.55442107,1
2,1,0.554565,1
2,1,0.56242746,1
2,1,0.55544645,1
2,1,0.55711216,1
2,1,0.5611474,1
2,1,0.559091,1
2,1,0.5581975,1
2,1,0.5591847,1
2,1,0.56176025,1
2,1,0.5592473,1
2,1,0.50852436,1
2,1,0.50682503,1
2,1,0.5038563,1
2,1,0.50719464,1
2,1,0.5052316,1
2,1,0.5065725,1
2,1,0.5075406,1
2,1,0.50749475,1
2,1,0.5036595,1
2,1,0.5045429,1
2,1,0.5044165,1
2,1,0.5035568,1
2,1,0.507315,1
2,1,0.5013371,1
2,1,0.50455457,1
2,1,0.5041521,1
2,1,0.50086963,1
2,1,0.50140715,1
2,1,0.50370616,1
2,1,0.50368875,1
2,1,0.50410837,1
2,1,0.50436616,1
2,1,0.5040539,1
2,1,0.5036829,1
2,1,0.5021939,1
2,1,0.50349736,1
2,1,0.5028998,1
2,1,0.49945614,0
2,1,0.50148374,1
2,1,0.4471432,0
2,1,0.44969866,0
2,1,0.4486115,0
2,1,0.45839515,0
2,1,0.4569333,0
2,1,0.45679167,0
2,1,0.45667306,0
2,1,0.45143917,0
2,1,0.44397035,0
2,1,0.4469545,0
2,1,0.43775827,0
2,1,0.45401406,0
2,1,0.44659653,0
2,1,0.45442846,0
2,1,0.4390077,0
2,1,0.4457444,0
2,1,0.44457018,0
2,1,0.4293915,0
2,1,0.43272716,0
2,1,0.42715207,0
2,1,0.44552088,0
2,1,0.4322905,0
2,1,0.42329085,0
2,1,0.42009002,0
2,1,0.4306816,0
2,1,0.42699665,0
2,1,0.42029667,0
2,1,0.43197042,0
2,1,0.41520637,0
2,1,0.41138387,0
2,1,0.42122516,0
2,1,0.42797568,0
2,1,0.4305457,0
2,1,0.440891,0
2,1,0.40569884,0
2,1,0.41465423,0
2,1,0.41750902,0
2,1,0.40879536,0
2,1,0.42363042,0
2,1,0.40932155,0
2,1,0.42007625,0
2,1,0.42613247,0
2,1,0.40619156,0
2,1,0.42434734,0
2,1,0.4186538,0
2,1,0.42374837,0
2,1,0.40774742,0
2,1,0.41755757,0
2,1,0.40818712,0
2,1,0.4107247,0
2,1,0.42456216,0
2,1,0.4086113,0
2,1,0.40197513,0
2,1,0.4184836,0
2,1,0.4134922,0
2,1,0.40734172,0
2,1,0.43417823,0
2,1,0.42576557,0
2,1,0.40796736,0
2,1,0.41357425,0
2,1,0.4054891,0
2,1,0.41335168,0
2,1,0.41233176,0
2,1,0.40674478,0
2,1,0.41987392,0
2,1,0.40127462,0
2,1,0.41465577,0
2,1,0.41782984,0
2,1,0.4066851,0
2,1,0.41742513,0
2,1,0.41778576,0
2,1,0.42037344,0
2,1,0.4187237,0
2,1,0.40940428,0
2,1,0.4132549,0
2,1,0.41268918,0
2,1,0.4222836,0
2,1,0.4310343,0
2,1,0.45869073,0
2,1,0.40921763,0
2,1,0.45055926,0
2,1,0.43328518,0
2,1,0.47196424,0
2,1,0.5087733,1
2,1,0.50711936,1
2,1,0.50781995,1
2,1,0.50858295,1
2,1,0.511279,1
2,1,0.51102054,1
2,1,0.5099415,1
2,1,0.5086277,1
2,1,0.51401997,1
2,1,0.5093033,1
2,1,0.5094926,1
2,1,0.5119189,1
2,1,0.5102954,1
2,1,0.5293755,1
2,1,0.5292456,1
2,1,0.52777237,1
2,1,0.52823263,1
2,1,0.5287689,1
2,1,0.52964604,1
2,1,0.5267969,1
2,1,0.52910537,1
2,1,0.5270014,1
2,1,0.5283206,1
2,1,0.52590406,1
2,1,0.5271965,1
2,1,0.52813685,1
2,1,0.5277151,1
2,1,0.5242412,1
2,1,0.5291031,1
2,1,0.5278978,1
2,1,0.5258899,1
2,1,0.52631587,1
2,1,0.5364299,1
2,1,0.5334857,1
2,1,0.5351814,1
2,1,0.5354598,1
2,1,0.53414303,1
2,1,0.5314597,1
2,1,0.5333152,1
2,1,0.53111887,1
2,1,0.53467685,1
2,1,0.53152543,1
2,1,0.5333684,1
2,1,0.5351925,1
2,1,0.5316603,1
2,1,0.5325327,1
2,1,0.53575677,1
2,1,0.5352706,1
2,1,0.53289586,1
2,1,0.5333704,1
2,1,0.5333357,1
2,1,0.532685,1
2,1,0.5326033,1
2,1,0.53470725,1
2,1,0.53355783,1
2,1,0.53545517,1
2,1,0.53338426,1
2,1,0.53546983,1
2,1,0.53314435,1
2,1,0.5364811,1
2,1,0.53305525,1
2,1,0.53166705,1
2,1,0.53147715,1
2,0,0.53152883,1
2,0,0.53028196,1
2,0,0.5321996,1
2,0,0.5330038,1
2,0,0.531163,1
2,0,0.5349535,1
2,0,0.53587604,1
2,0,0.532594,1
2,0,0.53505534,1
2,0,0.5324398,1
2,0,0.5339278,1
2,0,0.5325569,1
2,0,0.53314286,1
2,0,0.53182447,1
2,0,0.5322043,1
2,0,0.53296494,1
2,0,0.5316178,1
2,0,0.533491,1
2,0,0.5338192,1
2,0,0.5316009,1
2,0,0.5298053,1
2,0,0.5307127,1
2,0,0.5309615,1
2,0,0.53092796,1
2,0,0.5344257,1
2,0,0.53258324,1
2,0,0.5336217,1
2,0,0.53317714,1
2,0,0.5331835,1
2,0,0.53346014,1
2,0,0.533469,1
2,0,0.53381175,1
2,0,0.53351575,1
2,0,0.53421146,1
2,0,0.5330712,1
2,0,0.53335035,1
2,0,0.5326125,1
2,0,0.53228945,1
2,0,0.5306408,1
2,0,0.53210515,1
2,0,0.53248453,1
2,0,0.5316154,1
2,0,0.53208894,1
2,0,0.53166723,1
2,0,0.5340444,1
2,0,0.5339131,1
2,0,0.5332432,1
2,0,0.5349381,1
2,0,0.5328753,1
2,1,0.5218576,1
2,1,0.5244632,1
2,1,0.52372324,1
2,1,0.52307826,1
2,1,0.521303,1
2,1,0.5205579,1
2,1,0.5224558,1
2,1,0.5197766,1
2,1,0.5226933,1
2,1,0.51929295,1
2,1,0.519429,1
2,1,0.52151465,1
2,1,0.5212952,1
2,1,0.5222595,1
2,1,0.521316,1
2,1,0.5159292,1
2,1,0.5205035,1
2,1,0.5201782,1
2,1,0.5155955,1
2,1,0.5184497,1
2,1,0.51407415,1
2,1,0.51998156,1
2,1,0.5207544,1
2,1,0.5257998,1
2,1,0.5210584,1
2,1,0.51761407,1
2,1,0.5200333,1
2,1,0.5215523,1
2,1,0.52050817,1
2,1,0.52106,1
2,1,0.52226186,1
2,1,0.51623064,1
2,1,0.51850563,1
2,1,0.5168842,1
2,1,0.518135,1
2,1,0.5204993,1
2,1,0.5173519,1
2,1,0.5144111,1
2,1,0.5153816,1
2,1,0.51745117,1
2,1,0.51242125,1
2,1,0.5174358,1
2,1,0.5237508,1
2,1,0.5167698,1
2,1,0.5168312,1
2,1,0.5174186,1
2,1,0.52184504,1
2,1,0.51800215,1
2,1,0.51384383,1
2,1,0.51551026,1
2,1,0.512044,1
2,1,0.51651484,1
2,1,0.51483643,1
2,1,0.50954574,1
2,1,0.5213359,1
2,1,0.5185252,1
2,1,0.51586616,1
2,1,0.51456887,1
2,1,0.5120871,1
2,1,0.515455,1
2,1,0.5126965,1
2,1,0.51000994,1
2,1,0.51295215,1
2,1,0.5116907,1
2,1,0.51227826,1
2,1,0.51420593,1
2,1,0.5133946,1
2,1,0.51196617,1
2,1,0.5076803,1
2,1,0.51798385,1
2,1,0.5071577,1
2,1,0.50794953,1
2,1,0.50721985,1
2,1,0.51511925,1
2,1,0.51396346,1
2,1,0.5097338,1
2,1,0.515194,1
2,1,0.5114854,1
2,1,0.50983596,1
2,1,0.51032263,1
2,1,0.51192594,1
2,1,0.5120712,1
2,1,0.51071936,1
2,1,0.5129774,1
2,1,0.51212424,1
2,1,0.51343733,1
2,1,0.5154534,1
2,1,0.5125713,1
2,1,0.51665074,1
2,1,0.51227015,1
2,1,0.5125184,1
2,1,0.51057744,1
2,1,0.5097975,1
2,1,0.5140966,1
2,0,0.51941764,1
2,0,0.526036,1
2,0,0.5228803,1
2,0,0.52332395,1
2,0,0.5226396,1
2,0,0.52428323,1
2,0,0.52545893,1
2,0,0.5204859,1
2,0,0.5216147,1
2,0,0.52436244,1
2,0,0.5224294,1
2,0,0.52566034,1
2,0,0.52445024,1
2,0,0.5242332,1
2,0,0.5235304,1
2,0,0.5276373,1
2,0,0.5307613,1
2,0,0.5299462,1
2,0,0.52402455,1
2,0,0.5226945,1
2,0,0.52555865,1
2,0,0.5274163,1
2,0,0.52580315,1
2,0,0.5247649,1
2,0,0.5239926,1
2,0,0.52253616,1
2,0,0.5259113,1
2,0,0.5255733,1
2,0,0.5193696,1
2,0,0.522613,1
2,0,0.5267489,1
2,0,0.52222526,1
2,0,0.52208143,1
2,0,0.52385587,1
2,0,0.5210247,1
2,0,0.52210885,1
2,0,0.5221551,1
2,0,0.5210047,1
2,0,0.5204383,1
2,0,0.5202556,1
2,0,0.5224437,1
2,0,0.5204702,1
2,0,0.5246383,1
2,0,0.5216678,1
2,0,0.5242127,1
2,0,0.52332294,1
2,0,0.5232492,1
2,0,0.5275101,1
2,0,0.5268294,1
2,0,0.52360743,1
2,0,0.5226912,1
2,0,0.52246684,1
2,0,0.52653384,1
2,0,0.524282,1
2,0,0.52175987,1
2,0,0.522323,1
2,0,0.5202589,1
2,0,0.52173036,1
2,0,0.52195317,1
2,0,0.52150697,1
2,0,0.5225882,1
2,0,0.5248288,1
2,0,0.5239061,1
2,0,0.52433115,1
2,0,0.5246862,1
2,0,0.52431345,1
2,0,0.52349263,1
2,0,0.51926446,1
2,0,0.5210688,1
2,1,0.54094666,1
2,1,0.537828,1
2,1,0.5392171,1
2,1,0.53632426,1
2,1,0.53900117,1
2,1,0.5396745,1
2,1,0.53615725,1
2,1,0.53883934,1
2,1,0.5386284,1
2,1,0.53659666,1
2,1,0.5388845,1
2,1,0.540476,1
2,1,0.5420094,1
2,1,0.54157734,1
2,1,0.53877985,1
2,1,0.5391032,1
2,1,0.5378085,1
2,1,0.5382893,1
2,1,0.53466445,1
2,1,0.536492,1
2,1,0.5389404,1
2,1,0.53483135,1
2,1,0.5353648,1
2,1,0.53678536,1
2,1,0.5374044,1
2,1,0.5362218,1
2,1,0.53761286,1
2,1,0.5359347,1
2,1,0.535978,1
2,1,0.5337171,1
2,1,0.5340225,1
2,1,0.48699299,0
2,1,0.4869859,0
2,1,0.48446554,0
2,1,0.48587927,0
2,1,0.49207208,0
2,1,0.4948656,0
2,1,0.49275255,0
2,1,0.48848704,0
2,1,0.4859814,0
2,1,0.4927661,0
2,1,0.48645067,0
2,1,0.48355177,0
2,1,0.48772356,0
2,0,0.51262295,1
2,0,0.50783247,1
2,0,0.5065345,1
2,0,0.50692433,1
2,0,0.50345135,1
2,0,0.50613594,1
2,0,0.50777614,1
2,0,0.5069506,1
2,0,0.50573003,1
2,0,0.50578475,1
2,0,0.5076906,1
2,0,0.50773907,1
2,0,0.50808233,1
2,0,0.5059145,1
2,0,0.50733745,1
2,0,0.50789195,1
2,0,0.5088239,1
2,0,0.50632626,1
2,0,0.5080911,1
2,0,0.5081643,1
2,0,0.50957406,1
2,0,0.5068612,1
2,0,0.5101092,1
2,0,0.5082537,1
2,0,0.50655895,1
2,0,0.5068701,1
2,0,0.5107983,1
2,0,0.50922436,1
2,0,0.5090947,1
2,0,0.50679636,1
2,0,0.50566185,1
2,0,0.50630057,1
2,0,0.5095425,1
2,0,0.5079693,1
2,0,0.50533956,1
2,0,0.5070078,1
2,0,0.5077317,1
2,0,0.510302,1
2,0,0.50762767,1
2,0,0.5069922,1
2,0,0.5073528,1
2,0,0.50809133,1
2,0,0.5089309,1
2,0,0.5065082,1
2,0,0.5070698,1
2,0,0.5080785,1
2,0,0.5075136,1
2,0,0.50814515,1
2,0,0.5070679,1
2,0,0.5084775,1
2,0,0.5090831,1
2,0,0.5092905,1
2,0,0.50818884,1
2,0,0.5078959,1
2,0,0.5132393,1
2,0,0.51064754,1
2,0,0.50920945,1
2,0,0.507735,1
2,0,0.5084036,1
2,0,0.50886106,1
2,0,0.5076234,1
2,0,0.5078905,1
2,0,0.5112525,1
2,0,0.50911325,1
2,0,0.5104694,1
2,0,0.5103455,1
2,0,0.5100547,1
2,0,0.51094604,1
2,0,0.51100886,1
2,0,0.5102457,1
2,0,0.50797874,1
2,0,0.51111215,1
2,0,0.50782526,1
2,0,0.5095251,1
2,0,0.5067991,1
2,0,0.5097174,1
2,0,0.5094067,1
2,0,0.51064783,1
2,0,0.5127319,1
2,0,0.5080248,1
2,0,0.5108354,1
2,0,0.5099441,1
2,0,0.507944,1
2,0,0.50803846,1
2,0,0.5112931,1
2,0,0.50575155,1
2,0,0.50653446,1
2,0,0.5053585,1
2,0,0.50616693,1
2,0,0.50638664,1
2,0,0.50472534,1
2,0,0.5043271,1
2,0,0.5041707,1
2,0,0.5031615,1
2,0,0.5058479,1
2,0,0.5060178,1
2,0,0.5051772,1
2,0,0.50678486,1
2,0,0.50545555,1
2,0,0.5040121,1
2,0,0.50622445,1
2,0,0.5085546,1
2,0,0.50587195,1
2,0,0.50823104,1
2,0,0.50538033,1
2,0,0.50743973,1
2,0,0.50865173,1
2,0,0.50649124,1
2,0,0.50744975,1
2,0,0.507937,1
2,0,0.5074434,1
2,0,0.5098105,1
2,0,0.50957495,1
2,0,0.51047444,1
2,0,0.5103938,1
2,0,0.5089269,1
2,0,0.5068198,1
2,0,0.50854576,1
2,0,0.50881016,1
2,0,0.510375,1
2,0,0.50707376,1
2,0,0.5111257,1
2,0,0.50640154,1
2,0,0.5089879,1
2,0,0.50798744,1
2,0,0.5064903,1
2,0,0.5083522,1
2,0,0.5080818,1
2,0,0.506371,1
2,0,0.50825065,1
2,0,0.5079896,1
2,0,0.50785357,1
2,0,0.5085422,1
2,0,0.50829536,1
2,0,0.5063419,1
2,0,0.50770324,1
2,0,0.5060544,1
2,0,0.5085454,1
2,0,0.5097224,1
2,0,0.50894165,1
2,0,0.5093592,1
2,0,0.50983346,1
2,0,0.50923204,1
2,0,0.50885147,1
2,0,0.5092421,1
2,0,0.5099678,1
2,0,0.5088897,1
2,0,0.509121,1
2,0,0.5082234,1
2,0,0.5074545,1
2,0,0.5064937,1
2,0,0.507432,1
2,0,0.50827014,1
2,0,0.5089192,1
2,0,0.50971365,1
2,0,0.5083802,1
2,0,0.50809556,1
2,0,0.50725484,1
2,0,0.51008224,1
2,0,0.5111289,1
2,0,0.5110358,1
2,0,0.50983816,1
2,0,0.5091726,1
2,0,0.50782955,1
2,0,0.50927263,1
2,0,0.50981945,1
2,0,0.5098539,1
2,0,0.5101614,1
2,0,0.5073079,1
2,0,0.50918394,1
2,0,0.50853497,1
2,0,0.5087896,1
2,0,0.50949234,1
2,0,0.51153415,1
2,0,0.5081474,1
2,0,0.51012456,1
2,0,0.5142699,1
2,0,0.5086445,1
2,0,0.50914186,1
2,0,0.5074943,1
2,0,0.5084756,1
2,0,0.50956285,1
2,0,0.50818646,1
2,0,0.5103834,1
2,0,0.5098635,1
2,0,0.5092838,1
2,0,0.51033914,1
2,0,0.5080532,1
2,0,0.51135486,1
2,0,0.50915426,1
2,0,0.50992423,1
2,0,0.5093458,1
2,0,0.50861496,1
2,0,0.5079203,1
2,0,0.5122108,1
2,0,0.5089378,1
2,0,0.5082274,1
2,0,0.50688016,1
2,0,0.509017,1
2,0,0.5079594,1
2,0,0.5090091,1
2,0,0.5093647,1
2,0,0.50924355,1
2,0,0.5068066,1
2,0,0.50735813,1
2,0,0.50700855,1
2,0,0.5070036,1
2,0,0.50930655,1
2,0,0.50656396,1
2,0,0.50865185,1
2,0,0.50747055,1
2,0,0.50649565,1
2,0,0.50696445,1
2,0,0.50452423,1
2,0,0.5045728,1
2,0,0.50284654,1
2,0,0.50478005,1
2,0,0.50642055,1
2,0,0.5061178,1
2,0,0.5051926,1
2,0,0.505975,1
2,0,0.50685674,1
2,0,0.5034793,1
2,0,0.50737906,1
2,0,0.50748545,1
2,0,0.5066053,1
2,0,0.50871056,1
2,0,0.5060684,1
2,0,0.5090963,1
2,0,0.5068679,1
2,0,0.50909966,1
2,0,0.5061045,1
2,0,0.50745606,1
2,0,0.50797725,1
2,0,0.50934035,1
2,0,0.5089222,1
2,0,0.5088754,1
2,0,0.5107316,1
2,0,0.50873655,1
2,0,0.5102802,1
2,0,0.51153713,1
2,0,0.50911635,1
2,0,0.5117985,1
2,0,0.5109906,1
2,0,0.5099061,1
2,0,0.5114645,1
2,0,0.5130535,1
2,0,0.50878155,1
2,0,0.50758237,1
2,0,0.5097137,1
2,0,0.5088786,1
2,0,0.5090021,1
2,0,0.508117,1
2,0,0.509605,1
2,0,0.5083282,1
2,0,0.50857526,1
2,0,0.50729966,1
2,0,0.5076391,1
2,0,0.50869197,1
2,0,0.5086334,1
2,0,0.50919586,1
2,0,0.5094345,1
2,0,0.50774145,1
2,0,0.51017755,1
2,0,0.50594276,1
2,0,0.50663394,1
2,0,0.50619966,1
2,0,0.50782686,1
2,0,0.5037415,1
2,0,0.5052568,1
2,0,0.50578004,1
2,0,0.5067562,1
2,0,0.50771767,1
2,0,0.50610673,1
2,0,0.50743246,1
2,0,0.50623906,1
2,0,0.5072225,1
2,0,0.50850254,1
2,0,0.50787973,1
2,0,0.50749326,1
2,0,0.50597006,1
2,0,0.50817627,1
2,0,0.50940776,1
2,0,0.51006687,1
2,0,0.50945044,1
2,0,0.51009256,1
2,0,0.5085442,1
2,0,0.50900275,1
2,0,0.50855064,1
2,0,0.5104985,1
2,0,0.510377,1
2,0,0.5083442,1
2,0,0.51068544,1
2,0,0.50965685,1
2,0,0.5082417,1
2,0,0.5082253,1
2,0,0.50810707,1
2,0,0.5081826,1
2,0,0.50657725,1
2,0,0.5070677,1
2,0,0.5068985,1
2,0,0.5059732,1
2,0,0.50536287,1
2,0,0.5075381,1
2,0,0.50677335,1
2,0,0.5078246,1
2,0,0.5081009,1
2,0,0.5073623,1
2,0,0.50806224,1
2,0,0.5068865,1
2,0,0.51033634,1
2,0,0.50863224,1
2,0,0.50652486,1
2,0,0.50659394,1
2,1,0.50484836,1
2,1,0.50642157,1
2,1,0.50725466,1
2,1,0.507913,1
2,1,0.50873435,1
2,1,0.50793135,1
2,1,0.5078534,1
2,1,0.5080779,1
2,1,0.5063296,1
2,0,0.5068863,1
2,0,0.50753176,1
2,0,0.50757694,1
2,0,0.5085299,1
2,0,0.5063329,1
2,0,0.505382,1
2,0,0.5060015,1
2,0,0.50419694,1
2,0,0.5038077,1
2,0,0.5039192,1
2,0,0.50345343,1
2,0,0.50560045,1
2,0,0.50519884,1
2,0,0.5046238,1
2,0,0.50560683,1
2,0,0.50555223,1
2,0,0.50563425,1
2,0,0.50661576,1
2,0,0.5068197,1
2,0,0.50571483,1
2,0,0.50599825,1
2,0,0.506098,1
2,0,0.5066935,1
2,0,0.50660485,1
2,0,0.5061051,1
2,0,0.5071715,1
2,0,0.50579304,1
2,0,0.50592786,1
2,0,0.50479347,1
2,0,0.5043952,1
2,0,0.5050841,1
2,0,0.50436306,1
2,0,0.5084909,1
2,0,0.50625855,1
2,0,0.5058668,1
2,0,0.5065842,1
2,0,0.50755864,1
2,0,0.5079484,1
2,0,0.50580484,1
2,0,0.5054826,1
2,0,0.5068415,1
2,0,0.506938,1
2,0,0.505619,1
2,0,0.5050617,1
2,0,0.5050866,1
2,0,0.505053,1
2,0,0.50533766,1
2,0,0.505395,1
2,0,0.50726277,1
2,0,0.50609577,1
2,0,0.5062927,1
2,0,0.50485635,1
2,0,0.5071854,1
2,0,0.5071679,1
2,0,0.50565964,1
2,0,0.50526947,1
2,0,0.5059328,1
2,0,0.50683624,1
2,0,0.50856525,1
2,0,0.50852436,1
2,0,0.51185685,1
2,0,0.5063444,1
2,0,0.5061962,1
2,0,0.51035434,1
2,0,0.51303387,1
2,0,0.5057904,1
2,0,0.5083043,1
2,0,0.50562096,1
2,0,0.5044522,1
2,0,0.50840616,1
2,0,0.5110301,1
2,0,0.5076527,1
2,0,0.504062,1
2,0,0.5065158,1
2,0,0.5100897,1
2,0,0.5114234,1
2,0,0.5069345,1
2,0,0.5046979,1
2,0,0.5085906,1
2,0,0.50895196,1
2,0,0.5108132,1
2,0,0.5118134,1
2,0,0.5071651,1
2,0,0.5071559,1
2,0,0.5071014,1
2,0,0.5071366,1
2,0,0.5054455,1
2,0,0.50596976,1
2,0,0.50441176,1
2,0,0.5070586,1
2,0,0.50567013,1
2,0,0.5070802,1
2,0,0.5082729,1
2,0,0.50684345,1
2,0,0.50745636,1
2,0,0.5057381,1
2,0,0.5067715,1
2,0,0.5040312,1
2,0,0.5078879,1
2,0,0.50819635,1
2,0,0.5032737,1
2,0,0.5048937,1
2,0,0.50617564,1
2,0,0.5071727,1
2,0,0.505439,1
2,0,0.5089876,1
2,0,0.50947976,1
2,0,0.5060931,1
2,0,0.50682724,1
2,0,0.50678694,1
2,0,0.5085149,1
2,0,0.5047344,1
2,0,0.5051412,1
2,0,0.50634295,1
2,0,0.505771,1
2,0,0.5067297,1
2,0,0.50566876,1
2,0,0.50734293,1
2,0,0.50772953,1
2,0,0.50696826,1
2,0,0.5065505,1
2,0,0.50659555,1
2,0,0.50657535,1
2,0,0.5061489,1
2,0,0.50644994,1
2,0,0.5056062,1
2,0,0.5083157,1
2,0,0.5065861,1
2,0,0.5063629,1
2,0,0.510116,1
2,0,0.50832754,1
2,0,0.50582343,1
2,0,0.50786763,1
2,0,0.50633967,1
2,0,0.5066491,1
2,0,0.5085438,1
2,0,0.50786597,1
2,0,0.50517386,1
2,0,0.5022152,1
2,0,0.5047558,1
2,0,0.5065282,1
2,0,0.50602645,1
2,0,0.5082779,1
2,0,0.5108629,1
2,0,0.50879425,1
2,0,0.5077351,1
2,0,0.5078197,1
2,0,0.50898993,1
2,0,0.506148,1
2,0,0.5033861,1
2,0,0.50717515,1
2,0,0.50569576,1
2,0,0.5074515,1
2,0,0.5065315,1
2,0,0.5040041,1
2,0,0.50786877,1
2,0,0.50747865,1
2,0,0.5078788,1
2,0,0.5071727,1
2,0,0.50586754,1
2,0,0.50874484,1
2,0,0.51012105,1
2,0,0.50984925,1
2,0,0.5069554,1
2,0,0.50778,1
2,0,0.5074853,1
2,0,0.50892013,1
2,0,0.505351,1
2,0,0.50677264,1
2,0,0.50742525,1
2,0,0.5060313,1
2,0,0.50575805,1
2,0,0.50471693,1
2,0,0.5065336,1
2,0,0.504542,1
2,0,0.5070663,1
2,0,0.50948405,1
2,0,0.50447935,1
2,0,0.5063895,1
2,0,0.5071374,1
2,0,0.50879437,1
2,0,0.50686175,1
2,0,0.50880885,1
2,0,0.5084845,1
2,0,0.5077229,1
2,0,0.50619733,1
2,0,0.5069716,1
2,0,0.5055017,1
2,0,0.5086815,1
2,0,0.50787866,1
2,0,0.511869,1
2,0,0.51164645,1
2,0,0.51066023,1
2,0,0.5105279,1
2,0,0.51335305,1
2,0,0.51189804,1
2,0,0.5121152,1
2,0,0.51009685,1
2,0,0.5068552,1
2,0,0.5055975,1
2,0,0.50734365,1
2,0,0.50780684,1
2,0,0.50898933,1
2,0,0.50935525,1
2,0,0.50901693,1
2,0,0.51047534,1
2,0,0.5062862,1
2,0,0.5042083,1
2,0,0.50337183,1
2,0,0.504667,1
2,0,0.5080985,1
2,0,0.5059824,1
2,0,0.50492316,1
2,0,0.5062615,1
2,0,0.5071934,1
2,0,0.50622946,1
2,0,0.50520957,1
2,0,0.50652313,1
2,0,0.50721544,1
2,0,0.5052523,1
2,0,0.50649023,1
2,0,0.5043588,1
2,0,0.5063165,1
2,0,0.5059925,1
2,0,0.5052814,1
2,0,0.50697917,1
2,0,0.50677013,1
2,0,0.5086258,1
2,0,0.5084551,1
2,0,0.50565606,1
2,0,0.5082968,1
2,0,0.50842124,1
2,0,0.51004004,1
2,0,0.5084906,1
2,0,0.5034393,1
2,0,0.5032489,1
2,0,0.50648683,1
2,0,0.5100878,1
2,0,0.51089185,1
2,0,0.505443,1
2,0,0.5044442,1
2,0,0.5067907,1
2,0,0.5082854,1
2,0,0.5116468,1
2,0,0.50518894,1
2,0,0.51046497,1
2,0,0.5093118,1
2,0,0.5107663,1
2,0,0.50488645,1
2,0,0.50732887,1
2,0,0.5098507,1
2,0,0.5110333,1
2,0,0.51199204,1
2,0,0.51100034,1
2,0,0.50623024,1
2,0,0.50605756,1
2,0,0.509713,1
2,0,0.50893563,1
2,0,0.50691646,1
2,0,0.5088821,1
2,0,0.5152224,1
2,0,0.5062108,1
2,0,0.50696975,1
2,0,0.5149997,1
2,0,0.5103937,1
2,0,0.50932413,1
2,0,0.5171593,1
2,0,0.5117834,1
2,0,0.5063437,1
2,0,0.5086698,1
2,0,0.5086514,1
2,0,0.51080453,1
2,0,0.51004106,1
2,0,0.5183606,1
2,0,0.51261026,1
2,0,0.5068655,1
2,0,0.5073972,1
2,0,0.51236516,1
2,0,0.5196638,1
2,0,0.51098514,1
2,0,0.5067486,1
2,0,0.5078599,1
2,0,0.5090087,1
2,0,0.50854653,1
2,0,0.5089527,1
2,0,0.5098899,1
2,0,0.5127509,1
2,0,0.50676966,1
2,0,0.5086109,1
2,0,0.5069462,1
2,0,0.50876117,1
2,0,0.51014173,1
2,0,0.50878125,1
2,0,0.50824684,1
2,0,0.50762343,1
2,0,0.50703627,1
2,0,0.5090075,1
2,0,0.5087294,1
2,0,0.51077044,1
2,0,0.509653,1
2,0,0.51676726,1
2,0,0.507588,1
2,0,0.5070782,1
2,0,0.50737405,1
2,0,0.5159726,1
2,0,0.5124306,1
2,0,0.5053464,1
2,0,0.50581986,1
2,0,0.5093755,1
2,0,0.509896,1
2,0,0.5101783,1
2,0,0.50800204,1
2,0,0.50891715,1
2,0,0.50877064,1
2,0,0.51026595,1
2,0,0.50993997,1
2,0,0.5093788,1
2,0,0.5063799,1
2,0,0.5033147,1
2,0,0.504206,1
2,0,0.50559205,1
2,0,0.5086249,1
2,0,0.5075118,1
2,0,0.50660104,1
2,0,0.50918436,1
2,0,0.5105672,1
2,0,0.505672,1
2,0,0.50615436,1
2,0,0.5080094,1
2,0,0.50913,1
2,0,0.5052317,1
2,0,0.507456,1
2,0,0.50614893,1
2,0,0.505437,1
2,0,0.5080746,1
2,0,0.5067329,1
2,0,0.5078507,1
2,0,0.50631064,1
2,0,0.5141494,1
2,0,0.50774133,1
2,0,0.50574404,1
2,0,0.5177938,1
2,0,0.5106352,1
2,0,0.5066902,1
2,0,0.50764555,1
2,0,0.5078151,1
2,0,0.513974,1
2,0,0.50475025,1
2,0,0.5052429,1
2,0,0.5038248,1
2,0,0.5038406,1
2,0,0.50162476,1
2,0,0.5003589,1
2,0,0.5035462,1
2,0,0.5065079,1
2,0,0.5059976,1
2,0,0.5049445,1
2,0,0.50879097,1
2,0,0.5075942,1
2,0,0.5043704,1
2,0,0.50718594,1
2,0,0.507579,1
2,0,0.5059697,1
2,0,0.50329036,1
2,0,0.49965152,0
2,0,0.5031049,1
2,0,0.50125796,1
2,0,0.5020487,1
2,0,0.50564003,1
2,0,0.5002852,1
2,0,0.50357205,1
2,0,0.5071648,1
2,0,0.5055002,1
2,0,0.5063189,1
2,0,0.50861114,1
2,0,0.50742465,1
2,0,0.5041346,1
2,0,0.5085521,1
2,0,0.5079546,1
2,0,0.50792897,1
2,0,0.5019724,1
2,0,0.50538844,1
2,0,0.51039684,1
2,0,0.5047286,1
2,0,0.5055896,1
2,0,0.5075501,1
2,0,0.509815,1
2,0,0.51022667,1
2,0,0.50329196,1
2,0,0.50368905,1
2,0,0.5044025,1
2,0,0.50544727,1
2,0,0.50505954,1
2,0,0.50669456,1
2,0,0.5037869,1
2,0,0.50420606,1
2,0,0.5059586,1
2,0,0.5030146,1
2,0,0.50758135,1
2,0,0.50596255,1
2,0,0.503526,1
2,0,0.50336784,1
2,0,0.50530934,1
2,0,0.5051142,1
2,0,0.5070982,1
2,0,0.5033759,1
2,0,0.5042793,1
2,0,0.5042823,1
2,0,0.5018348,1
2,0,0.5007851,1
2,0,0.5028983,1
2,0,0.5026937,1
2,0,0.5082347,1
2,0,0.5017282,1
2,0,0.50439775,1
2,0,0.5015739,1
2,0,0.5030902,1
2,0,0.5049139,1
2,0,0.50146055,1
2,0,0.5013347,1
2,0,0.5041071,1
2,0,0.50539166,1
2,0,0.50356716,1
2,0,0.5034142,1
2,0,0.50673896,1
2,0,0.50768113,1
2,0,0.50360096,1
2,0,0.5042748,1
2,0,0.50373065,1
2,0,0.50422406,1
2,0,0.5059128,1
2,0,0.5083696,1
2,0,0.50343007,1
2,0,0.5046505,1
2,0,0.50810105,1
2,0,0.5063208,1
2,0,0.5016952,1
2,0,0.5034743,1
2,0,0.5021532,1
2,0,0.5033973,1
2,0,0.50663954,1
2,0,0.50183606,1
2,0,0.50215906,1
2,0,0.5071961,1
2,0,0.5024344,1
2,0,0.50013566,1
2,0,0.50621456,1
2,0,0.50813586,1
2,0,0.5022345,1
2,0,0.5023978,1
2,0,0.5049467,1
2,0,0.50311965,1
2,0,0.50593424,1
2,0,0.50646096,1
2,0,0.5049358,1
2,0,0.5026461,1
2,0,0.5039998,1
2,0,0.50288457,1
2,0,0.5023184,1
2,0,0.5030095,1
2,0,0.50369906,1
2,0,0.50075084,1
2,0,0.49880904,0
2,0,0.5038266,1
2,0,0.5030066,1
2,0,0.5065516,1
2,0,0.502229,1
2,0,0.503326,1
2,0,0.50422806,1
2,0,0.5057619,1
2,0,0.5044489,1
2,0,0.50768536,1
2,0,0.5047932,1
2,0,0.5049932,1
2,0,0.5046315,1
2,0,0.5063402,1
2,0,0.50511587,1
2,0,0.50549513,1
2,0,0.50637764,1
2,0,0.50566095,1
2,0,0.50516135,1
2,0,0.50429994,1
2,0,0.5070915,1
2,0,0.5086426,1
2,0,0.5074071,1
2,0,0.50558615,1
2,0,0.50445616,1
2,0,0.5068807,1
2,0,0.5098227,1
2,0,0.5078178,1
2,0,0.5064902,1
2,0,0.5042949,1
2,0,0.5085095,1
2,0,0.5058604,1
2,0,0.50661117,1
2,0,0.50538456,1
2,0,0.5058697,1
2,0,0.5058749,1
2,0,0.5046364,1
2,0,0.5067302,1
2,0,0.5062685,1
2,0,0.50835997,1
2,0,0.5080957,1
2,0,0.5075982,1
2,0,0.50533223,1
2,0,0.5075509,1
2,0,0.5089267,1
2,0,0.5038639,1
2,0,0.5049322,1
2,0,0.50429064,1
2,0,0.5028873,1
2,0,0.50661755,1
2,0,0.5064496,1
2,0,0.50284475,1
2,0,0.5062951,1
2,0,0.5081329,1
2,0,0.5064324,1
2,0,0.50716484,1
2,0,0.5079721,1
2,0,0.50666,1
2,0,0.50631523,1
2,0,0.505601,1
2,0,0.5062813,1
2,0,0.5045876,1
2,0,0.5068491,1
2,0,0.5102361,1
2,0,0.507308,1
2,0,0.5076319,1
2,0,0.5065014,1
2,0,0.50598663,1
2,0,0.50540286,1
2,0,0.50938606,1
2,0,0.50349647,1
2,0,0.50622714,1
2,0,0.5034389,1
2,0,0.50306374,1
2,0,0.5071207,1
2,0,0.50705093,1
2,0,0.50165313,1
2,0,0.5037308,1
2,0,0.50365627,1
2,0,0.5040424,1
2,0,0.50799984,1
2,0,0.5084254,1
2,0,0.5066298,1
2,0,0.506101,1
2,0,0.5071907,1
2,0,0.5064194,1
2,0,0.50833356,1
2,0,0.5099538,1
2,0,0.5069312,1
2,0,0.50727403,1
2,0,0.50324285,1
2,0,0.5021441,1
2,0,0.50369996,1
2,0,0.50301445,1
2,0,0.5077755,1
2,0,0.50263286,1
2,0,0.5028228,1
2,0,0.50489116,1
2,0,0.5041013,1
2,0,0.5067577,1
2,0,0.5060512,1
2,0,0.50302035,1
2,0,0.5041986,1
2,0,0.50563544,1
2,0,0.5044149,1
2,0,0.50501895,1
2,0,0.5018012,1
2,0,0.50128233,1
2,0,0.5036596,1
2,0,0.5046472,1
2,0,0.5058146,1
2,0,0.505118,1
2,0,0.50910366,1
2,0,0.50523305,1
2,0,0.50429577,1
2,0,0.5081372,1
2,0,0.5033651,1
2,0,0.5039378,1
2,0,0.50815016,1
2,0,0.50414693,1
2,0,0.502832,1
2,0,0.5034759,1
2,0,0.5075077,1
2,0,0.5038246,1
2,0,0.50225997,1
2,0,0.50289065,1
2,0,0.50664055,1
2,0,0.50550526,1
2,0,0.505326,1
2,0,0.5077201,1
2,0,0.50482005,1
2,0,0.5041608,1
2,0,0.5085466,1
2,0,0.50483406,1
2,0,0.50337124,1
2,0,0.5056861,1
2,0,0.507102,1
2,0,0.5054484,1
2,0,0.5048613,1
2,0,0.5037944,1
2,0,0.505216,1
2,0,0.50895184,1
2,0,0.50878704,1
2,0,0.50590557,1
2,0,0.5085983,1
2,0,0.5066557,1
2,0,0.50448173,1
2,0,0.50557053,1
2,0,0.50104487,1
2,0,0.5003467,1
2,0,0.50196517,1
2,0,0.50305754,1
2,0,0.50180966,1
2,0,0.503677,1
2,0,0.50770086,1
2,0,0.5006257,1
2,0,0.5006456,1
2,0,0.5021393,1
2,0,0.50202566,1
2,0,0.5014695,1
2,0,0.5039539,1
2,0,0.5028917,1
2,0,0.50177044,1
2,0,0.5033854,1
2,0,0.5051271,1
2,0,0.50130206,1
2,0,0.5030665,1
2,0,0.50438136,1
2,0,0.5056919,1
2,0,0.5061855,1
2,0,0.5044657,1
2,0,0.5033961,1
2,0,0.5046733,1
2,0,0.50839263,1
2,0,0.50630456,1
2,0,0.5058918,1
2,0,0.5061078,1
2,0,0.50641155,1
2,0,0.50644666,1
2,0,0.5032913,1
2,0,0.50280815,1
2,0,0.5028484,1
2,0,0.5001224,1
2,0,0.5018443,1
2,0,0.5045902,1
2,0,0.5063863,1
2,0,0.5401422,1
2,0,0.5429075,1
2,0,0.5416016,1
2,0,0.5374535,1
2,0,0.5445258,1
2,0,0.542849,1
2,0,0.54675674,1
2,0,0.54393035,1
2,0,0.54315126,1
2,0,0.54476917,1
2,0,0.5394653,1
2,0,0.5387896,1
2,0,0.53990424,1
2,0,0.54307944,1
2,0,0.54166955,1
2,0,0.54443645,1
2,0,0.5434323,1
2,0,0.54107773,1
2,0,0.54429156,1
2,0,0.5467756,1
2,0,0.5429197,1
2,0,0.5441219,1
2,0,0.5410528,1
2,0,0.5418128,1
2,0,0.5424475,1
2,0,0.5402537,1
2,0,0.5427407,1
2,0,0.5428965,1
2,0,0.5414965,1
2,0,0.54371643,1
2,0,0.5445654,1
2,0,0.5437899,1
2,0,0.5408524,1
2,0,0.5453432,1
2,0,0.5426463,1
2,0,0.54266626,1
2,0,0.54026043,1
2,0,0.5425413,1
2,0,0.542615,1
2,0,0.545332,1
2,0,0.5414006,1
2,0,0.545624,1
2,0,0.5441347,1
2,0,0.5395715,1
2,1,0.5404971,1
2,1,0.53798854,1
2,1,0.54310274,1
2,1,0.54462427,1
2,1,0.5401043,1
2,1,0.53698885,1
2,1,0.5257934,1
2,1,0.52195686,1
2,1,0.52315164,1
2,1,0.5251133,1
2,1,0.5261818,1
2,1,0.5282845,1
2,1,0.5227841,1
2,1,0.5253487,1
2,1,0.52371466,1
2,1,0.52476877,1
2,1,0.52478945,1
2,1,0.5272596,1
2,1,0.5252286,1
2,1,0.5291647,1
2,1,0.5289529,1
2,1,0.52807593,1
2,1,0.5261919,1
2,1,0.5259846,1
2,1,0.52411556,1
2,1,0.52615416,1
2,1,0.52197564,1
2,1,0.51895434,1
2,1,0.52945405,1
2,1,0.52437156,1
2,1,0.5204409,1
2,1,0.52238935,1
2,1,0.5289708,1
2,1,0.52387214,1
2,1,0.5302002,1
2,1,0.5263288,1
2,1,0.52757335,1
2,1,0.5210732,1
2,1,0.52219164,1
2,1,0.5231902,1
2,1,0.5220879,1
2,1,0.52440447,1
2,1,0.52369833,1
2,1,0.52015376,1
2,1,0.5260027,1
2,1,0.5219494,1
2,1,0.51375026,1
2,1,0.5052549,1
2,1,0.50750023,1
2,1,0.50839376,1
2,1,0.51649743,1
2,1,0.51503813,1
2,1,0.5141209,1
2,1,0.51442134,1
2,1,0.5087322,1
2,1,0.51606935,1
2,1,0.51093405,1
2,1,0.51666546,1
2,1,0.52275103,1
2,1,0.5241916,1
2,1,0.5179933,1
2,1,0.51833117,1
2,1,0.51243424,1
2,1,0.49984863,0
2,1,0.5006466,1
2,1,0.5003056,1
2,1,0.50570506,1
2,1,0.50150275,1
2,1,0.50174254,1
2,1,0.5036777,1
2,1,0.49963474,0
2,1,0.5000255,1
2,1,0.49423775,0
2,1,0.50386775,1
2,1,0.5038295,1
2,1,0.5053077,1
2,1,0.5097997,1
2,1,0.5062849,1
2,1,0.50678456,1
2,1,0.5054103,1
2,1,0.5043831,1
2,1,0.5079214,1
2,1,0.5059664,1
2,1,0.5079721,1
2,1,0.5076857,1
2,1,0.5064628,1
2,1,0.50584793,1
2,1,0.5122734,1
2,1,0.5065938,1
2,1,0.5062154,1
2,1,0.51065093,1
2,1,0.5079416,1
2,1,0.5665686,1
2,1,0.56556314,1
2,1,0.5635865,1
2,1,0.5647512,1
2,1,0.57488734,1
2,1,0.5557496,1
2,1,0.55329204,1
2,1,0.55470705,1
2,1,0.5549394,1
2,1,0.5541853,1
2,1,0.5554062,1
2,1,0.5505371,1
2,1,0.55463064,1
2,1,0.555467,1
2,1,0.549127,1
2,1,0.5551228,1
2,1,0.5568531,1
2,1,0.55563724,1
2,1,0.5581092,1
2,1,0.55175817,1
2,1,0.5169802,1
2,1,0.51871943,1
2,1,0.5187255,1
2,1,0.51598537,1
2,1,0.51630557,1
2,1,0.5173634,1
2,1,0.5150819,1
2,1,0.50131726,1
2,1,0.50343263,1
2,1,0.5014017,1
2,1,0.5060355,1
2,1,0.50223625,1
2,1,0.5027281,1
2,1,0.5029655,1
2,1,0.5024457,1
2,1,0.50251955,1
2,1,0.5048643,1
2,1,0.5051025,1
2,1,0.52100945,1
2,1,0.51835805,1
2,1,0.516483,1
2,1,0.51785046,1
2,1,0.5169615,1
2,1,0.5186275,1
2,1,0.5158501,1
2,1,0.52146447,1
2,1,0.5215532,1
2,1,0.5230408,1
2,1,0.5218425,1
2,1,0.51910657,1
2,1,0.5144745,1
2,1,0.5150749,1
2,1,0.51496243,1
2,0,0.5186921,1
2,0,0.5149689,1
2,0,0.51269156,1
2,0,0.51431733,1
2,0,0.5186963,1
2,0,0.51407313,1
2,0,0.5119376,1
2,0,0.51248664,1
2,0,0.51169485,1
2,0,0.5142662,1
2,0,0.51492196,1
2,0,0.5135412,1
2,0,0.5146264,1
2,0,0.5143818,1
2,0,0.51312107,1
2,0,0.5144822,1
2,0,0.51365346,1
2,0,0.5161835,1
2,0,0.5130899,1
2,0,0.5124727,1
2,0,0.5134322,1
2,0,0.5128277,1
2,0,0.51170504,1
2,0,0.51263887,1
2,0,0.512274,1
2,0,0.5109201,1
2,0,0.5110604,1
2,0,0.5107641,1
2,0,0.5111765,1
2,0,0.51262784,1
2,0,0.50951505,1
2,0,0.51172245,1
2,0,0.5102041,1
2,0,0.51141465,1
2,0,0.5087918,1
2,0,0.5109515,1
2,0,0.5100274,1
2,0,0.50863117,1
2,0,0.5080093,1
2,0,0.51122475,1
2,0,0.5059051,1
2,0,0.50763184,1
2,1,0.5083516,1
2,1,0.50733215,1
2,1,0.5086508,1
2,1,0.5100426,1
2,1,0.51216155,1
2,1,0.5112543,1
2,1,0.5116644,1
2,1,0.5086736,1
2,1,0.5091675,1
2,1,0.5100086,1
2,1,0.5086856,1
2,1,0.5082108,1
2,0,0.5528981,1
2,0,0.5561866,1
2,0,0.5488919,1
2,0,0.5451741,1
2,0,0.55381715,1
2,0,0.54337347,1
2,0,0.5439424,1
2,0,0.54724765,1
2,0,0.5518309,1
2,0,0.5575465,1
2,0,0.5518385,1
2,0,0.55720687,1
2,0,0.54924774,1
2,1,0.5371238,1
2,1,0.53547496,1
2,1,0.5384354,1
2,1,0.535355,1
2,1,0.5337036,1
2,1,0.5388797,1
2,1,0.5378804,1
2,1,0.5353031,1
2,1,0.5392167,1
2,1,0.5371541,1
2,1,0.53289455,1
2,1,0.5337345,1
2,1,0.5359009,1
2,1,0.53546137,1
2,1,0.53944105,1
2,1,0.54151106,1
2,1,0.54126245,1
2,1,0.5405162,1
2,1,0.5404071,1
2,1,0.53786135,1
2,1,0.53796583,1
2,1,0.5358283,1
2,1,0.5335131,1
2,1,0.5343513,1
2,1,0.5349376,1
2,1,0.53339314,1
2,1,0.5369533,1
2,1,0.5349946,1
2,1,0.5361173,1
2,1,0.5345479,1
2,1,0.53631425,1
2,1,0.53550386,1
2,1,0.53583425,1
2,1,0.5357426,1
2,1,0.5355339,1
2,1,0.53528565,1
2,1,0.5374172,1
2,1,0.5351132,1
2,1,0.5347889,1
2,1,0.53862673,1
2,1,0.5341573,1
2,1,0.53485525,1
2,1,0.53514665,1
2,1,0.40619153,0
2,1,0.42434728,0
2,1,0.4186538,0
2,1,0.42374834,0
2,1,0.40774742,0
2,1,0.41755757,0
2,1,0.40818712,0
2,1,0.4107247,0
2,1,0.42456213,0
2,1,0.4086113,0
2,1,0.40197515,0
2,1,0.46457803,0
2,1,0.47643358,0
2,1,0.47152093,0
2,1,0.45036253,0
2,1,0.4119019,0
2,1,0.48451903,0
2,1,0.48457605,0
2,1,0.4531912,0
2,1,0.4510165,0
2,1,0.46227482,0
2,1,0.46841443,0
2,1,0.45255467,0
2,1,0.47361335,0
2,1,0.41533923,0
2,1,0.4461007,0
2,1,0.44592398,0
2,1,0.41219476,0
2,1,0.4214577,0
2,1,0.42836976,0
2,1,0.4154889,0
2,1,0.42944634,0
2,1,0.41679573,0
2,1,0.41050115,0
2,1,0.4147534,0
2,1,0.446067,0
2,1,0.41384923,0
2,1,0.44453686,0
2,1,0.41357425,0
2,1,0.40548912,0
2,1,0.41335168,0
2,1,0.41233173,0
2,1,0.40674478,0
2,1,0.41987395,0
2,1,0.40127462,0
2,1,0.41465577,0
2,1,0.5081484,1
2,1,0.508827,1
2,1,0.50766516,1
2,1,0.51111174,1
2,1,0.50732726,1
2,1,0.5110647,1
2,1,0.5044389,1
2,1,0.5096196,1
2,1,0.50770533,1
2,1,0.51090235,1
2,1,0.5093183,1
2,1,0.50849414,1
2,1,0.51317865,1
2,1,0.50974345,1
2,1,0.51011366,1
2,1,0.5093753,1
2,1,0.5059474,1
2,1,0.51060045,1
2,1,0.5081283,1
2,1,0.5064722,1
2,1,0.50675464,1
2,1,0.50611436,1
2,1,0.51039493,1
2,1,0.5101918,1
2,0,0.5002256,1
2,0,0.5020527,1
2,0,0.50471586,1
2,0,0.50479865,1
2,0,0.5055835,1
2,0,0.503857,1
2,0,0.5033108,1
2,0,0.5043488,1
2,0,0.5066868,1
2,0,0.50602895,1
2,0,0.50622463,1
2,0,0.50826603,1
2,0,0.50610757,1
2,0,0.50712764,1
2,0,0.5046446,1
2,0,0.5072672,1
2,0,0.5086328,1
2,0,0.50287277,1
2,0,0.5048352,1
2,0,0.5019913,1
2,0,0.504122,1
2,0,0.50280946,1
2,0,0.5032112,1
2,0,0.5022067,1
2,0,0.5054221,1
2,0,0.5010209,1
2,0,0.5026371,1
2,0,0.5037924,1
2,0,0.5043989,1
2,0,0.50611156,1
2,1,0.5055343,1
2,1,0.5012794,1
2,1,0.5044407,1
2,1,0.50364363,1
2,1,0.50442183,1
2,1,0.50631374,1
2,1,0.50641286,1
2,1,0.50421333,1
2,1,0.50491816,1
2,1,0.5044103,1
2,1,0.5045622,1
2,1,0.5062963,1
2,1,0.50730914,1
2,1,0.50267214,1
2,1,0.5050316,1
2,1,0.5031519,1
2,1,0.509078,1
2,1,0.5021132,1
2,1,0.5063049,1
2,1,0.5089974,1
2,1,0.5015348,1
2,1,0.50673634,1
2,1,0.5088801,1
2,1,0.50456965,1
2,1,0.5063051,1
2,1,0.50555134,1
2,1,0.5059124,1
2,1,0.50307786,1
2,1,0.50480753,1
2,1,0.50547445,1
2,1,0.5056163,1
2,1,0.5121284,1
2,1,0.5056484,1
2,1,0.501987,1
2,1,0.50321895,1
2,0,0.5041582,1
2,0,0.50449467,1
2,0,0.5070929,1
2,0,0.504063,1
2,0,0.50257605,1
2,0,0.50332963,1
2,0,0.5063456,1
2,0,0.50443125,1
2,0,0.50261706,1
2,0,0.5044163,1
2,0,0.5042532,1
2,0,0.50268584,1
2,0,0.50689906,1
2,0,0.50420535,1
2,0,0.5098024,1
2,0,0.50405604,1
2,0,0.503427,1
2,0,0.5026219,1
2,0,0.5027161,1
2,0,0.50626177,1
2,0,0.5069542,1
2,0,0.5051534,1
2,1,0.5039638,1
2,1,0.505946,1
2,1,0.50301886,1
2,1,0.5028472,1
2,1,0.50608176,1
2,1,0.5048441,1
2,1,0.50460947,1
2,1,0.5023597,1
2,1,0.50528014,1
2,1,0.50679374,1
2,1,0.50261873,1
2,1,0.49802274,0
2,1,0.503207,1
2,1,0.5033834,1
2,1,0.5019551,1
2,1,0.50271845,1
2,1,0.5042963,1
2,1,0.50496143,1
2,1,0.5082894,1
2,1,0.50352913,1
2,1,0.50938725,1
2,1,0.505559,1
2,1,0.503188,1
2,1,0.5019287,1
2,1,0.50516486,1
2,1,0.50617665,1
2,1,0.5078769,1
2,1,0.505994,1
2,1,0.50745606,1
2,1,0.5044728,1
2,0,0.508239,1
2,0,0.5061111,1
2,0,0.5068241,1
2,0,0.50525826,1
2,0,0.50319815,1
2,0,0.5069927,1
2,0,0.50341445,1
2,0,0.5033333,1
2,0,0.5034219,1
2,0,0.5058678,1
2,0,0.5018571,1
2,0,0.50256723,1
2,0,0.50488055,1
2,0,0.5054109,1
2,0,0.50616765,1
2,1,0.53297853,1
2,1,0.5306666,1
2,1,0.5294004,1
2,1,0.5308618,1
2,1,0.5276342,1
2,1,0.53021896,1
2,1,0.5307957,1
2,1,0.5293732,1
2,1,0.5284343,1
2,1,0.528647,1
2,1,0.53068066,1
2,1,0.5309134,1
2,1,0.52889574,1
2,1,0.5311332,1
2,1,0.52984655,1
2,1,0.5271207,1
2,1,0.529594,1
2,1,0.5267607,1
2,1,0.528846,1
2,1,0.5295929,1
2,1,0.52583313,1
2,1,0.52883875,1
2,1,0.5310554,1
2,1,0.5332772,1
2,1,0.53219044,1
2,1,0.53153604,1
2,1,0.5311371,1
2,1,0.52705127,1
2,1,0.5284036,1
2,1,0.52753174,1
2,1,0.5294279,1
2,1,0.53199416,1
2,1,0.5334162,1
2,1,0.5328342,1
2,1,0.5317336,1
2,1,0.53513104,1
2,1,0.55114466,1
2,1,0.56375647,1
2,1,0.5545376,1
2,1,0.55437434,1
2,1,0.5640311,1
2,1,0.5562826,1
2,1,0.5581931,1
2,1,0.5603716,1
2,1,0.5599609,1
2,1,0.5590016,1
2,1,0.5512223,1
2,1,0.45302787,0
2,1,0.45516318,0
2,1,0.46334633,0
2,1,0.46601942,0
2,1,0.45386243,0
2,1,0.456056,0
2,1,0.45312232,0
2,1,0.45867512,0
2,1,0.44775245,0
2,1,0.4516417,0
2,1,0.45437622,0
2,1,0.45165658,0
2,1,0.45195353,0
2,1,0.40929797,0
2,1,0.40172544,0
2,1,0.4134723,0
2,1,0.4180942,0
2,1,0.40081915,0
2,1,0.40498242,0
2,1,0.41302326,0
2,1,0.40596926,0
2,1,0.45251325,0
2,1,0.40193492,0
2,1,0.5441617,1
2,1,0.53928655,1
2,1,0.40216777,0
2,1,0.5330747,1
2,1,0.40780044,0
2,1,0.5477201,1
2,1,0.5386221,1
2,1,0.5434623,1
2,1,0.4954105,0
2,1,0.5453113,1
2,1,0.5454451,1
2,1,0.54703724,1
2,1,0.5499471,1
2,1,0.54910845,1
2,1,0.5380994,1
2,1,0.54589623,1
2,1,0.5223986,1
2,1,0.54564166,1
2,1,0.40751126,0
2,1,0.53128695,1
2,1,0.5354288,1
2,1,0.52479994,1
2,1,0.5417358,1
2,1,0.5405965,1
2,1,0.40694362,0
2,1,0.5226905,1
2,1,0.42913565,0
2,1,0.4207343,0
2,1,0.45395315,0
2,1,0.40300822,0
2,1,0.4088006,0
2,1,0.41079962,0
2,1,0.4071477,0
2,1,0.40694594,0
2,1,0.4158666,0
2,1,0.41022927,0
2,1,0.4409414,0
2,1,0.43137994,0
2,1,0.43601704,0
2,1,0.43745404,0
2,1,0.4318824,0
2,1,0.4326815,0
2,1,0.43394923,0
2,1,0.42507872,0
2,1,0.43373647,0
2,1,0.4407286,0
2,1,0.4465984,0
2,1,0.43788007,0
2,1,0.4346832,0
2,1,0.4395302,0
2,1,0.44525692,0
2,1,0.44966614,0
2,1,0.44149554,0
2,1,0.45001394,0
2,1,0.44329038,0
2,1,0.45218506,0
2,1,0.44998387,0
2,1,0.4539216,0
2,1,0.45068553,0
2,1,0.44638935,0
2,1,0.4456228,0
2,1,0.4492733,0
2,1,0.43962792,0
2,1,0.44284794,0
2,1,0.44818437,0
2,1,0.57293975,1
2,1,0.56908333,1
2,1,0.5617562,1
2,1,0.5662613,1
2,1,0.5685739,1
2,1,0.56381893,1
2,1,0.5693524,1
2,1,0.5640405,1
2,1,0.56529516,1
2,1,0.56355554,1
2,1,0.5679437,1
2,1,0.5732432,1
2,1,0.5693934,1
2,1,0.56273615,1
2,1,0.56945115,1
2,1,0.56144625,1
2,1,0.5616765,1
2,1,0.5617845,1
2,1,0.56271964,1
2,1,0.5615822,1
2,1,0.5683147,1
2,1,0.5653503,1
2,1,0.56199956,1
2,1,0.5655145,1
2,1,0.5690012,1
2,1,0.56046826,1
2,1,0.560023,1
2,1,0.56937146,1
2,1,0.56025094,1
2,1,0.56224585,1
2,1,0.5668074,1
2,1,0.559738,1
2,1,0.5633105,1
2,1,0.57472086,1
2,1,0.56323725,1
2,1,0.56303585,1
2,1,0.5718241,1
2,1,0.56962746,1
2,1,0.56105274,1
2,1,0.570407,1
2,1,0.56525105,1
2,1,0.56504095,1
2,1,0.5048663,1
2,1,0.50542533,1
2,1,0.5083387,1
2,1,0.50687224,1
2,1,0.5058632,1
2,1,0.50772387,1
2,1,0.5050377,1
2,1,0.5076018,1
2,1,0.5083257,1
2,1,0.50837356,1
2,1,0.51029646,1
2,1,0.5292617,1
2,1,0.533253,1
2,1,0.5309159,1
2,1,0.5292264,1
2,1,0.5305366,1
2,1,0.53146166,1
2,1,0.52915853,1
2,1,0.5302901,1
2,1,0.5300302,1
2,1,0.5315403,1
2,1,0.53069824,1
2,1,0.5320849,1
2,1,0.53149885,1
2,1,0.5344003,1
2,1,0.53289694,1
2,1,0.5329933,1
2,1,0.5278958,1
2,1,0.52787954,1
2,1,0.5285981,1
2,1,0.5292586,1
2,1,0.5293642,1
2,1,0.53102916,1
2,1,0.5129892,1
2,1,0.5091738,1
2,1,0.512758,1
2,1,0.5099342,1
2,1,0.51610047,1
2,1,0.5132444,1
2,1,0.51437914,1
2,1,0.51423144,1
2,1,0.5318428,1
2,1,0.5259239,1
2,1,0.5277147,1
2,1,0.5251581,1
2,1,0.52550465,1
2,1,0.5315158,1
2,1,0.5251368,1
2,1,0.526073,1
2,0,0.5035744,1
2,0,0.50468105,1
2,0,0.502686,1
2,0,0.502246,1
2,0,0.5021,1
2,0,0.5050275,1
2,0,0.50585705,1
2,0,0.5031626,1
2,0,0.502498,1
2,0,0.50715953,1
2,0,0.5034142,1
2,0,0.5007899,1
2,0,0.50194895,1
2,0,0.50321084,1
2,0,0.49924028,0
2,1,0.58332133,1
2,1,0.5803106,1
2,1,0.58261657,1
2,1,0.5849679,1
2,1,0.57583463,1
2,1,0.5774568,1
2,1,0.577052,1
2,1,0.5797272,1
2,1,0.5802741,1
2,1,0.5796601,1
2,1,0.5842285,1
2,1,0.58210045,1
2,1,0.5837173,1
2,1,0.58502,1
2,1,0.5818116,1
2,1,0.58121747,1
2,1,0.5745261,1
2,1,0.57802796,1
2,1,0.5841939,1
2,1,0.5071785,1
2,1,0.50667214,1
2,1,0.5059895,1
2,1,0.50805223,1
2,1,0.5072321,1
2,1,0.50901526,1
2,1,0.5066721,1
2,1,0.51036316,1
2,1,0.5080637,1
2,1,0.5076152,1
2,1,0.50516605,1
2,1,0.5065845,1
2,1,0.50895715,1
2,1,0.5059411,1
2,1,0.5039424,1
2,1,0.51405466,1
2,1,0.5110472,1
2,1,0.5094008,1
2,1,0.5112001,1
2,1,0.51262766,1
2,1,0.50987667,1
2,1,0.51009005,1
2,1,0.51139325,1
2,1,0.5131761,1
2,1,0.511589,1
2,1,0.5094268,1
2,1,0.51094913,1
2,1,0.5094578,1
2,1,0.5100563,1
2,1,0.5082877,1
2,1,0.5095377,1
2,1,0.5079064,1
2,1,0.507531,1
2,1,0.5040772,1
2,1,0.50573987,1
2,1,0.5065965,1
2,1,0.5068256,1
2,1,0.5061045,1
2,1,0.5178334,1
2,1,0.5170853,1
2,1,0.5249762,1
2,1,0.5203985,1
2,1,0.5171546,1
2,1,0.51555365,1
2,1,0.5209679,1
2,1,0.52519137,1
2,1,0.5207584,1
2,1,0.5157519,1
2,1,0.51868886,1
2,1,0.51827,1
2,1,0.514589,1
2,1,0.5228303,1
2,1,0.5183954,1
2,1,0.5051215,1
2,1,0.50880605,1
2,1,0.5065177,1
2,1,0.50573146,1
2,1,0.5054895,1
2,1,0.5058955,1
2,1,0.50547576,1
2,1,0.5051107,1
2,1,0.5053142,1
2,1,0.50663036,1
2,1,0.5048762,1
2,1,0.5049988,1
2,1,0.5027929,1
2,1,0.50403917,1
2,1,0.502238,1
2,1,0.54866016,1
2,1,0.54420185,1
2,1,0.54559964,1
2,1,0.54428905,1
2,1,0.5391635,1
2,1,0.53297096,1
2,1,0.5468647,1
2,1,0.54614997,1
2,1,0.54529375,1
2,1,0.5453963,1
2,1,0.5434924,1
2,1,0.54596406,1
2,1,0.54751194,1
2,1,0.5198092,1
2,1,0.5256382,1
2,1,0.5457938,1
2,1,0.530832,1
2,1,0.54723394,1
2,0,0.50829965,1
2,0,0.5072904,1
2,0,0.5064059,1
2,0,0.5043493,1
2,0,0.5036886,1
2,0,0.50551134,1
2,0,0.50453544,1
2,0,0.5049167,1
2,0,0.5061101,1
2,0,0.5025252,1
2,0,0.50356126,1
2,0,0.5041344,1
2,0,0.50567424,1
2,0,0.504799,1
2,0,0.5042604,1
2,0,0.5503867,1
2,0,0.5430716,1
2,0,0.5391796,1
2,0,0.538652,1
2,0,0.5518521,1
2,0,0.5437265,1
2,0,0.53952193,1
2,0,0.54504156,1
2,0,0.5507426,1
2,0,0.5386115,1
2,0,0.53627,1
2,0,0.548556,1
2,0,0.53345114,1
2,0,0.5419465,1
2,0,0.54070413,1
2,1,0.5307117,1
2,1,0.530985,1
2,1,0.53154725,1
2,1,0.52523357,1
2,1,0.53032136,1
2,1,0.53111035,1
2,1,0.5295351,1
2,1,0.5325155,1
2,1,0.52973723,1
2,1,0.5309232,1
2,1,0.5323108,1
2,1,0.53441596,1
2,1,0.53889996,1
2,1,0.53691417,1
2,1,0.5316751,1
2,1,0.5334295,1
2,1,0.53390074,1
2,1,0.5337031,1
2,1,0.5304065,1
2,1,0.53078234,1
2,1,0.52896476,1
2,1,0.52784055,1
2,1,0.5314347,1
2,1,0.5317428,1
2,1,0.5255527,1
2,1,0.52849245,1
2,1,0.5319823,1
2,1,0.5060619,1
2,1,0.50581455,1
2,1,0.50494313,1
2,1,0.50732,1
2,1,0.50885797,1
2,1,0.5123675,1
2,1,0.50751656,1
2,1,0.5080318,1
2,1,0.5052733,1
2,1,0.50476915,1
2,1,0.50480807,1
2,1,0.5058467,1
2,1,0.5028129,1
2,1,0.50531244,1
2,1,0.50464845,1
2,1,0.5044963,1
2,1,0.5014553,1
2,1,0.50244015,1
2,1,0.5086208,1
3,1,0.6016832,1
3,1,0.6012366,1
3,1,0.6058476,1
3,1,0.605778,1
3,1,0.6026185,1
3,1,0.6025879,1
3,1,0.6007756,1
3,1,0.6030598,1
3,1,0.603522,1
3,1,0.6033428,1
3,1,0.5989396,1
3,1,0.59752506,1
3,1,0.5987748,1
3,1,0.6027041,1
3,1,0.6021806,1
3,1,0.5999096,1
3,1,0.591042,1
3,1,0.59408426,1
3,1,0.58978295,1
3,1,0.5936216,1
3,1,0.59365094,1
3,1,0.5916046,1
3,1,0.5907452,1
3,1,0.5912086,1
3,1,0.5918665,1
3,1,0.5904999,1
3,1,0.59435695,1
3,1,0.5923571,1
3,1,0.5915191,1
3,1,0.5924641,1
3,1,0.5922345,1
3,1,0.5909324,1
3,1,0.59483707,1
3,1,0.595043,1
3,1,0.59250444,1
3,1,0.59438264,1
3,1,0.59099454,1
3,1,0.59513277,1
3,1,0.59228903,1
3,1,0.5938622,1
3,1,0.59138304,1
3,1,0.59280443,1
3,1,0.59115726,1
3,1,0.5911591,1
3,1,0.5914778,1
3,1,0.5927774,1
3,0,0.59267664,1
3,0,0.59251267,1
3,0,0.5918319,1
3,0,0.5911442,1
3,0,0.5938588,1
3,0,0.5916183,1
3,0,0.5890236,1
3,0,0.58994085,1
3,0,0.59032416,1
3,0,0.5924033,1
3,0,0.5901018,1
3,0,0.5936526,1
3,0,0.59074044,1
3,0,0.58967483,1
3,0,0.593782,1
3,0,0.590907,1
3,0,0.59032315,1
3,0,0.5912119,1
3,0,0.58921814,1
3,0,0.58839065,1
3,0,0.5846492,1
3,0,0.59031844,1
3,0,0.5909974,1
3,0,0.58691263,1
3,0,0.5874684,1
3,0,0.5843166,1
3,0,0.5859987,1
3,0,0.5838424,1
3,0,0.5851872,1
3,0,0.5857649,1
3,0,0.5886471,1
3,0,0.58794147,1
3,0,0.58467,1
3,1,0.59017146,1
3,1,0.58659446,1
3,1,0.5903633,1
3,1,0.59215707,1
3,1,0.5919566,1
3,1,0.58751553,1
3,1,0.58980197,1
3,1,0.5891078,1
3,1,0.588435,1
3,1,0.5876242,1
3,1,0.5872876,1
3,1,0.59370494,1
3,1,0.59050924,1
3,1,0.59654844,1
3,1,0.5917026,1
3,1,0.5905266,1
3,1,0.5909098,1
3,1,0.58927184,1
3,1,0.595405,1
3,1,0.5929499,1
3,1,0.5941342,1
3,1,0.5914443,1
3,1,0.5914258,1
3,1,0.5898858,1
3,1,0.58973,1
3,1,0.5927504,1
3,1,0.59068555,1
3,1,0.5909759,1
3,1,0.58893716,1
3,1,0.5875561,1
3,1,0.58736694,1
3,1,0.586152,1
3,1,0.5900983,1
3,1,0.5886163,1
3,1,0.5862098,1
3,1,0.59316915,1
3,1,0.5898586,1
3,1,0.59357536,1
3,1,0.5879608,1
3,1,0.58980894,1
3,1,0.5917976,1
3,1,0.5896851,1
3,1,0.58759725,1
3,1,0.58825964,1
3,1,0.58911234,1
3,1,0.59054357,1
3,1,0.592172,1
3,1,0.58505976,1
3,1,0.59185374,1
3,1,0.5917455,1
3,1,0.5908154,1
3,1,0.58886,1
3,1,0.5918423,1
3,1,0.6029102,1
3,1,0.6021149,1
3,1,0.60569715,1
3,1,0.60444903,1
3,1,0.60199857,1
3,1,0.60372275,1
3,1,0.6017597,1
3,1,0.60233355,1
3,1,0.6027221,1
3,1,0.60591304,1
3,1,0.59958816,1
3,1,0.6042841,1
3,1,0.6040673,1
3,1,0.59920895,1
3,1,0.60134304,1
3,1,0.6057913,1
3,1,0.6050396,1
3,1,0.60330546,1
3,1,0.6027102,1
3,1,0.60223144,1
3,1,0.6030478,1
3,1,0.6020594,1
3,1,0.6016003,1
3,1,0.60092014,1
3,1,0.6044387,1
3,1,0.6014828,1
3,1,0.5977134,1
3,1,0.6023057,1
3,1,0.59921515,1
3,1,0.6023042,1
3,0,0.6012303,1
3,0,0.60086554,1
3,0,0.60184,1
3,0,0.60156643,1
3,0,0.60034287,1
3,0,0.60097563,1
3,0,0.6038504,1
3,0,0.60146505,1
3,0,0.6052663,1
3,0,0.60551196,1
3,0,0.6056128,1
3,0,0.6041612,1
3,0,0.60192317,1
3,1,0.6035834,1
3,1,0.60578805,1
3,1,0.60506743,1
3,1,0.6047792,1
3,1,0.60451204,1
3,1,0.6042338,1
3,1,0.6030854,1
3,1,0.60580486,1
3,1,0.60637814,1
3,1,0.6039019,1
3,1,0.6057446,1
3,1,0.6048815,1
3,1,0.60381573,1
3,1,0.6025273,1
3,1,0.6031915,1
3,1,0.6029974,1
3,1,0.602252,1
3,1,0.6043979,1
3,1,0.6048898,1
3,1,0.6061005,1
3,1,0.6039323,1
3,1,0.6016661,1
3,1,0.6034723,1
3,1,0.6027156,1
3,1,0.6042785,1
3,1,0.6011763,1
3,1,0.6022216,1
3,1,0.6003044,1
3,1,0.60242033,1
3,1,0.6038478,1
3,1,0.60493946,1
3,1,0.5388537,1
3,1,0.53681874,1
3,1,0.53907216,1
3,1,0.5389554,1
3,1,0.54387724,1
3,1,0.5368055,1
3,1,0.5371122,1
3,1,0.58267736,1
3,1,0.58376503,1
3,1,0.5849418,1
3,1,0.5845963,1
3,1,0.58497435,1
3,1,0.582868,1
3,1,0.5864101,1
3,1,0.5825527,1
3,1,0.58403695,1
3,1,0.58446455,1
3,1,0.5848555,1
3,1,0.5867982,1
3,1,0.5875583,1
3,1,0.5869783,1
3,1,0.58731246,1
3,1,0.5839574,1
3,1,0.5879027,1
3,1,0.58709973,1
3,1,0.58482933,1
3,1,0.58546394,1
3,1,0.5874123,1
3,1,0.5812863,1
3,1,0.585589,1
3,1,0.58600175,1
3,0,0.5578879,1
3,0,0.55960023,1
3,0,0.55956125,1
3,0,0.5584838,1
3,0,0.556232,1
3,0,0.55694944,1
3,0,0.5558958,1
3,0,0.5595906,1
3,0,0.56228405,1
3,0,0.5604387,1
3,0,0.5568343,1
3,0,0.55579513,1
3,0,0.5576321,1
3,0,0.5580113,1
3,0,0.5592105,1
3,1,0.5488559,1
3,1,0.55292225,1
3,1,0.5478685,1
3,1,0.5504441,1
3,1,0.5491674,1
3,1,0.5548874,1
3,1,0.55295086,1
3,1,0.55436444,1
3,1,0.55224115,1
3,1,0.5568475,1
3,1,0.5552682,1
3,1,0.5563564,1
3,1,0.55373156,1
3,1,0.58397603,1
3,1,0.58110577,1
3,1,0.5802906,1
3,1,0.58589214,1
3,1,0.5794077,1
3,1,0.57875234,1
3,1,0.5805762,1
3,1,0.5795998,1
3,1,0.5812507,1
3,1,0.58146137,1
3,1,0.5827312,1
3,1,0.583826,1
3,1,0.57950354,1
3,1,0.58361053,1
3,1,0.57817143,1
3,1,0.5836657,1
3,1,0.57729757,1
3,1,0.58503777,1
3,1,0.57840264,1
3,1,0.5809626,1
3,0,0.5762022,1
3,0,0.56918526,1
3,0,0.576762,1
3,0,0.5703946,1
3,0,0.570543,1
3,0,0.57607514,1
3,0,0.57250005,1
3,0,0.5639002,1
3,0,0.5660153,1
3,0,0.5641393,1
3,0,0.5680581,1
3,0,0.56635267,1
3,0,0.56087255,1
3,0,0.5663302,1
3,0,0.56345797,1
3,0,0.5626841,1
3,0,0.56726813,1
3,0,0.56473863,1
3,0,0.56858283,1
3,0,0.56649244,1
3,0,0.5632672,1
3,0,0.5704819,1
3,0,0.5632538,1
3,0,0.5653183,1
3,0,0.56471306,1
3,0,0.5630832,1
3,0,0.5678602,1
3,0,0.56933594,1
3,0,0.56794935,1
3,0,0.56804675,1
3,0,0.5708733,1
3,0,0.5790702,1
3,0,0.5719538,1
3,0,0.5726513,1
3,0,0.5644124,1
3,0,0.5754448,1
3,0,0.56933564,1
3,0,0.56741416,1
3,0,0.5706422,1
3,0,0.5701866,1
3,0,0.5694825,1
3,0,0.5686213,1
3,0,0.5677967,1
3,0,0.5784946,1
3,0,0.56857455,1
3,0,0.5719558,1
3,0,0.5707514,1
3,0,0.56434,1
3,0,0.5680962,1
3,0,0.57063955,1
3,0,0.5665023,1
3,0,0.56613624,1
3,0,0.5679421,1
3,0,0.56927526,1
3,0,0.5692757,1
3,0,0.5706595,1
3,0,0.56416816,1
3,0,0.5652298,1
3,0,0.5626108,1
3,0,0.57172984,1
3,0,0.5710785,1
3,0,0.5704187,1
3,0,0.5698035,1
3,0,0.5716926,1
3,0,0.56977475,1
3,0,0.56547636,1
3,0,0.5734891,1
3,0,0.57046133,1
3,0,0.57016927,1
3,0,0.5614789,1
3,0,0.5714066,1
3,0,0.5705885,1
3,0,0.58024335,1
3,0,0.5680326,1
3,0,0.5738167,1
3,0,0.57184166,1
3,0,0.5688527,1
3,0,0.57309705,1
3,0,0.5684723,1
3,0,0.57267636,1
3,0,0.5701993,1
3,0,0.5712827,1
3,0,0.5730369,1
3,0,0.5735444,1
3,0,0.57659763,1
3,0,0.5729698,1
3,0,0.5849711,1
3,0,0.5796798,1
3,0,0.574314,1
3,0,0.5756553,1
3,0,0.5734771,1
3,0,0.57624346,1
3,0,0.5758423,1
3,0,0.5735065,1
3,0,0.57888424,1
3,0,0.5743544,1
3,0,0.57237387,1
3,0,0.5740521,1
3,0,0.5728427,1
3,0,0.5731363,1
3,0,0.5730437,1
3,0,0.56795764,1
3,0,0.57206994,1
3,0,0.5708638,1
3,0,0.571379,1
3,0,0.57480705,1
3,0,0.5753749,1
3,1,0.57706636,1
3,1,0.5782883,1
3,1,0.579826,1
3,1,0.5815657,1
3,1,0.5805567,1
3,1,0.58022225,1
3,1,0.5812358,1
3,1,0.5797179,1
3,1,0.5812446,1
3,1,0.5808992,1
3,0,0.5771119,1
3,0,0.57781667,1
3,0,0.57727104,1
3,0,0.57855463,1
3,0,0.5733232,1
3,0,0.58199,1
3,0,0.58046675,1
3,0,0.58020586,1
3,0,0.5762953,1
3,0,0.5785749,1
3,0,0.57597756,1
3,0,0.5740018,1
3,0,0.57717234,1
3,0,0.5747009,1
3,0,0.57386017,1
3,0,0.5762173,1
3,0,0.5742016,1
3,0,0.5740805,1
3,0,0.57660013,1
3,0,0.5731545,1
3,0,0.57569325,1
3,0,0.5782217,1
3,0,0.5779805,1
3,0,0.57382756,1
3,0,0.574777,1
3,0,0.5785474,1
3,0,0.5757955,1
3,0,0.57316476,1
3,0,0.5806026,1
3,0,0.57762194,1
3,0,0.5821711,1
3,0,0.57835084,1
3,0,0.57462716,1
3,0,0.5717498,1
3,0,0.57945764,1
3,0,0.5778252,1
3,0,0.56839126,1
3,0,0.5764417,1
3,0,0.5766633,1
3,0,0.57360804,1
3,0,0.57901883,1
3,0,0.5791322,1
3,0,0.5729072,1
3,0,0.57484525,1
3,0,0.5681716,1
3,0,0.5728157,1
3,0,0.571133,1
3,0,0.5705831,1
3,0,0.574285,1
3,0,0.56973624,1
3,0,0.5736365,1
3,0,0.57490593,1
3,0,0.5739875,1
3,0,0.57391423,1
3,0,0.56805795,1
3,0,0.5772203,1
3,0,0.5684063,1
3,0,0.5655633,1
3,0,0.5715658,1
3,0,0.57381797,1
3,0,0.5675675,1
3,0,0.5668063,1
3,0,0.5694511,1
3,0,0.5747032,1
3,0,0.5734847,1
3,0,0.57054454,1
3,0,0.57520455,1
3,0,0.5699666,1
3,0,0.5742074,1
3,0,0.5747262,1
3,0,0.5742881,1
3,0,0.5781614,1
3,0,0.5672214,1
3,0,0.5735768,1
3,0,0.5710569,1
3,0,0.5686831,1
3,0,0.573301,1
3,0,0.5765266,1
3,0,0.57240635,1
3,0,0.5719386,1
3,1,0.57097554,1
3,1,0.56968856,1
3,1,0.5675264,1
3,1,0.5705219,1
3,1,0.5737437,1
3,1,0.5788058,1
3,1,0.5743326,1
3,1,0.5690003,1
3,1,0.5705332,1
3,1,0.5679194,1
3,1,0.575023,1
3,1,0.5704339,1
3,1,0.5743941,1
3,1,0.57078856,1
3,1,0.5792652,1
3,1,0.5718668,1
3,1,0.5779659,1
3,1,0.5811713,1
3,1,0.5756021,1
3,1,0.5736787,1
3,0,0.5726541,1
3,0,0.5742416,1
3,0,0.57193995,1
3,0,0.5702131,1
3,0,0.5721535,1
3,0,0.5718899,1
3,0,0.5738233,1
3,0,0.570699,1
3,0,0.56850684,1
3,0,0.568957,1
3,0,0.5711407,1
3,0,0.5683508,1
3,0,0.5679232,1
3,0,0.56758946,1
3,0,0.57742184,1
3,0,0.56882125,1
3,0,0.5695599,1
3,0,0.56757516,1
3,0,0.56661975,1
3,0,0.57555205,1
3,0,0.5693232,1
3,0,0.5650646,1
3,0,0.5692371,1
3,0,0.5705751,1
3,0,0.5726987,1
3,0,0.56993014,1
3,0,0.5668849,1
3,0,0.5727505,1
3,0,0.5700377,1
3,0,0.5728624,1
3,0,0.5737994,1
3,0,0.58257943,1
3,0,0.5789685,1
3,0,0.5748803,1
3,0,0.57329047,1
3,0,0.57190216,1
3,0,0.57421434,1
3,0,0.5717029,1
3,0,0.5725673,1
3,0,0.57156163,1
3,0,0.57075936,1
3,0,0.56922066,1
3,0,0.57814854,1
3,0,0.57237566,1
3,0,0.58104694,1
3,0,0.5701838,1
3,0,0.579873,1
3,0,0.5722874,1
3,0,0.57067776,1
3,0,0.5711539,1
3,0,0.5797563,1
3,0,0.57619274,1
3,0,0.57566774,1
3,0,0.57584405,1
3,0,0.57880414,1
3,0,0.5792348,1
3,0,0.577423,1
3,0,0.5777502,1
3,0,0.5756254,1
3,0,0.57306486,1
3,0,0.5753948,1
3,0,0.5746029,1
3,0,0.5739683,1
3,0,0.5764656,1
3,0,0.5752637,1
3,0,0.57408214,1
3,0,0.5747886,1
3,0,0.5782614,1
3,0,0.57250684,1
3,0,0.5810394,1
3,1,0.5726423,1
3,1,0.57840073,1
3,1,0.57771444,1
3,1,0.578752,1
3,1,0.57888263,1
3,1,0.58070874,1
3,1,0.58140165,1
3,1,0.5804089,1
3,1,0.5864878,1
3,1,0.58307344,1
3,1,0.5846759,1
3,1,0.5781692,1
3,1,0.58470654,1
3,1,0.5811563,1
3,1,0.58170015,1
3,1,0.5851768,1
3,1,0.58007985,1
3,1,0.5794527,1
3,1,0.57790256,1
3,1,0.5799663,1
3,0,0.5809764,1
3,0,0.57890075,1
3,0,0.5757301,1
3,0,0.57856905,1
3,0,0.5843263,1
3,0,0.5819917,1
3,0,0.5817353,1
3,0,0.5788,1
3,0,0.5843816,1
3,0,0.5824895,1
3,0,0.58248836,1
3,0,0.58083874,1
3,0,0.57986444,1
3,0,0.5835824,1
3,0,0.5832975,1
3,0,0.5832298,1
3,1,0.58432955,1
3,1,0.58046424,1
3,1,0.58420056,1
3,1,0.5820092,1
3,1,0.5764342,1
3,1,0.5824743,1
3,1,0.5802888,1
3,1,0.58405364,1
3,1,0.58707666,1
3,1,0.5799003,1
3,1,0.5765209,1
3,1,0.58482116,1
3,1,0.58465564,1
3,1,0.5798933,1
3,1,0.5802552,1
3,1,0.58123225,1
3,1,0.5779904,1
3,1,0.58399624,1
3,1,0.58339643,1
3,1,0.5803508,1
3,1,0.58013475,1
3,1,0.5843451,1
3,1,0.5862976,1
3,1,0.5848668,1
3,1,0.5829942,1
3,1,0.58132464,1
3,1,0.58394074,1
3,1,0.5832848,1
3,1,0.5837938,1
3,1,0.58448553,1
3,1,0.62770426,1
3,1,0.621479,1
3,1,0.6221596,1
3,1,0.62540334,1
3,1,0.62332433,1
3,1,0.6212051,1
3,1,0.620657,1
3,1,0.624445,1
3,1,0.6101209,1
3,1,0.6189292,1
3,1,0.60926867,1
3,1,0.6260502,1
3,1,0.6263562,1
3,1,0.62605095,1
3,1,0.60787314,1
3,1,0.5828473,1
3,1,0.5870469,1
3,1,0.58280784,1
3,1,0.5859015,1
3,1,0.58788127,1
3,1,0.5845923,1
3,1,0.58171386,1
3,1,0.5837089,1
3,1,0.58554435,1
3,1,0.58480465,1
3,1,0.5880155,1
3,1,0.5849626,1
3,1,0.5832815,1
3,1,0.58464,1
3,1,0.58638066,1
3,1,0.5850291,1
3,1,0.5895679,1
3,1,0.5906559,1
3,1,0.5877025,1
3,1,0.58900297,1
3,1,0.58628297,1
3,1,0.5902334,1
3,1,0.5868012,1
3,1,0.58808094,1
3,1,0.5849498,1
3,1,0.58793384,1
3,1,0.58500874,1
3,1,0.58555907,1
3,1,0.5855023,1
3,1,0.5835221,1
3,1,0.5825561,1
3,1,0.58951277,1
3,1,0.5832569,1
3,1,0.5864365,1
3,1,0.5851687,1
3,1,0.58438,1
3,1,0.58341116,1
3,1,0.5924605,1
3,1,0.5922544,1
3,1,0.58979803,1
3,1,0.58435225,1
3,1,0.59087336,1
3,1,0.5895253,1
3,1,0.5897631,1
3,1,0.5857576,1
3,1,0.592472,1
3,1,0.58558184,1
3,1,0.5900968,1
3,1,0.5918571,1
3,1,0.59056103,1
3,1,0.5904634,1
3,1,0.58105916,1
3,1,0.5798319,1
3,1,0.58173114,1
3,1,0.58271044,1
3,1,0.5813561,1
3,1,0.58186024,1
3,1,0.581251,1
3,1,0.5818116,1
3,1,0.5829012,1
3,1,0.5789635,1
3,1,0.5778713,1
3,1,0.5787696,1
3,0,0.5952995,1
3,0,0.58848137,1
3,0,0.5870393,1
3,0,0.59134096,1
3,0,0.59581554,1
3,0,0.6017391,1
3,0,0.5990521,1
3,0,0.5980639,1
3,0,0.5953695,1
3,0,0.59993374,1
3,0,0.5980763,1
3,0,0.5948823,1
3,0,0.6031267,1
3,0,0.6071016,1
3,0,0.59450996,1
3,0,0.5968828,1
3,0,0.5920142,1
3,0,0.5983828,1
3,0,0.58626026,1
3,0,0.5912887,1
3,1,0.59320843,1
3,1,0.5918787,1
3,1,0.5908998,1
3,1,0.5829052,1
3,1,0.59542966,1
3,1,0.5984911,1
3,1,0.58978415,1
3,1,0.588054,1
3,1,0.5980975,1
3,1,0.59719354,1
3,1,0.5871032,1
3,1,0.59505236,1
3,1,0.5972928,1
3,1,0.60610366,1
3,1,0.5988136,1
3,1,0.6030313,1
3,1,0.59892774,1
3,1,0.59756196,1
3,1,0.59683305,1
3,1,0.59467864,1
3,1,0.60351574,1
3,1,0.6066062,1
3,1,0.60810024,1
3,1,0.6044038,1
3,1,0.6088112,1
3,0,0.5845073,1
3,0,0.60320884,1
3,0,0.6003767,1
3,0,0.58376896,1
3,0,0.5987361,1
3,0,0.60042286,1
3,0,0.5959093,1
3,0,0.5986967,1
3,0,0.5962894,1
3,0,0.58731306,1
3,0,0.5953492,1
3,0,0.6019159,1
3,0,0.59539497,1
3,0,0.5828959,1
3,0,0.6021295,1
3,0,0.6031867,1
3,0,0.5880895,1
3,0,0.59725475,1
3,0,0.5931023,1
3,0,0.5950399,1
3,0,0.58502746,1
3,0,0.6042314,1
3,0,0.58794636,1
3,0,0.5914273,1
3,0,0.6035889,1
3,0,0.60771275,1
3,0,0.59749585,1
3,0,0.5979296,1
3,0,0.5832169,1
3,0,0.59280366,1
3,0,0.59490377,1
3,0,0.59807074,1
3,0,0.603995,1
3,0,0.5942118,1
3,0,0.59639627,1
3,0,0.5900608,1
3,0,0.59580916,1
3,0,0.6049062,1
3,0,0.6078897,1
3,0,0.60786283,1
3,0,0.5979506,1
3,0,0.60566354,1
3,0,0.5920516,1
3,0,0.5976857,1
3,0,0.5931568,1
3,0,0.596557,1
3,0,0.5926294,1
3,0,0.597088,1
3,0,0.60542715,1
3,0,0.6034689,1
3,0,0.5985382,1
3,0,0.5948079,1
3,0,0.5937629,1
3,0,0.5941305,1
3,0,0.5982799,1
3,0,0.60014266,1
3,0,0.58571434,1
3,0,0.5979201,1
3,0,0.59779435,1
3,0,0.598064,1
3,0,0.59874773,1
3,0,0.5853632,1
3,0,0.5926956,1
3,0,0.58853656,1
3,0,0.5927055,1
3,0,0.59887344,1
3,0,0.5875615,1
3,0,0.59617543,1
3,0,0.59782445,1
3,0,0.5976713,1
3,0,0.59440947,1
3,0,0.5941062,1
3,0,0.5958177,1
3,0,0.59946376,1
3,0,0.58893216,1
3,0,0.58581865,1
3,0,0.5955436,1
3,0,0.59643674,1
3,0,0.60350376,1
3,0,0.6004451,1
3,0,0.59234565,1
3,0,0.5896275,1
3,0,0.59713197,1
3,0,0.5896492,1
3,0,0.5936683,1
3,0,0.5929648,1
3,0,0.5945448,1
3,0,0.59706604,1
3,0,0.5971542,1
3,0,0.59863555,1
3,0,0.59179896,1
3,0,0.5884491,1
3,0,0.59593564,1
3,0,0.58996964,1
3,0,0.59468824,1
3,0,0.5898205,1
3,0,0.59429467,1
3,0,0.5858893,1
3,0,0.6009874,1
3,0,0.58821243,1
3,0,0.5813259,1
3,0,0.59353703,1
3,0,0.5982351,1
3,0,0.5883611,1
3,0,0.5962752,1
3,0,0.5938542,1
3,0,0.59247875,1
3,0,0.590944,1
3,0,0.5928092,1
3,0,0.5845658,1
3,0,0.5884854,1
3,0,0.60017693,1
3,0,0.59641314,1
3,0,0.58717304,1
3,0,0.5836007,1
3,0,0.5915922,1
3,0,0.5971,1
3,0,0.5962875,1
3,0,0.5924934,1
3,0,0.5908891,1
3,0,0.59592044,1
3,0,0.5846486,1
3,0,0.5911062,1
3,0,0.5892057,1
3,0,0.5949467,1
3,0,0.58906937,1
3,0,0.5915953,1
3,0,0.59605867,1
3,0,0.5881701,1
3,0,0.5933705,1
3,0,0.58522713,1
3,0,0.5931394,1
3,0,0.59489447,1
3,0,0.5946395,1
3,0,0.5820811,1
3,0,0.59560764,1
3,0,0.59420466,1
3,0,0.5878483,1
3,0,0.5939598,1
3,0,0.60043204,1
3,0,0.5886405,1
3,0,0.5898977,1
3,0,0.59540236,1
3,0,0.59699905,1
3,0,0.5862018,1
3,1,0.5918547,1
3,1,0.5855447,1
3,1,0.58908725,1
3,1,0.5998953,1
3,1,0.5940059,1
3,1,0.5850011,1
3,1,0.59241676,1
3,1,0.5938101,1
3,1,0.5911316,1
3,1,0.5991695,1
3,0,0.5900287,1
3,0,0.5849803,1
3,0,0.5818607,1
3,0,0.58622,1
3,0,0.5863841,1
3,0,0.5925469,1
3,0,0.5896943,1
3,0,0.58932346,1
3,0,0.5943449,1
3,0,0.59411275,1
3,0,0.5946005,1
3,0,0.58763725,1
3,0,0.59894514,1
3,0,0.59416085,1
3,0,0.58401567,1
3,0,0.5927408,1
3,0,0.59616673,1
3,0,0.58994436,1
3,0,0.59237325,1
3,0,0.5959443,1
3,0,0.5898143,1
3,0,0.58496577,1
3,0,0.5911626,1
3,0,0.59399563,1
3,0,0.5818984,1
3,0,0.5921314,1
3,0,0.5943475,1
3,0,0.5969977,1
3,0,0.5833315,1
3,0,0.5949793,1
3,0,0.59163266,1
3,0,0.5964249,1
3,0,0.593204,1
3,0,0.58188987,1
3,0,0.59109545,1
3,0,0.5892462,1
3,0,0.5827442,1
3,0,0.5888008,1
3,0,0.58211154,1
3,0,0.58622354,1
3,0,0.5911846,1
3,0,0.59194726,1
3,0,0.5822079,1
3,0,0.5849134,1
3,0,0.5954863,1
3,1,0.5922578,1
3,1,0.5843422,1
3,1,0.58385646,1
3,1,0.5907919,1
3,1,0.5904228,1
3,0,0.5855467,1
3,0,0.5942454,1
3,0,0.5959662,1
3,0,0.59291965,1
3,0,0.5942662,1
3,0,0.59146595,1
3,0,0.5914977,1
3,0,0.5858935,1
3,0,0.5912079,1
3,0,0.5905569,1
3,0,0.5883106,1
3,0,0.59366614,1
3,0,0.59593666,1
3,0,0.58775496,1
3,0,0.58262485,1
3,0,0.58774734,1
3,0,0.59372973,1
3,0,0.5874972,1
3,0,0.59418184,1
3,0,0.58742845,1
3,0,0.5926973,1
3,0,0.5930399,1
3,0,0.59280634,1
3,0,0.5828178,1
3,0,0.5864918,1
3,0,0.5837578,1
3,0,0.58949953,1
3,1,0.60071665,1
3,1,0.59511393,1
3,1,0.59917784,1
3,1,0.6027344,1
3,1,0.5983901,1
3,1,0.6033689,1
3,1,0.5991758,1
3,1,0.60351616,1
3,1,0.59726375,1
3,1,0.5992893,1
3,1,0.59554535,1
3,1,0.59300053,1
3,1,0.5992275,1
3,1,0.60241127,1
3,1,0.59687614,1
3,1,0.6038465,1
3,1,0.5903528,1
3,1,0.6018949,1
3,1,0.60306805,1
3,1,0.59991664,1
3,1,0.60305035,1
3,1,0.5925939,1
3,1,0.6027813,1
3,1,0.5945894,1
3,1,0.60026985,1
3,1,0.6042352,1
3,1,0.61029184,1
3,1,0.5941865,1
3,0,0.60531014,1
3,0,0.5941823,1
3,0,0.59993166,1
3,0,0.6014674,1
3,0,0.5944389,1
3,0,0.60078603,1
3,0,0.60332274,1
3,0,0.60402626,1
3,0,0.6015674,1
3,0,0.60398126,1
3,0,0.6051873,1
3,0,0.6037274,1
3,0,0.6032094,1
3,0,0.59367925,1
3,0,0.60337216,1
3,0,0.59669864,1
3,0,0.60403967,1
3,0,0.5926834,1
3,0,0.59856266,1
3,0,0.6005389,1
3,0,0.6003051,1
3,0,0.6018282,1
3,0,0.6051521,1
3,0,0.59313554,1
3,0,0.60259104,1
3,0,0.60430795,1
3,0,0.6052006,1
3,1,0.6009319,1
3,1,0.6042485,1
3,1,0.6045654,1
3,1,0.6071257,1
3,1,0.5924909,1
3,1,0.6019473,1
3,1,0.5948709,1
3,1,0.5969513,1
3,1,0.6004611,1
3,1,0.6044843,1
3,1,0.59454197,1
3,1,0.59516245,1
3,1,0.5960155,1
3,1,0.5906474,1
3,1,0.60200644,1
3,1,0.6006,1
3,1,0.60664964,1
3,1,0.59231955,1
3,1,0.58196145,1
3,1,0.58691394,1
3,1,0.58387804,1
3,1,0.5851638,1
3,1,0.5892007,1
3,1,0.58484983,1
3,1,0.58563435,1
3,1,0.5911456,1
3,1,0.584475,1
3,1,0.584182,1
3,1,0.58538723,1
3,1,0.5848327,1
3,1,0.58818066,1
3,1,0.58746225,1
3,1,0.58477616,1
3,1,0.58675915,1
3,1,0.5899254,1
3,1,0.5934231,1
3,1,0.5893514,1
3,1,0.5914419,1
3,1,0.5892884,1
3,1,0.591851,1
3,1,0.588812,1
3,1,0.591639,1
3,1,0.5895412,1
3,1,0.5963249,1
3,1,0.5924862,1
3,1,0.5964372,1
3,1,0.5882776,1
3,1,0.5975973,1
3,1,0.6017886,1
3,1,0.6053979,1
3,1,0.5931796,1
3,1,0.6024946,1
3,1,0.59609514,1
3,1,0.60592747,1
3,1,0.5970037,1
3,1,0.6013684,1
3,1,0.58985406,1
3,1,0.6025643,1
3,1,0.60386336,1
3,1,0.60539186,1
3,1,0.59658927,1
3,1,0.5838528,1
3,1,0.59090286,1
3,1,0.5917531,1
3,1,0.59250337,1
3,1,0.58479464,1
3,1,0.59933287,1
3,1,0.5959722,1
3,1,0.5904711,1
3,1,0.60023075,1
3,1,0.6025904,1
3,1,0.587139,1
3,1,0.5979553,1
3,1,0.6048889,1
3,1,0.58976173,1
3,0,0.6118767,1
3,0,0.60440177,1
3,0,0.606677,1
3,0,0.6062361,1
3,0,0.60797405,1
3,0,0.6016897,1
3,0,0.6071399,1
3,0,0.6066472,1
3,0,0.60687333,1
3,0,0.6000286,1
3,0,0.6061521,1
3,0,0.60535485,1
3,0,0.60287946,1
3,0,0.6034469,1
3,0,0.60451114,1
3,0,0.60091764,1
3,0,0.60697746,1
3,0,0.60139006,1
3,0,0.60155255,1
3,0,0.5988884,1
3,0,0.6038547,1
3,0,0.59921896,1
3,0,0.6035239,1
3,0,0.60308516,1
3,0,0.6007254,1
3,0,0.6087065,1
3,0,0.6012891,1
3,0,0.6035783,1
3,0,0.6047658,1
3,0,0.6013232,1
3,0,0.60239047,1
3,0,0.60292727,1
3,0,0.6043482,1
3,0,0.60601056,1
3,0,0.6036278,1
3,0,0.60556275,1
3,0,0.6040423,1
3,0,0.60455245,1
3,0,0.6039369,1
3,0,0.6017161,1
3,0,0.60568506,1
3,0,0.6038261,1
3,0,0.6024238,1
3,0,0.60536444,1
3,0,0.6034713,1
3,0,0.6006936,1
3,0,0.60786074,1
3,0,0.603027,1
3,0,0.60540885,1
3,0,0.603344,1
3,0,0.60444957,1
3,0,0.6052516,1
3,0,0.60676897,1
3,0,0.60415,1
3,0,0.6011994,1
3,0,0.60422873,1
3,0,0.60379905,1
3,0,0.60388505,1
3,0,0.6071411,1
3,0,0.60143316,1
3,0,0.6051803,1
3,0,0.60136306,1
3,0,0.5989213,1
3,0,0.6021973,1
3,0,0.5996239,1
3,0,0.6010437,1
3,0,0.60643196,1
3,0,0.60515726,1
3,0,0.6038948,1
3,0,0.60594857,1
3,0,0.60216045,1
3,0,0.6062957,1
3,0,0.6071976,1
3,0,0.603512,1
3,0,0.6092935,1
3,0,0.6032,1
3,0,0.6067878,1
3,0,0.6085768,1
3,0,0.6062824,1
3,0,0.6004438,1
3,0,0.60615164,1
3,0,0.60377526,1
3,0,0.60242826,1
3,0,0.60556364,1
3,0,0.601248,1
3,0,0.6055561,1
3,0,0.6038862,1
3,0,0.60065216,1
3,0,0.6021093,1
3,0,0.60057855,1
3,0,0.6028175,1
3,0,0.60204715,1
3,0,0.60027456,1
3,0,0.6028557,1
3,0,0.5994765,1
3,0,0.6021808,1
3,0,0.6051705,1
3,0,0.60055614,1
3,0,0.6018882,1
3,0,0.6006999,1
3,0,0.6043087,1
3,0,0.59840983,1
3,0,0.6026007,1
3,0,0.59742284,1
3,0,0.6015636,1
3,0,0.59972066,1
3,0,0.6042021,1
3,0,0.60327774,1
3,0,0.59809846,1
3,0,0.60132945,1
3,0,0.60177743,1
3,0,0.6049116,1
3,0,0.6008653,1
3,0,0.6009288,1
3,0,0.59929323,1
3,0,0.6051426,1
3,0,0.60231143,1
3,0,0.602651,1
3,0,0.60253865,1
3,0,0.6068354,1
3,0,0.6070635,1
3,0,0.60313743,1
3,0,0.6035821,1
3,0,0.6028262,1
3,0,0.60400224,1
3,0,0.60444784,1
3,0,0.60383666,1
3,0,0.5993913,1
3,0,0.59836996,1
3,0,0.59919417,1
3,0,0.6040161,1
3,0,0.60284114,1
3,0,0.60053116,1
3,0,0.6020818,1
3,0,0.6023416,1
3,0,0.5995103,1
3,0,0.6028656,1
3,0,0.6001837,1
3,0,0.5983055,1
3,0,0.6029628,1
3,0,0.60276276,1
3,0,0.6040028,1
3,0,0.599617,1
3,0,0.5984466,1
3,0,0.5994946,1
3,0,0.60301554,1
3,0,0.59792024,1
3,0,0.6019432,1
3,0,0.6024741,1
3,0,0.6001589,1
3,0,0.59723234,1
3,0,0.59988713,1
3,0,0.6007299,1
3,0,0.6007741,1
3,0,0.5973633,1
3,0,0.6023137,1
3,0,0.5981837,1
3,0,0.5995579,1
3,0,0.6043015,1
3,0,0.60138285,1
3,0,0.60681516,1
3,0,0.60312104,1
3,0,0.6039368,1
3,0,0.603209,1
3,0,0.60268164,1
3,0,0.6042503,1
3,0,0.601649,1
3,0,0.6041533,1
3,0,0.6042784,1
3,0,0.6025344,1
3,0,0.6032986,1
3,0,0.6056712,1
3,0,0.6032324,1
3,0,0.6008132,1
3,0,0.6033696,1
3,0,0.6056538,1
3,0,0.6017581,1
3,0,0.60157686,1
3,0,0.6035134,1
3,0,0.59904826,1
3,0,0.6037964,1
3,0,0.5982309,1
3,0,0.60271424,1
3,0,0.6013171,1
3,0,0.5969033,1
3,0,0.6009531,1
3,0,0.6008119,1
3,0,0.60055995,1
3,0,0.6030703,1
3,0,0.60390884,1
3,0,0.6005658,1
3,0,0.60537267,1
3,0,0.60240716,1
3,0,0.60635436,1
3,0,0.6033835,1
3,0,0.6040541,1
3,0,0.6048048,1
3,0,0.6027074,1
3,0,0.60242224,1
3,0,0.60529983,1
3,0,0.6037579,1
3,0,0.6075768,1
3,0,0.60455346,1
3,0,0.6065081,1
3,0,0.6023304,1
3,0,0.6049892,1
3,0,0.6054863,1
3,0,0.6071278,1
3,0,0.60119325,1
3,0,0.6007755,1
3,0,0.60730106,1
3,0,0.60450363,1
3,0,0.6038718,1
3,0,0.60610086,1
3,0,0.60308903,1
3,0,0.6049852,1
3,0,0.605631,1
3,0,0.6019495,1
3,0,0.60100776,1
3,0,0.60483205,1
3,0,0.6064323,1
3,0,0.6042709,1
3,0,0.6058301,1
3,0,0.60208327,1
3,0,0.6011731,1
3,0,0.5993916,1
3,0,0.600228,1
3,0,0.6075743,1
3,0,0.6051547,1
3,0,0.6051389,1
3,0,0.60041046,1
3,0,0.6052102,1
3,0,0.60372543,1
3,0,0.6052068,1
3,0,0.6057279,1
3,0,0.6049311,1
3,0,0.6041616,1
3,0,0.6052376,1
3,0,0.6061544,1
3,0,0.60406566,1
3,0,0.6063261,1
3,0,0.60627884,1
3,0,0.6004166,1
3,0,0.6000884,1
3,0,0.6038562,1
3,0,0.60696703,1
3,0,0.6052736,1
3,0,0.60536575,1
3,0,0.6034719,1
3,0,0.60266864,1
3,0,0.6080091,1
3,0,0.6062728,1
3,0,0.6020504,1
3,0,0.60522777,1
3,0,0.60283995,1
3,0,0.6059399,1
3,0,0.6015283,1
3,0,0.6005736,1
3,0,0.6002255,1
3,0,0.6014033,1
3,0,0.6025645,1
3,0,0.6003359,1
3,0,0.6007031,1
3,0,0.59703124,1
3,0,0.5996168,1
3,0,0.6028986,1
3,0,0.59989333,1
3,0,0.60190076,1
3,0,0.5995911,1
3,0,0.6034918,1
3,0,0.60576487,1
3,0,0.6001268,1
3,0,0.60202605,1
3,0,0.605135,1
3,0,0.601136,1
3,0,0.6051217,1
3,0,0.6011563,1
3,0,0.6064744,1
3,0,0.6006373,1
3,0,0.60699606,1
3,0,0.60043126,1
3,0,0.6063029,1
3,0,0.60427403,1
3,0,0.60345215,1
3,0,0.6065859,1
3,0,0.6055954,1
3,0,0.6055621,1
3,0,0.60655254,1
3,0,0.6025074,1
3,0,0.60485923,1
3,0,0.59638524,1
3,0,0.60242426,1
3,0,0.6027079,1
3,0,0.6012155,1
3,0,0.59913063,1
3,0,0.60385275,1
3,0,0.6019776,1
3,0,0.6022193,1
3,0,0.6021892,1
3,0,0.60384357,1
3,0,0.5962234,1
3,0,0.596515,1
3,0,0.5993791,1
3,0,0.6072594,1
3,0,0.60078293,1
3,0,0.6042407,1
3,0,0.6009312,1
3,0,0.6044667,1
3,0,0.6055174,1
3,0,0.60293275,1
3,0,0.6007469,1
3,0,0.6069958,1
3,0,0.601756,1
3,0,0.6007942,1
3,0,0.5980455,1
3,0,0.6061499,1
3,0,0.60297346,1
3,0,0.60501057,1
3,0,0.6044995,1
3,0,0.6059879,1
3,0,0.605722,1
3,0,0.604868,1
3,0,0.6004525,1
3,0,0.6011604,1
3,1,0.60334456,1
3,1,0.60300905,1
3,1,0.6063362,1
3,1,0.6061607,1
3,1,0.6065386,1
3,1,0.60633314,1
3,1,0.6032858,1
3,1,0.6001023,1
3,1,0.60559326,1
3,1,0.60255265,1
3,1,0.5430391,1
3,1,0.54351866,1
3,1,0.5434589,1
3,1,0.5417314,1
3,1,0.5415203,1
3,1,0.5434545,1
3,1,0.5451394,1
3,1,0.5451222,1
3,1,0.5459821,1
3,1,0.54304504,1
3,1,0.54276395,1
3,1,0.54506797,1
3,1,0.54292995,1
3,1,0.54333436,1
3,1,0.54754096,1
3,0,0.56744206,1
3,0,0.566015,1
3,0,0.5855326,1
3,0,0.56957567,1
3,0,0.5709006,1
3,0,0.57327515,1
3,0,0.57378054,1
3,0,0.57887936,1
3,0,0.5754428,1
3,0,0.57522684,1
3,0,0.5711053,1
3,0,0.5676349,1
3,0,0.5711893,1
3,0,0.565946,1
3,0,0.559586,1
3,0,0.5660542,1
3,0,0.56484336,1
3,0,0.5658066,1
3,0,0.5684021,1
3,0,0.56563646,1
3,0,0.5664484,1
3,0,0.56469107,1
3,0,0.56765187,1
3,0,0.566657,1
3,0,0.56905556,1
3,0,0.56946295,1
3,0,0.56769985,1
3,0,0.56648874,1
3,0,0.564808,1
3,0,0.5672064,1
3,0,0.56842256,1
3,0,0.56627786,1
3,0,0.5660203,1
3,0,0.56499565,1
3,0,0.5696988,1
3,0,0.56818557,1
3,0,0.5718269,1
3,0,0.5685737,1
3,0,0.56795496,1
3,0,0.5665679,1
3,0,0.5657603,1
3,0,0.57128733,1
3,0,0.5700085,1
3,0,0.5680777,1
3,0,0.56573504,1
3,0,0.5672646,1
3,0,0.5652585,1
3,0,0.5647107,1
3,0,0.57143885,1
3,0,0.573016,1
3,0,0.5715136,1
3,0,0.57183486,1
3,0,0.568336,1
3,0,0.57026255,1
3,0,0.5721801,1
3,0,0.56913745,1
3,0,0.5650612,1
3,0,0.5702873,1
3,0,0.5703653,1
3,0,0.57199126,1
3,0,0.57245535,1
3,0,0.57335806,1
3,0,0.57272446,1
3,0,0.57759327,1
3,0,0.57585794,1
3,0,0.5817743,1
3,0,0.57897866,1
3,0,0.57885015,1
3,0,0.58068633,1
3,0,0.57440776,1
3,0,0.5726123,1
3,0,0.57566184,1
3,0,0.5730114,1
3,0,0.5781075,1
3,0,0.57631695,1
3,0,0.5746504,1
3,0,0.5731658,1
3,0,0.57399094,1
3,0,0.5773406,1
3,0,0.5805125,1
3,0,0.5775026,1
3,0,0.57917225,1
3,0,0.582724,1
3,0,0.57648337,1
3,0,0.5813964,1
3,0,0.57795936,1
3,0,0.58097786,1
3,0,0.5769451,1
3,0,0.5809949,1
3,0,0.5765468,1
3,0,0.5799669,1
3,0,0.5797251,1
3,0,0.5783736,1
3,0,0.57518584,1
3,0,0.5720485,1
3,0,0.5737959,1
3,0,0.5863436,1
3,0,0.5769026,1
3,0,0.5760002,1
3,0,0.57036924,1
3,0,0.57576066,1
3,0,0.57507557,1
3,0,0.5758895,1
3,0,0.57234997,1
3,0,0.57781696,1
3,0,0.57626754,1
3,0,0.5773227,1
3,0,0.57103485,1
3,0,0.5750186,1
3,0,0.5738536,1
3,0,0.5802638,1
3,0,0.57937473,1
3,0,0.5774976,1
3,0,0.5804469,1
3,0,0.5752202,1
3,0,0.57395935,1
3,0,0.5757849,1
3,0,0.5791628,1
3,0,0.57833683,1
3,0,0.57859087,1
3,0,0.58035374,1
3,0,0.5764863,1
3,0,0.57908916,1
3,0,0.5756538,1
3,0,0.5742408,1
3,0,0.57816595,1
3,0,0.5770658,1
3,0,0.5797493,1
3,0,0.57770044,1
3,1,0.58196497,1
3,1,0.57625926,1
3,1,0.58143055,1
3,1,0.5843151,1
3,1,0.5853415,1
3,1,0.5863059,1
3,1,0.5850138,1
3,1,0.5812253,1
3,1,0.577615,1
3,1,0.57634497,1
3,1,0.5766175,1
3,1,0.5807905,1
3,1,0.58600307,1
3,1,0.58187604,1
3,1,0.5858627,1
3,0,0.5891186,1
3,0,0.59227425,1
3,0,0.59042436,1
3,0,0.5833808,1
3,0,0.5813116,1
3,0,0.5866422,1
3,0,0.58326447,1
3,0,0.5830393,1
3,0,0.58740175,1
3,0,0.58657986,1
3,0,0.58995426,1
3,0,0.5856508,1
3,0,0.58567995,1
3,0,0.586981,1
3,0,0.5867237,1
3,0,0.59082353,1
3,0,0.5939048,1
3,0,0.59533834,1
3,0,0.589857,1
3,0,0.59000516,1
3,0,0.5878456,1
3,0,0.5881205,1
3,0,0.58797556,1
3,0,0.59237456,1
3,0,0.58497876,1
3,0,0.58528006,1
3,0,0.58578277,1
3,0,0.58640695,1
3,0,0.5863553,1
3,0,0.5818144,1
3,0,0.5838334,1
3,0,0.5844224,1
3,0,0.58001065,1
3,0,0.5839732,1
3,0,0.5834123,1
3,0,0.5801045,1
3,0,0.5763068,1
3,0,0.57497317,1
3,0,0.5768523,1
3,0,0.57759327,1
3,0,0.57409805,1
3,0,0.5845707,1
3,0,0.58147347,1
3,0,0.582475,1
3,0,0.58241355,1
3,1,0.5801326,1
3,1,0.5740201,1
3,1,0.5728277,1
3,1,0.5785292,1
3,1,0.5826897,1
3,1,0.5768739,1
3,1,0.5842134,1
3,1,0.5777657,1
3,1,0.5733652,1
3,1,0.57550347,1
3,1,0.5770267,1
3,1,0.5769932,1
3,1,0.5775061,1
3,1,0.5689319,1
3,1,0.5715558,1
3,1,0.5730534,1
3,1,0.56928223,1
3,1,0.5738937,1
3,0,0.5783434,1
3,0,0.5765273,1
3,0,0.5762438,1
3,0,0.5807506,1
3,0,0.58372307,1
3,1,0.6104344,1
3,1,0.61261505,1
3,1,0.6120303,1
3,1,0.6121752,1
3,1,0.60950166,1
3,1,0.61263657,1
3,1,0.6108024,1
3,1,0.60724145,1
3,1,0.610456,1
3,1,0.609204,1
3,1,0.60857725,1
3,1,0.60699296,1
3,1,0.6047277,1
3,1,0.6093071,1
3,1,0.61186105,1
3,1,0.60841835,1
3,1,0.6085993,1
3,1,0.6098108,1
3,1,0.61080754,1
3,1,0.6100381,1
3,1,0.6104291,1
3,1,0.6075954,1
3,1,0.60651857,1
3,1,0.6101394,1
3,1,0.60475,1
3,1,0.60968053,1
3,1,0.6072043,1
3,1,0.6099224,1
3,1,0.6083857,1
3,1,0.60723853,1
3,1,0.60634995,1
3,1,0.60960925,1
3,1,0.61593497,1
3,1,0.5852121,1
3,1,0.5937371,1
3,1,0.5961823,1
3,1,0.58816385,1
3,1,0.6115348,1
3,1,0.59603995,1
3,1,0.5854324,1
3,1,0.5834946,1
3,1,0.6164382,1
3,0,0.57139444,1
3,0,0.5717554,1
3,0,0.580194,1
3,0,0.5766867,1
3,0,0.5761758,1
3,0,0.5762228,1
3,0,0.57904077,1
3,0,0.5792775,1
3,0,0.5777534,1
3,0,0.578015,1
3,0,0.5759098,1
3,0,0.57346964,1
3,0,0.5758109,1
3,0,0.5754705,1
3,0,0.574532,1
3,0,0.57718164,1
3,0,0.57598126,1
3,0,0.5746893,1
3,0,0.57515687,1
3,0,0.5786751,1
3,0,0.5726554,1
3,0,0.5812707,1
3,0,0.57286865,1
3,0,0.57871366,1
3,0,0.5782498,1
3,0,0.5794763,1
3,1,0.61157227,1
3,1,0.6126878,1
3,1,0.61570364,1
3,1,0.6156253,1
3,1,0.6168007,1
3,1,0.6150714,1
3,1,0.61687946,1
3,1,0.61390984,1
3,0,0.54782176,1
3,0,0.55383945,1
3,0,0.55001855,1
3,0,0.5547557,1
3,0,0.55285317,1
3,1,0.5537701,1
3,1,0.5525321,1
3,1,0.5521269,1
3,1,0.5505479,1
3,1,0.5537421,1
3,1,0.55536056,1
3,1,0.557787,1
3,1,0.5522001,1
3,1,0.5529296,1
3,1,0.5538167,1
3,1,0.5507825,1
3,1,0.5517305,1
3,1,0.5541521,1
3,1,0.55920327,1
3,1,0.5499973,1
3,1,0.55021673,1
3,1,0.55030745,1
3,1,0.5483125,1
3,1,0.55228454,1
3,1,0.5511779,1
3,1,0.5560635,1
3,1,0.54990166,1
3,1,0.5565322,1
3,1,0.55498457,1
3,1,0.5523506,1
3,0,0.5547347,1
3,0,0.55842716,1
3,0,0.5580385,1
3,0,0.55323493,1
3,0,0.55090606,1
3,0,0.5493898,1
3,0,0.5581515,1
3,0,0.5530222,1
3,0,0.557775,1
3,0,0.5512533,1
3,0,0.55039096,1
3,0,0.55040586,1
3,0,0.5496596,1
3,0,0.55222327,1
3,0,0.5537031,1
3,0,0.5535034,1
3,0,0.55055267,1
3,0,0.5534739,1
3,0,0.55107564,1
3,0,0.55089086,1
3,0,0.55761755,1
3,0,0.5573478,1
3,0,0.5556315,1
3,0,0.5574607,1
3,0,0.56424,1
3,0,0.56513375,1
3,0,0.5631765,1
3,0,0.5626369,1
3,0,0.56161904,1
3,0,0.5576219,1
3,0,0.55881095,1
3,0,0.55530995,1
3,0,0.5533774,1
3,0,0.5544374,1
3,0,0.55485576,1
3,0,0.5594571,1
3,0,0.55601186,1
3,0,0.5525262,1
3,0,0.56004053,1
3,0,0.5521519,1
3,0,0.55863076,1
3,0,0.5511349,1
3,0,0.5517578,1
3,0,0.55389214,1
3,0,0.54964375,1
3,0,0.5505205,1
3,0,0.54803056,1
3,0,0.54822975,1
3,0,0.54913497,1
3,0,0.54718554,1
3,0,0.552062,1
3,0,0.5471935,1
3,0,0.5539177,1
3,0,0.5511068,1
3,0,0.5533544,1
3,0,0.5525681,1
3,0,0.5552458,1
3,0,0.55003023,1
3,0,0.55011004,1
3,0,0.551783,1
3,1,0.55253583,1
3,1,0.55333275,1
3,1,0.55040383,1
3,1,0.5538786,1
3,1,0.5519239,1
3,1,0.5499928,1
3,1,0.5483775,1
3,1,0.5552944,1
3,1,0.54987544,1
3,1,0.55473703,1
3,0,0.55307037,1
3,0,0.55055547,1
3,0,0.5507364,1
3,0,0.55592364,1
3,0,0.54940206,1
3,0,0.5535755,1
3,0,0.55126774,1
3,0,0.55456454,1
3,0,0.5534157,1
3,0,0.5546506,1
3,1,0.55134124,1
3,1,0.5531656,1
3,1,0.55132616,1
3,1,0.55397385,1
3,1,0.5512949,1
3,1,0.55249554,1
3,1,0.5516017,1
3,1,0.55291253,1
3,1,0.55080754,1
3,1,0.5549819,1
3,1,0.55344564,1
3,1,0.5599626,1
3,1,0.55490214,1
3,1,0.5587027,1
3,1,0.5547041,1
3,0,0.5499312,1
3,0,0.553347,1
3,0,0.55576545,1
3,0,0.5560011,1
3,0,0.553878,1
3,0,0.55739915,1
3,0,0.5619451,1
3,0,0.5543982,1
3,0,0.55482036,1
3,0,0.5582625,1
3,0,0.55365,1
3,0,0.5620306,1
3,0,0.55080783,1
3,0,0.560989,1
3,0,0.5555704,1
3,0,0.55785936,1
3,0,0.5574354,1
3,0,0.5543383,1
3,0,0.55402195,1
3,0,0.5620813,1
3,0,0.55274796,1
3,0,0.5559198,1
3,0,0.5528756,1
3,0,0.5568702,1
3,0,0.5556312,1
3,0,0.55694,1
3,0,0.5528832,1
3,0,0.5520271,1
3,0,0.557411,1
3,0,0.5572528,1
3,0,0.55628896,1
3,0,0.5561243,1
3,0,0.5617586,1
3,0,0.5565543,1
3,0,0.5565784,1
3,0,0.55504155,1
3,0,0.55629915,1
3,0,0.5564489,1
3,0,0.5558793,1
3,0,0.56136954,1
3,0,0.55388457,1
3,0,0.55448806,1
3,0,0.55522734,1
3,0,0.5549443,1
3,0,0.5580878,1
3,1,0.5591408,1
3,1,0.550601,1
3,1,0.5577276,1
3,1,0.5565506,1
3,1,0.55069476,1
3,1,0.553494,1
3,1,0.55204844,1
3,1,0.5559855,1
3,1,0.5537774,1
3,1,0.5549862,1
3,0,0.55820644,1
3,0,0.55471563,1
3,0,0.56051457,1
3,0,0.55487615,1
3,0,0.554843,1
3,0,0.55959135,1
3,0,0.5567381,1
3,0,0.551373,1
3,0,0.55745924,1
3,0,0.5536801,1
3,0,0.55307406,1
3,0,0.5547844,1
3,0,0.55158246,1
3,0,0.55326134,1
3,0,0.5583014,1
3,0,0.5493323,1
3,0,0.5532713,1
3,0,0.55018044,1
3,0,0.55316764,1
3,0,0.5520405,1
3,0,0.55596286,1
3,0,0.55082923,1
3,0,0.55616236,1
3,0,0.55002916,1
3,0,0.5516938,1
3,0,0.54880923,1
3,0,0.55184716,1
3,0,0.54977846,1
3,0,0.5512281,1
3,0,0.5555086,1
3,0,0.55612916,1
3,0,0.5485214,1
3,0,0.55384177,1
3,0,0.55242157,1
3,0,0.54956526,1
3,0,0.55799836,1
3,0,0.5539924,1
3,0,0.55167407,1
3,0,0.5547543,1
3,0,0.5553829,1
3,1,0.5849418,1
3,1,0.5845963,1
3,1,0.58497435,1
3,1,0.582868,1
3,1,0.5864101,1
3,1,0.5825527,1
3,1,0.58403695,1
3,1,0.58446455,1
3,1,0.5848555,1
3,1,0.5867982,1
3,1,0.5875583,1
3,1,0.5869783,1
3,1,0.58731246,1
3,1,0.5839574,1
3,1,0.5879027,1
3,1,0.58709973,1
3,1,0.58482933,1
3,1,0.58546394,1
3,1,0.5874123,1
3,1,0.5835508,1
3,1,0.5783911,1
3,1,0.5869151,1
3,1,0.57970953,1
3,1,0.5834248,1
3,1,0.58336174,1
3,1,0.5795721,1
3,1,0.5835067,1
3,1,0.58281267,1
3,1,0.58387434,1
3,1,0.5814095,1
3,1,0.5823831,1
3,1,0.5806438,1
3,1,0.583533,1
3,1,0.581367,1
3,1,0.58106357,1
3,1,0.58300304,1
3,1,0.5839968,1
3,1,0.5847023,1
3,1,0.58440936,1
3,1,0.58476,1
3,1,0.58101296,1
3,1,0.55716497,1
3,1,0.55154246,1
3,1,0.5493628,1
3,1,0.54785377,1
3,1,0.55260193,1
3,1,0.55528677,1
3,1,0.557516,1
3,1,0.5495645,1
3,1,0.55476105,1
3,1,0.58346,1
3,1,0.5866609,1
3,1,0.5822538,1
3,1,0.58222723,1
3,1,0.58381337,1
3,1,0.5826245,1
3,1,0.5821613,1
3,1,0.5822271,1
3,1,0.5850045,1
3,1,0.586048,1
3,1,0.5844684,1
3,1,0.5831812,1
3,1,0.5819568,1
3,1,0.5859237,1
3,1,0.5827978,1
3,1,0.5851234,1
3,1,0.58776766,1
3,1,0.5864184,1
3,1,0.58301485,1
3,1,0.5855439,1
3,1,0.5852504,1
3,1,0.5862933,1
3,1,0.58381134,1
3,1,0.5825405,1
3,1,0.5855096,1
3,1,0.58381844,1
3,1,0.58545995,1
3,1,0.5828324,1
3,1,0.58044136,1
3,0,0.561831,1
3,0,0.5688395,1
3,0,0.56492794,1
3,0,0.55795455,1
3,0,0.56209123,1
3,0,0.56659037,1
3,0,0.5665953,1
3,0,0.5682621,1
3,0,0.5657786,1
3,0,0.5707214,1
3,0,0.5713873,1
3,0,0.5673346,1
3,0,0.56953156,1
3,0,0.5636808,1
3,0,0.5705897,1
3,0,0.5626509,1
3,0,0.56403154,1
3,0,0.56271905,1
3,0,0.5637284,1
3,0,0.56328714,1
3,0,0.5664179,1
3,0,0.56933933,1
3,0,0.56146353,1
3,0,0.56165206,1
3,0,0.5596287,1
3,0,0.5619703,1
3,0,0.56700975,1
3,0,0.5642399,1
3,0,0.56355625,1
3,0,0.5627938,1
3,0,0.56681854,1
3,0,0.56570846,1
3,0,0.56578493,1
3,0,0.56345546,1
3,0,0.5661324,1
3,0,0.5621902,1
3,0,0.564269,1
3,0,0.56125593,1
3,0,0.5659242,1
3,0,0.5631599,1
3,0,0.56357855,1
3,0,0.56261873,1
3,0,0.56964445,1
3,0,0.5650721,1
3,0,0.5688032,1
3,0,0.5703043,1
3,0,0.56702405,1
3,0,0.56816286,1
3,0,0.56492245,1
3,0,0.5652931,1
3,0,0.56853515,1
3,0,0.56879795,1
3,0,0.5641399,1
3,0,0.56461346,1
3,0,0.5629858,1
3,0,0.5692332,1
3,0,0.5645795,1
3,0,0.571658,1
3,0,0.57116693,1
3,0,0.5707706,1
3,0,0.57018363,1
3,0,0.5679651,1
3,0,0.5713005,1
3,0,0.57162905,1
3,0,0.57050884,1
3,0,0.5681321,1
3,0,0.56963575,1
3,0,0.5692067,1
3,0,0.5718738,1
3,0,0.5709184,1
3,0,0.5692444,1
3,0,0.57024026,1
3,0,0.5697719,1
3,0,0.56930625,1
3,0,0.5710305,1
3,0,0.5708185,1
3,0,0.5669595,1
3,0,0.56516665,1
3,0,0.5697944,1
3,0,0.56903297,1
3,0,0.5699999,1
3,0,0.5682319,1
3,0,0.5674818,1
3,0,0.568519,1
3,0,0.57077533,1
3,0,0.5699113,1
3,0,0.5752346,1
3,0,0.5746773,1
3,0,0.5748594,1
3,0,0.57663196,1
3,0,0.5685095,1
3,0,0.56997454,1
3,0,0.57189566,1
3,0,0.5662842,1
3,0,0.5740032,1
3,0,0.5704877,1
3,0,0.5695141,1
3,0,0.56965613,1
3,0,0.5686937,1
3,0,0.572745,1
3,0,0.5750448,1
3,0,0.5739669,1
3,1,0.5757874,1
3,1,0.5801575,1
3,1,0.57029814,1
3,1,0.57614315,1
3,1,0.5721614,1
3,1,0.5747939,1
3,1,0.57030606,1
3,1,0.57697,1
3,1,0.5723541,1
3,1,0.5728717,1
3,1,0.57338417,1
3,1,0.57219136,1
3,1,0.56996346,1
3,1,0.5678634,1
3,1,0.56881326,1
3,1,0.58042973,1
3,1,0.57256997,1
3,1,0.5713013,1
3,0,0.5658299,1
3,0,0.571415,1
3,0,0.56996197,1
3,0,0.569673,1
3,0,0.5664063,1
3,0,0.57386655,1
3,0,0.5719867,1
3,0,0.5732999,1
3,0,0.5685745,1
3,0,0.5701032,1
3,0,0.5716223,1
3,0,0.5733786,1
3,0,0.5729887,1
3,0,0.5713375,1
3,0,0.5727254,1
3,0,0.57041436,1
3,0,0.56825656,1
3,0,0.56888133,1
3,0,0.57112145,1
3,0,0.5703364,1
3,0,0.5706828,1
3,0,0.5758606,1
3,0,0.574604,1
3,0,0.5701841,1
3,0,0.5704165,1
3,0,0.5679131,1
3,0,0.57162964,1
3,0,0.5704907,1
3,0,0.5707707,1
3,0,0.5692861,1
3,0,0.5748866,1
3,0,0.5703976,1
3,0,0.57331,1
3,0,0.57888573,1
3,0,0.57801056,1
3,0,0.5799422,1
3,0,0.5780457,1
3,0,0.57417387,1
3,0,0.5721366,1
3,0,0.57280934,1
3,0,0.57077503,1
3,0,0.5757516,1
3,0,0.5785505,1
3,0,0.5763198,1
3,0,0.5767275,1
3,0,0.58347994,1
3,0,0.58512884,1
3,0,0.5804893,1
3,0,0.574545,1
3,0,0.57560563,1
3,0,0.57945114,1
3,0,0.576326,1
3,0,0.575474,1
3,0,0.578535,1
3,0,0.57567424,1
3,0,0.58269787,1
3,0,0.57670856,1
3,0,0.57233316,1
3,0,0.5758651,1
3,0,0.57313275,1
3,0,0.57746917,1
3,0,0.5819836,1
3,0,0.5782442,1
3,0,0.57737607,1
3,0,0.5784491,1
3,0,0.57414234,1
3,0,0.5687141,1
3,0,0.5749223,1
3,0,0.5736783,1
3,0,0.57302076,1
3,0,0.5725577,1
3,0,0.56893474,1
3,0,0.5725807,1
3,0,0.5722932,1
3,0,0.5685033,1
3,0,0.5682063,1
3,0,0.5760572,1
3,0,0.56764936,1
3,0,0.5705774,1
3,0,0.57094115,1
3,0,0.5644999,1
3,0,0.56307906,1
3,0,0.56548303,1
3,0,0.5664321,1
3,0,0.5659336,1
3,0,0.56428987,1
3,0,0.565876,1
3,0,0.5664997,1
3,0,0.56801623,1
3,0,0.56669945,1
3,0,0.5719239,1
3,0,0.5648986,1
3,0,0.5625706,1
3,0,0.5700462,1
3,0,0.5731959,1
3,0,0.56836027,1
3,0,0.57264674,1
3,0,0.56649804,1
3,0,0.5607209,1
3,0,0.5641564,1
3,0,0.5653912,1
3,0,0.56565386,1
3,0,0.56589055,1
3,0,0.5617032,1
3,0,0.5617204,1
3,1,0.56481713,1
3,1,0.564696,1
3,1,0.56378025,1
3,1,0.561661,1
3,1,0.5636789,1
3,1,0.56521064,1
3,1,0.561178,1
3,1,0.5650735,1
3,1,0.56792015,1
3,1,0.5688642,1
3,1,0.5681275,1
3,1,0.57198375,1
3,1,0.5689655,1
3,1,0.5580002,1
3,1,0.551818,1
3,1,0.55331576,1
3,1,0.5608123,1
3,1,0.5581187,1
3,1,0.5605673,1
3,1,0.55846006,1
3,1,0.5665247,1
3,1,0.5629991,1
3,1,0.5554565,1
3,1,0.56092685,1
3,1,0.5581566,1
3,1,0.55672204,1
3,1,0.56388706,1
3,1,0.5569396,1
3,1,0.57942694,1
3,1,0.58297,1
3,1,0.5803559,1
3,1,0.5785591,1
3,1,0.5860594,1
3,1,0.58381194,1
3,1,0.57813895,1
3,1,0.58465254,1
3,1,0.5856627,1
3,1,0.5850953,1
3,1,0.5806333,1
3,1,0.58236814,1
3,1,0.58703786,1
3,1,0.584552,1
3,1,0.57920885,1
3,1,0.5770121,1
3,1,0.5803005,1
3,1,0.5762026,1
3,1,0.5762313,1
3,1,0.57912314,1
3,1,0.57739586,1
3,1,0.5796826,1
3,1,0.5804322,1
3,1,0.57772917,1
3,1,0.5789634,1
3,1,0.57853526,1
3,1,0.5803611,1
3,1,0.5799592,1
3,0,0.5836833,1
3,0,0.5864005,1
3,0,0.5817686,1
3,0,0.58129174,1
3,0,0.58065146,1
3,0,0.58184475,1
3,0,0.5792785,1
3,0,0.577955,1
3,0,0.58086485,1
3,0,0.5812294,1
3,0,0.5845044,1
3,0,0.5827841,1
3,0,0.57974845,1
3,0,0.5779557,1
3,0,0.5816354,1
3,0,0.5887827,1
3,0,0.5831023,1
3,0,0.58269405,1
3,0,0.585502,1
3,0,0.58756006,1
3,0,0.5879803,1
3,0,0.58805275,1
3,0,0.58425635,1
3,0,0.58750105,1
3,0,0.58826435,1
3,0,0.5844523,1
3,0,0.58363765,1
3,0,0.5845279,1
3,0,0.5836145,1
3,0,0.58561563,1
3,0,0.5883582,1
3,0,0.5878163,1
3,0,0.58401525,1
3,0,0.5859081,1
3,0,0.5876316,1
3,0,0.58714694,1
3,1,0.58329296,1
3,1,0.58331263,1
3,1,0.5820067,1
3,1,0.57979953,1
3,1,0.5819053,1
3,1,0.5856433,1
3,1,0.58389276,1
3,1,0.58438665,1
3,1,0.5839461,1
3,1,0.58475935,1
3,1,0.5846502,1
3,1,0.588043,1
3,1,0.5855254,1
3,1,0.5835396,1
3,1,0.58328795,1
3,1,0.58440787,1
3,1,0.586248,1
3,1,0.5888224,1
3,1,0.5890394,1
3,1,0.58378184,1
3,1,0.5925506,1
3,1,0.59407127,1
3,1,0.592717,1
3,1,0.5931473,1
3,1,0.59419924,1
3,1,0.59353006,1
3,1,0.59331834,1
3,1,0.5953036,1
3,1,0.594885,1
3,1,0.5916415,1
3,1,0.5910414,1
3,1,0.5923212,1
3,1,0.5942282,1
3,1,0.59508437,1
3,1,0.5893848,1
3,1,0.60688204,1
3,1,0.6030399,1
3,1,0.6047664,1
3,1,0.60829693,1
3,1,0.6047616,1
3,1,0.60657763,1
3,1,0.6064503,1
3,1,0.60378253,1
3,1,0.60517883,1
3,1,0.6056459,1
3,1,0.6067858,1
3,1,0.6059024,1
3,1,0.6067071,1
3,1,0.60734767,1
3,1,0.60781157,1
3,0,0.54241854,1
3,0,0.54055226,1
3,0,0.54162097,1
3,0,0.54179883,1
3,0,0.541353,1
3,0,0.5407245,1
3,0,0.53951377,1
3,0,0.54110897,1
3,0,0.5422489,1
3,0,0.5431518,1
3,1,0.5952501,1
3,1,0.5918409,1
3,1,0.5911156,1
3,1,0.5887524,1
3,1,0.59435827,1
3,1,0.5889079,1
3,1,0.5906843,1
3,1,0.5889854,1
3,1,0.5920805,1
3,1,0.58926046,1
3,1,0.5960968,1
3,1,0.5872066,1
3,1,0.58796656,1
3,1,0.5920462,1
3,1,0.58809316,1
3,1,0.5904753,1
3,1,0.60396755,1
3,1,0.6025132,1
3,1,0.60468084,1
3,1,0.6047582,1
3,1,0.6064753,1
3,1,0.6059398,1
3,1,0.60302156,1
3,1,0.6056353,1
3,1,0.6060201,1
3,1,0.60457486,1
3,1,0.59362376,1
3,1,0.5898309,1
3,1,0.5917226,1
3,1,0.5942035,1
3,1,0.5941966,1
3,1,0.59183854,1
3,1,0.59224135,1
3,1,0.5954913,1
3,1,0.593097,1
3,1,0.59566826,1
3,1,0.59805125,1
3,1,0.5958124,1
3,1,0.5947728,1
3,1,0.5953286,1
3,1,0.59486586,1
3,1,0.5948473,1
3,1,0.6005491,1
3,1,0.5939729,1
3,1,0.5934453,1
3,1,0.59474206,1
3,1,0.5933389,1
3,1,0.5991683,1
3,1,0.5942629,1
3,1,0.5946271,1
4,1,0.7374176,1
4,1,0.7331643,1
4,1,0.7436439,1
4,1,0.74057055,1
4,1,0.7430903,1
4,1,0.743956,1
4,1,0.7435956,1
4,1,0.7391161,1
4,1,0.7413989,1
4,1,0.7438726,1
4,1,0.7451943,1
4,1,0.74476653,1
4,1,0.74399716,1
4,1,0.73956555,1
4,1,0.73928875,1
4,1,0.7349238,1
4,1,0.7363401,1
4,1,0.733316,1
4,1,0.74084586,1
4,1,0.7381479,1
4,1,0.74932534,1
4,1,0.74416184,1
4,1,0.74081296,1
4,1,0.742109,1
4,1,0.7456961,1
4,1,0.7497419,1
4,1,0.7475148,1
4,1,0.7406991,1
4,1,0.74752903,1
4,1,0.74774057,1
4,1,0.7459245,1
4,1,0.743426,1
4,1,0.7281005,1
4,1,0.73019904,1
4,1,0.7327748,1
4,1,0.7307773,1
4,1,0.732112,1
4,1,0.7319044,1
4,1,0.72687656,1
4,0,0.51493526,1
4,0,0.51485115,1
4,0,0.51859415,1
4,0,0.5207364,1
4,0,0.5188076,1
4,0,0.5210175,1
4,0,0.5146189,1
4,0,0.5180787,1
4,0,0.5215179,1
4,0,0.52207506,1
4,0,0.5190083,1
4,0,0.5164477,1
4,0,0.51304895,1
4,1,0.51560855,1
4,1,0.51310766,1
4,1,0.5160819,1
4,1,0.51920277,1
4,1,0.5130457,1
4,1,0.5149322,1
4,1,0.5176974,1
4,1,0.51523554,1
4,1,0.5147613,1
4,1,0.51368624,1
4,1,0.5156882,1
4,1,0.5110291,1
4,1,0.517444,1
4,1,0.5136323,1
4,1,0.51643294,1
4,1,0.5164848,1
4,1,0.51552594,1
4,1,0.5189593,1
4,1,0.5143592,1
4,1,0.5174647,1
4,1,0.51585424,1
4,1,0.51428854,1
4,1,0.618475,1
4,1,0.6225496,1
4,1,0.6344519,1
4,1,0.60886174,1
4,1,0.60117495,1
4,1,0.6227258,1
4,1,0.61698264,1
4,1,0.62516415,1
4,1,0.6026234,1
4,1,0.606788,1
4,1,0.58466536,1
4,1,0.59906423,1
4,1,0.619127,1
4,1,0.6174882,1
4,1,0.6099041,1
4,1,0.6242182,1
4,1,0.6493983,1
4,1,0.63414466,1
4,0,0.6218975,1
4,0,0.62571603,1
4,0,0.63909245,1
4,0,0.63742113,1
4,0,0.64071286,1
4,0,0.6374102,1
4,0,0.6286898,1
4,0,0.6303331,1
4,0,0.6462852,1
4,0,0.63712215,1
4,0,0.65073866,1
4,0,0.65671223,1
4,0,0.65231955,1
4,0,0.6576502,1
4,0,0.6462346,1
4,0,0.64313936,1
4,0,0.6549513,1
4,0,0.6504218,1
4,0,0.64458746,1
4,0,0.64482623,1
4,0,0.65367943,1
4,0,0.67725176,1
4,0,0.6559911,1
4,0,0.66516995,1
4,0,0.6469015,1
4,0,0.64984024,1
4,0,0.639977,1
4,0,0.6511578,1
4,0,0.6545495,1
4,0,0.6425661,1
4,0,0.64410603,1
4,0,0.6580414,1
4,0,0.65952975,1
4,0,0.64157397,1
4,1,0.52537596,1
4,1,0.52563524,1
4,1,0.52594024,1
4,1,0.52961,1
4,1,0.5218772,1
4,1,0.5362983,1
4,1,0.52477604,1
4,1,0.5305201,1
4,1,0.5350138,1
4,1,0.527829,1
4,1,0.53341484,1
4,1,0.528295,1
4,1,0.52629054,1
4,1,0.52721137,1
4,1,0.5107654,1
4,1,0.5118891,1
4,1,0.50898695,1
4,1,0.50995374,1
4,1,0.5115847,1
4,1,0.511152,1
4,1,0.51018333,1
4,1,0.5110805,1
4,1,0.50965494,1
4,1,0.5124967,1
4,1,0.5100255,1
4,1,0.5089945,1
4,1,0.5108528,1
4,1,0.50942934,1
4,1,0.5098315,1
4,1,0.5103129,1
4,1,0.5107673,1
4,1,0.50807196,1
4,1,0.5100404,1
4,1,0.50969326,1
4,1,0.5106512,1
4,1,0.5099377,1
4,1,0.5083854,1
4,1,0.5139677,1
4,1,0.5075011,1
4,1,0.5069855,1
4,0,0.66257083,1
4,0,0.66065836,1
4,0,0.66388625,1
4,0,0.6717652,1
4,0,0.72367454,1
4,0,0.67546225,1
4,0,0.6927745,1
4,0,0.68126225,1
4,0,0.68585587,1
4,0,0.6933754,1
4,0,0.7045129,1
4,0,0.7200744,1
4,0,0.72125053,1
4,0,0.7199138,1
4,0,0.70424485,1
4,0,0.69675946,1
4,0,0.69152755,1
4,0,0.6986297,1
4,0,0.6990692,1
4,0,0.67802274,1
4,0,0.67583865,1
4,0,0.67148936,1
4,0,0.67825633,1
4,0,0.6557457,1
4,0,0.6590768,1
4,0,0.68029386,1
4,0,0.6638534,1
4,0,0.67937136,1
4,0,0.6661579,1
4,0,0.7488593,1
4,0,0.75229377,1
4,0,0.7428491,1
4,0,0.7495732,1
4,0,0.7516848,1
4,0,0.748685,1
4,0,0.7383761,1
4,0,0.7403601,1
4,0,0.7517822,1
4,0,0.73289573,1
4,0,0.75015867,1
4,0,0.74018687,1
4,0,0.74698496,1
4,0,0.75044566,1
4,0,0.74916685,1
4,0,0.7460031,1
4,0,0.7472876,1
4,0,0.7522749,1
4,0,0.7475766,1
4,0,0.75554216,1
4,0,0.75071114,1
4,0,0.72408545,1
4,0,0.70670384,1
4,0,0.75089735,1
4,0,0.7511079,1
4,0,0.7417632,1
4,0,0.7557066,1
4,0,0.74871856,1
4,0,0.7499381,1
4,0,0.74729955,1
4,0,0.72701067,1
4,0,0.7473511,1
4,0,0.72447926,1
4,0,0.7501856,1
4,0,0.7513445,1
4,0,0.7486734,1
4,0,0.6914794,1
4,0,0.6911033,1
4,1,0.7414581,1
4,1,0.74852663,1
4,1,0.7521868,1
4,1,0.7493798,1
4,1,0.754618,1
4,1,0.7490283,1
4,1,0.75025535,1
4,1,0.7491969,1
4,1,0.74991316,1
4,0,0.75069594,1
4,0,0.7495371,1
4,0,0.7511242,1
4,0,0.7371481,1
4,0,0.75057137,1
4,0,0.7538059,1
4,0,0.74953216,1
4,0,0.75148624,1
4,0,0.7475537,1
4,0,0.75261873,1
4,0,0.75211763,1
4,0,0.751412,1
4,0,0.7058925,1
4,0,0.7513071,1
4,0,0.74452865,1
4,0,0.74720544,1
4,0,0.7241241,1
4,0,0.70171875,1
4,0,0.7531051,1
4,0,0.74942553,1
4,0,0.7509022,1
4,0,0.7498846,1
4,0,0.75171804,1
4,0,0.74580574,1
4,0,0.7317251,1
4,0,0.7474289,1
4,0,0.73228836,1
4,0,0.75422007,1
4,0,0.7476729,1
4,0,0.7521521,1
4,0,0.7523094,1
4,0,0.74607116,1
4,0,0.7514292,1
4,0,0.712728,1
4,0,0.7508053,1
4,0,0.7140853,1
4,0,0.71304655,1
4,0,0.72051394,1
4,0,0.7517027,1
4,0,0.7473729,1
4,0,0.75095826,1
4,0,0.75086194,1
4,0,0.7506231,1
4,0,0.7408547,1
4,0,0.74527055,1
4,0,0.75284535,1
4,0,0.7476654,1
4,0,0.75311977,1
4,0,0.7460281,1
4,0,0.7395934,1
4,0,0.74326587,1
4,0,0.7530494,1
4,0,0.7454453,1
4,0,0.7511459,1
4,0,0.7471001,1
4,0,0.7053394,1
4,0,0.75416166,1
4,0,0.7055924,1
4,0,0.68248093,1
4,0,0.69467986,1
4,0,0.6945264,1
4,0,0.7517543,1
4,0,0.75260746,1
4,0,0.7474391,1
4,0,0.74374807,1
4,0,0.7462112,1
4,0,0.7499743,1
4,0,0.74618345,1
4,0,0.75221634,1
4,0,0.7380339,1
4,0,0.75271094,1
4,0,0.7443769,1
4,0,0.75044835,1
4,0,0.74686617,1
4,0,0.7510103,1
4,0,0.7485431,1
4,0,0.75029445,1
4,0,0.7452167,1
4,0,0.7489212,1
4,0,0.7453302,1
4,0,0.7513689,1
4,0,0.74525917,1
4,0,0.74982184,1
4,0,0.74241036,1
4,0,0.74853987,1
4,0,0.75424623,1
4,0,0.7164539,1
4,0,0.750701,1
4,0,0.7153375,1
4,0,0.74799484,1
4,0,0.70074344,1
4,0,0.70835286,1
4,0,0.74699885,1
4,0,0.74937177,1
4,0,0.7011508,1
4,0,0.7163699,1
4,0,0.70282215,1
4,0,0.6917469,1
4,0,0.6977004,1
4,0,0.7097628,1
4,0,0.75057596,1
4,0,0.7491279,1
4,1,0.74967414,1
4,1,0.7486052,1
4,1,0.7464683,1
4,1,0.75083244,1
4,1,0.7230546,1
4,1,0.748435,1
4,1,0.7213581,1
4,1,0.74983,1
4,1,0.75081605,1
4,0,0.7406067,1
4,0,0.7535713,1
4,0,0.7509881,1
4,0,0.74754655,1
4,0,0.7520159,1
4,0,0.7464677,1
4,0,0.74771786,1
4,0,0.7500598,1
4,0,0.749036,1
4,0,0.7473798,1
4,0,0.7394949,1
4,0,0.75088274,1
4,0,0.74969035,1
4,0,0.74749905,1
4,0,0.75267833,1
4,0,0.74579227,1
4,0,0.7395078,1
4,0,0.73944616,1
4,0,0.75181067,1
4,0,0.7373516,1
4,0,0.74735194,1
4,0,0.751146,1
4,0,0.75194955,1
4,0,0.7507268,1
4,0,0.7499751,1
4,0,0.7448092,1
4,0,0.7465066,1
4,0,0.74898285,1
4,0,0.7476642,1
4,0,0.7493176,1
4,0,0.70573634,1
4,0,0.7510726,1
4,0,0.73887706,1
4,0,0.714725,1
4,0,0.71198595,1
4,0,0.71774924,1
4,0,0.73579764,1
4,0,0.7221798,1
4,0,0.7399025,1
4,0,0.73006874,1
4,0,0.71797454,1
4,0,0.74775493,1
4,0,0.7499431,1
4,0,0.7426325,1
4,0,0.7465014,1
4,0,0.7502026,1
4,1,0.75090677,1
4,1,0.7495757,1
4,1,0.7502846,1
4,1,0.74621403,1
4,1,0.7505523,1
4,1,0.75016344,1
4,1,0.7510833,1
4,1,0.7482632,1
4,1,0.7520798,1
4,1,0.74447393,1
4,1,0.744642,1
4,1,0.74755853,1
4,1,0.73249686,1
4,0,0.75075024,1
4,0,0.7539228,1
4,0,0.7476126,1
4,0,0.6907693,1
4,0,0.74174273,1
4,0,0.71594596,1
4,0,0.67539996,1
4,0,0.74772817,1
4,0,0.70629156,1
4,0,0.68381083,1
4,0,0.7340006,1
4,0,0.7179307,1
4,0,0.68922675,1
4,0,0.74596584,1
4,0,0.68747663,1
4,0,0.7550881,1
4,0,0.709722,1
4,0,0.6927262,1
4,0,0.72518575,1
4,0,0.6942009,1
4,0,0.7512333,1
4,0,0.7316501,1
4,0,0.7436628,1
4,1,0.738555,1
4,1,0.7513242,1
4,1,0.7188338,1
4,1,0.74393123,1
4,1,0.739418,1
4,1,0.74552447,1
4,1,0.745365,1
4,1,0.7427219,1
4,1,0.7496108,1
4,1,0.7436303,1
4,1,0.74251527,1
4,1,0.7237378,1
4,1,0.74346286,1
4,1,0.7206485,1
4,1,0.75297266,1
4,0,0.5923774,1
4,0,0.5992893,1
4,0,0.62276703,1
4,0,0.6167686,1
4,0,0.6181001,1
4,0,0.63007927,1
4,0,0.6262016,1
4,0,0.61004364,1
4,0,0.6314225,1
4,0,0.6386729,1
4,0,0.6243941,1
4,0,0.64144945,1
4,0,0.62269425,1
4,0,0.6103654,1
4,0,0.60851437,1
4,0,0.62650865,1
4,0,0.60673434,1
4,0,0.6081887,1
4,0,0.6250305,1
4,0,0.6045354,1
4,0,0.5993003,1
4,0,0.5971557,1
4,0,0.6251871,1
4,0,0.6081958,1
4,0,0.6217692,1
4,0,0.6285674,1
4,0,0.63554406,1
4,0,0.6285663,1
4,0,0.61202437,1
4,0,0.6295528,1
4,0,0.60847926,1
4,0,0.60253936,1
4,0,0.60725456,1
4,0,0.5949352,1
4,0,0.6137147,1
4,0,0.6161109,1
4,0,0.62267786,1
4,0,0.6406387,1
4,0,0.6307329,1
4,0,0.61685675,1
4,0,0.63793707,1
4,0,0.6007335,1
4,0,0.6119264,1
4,0,0.5965085,1
4,0,0.61115915,1
4,0,0.60942304,1
4,0,0.63938874,1
4,0,0.6217801,1
4,0,0.6280167,1
4,0,0.6127514,1
4,0,0.64559925,1
4,0,0.6130411,1
4,0,0.59129876,1
4,0,0.61964124,1
4,0,0.6249375,1
4,0,0.61560905,1
4,0,0.6230303,1
4,0,0.62282085,1
4,0,0.6400804,1
4,0,0.63323957,1
4,0,0.6294563,1
4,0,0.61521304,1
4,0,0.642905,1
4,0,0.64024854,1
4,0,0.63768965,1
4,0,0.6531071,1
4,0,0.63968647,1
4,0,0.63677496,1
4,0,0.6412959,1
4,0,0.6532364,1
4,0,0.6348766,1
4,0,0.63584274,1
4,0,0.6232697,1
4,0,0.6475334,1
4,0,0.64044935,1
4,0,0.62474614,1
4,0,0.6223977,1
4,0,0.6333328,1
4,0,0.6411793,1
4,0,0.6230284,1
4,0,0.6304964,1
4,0,0.6027986,1
4,0,0.61493,1
4,0,0.5946341,1
4,0,0.6250427,1
4,0,0.59177125,1
4,0,0.6522383,1
4,0,0.63907564,1
4,0,0.63685536,1
4,0,0.6141333,1
4,0,0.6253281,1
4,0,0.620265,1
4,0,0.62792385,1
4,0,0.63329154,1
4,0,0.6339179,1
4,0,0.642886,1
4,0,0.6492567,1
4,0,0.6212744,1
4,0,0.6297598,1
4,0,0.63177675,1
4,0,0.6136926,1
4,0,0.63069916,1
4,0,0.61756927,1
4,0,0.63217556,1
4,0,0.62459093,1
4,0,0.62120533,1
4,0,0.63503355,1
4,0,0.65148014,1
4,0,0.6290312,1
4,0,0.6433198,1
4,0,0.6360538,1
4,0,0.6336623,1
4,0,0.64946145,1
4,1,0.73394537,1
4,1,0.71548164,1
4,1,0.7306273,1
4,1,0.70704544,1
4,1,0.7302798,1
4,1,0.7227893,1
4,1,0.7209434,1
4,1,0.7282225,1
4,1,0.7264833,1
4,1,0.7039059,1
4,1,0.7206185,1
4,1,0.71678,1
4,1,0.7358537,1
4,1,0.73196083,1
4,1,0.72982836,1
4,1,0.7254169,1
4,1,0.72669446,1
4,1,0.7345383,1
4,1,0.7252924,1
4,1,0.7284448,1
4,1,0.7142824,1
4,1,0.7293461,1
4,1,0.44382352,0
4,1,0.44305256,0
4,1,0.44360247,0
4,1,0.44545707,0
4,1,0.44429243,0
4,1,0.4452223,0
4,1,0.44531217,0
4,1,0.44456214,0
4,1,0.44638,0
4,1,0.4425601,0
4,1,0.44425505,0
4,1,0.44439235,0
4,1,0.44549373,0
4,1,0.44628122,0
4,1,0.4457612,0
4,1,0.7375524,1
4,1,0.73740214,1
4,1,0.7353851,1
4,1,0.73797816,1
4,1,0.74140203,1
4,1,0.7371435,1
4,1,0.7374393,1
4,1,0.7419319,1
4,1,0.7394183,1
4,1,0.7322737,1
4,1,0.6530154,1
4,1,0.6500503,1
4,1,0.6543185,1
4,1,0.6499648,1
4,1,0.65536565,1
4,1,0.65409917,1
4,1,0.64543927,1
4,1,0.6303392,1
4,1,0.6509516,1
4,1,0.6314125,1
4,1,0.63409156,1
4,1,0.6664721,1
4,1,0.65907663,1
4,1,0.6368347,1
4,1,0.6180374,1
4,1,0.6376289,1
4,1,0.6158516,1
4,1,0.63054293,1
4,1,0.62912625,1
4,1,0.6222317,1
4,1,0.62927026,1
4,1,0.6222257,1
4,1,0.61194116,1
4,1,0.6284393,1
4,1,0.6380464,1
4,1,0.63679564,1
4,1,0.62892073,1
4,1,0.67034733,1
4,1,0.6423391,1
4,1,0.64303774,1
4,1,0.6374582,1
4,1,0.6358184,1
4,1,0.6542466,1
4,1,0.6744904,1
4,1,0.65782446,1
4,1,0.66255945,1
4,1,0.661315,1
4,1,0.6536935,1
4,1,0.6472165,1
4,1,0.6498686,1
4,1,0.5335849,1
4,1,0.5363484,1
4,1,0.5338654,1
4,1,0.5360937,1
4,1,0.53897387,1
4,1,0.5385424,1
4,1,0.533365,1
4,1,0.53194356,1
4,1,0.5321792,1
4,1,0.5320082,1
4,1,0.53988796,1
4,1,0.5298819,1
4,1,0.53642684,1
4,1,0.54308265,1
4,1,0.5379687,1
4,0,0.5437186,1
4,0,0.54085207,1
4,0,0.5442723,1
4,0,0.5417886,1
4,0,0.53713983,1
4,0,0.5359781,1
4,0,0.54058117,1
4,0,0.53924197,1
4,0,0.53946245,1
4,0,0.53736377,1
4,0,0.5409401,1
4,0,0.5405838,1
4,0,0.5457481,1
4,0,0.540197,1
4,1,0.5464752,1
4,1,0.53738207,1
4,1,0.5443458,1
4,1,0.5424527,1
4,1,0.5455874,1
4,1,0.5424336,1
4,1,0.549332,1
4,1,0.53821295,1
4,1,0.5371052,1
4,1,0.54405606,1
4,1,0.5399143,1
4,1,0.5454138,1
4,1,0.550701,1
4,1,0.54154277,1
4,1,0.5461363,1
4,1,0.53616387,1
4,0,0.5417576,1
4,0,0.5496383,1
4,0,0.5443951,1
4,0,0.54488003,1
4,0,0.53905755,1
4,0,0.5446846,1
4,0,0.54831946,1
4,0,0.5400905,1
4,0,0.5349995,1
4,0,0.5417299,1
4,0,0.53631574,1
4,0,0.53665566,1
4,0,0.5360338,1
4,0,0.5339219,1
4,0,0.53548485,1
4,0,0.5460624,1
4,0,0.5374795,1
4,0,0.54226595,1
4,0,0.54094595,1
4,0,0.5434174,1
4,0,0.5337264,1
4,0,0.5381814,1
4,0,0.5417396,1
4,0,0.5456522,1
4,0,0.5411734,1
4,0,0.5350324,1
4,0,0.54239863,1
4,0,0.537817,1
4,0,0.545213,1
4,0,0.5425529,1
4,0,0.5468671,1
4,0,0.5401142,1
4,0,0.5344758,1
4,0,0.53831464,1
4,0,0.5364395,1
4,0,0.5377857,1
4,0,0.633712,1
4,0,0.60835975,1
4,0,0.6316283,1
4,0,0.62403834,1
4,0,0.61999196,1
4,0,0.6256197,1
4,0,0.59852284,1
4,0,0.62892973,1
4,0,0.5972123,1
4,0,0.59901166,1
4,0,0.60811746,1
4,0,0.62761295,1
4,0,0.5940538,1
4,0,0.6122146,1
4,0,0.6170184,1
4,0,0.6135917,1
4,0,0.6127941,1
4,0,0.6099916,1
4,0,0.614887,1
4,0,0.57061744,1
4,0,0.6189855,1
4,0,0.56811446,1
4,0,0.5463794,1
4,0,0.5446321,1
4,0,0.53828335,1
4,0,0.5410913,1
4,0,0.5414356,1
4,0,0.5572077,1
4,0,0.5418878,1
4,0,0.5358294,1
4,0,0.5603616,1
4,0,0.5919671,1
4,0,0.56179357,1
4,0,0.56043124,1
4,0,0.5572675,1
4,0,0.5951109,1
4,0,0.5778483,1
4,0,0.5673971,1
4,0,0.5476657,1
4,0,0.5441819,1
4,0,0.56607056,1
4,0,0.556105,1
4,0,0.5349386,1
4,0,0.55208397,1
4,0,0.52763915,1
4,0,0.5707191,1
4,0,0.5453651,1
4,0,0.55283886,1
4,0,0.57652056,1
4,0,0.5917339,1
4,0,0.5431328,1
4,0,0.5812154,1
4,0,0.5432689,1
4,0,0.529407,1
4,0,0.53524476,1
4,0,0.527722,1
4,0,0.5406218,1
4,0,0.5354027,1
4,0,0.53502315,1
4,0,0.5500639,1
4,0,0.532252,1
4,0,0.5474357,1
4,0,0.5365683,1
4,0,0.55118346,1
4,0,0.5593486,1
4,0,0.5770495,1
4,0,0.6185523,1
4,0,0.568495,1
4,0,0.6247733,1
4,0,0.64470387,1
4,0,0.63045233,1
4,0,0.6251499,1
4,0,0.5839658,1
4,0,0.6157126,1
4,0,0.6243926,1
4,0,0.59884685,1
4,0,0.5727465,1
4,0,0.65520006,1
4,0,0.63893676,1
4,0,0.58982575,1
4,0,0.6373527,1
4,0,0.61009604,1
4,0,0.6347905,1
4,0,0.63574326,1
4,0,0.6411925,1
4,0,0.6266225,1
4,0,0.6203169,1
4,0,0.62558866,1
4,0,0.62285,1
4,0,0.62964123,1
4,0,0.6245962,1
4,0,0.62262267,1
4,0,0.6343578,1
4,0,0.63422686,1
4,0,0.608084,1
4,0,0.64556557,1
4,0,0.62145,1
4,0,0.5970527,1
4,0,0.57821333,1
4,0,0.62700325,1
4,0,0.5944103,1
4,0,0.6191363,1
4,0,0.6077334,1
4,0,0.59258705,1
4,0,0.62744206,1
4,1,0.62963384,1
4,1,0.6254625,1
4,1,0.6285954,1
4,1,0.6319347,1
4,1,0.6324973,1
4,1,0.6210027,1
4,1,0.6416005,1
4,1,0.6332318,1
4,1,0.60312146,1
4,1,0.62283814,1
4,1,0.5875918,1
4,1,0.63246346,1
4,1,0.5862395,1
4,1,0.58383346,1
4,1,0.5809928,1
4,1,0.6335732,1
4,1,0.62128717,1
4,1,0.6246188,1
4,1,0.6005241,1
4,1,0.60679394,1
4,1,0.62905985,1
4,1,0.62219036,1
4,1,0.6323575,1
4,1,0.59994024,1
4,1,0.60961497,1
4,0,0.61333746,1
4,0,0.6283662,1
4,0,0.6208932,1
4,0,0.61269337,1
4,0,0.612736,1
4,0,0.6142988,1
4,0,0.60535365,1
4,0,0.6235515,1
4,0,0.61063606,1
4,0,0.6157722,1
4,0,0.6084189,1
4,0,0.6090211,1
4,0,0.61503613,1
4,0,0.5948044,1
4,0,0.5997003,1
4,0,0.60690045,1
4,0,0.623336,1
4,0,0.60532945,1
4,0,0.6291156,1
4,0,0.6259357,1
4,0,0.6260279,1
4,0,0.63775927,1
4,0,0.64186335,1
4,0,0.629578,1
4,0,0.6158409,1
4,0,0.61605257,1
4,0,0.61921793,1
4,0,0.6320854,1
4,0,0.6116493,1
4,0,0.61544955,1
4,0,0.6233415,1
4,0,0.6098965,1
4,0,0.58309084,1
4,0,0.64430016,1
4,0,0.62712497,1
4,0,0.6224638,1
4,0,0.6105901,1
4,0,0.62177557,1
4,0,0.60749876,1
4,0,0.6068399,1
4,0,0.61389285,1
4,0,0.61923456,1
4,0,0.6106359,1
4,0,0.6279362,1
4,0,0.6141083,1
4,1,0.5076339,1
4,1,0.51255363,1
4,1,0.5111073,1
4,1,0.5060994,1
4,1,0.50615066,1
4,1,0.50976527,1
4,1,0.51016974,1
4,1,0.5082878,1
4,1,0.50803375,1
4,1,0.50911987,1
4,1,0.5115877,1
4,1,0.51081496,1
4,1,0.5117384,1
4,1,0.50627077,1
4,1,0.5083441,1
4,1,0.50931007,1
4,1,0.5082217,1
4,1,0.5089184,1
4,1,0.5106956,1
4,1,0.5104774,1
4,1,0.5091041,1
4,1,0.50974315,1
4,1,0.5101546,1
4,1,0.51139295,1
4,1,0.5109445,1
4,1,0.51016814,1
4,1,0.509114,1
4,1,0.59877545,1
4,1,0.6039943,1
4,1,0.59410876,1
4,1,0.5822343,1
4,1,0.5900638,1
4,1,0.5852063,1
4,1,0.56416136,1
4,1,0.58263594,1
4,1,0.5703965,1
4,1,0.55212325,1
4,1,0.54887223,1
4,1,0.58603966,1
4,1,0.5333347,1
4,1,0.53674924,1
4,1,0.5524717,1
4,1,0.5358228,1
4,1,0.5671973,1
4,1,0.5359357,1
4,1,0.5322287,1
4,1,0.5466859,1
4,1,0.5375332,1
4,1,0.54399854,1
4,1,0.65311044,1
4,1,0.66891915,1
4,1,0.6804508,1
4,1,0.662741,1
4,1,0.669987,1
4,1,0.6516166,1
4,1,0.6856766,1
4,1,0.687321,1
4,1,0.6822927,1
4,1,0.664518,1
4,1,0.6969307,1
4,1,0.7065094,1
4,1,0.69235194,1
4,1,0.68995064,1
4,1,0.688091,1
4,1,0.7031086,1
4,1,0.70416397,1
4,1,0.69555,1
4,1,0.70065063,1
4,1,0.7000135,1
4,1,0.71893626,1
4,1,0.71069986,1
4,1,0.71020895,1
4,1,0.7099836,1
4,1,0.71130276,1
4,1,0.7099354,1
4,1,0.7063647,1
4,1,0.7090873,1
4,1,0.71380633,1
4,1,0.7084812,1
4,1,0.71296746,1
4,1,0.71357936,1
4,1,0.71742547,1
4,1,0.7222716,1
4,1,0.72196215,1
4,1,0.71786207,1
4,1,0.72145945,1
4,1,0.71062106,1
4,1,0.70711756,1
4,1,0.7143243,1
4,1,0.7190231,1
4,1,0.71701795,1
4,1,0.71521103,1
4,1,0.717929,1
4,1,0.7134691,1
4,1,0.7233761,1
4,1,0.71897846,1
4,1,0.7188096,1
4,1,0.7159175,1
4,1,0.7197377,1
4,1,0.72234523,1
4,1,0.72309864,1
4,1,0.71789086,1
4,0,0.7036014,1
4,0,0.7171625,1
4,0,0.72239965,1
4,0,0.7058546,1
4,0,0.7050639,1
4,0,0.71916306,1
4,0,0.71932226,1
4,0,0.71438026,1
4,0,0.71191007,1
4,0,0.7041387,1
4,0,0.71029377,1
4,0,0.718284,1
4,1,0.44556975,0
4,1,0.4448495,0
4,1,0.4445458,0
4,1,0.4452852,0
4,1,0.44572118,0
4,1,0.44559935,0
4,1,0.44859707,0
4,1,0.44615626,0
4,1,0.44602567,0
4,1,0.4468034,0
4,1,0.44488952,0
4,1,0.4471304,0
4,1,0.44696772,0
4,1,0.44597515,0
4,1,0.44432217,0
4,1,0.485744,0
4,1,0.48909378,0
4,1,0.4842238,0
4,1,0.4880046,0
4,1,0.48845115,0
4,1,0.4855351,0
4,1,0.5162688,1
4,1,0.4904393,0
4,1,0.49904698,0
4,1,0.5004287,1
4,1,0.4958821,0
4,1,0.49367797,0
4,1,0.49837422,0
4,1,0.49261415,0
4,1,0.4962694,0
4,1,0.5226271,1
4,1,0.49725604,0
4,1,0.49415228,0
4,1,0.49083802,0
4,1,0.50764686,1
4,1,0.48631662,0
4,1,0.4879981,0
4,1,0.4886626,0
4,1,0.49033397,0
4,1,0.4883172,0
4,1,0.48428234,0
4,1,0.4922641,0
4,1,0.48580554,0
4,1,0.48635343,0
4,1,0.48236978,0
4,1,0.49265966,0
4,1,0.48873672,0
4,1,0.49725977,0
4,1,0.49968967,0
4,1,0.4974369,0
4,1,0.49292284,0
4,1,0.49546224,0
4,1,0.507443,1
4,1,0.5325832,1
4,1,0.49731907,0
4,1,0.49735403,0
4,1,0.4917457,0
4,1,0.49795657,0
4,1,0.4903965,0
4,1,0.49841106,0
4,1,0.4861891,0
4,1,0.49700463,0
4,1,0.4890854,0
4,1,0.4839131,0
4,1,0.4976401,0
4,1,0.48913717,0
4,1,0.50270534,1
4,1,0.4961598,0
4,1,0.4927695,0
4,1,0.48930943,0
4,1,0.4953054,0
4,1,0.4935469,0
4,1,0.4929815,0
4,1,0.50393116,1
4,1,0.4937004,0
4,1,0.5146486,1
4,1,0.51416934,1
4,1,0.50131994,1
4,1,0.49842697,0
4,1,0.5081068,1
4,1,0.51154953,1
4,1,0.51395047,1
4,1,0.5148891,1
4,1,0.5136602,1
4,1,0.50607127,1
4,1,0.5232685,1
4,1,0.50734293,1
4,1,0.49958768,0
4,1,0.4999301,0
4,1,0.48926434,0
4,1,0.49073622,0
4,1,0.49624377,0
4,1,0.4998591,0
4,1,0.49413142,0
4,1,0.49511173,0
4,1,0.49655926,0
4,1,0.509891,1
4,1,0.49601033,0
4,0,0.64057726,1
4,0,0.61156076,1
4,0,0.6336872,1
4,0,0.6412762,1
4,0,0.63835007,1
4,0,0.6381847,1
4,0,0.6239331,1
4,0,0.63452774,1
4,0,0.6253041,1
4,0,0.64059824,1
4,0,0.6144538,1
4,0,0.6429398,1
4,0,0.6367674,1
4,0,0.6634957,1
4,0,0.63610065,1
4,0,0.64989597,1
4,0,0.64899516,1
4,0,0.6503888,1
4,0,0.6765449,1
4,0,0.64908826,1
4,0,0.6418339,1
4,0,0.6432015,1
4,0,0.64036083,1
4,0,0.6545696,1
4,0,0.6535955,1
4,0,0.6445467,1
4,0,0.66357434,1
4,0,0.65074104,1
4,0,0.6524386,1
4,0,0.64057815,1
4,0,0.63663244,1
4,0,0.65091014,1
4,0,0.6453153,1
4,0,0.633879,1
4,0,0.631398,1
4,0,0.5076987,1
4,0,0.5095772,1
4,0,0.5090736,1
4,0,0.51020515,1
4,0,0.50873405,1
4,0,0.5066482,1
4,0,0.5071369,1
4,0,0.50626695,1
4,0,0.5087224,1
4,0,0.50602657,1
4,0,0.5081353,1
4,0,0.5069079,1
4,0,0.51074344,1
4,0,0.50825614,1
4,0,0.50665736,1
4,0,0.5084737,1
4,0,0.5100185,1
4,0,0.5087611,1
4,0,0.50686646,1
4,0,0.5096654,1
4,0,0.5078119,1
4,0,0.5075318,1
4,0,0.5093037,1
4,0,0.50818044,1
4,0,0.50697863,1
4,0,0.511373,1
4,0,0.50776637,1
4,0,0.5082793,1
4,0,0.50969326,1
4,0,0.5090727,1
4,0,0.5090343,1
4,0,0.5067787,1
4,0,0.5066383,1
4,0,0.50667906,1
4,0,0.510424,1
4,0,0.5076824,1
4,0,0.50736827,1
4,0,0.5091255,1
4,0,0.50564706,1
4,0,0.50798005,1
4,0,0.5101614,1
4,0,0.51063484,1
4,0,0.5083265,1
4,0,0.5079476,1
4,0,0.5079934,1
4,0,0.507287,1
4,0,0.5072486,1
4,0,0.5078373,1
4,0,0.5086082,1
4,0,0.50619084,1
4,0,0.5082975,1
4,0,0.50983787,1
4,0,0.5089231,1
4,0,0.5088741,1
4,0,0.50880945,1
4,0,0.5125121,1
4,0,0.5127373,1
4,0,0.51054674,1
4,0,0.50804865,1
4,0,0.5097249,1
4,0,0.50954485,1
4,0,0.5087212,1
4,0,0.5060758,1
4,0,0.50908965,1
4,0,0.5056366,1
4,0,0.50970244,1
4,0,0.50611615,1
4,0,0.5102097,1
4,0,0.50700885,1
4,0,0.51099104,1
4,0,0.50665987,1
4,0,0.5090726,1
4,0,0.5099626,1
4,0,0.50949633,1
4,0,0.5052935,1
4,0,0.5074986,1
4,0,0.5054202,1
4,0,0.507478,1
4,0,0.50980157,1
4,0,0.50760865,1
4,0,0.507007,1
4,0,0.50739753,1
4,0,0.5071371,1
4,0,0.50732213,1
4,0,0.50875145,1
4,0,0.5072403,1
4,0,0.50683004,1
4,0,0.508362,1
4,0,0.5092741,1
4,0,0.51138717,1
4,0,0.5066794,1
4,0,0.50510013,1
4,0,0.5084689,1
4,0,0.5103124,1
4,0,0.51150817,1
4,0,0.50878924,1
4,0,0.50884193,1
4,0,0.5100784,1
4,0,0.50828105,1
4,0,0.50728273,1
4,0,0.50738895,1
4,0,0.50926465,1
4,0,0.50770885,1
4,0,0.507699,1
4,0,0.5076221,1
4,0,0.5080318,1
4,0,0.50837666,1
4,0,0.50802034,1
4,0,0.50884527,1
4,0,0.5089204,1
4,0,0.5066895,1
4,0,0.507527,1
4,0,0.5102764,1
4,0,0.51283276,1
4,0,0.50724566,1
4,0,0.5139648,1
4,0,0.51008964,1
4,0,0.5068423,1
4,0,0.50781435,1
4,0,0.5092354,1
4,0,0.5085913,1
4,0,0.50699353,1
4,0,0.51209456,1
4,0,0.50978494,1
4,0,0.5074496,1
4,0,0.5083084,1
4,0,0.5087523,1
4,0,0.5094643,1
4,0,0.50516754,1
4,0,0.5111267,1
4,0,0.5071789,1
4,0,0.50811607,1
4,0,0.5088539,1
4,0,0.50848615,1
4,0,0.5071563,1
4,0,0.5084043,1
4,0,0.5092429,1
4,0,0.50704163,1
4,0,0.5085611,1
4,0,0.5088074,1
4,0,0.509257,1
4,0,0.50732607,1
4,0,0.5074211,1
4,0,0.50659066,1
4,0,0.5079251,1
4,0,0.50640434,1
4,0,0.5074812,1
4,1,0.59152794,1
4,1,0.6034698,1
4,1,0.602384,1
4,1,0.60300916,1
4,1,0.6159178,1
4,1,0.6206982,1
4,1,0.62708557,1
4,1,0.59030265,1
4,1,0.60358214,1
4,1,0.59839416,1
4,1,0.6039547,1
4,1,0.5832239,1
4,1,0.60226214,1
4,1,0.59136796,1
4,1,0.60027826,1
4,1,0.5828378,1
4,1,0.59034294,1
4,1,0.58666295,1
4,1,0.5857762,1
4,1,0.5106068,1
4,1,0.5117905,1
4,1,0.5089504,1
4,1,0.5098949,1
4,1,0.5115454,1
4,1,0.51108164,1
4,1,0.51012594,1
4,1,0.5110147,1
4,1,0.5096031,1
4,1,0.51236624,1
4,1,0.5099546,1
4,1,0.5089437,1
4,1,0.51078075,1
4,1,0.50939184,1
4,1,0.5098279,1
4,1,0.5102782,1
4,1,0.5106291,1
4,1,0.5079279,1
4,1,0.509852,1
4,1,0.5095482,1
4,1,0.5105118,1
4,1,0.50984883,1
4,1,0.5083349,1
4,1,0.51387066,1
4,1,0.50738204,1
4,1,0.5098204,1
4,1,0.5102098,1
4,1,0.5083663,1
4,1,0.5098223,1
4,1,0.5100617,1
4,1,0.5111759,1
4,1,0.5102683,1
4,1,0.5101556,1
4,1,0.5094475,1
4,1,0.50847286,1
4,1,0.5097549,1
4,1,0.5111999,1
4,1,0.6816709,1
4,1,0.6881732,1
4,1,0.6902175,1
4,1,0.69294965,1
4,1,0.68787724,1
4,1,0.6803159,1
4,1,0.6895401,1
4,1,0.69513,1
4,1,0.68797,1
4,1,0.6976751,1
4,1,0.6915576,1
4,1,0.6860155,1
4,1,0.6825529,1
4,1,0.68804777,1
4,1,0.6821932,1
4,1,0.6859457,1
4,1,0.6926438,1
4,1,0.51304233,1
4,1,0.5131629,1
4,1,0.51382536,1
4,1,0.5122653,1
4,1,0.51285106,1
4,1,0.5169634,1
4,1,0.5137845,1
4,1,0.5148146,1
4,1,0.5145771,1
4,1,0.51278174,1
4,1,0.51542014,1
4,1,0.51562387,1
4,1,0.5135858,1
4,1,0.51420456,1
4,1,0.5118,1
4,1,0.51607746,1
4,1,0.51238155,1
4,1,0.51199317,1
4,1,0.51575935,1
4,1,0.51336503,1
4,1,0.5146177,1
4,1,0.5152813,1
4,1,0.5134254,1
4,1,0.512898,1
4,1,0.5172589,1
4,1,0.5137264,1
4,1,0.51794094,1
4,1,0.52000684,1
4,1,0.51580435,1
4,1,0.5193657,1
4,1,0.51613265,1
4,1,0.514759,1
4,1,0.5122372,1
4,1,0.5190069,1
4,1,0.51496994,1
4,1,0.5152128,1
4,1,0.51467514,1
4,1,0.51455873,1
4,1,0.5148802,1
4,1,0.5142258,1
4,1,0.5150633,1
4,1,0.51227725,1
4,1,0.5140535,1
4,1,0.61942714,1
4,1,0.63929534,1
4,1,0.62317616,1
4,1,0.6289533,1
4,1,0.6169719,1
4,1,0.6194608,1
4,1,0.6433727,1
4,1,0.6094292,1
4,1,0.6259225,1
4,1,0.62262666,1
4,1,0.62290365,1
4,1,0.59922534,1
4,1,0.6116416,1
4,1,0.6035136,1
4,1,0.62015873,1
4,1,0.61249584,1
4,1,0.58628494,1
4,1,0.498506,0
4,1,0.5008703,1
4,1,0.4935904,0
4,1,0.4956866,0
4,1,0.51539737,1
4,1,0.5188864,1
4,1,0.50540555,1
4,1,0.5239325,1
4,1,0.5152645,1
4,1,0.5059382,1
4,1,0.5149827,1
4,1,0.5369022,1
4,0,0.6102932,1
4,0,0.5841623,1
4,0,0.6066547,1
4,0,0.5969324,1
4,0,0.60005677,1
4,0,0.6043413,1
4,0,0.59587616,1
4,0,0.583905,1
4,0,0.5910261,1
4,0,0.5852284,1
4,0,0.5657306,1
4,0,0.5833756,1
4,0,0.572908,1
4,0,0.5552474,1
4,0,0.5728359,1
4,0,0.55004805,1
4,0,0.5889651,1
4,0,0.5341808,1
4,0,0.5375711,1
4,0,0.5544584,1
4,0,0.53690875,1
4,0,0.5682784,1
4,0,0.5367889,1
4,0,0.5326632,1
4,0,0.5469569,1
4,0,0.5384258,1
4,0,0.5450353,1
4,0,0.5548646,1
4,0,0.5433239,1
4,0,0.5555323,1
4,0,0.5523313,1
4,0,0.5655006,1
4,0,0.57163227,1
4,1,0.5563774,1
4,1,0.5685734,1
4,1,0.5717475,1
4,1,0.5529128,1
4,1,0.5514972,1
4,1,0.5639267,1
4,1,0.6145692,1
4,1,0.5864673,1
4,0,0.5860578,1
4,0,0.6053528,1
4,0,0.6094829,1
4,0,0.58375263,1
4,0,0.6087708,1
4,0,0.6199311,1
4,0,0.6017421,1
4,0,0.61440593,1
4,0,0.60482204,1
4,0,0.63553375,1
4,0,0.60630995,1
4,0,0.6092646,1
4,0,0.62597364,1
4,0,0.6410389,1
4,0,0.6262307,1
4,0,0.6321525,1
4,0,0.6274631,1
4,0,0.6134452,1
4,0,0.6602031,1
4,0,0.6630054,1
4,0,0.64999306,1
4,0,0.6393385,1
4,0,0.632382,1
4,0,0.6707376,1
4,0,0.66681975,1
4,0,0.6378206,1
4,0,0.65322673,1
4,0,0.647867,1
4,0,0.66546106,1
4,0,0.67139333,1
4,0,0.65417063,1
4,0,0.66876256,1
4,0,0.66459453,1
4,0,0.6794037,1
4,0,0.65589285,1
4,0,0.64402366,1
4,0,0.6567321,1
4,0,0.66317457,1
4,0,0.6673944,1
4,0,0.65117425,1
4,0,0.65863395,1
4,0,0.6651291,1
4,0,0.6523121,1
4,0,0.6621719,1
4,0,0.65338373,1
4,0,0.6609414,1
4,0,0.64311486,1
4,0,0.66304463,1
4,0,0.664716,1
4,0,0.6684467,1
4,0,0.6783386,1
4,0,0.67094564,1
4,0,0.6457368,1
4,0,0.67203635,1
4,0,0.66955113,1
4,0,0.65330625,1
4,0,0.65538484,1
4,0,0.66476715,1
4,0,0.65580255,1
4,0,0.67960703,1
4,0,0.67237055,1
4,0,0.66337305,1
4,0,0.6745987,1
4,0,0.6808051,1
4,0,0.6618667,1
4,0,0.6650379,1
4,0,0.65208787,1
4,0,0.68354154,1
4,0,0.6855616,1
4,0,0.6802595,1
4,0,0.6627816,1
4,0,0.6820376,1
4,0,0.6852284,1
4,0,0.66336083,1
4,0,0.69201183,1
4,0,0.6961416,1
4,0,0.7006864,1
4,0,0.69351614,1
4,0,0.6924319,1
4,0,0.69533986,1
4,0,0.6832161,1
4,0,0.6915181,1
4,0,0.69396335,1
4,0,0.68694055,1
4,0,0.69221044,1
4,0,0.68456227,1
4,0,0.68772715,1
4,0,0.6593121,1
4,0,0.6771336,1
4,0,0.6530349,1
4,0,0.6794475,1
4,0,0.6725773,1
4,0,0.6817152,1
4,0,0.69066143,1
4,0,0.689552,1
4,0,0.68928176,1
4,0,0.6817321,1
4,0,0.67602324,1
4,0,0.6720473,1
4,0,0.6934014,1
4,0,0.68599784,1
4,0,0.68768424,1
4,0,0.6840662,1
4,0,0.67524993,1
4,0,0.68791974,1
4,0,0.6902356,1
4,0,0.67132384,1
4,0,0.67177474,1
4,0,0.68298227,1
4,0,0.69433504,1
4,0,0.6722748,1
4,0,0.6822231,1
4,0,0.6894548,1
4,0,0.6667489,1
4,0,0.691059,1
4,0,0.6563701,1
4,0,0.6607253,1
4,0,0.6681796,1
4,0,0.67824656,1
4,0,0.68164515,1
4,0,0.6488096,1
4,0,0.67369705,1
4,0,0.6553598,1
4,0,0.656596,1
4,0,0.6872539,1
4,0,0.67988724,1
4,0,0.6824656,1
4,0,0.6787748,1
4,0,0.68596125,1
4,0,0.69319504,1
4,0,0.6935586,1
4,0,0.68446904,1
4,0,0.6838954,1
4,0,0.6918248,1
4,0,0.6793782,1
4,0,0.6974781,1
4,0,0.6902334,1
4,0,0.6951008,1
4,0,0.7050785,1
4,0,0.69007903,1
4,0,0.687522,1
4,0,0.6861624,1
4,0,0.7021575,1
4,0,0.7027344,1
4,0,0.6939655,1
4,0,0.698692,1
4,0,0.698827,1
4,0,0.69545585,1
4,0,0.6956436,1
4,0,0.69813204,1
4,0,0.6978631,1
4,0,0.7055348,1
4,0,0.7012694,1
4,0,0.7035866,1
4,0,0.7090701,1
4,0,0.71382415,1
4,0,0.70538694,1
4,0,0.7044648,1
4,0,0.7115136,1
4,0,0.7072287,1
4,0,0.70639795,1
4,0,0.7127065,1
4,0,0.7153687,1
4,0,0.71032953,1
4,0,0.70584977,1
4,0,0.71345353,1
4,0,0.7102994,1
4,0,0.7154228,1
4,0,0.7126226,1
4,0,0.70175236,1
4,0,0.7044566,1
4,0,0.7187287,1
4,0,0.71267873,1
4,0,0.7066695,1
4,0,0.70556694,1
4,0,0.7045853,1
4,0,0.7015206,1
4,0,0.709882,1
4,0,0.7097358,1
4,0,0.717279,1
4,0,0.7096488,1
4,0,0.71051854,1
4,0,0.7090718,1
4,0,0.7180927,1
4,0,0.709847,1
4,0,0.70931745,1
4,0,0.70949996,1
4,0,0.7105413,1
4,0,0.7090437,1
4,0,0.7053336,1
4,0,0.7082857,1
4,0,0.71286,1
4,0,0.7075703,1
4,0,0.7121083,1
4,0,0.71475524,1
4,0,0.70153093,1
4,0,0.7107713,1
4,0,0.7117829,1
4,0,0.7196817,1
4,0,0.71175706,1
4,0,0.7076192,1
4,0,0.7119873,1
4,0,0.709467,1
4,0,0.7042184,1
4,0,0.7073522,1
4,0,0.71197665,1
4,0,0.70391047,1
4,0,0.7074884,1
4,0,0.7153188,1
4,0,0.7148282,1
4,0,0.72161585,1
4,0,0.7113976,1
4,0,0.7161793,1
4,0,0.7124761,1
4,0,0.7108445,1
4,0,0.71105,1
4,0,0.72252375,1
4,0,0.7175094,1
4,0,0.7135781,1
4,0,0.7169516,1
4,0,0.72163063,1
4,0,0.7124253,1
4,0,0.7161576,1
4,0,0.7214234,1
4,0,0.72111875,1
4,0,0.7169092,1
4,0,0.72055346,1
4,0,0.7092144,1
4,0,0.7060037,1
4,0,0.71331036,1
4,0,0.71825916,1
4,0,0.7160124,1
4,0,0.714267,1
4,0,0.7204654,1
4,0,0.7141661,1
4,0,0.71486336,1
4,0,0.7085254,1
4,0,0.71134347,1
4,0,0.716188,1
4,0,0.70635515,1
4,0,0.7058753,1
4,0,0.70258826,1
4,0,0.71668315,1
4,0,0.71260816,1
4,0,0.722565,1
4,0,0.7181097,1
4,0,0.71821094,1
4,0,0.7150328,1
4,0,0.719085,1
4,0,0.7217327,1
4,0,0.72250885,1
4,0,0.7173131,1
4,0,0.7129765,1
4,0,0.720509,1
4,0,0.71729726,1
4,0,0.71156615,1
4,0,0.70297337,1
4,0,0.7166855,1
4,0,0.7217768,1
4,0,0.7053527,1
4,0,0.7048338,1
4,0,0.7185702,1
4,0,0.7187557,1
4,0,0.7131983,1
4,0,0.7107344,1
4,0,0.7030222,1
4,0,0.70978546,1
4,0,0.7174855,1
4,0,0.7131101,1
4,0,0.7093461,1
4,0,0.69836986,1
4,0,0.71999645,1
4,0,0.69361645,1
4,0,0.70549965,1
4,0,0.69642377,1
4,0,0.70898175,1
4,0,0.7073579,1
4,0,0.701052,1
4,0,0.69478005,1
4,0,0.6990282,1
4,0,0.6768115,1
4,0,0.7128465,1
4,0,0.7196972,1
4,0,0.71596557,1
4,0,0.71745026,1
4,0,0.7179362,1
4,0,0.70429057,1
4,0,0.69307107,1
4,0,0.69790506,1
4,0,0.7006958,1
4,0,0.6942574,1
4,1,0.5183332,1
4,1,0.5118123,1
4,1,0.51460785,1
4,1,0.51373667,1
4,1,0.5135298,1
4,1,0.50923973,1
4,1,0.51222247,1
4,1,0.50970906,1
4,1,0.5121323,1
4,1,0.5128935,1
4,1,0.5160981,1
4,0,0.5592887,1
4,0,0.53452367,1
4,0,0.5280462,1
4,0,0.5350693,1
4,0,0.55157715,1
4,0,0.5531293,1
4,0,0.5381726,1
4,0,0.55499256,1
4,0,0.54183847,1
4,0,0.5790392,1
4,0,0.54527396,1
4,0,0.58525425,1
4,0,0.5431741,1
4,0,0.5113727,1
4,0,0.5171406,1
4,0,0.51209426,1
4,0,0.51072824,1
4,0,0.510301,1
4,0,0.513789,1
4,0,0.5131476,1
4,0,0.51110363,1
4,1,0.50557655,1
4,1,0.5083368,1
4,1,0.5292252,1
4,1,0.5178909,1
4,1,0.517842,1
4,1,0.5183189,1
4,1,0.49826688,0
4,1,0.5067621,1
4,1,0.7242501,1
4,1,0.72394836,1
4,1,0.7225354,1
4,1,0.7211127,1
4,1,0.71997666,1
4,1,0.7158501,1
4,1,0.7201114,1
4,1,0.72961396,1
4,1,0.7273388,1
4,1,0.742659,1
4,1,0.7408179,1
4,1,0.73658097,1
4,1,0.74116063,1
4,1,0.7249525,1
4,1,0.72004896,1
4,1,0.7344651,1
4,1,0.7398802,1
4,1,0.739954,1
4,1,0.7357474,1
4,1,0.74173015,1
4,1,0.72364265,1
4,1,0.74240303,1
4,1,0.73874074,1
4,1,0.50273186,1
4,1,0.50660944,1
4,1,0.5115648,1
4,1,0.51165247,1
4,1,0.5097639,1
4,1,0.5162319,1
4,1,0.5097605,1
4,1,0.5097175,1
4,1,0.5099811,1
4,1,0.51102704,1
4,1,0.5115428,1
4,1,0.51257175,1
4,1,0.512678,1
4,1,0.5116732,1
4,1,0.51151204,1
4,1,0.51156664,1
4,1,0.51080984,1
4,1,0.65909076,1
4,1,0.6621668,1
4,1,0.65781987,1
4,1,0.6663957,1
4,1,0.658345,1
4,1,0.6703689,1
4,1,0.64875335,1
4,1,0.6482199,1
4,1,0.6665619,1
4,1,0.6576393,1
4,1,0.6419513,1
4,1,0.6595928,1
4,1,0.6483062,1
4,1,0.6391626,1
4,1,0.6351098,1
4,1,0.6421602,1
4,1,0.6648312,1
4,1,0.64512926,1
4,1,0.6666971,1
4,1,0.6617524,1
4,1,0.68963385,1
4,1,0.70386815,1
4,1,0.6901476,1
4,1,0.6900579,1
4,1,0.6971674,1
4,1,0.71523124,1
4,1,0.7149347,1
4,1,0.7167178,1
4,1,0.713363,1
4,1,0.7145155,1
4,1,0.7166441,1
4,1,0.7191428,1
4,1,0.72111183,1
4,1,0.72237825,1
4,1,0.7147041,1
4,1,0.71790564,1
4,1,0.71781284,1
4,1,0.7188356,1
4,1,0.71557117,1
4,0,0.6768657,1
4,0,0.6715171,1
4,0,0.65494436,1
4,0,0.6487566,1
4,0,0.64177436,1
4,0,0.6406503,1
4,0,0.6625714,1
4,0,0.664432,1
4,0,0.6641904,1
4,0,0.66130996,1
4,0,0.6426271,1
4,0,0.6274771,1
4,0,0.6590575,1
4,0,0.65768087,1
4,0,0.6532595,1
4,0,0.6760882,1
4,0,0.65971154,1
4,0,0.64496607,1
4,0,0.660507,1
4,0,0.6554581,1
4,0,0.6689261,1
4,0,0.6654057,1
4,0,0.68660283,1
4,0,0.6732768,1
4,0,0.6605279,1
4,0,0.63915455,1
4,0,0.6442324,1
4,0,0.6741494,1
4,0,0.64588666,1
4,0,0.6583157,1
4,0,0.6581193,1
4,0,0.66748226,1
4,0,0.662641,1
4,0,0.65064174,1
4,0,0.6750087,1
4,0,0.6553029,1
4,0,0.6698564,1
4,0,0.6508172,1
4,0,0.63642216,1
4,0,0.64612186,1
4,0,0.64926344,1
4,0,0.6571851,1
4,0,0.65198463,1
4,0,0.6654914,1
4,0,0.6436596,1
4,0,0.6320538,1
4,0,0.64382124,1
4,0,0.6774177,1
4,0,0.6649352,1
4,0,0.632593,1
4,0,0.647109,1
4,0,0.63169295,1
4,0,0.64861935,1
4,0,0.64054674,1
4,0,0.65861106,1
4,0,0.6422145,1
4,0,0.6575868,1
4,0,0.65704554,1
4,0,0.66971534,1
4,0,0.68232745,1
4,0,0.67356485,1
4,0,0.66567206,1
4,0,0.650852,1
4,0,0.634454,1
4,0,0.6517538,1
4,0,0.649337,1
4,0,0.63166213,1
4,0,0.64364177,1
4,0,0.6730876,1
4,0,0.6671589,1
4,0,0.67160505,1
4,0,0.6675293,1
4,0,0.6822183,1
4,0,0.67534125,1
4,0,0.68641835,1
4,0,0.67743236,1
4,0,0.682177,1
4,0,0.6566723,1
4,0,0.6726272,1
4,0,0.6649753,1
4,0,0.6601046,1
4,0,0.6558844,1
4,0,0.66914386,1
4,0,0.6593323,1
4,0,0.68401164,1
4,0,0.68283063,1
4,0,0.6680521,1
4,0,0.67391247,1
4,0,0.68458605,1
4,0,0.6667843,1
4,0,0.6825958,1
4,0,0.68633616,1
4,0,0.6828023,1
4,0,0.65783095,1
4,0,0.6605868,1
4,0,0.66309714,1
4,0,0.67179084,1
4,0,0.6585526,1
4,0,0.67158246,1
4,0,0.67662674,1
4,0,0.67979795,1
4,0,0.6678127,1
4,1,0.64282423,1
4,1,0.6703556,1
4,1,0.690544,1
4,1,0.66718125,1
4,1,0.65532964,1
4,1,0.6467554,1
4,1,0.6813488,1
4,1,0.67486644,1
4,1,0.69351286,1
4,1,0.6668049,1
4,1,0.68508065,1
4,1,0.69428545,1
4,1,0.68042463,1
4,1,0.67263895,1
4,1,0.6862772,1
4,1,0.69873106,1
4,1,0.67821026,1
4,1,0.66395587,1
4,0,0.6748759,1
4,0,0.6615709,1
4,0,0.682668,1
4,0,0.6820501,1
4,0,0.68704766,1
4,0,0.6815881,1
4,0,0.67886066,1
4,0,0.67966515,1
4,0,0.6747181,1
4,0,0.6860677,1
4,0,0.6870031,1
4,0,0.6745231,1
4,0,0.6942258,1
4,0,0.6779003,1
4,0,0.6735529,1
4,0,0.6738123,1
4,0,0.6806037,1
4,0,0.68078274,1
4,0,0.69422364,1
4,0,0.6939687,1
4,0,0.6978416,1
4,0,0.69659317,1
4,0,0.68177307,1
4,0,0.69204545,1
4,0,0.6971308,1
4,0,0.69230276,1
4,0,0.68593335,1
4,0,0.6963091,1
4,0,0.69291556,1
4,0,0.6956757,1
4,0,0.68823963,1
4,0,0.6908696,1
4,0,0.6873171,1
4,0,0.6902543,1
4,0,0.69477373,1
4,0,0.690783,1
4,1,0.6690894,1
4,1,0.66705185,1
4,1,0.67280793,1
4,1,0.66802347,1
4,1,0.66035724,1
4,1,0.6689504,1
4,1,0.6726843,1
4,1,0.67720604,1
4,1,0.6782895,1
4,1,0.66216093,1
4,1,0.6583795,1
4,1,0.67404896,1
4,1,0.6685387,1
4,1,0.6697679,1
4,1,0.67790633,1
4,1,0.61987156,1
4,1,0.65472275,1
4,1,0.63650125,1
4,1,0.6288354,1
4,1,0.62039036,1
4,1,0.6597729,1
4,1,0.62613344,1
4,1,0.62052226,1
4,1,0.65459913,1
4,1,0.64658296,1
4,1,0.65249074,1
4,1,0.62187505,1
4,1,0.61994475,1
4,1,0.6548202,1
4,1,0.62418294,1
4,1,0.62362784,1
4,1,0.48308364,0
4,1,0.48890135,0
4,1,0.48204386,0
4,1,0.4817103,0
4,1,0.48893064,0
4,1,0.4907325,0
4,1,0.48596668,0
4,1,0.4942574,0
4,1,0.5531405,1
4,1,0.5556305,1
4,1,0.5567162,1
4,1,0.5557518,1
4,1,0.5566648,1
4,1,0.5560481,1
4,1,0.5539747,1
4,1,0.5623138,1
4,1,0.5542794,1
4,0,0.5583091,1
4,0,0.55479914,1
4,0,0.5548409,1
4,0,0.5557858,1
4,0,0.5531264,1
4,0,0.5576355,1
4,0,0.5587841,1
4,0,0.5617208,1
4,0,0.55922836,1
4,0,0.5583254,1
4,0,0.560554,1
4,0,0.56044626,1
4,0,0.55536723,1
4,0,0.5528821,1
4,0,0.56417704,1
4,0,0.56236845,1
4,0,0.574612,1
4,0,0.57524824,1
4,0,0.57838875,1
4,0,0.5768535,1
4,0,0.57507545,1
4,0,0.57917714,1
4,0,0.5727688,1
4,0,0.58151156,1
4,0,0.5913554,1
4,0,0.58511317,1
4,0,0.5850552,1
4,0,0.59809834,1
4,0,0.582901,1
4,0,0.5820238,1
4,0,0.62305564,1
4,0,0.62192607,1
4,0,0.7052547,1
4,0,0.72608685,1
4,0,0.6258675,1
4,0,0.72620517,1
4,0,0.74049115,1
4,0,0.74199605,1
4,0,0.63440216,1
4,0,0.6289041,1
4,0,0.63929147,1
4,0,0.6265526,1
4,0,0.6448791,1
4,0,0.74430186,1
4,0,0.7452605,1
4,0,0.7513504,1
4,0,0.74285,1
4,0,0.6573329,1
4,0,0.7270852,1
4,0,0.72788316,1
4,0,0.742175,1
4,0,0.74819887,1
4,0,0.72685826,1
4,0,0.7404332,1
4,0,0.74373907,1
4,0,0.7465431,1
4,0,0.7345802,1
4,0,0.74519366,1
4,0,0.74601763,1
4,0,0.670467,1
4,0,0.73267484,1
4,0,0.7352432,1
4,0,0.6451492,1
4,0,0.6562139,1
4,0,0.7177081,1
4,0,0.627079,1
4,0,0.62817365,1
4,0,0.6660048,1
4,0,0.6437814,1
4,0,0.63696176,1
4,0,0.70931363,1
4,0,0.6328697,1
4,0,0.6249377,1
4,0,0.66526055,1
4,0,0.62963897,1
4,0,0.6210205,1
4,0,0.6661214,1
4,0,0.6349863,1
4,0,0.67866755,1
4,0,0.6754594,1
4,0,0.63204753,1
4,0,0.6145684,1
4,0,0.65658814,1
4,0,0.60862195,1
4,0,0.62336177,1
4,0,0.6257107,1
4,0,0.6326925,1
4,0,0.6176725,1
4,0,0.61877304,1
4,0,0.62274164,1
4,0,0.62744844,1
4,0,0.6238213,1
4,0,0.6077138,1
4,0,0.62165064,1
4,0,0.6273576,1
4,0,0.6161771,1
4,0,0.6286558,1
4,0,0.6232969,1
4,0,0.61312926,1
4,0,0.61809516,1
4,0,0.61549306,1
4,0,0.6113196,1
4,0,0.6217577,1
4,0,0.60813737,1
4,0,0.613556,1
4,0,0.61584485,1
4,0,0.6121725,1
4,0,0.612246,1
4,0,0.62209,1
4,0,0.6220558,1
4,0,0.6399383,1
4,0,0.61848485,1
4,0,0.6290447,1
4,0,0.62351197,1
4,0,0.6838826,1
4,0,0.62719434,1
4,0,0.6311555,1
4,0,0.6362242,1
4,0,0.62483674,1
4,0,0.6119373,1
4,0,0.6234385,1
4,0,0.6497772,1
4,0,0.63092566,1
4,0,0.62596714,1
4,0,0.68878806,1
4,0,0.70260704,1
4,0,0.6278799,1
4,0,0.70101535,1
4,0,0.72469187,1
4,0,0.62791944,1
4,0,0.66446304,1
4,0,0.6222072,1
4,1,0.64572763,1
4,1,0.6210385,1
4,1,0.6398679,1
4,1,0.7060035,1
4,1,0.6439041,1
4,1,0.6386201,1
4,1,0.62940323,1
4,1,0.6381126,1
4,1,0.7341468,1
4,1,0.653111,1
4,1,0.635201,1
4,0,0.7315052,1
4,0,0.72633296,1
4,0,0.6288358,1
4,0,0.66559243,1
4,0,0.7317294,1
4,0,0.6340917,1
4,0,0.6489165,1
4,0,0.6818778,1
4,0,0.6676375,1
4,0,0.73004764,1
4,0,0.7103258,1
4,0,0.700371,1
4,0,0.6500758,1
4,0,0.74021125,1
4,1,0.74075145,1
4,1,0.73514843,1
4,1,0.7488405,1
4,1,0.7440515,1
4,1,0.73356605,1
4,1,0.7271805,1
4,1,0.74601287,1
4,1,0.7310594,1
4,1,0.6783376,1
4,1,0.69471055,1
4,1,0.7376724,1
4,1,0.7414757,1
4,1,0.73461807,1
4,1,0.7371481,1
4,1,0.72500545,1
4,1,0.61627364,1
4,1,0.6384568,1
4,1,0.62258804,1
4,1,0.62063974,1
4,1,0.62231076,1
4,1,0.6207473,1
4,1,0.6067903,1
4,1,0.5948612,1
4,1,0.5954461,1
4,1,0.5939502,1
4,1,0.6002163,1
4,1,0.5951314,1
4,1,0.606757,1
4,1,0.6300004,1
4,1,0.5911487,1
4,1,0.5923571,1
4,1,0.6279353,1
4,1,0.61452836,1
4,1,0.6105099,1
4,1,0.60599744,1
4,1,0.5931678,1
4,1,0.59121054,1
4,1,0.61285925,1
4,1,0.5903728,1
4,1,0.58980536,1
4,1,0.61171013,1
4,1,0.59497917,1
4,1,0.6315333,1
4,1,0.63016236,1
4,1,0.61560005,1
4,1,0.6206297,1
4,1,0.62259996,1
4,1,0.6394023,1
4,1,0.6100787,1
4,1,0.5996192,1
4,1,0.6262174,1
4,1,0.61639565,1
4,1,0.6038972,1
4,1,0.5862134,1
4,1,0.59569913,1
4,1,0.601857,1
4,1,0.58661145,1
4,1,0.62158024,1
4,1,0.62253296,1
4,1,0.6243369,1
4,1,0.61513686,1
4,1,0.62119746,1
4,1,0.6091382,1
4,1,0.59837824,1
4,1,0.55089045,1
4,1,0.51864356,1
4,1,0.5479089,1
4,1,0.5258114,1
4,1,0.53300357,1
4,1,0.52567184,1
4,1,0.5429454,1
4,1,0.53107685,1
4,1,0.5496206,1
4,1,0.53113574,1
4,1,0.5478012,1
4,1,0.5482431,1
4,1,0.54832625,1
4,1,0.533839,1
4,1,0.52596414,1
4,1,0.52111524,1
4,1,0.546911,1
4,1,0.5233144,1
4,1,0.5097961,1
4,1,0.50997984,1
4,1,0.5259017,1
4,1,0.51809365,1
4,1,0.50612015,1
4,1,0.51236326,1
4,1,0.61626637,1
4,1,0.6005091,1
4,1,0.61720186,1
4,1,0.60471225,1
4,1,0.6293859,1
4,1,0.62679076,1
4,1,0.62328637,1
4,1,0.6313003,1
4,1,0.6038786,1
4,1,0.6280393,1
4,1,0.44256547,0
4,1,0.4443513,0
4,1,0.44237313,0
4,1,0.44719198,0
4,1,0.4453965,0
4,1,0.4459136,0
4,1,0.4434411,0
4,1,0.4436407,0
4,1,0.50808734,1
4,1,0.5086957,1
4,1,0.50623024,1
4,1,0.5070331,1
4,1,0.5059796,1
4,1,0.5085821,1
4,1,0.50991315,1
4,1,0.5059876,1
4,1,0.5076372,1
4,1,0.5087317,1
4,1,0.50772524,1
4,0,0.4749118,0
4,0,0.47406587,0
4,0,0.47092405,0
4,0,0.47187415,0
4,0,0.47237402,0
4,0,0.47643048,0
4,0,0.4700969,0
4,0,0.47278282,0
4,0,0.47312713,0
4,0,0.47366777,0
4,0,0.46795562,0
4,0,0.4684824,0
4,0,0.4709326,0
4,1,0.45926777,0
4,1,0.4652037,0
4,1,0.45618722,0
4,1,0.45919052,0
4,1,0.45675263,0
4,1,0.45697922,0
4,1,0.46284318,0
4,1,0.4575278,0
4,1,0.45583865,0
4,1,0.45850208,0
4,1,0.50545704,1
4,1,0.5047469,1
4,1,0.50621593,1
4,1,0.5063023,1
4,1,0.5055539,1
4,1,0.50393075,1
4,1,0.5075028,1
4,1,0.5044093,1
4,1,0.5059282,1
4,1,0.5055859,1
4,1,0.50512546,1
4,1,0.50920445,1
4,1,0.5101152,1
4,1,0.50545955,1
4,1,0.50671655,1
4,1,0.5085805,1
4,1,0.5071158,1
4,1,0.5094546,1
4,1,0.50422484,1
4,1,0.5064132,1
4,1,0.5100071,1
4,1,0.5083287,1
4,1,0.50436693,1
4,1,0.5038046,1
4,1,0.51057863,1
4,1,0.50883657,1
4,1,0.505711,1
4,1,0.50870186,1
4,1,0.50873303,1
4,1,0.5091153,1
4,1,0.5083105,1
4,1,0.5083613,1
4,1,0.50746024,1
4,1,0.5097196,1
4,0,0.6310393,1
4,0,0.61876106,1
4,0,0.6319595,1
4,0,0.64227307,1
4,0,0.6299547,1
4,0,0.65333885,1
4,0,0.6302899,1
4,0,0.6254401,1
4,0,0.6561156,1
4,0,0.63607913,1
4,0,0.65448445,1
4,0,0.62478787,1
4,0,0.6282097,1
4,0,0.6264694,1
4,0,0.64340407,1
4,1,0.6344362,1
4,1,0.62937176,1
4,1,0.61445373,1
4,1,0.62472385,1
4,1,0.6077836,1
4,1,0.62047935,1
4,1,0.6258112,1
4,1,0.6169439,1
4,1,0.6246646,1
4,1,0.6479628,1
4,1,0.63382006,1
4,1,0.62600666,1
4,1,0.6151331,1
4,1,0.621359,1
4,1,0.62280715,1
4,1,0.6351692,1
4,1,0.6370094,1
4,1,0.63545203,1
4,1,0.6502345,1
4,1,0.6463336,1
4,1,0.6423706,1
4,1,0.6212475,1
4,1,0.6284428,1
4,1,0.6196142,1
4,1,0.61282986,1
4,1,0.6213229,1
4,1,0.64212084,1
4,1,0.65084517,1
4,1,0.6308691,1
4,1,0.6191114,1
4,0,0.6335442,1
4,0,0.60781115,1
4,0,0.61010355,1
4,0,0.58042705,1
4,0,0.62455106,1
4,0,0.625954,1
4,0,0.6186245,1
4,0,0.6162964,1
4,0,0.57542527,1
4,0,0.6148084,1
4,0,0.5959805,1
4,0,0.60290724,1
4,0,0.61024153,1
5,1,0.5980548,1
5,1,0.57879835,1
5,1,0.58783525,1
5,1,0.53220755,1
5,1,0.58015835,1
5,1,0.5857035,1
5,1,0.5745946,1
5,1,0.59413266,1
5,1,0.5811684,1
5,1,0.59446216,1
5,1,0.60495394,1
5,1,0.60567576,1
5,1,0.5859527,1
5,1,0.59876263,1
5,1,0.5922321,1
5,1,0.5932831,1
5,1,0.5962593,1
5,1,0.5758995,1
5,1,0.6025454,1
5,1,0.58590055,1
5,1,0.5971754,1
5,1,0.6022494,1
5,1,0.6089584,1
5,1,0.5858636,1
5,1,0.6181837,1
5,1,0.62366086,1
5,1,0.6242621,1
5,1,0.62595737,1
5,1,0.61736476,1
5,1,0.6261889,1
5,1,0.61694425,1
5,1,0.61484057,1
5,1,0.6271982,1
5,1,0.4603619,0
5,1,0.47245046,0
5,1,0.49417132,0
5,1,0.46171382,0
5,1,0.46138886,0
5,1,0.45658484,0
5,1,0.46257406,0
5,1,0.47071597,0
5,1,0.45954245,0
5,1,0.46472865,0
5,1,0.48368767,0
5,1,0.49783143,0
5,1,0.48477325,0
5,1,0.489294,0
5,1,0.48020813,0
5,1,0.49724105,0
5,1,0.50701153,1
5,1,0.49756494,0
5,1,0.49758953,0
5,1,0.48927605,0
5,1,0.50204873,1
5,1,0.49710998,0
5,1,0.50433075,1
5,1,0.50286615,1
5,1,0.50017154,1
5,1,0.47954324,0
5,1,0.4987544,0
5,1,0.45932156,0
5,1,0.48753184,0
5,1,0.49214673,0
5,1,0.50369835,1
5,1,0.5001797,1
5,1,0.5032881,1
5,1,0.40521187,0
5,1,0.41443303,0
5,1,0.40270224,0
5,1,0.40367174,0
5,1,0.40851364,0
5,1,0.41074565,0
5,1,0.41065258,0
5,1,0.41098362,0
5,1,0.4147969,0
5,1,0.41504112,0
5,1,0.4061238,0
5,0,0.6465402,1
5,0,0.63500094,1
5,0,0.6369557,1
5,0,0.64519614,1
5,0,0.6255234,1
5,0,0.63675165,1
5,0,0.6373402,1
5,0,0.6330934,1
5,0,0.64046675,1
5,0,0.63536507,1
5,0,0.6198836,1
5,0,0.625594,1
5,0,0.6345268,1
5,0,0.6332976,1
5,0,0.6223599,1
5,0,0.62730193,1
5,0,0.62978804,1
5,0,0.59334487,1
5,0,0.6230454,1
5,0,0.62139696,1
5,0,0.5715251,1
5,0,0.61991763,1
5,0,0.6263593,1
5,0,0.62507075,1
5,0,0.6182031,1
5,0,0.6112107,1
5,0,0.5515035,1
5,0,0.5899322,1
5,0,0.5162413,1
5,0,0.5989592,1
5,0,0.5986569,1
5,0,0.55114245,1
5,0,0.596432,1
5,0,0.5021244,1
5,0,0.5601842,1
5,0,0.54457444,1
5,0,0.5801431,1
5,0,0.60259795,1
5,0,0.5921962,1
5,0,0.58716583,1
5,0,0.55473477,1
5,0,0.5484723,1
5,0,0.5381653,1
5,0,0.52777076,1
5,0,0.54224557,1
5,0,0.5788911,1
5,0,0.5023305,1
5,0,0.5118791,1
5,0,0.51305133,1
5,0,0.5368563,1
5,0,0.50025576,1
5,0,0.5488427,1
5,0,0.4979611,0
5,0,0.4985847,0
5,0,0.4972683,0
5,0,0.49817735,0
5,0,0.55754656,1
5,0,0.52604693,1
5,0,0.5261038,1
5,0,0.54487926,1
5,0,0.4983767,0
5,0,0.4990198,0
5,0,0.50198567,1
5,0,0.49726346,0
5,0,0.49950308,0
5,0,0.5497304,1
5,0,0.5156584,1
5,0,0.49310273,0
5,0,0.49913,0
5,0,0.5015526,1
5,0,0.4971278,0
5,0,0.49703613,0
5,0,0.49590924,0
5,0,0.49864244,0
5,0,0.4968186,0
5,0,0.5040007,1
5,0,0.4983759,0
5,0,0.50312185,1
5,0,0.48921987,0
5,0,0.49612054,0
5,0,0.49669707,0
5,0,0.49960855,0
5,0,0.4973357,0
5,0,0.49662915,0
5,0,0.49283788,0
5,1,0.39033547,0
5,1,0.40207636,0
5,1,0.4005191,0
5,1,0.39189222,0
5,1,0.39741406,0
5,1,0.3916231,0
5,1,0.38955337,0
5,1,0.3930047,0
5,1,0.39228147,0
5,1,0.39560843,0
5,1,0.38537058,0
5,1,0.38925412,0
5,1,0.38755137,0
5,1,0.38791245,0
5,1,0.39465842,0
5,1,0.39263797,0
5,1,0.4050774,0
5,1,0.3934215,0
5,1,0.39145812,0
5,1,0.3875984,0
5,1,0.39164993,0
5,1,0.38913143,0
5,1,0.4636099,0
5,1,0.4505674,0
5,1,0.4567422,0
5,1,0.4667615,0
5,1,0.4712105,0
5,1,0.481434,0
5,1,0.48570958,0
5,1,0.45938793,0
5,1,0.45428884,0
5,1,0.46453962,0
5,1,0.48260108,0
5,1,0.46892613,0
5,1,0.46539012,0
5,1,0.46771646,0
5,1,0.4883458,0
5,1,0.40262118,0
5,1,0.3973364,0
5,1,0.40376487,0
5,1,0.39994845,0
5,1,0.39543024,0
5,1,0.3975937,0
5,1,0.40008196,0
5,1,0.4042113,0
5,1,0.40297124,0
5,1,0.39240336,0
5,1,0.3923464,0
5,1,0.4036635,0
5,1,0.3991369,0
5,1,0.39610174,0
5,1,0.39473873,0
5,1,0.39909682,0
5,1,0.39809898,0
5,1,0.39719233,0
5,1,0.40313062,0
5,1,0.4010339,0
5,1,0.3990147,0
5,1,0.4022937,0
5,1,0.39264992,0
5,1,0.39252076,0
5,1,0.39332953,0
5,1,0.39970475,0
5,1,0.395617,0
5,1,0.3936555,0
5,1,0.3951714,0
5,1,0.39411956,0
5,1,0.39590323,0
5,1,0.39177412,0
5,1,0.39452958,0
5,1,0.39980632,0
5,1,0.39251104,0
5,1,0.39760306,0
5,1,0.3969438,0
5,1,0.3913436,0
5,1,0.39779818,0
5,1,0.3951886,0
5,1,0.3895901,0
5,1,0.39775342,0
5,1,0.39266637,0
5,1,0.38664743,0
5,1,0.38784105,0
5,1,0.39078137,0
5,1,0.3903262,0
5,1,0.39004415,0
5,1,0.39215717,0
5,1,0.38533023,0
5,1,0.38641486,0
5,1,0.3876635,0
5,1,0.38759813,0
5,1,0.41858798,0
5,1,0.41349852,0
5,1,0.41488156,0
5,1,0.41581464,0
5,1,0.40681785,0
5,1,0.4195199,0
5,1,0.41723126,0
5,1,0.42024243,0
5,1,0.41157052,0
5,1,0.4197307,0
5,1,0.42939222,0
5,1,0.418584,0
5,1,0.4410314,0
5,1,0.41545847,0
5,1,0.4213006,0
5,1,0.6960929,1
5,1,0.6914015,1
5,1,0.69305456,1
5,1,0.6914637,1
5,1,0.6929867,1
5,1,0.69019943,1
5,1,0.6975576,1
5,1,0.6912569,1
5,1,0.69421893,1
5,1,0.697825,1
5,1,0.45714304,0
5,1,0.47182918,0
5,1,0.4683718,0
5,1,0.45786145,0
5,1,0.4600705,0
5,1,0.48675433,0
5,1,0.46604067,0
5,0,0.51173824,1
5,0,0.5118065,1
5,0,0.51235306,1
5,0,0.5132136,1
5,0,0.51265615,1
5,0,0.51287836,1
5,0,0.5127306,1
5,0,0.5128228,1
5,0,0.51339924,1
5,0,0.5133123,1
5,0,0.5136647,1
5,0,0.51312375,1
5,0,0.5133273,1
5,0,0.51350486,1
5,0,0.51281977,1
5,0,0.51314974,1
5,0,0.51341885,1
5,0,0.5131691,1
5,0,0.5135851,1
5,0,0.5133346,1
5,0,0.5131726,1
5,0,0.5126234,1
5,0,0.51258624,1
5,0,0.51351863,1
5,0,0.5134038,1
5,0,0.51341146,1
5,1,0.513655,1
5,1,0.5122744,1
5,1,0.51314336,1
5,1,0.5137403,1
5,1,0.5119871,1
5,1,0.51425296,1
5,1,0.5129322,1
5,1,0.5126789,1
5,1,0.5134846,1
5,1,0.51424915,1
5,1,0.5141132,1
5,1,0.5134091,1
5,1,0.5145789,1
5,1,0.5116566,1
5,1,0.51384616,1
5,1,0.5142762,1
5,1,0.51249325,1
5,1,0.5133571,1
5,1,0.51278025,1
5,1,0.5104232,1
5,1,0.5084199,1
5,1,0.5092517,1
5,1,0.5140415,1
5,1,0.51341957,1
5,1,0.5118899,1
5,1,0.5133016,1
5,1,0.5140826,1
5,1,0.51440847,1
5,1,0.5122502,1
5,1,0.51298964,1
5,1,0.5137173,1
5,1,0.5128209,1
5,1,0.513342,1
5,1,0.5116606,1
5,1,0.51265305,1
5,1,0.5132521,1
5,1,0.51196957,1
5,1,0.5132017,1
5,1,0.51344633,1
5,1,0.51343733,1
5,1,0.51186156,1
5,1,0.5126306,1
5,1,0.5128144,1
5,0,0.511878,1
5,0,0.5133362,1
5,0,0.51228124,1
5,0,0.5118596,1
5,0,0.5103308,1
5,0,0.5130327,1
5,0,0.51120996,1
5,0,0.51089203,1
5,0,0.5127305,1
5,0,0.51252,1
5,0,0.51130664,1
5,0,0.51140183,1
5,0,0.5138255,1
5,0,0.512099,1
5,0,0.5120494,1
5,0,0.51352656,1
5,0,0.5132016,1
5,0,0.51129365,1
5,0,0.51356226,1
5,0,0.5122945,1
5,0,0.513247,1
5,0,0.513264,1
5,0,0.51216716,1
5,0,0.5128905,1
5,0,0.5138009,1
5,1,0.51324666,1
5,1,0.51362765,1
5,1,0.5131748,1
5,1,0.5119849,1
5,1,0.51119787,1
5,1,0.5129846,1
5,1,0.51269186,1
5,1,0.50894105,1
5,1,0.5110735,1
5,1,0.5136069,1
5,1,0.51192003,1
5,1,0.5118651,1
5,1,0.511878,1
5,1,0.5116235,1
5,1,0.51011026,1
5,1,0.512608,1
5,1,0.51137227,1
5,1,0.50866127,1
5,0,0.5100476,1
5,0,0.51174825,1
5,0,0.50993615,1
5,0,0.5116946,1
5,0,0.5100219,1
5,0,0.5118133,1
5,0,0.5122698,1
5,0,0.5123485,1
5,0,0.51045394,1
5,0,0.51181936,1
5,0,0.51279026,1
5,0,0.5124353,1
5,0,0.51273465,1
5,0,0.51187253,1
5,0,0.5133165,1
5,0,0.5132856,1
5,0,0.5130682,1
5,0,0.5108338,1
5,0,0.45880136,0
5,0,0.47777358,0
5,0,0.47160807,0
5,0,0.4656351,0
5,0,0.47475365,0
5,0,0.46368113,0
5,0,0.48557025,0
5,0,0.4820319,0
5,0,0.49822536,0
5,0,0.482766,0
5,0,0.47283438,0
5,0,0.4815776,0
5,0,0.46873102,0
5,0,0.4854751,0
5,0,0.47053692,0
5,0,0.46485755,0
5,0,0.4785344,0
5,0,0.47586986,0
5,0,0.46723938,0
5,0,0.4652323,0
5,0,0.4738708,0
5,0,0.4932672,0
5,0,0.48197782,0
5,0,0.48088372,0
5,0,0.4823754,0
5,0,0.47950864,0
5,0,0.48524725,0
5,0,0.4898374,0
5,0,0.4923702,0
5,0,0.48355895,0
5,0,0.48113373,0
5,0,0.48084286,0
5,0,0.47574407,0
5,0,0.48327154,0
5,0,0.4882799,0
5,0,0.4787667,0
5,0,0.48988056,0
5,0,0.49436936,0
5,0,0.4819116,0
5,0,0.48270783,0
5,0,0.49296364,0
5,0,0.4928764,0
5,0,0.49324867,0
5,0,0.49234533,0
5,0,0.49664855,0
5,0,0.5027108,1
5,0,0.4967547,0
5,0,0.48810476,0
5,0,0.4932544,0
5,0,0.48993436,0
5,0,0.50281817,1
5,0,0.4948735,0
5,0,0.4953128,0
5,0,0.48760992,0
5,0,0.4885419,0
5,0,0.49664438,0
5,0,0.49367052,0
5,0,0.49695063,0
5,0,0.49810785,0
5,0,0.486623,0
5,0,0.5021104,1
5,0,0.507386,1
5,0,0.50475955,1
5,0,0.5009162,1
5,0,0.50576353,1
5,0,0.5078736,1
5,0,0.5102743,1
5,0,0.50554067,1
5,0,0.509303,1
5,0,0.50638276,1
5,0,0.50560546,1
5,0,0.51071864,1
5,0,0.50623846,1
5,0,0.5060155,1
5,0,0.5086695,1
5,0,0.5093905,1
5,0,0.5080003,1
5,0,0.49890962,0
5,0,0.5095578,1
5,0,0.5082705,1
5,0,0.50567925,1
5,0,0.5059869,1
5,0,0.494292,0
5,0,0.5032836,1
5,0,0.5054139,1
5,0,0.49349925,0
5,0,0.47644985,0
5,0,0.49889597,0
5,0,0.4966682,0
5,0,0.50037706,1
5,0,0.49167576,0
5,0,0.4920847,0
5,0,0.4999579,0
5,0,0.48024973,0
5,0,0.48608035,0
5,0,0.4891257,0
5,0,0.4941114,0
5,0,0.49203148,0
5,0,0.50109786,1
5,0,0.4964394,0
5,0,0.5033846,1
5,0,0.4754226,0
5,0,0.48430663,0
5,0,0.49677244,0
5,0,0.49248704,0
5,0,0.46703997,0
5,0,0.4939828,0
5,0,0.49013937,0
5,0,0.49128896,0
5,0,0.469365,0
5,0,0.48783368,0
5,0,0.50001407,1
5,0,0.49434093,0
5,0,0.498974,0
5,0,0.48798352,0
5,0,0.48089066,0
5,0,0.5079774,1
5,0,0.48096403,0
5,0,0.4832728,0
5,0,0.48107937,0
5,0,0.49002418,0
5,0,0.5023154,1
5,0,0.48541588,0
5,0,0.48135868,0
5,0,0.48625797,0
5,0,0.48580283,0
5,0,0.49804312,0
5,0,0.48301962,0
5,0,0.50359225,1
5,0,0.48316237,0
5,0,0.50276816,1
5,0,0.485447,0
5,0,0.48935398,0
5,0,0.49723986,0
5,0,0.49475735,0
5,0,0.5073251,1
5,0,0.48912188,0
5,0,0.48553005,0
5,0,0.492549,0
5,0,0.4919755,0
5,0,0.4947601,0
5,0,0.49629977,0
5,0,0.48807803,0
5,0,0.50875646,1
5,0,0.5035034,1
5,0,0.4962747,0
5,0,0.4917148,0
5,0,0.42820355,0
5,0,0.41911086,0
5,0,0.4297447,0
5,0,0.42306775,0
5,0,0.41946742,0
5,0,0.41900522,0
5,0,0.408408,0
5,0,0.41921434,0
5,0,0.4146592,0
5,0,0.41995957,0
5,1,0.5119272,1
5,1,0.5119992,1
5,1,0.5117327,1
5,1,0.510645,1
5,1,0.51084304,1
5,1,0.51181465,1
5,1,0.5119628,1
5,1,0.5120194,1
5,1,0.5104281,1
5,1,0.51154065,1
5,1,0.5118433,1
5,1,0.5117255,1
5,1,0.5116083,1
5,1,0.5114764,1
5,1,0.5106912,1
5,1,0.5114024,1
5,1,0.5105628,1
5,1,0.4094191,0
5,1,0.41179496,0
5,1,0.4145843,0
5,1,0.43404883,0
5,1,0.41373464,0
5,1,0.40608805,0
5,1,0.4106373,0
5,1,0.41491282,0
5,1,0.42054135,0
5,1,0.4168931,0
5,1,0.41148865,0
5,1,0.42691624,0
5,1,0.42872256,0
5,1,0.41988865,0
5,1,0.42539486,0
5,1,0.4122016,0
5,1,0.43672216,0
5,1,0.40862626,0
5,1,0.41633466,0
5,1,0.4059676,0
5,1,0.40451872,0
5,1,0.40540108,0
5,1,0.40732682,0
5,1,0.40240565,0
5,1,0.4079542,0
5,1,0.42408064,0
5,1,0.41635895,0
5,1,0.41566873,0
5,1,0.4154063,0
5,1,0.41559276,0
5,1,0.41448292,0
5,1,0.4166062,0
5,1,0.41207865,0
5,1,0.41537738,0
5,1,0.4158317,0
5,1,0.410333,0
5,1,0.42365366,0
5,1,0.41119218,0
5,1,0.41673326,0
5,1,0.42238122,0
5,1,0.41772193,0
5,1,0.4208271,0
5,1,0.41162094,0
5,1,0.41885048,0
5,1,0.4162652,0
5,1,0.41910425,0
5,1,0.4150893,0
5,1,0.41775137,0
5,1,0.4184726,0
5,1,0.42750293,0
5,1,0.42248946,0
5,1,0.42468005,0
5,1,0.42317984,0
5,1,0.43734974,0
5,1,0.4559876,0
5,1,0.42550638,0
5,1,0.44413912,0
5,1,0.44207212,0
5,1,0.43848875,0
5,1,0.4259203,0
5,1,0.44496056,0
5,1,0.43097237,0
5,1,0.43166274,0
5,1,0.42940232,0
5,1,0.42722392,0
5,1,0.4301464,0
5,1,0.43124947,0
5,1,0.43022227,0
5,1,0.45024857,0
5,1,0.44937256,0
5,1,0.431602,0
5,1,0.43210056,0
5,1,0.4228627,0
5,1,0.44169828,0
5,1,0.4516792,0
5,1,0.4553256,0
5,1,0.45402986,0
5,1,0.45003492,0
5,1,0.4428526,0
5,1,0.4371923,0
5,1,0.44468135,0
5,1,0.42984918,0
5,1,0.44712454,0
5,1,0.4513329,0
5,1,0.4459136,0
5,1,0.45266992,0
5,1,0.47308,0
5,1,0.4831225,0
5,1,0.46523568,0
5,1,0.4494513,0
5,1,0.4479683,0
5,1,0.4593834,0
5,1,0.44983026,0
5,1,0.44765684,0
5,1,0.4610469,0
5,1,0.45069575,0
5,1,0.45222485,0
5,1,0.4469765,0
5,1,0.4547689,0
5,1,0.469097,0
5,1,0.45217195,0
5,1,0.4481035,0
5,1,0.45583385,0
5,1,0.4459634,0
5,1,0.43734002,0
5,1,0.45273972,0
5,1,0.44428754,0
5,1,0.4388529,0
5,1,0.44490144,0
5,1,0.43498406,0
5,1,0.4481567,0
5,1,0.4404074,0
5,1,0.43386912,0
5,1,0.43467492,0
5,1,0.45316187,0
5,1,0.43251523,0
5,1,0.44029346,0
5,1,0.44250292,0
5,1,0.4255586,0
5,1,0.4195028,0
5,1,0.69438124,1
5,1,0.6941133,1
5,1,0.6932359,1
5,1,0.6969432,1
5,1,0.69666207,1
5,1,0.69258964,1
5,1,0.69425505,1
5,1,0.69276273,1
5,1,0.6962167,1
5,1,0.694412,1
5,1,0.694459,1
5,1,0.6930124,1
5,1,0.69309443,1
5,1,0.6906544,1
5,1,0.69330436,1
5,1,0.6951613,1
5,1,0.69378483,1
5,1,0.70025027,1
5,1,0.6997178,1
5,1,0.69940615,1
5,1,0.6983855,1
5,1,0.69224244,1
5,1,0.693006,1
5,1,0.6979734,1
5,1,0.6996312,1
5,1,0.6948919,1
5,1,0.6970225,1
5,1,0.69003636,1
5,1,0.6898285,1
5,1,0.69071645,1
5,1,0.6904813,1
5,1,0.69389457,1
5,1,0.6854349,1
5,1,0.692444,1
5,1,0.69165003,1
5,1,0.69136554,1
5,1,0.69338834,1
5,1,0.6898516,1
5,1,0.6898144,1
5,1,0.6919366,1
5,1,0.6915444,1
5,1,0.6970463,1
5,1,0.6949947,1
5,1,0.69928956,1
5,1,0.6946653,1
5,1,0.69466496,1
5,1,0.69437623,1
5,1,0.6938451,1
5,1,0.6968783,1
5,1,0.687288,1
5,1,0.6896828,1
5,1,0.6936068,1
5,1,0.68910676,1
5,1,0.6912968,1
5,1,0.689115,1
5,1,0.6907632,1
5,1,0.6900887,1
5,1,0.69443923,1
5,1,0.68847287,1
5,1,0.6881624,1
5,1,0.6941695,1
5,1,0.6878023,1
5,1,0.6943157,1
5,1,0.6900998,1
5,1,0.6912127,1
5,1,0.6993213,1
5,1,0.6926657,1
5,1,0.69801134,1
5,1,0.6913635,1
5,1,0.6893034,1
5,1,0.69395,1
5,1,0.6945935,1
5,1,0.69257,1
5,1,0.6949629,1
5,1,0.6910759,1
5,1,0.6919175,1
5,1,0.68693984,1
5,1,0.6969288,1
5,1,0.696326,1
5,1,0.6933137,1
5,1,0.68250203,1
5,1,0.69927156,1
5,1,0.6962024,1
5,1,0.69125205,1
5,1,0.694962,1
5,1,0.6951194,1
5,1,0.69711596,1
5,1,0.44691277,0
5,1,0.44873515,0
5,1,0.4828215,0
5,1,0.48180094,0
5,1,0.48947287,0
5,1,0.46963874,0
5,1,0.44848484,0
5,1,0.4249322,0
5,1,0.41996968,0
5,1,0.42306906,0
5,1,0.4332166,0
5,1,0.42204484,0
5,1,0.4245579,0
5,1,0.41550452,0
5,1,0.42704323,0
5,1,0.41157773,0
5,1,0.44216865,0
5,1,0.4218448,0
5,1,0.42622927,0
5,1,0.43216592,0
5,1,0.41567254,0
5,1,0.41429174,0
5,1,0.42057142,0
5,1,0.41246018,0
5,1,0.4264584,0
5,1,0.40803447,0
5,1,0.40787148,0
5,1,0.4121585,0
5,1,0.41843227,0
5,1,0.39977714,0
5,1,0.42444724,0
5,1,0.69789565,1
5,1,0.70130444,1
5,1,0.70210433,1
5,1,0.7004344,1
5,1,0.70073736,1
5,1,0.70146185,1
5,1,0.70167166,1
5,1,0.7011216,1
5,1,0.69936985,1
5,1,0.7022121,1
5,1,0.69636285,1
5,1,0.70001304,1
5,1,0.69851375,1
5,1,0.7009064,1
5,1,0.7030409,1
5,1,0.7012354,1
5,1,0.7004086,1
5,1,0.69993204,1
5,1,0.6980945,1
5,1,0.70184326,1
5,1,0.6990773,1
5,1,0.70037395,1
5,1,0.7018421,1
5,1,0.7004869,1
5,1,0.69558525,1
5,1,0.69797355,1
5,1,0.6984698,1
5,1,0.70078444,1
5,1,0.6988152,1
5,1,0.70109475,1
5,1,0.70054936,1
5,1,0.69885814,1
5,1,0.70059943,1
5,1,0.69796115,1
5,1,0.7025912,1
5,1,0.6986538,1
5,1,0.69608986,1
5,1,0.6988751,1
5,1,0.6988264,1
5,1,0.70170254,1
5,1,0.699874,1
5,1,0.6997793,1
5,1,0.7008063,1
5,1,0.6966928,1
5,1,0.6992441,1
5,1,0.6972934,1
5,1,0.69886976,1
5,1,0.6996485,1
5,1,0.6990688,1
5,1,0.69845295,1
5,1,0.6985701,1
5,1,0.6991479,1
5,1,0.7022124,1
5,1,0.6975645,1
5,1,0.696544,1
5,1,0.69866556,1
5,1,0.70010936,1
5,1,0.70112526,1
5,1,0.7020371,1
5,1,0.7013769,1
5,1,0.6973154,1
5,1,0.69745076,1
5,1,0.69764733,1
5,1,0.70015854,1
5,1,0.69885975,1
5,1,0.6982251,1
5,1,0.69960034,1
5,1,0.7014642,1
5,1,0.6994765,1
5,1,0.699443,1
5,1,0.69706947,1
5,1,0.6984833,1
5,1,0.6969546,1
5,1,0.6993498,1
5,1,0.7013524,1
5,1,0.6972376,1
5,1,0.6989499,1
5,1,0.70093125,1
5,1,0.7004256,1
5,1,0.70145935,1
5,1,0.698704,1
5,1,0.7029524,1
5,1,0.70004463,1
5,1,0.69808847,1
5,1,0.6976966,1
5,1,0.70098656,1
5,1,0.6956891,1
5,1,0.70150346,1
5,1,0.6997026,1
5,1,0.69524294,1
5,1,0.69931054,1
5,1,0.69716495,1
5,1,0.6966929,1
5,1,0.6957887,1
5,1,0.6972063,1
5,1,0.7016262,1
5,1,0.6995766,1
5,1,0.6991552,1
5,1,0.702687,1
5,1,0.6982218,1
5,1,0.6991633,1
5,1,0.70135355,1
5,1,0.70186645,1
5,1,0.70251393,1
5,1,0.6989242,1
5,1,0.7028566,1
5,1,0.70003414,1
5,1,0.69713295,1
5,1,0.69703007,1
5,1,0.70126456,1
5,1,0.6943896,1
5,1,0.70159715,1
5,1,0.69907886,1
5,1,0.69411206,1
5,1,0.6982604,1
5,1,0.69616497,1
5,1,0.69470644,1
5,1,0.6938544,1
5,1,0.69680697,1
5,1,0.7009244,1
5,1,0.69945157,1
5,1,0.69817996,1
5,1,0.40954572,0
5,1,0.41624007,0
5,1,0.4025091,0
5,1,0.41211903,0
5,1,0.41182217,0
5,1,0.41026103,0
5,1,0.41500258,0
5,1,0.41068444,0
5,1,0.40276176,0
5,1,0.39997926,0
5,1,0.4078573,0
5,1,0.41386276,0
5,0,0.43492654,0
5,0,0.44697452,0
5,0,0.4543111,0
5,0,0.44438192,0
5,0,0.45881426,0
5,0,0.4611744,0
5,0,0.46516863,0
5,0,0.45348734,0
5,0,0.45755792,0
5,0,0.4554588,0
5,0,0.46668875,0
5,0,0.45380732,0
5,0,0.44475496,0
5,0,0.45131883,0
5,0,0.4552712,0
5,0,0.4459352,0
5,0,0.4583821,0
5,0,0.4436835,0
5,0,0.4620332,0
5,0,0.4451696,0
5,0,0.46674842,0
5,0,0.4587706,0
5,0,0.46274868,0
5,0,0.46404648,0
5,0,0.46705323,0
5,0,0.45685977,0
5,0,0.4723202,0
5,0,0.44862214,0
5,0,0.46224365,0
5,0,0.46129638,0
5,0,0.47865722,0
5,0,0.4658489,0
5,0,0.44886398,0
5,0,0.45887047,0
5,0,0.46645203,0
5,0,0.4724866,0
5,1,0.45098618,0
5,1,0.46855068,0
5,1,0.46091595,0
5,1,0.4642128,0
5,1,0.4694057,0
5,1,0.463639,0
5,1,0.46575844,0
5,1,0.4594584,0
5,1,0.45832872,0
5,0,0.45971945,0
5,0,0.4455734,0
5,0,0.44328284,0
5,0,0.44838727,0
5,0,0.4447718,0
5,0,0.43999982,0
5,0,0.44755292,0
5,0,0.45456746,0
5,0,0.47239697,0
5,0,0.4517155,0
5,0,0.46013227,0
5,0,0.455282,0
5,0,0.4653139,0
5,0,0.46550286,0
5,0,0.4510467,0
5,0,0.44120714,0
5,0,0.43868145,0
5,0,0.44697535,0
5,0,0.4333918,0
5,1,0.50755435,1
5,1,0.5114514,1
5,1,0.5108162,1
5,1,0.5089032,1
5,1,0.5109196,1
5,1,0.5114153,1
5,1,0.51160115,1
5,1,0.5116848,1
5,1,0.5118571,1
5,1,0.5123569,1
5,1,0.5116947,1
5,1,0.5125234,1
5,1,0.51244843,1
5,1,0.5122889,1
5,1,0.5124584,1
5,1,0.5122958,1
5,1,0.51206946,1
5,1,0.51158834,1
5,1,0.5114792,1
5,1,0.51110303,1
5,1,0.50975436,1
5,1,0.510736,1
5,1,0.51056665,1
5,1,0.5077834,1
5,1,0.51064974,1
5,1,0.5085793,1
5,1,0.51064104,1
5,1,0.50916064,1
5,1,0.5087681,1
5,1,0.5093682,1
5,1,0.5069399,1
5,1,0.51081055,1
5,1,0.506599,1
5,1,0.5105064,1
5,1,0.5103423,1
5,1,0.5110142,1
5,1,0.51066136,1
5,1,0.50981784,1
5,1,0.5103549,1
5,1,0.5102869,1
5,1,0.51019114,1
5,1,0.5096437,1
5,1,0.5109418,1
5,1,0.50934726,1
5,1,0.5102816,1
5,1,0.5077069,1
5,1,0.51101613,1
5,0,0.6905769,1
5,0,0.69308937,1
5,0,0.6934914,1
5,0,0.692623,1
5,0,0.69025725,1
5,0,0.69411665,1
5,0,0.6931335,1
5,0,0.69212383,1
5,0,0.6921218,1
5,0,0.69521946,1
5,0,0.694269,1
5,0,0.6816639,1
5,0,0.6849544,1
5,0,0.6826667,1
5,0,0.6861284,1
5,0,0.6825762,1
5,0,0.6841078,1
5,0,0.6793201,1
5,0,0.68226874,1
5,0,0.68056995,1
5,0,0.68180984,1
5,0,0.683207,1
5,0,0.6872563,1
5,0,0.6817508,1
5,0,0.68132573,1
5,0,0.68469656,1
5,0,0.6829693,1
5,0,0.68262917,1
5,0,0.6824271,1
5,0,0.6832514,1
5,0,0.6844235,1
5,0,0.68457496,1
5,0,0.6867305,1
5,0,0.6857798,1
5,0,0.67965126,1
5,0,0.6842346,1
5,0,0.68096036,1
5,0,0.6823368,1
5,0,0.68287665,1
5,0,0.68531364,1
5,0,0.68510056,1
5,0,0.6869413,1
5,0,0.6832405,1
5,0,0.6811369,1
5,0,0.6871614,1
5,0,0.6861593,1
5,0,0.68301105,1
5,0,0.6842442,1
5,0,0.68221134,1
5,0,0.68284637,1
5,0,0.6827769,1
5,0,0.6821958,1
5,0,0.68016845,1
5,0,0.6836971,1
5,0,0.68142307,1
5,0,0.6843689,1
5,0,0.68405527,1
5,0,0.6875739,1
5,0,0.6841008,1
5,0,0.6793502,1
5,0,0.6830514,1
5,0,0.68093723,1
5,0,0.682013,1
5,0,0.683393,1
5,0,0.68263966,1
5,0,0.6866345,1
5,0,0.68466103,1
5,0,0.68364596,1
5,0,0.67798346,1
5,0,0.681549,1
5,0,0.6844708,1
5,0,0.687288,1
5,0,0.6804935,1
5,0,0.67819506,1
5,0,0.68137825,1
5,0,0.68200845,1
5,0,0.6851144,1
5,0,0.6859894,1
5,0,0.6824204,1
5,0,0.6840754,1
5,0,0.6822378,1
5,0,0.6819803,1
5,0,0.67904586,1
5,0,0.68085325,1
5,0,0.67963207,1
5,0,0.6849731,1
5,0,0.68445206,1
5,0,0.679621,1
5,0,0.6862575,1
5,0,0.6839413,1
5,0,0.6827565,1
5,0,0.6834172,1
5,0,0.6819346,1
5,0,0.68565696,1
5,0,0.6840841,1
5,0,0.68062776,1
5,0,0.6832035,1
5,0,0.6822262,1
5,0,0.6808355,1
5,0,0.6810719,1
5,0,0.67954373,1
5,0,0.6835871,1
5,0,0.6810867,1
5,0,0.6792604,1
5,0,0.6786838,1
5,0,0.6793834,1
5,0,0.68334913,1
5,0,0.6787853,1
5,0,0.6826608,1
5,0,0.6835718,1
5,0,0.6808889,1
5,0,0.6868978,1
5,0,0.68287885,1
5,0,0.6814862,1
5,0,0.68221,1
5,0,0.68063676,1
5,0,0.68459165,1
5,0,0.6819535,1
5,0,0.67973006,1
5,0,0.67756045,1
5,0,0.68216217,1
5,0,0.679191,1
5,0,0.6837176,1
5,0,0.6769889,1
5,0,0.6835584,1
5,0,0.6775829,1
5,0,0.68316483,1
5,0,0.67907447,1
5,0,0.6843278,1
5,0,0.6806825,1
5,0,0.675496,1
5,0,0.6789581,1
5,0,0.68134075,1
5,0,0.67901707,1
5,0,0.67914826,1
5,0,0.6726931,1
5,0,0.6800387,1
5,0,0.67711526,1
5,0,0.6776066,1
5,0,0.67965275,1
5,0,0.67474604,1
5,0,0.6744655,1
5,0,0.67765343,1
5,0,0.67984056,1
5,0,0.67993677,1
5,0,0.6822042,1
5,0,0.6774908,1
5,0,0.6771154,1
5,0,0.68253225,1
5,0,0.6786656,1
5,0,0.6736808,1
5,0,0.6736408,1
5,0,0.675938,1
5,0,0.6792651,1
5,0,0.6803838,1
5,0,0.6822676,1
5,0,0.68233925,1
5,0,0.6764845,1
5,0,0.6794624,1
5,0,0.67516446,1
5,0,0.6796977,1
5,0,0.6823488,1
5,0,0.6744176,1
5,0,0.68265057,1
5,0,0.6784539,1
5,0,0.6798866,1
5,0,0.67795914,1
5,0,0.6813589,1
5,0,0.67868197,1
5,0,0.680884,1
5,0,0.67919827,1
5,0,0.6797067,1
5,0,0.67950964,1
5,0,0.6761572,1
5,0,0.6725694,1
5,0,0.6711505,1
5,0,0.67340887,1
5,0,0.6778598,1
5,0,0.66551083,1
5,0,0.67783105,1
5,0,0.66201556,1
5,0,0.6740521,1
5,0,0.67005897,1
5,0,0.6690398,1
5,0,0.659353,1
5,0,0.66938317,1
5,0,0.67768866,1
5,0,0.6487974,1
5,0,0.65834904,1
5,0,0.6385572,1
5,0,0.6423625,1
5,0,0.64942914,1
5,0,0.64977944,1
5,0,0.65420836,1
5,0,0.6482757,1
5,0,0.67081875,1
5,0,0.6551588,1
5,0,0.67304766,1
5,0,0.6679221,1
5,0,0.65571636,1
5,0,0.6684695,1
5,0,0.67435026,1
5,0,0.67407984,1
5,0,0.66382575,1
5,0,0.6713045,1
5,0,0.6755449,1
5,0,0.66752374,1
5,0,0.674482,1
5,0,0.6746235,1
5,0,0.6743807,1
5,0,0.6686392,1
5,0,0.6720998,1
5,0,0.6746029,1
5,0,0.67860895,1
5,0,0.67774135,1
5,0,0.67882365,1
5,0,0.67797804,1
5,0,0.67081,1
5,0,0.67763925,1
5,0,0.67438394,1
5,0,0.66943336,1
5,0,0.67472327,1
5,0,0.6798311,1
5,0,0.6765789,1
5,0,0.67944497,1
5,0,0.67680144,1
5,0,0.67742413,1
5,0,0.6757546,1
5,0,0.6804608,1
5,0,0.67579496,1
5,0,0.6753768,1
5,0,0.6786723,1
5,0,0.67817545,1
5,0,0.6793704,1
5,0,0.67659265,1
5,0,0.66933686,1
5,0,0.6763897,1
5,0,0.67474365,1
5,0,0.67523724,1
5,0,0.67066073,1
5,0,0.68122905,1
5,0,0.6797401,1
5,0,0.6810127,1
5,0,0.6769448,1
5,0,0.6777573,1
5,0,0.6783987,1
5,0,0.67534244,1
5,0,0.68141276,1
5,0,0.6771836,1
5,0,0.6744285,1
5,0,0.6790821,1
5,0,0.6782975,1
5,0,0.68046534,1
5,0,0.675898,1
5,0,0.6757626,1
5,0,0.67971027,1
5,0,0.6807834,1
5,0,0.6786261,1
5,0,0.6823506,1
5,0,0.67954624,1
5,0,0.6833032,1
5,0,0.6799061,1
5,0,0.6800964,1
5,0,0.67604345,1
5,0,0.68246585,1
5,0,0.6802709,1
5,0,0.6811348,1
5,0,0.6797709,1
5,0,0.6806544,1
5,0,0.67915106,1
5,0,0.6851856,1
5,0,0.68166906,1
5,0,0.67786074,1
5,0,0.6785279,1
5,0,0.6813931,1
5,0,0.6856653,1
5,1,0.6796453,1
5,1,0.67711794,1
5,1,0.678747,1
5,1,0.6794867,1
5,1,0.67683184,1
5,1,0.6811569,1
5,1,0.6805916,1
5,1,0.6795493,1
5,1,0.68376577,1
5,0,0.6784543,1
5,0,0.6801943,1
5,0,0.6806724,1
5,0,0.68017095,1
5,0,0.67677945,1
5,0,0.67862105,1
5,0,0.6838207,1
5,0,0.68402237,1
5,0,0.6779488,1
5,0,0.6807188,1
5,0,0.68301445,1
5,0,0.68182737,1
5,0,0.6753505,1
5,0,0.6833544,1
5,0,0.684755,1
5,0,0.6798722,1
5,0,0.6775082,1
5,0,0.68524855,1
5,0,0.678215,1
5,0,0.6772805,1
5,0,0.6872821,1
5,0,0.684323,1
5,0,0.68360883,1
5,0,0.67787904,1
5,0,0.68116176,1
5,0,0.68324405,1
5,0,0.68249524,1
5,0,0.6813979,1
5,0,0.68023854,1
5,0,0.6820552,1
5,1,0.6849118,1
5,1,0.68257827,1
5,1,0.68296784,1
5,1,0.68018895,1
5,1,0.6770387,1
5,1,0.684319,1
5,1,0.681975,1
5,1,0.68056893,1
5,1,0.6821735,1
5,1,0.6877898,1
5,1,0.6858353,1
5,1,0.68277293,1
5,1,0.681638,1
5,1,0.67950535,1
5,0,0.679478,1
5,0,0.6785519,1
5,0,0.6809299,1
5,0,0.67911685,1
5,0,0.67895573,1
5,0,0.67802453,1
5,0,0.68029326,1
5,0,0.67981523,1
5,0,0.41532245,0
5,0,0.42846525,0
5,0,0.405017,0
5,0,0.42083594,0
5,0,0.41263473,0
5,0,0.42131284,0
5,0,0.4141152,0
5,0,0.41209057,0
5,0,0.41211447,0
5,0,0.40067822,0
5,0,0.40922064,0
5,0,0.40626687,0
5,0,0.41108704,0
5,0,0.4156412,0
5,0,0.40843156,0
5,0,0.41004407,0
5,0,0.41118833,0
5,0,0.4122479,0
5,0,0.41503218,0
5,0,0.41364408,0
5,0,0.4177727,0
5,0,0.41738912,0
5,0,0.41472563,0
5,0,0.40467843,0
5,0,0.3964071,0
5,0,0.40281954,0
5,0,0.41645396,0
5,0,0.41605708,0
5,0,0.41162857,0
5,1,0.4128313,0
5,1,0.42790514,0
5,1,0.4181592,0
5,1,0.41174206,0
5,1,0.41534224,0
5,1,0.4238268,0
5,1,0.42163298,0
5,1,0.43365538,0
5,1,0.42631322,0
5,1,0.42220527,0
5,1,0.4354764,0
5,1,0.42335406,0
5,1,0.4243488,0
5,1,0.44279027,0
5,1,0.4390292,0
5,1,0.42795992,0
5,1,0.4220263,0
5,1,0.4212959,0
5,1,0.408541,0
5,1,0.43115965,0
5,0,0.42924723,0
5,0,0.4182306,0
5,0,0.44031677,0
5,0,0.42243353,0
5,0,0.41284877,0
5,0,0.40829635,0
5,0,0.42174742,0
5,0,0.41448978,0
5,0,0.42178372,0
5,0,0.42014375,0
5,0,0.41474167,0
5,0,0.41488665,0
5,0,0.42022857,0
5,0,0.43220934,0
5,0,0.4149268,0
5,0,0.42332274,0
5,0,0.4087698,0
5,0,0.41677415,0
5,0,0.4184288,0
5,0,0.439136,0
5,0,0.41832644,0
5,0,0.4109663,0
5,0,0.4154938,0
5,0,0.41375032,0
5,0,0.42148063,0
5,0,0.40804884,0
5,0,0.41332832,0
5,0,0.41915634,0
5,0,0.41591045,0
5,0,0.41862518,0
5,0,0.42353293,0
5,0,0.4118484,0
5,0,0.425136,0
5,0,0.41262662,0
5,0,0.4169283,0
5,0,0.41683498,0
5,0,0.4071232,0
5,0,0.41603693,0
5,0,0.40881872,0
5,0,0.40436625,0
5,0,0.4128661,0
5,0,0.4222736,0
5,0,0.44461104,0
5,0,0.41181013,0
5,0,0.41674706,0
5,0,0.4155589,0
5,0,0.4288575,0
5,0,0.42556855,0
5,0,0.40544525,0
5,0,0.40755162,0
5,0,0.40239075,0
5,0,0.4114,0
5,0,0.6875886,1
5,0,0.68857586,1
5,0,0.68597597,1
5,0,0.68498874,1
5,0,0.6869854,1
5,0,0.6881548,1
5,0,0.68801904,1
5,0,0.68819696,1
5,0,0.68622506,1
5,0,0.6827451,1
5,0,0.68871284,1
5,0,0.689613,1
5,0,0.6873774,1
5,0,0.6850502,1
5,0,0.68841326,1
5,0,0.6882787,1
5,1,0.6946257,1
5,1,0.69303626,1
5,1,0.6963551,1
5,1,0.6922175,1
5,1,0.69335055,1
5,1,0.6921836,1
5,1,0.6923188,1
5,1,0.6928633,1
5,1,0.697668,1
5,1,0.6972543,1
5,1,0.6959668,1
5,1,0.6935747,1
5,1,0.6961889,1
5,1,0.695315,1
5,1,0.69603693,1
5,1,0.697009,1
5,1,0.6947693,1
5,1,0.69410235,1
5,1,0.69601667,1
5,1,0.6915786,1
5,1,0.6990429,1
5,1,0.6931836,1
5,1,0.6993645,1
5,1,0.6952751,1
5,1,0.6945267,1
5,0,0.409994,0
5,0,0.41891444,0
5,0,0.42661178,0
5,0,0.41861576,0
5,0,0.42395377,0
5,0,0.43468514,0
5,0,0.42417917,0
5,0,0.42834476,0
5,0,0.4199573,0
5,0,0.424846,0
5,0,0.4291856,0
5,0,0.42922723,0
5,0,0.4158108,0
5,0,0.41697156,0
5,1,0.42247522,0
5,1,0.41244245,0
5,1,0.4149542,0
5,1,0.40829933,0
5,1,0.42455137,0
5,1,0.41233885,0
5,1,0.42844126,0
5,1,0.42192113,0
5,1,0.43623692,0
5,1,0.41053843,0
5,1,0.42991737,0
5,1,0.4185157,0
5,1,0.4307037,0
5,0,0.4231999,0
5,0,0.41951942,0
5,0,0.42143703,0
5,0,0.40916437,0
5,0,0.4193222,0
5,0,0.41565254,0
5,0,0.4201243,0
5,0,0.421453,0
5,0,0.4250124,0
5,0,0.41519684,0
5,0,0.4137973,0
5,0,0.41720468,0
5,0,0.41979003,0
5,0,0.42016384,0
5,0,0.4183963,0
5,0,0.40861037,0
5,0,0.4015315,0
5,0,0.40639424,0
5,0,0.4246055,0
5,0,0.42445257,0
5,0,0.41740343,0
5,0,0.41740462,0
5,0,0.43576056,0
5,0,0.42147782,0
5,0,0.41982618,0
5,0,0.42327383,0
5,0,0.43187293,0
5,0,0.42657888,0
5,0,0.44102117,0
5,0,0.43508184,0
5,0,0.42718557,0
5,0,0.4441397,0
5,0,0.41735286,0
5,1,0.43191963,0
5,1,0.44168603,0
5,1,0.44298813,0
5,1,0.4322611,0
5,1,0.4286473,0
5,1,0.42685294,0
5,1,0.4126648,0
5,1,0.44377834,0
5,1,0.43942225,0
5,1,0.42492104,0
5,1,0.44658235,0
5,1,0.42710185,0
5,1,0.41806158,0
5,1,0.4151712,0
5,1,0.42796007,0
5,1,0.42003447,0
5,1,0.42688343,0
5,1,0.4256659,0
5,1,0.420168,0
5,1,0.42104942,0
5,1,0.42790234,0
5,0,0.43973163,0
5,0,0.42107528,0
5,0,0.42861938,0
5,0,0.41462615,0
5,0,0.42287582,0
5,0,0.42641774,0
5,0,0.44909027,0
5,0,0.42647615,0
5,0,0.41878393,0
5,0,0.42067772,0
5,0,0.41883922,0
5,0,0.4265073,0
5,0,0.41371784,0
5,0,0.41916418,0
5,0,0.42529428,0
5,0,0.42234147,0
5,0,0.42405528,0
5,0,0.4310893,0
5,0,0.4168133,0
5,0,0.43350804,0
5,0,0.41960198,0
5,0,0.42259,0
5,0,0.41951782,0
5,0,0.4128767,0
5,0,0.4235165,0
5,0,0.41648254,0
5,0,0.41125315,0
5,0,0.420581,0
5,0,0.43106195,0
5,0,0.45162085,0
5,0,0.42142683,0
5,0,0.4264466,0
5,0,0.4229683,0
5,0,0.44014192,0
5,0,0.43880287,0
5,0,0.41553208,0
5,0,0.41821054,0
5,0,0.40971234,0
5,0,0.42429778,0
5,0,0.42326087,0
5,1,0.6968831,1
5,1,0.6944548,1
5,1,0.6952225,1
5,1,0.69736373,1
5,1,0.6965851,1
5,1,0.6947762,1
5,1,0.6934212,1
5,1,0.6980318,1
5,1,0.6965659,1
5,1,0.6957802,1
5,1,0.69435805,1
5,1,0.6939224,1
5,1,0.6933172,1
5,1,0.68823147,1
5,1,0.69678813,1
5,1,0.6949921,1
5,1,0.69506127,1
5,1,0.69843286,1
5,1,0.69498116,1
5,1,0.69197875,1
5,1,0.6924803,1
5,1,0.6952588,1
5,1,0.6953274,1
5,1,0.6950912,1
5,1,0.6959982,1
5,1,0.69402105,1
5,1,0.69112587,1
5,1,0.69508326,1
5,1,0.69957,1
5,1,0.69249314,1
5,1,0.6948368,1
5,1,0.6936595,1
5,1,0.69378334,1
5,1,0.69378644,1
5,1,0.6948216,1
5,1,0.69706935,1
5,1,0.6965892,1
5,1,0.69494486,1
5,1,0.69408983,1
5,1,0.69519746,1
5,1,0.6977897,1
5,1,0.69633806,1
5,1,0.69499654,1
5,1,0.693192,1
5,1,0.6947407,1
5,1,0.6929695,1
5,1,0.69523346,1
5,1,0.69415766,1
5,1,0.6961672,1
5,1,0.6928191,1
5,1,0.6953069,1
5,1,0.6915819,1
5,1,0.69384694,1
5,1,0.6967869,1
5,1,0.6950923,1
5,1,0.69479966,1
5,1,0.6928624,1
5,1,0.6957649,1
5,1,0.69339055,1
5,1,0.696371,1
5,1,0.69169337,1
5,1,0.69141984,1
5,1,0.6893869,1
5,1,0.6917683,1
5,1,0.6951607,1
5,1,0.69675994,1
5,1,0.6932612,1
5,1,0.6909437,1
5,1,0.69370705,1
5,1,0.69274324,1
5,1,0.69252664,1
5,1,0.69461274,1
5,1,0.69369566,1
5,1,0.6935188,1
5,1,0.6913945,1
5,1,0.69456416,1
5,1,0.6916914,1
5,1,0.6953286,1
5,1,0.69244826,1
5,1,0.6942058,1
5,1,0.6941794,1
5,1,0.695526,1
5,1,0.69147915,1
5,1,0.6938918,1
5,1,0.69340557,1
5,1,0.6947465,1
5,1,0.69231445,1
5,1,0.6965655,1
5,1,0.69338995,1
5,1,0.69312936,1
5,1,0.68727094,1
5,1,0.68911827,1
5,1,0.6939454,1
5,1,0.6968473,1
5,1,0.6979969,1
5,1,0.69370025,1
5,1,0.69492716,1
5,1,0.6918579,1
5,1,0.6831899,1
5,1,0.6831567,1
5,1,0.6826429,1
5,1,0.6771911,1
5,1,0.6787302,1
5,1,0.6841044,1
5,1,0.6820041,1
5,1,0.68352926,1
5,1,0.6809033,1
5,1,0.68470716,1
5,1,0.6840881,1
5,1,0.6842645,1
5,1,0.6872728,1
5,1,0.6811423,1
5,1,0.6874527,1
5,1,0.6837299,1
5,1,0.6855663,1
5,1,0.69187,1
5,1,0.6902302,1
5,1,0.68854266,1
5,1,0.6814028,1
5,1,0.6838662,1
5,1,0.68621886,1
5,1,0.6839183,1
5,1,0.6836327,1
5,1,0.6874003,1
5,1,0.689418,1
5,1,0.6876058,1
5,1,0.68903524,1
5,1,0.69157165,1
5,1,0.68485147,1
5,1,0.68683004,1
5,1,0.68799174,1
5,1,0.6852044,1
5,1,0.6885051,1
5,0,0.45031172,0
5,0,0.47838044,0
5,0,0.43714142,0
5,0,0.46163723,0
5,0,0.45278832,0
5,0,0.46561658,0
5,0,0.4640821,0
5,0,0.4492829,0
5,0,0.4453059,0
5,0,0.4528706,0
5,0,0.4497087,0
5,0,0.44697878,0
5,0,0.4407342,0
5,0,0.43721962,0
5,0,0.44893873,0
5,0,0.43606994,0
5,0,0.43992433,0
5,0,0.45091602,0
5,0,0.45169312,0
5,0,0.44688287,0
5,0,0.4346762,0
5,0,0.4373208,0
5,0,0.45466092,0
5,0,0.45666704,0
5,0,0.45388967,0
5,0,0.44416755,0
5,0,0.45911986,0
5,0,0.45543796,0
5,0,0.4497658,0
5,0,0.44823584,0
5,0,0.46046308,0
5,0,0.46446383,0
5,0,0.4733054,0
5,0,0.45011157,0
5,0,0.46150202,0
5,0,0.45096418,0
5,0,0.4491342,0
5,0,0.45961028,0
5,0,0.46135935,0
5,0,0.4686228,0
5,0,0.45927846,0
5,0,0.45820782,0
5,0,0.45745465,0
5,0,0.45120034,0
5,0,0.46965095,0
5,0,0.46043658,0
5,0,0.457872,0
5,1,0.48325378,0
5,1,0.4669891,0
5,1,0.45169535,0
5,1,0.44689944,0
5,1,0.46067345,0
5,1,0.452107,0
5,1,0.46533948,0
5,1,0.46890584,0
5,1,0.46606973,0
5,1,0.469067,0
5,1,0.47027072,0
5,1,0.4602779,0
5,1,0.47393316,0
5,1,0.4515348,0
5,0,0.4709968,0
5,0,0.45141715,0
5,0,0.46140534,0
5,0,0.4677293,0
5,0,0.47340435,0
5,0,0.45221233,0
5,0,0.46931374,0
5,0,0.4668938,0
5,0,0.4668023,0
5,0,0.47116232,0
5,0,0.46902534,0
5,0,0.46866965,0
5,0,0.46241605,0
5,0,0.46155843,0
5,0,0.4589861,0
5,0,0.44741192,0
5,0,0.44309548,0
5,0,0.45251334,0
5,0,0.4480464,0
5,0,0.44476435,0
5,0,0.45409924,0
5,0,0.4653292,0
5,0,0.48099902,0
5,0,0.45086604,0
5,0,0.4660203,0
5,0,0.46189687,0
5,0,0.47137326,0
5,0,0.4725726,0
5,0,0.45671892,0
5,0,0.45293355,0
5,0,0.44686854,0
5,0,0.45808417,0
5,0,0.44327825,0
5,1,0.46445808,0
5,1,0.46578377,0
5,1,0.46452454,0
5,1,0.4596239,0
5,1,0.45816863,0
5,1,0.45472813,0
5,1,0.4593638,0
5,1,0.46847606,0
5,1,0.47301978,0
5,1,0.502289,1
5,1,0.49315345,0
5,1,0.49291882,0
5,1,0.49785212,0
5,1,0.49384466,0
5,1,0.50105464,1
5,1,0.5032324,1
5,1,0.5038593,1
5,1,0.49711686,0
5,1,0.5060241,1
5,1,0.51002413,1
5,1,0.49630934,0
5,1,0.50921935,1
5,1,0.50637853,1
5,1,0.5062355,1
5,1,0.51004034,1
5,1,0.50421447,1
5,1,0.505381,1
5,0,0.5147602,1
5,0,0.5061056,1
5,0,0.5053249,1
5,0,0.5214335,1
5,0,0.49231035,0
5,0,0.49352512,0
5,0,0.5269975,1
5,0,0.50908476,1
5,0,0.5071708,1
5,0,0.49105176,0
5,1,0.49594426,0
5,1,0.5038443,1
5,1,0.5049302,1
5,1,0.5097375,1
5,1,0.5107485,1
5,1,0.5064341,1
5,1,0.5092945,1
5,1,0.5036793,1
5,1,0.4978175,0
5,1,0.5083283,1
5,1,0.5085679,1
5,1,0.5027092,1
5,1,0.50899994,1
5,1,0.5077303,1
5,1,0.50772643,1
5,1,0.5099371,1
5,1,0.5049604,1
5,1,0.50816274,1
5,1,0.509121,1
5,1,0.50448877,1
5,1,0.48136324,0
5,1,0.4773543,0
5,1,0.47541338,0
5,1,0.48127374,0
5,1,0.4951708,0
5,1,0.47700587,0
5,1,0.4686531,0
5,0,0.426916,0
5,0,0.41599733,0
5,0,0.43125933,0
5,0,0.45228848,0
5,0,0.43284613,0
5,0,0.4308061,0
5,0,0.43283266,0
5,0,0.44803947,0
5,0,0.43003184,0
5,0,0.42275742,0
5,0,0.43468866,0
5,0,0.42131084,0
5,0,0.43394625,0
5,0,0.42637452,0
5,0,0.4290256,0
5,1,0.5029052,1
5,1,0.50898194,1
5,1,0.5038859,1
5,1,0.50277394,1
5,1,0.49941158,0
5,1,0.5061048,1
5,1,0.50368744,1
5,1,0.5127255,1
5,1,0.5115886,1
5,1,0.50877446,1
5,1,0.50956976,1
5,1,0.5103987,1
5,1,0.5042763,1
5,1,0.5121888,1
5,1,0.5048537,1
5,1,0.5056438,1
5,1,0.5086255,1
5,1,0.5065589,1
5,1,0.5056971,1
5,1,0.5066646,1
5,1,0.50625473,1
5,1,0.50801975,1
5,1,0.50536764,1
5,1,0.5049326,1
5,1,0.5066181,1
5,1,0.5043192,1
5,1,0.50702363,1
5,1,0.508084,1
5,1,0.505261,1
5,1,0.5045817,1
5,1,0.507091,1
5,1,0.5061699,1
5,1,0.5054179,1
5,1,0.5054304,1
5,1,0.5065469,1
5,1,0.50501686,1
5,1,0.505002,1
5,1,0.50647974,1
5,1,0.50632364,1
5,1,0.50534093,1
5,1,0.5046408,1
5,1,0.50579625,1
5,1,0.5051126,1
5,1,0.504726,1
5,1,0.5049184,1
5,1,0.50599736,1
5,1,0.5047941,1
5,1,0.504427,1
5,1,0.50614494,1
5,1,0.5053792,1
5,1,0.5066528,1
5,1,0.50385624,1
5,1,0.50475913,1
5,1,0.5038544,1
5,1,0.5055213,1
5,0,0.4261357,0
5,0,0.4158976,0
5,0,0.4304762,0
5,0,0.45175177,0
5,0,0.43204388,0
5,0,0.4300728,0
5,0,0.43212762,0
5,0,0.4473237,0
5,0,0.42985678,0
5,0,0.4224427,0
5,0,0.4342164,0
5,0,0.42056632,0
5,0,0.43343955,0
5,0,0.42555305,0
5,0,0.42798325,0
5,1,0.50251174,1
5,1,0.49564394,0
5,1,0.49390477,0
5,1,0.500697,1
5,1,0.50123036,1
5,1,0.49271345,0
5,1,0.50243485,1
5,1,0.50185764,1
5,1,0.4917421,0
5,1,0.5026528,1
5,1,0.5128172,1
5,1,0.5131457,1
5,1,0.512734,1
5,1,0.5127539,1
5,1,0.5124962,1
5,1,0.5107691,1
5,1,0.5113883,1
5,1,0.5121718,1
5,1,0.5121776,1
5,1,0.5125589,1
5,1,0.42936608,0
5,1,0.41696596,0
5,1,0.41320017,0
5,1,0.41963708,0
5,1,0.42662472,0
5,1,0.4299768,0
5,1,0.41687113,0
5,1,0.44218025,0
5,1,0.4217734,0
5,1,0.41652194,0
5,1,0.4218621,0
5,1,0.41834605,0
5,1,0.419903,0
5,1,0.41213667,0
5,1,0.4185449,0
5,1,0.5067141,1
5,1,0.50625986,1
5,1,0.507499,1
5,1,0.5099637,1
5,1,0.5088829,1
5,1,0.5104971,1
5,1,0.50833976,1
5,1,0.5102589,1
5,1,0.5064815,1
5,1,0.50822663,1
5,1,0.5082809,1
5,1,0.50529706,1
5,1,0.5072613,1
5,1,0.5070524,1
5,1,0.5081383,1
5,1,0.5085511,1
5,1,0.5073245,1
5,1,0.50174403,1
5,1,0.50419235,1
5,1,0.507556,1
5,1,0.38901263,0
5,1,0.3922643,0
5,1,0.38914412,0
5,1,0.3907476,0
5,1,0.3869067,0
5,1,0.3896667,0
5,1,0.39576975,0
5,1,0.39083055,0
5,1,0.39481866,0
5,1,0.39558557,0
5,1,0.39909938,0
5,1,0.38896367,0
5,1,0.40434113,0
5,1,0.4025074,0
5,1,0.3959192,0
5,1,0.39709678,0
5,1,0.3890307,0
5,1,0.39415368,0
5,1,0.38378808,0
5,1,0.39165995,0
5,1,0.3843167,0
5,1,0.3910445,0
5,1,0.3848311,0
5,1,0.3961364,0
5,1,0.40488064,0
5,1,0.4818773,0
5,1,0.48899844,0
5,1,0.4818488,0
5,1,0.486068,0
5,1,0.4865508,0
5,1,0.4927155,0
5,1,0.6936218,1
5,1,0.6970547,1
5,1,0.69482464,1
5,1,0.6938973,1
5,1,0.6947193,1
5,1,0.6977442,1
5,1,0.6950547,1
5,1,0.69683915,1
5,1,0.694622,1
5,1,0.69817597,1
5,1,0.69726175,1
5,1,0.69557977,1
5,1,0.6899776,1
5,1,0.69564515,1
5,1,0.695039,1
5,1,0.6906943,1
5,1,0.5251227,1
5,1,0.53202766,1
5,1,0.5312283,1
5,1,0.50484174,1
5,1,0.60591304,1
5,1,0.5317682,1
5,1,0.5167428,1
5,1,0.50042486,1
5,1,0.51304567,1
5,1,0.51204664,1
5,1,0.5132373,1
5,1,0.51260984,1
5,1,0.5132507,1
5,1,0.51336205,1
5,1,0.5129564,1
5,1,0.51282626,1
5,1,0.512113,1
5,1,0.5129374,1
5,1,0.5023118,1
5,1,0.47920862,0
5,1,0.47929752,0
5,1,0.48969975,0
5,1,0.49347776,0
5,1,0.4737938,0
5,1,0.48797953,0
5,1,0.4879012,0
5,1,0.49118277,0
5,1,0.5128998,1
5,1,0.49137494,0
5,1,0.48942822,0
5,1,0.51789534,1
5,1,0.49524984,0
5,1,0.4975015,0
5,1,0.49295583,0
5,1,0.43108693,0
5,1,0.434098,0
5,1,0.42335647,0
5,1,0.4250073,0
5,1,0.43453884,0
5,1,0.43402186,0
5,1,0.43423536,0
5,1,0.4286732,0
5,1,0.43655068,0
5,1,0.43013346,0
5,1,0.4268396,0
5,1,0.42930478,0
5,1,0.41909942,0
5,1,0.42593405,0
5,1,0.42018768,0
5,1,0.42560616,0
5,1,0.43177834,0
5,1,0.4285728,0
5,0,0.69301724,1
5,0,0.6888326,1
5,0,0.6911809,1
5,0,0.6901161,1
5,0,0.69002104,1
5,0,0.69382983,1
5,0,0.69039005,1
5,0,0.6897663,1
5,0,0.68933976,1
5,0,0.6903438,1
5,0,0.69244534,1
5,0,0.69063437,1
5,0,0.69268423,1
5,0,0.69242954,1
5,0,0.69121855,1
5,0,0.6890743,1
5,0,0.69447774,1
5,0,0.6941049,1
5,0,0.690397,1
5,0,0.69240326,1
5,0,0.69080067,1
5,0,0.693824,1
5,0,0.6916856,1
5,0,0.6920938,1
5,0,0.69087934,1
5,0,0.691236,1
5,0,0.6889455,1
5,0,0.69072783,1
5,0,0.6928589,1
5,0,0.6917184,1
5,0,0.69793624,1
5,0,0.6973751,1
5,0,0.69780904,1
5,0,0.6966351,1
5,0,0.6902332,1
5,0,0.690959,1
5,0,0.6964185,1
5,0,0.69764066,1
5,0,0.6930804,1
5,0,0.69571453,1
5,0,0.6977038,1
5,0,0.6970052,1
5,0,0.6961421,1
5,0,0.68581253,1
5,0,0.6923878,1
5,0,0.6916004,1
5,0,0.6851025,1
5,0,0.6870414,1
5,0,0.69420266,1
5,0,0.69049215,1
5,0,0.69367677,1
5,0,0.6953721,1
5,0,0.6909642,1
5,0,0.6905463,1
5,0,0.6916283,1
5,0,0.6948725,1
5,0,0.6906914,1
5,0,0.68797135,1
5,0,0.69252044,1
5,0,0.69536406,1
5,0,0.6955321,1
5,0,0.6950001,1
5,0,0.69133127,1
5,0,0.69516176,1
5,0,0.69278425,1
5,0,0.6899353,1
5,0,0.68973136,1
5,0,0.6890098,1
5,0,0.6925475,1
5,0,0.6981291,1
5,0,0.6942769,1
5,0,0.6943817,1
5,0,0.6904618,1
5,0,0.69546795,1
5,0,0.69304186,1
5,0,0.6937918,1
5,0,0.69408625,1
5,0,0.69658035,1
5,0,0.6907551,1
5,0,0.69236016,1
5,0,0.6931719,1
5,0,0.6950194,1
5,0,0.69264317,1
5,0,0.6873681,1
5,0,0.6952408,1
5,0,0.69271284,1
5,0,0.6929518,1
5,0,0.690834,1
5,0,0.690773,1
5,0,0.6906543,1
5,0,0.69632316,1
5,0,0.6940222,1
5,0,0.69383234,1
5,0,0.6913188,1
5,0,0.693141,1
5,0,0.69391435,1
5,0,0.69149363,1
5,0,0.6847207,1
5,0,0.68548244,1
5,0,0.69168514,1
5,0,0.6906143,1
5,0,0.6950434,1
5,0,0.68990666,1
5,0,0.69384086,1
5,0,0.69125336,1
5,0,0.69267374,1
5,0,0.6932366,1
5,0,0.6933727,1
5,0,0.6889658,1
5,0,0.69203633,1
5,0,0.6945136,1
5,0,0.6889035,1
5,0,0.688646,1
5,0,0.6898502,1
5,0,0.6895937,1
5,0,0.69279927,1
5,0,0.6843479,1
5,0,0.69130504,1
5,0,0.68997294,1
5,0,0.69052756,1
5,0,0.6920816,1
5,0,0.68895906,1
5,0,0.6890414,1
5,0,0.69057506,1
5,0,0.6906579,1
5,0,0.69534296,1
5,0,0.693633,1
5,0,0.6975721,1
5,0,0.6928156,1
5,0,0.6963995,1
5,0,0.6949759,1
5,0,0.6912756,1
5,0,0.69680005,1
5,0,0.69689494,1
5,0,0.69088745,1
5,0,0.68824613,1
5,0,0.68753016,1
5,0,0.69501853,1
5,0,0.69491726,1
5,0,0.6899665,1
5,0,0.69600147,1
5,0,0.6964442,1
5,0,0.6895531,1
5,0,0.6930234,1
5,0,0.6902181,1
5,0,0.69469166,1
5,0,0.6901547,1
5,0,0.6888718,1
5,0,0.6969751,1
5,0,0.69253504,1
5,0,0.69071376,1
5,0,0.6933478,1
5,0,0.69230485,1
5,0,0.6913767,1
5,0,0.69517106,1
5,0,0.69006294,1
5,0,0.69482297,1
5,0,0.69156176,1
5,0,0.69386286,1
5,0,0.6852372,1
5,0,0.69237787,1
5,0,0.6929064,1
5,0,0.6912753,1
5,0,0.69381624,1
5,0,0.6933982,1
5,0,0.6961331,1
5,0,0.6930666,1
5,0,0.6898403,1
5,0,0.6857465,1
5,0,0.6871844,1
5,0,0.6862049,1
5,0,0.69591445,1
5,0,0.69339585,1
5,0,0.6944844,1
5,0,0.6904476,1
5,0,0.68924505,1
5,0,0.68997085,1
5,0,0.68997765,1
5,0,0.69171226,1
5,0,0.6871856,1
5,0,0.6902985,1
5,0,0.6893243,1
5,0,0.69034183,1
5,0,0.69468015,1
5,0,0.6942193,1
5,0,0.69491434,1
5,0,0.6929488,1
5,0,0.69258875,1
5,0,0.69156104,1
5,0,0.69488126,1
5,0,0.68562394,1
5,0,0.68842614,1
5,0,0.69193983,1
5,0,0.68780255,1
5,0,0.689806,1
5,0,0.6870224,1
5,0,0.68872535,1
5,0,0.6882165,1
5,0,0.6927348,1
5,0,0.687468,1
5,0,0.68693113,1
5,0,0.6921416,1
5,0,0.6872229,1
5,0,0.69249415,1
5,0,0.68939877,1
5,0,0.69359374,1
5,0,0.69706655,1
5,0,0.6919931,1
5,0,0.6962632,1
5,0,0.6902141,1
5,0,0.68827224,1
5,0,0.6925385,1
5,0,0.6925537,1
5,0,0.6860144,1
5,0,0.6836529,1
5,0,0.6936949,1
5,0,0.69420135,1
5,0,0.6962739,1
5,0,0.6882381,1
5,0,0.6931542,1
5,0,0.6910518,1
5,0,0.6936362,1
5,0,0.68980235,1
5,0,0.6907672,1
5,0,0.68646747,1
5,0,0.6952107,1
5,0,0.6948545,1
5,0,0.6915203,1
5,0,0.6811295,1
5,0,0.6979443,1
5,0,0.6949412,1
5,0,0.6899351,1
5,0,0.69374335,1
5,0,0.6935894,1
5,0,0.6955625,1
5,0,0.69177824,1
5,0,0.6951774,1
5,0,0.6867605,1
5,0,0.69022894,1
5,0,0.6918512,1
5,0,0.6908376,1
5,0,0.6915281,1
5,0,0.69035983,1
5,0,0.6874593,1
5,0,0.6911659,1
5,0,0.69058514,1
5,0,0.6914717,1
5,0,0.6880858,1
5,0,0.6932471,1
5,0,0.6944156,1
5,0,0.69394964,1
5,0,0.6943699,1
5,0,0.69305027,1
5,0,0.6917627,1
5,0,0.69389,1
5,0,0.6910587,1
5,0,0.689707,1
5,0,0.6958666,1
5,0,0.69390905,1
5,0,0.6944497,1
5,0,0.69131887,1
5,0,0.69876695,1
5,0,0.6946728,1
5,0,0.6974997,1
5,0,0.697134,1
5,0,0.69328785,1
5,0,0.69177026,1
5,0,0.69152045,1
5,0,0.69504577,1
5,0,0.68995214,1
5,0,0.6928659,1
5,0,0.6957608,1
5,0,0.6928375,1
5,0,0.69528157,1
5,0,0.6937286,1
5,0,0.69296324,1
5,0,0.6916621,1
5,0,0.69821435,1
5,0,0.69116426,1
5,0,0.69473165,1
5,0,0.69224095,1
5,0,0.69088614,1
5,0,0.6923041,1
5,0,0.6943434,1
5,0,0.6958058,1
5,0,0.6953242,1
5,0,0.6895667,1
5,0,0.69286203,1
5,0,0.6957416,1
5,0,0.693202,1
5,0,0.6905711,1
5,0,0.6936795,1
5,0,0.6910052,1
5,0,0.6948403,1
5,0,0.6916466,1
5,0,0.6945127,1
5,0,0.697441,1
5,0,0.69328034,1
5,0,0.69604945,1
5,0,0.69295794,1
5,0,0.6952121,1
5,0,0.6976611,1
5,0,0.69165194,1
5,0,0.69332063,1
5,0,0.6959788,1
5,0,0.69026065,1
5,0,0.69362384,1
5,0,0.6950114,1
5,0,0.6967602,1
5,0,0.6935031,1
5,0,0.695282,1
5,0,0.69198924,1
5,0,0.68804735,1
5,0,0.69639623,1
5,0,0.6954254,1
5,0,0.6930217,1
5,0,0.69621956,1
5,0,0.6965926,1
5,0,0.6967675,1
5,0,0.69378525,1
5,0,0.6937416,1
5,0,0.69344246,1
5,0,0.6939701,1
5,0,0.69633865,1
5,0,0.6929175,1
5,0,0.6966876,1
5,0,0.69682044,1
5,0,0.6931271,1
5,0,0.69305867,1
5,0,0.6938634,1
5,0,0.692978,1
5,0,0.6939031,1
5,0,0.6967761,1
5,0,0.69470406,1
5,0,0.69651234,1
5,0,0.6941632,1
5,0,0.6899761,1
5,0,0.6821187,1
5,0,0.68579036,1
5,0,0.68520284,1
5,0,0.68767,1
5,0,0.69511986,1
5,0,0.6871965,1
5,0,0.6878129,1
5,0,0.69004244,1
5,0,0.69005287,1
5,1,0.50755435,1
5,1,0.5114514,1
5,1,0.5108162,1
5,1,0.5089032,1
5,1,0.5109196,1
5,1,0.5114153,1
5,1,0.51160115,1
5,1,0.5116848,1
5,1,0.5118571,1
5,1,0.5123569,1
5,1,0.5116947,1
5,1,0.5125234,1
5,1,0.51244843,1
5,1,0.5122889,1
5,1,0.5124584,1
5,1,0.5122958,1
5,1,0.5120695,1
5,1,0.51158834,1
5,0,0.51030266,1
5,0,0.51071787,1
5,0,0.51042074,1
5,0,0.5097829,1
5,0,0.5095798,1
5,0,0.5115398,1
5,0,0.5110545,1
5,0,0.50591844,1
5,0,0.5087505,1
5,0,0.5116353,1
5,0,0.51091367,1
5,0,0.51142883,1
5,0,0.5111356,1
5,0,0.51071453,1
5,0,0.51165265,1
5,0,0.51122546,1
5,0,0.51145655,1
5,0,0.5115337,1
5,0,0.51045644,1
5,0,0.51157755,1
5,0,0.5100949,1
5,0,0.51126844,1
5,0,0.51193345,1
5,0,0.5113591,1
5,0,0.5120542,1
5,0,0.51202166,1
5,0,0.51191735,1
5,0,0.5118948,1
5,0,0.5118984,1
5,0,0.51189184,1
5,0,0.5104711,1
5,0,0.5110941,1
5,0,0.511207,1
5,0,0.51143575,1
5,0,0.5100619,1
5,0,0.5102918,1
