Fold,Label,Prob,Preds
1,0,0.61911786,1
1,0,0.62003595,1
1,0,0.6216887,1
1,0,0.6189683,1
1,0,0.6201644,1
1,0,0.62057936,1
1,0,0.6240753,1
1,0,0.62143195,1
1,0,0.62177825,1
1,0,0.62163043,1
1,0,0.6230437,1
1,0,0.6216489,1
1,1,0.620264,1
1,1,0.6210158,1
1,1,0.61975336,1
1,1,0.6188931,1
1,1,0.6179946,1
1,1,0.6185842,1
1,1,0.61908656,1
1,1,0.6183303,1
1,1,0.61911756,1
1,1,0.6218068,1
1,1,0.6185311,1
1,1,0.62055945,1
1,1,0.61966646,1
1,1,0.6182131,1
1,1,0.61939365,1
1,1,0.622702,1
1,1,0.62149626,1
1,1,0.62225765,1
1,1,0.62164336,1
1,1,0.619391,1
1,1,0.620581,1
1,0,0.6209777,1
1,0,0.6209624,1
1,0,0.6200342,1
1,0,0.6187773,1
1,0,0.61986226,1
1,0,0.62035614,1
1,0,0.61918646,1
1,0,0.6208644,1
1,0,0.6200631,1
1,0,0.6173817,1
1,0,0.6201683,1
1,1,0.6196479,1
1,1,0.61951554,1
1,1,0.6220734,1
1,1,0.61850613,1
1,1,0.62028307,1
1,0,0.6220021,1
1,0,0.6198053,1
1,0,0.61847967,1
1,0,0.6203784,1
1,0,0.6230736,1
1,0,0.6188643,1
1,0,0.6215515,1
1,0,0.6194309,1
1,0,0.62222534,1
1,0,0.6189013,1
1,0,0.6205336,1
1,0,0.6209385,1
1,0,0.61987597,1
1,0,0.6212376,1
1,0,0.6204323,1
1,0,0.6179021,1
1,0,0.6197903,1
1,0,0.62236136,1
1,0,0.62169605,1
1,0,0.6216787,1
1,0,0.62044024,1
1,0,0.6224801,1
1,0,0.6214158,1
1,1,0.6197326,1
1,1,0.6199854,1
1,1,0.6213981,1
1,1,0.6195862,1
1,1,0.6229491,1
1,1,0.6203195,1
1,1,0.62114346,1
1,1,0.6187023,1
1,1,0.6186177,1
1,0,0.6234677,1
1,0,0.6201579,1
1,0,0.61918455,1
1,0,0.6199059,1
1,0,0.6204831,1
1,0,0.61756927,1
1,0,0.6182672,1
1,0,0.6195233,1
1,0,0.6184955,1
1,0,0.62045497,1
1,0,0.62129146,1
1,0,0.6193557,1
1,0,0.6173494,1
1,0,0.6190718,1
1,0,0.6186029,1
1,0,0.61880726,1
1,0,0.6179454,1
1,0,0.62079227,1
1,0,0.6214946,1
1,0,0.6180595,1
1,0,0.61829895,1
1,0,0.619866,1
1,0,0.61981833,1
1,0,0.61909926,1
1,0,0.6219551,1
1,0,0.6208104,1
1,0,0.6212523,1
1,0,0.62172145,1
1,0,0.6224347,1
1,0,0.61810386,1
1,0,0.6198113,1
1,0,0.62285876,1
1,0,0.62009335,1
1,0,0.6212451,1
1,0,0.6183106,1
1,0,0.6197367,1
1,0,0.622232,1
1,0,0.6199806,1
1,1,0.619533,1
1,1,0.61732787,1
1,1,0.62000847,1
1,1,0.6194615,1
1,1,0.61821705,1
1,1,0.62066215,1
1,1,0.62075955,1
1,1,0.6197286,1
1,1,0.6197807,1
1,0,0.6203906,1
1,0,0.62189054,1
1,0,0.6217163,1
1,0,0.6203817,1
1,0,0.62221265,1
1,0,0.6231079,1
1,0,0.62135625,1
1,0,0.61999685,1
1,0,0.6215027,1
1,0,0.6223761,1
1,0,0.62031996,1
1,0,0.61928135,1
1,0,0.6186285,1
1,0,0.6199954,1
1,0,0.61929834,1
1,0,0.6203632,1
1,0,0.62047493,1
1,0,0.6206265,1
1,0,0.6209156,1
1,0,0.62225413,1
1,0,0.6215441,1
1,0,0.6213195,1
1,0,0.6206069,1
1,0,0.6220416,1
1,0,0.62347686,1
1,0,0.6215119,1
1,0,0.6233112,1
1,1,0.6202755,1
1,1,0.62164885,1
1,1,0.62185484,1
1,1,0.62181,1
1,1,0.61967146,1
1,1,0.62118614,1
1,1,0.6197993,1
1,1,0.619563,1
1,1,0.6196712,1
1,0,0.62289923,1
1,0,0.6196212,1
1,0,0.6198231,1
1,0,0.6185318,1
1,0,0.6202968,1
1,0,0.6195165,1
1,0,0.6210114,1
1,1,0.6229059,1
1,1,0.62319976,1
1,1,0.62016845,1
1,1,0.61947167,1
1,1,0.618838,1
1,1,0.62220335,1
1,1,0.61961573,1
1,1,0.6211337,1
1,1,0.61995035,1
1,1,0.6192462,1
1,1,0.621255,1
1,1,0.6233328,1
1,1,0.61980087,1
1,1,0.6202798,1
1,1,0.6217966,1
1,1,0.6217427,1
1,1,0.620755,1
1,1,0.62025005,1
1,1,0.6202708,1
1,1,0.61958444,1
1,1,0.6189043,1
1,0,0.61813736,1
1,0,0.6206555,1
1,0,0.6188859,1
1,0,0.61949366,1
1,0,0.6202379,1
1,0,0.61943924,1
1,0,0.6189295,1
1,0,0.6196094,1
1,0,0.6199188,1
1,0,0.61924523,1
1,0,0.61872673,1
1,0,0.62238413,1
1,0,0.62251854,1
1,0,0.61929196,1
1,0,0.6210268,1
1,1,0.62026143,1
1,1,0.6207609,1
1,1,0.6216487,1
1,1,0.6201709,1
1,1,0.6202453,1
1,1,0.62027925,1
1,1,0.6203175,1
1,1,0.61877966,1
1,1,0.62095904,1
1,1,0.6194931,1
1,1,0.6193456,1
1,1,0.6209827,1
1,1,0.61926407,1
1,1,0.62219405,1
1,1,0.62051225,1
1,1,0.6224659,1
1,1,0.621393,1
1,0,0.6207132,1
1,0,0.624184,1
1,0,0.62155074,1
1,0,0.6206197,1
1,0,0.62037367,1
1,0,0.6234738,1
1,0,0.6211909,1
1,0,0.6194734,1
1,0,0.6207212,1
1,0,0.62200284,1
1,0,0.6223009,1
1,1,0.6230403,1
1,1,0.6205697,1
1,1,0.6215681,1
1,1,0.6228409,1
1,1,0.62353855,1
1,1,0.6197454,1
1,1,0.6223232,1
1,1,0.62070006,1
1,1,0.6187983,1
1,1,0.62050825,1
1,1,0.6211805,1
1,1,0.61982864,1
1,1,0.62168837,1
1,1,0.6229084,1
1,1,0.6200931,1
1,1,0.62207747,1
1,1,0.6195961,1
1,1,0.6218997,1
1,1,0.62239826,1
1,1,0.6219011,1
1,1,0.6211505,1
1,1,0.6204543,1
1,1,0.62104505,1
1,1,0.61981106,1
1,1,0.61992836,1
1,1,0.62016517,1
1,1,0.6233415,1
1,1,0.6205119,1
1,1,0.6200522,1
1,1,0.6215377,1
1,1,0.6217276,1
1,1,0.622121,1
1,1,0.6215539,1
1,1,0.6204688,1
1,1,0.6211012,1
1,1,0.62058145,1
1,1,0.62118846,1
1,1,0.62069196,1
1,1,0.6218112,1
1,1,0.620935,1
1,1,0.6219513,1
1,1,0.61959696,1
1,1,0.621122,1
1,1,0.62179446,1
1,1,0.6229913,1
1,1,0.62065095,1
1,1,0.61881506,1
1,1,0.6176663,1
1,1,0.6218121,1
1,1,0.61939365,1
1,1,0.62139654,1
1,1,0.62339246,1
1,1,0.6200286,1
1,1,0.61923176,1
1,0,0.62251765,1
1,0,0.62195194,1
1,0,0.620824,1
1,0,0.6200881,1
1,0,0.62413657,1
1,0,0.6205692,1
1,0,0.62021744,1
1,0,0.6207618,1
1,0,0.6215876,1
1,0,0.6199347,1
1,0,0.6218646,1
1,0,0.6218084,1
1,0,0.6186692,1
1,0,0.6209026,1
1,0,0.6204682,1
1,0,0.620765,1
1,0,0.62141436,1
1,0,0.6229112,1
1,0,0.62381506,1
1,0,0.62255025,1
1,0,0.6193574,1
1,0,0.62239516,1
1,0,0.620223,1
1,0,0.6213179,1
1,0,0.6214,1
1,0,0.62219185,1
1,0,0.6239042,1
1,0,0.6211692,1
1,0,0.6234092,1
1,0,0.62141925,1
1,0,0.620832,1
1,1,0.6223845,1
1,1,0.6210846,1
1,1,0.62185603,1
1,1,0.61977917,1
1,1,0.62318784,1
1,1,0.6227552,1
1,1,0.62262696,1
1,1,0.6216939,1
1,1,0.62279993,1
1,1,0.6242394,1
1,1,0.6221426,1
1,1,0.62329996,1
1,0,0.6210106,1
1,0,0.6205677,1
1,0,0.6210859,1
1,0,0.6225689,1
1,0,0.6193545,1
1,0,0.62040156,1
1,0,0.6223951,1
1,0,0.622261,1
1,0,0.61988795,1
1,0,0.62010545,1
1,0,0.62170863,1
1,0,0.61944616,1
1,1,0.62212074,1
1,1,0.62018,1
1,1,0.6212537,1
1,1,0.6211369,1
1,1,0.6204336,1
1,0,0.6213596,1
1,0,0.6213109,1
1,0,0.6214355,1
1,0,0.6235473,1
1,0,0.6218817,1
1,0,0.62259275,1
1,0,0.62282306,1
1,0,0.6219184,1
1,0,0.62304455,1
1,0,0.6226078,1
1,0,0.621215,1
1,0,0.62119704,1
1,0,0.6244844,1
1,0,0.6195945,1
1,0,0.6209484,1
1,0,0.6223425,1
1,0,0.62142175,1
1,0,0.6195286,1
1,0,0.6212769,1
1,0,0.6210599,1
1,0,0.62067735,1
1,0,0.6246426,1
1,0,0.62102556,1
1,0,0.61812127,1
1,0,0.6207569,1
1,0,0.62292075,1
1,0,0.620248,1
1,0,0.6218017,1
1,0,0.6215146,1
1,0,0.62131715,1
1,0,0.62209094,1
1,0,0.6200177,1
1,0,0.6215191,1
1,0,0.6246386,1
1,0,0.61997986,1
1,0,0.6221422,1
1,0,0.6207408,1
1,0,0.62152207,1
1,0,0.62076646,1
1,0,0.6215926,1
1,0,0.6226812,1
1,0,0.61971855,1
1,0,0.62066007,1
1,0,0.62316597,1
1,0,0.62177616,1
1,0,0.6189278,1
1,0,0.62223774,1
1,0,0.62000835,1
1,0,0.6191604,1
1,0,0.61930853,1
1,0,0.6213765,1
1,0,0.61922157,1
1,0,0.6203339,1
1,0,0.6198457,1
1,0,0.6197261,1
1,0,0.62088037,1
1,0,0.6192621,1
1,0,0.6204576,1
1,0,0.6175777,1
1,0,0.6185777,1
1,0,0.6200156,1
1,0,0.62230295,1
1,0,0.6226813,1
1,0,0.62025476,1
1,0,0.6194978,1
1,0,0.6214103,1
1,0,0.61837524,1
1,0,0.6195306,1
1,0,0.6192644,1
1,0,0.61990327,1
1,0,0.6231819,1
1,0,0.62071234,1
1,0,0.61918306,1
1,0,0.6210061,1
1,0,0.62129414,1
1,0,0.6191884,1
1,0,0.6206045,1
1,0,0.62099457,1
1,0,0.6209287,1
1,0,0.6204664,1
1,0,0.62167096,1
1,0,0.6191255,1
1,0,0.62008035,1
1,0,0.62001395,1
1,0,0.6189595,1
1,0,0.6192754,1
1,0,0.6194293,1
1,0,0.6198306,1
1,0,0.62052137,1
1,0,0.6187635,1
1,0,0.6202184,1
1,0,0.62039477,1
1,0,0.6193194,1
1,0,0.62329596,1
1,0,0.6235908,1
1,0,0.61933196,1
1,0,0.62264663,1
1,0,0.6211143,1
1,0,0.6192243,1
1,0,0.619699,1
1,0,0.61917496,1
1,0,0.61984605,1
1,0,0.62054294,1
1,0,0.61924636,1
1,0,0.6206489,1
1,0,0.6198987,1
1,0,0.62129766,1
1,0,0.6219869,1
1,0,0.6202866,1
1,0,0.6196044,1
1,0,0.62056273,1
1,0,0.62005246,1
1,0,0.62335736,1
1,0,0.6223614,1
1,0,0.6218717,1
1,0,0.62090325,1
1,0,0.6225754,1
1,0,0.6219944,1
1,0,0.6187405,1
1,0,0.62215686,1
1,0,0.61884004,1
1,0,0.6218643,1
1,0,0.6212018,1
1,0,0.6205105,1
1,0,0.62353444,1
1,1,0.622516,1
1,1,0.62086546,1
1,1,0.6174827,1
1,1,0.6189101,1
1,1,0.62091905,1
1,1,0.61959183,1
1,1,0.6173772,1
1,1,0.6225651,1
1,1,0.61813,1
1,1,0.6194044,1
1,1,0.61770433,1
1,1,0.62025523,1
1,1,0.61962175,1
1,1,0.6192618,1
1,1,0.61911696,1
1,1,0.6200068,1
1,1,0.618458,1
1,1,0.62126017,1
1,1,0.61964947,1
1,1,0.6209517,1
1,1,0.6193633,1
1,1,0.6203672,1
1,1,0.6189525,1
1,1,0.62160134,1
1,1,0.62008446,1
1,1,0.61838686,1
1,1,0.6194095,1
1,1,0.6188617,1
1,1,0.6178985,1
1,1,0.62179357,1
1,1,0.61899704,1
1,1,0.61925477,1
1,1,0.6173779,1
1,1,0.61783755,1
1,1,0.61734086,1
1,1,0.6183873,1
1,1,0.6168263,1
1,1,0.6179466,1
1,1,0.61897594,1
1,1,0.6193768,1
1,1,0.6196972,1
1,1,0.6195237,1
1,1,0.61791587,1
1,1,0.62070763,1
1,1,0.6187336,1
1,1,0.61985946,1
1,1,0.61884385,1
1,1,0.6172661,1
1,1,0.61751926,1
1,1,0.61714256,1
1,1,0.6195408,1
1,1,0.61798406,1
1,1,0.61957103,1
1,1,0.6202985,1
1,1,0.62134796,1
1,1,0.6213787,1
1,1,0.61875594,1
1,1,0.6202311,1
1,1,0.61766094,1
1,1,0.61739165,1
1,1,0.61867785,1
1,1,0.61682653,1
1,1,0.6183576,1
1,1,0.61810976,1
1,1,0.61885375,1
1,1,0.620103,1
1,1,0.6197644,1
1,1,0.62121135,1
1,1,0.6202508,1
1,1,0.6203244,1
1,1,0.6213187,1
1,1,0.6215259,1
1,1,0.61895746,1
1,1,0.61912954,1
1,1,0.62214226,1
1,1,0.62140906,1
1,1,0.62281424,1
1,1,0.6210189,1
1,1,0.6208473,1
1,1,0.61937,1
1,1,0.6204142,1
1,1,0.622542,1
1,1,0.6250208,1
1,1,0.62401265,1
1,1,0.621808,1
1,1,0.6217783,1
1,1,0.62265027,1
1,1,0.6213771,1
1,1,0.62041444,1
1,1,0.6213395,1
1,1,0.6197067,1
1,1,0.6194705,1
1,1,0.6199361,1
1,1,0.6204049,1
1,1,0.61973935,1
1,1,0.6201846,1
1,1,0.6209894,1
1,1,0.61955404,1
1,1,0.62029135,1
1,1,0.62317765,1
1,1,0.62101835,1
1,1,0.62408465,1
1,1,0.6239205,1
1,1,0.6228881,1
1,1,0.6195659,1
1,1,0.62031394,1
1,1,0.6197936,1
1,1,0.6211538,1
1,1,0.6212746,1
1,1,0.6190014,1
1,1,0.61850363,1
1,1,0.6197801,1
1,1,0.62072176,1
1,1,0.62026787,1
1,1,0.62071776,1
1,1,0.621679,1
1,1,0.61845195,1
1,1,0.62220985,1
1,1,0.62329704,1
1,1,0.6187834,1
1,1,0.622052,1
1,1,0.6197402,1
1,1,0.623457,1
1,1,0.6190247,1
1,1,0.6226787,1
1,1,0.62211496,1
1,1,0.62061167,1
1,1,0.61936057,1
1,1,0.6204763,1
1,1,0.62248915,1
1,1,0.62203866,1
1,1,0.62153345,1
1,1,0.61982083,1
1,1,0.6217562,1
1,1,0.6204382,1
1,1,0.6189628,1
1,1,0.6203184,1
1,1,0.44758514,0
1,1,0.45014438,0
1,1,0.4431477,0
1,1,0.44251314,0
1,1,0.44684058,0
1,1,0.44522947,0
1,1,0.4457255,0
1,1,0.44163263,0
1,1,0.44103384,0
1,1,0.44503424,0
1,1,0.44810885,0
1,1,0.4534349,0
1,1,0.4444725,0
1,1,0.44288498,0
1,1,0.44202238,0
1,1,0.4392184,0
1,1,0.4397679,0
1,1,0.4379406,0
1,1,0.43440768,0
1,1,0.4378058,0
1,1,0.43917274,0
1,1,0.43987846,0
1,1,0.44100747,0
1,1,0.44379246,0
1,1,0.43948692,0
1,1,0.4471328,0
1,1,0.44255316,0
1,1,0.440457,0
1,1,0.4408246,0
1,1,0.4384449,0
1,1,0.43740553,0
1,1,0.44010085,0
1,1,0.44009817,0
1,1,0.4415603,0
1,1,0.44266137,0
1,1,0.44205308,0
1,1,0.43896925,0
1,1,0.4411655,0
1,1,0.438391,0
1,1,0.43922746,0
1,1,0.4409033,0
1,1,0.44399345,0
1,1,0.4433505,0
1,1,0.4436468,0
1,1,0.4427306,0
1,1,0.44107783,0
1,1,0.43993115,0
1,1,0.4425525,0
1,1,0.4370251,0
1,1,0.43832895,0
1,1,0.62094814,1
1,1,0.6199012,1
1,1,0.6169895,1
1,1,0.61809635,1
1,1,0.6209822,1
1,1,0.61568505,1
1,1,0.62924635,1
1,1,0.62374943,1
1,1,0.62506306,1
1,1,0.6217208,1
1,1,0.62246394,1
1,1,0.6265567,1
1,1,0.6284397,1
1,1,0.6214737,1
1,1,0.6269395,1
1,1,0.62910545,1
1,1,0.61906844,1
1,1,0.62623,1
1,1,0.6233719,1
1,1,0.6179579,1
1,1,0.62651837,1
1,1,0.62703454,1
1,1,0.62602335,1
1,1,0.6273361,1
1,1,0.6291611,1
1,1,0.6219902,1
1,1,0.62656313,1
1,1,0.6277466,1
1,1,0.62254536,1
1,1,0.6282072,1
1,1,0.62730724,1
1,1,0.62286097,1
1,0,0.627624,1
1,0,0.63342357,1
1,0,0.6237469,1
1,0,0.6235909,1
1,0,0.61997825,1
1,0,0.62784934,1
1,0,0.62759763,1
1,0,0.60492736,1
1,0,0.59312683,1
1,0,0.61411786,1
1,0,0.61216146,1
1,0,0.6066706,1
1,0,0.6085769,1
1,0,0.6153765,1
1,1,0.60612804,1
1,1,0.6043023,1
1,1,0.5922418,1
1,1,0.5975141,1
1,1,0.59217954,1
1,1,0.6103772,1
1,1,0.6017151,1
1,1,0.59688073,1
1,1,0.59689134,1
1,1,0.60514516,1
1,1,0.6067146,1
1,0,0.6053124,1
1,0,0.59891075,1
1,0,0.6045003,1
1,0,0.60737616,1
1,0,0.60430276,1
1,0,0.6057195,1
1,0,0.5963371,1
1,0,0.61200124,1
1,0,0.6099535,1
1,0,0.6020625,1
1,0,0.5937033,1
1,0,0.5890526,1
1,0,0.58803093,1
1,1,0.59923154,1
1,1,0.6023622,1
1,1,0.5946749,1
1,1,0.6033283,1
1,1,0.6035843,1
1,1,0.59959733,1
1,1,0.5996866,1
1,1,0.5951782,1
1,1,0.5884333,1
1,1,0.5939165,1
1,1,0.59971786,1
1,0,0.61045665,1
1,0,0.60779303,1
1,0,0.5934258,1
1,0,0.5929416,1
1,0,0.5903849,1
1,0,0.5908616,1
1,0,0.58941764,1
1,0,0.5908616,1
1,0,0.5979209,1
1,0,0.59697765,1
1,0,0.59156334,1
1,0,0.5846624,1
1,0,0.60170424,1
1,0,0.5896489,1
1,0,0.5870492,1
1,0,0.5953992,1
1,0,0.60548544,1
1,0,0.6051394,1
1,0,0.59516186,1
1,1,0.5869859,1
1,1,0.5873974,1
1,1,0.5928475,1
1,1,0.5989736,1
1,1,0.58645076,1
1,1,0.57698405,1
1,1,0.58225536,1
1,1,0.5818999,1
1,0,0.56763625,1
1,0,0.57464194,1
1,0,0.5804526,1
1,0,0.59430414,1
1,0,0.5942561,1
1,0,0.5838873,1
1,0,0.58604705,1
1,0,0.6185427,1
1,0,0.6181249,1
1,0,0.617585,1
1,0,0.6191627,1
1,0,0.61797774,1
1,0,0.6173722,1
1,0,0.61789685,1
1,0,0.6208012,1
1,0,0.6207504,1
1,0,0.6181785,1
1,0,0.61909086,1
1,0,0.6193067,1
1,0,0.6170943,1
1,0,0.61883307,1
1,0,0.61977607,1
1,0,0.6184957,1
1,0,0.6190011,1
1,0,0.61936975,1
1,0,0.61931336,1
1,0,0.6169452,1
1,0,0.6185672,1
1,0,0.61846155,1
1,0,0.61917394,1
1,0,0.61743295,1
1,0,0.6203507,1
1,0,0.6185588,1
1,0,0.61759824,1
1,0,0.6182951,1
1,0,0.6177665,1
1,0,0.6190302,1
1,0,0.6203627,1
1,0,0.61966646,1
1,0,0.61894095,1
1,0,0.61743027,1
1,0,0.6183646,1
1,0,0.61810946,1
1,0,0.62086797,1
1,0,0.6183127,1
1,0,0.61939526,1
1,0,0.61769766,1
1,0,0.6180578,1
1,0,0.61904144,1
1,0,0.6186175,1
1,0,0.6192365,1
1,0,0.61796427,1
1,0,0.6199363,1
1,0,0.6193823,1
1,1,0.44387844,0
1,1,0.44354048,0
1,1,0.4447213,0
1,1,0.44319507,0
1,1,0.44633183,0
1,1,0.44892615,0
1,1,0.44594297,0
1,1,0.4451707,0
1,1,0.44269085,0
1,1,0.44674638,0
1,1,0.44404,0
1,1,0.44638357,0
1,1,0.44651362,0
1,1,0.4438168,0
1,1,0.44186747,0
1,1,0.44335777,0
1,1,0.4462214,0
1,1,0.44526324,0
1,1,0.6198169,1
1,1,0.6199608,1
1,1,0.61748636,1
1,1,0.6196192,1
1,1,0.61999154,1
1,1,0.6169587,1
1,1,0.6180855,1
1,1,0.6177819,1
1,1,0.61878216,1
1,1,0.61963725,1
1,1,0.6187668,1
1,1,0.61992365,1
1,1,0.6202816,1
1,1,0.6204133,1
1,1,0.6189363,1
1,1,0.6184778,1
1,1,0.6181508,1
1,1,0.6176467,1
1,1,0.61916524,1
1,1,0.6179584,1
1,1,0.6174366,1
1,1,0.61780316,1
1,1,0.62082607,1
1,1,0.433946,0
1,1,0.43172866,0
1,1,0.4351294,0
1,1,0.43240526,0
1,1,0.4337251,0
1,1,0.43095413,0
1,1,0.4347615,0
1,1,0.43445477,0
1,1,0.43825316,0
1,1,0.43566915,0
1,1,0.43672585,0
1,1,0.43424937,0
1,1,0.4347003,0
1,1,0.4355491,0
1,1,0.44261345,0
1,1,0.44170034,0
1,1,0.43994373,0
1,1,0.43933645,0
1,1,0.44310927,0
1,1,0.44255507,0
1,1,0.44278014,0
1,1,0.441085,0
1,1,0.44091994,0
1,1,0.44229624,0
1,1,0.44097444,0
1,1,0.44145048,0
1,1,0.4415551,0
1,1,0.44184375,0
1,1,0.43912834,0
1,1,0.44116282,0
1,1,0.44448784,0
1,1,0.43976513,0
1,1,0.6208073,1
1,1,0.6204618,1
1,1,0.61942637,1
1,1,0.62207097,1
1,1,0.61935365,1
1,1,0.61938936,1
1,1,0.62088305,1
1,1,0.6185834,1
1,1,0.6217934,1
1,1,0.44058704,0
1,1,0.4409955,0
1,1,0.43950894,0
1,1,0.43740588,0
1,1,0.43889663,0
1,1,0.4349753,0
1,1,0.436295,0
1,1,0.44183138,0
1,1,0.44708398,0
1,1,0.44146445,0
1,1,0.43930364,0
1,1,0.4404499,0
1,1,0.43848357,0
1,1,0.44205818,0
1,1,0.4434907,0
1,1,0.44111675,0
1,1,0.43714315,0
1,1,0.43732736,0
1,1,0.43750143,0
1,1,0.43525004,0
1,1,0.43691945,0
1,1,0.43509638,0
1,1,0.43495104,0
1,1,0.43557918,0
1,1,0.4353981,0
1,1,0.433572,0
1,1,0.43568927,0
1,1,0.4363757,0
1,1,0.4359562,0
1,1,0.4318494,0
1,1,0.4328182,0
1,1,0.43310222,0
1,1,0.43371522,0
1,1,0.43175328,0
1,1,0.43561673,0
1,1,0.43535638,0
1,1,0.43542242,0
1,1,0.43257707,0
1,1,0.43529642,0
1,1,0.43078798,0
1,1,0.43582666,0
1,1,0.43192023,0
1,1,0.43488854,0
1,1,0.4319688,0
1,1,0.4344227,0
1,1,0.43173978,0
1,1,0.4321263,0
1,1,0.43367606,0
1,1,0.43381345,0
1,1,0.43508804,0
1,1,0.43552968,0
1,1,0.43436408,0
1,1,0.4331527,0
1,1,0.43353853,0
1,1,0.43281198,0
1,1,0.46908408,0
1,1,0.46723583,0
1,1,0.46842372,0
1,1,0.46906674,0
1,1,0.46529734,0
1,1,0.46805865,0
1,1,0.4710987,0
1,0,0.4336019,0
1,0,0.4334544,0
1,0,0.43370235,0
1,0,0.43780434,0
1,0,0.43702474,0
1,0,0.43658245,0
1,0,0.43685132,0
1,0,0.43781748,0
1,0,0.43719754,0
1,0,0.43456292,0
1,0,0.43505305,0
1,0,0.43489254,0
1,0,0.4377449,0
1,0,0.43620607,0
1,0,0.43563026,0
1,0,0.4334595,0
1,0,0.4383838,0
1,0,0.43634346,0
1,1,0.43522015,0
1,1,0.43840575,0
1,1,0.43814236,0
1,1,0.4367193,0
1,1,0.43784526,0
1,1,0.43958357,0
1,1,0.43756163,0
1,1,0.43484184,0
1,1,0.43635303,0
1,1,0.43723863,0
1,1,0.43883657,0
1,1,0.43541488,0
1,1,0.43715587,0
1,1,0.43292427,0
1,1,0.4357346,0
1,1,0.43668902,0
1,1,0.43928933,0
1,1,0.43632287,0
1,1,0.4387248,0
1,1,0.43669522,0
1,1,0.4361882,0
1,1,0.43308318,0
1,1,0.4352508,0
1,1,0.43549538,0
1,1,0.43378517,0
1,0,0.43442622,0
1,0,0.43471572,0
1,0,0.43721548,0
1,0,0.43489385,0
1,0,0.43784404,0
1,0,0.4345826,0
1,0,0.4350235,0
1,0,0.43460408,0
1,0,0.4390789,0
1,0,0.43553618,0
1,0,0.4359731,0
1,0,0.43609473,0
1,0,0.4337896,0
1,0,0.43283623,0
1,1,0.43583053,0
1,1,0.43412206,0
1,1,0.4329819,0
1,1,0.43332335,0
1,1,0.43357855,0
1,1,0.43454233,0
1,1,0.4331137,0
1,1,0.43507606,0
1,1,0.43178588,0
1,1,0.4342885,0
1,1,0.43166032,0
1,1,0.4336201,0
1,1,0.43468484,0
1,1,0.4346409,0
1,0,0.43316978,0
1,0,0.4353383,0
1,0,0.43576014,0
1,0,0.43492684,0
1,0,0.43500775,0
1,0,0.4349791,0
1,0,0.43352845,0
1,0,0.4332855,0
1,0,0.433137,0
1,0,0.4349279,0
1,0,0.43325046,0
1,0,0.435027,0
1,0,0.43125448,0
1,0,0.43249068,0
1,0,0.4307756,0
1,0,0.43313256,0
1,0,0.43076015,0
1,0,0.431156,0
1,0,0.4331285,0
1,0,0.4342955,0
1,0,0.4319549,0
1,0,0.43125346,0
1,0,0.43398234,0
1,0,0.43255323,0
1,0,0.43325865,0
1,0,0.4326227,0
1,0,0.4331075,0
1,0,0.43164188,0
1,0,0.43225038,0
1,0,0.43428105,0
1,0,0.43369725,0
1,0,0.4317062,0
1,0,0.43239036,0
1,0,0.43600002,0
1,0,0.43437296,0
1,0,0.43203658,0
1,0,0.43263164,0
1,0,0.43272385,0
1,0,0.43504757,0
1,0,0.43328938,0
1,0,0.43501055,0
1,0,0.43315354,0
1,0,0.43254977,0
1,0,0.4330021,0
1,0,0.43119615,0
1,1,0.43149996,0
1,1,0.43482918,0
1,1,0.4337731,0
1,1,0.43273866,0
1,1,0.4342969,0
1,1,0.4344793,0
1,1,0.4343601,0
1,1,0.43343917,0
1,1,0.4346385,0
1,1,0.43432346,0
1,1,0.43424886,0
1,1,0.4334599,0
1,1,0.4327929,0
1,1,0.43309525,0
1,1,0.43304747,0
1,0,0.43082735,0
1,0,0.430817,0
1,0,0.42997137,0
1,0,0.43287456,0
1,0,0.43141875,0
1,0,0.4318076,0
1,0,0.43489704,0
1,0,0.4311032,0
1,0,0.43201092,0
1,0,0.4318419,0
1,0,0.4342691,0
1,0,0.43060926,0
1,0,0.4332556,0
1,0,0.43281168,0
1,0,0.43387103,0
1,0,0.43408534,0
1,0,0.4330528,0
1,0,0.42975318,0
1,0,0.43389583,0
1,0,0.42986163,0
1,0,0.43357593,0
1,0,0.42983747,0
1,0,0.4337481,0
1,0,0.4328419,0
1,0,0.43463472,0
1,0,0.43329725,0
1,0,0.4331735,0
1,0,0.4331449,0
1,0,0.4325507,0
1,0,0.43426445,0
1,0,0.43500862,0
1,0,0.43152127,0
1,0,0.43140075,0
1,0,0.43314606,0
1,0,0.43447724,0
1,0,0.4349655,0
1,0,0.43286574,0
1,0,0.43371817,0
1,0,0.43280485,0
1,0,0.43429157,0
1,0,0.43503323,0
1,0,0.43309745,0
1,0,0.4320944,0
1,0,0.43271244,0
1,0,0.43232176,0
1,0,0.4325299,0
1,0,0.43057027,0
1,0,0.43220627,0
1,0,0.43219307,0
1,0,0.43547684,0
1,0,0.4355991,0
1,0,0.43536824,0
1,0,0.43356052,0
1,0,0.4337462,0
1,0,0.43493778,0
1,0,0.43545726,0
1,0,0.4359681,0
1,0,0.43597594,0
1,0,0.43604165,0
1,0,0.43327388,0
1,0,0.4321487,0
1,0,0.43204996,0
1,0,0.43464592,0
1,0,0.4346945,0
1,0,0.43495652,0
1,0,0.43255815,0
1,0,0.4340126,0
1,0,0.43105647,0
1,0,0.4334094,0
1,0,0.43294272,0
1,0,0.43109804,0
1,0,0.43179128,0
1,0,0.43066698,0
1,0,0.43161765,0
1,0,0.43294698,0
1,0,0.43487448,0
1,0,0.43378785,0
1,0,0.4350928,0
1,0,0.43586865,0
1,0,0.4327336,0
1,0,0.43312046,0
1,0,0.43537197,0
1,0,0.4361017,0
1,0,0.43576604,0
1,0,0.4348776,0
1,0,0.43386933,0
1,0,0.43442363,0
1,0,0.43454972,0
1,0,0.4342857,0
1,0,0.43338424,0
1,0,0.43547595,0
1,0,0.43367922,0
1,0,0.43604583,0
1,0,0.43434918,0
1,0,0.4362796,0
1,0,0.43578002,0
1,0,0.43262848,0
1,0,0.43308032,0
1,0,0.4332766,0
1,0,0.43431386,0
1,0,0.4339968,0
1,0,0.43421084,0
1,0,0.42998368,0
1,0,0.4321478,0
1,0,0.4350749,0
1,1,0.4347333,0
1,1,0.43508536,0
1,1,0.4320079,0
1,1,0.43268415,0
1,1,0.4308555,0
1,1,0.43055096,0
1,1,0.43224323,0
1,1,0.43349174,0
1,1,0.43412763,0
1,1,0.432261,0
1,1,0.43251646,0
1,1,0.4331154,0
1,1,0.43210715,0
1,1,0.43247175,0
1,1,0.43479082,0
1,0,0.4339632,0
1,0,0.43298838,0
1,0,0.43278214,0
1,0,0.43352997,0
1,0,0.4325957,0
1,0,0.43479934,0
1,0,0.43541348,0
1,0,0.4329149,0
1,0,0.43282503,0
1,0,0.43236616,0
1,0,0.43242455,0
1,0,0.4301148,0
1,0,0.4319581,0
1,0,0.43315324,0
1,0,0.43420357,0
1,0,0.43162572,0
1,0,0.43438736,0
1,0,0.43082613,0
1,0,0.4325497,0
1,0,0.42978057,0
1,0,0.43278912,0
1,0,0.43491372,0
1,0,0.43490353,0
1,0,0.43562308,0
1,0,0.4331066,0
1,0,0.43322343,0
1,0,0.4330918,0
1,0,0.43547502,0
1,0,0.43410626,0
1,0,0.4348618,0
1,0,0.43275952,0
1,0,0.43189302,0
1,0,0.43018913,0
1,0,0.43298826,0
1,0,0.43274927,0
1,0,0.43438378,0
1,0,0.43487927,0
1,0,0.4318,0
1,0,0.43249643,0
1,0,0.43414763,0
1,0,0.43224165,0
1,0,0.43370536,0
1,0,0.43361735,0
1,0,0.43357712,0
1,0,0.43416163,0
1,1,0.43290517,0
1,1,0.43299103,0
1,1,0.4319768,0
1,1,0.43289864,0
1,1,0.43508843,0
1,1,0.43425497,0
1,1,0.43392158,0
1,1,0.4350469,0
1,1,0.434916,0
1,1,0.4352647,0
1,1,0.43372175,0
1,1,0.43213254,0
1,1,0.43315485,0
1,1,0.4337263,0
1,1,0.43674734,0
1,0,0.43557972,0
1,0,0.43518576,0
1,0,0.43322027,0
1,0,0.4347403,0
1,0,0.43268648,0
1,0,0.43206564,0
1,0,0.43385908,0
1,0,0.43208852,0
1,0,0.43381143,0
1,0,0.43496576,0
1,0,0.4335937,0
1,0,0.4323389,0
1,0,0.43447188,0
1,0,0.4351659,0
1,0,0.4337611,0
1,0,0.43481702,0
1,0,0.43203688,0
1,0,0.4354704,0
1,0,0.43463853,0
1,0,0.43538833,0
1,0,0.43234196,0
1,0,0.436885,0
1,0,0.4375522,0
1,0,0.43687955,0
1,0,0.4353722,0
1,0,0.4356606,0
1,0,0.43532515,0
1,0,0.4361274,0
1,0,0.43700334,0
1,0,0.4355216,0
1,0,0.43452716,0
1,0,0.43599266,0
1,0,0.4360355,0
1,0,0.43699902,0
1,0,0.43437555,0
1,0,0.43687716,0
1,0,0.43260807,0
1,0,0.43423995,0
1,0,0.43422022,0
1,0,0.4347,0
1,0,0.43715605,0
1,0,0.43706617,0
1,0,0.43614712,0
1,0,0.43676782,0
1,0,0.43731838,0
1,0,0.43540853,0
1,0,0.4341676,0
1,0,0.43499973,0
1,0,0.43509942,0
1,0,0.4353821,0
1,0,0.43522912,0
1,0,0.43171936,0
1,0,0.4315627,0
1,0,0.4324927,0
1,0,0.43323007,0
1,0,0.43405503,0
1,0,0.43542024,0
1,0,0.43374932,0
1,0,0.431932,0
1,0,0.43206155,0
1,0,0.43347466,0
1,0,0.43675426,0
1,0,0.43361878,0
1,0,0.43577957,0
1,0,0.4316486,0
1,0,0.43602288,0
1,0,0.43489462,0
1,0,0.43641013,0
1,0,0.43300545,0
1,0,0.43284327,0
1,0,0.43051526,0
1,0,0.4318794,0
1,0,0.4325715,0
1,0,0.43397278,0
1,0,0.43562663,0
1,0,0.43432277,0
1,0,0.43501595,0
1,0,0.43523216,0
1,0,0.43385977,0
1,0,0.4353724,0
1,0,0.43368992,0
1,0,0.43356478,0
1,0,0.43219018,0
1,0,0.43173993,0
1,0,0.4328962,0
1,0,0.43403646,0
1,0,0.435011,0
1,0,0.4330298,0
1,0,0.43194544,0
1,0,0.4336174,0
1,0,0.43067577,0
1,0,0.43029287,0
1,0,0.43214563,0
1,0,0.43231323,0
1,0,0.43238544,0
1,0,0.43153653,0
1,0,0.43390107,0
1,0,0.42961237,0
1,0,0.43147668,0
1,0,0.43299425,0
1,0,0.43349838,0
1,0,0.4322476,0
1,0,0.43293118,0
1,0,0.4307427,0
1,0,0.43441093,0
1,0,0.43390638,0
1,0,0.43411756,0
1,0,0.43318948,0
1,0,0.43424815,0
1,0,0.43198273,0
1,0,0.43258503,0
1,0,0.4305286,0
1,0,0.4332853,0
1,0,0.4345421,0
1,0,0.43399373,0
1,0,0.43405557,0
1,0,0.43167543,0
1,0,0.43538976,0
1,0,0.43228745,0
1,0,0.43433857,0
1,0,0.4336364,0
1,0,0.43455288,0
1,0,0.4323966,0
1,0,0.4324998,0
1,0,0.4342811,0
1,0,0.43482438,0
1,0,0.43277583,0
1,0,0.43174753,0
1,0,0.4323568,0
1,0,0.43560132,0
1,0,0.4345107,0
1,0,0.43614024,0
1,0,0.43386328,0
1,0,0.43440717,0
1,0,0.4342076,0
1,0,0.43448007,0
1,0,0.4334406,0
1,0,0.43267736,0
1,0,0.43416083,0
1,0,0.43483964,0
1,0,0.4337853,0
1,0,0.4327634,0
1,0,0.43400988,0
1,0,0.43307504,0
1,0,0.4339594,0
1,0,0.43187785,0
1,0,0.4350405,0
1,0,0.43198028,0
1,0,0.43262976,0
1,0,0.43355232,0
1,0,0.4364481,0
1,0,0.43595627,0
1,0,0.43489233,0
1,0,0.43463692,0
1,1,0.43042547,0
1,1,0.43408954,0
1,1,0.43489546,0
1,1,0.43550572,0
1,1,0.43421644,0
1,1,0.43193915,0
1,1,0.43446892,0
1,1,0.4357932,0
1,1,0.43647256,0
1,1,0.43459252,0
1,1,0.4330689,0
1,1,0.43286753,0
1,1,0.4332051,0
1,1,0.43871072,0
1,1,0.4345596,0
1,1,0.43317908,0
1,1,0.43387008,0
1,1,0.43531817,0
1,1,0.43404365,0
1,1,0.43370092,0
1,1,0.4322417,0
1,1,0.43472722,0
1,1,0.43502608,0
1,1,0.43494555,0
1,1,0.43350136,0
1,1,0.4347114,0
1,1,0.43326017,0
1,1,0.43395278,0
1,1,0.43486312,0
1,1,0.620746,1
1,1,0.61859596,1
1,1,0.6202526,1
1,1,0.6209757,1
1,1,0.6207753,1
1,1,0.6196161,1
1,1,0.61751086,1
1,1,0.62005126,1
1,1,0.615868,1
1,1,0.61812913,1
1,1,0.61924535,1
1,1,0.6174726,1
1,1,0.6180354,1
1,1,0.61706454,1
1,1,0.61820954,1
1,1,0.6206662,1
1,1,0.61770207,1
1,1,0.618483,1
1,1,0.6211095,1
1,1,0.62094337,1
1,1,0.62057185,1
1,1,0.62129414,1
1,1,0.6211579,1
1,1,0.61901957,1
1,1,0.61993855,1
1,1,0.62016577,1
1,1,0.6170993,1
1,1,0.6184301,1
1,1,0.6182148,1
1,1,0.6195908,1
1,1,0.62062216,1
1,1,0.61814976,1
1,1,0.6202883,1
1,1,0.62082106,1
1,1,0.6190691,1
1,1,0.61978996,1
1,1,0.61841935,1
1,1,0.61934954,1
1,1,0.62075937,1
1,1,0.62091726,1
1,1,0.61962223,1
1,1,0.61963415,1
1,1,0.6200255,1
1,1,0.62084013,1
1,1,0.6180085,1
1,1,0.6213621,1
1,1,0.620424,1
1,1,0.6187174,1
1,1,0.6188744,1
1,1,0.61737096,1
1,1,0.61808676,1
1,1,0.61912614,1
1,1,0.6192704,1
1,1,0.6197046,1
1,1,0.61924374,1
1,1,0.62019545,1
1,1,0.6188902,1
1,1,0.6187635,1
1,1,0.49380678,0
1,1,0.5040602,1
1,1,0.50500196,1
1,1,0.49933964,0
1,1,0.50598043,1
1,1,0.50116044,1
1,1,0.4891959,0
1,1,0.49984,0
1,1,0.49410674,0
1,1,0.496238,0
1,1,0.49799973,0
1,1,0.49962085,0
1,1,0.4879147,0
1,1,0.4803624,0
1,1,0.4882025,0
1,1,0.47887552,0
1,1,0.4892088,0
1,1,0.4929188,0
1,1,0.49535677,0
1,1,0.50312746,1
1,1,0.5031373,1
1,1,0.50838125,1
1,1,0.48666814,0
1,0,0.49492046,0
1,0,0.49535757,0
1,0,0.5039352,1
1,0,0.51024926,1
1,0,0.50063384,1
1,0,0.5032662,1
1,0,0.5089861,1
1,0,0.5077098,1
1,0,0.50779694,1
1,0,0.5044062,1
1,0,0.5031843,1
1,0,0.49734542,0
1,0,0.5021569,1
1,0,0.49343896,0
1,0,0.51375127,1
1,0,0.5030636,1
1,0,0.5034058,1
1,0,0.5006388,1
1,0,0.5066863,1
1,0,0.49604732,0
1,0,0.49808508,0
1,0,0.49447376,0
1,0,0.502897,1
1,0,0.497734,0
1,0,0.50603884,1
1,0,0.49728057,0
1,0,0.50025403,1
1,0,0.49463496,0
1,0,0.4928995,0
1,0,0.48419532,0
1,0,0.4843195,0
1,1,0.49040785,0
1,1,0.50171965,1
1,1,0.49303925,0
1,1,0.48859328,0
1,1,0.48767003,0
1,1,0.49447364,0
1,1,0.49813524,0
1,1,0.49071854,0
1,1,0.4949848,0
1,1,0.4884291,0
1,1,0.49027526,0
1,1,0.48511454,0
1,1,0.49397823,0
1,1,0.48903328,0
1,1,0.48901066,0
1,1,0.49038702,0
1,1,0.4849471,0
1,1,0.4823158,0
1,1,0.48749402,0
1,1,0.48701826,0
1,1,0.49287206,0
1,1,0.49977797,0
1,1,0.49333936,0
1,1,0.49923277,0
1,1,0.49131906,0
1,1,0.49128273,0
1,1,0.492531,0
1,1,0.48322952,0
1,1,0.4875145,0
1,1,0.4812661,0
1,1,0.4876523,0
1,1,0.49246812,0
1,0,0.4903111,0
1,0,0.4839229,0
1,0,0.47962838,0
1,0,0.47648913,0
1,0,0.47864413,0
1,0,0.4874492,0
1,0,0.48570523,0
1,1,0.48826328,0
1,1,0.48411462,0
1,1,0.48249722,0
1,1,0.4875831,0
1,1,0.49038482,0
1,0,0.48565766,0
1,0,0.4920153,0
1,0,0.48143134,0
1,0,0.47946224,0
1,0,0.4813558,0
1,0,0.48286194,0
1,0,0.4787374,0
1,1,0.47523746,0
1,1,0.47159722,0
1,1,0.47973925,0
1,1,0.48111862,0
1,1,0.48545235,0
1,1,0.48162252,0
1,1,0.47608125,0
1,1,0.48282126,0
1,1,0.47841164,0
1,1,0.48925668,0
1,1,0.48394364,0
1,1,0.4838579,0
1,1,0.48105124,0
1,1,0.48355624,0
1,1,0.48774433,0
1,1,0.4841047,0
1,1,0.48939002,0
1,1,0.48297587,0
1,1,0.47980103,0
1,1,0.4780356,0
1,1,0.48122314,0
1,1,0.4823347,0
1,0,0.4809867,0
1,0,0.47638226,0
1,0,0.47272125,0
1,0,0.4769148,0
1,0,0.47667807,0
1,0,0.4841689,0
1,0,0.48442143,0
1,0,0.49263036,0
1,0,0.48890778,0
1,0,0.4831402,0
1,0,0.48511726,0
1,0,0.4734171,0
1,0,0.4721218,0
1,1,0.47954902,0
1,1,0.47403315,0
1,1,0.46789908,0
1,1,0.47268796,0
1,1,0.4746303,0
1,1,0.47174102,0
1,1,0.47360235,0
1,1,0.47318345,0
1,1,0.4748727,0
1,1,0.4715096,0
1,1,0.47632885,0
1,1,0.47189528,0
1,1,0.47031212,0
1,1,0.47648656,0
1,1,0.47591427,0
1,1,0.47915787,0
1,1,0.48114708,0
1,1,0.479274,0
1,1,0.47529137,0
1,1,0.47686478,0
1,1,0.4780477,0
1,1,0.48087937,0
1,1,0.47828597,0
1,1,0.48873553,0
1,1,0.48397496,0
1,1,0.47866845,0
1,1,0.43419832,0
1,1,0.43638992,0
1,1,0.43626833,0
1,1,0.4356511,0
1,1,0.43742168,0
1,1,0.4363193,0
1,1,0.43787318,0
1,1,0.43804285,0
1,1,0.43864536,0
1,1,0.43855348,0
1,1,0.4371481,0
1,1,0.43497652,0
1,1,0.43448696,0
1,1,0.44114265,0
1,1,0.4402237,0
1,1,0.44004434,0
1,1,0.44006088,0
1,1,0.44194156,0
1,1,0.4414136,0
1,1,0.44412586,0
1,1,0.4456447,0
1,1,0.4469644,0
1,1,0.4403563,0
1,1,0.44444463,0
1,1,0.44602552,0
1,1,0.44464236,0
1,1,0.44640696,0
1,1,0.44785333,0
1,1,0.44595867,0
1,1,0.6238666,1
1,1,0.6240002,1
1,1,0.62273055,1
1,1,0.624991,1
1,1,0.61990327,1
1,1,0.62455136,1
1,1,0.62510604,1
1,1,0.6235739,1
1,1,0.6208112,1
1,1,0.62373835,1
1,1,0.62699306,1
1,1,0.62465274,1
1,1,0.6237327,1
1,1,0.6228565,1
1,1,0.62283295,1
1,1,0.62312543,1
1,1,0.6228322,1
1,1,0.62350464,1
1,1,0.6233785,1
1,1,0.6224567,1
1,1,0.6202435,1
1,1,0.6228538,1
1,1,0.62409365,1
1,1,0.6248952,1
1,1,0.62188363,1
1,1,0.6247156,1
1,1,0.6226667,1
1,1,0.6229232,1
1,1,0.6212529,1
1,1,0.6209568,1
1,1,0.6242158,1
1,1,0.43454403,0
1,1,0.43526936,0
1,1,0.43612698,0
1,1,0.4357104,0
1,1,0.4346334,0
1,1,0.43303284,0
1,1,0.4337175,0
1,1,0.436897,0
1,1,0.4371385,0
1,1,0.4339679,0
1,1,0.43552706,0
1,1,0.43439,0
1,1,0.50025403,1
1,1,0.49463496,0
1,1,0.4928995,0
1,1,0.48419532,0
1,1,0.4843195,0
1,1,0.49040785,0
1,1,0.50171965,1
1,1,0.49303925,0
1,1,0.48859328,0
1,1,0.48767003,0
1,1,0.49447364,0
1,1,0.49813524,0
1,1,0.49071854,0
1,1,0.4949848,0
1,1,0.4884291,0
1,1,0.49027526,0
1,1,0.49042872,0
1,1,0.48511454,0
1,1,0.49397823,0
1,1,0.48903328,0
1,1,0.48901066,0
1,1,0.49038702,0
1,1,0.48600927,0
1,0,0.48570523,0
1,0,0.48826328,0
1,0,0.48411462,0
1,0,0.48249722,0
1,0,0.4875831,0
1,0,0.49038482,0
1,0,0.48565766,0
1,0,0.4920153,0
1,0,0.48143134,0
1,1,0.48511726,0
1,1,0.4734171,0
1,1,0.4721218,0
1,1,0.47954902,0
1,1,0.47403315,0
1,1,0.46789908,0
1,1,0.47268796,0
1,1,0.4746303,0
1,1,0.47174102,0
1,1,0.47360235,0
1,1,0.47318345,0
1,1,0.4748727,0
1,1,0.4715096,0
1,1,0.47632885,0
1,1,0.47189528,0
1,1,0.47031212,0
1,1,0.47648656,0
1,1,0.47591427,0
1,1,0.47915787,0
1,1,0.48114708,0
1,1,0.479274,0
1,1,0.47529137,0
1,1,0.47686478,0
1,1,0.4780477,0
1,1,0.43431646,0
1,1,0.43308768,0
1,1,0.42973986,0
1,1,0.43448463,0
1,1,0.4301267,0
1,1,0.43390056,0
1,1,0.4298993,0
1,1,0.43380192,0
1,1,0.43284246,0
1,1,0.43493107,0
1,1,0.43342033,0
1,1,0.43382034,0
1,1,0.43370417,0
1,1,0.43309566,0
1,1,0.43496838,0
1,1,0.43527427,0
1,1,0.4345996,0
1,1,0.4347663,0
1,1,0.432747,0
1,1,0.43533328,0
1,1,0.4343173,0
1,1,0.43524417,0
1,1,0.43283698,0
1,1,0.4367885,0
1,1,0.4375028,0
1,1,0.43557218,0
1,1,0.43783054,0
1,1,0.43842047,0
1,1,0.44210696,0
1,1,0.44036618,0
1,1,0.4437705,0
1,1,0.44222137,0
1,1,0.4423828,0
1,1,0.44216835,0
1,1,0.44072422,0
1,1,0.43860888,0
1,1,0.4411952,0
1,1,0.43699238,0
1,1,0.4411268,0
1,1,0.43925947,0
1,1,0.43822715,0
1,1,0.4399093,0
1,1,0.43789494,0
1,1,0.4403757,0
1,1,0.43869847,0
1,1,0.4433955,0
1,1,0.43970832,0
1,1,0.4381912,0
1,1,0.43819347,0
1,1,0.44088966,0
1,1,0.44096678,0
1,1,0.44382495,0
1,1,0.43927342,0
1,1,0.4374831,0
1,1,0.43635267,0
1,1,0.43521824,0
1,1,0.43791738,0
1,1,0.43825552,0
1,1,0.44141153,0
1,1,0.44005436,0
1,1,0.4421388,0
1,1,0.44196606,0
1,1,0.44175452,0
1,1,0.43966708,0
1,1,0.4380071,0
1,1,0.44083506,0
1,1,0.44055772,0
1,1,0.4412634,0
1,1,0.4412724,0
1,1,0.44060996,0
1,1,0.44016406,0
1,1,0.44180053,0
1,1,0.439821,0
1,1,0.44074944,0
1,1,0.4387262,0
1,1,0.43737358,0
1,1,0.4366888,0
1,1,0.4370417,0
1,1,0.44289958,0
1,1,0.44030932,0
1,1,0.43831095,0
1,1,0.4376675,0
1,1,0.4389921,0
1,1,0.43891758,0
1,1,0.43690616,0
1,1,0.43843454,0
1,1,0.43943298,0
1,1,0.43849343,0
1,1,0.44186467,0
1,1,0.44076943,0
1,1,0.4349533,0
1,1,0.43512994,0
1,1,0.43747202,0
1,1,0.43620935,0
1,1,0.43569025,0
1,1,0.43944114,0
1,1,0.43934157,0
1,1,0.4358341,0
1,1,0.43433383,0
1,1,0.4349323,0
1,0,0.61148465,1
1,0,0.61042196,1
1,0,0.6020363,1
1,0,0.6124008,1
1,0,0.6177151,1
1,0,0.61174434,1
1,0,0.62006116,1
1,0,0.6217021,1
1,0,0.62100154,1
1,0,0.6058371,1
1,1,0.6156835,1
1,1,0.6178713,1
1,1,0.62142515,1
1,1,0.62551594,1
1,1,0.6178761,1
1,1,0.61867136,1
1,1,0.6243171,1
1,1,0.6160632,1
1,1,0.6165982,1
1,1,0.5108271,1
1,1,0.49427742,0
1,1,0.49297056,0
1,1,0.50232184,1
1,1,0.5015286,1
1,1,0.50354016,1
1,1,0.49874574,0
1,1,0.500925,1
1,1,0.5009025,1
1,1,0.49484193,0
1,1,0.49884492,0
1,1,0.50449806,1
1,1,0.49273422,0
1,1,0.49927568,0
1,1,0.49741107,0
1,1,0.6201202,1
1,1,0.6169971,1
1,1,0.6203538,1
1,1,0.62089014,1
1,1,0.6174343,1
1,1,0.6155329,1
1,1,0.6201988,1
1,1,0.62516046,1
1,1,0.61656046,1
1,1,0.6200172,1
1,1,0.6214891,1
1,1,0.6216713,1
1,1,0.62288874,1
1,1,0.62476283,1
1,1,0.62266904,1
1,1,0.62061447,1
1,1,0.61854386,1
1,1,0.61756694,1
1,1,0.62621576,1
1,1,0.6223572,1
1,1,0.6258883,1
1,1,0.6228358,1
1,1,0.6284892,1
1,1,0.6256389,1
1,1,0.6225384,1
1,1,0.6235015,1
1,1,0.6228773,1
1,1,0.6208632,1
1,1,0.62153375,1
1,1,0.6232906,1
1,1,0.61796355,1
1,1,0.6203585,1
1,1,0.62307835,1
1,1,0.62173563,1
1,1,0.6210549,1
1,1,0.6224259,1
1,1,0.622634,1
1,1,0.6205165,1
1,1,0.62455153,1
1,1,0.62422115,1
1,1,0.62120026,1
1,1,0.62260437,1
1,1,0.62221193,1
1,1,0.6255223,1
1,1,0.6235198,1
1,1,0.6217138,1
1,1,0.62606287,1
1,1,0.62647545,1
1,1,0.62427723,1
1,1,0.62561136,1
1,1,0.6253571,1
1,1,0.6225196,1
1,1,0.6245953,1
1,1,0.6242233,1
1,1,0.6217096,1
1,1,0.6210425,1
1,1,0.62179255,1
1,1,0.6192771,1
1,1,0.62221444,1
1,1,0.6268497,1
1,1,0.6249084,1
1,1,0.6219676,1
1,1,0.623684,1
1,1,0.6223167,1
1,1,0.62286884,1
1,1,0.6248646,1
1,1,0.6246726,1
1,1,0.6261438,1
1,1,0.62338567,1
1,1,0.6244349,1
1,1,0.62285113,1
1,1,0.6251376,1
1,1,0.6201707,1
1,1,0.62487656,1
1,1,0.6256996,1
1,1,0.62398845,1
1,1,0.6214648,1
1,1,0.6239793,1
1,1,0.62762976,1
1,1,0.6221951,1
1,1,0.6246443,1
1,1,0.62390524,1
1,1,0.62615335,1
1,1,0.6238513,1
1,1,0.62582517,1
1,1,0.62557584,1
1,1,0.6224601,1
1,1,0.62489444,1
1,1,0.6222396,1
1,1,0.62583303,1
1,1,0.622287,1
1,1,0.62178344,1
1,1,0.62569803,1
1,1,0.62567633,1
1,1,0.6236545,1
1,1,0.6244245,1
1,1,0.624818,1
1,1,0.62441385,1
1,1,0.62274885,1
1,1,0.6244148,1
1,1,0.6243397,1
1,1,0.62511164,1
1,1,0.62239313,1
1,1,0.62504447,1
1,1,0.6235017,1
1,1,0.62338454,1
1,1,0.6212807,1
1,1,0.6210967,1
1,1,0.62421733,1
1,1,0.62305605,1
1,1,0.6219039,1
1,1,0.62500036,1
1,1,0.6253296,1
1,1,0.6240773,1
1,1,0.6231079,1
1,1,0.6239174,1
1,1,0.62122935,1
1,1,0.6238672,1
1,1,0.6218857,1
1,1,0.62030345,1
1,1,0.62135184,1
1,1,0.62418085,1
1,1,0.61678076,1
1,1,0.6188087,1
1,1,0.62471455,1
1,1,0.62238353,1
1,1,0.62195414,1
1,1,0.6206712,1
1,1,0.6226001,1
1,1,0.6236658,1
1,1,0.62468857,1
1,1,0.6260113,1
1,1,0.62689114,1
1,1,0.6212502,1
1,1,0.62311035,1
1,1,0.62313867,1
1,1,0.6196902,1
1,1,0.6238356,1
1,1,0.62206954,1
1,1,0.62273484,1
1,1,0.624822,1
1,1,0.62629753,1
1,1,0.62306565,1
1,1,0.6242374,1
1,1,0.62375766,1
1,1,0.62169236,1
1,1,0.6259976,1
1,1,0.6243736,1
1,1,0.6259907,1
1,1,0.62432474,1
1,1,0.44381326,0
1,1,0.44100964,0
1,1,0.43990818,0
1,1,0.4400008,0
1,1,0.439713,0
1,1,0.43551734,0
1,1,0.43798366,0
1,1,0.43779582,0
1,1,0.43823847,0
1,1,0.43894583,0
1,1,0.43998212,0
1,1,0.4442854,0
1,1,0.44035745,0
1,1,0.43967888,0
1,1,0.4387171,0
1,1,0.4433775,0
1,1,0.4418343,0
1,1,0.43988526,0
1,1,0.44012356,0
1,1,0.43855542,0
1,1,0.43903533,0
1,1,0.43924657,0
1,1,0.4470456,0
1,1,0.43832985,0
1,1,0.44172266,0
1,1,0.4374997,0
1,1,0.43929502,0
1,1,0.44137475,0
1,1,0.4401928,0
1,1,0.43653476,0
1,1,0.44011518,0
1,1,0.44022295,0
1,1,0.44024304,0
1,0,0.44034076,0
1,0,0.4400423,0
1,0,0.4426887,0
1,0,0.44075897,0
1,0,0.43814427,0
1,0,0.44038254,0
1,0,0.44230628,0
1,0,0.43841907,0
1,1,0.44361627,0
1,1,0.43962792,0
1,1,0.44432706,0
1,1,0.44380113,0
1,1,0.44250712,0
1,1,0.44073737,0
1,1,0.4406499,0
1,1,0.44447687,0
1,1,0.44512862,0
1,1,0.44517925,0
1,1,0.4453181,0
1,1,0.44258255,0
1,1,0.44351014,0
1,1,0.4389028,0
1,1,0.4359272,0
1,1,0.43768966,0
1,1,0.43880233,0
1,1,0.43347812,0
1,1,0.43610376,0
1,1,0.4381416,0
1,1,0.43927166,0
1,1,0.4436628,0
1,1,0.4417083,0
1,1,0.4411312,0
1,1,0.44035065,0
1,1,0.44134295,0
1,1,0.4360698,0
1,1,0.4410822,0
1,1,0.43772155,0
1,1,0.44174507,0
1,1,0.43928736,0
1,1,0.44073057,0
1,1,0.44041735,0
1,1,0.44071665,0
1,1,0.440214,0
1,1,0.43822742,0
1,1,0.43961364,0
1,1,0.4405138,0
1,1,0.44094145,0
1,1,0.4383137,0
1,1,0.4391247,0
1,1,0.44020763,0
1,1,0.43922815,0
1,1,0.43721494,0
1,1,0.43575433,0
1,1,0.4373611,0
1,1,0.43890885,0
1,1,0.43817323,0
1,1,0.44293228,0
1,1,0.43966034,0
1,1,0.4338606,0
1,1,0.43211544,0
1,1,0.4350206,0
1,1,0.4361513,0
1,1,0.4384007,0
1,1,0.43978098,0
1,1,0.43883917,0
1,1,0.43557617,0
1,1,0.43428805,0
1,1,0.43499967,0
1,1,0.43674463,0
1,1,0.43906346,0
1,1,0.4423946,0
1,1,0.43598402,0
1,1,0.43600598,0
1,1,0.43783343,0
1,1,0.4379496,0
1,1,0.43674827,0
1,1,0.43933633,0
1,1,0.43623954,0
1,1,0.43679348,0
1,1,0.43722528,0
1,1,0.43531275,0
1,1,0.43597537,0
1,1,0.4404623,0
1,1,0.4387651,0
1,1,0.4382319,0
1,1,0.43955794,0
1,1,0.43832347,0
1,1,0.43715987,0
1,1,0.43185678,0
1,1,0.43394667,0
1,1,0.43404868,0
1,1,0.43634528,0
1,1,0.43260774,0
1,1,0.4364634,0
1,1,0.43654153,0
1,1,0.4370566,0
1,1,0.43791896,0
1,1,0.4346106,0
1,1,0.43625396,0
1,1,0.43444258,0
1,1,0.4369573,0
1,1,0.43520626,0
1,1,0.43404922,0
1,1,0.43264136,0
1,1,0.43813145,0
1,1,0.43511856,0
1,1,0.43546516,0
1,1,0.43377683,0
1,1,0.43366194,0
1,1,0.4350432,0
1,1,0.4379927,0
1,1,0.43836695,0
1,1,0.43647385,0
1,1,0.43590552,0
1,1,0.4345804,0
1,1,0.43653372,0
1,1,0.43691817,0
1,1,0.43694952,0
1,1,0.43428615,0
1,1,0.43439698,0
1,1,0.432996,0
1,1,0.43651697,0
1,1,0.437575,0
1,1,0.43757114,0
1,1,0.43764642,0
1,1,0.43767443,0
1,1,0.43512878,0
1,1,0.43719733,0
1,1,0.4332572,0
1,1,0.4327293,0
1,1,0.43179026,0
1,1,0.43615022,0
1,1,0.49441227,0
1,1,0.4803267,0
1,1,0.4962153,0
1,1,0.49508172,0
1,1,0.5005818,1
1,1,0.49536538,0
1,1,0.51717657,1
1,1,0.49383417,0
1,1,0.5027444,1
1,1,0.4938961,0
1,1,0.498928,0
1,1,0.49650016,0
1,1,0.50138503,1
1,1,0.5018989,1
1,1,0.5136627,1
1,1,0.49856237,0
1,1,0.51829606,1
1,1,0.5042273,1
1,1,0.5176119,1
1,1,0.4995044,0
1,1,0.5074042,1
1,1,0.5039752,1
1,1,0.43486133,0
1,1,0.432194,0
1,1,0.43145877,0
1,1,0.433303,0
1,1,0.43675023,0
1,1,0.4349404,0
1,1,0.43253496,0
1,1,0.43351242,0
1,1,0.4341585,0
1,1,0.4349823,0
1,1,0.4322795,0
1,1,0.43340397,0
1,1,0.43492058,0
1,1,0.43777883,0
1,1,0.43401355,0
1,1,0.43484062,0
1,1,0.4499032,0
1,1,0.44460917,0
1,1,0.44587636,0
1,1,0.4475486,0
1,1,0.44494665,0
1,1,0.44629508,0
1,1,0.44544998,0
1,1,0.44541368,0
1,1,0.44911444,0
1,1,0.4358011,0
1,1,0.43679845,0
1,1,0.4368247,0
1,1,0.43689835,0
1,1,0.4373767,0
1,1,0.4361487,0
1,1,0.43515533,0
1,1,0.43663877,0
1,1,0.43549567,0
1,1,0.43757308,0
1,1,0.43668085,0
1,1,0.43506414,0
1,1,0.43715543,0
1,1,0.43679515,0
1,1,0.43643007,0
1,1,0.43963975,0
1,1,0.43898866,0
1,1,0.4371518,0
1,1,0.43805987,0
1,1,0.43823063,0
1,1,0.43805465,0
1,1,0.43808812,0
1,1,0.435593,0
1,1,0.43218213,0
1,1,0.43566734,0
1,1,0.43224996,0
1,1,0.43173885,0
1,1,0.4328822,0
1,1,0.43499738,0
1,1,0.43280172,0
1,1,0.43274087,0
1,1,0.43154547,0
1,1,0.43224305,0
1,1,0.43336272,0
1,1,0.434002,0
1,1,0.4349409,0
1,1,0.43371537,0
1,1,0.4353817,0
1,1,0.43722376,0
1,1,0.4355025,0
1,1,0.4352289,0
1,1,0.4365944,0
1,1,0.43565595,0
1,1,0.43710095,0
1,1,0.43633056,0
1,1,0.4378092,0
1,1,0.43823305,0
1,1,0.43789747,0
1,1,0.43450034,0
1,1,0.43849957,0
1,1,0.43582132,0
1,1,0.43686786,0
1,1,0.4400577,0
1,1,0.4381097,0
1,1,0.43536437,0
1,1,0.4405332,0
1,1,0.44223,0
1,1,0.43971473,0
1,1,0.44072363,0
1,1,0.43956217,0
1,1,0.44051486,0
1,1,0.43877545,0
1,1,0.43891558,0
1,1,0.4377532,0
1,1,0.43872124,0
1,1,0.43962905,0
1,1,0.4377006,0
1,1,0.4357661,0
1,1,0.43739468,0
1,1,0.4363959,0
1,1,0.44013926,0
1,1,0.4411201,0
1,1,0.44277155,0
1,1,0.4390874,0
1,1,0.44420278,0
1,1,0.44371748,0
1,1,0.44040585,0
1,1,0.43947262,0
1,1,0.4417737,0
1,1,0.43646866,0
1,1,0.4372656,0
1,1,0.4391057,0
1,1,0.43853983,0
1,1,0.43771002,0
1,1,0.43814456,0
1,1,0.4398814,0
1,1,0.43467945,0
1,1,0.43694296,0
1,1,0.43945503,0
1,1,0.43961406,0
1,1,0.43957686,0
1,1,0.43847597,0
1,1,0.43719387,0
1,1,0.4367823,0
1,1,0.43883696,0
1,1,0.4367694,0
1,1,0.43192187,0
1,1,0.4327242,0
1,1,0.43315846,0
1,1,0.43130842,0
1,1,0.43415722,0
1,1,0.43430498,0
1,1,0.4328685,0
1,1,0.43195194,0
1,1,0.43614247,0
1,1,0.4341758,0
1,1,0.4326475,0
1,1,0.42870674,0
1,1,0.43163142,0
1,1,0.43545368,0
1,1,0.43308154,0
1,1,0.4315858,0
1,1,0.4310779,0
1,1,0.43291593,0
2,1,0.44276986,0
2,1,0.44399515,0
2,1,0.44344154,0
2,1,0.4446706,0
2,1,0.4444585,0
2,1,0.4478151,0
2,1,0.44183618,0
2,1,0.44265822,0
2,1,0.44499218,0
2,0,0.44342586,0
2,0,0.44780535,0
2,0,0.44831464,0
2,0,0.4444229,0
2,0,0.44617224,0
2,0,0.44732013,0
2,0,0.44569185,0
2,0,0.4431471,0
2,0,0.4421381,0
2,0,0.44576007,0
2,0,0.4466872,0
2,1,0.46196568,0
2,1,0.47761366,0
2,1,0.46710068,0
2,1,0.46232685,0
2,1,0.46662718,0
2,1,0.46597412,0
2,1,0.46215898,0
2,1,0.46493375,0
2,1,0.4575273,0
2,1,0.4613835,0
2,1,0.45737308,0
2,1,0.4592337,0
2,1,0.45982787,0
2,1,0.46338758,0
2,1,0.45943552,0
2,1,0.4601864,0
2,1,0.46214333,0
2,1,0.46167853,0
2,1,0.46546894,0
2,1,0.44471124,0
2,1,0.443384,0
2,1,0.44618592,0
2,1,0.44602814,0
2,1,0.44338834,0
2,1,0.44380972,0
2,1,0.44455934,0
2,1,0.44687638,0
2,1,0.4448749,0
2,1,0.44650728,0
2,1,0.4473124,0
2,1,0.44251448,0
2,1,0.4431302,0
2,1,0.44125918,0
2,1,0.44282994,0
2,1,0.4438275,0
2,1,0.44357714,0
2,1,0.44213527,0
2,1,0.4460468,0
2,1,0.44399452,0
2,1,0.44295445,0
2,1,0.44082227,0
2,1,0.43960592,0
2,1,0.4397362,0
2,1,0.43976846,0
2,1,0.44044673,0
2,1,0.44029543,0
2,1,0.43758294,0
2,1,0.43617955,0
2,1,0.43721116,0
2,1,0.4385803,0
2,1,0.43784982,0
2,1,0.43833506,0
2,1,0.44391665,0
2,1,0.43805242,0
2,1,0.43827224,0
2,1,0.43601504,0
2,1,0.43937886,0
2,1,0.438869,0
2,1,0.4399736,0
2,1,0.4419884,0
2,1,0.4425544,0
2,1,0.43788403,0
2,1,0.44420913,0
2,1,0.43924367,0
2,1,0.4404233,0
2,1,0.44124973,0
2,1,0.44101357,0
2,1,0.44299853,0
2,1,0.44164473,0
2,1,0.44449937,0
2,1,0.44114083,0
2,1,0.43906218,0
2,1,0.44201022,0
2,1,0.44857913,0
2,1,0.45122623,0
2,1,0.44846505,0
2,1,0.44942808,0
2,1,0.44442165,0
2,1,0.44496515,0
2,1,0.4489529,0
2,1,0.44670624,0
2,1,0.45044264,0
2,1,0.45030478,0
2,1,0.44686258,0
2,1,0.4446664,0
2,1,0.44753793,0
2,1,0.4510719,0
2,1,0.4468351,0
2,1,0.44658884,0
2,1,0.44499794,0
2,1,0.44919738,0
2,1,0.44484073,0
2,1,0.44743618,0
2,1,0.44181862,0
2,1,0.44716623,0
2,1,0.44741565,0
2,1,0.44705555,0
2,1,0.44580308,0
2,1,0.443524,0
2,1,0.44418752,0
2,1,0.45141605,0
2,1,0.4509953,0
2,1,0.45214695,0
2,1,0.44885284,0
2,1,0.44804236,0
2,1,0.44897282,0
2,1,0.45077443,0
2,1,0.4505563,0
2,1,0.448544,0
2,1,0.44748265,0
2,1,0.44746125,0
2,1,0.44595286,0
2,1,0.4490729,0
2,1,0.44876492,0
2,1,0.44964883,0
2,1,0.44956577,0
2,1,0.45149806,0
2,1,0.45242167,0
2,1,0.44589475,0
2,1,0.443378,0
2,1,0.44814542,0
2,1,0.44854668,0
2,1,0.44903624,0
2,1,0.44807523,0
2,1,0.44867286,0
2,1,0.44905216,0
2,1,0.44987738,0
2,1,0.48879966,0
2,1,0.48246005,0
2,1,0.48243642,0
2,1,0.4764668,0
2,1,0.49256662,0
2,1,0.48520806,0
2,1,0.4830693,0
2,1,0.4842982,0
2,1,0.4848833,0
2,1,0.48464265,0
2,1,0.4812816,0
2,1,0.44753927,0
2,1,0.44912776,0
2,1,0.44931906,0
2,1,0.4500105,0
2,1,0.44624606,0
2,1,0.44598836,0
2,1,0.44668055,0
2,1,0.4481552,0
2,1,0.44705167,0
2,1,0.4539299,0
2,1,0.44931123,0
2,1,0.44978732,0
2,1,0.44846958,0
2,1,0.4483364,0
2,1,0.44780874,0
2,1,0.4448118,0
2,1,0.44860512,0
2,1,0.44850162,0
2,1,0.44878712,0
2,1,0.45106232,0
2,1,0.44928902,0
2,1,0.45260024,0
2,1,0.45013195,0
2,1,0.45235583,0
2,1,0.44809198,0
2,1,0.44940498,0
2,1,0.4462637,0
2,1,0.4484116,0
2,1,0.45039827,0
2,1,0.43927512,0
2,1,0.43864763,0
2,1,0.43961123,0
2,1,0.44002056,0
2,1,0.43779764,0
2,1,0.44116908,0
2,1,0.44082186,0
2,1,0.44225633,0
2,1,0.4404186,0
2,1,0.4379943,0
2,1,0.43719965,0
2,1,0.44003415,0
2,1,0.43704733,0
2,1,0.44169146,0
2,1,0.4394906,0
2,1,0.4368089,0
2,1,0.44259468,0
2,1,0.44049618,0
2,1,0.43936518,0
2,1,0.43920505,0
2,1,0.4391141,0
2,1,0.43736234,0
2,1,0.4410932,0
2,1,0.44518763,0
2,1,0.4397457,0
2,1,0.43975517,0
2,1,0.441866,0
2,1,0.4392669,0
2,1,0.44025493,0
2,1,0.44272187,0
2,1,0.44019738,0
2,1,0.4420062,0
2,1,0.43785203,0
2,1,0.43917358,0
2,1,0.43896735,0
2,1,0.43929785,0
2,1,0.43784815,0
2,1,0.44191596,0
2,1,0.44003835,0
2,1,0.4453877,0
2,1,0.4375183,0
2,1,0.44015136,0
2,1,0.44361147,0
2,1,0.44019538,0
2,1,0.43844,0
2,1,0.44045314,0
2,1,0.4408689,0
2,1,0.4446366,0
2,1,0.4419903,0
2,1,0.44053558,0
2,1,0.43986157,0
2,1,0.43952543,0
2,1,0.4445755,0
2,1,0.4418299,0
2,1,0.44055504,0
2,1,0.43985364,0
2,1,0.44263545,0
2,1,0.44544894,0
2,1,0.44381127,0
2,1,0.4400325,0
2,1,0.44274238,0
2,1,0.44239864,0
2,1,0.4452903,0
2,1,0.44768676,0
2,1,0.44358033,0
2,1,0.44586867,0
2,1,0.44421595,0
2,1,0.4424306,0
2,1,0.44526938,0
2,1,0.4473269,0
2,1,0.44618723,0
2,1,0.44533136,0
2,1,0.4440654,0
2,1,0.44195214,0
2,1,0.44667068,0
2,1,0.4447339,0
2,1,0.4472848,0
2,1,0.4440832,0
2,1,0.4437637,0
2,1,0.44364992,0
2,1,0.44406945,0
2,1,0.44570065,0
2,1,0.44560397,0
2,1,0.45070904,0
2,1,0.44951472,0
2,1,0.444969,0
2,1,0.44608644,0
2,1,0.44554922,0
2,1,0.44821036,0
2,1,0.45143938,0
2,1,0.44802675,0
2,1,0.44415033,0
2,1,0.44968626,0
2,1,0.44960678,0
2,1,0.4504435,0
2,1,0.44708708,0
2,1,0.454191,0
2,1,0.45009983,0
2,1,0.4550092,0
2,1,0.4538212,0
2,1,0.45020694,0
2,1,0.45601457,0
2,1,0.44817013,0
2,1,0.449052,0
2,1,0.4489963,0
2,1,0.45123893,0
2,1,0.44852123,0
2,1,0.45292178,0
2,1,0.44917393,0
2,1,0.45026872,0
2,1,0.45356524,0
2,1,0.45353648,0
2,1,0.45033017,0
2,1,0.452026,0
2,1,0.4523412,0
2,1,0.44672513,0
2,1,0.44572535,0
2,1,0.44310972,0
2,1,0.44494146,0
2,1,0.44533327,0
2,1,0.44408315,0
2,1,0.44287187,0
2,1,0.44920903,0
2,1,0.4413669,0
2,1,0.4437162,0
2,1,0.44187862,0
2,1,0.44038695,0
2,1,0.43774152,0
2,1,0.43856,0
2,1,0.44395927,0
2,1,0.438814,0
2,1,0.442881,0
2,1,0.44299775,0
2,1,0.44019738,0
2,1,0.44141707,0
2,1,0.4416339,0
2,1,0.4453916,0
2,1,0.44408897,0
2,1,0.44577527,0
2,1,0.44335765,0
2,1,0.44637042,0
2,1,0.44265184,0
2,1,0.44041964,0
2,1,0.44257993,0
2,1,0.44104457,0
2,1,0.4440633,0
2,0,0.44209743,0
2,0,0.4417577,0
2,0,0.44584128,0
2,0,0.43893337,0
2,0,0.44436145,0
2,0,0.443767,0
2,0,0.44050345,0
2,0,0.44127196,0
2,0,0.4398994,0
2,0,0.43890887,0
2,0,0.43877223,0
2,0,0.44189298,0
2,0,0.43812224,0
2,0,0.44371846,0
2,0,0.44408122,0
2,0,0.43850484,0
2,0,0.44055483,0
2,0,0.44365877,0
2,0,0.4408043,0
2,0,0.44357854,0
2,0,0.4444759,0
2,0,0.44553587,0
2,0,0.44517714,0
2,0,0.44467777,0
2,0,0.4446485,0
2,0,0.44011927,0
2,0,0.44240227,0
2,0,0.44045967,0
2,0,0.44377753,0
2,0,0.44278073,0
2,0,0.44674805,0
2,0,0.44277725,0
2,0,0.44623032,0
2,0,0.44460192,0
2,0,0.441944,0
2,0,0.44146192,0
2,0,0.44083026,0
2,0,0.44161287,0
2,0,0.43871906,0
2,0,0.44119436,0
2,0,0.4404017,0
2,0,0.4426597,0
2,0,0.44007796,0
2,0,0.43939003,0
2,0,0.43609792,0
2,0,0.43994275,0
2,0,0.4437957,0
2,0,0.43951568,0
2,0,0.43814862,0
2,1,0.44523498,0
2,1,0.4406359,0
2,1,0.44405988,0
2,1,0.43820563,0
2,1,0.44287953,0
2,1,0.4406055,0
2,1,0.43818203,0
2,1,0.43997297,0
2,1,0.4434101,0
2,1,0.44152907,0
2,1,0.43814278,0
2,1,0.43871665,0
2,1,0.4394969,0
2,1,0.44053105,0
2,1,0.43663856,0
2,1,0.43749043,0
2,1,0.44007072,0
2,1,0.43838793,0
2,1,0.4388612,0
2,1,0.4399577,0
2,1,0.4409486,0
2,1,0.43407345,0
2,1,0.43958464,0
2,1,0.43906534,0
2,1,0.44456238,0
2,1,0.44299853,0
2,1,0.44409353,0
2,1,0.4425124,0
2,1,0.44222304,0
2,1,0.4422048,0
2,1,0.44135472,0
2,1,0.44206986,0
2,1,0.44510332,0
2,1,0.44312817,0
2,1,0.44186476,0
2,1,0.44059232,0
2,1,0.44088787,0
2,1,0.44080454,0
2,1,0.4438235,0
2,1,0.44211888,0
2,1,0.4421858,0
2,1,0.44344383,0
2,1,0.44312418,0
2,1,0.44189402,0
2,1,0.44106436,0
2,1,0.44124025,0
2,1,0.43803692,0
2,1,0.4415061,0
2,1,0.44142526,0
2,1,0.44251394,0
2,1,0.44187605,0
2,1,0.44279146,0
2,1,0.43969283,0
2,1,0.44231373,0
2,1,0.4418543,0
2,1,0.44463816,0
2,1,0.4418119,0
2,1,0.44253612,0
2,1,0.4441452,0
2,1,0.4405004,0
2,1,0.4417856,0
2,1,0.4422353,0
2,1,0.4448509,0
2,1,0.44313642,0
2,1,0.44033065,0
2,1,0.44051588,0
2,1,0.4443845,0
2,1,0.44514552,0
2,1,0.44430363,0
2,1,0.43990138,0
2,1,0.44197607,0
2,1,0.44203883,0
2,1,0.4496672,0
2,1,0.4483566,0
2,1,0.44710132,0
2,1,0.44691998,0
2,1,0.44751874,0
2,1,0.44459498,0
2,1,0.44486734,0
2,1,0.44665673,0
2,1,0.44400355,0
2,1,0.4434636,0
2,1,0.44452107,0
2,1,0.44218063,0
2,1,0.4415204,0
2,1,0.4406361,0
2,1,0.44348377,0
2,1,0.4415406,0
2,1,0.44120893,0
2,1,0.44034737,0
2,1,0.43770143,0
2,1,0.44242287,0
2,1,0.4420157,0
2,1,0.4417034,0
2,0,0.4388663,0
2,0,0.4367366,0
2,0,0.4388539,0
2,0,0.43783045,0
2,0,0.43773186,0
2,0,0.4395196,0
2,0,0.43935356,0
2,0,0.43820906,0
2,0,0.43857327,0
2,0,0.44213885,0
2,0,0.43870524,0
2,0,0.43966168,0
2,0,0.43937117,0
2,0,0.4385664,0
2,0,0.4421352,0
2,0,0.44240278,0
2,0,0.43926868,0
2,0,0.4377747,0
2,0,0.43947828,0
2,0,0.43639648,0
2,0,0.43839327,0
2,0,0.43792477,0
2,0,0.4401806,0
2,0,0.44154394,0
2,0,0.44058296,0
2,0,0.44264427,0
2,0,0.4403936,0
2,0,0.4403695,0
2,0,0.43899825,0
2,0,0.4393611,0
2,0,0.44144455,0
2,0,0.4409269,0
2,0,0.44184604,0
2,0,0.4412833,0
2,0,0.4400337,0
2,0,0.44030243,0
2,0,0.4401228,0
2,0,0.4407777,0
2,0,0.43718398,0
2,0,0.43633103,0
2,0,0.43646803,0
2,0,0.4393127,0
2,0,0.43670547,0
2,0,0.43861878,0
2,0,0.43474436,0
2,0,0.4372354,0
2,0,0.43704015,0
2,0,0.43465355,0
2,0,0.43924156,0
2,0,0.4393857,0
2,0,0.4412652,0
2,0,0.44183588,0
2,0,0.4394891,0
2,0,0.44232708,0
2,0,0.44086865,0
2,0,0.4406654,0
2,0,0.43886217,0
2,0,0.4401856,0
2,0,0.44157016,0
2,0,0.44149175,0
2,0,0.4367335,0
2,0,0.43697804,0
2,0,0.43536437,0
2,0,0.43955493,0
2,0,0.43893796,0
2,0,0.4381165,0
2,0,0.43984205,0
2,0,0.43848702,0
2,0,0.43787277,0
2,1,0.5092684,1
2,1,0.5123443,1
2,1,0.5112116,1
2,1,0.5100167,1
2,1,0.49910167,0
2,1,0.5019536,1
2,1,0.5037516,1
2,1,0.4964538,0
2,1,0.5111204,1
2,1,0.5181414,1
2,1,0.5218653,1
2,1,0.51735365,1
2,1,0.5142052,1
2,1,0.52059466,1
2,1,0.53313917,1
2,1,0.5213638,1
2,1,0.5085592,1
2,1,0.5102813,1
2,1,0.6029622,1
2,1,0.5803502,1
2,1,0.5910504,1
2,1,0.5859776,1
2,1,0.5898116,1
2,1,0.5865813,1
2,1,0.575595,1
2,1,0.59232557,1
2,1,0.57401913,1
2,1,0.5898318,1
2,1,0.58464444,1
2,1,0.593344,1
2,1,0.59517616,1
2,1,0.5158172,1
2,1,0.51495653,1
2,1,0.5167952,1
2,1,0.5155489,1
2,1,0.52029896,1
2,1,0.5044067,1
2,1,0.50258404,1
2,1,0.50298464,1
2,1,0.5000984,1
2,1,0.49779013,0
2,1,0.5053487,1
2,1,0.49712372,0
2,1,0.5104778,1
2,0,0.45298278,0
2,0,0.4497562,0
2,0,0.45135707,0
2,0,0.45021677,0
2,0,0.44988883,0
2,0,0.44724023,0
2,0,0.45177034,0
2,0,0.45101348,0
2,0,0.45207044,0
2,0,0.45229608,0
2,0,0.45274404,0
2,0,0.45561644,0
2,0,0.45176792,0
2,0,0.4507749,0
2,0,0.4553629,0
2,0,0.4570763,0
2,0,0.45781785,0
2,0,0.45319352,0
2,0,0.4603144,0
2,0,0.4593737,0
2,0,0.4568033,0
2,0,0.4534968,0
2,0,0.45761377,0
2,0,0.455321,0
2,0,0.4528339,0
2,0,0.45218045,0
2,0,0.45383534,0
2,0,0.4576401,0
2,0,0.45359662,0
2,0,0.45473444,0
2,0,0.45620868,0
2,0,0.45577872,0
2,0,0.45741346,0
2,0,0.4584905,0
2,0,0.45597142,0
2,0,0.45160556,0
2,0,0.4558469,0
2,0,0.45718867,0
2,0,0.45105177,0
2,0,0.45282683,0
2,0,0.45486107,0
2,0,0.4529381,0
2,0,0.44772306,0
2,0,0.45069245,0
2,0,0.45043388,0
2,0,0.45319173,0
2,0,0.45282435,0
2,0,0.45152625,0
2,0,0.45536804,0
2,0,0.4534459,0
2,0,0.45665517,0
2,0,0.4533674,0
2,0,0.45291764,0
2,0,0.45896414,0
2,0,0.4546795,0
2,0,0.45338836,0
2,0,0.45394978,0
2,0,0.45614493,0
2,0,0.45452377,0
2,0,0.45372996,0
2,0,0.4538615,0
2,0,0.45225924,0
2,0,0.45541942,0
2,0,0.45282394,0
2,0,0.45393547,0
2,0,0.45516658,0
2,0,0.45753407,0
2,0,0.4592587,0
2,0,0.4566843,0
2,0,0.4601357,0
2,0,0.45650715,0
2,0,0.45908228,0
2,0,0.4523519,0
2,0,0.45882842,0
2,0,0.4539728,0
2,0,0.45679703,0
2,0,0.453302,0
2,0,0.45897382,0
2,0,0.45266205,0
2,0,0.45384175,0
2,0,0.45869783,0
2,0,0.45770484,0
2,0,0.45435694,0
2,0,0.46059835,0
2,0,0.45379123,0
2,0,0.4573499,0
2,0,0.45774728,0
2,0,0.45429933,0
2,0,0.45821145,0
2,0,0.45911413,0
2,0,0.45864427,0
2,0,0.4569853,0
2,0,0.4599489,0
2,0,0.4570284,0
2,0,0.45531014,0
2,0,0.45743275,0
2,0,0.46029958,0
2,0,0.46074077,0
2,0,0.45836702,0
2,0,0.46324515,0
2,0,0.46333978,0
2,0,0.46480003,0
2,0,0.46247542,0
2,0,0.4617999,0
2,0,0.46008912,0
2,0,0.4667108,0
2,0,0.462501,0
2,0,0.46583587,0
2,0,0.46027866,0
2,0,0.4616166,0
2,0,0.45975703,0
2,0,0.45957795,0
2,0,0.45697317,0
2,0,0.45989493,0
2,0,0.45479506,0
2,0,0.45749834,0
2,0,0.4550054,0
2,0,0.45769027,0
2,0,0.45602778,0
2,0,0.45872346,0
2,0,0.45397636,0
2,0,0.4589448,0
2,0,0.45231777,0
2,0,0.4576015,0
2,0,0.454174,0
2,0,0.4595769,0
2,0,0.45607597,0
2,0,0.4560802,0
2,0,0.45739654,0
2,0,0.46004716,0
2,0,0.4582869,0
2,0,0.45791414,0
2,0,0.4577923,0
2,0,0.45668283,0
2,0,0.45139143,0
2,0,0.45384386,0
2,0,0.45293427,0
2,0,0.45429432,0
2,0,0.4537536,0
2,0,0.45098832,0
2,0,0.45380878,0
2,0,0.45628235,0
2,0,0.45310703,0
2,0,0.4558216,0
2,0,0.4532801,0
2,0,0.45469555,0
2,0,0.45554218,0
2,0,0.45117325,0
2,0,0.45685196,0
2,0,0.45613888,0
2,0,0.45738044,0
2,0,0.45654878,0
2,0,0.45724317,0
2,0,0.45783344,0
2,0,0.45751324,0
2,0,0.459843,0
2,0,0.46113595,0
2,0,0.46126547,0
2,0,0.4623958,0
2,0,0.46140334,0
2,0,0.46006235,0
2,0,0.46137184,0
2,0,0.46492487,0
2,0,0.46438327,0
2,0,0.4642149,0
2,0,0.46333274,0
2,0,0.46024135,0
2,0,0.46028876,0
2,0,0.4611482,0
2,0,0.4577046,0
2,0,0.45943,0
2,0,0.45785967,0
2,0,0.45535377,0
2,0,0.45600614,0
2,0,0.45655754,0
2,0,0.45364866,0
2,0,0.45289418,0
2,0,0.45451874,0
2,0,0.45211855,0
2,0,0.4569283,0
2,0,0.45426103,0
2,0,0.45323795,0
2,0,0.45405573,0
2,0,0.45791006,0
2,0,0.45703027,0
2,0,0.45145166,0
2,0,0.4571089,0
2,0,0.4509869,0
2,0,0.45586225,0
2,0,0.4504605,0
2,0,0.45471105,0
2,0,0.452831,0
2,0,0.4584131,0
2,0,0.45178625,0
2,0,0.4559737,0
2,0,0.4591248,0
2,0,0.46170306,0
2,0,0.45556116,0
2,0,0.4606016,0
2,0,0.46130714,0
2,0,0.45725378,0
2,0,0.4586483,0
2,0,0.4581432,0
2,0,0.4526479,0
2,0,0.45509937,0
2,0,0.45679408,0
2,0,0.45663944,0
2,0,0.45896968,0
2,0,0.45794612,0
2,0,0.45733446,0
2,0,0.45543256,0
2,0,0.45954075,0
2,0,0.45753205,0
2,0,0.45558098,0
2,0,0.4543202,0
2,0,0.45508063,0
2,0,0.45548436,0
2,0,0.45623153,0
2,0,0.45648217,0
2,0,0.45612097,0
2,0,0.45701176,0
2,0,0.4594943,0
2,0,0.45943275,0
2,0,0.4593525,0
2,0,0.45488155,0
2,0,0.4610976,0
2,0,0.4593136,0
2,0,0.45757708,0
2,0,0.45864934,0
2,0,0.45632854,0
2,0,0.46120018,0
2,0,0.45657742,0
2,0,0.45952263,0
2,0,0.45661095,0
2,0,0.46171904,0
2,0,0.45563272,0
2,0,0.45700905,0
2,0,0.46216837,0
2,0,0.45966977,0
2,0,0.4580881,0
2,0,0.46190745,0
2,0,0.45721677,0
2,0,0.46386096,0
2,0,0.45658365,0
2,0,0.45871544,0
2,0,0.45710966,0
2,0,0.46039277,0
2,0,0.4542665,0
2,0,0.45418084,0
2,0,0.4551781,0
2,0,0.4570873,0
2,0,0.45341605,0
2,0,0.4536661,0
2,0,0.4534129,0
2,0,0.45181793,0
2,0,0.45129442,0
2,0,0.44807205,0
2,0,0.45047754,0
2,0,0.4504128,0
2,0,0.44534373,0
2,0,0.44862142,0
2,0,0.4481771,0
2,0,0.448705,0
2,0,0.44876185,0
2,0,0.4484733,0
2,0,0.4474634,0
2,0,0.4472107,0
2,0,0.44997138,0
2,0,0.44896832,0
2,0,0.4518557,0
2,0,0.45244393,0
2,0,0.45428368,0
2,0,0.44989043,0
2,0,0.45334026,0
2,0,0.45353314,0
2,0,0.4549677,0
2,0,0.4538204,0
2,0,0.45474207,0
2,0,0.45556355,0
2,0,0.4578909,0
2,0,0.4556949,0
2,0,0.45958894,0
2,0,0.45901647,0
2,0,0.46123058,0
2,0,0.457203,0
2,0,0.4568154,0
2,0,0.4574531,0
2,0,0.4576317,0
2,0,0.45591167,0
2,0,0.4600934,0
2,0,0.45763227,0
2,0,0.458648,0
2,0,0.45888457,0
2,0,0.45967874,0
2,0,0.45432833,0
2,0,0.45444134,0
2,0,0.45913914,0
2,0,0.4561208,0
2,0,0.45275882,0
2,0,0.45944422,0
2,0,0.452901,0
2,0,0.4544668,0
2,0,0.45922154,0
2,0,0.45742282,0
2,0,0.45630085,0
2,0,0.45534325,0
2,0,0.4532371,0
2,0,0.45531267,0
2,0,0.4553259,0
2,0,0.45482165,0
2,0,0.45143872,0
2,0,0.452583,0
2,0,0.45401365,0
2,0,0.4518261,0
2,1,0.4547988,0
2,1,0.4544633,0
2,1,0.45337608,0
2,1,0.45468056,0
2,1,0.45512596,0
2,1,0.45155495,0
2,1,0.45166135,0
2,1,0.4510336,0
2,1,0.4501314,0
2,0,0.45026502,0
2,0,0.4513888,0
2,0,0.4511914,0
2,0,0.45397535,0
2,0,0.4543233,0
2,0,0.45505437,0
2,0,0.45741722,0
2,0,0.4577907,0
2,0,0.45795432,0
2,0,0.4544035,0
2,0,0.45737365,0
2,0,0.45997638,0
2,0,0.46017537,0
2,0,0.45610303,0
2,0,0.45687285,0
2,0,0.45619518,0
2,0,0.45929804,0
2,0,0.46007508,0
2,0,0.45991543,0
2,0,0.45824376,0
2,0,0.45789796,0
2,0,0.45973232,0
2,0,0.45999584,0
2,0,0.4566006,0
2,0,0.45685843,0
2,0,0.4573433,0
2,0,0.4536406,0
2,0,0.4541485,0
2,0,0.45019212,0
2,0,0.4564179,0
2,0,0.4537568,0
2,0,0.45345014,0
2,0,0.4522868,0
2,0,0.4552875,0
2,0,0.4551585,0
2,0,0.45209444,0
2,0,0.45420942,0
2,0,0.45259687,0
2,0,0.4517147,0
2,0,0.45314768,0
2,0,0.45343298,0
2,0,0.45368218,0
2,0,0.45212576,0
2,0,0.4509558,0
2,0,0.4502044,0
2,0,0.45475492,0
2,0,0.45535922,0
2,0,0.45093775,0
2,0,0.45473388,0
2,0,0.45120898,0
2,0,0.4522547,0
2,0,0.45344266,0
2,0,0.45459476,0
2,0,0.45835328,0
2,0,0.45435423,0
2,0,0.45686084,0
2,0,0.4566914,0
2,0,0.45613784,0
2,0,0.45905352,0
2,0,0.45921317,0
2,0,0.45769736,0
2,0,0.4584988,0
2,0,0.4583887,0
2,0,0.4575532,0
2,0,0.45722324,0
2,0,0.4585409,0
2,0,0.4567684,0
2,0,0.4580402,0
2,0,0.45884168,0
2,0,0.45927522,0
2,0,0.45779473,0
2,0,0.45515758,0
2,0,0.45580998,0
2,0,0.45900476,0
2,0,0.45834076,0
2,0,0.4564825,0
2,0,0.45930612,0
2,0,0.45950985,0
2,0,0.4603954,0
2,0,0.4608477,0
2,0,0.46026593,0
2,0,0.45755538,0
2,0,0.45799917,0
2,0,0.46164453,0
2,0,0.45672837,0
2,0,0.4643352,0
2,0,0.46042523,0
2,0,0.4602337,0
2,0,0.4560934,0
2,0,0.4578615,0
2,0,0.45915303,0
2,0,0.45675498,0
2,0,0.45955688,0
2,0,0.45823616,0
2,0,0.46194324,0
2,0,0.4560381,0
2,0,0.45682546,0
2,0,0.4563411,0
2,0,0.45881593,0
2,0,0.45978722,0
2,0,0.45769504,0
2,0,0.45784527,0
2,0,0.45799428,0
2,0,0.4582062,0
2,0,0.45895687,0
2,0,0.46002412,0
2,0,0.45735484,0
2,0,0.45844713,0
2,0,0.45654953,0
2,0,0.45616546,0
2,0,0.46046868,0
2,0,0.45814866,0
2,0,0.4569908,0
2,0,0.4559738,0
2,0,0.45841593,0
2,0,0.4560285,0
2,0,0.45776746,0
2,0,0.45893413,0
2,0,0.458728,0
2,0,0.45824486,0
2,0,0.45844433,0
2,0,0.459566,0
2,0,0.4584611,0
2,0,0.45987052,0
2,0,0.4620951,0
2,0,0.4612623,0
2,0,0.46106026,0
2,0,0.45887977,0
2,0,0.4618253,0
2,0,0.4597344,0
2,0,0.45850453,0
2,0,0.45789555,0
2,0,0.45733932,0
2,0,0.45750692,0
2,0,0.45751828,0
2,0,0.45901492,0
2,0,0.459265,0
2,0,0.45999974,0
2,0,0.45744944,0
2,0,0.45790038,0
2,0,0.45717412,0
2,0,0.45730862,0
2,0,0.46210435,0
2,0,0.46097988,0
2,0,0.46074772,0
2,0,0.46022904,0
2,0,0.46048132,0
2,0,0.46096525,0
2,0,0.46009806,0
2,0,0.46382558,0
2,0,0.4624314,0
2,0,0.46210238,0
2,0,0.4588805,0
2,0,0.45826283,0
2,0,0.4613618,0
2,0,0.45638967,0
2,0,0.45992744,0
2,0,0.45895255,0
2,0,0.45952392,0
2,0,0.4581049,0
2,0,0.45907465,0
2,0,0.45947424,0
2,0,0.46062198,0
2,0,0.4602959,0
2,0,0.4601615,0
2,0,0.4589845,0
2,0,0.46029386,0
2,0,0.46237,0
2,0,0.46100718,0
2,0,0.46046275,0
2,0,0.46240914,0
2,0,0.4576277,0
2,0,0.46076795,0
2,0,0.45745897,0
2,0,0.46298787,0
2,0,0.46221986,0
2,0,0.45867723,0
2,0,0.45915747,0
2,0,0.46142322,0
2,0,0.45901674,0
2,0,0.45990247,0
2,0,0.4609564,0
2,0,0.46090442,0
2,0,0.46218228,0
2,0,0.4573801,0
2,0,0.46000716,0
2,0,0.4577235,0
2,0,0.46347943,0
2,0,0.45990738,0
2,0,0.4611871,0
2,0,0.46053672,0
2,0,0.45980915,0
2,0,0.458125,0
2,0,0.4583398,0
2,0,0.46037626,0
2,0,0.45840964,0
2,0,0.46154073,0
2,0,0.46107328,0
2,0,0.4597956,0
2,0,0.45805764,0
2,0,0.45620143,0
2,0,0.4579064,0
2,0,0.46038085,0
2,0,0.46076816,0
2,0,0.45890176,0
2,0,0.4589537,0
2,0,0.4563639,0
2,0,0.4583446,0
2,0,0.46067816,0
2,0,0.45998317,0
2,0,0.45824867,0
2,0,0.4549888,0
2,0,0.46035427,0
2,0,0.45375165,0
2,0,0.45634073,0
2,0,0.45881522,0
2,0,0.46000227,0
2,0,0.45601577,0
2,0,0.45676807,0
2,0,0.45746356,0
2,0,0.4567643,0
2,0,0.45505953,0
2,0,0.4551752,0
2,0,0.4545992,0
2,0,0.45762527,0
2,0,0.45636323,0
2,0,0.45912534,0
2,0,0.45986593,0
2,0,0.4550237,0
2,0,0.45322654,0
2,0,0.44482902,0
2,0,0.44230077,0
2,0,0.44866586,0
2,0,0.44686502,0
2,0,0.44665965,0
2,0,0.4432697,0
2,0,0.4432824,0
2,0,0.44734982,0
2,0,0.44400597,0
2,0,0.4453423,0
2,0,0.4465811,0
2,0,0.44861808,0
2,0,0.44861504,0
2,0,0.45165172,0
2,0,0.4471282,0
2,0,0.44742364,0
2,0,0.45262578,0
2,0,0.45046836,0
2,0,0.44755006,0
2,0,0.44831806,0
2,0,0.44984788,0
2,0,0.45057085,0
2,0,0.45083916,0
2,0,0.4499212,0
2,0,0.44665948,0
2,0,0.4493821,0
2,0,0.44894487,0
2,0,0.44634888,0
2,0,0.44940495,0
2,0,0.45088395,0
2,0,0.45166498,0
2,0,0.44819978,0
2,0,0.4496614,0
2,0,0.44970018,0
2,0,0.44751233,0
2,0,0.4461018,0
2,0,0.4454688,0
2,0,0.45039588,0
2,0,0.44754273,0
2,0,0.44669792,0
2,0,0.4460204,0
2,0,0.443017,0
2,0,0.44452193,0
2,0,0.44432795,0
2,0,0.44563547,0
2,0,0.4432193,0
2,0,0.43928984,0
2,0,0.44099054,0
2,0,0.44245616,0
2,0,0.44735056,0
2,0,0.44353116,0
2,0,0.44517347,0
2,0,0.44607225,0
2,0,0.44371882,0
2,0,0.44810322,0
2,0,0.44206804,0
2,0,0.4472652,0
2,0,0.4471592,0
2,0,0.44802806,0
2,0,0.4466999,0
2,0,0.44070068,0
2,0,0.44102216,0
2,0,0.44018948,0
2,0,0.4440208,0
2,0,0.43871498,0
2,0,0.43881118,0
2,0,0.4447099,0
2,0,0.44215435,0
2,0,0.44082183,0
2,0,0.44094816,0
2,0,0.44508547,0
2,0,0.44342092,0
2,0,0.43861124,0
2,0,0.44739708,0
2,0,0.4474922,0
2,0,0.45032862,0
2,0,0.44863817,0
2,0,0.44885835,0
2,0,0.4474488,0
2,0,0.44977129,0
2,0,0.44989932,0
2,0,0.44773877,0
2,0,0.44894943,0
2,0,0.4483827,0
2,0,0.44901046,0
2,0,0.44720575,0
2,0,0.45003304,0
2,0,0.44857934,0
2,0,0.44630787,0
2,0,0.44918558,0
2,0,0.44856763,0
2,0,0.45102745,0
2,0,0.44624463,0
2,0,0.44779953,0
2,0,0.44860706,0
2,0,0.44829243,0
2,0,0.45029375,0
2,0,0.44937116,0
2,0,0.4497218,0
2,0,0.44465497,0
2,0,0.4483906,0
2,0,0.44441694,0
2,0,0.44981077,0
2,0,0.44657087,0
2,0,0.44557568,0
2,0,0.4444764,0
2,0,0.4446982,0
2,0,0.4433896,0
2,0,0.44378173,0
2,0,0.4458221,0
2,0,0.44261315,0
2,0,0.44542143,0
2,0,0.44799334,0
2,0,0.4486734,0
2,0,0.44607043,0
2,0,0.44899067,0
2,0,0.44580775,0
2,0,0.44231865,0
2,0,0.4468684,0
2,0,0.4419357,0
2,0,0.4436945,0
2,0,0.44613406,0
2,0,0.44465294,0
2,0,0.4480132,0
2,0,0.44586584,0
2,0,0.45085835,0
2,0,0.4480296,0
2,0,0.44515008,0
2,0,0.4465405,0
2,0,0.44770902,0
2,0,0.4475201,0
2,0,0.45032963,0
2,0,0.4473652,0
2,0,0.44355962,0
2,0,0.44932118,0
2,0,0.44364792,0
2,0,0.44274104,0
2,0,0.44853896,0
2,0,0.4468414,0
2,0,0.44659176,0
2,0,0.4481144,0
2,0,0.44806576,0
2,0,0.44774795,0
2,0,0.45222273,0
2,0,0.4487938,0
2,0,0.44758114,0
2,0,0.45014054,0
2,0,0.45058516,0
2,0,0.44798473,0
2,0,0.4491423,0
2,0,0.45020318,0
2,0,0.45094305,0
2,0,0.45208076,0
2,0,0.44946492,0
2,0,0.4517364,0
2,0,0.4501265,0
2,0,0.4489941,0
2,0,0.44927233,0
2,0,0.44790387,0
2,0,0.44669515,0
2,0,0.44843894,0
2,0,0.44767484,0
2,0,0.44879854,0
2,0,0.44817093,0
2,0,0.4466152,0
2,0,0.4471171,0
2,0,0.44465876,0
2,0,0.44801682,0
2,0,0.44524047,0
2,0,0.44531414,0
2,0,0.44306406,0
2,0,0.44311705,0
2,0,0.4478503,0
2,0,0.4477234,0
2,0,0.44737,0
2,0,0.45091254,0
2,0,0.44679505,0
2,0,0.44720823,0
2,0,0.4502915,0
2,0,0.45127887,0
2,0,0.44932947,0
2,0,0.44900087,0
2,0,0.44720188,0
2,0,0.44526008,0
2,0,0.44885102,0
2,0,0.44775462,0
2,0,0.4503614,0
2,0,0.4506385,0
2,0,0.4535975,0
2,0,0.45215583,0
2,0,0.44984186,0
2,0,0.45029426,0
2,0,0.45205408,0
2,0,0.45035252,0
2,0,0.45122063,0
2,0,0.45059496,0
2,0,0.44958702,0
2,0,0.44629097,0
2,0,0.4476515,0
2,0,0.4494358,0
2,0,0.44950387,0
2,0,0.4492632,0
2,0,0.45074847,0
2,0,0.45013946,0
2,0,0.44934464,0
2,0,0.44932327,0
2,0,0.4496441,0
2,0,0.44806847,0
2,0,0.44997716,0
2,0,0.45075437,0
2,0,0.4489111,0
2,0,0.44922832,0
2,0,0.44771105,0
2,0,0.44932848,0
2,0,0.44944462,0
2,0,0.4466176,0
2,0,0.44723898,0
2,0,0.44778827,0
2,0,0.4484703,0
2,0,0.4489575,0
2,0,0.45017928,0
2,0,0.4503006,0
2,0,0.45043463,0
2,0,0.4500166,0
2,0,0.45124745,0
2,0,0.451113,0
2,0,0.4502037,0
2,0,0.44754088,0
2,0,0.4493255,0
2,0,0.4473978,0
2,0,0.44996336,0
2,0,0.4474985,0
2,0,0.4492237,0
2,0,0.44645733,0
2,0,0.44831872,0
2,0,0.44932193,0
2,0,0.45168665,0
2,0,0.446236,0
2,0,0.4460928,0
2,0,0.4455542,0
2,0,0.4496973,0
2,0,0.4487063,0
2,0,0.4505612,0
2,0,0.44790536,0
2,0,0.44945627,0
2,0,0.44980523,0
2,0,0.44873,0
2,0,0.4490564,0
2,0,0.45142096,0
2,0,0.44730088,0
2,0,0.45152926,0
2,0,0.44622052,0
2,0,0.4485959,0
2,0,0.4495752,0
2,0,0.4508168,0
2,0,0.44829676,0
2,0,0.44630173,0
2,0,0.44835898,0
2,0,0.4489976,0
2,0,0.4497959,0
2,0,0.4485838,0
2,0,0.45022354,0
2,0,0.44968462,0
2,0,0.44928753,0
2,0,0.44818735,0
2,0,0.4508343,0
2,0,0.45135576,0
2,0,0.45070913,0
2,0,0.44973856,0
2,0,0.448307,0
2,0,0.44719303,0
2,0,0.44925103,0
2,0,0.44486383,0
2,0,0.44963664,0
2,0,0.4494335,0
2,0,0.4515999,0
2,0,0.44864857,0
2,0,0.45168108,0
2,0,0.44870737,0
2,0,0.44842687,0
2,0,0.4481496,0
2,0,0.444625,0
2,0,0.44781667,0
2,0,0.4477028,0
2,0,0.44679707,0
2,0,0.44811875,0
2,0,0.4487477,0
2,0,0.44890425,0
2,0,0.44921878,0
2,0,0.45187518,0
2,0,0.45043752,0
2,0,0.4492007,0
2,0,0.44897875,0
2,0,0.44987565,0
2,0,0.445997,0
2,0,0.44874865,0
2,0,0.45110533,0
2,0,0.45235112,0
2,0,0.45121163,0
2,0,0.45168275,0
2,0,0.44559014,0
2,0,0.44720495,0
2,0,0.4474239,0
2,0,0.4451164,0
2,0,0.44627512,0
2,0,0.44848317,0
2,0,0.44595653,0
2,0,0.44628927,0
2,0,0.44866273,0
2,0,0.4447354,0
2,0,0.44559428,0
2,0,0.44379285,0
2,0,0.4450045,0
2,0,0.44382134,0
2,0,0.4458168,0
2,0,0.44745532,0
2,0,0.44877174,0
2,0,0.4498649,0
2,0,0.44999015,0
2,0,0.44501087,0
2,0,0.44641733,0
2,0,0.4462328,0
2,0,0.44233236,0
2,0,0.45029894,0
2,0,0.44973174,0
2,0,0.4478293,0
2,0,0.4469363,0
2,0,0.44675645,0
2,0,0.4450224,0
2,0,0.44476378,0
2,0,0.4456319,0
2,0,0.4469111,0
2,0,0.446741,0
2,0,0.44563448,0
2,0,0.4475535,0
2,0,0.44555956,0
2,0,0.44790965,0
2,0,0.44409302,0
2,0,0.44541135,0
2,0,0.44446447,0
2,0,0.4507108,0
2,0,0.44729576,0
2,0,0.44581398,0
2,0,0.445053,0
2,0,0.4446736,0
2,0,0.44587234,0
2,0,0.44555977,0
2,0,0.4460384,0
2,0,0.4502897,0
2,0,0.44683328,0
2,0,0.44645593,0
2,0,0.44607717,0
2,0,0.44371164,0
2,0,0.4474379,0
2,0,0.44628423,0
2,0,0.44711262,0
2,0,0.44671717,0
2,0,0.44831663,0
2,0,0.44387788,0
2,0,0.44821823,0
2,0,0.4478164,0
2,0,0.44588077,0
2,0,0.4476922,0
2,0,0.4489484,0
2,0,0.44613728,0
2,0,0.44698912,0
2,0,0.44578204,0
2,0,0.44758844,0
2,0,0.4463697,0
2,0,0.4474086,0
2,0,0.4484617,0
2,0,0.448186,0
2,0,0.4476032,0
2,0,0.4449929,0
2,0,0.44876912,0
2,0,0.45433927,0
2,0,0.44833764,0
2,0,0.44522157,0
2,0,0.44876024,0
2,0,0.44565794,0
2,0,0.44724762,0
2,0,0.4515312,0
2,0,0.45101368,0
2,0,0.44865528,0
2,0,0.44987714,0
2,0,0.44606623,0
2,0,0.44616386,0
2,0,0.44902718,0
2,0,0.44782358,0
2,0,0.44814855,0
2,0,0.4468447,0
2,0,0.44708297,0
2,0,0.44422305,0
2,0,0.44680053,0
2,0,0.45039937,0
2,0,0.4475505,0
2,0,0.4452082,0
2,0,0.45123923,0
2,0,0.44874427,0
2,0,0.45067668,0
2,0,0.4524968,0
2,0,0.44863427,0
2,0,0.4522062,0
2,0,0.45124123,0
2,0,0.45209068,0
2,0,0.45108482,0
2,0,0.4535843,0
2,0,0.45172322,0
2,0,0.44851494,0
2,0,0.4449325,0
2,0,0.4465255,0
2,0,0.4488438,0
2,0,0.447673,0
2,0,0.44866505,0
2,0,0.44611102,0
2,0,0.4502753,0
2,0,0.44360492,0
2,0,0.4461212,0
2,0,0.4356268,0
2,0,0.43650547,0
2,0,0.4377945,0
2,0,0.4386123,0
2,0,0.44060493,0
2,0,0.44438472,0
2,0,0.4414178,0
2,0,0.44441792,0
2,0,0.43909907,0
2,0,0.442977,0
2,0,0.4402401,0
2,0,0.4430045,0
2,0,0.44002736,0
2,0,0.43698195,0
2,0,0.44245347,0
2,0,0.43979117,0
2,0,0.44122747,0
2,0,0.4409734,0
2,0,0.43783873,0
2,0,0.4374435,0
2,0,0.4384731,0
2,0,0.4393409,0
2,0,0.4408447,0
2,0,0.44321376,0
2,0,0.43823695,0
2,0,0.43988004,0
2,0,0.43905017,0
2,0,0.4395352,0
2,0,0.43464172,0
2,0,0.43602824,0
2,0,0.43837747,0
2,0,0.4372887,0
2,0,0.44107738,0
2,0,0.43870264,0
2,0,0.43709046,0
2,0,0.4399173,0
2,0,0.43692648,0
2,0,0.4375633,0
2,0,0.43721798,0
2,0,0.43519786,0
2,0,0.43999305,0
2,0,0.43617085,0
2,0,0.44018024,0
2,0,0.4376663,0
2,1,0.43808162,0
2,1,0.43448448,0
2,1,0.4382369,0
2,1,0.43517125,0
2,1,0.43498096,0
2,1,0.43455288,0
2,1,0.44371566,0
2,1,0.4463285,0
2,1,0.44388074,0
2,1,0.44960386,0
2,1,0.4493853,0
2,1,0.44260123,0
2,1,0.44830954,0
2,1,0.4461773,0
2,1,0.44586903,0
2,1,0.44286472,0
2,1,0.44830152,0
2,1,0.45022076,0
2,1,0.4464887,0
2,1,0.4482026,0
2,1,0.4527217,0
2,1,0.4457351,0
2,1,0.44751683,0
2,1,0.44587782,0
2,1,0.4463833,0
2,1,0.4461753,0
2,1,0.44559494,0
2,1,0.44544587,0
2,1,0.44722253,0
2,1,0.44516754,0
2,1,0.44454488,0
2,1,0.4482095,0
2,1,0.44593942,0
2,1,0.44665527,0
2,1,0.44706386,0
2,1,0.44655523,0
2,1,0.44502816,0
2,1,0.4466087,0
2,1,0.4449215,0
2,1,0.44672513,0
2,1,0.44597176,0
2,1,0.4466612,0
2,1,0.44557178,0
2,1,0.44124293,0
2,1,0.44680724,0
2,1,0.44405407,0
2,1,0.49055275,0
2,1,0.5005025,1
2,1,0.5107276,1
2,1,0.515178,1
2,1,0.51972634,1
2,1,0.51733613,1
2,1,0.50946075,1
2,1,0.51153296,1
2,1,0.506293,1
2,1,0.5290335,1
2,1,0.5170247,1
2,1,0.5125305,1
2,1,0.5178829,1
2,1,0.5010714,1
2,1,0.50523657,1
2,1,0.5009703,1
2,1,0.5119183,1
2,1,0.45654878,0
2,1,0.4568719,0
2,1,0.45613155,0
2,1,0.45587727,0
2,1,0.4568373,0
2,1,0.45459938,0
2,1,0.4557032,0
2,1,0.45632902,0
2,1,0.45623386,0
2,1,0.45228058,0
2,1,0.4547167,0
2,1,0.45474115,0
2,1,0.44951198,0
2,1,0.45082256,0
2,1,0.4490784,0
2,1,0.451431,0
2,1,0.45017198,0
2,1,0.44827917,0
2,1,0.4488845,0
2,1,0.44869506,0
2,1,0.44851565,0
2,1,0.45207158,0
2,1,0.4489684,0
2,1,0.44579443,0
2,1,0.44503826,0
2,1,0.4463359,0
2,1,0.44898817,0
2,1,0.4478694,0
2,1,0.4462752,0
2,1,0.43989283,0
2,1,0.4431852,0
2,1,0.44287303,0
2,1,0.4426053,0
2,1,0.44230118,0
2,1,0.4444605,0
2,1,0.4429318,0
2,1,0.44455865,0
2,1,0.4451092,0
2,1,0.4426596,0
2,1,0.44641456,0
2,1,0.4464608,0
2,1,0.4451982,0
2,1,0.44322422,0
2,1,0.4449916,0
2,1,0.4440589,0
2,1,0.43985787,0
2,1,0.4407521,0
2,1,0.44273353,0
2,1,0.44414622,0
2,1,0.44553933,0
2,1,0.44587192,0
2,1,0.44609365,0
2,1,0.43894082,0
2,1,0.44257796,0
2,1,0.4392569,0
2,1,0.44179744,0
2,1,0.4488212,0
2,1,0.4504936,0
2,1,0.44966546,0
2,1,0.45141935,0
2,1,0.44963598,0
2,1,0.44932154,0
2,1,0.4513441,0
2,1,0.44840425,0
2,1,0.44911864,0
2,1,0.4474085,0
2,1,0.45218867,0
2,1,0.4725645,0
2,1,0.47591662,0
2,1,0.47923604,0
2,1,0.4810956,0
2,1,0.47651976,0
2,1,0.4744334,0
2,1,0.4816564,0
2,1,0.47436795,0
2,1,0.4766063,0
2,1,0.49179763,0
2,1,0.4855341,0
2,1,0.49144697,0
2,1,0.48235613,0
2,1,0.48572475,0
2,1,0.48341382,0
2,0,0.46096104,0
2,0,0.45625824,0
2,0,0.4591399,0
2,0,0.46086,0
2,0,0.45691392,0
2,0,0.45846993,0
2,0,0.46246165,0
2,0,0.46335292,0
2,0,0.46178457,0
2,0,0.46102744,0
2,0,0.46350077,0
2,0,0.46258307,0
2,0,0.46232948,0
2,0,0.4586593,0
2,0,0.45930022,0
2,0,0.45931566,0
2,0,0.45923394,0
2,0,0.4558094,0
2,0,0.4595963,0
2,0,0.4606437,0
2,0,0.45873994,0
2,0,0.45926574,0
2,0,0.4582847,0
2,0,0.4588954,0
2,0,0.45741352,0
2,0,0.4577111,0
2,0,0.4569626,0
2,0,0.4606152,0
2,0,0.4604081,0
2,0,0.46016076,0
2,0,0.46117812,0
2,0,0.46168312,0
2,0,0.4606597,0
2,0,0.46189636,0
2,0,0.45856196,0
2,0,0.4618928,0
2,0,0.4622593,0
2,0,0.4598152,0
2,0,0.45809743,0
2,0,0.45696062,0
2,0,0.4585647,0
2,0,0.45922908,0
2,1,0.46101156,0
2,1,0.46124637,0
2,1,0.46208656,0
2,1,0.46201164,0
2,1,0.46347004,0
2,1,0.46331337,0
2,1,0.46312824,0
2,1,0.46419224,0
2,1,0.4615422,0
2,1,0.46322063,0
2,1,0.4639453,0
2,1,0.4582806,0
2,0,0.74418944,1
2,0,0.7372776,1
2,0,0.741745,1
2,0,0.73751515,1
2,0,0.74226826,1
2,0,0.72868687,1
2,0,0.7407862,1
2,0,0.72704315,1
2,0,0.7133466,1
2,0,0.72489196,1
2,0,0.7354663,1
2,0,0.7154309,1
2,0,0.68469614,1
2,1,0.44488347,0
2,1,0.4532436,0
2,1,0.4503433,0
2,1,0.44852957,0
2,1,0.44950587,0
2,1,0.4485748,0
2,1,0.44779134,0
2,1,0.45220408,0
2,1,0.45094204,0
2,1,0.45412675,0
2,1,0.45285305,0
2,1,0.4472254,0
2,1,0.45157543,0
2,1,0.447744,0
2,1,0.4485476,0
2,1,0.4461274,0
2,1,0.44588894,0
2,1,0.44576377,0
2,1,0.44976726,0
2,1,0.45210582,0
2,1,0.44696772,0
2,1,0.4532222,0
2,1,0.45108798,0
2,1,0.45130864,0
2,1,0.4483041,0
2,1,0.44861132,0
2,1,0.44702756,0
2,1,0.44491258,0
2,1,0.44734347,0
2,1,0.44627923,0
2,1,0.44383016,0
2,1,0.44707337,0
2,1,0.44918194,0
2,1,0.45114207,0
2,1,0.4443909,0
2,1,0.445085,0
2,1,0.449323,0
2,1,0.45086592,0
2,1,0.44264212,0
2,1,0.4503321,0
2,1,0.4509345,0
2,1,0.44968224,0
2,1,0.4491633,0
2,1,0.44361147,0
2,1,0.44019538,0
2,1,0.43844,0
2,1,0.44045314,0
2,1,0.4408689,0
2,1,0.4446366,0
2,1,0.4419903,0
2,1,0.44053558,0
2,1,0.43986157,0
2,1,0.43952543,0
2,1,0.4445755,0
2,1,0.44278714,0
2,1,0.4378163,0
2,1,0.44222948,0
2,1,0.43923175,0
2,1,0.43908972,0
2,1,0.43843195,0
2,1,0.44123632,0
2,1,0.44286522,0
2,1,0.4425296,0
2,1,0.44206277,0
2,1,0.44006997,0
2,1,0.4411319,0
2,1,0.4424416,0
2,1,0.44018131,0
2,1,0.4425112,0
2,1,0.4412684,0
2,1,0.44516253,0
2,1,0.44648412,0
2,1,0.44468182,0
2,1,0.44400164,0
2,1,0.44443396,0
2,1,0.44457063,0
2,1,0.44194132,0
2,1,0.44122675,0
2,1,0.43980524,0
2,1,0.437317,0
2,1,0.44306463,0
2,1,0.4400325,0
2,1,0.44274238,0
2,1,0.44239864,0
2,1,0.4452903,0
2,1,0.44768676,0
2,1,0.44358033,0
2,1,0.44586867,0
2,1,0.44421595,0
2,1,0.44894394,0
2,1,0.44821528,0
2,1,0.4517017,0
2,1,0.4523687,0
2,1,0.45228946,0
2,1,0.4528822,0
2,1,0.44922584,0
2,1,0.45119283,0
2,1,0.4495515,0
2,1,0.4491892,0
2,1,0.44900307,0
2,1,0.44714993,0
2,1,0.4483298,0
2,1,0.4527043,0
2,1,0.45118544,0
2,1,0.45109436,0
2,1,0.45010328,0
2,1,0.4463943,0
2,1,0.4489081,0
2,1,0.45022345,0
2,1,0.44730714,0
2,1,0.44923764,0
2,1,0.44875658,0
2,1,0.4463571,0
2,0,0.45318082,0
2,0,0.44912574,0
2,0,0.45166683,0
2,0,0.4485611,0
2,0,0.45177624,0
2,0,0.4489735,0
2,0,0.45050925,0
2,0,0.4504381,0
2,0,0.44952413,0
2,0,0.4497424,0
2,0,0.4504147,0
2,0,0.450775,0
2,0,0.4474307,0
2,0,0.44594386,0
2,0,0.44971174,0
2,0,0.44775948,0
2,0,0.44920987,0
2,0,0.45337823,0
2,0,0.4490474,0
2,0,0.44833365,0
2,0,0.44810274,0
2,0,0.44901246,0
2,0,0.44718704,0
2,0,0.4493068,0
2,0,0.44867983,0
2,0,0.44938543,0
2,0,0.44619796,0
2,0,0.44652912,0
2,0,0.45012057,0
2,0,0.44583073,0
2,1,0.44695458,0
2,1,0.45260605,0
2,1,0.4493294,0
2,1,0.45146745,0
2,1,0.45120615,0
2,1,0.44842544,0
2,1,0.44838727,0
2,1,0.45155326,0
2,1,0.45259872,0
2,1,0.45099708,0
2,1,0.44882333,0
2,1,0.4511688,0
2,1,0.44927186,0
2,1,0.45236462,0
2,1,0.4533099,0
2,1,0.45101833,0
2,1,0.45210665,0
2,1,0.45173204,0
2,1,0.45206118,0
2,1,0.45319492,0
2,1,0.45065,0
2,1,0.45071515,0
2,1,0.4508925,0
2,1,0.44980904,0
2,1,0.45040396,0
2,1,0.45020652,0
2,1,0.4527038,0
2,1,0.4486358,0
2,1,0.4485428,0
2,1,0.4510182,0
2,1,0.44959548,0
2,1,0.4483081,0
2,1,0.44266707,0
2,1,0.45073938,0
2,1,0.44865832,0
2,0,0.45172036,0
2,0,0.4510614,0
2,0,0.44946015,0
2,0,0.44833845,0
2,0,0.4487263,0
2,0,0.45064756,0
2,0,0.44776037,0
2,0,0.44977582,0
2,0,0.45082328,0
2,0,0.44997844,0
2,0,0.44715142,0
2,0,0.45079926,0
2,0,0.44978127,0
2,0,0.45221978,0
2,0,0.45532876,0
2,0,0.4529189,0
2,0,0.45474276,0
2,0,0.45272383,0
2,0,0.4508926,0
2,0,0.4492781,0
2,0,0.4487093,0
2,0,0.4507441,0
2,1,0.45074862,0
2,1,0.44819492,0
2,1,0.4519794,0
2,1,0.44977275,0
2,1,0.45021847,0
2,1,0.45000124,0
2,1,0.44959208,0
2,1,0.45027235,0
2,1,0.44561756,0
2,1,0.45190156,0
2,1,0.45081425,0
2,1,0.44944194,0
2,1,0.44854626,0
2,1,0.45081437,0
2,1,0.44612077,0
2,1,0.44952193,0
2,1,0.45341742,0
2,1,0.45195976,0
2,1,0.45385313,0
2,1,0.45122015,0
2,1,0.45491585,0
2,1,0.45274508,0
2,1,0.45196632,0
2,1,0.4498566,0
2,1,0.45003036,0
2,1,0.44822037,0
2,1,0.4486974,0
2,1,0.45394775,0
2,1,0.44951642,0
2,1,0.44727156,0
2,0,0.44929543,0
2,0,0.44933164,0
2,0,0.44882697,0
2,0,0.451769,0
2,0,0.45184922,0
2,0,0.45197237,0
2,0,0.44907162,0
2,0,0.4506714,0
2,0,0.45009974,0
2,0,0.45157188,0
2,0,0.44748282,0
2,0,0.4515038,0
2,0,0.45058474,0
2,0,0.44968942,0
2,0,0.44812933,0
2,1,0.46487543,0
2,1,0.46088895,0
2,1,0.46259415,0
2,1,0.4631424,0
2,1,0.45501986,0
2,1,0.45637065,0
2,1,0.4583779,0
2,1,0.4530307,0
2,1,0.45787355,0
2,1,0.45375454,0
2,1,0.4508044,0
2,1,0.45458168,0
2,1,0.4441389,0
2,1,0.45187238,0
2,1,0.45099947,0
2,1,0.4466032,0
2,1,0.4488297,0
2,1,0.44991726,0
2,1,0.4448809,0
2,1,0.44774383,0
2,1,0.44836253,0
2,1,0.4422883,0
2,1,0.44826093,0
2,1,0.4469742,0
2,1,0.44745347,0
2,1,0.44772422,0
2,1,0.44451094,0
2,1,0.44223416,0
2,1,0.44507718,0
2,1,0.44723496,0
2,1,0.44511497,0
2,1,0.44452363,0
2,1,0.4478112,0
2,1,0.45307058,0
2,1,0.4464057,0
2,1,0.44795927,0
2,1,0.44531965,0
2,1,0.44161755,0
2,1,0.44600773,0
2,1,0.43995664,0
2,1,0.43918812,0
2,1,0.44586453,0
2,1,0.44290036,0
2,1,0.44363022,0
2,1,0.4433494,0
2,1,0.44133464,0
2,1,0.44156578,0
2,1,0.5002927,1
2,1,0.49966058,0
2,1,0.50069135,1
2,1,0.4860779,0
2,1,0.48788056,0
2,1,0.48572737,0
2,1,0.4862911,0
2,1,0.48426917,0
2,1,0.4910726,0
2,1,0.48303893,0
2,1,0.49272582,0
2,1,0.4891259,0
2,1,0.48565942,0
2,1,0.46442786,0
2,1,0.47691408,0
2,1,0.465869,0
2,1,0.4656366,0
2,1,0.4747919,0
2,1,0.47681767,0
2,1,0.47259176,0
2,1,0.47791648,0
2,1,0.4819776,0
2,1,0.47749847,0
2,1,0.46809083,0
2,1,0.4743043,0
2,1,0.4719185,0
2,1,0.4711435,0
2,1,0.46947935,0
2,1,0.46281186,0
2,1,0.46379346,0
2,1,0.46180043,0
2,1,0.4632942,0
2,1,0.46066174,0
2,1,0.47173005,0
2,1,0.46334678,0
2,1,0.45507687,0
2,1,0.45350778,0
2,1,0.4530083,0
2,1,0.4632983,0
2,1,0.45326054,0
2,1,0.4603373,0
2,1,0.45598906,0
2,1,0.457487,0
2,1,0.45846704,0
2,1,0.45318162,0
2,1,0.4504229,0
2,1,0.45039603,0
2,1,0.44800597,0
2,1,0.45469534,0
2,1,0.45339414,0
2,1,0.4526527,0
2,1,0.45069438,0
2,1,0.44774568,0
2,1,0.45187807,0
2,1,0.44898307,0
2,1,0.44926536,0
2,1,0.45586526,0
2,1,0.4510086,0
2,1,0.45615387,0
2,1,0.45695844,0
2,1,0.45483884,0
2,1,0.45668215,0
2,1,0.45500877,0
2,1,0.45744509,0
2,1,0.45440724,0
2,1,0.45827383,0
2,1,0.46509597,0
2,1,0.45924836,0
2,1,0.45930597,0
2,1,0.45567763,0
2,1,0.45726058,0
2,1,0.4611087,0
2,1,0.455956,0
2,1,0.45409203,0
2,1,0.4492336,0
2,1,0.4565354,0
2,1,0.45679477,0
2,1,0.4628834,0
2,1,0.46183586,0
2,1,0.47074184,0
2,1,0.4608005,0
2,1,0.4581036,0
2,1,0.461584,0
2,1,0.46154982,0
2,1,0.45856404,0
2,1,0.4632447,0
2,1,0.46607676,0
2,1,0.46226925,0
2,1,0.4424007,0
2,1,0.44021985,0
2,1,0.43958652,0
2,1,0.43942043,0
2,1,0.4373349,0
2,1,0.4433975,0
2,1,0.4395682,0
2,1,0.4423281,0
2,1,0.44448942,0
2,1,0.43999588,0
2,1,0.44185483,0
2,1,0.43972936,0
2,1,0.4366517,0
2,1,0.4389716,0
2,1,0.4396137,0
2,1,0.4408635,0
2,1,0.4421492,0
2,1,0.4434693,0
2,1,0.43993554,0
2,1,0.44175535,0
2,1,0.44144607,0
2,1,0.4418901,0
2,1,0.44160476,0
2,1,0.44156745,0
2,1,0.4434147,0
2,1,0.4426969,0
2,1,0.44512936,0
2,1,0.44268614,0
2,1,0.4442954,0
2,1,0.44143984,0
2,1,0.4422263,0
2,1,0.44251794,0
2,1,0.44237375,0
2,1,0.44347578,0
2,1,0.44239017,0
2,1,0.44012976,0
2,1,0.43755826,0
2,1,0.43742085,0
2,1,0.43886024,0
2,1,0.43570563,0
2,1,0.4399117,0
2,1,0.43887606,0
2,1,0.45379722,0
2,1,0.4500143,0
2,1,0.45118177,0
2,1,0.44893268,0
2,1,0.45362952,0
2,1,0.45335978,0
2,1,0.45189363,0
2,1,0.4542161,0
2,1,0.4537231,0
2,1,0.44990435,0
2,1,0.45197216,0
2,1,0.44795808,0
2,1,0.44849327,0
2,1,0.44637293,0
2,1,0.4479082,0
2,1,0.44929174,0
2,1,0.44888777,0
2,1,0.44762677,0
2,1,0.44759342,0
2,1,0.44659323,0
2,1,0.4450542,0
2,1,0.44576263,0
2,1,0.4437156,0
2,1,0.4450688,0
2,1,0.44681278,0
2,1,0.44599003,0
2,1,0.44898656,0
2,1,0.44525596,0
2,1,0.44547746,0
2,1,0.44369066,0
2,1,0.44435453,0
2,1,0.4464477,0
2,1,0.44612595,0
2,1,0.44469255,0
2,1,0.44880742,0
2,1,0.4450812,0
2,1,0.44733492,0
2,1,0.4477128,0
2,1,0.44677222,0
2,1,0.44407254,0
2,1,0.44645092,0
2,1,0.5587423,1
2,1,0.56509703,1
2,1,0.56751734,1
2,1,0.55770576,1
2,1,0.5615678,1
2,1,0.538843,1
2,1,0.55510116,1
2,1,0.5526624,1
2,0,0.45348743,0
2,0,0.45241848,0
2,0,0.4543993,0
2,0,0.45385435,0
2,0,0.4543615,0
2,0,0.4570801,0
2,0,0.45597798,0
2,0,0.45411384,0
2,0,0.4540966,0
2,0,0.45285183,0
2,0,0.45211324,0
2,0,0.45272225,0
2,0,0.4507826,0
2,0,0.4499701,0
2,0,0.45120046,0
2,1,0.7287981,1
2,1,0.72801304,1
2,1,0.7247155,1
2,1,0.7266231,1
2,1,0.726382,1
2,1,0.7278045,1
2,1,0.7274111,1
2,1,0.7269644,1
2,1,0.7256553,1
2,1,0.72837496,1
2,1,0.7273472,1
2,1,0.7264313,1
2,1,0.729027,1
2,1,0.7272454,1
2,1,0.72660464,1
2,1,0.72631055,1
2,1,0.72860605,1
2,1,0.7283632,1
2,1,0.73053974,1
2,1,0.44114444,0
2,1,0.44661054,0
2,1,0.44338015,0
2,1,0.4458346,0
2,1,0.44888246,0
2,1,0.45028597,0
2,1,0.45051253,0
2,1,0.44622314,0
2,1,0.44487667,0
2,1,0.44575346,0
2,1,0.44824854,0
2,1,0.44803292,0
2,1,0.44907972,0
2,1,0.44905895,0
2,1,0.44819778,0
2,1,0.44619507,0
2,1,0.44491106,0
2,1,0.4469203,0
2,1,0.4458734,0
2,1,0.44479078,0
2,1,0.44486922,0
2,1,0.44491875,0
2,1,0.44384962,0
2,1,0.45551434,0
2,1,0.455899,0
2,1,0.45898417,0
2,1,0.45821893,0
2,1,0.4590439,0
2,1,0.45873877,0
2,1,0.45908597,0
2,1,0.45815942,0
2,1,0.4589746,0
2,1,0.45690778,0
2,1,0.4587181,0
2,1,0.45703098,0
2,1,0.45829058,0
2,1,0.45784357,0
2,1,0.45837325,0
2,1,0.4408616,0
2,1,0.4392562,0
2,1,0.441625,0
2,1,0.44160748,0
2,1,0.43682024,0
2,1,0.4423178,0
2,1,0.44172817,0
2,1,0.4386331,0
2,1,0.44063735,0
2,1,0.43926737,0
2,1,0.4394409,0
2,1,0.4408483,0
2,1,0.4409697,0
2,1,0.44074395,0
2,1,0.44096962,0
2,1,0.45739236,0
2,1,0.4575387,0
2,1,0.4571373,0
2,1,0.45966315,0
2,1,0.45792094,0
2,1,0.46089357,0
2,1,0.46120304,0
2,1,0.45819318,0
2,1,0.45680928,0
2,1,0.4560033,0
2,1,0.4578633,0
2,1,0.4582605,0
2,1,0.45445296,0
2,1,0.457021,0
2,1,0.45921782,0
2,1,0.4435517,0
2,1,0.44079208,0
2,1,0.44025022,0
2,1,0.44380057,0
2,1,0.44277847,0
2,1,0.44377315,0
2,1,0.4427635,0
2,1,0.4434373,0
2,1,0.4415151,0
2,1,0.44447774,0
2,1,0.44343838,0
2,1,0.44350332,0
2,1,0.44412255,0
2,1,0.44481185,0
2,1,0.44184735,0
2,1,0.44340792,0
2,1,0.44451246,0
2,1,0.4465177,0
2,0,0.44869485,0
2,0,0.44755346,0
2,0,0.45034775,0
2,0,0.44941166,0
2,0,0.4529536,0
2,0,0.44729942,0
2,0,0.44965416,0
2,0,0.44910714,0
2,0,0.4491677,0
2,0,0.45040736,0
2,0,0.44906214,0
2,0,0.44848388,0
2,0,0.44662634,0
2,0,0.45031825,0
2,0,0.45122495,0
2,0,0.7241283,1
2,0,0.7232924,1
2,0,0.7269101,1
2,0,0.7247666,1
2,0,0.72240365,1
2,0,0.7255755,1
2,0,0.72770554,1
2,0,0.7211916,1
2,0,0.7247993,1
2,0,0.7269892,1
2,0,0.72796285,1
2,0,0.7232891,1
2,0,0.7268624,1
2,0,0.7280604,1
2,0,0.72405297,1
2,1,0.454791,0
2,1,0.45747963,0
2,1,0.45576173,0
2,1,0.45463437,0
2,1,0.45735762,0
2,1,0.4571409,0
2,1,0.45612413,0
2,1,0.45451134,0
2,1,0.4600465,0
2,1,0.45291215,0
2,1,0.45243967,0
2,1,0.457526,0
2,1,0.44988155,0
2,1,0.45236284,0
2,1,0.45704988,0
2,1,0.45365584,0
2,1,0.45315,0
2,1,0.45332783,0
2,1,0.45222336,0
2,1,0.45548075,0
2,1,0.45430258,0
2,1,0.45964903,0
2,1,0.45655927,0
2,1,0.45179477,0
2,1,0.4479773,0
2,1,0.45151156,0
2,1,0.44982168,0
2,1,0.44397423,0
2,1,0.44655582,0
2,1,0.44689476,0
2,1,0.44599497,0
2,1,0.44548285,0
2,1,0.44777513,0
2,1,0.4463039,0
2,1,0.4454501,0
2,1,0.4464031,0
2,1,0.44577298,0
2,1,0.4460678,0
2,1,0.4458214,0
2,1,0.44452915,0
2,1,0.44636348,0
2,1,0.4472512,0
2,1,0.44563514,0
2,1,0.44289938,0
2,1,0.44394046,0
2,1,0.44542605,0
3,1,0.523964,1
3,1,0.525007,1
3,1,0.52436453,1
3,1,0.5238042,1
3,1,0.5237182,1
3,1,0.52398515,1
3,1,0.52389085,1
3,1,0.5229937,1
3,1,0.5240862,1
3,1,0.52646774,1
3,1,0.5235923,1
3,1,0.5228931,1
3,1,0.52764916,1
3,1,0.5276618,1
3,1,0.5253801,1
3,1,0.5250241,1
3,1,0.5223225,1
3,1,0.518275,1
3,1,0.52071327,1
3,1,0.52038074,1
3,1,0.51564574,1
3,1,0.5217215,1
3,1,0.52251565,1
3,1,0.5223161,1
3,1,0.5229899,1
3,1,0.52011317,1
3,1,0.5218207,1
3,1,0.5136484,1
3,1,0.5150211,1
3,1,0.5217983,1
3,1,0.51805514,1
3,1,0.518048,1
3,1,0.51999843,1
3,1,0.5230085,1
3,1,0.5226402,1
3,1,0.5196294,1
3,1,0.52056015,1
3,1,0.5234199,1
3,1,0.51533234,1
3,1,0.5224267,1
3,1,0.52276146,1
3,1,0.5284664,1
3,1,0.52122134,1
3,1,0.52517784,1
3,1,0.52120006,1
3,1,0.5212197,1
3,0,0.5219738,1
3,0,0.52217156,1
3,0,0.5245709,1
3,0,0.525468,1
3,0,0.5280794,1
3,0,0.5281063,1
3,0,0.52887183,1
3,0,0.5265727,1
3,0,0.5247089,1
3,0,0.5266446,1
3,0,0.5238169,1
3,0,0.52372044,1
3,0,0.52442396,1
3,0,0.52295876,1
3,0,0.523328,1
3,0,0.5253986,1
3,0,0.5200616,1
3,0,0.5201727,1
3,0,0.5197903,1
3,0,0.51961535,1
3,0,0.52183646,1
3,0,0.5240325,1
3,0,0.52477,1
3,0,0.5264153,1
3,0,0.52795863,1
3,0,0.5244168,1
3,0,0.52327114,1
3,0,0.52498925,1
3,0,0.52594215,1
3,0,0.52361494,1
3,0,0.52295244,1
3,0,0.52789444,1
3,0,0.5222508,1
3,1,0.52307516,1
3,1,0.5214157,1
3,1,0.5229248,1
3,1,0.5276635,1
3,1,0.5267662,1
3,1,0.5254055,1
3,1,0.52527636,1
3,1,0.5224076,1
3,1,0.52392274,1
3,1,0.524426,1
3,1,0.52207667,1
3,1,0.5205572,1
3,1,0.51995146,1
3,1,0.5220618,1
3,1,0.5191431,1
3,1,0.5272196,1
3,1,0.5247631,1
3,1,0.52262604,1
3,1,0.52409965,1
3,1,0.51838565,1
3,1,0.5225076,1
3,1,0.5192719,1
3,1,0.52403,1
3,1,0.52314675,1
3,1,0.5190828,1
3,1,0.5198932,1
3,1,0.5189944,1
3,1,0.5183516,1
3,1,0.5197063,1
3,1,0.51546866,1
3,1,0.5166661,1
3,1,0.52289593,1
3,1,0.51925886,1
3,1,0.5206419,1
3,1,0.5222134,1
3,1,0.52034813,1
3,1,0.5255161,1
3,1,0.5181605,1
3,1,0.52181536,1
3,1,0.52215457,1
3,1,0.522691,1
3,1,0.516367,1
3,1,0.52465767,1
3,1,0.5182744,1
3,1,0.5173671,1
3,1,0.5157594,1
3,1,0.51920307,1
3,1,0.51896626,1
3,1,0.5233579,1
3,1,0.5270694,1
3,1,0.5199416,1
3,1,0.5203757,1
3,1,0.52422744,1
3,1,0.52845734,1
3,1,0.5323503,1
3,1,0.5360427,1
3,1,0.5347075,1
3,1,0.5297529,1
3,1,0.52736527,1
3,1,0.5328799,1
3,1,0.5280355,1
3,1,0.5301186,1
3,1,0.5256911,1
3,1,0.52187425,1
3,1,0.5270146,1
3,1,0.5306295,1
3,1,0.5393994,1
3,1,0.53024524,1
3,1,0.5325513,1
3,1,0.536943,1
3,1,0.5384073,1
3,1,0.5396404,1
3,1,0.5358655,1
3,1,0.530905,1
3,1,0.53370386,1
3,1,0.5332298,1
3,1,0.53021675,1
3,1,0.5317083,1
3,1,0.52286047,1
3,1,0.52945983,1
3,1,0.5243584,1
3,1,0.530149,1
3,1,0.5306497,1
3,0,0.5242445,1
3,0,0.5221711,1
3,0,0.52634686,1
3,0,0.52555335,1
3,0,0.52471495,1
3,0,0.5204527,1
3,0,0.5202067,1
3,0,0.5214453,1
3,0,0.5172434,1
3,0,0.52188087,1
3,0,0.51949936,1
3,0,0.51595384,1
3,0,0.51788086,1
3,1,0.5209161,1
3,1,0.52089155,1
3,1,0.5215257,1
3,1,0.523173,1
3,1,0.5152448,1
3,1,0.5209592,1
3,1,0.52090985,1
3,1,0.518162,1
3,1,0.5223673,1
3,1,0.5238016,1
3,1,0.5192526,1
3,1,0.51771915,1
3,1,0.51310885,1
3,1,0.51437247,1
3,1,0.51435685,1
3,1,0.51442957,1
3,1,0.51307523,1
3,1,0.515536,1
3,1,0.51576406,1
3,1,0.5166949,1
3,1,0.5170258,1
3,1,0.51924026,1
3,1,0.51688546,1
3,1,0.51878923,1
3,1,0.5116725,1
3,1,0.51706487,1
3,1,0.5175218,1
3,1,0.51624,1
3,1,0.5168324,1
3,1,0.51836944,1
3,1,0.5161915,1
3,1,0.51277584,1
3,1,0.51380247,1
3,1,0.5116588,1
3,1,0.51366997,1
3,1,0.5173977,1
3,1,0.5108167,1
3,1,0.51255625,1
3,1,0.5207563,1
3,1,0.5198907,1
3,1,0.51776326,1
3,1,0.5227744,1
3,1,0.5240464,1
3,1,0.520564,1
3,1,0.5193095,1
3,1,0.5210722,1
3,1,0.5221821,1
3,1,0.5174981,1
3,1,0.52271914,1
3,1,0.5216576,1
3,1,0.5239891,1
3,1,0.5214644,1
3,1,0.52214277,1
3,1,0.5217153,1
3,1,0.52513206,1
3,1,0.5242322,1
3,1,0.51846755,1
3,1,0.5207454,1
3,1,0.52563834,1
3,1,0.5243155,1
3,1,0.5223496,1
3,1,0.52358323,1
3,0,0.51398975,1
3,0,0.5132049,1
3,0,0.5130218,1
3,0,0.5127638,1
3,0,0.5124832,1
3,0,0.5147049,1
3,0,0.5154502,1
3,0,0.51412815,1
3,0,0.515539,1
3,0,0.51511604,1
3,0,0.5119116,1
3,0,0.5122304,1
3,0,0.5129043,1
3,0,0.51302445,1
3,0,0.51386577,1
3,1,0.51482636,1
3,1,0.5142189,1
3,1,0.51398855,1
3,1,0.51162237,1
3,1,0.51403916,1
3,1,0.5148034,1
3,1,0.5136418,1
3,1,0.51296407,1
3,1,0.51498324,1
3,1,0.5132146,1
3,1,0.513745,1
3,1,0.51315737,1
3,1,0.51363367,1
3,1,0.6977228,1
3,1,0.6975572,1
3,1,0.6979953,1
3,1,0.69793767,1
3,1,0.6977632,1
3,1,0.6994648,1
3,1,0.69893926,1
3,1,0.697992,1
3,1,0.69918936,1
3,1,0.6984852,1
3,1,0.6980508,1
3,1,0.6979976,1
3,1,0.6986253,1
3,1,0.69699824,1
3,1,0.6978989,1
3,1,0.69751436,1
3,1,0.69692904,1
3,1,0.6978038,1
3,1,0.6983334,1
3,1,0.6984749,1
3,0,0.51877946,1
3,0,0.51714724,1
3,0,0.52193344,1
3,0,0.5159688,1
3,0,0.51853186,1
3,0,0.51693994,1
3,0,0.51660585,1
3,0,0.51913506,1
3,0,0.52202576,1
3,0,0.52122945,1
3,0,0.51810485,1
3,0,0.5174766,1
3,0,0.51972264,1
3,0,0.5178669,1
3,0,0.5181809,1
3,0,0.51899964,1
3,0,0.5159511,1
3,0,0.51889145,1
3,0,0.51971877,1
3,0,0.5186969,1
3,0,0.51941156,1
3,0,0.5177103,1
3,0,0.51321316,1
3,0,0.5169168,1
3,0,0.5163614,1
3,0,0.51943374,1
3,0,0.51929647,1
3,0,0.51872635,1
3,0,0.5170217,1
3,0,0.51700026,1
3,0,0.51468897,1
3,0,0.5216701,1
3,0,0.51775557,1
3,0,0.51828533,1
3,0,0.51865315,1
3,0,0.5167881,1
3,0,0.51640993,1
3,0,0.5176858,1
3,0,0.51601684,1
3,0,0.5154209,1
3,0,0.5175305,1
3,0,0.517039,1
3,0,0.5184264,1
3,0,0.5189349,1
3,0,0.51686287,1
3,0,0.51723975,1
3,0,0.5170078,1
3,0,0.51718706,1
3,0,0.5157277,1
3,0,0.5153844,1
3,0,0.51908195,1
3,0,0.5195391,1
3,0,0.51810926,1
3,0,0.516504,1
3,0,0.5159889,1
3,0,0.5201622,1
3,0,0.5205042,1
3,0,0.518051,1
3,0,0.5187225,1
3,0,0.5202176,1
3,0,0.51778734,1
3,0,0.51709557,1
3,0,0.5176501,1
3,0,0.5133792,1
3,0,0.5171596,1
3,0,0.51431483,1
3,0,0.5156095,1
3,0,0.52050054,1
3,0,0.5202757,1
3,0,0.51894265,1
3,0,0.51804185,1
3,0,0.52002794,1
3,0,0.5229205,1
3,0,0.51854503,1
3,0,0.5209816,1
3,0,0.52106535,1
3,0,0.5209503,1
3,0,0.52350956,1
3,0,0.51866347,1
3,0,0.5146321,1
3,0,0.51529294,1
3,0,0.51805073,1
3,0,0.51803756,1
3,0,0.51663315,1
3,0,0.5133275,1
3,0,0.5132222,1
3,0,0.51740336,1
3,0,0.51085514,1
3,0,0.51561666,1
3,0,0.5126294,1
3,0,0.5181261,1
3,0,0.5192096,1
3,0,0.51698416,1
3,0,0.5173169,1
3,0,0.51927114,1
3,0,0.5195072,1
3,0,0.5193887,1
3,0,0.51957315,1
3,0,0.5212701,1
3,0,0.5190293,1
3,0,0.52152777,1
3,0,0.520941,1
3,0,0.5229189,1
3,0,0.5211485,1
3,0,0.52292556,1
3,0,0.51917917,1
3,0,0.52161807,1
3,1,0.521243,1
3,1,0.52070194,1
3,1,0.52065915,1
3,1,0.5233712,1
3,1,0.5244913,1
3,1,0.52192813,1
3,1,0.5227646,1
3,1,0.52020663,1
3,1,0.5215016,1
3,1,0.5234008,1
3,0,0.51797444,1
3,0,0.516685,1
3,0,0.51917505,1
3,0,0.52189606,1
3,0,0.5194019,1
3,0,0.52165663,1
3,0,0.51881474,1
3,0,0.5198173,1
3,0,0.5219721,1
3,0,0.52210057,1
3,0,0.52104396,1
3,0,0.52131563,1
3,0,0.520343,1
3,0,0.52405417,1
3,0,0.52014506,1
3,0,0.5198383,1
3,0,0.52264196,1
3,0,0.52507454,1
3,0,0.5213799,1
3,0,0.52041256,1
3,0,0.5235883,1
3,0,0.51981395,1
3,0,0.5167263,1
3,0,0.516254,1
3,0,0.5178487,1
3,0,0.5195912,1
3,0,0.5198001,1
3,0,0.51888496,1
3,0,0.5161467,1
3,0,0.51525515,1
3,0,0.5140891,1
3,0,0.5160863,1
3,0,0.516274,1
3,0,0.51652527,1
3,0,0.5155864,1
3,0,0.5165137,1
3,0,0.51777685,1
3,0,0.51869464,1
3,0,0.5163232,1
3,0,0.5151366,1
3,0,0.51629007,1
3,0,0.5163975,1
3,0,0.5194207,1
3,0,0.52120745,1
3,0,0.5207539,1
3,0,0.5195809,1
3,0,0.51693684,1
3,0,0.5183802,1
3,0,0.52125925,1
3,0,0.5174102,1
3,0,0.5171597,1
3,0,0.5220718,1
3,0,0.5245066,1
3,0,0.5237715,1
3,0,0.5227712,1
3,0,0.5186707,1
3,0,0.52035475,1
3,0,0.51798534,1
3,0,0.5180648,1
3,0,0.51854247,1
3,0,0.5186329,1
3,0,0.51704675,1
3,0,0.5153235,1
3,0,0.51828456,1
3,0,0.5202933,1
3,0,0.5189078,1
3,0,0.51872003,1
3,0,0.5188127,1
3,0,0.51979095,1
3,0,0.51909256,1
3,0,0.51931673,1
3,0,0.51967686,1
3,0,0.5174123,1
3,0,0.51651084,1
3,0,0.5195865,1
3,0,0.52194625,1
3,0,0.5159374,1
3,0,0.51739734,1
3,0,0.51979923,1
3,0,0.5199494,1
3,1,0.51911056,1
3,1,0.52381694,1
3,1,0.5227516,1
3,1,0.52353865,1
3,1,0.5219747,1
3,1,0.52319455,1
3,1,0.51643485,1
3,1,0.51944613,1
3,1,0.5185738,1
3,1,0.51839256,1
3,1,0.5190754,1
3,1,0.51772785,1
3,1,0.5188527,1
3,1,0.519773,1
3,1,0.5208917,1
3,1,0.51919234,1
3,1,0.5168797,1
3,1,0.52106595,1
3,1,0.51951665,1
3,1,0.51803434,1
3,0,0.51955634,1
3,0,0.52039045,1
3,0,0.5215327,1
3,0,0.5205643,1
3,0,0.5178325,1
3,0,0.5217709,1
3,0,0.5222205,1
3,0,0.5220674,1
3,0,0.5217078,1
3,0,0.5208184,1
3,0,0.5207443,1
3,0,0.5240253,1
3,0,0.52122724,1
3,0,0.51792645,1
3,0,0.5217351,1
3,0,0.5176541,1
3,0,0.52442825,1
3,0,0.5227734,1
3,0,0.51968527,1
3,0,0.522679,1
3,0,0.5211716,1
3,0,0.52300704,1
3,0,0.5195925,1
3,0,0.5157991,1
3,0,0.52019686,1
3,0,0.5207831,1
3,0,0.5212168,1
3,0,0.5209046,1
3,0,0.5205062,1
3,0,0.52092266,1
3,0,0.51623493,1
3,0,0.52202076,1
3,0,0.5152771,1
3,0,0.5211086,1
3,0,0.5210546,1
3,0,0.52200925,1
3,0,0.5178828,1
3,0,0.51831055,1
3,0,0.5161113,1
3,0,0.5180766,1
3,0,0.52080715,1
3,0,0.51968604,1
3,0,0.5190057,1
3,0,0.5167046,1
3,0,0.5209585,1
3,0,0.5169313,1
3,0,0.52293456,1
3,0,0.51877207,1
3,0,0.52015513,1
3,0,0.5179984,1
3,0,0.52055967,1
3,0,0.5197153,1
3,0,0.5222428,1
3,0,0.5207325,1
3,0,0.5175454,1
3,0,0.52151716,1
3,0,0.51555973,1
3,0,0.51589787,1
3,0,0.5163303,1
3,0,0.5206976,1
3,0,0.5222119,1
3,0,0.5214305,1
3,0,0.5188953,1
3,0,0.5196409,1
3,0,0.5206429,1
3,0,0.5230081,1
3,0,0.5205942,1
3,0,0.52043873,1
3,0,0.5221698,1
3,0,0.523649,1
3,1,0.52063787,1
3,1,0.5224108,1
3,1,0.52056956,1
3,1,0.5225179,1
3,1,0.5221117,1
3,1,0.52349687,1
3,1,0.5216972,1
3,1,0.520032,1
3,1,0.52210325,1
3,1,0.52050525,1
3,1,0.5253459,1
3,1,0.52383065,1
3,1,0.5237203,1
3,1,0.52119297,1
3,1,0.52218014,1
3,1,0.52214473,1
3,1,0.52159667,1
3,1,0.52232367,1
3,1,0.52346957,1
3,1,0.52079636,1
3,0,0.5221855,1
3,0,0.5237233,1
3,0,0.5231641,1
3,0,0.5205439,1
3,0,0.5201908,1
3,0,0.52036047,1
3,0,0.5243654,1
3,0,0.5237478,1
3,0,0.52513176,1
3,0,0.51810205,1
3,0,0.51905924,1
3,0,0.5163682,1
3,0,0.5199836,1
3,0,0.5222488,1
3,0,0.5222457,1
3,0,0.5236336,1
3,1,0.5234297,1
3,1,0.519993,1
3,1,0.52149326,1
3,1,0.5202461,1
3,1,0.5218386,1
3,1,0.52312064,1
3,1,0.52198935,1
3,1,0.5228073,1
3,1,0.5278227,1
3,1,0.52035695,1
3,1,0.5214227,1
3,1,0.5264245,1
3,1,0.52439374,1
3,1,0.5171603,1
3,1,0.6804859,1
3,1,0.6742812,1
3,1,0.6738236,1
3,1,0.6636836,1
3,1,0.6834374,1
3,1,0.6815241,1
3,1,0.68542546,1
3,1,0.5121812,1
3,1,0.5124428,1
3,1,0.51726615,1
3,1,0.51285994,1
3,1,0.51584053,1
3,1,0.5159946,1
3,1,0.52216804,1
3,1,0.51321363,1
3,1,0.52356607,1
3,1,0.5162987,1
3,1,0.5153454,1
3,1,0.5163885,1
3,1,0.51006514,1
3,1,0.5116645,1
3,1,0.51255167,1
3,1,0.5154223,1
3,1,0.5139465,1
3,1,0.5142865,1
3,1,0.5182144,1
3,1,0.5201949,1
3,1,0.5206273,1
3,1,0.51912725,1
3,1,0.5192014,1
3,1,0.5181984,1
3,1,0.5215061,1
3,1,0.5176517,1
3,1,0.5192796,1
3,1,0.51760685,1
3,1,0.5145949,1
3,1,0.51980835,1
3,1,0.5212033,1
3,1,0.5203557,1
3,1,0.5216752,1
3,1,0.5187719,1
3,1,0.5205861,1
3,1,0.5108221,1
3,1,0.5125877,1
3,1,0.5205422,1
3,1,0.51557606,1
3,1,0.5159808,1
3,1,0.5186319,1
3,1,0.52092355,1
3,1,0.5206372,1
3,1,0.5176311,1
3,1,0.5186128,1
3,1,0.52291805,1
3,1,0.51557904,1
3,1,0.52117854,1
3,1,0.5218217,1
3,1,0.5280193,1
3,1,0.52046096,1
3,1,0.52528447,1
3,1,0.5214738,1
3,1,0.52084416,1
3,1,0.52940106,1
3,1,0.52450854,1
3,1,0.52532995,1
3,1,0.52303255,1
3,1,0.5268179,1
3,1,0.51401836,1
3,1,0.5183638,1
3,1,0.51584226,1
3,1,0.522285,1
3,1,0.5186622,1
3,1,0.52675426,1
3,1,0.5206554,1
3,1,0.5177684,1
3,1,0.5165424,1
3,1,0.5217308,1
3,1,0.51471096,1
3,1,0.52038264,1
3,1,0.5236208,1
3,1,0.5203511,1
3,1,0.5216242,1
3,1,0.522079,1
3,1,0.52282435,1
3,1,0.5215198,1
3,1,0.5235581,1
3,1,0.52066064,1
3,1,0.5200447,1
3,1,0.52096,1
3,1,0.52686673,1
3,1,0.5238327,1
3,1,0.5269152,1
3,1,0.52847505,1
3,1,0.52785134,1
3,1,0.52707255,1
3,0,0.51683474,1
3,0,0.5131488,1
3,0,0.51231855,1
3,0,0.51356244,1
3,0,0.51588136,1
3,0,0.51589704,1
3,0,0.5182245,1
3,0,0.5157473,1
3,0,0.517762,1
3,0,0.5155559,1
3,0,0.5159027,1
3,0,0.5163074,1
3,0,0.51930505,1
3,0,0.5189128,1
3,0,0.52324504,1
3,0,0.5263516,1
3,0,0.5278176,1
3,0,0.5258054,1
3,0,0.52121866,1
3,0,0.5234276,1
3,1,0.5186744,1
3,1,0.52144504,1
3,1,0.52164584,1
3,1,0.5212974,1
3,1,0.5186736,1
3,1,0.51497215,1
3,1,0.514283,1
3,1,0.5154818,1
3,1,0.5213868,1
3,1,0.5137784,1
3,1,0.51422095,1
3,1,0.5148997,1
3,1,0.5155449,1
3,1,0.51714605,1
3,1,0.51786375,1
3,1,0.51822346,1
3,1,0.51747435,1
3,1,0.5192251,1
3,1,0.51950437,1
3,1,0.5218989,1
3,1,0.52504146,1
3,1,0.52297777,1
3,1,0.5205395,1
3,1,0.5200222,1
3,1,0.52407545,1
3,0,0.52373517,1
3,0,0.5191225,1
3,0,0.5163644,1
3,0,0.5073024,1
3,0,0.51400965,1
3,0,0.51578707,1
3,0,0.51518065,1
3,0,0.51382214,1
3,0,0.51472604,1
3,0,0.5129073,1
3,0,0.5136005,1
3,0,0.5164358,1
3,0,0.515345,1
3,0,0.51535296,1
3,0,0.51795566,1
3,0,0.5151113,1
3,0,0.51279885,1
3,0,0.5182019,1
3,0,0.5151433,1
3,0,0.51692474,1
3,0,0.5154684,1
3,0,0.5167284,1
3,0,0.5125701,1
3,0,0.5129536,1
3,0,0.5142592,1
3,0,0.5169501,1
3,0,0.52006716,1
3,0,0.51910865,1
3,0,0.5162983,1
3,0,0.51723325,1
3,0,0.51785,1
3,0,0.5163001,1
3,0,0.5151529,1
3,0,0.52046174,1
3,0,0.51684856,1
3,0,0.51739436,1
3,0,0.5140448,1
3,0,0.517012,1
3,0,0.5204686,1
3,0,0.51968724,1
3,0,0.52166045,1
3,0,0.51938367,1
3,0,0.5204705,1
3,0,0.5186905,1
3,0,0.521783,1
3,0,0.5217334,1
3,0,0.5253799,1
3,0,0.5199783,1
3,0,0.5232785,1
3,0,0.52375066,1
3,0,0.523741,1
3,0,0.524099,1
3,0,0.52180654,1
3,0,0.5269675,1
3,0,0.52252275,1
3,0,0.5172987,1
3,0,0.5178597,1
3,0,0.52292234,1
3,0,0.522439,1
3,0,0.51580787,1
3,0,0.51708454,1
3,0,0.51655006,1
3,0,0.5209608,1
3,0,0.5157019,1
3,0,0.5261546,1
3,0,0.51922107,1
3,0,0.52015793,1
3,0,0.5189064,1
3,0,0.5231701,1
3,0,0.5146038,1
3,0,0.51967156,1
3,0,0.52088445,1
3,0,0.5246404,1
3,0,0.52225816,1
3,0,0.52068657,1
3,0,0.5215001,1
3,0,0.52347755,1
3,0,0.5242342,1
3,0,0.5273536,1
3,0,0.52588433,1
3,0,0.5266744,1
3,0,0.5259949,1
3,0,0.5262055,1
3,0,0.52461046,1
3,0,0.526771,1
3,0,0.52632433,1
3,0,0.52692616,1
3,0,0.5290655,1
3,0,0.5245675,1
3,0,0.5270603,1
3,0,0.52265626,1
3,0,0.52391446,1
3,0,0.5241949,1
3,0,0.5225217,1
3,0,0.5209184,1
3,0,0.5191667,1
3,0,0.52367043,1
3,0,0.5235527,1
3,0,0.5230065,1
3,0,0.5262312,1
3,0,0.5170577,1
3,0,0.5271145,1
3,0,0.517786,1
3,0,0.5181317,1
3,0,0.51774025,1
3,0,0.52041256,1
3,0,0.5242884,1
3,0,0.52051836,1
3,0,0.5209269,1
3,0,0.51960427,1
3,0,0.5236409,1
3,0,0.5238599,1
3,0,0.5213529,1
3,0,0.52191013,1
3,0,0.5248862,1
3,0,0.5190095,1
3,0,0.5176422,1
3,0,0.5225899,1
3,0,0.5212035,1
3,0,0.5242624,1
3,0,0.51959383,1
3,0,0.5212144,1
3,0,0.51970536,1
3,0,0.5149934,1
3,0,0.522338,1
3,0,0.52281535,1
3,0,0.51908535,1
3,0,0.5193276,1
3,0,0.51564085,1
3,0,0.5163693,1
3,0,0.52202797,1
3,0,0.5180935,1
3,0,0.5210676,1
3,0,0.5213992,1
3,0,0.51758146,1
3,0,0.51866484,1
3,0,0.5231232,1
3,0,0.51929075,1
3,0,0.5249183,1
3,0,0.5176481,1
3,0,0.51757586,1
3,0,0.51546377,1
3,0,0.5208217,1
3,0,0.51540905,1
3,0,0.5172089,1
3,1,0.5167444,1
3,1,0.5193871,1
3,1,0.5146329,1
3,1,0.5161725,1
3,1,0.5145163,1
3,1,0.5163703,1
3,1,0.5191488,1
3,1,0.51927173,1
3,1,0.5191552,1
3,1,0.51911676,1
3,0,0.52267814,1
3,0,0.5197139,1
3,0,0.5219908,1
3,0,0.5223259,1
3,0,0.52320707,1
3,0,0.5238728,1
3,0,0.5237099,1
3,0,0.5227781,1
3,0,0.52106243,1
3,0,0.5188941,1
3,0,0.5227812,1
3,0,0.52230346,1
3,0,0.5210475,1
3,0,0.522438,1
3,0,0.51997787,1
3,0,0.52232033,1
3,0,0.5273632,1
3,0,0.5224688,1
3,0,0.5228553,1
3,0,0.5206709,1
3,0,0.5227104,1
3,0,0.5245197,1
3,0,0.5228551,1
3,0,0.5207947,1
3,0,0.52357495,1
3,0,0.5221484,1
3,0,0.52382165,1
3,0,0.5186503,1
3,0,0.522844,1
3,0,0.52151924,1
3,0,0.5202848,1
3,0,0.52211463,1
3,0,0.523808,1
3,0,0.52553505,1
3,0,0.5240007,1
3,0,0.52379245,1
3,0,0.52010435,1
3,0,0.5242994,1
3,0,0.5211591,1
3,0,0.5248775,1
3,0,0.5207283,1
3,0,0.5212397,1
3,0,0.52459985,1
3,0,0.52264494,1
3,0,0.525084,1
3,1,0.5240221,1
3,1,0.5221805,1
3,1,0.5267787,1
3,1,0.5228084,1
3,1,0.5256711,1
3,0,0.52650934,1
3,0,0.52196664,1
3,0,0.5218229,1
3,0,0.52242947,1
3,0,0.52169204,1
3,0,0.5209502,1
3,0,0.522716,1
3,0,0.5243461,1
3,0,0.5212504,1
3,0,0.52381355,1
3,0,0.524449,1
3,0,0.5249013,1
3,0,0.52211624,1
3,0,0.523786,1
3,0,0.52692306,1
3,0,0.5251775,1
3,0,0.52112436,1
3,0,0.519832,1
3,0,0.51989233,1
3,0,0.522429,1
3,0,0.51955837,1
3,0,0.5249629,1
3,0,0.5197393,1
3,0,0.5213867,1
3,0,0.5231779,1
3,0,0.52246976,1
3,0,0.52258176,1
3,1,0.52284956,1
3,1,0.5277109,1
3,1,0.52226967,1
3,1,0.5240066,1
3,1,0.5215738,1
3,1,0.5272507,1
3,1,0.52797574,1
3,1,0.52343506,1
3,1,0.52451223,1
3,1,0.5220851,1
3,1,0.5270437,1
3,1,0.5225265,1
3,1,0.5246114,1
3,1,0.5213639,1
3,1,0.5258736,1
3,1,0.5221295,1
3,1,0.52345747,1
3,1,0.52077407,1
3,1,0.52067715,1
3,1,0.5202239,1
3,1,0.5222154,1
3,1,0.5233685,1
3,1,0.51926,1
3,1,0.5218109,1
3,1,0.5216585,1
3,1,0.5209632,1
3,1,0.5193346,1
3,1,0.5215122,1
3,0,0.5195835,1
3,0,0.5212412,1
3,0,0.5210934,1
3,0,0.52407163,1
3,0,0.52314407,1
3,0,0.52010095,1
3,0,0.5213953,1
3,0,0.5204172,1
3,0,0.5197585,1
3,0,0.5202167,1
3,0,0.5223684,1
3,0,0.52050334,1
3,0,0.5221397,1
3,0,0.51961666,1
3,0,0.5255571,1
3,0,0.52301985,1
3,0,0.5224038,1
3,0,0.5239042,1
3,0,0.52753544,1
3,0,0.52352744,1
3,0,0.5243997,1
3,0,0.52381533,1
3,0,0.52500206,1
3,0,0.5228095,1
3,0,0.5222984,1
3,0,0.52408785,1
3,0,0.523496,1
3,1,0.5236085,1
3,1,0.52475643,1
3,1,0.5232939,1
3,1,0.52188504,1
3,1,0.5257717,1
3,1,0.51966923,1
3,1,0.5204025,1
3,1,0.5239359,1
3,1,0.52341837,1
3,1,0.52285826,1
3,1,0.52233136,1
3,1,0.5223073,1
3,1,0.5210236,1
3,1,0.5219449,1
3,1,0.51813376,1
3,1,0.52142364,1
3,1,0.521145,1
3,1,0.5198507,1
3,1,0.51734275,1
3,1,0.52094674,1
3,1,0.51756144,1
3,1,0.519431,1
3,1,0.5173908,1
3,1,0.5182423,1
3,1,0.5165659,1
3,1,0.5185292,1
3,1,0.51811755,1
3,1,0.51738465,1
3,1,0.51841956,1
3,1,0.5170094,1
3,1,0.51976144,1
3,1,0.52048904,1
3,1,0.5171446,1
3,1,0.69691426,1
3,1,0.6968206,1
3,1,0.6977078,1
3,1,0.698776,1
3,1,0.69822365,1
3,1,0.698278,1
3,1,0.69856864,1
3,1,0.69818217,1
3,1,0.6969371,1
3,1,0.6983464,1
3,1,0.70034605,1
3,1,0.6990261,1
3,1,0.69996846,1
3,1,0.6983731,1
3,1,0.6958589,1
3,1,0.6962408,1
3,1,0.69490653,1
3,1,0.6902304,1
3,1,0.69370115,1
3,1,0.6976222,1
3,1,0.6926355,1
3,1,0.69605505,1
3,1,0.6966741,1
3,1,0.69511294,1
3,1,0.69404995,1
3,1,0.68950367,1
3,1,0.6941963,1
3,1,0.6942388,1
3,1,0.694469,1
3,1,0.6953491,1
3,1,0.6941994,1
3,1,0.69280064,1
3,1,0.6979922,1
3,1,0.6994038,1
3,1,0.6966143,1
3,1,0.69581765,1
3,1,0.69821376,1
3,1,0.69808394,1
3,1,0.69378334,1
3,1,0.6935704,1
3,1,0.69427544,1
3,1,0.6945494,1
3,0,0.522629,1
3,0,0.5202262,1
3,0,0.5199811,1
3,0,0.51959735,1
3,0,0.52070785,1
3,0,0.518377,1
3,0,0.5206283,1
3,0,0.5227251,1
3,0,0.5192646,1
3,0,0.5164559,1
3,0,0.5237517,1
3,0,0.5217201,1
3,0,0.5184607,1
3,0,0.52393365,1
3,0,0.5251747,1
3,0,0.5172947,1
3,0,0.518483,1
3,0,0.5219023,1
3,0,0.5226408,1
3,0,0.5238212,1
3,0,0.5277837,1
3,0,0.5239968,1
3,0,0.5277546,1
3,0,0.52595097,1
3,0,0.5262742,1
3,0,0.52885437,1
3,0,0.5226131,1
3,0,0.5223885,1
3,0,0.52117276,1
3,0,0.52117294,1
3,0,0.52520174,1
3,0,0.5249713,1
3,0,0.52478707,1
3,0,0.5195938,1
3,0,0.52048975,1
3,0,0.52139646,1
3,0,0.5238711,1
3,0,0.524327,1
3,0,0.5208586,1
3,0,0.52427036,1
3,0,0.5223892,1
3,0,0.5210896,1
3,0,0.52221423,1
3,0,0.5249627,1
3,0,0.5232815,1
3,0,0.52356315,1
3,0,0.52254134,1
3,0,0.5214571,1
3,0,0.5222992,1
3,0,0.5225097,1
3,0,0.5253931,1
3,0,0.5251045,1
3,0,0.5238588,1
3,0,0.52527356,1
3,0,0.5231737,1
3,0,0.5231197,1
3,0,0.5218633,1
3,0,0.52279055,1
3,0,0.52422744,1
3,0,0.521934,1
3,0,0.5233096,1
3,0,0.520305,1
3,0,0.52679557,1
3,0,0.5252677,1
3,0,0.5249666,1
3,0,0.52234024,1
3,0,0.5249734,1
3,0,0.5247277,1
3,0,0.52232975,1
3,0,0.524589,1
3,0,0.5227351,1
3,0,0.52439225,1
3,0,0.522356,1
3,0,0.5226487,1
3,0,0.5242024,1
3,0,0.52017176,1
3,0,0.52248865,1
3,0,0.5245517,1
3,0,0.52081376,1
3,0,0.5240277,1
3,0,0.5222935,1
3,0,0.5199385,1
3,0,0.5239794,1
3,0,0.52281153,1
3,0,0.52393115,1
3,0,0.5225089,1
3,0,0.5266385,1
3,0,0.5254765,1
3,0,0.52255434,1
3,0,0.52527684,1
3,0,0.5259711,1
3,0,0.52115357,1
3,0,0.5242778,1
3,0,0.52499795,1
3,0,0.52165645,1
3,0,0.52895635,1
3,0,0.52113307,1
3,0,0.5242989,1
3,0,0.5234964,1
3,0,0.5215957,1
3,0,0.5223221,1
3,0,0.5227331,1
3,0,0.5253002,1
3,0,0.5220038,1
3,0,0.5228673,1
3,0,0.52262163,1
3,0,0.5221226,1
3,0,0.52434874,1
3,0,0.52263963,1
3,0,0.52613145,1
3,0,0.5261495,1
3,0,0.52658623,1
3,0,0.52618694,1
3,0,0.52570456,1
3,0,0.5264837,1
3,0,0.5249645,1
3,0,0.5242266,1
3,0,0.52311015,1
3,0,0.52481997,1
3,0,0.5240878,1
3,0,0.52292794,1
3,0,0.52326167,1
3,0,0.5243035,1
3,0,0.52465653,1
3,0,0.5223444,1
3,0,0.522668,1
3,0,0.52608955,1
3,0,0.52375346,1
3,0,0.52403444,1
3,0,0.52601916,1
3,0,0.5280707,1
3,0,0.52425945,1
3,0,0.5250124,1
3,0,0.5267163,1
3,0,0.52724886,1
3,0,0.5272314,1
3,0,0.52752715,1
3,0,0.5259497,1
3,0,0.5287702,1
3,0,0.5219913,1
3,0,0.52483827,1
3,0,0.5270259,1
3,0,0.5247358,1
3,0,0.52439773,1
3,0,0.52704436,1
3,0,0.5264642,1
3,0,0.52121955,1
3,0,0.52347046,1
3,0,0.52319044,1
3,0,0.52641,1
3,0,0.5246704,1
3,0,0.5259855,1
3,0,0.5253231,1
3,0,0.5237281,1
3,0,0.52339387,1
3,0,0.5254431,1
3,0,0.52564526,1
3,0,0.5279771,1
3,0,0.52839875,1
3,0,0.525134,1
3,0,0.52675575,1
3,0,0.5213473,1
3,0,0.52494496,1
3,0,0.5235622,1
3,0,0.5260254,1
3,0,0.52561677,1
3,0,0.5238558,1
3,0,0.5257098,1
3,0,0.52611536,1
3,0,0.5249102,1
3,0,0.52679014,1
3,0,0.528354,1
3,0,0.527726,1
3,0,0.52615213,1
3,0,0.52608156,1
3,0,0.5261878,1
3,0,0.5272377,1
3,0,0.5283401,1
3,0,0.52551216,1
3,0,0.5267734,1
3,0,0.5248237,1
3,0,0.523743,1
3,0,0.5227249,1
3,0,0.527268,1
3,0,0.5270441,1
3,0,0.5286931,1
3,0,0.52305967,1
3,0,0.5248124,1
3,0,0.52569836,1
3,0,0.52648425,1
3,0,0.52741605,1
3,0,0.52753633,1
3,0,0.52645123,1
3,0,0.52956676,1
3,0,0.52442515,1
3,0,0.52500355,1
3,0,0.52732986,1
3,0,0.526054,1
3,0,0.5240344,1
3,0,0.5267833,1
3,0,0.5210285,1
3,0,0.52353746,1
3,0,0.525197,1
3,0,0.5254128,1
3,0,0.523967,1
3,0,0.5258985,1
3,0,0.52456486,1
3,0,0.52913815,1
3,0,0.5260362,1
3,0,0.5260546,1
3,0,0.5252142,1
3,0,0.525478,1
3,0,0.5265807,1
3,0,0.5271117,1
3,0,0.5202828,1
3,0,0.52491367,1
3,0,0.5257833,1
3,0,0.526129,1
3,0,0.52323794,1
3,0,0.52656454,1
3,0,0.52276075,1
3,0,0.52142984,1
3,0,0.5254933,1
3,0,0.5226448,1
3,0,0.5242459,1
3,0,0.5244496,1
3,0,0.52254426,1
3,0,0.5243788,1
3,0,0.523695,1
3,0,0.52712417,1
3,0,0.5225822,1
3,0,0.52545214,1
3,0,0.52831364,1
3,0,0.52853954,1
3,0,0.5250763,1
3,0,0.5287229,1
3,0,0.526665,1
3,0,0.52607846,1
3,0,0.52638507,1
3,0,0.5206112,1
3,0,0.522592,1
3,0,0.5261888,1
3,0,0.5245894,1
3,0,0.52514315,1
3,0,0.5206925,1
3,0,0.5245935,1
3,0,0.5243422,1
3,0,0.5291666,1
3,0,0.5276986,1
3,0,0.522898,1
3,0,0.52538544,1
3,0,0.52558166,1
3,0,0.52286065,1
3,0,0.52198267,1
3,0,0.52232295,1
3,0,0.52228254,1
3,0,0.5239588,1
3,0,0.5200739,1
3,0,0.519363,1
3,0,0.52323043,1
3,0,0.5198488,1
3,0,0.52364177,1
3,0,0.5242742,1
3,0,0.5194804,1
3,0,0.52582777,1
3,0,0.52571386,1
3,0,0.5251127,1
3,0,0.5287252,1
3,0,0.52415526,1
3,0,0.52346325,1
3,0,0.52436817,1
3,0,0.52216446,1
3,0,0.52320355,1
3,0,0.5243765,1
3,0,0.5252092,1
3,0,0.523399,1
3,0,0.5224119,1
3,0,0.52120024,1
3,0,0.5234694,1
3,0,0.5233196,1
3,0,0.5245824,1
3,0,0.52050805,1
3,0,0.5221577,1
3,0,0.5159503,1
3,0,0.5207824,1
3,0,0.5268352,1
3,0,0.52307236,1
3,0,0.52259105,1
3,0,0.5248464,1
3,0,0.52040124,1
3,0,0.52134204,1
3,0,0.5267195,1
3,0,0.5236795,1
3,0,0.5253357,1
3,0,0.5233868,1
3,0,0.5192629,1
3,0,0.5231688,1
3,0,0.5217084,1
3,0,0.51956546,1
3,0,0.5239452,1
3,0,0.52221286,1
3,0,0.52200997,1
3,0,0.5235982,1
3,0,0.52346283,1
3,0,0.5216977,1
3,0,0.5240865,1
3,0,0.5211208,1
3,0,0.5210968,1
3,0,0.5215026,1
3,0,0.5213995,1
3,0,0.51974976,1
3,0,0.5204917,1
3,0,0.52035093,1
3,0,0.5211202,1
3,0,0.52132046,1
3,0,0.5223225,1
3,0,0.5207774,1
3,0,0.52399015,1
3,0,0.52000654,1
3,0,0.52024174,1
3,0,0.52477825,1
3,0,0.52200794,1
3,0,0.52218914,1
3,0,0.52290124,1
3,1,0.52124345,1
3,1,0.5213283,1
3,1,0.5219667,1
3,1,0.52011853,1
3,1,0.5242029,1
3,1,0.52091086,1
3,1,0.5209623,1
3,1,0.5227237,1
3,1,0.5237729,1
3,1,0.52576226,1
3,1,0.50967056,1
3,1,0.51040906,1
3,1,0.5091222,1
3,1,0.510359,1
3,1,0.5115041,1
3,1,0.5120853,1
3,1,0.5097464,1
3,1,0.5091537,1
3,1,0.51063305,1
3,1,0.5116316,1
3,1,0.51158017,1
3,1,0.5090412,1
3,1,0.5095236,1
3,1,0.510806,1
3,1,0.51340854,1
3,0,0.5167583,1
3,0,0.51879925,1
3,0,0.5140165,1
3,0,0.51788,1
3,0,0.5158969,1
3,0,0.5171808,1
3,0,0.51800257,1
3,0,0.51625293,1
3,0,0.51904213,1
3,0,0.5185808,1
3,0,0.5181308,1
3,0,0.5197163,1
3,0,0.5204206,1
3,0,0.521329,1
3,0,0.5228214,1
3,0,0.51843894,1
3,0,0.51863015,1
3,0,0.5200022,1
3,0,0.51516443,1
3,0,0.51629996,1
3,0,0.5167376,1
3,0,0.5201248,1
3,0,0.5150676,1
3,0,0.5205603,1
3,0,0.52081954,1
3,0,0.521955,1
3,0,0.5210042,1
3,0,0.52419627,1
3,0,0.52338994,1
3,0,0.5228793,1
3,0,0.52079976,1
3,0,0.52211237,1
3,0,0.5216794,1
3,0,0.5191458,1
3,0,0.5206122,1
3,0,0.5167315,1
3,0,0.5197718,1
3,0,0.5178035,1
3,0,0.51811,1
3,0,0.52140206,1
3,0,0.51748204,1
3,0,0.5181454,1
3,0,0.5211691,1
3,0,0.5195067,1
3,0,0.5189528,1
3,0,0.5189962,1
3,0,0.52290326,1
3,0,0.5216905,1
3,0,0.5215645,1
3,0,0.5235878,1
3,0,0.52125555,1
3,0,0.5224071,1
3,0,0.52277756,1
3,0,0.52190477,1
3,0,0.52222794,1
3,0,0.5244525,1
3,0,0.52060336,1
3,0,0.5185446,1
3,0,0.51970744,1
3,0,0.51998156,1
3,0,0.5187869,1
3,0,0.5168679,1
3,0,0.51821786,1
3,0,0.5159825,1
3,0,0.5198266,1
3,0,0.51926243,1
3,0,0.5197652,1
3,0,0.51771706,1
3,0,0.5230638,1
3,0,0.5190906,1
3,0,0.5216695,1
3,0,0.52208996,1
3,0,0.5212022,1
3,0,0.5189257,1
3,0,0.52091736,1
3,0,0.5183087,1
3,0,0.51862586,1
3,0,0.51833224,1
3,0,0.5190105,1
3,0,0.5224723,1
3,0,0.5199539,1
3,0,0.5175195,1
3,0,0.5227768,1
3,0,0.51767707,1
3,0,0.5199072,1
3,0,0.5168591,1
3,0,0.5160569,1
3,0,0.51667684,1
3,0,0.51553655,1
3,0,0.5197526,1
3,0,0.5204005,1
3,0,0.51918215,1
3,0,0.521637,1
3,0,0.5207838,1
3,0,0.5225402,1
3,0,0.52150655,1
3,0,0.5219642,1
3,0,0.51738477,1
3,0,0.51871514,1
3,0,0.5163008,1
3,0,0.51933,1
3,0,0.5193914,1
3,0,0.51839864,1
3,0,0.52041376,1
3,0,0.5162583,1
3,0,0.51745075,1
3,0,0.51857686,1
3,0,0.5183455,1
3,0,0.51568294,1
3,0,0.5199013,1
3,0,0.51795954,1
3,0,0.51891094,1
3,0,0.5175547,1
3,0,0.5174832,1
3,0,0.5140162,1
3,0,0.51702374,1
3,0,0.5155838,1
3,0,0.51651037,1
3,0,0.5197461,1
3,0,0.5154338,1
3,0,0.51995313,1
3,0,0.51590407,1
3,0,0.5164972,1
3,0,0.5186677,1
3,0,0.5171664,1
3,0,0.5173201,1
3,0,0.51636505,1
3,0,0.51870114,1
3,0,0.5211593,1
3,1,0.52136636,1
3,1,0.5208122,1
3,1,0.5212855,1
3,1,0.5209768,1
3,1,0.51883626,1
3,1,0.51967204,1
3,1,0.5172842,1
3,1,0.51981854,1
3,1,0.5221812,1
3,1,0.52029365,1
3,1,0.52082974,1
3,1,0.5196592,1
3,1,0.52052623,1
3,1,0.52225363,1
3,1,0.5218836,1
3,0,0.5196504,1
3,0,0.5186073,1
3,0,0.5165861,1
3,0,0.5156513,1
3,0,0.5182324,1
3,0,0.52213246,1
3,0,0.522498,1
3,0,0.51734865,1
3,0,0.517631,1
3,0,0.5170914,1
3,0,0.52128184,1
3,0,0.51780474,1
3,0,0.52377665,1
3,0,0.52112514,1
3,0,0.5208348,1
3,0,0.5233824,1
3,0,0.5214806,1
3,0,0.52132004,1
3,0,0.52150893,1
3,0,0.521121,1
3,0,0.5206278,1
3,0,0.523467,1
3,0,0.5233355,1
3,0,0.5240424,1
3,0,0.52077895,1
3,0,0.52432287,1
3,0,0.52090764,1
3,0,0.51945937,1
3,0,0.5203883,1
3,0,0.5203361,1
3,0,0.52137244,1
3,0,0.51879865,1
3,0,0.5210223,1
3,0,0.51535535,1
3,0,0.51494914,1
3,0,0.5158026,1
3,0,0.5185934,1
3,0,0.51919603,1
3,0,0.51556367,1
3,0,0.5170797,1
3,0,0.5152716,1
3,0,0.517252,1
3,0,0.51608384,1
3,0,0.5160243,1
3,0,0.51457566,1
3,1,0.51384133,1
3,1,0.5114177,1
3,1,0.5138746,1
3,1,0.51555943,1
3,1,0.5173922,1
3,1,0.51907784,1
3,1,0.51480955,1
3,1,0.5142999,1
3,1,0.5188014,1
3,1,0.51584196,1
3,1,0.5153045,1
3,1,0.5164985,1
3,1,0.51946515,1
3,1,0.51579803,1
3,1,0.5153659,1
3,1,0.5156343,1
3,1,0.51827675,1
3,1,0.5167106,1
3,0,0.513728,1
3,0,0.51204646,1
3,0,0.51378524,1
3,0,0.51590705,1
3,0,0.5123482,1
3,1,0.66950035,1
3,1,0.6763128,1
3,1,0.6602925,1
3,1,0.661807,1
3,1,0.66216385,1
3,1,0.6706132,1
3,1,0.6695893,1
3,1,0.66893846,1
3,1,0.6736804,1
3,1,0.6727255,1
3,1,0.66335994,1
3,1,0.6725005,1
3,1,0.657473,1
3,1,0.66393113,1
3,1,0.6668088,1
3,1,0.6555962,1
3,1,0.66829246,1
3,1,0.6527025,1
3,1,0.6645118,1
3,1,0.64576834,1
3,1,0.6438821,1
3,1,0.64492255,1
3,1,0.6481869,1
3,1,0.6473001,1
3,1,0.5723198,1
3,1,0.5866819,1
3,1,0.5757124,1
3,1,0.565054,1
3,1,0.5680397,1
3,1,0.5734357,1
3,1,0.5607654,1
3,1,0.51681983,1
3,1,0.5198931,1
3,1,0.51241285,1
3,1,0.519992,1
3,1,0.5213882,1
3,1,0.515155,1
3,1,0.51598144,1
3,1,0.5185472,1
3,1,0.51607424,1
3,1,0.5141155,1
3,1,0.51703703,1
3,0,0.51979244,1
3,0,0.5172841,1
3,0,0.5199418,1
3,0,0.518929,1
3,0,0.52164716,1
3,0,0.5202768,1
3,0,0.517249,1
3,0,0.52117276,1
3,0,0.5150236,1
3,0,0.5153608,1
3,0,0.5159389,1
3,0,0.52042407,1
3,0,0.52184963,1
3,0,0.5211158,1
3,0,0.5183454,1
3,0,0.51904887,1
3,0,0.520397,1
3,0,0.5228376,1
3,0,0.52028465,1
3,0,0.5202768,1
3,0,0.5220825,1
3,0,0.52325875,1
3,0,0.52038234,1
3,0,0.5222653,1
3,0,0.5205436,1
3,0,0.52244526,1
3,1,0.51706624,1
3,1,0.51758915,1
3,1,0.51793134,1
3,1,0.5105039,1
3,1,0.51278114,1
3,1,0.5109301,1
3,1,0.51604474,1
3,1,0.5129826,1
3,0,0.51355225,1
3,0,0.51436245,1
3,0,0.51308024,1
3,0,0.5123793,1
3,0,0.513924,1
3,1,0.5138778,1
3,1,0.51226896,1
3,1,0.5118346,1
3,1,0.5111338,1
3,1,0.5123575,1
3,1,0.51399237,1
3,1,0.5130512,1
3,1,0.5120454,1
3,1,0.51231897,1
3,1,0.51414996,1
3,1,0.5137278,1
3,1,0.51430094,1
3,1,0.5132231,1
3,1,0.51233566,1
3,1,0.51345485,1
3,1,0.5145625,1
3,1,0.51221454,1
3,1,0.5122828,1
3,1,0.51317656,1
3,1,0.5138132,1
3,1,0.5132134,1
3,1,0.51667833,1
3,1,0.51539326,1
3,1,0.5158838,1
3,1,0.5147045,1
3,0,0.51191795,1
3,0,0.516107,1
3,0,0.5142305,1
3,0,0.5158186,1
3,0,0.5149837,1
3,0,0.5157029,1
3,0,0.51647097,1
3,0,0.5146188,1
3,0,0.51775956,1
3,0,0.5141792,1
3,0,0.5142315,1
3,0,0.5136954,1
3,0,0.513433,1
3,0,0.5156041,1
3,0,0.5145419,1
3,0,0.51501274,1
3,0,0.51572174,1
3,0,0.51348305,1
3,0,0.5155197,1
3,0,0.51414335,1
3,0,0.51345026,1
3,0,0.5125566,1
3,0,0.5156036,1
3,0,0.513913,1
3,0,0.51359355,1
3,0,0.5141536,1
3,0,0.5172134,1
3,0,0.5128422,1
3,0,0.5157554,1
3,0,0.51441723,1
3,0,0.51609373,1
3,0,0.5134307,1
3,0,0.5150258,1
3,0,0.51537514,1
3,0,0.51412857,1
3,0,0.5155948,1
3,0,0.51615936,1
3,0,0.5164507,1
3,0,0.5153184,1
3,0,0.5151482,1
3,0,0.5160352,1
3,0,0.5153998,1
3,0,0.5152978,1
3,0,0.51548773,1
3,0,0.5159975,1
3,0,0.51637983,1
3,0,0.5147212,1
3,0,0.51251745,1
3,0,0.5147454,1
3,0,0.5152804,1
3,0,0.51235074,1
3,0,0.5134567,1
3,0,0.5126132,1
3,0,0.5145008,1
3,0,0.5124894,1
3,0,0.5144584,1
3,0,0.511508,1
3,0,0.51030934,1
3,0,0.5106592,1
3,0,0.5121227,1
3,1,0.5118346,1
3,1,0.51161456,1
3,1,0.5099276,1
3,1,0.50961596,1
3,1,0.5131357,1
3,1,0.5110894,1
3,1,0.510085,1
3,1,0.5085999,1
3,1,0.5117946,1
3,1,0.5083251,1
3,0,0.5114134,1
3,0,0.5118365,1
3,0,0.5115386,1
3,0,0.5118604,1
3,0,0.5121797,1
3,0,0.51188505,1
3,0,0.5127577,1
3,0,0.51343554,1
3,0,0.5113338,1
3,0,0.5108959,1
3,1,0.5101691,1
3,1,0.51080924,1
3,1,0.5129382,1
3,1,0.5119461,1
3,1,0.5110784,1
3,1,0.5114266,1
3,1,0.5130082,1
3,1,0.5094599,1
3,1,0.511474,1
3,1,0.5127816,1
3,1,0.50941265,1
3,1,0.50862485,1
3,1,0.51197594,1
3,1,0.51142734,1
3,1,0.5104447,1
3,0,0.51299673,1
3,0,0.5126816,1
3,0,0.51073456,1
3,0,0.51251006,1
3,0,0.512249,1
3,0,0.5127627,1
3,0,0.51022094,1
3,0,0.5122212,1
3,0,0.5104982,1
3,0,0.5096074,1
3,0,0.51329225,1
3,0,0.5096393,1
3,0,0.5133615,1
3,0,0.5127235,1
3,0,0.51251686,1
3,0,0.5155985,1
3,0,0.5130344,1
3,0,0.5129992,1
3,0,0.5130824,1
3,0,0.51360524,1
3,0,0.51288825,1
3,0,0.51293224,1
3,0,0.5119728,1
3,0,0.5139096,1
3,0,0.514701,1
3,0,0.51584524,1
3,0,0.5161417,1
3,0,0.51396334,1
3,0,0.5154289,1
3,0,0.51635766,1
3,0,0.5167116,1
3,0,0.5145561,1
3,0,0.51331836,1
3,0,0.5108963,1
3,0,0.51179814,1
3,0,0.51114744,1
3,0,0.51393175,1
3,0,0.51308477,1
3,0,0.5123588,1
3,0,0.5126758,1
3,0,0.51380074,1
3,0,0.517102,1
3,0,0.51513356,1
3,0,0.5141108,1
3,0,0.51434016,1
3,1,0.51377875,1
3,1,0.514826,1
3,1,0.51364905,1
3,1,0.5144458,1
3,1,0.51532793,1
3,1,0.5128634,1
3,1,0.51191676,1
3,1,0.5145735,1
3,1,0.51109,1
3,1,0.5125354,1
3,0,0.5124822,1
3,0,0.51453114,1
3,0,0.5121517,1
3,0,0.51171446,1
3,0,0.5106371,1
3,0,0.51362824,1
3,0,0.51026654,1
3,0,0.5114287,1
3,0,0.5079426,1
3,0,0.510854,1
3,0,0.5101803,1
3,0,0.5113431,1
3,0,0.50993496,1
3,0,0.5089445,1
3,0,0.5094781,1
3,0,0.51147866,1
3,0,0.510291,1
3,0,0.50965065,1
3,0,0.51105475,1
3,0,0.51313424,1
3,0,0.5097792,1
3,0,0.51109666,1
3,0,0.510607,1
3,0,0.50994354,1
3,0,0.50950974,1
3,0,0.5084079,1
3,0,0.5093331,1
3,0,0.51003337,1
3,0,0.5128588,1
3,0,0.51204824,1
3,0,0.5102834,1
3,0,0.51000834,1
3,0,0.5120762,1
3,0,0.51374656,1
3,0,0.512102,1
3,0,0.51037335,1
3,0,0.51074487,1
3,0,0.5119727,1
3,0,0.5114351,1
3,0,0.51157993,1
3,1,0.51776326,1
3,1,0.5227744,1
3,1,0.5240464,1
3,1,0.520564,1
3,1,0.5193095,1
3,1,0.5210722,1
3,1,0.5221821,1
3,1,0.5174981,1
3,1,0.52271914,1
3,1,0.5216576,1
3,1,0.5239891,1
3,1,0.5214644,1
3,1,0.52214277,1
3,1,0.5217153,1
3,1,0.52513206,1
3,1,0.5242322,1
3,1,0.51846755,1
3,1,0.5207454,1
3,1,0.52563834,1
3,1,0.5178092,1
3,1,0.51677096,1
3,1,0.5176393,1
3,1,0.51602983,1
3,1,0.5175833,1
3,1,0.51577157,1
3,1,0.51582503,1
3,1,0.51776797,1
3,1,0.51962364,1
3,1,0.5177997,1
3,1,0.5148976,1
3,1,0.51603615,1
3,1,0.51445276,1
3,1,0.5157509,1
3,1,0.51793325,1
3,1,0.517618,1
3,1,0.5158517,1
3,1,0.5151271,1
3,1,0.51668996,1
3,1,0.51619196,1
3,1,0.5158855,1
3,1,0.51471126,1
3,1,0.5124194,1
3,1,0.5122461,1
3,1,0.5108574,1
3,1,0.5108366,1
3,1,0.5129695,1
3,1,0.51213264,1
3,1,0.51428616,1
3,1,0.5118008,1
3,1,0.51097757,1
3,1,0.54032785,1
3,1,0.5411958,1
3,1,0.5378404,1
3,1,0.5513799,1
3,1,0.550964,1
3,1,0.5406021,1
3,1,0.5506198,1
3,1,0.54233986,1
3,1,0.55081457,1
3,1,0.5349401,1
3,1,0.5423546,1
3,1,0.5441889,1
3,1,0.5426846,1
3,1,0.55008477,1
3,1,0.5435627,1
3,1,0.51876813,1
3,1,0.5178316,1
3,1,0.5139335,1
3,1,0.5202796,1
3,1,0.5177304,1
3,1,0.5153052,1
3,1,0.51530206,1
3,1,0.5161788,1
3,1,0.5161442,1
3,1,0.5228537,1
3,1,0.5187381,1
3,1,0.51775026,1
3,1,0.518421,1
3,1,0.5160151,1
3,0,0.5203365,1
3,0,0.5164756,1
3,0,0.5180331,1
3,0,0.516804,1
3,0,0.5147152,1
3,0,0.5135893,1
3,0,0.517208,1
3,0,0.51728696,1
3,0,0.51672614,1
3,0,0.51960367,1
3,0,0.5178581,1
3,0,0.514095,1
3,0,0.513951,1
3,0,0.5183462,1
3,0,0.5148302,1
3,0,0.5167979,1
3,0,0.52045226,1
3,0,0.52057016,1
3,0,0.52050257,1
3,0,0.5188602,1
3,0,0.51950717,1
3,0,0.52171457,1
3,0,0.51631004,1
3,0,0.5194623,1
3,0,0.5149995,1
3,0,0.5184215,1
3,0,0.5174056,1
3,0,0.51469487,1
3,0,0.5157389,1
3,0,0.5153049,1
3,0,0.5149684,1
3,0,0.5174972,1
3,0,0.5187287,1
3,0,0.5183598,1
3,0,0.5175022,1
3,0,0.5167864,1
3,0,0.5174553,1
3,0,0.518506,1
3,0,0.51361114,1
3,0,0.51523334,1
3,0,0.51542294,1
3,0,0.5169242,1
3,0,0.5143742,1
3,0,0.5174427,1
3,0,0.5195527,1
3,0,0.5205817,1
3,0,0.5182025,1
3,0,0.5224842,1
3,0,0.52093595,1
3,0,0.51991516,1
3,0,0.5206085,1
3,0,0.51846945,1
3,0,0.51924944,1
3,0,0.5196632,1
3,0,0.5169248,1
3,0,0.5189072,1
3,0,0.51435554,1
3,0,0.5170478,1
3,0,0.5160032,1
3,0,0.51676434,1
3,0,0.51968,1
3,0,0.51591593,1
3,0,0.5172714,1
3,0,0.5197336,1
3,0,0.51834613,1
3,0,0.5188322,1
3,0,0.51752746,1
3,0,0.5192905,1
3,0,0.5197344,1
3,0,0.5202419,1
3,0,0.521781,1
3,0,0.5205811,1
3,0,0.52058613,1
3,0,0.5207761,1
3,0,0.5194297,1
3,0,0.5189975,1
3,0,0.52194816,1
3,0,0.5172248,1
3,0,0.515868,1
3,0,0.5176142,1
3,0,0.5187118,1
3,0,0.5172551,1
3,0,0.5156358,1
3,0,0.5167061,1
3,0,0.5145299,1
3,0,0.51792556,1
3,0,0.51708335,1
3,0,0.5176968,1
3,0,0.5159435,1
3,0,0.51937026,1
3,0,0.51656127,1
3,0,0.5182596,1
3,0,0.5192656,1
3,0,0.51808935,1
3,0,0.5163351,1
3,0,0.51834935,1
3,0,0.5167928,1
3,0,0.5148961,1
3,0,0.5139281,1
3,0,0.51609755,1
3,0,0.51837873,1
3,0,0.51657534,1
3,1,0.51537883,1
3,1,0.51936746,1
3,1,0.51498145,1
3,1,0.51801723,1
3,1,0.5141143,1
3,1,0.51469445,1
3,1,0.5153144,1
3,1,0.51493174,1
3,1,0.5180787,1
3,1,0.51993555,1
3,1,0.51924014,1
3,1,0.5203639,1
3,1,0.51835346,1
3,1,0.51983756,1
3,1,0.51689947,1
3,1,0.51755625,1
3,1,0.51520705,1
3,1,0.5163032,1
3,0,0.51294655,1
3,0,0.5171557,1
3,0,0.5165179,1
3,0,0.516939,1
3,0,0.5189193,1
3,0,0.5142575,1
3,0,0.51560706,1
3,0,0.5176481,1
3,0,0.5193069,1
3,0,0.5146809,1
3,0,0.51923466,1
3,0,0.5161667,1
3,0,0.51434624,1
3,0,0.5152425,1
3,0,0.5147648,1
3,0,0.5120807,1
3,0,0.51273835,1
3,0,0.51298106,1
3,0,0.51332307,1
3,0,0.5160729,1
3,0,0.5128942,1
3,0,0.5148089,1
3,0,0.5112448,1
3,0,0.51274514,1
3,0,0.5158526,1
3,0,0.514546,1
3,0,0.5138873,1
3,0,0.51376325,1
3,0,0.5154746,1
3,0,0.51845026,1
3,0,0.5185347,1
3,0,0.51734793,1
3,0,0.51712155,1
3,0,0.5178059,1
3,0,0.5177313,1
3,0,0.5169606,1
3,0,0.51441526,1
3,0,0.5154703,1
3,0,0.51756686,1
3,0,0.51590645,1
3,0,0.5171137,1
3,0,0.5176253,1
3,0,0.5178443,1
3,0,0.51983464,1
3,0,0.5185684,1
3,0,0.51591104,1
3,0,0.51783305,1
3,0,0.51663315,1
3,0,0.5120963,1
3,0,0.5162466,1
3,0,0.5212544,1
3,0,0.52146935,1
3,0,0.5169534,1
3,0,0.5172959,1
3,0,0.5153102,1
3,0,0.51904607,1
3,0,0.5167134,1
3,0,0.52251804,1
3,0,0.51760423,1
3,0,0.5169804,1
3,0,0.5190047,1
3,0,0.51981366,1
3,0,0.5173926,1
3,0,0.52227026,1
3,0,0.5198784,1
3,0,0.52112854,1
3,0,0.5196679,1
3,0,0.5224029,1
3,0,0.5222495,1
3,0,0.5207949,1
3,0,0.5232814,1
3,0,0.5200702,1
3,0,0.51721776,1
3,0,0.51846015,1
3,0,0.51897,1
3,0,0.5186123,1
3,0,0.5158364,1
3,0,0.51702297,1
3,0,0.5164676,1
3,0,0.5136083,1
3,0,0.51481664,1
3,0,0.5164638,1
3,0,0.51848716,1
3,0,0.5147246,1
3,0,0.5150665,1
3,0,0.51537883,1
3,0,0.51512164,1
3,0,0.5122533,1
3,0,0.5145521,1
3,0,0.51418,1
3,0,0.51499057,1
3,0,0.51281816,1
3,0,0.5141526,1
3,0,0.5152206,1
3,0,0.5139614,1
3,0,0.5184102,1
3,0,0.51238656,1
3,0,0.51261777,1
3,0,0.5169631,1
3,0,0.5126409,1
3,0,0.5113204,1
3,0,0.5137887,1
3,0,0.5155564,1
3,0,0.5105605,1
3,0,0.51012725,1
3,1,0.5101282,1
3,1,0.5104026,1
3,1,0.5121158,1
3,1,0.51208675,1
3,1,0.50786155,1
3,1,0.5092908,1
3,1,0.50874287,1
3,1,0.5101892,1
3,1,0.5104425,1
3,1,0.510039,1
3,1,0.5128647,1
3,1,0.51223886,1
3,1,0.5121301,1
3,1,0.5129283,1
3,1,0.51119584,1
3,1,0.5122372,1
3,1,0.5093543,1
3,1,0.50892884,1
3,1,0.5110308,1
3,1,0.5094755,1
3,1,0.51231474,1
3,1,0.5095597,1
3,1,0.5118224,1
3,1,0.5116913,1
3,1,0.511836,1
3,1,0.5122249,1
3,1,0.5108032,1
3,1,0.51002574,1
3,1,0.5234416,1
3,1,0.5236279,1
3,1,0.5250246,1
3,1,0.5260639,1
3,1,0.5214799,1
3,1,0.5219057,1
3,1,0.52495104,1
3,1,0.52005327,1
3,1,0.52043545,1
3,1,0.51860046,1
3,1,0.5202401,1
3,1,0.52273566,1
3,1,0.5252522,1
3,1,0.5256673,1
3,1,0.52458847,1
3,1,0.52032125,1
3,1,0.52237874,1
3,1,0.52215004,1
3,1,0.5200951,1
3,1,0.52074116,1
3,1,0.5233531,1
3,1,0.5197463,1
3,1,0.5245262,1
3,1,0.52487594,1
3,1,0.5246194,1
3,1,0.52386546,1
3,1,0.5216817,1
3,1,0.5219691,1
3,0,0.52584934,1
3,0,0.53083915,1
3,0,0.5209297,1
3,0,0.5226148,1
3,0,0.5265478,1
3,0,0.52616966,1
3,0,0.52664304,1
3,0,0.527887,1
3,0,0.52780807,1
3,0,0.52269226,1
3,0,0.53082687,1
3,0,0.5304079,1
3,0,0.5277194,1
3,0,0.52783376,1
3,0,0.5301654,1
3,0,0.5191062,1
3,0,0.5223162,1
3,0,0.5183921,1
3,0,0.5212288,1
3,0,0.519407,1
3,0,0.5178116,1
3,0,0.51882464,1
3,0,0.51961756,1
3,0,0.51525617,1
3,0,0.5184251,1
3,0,0.5167142,1
3,0,0.5210398,1
3,0,0.5195653,1
3,0,0.52120423,1
3,0,0.52147067,1
3,0,0.5212134,1
3,0,0.52293974,1
3,0,0.5224721,1
3,0,0.52383006,1
3,0,0.5235183,1
3,0,0.5271433,1
3,1,0.519098,1
3,1,0.5226938,1
3,1,0.5179864,1
3,1,0.51831275,1
3,1,0.5161172,1
3,1,0.515204,1
3,1,0.5176969,1
3,1,0.518483,1
3,1,0.5185923,1
3,1,0.5167077,1
3,1,0.51686454,1
3,1,0.5129327,1
3,1,0.5140852,1
3,1,0.51611674,1
3,1,0.5135724,1
3,1,0.51661724,1
3,1,0.5170872,1
3,1,0.5112405,1
3,1,0.5127992,1
3,1,0.51384336,1
3,1,0.51852304,1
3,1,0.5226634,1
3,1,0.5223112,1
3,1,0.52231723,1
3,1,0.523488,1
3,1,0.52283084,1
3,1,0.5199601,1
3,1,0.5220559,1
3,1,0.520524,1
3,1,0.5251677,1
3,1,0.52105063,1
3,1,0.52202517,1
3,1,0.5220897,1
3,1,0.5212828,1
3,1,0.52165264,1
3,1,0.5100926,1
3,1,0.509872,1
3,1,0.5163118,1
3,1,0.51621133,1
3,1,0.5154821,1
3,1,0.5154822,1
3,1,0.5134487,1
3,1,0.5144574,1
3,1,0.51511216,1
3,1,0.5133031,1
3,1,0.5114696,1
3,1,0.51194173,1
3,1,0.51588523,1
3,1,0.5154189,1
3,1,0.5167336,1
3,0,0.51412547,1
3,0,0.5108435,1
3,0,0.5108283,1
3,0,0.51215553,1
3,0,0.50796974,1
3,0,0.50974953,1
3,0,0.5065392,1
3,0,0.5050614,1
3,0,0.5071774,1
3,0,0.5042842,1
3,1,0.5099798,1
3,1,0.5134687,1
3,1,0.51424766,1
3,1,0.5092198,1
3,1,0.5131609,1
3,1,0.5124292,1
3,1,0.5107658,1
3,1,0.5087443,1
3,1,0.51112264,1
3,1,0.5082909,1
3,1,0.50873977,1
3,1,0.5084053,1
3,1,0.51166135,1
3,1,0.510114,1
3,1,0.5132416,1
3,1,0.5137134,1
3,1,0.5174198,1
3,1,0.5105636,1
3,1,0.5164074,1
3,1,0.51330686,1
3,1,0.51399326,1
3,1,0.51199335,1
3,1,0.508555,1
3,1,0.5131838,1
3,1,0.51462495,1
3,1,0.516002,1
3,1,0.5160528,1
3,1,0.51920766,1
3,1,0.51663846,1
3,1,0.51857847,1
3,1,0.5154912,1
3,1,0.5151558,1
3,1,0.5169218,1
3,1,0.51717556,1
3,1,0.51765674,1
3,1,0.515399,1
3,1,0.51521677,1
3,1,0.51722217,1
3,1,0.5167907,1
3,1,0.51576525,1
3,1,0.5155313,1
3,1,0.51505786,1
3,1,0.51770824,1
3,1,0.5169167,1
3,1,0.51642114,1
3,1,0.5161829,1
3,1,0.51734114,1
3,1,0.5199836,1
3,1,0.514895,1
3,1,0.5161827,1
4,1,0.4681164,0
4,1,0.46577108,0
4,1,0.4643113,0
4,1,0.46236867,0
4,1,0.463386,0
4,1,0.46227,0
4,1,0.46555436,0
4,1,0.46382874,0
4,1,0.46662295,0
4,1,0.46383053,0
4,1,0.46303606,0
4,1,0.4639924,0
4,1,0.4615199,0
4,1,0.5167652,1
4,1,0.52518517,1
4,1,0.52742904,1
4,1,0.5216975,1
4,1,0.5188913,1
4,1,0.5312612,1
4,1,0.5333534,1
4,1,0.5193459,1
4,1,0.52485687,1
4,1,0.5289779,1
4,1,0.5318192,1
4,1,0.52891654,1
4,1,0.5258258,1
4,1,0.52835286,1
4,1,0.5303263,1
4,1,0.5219478,1
4,1,0.5329347,1
4,1,0.52759373,1
4,1,0.52354145,1
4,1,0.46211022,0
4,1,0.46098146,0
4,1,0.45859447,0
4,1,0.4633484,0
4,1,0.46220273,0
4,1,0.4652279,0
4,1,0.46145624,0
4,0,0.5007379,1
4,0,0.5053542,1
4,0,0.50351834,1
4,0,0.4976801,0
4,0,0.49711442,0
4,0,0.5029665,1
4,0,0.5030318,1
4,0,0.49964806,0
4,0,0.49392474,0
4,0,0.49355516,0
4,0,0.49213627,0
4,0,0.49604267,0
4,0,0.49255976,0
4,1,0.6231854,1
4,1,0.62015146,1
4,1,0.6225499,1
4,1,0.62279165,1
4,1,0.6210101,1
4,1,0.6203819,1
4,1,0.62011474,1
4,1,0.61920065,1
4,1,0.61990786,1
4,1,0.6178966,1
4,1,0.61941236,1
4,1,0.6190723,1
4,1,0.62219036,1
4,1,0.619601,1
4,1,0.6225326,1
4,1,0.61639404,1
4,1,0.61610717,1
4,1,0.62166584,1
4,1,0.6208374,1
4,1,0.61821866,1
4,1,0.6170916,1
4,1,0.6196421,1
4,1,0.4653067,0
4,1,0.4623153,0
4,1,0.45753974,0
4,1,0.4620399,0
4,1,0.46438077,0
4,1,0.4668579,0
4,1,0.46378234,0
4,1,0.46524024,0
4,1,0.46273208,0
4,1,0.46368194,0
4,1,0.46629125,0
4,1,0.4688812,0
4,1,0.46505588,0
4,1,0.46259773,0
4,1,0.46161258,0
4,1,0.4676657,0
4,1,0.4624698,0
4,1,0.4602258,0
4,0,0.46796295,0
4,0,0.46544582,0
4,0,0.45916447,0
4,0,0.4608054,0
4,0,0.46206847,0
4,0,0.46256006,0
4,0,0.46475446,0
4,0,0.461512,0
4,0,0.46099544,0
4,0,0.46293795,0
4,0,0.46639502,0
4,0,0.46587995,0
4,0,0.4633526,0
4,0,0.4637349,0
4,0,0.46238583,0
4,0,0.46395427,0
4,0,0.4614862,0
4,0,0.4608445,0
4,0,0.4603299,0
4,0,0.4644172,0
4,0,0.4614949,0
4,0,0.4596443,0
4,0,0.4604865,0
4,0,0.46080613,0
4,0,0.4640698,0
4,0,0.46949357,0
4,0,0.46580622,0
4,0,0.46123692,0
4,0,0.461182,0
4,0,0.46672055,0
4,0,0.46623558,0
4,0,0.4655635,0
4,0,0.46302155,0
4,0,0.4642043,0
4,1,0.61529964,1
4,1,0.61700004,1
4,1,0.61448956,1
4,1,0.61300063,1
4,1,0.61477375,1
4,1,0.61714697,1
4,1,0.61423737,1
4,1,0.61514646,1
4,1,0.6169486,1
4,1,0.6142392,1
4,1,0.61527693,1
4,1,0.6139029,1
4,1,0.6147004,1
4,1,0.61419654,1
4,1,0.6134685,1
4,1,0.61421776,1
4,1,0.6131154,1
4,1,0.613535,1
4,1,0.6151818,1
4,1,0.61333245,1
4,1,0.61078036,1
4,1,0.6118434,1
4,1,0.61064893,1
4,1,0.6140927,1
4,1,0.61301994,1
4,1,0.6131765,1
4,1,0.61386096,1
4,1,0.6139886,1
4,1,0.6121382,1
4,1,0.61221796,1
4,1,0.61592346,1
4,1,0.61315167,1
4,1,0.6127662,1
4,1,0.6148962,1
4,1,0.6152068,1
4,1,0.6121317,1
4,1,0.61287916,1
4,1,0.612828,1
4,1,0.6121894,1
4,1,0.61354643,1
4,0,0.492593,0
4,0,0.4945525,0
4,0,0.5004274,1
4,0,0.49552873,0
4,0,0.49607953,0
4,0,0.4930371,0
4,0,0.49489203,0
4,0,0.495218,0
4,0,0.49254316,0
4,0,0.4965232,0
4,0,0.49688876,0
4,0,0.4979381,0
4,0,0.49278274,0
4,0,0.4974305,0
4,0,0.49750918,0
4,0,0.49403533,0
4,0,0.4926755,0
4,0,0.49305084,0
4,0,0.50129724,1
4,0,0.49540386,0
4,0,0.5001997,1
4,0,0.503367,1
4,0,0.5056421,1
4,0,0.500491,1
4,0,0.4991167,0
4,0,0.50080603,1
4,0,0.50141823,1
4,0,0.49658513,0
4,0,0.5029963,1
4,0,0.49205604,0
4,0,0.49800807,0
4,0,0.49765784,0
4,0,0.49684197,0
4,0,0.4929665,0
4,0,0.50282365,1
4,0,0.49631718,0
4,0,0.4999819,0
4,0,0.49711952,0
4,0,0.4923932,0
4,0,0.49035123,0
4,0,0.49735725,0
4,0,0.48978958,0
4,0,0.49507192,0
4,0,0.49356377,0
4,0,0.49320665,0
4,0,0.49500436,0
4,0,0.49037564,0
4,0,0.49009642,0
4,0,0.4914148,0
4,0,0.49448633,0
4,0,0.48969063,0
4,0,0.49690703,0
4,0,0.48986807,0
4,0,0.48830462,0
4,0,0.49236062,0
4,0,0.4918053,0
4,0,0.49081472,0
4,0,0.49445,0
4,0,0.4901574,0
4,0,0.48745537,0
4,0,0.48816386,0
4,0,0.49342445,0
4,0,0.4915519,0
4,0,0.49705774,0
4,0,0.4944785,0
4,0,0.49328625,0
4,0,0.4918316,0
4,1,0.49029928,0
4,1,0.4944023,0
4,1,0.48916835,0
4,1,0.4920303,0
4,1,0.50104445,1
4,1,0.49020764,0
4,1,0.49087113,0
4,1,0.4927646,0
4,1,0.49698797,0
4,0,0.49484977,0
4,0,0.49942183,0
4,0,0.48752603,0
4,0,0.49334705,0
4,0,0.4910447,0
4,0,0.4921996,0
4,0,0.48450637,0
4,0,0.49301943,0
4,0,0.49627504,0
4,0,0.4932851,0
4,0,0.49335364,0
4,0,0.48974007,0
4,0,0.49142286,0
4,0,0.4903686,0
4,0,0.49437222,0
4,0,0.49698958,0
4,0,0.49414384,0
4,0,0.48892865,0
4,0,0.4917208,0
4,0,0.49907246,0
4,0,0.49254677,0
4,0,0.49551228,0
4,0,0.49014497,0
4,0,0.48915923,0
4,0,0.4883757,0
4,0,0.4937248,0
4,0,0.49292815,0
4,0,0.49055094,0
4,0,0.49377516,0
4,0,0.48929134,0
4,0,0.49017558,0
4,0,0.49218678,0
4,0,0.4932387,0
4,0,0.48846412,0
4,0,0.490538,0
4,0,0.48855463,0
4,0,0.48748526,0
4,0,0.48831832,0
4,0,0.48724297,0
4,0,0.49913552,0
4,0,0.49222758,0
4,0,0.49266717,0
4,0,0.48731688,0
4,0,0.48624322,0
4,0,0.4822666,0
4,0,0.48487985,0
4,0,0.48081866,0
4,0,0.4798245,0
4,0,0.4803349,0
4,0,0.48719826,0
4,0,0.48547438,0
4,0,0.48424003,0
4,0,0.4804652,0
4,0,0.48414573,0
4,0,0.49159583,0
4,0,0.48081672,0
4,0,0.4785455,0
4,0,0.48401728,0
4,0,0.48413894,0
4,0,0.47911033,0
4,0,0.48478982,0
4,0,0.48329315,0
4,0,0.4841837,0
4,0,0.48004937,0
4,0,0.48005784,0
4,0,0.4816227,0
4,0,0.48686847,0
4,0,0.4886293,0
4,0,0.48623118,0
4,0,0.48338842,0
4,0,0.48175615,0
4,0,0.4931026,0
4,0,0.486614,0
4,0,0.48894742,0
4,0,0.49233404,0
4,0,0.49278393,0
4,0,0.48524782,0
4,0,0.48880896,0
4,0,0.48622397,0
4,0,0.48859304,0
4,0,0.48482266,0
4,0,0.4847153,0
4,0,0.48041984,0
4,0,0.4821124,0
4,0,0.48360196,0
4,0,0.4823751,0
4,0,0.47888032,0
4,0,0.4819187,0
4,0,0.4763515,0
4,0,0.4821362,0
4,0,0.4857939,0
4,0,0.48212558,0
4,0,0.48546347,0
4,0,0.48193875,0
4,0,0.48383376,0
4,0,0.48155686,0
4,0,0.48038557,0
4,0,0.4826381,0
4,0,0.48393106,0
4,0,0.48236635,0
4,0,0.48228055,0
4,0,0.4814619,0
4,1,0.48579794,0
4,1,0.48575687,0
4,1,0.4840325,0
4,1,0.4872268,0
4,1,0.4755154,0
4,1,0.48983523,0
4,1,0.48253888,0
4,1,0.48290706,0
4,1,0.48455787,0
4,0,0.48561326,0
4,0,0.48297992,0
4,0,0.48818982,0
4,0,0.48075297,0
4,0,0.47685215,0
4,0,0.48544288,0
4,0,0.4796017,0
4,0,0.47935882,0
4,0,0.47988608,0
4,0,0.4813481,0
4,0,0.4836901,0
4,0,0.48033684,0
4,0,0.4734661,0
4,0,0.47863972,0
4,0,0.4789349,0
4,0,0.4804074,0
4,0,0.48313072,0
4,0,0.48198703,0
4,0,0.48107982,0
4,0,0.4804897,0
4,0,0.48057404,0
4,0,0.47778776,0
4,0,0.48234764,0
4,0,0.4852509,0
4,0,0.48341718,0
4,0,0.47992426,0
4,0,0.48210362,0
4,0,0.48697746,0
4,0,0.47945803,0
4,0,0.48409858,0
4,0,0.48284942,0
4,0,0.48455045,0
4,0,0.4846291,0
4,0,0.48444733,0
4,0,0.48190024,0
4,0,0.4861466,0
4,0,0.4862716,0
4,0,0.48392817,0
4,0,0.48496857,0
4,0,0.48647365,0
4,0,0.48568708,0
4,0,0.4832729,0
4,0,0.4802425,0
4,0,0.4869326,0
4,0,0.48772037,0
4,0,0.48004422,0
4,1,0.48815864,0
4,1,0.47782227,0
4,1,0.4754265,0
4,1,0.48015788,0
4,1,0.4785808,0
4,1,0.48016012,0
4,1,0.48084715,0
4,1,0.47750607,0
4,1,0.4817271,0
4,1,0.48432037,0
4,1,0.48368275,0
4,1,0.48071256,0
4,1,0.48141024,0
4,0,0.47501308,0
4,0,0.48054865,0
4,0,0.48065367,0
4,0,0.4728392,0
4,0,0.4778046,0
4,0,0.47578856,0
4,0,0.4771265,0
4,0,0.4794127,0
4,0,0.47451556,0
4,0,0.47447684,0
4,0,0.47657445,0
4,0,0.48169476,0
4,0,0.47559318,0
4,0,0.48352832,0
4,0,0.48045158,0
4,0,0.48025945,0
4,0,0.4782793,0
4,0,0.47847593,0
4,0,0.48653302,0
4,0,0.48224992,0
4,0,0.484562,0
4,0,0.48428154,0
4,0,0.4840803,0
4,1,0.48303968,0
4,1,0.48302117,0
4,1,0.48298627,0
4,1,0.48412052,0
4,1,0.4801376,0
4,1,0.481718,0
4,1,0.483446,0
4,1,0.4815883,0
4,1,0.48448816,0
4,1,0.4860379,0
4,1,0.4820682,0
4,1,0.47955784,0
4,1,0.48096195,0
4,1,0.48498967,0
4,1,0.48394576,0
4,0,0.46230963,0
4,0,0.46499822,0
4,0,0.4651074,0
4,0,0.4668832,0
4,0,0.46819717,0
4,0,0.4653992,0
4,0,0.46494392,0
4,0,0.46602738,0
4,0,0.4676295,0
4,0,0.46969748,0
4,0,0.47272348,0
4,0,0.4677637,0
4,0,0.46724692,0
4,0,0.46430254,0
4,0,0.46208087,0
4,0,0.4644926,0
4,0,0.46379972,0
4,0,0.46519223,0
4,0,0.46468306,0
4,0,0.4639153,0
4,0,0.4637292,0
4,0,0.46339425,0
4,0,0.46216932,0
4,0,0.4634024,0
4,0,0.463626,0
4,0,0.46325037,0
4,0,0.4631447,0
4,0,0.46724266,0
4,0,0.4663661,0
4,0,0.46563342,0
4,0,0.4633204,0
4,0,0.46405202,0
4,0,0.46927184,0
4,0,0.4689489,0
4,0,0.47095,0
4,0,0.4661079,0
4,0,0.46299073,0
4,0,0.46523505,0
4,0,0.4650029,0
4,0,0.4662017,0
4,0,0.46991938,0
4,0,0.46424422,0
4,0,0.46521276,0
4,0,0.465148,0
4,0,0.46577817,0
4,0,0.46732894,0
4,0,0.4717727,0
4,0,0.46805376,0
4,0,0.46610215,0
4,0,0.46299592,0
4,0,0.4626169,0
4,0,0.4634342,0
4,0,0.46098685,0
4,0,0.4677947,0
4,0,0.4649908,0
4,0,0.46666119,0
4,0,0.4679295,0
4,0,0.46443355,0
4,0,0.46825993,0
4,0,0.46804366,0
4,0,0.46514046,0
4,0,0.46526426,0
4,0,0.46577516,0
4,0,0.46817198,0
4,0,0.46647033,0
4,0,0.46598786,0
4,0,0.4660562,0
4,0,0.46325052,0
4,0,0.46644112,0
4,0,0.46626392,0
4,0,0.46252868,0
4,0,0.4665714,0
4,0,0.4671588,0
4,0,0.4631977,0
4,0,0.4657478,0
4,0,0.46037653,0
4,0,0.4683847,0
4,0,0.46659023,0
4,0,0.46403584,0
4,0,0.46348795,0
4,0,0.46358344,0
4,0,0.463172,0
4,0,0.4606641,0
4,0,0.46184126,0
4,0,0.4626263,0
4,0,0.46642992,0
4,0,0.4616317,0
4,0,0.46572557,0
4,0,0.4632659,0
4,0,0.4640621,0
4,0,0.4666035,0
4,0,0.46384546,0
4,0,0.4645622,0
4,0,0.46554637,0
4,0,0.46336228,0
4,0,0.4644808,0
4,0,0.46357858,0
4,0,0.4629653,0
4,0,0.46197885,0
4,0,0.47015357,0
4,0,0.46432212,0
4,0,0.46800125,0
4,0,0.47226313,0
4,0,0.46459207,0
4,0,0.46465,0
4,0,0.46451426,0
4,0,0.46713996,0
4,0,0.46716025,0
4,0,0.46481135,0
4,0,0.4667378,0
4,0,0.47120404,0
4,0,0.46512124,0
4,0,0.46597797,0
4,1,0.49442202,0
4,1,0.49479744,0
4,1,0.48604384,0
4,1,0.4910599,0
4,1,0.49118978,0
4,1,0.48961717,0
4,1,0.4896974,0
4,1,0.4923615,0
4,1,0.48714486,0
4,1,0.48678762,0
4,1,0.4857735,0
4,1,0.49093637,0
4,1,0.48809382,0
4,1,0.4867517,0
4,1,0.48782596,0
4,1,0.48462778,0
4,1,0.49370816,0
4,1,0.48973584,0
4,1,0.49683705,0
4,1,0.48622045,0
4,1,0.49363294,0
4,1,0.4938454,0
4,1,0.47038358,0
4,1,0.47278467,0
4,1,0.47087345,0
4,1,0.47056806,0
4,1,0.47178885,0
4,1,0.4722347,0
4,1,0.47213662,0
4,1,0.47227088,0
4,1,0.46941787,0
4,1,0.46874955,0
4,1,0.4679679,0
4,1,0.4693786,0
4,1,0.46798295,0
4,1,0.47163916,0
4,1,0.47348243,0
4,1,0.62144715,1
4,1,0.62419444,1
4,1,0.6252201,1
4,1,0.63119394,1
4,1,0.62594235,1
4,1,0.6243517,1
4,1,0.6218231,1
4,1,0.6227431,1
4,1,0.62588894,1
4,1,0.626328,1
4,1,0.46321616,0
4,1,0.4646604,0
4,1,0.46342582,0
4,1,0.46266556,0
4,1,0.46115866,0
4,1,0.46030366,0
4,1,0.46909654,0
4,1,0.4626312,0
4,1,0.4631804,0
4,1,0.4608505,0
4,1,0.46375465,0
4,1,0.46032524,0
4,1,0.46253356,0
4,1,0.46602976,0
4,1,0.4666922,0
4,1,0.46223703,0
4,1,0.46573356,0
4,1,0.4678566,0
4,1,0.46517354,0
4,1,0.46331188,0
4,1,0.46478045,0
4,1,0.46276838,0
4,1,0.4686952,0
4,1,0.46294647,0
4,1,0.46198228,0
4,1,0.46176082,0
4,1,0.46105245,0
4,1,0.46476975,0
4,1,0.46301612,0
4,1,0.46359727,0
4,1,0.4645426,0
4,1,0.4607222,0
4,1,0.46166444,0
4,1,0.46355566,0
4,1,0.46237782,0
4,1,0.4612025,0
4,1,0.46476105,0
4,1,0.4624824,0
4,1,0.46324688,0
4,1,0.46840134,0
4,1,0.4596951,0
4,1,0.46414253,0
4,1,0.46479407,0
4,1,0.46819848,0
4,1,0.46933094,0
4,1,0.46181577,0
4,1,0.46359545,0
4,1,0.46494192,0
4,1,0.4653105,0
4,1,0.46206897,0
4,1,0.4663154,0
4,1,0.46859506,0
4,1,0.4656155,0
4,1,0.46692362,0
4,1,0.46384186,0
4,0,0.46155536,0
4,0,0.4670579,0
4,0,0.46459582,0
4,0,0.46808463,0
4,0,0.46990743,0
4,0,0.46518254,0
4,0,0.46779177,0
4,0,0.4677288,0
4,0,0.46839374,0
4,0,0.46652716,0
4,0,0.46712285,0
4,0,0.46123242,0
4,0,0.46407676,0
4,0,0.4658838,0
4,1,0.45854452,0
4,1,0.46372393,0
4,1,0.45882732,0
4,1,0.4670721,0
4,1,0.46359792,0
4,1,0.46139845,0
4,1,0.4646176,0
4,1,0.4651213,0
4,1,0.4646147,0
4,1,0.46861264,0
4,1,0.46407908,0
4,1,0.46225798,0
4,1,0.46269345,0
4,1,0.45918602,0
4,1,0.4618296,0
4,1,0.46179146,0
4,0,0.46328095,0
4,0,0.4668888,0
4,0,0.46054608,0
4,0,0.45940846,0
4,0,0.4665384,0
4,0,0.4600229,0
4,0,0.46448925,0
4,0,0.46740523,0
4,0,0.46278325,0
4,0,0.46476164,0
4,0,0.464642,0
4,0,0.4663386,0
4,0,0.4665465,0
4,0,0.46325547,0
4,0,0.4609244,0
4,0,0.46404415,0
4,0,0.46426612,0
4,0,0.46474588,0
4,0,0.4639844,0
4,0,0.46116245,0
4,0,0.4633246,0
4,0,0.4628491,0
4,0,0.46185666,0
4,0,0.46197525,0
4,0,0.4628803,0
4,0,0.46254608,0
4,0,0.46449938,0
4,0,0.4586004,0
4,0,0.4646534,0
4,0,0.4619923,0
4,0,0.46292776,0
4,0,0.46359354,0
4,0,0.4638902,0
4,0,0.4608322,0
4,0,0.46076822,0
4,0,0.4585999,0
4,0,0.47809136,0
4,0,0.47797692,0
4,0,0.4762359,0
4,0,0.47617692,0
4,0,0.47630006,0
4,0,0.48166427,0
4,0,0.48145488,0
4,0,0.48341987,0
4,0,0.48348263,0
4,0,0.47975162,0
4,0,0.48279133,0
4,0,0.48936674,0
4,0,0.48406965,0
4,0,0.48325437,0
4,0,0.48985317,0
4,0,0.4862346,0
4,0,0.47656217,0
4,0,0.47812042,0
4,0,0.48672026,0
4,0,0.4816641,0
4,0,0.48320293,0
4,0,0.4910658,0
4,0,0.48125866,0
4,0,0.48052794,0
4,0,0.4796909,0
4,0,0.47975725,0
4,0,0.4824896,0
4,0,0.4869079,0
4,0,0.48215947,0
4,0,0.47919407,0
4,0,0.4833683,0
4,0,0.48243392,0
4,0,0.4840522,0
4,0,0.47352841,0
4,0,0.48083195,0
4,0,0.4757887,0
4,0,0.47440243,0
4,0,0.47318622,0
4,0,0.47752833,0
4,0,0.47594783,0
4,0,0.47670236,0
4,0,0.47507885,0
4,0,0.4764801,0
4,0,0.47508746,0
4,0,0.47617185,0
4,0,0.48385632,0
4,0,0.4731902,0
4,0,0.47108775,0
4,0,0.46934286,0
4,0,0.4808165,0
4,0,0.47516716,0
4,0,0.4737972,0
4,0,0.475174,0
4,0,0.47366565,0
4,0,0.472541,0
4,0,0.47658312,0
4,0,0.47536138,0
4,0,0.4781747,0
4,0,0.47473517,0
4,0,0.47142717,0
4,0,0.47437233,0
4,0,0.4796253,0
4,0,0.47706598,0
4,0,0.47427976,0
4,0,0.47681928,0
4,0,0.47398055,0
4,0,0.47790346,0
4,0,0.47410187,0
4,0,0.4755839,0
4,0,0.4718796,0
4,0,0.4744949,0
4,0,0.47007957,0
4,0,0.47352642,0
4,0,0.4697266,0
4,0,0.4649544,0
4,0,0.4706439,0
4,0,0.47311085,0
4,0,0.47176194,0
4,0,0.4759284,0
4,0,0.46995714,0
4,0,0.46770263,0
4,0,0.46899012,0
4,0,0.47483203,0
4,0,0.46854985,0
4,0,0.46969613,0
4,0,0.46722472,0
4,0,0.46743882,0
4,0,0.46900535,0
4,0,0.46802497,0
4,0,0.47043565,0
4,0,0.46883363,0
4,0,0.46657962,0
4,0,0.46998504,0
4,0,0.4701808,0
4,0,0.4695094,0
4,0,0.47586882,0
4,0,0.47316855,0
4,0,0.4703816,0
4,0,0.4744814,0
4,0,0.47655773,0
4,0,0.47281757,0
4,0,0.47270513,0
4,0,0.46906608,0
4,0,0.47244316,0
4,0,0.47297838,0
4,1,0.47268027,0
4,1,0.47408086,0
4,1,0.47281727,0
4,1,0.47008932,0
4,1,0.47163627,0
4,1,0.47223186,0
4,1,0.467022,0
4,1,0.46957695,0
4,1,0.46894684,0
4,1,0.47283623,0
4,1,0.46949872,0
4,1,0.47353783,0
4,1,0.47079086,0
4,1,0.4689111,0
4,1,0.471293,0
4,1,0.47424302,0
4,1,0.47556156,0
4,1,0.47413185,0
4,1,0.47605774,0
4,1,0.4714823,0
4,1,0.47111934,0
4,1,0.46791303,0
4,1,0.47022918,0
4,1,0.46872428,0
4,1,0.4667878,0
4,0,0.46765834,0
4,0,0.46900052,0
4,0,0.47178456,0
4,0,0.4718921,0
4,0,0.47487655,0
4,0,0.47417632,0
4,0,0.46695173,0
4,0,0.47252405,0
4,0,0.46612728,0
4,0,0.46883005,0
4,0,0.46658808,0
4,0,0.46439263,0
4,0,0.46495908,0
4,0,0.4643408,0
4,0,0.46711594,0
4,0,0.46936303,0
4,0,0.46956167,0
4,0,0.47016928,0
4,0,0.472416,0
4,0,0.46711665,0
4,0,0.46993548,0
4,0,0.46509668,0
4,0,0.46383366,0
4,0,0.4642114,0
4,0,0.4703061,0
4,0,0.47245556,0
4,0,0.4713071,0
4,0,0.467662,0
4,0,0.4720329,0
4,0,0.47083953,0
4,0,0.46928617,0
4,0,0.468864,0
4,0,0.4672689,0
4,0,0.46751592,0
4,0,0.47089976,0
4,0,0.47114924,0
4,0,0.46972156,0
4,0,0.46838307,0
4,0,0.46498838,0
4,0,0.46612757,0
4,0,0.4706465,0
4,0,0.46332353,0
4,0,0.46528986,0
4,0,0.46377084,0
4,0,0.4658688,0
4,1,0.6125809,1
4,1,0.6140534,1
4,1,0.61129636,1
4,1,0.61259156,1
4,1,0.61518025,1
4,1,0.6147037,1
4,1,0.61781424,1
4,1,0.6123497,1
4,1,0.6126055,1
4,1,0.61375636,1
4,1,0.61720544,1
4,1,0.6161955,1
4,1,0.61499876,1
4,1,0.61102533,1
4,1,0.6133059,1
4,1,0.6144982,1
4,1,0.6135476,1
4,1,0.6138296,1
4,1,0.62109774,1
4,1,0.6202725,1
4,1,0.6164988,1
4,1,0.6192061,1
4,1,0.61268055,1
4,1,0.61674345,1
4,1,0.6175233,1
4,1,0.61280364,1
4,1,0.61449987,1
4,1,0.46416554,0
4,1,0.4686096,0
4,1,0.46205357,0
4,1,0.46317872,0
4,1,0.46476296,0
4,1,0.4669033,0
4,1,0.46528256,0
4,1,0.46551847,0
4,1,0.46699527,0
4,1,0.46369874,0
4,1,0.46536183,0
4,1,0.467687,0
4,1,0.4636379,0
4,1,0.46378803,0
4,1,0.46639076,0
4,1,0.4628139,0
4,1,0.46605444,0
4,1,0.46604177,0
4,1,0.46661115,0
4,1,0.46736023,0
4,1,0.46350208,0
4,1,0.46633402,0
4,1,0.45707986,0
4,1,0.46177953,0
4,1,0.46567088,0
4,1,0.46485302,0
4,1,0.46076146,0
4,1,0.4587118,0
4,1,0.4617113,0
4,1,0.46169317,0
4,1,0.4616341,0
4,1,0.45943257,0
4,1,0.4659252,0
4,1,0.46416363,0
4,1,0.46207228,0
4,1,0.46099737,0
4,1,0.45877162,0
4,1,0.4594113,0
4,1,0.46270975,0
4,1,0.46126726,0
4,1,0.46636394,0
4,1,0.47062495,0
4,1,0.46006426,0
4,1,0.46079314,0
4,1,0.46550635,0
4,1,0.4632822,0
4,1,0.4614211,0
4,1,0.46567255,0
4,1,0.45710886,0
4,1,0.4634226,0
4,1,0.46728298,0
4,1,0.4667053,0
4,1,0.463393,0
4,1,0.46045554,0
4,1,0.45880672,0
4,1,0.45965144,0
4,1,0.45882076,0
4,1,0.4603934,0
4,1,0.4607001,0
4,1,0.46658733,0
4,1,0.46663782,0
4,1,0.46433517,0
4,1,0.4612329,0
4,1,0.45950815,0
4,1,0.4634749,0
4,1,0.46542436,0
4,1,0.46194875,0
4,1,0.4610977,0
4,1,0.46018848,0
4,1,0.46246883,0
4,1,0.4617197,0
4,1,0.46040723,0
4,1,0.45755708,0
4,1,0.4594782,0
4,1,0.45906496,0
4,0,0.4626785,0
4,0,0.46079054,0
4,0,0.4585509,0
4,0,0.4587053,0
4,0,0.46072096,0
4,0,0.4600802,0
4,0,0.46098956,0
4,0,0.45902523,0
4,0,0.4629793,0
4,0,0.46712494,0
4,0,0.46140575,0
4,0,0.460068,0
4,1,0.4695861,0
4,1,0.46915022,0
4,1,0.47088793,0
4,1,0.46839753,0
4,1,0.46863452,0
4,1,0.46638536,0
4,1,0.46796745,0
4,1,0.46611965,0
4,1,0.46930918,0
4,1,0.46799108,0
4,1,0.46983707,0
4,1,0.4694704,0
4,1,0.46968243,0
4,1,0.47074205,0
4,1,0.47041154,0
4,1,0.46715283,0
4,1,0.46641755,0
4,1,0.46943206,0
4,1,0.46584982,0
4,1,0.46660146,0
4,1,0.4697829,0
4,1,0.4666237,0
4,1,0.46761855,0
4,1,0.46915504,0
4,1,0.46794683,0
4,1,0.4698174,0
4,1,0.47027013,0
4,1,0.4701911,0
4,1,0.46751267,0
4,1,0.46878994,0
4,1,0.4679263,0
4,1,0.4674667,0
4,1,0.47260013,0
4,1,0.47274113,0
4,1,0.47118637,0
4,1,0.47007248,0
4,1,0.47028175,0
4,1,0.46956214,0
4,1,0.4699608,0
4,1,0.46706757,0
4,1,0.4688043,0
4,1,0.46919394,0
4,1,0.46985316,0
4,1,0.46202412,0
4,1,0.4614817,0
4,1,0.46428284,0
4,1,0.46509913,0
4,1,0.4674015,0
4,1,0.46508542,0
4,1,0.4637787,0
4,1,0.46415547,0
4,1,0.4658154,0
4,1,0.4630637,0
4,1,0.4640392,0
4,1,0.4615639,0
4,1,0.46587417,0
4,1,0.4661904,0
4,1,0.46588826,0
4,1,0.46771413,0
4,1,0.46422708,0
4,1,0.4640319,0
4,1,0.46726495,0
4,1,0.46561345,0
4,1,0.46570244,0
4,1,0.4633491,0
4,1,0.4630518,0
4,1,0.4689991,0
4,1,0.46369395,0
4,1,0.46689752,0
4,1,0.4647967,0
4,1,0.46201628,0
4,1,0.4621313,0
4,1,0.46333423,0
4,1,0.46381804,0
4,1,0.46481675,0
4,1,0.46338916,0
4,1,0.46120906,0
4,1,0.46718642,0
4,1,0.4674654,0
4,1,0.4689513,0
4,1,0.46506032,0
4,1,0.46392697,0
4,1,0.4651393,0
4,1,0.46519625,0
4,1,0.46408567,0
4,1,0.4664113,0
4,1,0.4660214,0
4,1,0.4621669,0
4,1,0.46253777,0
4,1,0.46551722,0
4,1,0.4665047,0
4,1,0.4654417,0
4,1,0.4638905,0
4,1,0.46365047,0
4,1,0.4633235,0
4,1,0.4659342,0
4,1,0.46419758,0
4,1,0.46414173,0
4,0,0.45956832,0
4,0,0.4580947,0
4,0,0.4597951,0
4,0,0.45852208,0
4,0,0.45947683,0
4,0,0.46075478,0
4,0,0.46189222,0
4,0,0.46116033,0
4,0,0.46226,0
4,0,0.46333888,0
4,0,0.45904833,0
4,0,0.45983982,0
4,0,0.46104562,0
4,0,0.45949438,0
4,0,0.46497813,0
4,0,0.4649795,0
4,0,0.4616305,0
4,0,0.45857632,0
4,0,0.45978245,0
4,0,0.4629158,0
4,0,0.46319297,0
4,0,0.46338972,0
4,0,0.46142304,0
4,0,0.46002176,0
4,0,0.46306702,0
4,0,0.46337557,0
4,0,0.46166173,0
4,0,0.46229345,0
4,0,0.45894074,0
4,0,0.4602561,0
4,0,0.46085986,0
4,0,0.4594257,0
4,0,0.4605584,0
4,0,0.459543,0
4,0,0.4609602,0
4,0,0.49049377,0
4,0,0.48364192,0
4,0,0.4836785,0
4,0,0.48368865,0
4,0,0.4833478,0
4,0,0.48283944,0
4,0,0.48819223,0
4,0,0.48137373,0
4,0,0.4837693,0
4,0,0.48254815,0
4,0,0.48270547,0
4,0,0.47806016,0
4,0,0.4839714,0
4,0,0.48160583,0
4,0,0.483069,0
4,0,0.47904736,0
4,0,0.4821477,0
4,0,0.48161808,0
4,0,0.4848851,0
4,0,0.4804455,0
4,0,0.47710657,0
4,0,0.48314765,0
4,0,0.47841132,0
4,0,0.47994927,0
4,0,0.48247907,0
4,0,0.47838494,0
4,0,0.48433912,0
4,0,0.48184845,0
4,0,0.48368594,0
4,0,0.47557142,0
4,0,0.4868784,0
4,0,0.48036408,0
4,0,0.48172244,0
4,0,0.48807436,0
4,0,0.48399004,0
4,0,0.47894117,0
4,0,0.4826107,0
4,0,0.47684297,0
4,0,0.47839397,0
4,0,0.48137867,0
4,0,0.47787157,0
4,0,0.48249206,0
4,0,0.47619498,0
4,0,0.4763931,0
4,0,0.48041615,0
4,0,0.4797418,0
4,0,0.47741148,0
4,0,0.477523,0
4,0,0.47538728,0
4,0,0.47822088,0
4,0,0.4749382,0
4,0,0.4746092,0
4,0,0.47723615,0
4,0,0.4804231,0
4,0,0.4787493,0
4,0,0.4776736,0
4,0,0.47205964,0
4,0,0.4800224,0
4,0,0.48265764,0
4,0,0.479075,0
4,0,0.47620767,0
4,0,0.48038545,0
4,0,0.47630107,0
4,0,0.47763616,0
4,0,0.47696945,0
4,0,0.4733987,0
4,0,0.4737737,0
4,0,0.479604,0
4,0,0.47802338,0
4,0,0.47516596,0
4,0,0.48207203,0
4,0,0.48434266,0
4,0,0.47626457,0
4,0,0.48006663,0
4,0,0.47861633,0
4,0,0.48045504,0
4,0,0.47468477,0
4,0,0.47842333,0
4,0,0.4756352,0
4,0,0.48219022,0
4,0,0.47743437,0
4,0,0.48065883,0
4,0,0.47779348,0
4,0,0.47368684,0
4,0,0.47140497,0
4,0,0.47434154,0
4,0,0.4751162,0
4,0,0.4816218,0
4,0,0.4835275,0
4,0,0.48138598,0
4,0,0.47917634,0
4,0,0.48066193,0
4,0,0.47836396,0
4,0,0.47536817,0
4,0,0.4750585,0
4,0,0.4795864,0
4,0,0.47616678,0
4,0,0.4749785,0
4,0,0.4773624,0
4,0,0.4745332,0
4,0,0.48297623,0
4,0,0.47822112,0
4,0,0.47358346,0
4,0,0.47869048,0
4,0,0.47314167,0
4,0,0.47515446,0
4,0,0.47417328,0
4,0,0.47762394,0
4,0,0.47558546,0
4,0,0.4771352,0
4,0,0.47992936,0
4,0,0.47752306,0
4,0,0.47889093,0
4,0,0.47552532,0
4,0,0.4740108,0
4,0,0.47531018,0
4,0,0.4861192,0
4,0,0.48639423,0
4,0,0.48480067,0
4,0,0.484071,0
4,0,0.48045734,0
4,0,0.47908458,0
4,0,0.47496077,0
4,0,0.47933787,0
4,0,0.47868004,0
4,0,0.48082805,0
4,0,0.48129573,0
4,0,0.47699994,0
4,0,0.47898823,0
4,0,0.48292774,0
4,0,0.47767267,0
4,0,0.4786119,0
4,0,0.47913703,0
4,0,0.4750669,0
4,0,0.47745472,0
4,0,0.4769146,0
4,0,0.4795604,0
4,0,0.4790414,0
4,0,0.4770391,0
4,0,0.47962326,0
4,0,0.4803842,0
4,0,0.4792082,0
4,0,0.47992465,0
4,0,0.47806895,0
4,0,0.4815434,0
4,0,0.48184517,0
4,0,0.4791186,0
4,1,0.51869345,1
4,1,0.526794,1
4,1,0.5291631,1
4,1,0.5237351,1
4,1,0.5208717,1
4,1,0.5320929,1
4,1,0.5352605,1
4,1,0.5195519,1
4,1,0.5250978,1
4,1,0.52996564,1
4,1,0.53311056,1
4,1,0.53063816,1
4,1,0.5294001,1
4,1,0.53064567,1
4,1,0.53232104,1
4,1,0.5242656,1
4,1,0.53692794,1
4,1,0.53002125,1
4,1,0.5271281,1
4,1,0.6145367,1
4,1,0.6156447,1
4,1,0.6143201,1
4,1,0.614621,1
4,1,0.61688966,1
4,1,0.61425805,1
4,1,0.6115039,1
4,1,0.61281234,1
4,1,0.6118617,1
4,1,0.61524284,1
4,1,0.6144342,1
4,1,0.6142086,1
4,1,0.6151748,1
4,1,0.6153963,1
4,1,0.6130491,1
4,1,0.6132572,1
4,1,0.6173494,1
4,1,0.6143442,1
4,1,0.6145197,1
4,1,0.6160683,1
4,1,0.61650115,1
4,1,0.6130996,1
4,1,0.61371356,1
4,1,0.6138451,1
4,1,0.61322486,1
4,1,0.61938846,1
4,1,0.6183958,1
4,1,0.6174396,1
4,1,0.61339664,1
4,1,0.6146707,1
4,1,0.6149949,1
4,1,0.6141184,1
4,1,0.61458355,1
4,1,0.6157046,1
4,1,0.6141767,1
4,1,0.61468214,1
4,1,0.6142898,1
4,1,0.5243987,1
4,1,0.51692206,1
4,1,0.53341717,1
4,1,0.5288823,1
4,1,0.52640146,1
4,1,0.52978337,1
4,1,0.52211136,1
4,1,0.52945256,1
4,1,0.52325606,1
4,1,0.53074527,1
4,1,0.5239243,1
4,1,0.5288982,1
4,1,0.51615053,1
4,1,0.52606195,1
4,1,0.51227385,1
4,1,0.5195129,1
4,1,0.51879114,1
4,1,0.463256,0
4,1,0.45987287,0
4,1,0.45999527,0
4,1,0.46423754,0
4,1,0.46181896,0
4,1,0.4603599,0
4,1,0.4598252,0
4,1,0.46222043,0
4,1,0.4680747,0
4,1,0.4630452,0
4,1,0.46606606,0
4,1,0.46390128,0
4,1,0.4669171,0
4,1,0.4666461,0
4,1,0.45962873,0
4,1,0.46165234,0
4,1,0.46238598,0
4,1,0.46084687,0
4,1,0.46412325,0
4,1,0.4661594,0
4,1,0.46288353,0
4,1,0.4684412,0
4,1,0.46707383,0
4,1,0.4666877,0
4,1,0.46460184,0
4,1,0.46457267,0
4,1,0.46309936,0
4,1,0.46375632,0
4,1,0.4647279,0
4,1,0.46482238,0
4,1,0.4650863,0
4,1,0.46395501,0
4,1,0.46400133,0
4,1,0.46330696,0
4,1,0.46268916,0
4,1,0.46225,0
4,1,0.46234304,0
4,1,0.4619439,0
4,1,0.46030882,0
4,1,0.45994923,0
4,1,0.46199346,0
4,1,0.459974,0
4,1,0.4595344,0
4,1,0.4652039,0
4,1,0.4672522,0
4,1,0.46088204,0
4,1,0.46478596,0
4,1,0.46056846,0
4,1,0.46340907,0
4,1,0.4600654,0
4,1,0.46022433,0
4,1,0.46107244,0
4,1,0.46042603,0
4,1,0.45994994,0
4,1,0.46331778,0
4,1,0.46915513,0
4,1,0.4632741,0
4,1,0.4630327,0
4,1,0.46200356,0
4,1,0.4635378,0
4,1,0.46817446,0
4,1,0.46582228,0
4,1,0.47001088,0
4,1,0.47081375,0
4,1,0.4693966,0
4,1,0.46649343,0
4,1,0.4646464,0
4,1,0.4608822,0
4,1,0.463504,0
4,1,0.46455532,0
4,1,0.46928686,0
4,1,0.46425283,0
4,0,0.46087134,0
4,0,0.4587185,0
4,0,0.46450076,0
4,0,0.46781075,0
4,0,0.46434852,0
4,0,0.46884683,0
4,0,0.46231943,0
4,0,0.46329454,0
4,0,0.46498907,0
4,0,0.46694982,0
4,0,0.46536463,0
4,0,0.46587086,0
4,0,0.46710244,0
4,0,0.46373844,0
4,0,0.46548352,0
4,0,0.46531522,0
4,0,0.467837,0
4,0,0.4637812,0
4,0,0.4638533,0
4,0,0.46651834,0
4,0,0.46296042,0
4,0,0.46619633,0
4,0,0.46621457,0
4,0,0.4666307,0
4,0,0.4675835,0
4,0,0.46371213,0
4,0,0.46644574,0
4,0,0.46835324,0
4,0,0.46582887,0
4,0,0.46325547,0
4,0,0.46514735,0
4,0,0.46665213,0
4,0,0.4634057,0
4,1,0.4637477,0
4,1,0.46805847,0
4,1,0.46353096,0
4,1,0.464535,0
4,1,0.46323803,0
4,1,0.46235672,0
4,1,0.4632683,0
4,1,0.4647678,0
4,0,0.4643998,0
4,0,0.46364492,0
4,0,0.4650223,0
4,0,0.46295294,0
4,0,0.46401414,0
4,0,0.4646002,0
4,0,0.4589519,0
4,0,0.46233556,0
4,0,0.4618615,0
4,0,0.46632707,0
4,0,0.46210766,0
4,0,0.4599222,0
4,0,0.46760672,0
4,0,0.46123585,0
4,0,0.46095735,0
4,0,0.46525568,0
4,0,0.45794418,0
4,0,0.4599623,0
4,0,0.4665064,0
4,0,0.4650393,0
4,0,0.45892236,0
4,0,0.45776346,0
4,0,0.4621886,0
4,0,0.46403548,0
4,0,0.4614845,0
4,0,0.46129355,0
4,0,0.4602987,0
4,0,0.4619581,0
4,0,0.46643698,0
4,0,0.4623946,0
4,0,0.46106783,0
4,0,0.4638686,0
4,0,0.462661,0
4,0,0.462432,0
4,0,0.4607186,0
4,0,0.46232212,0
4,0,0.46467748,0
4,0,0.46127418,0
4,0,0.4653131,0
4,0,0.4625927,0
4,0,0.46155974,0
4,0,0.46165204,0
4,0,0.46030647,0
4,0,0.46628538,0
4,0,0.46505165,0
4,0,0.4623334,0
4,0,0.46200126,0
4,0,0.4621105,0
4,0,0.4628993,0
4,0,0.4578701,0
4,0,0.4630467,0
4,0,0.46186003,0
4,0,0.4628562,0
4,0,0.46521887,0
4,0,0.464761,0
4,0,0.4620608,0
4,0,0.4657541,0
4,0,0.46545213,0
4,0,0.46097365,0
4,0,0.45902163,0
4,0,0.45918846,0
4,0,0.45685387,0
4,0,0.46275744,0
4,0,0.4657456,0
4,0,0.46555233,0
4,0,0.46056157,0
4,0,0.45884684,0
4,0,0.4621373,0
4,0,0.46190637,0
4,0,0.4615287,0
4,0,0.45940518,0
4,0,0.46773815,0
4,0,0.46534967,0
4,0,0.46172765,0
4,0,0.45977527,0
4,0,0.46314892,0
4,0,0.46116936,0
4,0,0.4593189,0
4,0,0.46106285,0
4,0,0.46432287,0
4,0,0.4607116,0
4,0,0.4650178,0
4,0,0.45968446,0
4,0,0.4593275,0
4,0,0.45888323,0
4,0,0.4593597,0
4,0,0.4647391,0
4,0,0.4636399,0
4,0,0.4638018,0
4,0,0.45907825,0
4,0,0.45630723,0
4,0,0.4584986,0
4,0,0.46583167,0
4,0,0.4612915,0
4,0,0.46411318,0
4,0,0.46142256,0
4,0,0.46565172,0
4,0,0.46376696,0
4,0,0.4606074,0
4,0,0.46267313,0
4,0,0.4628621,0
4,0,0.4578855,0
4,0,0.46320277,0
4,0,0.46526444,0
4,0,0.4600218,0
4,0,0.46010664,0
4,0,0.46293262,0
4,0,0.45992354,0
4,0,0.4685981,0
4,0,0.46206805,0
4,0,0.46795008,0
4,0,0.4626469,0
4,0,0.45829698,0
4,0,0.4611672,0
4,0,0.4645899,0
4,0,0.46596876,0
4,0,0.46468768,0
4,0,0.46448314,0
4,0,0.46258703,0
4,0,0.46229604,0
4,0,0.46098894,0
4,0,0.46587145,0
4,0,0.45997927,0
4,0,0.46128944,0
4,0,0.46292412,0
4,0,0.4645279,0
4,0,0.46350926,0
4,0,0.46383846,0
4,0,0.47101584,0
4,0,0.46771297,0
4,0,0.46257642,0
4,0,0.46321434,0
4,0,0.4683937,0
4,0,0.4648312,0
4,0,0.46276864,0
4,0,0.46424767,0
4,0,0.47090667,0
4,0,0.46611756,0
4,0,0.46430913,0
4,0,0.46211863,0
4,0,0.46114495,0
4,0,0.45892268,0
4,0,0.4594816,0
4,0,0.46296623,0
4,0,0.461695,0
4,0,0.4669055,0
4,0,0.4710334,0
4,0,0.46317536,0
4,0,0.46840924,0
4,0,0.4625159,0
4,0,0.46456262,0
4,0,0.46212614,0
4,0,0.46176156,0
4,0,0.4636421,0
4,0,0.4586727,0
4,0,0.46161407,0
4,0,0.46380106,0
4,0,0.46423644,0
4,0,0.46220568,0
4,0,0.46281368,0
4,0,0.46585894,0
4,0,0.45818225,0
4,0,0.4602438,0
4,0,0.46246338,0
4,0,0.45966294,0
4,0,0.46077603,0
4,0,0.46113095,0
4,0,0.46233693,0
4,0,0.45985833,0
4,0,0.46744782,0
4,0,0.46385822,0
4,0,0.46411756,0
4,0,0.4626381,0
4,0,0.45660216,0
4,0,0.45913067,0
4,0,0.46157536,0
4,0,0.46656767,0
4,0,0.46149877,0
4,0,0.46093458,0
4,0,0.4594417,0
4,0,0.46153077,0
4,0,0.46413764,0
4,0,0.45819375,0
4,0,0.46017388,0
4,0,0.46083316,0
4,0,0.46559697,0
4,0,0.46345648,0
4,0,0.4614167,0
4,0,0.46586543,0
4,0,0.45701095,0
4,0,0.46348745,0
4,0,0.46756464,0
4,0,0.46674624,0
4,0,0.46344122,0
4,0,0.46262014,0
4,0,0.4723011,0
4,0,0.4641704,0
4,0,0.46092057,0
4,0,0.46034682,0
4,0,0.45905387,0
4,0,0.46157837,0
4,0,0.4628676,0
4,0,0.46605968,0
4,0,0.47098875,0
4,0,0.46929622,0
4,0,0.46527138,0
4,0,0.46524453,0
4,0,0.46096566,0
4,0,0.4609925,0
4,0,0.4633512,0
4,0,0.4618153,0
4,0,0.4645015,0
4,0,0.4591518,0
4,0,0.4621825,0
4,0,0.46626976,0
4,0,0.4660594,0
4,0,0.4640195,0
4,0,0.46639884,0
4,0,0.4646568,0
4,0,0.4608137,0
4,0,0.462618,0
4,0,0.46067467,0
4,0,0.45881945,0
4,0,0.45967546,0
4,0,0.4588119,0
4,0,0.4601688,0
4,0,0.46051645,0
4,0,0.46668813,0
4,0,0.46682313,0
4,0,0.46450123,0
4,0,0.46122262,0
4,0,0.4592787,0
4,0,0.46357343,0
4,0,0.45633823,0
4,0,0.46357092,0
4,0,0.46041638,0
4,0,0.46363267,0
4,0,0.4612339,0
4,0,0.4609988,0
4,0,0.4621074,0
4,0,0.46164382,0
4,0,0.4638814,0
4,0,0.46542206,0
4,0,0.4619863,0
4,0,0.4610879,0
4,0,0.4601649,0
4,0,0.46237063,0
4,0,0.46198076,0
4,0,0.4605102,0
4,0,0.45740834,0
4,0,0.459281,0
4,0,0.45901757,0
4,0,0.4619613,0
4,0,0.46101028,0
4,0,0.46530378,0
4,0,0.46824196,0
4,0,0.46270514,0
4,0,0.460784,0
4,0,0.4585607,0
4,0,0.45863816,0
4,0,0.46063378,0
4,0,0.4599815,0
4,0,0.46096498,0
4,0,0.45901224,0
4,0,0.46294758,0
4,0,0.4670445,0
4,0,0.46139377,0
4,0,0.4599065,0
4,0,0.46022564,0
4,0,0.46254382,0
4,0,0.46369037,0
4,0,0.46013817,0
4,0,0.46711677,0
4,0,0.4630603,0
4,0,0.46128646,0
4,0,0.46316293,0
4,0,0.46302086,0
4,0,0.46576253,0
4,0,0.4634355,0
4,0,0.46316314,0
4,0,0.4628151,0
4,0,0.4611028,0
4,0,0.4610933,0
4,0,0.46104607,0
4,0,0.45989257,0
4,0,0.4604849,0
4,0,0.46897835,0
4,0,0.4648641,0
4,0,0.46738327,0
4,0,0.4636249,0
4,0,0.46626484,0
4,1,0.46161,0
4,1,0.4636668,0
4,1,0.46215788,0
4,1,0.46497795,0
4,1,0.46277606,0
4,1,0.46395212,0
4,1,0.46694073,0
4,1,0.4617492,0
4,1,0.46162477,0
4,1,0.46342602,0
4,1,0.461029,0
4,0,0.46123445,0
4,0,0.46035495,0
4,0,0.46493456,0
4,0,0.465354,0
4,0,0.46238235,0
4,0,0.4617706,0
4,0,0.4614951,0
4,0,0.4608975,0
4,0,0.46035102,0
4,0,0.4606134,0
4,0,0.46146122,0
4,0,0.45935893,0
4,0,0.46383092,0
4,0,0.4623281,0
4,0,0.46334445,0
4,0,0.46249318,0
4,0,0.46473175,0
4,0,0.462776,0
4,0,0.45971516,0
4,0,0.4625476,0
4,0,0.46043056,0
4,1,0.45856366,0
4,1,0.46536723,0
4,1,0.46117884,0
4,1,0.46316385,0
4,1,0.4660865,0
4,1,0.46525216,0
4,1,0.4659064,0
4,1,0.46265152,0
4,1,0.46304432,0
4,1,0.46390322,0
4,1,0.4636476,0
4,1,0.46029696,0
4,1,0.46047968,0
4,1,0.4619388,0
4,1,0.46378028,0
4,1,0.45919776,0
4,1,0.45918584,0
4,1,0.45916834,0
4,1,0.46006835,0
4,1,0.46199134,0
4,1,0.46150583,0
4,1,0.46616778,0
4,1,0.46794915,0
4,1,0.46230447,0
4,1,0.46285737,0
4,1,0.46213588,0
4,1,0.46224996,0
4,1,0.46158972,0
4,1,0.46258405,0
4,1,0.4613882,0
4,1,0.46021327,0
4,1,0.47790158,0
4,1,0.4790653,0
4,1,0.47935653,0
4,1,0.48033717,0
4,1,0.48294613,0
4,1,0.48162046,0
4,1,0.4740255,0
4,1,0.47481284,0
4,1,0.47759557,0
4,1,0.48129863,0
4,1,0.47943124,0
4,1,0.48386553,0
4,1,0.48469916,0
4,1,0.48368856,0
4,1,0.48119715,0
4,1,0.47450653,0
4,1,0.47588354,0
4,1,0.48946333,0
4,1,0.4855943,0
4,1,0.49056414,0
4,1,0.48770046,0
4,1,0.4901864,0
4,1,0.49063262,0
4,1,0.49107113,0
4,1,0.48455748,0
4,1,0.48432705,0
4,1,0.48751068,0
4,1,0.4838109,0
4,1,0.48936233,0
4,1,0.48775417,0
4,1,0.48664585,0
4,1,0.48642796,0
4,1,0.48619148,0
4,1,0.48173794,0
4,1,0.4851557,0
4,1,0.47741908,0
4,1,0.488771,0
4,1,0.5201936,1
4,1,0.52680165,1
4,1,0.53020656,1
4,1,0.52481735,1
4,1,0.5201234,1
4,1,0.5311998,1
4,1,0.5352979,1
4,1,0.5201398,1
4,1,0.52466404,1
4,1,0.5290525,1
4,1,0.53118443,1
4,1,0.52944916,1
4,1,0.5296699,1
4,1,0.5320495,1
4,1,0.5312344,1
4,1,0.5240348,1
4,1,0.5364285,1
4,1,0.52860266,1
4,1,0.5262809,1
4,0,0.5790865,1
4,0,0.5662102,1
4,0,0.58663696,1
4,0,0.5739071,1
4,0,0.5766214,1
4,0,0.5652675,1
4,0,0.5685512,1
4,0,0.56749773,1
4,0,0.58215684,1
4,0,0.5663158,1
4,0,0.5680078,1
4,0,0.5653339,1
4,0,0.5785685,1
4,0,0.570596,1
4,0,0.5679245,1
4,0,0.5578995,1
4,0,0.5693828,1
4,0,0.5716365,1
4,0,0.5700388,1
4,0,0.5729008,1
4,0,0.5735073,1
4,0,0.5717995,1
4,0,0.5797425,1
4,0,0.568626,1
4,0,0.5750855,1
4,0,0.5737896,1
4,0,0.5687482,1
4,0,0.5704106,1
4,0,0.5657741,1
4,0,0.56509244,1
4,0,0.5729827,1
4,0,0.58192223,1
4,0,0.57701933,1
4,0,0.5735554,1
4,0,0.57577914,1
4,0,0.57974434,1
4,0,0.57883173,1
4,0,0.5769737,1
4,0,0.5775351,1
4,0,0.5717743,1
4,0,0.57299495,1
4,0,0.56868726,1
4,0,0.57016015,1
4,0,0.5741906,1
4,0,0.5878259,1
4,0,0.5735574,1
4,0,0.5842592,1
4,0,0.58530676,1
4,0,0.5801653,1
4,0,0.5711788,1
4,0,0.5856158,1
4,0,0.57330257,1
4,0,0.5694664,1
4,0,0.5727166,1
4,0,0.5741507,1
4,0,0.57215434,1
4,0,0.5692526,1
4,0,0.56504583,1
4,0,0.5606909,1
4,0,0.5762873,1
4,0,0.57483447,1
4,0,0.5834291,1
4,0,0.5717544,1
4,0,0.5650288,1
4,0,0.55926967,1
4,0,0.55364263,1
4,0,0.5588592,1
4,0,0.56568235,1
4,0,0.55682695,1
4,0,0.5814524,1
4,0,0.5694997,1
4,0,0.5740701,1
4,0,0.5751333,1
4,0,0.576066,1
4,0,0.57548034,1
4,0,0.57717675,1
4,0,0.5764424,1
4,0,0.58215517,1
4,0,0.57190365,1
4,0,0.57302564,1
4,0,0.57132596,1
4,0,0.5719262,1
4,0,0.5658459,1
4,0,0.57421505,1
4,0,0.5729597,1
4,0,0.58105546,1
4,0,0.5791944,1
4,0,0.58487475,1
4,0,0.588513,1
4,0,0.5874911,1
4,0,0.58782315,1
4,0,0.5835329,1
4,0,0.5796113,1
4,0,0.58024997,1
4,0,0.5873567,1
4,0,0.57610315,1
4,0,0.577744,1
4,0,0.5827337,1
4,0,0.5774264,1
4,0,0.5739681,1
4,0,0.5872229,1
4,0,0.5848227,1
4,1,0.58611983,1
4,1,0.5943969,1
4,1,0.5874178,1
4,1,0.5814228,1
4,1,0.58188903,1
4,1,0.5865521,1
4,1,0.5733646,1
4,1,0.58713555,1
4,1,0.5828439,1
4,1,0.5890075,1
4,1,0.5821181,1
4,1,0.57527876,1
4,1,0.576596,1
4,1,0.58290243,1
4,1,0.5805974,1
4,1,0.577569,1
4,1,0.59077275,1
4,1,0.5770112,1
4,0,0.5893482,1
4,0,0.5786069,1
4,0,0.57948124,1
4,0,0.5772122,1
4,0,0.5741193,1
4,0,0.58453405,1
4,0,0.5823177,1
4,0,0.5806854,1
4,0,0.5744092,1
4,0,0.5781239,1
4,0,0.56652987,1
4,0,0.57339436,1
4,0,0.57273895,1
4,0,0.56972915,1
4,0,0.56141764,1
4,0,0.5607375,1
4,0,0.5575378,1
4,0,0.56936663,1
4,0,0.5510679,1
4,0,0.5626221,1
4,0,0.5642907,1
4,0,0.55586267,1
4,0,0.5651112,1
4,0,0.5685077,1
4,0,0.5593447,1
4,0,0.55902576,1
4,0,0.56956536,1
4,0,0.55161023,1
4,0,0.5730274,1
4,0,0.5649589,1
4,0,0.56559145,1
4,0,0.5724263,1
4,0,0.5641282,1
4,0,0.5720408,1
4,0,0.56548035,1
4,0,0.5726117,1
4,1,0.46430776,0
4,1,0.46062642,0
4,1,0.46256924,0
4,1,0.46245214,0
4,1,0.46004477,0
4,1,0.46057466,0
4,1,0.46407324,0
4,1,0.46053985,0
4,1,0.463455,0
4,1,0.46631315,0
4,1,0.46224228,0
4,1,0.46169677,0
4,1,0.45920005,0
4,1,0.45952082,0
4,1,0.4588389,0
4,1,0.46445057,0
4,1,0.46184623,0
4,1,0.46121585,0
4,1,0.46661726,0
4,1,0.46341348,0
4,1,0.46330005,0
4,1,0.46412605,0
4,1,0.46484292,0
4,1,0.46450752,0
4,1,0.4607532,0
4,1,0.46201473,0
4,1,0.46547052,0
4,1,0.46291354,0
4,1,0.46148697,0
4,1,0.46419787,0
4,1,0.46331695,0
4,1,0.46821606,0
4,1,0.46614766,0
4,1,0.47092268,0
4,1,0.47082216,0
4,1,0.46922603,0
4,1,0.4669686,0
4,1,0.46463376,0
4,1,0.46107587,0
4,1,0.46638495,0
4,1,0.46913946,0
4,1,0.46749163,0
4,1,0.4664753,0
4,1,0.46956587,0
4,1,0.46771857,0
4,1,0.4675896,0
4,1,0.4731579,0
4,1,0.47257787,0
4,0,0.4695834,0
4,0,0.4723466,0
4,0,0.47267836,0
4,0,0.46973997,0
4,0,0.46749705,0
4,0,0.4709934,0
4,0,0.4698436,0
4,0,0.47419503,0
4,0,0.47649798,0
4,0,0.47310165,0
4,0,0.4744242,0
4,0,0.47223592,0
4,0,0.47144014,0
4,0,0.47330123,0
4,0,0.47118706,0
4,0,0.46956104,0
4,0,0.46789208,0
4,0,0.47003484,0
4,0,0.46701735,0
4,0,0.46815827,0
4,0,0.46793678,0
4,0,0.4716516,0
4,0,0.46667135,0
4,0,0.46581322,0
4,0,0.47079176,0
4,0,0.46752807,0
4,0,0.46827006,0
4,0,0.46686167,0
4,0,0.46968648,0
4,0,0.46333063,0
4,0,0.46458435,0
4,0,0.46283656,0
4,0,0.4652316,0
4,0,0.47033206,0
4,0,0.46761405,0
4,0,0.46940786,0
4,0,0.46814203,0
4,0,0.4682913,0
4,0,0.46779954,0
4,0,0.47080043,0
4,0,0.4670944,0
4,0,0.4661576,0
4,0,0.46818304,0
4,0,0.46868747,0
4,0,0.46868527,0
4,0,0.4694591,0
4,0,0.470437,0
4,0,0.46396223,0
4,0,0.47127044,0
4,0,0.47138563,0
4,0,0.4675968,0
4,0,0.466869,0
4,0,0.46916324,0
4,0,0.4682322,0
4,0,0.467796,0
4,0,0.46885246,0
4,0,0.46755242,0
4,0,0.46522328,0
4,0,0.47022262,0
4,0,0.46520144,0
4,0,0.46760625,0
4,0,0.47145972,0
4,0,0.46538997,0
4,0,0.46797594,0
4,0,0.46358395,0
4,0,0.46170852,0
4,0,0.45992768,0
4,0,0.46870437,0
4,0,0.46602815,0
4,0,0.46883214,0
4,0,0.4704322,0
4,0,0.45931035,0
4,0,0.45912942,0
4,0,0.46534854,0
4,0,0.4656309,0
4,0,0.46208504,0
4,0,0.46228606,0
4,0,0.46370986,0
4,0,0.46438077,0
4,0,0.46310672,0
4,0,0.46278796,0
4,0,0.45903936,0
4,0,0.46237603,0
4,0,0.45953602,0
4,0,0.46104726,0
4,0,0.4646529,0
4,0,0.46483713,0
4,0,0.46487767,0
4,0,0.4610391,0
4,0,0.46357843,0
4,0,0.46197897,0
4,0,0.46288094,0
4,0,0.46263802,0
4,0,0.4664729,0
4,0,0.4661952,0
4,0,0.46616927,0
4,0,0.46609375,0
4,0,0.46831718,0
4,0,0.46510923,0
4,0,0.46287364,0
4,0,0.46458787,0
4,0,0.46676776,0
4,0,0.46428126,0
4,0,0.4646128,0
4,0,0.46354583,0
4,0,0.46724463,0
4,0,0.4615762,0
4,0,0.4636691,0
4,0,0.46333286,0
4,0,0.46500835,0
4,0,0.46572816,0
4,0,0.46138823,0
4,0,0.4644784,0
4,0,0.4666724,0
4,0,0.46366432,0
4,0,0.4662268,0
4,0,0.46528476,0
4,0,0.46825585,0
4,0,0.46444133,0
4,0,0.46334386,0
4,0,0.4584307,0
4,0,0.45943356,0
4,0,0.4607568,0
4,0,0.46480468,0
4,0,0.46501726,0
4,0,0.46431884,0
4,0,0.45985192,0
4,0,0.46134984,0
4,0,0.46665686,0
4,0,0.45956984,0
4,0,0.46819687,0
4,0,0.4642323,0
4,1,0.46371052,0
4,1,0.46304196,0
4,1,0.4642695,0
4,1,0.46978495,0
4,1,0.46448493,0
4,1,0.46443787,0
4,1,0.46175507,0
4,1,0.4625786,0
4,1,0.46456516,0
4,1,0.46025074,0
4,1,0.4602685,0
4,0,0.46568274,0
4,0,0.466051,0
4,0,0.46373338,0
4,0,0.46675965,0
4,0,0.46620914,0
4,0,0.46325022,0
4,0,0.46620932,0
4,0,0.46436507,0
4,0,0.464491,0
4,0,0.46381342,0
4,0,0.46117473,0
4,0,0.46631327,0
4,0,0.46235672,0
4,0,0.46371198,0
4,1,0.46568647,0
4,1,0.4612268,0
4,1,0.46347466,0
4,1,0.4656843,0
4,1,0.46570966,0
4,1,0.46372145,0
4,1,0.46372518,0
4,1,0.46482247,0
4,1,0.4632095,0
4,1,0.46169844,0
4,1,0.4631332,0
4,1,0.46327624,0
4,1,0.46326625,0
4,1,0.4648873,0
4,1,0.46175072,0
4,1,0.46423241,0
4,1,0.46277082,0
4,1,0.4625176,0
4,1,0.46197236,0
4,1,0.4623532,0
4,1,0.46297377,0
4,1,0.46075946,0
4,1,0.46133935,0
4,1,0.4635866,0
4,1,0.46361932,0
4,1,0.46293178,0
4,1,0.46182165,0
4,1,0.4636025,0
4,1,0.46506023,0
4,1,0.46240315,0
4,1,0.4601236,0
4,1,0.46231535,0
4,1,0.46303323,0
4,1,0.46173277,0
4,1,0.46230152,0
4,1,0.46400675,0
4,1,0.46250463,0
4,1,0.4615395,0
4,1,0.46580377,0
4,1,0.4619317,0
4,1,0.46149546,0
4,1,0.46030286,0
4,1,0.46082395,0
4,1,0.46391985,0
4,1,0.46099898,0
4,1,0.45780525,0
4,1,0.46261296,0
4,1,0.46118054,0
4,1,0.46303174,0
4,1,0.46261132,0
4,1,0.45877495,0
4,1,0.46246353,0
4,1,0.4626087,0
4,1,0.4591922,0
4,1,0.4601615,0
4,1,0.4600941,0
4,1,0.4595693,0
4,1,0.4591646,0
4,1,0.45887876,0
4,1,0.4642859,0
4,1,0.46117488,0
4,1,0.46414232,0
4,1,0.46313125,0
4,1,0.46315902,0
4,1,0.46303812,0
4,1,0.46131605,0
4,1,0.46188846,0
4,1,0.46280515,0
4,1,0.46253628,0
4,1,0.46271056,0
4,1,0.46182194,0
4,1,0.4613983,0
4,1,0.46216294,0
4,1,0.46141252,0
4,1,0.46300668,0
4,1,0.46141416,0
4,1,0.45930186,0
4,1,0.45884058,0
4,1,0.46080935,0
4,1,0.4616438,0
4,1,0.46012414,0
4,1,0.46027246,0
4,1,0.46106175,0
4,1,0.4619301,0
4,1,0.45962122,0
4,1,0.45830718,0
4,1,0.45935056,0
4,1,0.4590062,0
4,1,0.4729112,0
4,1,0.46824527,0
4,1,0.46488222,0
4,1,0.46860045,0
4,1,0.46548554,0
4,1,0.4640029,0
4,1,0.46619746,0
4,1,0.46346384,0
4,1,0.46699595,0
4,1,0.46763214,0
4,1,0.4677468,0
4,1,0.47157672,0
4,1,0.4692534,0
4,1,0.46823213,0
4,1,0.4715227,0
4,1,0.4734193,0
4,1,0.47275338,0
4,1,0.47086468,0
4,1,0.51319635,1
4,1,0.5111427,1
4,1,0.50818896,1
4,1,0.5107038,1
4,1,0.51121604,1
4,1,0.5166315,1
4,1,0.50990117,1
4,1,0.5048446,1
4,1,0.5096138,1
4,1,0.508565,1
4,1,0.5073207,1
4,0,0.4676206,0
4,0,0.46904954,0
4,0,0.46598464,0
4,0,0.4646829,0
4,0,0.46428278,0
4,0,0.46311876,0
4,0,0.46377647,0
4,0,0.46516085,0
4,0,0.4626075,0
4,0,0.46425724,0
4,0,0.46369636,0
4,0,0.46772364,0
4,0,0.46733454,0
4,1,0.46652427,0
4,1,0.4678965,0
4,1,0.46643877,0
4,1,0.46665144,0
4,1,0.466283,0
4,1,0.46741238,0
4,1,0.46687627,0
4,1,0.4687107,0
4,1,0.46955425,0
4,1,0.46676862,0
4,1,0.56510705,1
4,1,0.54555064,1
4,1,0.5426514,1
4,1,0.5492675,1
4,1,0.5401278,1
4,1,0.5533973,1
4,1,0.54632306,1
4,1,0.55274117,1
4,1,0.54297847,1
4,1,0.54743576,1
4,1,0.54550534,1
4,1,0.5511015,1
4,1,0.54859513,1
4,1,0.54469484,1
4,1,0.54575145,1
4,1,0.54935783,1
4,1,0.54924715,1
4,1,0.5516671,1
4,1,0.5482616,1
4,1,0.54660374,1
4,1,0.5465919,1
4,1,0.54520184,1
4,1,0.5578263,1
4,1,0.5483704,1
4,1,0.55450374,1
4,1,0.55001926,1
4,1,0.5446318,1
4,1,0.5522313,1
4,1,0.54766786,1
4,1,0.5312921,1
4,1,0.54100883,1
4,1,0.5370525,1
4,1,0.53976864,1
4,1,0.5309578,1
4,0,0.46381232,0
4,0,0.46692446,0
4,0,0.46312687,0
4,0,0.46482363,0
4,0,0.4619586,0
4,0,0.46272013,0
4,0,0.46901235,0
4,0,0.46726668,0
4,0,0.4620415,0
4,0,0.46441427,0
4,0,0.4594621,0
4,0,0.46111244,0
4,0,0.4601913,0
4,0,0.462586,0
4,0,0.4624099,0
4,1,0.4620552,0
4,1,0.46973217,0
4,1,0.46364203,0
4,1,0.46437567,0
4,1,0.46603525,0
4,1,0.46367833,0
4,1,0.4604146,0
4,1,0.46247652,0
4,1,0.46108723,0
4,1,0.4640369,0
4,1,0.46580675,0
4,1,0.4648172,0
4,1,0.46230626,0
4,1,0.46884528,0
4,1,0.4628301,0
4,1,0.46191585,0
4,1,0.46322164,0
4,1,0.4636628,0
4,1,0.46083352,0
4,1,0.46088988,0
4,1,0.46262732,0
4,1,0.46242544,0
4,1,0.46470532,0
4,1,0.4685783,0
4,1,0.46635148,0
4,1,0.46392944,0
4,1,0.4628533,0
4,1,0.46090326,0
4,1,0.46606204,0
4,1,0.46792814,0
4,0,0.46311155,0
4,0,0.4610481,0
4,0,0.4634005,0
4,0,0.46477005,0
4,0,0.46835247,0
4,0,0.46408385,0
4,0,0.46477434,0
4,0,0.46629617,0
4,0,0.46865734,0
4,0,0.46571144,0
4,0,0.46304443,0
4,0,0.46134615,0
4,0,0.46255368,0
5,1,0.57027006,1
5,1,0.5464311,1
5,1,0.5525179,1
5,1,0.5509345,1
5,1,0.5525242,1
5,1,0.5409182,1
5,1,0.5412244,1
5,1,0.5382204,1
5,1,0.53977996,1
5,1,0.552417,1
5,1,0.54026574,1
5,1,0.54419917,1
5,1,0.5554864,1
5,1,0.5404341,1
5,1,0.53628266,1
5,1,0.55589443,1
5,1,0.5344844,1
5,1,0.5035808,1
5,1,0.4930719,0
5,1,0.4953314,0
5,1,0.5002643,1
5,1,0.51392317,1
5,1,0.50718933,1
5,1,0.51275384,1
5,1,0.49553135,0
5,1,0.4976067,0
5,1,0.50767386,1
5,1,0.50328577,1
5,1,0.49781185,0
5,1,0.49368668,0
5,1,0.5009925,1
5,1,0.4931808,0
5,1,0.49650317,0
5,1,0.3697573,0
5,1,0.36806303,0
5,1,0.3725364,0
5,1,0.37148407,0
5,1,0.3721107,0
5,1,0.36763668,0
5,1,0.37055972,0
5,1,0.36862025,0
5,1,0.37122834,0
5,1,0.37275344,0
5,1,0.36920136,0
5,1,0.36756983,0
5,1,0.37427157,0
5,1,0.37602362,0
5,1,0.3741032,0
5,1,0.37249598,0
5,1,0.37644947,0
5,1,0.3752502,0
5,1,0.37356555,0
5,1,0.3783471,0
5,1,0.3756947,0
5,1,0.3781546,0
5,1,0.37562054,0
5,1,0.37417027,0
5,1,0.37605533,0
5,1,0.38484845,0
5,1,0.38865596,0
5,1,0.384977,0
5,1,0.38253465,0
5,1,0.38529623,0
5,1,0.38088706,0
5,1,0.38238102,0
5,1,0.37550774,0
5,1,0.37757665,0
5,1,0.37513736,0
5,1,0.37890232,0
5,1,0.37617984,0
5,1,0.37580964,0
5,1,0.37455264,0
5,1,0.3734003,0
5,1,0.37532488,0
5,1,0.3726734,0
5,1,0.373214,0
5,1,0.37425444,0
5,0,0.8115304,1
5,0,0.8128299,1
5,0,0.8118214,1
5,0,0.811436,1
5,0,0.8116959,1
5,0,0.8129229,1
5,0,0.8152544,1
5,0,0.8108504,1
5,0,0.8156666,1
5,0,0.81508523,1
5,0,0.8122702,1
5,0,0.81198764,1
5,0,0.8148315,1
5,0,0.8150916,1
5,0,0.8135065,1
5,0,0.8120645,1
5,0,0.81179595,1
5,0,0.8114754,1
5,0,0.8136486,1
5,0,0.8127816,1
5,0,0.811878,1
5,0,0.8114894,1
5,0,0.8144055,1
5,0,0.8127006,1
5,0,0.813155,1
5,0,0.8125207,1
5,0,0.81110513,1
5,0,0.8142159,1
5,0,0.8119357,1
5,0,0.8110956,1
5,0,0.8102931,1
5,0,0.8123626,1
5,0,0.81325245,1
5,0,0.8134598,1
5,0,0.8113084,1
5,0,0.8141755,1
5,0,0.8117236,1
5,0,0.8121375,1
5,0,0.8137242,1
5,0,0.81183225,1
5,0,0.8129262,1
5,0,0.8109939,1
5,0,0.81340337,1
5,0,0.8137063,1
5,0,0.81392556,1
5,0,0.8111306,1
5,0,0.81338966,1
5,0,0.8145061,1
5,0,0.81033653,1
5,0,0.810078,1
5,0,0.8123508,1
5,0,0.8136705,1
5,0,0.81064045,1
5,0,0.81179553,1
5,0,0.8148794,1
5,0,0.8130479,1
5,0,0.81436914,1
5,0,0.81221205,1
5,0,0.8109909,1
5,0,0.81376207,1
5,0,0.81336254,1
5,0,0.8147491,1
5,0,0.8133274,1
5,0,0.81057966,1
5,0,0.81103325,1
5,0,0.81438124,1
5,0,0.81057465,1
5,0,0.81104803,1
5,0,0.80955625,1
5,0,0.81332517,1
5,0,0.8133166,1
5,0,0.81379366,1
5,0,0.81212837,1
5,0,0.8105694,1
5,0,0.8145619,1
5,0,0.8122069,1
5,0,0.8139825,1
5,0,0.81412244,1
5,0,0.81417346,1
5,0,0.81450665,1
5,0,0.81292707,1
5,0,0.81041616,1
5,0,0.81305957,1
5,0,0.8130733,1
5,0,0.8109427,1
5,1,0.37121242,0
5,1,0.36967072,0
5,1,0.37344053,0
5,1,0.3737832,0
5,1,0.36976364,0
5,1,0.3708423,0
5,1,0.37299785,0
5,1,0.37201774,0
5,1,0.3744774,0
5,1,0.3685788,0
5,1,0.37160987,0
5,1,0.3761194,0
5,1,0.3710303,0
5,1,0.3710219,0
5,1,0.3716669,0
5,1,0.37616915,0
5,1,0.3768857,0
5,1,0.37658483,0
5,1,0.38002306,0
5,1,0.3771943,0
5,1,0.377796,0
5,1,0.3804153,0
5,1,0.37212762,0
5,1,0.37546906,0
5,1,0.37323147,0
5,1,0.37178126,0
5,1,0.37373775,0
5,1,0.3738393,0
5,1,0.37521556,0
5,1,0.379013,0
5,1,0.3760565,0
5,1,0.37988153,0
5,1,0.37582836,0
5,1,0.3775507,0
5,1,0.37492058,0
5,1,0.37634057,0
5,1,0.37233743,0
5,1,0.3838976,0
5,1,0.38258502,0
5,1,0.37485757,0
5,1,0.37479916,0
5,1,0.37919104,0
5,1,0.3772997,0
5,1,0.3774184,0
5,1,0.3743447,0
5,1,0.37667403,0
5,1,0.37957588,0
5,1,0.37891603,0
5,1,0.3794309,0
5,1,0.38289106,0
5,1,0.38420904,0
5,1,0.38572574,0
5,1,0.37870085,0
5,1,0.3833667,0
5,1,0.3867493,0
5,1,0.3902316,0
5,1,0.38071987,0
5,1,0.38357952,0
5,1,0.38043466,0
5,1,0.38406137,0
5,1,0.38436723,0
5,1,0.38769972,0
5,1,0.3805173,0
5,1,0.37931445,0
5,1,0.37878895,0
5,1,0.38031128,0
5,1,0.38101247,0
5,1,0.38068542,0
5,1,0.3832981,0
5,1,0.38030323,0
5,1,0.37855065,0
5,1,0.3766511,0
5,1,0.3783465,0
5,1,0.37675157,0
5,1,0.38195473,0
5,1,0.38299185,0
5,1,0.37988666,0
5,1,0.38095897,0
5,1,0.3811614,0
5,1,0.37706673,0
5,1,0.38025606,0
5,1,0.38260764,0
5,1,0.37765837,0
5,1,0.37682754,0
5,1,0.37701085,0
5,1,0.37751523,0
5,1,0.3817463,0
5,1,0.37996665,0
5,1,0.37832263,0
5,1,0.37856525,0
5,1,0.3771315,0
5,1,0.3831271,0
5,1,0.3781758,0
5,1,0.37329543,0
5,1,0.37262106,0
5,1,0.37780517,0
5,1,0.37626943,0
5,1,0.3710862,0
5,1,0.3761008,0
5,1,0.37005204,0
5,1,0.37133667,0
5,1,0.3730604,0
5,1,0.37571546,0
5,1,0.3764582,0
5,1,0.37874618,0
5,1,0.36685196,0
5,1,0.3684822,0
5,1,0.36879897,0
5,1,0.37683454,0
5,1,0.36935326,0
5,1,0.37330413,0
5,1,0.37089437,0
5,1,0.3743809,0
5,1,0.37886816,0
5,1,0.3747551,0
5,1,0.37744325,0
5,1,0.3776016,0
5,1,0.3780031,0
5,1,0.38131443,0
5,1,0.380045,0
5,1,0.37848678,0
5,1,0.38430893,0
5,0,0.3822502,0
5,0,0.37960118,0
5,0,0.3771782,0
5,0,0.37811726,0
5,0,0.37556666,0
5,0,0.37329686,0
5,0,0.37749112,0
5,0,0.3764964,0
5,0,0.3774209,0
5,0,0.3786308,0
5,0,0.37166026,0
5,0,0.38028485,0
5,0,0.37128952,0
5,0,0.37247628,0
5,0,0.3742674,0
5,0,0.3715443,0
5,0,0.37159866,0
5,0,0.37234703,0
5,0,0.37074953,0
5,0,0.37317312,0
5,0,0.37205523,0
5,0,0.3707785,0
5,0,0.3734062,0
5,0,0.36994871,0
5,0,0.36962637,0
5,0,0.36810502,0
5,1,0.3720315,0
5,1,0.37475055,0
5,1,0.36881855,0
5,1,0.3707993,0
5,1,0.3683193,0
5,1,0.36702564,0
5,1,0.36821383,0
5,1,0.36953494,0
5,1,0.36937872,0
5,1,0.368608,0
5,1,0.36837092,0
5,1,0.3722356,0
5,1,0.36960328,0
5,1,0.37059534,0
5,1,0.36512104,0
5,1,0.3691902,0
5,1,0.36883307,0
5,1,0.36308405,0
5,1,0.3635845,0
5,1,0.3683781,0
5,1,0.36912727,0
5,1,0.36874065,0
5,1,0.36589155,0
5,1,0.36733922,0
5,1,0.36786965,0
5,1,0.37044463,0
5,1,0.36829892,0
5,1,0.3695394,0
5,1,0.3712507,0
5,1,0.37240574,0
5,1,0.3674473,0
5,1,0.36726707,0
5,1,0.36691386,0
5,1,0.37230605,0
5,1,0.36678505,0
5,1,0.36612704,0
5,1,0.37210366,0
5,1,0.36803406,0
5,1,0.3672548,0
5,1,0.36863288,0
5,1,0.3683375,0
5,1,0.36916903,0
5,1,0.37234128,0
5,0,0.36766857,0
5,0,0.3650083,0
5,0,0.36591586,0
5,0,0.36284092,0
5,0,0.3683327,0
5,0,0.36239,0
5,0,0.36753222,0
5,0,0.36731365,0
5,0,0.3636226,0
5,0,0.3659292,0
5,0,0.36848566,0
5,0,0.36653033,0
5,0,0.37245622,0
5,0,0.3663784,0
5,0,0.36571074,0
5,0,0.36439353,0
5,0,0.36352605,0
5,0,0.37206125,0
5,0,0.36814097,0
5,0,0.3717439,0
5,0,0.36854455,0
5,0,0.36658454,0
5,0,0.3722476,0
5,0,0.36859488,0
5,0,0.36899117,0
5,1,0.37242156,0
5,1,0.3643978,0
5,1,0.3667165,0
5,1,0.3694473,0
5,1,0.3660602,0
5,1,0.36469534,0
5,1,0.360676,0
5,1,0.36337134,0
5,1,0.36401737,0
5,1,0.36430055,0
5,1,0.3689949,0
5,1,0.36118802,0
5,1,0.36955333,0
5,1,0.36461276,0
5,1,0.3674437,0
5,1,0.36069995,0
5,1,0.36028525,0
5,1,0.36200523,0
5,0,0.37045473,0
5,0,0.3739716,0
5,0,0.37190664,0
5,0,0.37596968,0
5,0,0.37394714,0
5,0,0.37744898,0
5,0,0.37879875,0
5,0,0.38258857,0
5,0,0.3775156,0
5,0,0.37834758,0
5,0,0.38540778,0
5,0,0.37590033,0
5,0,0.3703989,0
5,0,0.38275817,0
5,0,0.37599522,0
5,0,0.37633118,0
5,0,0.3744952,0
5,0,0.3729566,0
5,0,0.37614733,0
5,0,0.37370133,0
5,0,0.3724572,0
5,0,0.3719728,0
5,0,0.37259123,0
5,0,0.37490305,0
5,0,0.37606195,0
5,0,0.37767696,0
5,0,0.37889192,0
5,0,0.38097653,0
5,0,0.37833166,0
5,0,0.38057777,0
5,0,0.3782396,0
5,0,0.37795097,0
5,0,0.37979913,0
5,0,0.3780743,0
5,0,0.37513578,0
5,0,0.3726969,0
5,0,0.37113613,0
5,0,0.37055564,0
5,0,0.37024307,0
5,0,0.37027448,0
5,0,0.37505513,0
5,0,0.37412968,0
5,0,0.37168267,0
5,0,0.37541798,0
5,0,0.37568662,0
5,0,0.3732651,0
5,0,0.37355602,0
5,0,0.3750198,0
5,0,0.37097082,0
5,0,0.37728518,0
5,0,0.3765667,0
5,0,0.37593022,0
5,0,0.38111976,0
5,0,0.3756041,0
5,0,0.37684703,0
5,0,0.3746679,0
5,0,0.37672776,0
5,0,0.37016657,0
5,0,0.37206814,0
5,0,0.37304416,0
5,0,0.3750274,0
5,0,0.37184918,0
5,0,0.37413642,0
5,0,0.37523332,0
5,0,0.37500757,0
5,0,0.38138464,0
5,0,0.3719538,0
5,0,0.38057965,0
5,0,0.3741571,0
5,0,0.37611923,0
5,0,0.37529808,0
5,0,0.37910208,0
5,0,0.3798053,0
5,0,0.38006288,0
5,0,0.3859663,0
5,0,0.3877447,0
5,0,0.38681865,0
5,0,0.3925554,0
5,0,0.39532137,0
5,0,0.38666537,0
5,0,0.38508657,0
5,0,0.3849898,0
5,0,0.3887281,0
5,0,0.38094306,0
5,0,0.37903583,0
5,0,0.37790143,0
5,0,0.38285366,0
5,0,0.38162133,0
5,0,0.37621507,0
5,0,0.37520838,0
5,0,0.37430307,0
5,0,0.38152102,0
5,0,0.3731247,0
5,0,0.37376618,0
5,0,0.370432,0
5,0,0.37362978,0
5,0,0.37346593,0
5,0,0.37504503,0
5,0,0.37227523,0
5,0,0.37359482,0
5,0,0.37254867,0
5,0,0.37887815,0
5,0,0.36910513,0
5,0,0.3692771,0
5,0,0.36772192,0
5,0,0.37352148,0
5,0,0.3698943,0
5,0,0.37158737,0
5,0,0.3804649,0
5,0,0.3755185,0
5,0,0.36980078,0
5,0,0.370088,0
5,0,0.37014258,0
5,0,0.37622806,0
5,0,0.37559792,0
5,0,0.375757,0
5,0,0.37369156,0
5,0,0.3725457,0
5,0,0.37477702,0
5,0,0.3792157,0
5,0,0.37858245,0
5,0,0.3698303,0
5,0,0.3713305,0
5,0,0.37139213,0
5,0,0.3753152,0
5,0,0.37527737,0
5,0,0.37657416,0
5,0,0.372889,0
5,0,0.37922212,0
5,0,0.37115854,0
5,0,0.3737845,0
5,0,0.37128454,0
5,0,0.37208724,0
5,0,0.36884722,0
5,0,0.37168664,0
5,0,0.37763935,0
5,0,0.3764459,0
5,0,0.37419352,0
5,0,0.37373215,0
5,0,0.37490734,0
5,0,0.37634164,0
5,0,0.37799582,0
5,0,0.37305713,0
5,0,0.37248316,0
5,0,0.37170672,0
5,0,0.37061483,0
5,0,0.36688802,0
5,0,0.37300047,0
5,0,0.36410278,0
5,0,0.37676424,0
5,0,0.37502217,0
5,0,0.37190968,0
5,0,0.37543696,0
5,0,0.36934754,0
5,0,0.37007523,0
5,0,0.37030873,0
5,0,0.36612055,0
5,0,0.37486872,0
5,0,0.3674564,0
5,0,0.37096265,0
5,0,0.37133062,0
5,0,0.37952366,0
5,0,0.37048268,0
5,0,0.37712243,0
5,0,0.37218893,0
5,0,0.36889634,0
5,0,0.37317294,0
5,0,0.36895376,0
5,0,0.3733968,0
5,0,0.37574214,0
5,0,0.37432444,0
5,0,0.37728804,0
5,0,0.36934957,0
5,0,0.3738484,0
5,0,0.37246978,0
5,1,0.3807994,0
5,1,0.3882133,0
5,1,0.38257256,0
5,1,0.38616076,0
5,1,0.38844487,0
5,1,0.38664418,0
5,1,0.38299838,0
5,1,0.3844778,0
5,1,0.38333654,0
5,1,0.3931869,0
5,1,0.40243274,0
5,1,0.3851316,0
5,1,0.3928375,0
5,1,0.38290432,0
5,1,0.39999023,0
5,1,0.39260226,0
5,1,0.4042235,0
5,1,0.3715519,0
5,1,0.37552622,0
5,1,0.37158236,0
5,1,0.37120926,0
5,1,0.37834695,0
5,1,0.3750008,0
5,1,0.3727175,0
5,1,0.37598538,0
5,1,0.37573293,0
5,1,0.37356463,0
5,1,0.37158054,0
5,1,0.37203544,0
5,1,0.37556183,0
5,1,0.37387827,0
5,1,0.37140015,0
5,1,0.3764702,0
5,1,0.37081715,0
5,1,0.37057945,0
5,1,0.3681005,0
5,1,0.36769208,0
5,1,0.3675099,0
5,1,0.3691587,0
5,1,0.37044615,0
5,1,0.37691003,0
5,1,0.37087616,0
5,1,0.36946845,0
5,1,0.37420952,0
5,1,0.3787281,0
5,1,0.37615708,0
5,1,0.37213308,0
5,1,0.37067583,0
5,1,0.37181216,0
5,1,0.37041208,0
5,1,0.3755466,0
5,1,0.37602767,0
5,1,0.3770119,0
5,1,0.3756365,0
5,1,0.37168744,0
5,1,0.36767626,0
5,1,0.36860803,0
5,1,0.37013483,0
5,1,0.36819842,0
5,1,0.36761543,0
5,1,0.37286627,0
5,1,0.37521,0
5,1,0.37422383,0
5,1,0.37547472,0
5,1,0.37148204,0
5,1,0.37793392,0
5,1,0.37432244,0
5,1,0.37079534,0
5,1,0.371854,0
5,1,0.37000656,0
5,1,0.37498873,0
5,1,0.37577307,0
5,1,0.37644127,0
5,1,0.3764539,0
5,1,0.37424305,0
5,1,0.37090018,0
5,1,0.37586346,0
5,1,0.37313968,0
5,1,0.37619182,0
5,1,0.37127402,0
5,1,0.37058106,0
5,1,0.37835732,0
5,1,0.37498957,0
5,1,0.3741118,0
5,1,0.3774101,0
5,1,0.3738524,0
5,1,0.37838647,0
5,1,0.37735605,0
5,1,0.3758054,0
5,1,0.3744074,0
5,1,0.37573442,0
5,1,0.36662412,0
5,1,0.3759042,0
5,1,0.3702309,0
5,1,0.37141287,0
5,1,0.3712707,0
5,1,0.36974055,0
5,1,0.37246457,0
5,1,0.36906293,0
5,1,0.37422037,0
5,1,0.36933997,0
5,1,0.37003577,0
5,1,0.37423623,0
5,1,0.37356782,0
5,1,0.3728447,0
5,1,0.36942524,0
5,1,0.37690237,0
5,1,0.37236074,0
5,1,0.36923212,0
5,1,0.3710709,0
5,1,0.37219113,0
5,1,0.37076244,0
5,1,0.36895755,0
5,1,0.37345234,0
5,1,0.37506196,0
5,1,0.36990613,0
5,1,0.3732059,0
5,1,0.37204745,0
5,1,0.36642972,0
5,1,0.36785614,0
5,1,0.36588916,0
5,1,0.3668642,0
5,1,0.36503476,0
5,1,0.36407018,0
5,1,0.36671215,0
5,1,0.36602837,0
5,1,0.37496167,0
5,1,0.3709662,0
5,1,0.37228003,0
5,1,0.37166357,0
5,1,0.37278196,0
5,1,0.37489027,0
5,1,0.37315157,0
5,1,0.37000966,0
5,1,0.37367314,0
5,1,0.37447575,0
5,1,0.37312225,0
5,1,0.7694709,1
5,1,0.7807836,1
5,1,0.7776687,1
5,1,0.7815284,1
5,1,0.7760993,1
5,1,0.7721218,1
5,1,0.7717634,1
5,1,0.76529825,1
5,1,0.75866175,1
5,1,0.7454029,1
5,1,0.765578,1
5,1,0.7623832,1
5,1,0.7616788,1
5,1,0.7395343,1
5,1,0.7699307,1
5,1,0.7677127,1
5,1,0.7839918,1
5,1,0.7795536,1
5,1,0.7765293,1
5,1,0.77666193,1
5,1,0.77308786,1
5,1,0.77527064,1
5,1,0.76767915,1
5,1,0.7790395,1
5,1,0.77263194,1
5,1,0.7713988,1
5,1,0.782403,1
5,1,0.6889009,1
5,1,0.6829767,1
5,1,0.69576836,1
5,1,0.66162527,1
5,1,0.6460318,1
5,1,0.64509624,1
5,1,0.66176945,1
5,1,0.69784075,1
5,1,0.65709215,1
5,1,0.6363156,1
5,1,0.63697386,1
5,1,0.64079946,1
5,1,0.6664546,1
5,1,0.661511,1
5,1,0.7145872,1
5,1,0.68013215,1
5,1,0.6617893,1
5,1,0.73700327,1
5,1,0.7350806,1
5,1,0.74788934,1
5,1,0.7393889,1
5,1,0.75398844,1
5,1,0.7483353,1
5,1,0.77239734,1
5,1,0.74636537,1
5,1,0.757639,1
5,1,0.779711,1
5,1,0.7344826,1
5,1,0.7740953,1
5,1,0.77103955,1
5,1,0.7404231,1
5,1,0.7700118,1
5,1,0.77515817,1
5,1,0.76013917,1
5,1,0.7770575,1
5,1,0.76590204,1
5,1,0.77090603,1
5,1,0.7723204,1
5,1,0.71876436,1
5,1,0.7426658,1
5,1,0.7206466,1
5,1,0.7231797,1
5,1,0.6807146,1
5,1,0.7166382,1
5,1,0.66010773,1
5,1,0.5654552,1
5,1,0.6030614,1
5,1,0.5811717,1
5,1,0.5856604,1
5,1,0.5640499,1
5,1,0.6038066,1
5,1,0.5658978,1
5,1,0.57815844,1
5,1,0.6802231,1
5,1,0.58665526,1
5,1,0.6200945,1
5,1,0.5535086,1
5,1,0.58186054,1
5,1,0.57116026,1
5,1,0.58064353,1
5,1,0.36771876,0
5,1,0.36767286,0
5,1,0.36559725,0
5,1,0.36684513,0
5,1,0.3673147,0
5,1,0.36555743,0
5,1,0.3653655,0
5,1,0.37355697,0
5,1,0.3714737,0
5,1,0.3745677,0
5,1,0.37233034,0
5,1,0.37312374,0
5,1,0.371299,0
5,1,0.37655193,0
5,1,0.37328976,0
5,1,0.37439033,0
5,1,0.3741253,0
5,1,0.37595075,0
5,1,0.3714349,0
5,1,0.3712163,0
5,1,0.37623703,0
5,1,0.3763798,0
5,1,0.37522936,0
5,1,0.37509266,0
5,1,0.37218818,0
5,1,0.37691984,0
5,1,0.3734018,0
5,1,0.37230286,0
5,1,0.37079638,0
5,1,0.37678796,0
5,1,0.36965534,0
5,1,0.81318516,1
5,1,0.8125897,1
5,1,0.81281024,1
5,1,0.81502855,1
5,1,0.81290334,1
5,1,0.81129456,1
5,1,0.8150259,1
5,1,0.81520176,1
5,1,0.8111774,1
5,1,0.8129472,1
5,1,0.8105474,1
5,1,0.813563,1
5,1,0.81349844,1
5,1,0.81269556,1
5,1,0.8123416,1
5,1,0.8149567,1
5,1,0.81240225,1
5,1,0.8116761,1
5,1,0.8132307,1
5,1,0.81377983,1
5,1,0.8107025,1
5,1,0.8133808,1
5,1,0.8124512,1
5,1,0.81401026,1
5,1,0.81211495,1
5,1,0.8128591,1
5,1,0.813651,1
5,1,0.812685,1
5,1,0.81352794,1
5,1,0.81484747,1
5,1,0.81197596,1
5,1,0.8139879,1
5,1,0.81450886,1
5,1,0.81377894,1
5,1,0.81348574,1
5,1,0.81276125,1
5,1,0.81160414,1
5,1,0.81411576,1
5,1,0.8128783,1
5,1,0.8122427,1
5,1,0.81374544,1
5,1,0.8097417,1
5,1,0.81454605,1
5,1,0.8123243,1
5,1,0.81501764,1
5,1,0.81320137,1
5,1,0.8149382,1
5,1,0.8129833,1
5,1,0.8146795,1
5,1,0.8148102,1
5,1,0.8141951,1
5,1,0.8119653,1
5,1,0.8158271,1
5,1,0.81237566,1
5,1,0.8148911,1
5,1,0.8156132,1
5,1,0.81393933,1
5,1,0.8118723,1
5,1,0.8099122,1
5,1,0.8147491,1
5,1,0.81418437,1
5,1,0.8155632,1
5,1,0.81384104,1
5,1,0.8125515,1
5,1,0.81444114,1
5,1,0.8150897,1
5,1,0.8132221,1
5,1,0.81304705,1
5,1,0.813726,1
5,1,0.81532466,1
5,1,0.81473964,1
5,1,0.8135484,1
5,1,0.811993,1
5,1,0.8140712,1
5,1,0.8149065,1
5,1,0.81470245,1
5,1,0.81477636,1
5,1,0.8139828,1
5,1,0.8135319,1
5,1,0.8149149,1
5,1,0.8148702,1
5,1,0.81569743,1
5,1,0.8149713,1
5,1,0.8138036,1
5,1,0.81471163,1
5,1,0.81254303,1
5,1,0.81104535,1
5,1,0.81253785,1
5,1,0.8141124,1
5,1,0.81428117,1
5,1,0.8149278,1
5,1,0.81381625,1
5,1,0.8121647,1
5,1,0.81154925,1
5,1,0.812812,1
5,1,0.8147064,1
5,1,0.81450975,1
5,1,0.81237334,1
5,1,0.37307566,0
5,1,0.38069966,0
5,1,0.37782228,0
5,1,0.38281798,0
5,1,0.38207927,0
5,1,0.37517273,0
5,1,0.38025013,0
5,1,0.37804413,0
5,1,0.37880462,0
5,1,0.3796082,0
5,1,0.37879866,0
5,1,0.37484345,0
5,1,0.37598783,0
5,1,0.37853855,0
5,1,0.3804311,0
5,1,0.383706,0
5,1,0.38773388,0
5,1,0.3906901,0
5,1,0.38251847,0
5,1,0.3804645,0
5,1,0.3818517,0
5,1,0.38530442,0
5,1,0.385036,0
5,1,0.38393328,0
5,1,0.37469682,0
5,1,0.37257358,0
5,1,0.37428337,0
5,1,0.3747076,0
5,1,0.3724198,0
5,1,0.37166268,0
5,1,0.36923647,0
5,1,0.37475908,0
5,1,0.37431374,0
5,1,0.37092564,0
5,1,0.37147555,0
5,1,0.3714355,0
5,0,0.37472636,0
5,0,0.37461114,0
5,0,0.3715335,0
5,0,0.37399134,0
5,0,0.37011883,0
5,0,0.3734041,0
5,0,0.37008032,0
5,0,0.37192002,0
5,0,0.36847994,0
5,0,0.37105107,0
5,0,0.36663,0
5,0,0.36888653,0
5,0,0.36825383,0
5,0,0.36941326,0
5,0,0.36856654,0
5,0,0.36845902,0
5,0,0.3666039,0
5,0,0.36565006,0
5,0,0.369383,0
5,0,0.37088126,0
5,0,0.37319317,0
5,0,0.3711391,0
5,0,0.3708552,0
5,0,0.36922452,0
5,0,0.37262383,0
5,0,0.37582836,0
5,0,0.37253326,0
5,0,0.3699439,0
5,0,0.37100863,0
5,0,0.36876923,0
5,0,0.37192592,0
5,0,0.3668909,0
5,0,0.37622967,0
5,0,0.37100625,0
5,0,0.36942387,0
5,0,0.36844936,0
5,1,0.37199897,0
5,1,0.37597525,0
5,1,0.37133744,0
5,1,0.3688725,0
5,1,0.37041146,0
5,1,0.36728466,0
5,1,0.36965835,0
5,1,0.36480463,0
5,1,0.3674397,0
5,0,0.37240666,0
5,0,0.37185925,0
5,0,0.37303388,0
5,0,0.36715317,0
5,0,0.3687393,0
5,0,0.36829433,0
5,0,0.36413854,0
5,0,0.3648052,0
5,0,0.36415508,0
5,0,0.36985862,0
5,0,0.36454546,0
5,0,0.3733972,0
5,0,0.3674212,0
5,0,0.3698004,0
5,0,0.374353,0
5,0,0.3700803,0
5,0,0.37183234,0
5,0,0.36652103,0
5,0,0.36932042,0
5,1,0.45256913,0
5,1,0.46084833,0
5,1,0.4602955,0
5,1,0.44582132,0
5,1,0.46951813,0
5,1,0.46406418,0
5,1,0.44932616,0
5,1,0.4545106,0
5,1,0.44937876,0
5,1,0.45700666,0
5,1,0.45131943,0
5,1,0.46077663,0
5,1,0.46010822,0
5,1,0.46122974,0
5,1,0.44357598,0
5,1,0.4473472,0
5,1,0.45202884,0
5,1,0.4521936,0
5,1,0.38038346,0
5,1,0.3832887,0
5,1,0.38360307,0
5,1,0.3809389,0
5,1,0.37959594,0
5,1,0.37978292,0
5,1,0.382582,0
5,1,0.38902184,0
5,1,0.3845386,0
5,1,0.38471013,0
5,1,0.37923342,0
5,1,0.38372886,0
5,1,0.37576637,0
5,1,0.3844292,0
5,1,0.37492424,0
5,1,0.37830442,0
5,1,0.38637248,0
5,1,0.37832844,0
5,1,0.37645665,0
5,1,0.37906107,0
5,1,0.38550544,0
5,1,0.37965265,0
5,1,0.3870171,0
5,1,0.38053718,0
5,1,0.3821459,0
5,1,0.37339178,0
5,1,0.37885985,0
5,1,0.37909007,0
5,1,0.38185135,0
5,0,0.37586707,0
5,0,0.3751112,0
5,0,0.37101007,0
5,0,0.36748654,0
5,0,0.37073073,0
5,0,0.37072667,0
5,0,0.37204713,0
5,0,0.37316716,0
5,0,0.37133524,0
5,0,0.3701763,0
5,0,0.36946875,0
5,0,0.37679794,0
5,0,0.37961006,0
5,0,0.37732047,0
5,0,0.37956217,0
5,0,0.3864311,0
5,0,0.38438675,0
5,0,0.3794489,0
5,0,0.38744572,0
5,0,0.3787623,0
5,0,0.38512096,0
5,0,0.3812504,0
5,0,0.38293383,0
5,0,0.37771562,0
5,0,0.3805333,0
5,0,0.37670138,0
5,0,0.38065168,0
5,0,0.3782245,0
5,0,0.38103864,0
5,0,0.38464165,0
5,0,0.38126227,0
5,0,0.38067362,0
5,0,0.3805886,0
5,0,0.3802274,0
5,0,0.38134253,0
5,0,0.38513982,0
5,0,0.37854326,0
5,0,0.37417105,0
5,0,0.38378537,0
5,0,0.37745786,0
5,0,0.3744243,0
5,0,0.37480193,0
5,0,0.37751848,0
5,0,0.37340885,0
5,0,0.3720975,0
5,0,0.37400153,0
5,0,0.37811676,0
5,0,0.3836504,0
5,0,0.37950885,0
5,0,0.3795433,0
5,0,0.3803017,0
5,0,0.38228494,0
5,0,0.3806901,0
5,0,0.38705122,0
5,0,0.38066438,0
5,0,0.38211644,0
5,0,0.3810582,0
5,0,0.37324065,0
5,0,0.3752722,0
5,0,0.37545034,0
5,0,0.37496173,0
5,0,0.38071486,0
5,0,0.37307483,0
5,0,0.3783808,0
5,0,0.3763486,0
5,0,0.3806064,0
5,0,0.3751261,0
5,0,0.37691516,0
5,0,0.379745,0
5,0,0.37457564,0
5,0,0.3741622,0
5,0,0.373744,0
5,0,0.37595466,0
5,0,0.37181708,0
5,0,0.37832102,0
5,0,0.3758733,0
5,0,0.3772616,0
5,0,0.37051767,0
5,0,0.379902,0
5,0,0.37660864,0
5,0,0.37789986,0
5,0,0.37956634,0
5,0,0.37286466,0
5,0,0.37594137,0
5,0,0.37708655,0
5,0,0.38126692,0
5,0,0.38540685,0
5,0,0.3782864,0
5,0,0.37424228,0
5,0,0.37913364,0
5,0,0.37137434,0
5,0,0.37929338,0
5,0,0.37837362,0
5,0,0.37597707,0
5,0,0.38019422,0
5,0,0.37894884,0
5,0,0.37743664,0
5,0,0.3755566,0
5,0,0.38340682,0
5,0,0.37761766,0
5,0,0.37543905,0
5,0,0.37248918,0
5,0,0.37944403,0
5,0,0.3744341,0
5,0,0.37352112,0
5,0,0.37560543,0
5,0,0.3676642,0
5,0,0.38104874,0
5,0,0.3757818,0
5,0,0.3739969,0
5,0,0.38427573,0
5,0,0.3734692,0
5,0,0.37806156,0
5,0,0.3688493,0
5,0,0.3815326,0
5,0,0.37532702,0
5,0,0.37417722,0
5,0,0.37996334,0
5,0,0.37854633,0
5,0,0.37320626,0
5,0,0.38301307,0
5,0,0.3801666,0
5,0,0.37976658,0
5,0,0.3783844,0
5,0,0.37164038,0
5,0,0.3781472,0
5,0,0.37064734,0
5,0,0.37578198,0
5,0,0.3717645,0
5,0,0.38076085,0
5,0,0.37202063,0
5,0,0.37492728,0
5,0,0.37418142,0
5,0,0.38459376,0
5,0,0.38265172,0
5,0,0.37670776,0
5,0,0.37425375,0
5,0,0.37944224,0
5,0,0.3768335,0
5,0,0.37594396,0
5,0,0.37645748,0
5,0,0.3782233,0
5,0,0.3755073,0
5,0,0.38330555,0
5,0,0.3690308,0
5,0,0.37648615,0
5,0,0.37971228,0
5,0,0.37731615,0
5,0,0.37472203,0
5,0,0.38418776,0
5,0,0.37914237,0
5,0,0.38119292,0
5,0,0.3867614,0
5,0,0.37767524,0
5,0,0.3776338,0
5,0,0.38784844,0
5,0,0.38631928,0
5,0,0.3816695,0
5,0,0.38112968,0
5,0,0.3761475,0
5,0,0.3763281,0
5,0,0.3795439,0
5,0,0.37811095,0
5,0,0.3740175,0
5,0,0.38169459,0
5,0,0.37524045,0
5,0,0.3790502,0
5,0,0.37217236,0
5,0,0.3796719,0
5,0,0.37309355,0
5,0,0.3785273,0
5,0,0.37192002,0
5,0,0.3763476,0
5,0,0.38052773,0
5,0,0.37956208,0
5,0,0.38255507,0
5,0,0.38547662,0
5,0,0.3857238,0
5,0,0.3951815,0
5,0,0.38765544,0
5,0,0.39132053,0
5,0,0.38318172,0
5,0,0.39306954,0
5,0,0.38304353,0
5,0,0.3788069,0
5,0,0.38374346,0
5,0,0.37928212,0
5,0,0.38121927,0
5,0,0.3789466,0
5,0,0.38082427,0
5,0,0.38131148,0
5,0,0.38445735,0
5,0,0.3879178,0
5,0,0.37881944,0
5,0,0.38314894,0
5,0,0.37634766,0
5,0,0.37615755,0
5,0,0.37443644,0
5,0,0.37761447,0
5,0,0.37015185,0
5,0,0.3733128,0
5,0,0.3772175,0
5,0,0.37736514,0
5,0,0.3739065,0
5,0,0.3767838,0
5,0,0.37724587,0
5,0,0.3815211,0
5,0,0.37260905,0
5,0,0.3796487,0
5,0,0.37069327,0
5,0,0.37726068,0
5,0,0.36943623,0
5,0,0.3741082,0
5,0,0.3690915,0
5,0,0.37099618,0
5,0,0.37286562,0
5,0,0.3749953,0
5,0,0.37499478,0
5,0,0.37519324,0
5,0,0.37152168,0
5,0,0.37341237,0
5,0,0.3741056,0
5,0,0.37656823,0
5,0,0.37468833,0
5,0,0.37716517,0
5,0,0.37460577,0
5,0,0.3850668,0
5,0,0.3764125,0
5,0,0.38412595,0
5,0,0.37521997,0
5,0,0.38524348,0
5,0,0.3786072,0
5,0,0.3848172,0
5,0,0.37964568,0
5,0,0.38234636,0
5,0,0.38335115,0
5,0,0.37797073,0
5,0,0.38510793,0
5,0,0.37793896,0
5,0,0.38089192,0
5,0,0.37381828,0
5,0,0.3829976,0
5,0,0.3824931,0
5,0,0.3809887,0
5,0,0.38044176,0
5,0,0.38253465,0
5,0,0.3764272,0
5,0,0.37983614,0
5,0,0.37956125,0
5,0,0.37764505,0
5,0,0.3787508,0
5,0,0.37613314,0
5,0,0.37743428,0
5,0,0.37622017,0
5,0,0.37264732,0
5,0,0.37409097,0
5,0,0.3743947,0
5,0,0.3764368,0
5,0,0.37200913,0
5,0,0.37164178,0
5,0,0.37334403,0
5,0,0.36995372,0
5,0,0.3770375,0
5,0,0.36881784,0
5,0,0.37376338,0
5,0,0.37578338,0
5,0,0.37370428,0
5,0,0.36819524,0
5,0,0.37284788,0
5,0,0.37052986,0
5,0,0.37408513,0
5,0,0.37608975,0
5,0,0.37212738,0
5,0,0.37459522,0
5,0,0.37539995,0
5,0,0.37324187,0
5,1,0.3729142,0
5,1,0.37148416,0
5,1,0.38352937,0
5,1,0.3887658,0
5,1,0.37274575,0
5,1,0.3737675,0
5,1,0.37473336,0
5,1,0.37337464,0
5,1,0.37504902,0
5,0,0.37499437,0
5,0,0.3780572,0
5,0,0.37467685,0
5,0,0.3750817,0
5,0,0.37928092,0
5,0,0.38226497,0
5,0,0.3798623,0
5,0,0.37121806,0
5,0,0.37251714,0
5,0,0.372028,0
5,0,0.37475908,0
5,0,0.3802296,0
5,0,0.37021768,0
5,0,0.3688258,0
5,0,0.3736016,0
5,0,0.37120816,0
5,0,0.377874,0
5,0,0.3738062,0
5,0,0.37438837,0
5,0,0.3769287,0
5,0,0.37400985,0
5,0,0.3755395,0
5,0,0.37385005,0
5,0,0.37264416,0
5,0,0.37204334,0
5,0,0.37215722,0
5,0,0.3735038,0
5,0,0.37977287,0
5,0,0.3742705,0
5,0,0.37808138,0
5,1,0.37222916,0
5,1,0.37220237,0
5,1,0.37531832,0
5,1,0.3708534,0
5,1,0.36810917,0
5,1,0.3717856,0
5,1,0.37862167,0
5,1,0.3723456,0
5,1,0.37460995,0
5,1,0.36959934,0
5,1,0.37381175,0
5,1,0.37359715,0
5,1,0.3754525,0
5,1,0.3668497,0
5,0,0.3686611,0
5,0,0.36973643,0
5,0,0.37660354,0
5,0,0.37284273,0
5,0,0.37683815,0
5,0,0.37360573,0
5,0,0.36840433,0
5,0,0.37826476,0
5,0,0.36714613,0
5,0,0.36795816,0
5,0,0.37183982,0
5,0,0.36843157,0
5,0,0.3719698,0
5,0,0.36872235,0
5,0,0.37310436,0
5,0,0.37466642,0
5,0,0.37317017,0
5,0,0.37648144,0
5,0,0.36858204,0
5,0,0.37514508,0
5,0,0.37596652,0
5,0,0.3748478,0
5,0,0.369926,0
5,0,0.37825683,0
5,0,0.37395862,0
5,0,0.37387,0
5,0,0.37424356,0
5,0,0.37214562,0
5,0,0.3737098,0
5,0,0.36827552,0
5,0,0.37448317,0
5,0,0.37416273,0
5,0,0.37456778,0
5,0,0.3728978,0
5,0,0.37395957,0
5,0,0.37250355,0
5,0,0.37554127,0
5,1,0.37499255,0
5,1,0.3695432,0
5,1,0.36798102,0
5,1,0.36596954,0
5,1,0.3687052,0
5,1,0.37013394,0
5,1,0.37293112,0
5,1,0.37634125,0
5,1,0.38171428,0
5,1,0.3807647,0
5,1,0.37213907,0
5,1,0.37645182,0
5,1,0.37097883,0
5,1,0.3708957,0
5,1,0.36895418,0
5,1,0.3695163,0
5,1,0.369844,0
5,1,0.3740712,0
5,1,0.36840722,0
5,1,0.37321234,0
5,0,0.3705395,0
5,0,0.37719753,0
5,0,0.37126943,0
5,0,0.37104392,0
5,0,0.37068704,0
5,0,0.37102693,0
5,0,0.37468916,0
5,0,0.37897158,0
5,0,0.3741916,0
5,0,0.37445498,0
5,0,0.37275183,0
5,0,0.37357324,0
5,0,0.37117717,0
5,0,0.37270907,0
5,0,0.37768507,0
5,0,0.3744293,0
5,0,0.37219095,0
5,0,0.37201804,0
5,0,0.37096995,0
5,0,0.37248397,0
5,0,0.3697343,0
5,0,0.37753865,0
5,0,0.37157965,0
5,0,0.37288144,0
5,0,0.37155172,0
5,0,0.37295216,0
5,0,0.3773494,0
5,0,0.37170216,0
5,0,0.36902,0
5,0,0.37309104,0
5,0,0.3687752,0
5,0,0.37324446,0
5,0,0.3686788,0
5,0,0.36959106,0
5,0,0.3750826,0
5,0,0.3735721,0
5,0,0.3746836,0
5,0,0.3686172,0
5,0,0.36999783,0
5,0,0.3702052,0
5,0,0.36707917,0
5,0,0.36809024,0
5,0,0.36712185,0
5,0,0.3688223,0
5,0,0.3658619,0
5,0,0.375205,0
5,0,0.37120652,0
5,0,0.3740219,0
5,0,0.37823686,0
5,0,0.37429747,0
5,0,0.37612557,0
5,0,0.3749258,0
5,0,0.41101968,0
5,0,0.40719345,0
5,0,0.40533498,0
5,0,0.39715552,0
5,0,0.40564317,0
5,0,0.40325785,0
5,0,0.41709176,0
5,0,0.42185247,0
5,0,0.4147171,0
5,0,0.42516068,0
5,0,0.41878533,0
5,0,0.41448885,0
5,0,0.4162588,0
5,0,0.40662947,0
5,0,0.42425317,0
5,0,0.41567257,0
5,1,0.3762036,0
5,1,0.375287,0
5,1,0.3753767,0
5,1,0.37501034,0
5,1,0.37902132,0
5,1,0.37313887,0
5,1,0.37330976,0
5,1,0.37160388,0
5,1,0.38084254,0
5,1,0.37524012,0
5,1,0.39055142,0
5,1,0.37754792,0
5,1,0.3815388,0
5,1,0.375888,0
5,1,0.3758484,0
5,1,0.37693968,0
5,1,0.38148326,0
5,1,0.38369307,0
5,1,0.37836704,0
5,1,0.3808774,0
5,1,0.37493443,0
5,1,0.38195208,0
5,1,0.37758404,0
5,1,0.37907124,0
5,1,0.38136786,0
5,0,0.38006076,0
5,0,0.3770447,0
5,0,0.377541,0
5,0,0.3771942,0
5,0,0.3740688,0
5,0,0.37722915,0
5,0,0.37320694,0
5,0,0.3752779,0
5,0,0.3723023,0
5,0,0.37352878,0
5,0,0.37074283,0
5,0,0.371742,0
5,0,0.37237948,0
5,0,0.37148604,0
5,1,0.37123668,0
5,1,0.37205425,0
5,1,0.37212846,0
5,1,0.36849207,0
5,1,0.37231696,0
5,1,0.37414658,0
5,1,0.37032905,0
5,1,0.36868852,0
5,1,0.36972207,0
5,1,0.3729294,0
5,1,0.36964875,0
5,1,0.37456307,0
5,1,0.37079746,0
5,0,0.3742944,0
5,0,0.37611085,0
5,0,0.3751203,0
5,0,0.37788504,0
5,0,0.36961195,0
5,0,0.37571362,0
5,0,0.37441963,0
5,0,0.37565666,0
5,0,0.3753142,0
5,0,0.37137336,0
5,0,0.37940848,0
5,0,0.37495735,0
5,0,0.37516412,0
5,0,0.37612274,0
5,0,0.3770065,0
5,0,0.37621665,0
5,0,0.37568486,0
5,0,0.37487572,0
5,0,0.37571913,0
5,0,0.3737948,0
5,0,0.37667683,0
5,0,0.37658578,0
5,0,0.37071374,0
5,0,0.36905605,0
5,0,0.3673482,0
5,0,0.37026036,0
5,0,0.3709826,0
5,0,0.3740571,0
5,0,0.37747502,0
5,0,0.38361207,0
5,0,0.38237208,0
5,0,0.37363985,0
5,0,0.3792991,0
5,1,0.37385318,0
5,1,0.374539,0
5,1,0.37455574,0
5,1,0.37172154,0
5,1,0.3719628,0
5,1,0.3777375,0
5,1,0.37186828,0
5,1,0.3744015,0
5,1,0.372645,0
5,1,0.3785081,0
5,1,0.3735157,0
5,1,0.3730453,0
5,1,0.37182915,0
5,1,0.3719203,0
5,1,0.3762666,0
5,1,0.37982464,0
5,1,0.37568945,0
5,1,0.3755057,0
5,1,0.37351966,0
5,1,0.37490603,0
5,1,0.37218803,0
5,0,0.37407422,0
5,0,0.379107,0
5,0,0.37565145,0
5,0,0.37331256,0
5,0,0.3731461,0
5,0,0.37253508,0
5,0,0.37446964,0
5,0,0.37119907,0
5,0,0.37871704,0
5,0,0.3736922,0
5,0,0.37414163,0
5,0,0.37275115,0
5,0,0.37416238,0
5,0,0.37833562,0
5,0,0.37291074,0
5,0,0.37112767,0
5,0,0.3744591,0
5,0,0.3709538,0
5,0,0.3750583,0
5,0,0.3711336,0
5,0,0.37150016,0
5,0,0.37688142,0
5,0,0.37550646,0
5,0,0.3766708,0
5,0,0.36993092,0
5,0,0.37205628,0
5,0,0.37282693,0
5,0,0.3686968,0
5,0,0.3687519,0
5,0,0.36854136,0
5,0,0.36940044,0
5,0,0.36699268,0
5,0,0.37560484,0
5,0,0.37142307,0
5,0,0.37496918,0
5,0,0.3786052,0
5,0,0.37532237,0
5,0,0.3777329,0
5,0,0.37489614,0
5,0,0.37822163,0
5,1,0.81227714,1
5,1,0.8095603,1
5,1,0.80925626,1
5,1,0.8128245,1
5,1,0.80918413,1
5,1,0.8129374,1
5,1,0.8132147,1
5,1,0.8118191,1
5,1,0.81088644,1
5,1,0.8131808,1
5,1,0.81333524,1
5,1,0.8109486,1
5,1,0.81452143,1
5,1,0.8125261,1
5,1,0.8120085,1
5,1,0.81298214,1
5,1,0.8139582,1
5,1,0.8154066,1
5,1,0.81059265,1
5,1,0.81280863,1
5,1,0.8129528,1
5,1,0.8154168,1
5,1,0.81262857,1
5,1,0.81771684,1
5,1,0.81710786,1
5,1,0.81535923,1
5,1,0.81549555,1
5,1,0.81847423,1
5,1,0.8159761,1
5,1,0.8149422,1
5,1,0.81411284,1
5,1,0.8160505,1
5,1,0.81416774,1
5,1,0.81471074,1
5,1,0.81410956,1
5,1,0.8139811,1
5,1,0.8149611,1
5,1,0.81609493,1
5,1,0.81492543,1
5,1,0.8143789,1
5,1,0.81246305,1
5,1,0.8165808,1
5,1,0.81254625,1
5,1,0.81502354,1
5,1,0.8128878,1
5,1,0.8131872,1
5,1,0.8182223,1
5,1,0.8176562,1
5,1,0.81532043,1
5,1,0.81584954,1
5,1,0.8182108,1
5,1,0.8144381,1
5,1,0.8187749,1
5,1,0.81618965,1
5,1,0.8187417,1
5,1,0.8171431,1
5,1,0.81436944,1
5,1,0.8174159,1
5,1,0.81554914,1
5,1,0.8179235,1
5,1,0.81751066,1
5,1,0.816524,1
5,1,0.81495374,1
5,1,0.81832093,1
5,1,0.81529534,1
5,1,0.8127559,1
5,1,0.816549,1
5,1,0.8157014,1
5,1,0.81602055,1
5,1,0.814662,1
5,1,0.8149699,1
5,1,0.8166536,1
5,1,0.8154777,1
5,1,0.81178147,1
5,1,0.8144078,1
5,1,0.815908,1
5,1,0.8168865,1
5,1,0.8152058,1
5,1,0.8152019,1
5,1,0.81260353,1
5,1,0.8129391,1
5,1,0.8128107,1
5,1,0.81718165,1
5,1,0.81656003,1
5,1,0.8171911,1
5,1,0.8141399,1
5,1,0.81590104,1
5,1,0.81703216,1
5,1,0.81617975,1
5,1,0.8175199,1
5,1,0.81575143,1
5,1,0.8153067,1
5,1,0.81329924,1
5,1,0.81574315,1
5,1,0.81645197,1
5,1,0.81451,1
5,1,0.8129187,1
5,1,0.814059,1
5,1,0.37286603,0
5,1,0.37555423,0
5,1,0.37393948,0
5,1,0.37147427,0
5,1,0.36833674,0
5,1,0.36975065,0
5,1,0.3738711,0
5,1,0.36871004,0
5,1,0.36774567,0
5,1,0.36803386,0
5,1,0.3749964,0
5,1,0.37013283,0
5,1,0.3677159,0
5,1,0.36711156,0
5,1,0.36674973,0
5,1,0.37181848,0
5,1,0.3666358,0
5,1,0.37330586,0
5,1,0.37140268,0
5,1,0.3715659,0
5,1,0.36948082,0
5,1,0.36781353,0
5,1,0.37640363,0
5,1,0.37659407,0
5,1,0.37346506,0
5,1,0.37045443,0
5,1,0.37400985,0
5,1,0.36821017,0
5,1,0.37306264,0
5,1,0.369467,0
5,1,0.37108245,0
5,1,0.3689267,0
5,1,0.37479624,0
5,1,0.3667734,0
5,1,0.37163618,0
5,0,0.368029,0
5,0,0.36606517,0
5,0,0.3724787,0
5,0,0.36632112,0
5,0,0.37347677,0
5,0,0.36807147,0
5,0,0.37231413,0
5,0,0.37465307,0
5,0,0.3702002,0
5,0,0.37139654,0
5,0,0.36432484,0
5,0,0.3711719,0
5,0,0.37090495,0
5,0,0.3694375,0
5,0,0.36951756,0
5,0,0.36700657,0
5,0,0.37524113,0
5,0,0.36677912,0
5,0,0.3724182,0
5,0,0.37332472,0
5,0,0.37298495,0
5,0,0.3688537,0
5,0,0.37061146,0
5,0,0.3685385,0
5,0,0.3729877,0
5,0,0.37308654,0
5,0,0.3671649,0
5,0,0.3639994,0
5,0,0.36345688,0
5,0,0.36647087,0
5,0,0.36688402,0
5,0,0.368641,0
5,0,0.37025234,0
5,0,0.37885365,0
5,0,0.3780737,0
5,0,0.3707582,0
5,0,0.3731674,0
5,0,0.36762673,0
5,0,0.36365736,0
5,0,0.3667344,0
5,0,0.36614907,0
5,0,0.36853644,0
5,0,0.37219575,0
5,0,0.3671119,0
5,0,0.37249982,0
5,0,0.3677881,0
5,0,0.3739981,0
5,1,0.3688757,0
5,1,0.36923712,0
5,1,0.36955497,0
5,1,0.36927325,0
5,1,0.36970872,0
5,1,0.376131,0
5,1,0.3708472,0
5,1,0.37210122,0
5,1,0.37028188,0
5,1,0.3686517,0
5,1,0.3719783,0
5,1,0.37500525,0
5,1,0.37204322,0
5,1,0.36919436,0
5,0,0.36658576,0
5,0,0.3756267,0
5,0,0.37018934,0
5,0,0.36901167,0
5,0,0.36793444,0
5,0,0.37111592,0
5,0,0.3753933,0
5,0,0.37045074,0
5,0,0.36744398,0
5,0,0.369802,0
5,0,0.3658701,0
5,0,0.36838272,0
5,0,0.3636586,0
5,0,0.36676067,0
5,0,0.3715268,0
5,0,0.37095088,0
5,0,0.37240514,0
5,0,0.3666555,0
5,0,0.36726144,0
5,0,0.36750865,0
5,0,0.36316776,0
5,0,0.36430657,0
5,0,0.36351767,0
5,0,0.36957029,0
5,0,0.3641226,0
5,0,0.37303203,0
5,0,0.36706358,0
5,0,0.36933854,0
5,0,0.37398395,0
5,0,0.36925706,0
5,0,0.37099987,0
5,0,0.36610606,0
5,0,0.36782426,0
5,1,0.37423715,0
5,1,0.37151965,0
5,1,0.3746763,0
5,1,0.37457195,0
5,1,0.37097883,0
5,1,0.3797985,0
5,1,0.3695795,0
5,1,0.37530714,0
5,1,0.3713571,0
5,1,0.4485436,0
5,1,0.43590406,0
5,1,0.42784935,0
5,1,0.42919403,0
5,1,0.44309863,0
5,1,0.4501371,0
5,1,0.44126007,0
5,1,0.44548538,0
5,1,0.42820525,0
5,1,0.37263167,0
5,1,0.3711105,0
5,1,0.3754481,0
5,1,0.37693155,0
5,1,0.37137932,0
5,1,0.3693668,0
5,1,0.36770344,0
5,1,0.37038416,0
5,1,0.36904404,0
5,0,0.3715468,0
5,0,0.36855674,0
5,0,0.36942047,0
5,0,0.37103862,0
5,0,0.3744584,0
5,0,0.3710167,0
5,0,0.3716355,0
5,0,0.37207046,0
5,0,0.37202582,0
5,0,0.3720187,0
5,1,0.38230315,0
5,1,0.38645354,0
5,1,0.3815195,0
5,1,0.38635883,0
5,1,0.3833119,0
5,1,0.38134715,0
5,1,0.3850659,0
5,1,0.39083245,0
5,1,0.3837464,0
5,1,0.3821422,0
5,1,0.38848802,0
5,1,0.37509832,0
5,1,0.38084248,0
5,1,0.3799572,0
5,1,0.381461,0
5,1,0.37369376,0
5,1,0.37791646,0
5,1,0.3700079,0
5,1,0.37606576,0
5,1,0.38072073,0
5,1,0.39673135,0
5,1,0.41181013,0
5,1,0.40462407,0
5,1,0.40999857,0
5,1,0.40159813,0
5,1,0.41058218,0
5,1,0.39996746,0
5,0,0.37493452,0
5,0,0.3711348,0
5,0,0.375129,0
5,0,0.37314153,0
5,0,0.37365243,0
5,0,0.371325,0
5,0,0.37643915,0
5,0,0.37255657,0
5,0,0.37089208,0
5,0,0.37331733,0
5,0,0.37022308,0
5,0,0.36859894,0
5,0,0.36930987,0
5,0,0.36921132,0
5,0,0.37239113,0
5,1,0.37771508,0
5,1,0.37095025,0
5,1,0.3756204,0
5,1,0.36969307,0
5,1,0.37439546,0
5,1,0.37029785,0
5,1,0.374885,0
5,1,0.37418446,0
5,1,0.3727071,0
5,1,0.37703538,0
5,1,0.3747123,0
5,1,0.37221402,0
5,1,0.37340367,0
5,1,0.3742253,0
5,1,0.37796807,0
5,1,0.38535008,0
5,1,0.38968152,0
5,1,0.3947774,0
5,1,0.39061174,0
5,1,0.3989255,0
5,1,0.38807157,0
5,1,0.38931677,0
5,1,0.39451826,0
5,1,0.39168045,0
5,1,0.3939414,0
5,1,0.38752878,0
5,1,0.3882021,0
5,1,0.3890372,0
5,1,0.39237693,0
5,1,0.3900463,0
5,1,0.39573094,0
5,1,0.38321513,0
5,1,0.39216068,0
5,1,0.3877752,0
5,1,0.39022523,0
5,1,0.38207397,0
5,1,0.3809575,0
5,1,0.38233376,0
5,1,0.38753563,0
5,1,0.37058324,0
5,1,0.37749416,0
5,1,0.3883723,0
5,1,0.3821508,0
5,1,0.38290963,0
5,1,0.38038042,0
5,1,0.38091564,0
5,1,0.37663993,0
5,1,0.3775291,0
5,1,0.3715038,0
5,1,0.37935606,0
5,1,0.37403193,0
5,1,0.37396654,0
5,1,0.37126023,0
5,1,0.38098595,0
5,1,0.3805775,0
5,0,0.37450323,0
5,0,0.37087896,0
5,0,0.3746402,0
5,0,0.3727008,0
5,0,0.37310714,0
5,0,0.3708232,0
5,0,0.37601754,0
5,0,0.37206393,0
5,0,0.3704434,0
5,0,0.3728513,0
5,0,0.3696746,0
5,0,0.3681554,0
5,0,0.3688999,0
5,0,0.3687326,0
5,0,0.3719075,0
5,1,0.3786783,0
5,1,0.3833477,0
5,1,0.37745082,0
5,1,0.37583354,0
5,1,0.37591192,0
5,1,0.3838782,0
5,1,0.37643394,0
5,1,0.37744054,0
5,1,0.38254353,0
5,1,0.3805658,0
5,1,0.4299778,0
5,1,0.44303507,0
5,1,0.4333011,0
5,1,0.4342851,0
5,1,0.43611604,0
5,1,0.44262248,0
5,1,0.43927065,0
5,1,0.4394403,0
5,1,0.44424933,0
5,1,0.43235135,0
5,1,0.3708275,0
5,1,0.3746465,0
5,1,0.37467337,0
5,1,0.37220895,0
5,1,0.37358537,0
5,1,0.37608674,0
5,1,0.37889367,0
5,1,0.37805027,0
5,1,0.3725756,0
5,1,0.3741352,0
5,1,0.37394303,0
5,1,0.37665504,0
5,1,0.37534815,0
5,1,0.37730303,0
5,1,0.37753204,0
5,1,0.8025802,1
5,1,0.80830866,1
5,1,0.8090873,1
5,1,0.80581236,1
5,1,0.8027717,1
5,1,0.8056366,1
5,1,0.79942983,1
5,1,0.8072418,1
5,1,0.80427635,1
5,1,0.80426866,1
5,1,0.80153203,1
5,1,0.8017021,1
5,1,0.8044122,1
5,1,0.8028656,1
5,1,0.8015001,1
5,1,0.80274874,1
5,1,0.803607,1
5,1,0.8029413,1
5,1,0.8036693,1
5,1,0.80574703,1
5,1,0.37259167,0
5,1,0.37030798,0
5,1,0.37050465,0
5,1,0.36908782,0
5,1,0.36980623,0
5,1,0.37210795,0
5,1,0.3684799,0
5,1,0.37222704,0
5,1,0.37147287,0
5,1,0.36850017,0
5,1,0.37276956,0
5,1,0.37582844,0
5,1,0.3698865,0
5,1,0.36950988,0
5,1,0.36837152,0
5,1,0.37168828,0
5,1,0.37359035,0
5,1,0.37020266,0
5,1,0.37359783,0
5,1,0.37036327,0
5,1,0.3766847,0
5,1,0.37170997,0
5,1,0.37220103,0
5,1,0.37295952,0
5,1,0.37177777,0
5,1,0.37078002,0
5,1,0.36910346,0
5,1,0.37459213,0
5,1,0.3731305,0
5,1,0.36930114,0
5,1,0.37034503,0
5,1,0.5551674,1
5,1,0.5405266,1
5,1,0.55081236,1
5,1,0.5469829,1
5,1,0.5638699,1
5,1,0.54117054,1
5,1,0.56512505,1
5,1,0.54805195,1
5,1,0.5402894,1
5,1,0.53052664,1
5,1,0.5360742,1
5,1,0.52835256,1
5,1,0.52167535,1
5,1,0.5495269,1
5,1,0.54083633,1
5,1,0.5328384,1
5,1,0.3974951,0
5,1,0.3906984,0
5,1,0.3887707,0
5,1,0.38773388,0
5,1,0.38455737,0
5,1,0.39514533,0
5,1,0.38887662,0
5,1,0.3852614,0
5,1,0.4038718,0
5,1,0.41169348,0
5,1,0.40021765,0
5,1,0.4078428,0
5,1,0.4069948,0
5,1,0.41555718,0
5,1,0.404698,0
5,1,0.4072145,0
5,1,0.40982994,0
5,1,0.4011911,0
5,1,0.81116354,1
5,1,0.81312525,1
5,1,0.81143963,1
5,1,0.8133205,1
5,1,0.81016505,1
5,1,0.81341815,1
5,1,0.8140644,1
5,1,0.81243104,1
5,1,0.37024525,0
5,1,0.37742966,0
5,1,0.37787324,0
5,1,0.37456572,0
5,1,0.36937517,0
5,1,0.3781386,0
5,1,0.37221253,0
5,1,0.37545937,0
5,1,0.38420388,0
5,1,0.38665837,0
5,1,0.38868865,0
5,1,0.38295093,0
5,1,0.38651732,0
5,1,0.38272345,0
5,1,0.38700858,0
5,1,0.38343015,0
5,1,0.38213956,0
5,1,0.3816354,0
5,1,0.3835837,0
5,1,0.38865685,0
5,1,0.3834125,0
5,1,0.37945125,0
5,1,0.38314274,0
5,1,0.38162154,0
5,1,0.38066584,0
5,1,0.38294545,0
5,0,0.4389839,0
5,0,0.4583715,0
5,0,0.45061514,0
5,0,0.4433607,0
5,0,0.47094086,0
5,0,0.4412229,0
5,0,0.4732329,0
5,0,0.46038708,0
5,0,0.44993964,0
5,0,0.4397927,0
5,0,0.45979494,0
5,0,0.4564071,0
5,0,0.4374061,0
5,0,0.44751886,0
5,0,0.44664228,0
5,0,0.45723337,0
5,0,0.46233457,0
5,0,0.45941424,0
5,0,0.47247338,0
5,0,0.4792122,0
5,0,0.47207615,0
5,0,0.44810364,0
5,0,0.4487599,0
5,0,0.45756212,0
5,0,0.4526735,0
5,0,0.45297608,0
5,0,0.45663363,0
5,0,0.4750142,0
5,0,0.47716132,0
5,0,0.48503786,0
5,0,0.47662523,0
5,0,0.4744058,0
5,0,0.47452503,0
5,0,0.46680227,0
5,0,0.47006944,0
5,0,0.4719683,0
5,0,0.4643761,0
5,0,0.46760628,0
5,0,0.4840952,0
5,0,0.47813168,0
5,0,0.46557194,0
5,0,0.48331568,0
5,0,0.47151306,0
5,0,0.46710715,0
5,0,0.48510158,0
5,0,0.47238928,0
5,0,0.46222988,0
5,0,0.45119226,0
5,0,0.46512827,0
5,0,0.46112868,0
5,0,0.45142636,0
5,0,0.44337788,0
5,0,0.451908,0
5,0,0.45195368,0
5,0,0.45146695,0
5,0,0.44275442,0
5,0,0.44799417,0
5,0,0.44064638,0
5,0,0.46953657,0
5,0,0.46261632,0
5,0,0.4514462,0
5,0,0.45565933,0
5,0,0.45325834,0
5,0,0.44765,0
5,0,0.44114125,0
5,0,0.4441773,0
5,0,0.44565848,0
5,0,0.4353912,0
5,0,0.4350597,0
5,0,0.44761777,0
5,0,0.4462554,0
5,0,0.43775117,0
5,0,0.44443586,0
5,0,0.45304945,0
5,0,0.4363716,0
5,0,0.4528295,0
5,0,0.4412389,0
5,0,0.4481892,0
5,0,0.43932512,0
5,0,0.4542074,0
5,0,0.444356,0
5,0,0.43828827,0
5,0,0.4423655,0
5,0,0.44492126,0
5,0,0.4429218,0
5,0,0.44290733,0
5,0,0.45455894,0
5,0,0.44662222,0
5,0,0.4532752,0
5,0,0.45637605,0
5,0,0.45632303,0
5,0,0.4611989,0
5,0,0.43864727,0
5,0,0.44408885,0
5,0,0.44493762,0
5,0,0.43777767,0
5,0,0.44184345,0
5,0,0.44998217,0
5,0,0.44128558,0
5,0,0.4514678,0
5,0,0.4568669,0
5,0,0.45026773,0
5,0,0.44763148,0
5,0,0.45444152,0
5,0,0.45457596,0
5,0,0.44383332,0
5,0,0.46119493,0
5,0,0.45399517,0
5,0,0.45671085,0
5,0,0.4579984,0
5,0,0.4587078,0
5,0,0.45605695,0
5,0,0.45135906,0
5,0,0.45317805,0
5,0,0.4454161,0
5,0,0.43595785,0
5,0,0.42999873,0
5,0,0.4354004,0
5,0,0.4471855,0
5,0,0.43604097,0
5,0,0.43704936,0
5,0,0.437306,0
5,0,0.4339021,0
5,0,0.44677067,0
5,0,0.4394012,0
5,0,0.4487184,0
5,0,0.4426005,0
5,0,0.4420347,0
5,0,0.44244364,0
5,0,0.43248114,0
5,0,0.43529308,0
5,0,0.44483736,0
5,0,0.44017985,0
5,0,0.44444013,0
5,0,0.44848862,0
5,0,0.447288,0
5,0,0.44571587,0
5,0,0.44186327,0
5,0,0.44834414,0
5,0,0.4513719,0
5,0,0.44372052,0
5,0,0.44104755,0
5,0,0.43531516,0
5,0,0.43439144,0
5,0,0.44028622,0
5,0,0.4358335,0
5,0,0.4427308,0
5,0,0.44073486,0
5,0,0.44327885,0
5,0,0.4439649,0
5,0,0.44889486,0
5,0,0.43573552,0
5,0,0.44437346,0
5,0,0.43452322,0
5,0,0.4487914,0
5,0,0.44384047,0
5,0,0.44020516,0
5,0,0.42921415,0
5,0,0.4388486,0
5,0,0.43016645,0
5,0,0.44087282,0
5,0,0.44791293,0
5,0,0.44323707,0
5,0,0.43955445,0
5,0,0.44863516,0
5,0,0.44296825,0
5,0,0.44756058,0
5,0,0.44667897,0
5,0,0.45090115,0
5,0,0.4487687,0
5,0,0.44784,0
5,0,0.45213,0
5,0,0.44494596,0
5,0,0.44398785,0
5,0,0.45023763,0
5,0,0.43998593,0
5,0,0.45561555,0
5,0,0.4444725,0
5,0,0.43986195,0
5,0,0.45631552,0
5,0,0.43460166,0
5,0,0.45413584,0
5,0,0.45424113,0
5,0,0.4518975,0
5,0,0.44071215,0
5,0,0.45475918,0
5,0,0.4590885,0
5,0,0.4747518,0
5,0,0.46622655,0
5,0,0.4676275,0
5,0,0.469673,0
5,0,0.50217766,1
5,0,0.47839773,0
5,0,0.48302215,0
5,0,0.50457597,1
5,0,0.47550955,0
5,0,0.48847273,0
5,0,0.5062796,1
5,0,0.4871673,0
5,0,0.4937453,0
5,0,0.50605744,1
5,0,0.49604696,0
5,0,0.5137898,1
5,0,0.49931818,0
5,0,0.49621272,0
5,0,0.4987104,0
5,0,0.4817768,0
5,0,0.4935126,0
5,0,0.48110703,0
5,0,0.4785629,0
5,0,0.46061686,0
5,0,0.48587847,0
5,0,0.4635154,0
5,0,0.46279734,0
5,0,0.4513761,0
5,0,0.4662181,0
5,0,0.4500368,0
5,0,0.45737353,0
5,0,0.4507306,0
5,0,0.45766523,0
5,0,0.4482806,0
5,0,0.45577326,0
5,0,0.4440133,0
5,0,0.44505486,0
5,0,0.44316202,0
5,0,0.45474216,0
5,0,0.45485598,0
5,0,0.4472741,0
5,0,0.46031418,0
5,0,0.45248714,0
5,0,0.46612585,0
5,0,0.43678713,0
5,0,0.45494038,0
5,0,0.4369325,0
5,0,0.444493,0
5,0,0.44666338,0
5,0,0.4496842,0
5,0,0.43703398,0
5,0,0.45899686,0
5,0,0.44474974,0
5,0,0.43657038,0
5,0,0.44991007,0
5,0,0.44835934,0
5,0,0.45064792,0
5,0,0.42786348,0
5,0,0.45517233,0
5,0,0.45023417,0
5,0,0.43949872,0
5,0,0.43962088,0
5,0,0.44046116,0
5,0,0.42897072,0
5,0,0.43001476,0
5,0,0.43493253,0
5,0,0.42844844,0
5,0,0.4239684,0
5,0,0.43542936,0
5,0,0.41484267,0
5,0,0.43690115,0
5,0,0.43067127,0
5,0,0.43607026,0
5,0,0.42167398,0
5,0,0.43192264,0
5,0,0.44345117,0
5,0,0.44862118,0
5,0,0.43292716,0
5,0,0.4417994,0
5,0,0.42953247,0
5,0,0.44256493,0
5,0,0.43097076,0
5,0,0.43539083,0
5,0,0.43682697,0
5,0,0.44565204,0
5,0,0.44350967,0
5,0,0.44064245,0
5,0,0.4319262,0
5,0,0.43456152,0
5,0,0.42027882,0
5,0,0.4223173,0
5,0,0.4327913,0
5,0,0.4356029,0
5,0,0.4241135,0
5,0,0.43140158,0
5,0,0.42143944,0
5,0,0.43517694,0
5,0,0.43055102,0
5,0,0.42681867,0
5,0,0.42618874,0
5,0,0.42759705,0
5,0,0.42678168,0
5,0,0.42908388,0
5,0,0.42625087,0
5,0,0.42789367,0
5,0,0.4351743,0
5,0,0.43336162,0
5,0,0.43012604,0
5,0,0.4305218,0
5,0,0.43141776,0
5,0,0.4239875,0
5,0,0.43364653,0
5,0,0.43222556,0
5,0,0.42452094,0
5,0,0.42857575,0
5,0,0.42243275,0
5,0,0.4326776,0
5,0,0.42708385,0
5,0,0.44343555,0
5,0,0.4257856,0
5,0,0.43349433,0
5,0,0.43409663,0
5,0,0.42172828,0
5,0,0.43133444,0
5,0,0.42427695,0
5,0,0.42245233,0
5,0,0.42603177,0
5,0,0.43407518,0
5,0,0.42040053,0
5,0,0.42898506,0
5,0,0.43248242,0
5,0,0.43952927,0
5,0,0.43455726,0
5,0,0.4350078,0
5,0,0.43561414,0
5,0,0.427143,0
5,0,0.4194995,0
5,0,0.43067813,0
5,0,0.4229545,0
5,0,0.42658827,0
5,0,0.43465543,0
5,0,0.4327374,0
5,0,0.43211186,0
5,0,0.4274393,0
5,0,0.42719564,0
5,0,0.43641484,0
5,0,0.4372293,0
5,0,0.42889196,0
5,0,0.4390562,0
5,0,0.43235594,0
5,0,0.4310473,0
5,0,0.44142002,0
5,0,0.4435382,0
5,0,0.44561854,0
5,0,0.42604765,0
5,0,0.44522697,0
5,0,0.44175377,0
5,0,0.43918324,0
5,0,0.43778038,0
5,1,0.45256913,0
5,1,0.46084833,0
5,1,0.4602955,0
5,1,0.44582132,0
5,1,0.46951813,0
5,1,0.46406418,0
5,1,0.44932616,0
5,1,0.4545106,0
5,1,0.44937876,0
5,1,0.45700666,0
5,1,0.45131943,0
5,1,0.46077663,0
5,1,0.46010822,0
5,1,0.46122974,0
5,1,0.44357598,0
5,1,0.4473472,0
5,1,0.45202884,0
5,1,0.4521936,0
5,0,0.38551375,0
5,0,0.38564822,0
5,0,0.3828678,0
5,0,0.39435878,0
5,0,0.3937167,0
5,0,0.39323974,0
5,0,0.39131472,0
5,0,0.38980377,0
5,0,0.3989466,0
5,0,0.38384104,0
5,0,0.39373887,0
5,0,0.38340765,0
5,0,0.3886406,0
5,0,0.39194572,0
5,0,0.38418946,0
5,0,0.39246684,0
5,0,0.38572398,0
5,0,0.38607556,0
5,0,0.39859387,0
5,0,0.3768939,0
5,0,0.39143556,0
5,0,0.38918552,0
5,0,0.38422555,0
5,0,0.38923746,0
5,0,0.38849044,0
5,0,0.3862094,0
5,0,0.38921615,0
5,0,0.38274112,0
5,0,0.39716697,0
5,0,0.38774124,0
5,0,0.40475175,0
5,0,0.38841492,0
5,0,0.39372385,0
5,0,0.38835758,0
5,0,0.39508823,0
5,0,0.39411965,0
