Fold,Label,Prob,Preds
1,1,0.55771446,1
1,1,0.559713,1
1,1,0.5351007,1
1,1,0.5333664,1
1,1,0.56709784,1
1,1,0.55441654,1
1,1,0.5112945,1
1,1,0.5549291,1
1,1,0.5172911,1
1,1,0.57142633,1
1,1,0.597247,1
1,1,0.5930544,1
1,1,0.58708364,1
1,1,0.5853814,1
1,1,0.5972526,1
1,1,0.5950257,1
1,1,0.5931956,1
1,1,0.5653989,1
1,1,0.60322225,1
1,1,0.60504067,1
1,1,0.600773,1
1,1,0.5864067,1
1,1,0.5908783,1
1,1,0.6096958,1
1,1,0.5730787,1
1,1,0.58300185,1
1,1,0.592513,1
1,1,0.59229445,1
1,1,0.5353953,1
1,1,0.5283703,1
1,1,0.5509801,1
1,1,0.5367226,1
1,1,0.5836281,1
1,1,0.5519585,1
1,1,0.5701211,1
1,0,0.50452733,1
1,0,0.5433768,1
1,0,0.5108918,1
1,0,0.51933885,1
1,0,0.5106643,1
1,0,0.4992241,0
1,0,0.5104422,1
1,0,0.47674623,0
1,0,0.4705731,0
1,0,0.49593922,0
1,0,0.4617123,0
1,0,0.45198175,0
1,0,0.48277345,0
1,0,0.43492377,0
1,0,0.46972424,0
1,0,0.46189263,0
1,0,0.4561812,0
1,0,0.4626069,0
1,0,0.48145056,0
1,0,0.46444353,0
1,0,0.49183226,0
1,0,0.52124107,1
1,0,0.5399496,1
1,0,0.5346324,1
1,0,0.53690815,1
1,0,0.559157,1
1,0,0.56270975,1
1,0,0.55126876,1
1,0,0.5568921,1
1,0,0.5412249,1
1,0,0.5270489,1
1,0,0.54937565,1
1,0,0.53919685,1
1,0,0.5252618,1
1,0,0.53229433,1
1,0,0.5688968,1
1,0,0.54916143,1
1,0,0.5930601,1
1,0,0.53541625,1
1,0,0.6035196,1
1,0,0.53260106,1
1,0,0.5726836,1
1,0,0.57340366,1
1,0,0.63201207,1
1,0,0.5821126,1
1,0,0.57704276,1
1,0,0.5442035,1
1,0,0.57766503,1
1,0,0.57040393,1
1,0,0.6229694,1
1,0,0.6002592,1
1,0,0.58774835,1
1,0,0.5687001,1
1,0,0.5897058,1
1,0,0.5839152,1
1,0,0.61131483,1
1,0,0.559897,1
1,0,0.60305625,1
1,0,0.54106563,1
1,0,0.5954809,1
1,0,0.5560519,1
1,0,0.572984,1
1,0,0.54302984,1
1,0,0.54554206,1
1,0,0.5387848,1
1,0,0.52368945,1
1,0,0.52886176,1
1,1,0.5212061,1
1,1,0.5181212,1
1,1,0.52930313,1
1,1,0.5759197,1
1,1,0.5608273,1
1,1,0.59291446,1
1,1,0.56631523,1
1,1,0.59931964,1
1,1,0.55298585,1
1,0,0.5906796,1
1,0,0.5815862,1
1,0,0.5817255,1
1,0,0.5713061,1
1,0,0.5784232,1
1,0,0.5759431,1
1,0,0.5761525,1
1,0,0.5770908,1
1,0,0.578016,1
1,0,0.59106326,1
1,0,0.55801016,1
1,0,0.565937,1
1,0,0.5634396,1
1,0,0.56351596,1
1,0,0.5624448,1
1,0,0.57046235,1
1,0,0.58012867,1
1,0,0.5889824,1
1,0,0.58022594,1
1,0,0.6008128,1
1,0,0.58327746,1
1,0,0.550624,1
1,0,0.577066,1
1,0,0.5433813,1
1,0,0.5806946,1
1,0,0.53851634,1
1,0,0.5696774,1
1,0,0.5595722,1
1,0,0.5348598,1
1,0,0.5252605,1
1,0,0.55534333,1
1,0,0.5215711,1
1,0,0.5346854,1
1,0,0.5396496,1
1,0,0.50426286,1
1,0,0.5132398,1
1,0,0.55320174,1
1,0,0.517268,1
1,0,0.53581846,1
1,0,0.519259,1
1,0,0.56592846,1
1,0,0.5205638,1
1,0,0.5478078,1
1,0,0.594331,1
1,0,0.5567641,1
1,0,0.54677385,1
1,0,0.56327385,1
1,0,0.5749534,1
1,0,0.5821306,1
1,0,0.5673302,1
1,0,0.57599264,1
1,0,0.61215186,1
1,0,0.5457784,1
1,0,0.60300153,1
1,0,0.5856903,1
1,0,0.5968732,1
1,0,0.59567136,1
1,0,0.6171702,1
1,0,0.59315526,1
1,0,0.5832164,1
1,0,0.6068971,1
1,0,0.57928914,1
1,0,0.57601666,1
1,0,0.5521057,1
1,0,0.5772976,1
1,0,0.50520355,1
1,0,0.5769356,1
1,0,0.51542974,1
1,0,0.5798037,1
1,0,0.5207817,1
1,0,0.5480624,1
1,0,0.53485954,1
1,0,0.5549695,1
1,0,0.5013467,1
1,0,0.5399433,1
1,0,0.53640085,1
1,0,0.5650083,1
1,0,0.51828223,1
1,0,0.54359215,1
1,0,0.51782274,1
1,0,0.5855367,1
1,0,0.5127762,1
1,0,0.5688066,1
1,0,0.50549304,1
1,0,0.5838525,1
1,0,0.5130524,1
1,0,0.57372046,1
1,0,0.5545023,1
1,0,0.57337725,1
1,0,0.543503,1
1,0,0.5947067,1
1,0,0.5547202,1
1,0,0.5900039,1
1,0,0.5625796,1
1,0,0.5872163,1
1,0,0.579123,1
1,0,0.58375084,1
1,0,0.5840539,1
1,0,0.5975405,1
1,0,0.59141475,1
1,0,0.611919,1
1,0,0.5826972,1
1,1,0.61727,1
1,1,0.5668623,1
1,1,0.57388115,1
1,1,0.5280288,1
1,1,0.5651511,1
1,1,0.5024482,1
1,1,0.5763764,1
1,1,0.5192773,1
1,1,0.5373865,1
1,0,0.5143889,1
1,0,0.55718684,1
1,0,0.49375853,0
1,0,0.516341,1
1,0,0.5286175,1
1,0,0.5145174,1
1,0,0.52288127,1
1,0,0.52501243,1
1,0,0.5362444,1
1,0,0.58487874,1
1,0,0.5166968,1
1,0,0.53098476,1
1,0,0.57544655,1
1,0,0.5552501,1
1,0,0.5905112,1
1,0,0.5557843,1
1,0,0.5770514,1
1,0,0.5836736,1
1,0,0.58119714,1
1,0,0.56065875,1
1,0,0.5905763,1
1,0,0.5904879,1
1,0,0.59000623,1
1,0,0.57746774,1
1,0,0.5795631,1
1,0,0.5858177,1
1,0,0.5691834,1
1,0,0.56464046,1
1,0,0.5421527,1
1,0,0.56622785,1
1,0,0.59249496,1
1,0,0.56216735,1
1,0,0.569385,1
1,0,0.58534694,1
1,0,0.5706984,1
1,0,0.58806276,1
1,0,0.5576473,1
1,0,0.5982289,1
1,0,0.5362357,1
1,0,0.56264704,1
1,0,0.54976964,1
1,0,0.5696009,1
1,0,0.5231483,1
1,0,0.5324436,1
1,0,0.49332562,0
1,0,0.5191055,1
1,1,0.49116343,0
1,1,0.5505839,1
1,1,0.542657,1
1,1,0.49164745,0
1,1,0.5381684,1
1,1,0.5226694,1
1,1,0.53089947,1
1,1,0.53765553,1
1,1,0.5652162,1
1,1,0.500763,1
1,1,0.52132064,1
1,1,0.51620793,1
1,1,0.5316582,1
1,0,0.5747118,1
1,0,0.55926114,1
1,0,0.5644808,1
1,0,0.5870321,1
1,0,0.564749,1
1,0,0.5968118,1
1,0,0.5869245,1
1,0,0.56606656,1
1,0,0.57843095,1
1,0,0.5846497,1
1,0,0.56977284,1
1,0,0.5719509,1
1,0,0.5803402,1
1,0,0.5491102,1
1,0,0.56741244,1
1,0,0.561371,1
1,0,0.5845622,1
1,0,0.5761459,1
1,0,0.58619606,1
1,0,0.56502855,1
1,0,0.5725242,1
1,0,0.5883169,1
1,0,0.5676351,1
1,1,0.5619377,1
1,1,0.60184044,1
1,1,0.5325525,1
1,1,0.57627565,1
1,1,0.55610293,1
1,1,0.5647934,1
1,1,0.53164196,1
1,1,0.56469387,1
1,1,0.50254226,1
1,1,0.5172237,1
1,1,0.49095333,0
1,1,0.5705975,1
1,1,0.55018014,1
1,1,0.5699593,1
1,1,0.5368885,1
1,1,0.5308662,1
1,1,0.5228279,1
1,1,0.49091434,0
1,1,0.54190654,1
1,1,0.5294808,1
1,1,0.5166998,1
1,1,0.45061085,0
1,1,0.5279547,1
1,1,0.44277784,0
1,1,0.53742194,1
1,1,0.5306166,1
1,1,0.5002387,1
1,1,0.5439443,1
1,1,0.5474874,1
1,1,0.54030055,1
1,1,0.600427,1
1,1,0.5517914,1
1,1,0.48289973,0
1,1,0.53846174,1
1,1,0.54321086,1
1,1,0.53955144,1
1,1,0.53449583,1
1,1,0.5284531,1
1,1,0.5440965,1
1,1,0.5879599,1
1,1,0.59019375,1
1,1,0.6288912,1
1,1,0.61094,1
1,1,0.61817366,1
1,1,0.6035977,1
1,1,0.606167,1
1,1,0.6019472,1
1,1,0.6338976,1
1,1,0.6254761,1
1,1,0.6249613,1
1,1,0.61755955,1
1,1,0.64473873,1
1,1,0.63090795,1
1,1,0.6317675,1
1,1,0.61547375,1
1,1,0.62066615,1
1,1,0.6265251,1
1,1,0.62136143,1
1,1,0.64109826,1
1,1,0.61080194,1
1,1,0.6201709,1
1,1,0.6366082,1
1,1,0.58057714,1
1,1,0.59384817,1
1,1,0.54706746,1
1,1,0.55783266,1
1,1,0.6055166,1
1,1,0.60887384,1
1,1,0.5929582,1
1,1,0.53097636,1
1,1,0.5329939,1
1,1,0.5763243,1
1,1,0.54335046,1
1,1,0.57124585,1
1,1,0.58768666,1
1,1,0.57975936,1
1,1,0.5926987,1
1,1,0.5868287,1
1,1,0.605805,1
1,1,0.5845276,1
1,1,0.57778925,1
1,1,0.5827667,1
1,1,0.57834905,1
1,1,0.5448782,1
1,1,0.51798046,1
1,1,0.55773395,1
1,1,0.5543065,1
1,1,0.5606439,1
1,1,0.5703123,1
1,1,0.5652228,1
1,1,0.5654753,1
1,1,0.5351904,1
1,1,0.5488898,1
1,1,0.5150633,1
1,1,0.55120504,1
1,1,0.5632752,1
1,1,0.51499885,1
1,1,0.5488203,1
1,1,0.5527399,1
1,1,0.5731573,1
1,1,0.56389576,1
1,1,0.56131357,1
1,1,0.56622773,1
1,1,0.5674179,1
1,1,0.5741364,1
1,1,0.55599606,1
1,1,0.5393211,1
1,1,0.5647242,1
1,1,0.5064022,1
1,1,0.52261746,1
1,1,0.5215413,1
1,1,0.565534,1
1,1,0.54750615,1
1,1,0.5693894,1
1,1,0.5686651,1
1,1,0.59701526,1
1,1,0.57612115,1
1,1,0.5717552,1
1,1,0.5727092,1
1,1,0.5568873,1
1,1,0.54493654,1
1,1,0.5304082,1
1,1,0.5382633,1
1,1,0.5393182,1
1,1,0.55469954,1
1,1,0.556957,1
1,1,0.5621962,1
1,1,0.5153568,1
1,1,0.48779735,0
1,1,0.52732944,1
1,1,0.4892298,0
1,1,0.52224094,1
1,1,0.5670191,1
1,1,0.53775096,1
1,1,0.5544819,1
1,1,0.540765,1
1,1,0.5485312,1
1,1,0.5536248,1
1,1,0.5547258,1
1,1,0.5856595,1
1,1,0.5750781,1
1,1,0.55951244,1
1,1,0.5651434,1
1,1,0.54646426,1
1,1,0.54670346,1
1,1,0.52607137,1
1,1,0.54050624,1
1,1,0.5366276,1
1,1,0.5518639,1
1,1,0.5466393,1
1,1,0.56116986,1
1,1,0.51208216,1
1,1,0.47753894,0
1,1,0.5219289,1
1,1,0.4776433,0
1,1,0.51224405,1
1,1,0.5641753,1
1,1,0.5299269,1
1,1,0.54980505,1
1,1,0.5350824,1
1,1,0.5509596,1
1,1,0.5194904,1
1,1,0.540475,1
1,1,0.53136396,1
1,1,0.50342447,1
1,1,0.5367099,1
1,1,0.5505669,1
1,1,0.5424763,1
1,1,0.50069,1
1,1,0.50826365,1
1,1,0.55019766,1
1,1,0.531165,1
1,1,0.4972981,0
1,1,0.541155,1
1,1,0.5699513,1
1,1,0.5654186,1
1,1,0.5445803,1
1,1,0.55445635,1
1,1,0.50742596,1
1,1,0.53446937,1
1,1,0.5716973,1
1,1,0.50970817,1
1,1,0.49099922,0
1,1,0.52848274,1
1,1,0.5047051,1
1,1,0.51227576,1
1,1,0.51104563,1
1,1,0.51363796,1
1,1,0.509861,1
1,0,0.49183163,0
1,0,0.5104059,1
1,0,0.52187634,1
1,0,0.5409196,1
1,0,0.52423865,1
1,0,0.5837213,1
1,0,0.5429621,1
1,0,0.5251058,1
1,0,0.5052993,1
1,0,0.5370296,1
1,0,0.4867319,0
1,0,0.5433983,1
1,0,0.49420416,0
1,0,0.5729244,1
1,0,0.5509611,1
1,0,0.5840664,1
1,0,0.5473075,1
1,0,0.548841,1
1,0,0.52951455,1
1,0,0.5551118,1
1,0,0.53973943,1
1,0,0.58101547,1
1,0,0.5521882,1
1,0,0.5684632,1
1,0,0.5658419,1
1,0,0.5678277,1
1,0,0.5673468,1
1,0,0.5866889,1
1,0,0.58451617,1
1,0,0.56312317,1
1,0,0.58324796,1
1,0,0.58536005,1
1,0,0.57731235,1
1,0,0.5841701,1
1,0,0.59262514,1
1,0,0.584326,1
1,0,0.5835159,1
1,0,0.57605624,1
1,0,0.5563738,1
1,0,0.5614081,1
1,0,0.52459586,1
1,0,0.54728657,1
1,0,0.4867865,0
1,0,0.54621464,1
1,0,0.5151122,1
1,0,0.5619906,1
1,0,0.50698125,1
1,0,0.5716269,1
1,0,0.49077263,0
1,0,0.52909774,1
1,0,0.48166108,0
1,0,0.5425539,1
1,0,0.5338177,1
1,0,0.5024993,1
1,0,0.47028965,0
1,0,0.52526206,1
1,0,0.5381782,1
1,0,0.531159,1
1,0,0.5457365,1
1,0,0.5144987,1
1,0,0.52955484,1
1,0,0.6109658,1
1,0,0.54895085,1
1,0,0.5880129,1
1,0,0.5539639,1
1,0,0.58414185,1
1,0,0.57174516,1
1,0,0.5958325,1
1,0,0.5902237,1
1,0,0.6027343,1
1,0,0.579541,1
1,0,0.58770746,1
1,0,0.5903794,1
1,0,0.59190184,1
1,0,0.58356535,1
1,0,0.5768162,1
1,0,0.5480763,1
1,0,0.56140476,1
1,0,0.55076253,1
1,0,0.55690265,1
1,0,0.5195079,1
1,0,0.55086386,1
1,0,0.5178932,1
1,0,0.5645923,1
1,0,0.55413663,1
1,0,0.51095486,1
1,0,0.5509713,1
1,0,0.5026964,1
1,0,0.5575229,1
1,0,0.5275996,1
1,0,0.5101417,1
1,0,0.5082385,1
1,0,0.4680242,0
1,0,0.50732046,1
1,0,0.56160307,1
1,0,0.50064117,1
1,0,0.55808264,1
1,0,0.54009104,1
1,0,0.5548289,1
1,0,0.55113393,1
1,0,0.54771644,1
1,0,0.57885385,1
1,0,0.53419006,1
1,0,0.5287767,1
1,0,0.53958446,1
1,0,0.55748343,1
1,0,0.5928972,1
1,0,0.5468777,1
1,0,0.5276073,1
1,0,0.5797487,1
1,0,0.58026445,1
1,0,0.54546875,1
1,0,0.6099908,1
1,0,0.56063336,1
1,0,0.53215855,1
1,0,0.5860792,1
1,0,0.5934076,1
1,0,0.58933896,1
1,0,0.61555076,1
1,0,0.6101228,1
1,0,0.61281914,1
1,0,0.5835107,1
1,0,0.5981163,1
1,0,0.6096155,1
1,0,0.6187993,1
1,0,0.5967418,1
1,0,0.5776654,1
1,0,0.5953798,1
1,0,0.58325046,1
1,0,0.5709012,1
1,0,0.5825624,1
1,0,0.59498453,1
1,0,0.5921905,1
1,0,0.5949446,1
1,0,0.57597095,1
1,0,0.5204768,1
1,0,0.53838855,1
1,0,0.551857,1
1,0,0.5613439,1
1,0,0.5420011,1
1,0,0.54702926,1
1,0,0.54314154,1
1,0,0.5214345,1
1,0,0.5147121,1
1,0,0.5026084,1
1,0,0.49793664,0
1,0,0.47053346,0
1,0,0.5295464,1
1,0,0.5116292,1
1,0,0.5394999,1
1,0,0.4890655,0
1,0,0.5444674,1
1,0,0.5451661,1
1,0,0.5471801,1
1,0,0.5137127,1
1,0,0.57045513,1
1,0,0.5643023,1
1,0,0.54777014,1
1,0,0.56543565,1
1,0,0.59292984,1
1,0,0.5750333,1
1,0,0.59535426,1
1,0,0.5694493,1
1,0,0.59171784,1
1,0,0.5704031,1
1,0,0.5531889,1
1,0,0.54538554,1
1,0,0.54322124,1
1,0,0.58391386,1
1,0,0.5700798,1
1,0,0.5756581,1
1,0,0.5815618,1
1,0,0.5935127,1
1,0,0.52943814,1
1,0,0.5764338,1
1,0,0.5507728,1
1,0,0.5881263,1
1,0,0.50453115,1
1,0,0.5707753,1
1,0,0.5268344,1
1,0,0.5481529,1
1,0,0.5355946,1
1,0,0.5076952,1
1,0,0.53466904,1
1,0,0.51289386,1
1,0,0.51693714,1
1,0,0.51126546,1
1,0,0.546573,1
1,0,0.5021518,1
1,0,0.57635474,1
1,0,0.54402936,1
1,0,0.5690841,1
1,0,0.5403476,1
1,0,0.58134794,1
1,0,0.57339764,1
1,0,0.5674799,1
1,0,0.55967546,1
1,0,0.58385885,1
1,0,0.5589405,1
1,0,0.57328624,1
1,0,0.56745166,1
1,0,0.57754725,1
1,0,0.5817956,1
1,0,0.57775235,1
1,0,0.53307086,1
1,0,0.58968973,1
1,0,0.56918263,1
1,0,0.57598704,1
1,0,0.5741272,1
1,0,0.5500955,1
1,0,0.5412009,1
1,0,0.5590599,1
1,0,0.5858388,1
1,0,0.5427843,1
1,0,0.57484776,1
1,0,0.48131347,0
1,0,0.5852392,1
1,0,0.49423027,0
1,0,0.56464267,1
1,0,0.5340192,1
1,0,0.5230787,1
1,0,0.51552516,1
1,0,0.51498497,1
1,0,0.5314079,1
1,0,0.50070643,1
1,0,0.53467864,1
1,0,0.46211597,0
1,0,0.5433575,1
1,0,0.4987657,0
1,0,0.571242,1
1,0,0.52687794,1
1,0,0.57893544,1
1,0,0.5848287,1
1,0,0.56373084,1
1,0,0.5361097,1
1,0,0.5789608,1
1,0,0.571625,1
1,0,0.5676943,1
1,0,0.5673116,1
1,0,0.55562955,1
1,0,0.5567244,1
1,0,0.57396513,1
1,0,0.568677,1
1,0,0.5616077,1
1,0,0.56068987,1
1,0,0.55805606,1
1,0,0.5635499,1
1,0,0.56394994,1
1,0,0.58217067,1
1,0,0.5725981,1
1,0,0.57252735,1
1,0,0.5781366,1
1,0,0.5584966,1
1,0,0.543255,1
1,0,0.5358504,1
1,0,0.57294583,1
1,0,0.48988816,0
1,0,0.5450362,1
1,0,0.47203195,0
1,0,0.54148024,1
1,0,0.51138854,1
1,0,0.55276906,1
1,0,0.5378797,1
1,0,0.53156906,1
1,0,0.51745075,1
1,0,0.5389715,1
1,0,0.5278421,1
1,0,0.527801,1
1,0,0.47946244,0
1,0,0.5396301,1
1,0,0.5040645,1
1,0,0.57961464,1
1,0,0.48192012,0
1,0,0.54854524,1
1,0,0.5367005,1
1,0,0.52020216,1
1,0,0.54252297,1
1,0,0.5670748,1
1,0,0.55917734,1
1,0,0.5557513,1
1,0,0.5634716,1
1,0,0.57386214,1
1,0,0.55538213,1
1,0,0.56305605,1
1,0,0.56255543,1
1,0,0.5403173,1
1,0,0.56644636,1
1,0,0.57460386,1
1,0,0.55214745,1
1,0,0.5883844,1
1,0,0.5236659,1
1,0,0.5459792,1
1,0,0.55930364,1
1,0,0.5659905,1
1,0,0.538242,1
1,0,0.56972057,1
1,0,0.47380817,0
1,0,0.5480883,1
1,0,0.50760555,1
1,0,0.5386121,1
1,0,0.5437266,1
1,0,0.53612965,1
1,0,0.4713049,0
1,0,0.5353754,1
1,0,0.52292836,1
1,0,0.5132714,1
1,0,0.46534032,0
1,0,0.53750944,1
1,0,0.48503053,0
1,0,0.522723,1
1,0,0.4522327,0
1,0,0.53521115,1
1,0,0.48927742,0
1,0,0.5175778,1
1,0,0.4988764,0
1,0,0.56746924,1
1,0,0.5316452,1
1,0,0.55120265,1
1,0,0.5774806,1
1,0,0.5947684,1
1,0,0.5641033,1
1,0,0.56993735,1
1,0,0.56602246,1
1,0,0.52846956,1
1,1,0.593199,1
1,1,0.55033934,1
1,1,0.57602143,1
1,1,0.5757133,1
1,1,0.56459874,1
1,1,0.5763384,1
1,1,0.55643535,1
1,1,0.4836274,0
1,1,0.59122646,1
1,1,0.4546778,0
1,0,0.5614879,1
1,0,0.5368204,1
1,0,0.55719936,1
1,0,0.55471677,1
1,0,0.5824633,1
1,0,0.55928445,1
1,0,0.54146063,1
1,0,0.55515856,1
1,0,0.58653325,1
1,0,0.55236995,1
1,0,0.5666803,1
1,0,0.57658064,1
1,0,0.59271985,1
1,0,0.5531259,1
1,0,0.5379245,1
1,0,0.5813975,1
1,0,0.53335124,1
1,0,0.5439277,1
1,0,0.53274804,1
1,0,0.54195875,1
1,0,0.5338649,1
1,0,0.56882685,1
1,0,0.5556324,1
1,0,0.54768753,1
1,0,0.5593712,1
1,0,0.54446936,1
1,0,0.57390505,1
1,0,0.56009996,1
1,0,0.577858,1
1,0,0.6031632,1
1,0,0.5190609,1
1,0,0.5644204,1
1,0,0.5468537,1
1,0,0.5559512,1
1,0,0.5340358,1
1,0,0.5403622,1
1,0,0.57140803,1
1,0,0.56804085,1
1,0,0.5093472,1
1,0,0.5341397,1
1,0,0.554746,1
1,0,0.53681195,1
1,0,0.5475194,1
1,0,0.53275245,1
1,0,0.50645316,1
1,0,0.5222802,1
1,0,0.5309072,1
1,0,0.5219161,1
1,0,0.5156097,1
1,0,0.51873255,1
1,0,0.51722467,1
1,0,0.52462494,1
1,0,0.5234928,1
1,0,0.5091253,1
1,0,0.5405058,1
1,0,0.4767567,0
1,0,0.49307057,0
1,0,0.5115213,1
1,0,0.52116597,1
1,0,0.5274305,1
1,0,0.5425121,1
1,0,0.5206628,1
1,0,0.53661853,1
1,0,0.58175945,1
1,0,0.5085722,1
1,0,0.5506256,1
1,0,0.51825255,1
1,0,0.4910429,0
1,0,0.55154586,1
1,0,0.5516531,1
1,0,0.48324344,0
1,0,0.5088541,1
1,0,0.54229575,1
1,0,0.52706444,1
1,0,0.53504306,1
1,0,0.52218467,1
1,0,0.49244067,0
1,1,0.541733,1
1,1,0.57880753,1
1,1,0.5409651,1
1,1,0.52974385,1
1,1,0.54045373,1
1,1,0.5357927,1
1,1,0.52687335,1
1,1,0.53242993,1
1,1,0.55217487,1
1,1,0.5495796,1
1,1,0.5376405,1
1,1,0.57525736,1
1,1,0.5744258,1
1,1,0.5820767,1
1,1,0.56042105,1
1,1,0.5905237,1
1,1,0.5928612,1
1,1,0.55987346,1
1,1,0.5629531,1
1,1,0.5610472,1
1,1,0.55252254,1
1,1,0.58799607,1
1,1,0.5480631,1
1,1,0.58093804,1
1,1,0.58159083,1
1,1,0.57900625,1
1,1,0.56475526,1
1,1,0.5987266,1
1,1,0.5784058,1
1,1,0.5988075,1
1,1,0.60970056,1
1,1,0.6046721,1
1,1,0.5893655,1
1,1,0.58195364,1
1,1,0.5937719,1
1,1,0.5949035,1
1,1,0.59487164,1
1,1,0.58874315,1
1,1,0.59828043,1
1,1,0.59248143,1
1,1,0.59229964,1
1,1,0.60924584,1
1,1,0.6040611,1
1,1,0.57368726,1
1,1,0.59578323,1
1,1,0.5923128,1
1,1,0.5870876,1
1,1,0.5829664,1
1,1,0.5974034,1
1,1,0.5944199,1
1,1,0.5924574,1
1,1,0.565021,1
1,1,0.60301083,1
1,1,0.60478926,1
1,1,0.60055196,1
1,1,0.58686686,1
1,1,0.5895754,1
1,1,0.6090939,1
1,1,0.57361996,1
1,1,0.5819917,1
1,1,0.59194595,1
1,1,0.5921989,1
1,1,0.5915876,1
1,1,0.58000356,1
1,1,0.5989502,1
1,1,0.58159196,1
1,1,0.59989476,1
1,1,0.5984547,1
1,1,0.5813355,1
1,1,0.5771872,1
1,1,0.60507256,1
1,1,0.58861923,1
1,1,0.55701774,1
1,1,0.579595,1
1,1,0.55723536,1
1,1,0.57649416,1
1,1,0.57183355,1
1,1,0.5825623,1
1,1,0.5612407,1
1,1,0.60067254,1
1,1,0.5649525,1
1,1,0.5936778,1
1,1,0.5825105,1
1,1,0.5719,1
1,1,0.57346547,1
1,1,0.59440243,1
1,1,0.5765369,1
1,1,0.591389,1
1,1,0.6030899,1
1,1,0.57729065,1
1,1,0.5939369,1
1,1,0.57288617,1
1,1,0.5627918,1
1,1,0.56306356,1
1,1,0.5806987,1
1,1,0.57020336,1
1,1,0.5640479,1
1,1,0.6043184,1
1,1,0.5748467,1
1,1,0.57964194,1
1,1,0.577315,1
1,1,0.56609845,1
1,1,0.55408955,1
1,1,0.5207287,1
1,1,0.5391288,1
1,1,0.5427686,1
1,1,0.5427774,1
1,1,0.5316392,1
1,1,0.56389683,1
1,1,0.5484416,1
1,1,0.55632156,1
1,1,0.5328227,1
1,1,0.51792234,1
1,1,0.50447184,1
1,1,0.5280631,1
1,1,0.5010152,1
1,1,0.51532006,1
1,1,0.48798227,0
1,1,0.43855175,0
1,1,0.46679682,0
1,1,0.52963144,1
1,1,0.49989903,0
1,1,0.4888615,0
1,1,0.5431728,1
1,1,0.562939,1
1,1,0.54581076,1
1,1,0.5049831,1
1,1,0.47635725,0
1,1,0.53757983,1
1,1,0.53184015,1
1,1,0.47909835,0
1,1,0.51398575,1
1,1,0.53006697,1
1,1,0.51852006,1
1,1,0.4760845,0
1,1,0.50898916,1
1,1,0.50340503,1
1,1,0.50464827,1
1,1,0.5223586,1
1,1,0.5492641,1
1,1,0.5433733,1
1,1,0.5119092,1
1,1,0.53522563,1
1,1,0.5403207,1
1,1,0.46138942,0
1,1,0.50844914,1
1,1,0.46265557,0
1,1,0.47930485,0
1,1,0.5050167,1
1,1,0.487273,0
1,1,0.5306031,1
1,1,0.5293618,1
1,1,0.49298832,0
1,1,0.4888184,0
1,1,0.52207315,1
1,1,0.5236755,1
1,1,0.5050958,1
1,1,0.4749469,0
1,1,0.4775057,0
1,1,0.49435475,0
1,1,0.48374417,0
1,1,0.48464042,0
1,1,0.47556102,0
1,1,0.5046319,1
1,1,0.47737542,0
1,1,0.5169661,1
1,1,0.49842852,0
1,1,0.49572524,0
1,1,0.51594293,1
1,1,0.4809302,0
1,1,0.5094718,1
1,1,0.48848125,0
1,1,0.55139446,1
1,1,0.5775247,1
1,1,0.492814,0
1,1,0.4862384,0
1,1,0.5240453,1
1,1,0.51269597,1
1,1,0.5041941,1
1,1,0.4975695,0
1,1,0.48763716,0
1,1,0.51769876,1
1,1,0.5408254,1
1,1,0.57140887,1
1,1,0.5318737,1
1,1,0.5258106,1
1,1,0.49616805,0
1,1,0.5395543,1
1,1,0.5292773,1
1,1,0.46953845,0
1,1,0.5126078,1
1,1,0.46829596,0
1,1,0.55848396,1
1,1,0.5507436,1
1,1,0.52212644,1
1,1,0.52048695,1
1,1,0.52478325,1
1,1,0.57146657,1
1,1,0.497736,0
1,1,0.5363469,1
1,1,0.5295279,1
1,1,0.54180205,1
1,1,0.56910515,1
1,1,0.5653149,1
1,1,0.56797284,1
1,1,0.5656201,1
1,1,0.57490754,1
1,1,0.56234866,1
1,1,0.5612767,1
1,1,0.5610547,1
1,1,0.54240096,1
1,1,0.5351734,1
1,1,0.5838544,1
1,1,0.5635894,1
1,1,0.56158435,1
1,1,0.59307325,1
1,1,0.5433773,1
1,1,0.5806112,1
1,1,0.5772659,1
1,1,0.5715069,1
1,1,0.5857324,1
1,1,0.57083714,1
1,1,0.57678837,1
1,1,0.546543,1
1,1,0.5769175,1
1,1,0.5634893,1
1,1,0.56150657,1
1,1,0.56658614,1
1,1,0.5539461,1
1,1,0.5291188,1
1,1,0.5562066,1
1,1,0.55144256,1
1,1,0.55997664,1
1,1,0.5270756,1
1,1,0.56705576,1
1,1,0.52622,1
1,1,0.56978357,1
1,1,0.57761014,1
1,1,0.5869457,1
1,1,0.5809163,1
1,1,0.5689855,1
1,1,0.57928073,1
1,1,0.5834042,1
1,1,0.57417136,1
1,1,0.5885218,1
1,1,0.57757986,1
1,1,0.55683744,1
1,1,0.57920295,1
1,1,0.5576861,1
1,1,0.5909164,1
1,1,0.56858236,1
1,1,0.54498357,1
1,1,0.5844664,1
1,1,0.5501249,1
1,1,0.56376183,1
1,1,0.5625104,1
1,1,0.5547332,1
1,1,0.59402144,1
1,1,0.5623151,1
1,1,0.58060944,1
1,1,0.58181363,1
1,1,0.58132786,1
1,1,0.5731001,1
1,1,0.58816534,1
1,1,0.56031895,1
1,1,0.54551274,1
1,1,0.5814003,1
1,1,0.54005456,1
1,1,0.5605701,1
1,1,0.5701567,1
1,1,0.54881084,1
1,1,0.55258876,1
1,1,0.5701888,1
1,1,0.5487076,1
1,1,0.56538165,1
1,1,0.54569125,1
1,1,0.512346,1
1,1,0.5656038,1
1,1,0.5361085,1
1,1,0.52404827,1
1,1,0.5384382,1
1,1,0.53602517,1
1,1,0.5104715,1
1,1,0.4994414,0
1,1,0.50347,1
1,1,0.50384885,1
1,1,0.49274355,0
1,1,0.4618294,0
1,1,0.45665276,0
1,1,0.45507005,0
1,1,0.44565094,0
1,1,0.48653787,0
1,1,0.49926704,0
1,0,0.5897838,1
1,0,0.5912916,1
1,0,0.58689696,1
1,0,0.5913583,1
1,0,0.57867426,1
1,0,0.5856605,1
1,0,0.56994987,1
1,0,0.5817094,1
1,0,0.5731747,1
1,0,0.59435487,1
1,1,0.56878155,1
1,1,0.593292,1
1,1,0.590915,1
1,1,0.58549476,1
1,1,0.5826393,1
1,1,0.59694475,1
1,1,0.5943251,1
1,1,0.59136546,1
1,1,0.5651658,1
1,1,0.6033369,1
1,1,0.60517275,1
1,1,0.5994526,1
1,1,0.58620346,1
1,1,0.59020704,1
1,1,0.60832876,1
1,1,0.5730805,1
1,1,0.5820445,1
1,1,0.5918382,1
1,1,0.59223145,1
1,1,0.52264845,1
1,1,0.5714937,1
1,1,0.5645224,1
1,1,0.54350454,1
1,1,0.56097215,1
1,1,0.5560342,1
2,1,0.46492273,0
2,1,0.45470312,0
2,1,0.45127037,0
2,1,0.48192334,0
2,1,0.47555143,0
2,1,0.46483678,0
2,1,0.46819565,0
2,1,0.43776855,0
2,1,0.4389678,0
2,1,0.43874344,0
2,1,0.4763235,0
2,1,0.47848713,0
2,1,0.47179088,0
2,1,0.4360941,0
2,1,0.46062705,0
2,1,0.463103,0
2,1,0.44837084,0
2,1,0.43843913,0
2,1,0.44843078,0
2,1,0.44461837,0
2,1,0.4460291,0
2,1,0.4647652,0
2,1,0.474438,0
2,1,0.46670184,0
2,1,0.46699995,0
2,1,0.50879264,1
2,1,0.48023283,0
2,1,0.4886479,0
2,1,0.44608518,0
2,1,0.4567873,0
2,1,0.4506168,0
2,1,0.44628882,0
2,1,0.4825477,0
2,1,0.482023,0
2,1,0.46306533,0
2,1,0.45323786,0
2,1,0.43154946,0
2,1,0.45250914,0
2,1,0.4272468,0
2,1,0.4630294,0
2,1,0.43730587,0
2,1,0.45643067,0
2,1,0.48304433,0
2,1,0.47616476,0
2,1,0.47599047,0
2,1,0.45064318,0
2,1,0.46389234,0
2,1,0.45269477,0
2,1,0.44827464,0
2,1,0.45579877,0
2,1,0.45764056,0
2,1,0.46014336,0
2,1,0.47619236,0
2,1,0.42546004,0
2,1,0.45794308,0
2,1,0.4495095,0
2,1,0.42852136,0
2,1,0.44917956,0
2,1,0.45673245,0
2,1,0.4571909,0
2,1,0.4370691,0
2,1,0.42837647,0
2,1,0.45179546,0
2,1,0.476993,0
2,1,0.43590373,0
2,1,0.4441616,0
2,1,0.4474925,0
2,1,0.45266357,0
2,1,0.42219773,0
2,1,0.43854618,0
2,1,0.45029318,0
2,1,0.4628544,0
2,1,0.45670992,0
2,1,0.43030974,0
2,1,0.45537844,0
2,1,0.44982737,0
2,1,0.46976227,0
2,1,0.47419316,0
2,1,0.4577303,0
2,1,0.4603526,0
2,1,0.4707122,0
2,1,0.47890684,0
2,1,0.4384152,0
2,1,0.43863463,0
2,1,0.41939935,0
2,1,0.4174664,0
2,1,0.45233038,0
2,1,0.4371362,0
2,1,0.45714626,0
2,1,0.4752355,0
2,1,0.46307153,0
2,1,0.4618659,0
2,1,0.44296077,0
2,1,0.43141773,0
2,1,0.45867673,0
2,1,0.44492567,0
2,1,0.4706264,0
2,1,0.456855,0
2,1,0.4664065,0
2,1,0.44430754,0
2,1,0.4613436,0
2,1,0.45371795,0
2,1,0.42913353,0
2,1,0.42127293,0
2,1,0.46153942,0
2,1,0.45374614,0
2,1,0.4490452,0
2,1,0.4402177,0
2,1,0.450478,0
2,1,0.4391945,0
2,1,0.45563334,0
2,1,0.4451538,0
2,1,0.43797812,0
2,1,0.44983,0
2,1,0.4553054,0
2,1,0.46808228,0
2,1,0.46892288,0
2,1,0.46795818,0
2,1,0.45748973,0
2,1,0.42816752,0
2,1,0.4156294,0
2,1,0.4307767,0
2,1,0.40278685,0
2,1,0.4372427,0
2,1,0.42112765,0
2,1,0.45088074,0
2,1,0.42767915,0
2,1,0.4104392,0
2,1,0.44065636,0
2,1,0.45821995,0
2,1,0.47605044,0
2,1,0.48247072,0
2,1,0.47157514,0
2,1,0.48188984,0
2,1,0.44242352,0
2,1,0.48702765,0
2,1,0.44492096,0
2,1,0.48179215,0
2,1,0.4892336,0
2,1,0.4409399,0
2,1,0.4579173,0
2,1,0.4728978,0
2,1,0.47032732,0
2,1,0.4545283,0
2,1,0.47464523,0
2,1,0.45654324,0
2,1,0.46196738,0
2,1,0.4397054,0
2,1,0.45303193,0
2,1,0.46200556,0
2,1,0.4723035,0
2,1,0.44765204,0
2,1,0.4798144,0
2,1,0.45778257,0
2,1,0.48195642,0
2,1,0.45072046,0
2,1,0.48376948,0
2,1,0.4542287,0
2,0,0.48613968,0
2,0,0.45635393,0
2,0,0.48018935,0
2,0,0.46157745,0
2,0,0.46648985,0
2,0,0.46076223,0
2,0,0.4698361,0
2,0,0.4537199,0
2,0,0.45084557,0
2,0,0.4667805,0
2,0,0.46225575,0
2,0,0.49594948,0
2,0,0.45739445,0
2,1,0.43693665,0
2,1,0.45253247,0
2,1,0.44092542,0
2,1,0.45872322,0
2,1,0.47104985,0
2,1,0.47440585,0
2,1,0.4294322,0
2,1,0.4277691,0
2,1,0.43718514,0
2,1,0.44343424,0
2,1,0.43149287,0
2,1,0.47339848,0
2,1,0.46201354,0
2,1,0.4248452,0
2,1,0.46113458,0
2,1,0.47132084,0
2,1,0.47333777,0
2,1,0.4627654,0
2,1,0.42877132,0
2,1,0.45857552,0
2,1,0.48320764,0
2,1,0.46480402,0
2,1,0.487522,0
2,1,0.44364724,0
2,1,0.45568147,0
2,1,0.4348432,0
2,1,0.4270854,0
2,1,0.41438323,0
2,1,0.44505486,0
2,1,0.40125045,0
2,1,0.45519117,0
2,1,0.48106587,0
2,1,0.45340037,0
2,1,0.4724821,0
2,1,0.4782351,0
2,1,0.45910466,0
2,1,0.46213558,0
2,1,0.482681,0
2,1,0.520491,1
2,1,0.5184495,1
2,1,0.52815306,1
2,1,0.53443635,1
2,1,0.50197214,1
2,1,0.49714288,0
2,1,0.5210963,1
2,1,0.53062403,1
2,1,0.52550113,1
2,1,0.5288674,1
2,1,0.53689307,1
2,1,0.5341977,1
2,1,0.54592025,1
2,1,0.537005,1
2,1,0.52732,1
2,0,0.4808165,0
2,0,0.46264163,0
2,0,0.50127244,1
2,0,0.5345093,1
2,0,0.48187062,0
2,0,0.4702923,0
2,0,0.4836349,0
2,0,0.47327873,0
2,0,0.49414784,0
2,0,0.4870824,0
2,0,0.50375223,1
2,0,0.48135996,0
2,0,0.5117863,1
2,0,0.50367004,1
2,0,0.5448908,1
2,0,0.5160703,1
2,0,0.52607596,1
2,0,0.5070312,1
2,0,0.50613636,1
2,0,0.497059,0
2,0,0.5112725,1
2,0,0.44114235,0
2,0,0.4830563,0
2,0,0.4746796,0
2,0,0.49871114,0
2,0,0.50352955,1
2,0,0.52025384,1
2,0,0.4972492,0
2,0,0.5041231,1
2,0,0.4965134,0
2,0,0.49105173,0
2,0,0.50372195,1
2,0,0.52454555,1
2,0,0.5007654,1
2,0,0.51536906,1
2,0,0.49384317,0
2,0,0.5054455,1
2,0,0.5025218,1
2,0,0.49780893,0
2,0,0.46188572,0
2,0,0.4893607,0
2,0,0.46835393,0
2,0,0.45205534,0
2,0,0.47854102,0
2,0,0.48051944,0
2,0,0.49174184,0
2,0,0.4695634,0
2,0,0.49115968,0
2,0,0.4924879,0
2,0,0.44225124,0
2,0,0.517298,1
2,0,0.45489353,0
2,0,0.4909647,0
2,0,0.45971027,0
2,0,0.4984552,0
2,0,0.49053082,0
2,0,0.56890017,1
2,0,0.5232179,1
2,0,0.5393488,1
2,0,0.50461537,1
2,0,0.5295233,1
2,0,0.521013,1
2,0,0.49207333,0
2,0,0.5057639,1
2,0,0.52555096,1
2,0,0.4639797,0
2,0,0.5191958,1
2,0,0.4727987,0
2,0,0.5021078,1
2,0,0.45040086,0
2,0,0.4657891,0
2,0,0.46219555,0
2,0,0.44340467,0
2,0,0.4671948,0
2,0,0.4820596,0
2,0,0.48435268,0
2,0,0.47602373,0
2,0,0.4717232,0
2,0,0.4947095,0
2,0,0.5226144,1
2,0,0.49432334,0
2,0,0.49892208,0
2,0,0.50040805,1
2,0,0.49875244,0
2,0,0.47028118,0
2,0,0.4762173,0
2,0,0.44081593,0
2,0,0.4955567,0
2,0,0.45799354,0
2,0,0.4737361,0
2,0,0.4646943,0
2,0,0.47582117,0
2,0,0.4702596,0
2,0,0.47930548,0
2,0,0.51358426,1
2,0,0.45938846,0
2,0,0.48837736,0
2,0,0.4693398,0
2,0,0.47094706,0
2,0,0.4686111,0
2,0,0.45128098,0
2,0,0.46146557,0
2,0,0.43028912,0
2,0,0.49320385,0
2,0,0.46762073,0
2,0,0.4745176,0
2,0,0.46385312,0
2,0,0.42975762,0
2,0,0.512155,1
2,0,0.45030224,0
2,0,0.45339757,0
2,0,0.41496193,0
2,0,0.5106394,1
2,0,0.45701662,0
2,0,0.50306696,1
2,0,0.46113542,0
2,0,0.42051548,0
2,0,0.48810577,0
2,0,0.46812347,0
2,0,0.4377,0
2,0,0.43238235,0
2,0,0.46237978,0
2,0,0.47477528,0
2,0,0.4886787,0
2,0,0.4849563,0
2,0,0.42033213,0
2,0,0.50612384,1
2,0,0.52733684,1
2,0,0.48386636,0
2,0,0.46087965,0
2,0,0.47601637,0
2,0,0.4542804,0
2,0,0.45457816,0
2,0,0.42798617,0
2,0,0.439871,0
2,0,0.43614852,0
2,0,0.43609613,0
2,0,0.4075283,0
2,0,0.44896996,0
2,0,0.43338057,0
2,0,0.45248264,0
2,0,0.4728506,0
2,0,0.4308684,0
2,0,0.44543377,0
2,0,0.4378844,0
2,0,0.43217158,0
2,0,0.48591816,0
2,0,0.48083118,0
2,0,0.462125,0
2,0,0.45050216,0
2,0,0.4875281,0
2,0,0.4754019,0
2,0,0.46881223,0
2,0,0.46688822,0
2,0,0.4816063,0
2,0,0.47505435,0
2,0,0.4501289,0
2,0,0.509888,1
2,0,0.456312,0
2,0,0.46610934,0
2,0,0.43608347,0
2,0,0.5191939,1
2,0,0.45165068,0
2,0,0.47295326,0
2,0,0.4753854,0
2,0,0.47414395,0
2,0,0.46084777,0
2,0,0.4483083,0
2,0,0.47911906,0
2,0,0.43716222,0
2,0,0.46021798,0
2,0,0.47527403,0
2,0,0.48242497,0
2,0,0.40912005,0
2,0,0.45608148,0
2,0,0.47233903,0
2,0,0.45289826,0
2,0,0.4047868,0
2,0,0.48640785,0
2,0,0.4570964,0
2,0,0.49618185,0
2,0,0.44830912,0
2,0,0.49754104,0
2,0,0.4665996,0
2,0,0.4448131,0
2,0,0.51604486,1
2,0,0.52676606,1
2,0,0.49923456,0
2,0,0.50003433,1
2,0,0.5192575,1
2,0,0.48915592,0
2,0,0.4518249,0
2,0,0.47659,0
2,0,0.4790831,0
2,0,0.48050183,0
2,0,0.47367737,0
2,0,0.45175606,0
2,0,0.44119498,0
2,0,0.3890067,0
2,0,0.45247322,0
2,0,0.49614424,0
2,0,0.49089277,0
2,0,0.49763626,0
2,0,0.47037178,0
2,0,0.46936572,0
2,0,0.5359823,1
2,0,0.5524596,1
2,0,0.514773,1
2,0,0.4805399,0
2,0,0.51793426,1
2,0,0.4812806,0
2,0,0.50137115,1
2,0,0.4868629,0
2,0,0.4978923,0
2,0,0.4923267,0
2,0,0.44673812,0
2,0,0.47002977,0
2,0,0.5192721,1
2,0,0.4710044,0
2,0,0.47569993,0
2,0,0.5007168,1
2,0,0.5154941,1
2,0,0.42413875,0
2,0,0.4880789,0
2,0,0.46904215,0
2,0,0.48518205,0
2,0,0.52338254,1
2,0,0.47868744,0
2,0,0.46226275,0
2,0,0.46175453,0
2,0,0.42424154,0
2,0,0.4634909,0
2,0,0.49826503,0
2,0,0.48579168,0
2,0,0.46332625,0
2,0,0.4664631,0
2,0,0.4740269,0
2,0,0.44100747,0
2,0,0.46450067,0
2,0,0.46299544,0
2,0,0.45243338,0
2,0,0.45847446,0
2,0,0.45419896,0
2,0,0.44737345,0
2,0,0.4586298,0
2,0,0.44418067,0
2,0,0.4470358,0
2,0,0.43764633,0
2,0,0.4493532,0
2,0,0.41666543,0
2,0,0.4539676,0
2,0,0.44419476,0
2,0,0.4498315,0
2,0,0.4892213,0
2,0,0.43945673,0
2,0,0.49962294,0
2,0,0.476793,0
2,0,0.4971734,0
2,0,0.45989394,0
2,0,0.49689573,0
2,0,0.46548164,0
2,0,0.49167675,0
2,0,0.45009232,0
2,0,0.49313614,0
2,0,0.46562752,0
2,0,0.4362995,0
2,0,0.41801304,0
2,0,0.47613558,0
2,0,0.50286776,1
2,0,0.41000503,0
2,0,0.45227963,0
2,0,0.45275968,0
2,0,0.46364224,0
2,0,0.47399077,0
2,0,0.4688372,0
2,0,0.51020616,1
2,0,0.45972195,0
2,0,0.47034544,0
2,0,0.480544,0
2,0,0.50840265,1
2,0,0.47094592,0
2,0,0.47413266,0
2,0,0.46815807,0
2,0,0.4886648,0
2,0,0.47828078,0
2,0,0.47134614,0
2,0,0.47408062,0
2,0,0.493197,0
2,0,0.52563107,1
2,0,0.5108724,1
2,0,0.5004354,1
2,0,0.51003206,1
2,0,0.49366793,0
2,0,0.48311824,0
2,0,0.45991892,0
2,0,0.4795714,0
2,0,0.4300793,0
2,0,0.47708717,0
2,0,0.44147286,0
2,0,0.48257396,0
2,0,0.43933737,0
2,0,0.49798635,0
2,0,0.47209296,0
2,0,0.46507156,0
2,0,0.4370351,0
2,0,0.46128732,0
2,0,0.5085388,1
2,0,0.46900463,0
2,0,0.45858455,0
2,0,0.4758514,0
2,0,0.43614173,0
2,0,0.43761978,0
2,0,0.4297509,0
2,0,0.46446124,0
2,0,0.43806162,0
2,0,0.49554306,0
2,0,0.49179992,0
2,0,0.45433357,0
2,0,0.49998626,0
2,0,0.4835345,0
2,0,0.4593238,0
2,0,0.49736384,0
2,0,0.44642764,0
2,0,0.47107187,0
2,0,0.48751476,0
2,0,0.48345706,0
2,0,0.49227583,0
2,0,0.4919057,0
2,0,0.49477074,0
2,0,0.50005054,1
2,0,0.48865223,0
2,0,0.50446373,1
2,0,0.534147,1
2,0,0.47236285,0
2,0,0.4968619,0
2,0,0.492408,0
2,0,0.52743864,1
2,0,0.47053126,0
2,0,0.52246577,1
2,0,0.48311308,0
2,0,0.48659274,0
2,0,0.5077349,1
2,0,0.5111315,1
2,0,0.45008144,0
2,0,0.4623247,0
2,0,0.4757684,0
2,0,0.40686426,0
2,0,0.4486023,0
2,0,0.44909588,0
2,0,0.48412532,0
2,0,0.40101686,0
2,0,0.43303213,0
2,0,0.464535,0
2,0,0.49254054,0
2,0,0.42936665,0
2,0,0.4260584,0
2,0,0.4449756,0
2,0,0.47241303,0
2,0,0.43032742,0
2,0,0.48058707,0
2,0,0.46746182,0
2,0,0.46213794,0
2,0,0.44787726,0
2,0,0.4503371,0
2,0,0.47407266,0
2,0,0.43631428,0
2,0,0.49695653,0
2,0,0.42894042,0
2,0,0.46183002,0
2,0,0.465206,0
2,0,0.45684233,0
2,0,0.46914503,0
2,0,0.49627784,0
2,0,0.45326844,0
2,0,0.466341,0
2,0,0.48350537,0
2,0,0.5152565,1
2,0,0.47851458,0
2,0,0.4569268,0
2,0,0.49565932,0
2,0,0.47476912,0
2,0,0.45736024,0
2,0,0.46557254,0
2,1,0.46321976,0
2,1,0.4941443,0
2,1,0.46303222,0
2,1,0.45369115,0
2,1,0.4215682,0
2,1,0.50129366,1
2,1,0.4779482,0
2,1,0.53107005,1
2,1,0.51166534,1
2,0,0.5130263,1
2,0,0.4896291,0
2,0,0.47647482,0
2,0,0.49729016,0
2,0,0.50069916,1
2,0,0.5102821,1
2,0,0.50028914,1
2,0,0.4856388,0
2,0,0.49818936,0
2,0,0.4833139,0
2,0,0.48770773,0
2,0,0.4901988,0
2,0,0.48761016,0
2,0,0.46705106,0
2,0,0.47183743,0
2,0,0.47190902,0
2,0,0.5332054,1
2,0,0.51099867,1
2,0,0.47379008,0
2,0,0.45658624,0
2,0,0.46156472,0
2,0,0.46697345,0
2,0,0.4628103,0
2,0,0.43503314,0
2,0,0.48022997,0
2,0,0.49510974,0
2,0,0.47279647,0
2,0,0.4661931,0
2,0,0.45505717,0
2,0,0.5212996,1
2,0,0.49077478,0
2,0,0.4679592,0
2,0,0.48075724,0
2,0,0.45173702,0
2,0,0.47510645,0
2,0,0.50180054,1
2,0,0.49084353,0
2,0,0.51977736,1
2,0,0.48640716,0
2,0,0.5156885,1
2,0,0.4828361,0
2,0,0.5056842,1
2,0,0.47667783,0
2,0,0.47968787,0
2,0,0.46441174,0
2,0,0.49150264,0
2,0,0.4841658,0
2,0,0.4884029,0
2,0,0.46532893,0
2,0,0.48008326,0
2,0,0.47164804,0
2,0,0.46411777,0
2,0,0.44932687,0
2,0,0.4918953,0
2,0,0.5091127,1
2,0,0.51289254,1
2,0,0.49706784,0
2,0,0.48179752,0
2,0,0.5246277,1
2,0,0.53648055,1
2,0,0.4890172,0
2,0,0.47997043,0
2,0,0.5107909,1
2,0,0.497164,0
2,0,0.45197093,0
2,0,0.46117556,0
2,0,0.49457505,0
2,0,0.47300115,0
2,0,0.50360703,1
2,0,0.47839355,0
2,0,0.52295554,1
2,0,0.50166136,1
2,0,0.5015946,1
2,0,0.5273667,1
2,0,0.5220346,1
2,0,0.52210283,1
2,0,0.5143195,1
2,0,0.53196716,1
2,0,0.53504467,1
2,0,0.5221813,1
2,0,0.53941816,1
2,0,0.51562893,1
2,0,0.5080525,1
2,0,0.5226007,1
2,0,0.4956478,0
2,0,0.51414543,1
2,0,0.47135013,0
2,0,0.4817486,0
2,0,0.49141097,0
2,0,0.48099628,0
2,0,0.4664276,0
2,0,0.451514,0
2,0,0.43172407,0
2,0,0.43894756,0
2,0,0.40232298,0
2,0,0.49573234,0
2,0,0.48507094,0
2,0,0.47120813,0
2,0,0.5039699,1
2,0,0.5131872,1
2,0,0.5491376,1
2,0,0.4935308,0
2,0,0.5174752,1
2,0,0.5192904,1
2,0,0.46159148,0
2,0,0.550366,1
2,0,0.45078436,0
2,0,0.48823705,0
2,0,0.48708972,0
2,0,0.48109853,0
2,0,0.45943442,0
2,0,0.47044802,0
2,0,0.52581346,1
2,0,0.5085556,1
2,0,0.48404077,0
2,0,0.46631747,0
2,0,0.46804258,0
2,0,0.48994815,0
2,0,0.5407087,1
2,0,0.46598276,0
2,0,0.52021897,1
2,0,0.46843103,0
2,0,0.5036889,1
2,0,0.5006654,1
2,0,0.46801767,0
2,0,0.5119711,1
2,0,0.55268085,1
2,0,0.5071325,1
2,0,0.54874086,1
2,0,0.5223292,1
2,0,0.52621186,1
2,0,0.49202594,0
2,0,0.51056653,1
2,0,0.50785434,1
2,0,0.43699974,0
2,0,0.47787267,0
2,0,0.4956586,0
2,0,0.48362255,0
2,0,0.5319129,1
2,0,0.4592504,0
2,0,0.48859483,0
2,0,0.49129394,0
2,0,0.496172,0
2,0,0.5131598,1
2,0,0.49890497,0
2,0,0.47159225,0
2,0,0.51082283,1
2,0,0.518927,1
2,0,0.51631886,1
2,0,0.48342377,0
2,0,0.457787,0
2,0,0.47057658,0
2,0,0.4780987,0
2,0,0.46778488,0
2,0,0.47636157,0
2,0,0.45766866,0
2,0,0.44248292,0
2,0,0.43946677,0
2,0,0.43035874,0
2,0,0.45236012,0
2,0,0.48747173,0
2,0,0.47933096,0
2,0,0.50653505,1
2,0,0.5067799,1
2,0,0.51016146,1
2,0,0.5171037,1
2,0,0.4848995,0
2,0,0.5080577,1
2,0,0.52838355,1
2,0,0.50158715,1
2,0,0.45835564,0
2,0,0.4824262,0
2,0,0.5023981,1
2,0,0.4540976,0
2,0,0.53549165,1
2,0,0.5294087,1
2,0,0.4875487,0
2,0,0.516159,1
2,0,0.50056523,1
2,0,0.50400543,1
2,0,0.47707653,0
2,0,0.5407199,1
2,0,0.4930642,0
2,0,0.49892268,0
2,0,0.44398314,0
2,0,0.50283384,1
2,0,0.4845167,0
2,0,0.49317977,0
2,0,0.5175347,1
2,0,0.5281797,1
2,0,0.51942056,1
2,0,0.5246465,1
2,0,0.49197716,0
2,0,0.50379103,1
2,0,0.537676,1
2,0,0.49273366,0
2,0,0.5359292,1
2,0,0.50359327,1
2,0,0.52488554,1
2,0,0.5155087,1
2,0,0.46713424,0
2,0,0.5120955,1
2,0,0.48759472,0
2,0,0.45766526,0
2,0,0.4894501,0
2,0,0.49658954,0
2,0,0.48560122,0
2,0,0.51101035,1
2,0,0.5130931,1
2,0,0.5352339,1
2,0,0.5130364,1
2,0,0.48149395,0
2,0,0.52162504,1
2,0,0.4807631,0
2,0,0.49367583,0
2,0,0.49797082,0
2,0,0.50871116,1
2,0,0.5095261,1
2,0,0.50914,1
2,0,0.50442797,1
2,0,0.50443316,1
2,0,0.49682447,0
2,0,0.4773521,0
2,0,0.49083805,0
2,0,0.49226767,0
2,0,0.5181,1
2,0,0.47093797,0
2,0,0.46642068,0
2,0,0.47052744,0
2,0,0.48844746,0
2,1,0.45234218,0
2,1,0.42964,0
2,1,0.4626128,0
2,1,0.44647476,0
2,1,0.4856378,0
2,1,0.46286333,0
2,1,0.43412486,0
2,1,0.46424568,0
2,1,0.45606467,0
2,1,0.45033985,0
2,1,0.45307994,0
2,1,0.45971996,0
2,1,0.4519897,0
2,1,0.5040924,1
2,1,0.49975148,0
2,1,0.47180647,0
2,1,0.49290392,0
2,1,0.4864095,0
2,1,0.4639258,0
2,1,0.48638606,0
2,1,0.4702277,0
2,1,0.50247675,1
2,1,0.4160524,0
2,1,0.51091385,1
2,1,0.5275301,1
2,1,0.5030098,1
2,1,0.51435995,1
2,1,0.4876767,0
2,1,0.4656885,0
2,1,0.44233587,0
2,1,0.4739524,0
2,1,0.5053289,1
2,1,0.5063481,1
2,1,0.54664415,1
2,1,0.47374165,0
2,1,0.47387755,0
2,1,0.42590606,0
2,1,0.48321074,0
2,1,0.5519269,1
2,1,0.46834695,0
2,1,0.44222644,0
2,1,0.50222945,1
2,1,0.48264688,0
2,1,0.46541378,0
2,1,0.5228083,1
2,1,0.49318892,0
2,1,0.4651439,0
2,1,0.44561973,0
2,1,0.5088205,1
2,1,0.4752098,0
2,1,0.4865341,0
2,1,0.5687657,1
2,1,0.51908535,1
2,1,0.57855475,1
2,1,0.51580316,1
2,1,0.50886786,1
2,1,0.5243688,1
2,1,0.54256296,1
2,1,0.53223693,1
2,1,0.53997254,1
2,1,0.535511,1
2,1,0.5160868,1
2,1,0.5461191,1
2,1,0.5337487,1
2,1,0.5014711,1
2,1,0.53241,1
2,1,0.53755474,1
2,1,0.4961416,0
2,1,0.51930034,1
2,1,0.5305063,1
2,1,0.50078887,1
2,1,0.52190375,1
2,1,0.50464344,1
2,1,0.49999955,0
2,1,0.4920822,0
2,1,0.5266329,1
2,1,0.49048817,0
2,1,0.5075639,1
2,1,0.54410374,1
2,1,0.53244674,1
2,1,0.51256067,1
2,1,0.4879142,0
2,1,0.50395656,1
2,1,0.4938786,0
2,1,0.5035946,1
2,1,0.4948482,0
2,1,0.4886788,0
2,1,0.5142746,1
2,1,0.4902867,0
2,1,0.50936663,1
2,1,0.4744114,0
2,1,0.5059115,1
2,1,0.494418,0
2,1,0.53933394,1
2,1,0.49858513,0
2,1,0.529978,1
2,1,0.4775076,0
2,1,0.4731488,0
2,1,0.48734996,0
2,1,0.47324303,0
2,1,0.5463319,1
2,1,0.46348482,0
2,1,0.51350725,1
2,1,0.49699897,0
2,1,0.54156125,1
2,1,0.5475529,1
2,1,0.5151444,1
2,1,0.5211452,1
2,1,0.52952415,1
2,1,0.51101685,1
2,1,0.48136342,0
2,1,0.49207038,0
2,1,0.45432943,0
2,1,0.5059252,1
2,1,0.4719234,0
2,1,0.50476307,1
2,1,0.5117759,1
2,1,0.4987817,0
2,1,0.5179097,1
2,1,0.5276066,1
2,1,0.5354506,1
2,1,0.55282044,1
2,1,0.5735477,1
2,1,0.56075287,1
2,1,0.54170245,1
2,1,0.5580737,1
2,1,0.5695764,1
2,1,0.58243793,1
2,1,0.56237364,1
2,1,0.54634666,1
2,1,0.5593455,1
2,1,0.5762318,1
2,1,0.5486113,1
2,1,0.5544312,1
2,1,0.5790275,1
2,1,0.55153435,1
2,1,0.43136892,0
2,1,0.45334595,0
2,1,0.44789204,0
2,1,0.45169985,0
2,1,0.4547406,0
2,1,0.43593365,0
2,1,0.431415,0
2,1,0.45066655,0
2,1,0.42616513,0
2,1,0.40605476,0
2,1,0.41047996,0
2,1,0.4764394,0
2,1,0.5042378,1
2,1,0.5043623,1
2,1,0.4608108,0
2,1,0.50232244,1
2,1,0.5151532,1
2,1,0.523833,1
2,1,0.5264334,1
2,1,0.49017203,0
2,1,0.5238698,1
2,1,0.47554782,0
2,1,0.48509988,0
2,1,0.47770134,0
2,1,0.43994546,0
2,1,0.46196938,0
2,1,0.48252293,0
2,1,0.46899214,0
2,1,0.48976,0
2,1,0.48963344,0
2,1,0.45837545,0
2,1,0.51252717,1
2,1,0.49777472,0
2,1,0.5367384,1
2,1,0.5071555,1
2,1,0.48111305,0
2,1,0.51780194,1
2,1,0.45675713,0
2,1,0.4855575,0
2,1,0.48358244,0
2,1,0.5250153,1
2,1,0.4742818,0
2,1,0.5202626,1
2,1,0.46322462,0
2,1,0.49130177,0
2,1,0.46451813,0
2,1,0.47867307,0
2,1,0.47748625,0
2,1,0.48908857,0
2,1,0.4785728,0
2,1,0.45538223,0
2,1,0.4952927,0
2,1,0.4797445,0
2,1,0.456508,0
2,1,0.5049455,1
2,1,0.48780903,0
2,1,0.50810933,1
2,1,0.45871487,0
2,1,0.5300541,1
2,1,0.4485827,0
2,1,0.48410606,0
2,1,0.47446316,0
2,1,0.48160058,0
2,1,0.5046248,1
2,1,0.47939524,0
2,1,0.47856885,0
2,1,0.4702603,0
2,1,0.46965992,0
2,1,0.4729111,0
2,1,0.47205487,0
2,1,0.49746087,0
2,1,0.50455236,1
2,1,0.4845573,0
2,1,0.50333476,1
2,1,0.498104,0
2,1,0.44747445,0
2,1,0.45170283,0
2,1,0.4520792,0
2,1,0.48281875,0
2,1,0.44007042,0
2,1,0.43101734,0
2,1,0.47785348,0
2,1,0.4494569,0
2,1,0.4100289,0
2,1,0.42921472,0
2,1,0.4343054,0
2,1,0.4387456,0
2,1,0.415416,0
2,1,0.45349476,0
2,1,0.46929616,0
2,1,0.44706473,0
2,1,0.44141126,0
2,1,0.45741084,0
2,1,0.4477431,0
2,1,0.4344378,0
2,1,0.4689891,0
2,1,0.44671586,0
2,0,0.47657472,0
2,0,0.44711775,0
2,0,0.4937689,0
2,0,0.47864386,0
2,0,0.46191224,0
2,0,0.49559143,0
2,0,0.47842962,0
2,0,0.49698,0
2,0,0.5174359,1
2,0,0.5312629,1
2,0,0.5333527,1
2,0,0.5436701,1
2,0,0.5073583,1
2,0,0.46582967,0
2,0,0.51309717,1
2,0,0.5120525,1
2,1,0.5350729,1
2,1,0.5234186,1
2,1,0.5130627,1
2,1,0.51425624,1
2,1,0.5125554,1
2,1,0.5114481,1
2,1,0.5007854,1
2,1,0.5163398,1
2,1,0.53562593,1
2,1,0.5154808,1
2,1,0.5543854,1
2,1,0.51112694,1
2,1,0.5172946,1
2,1,0.53001595,1
2,1,0.5276169,1
2,1,0.55122465,1
2,1,0.45612845,0
2,1,0.5007471,1
2,1,0.49895105,0
2,1,0.5061469,1
2,1,0.43963557,0
2,1,0.46976718,0
2,1,0.49878252,0
2,1,0.45057034,0
2,1,0.4729309,0
2,1,0.4670586,0
2,1,0.49454764,0
2,1,0.45011336,0
2,1,0.48206228,0
2,1,0.44438428,0
2,1,0.4565854,0
2,1,0.43162173,0
2,1,0.44853342,0
2,1,0.48661786,0
2,1,0.47444835,0
2,1,0.46102658,0
2,1,0.47805676,0
2,1,0.4715629,0
2,1,0.49267188,0
2,1,0.48837027,0
2,1,0.4438161,0
2,1,0.4888936,0
2,1,0.45682934,0
2,1,0.49296737,0
2,1,0.49936485,0
2,1,0.4973175,0
2,1,0.5070846,1
2,1,0.53373545,1
2,1,0.56948835,1
2,1,0.53732085,1
2,1,0.48239312,0
2,1,0.53009874,1
2,1,0.55301,1
2,1,0.50861067,1
2,1,0.48259395,0
2,1,0.5012402,1
2,1,0.507176,1
2,1,0.4703389,0
2,1,0.52981055,1
2,1,0.5101386,1
2,1,0.46173027,0
2,1,0.4790977,0
2,1,0.48187232,0
2,1,0.5447715,1
2,1,0.5351908,1
2,1,0.48224422,0
2,1,0.529369,1
2,1,0.5149066,1
2,1,0.5246815,1
2,1,0.52505124,1
2,1,0.48599353,0
2,1,0.54143584,1
2,1,0.5508052,1
2,1,0.5417576,1
2,1,0.5534685,1
2,1,0.5648238,1
2,1,0.52407354,1
2,1,0.5314707,1
2,1,0.45576578,0
2,1,0.4285689,0
2,1,0.42821825,0
2,1,0.4182407,0
2,1,0.448185,0
2,1,0.4822561,0
2,1,0.4382395,0
2,1,0.42158577,0
2,1,0.4356967,0
2,1,0.44602892,0
2,1,0.51612777,1
2,1,0.44273302,0
2,1,0.41775742,0
2,1,0.4299581,0
2,1,0.41245332,0
2,1,0.40920106,0
2,1,0.45068374,0
2,1,0.41524383,0
2,1,0.4149419,0
2,1,0.3945575,0
2,1,0.40941828,0
2,1,0.45502025,0
2,1,0.49590245,0
2,1,0.41809565,0
2,1,0.47800753,0
2,1,0.3709879,0
2,1,0.43561876,0
2,1,0.35126224,0
2,1,0.51790977,1
2,1,0.52760667,1
2,1,0.5354506,1
2,1,0.55282044,1
2,1,0.57354766,1
2,1,0.56075287,1
2,1,0.54170245,1
2,1,0.5580737,1
2,1,0.5695763,1
2,1,0.582438,1
2,1,0.5623737,1
2,1,0.5463466,1
2,1,0.5593455,1
2,1,0.5762317,1
2,1,0.5486113,1
2,1,0.5544312,1
2,1,0.5790275,1
2,1,0.55153435,1
2,1,0.46044227,0
2,1,0.4242641,0
2,1,0.4967831,0
2,1,0.5441469,1
2,1,0.51111746,1
2,1,0.49457887,0
2,1,0.5182794,1
2,1,0.49086097,0
2,1,0.47627354,0
2,1,0.5150488,1
2,1,0.48660028,0
2,1,0.45983502,0
2,1,0.48403972,0
2,1,0.4829442,0
2,1,0.50684994,1
2,1,0.4831583,0
2,1,0.46208858,0
2,1,0.4613871,0
2,1,0.45513543,0
2,1,0.43282232,0
2,1,0.45037997,0
2,1,0.49796715,0
2,1,0.4992746,0
2,1,0.45876774,0
2,1,0.4318146,0
2,1,0.50177246,1
2,1,0.5259362,1
2,1,0.46489334,0
2,1,0.48935318,0
2,1,0.49642035,0
2,1,0.47965026,0
2,1,0.48449638,0
2,1,0.44390324,0
2,1,0.4260327,0
3,1,0.4268587,0
3,1,0.44545648,0
3,1,0.44610393,0
3,1,0.4318176,0
3,1,0.44172502,0
3,1,0.42701107,0
3,1,0.4358958,0
3,1,0.4323058,0
3,1,0.43377134,0
3,1,0.4376226,0
3,1,0.43203372,0
3,1,0.39716333,0
3,1,0.42292416,0
3,1,0.41909492,0
3,1,0.42147005,0
3,1,0.39578426,0
3,0,0.48990387,0
3,0,0.4598543,0
3,0,0.49986166,0
3,0,0.48512512,0
3,0,0.4765117,0
3,0,0.4837661,0
3,0,0.49333167,0
3,0,0.48244146,0
3,0,0.47729838,0
3,0,0.4875433,0
3,0,0.48107508,0
3,0,0.49368066,0
3,0,0.48504135,0
3,0,0.5017713,1
3,0,0.45043626,0
3,0,0.50905687,1
3,0,0.47313225,0
3,0,0.4655452,0
3,0,0.4540828,0
3,0,0.50162816,1
3,0,0.48268098,0
3,0,0.44825324,0
3,0,0.48464787,0
3,0,0.49129987,0
3,0,0.41977414,0
3,0,0.47908658,0
3,0,0.47047362,0
3,0,0.4527218,0
3,0,0.45877165,0
3,0,0.50116223,1
3,0,0.4831948,0
3,0,0.46415877,0
3,0,0.44621885,0
3,0,0.48261487,0
3,0,0.48160094,0
3,0,0.4656795,0
3,0,0.45492902,0
3,0,0.48834592,0
3,0,0.4847564,0
3,0,0.48840284,0
3,0,0.45785666,0
3,0,0.4942314,0
3,0,0.5015791,1
3,0,0.4759994,0
3,0,0.49274182,0
3,0,0.48374924,0
3,0,0.4787266,0
3,0,0.50174457,1
3,0,0.48676187,0
3,0,0.49902657,0
3,0,0.4577283,0
3,0,0.4707797,0
3,0,0.4480318,0
3,0,0.47180384,0
3,0,0.4443901,0
3,0,0.490743,0
3,0,0.5254844,1
3,0,0.48216185,0
3,0,0.47970825,0
3,0,0.45841426,0
3,0,0.45917052,0
3,0,0.4617091,0
3,0,0.4936352,0
3,0,0.51276475,1
3,0,0.49803415,0
3,0,0.461583,0
3,0,0.45266864,0
3,0,0.4672851,0
3,0,0.45748755,0
3,0,0.44287276,0
3,0,0.4936077,0
3,0,0.50024027,1
3,0,0.49208075,0
3,0,0.47327408,0
3,0,0.45210955,0
3,0,0.4798546,0
3,0,0.48434886,0
3,0,0.49475703,0
3,0,0.4859094,0
3,0,0.5080101,1
3,0,0.496358,0
3,0,0.5010841,1
3,0,0.49800873,0
3,0,0.47048587,0
3,0,0.49274212,0
3,1,0.47149542,0
3,1,0.44060093,0
3,1,0.45278367,0
3,1,0.47429302,0
3,1,0.49290323,0
3,1,0.50393665,1
3,1,0.48964846,0
3,1,0.48986712,0
3,1,0.51960874,1
3,1,0.47395065,0
3,1,0.46658388,0
3,1,0.46914166,0
3,1,0.46003997,0
3,1,0.4619048,0
3,1,0.45494467,0
3,1,0.4553702,0
3,1,0.46138805,0
3,1,0.4371256,0
3,1,0.46703333,0
3,1,0.47051883,0
3,1,0.49159956,0
3,1,0.48429832,0
3,1,0.46262476,0
3,1,0.47898674,0
3,1,0.48135102,0
3,1,0.45483157,0
3,1,0.44186518,0
3,1,0.45549953,0
3,1,0.45435938,0
3,1,0.48723915,0
3,1,0.5001984,1
3,1,0.48766005,0
3,1,0.4818871,0
3,1,0.49120206,0
3,1,0.4712557,0
3,1,0.4595666,0
3,1,0.5087524,1
3,1,0.51921695,1
3,1,0.5217755,1
3,1,0.51657796,1
3,1,0.5080414,1
3,1,0.5202982,1
3,1,0.5153536,1
3,1,0.4945703,0
3,1,0.5197439,1
3,1,0.5287269,1
3,1,0.51876116,1
3,1,0.49677175,0
3,1,0.52573735,1
3,1,0.5180738,1
3,1,0.5375151,1
3,1,0.5148916,1
3,1,0.5058439,1
3,1,0.5262794,1
3,1,0.5276694,1
3,1,0.4651873,0
3,1,0.4825696,0
3,1,0.4408646,0
3,1,0.4819998,0
3,1,0.4722913,0
3,1,0.47142538,0
3,1,0.49955517,0
3,1,0.46472415,0
3,1,0.4650252,0
3,1,0.464512,0
3,1,0.46603683,0
3,1,0.46445474,0
3,1,0.4703189,0
3,1,0.5106989,1
3,1,0.46318397,0
3,1,0.47904092,0
3,1,0.49758443,0
3,1,0.48573536,0
3,1,0.4810842,0
3,1,0.48764783,0
3,1,0.50070786,1
3,1,0.47209343,0
3,1,0.4850046,0
3,1,0.48618117,0
3,1,0.47602817,0
3,1,0.47231573,0
3,1,0.47837427,0
3,1,0.49474353,0
3,1,0.496643,0
3,1,0.4990563,0
3,1,0.50230896,1
3,1,0.47897142,0
3,1,0.5087859,1
3,1,0.46974716,0
3,1,0.49151558,0
3,1,0.4969296,0
3,1,0.49820632,0
3,1,0.48743868,0
3,1,0.489376,0
3,1,0.49225667,0
3,1,0.48285037,0
3,1,0.47747543,0
3,1,0.47438788,0
3,1,0.4664167,0
3,1,0.4681069,0
3,1,0.49060416,0
3,1,0.48722285,0
3,1,0.4925139,0
3,1,0.48734412,0
3,1,0.463619,0
3,1,0.44317424,0
3,1,0.50625986,1
3,1,0.48522925,0
3,1,0.49342015,0
3,1,0.48828167,0
3,1,0.48979506,0
3,1,0.4913032,0
3,1,0.46432677,0
3,1,0.49164918,0
3,1,0.48618996,0
3,1,0.50728464,1
3,1,0.47487214,0
3,1,0.48589975,0
3,1,0.50002027,1
3,1,0.50587755,1
3,1,0.5065944,1
3,1,0.51170963,1
3,1,0.45978543,0
3,1,0.49367398,0
3,1,0.478146,0
3,1,0.49251902,0
3,1,0.48872808,0
3,1,0.49160045,0
3,1,0.50053865,1
3,1,0.50011456,1
3,1,0.5141533,1
3,1,0.50087523,1
3,1,0.50746375,1
3,1,0.47769353,0
3,1,0.4920899,0
3,1,0.48985058,0
3,0,0.4920231,0
3,0,0.50639474,1
3,0,0.51494926,1
3,0,0.50181484,1
3,0,0.5003235,1
3,0,0.5172756,1
3,0,0.51056284,1
3,0,0.5307095,1
3,0,0.5117928,1
3,0,0.50067383,1
3,0,0.5036112,1
3,0,0.5002535,1
3,0,0.48611552,0
3,0,0.46676442,0
3,0,0.48740312,0
3,0,0.46718723,0
3,0,0.48190004,0
3,0,0.48636934,0
3,0,0.46629053,0
3,0,0.48728704,0
3,0,0.4808572,0
3,0,0.48206654,0
3,0,0.49998412,0
3,0,0.46060985,0
3,0,0.4998119,0
3,0,0.48722342,0
3,0,0.46578845,0
3,0,0.4748711,0
3,0,0.47076416,0
3,0,0.46588573,0
3,0,0.49788156,0
3,0,0.47185406,0
3,0,0.4866751,0
3,0,0.47940564,0
3,0,0.48829135,0
3,0,0.46133286,0
3,0,0.49010274,0
3,0,0.48021126,0
3,0,0.4964223,0
3,0,0.47497088,0
3,0,0.48195437,0
3,0,0.4974977,0
3,0,0.44706136,0
3,0,0.48289222,0
3,0,0.48973167,0
3,0,0.4919206,0
3,0,0.436586,0
3,0,0.47686717,0
3,0,0.45808238,0
3,0,0.46505734,0
3,0,0.4699551,0
3,0,0.47519347,0
3,0,0.47108114,0
3,0,0.49242687,0
3,0,0.48373675,0
3,0,0.4621363,0
3,0,0.46012878,0
3,0,0.48317492,0
3,0,0.46887293,0
3,0,0.4532349,0
3,0,0.4972622,0
3,0,0.48263383,0
3,0,0.4596015,0
3,0,0.44635758,0
3,0,0.49351406,0
3,0,0.48603186,0
3,0,0.46157432,0
3,0,0.49064854,0
3,0,0.48089594,0
3,0,0.46777612,0
3,0,0.4718704,0
3,0,0.50115055,1
3,0,0.49844882,0
3,0,0.47717965,0
3,0,0.49459603,0
3,0,0.4714993,0
3,0,0.49770513,0
3,1,0.49283195,0
3,1,0.5085835,1
3,1,0.50888985,1
3,1,0.5108176,1
3,1,0.4997172,0
3,1,0.51700854,1
3,1,0.46932247,0
3,1,0.49111763,0
3,1,0.49764252,0
3,1,0.4835236,0
3,1,0.48841843,0
3,1,0.49030262,0
3,1,0.49030307,0
3,1,0.5040254,1
3,1,0.5096449,1
3,1,0.49937952,0
3,1,0.4989133,0
3,1,0.49087864,0
3,1,0.51194656,1
3,1,0.5138366,1
3,1,0.50053024,1
3,1,0.51966035,1
3,1,0.46511483,0
3,1,0.47746885,0
3,1,0.47674355,0
3,1,0.45650697,0
3,1,0.44695354,0
3,1,0.456096,0
3,1,0.44132644,0
3,1,0.45994422,0
3,1,0.52158666,1
3,0,0.49605253,0
3,0,0.48144454,0
3,0,0.4929737,0
3,0,0.502321,1
3,0,0.51352435,1
3,0,0.49573976,0
3,0,0.51268184,1
3,0,0.48919794,0
3,0,0.49516273,0
3,0,0.46220586,0
3,0,0.49356803,0
3,0,0.4669177,0
3,0,0.49291742,0
3,0,0.5094634,1
3,0,0.49374017,0
3,0,0.503337,1
3,0,0.5023333,1
3,0,0.494229,0
3,0,0.47793585,0
3,0,0.4905532,0
3,0,0.50483865,1
3,0,0.4865645,0
3,0,0.5253154,1
3,0,0.5018417,1
3,0,0.50683993,1
3,0,0.46980017,0
3,0,0.48428717,0
3,0,0.48742747,0
3,0,0.48856127,0
3,0,0.4647557,0
3,0,0.47625613,0
3,0,0.47429836,0
3,0,0.4690589,0
3,0,0.48439196,0
3,0,0.47419924,0
3,0,0.4666701,0
3,0,0.45985246,0
3,0,0.47021767,0
3,0,0.4566159,0
3,0,0.46083456,0
3,0,0.47180948,0
3,0,0.47440916,0
3,0,0.4674164,0
3,0,0.47615162,0
3,0,0.4675661,0
3,0,0.47192535,0
3,0,0.4884941,0
3,0,0.48184192,0
3,0,0.5149524,1
3,1,0.4912712,0
3,1,0.4633233,0
3,1,0.44593853,0
3,1,0.4907793,0
3,1,0.4732696,0
3,1,0.4544154,0
3,1,0.46029246,0
3,1,0.46751016,0
3,1,0.4557893,0
3,1,0.52300036,1
3,1,0.50070524,1
3,1,0.4947903,0
3,1,0.5413438,1
3,1,0.5132492,1
3,1,0.5306731,1
3,1,0.4918109,0
3,1,0.50604963,1
3,1,0.51558965,1
3,1,0.5014885,1
3,1,0.4996175,0
3,1,0.51716715,1
3,1,0.51099026,1
3,1,0.5307906,1
3,1,0.47570994,0
3,1,0.5008883,1
3,1,0.4711803,0
3,1,0.48163983,0
3,1,0.473358,0
3,1,0.4789317,0
3,1,0.47077954,0
3,1,0.5086029,1
3,1,0.500046,1
3,1,0.48034397,0
3,1,0.46856624,0
3,1,0.48497134,0
3,1,0.51452786,1
3,1,0.5005816,1
3,1,0.5145068,1
3,1,0.45445588,0
3,1,0.5088408,1
3,1,0.5088686,1
3,1,0.5131707,1
3,1,0.5474461,1
3,1,0.54264635,1
3,1,0.5249863,1
3,1,0.51214784,1
3,1,0.4777305,0
3,1,0.51005894,1
3,1,0.48901165,0
3,1,0.49831432,0
3,1,0.48108166,0
3,1,0.512246,1
3,1,0.48911896,0
3,1,0.50447756,1
3,1,0.5101692,1
3,1,0.5228997,1
3,1,0.5294273,1
3,1,0.4740072,0
3,1,0.5037163,1
3,1,0.5053842,1
3,1,0.5306341,1
3,1,0.5195045,1
3,1,0.47402313,0
3,1,0.50327295,1
3,1,0.4986577,0
3,1,0.5090683,1
3,1,0.47282726,0
3,1,0.4772216,0
3,1,0.47337693,0
3,1,0.49015665,0
3,1,0.47047985,0
3,1,0.45943385,0
3,1,0.51733226,1
3,1,0.47656673,0
3,1,0.51629984,1
3,1,0.5292866,1
3,1,0.49325967,0
3,1,0.47808847,0
3,1,0.47431484,0
3,1,0.50073314,1
3,1,0.474855,0
3,1,0.49928117,0
3,1,0.4885368,0
3,0,0.49503428,0
3,0,0.4723649,0
3,0,0.48100048,0
3,0,0.46268332,0
3,0,0.47440356,0
3,0,0.48476136,0
3,0,0.4771485,0
3,0,0.45680243,0
3,0,0.47994295,0
3,0,0.48159054,0
3,1,0.49795887,0
3,1,0.47059047,0
3,1,0.4837412,0
3,1,0.4604737,0
3,1,0.48982716,0
3,1,0.4713126,0
3,1,0.47934496,0
3,1,0.46980786,0
3,1,0.49388173,0
3,1,0.4791008,0
3,1,0.49878016,0
3,1,0.48228887,0
3,1,0.4673647,0
3,1,0.4541682,0
3,1,0.47526434,0
3,0,0.4293613,0
3,0,0.43250358,0
3,0,0.4370631,0
3,0,0.44509777,0
3,0,0.44004977,0
3,0,0.42980838,0
3,0,0.42895463,0
3,0,0.4846186,0
3,0,0.41021982,0
3,0,0.46505472,0
3,0,0.41495398,0
3,0,0.44278795,0
3,0,0.43127924,0
3,0,0.42119792,0
3,0,0.41530648,0
3,0,0.41080275,0
3,0,0.4235203,0
3,0,0.44937906,0
3,0,0.43285018,0
3,0,0.43410176,0
3,0,0.4061234,0
3,0,0.43440974,0
3,0,0.41848645,0
3,0,0.39840505,0
3,0,0.43700477,0
3,0,0.47034934,0
3,0,0.45392588,0
3,0,0.47378543,0
3,0,0.4555258,0
3,0,0.46068025,0
3,0,0.45229834,0
3,0,0.46365088,0
3,0,0.46266308,0
3,0,0.42527756,0
3,0,0.42805734,0
3,0,0.409674,0
3,0,0.4315188,0
3,0,0.406519,0
3,0,0.40536654,0
3,0,0.41288075,0
3,0,0.41305664,0
3,0,0.38329452,0
3,0,0.42231137,0
3,0,0.39394182,0
3,1,0.43494013,0
3,1,0.4540732,0
3,1,0.42229044,0
3,1,0.4452674,0
3,1,0.44411388,0
3,1,0.43756667,0
3,1,0.46826616,0
3,1,0.4990404,0
3,1,0.47219306,0
3,1,0.4899711,0
3,1,0.49770954,0
3,1,0.48493606,0
3,1,0.5027177,1
3,1,0.523546,1
3,1,0.5022437,1
3,1,0.46026307,0
3,1,0.49344152,0
3,1,0.4738841,0
3,1,0.5185667,1
3,1,0.46400535,0
3,1,0.5004349,1
3,1,0.46681353,0
3,1,0.5186304,1
3,1,0.47806403,0
3,1,0.4882739,0
3,1,0.46238357,0
3,1,0.50792915,1
3,1,0.47664657,0
3,1,0.5216839,1
3,1,0.5124475,1
3,1,0.57068795,1
3,1,0.5189298,1
3,1,0.47926357,0
3,1,0.49676922,0
3,1,0.49210694,0
3,1,0.48315704,0
3,1,0.46436247,0
3,1,0.49563158,0
3,1,0.45169637,0
3,1,0.46348733,0
3,1,0.4430195,0
3,1,0.44489428,0
3,1,0.4596151,0
3,1,0.45064637,0
3,1,0.47298807,0
3,1,0.4666777,0
3,1,0.4576968,0
3,1,0.4700544,0
3,1,0.4675469,0
3,1,0.48899382,0
3,1,0.492132,0
3,1,0.45561445,0
3,1,0.45932806,0
3,1,0.44112608,0
3,1,0.45771116,0
3,1,0.43864655,0
3,1,0.4620276,0
3,1,0.46501544,0
3,1,0.4755722,0
3,1,0.46231994,0
3,1,0.46308017,0
3,1,0.4739708,0
3,1,0.46665993,0
3,1,0.46671042,0
3,1,0.49306673,0
3,1,0.45968336,0
3,0,0.48079827,0
3,0,0.4777622,0
3,0,0.49357513,0
3,0,0.4843895,0
3,0,0.5054411,1
3,0,0.4761999,0
3,0,0.46802315,0
3,0,0.4620931,0
3,0,0.4746782,0
3,0,0.46229005,0
3,0,0.4494284,0
3,0,0.43653473,0
3,0,0.4441904,0
3,0,0.4879649,0
3,0,0.47926536,0
3,0,0.45249045,0
3,0,0.47007102,0
3,0,0.46785647,0
3,0,0.4647491,0
3,0,0.46763203,0
3,0,0.47759953,0
3,0,0.46810037,0
3,0,0.483054,0
3,0,0.48326823,0
3,0,0.4225591,0
3,0,0.4778022,0
3,0,0.45172417,0
3,1,0.4700142,0
3,1,0.4778768,0
3,1,0.45961615,0
3,1,0.433739,0
3,1,0.47483158,0
3,1,0.4964241,0
3,1,0.5012771,1
3,1,0.45509297,0
3,1,0.48784384,0
3,1,0.46881974,0
3,1,0.4617762,0
3,1,0.46052727,0
3,1,0.48029897,0
3,1,0.4874998,0
3,1,0.44628653,0
3,1,0.46384752,0
3,1,0.4461493,0
3,1,0.47356853,0
3,1,0.5197643,1
3,1,0.49758413,0
3,1,0.49114534,0
3,1,0.4931151,0
3,1,0.49189147,0
3,1,0.5068022,1
3,1,0.50360364,1
3,1,0.4912032,0
3,1,0.50106895,1
3,1,0.5154263,1
3,1,0.4937245,0
3,1,0.5263887,1
3,1,0.5182649,1
3,1,0.5149077,1
3,1,0.462692,0
3,1,0.46665445,0
3,1,0.46660817,0
3,1,0.48863825,0
3,1,0.49115595,0
3,1,0.50552064,1
3,1,0.5222736,1
3,1,0.52350175,1
3,1,0.51482517,1
3,1,0.4947686,0
3,1,0.49625307,0
3,1,0.49063876,0
3,1,0.5048195,1
3,1,0.47938496,0
3,1,0.48053887,0
3,1,0.48363534,0
3,1,0.4871372,0
3,1,0.47532934,0
3,1,0.4866322,0
3,1,0.4821254,0
3,1,0.46486962,0
3,1,0.47124377,0
3,1,0.44333294,0
3,1,0.47329122,0
3,1,0.47772267,0
3,1,0.47831744,0
3,1,0.43705267,0
3,1,0.46804717,0
3,1,0.463671,0
3,1,0.45871776,0
3,1,0.47633997,0
3,1,0.43528357,0
3,1,0.4461136,0
3,1,0.5120495,1
3,1,0.48702437,0
3,1,0.49216703,0
3,1,0.466805,0
3,1,0.49710077,0
3,1,0.44628167,0
3,1,0.45172685,0
3,1,0.4689364,0
3,1,0.4978316,0
3,1,0.49745157,0
3,1,0.48157138,0
3,1,0.48369455,0
3,1,0.47438425,0
3,1,0.46134025,0
3,1,0.47835496,0
3,1,0.4838764,0
3,1,0.47378978,0
3,1,0.48441276,0
3,1,0.47297758,0
3,1,0.4775794,0
3,1,0.48238015,0
3,1,0.4788118,0
3,1,0.47665104,0
3,1,0.47327903,0
3,1,0.50123376,1
3,1,0.45713294,0
3,1,0.503113,1
3,1,0.47437364,0
3,1,0.48627815,0
3,1,0.5027399,1
3,1,0.5028656,1
3,1,0.48086002,0
3,1,0.48889166,0
3,1,0.4636335,0
3,1,0.469419,0
3,1,0.51531214,1
3,1,0.5079745,1
3,1,0.4977877,0
3,1,0.4819108,0
3,1,0.48551118,0
3,1,0.5178617,1
3,1,0.5120771,1
3,1,0.4810806,0
3,1,0.49043497,0
3,1,0.48814836,0
3,1,0.48955333,0
3,1,0.49884486,0
3,1,0.50345606,1
3,1,0.5131457,1
3,1,0.5092757,1
3,1,0.53582275,1
3,1,0.5390808,1
3,1,0.533207,1
3,1,0.51999223,1
3,1,0.5199393,1
3,1,0.48319715,0
3,1,0.54272795,1
3,1,0.5322317,1
3,1,0.5100594,1
3,1,0.531587,1
3,1,0.50683504,1
3,1,0.5035421,1
3,1,0.49988073,0
3,1,0.5060786,1
3,1,0.4893529,0
3,1,0.50623274,1
3,1,0.48923558,0
3,1,0.49748373,0
3,1,0.50238556,1
3,1,0.4898694,0
3,1,0.4872288,0
3,1,0.4772003,0
3,1,0.46921638,0
3,1,0.49314633,0
3,1,0.49600488,0
3,1,0.4801661,0
3,1,0.4636201,0
3,1,0.48099962,0
3,1,0.5034334,1
3,1,0.47509792,0
3,1,0.5082395,1
3,1,0.5265297,1
3,1,0.48449013,0
3,1,0.48772833,0
3,1,0.5119092,1
3,1,0.4987173,0
3,1,0.5118733,1
3,1,0.5093987,1
3,1,0.5050994,1
3,1,0.49648783,0
3,1,0.49898517,0
3,1,0.48024487,0
3,1,0.49125487,0
3,1,0.4536727,0
3,1,0.46243098,0
3,1,0.47477102,0
3,1,0.4697403,0
3,1,0.47506043,0
3,1,0.51053655,1
3,1,0.48170382,0
3,1,0.50687987,1
3,1,0.48616463,0
3,1,0.480169,0
3,1,0.49395233,0
3,1,0.48435244,0
3,1,0.4943353,0
3,0,0.46435243,0
3,0,0.49803078,0
3,0,0.49519086,0
3,0,0.51257265,1
3,0,0.5014162,1
3,0,0.50875956,1
3,0,0.51361513,1
3,0,0.49168572,0
3,0,0.5052136,1
3,0,0.46329406,0
3,0,0.49647948,0
3,0,0.46310952,0
3,0,0.51635504,1
3,1,0.49994394,0
3,1,0.4801714,0
3,1,0.4687467,0
3,1,0.4849079,0
3,1,0.51470536,1
3,1,0.5005544,1
3,1,0.5146303,1
3,1,0.45440087,0
3,1,0.5089775,1
3,1,0.50895154,1
3,1,0.5132821,1
3,1,0.54759353,1
3,1,0.5430349,1
3,1,0.5252173,1
3,1,0.51243687,1
3,1,0.47751427,0
3,1,0.5103488,1
3,1,0.48880062,0
3,1,0.49833927,0
3,1,0.48134637,0
3,1,0.5127243,1
3,1,0.48942772,0
3,1,0.50464445,1
3,1,0.51071703,1
3,1,0.5233833,1
3,1,0.4985242,0
3,1,0.45681995,0
3,1,0.47201926,0
3,1,0.4703208,0
3,1,0.5130768,1
3,1,0.52463907,1
3,1,0.53327817,1
3,1,0.51580566,1
3,1,0.48433316,0
3,1,0.5198892,1
3,1,0.49010625,0
3,1,0.5071545,1
3,0,0.47054875,0
3,0,0.47714555,0
3,0,0.4710152,0
3,0,0.50227857,1
3,0,0.48230729,0
3,0,0.48676988,0
3,0,0.46533152,0
3,0,0.48299545,0
3,0,0.4959984,0
3,0,0.47845262,0
3,0,0.46059278,0
3,0,0.49423274,0
3,0,0.4892499,0
3,0,0.4739478,0
3,0,0.46318263,0
3,0,0.49734208,0
3,0,0.47444248,0
3,0,0.48031765,0
3,0,0.48775673,0
3,0,0.50341165,1
3,0,0.43805242,0
3,0,0.4838092,0
3,0,0.47503734,0
3,0,0.47862244,0
3,0,0.47303447,0
3,0,0.47842622,0
3,0,0.4872867,0
3,0,0.4653031,0
3,0,0.497241,0
3,1,0.50192744,1
3,1,0.47266802,0
3,1,0.5044761,1
3,1,0.4986873,0
3,1,0.4703322,0
3,1,0.46513304,0
3,1,0.47873828,0
3,1,0.44982114,0
3,1,0.465236,0
3,1,0.45805877,0
3,1,0.46454468,0
3,1,0.42894518,0
3,1,0.50588983,1
3,1,0.52466065,1
3,1,0.49368912,0
3,1,0.44432876,0
3,1,0.4926469,0
3,1,0.467961,0
3,1,0.48070288,0
3,1,0.4570697,0
3,0,0.45410517,0
3,0,0.46616507,0
3,0,0.47625223,0
3,0,0.49177417,0
3,0,0.48728198,0
3,0,0.49108952,0
3,0,0.49488044,0
3,0,0.50587445,1
3,0,0.47394645,0
3,0,0.50216925,1
3,0,0.47188583,0
3,0,0.4907352,0
3,0,0.49589962,0
3,0,0.46674103,0
3,0,0.49528092,0
3,0,0.4754268,0
3,0,0.47181576,0
3,0,0.4971682,0
3,0,0.49235004,0
3,0,0.4608128,0
3,0,0.4958014,0
3,0,0.4899904,0
3,0,0.4855929,0
3,0,0.4886671,0
3,0,0.49231848,0
3,0,0.469927,0
3,0,0.49151245,0
3,0,0.50606424,1
3,0,0.47560853,0
3,0,0.51695895,1
3,0,0.50470656,1
3,0,0.49591374,0
3,0,0.4658515,0
3,0,0.49114528,0
3,0,0.4827095,0
3,0,0.50532216,1
3,0,0.48446566,0
3,0,0.4938308,0
3,0,0.4919971,0
3,0,0.49916032,0
3,0,0.51299435,1
3,0,0.5083827,1
3,0,0.51015925,1
3,0,0.49468705,0
3,0,0.4852941,0
3,0,0.4926939,0
3,0,0.45974416,0
3,0,0.4532561,0
3,0,0.49034628,0
3,0,0.4634268,0
3,0,0.47585797,0
3,0,0.4685981,0
3,0,0.47112456,0
3,0,0.4798688,0
3,0,0.4870398,0
3,0,0.45372728,0
3,0,0.48122507,0
3,0,0.48020443,0
3,0,0.47707674,0
3,0,0.45613614,0
3,0,0.45142132,0
3,0,0.43516454,0
3,0,0.44914657,0
3,0,0.4187316,0
3,0,0.45169258,0
3,0,0.44697112,0
3,1,0.47543678,0
3,1,0.47529137,0
3,1,0.44749627,0
3,1,0.464034,0
3,1,0.43985873,0
3,1,0.4560807,0
3,1,0.49527588,0
3,1,0.4675792,0
3,1,0.47122347,0
3,1,0.46159315,0
3,1,0.5113752,1
3,1,0.47620225,0
3,1,0.4854677,0
3,0,0.4636681,0
3,0,0.4837039,0
3,0,0.49397522,0
3,0,0.47913295,0
3,0,0.45848066,0
3,0,0.49153823,0
3,0,0.48653573,0
3,0,0.48748773,0
3,0,0.46566793,0
3,0,0.46298045,0
3,0,0.4962415,0
3,0,0.4731204,0
3,0,0.48132265,0
3,0,0.48468593,0
3,0,0.47880718,0
3,0,0.47726396,0
3,0,0.46783164,0
3,0,0.4799009,0
3,0,0.48530814,0
3,0,0.46245086,0
3,0,0.49858916,0
3,0,0.50069165,1
3,0,0.47021833,0
3,0,0.5040092,1
3,0,0.4976492,0
3,0,0.4715596,0
3,0,0.46441466,0
3,0,0.47951877,0
3,0,0.45076093,0
3,0,0.46596116,0
3,0,0.4572276,0
3,0,0.4637776,0
3,0,0.42716092,0
3,1,0.50902724,1
3,1,0.5217866,1
3,1,0.49399006,0
3,1,0.44336057,0
3,1,0.497264,0
3,1,0.46244118,0
3,1,0.47965986,0
3,1,0.45773765,0
3,1,0.45298842,0
3,1,0.46555904,0
3,1,0.47388667,0
3,1,0.49004397,0
3,1,0.48720604,0
3,1,0.49123946,0
3,1,0.4948083,0
3,1,0.50672746,1
3,1,0.47444308,0
3,1,0.50324166,1
3,1,0.47124597,0
3,1,0.48771006,0
3,1,0.49527377,0
3,0,0.4677709,0
3,0,0.49518493,0
3,0,0.47548446,0
3,0,0.47035402,0
3,0,0.49842864,0
3,0,0.49187022,0
3,0,0.45917752,0
3,0,0.4965819,0
3,0,0.49571076,0
3,0,0.4932391,0
3,0,0.49495557,0
3,0,0.49904752,0
3,0,0.46875647,0
3,0,0.49195158,0
3,0,0.50256675,1
3,0,0.47158542,0
3,0,0.5131692,1
3,0,0.50289994,1
3,0,0.49300036,0
3,0,0.46083382,0
3,0,0.48884153,0
3,0,0.48151723,0
3,0,0.5053101,1
3,0,0.48324922,0
3,0,0.49197283,0
3,0,0.48873547,0
3,0,0.4956925,0
3,0,0.5128701,1
3,0,0.5085946,1
3,0,0.50943094,1
3,0,0.497631,0
3,0,0.48327655,0
3,0,0.4933044,0
3,0,0.4618924,0
3,0,0.45207173,0
3,0,0.48876813,0
3,0,0.47062352,0
3,0,0.47506025,0
3,0,0.5006759,1
3,0,0.47162145,0
3,1,0.517479,1
3,1,0.4756511,0
3,1,0.515802,1
3,1,0.5292431,1
3,1,0.49280384,0
3,1,0.4778163,0
3,1,0.47415698,0
3,1,0.49991095,0
3,1,0.47499928,0
3,1,0.4986396,0
3,1,0.4876362,0
3,1,0.48068348,0
3,1,0.46881384,0
3,1,0.47530514,0
3,1,0.48640117,0
3,1,0.48376048,0
3,1,0.48575935,0
3,1,0.49113756,0
3,1,0.496015,0
3,1,0.4948135,0
3,1,0.47910643,0
3,1,0.5322213,1
3,1,0.4713085,0
3,1,0.495943,0
3,1,0.5082937,1
3,1,0.4953908,0
3,1,0.51014805,1
3,1,0.4927814,0
3,1,0.4766356,0
3,1,0.47691342,0
3,1,0.48655415,0
3,1,0.4633999,0
3,1,0.47179642,0
3,1,0.4710183,0
3,1,0.49035224,0
3,1,0.4424225,0
3,1,0.46851256,0
3,1,0.49931306,0
3,1,0.4668181,0
3,1,0.50161725,1
3,1,0.48026013,0
3,1,0.50200313,1
3,1,0.46011534,0
3,1,0.47022957,0
3,1,0.487145,0
3,1,0.4961181,0
3,1,0.48855442,0
3,1,0.49819654,0
3,1,0.50754565,1
3,1,0.5096053,1
3,1,0.5199221,1
3,1,0.50799644,1
3,1,0.48031417,0
3,1,0.49633738,0
3,1,0.48890904,0
3,1,0.47579846,0
3,1,0.4935415,0
3,1,0.50768095,1
3,1,0.4800028,0
3,1,0.47657654,0
3,1,0.493508,0
3,1,0.4660731,0
3,1,0.44352755,0
3,1,0.45046136,0
3,1,0.43817255,0
3,1,0.45545828,0
3,1,0.4886485,0
3,1,0.47135374,0
3,1,0.47593662,0
3,1,0.4972022,0
3,1,0.5071445,1
3,1,0.48484698,0
3,1,0.49466687,0
3,1,0.46711013,0
3,1,0.47054008,0
3,1,0.48609862,0
3,1,0.50584745,1
3,1,0.4627544,0
3,1,0.4815331,0
3,1,0.49163195,0
3,1,0.48367447,0
3,1,0.48156548,0
3,1,0.4717935,0
3,1,0.4581609,0
3,1,0.48927182,0
3,1,0.494635,0
3,1,0.49437612,0
3,1,0.4761744,0
3,1,0.52819663,1
3,1,0.52992195,1
3,1,0.50158167,1
3,1,0.49238944,0
3,1,0.5112918,1
3,1,0.49319375,0
3,1,0.5204801,1
3,1,0.52399886,1
3,1,0.46748975,0
3,1,0.5066988,1
3,1,0.5122771,1
3,1,0.50992286,1
3,1,0.49598986,0
3,1,0.48869088,0
3,1,0.5200416,1
3,1,0.50831246,1
3,1,0.4756143,0
3,1,0.4667263,0
3,1,0.4931429,0
3,1,0.5001964,1
3,1,0.49782217,0
3,1,0.50461054,1
3,1,0.5194516,1
3,1,0.51209044,1
3,1,0.51716983,1
3,1,0.5010463,1
3,1,0.50080425,1
3,1,0.50844425,1
3,1,0.5112902,1
3,1,0.5072862,1
3,1,0.50492626,1
3,1,0.5073714,1
3,1,0.5154429,1
3,1,0.5181603,1
3,1,0.49849916,0
3,1,0.4803379,0
3,1,0.49864563,0
3,1,0.49885702,0
3,1,0.47211292,0
3,1,0.4745541,0
3,1,0.50042516,1
3,1,0.44829768,0
3,1,0.47423166,0
3,1,0.49737805,0
3,1,0.459313,0
3,1,0.4410292,0
3,1,0.47842294,0
3,1,0.4876519,0
3,1,0.47789356,0
3,1,0.45317134,0
3,1,0.51546496,1
3,1,0.4965177,0
3,1,0.5298697,1
3,1,0.49935883,0
3,1,0.47687814,0
3,1,0.4869881,0
3,1,0.4761591,0
3,1,0.4519914,0
3,1,0.5145874,1
3,1,0.49306425,0
3,1,0.5272236,1
3,1,0.49728692,0
3,1,0.49338663,0
3,1,0.50788236,1
3,1,0.4777745,0
3,1,0.47941276,0
3,1,0.4590113,0
3,1,0.48078752,0
3,1,0.4616953,0
3,1,0.4583789,0
3,1,0.54318154,1
3,1,0.4867202,0
3,1,0.41829643,0
3,1,0.45603624,0
3,1,0.4787803,0
3,1,0.46693912,0
3,1,0.47405073,0
3,1,0.46686214,0
3,1,0.48128885,0
3,1,0.47844428,0
3,1,0.45971498,0
3,1,0.45143214,0
3,1,0.45061776,0
3,1,0.45890212,0
3,1,0.4467682,0
3,1,0.4735631,0
3,1,0.44408628,0
3,1,0.48554423,0
3,1,0.47521216,0
3,1,0.4709259,0
3,1,0.48137924,0
3,1,0.4358458,0
3,1,0.44585776,0
3,1,0.47486255,0
3,1,0.48160645,0
3,1,0.47258246,0
3,1,0.47105673,0
3,0,0.47288677,0
3,0,0.48665142,0
3,0,0.4817864,0
3,0,0.4723074,0
3,0,0.48663166,0
3,0,0.46989313,0
3,0,0.5016786,1
3,0,0.45287117,0
3,0,0.48052612,0
3,0,0.47909573,0
3,0,0.5058397,1
3,0,0.47917798,0
3,0,0.47520572,0
3,0,0.5135093,1
3,0,0.49925157,0
3,1,0.47123754,0
3,1,0.48696932,0
3,1,0.51271546,1
3,1,0.48716617,0
3,1,0.48675406,0
3,1,0.4709061,0
3,1,0.5002471,1
3,1,0.4655445,0
3,1,0.4732377,0
3,1,0.5005675,1
3,1,0.497058,0
3,1,0.52179337,1
3,1,0.50516486,1
3,1,0.49700403,0
3,1,0.48106164,0
3,1,0.5235264,1
3,1,0.49053383,0
3,1,0.47266257,0
3,1,0.48553044,0
3,1,0.51143116,1
3,1,0.48501942,0
3,1,0.49416563,0
3,1,0.46617538,0
3,1,0.46514225,0
3,1,0.5187325,1
3,1,0.4686764,0
3,1,0.49162376,0
3,1,0.509249,1
3,1,0.43753907,0
3,1,0.4753743,0
3,0,0.49996886,0
3,0,0.45603687,0
3,0,0.48686403,0
3,0,0.47629791,0
3,0,0.49442598,0
3,0,0.50337666,1
3,0,0.48441145,0
3,0,0.5044048,1
3,0,0.47885337,0
3,0,0.49947336,0
3,0,0.503134,1
3,0,0.5017905,1
3,0,0.50840634,1
4,1,0.5520324,1
4,1,0.5709227,1
4,1,0.53920597,1
4,1,0.52535385,1
4,1,0.5468938,1
4,1,0.5551727,1
4,1,0.5368531,1
4,1,0.55588526,1
4,1,0.5330486,1
4,1,0.5595458,1
4,1,0.5599719,1
4,1,0.5536892,1
4,1,0.5610384,1
4,1,0.5391824,1
4,1,0.5632977,1
4,1,0.5391622,1
4,1,0.5678932,1
4,1,0.5155068,1
4,1,0.51124644,1
4,1,0.5613282,1
4,1,0.55955255,1
4,1,0.5387766,1
4,1,0.538028,1
4,1,0.5623479,1
4,1,0.5709289,1
4,1,0.56589746,1
4,1,0.57766235,1
4,1,0.5583506,1
4,1,0.52527446,1
4,1,0.5291648,1
4,1,0.5422814,1
4,1,0.54353607,1
4,1,0.5315087,1
4,1,0.5377239,1
4,1,0.5399414,1
4,1,0.53509074,1
4,1,0.55557764,1
4,1,0.53368276,1
4,1,0.5303531,1
4,1,0.5571093,1
4,1,0.5474123,1
4,1,0.59137815,1
4,1,0.5596388,1
4,1,0.5500213,1
4,1,0.5725069,1
4,1,0.57899517,1
4,1,0.5459374,1
4,1,0.5752308,1
4,1,0.5433327,1
4,1,0.5656902,1
4,1,0.5856432,1
4,1,0.5664759,1
4,1,0.52977437,1
4,1,0.529992,1
4,1,0.5362193,1
4,1,0.5169692,1
4,1,0.5043076,1
4,1,0.47781852,0
4,1,0.5049025,1
4,1,0.48815686,0
4,1,0.5546074,1
4,1,0.5083353,1
4,1,0.54311025,1
4,1,0.57769865,1
4,1,0.55332583,1
4,1,0.58634377,1
4,1,0.5790363,1
4,1,0.5797584,1
4,1,0.5190507,1
4,1,0.58898455,1
4,1,0.51673853,1
4,1,0.5775492,1
4,1,0.519758,1
4,1,0.5428388,1
4,1,0.49082118,0
4,1,0.514624,1
4,1,0.5637615,1
4,1,0.5811261,1
4,1,0.52746266,1
4,1,0.54499793,1
4,1,0.55321413,1
4,1,0.52920866,1
4,1,0.5612785,1
4,1,0.57336533,1
4,1,0.54876083,1
4,1,0.53670824,1
4,1,0.56534934,1
4,1,0.5737204,1
4,1,0.54203224,1
4,1,0.5328446,1
4,1,0.5688331,1
4,1,0.5436775,1
4,1,0.5688462,1
4,1,0.54777676,1
4,1,0.53852725,1
4,1,0.5768061,1
4,1,0.6030908,1
4,1,0.5851494,1
4,1,0.60762346,1
4,1,0.5429754,1
4,1,0.53060454,1
4,1,0.4974337,0
4,1,0.5162159,1
4,1,0.52530533,1
4,1,0.5064731,1
4,1,0.4707433,0
4,1,0.5280244,1
4,1,0.44711983,0
4,1,0.4902925,0
4,1,0.5408037,1
4,1,0.5389655,1
4,1,0.4904955,0
4,1,0.5155384,1
4,1,0.5737579,1
4,1,0.4925421,0
4,1,0.48136982,0
4,1,0.5570183,1
4,1,0.5542974,1
4,1,0.49216482,0
4,1,0.48756453,0
4,1,0.532268,1
4,1,0.49337217,0
4,1,0.5513303,1
4,1,0.56522286,1
4,1,0.53442365,1
4,1,0.5190013,1
4,1,0.52287674,1
4,1,0.55835336,1
4,1,0.5365472,1
4,1,0.5158452,1
4,1,0.537942,1
4,1,0.54222417,1
4,1,0.49883693,0
4,1,0.5169676,1
4,1,0.56834114,1
4,1,0.608255,1
4,1,0.5806478,1
4,1,0.58528847,1
4,1,0.59242994,1
4,1,0.5765312,1
4,1,0.6201051,1
4,1,0.5872444,1
4,1,0.5993994,1
4,1,0.60617155,1
4,1,0.5974303,1
4,0,0.5776788,1
4,0,0.5770386,1
4,0,0.57017255,1
4,0,0.564191,1
4,0,0.56862426,1
4,0,0.56305915,1
4,0,0.5877497,1
4,0,0.5525579,1
4,0,0.5250824,1
4,0,0.52314156,1
4,0,0.47437802,0
4,0,0.49039876,0
4,0,0.5103474,1
4,0,0.52553666,1
4,0,0.47513804,0
4,0,0.49131244,0
4,0,0.5366601,1
4,0,0.5236587,1
4,0,0.50907815,1
4,0,0.53644395,1
4,0,0.5312413,1
4,0,0.46738228,0
4,0,0.5133764,1
4,0,0.56116986,1
4,0,0.51093197,1
4,0,0.49903286,0
4,0,0.48880166,0
4,0,0.47479996,0
4,0,0.5006995,1
4,0,0.53282064,1
4,0,0.5312805,1
4,0,0.55050206,1
4,0,0.48246944,0
4,0,0.50223935,1
4,0,0.5441951,1
4,0,0.50850546,1
4,0,0.5112853,1
4,0,0.54487425,1
4,0,0.5018213,1
4,0,0.5138507,1
4,0,0.48701626,0
4,0,0.5146262,1
4,0,0.5364253,1
4,0,0.4935505,0
4,0,0.50436777,1
4,0,0.51425886,1
4,0,0.52516395,1
4,0,0.5757807,1
4,0,0.51554507,1
4,0,0.5018277,1
4,0,0.53168094,1
4,0,0.5244463,1
4,0,0.5494256,1
4,0,0.49066013,0
4,0,0.54414064,1
4,0,0.550177,1
4,0,0.49055374,0
4,0,0.51513195,1
4,0,0.50003296,1
4,0,0.5270679,1
4,0,0.5383068,1
4,0,0.5440104,1
4,0,0.54742956,1
4,0,0.53561544,1
4,0,0.53081846,1
4,0,0.5398616,1
4,0,0.53595,1
4,0,0.50850296,1
4,0,0.5182419,1
4,0,0.554362,1
4,0,0.5276298,1
4,0,0.5160459,1
4,0,0.52645123,1
4,0,0.54757005,1
4,0,0.5310325,1
4,0,0.5410688,1
4,0,0.5603658,1
4,0,0.52942884,1
4,0,0.5650783,1
4,0,0.53888154,1
4,0,0.54118305,1
4,0,0.52537805,1
4,0,0.56085443,1
4,0,0.57187253,1
4,0,0.5506603,1
4,0,0.49471992,0
4,0,0.53383386,1
4,0,0.56288105,1
4,0,0.56727237,1
4,0,0.5248544,1
4,0,0.52530044,1
4,0,0.56237584,1
4,0,0.5532099,1
4,0,0.5568635,1
4,0,0.53924465,1
4,0,0.574236,1
4,0,0.5523599,1
4,0,0.5546108,1
4,0,0.5436924,1
4,0,0.57093334,1
4,0,0.5433599,1
4,0,0.52347124,1
4,0,0.5417446,1
4,0,0.5166,1
4,0,0.5060584,1
4,0,0.5032212,1
4,0,0.5332558,1
4,0,0.51624155,1
4,0,0.5676995,1
4,0,0.570135,1
4,0,0.5273024,1
4,0,0.524246,1
4,0,0.5331183,1
4,0,0.5304908,1
4,0,0.56610763,1
4,0,0.5332772,1
4,0,0.5211971,1
4,0,0.5026453,1
4,0,0.5416146,1
4,0,0.51804817,1
4,0,0.55723846,1
4,0,0.5527607,1
4,0,0.54443914,1
4,0,0.5587274,1
4,0,0.5363883,1
4,0,0.5368727,1
4,0,0.5427043,1
4,0,0.56871027,1
4,0,0.5555265,1
4,0,0.5570723,1
4,0,0.5041015,1
4,0,0.5064795,1
4,0,0.5368011,1
4,0,0.5315665,1
4,0,0.52727395,1
4,0,0.55571663,1
4,0,0.55252814,1
4,0,0.5105559,1
4,0,0.5177972,1
4,0,0.5276148,1
4,0,0.56996274,1
4,0,0.57254785,1
4,0,0.56224424,1
4,0,0.57345635,1
4,0,0.57953197,1
4,0,0.5906616,1
4,0,0.5502018,1
4,0,0.57434684,1
4,0,0.5674331,1
4,0,0.5731614,1
4,0,0.5420195,1
4,0,0.5260217,1
4,0,0.5700109,1
4,0,0.55999315,1
4,0,0.5081465,1
4,0,0.5156048,1
4,0,0.57243997,1
4,0,0.52538985,1
4,0,0.53661335,1
4,0,0.5472745,1
4,0,0.5722619,1
4,0,0.5466054,1
4,0,0.5349306,1
4,0,0.5364134,1
4,0,0.5235392,1
4,0,0.54523796,1
4,0,0.51467556,1
4,0,0.5085444,1
4,0,0.5213101,1
4,0,0.51928324,1
4,0,0.53236616,1
4,0,0.53324753,1
4,0,0.56828994,1
4,0,0.5514911,1
4,0,0.5328743,1
4,0,0.541591,1
4,0,0.52566653,1
4,0,0.49374145,0
4,0,0.5323608,1
4,0,0.53236544,1
4,0,0.50955516,1
4,0,0.5212045,1
4,0,0.5208459,1
4,0,0.54466784,1
4,0,0.55111843,1
4,0,0.5639942,1
4,0,0.563011,1
4,0,0.5401768,1
4,0,0.5597749,1
4,0,0.56635433,1
4,0,0.57460606,1
4,0,0.5569962,1
4,0,0.54722357,1
4,0,0.54578847,1
4,0,0.5267037,1
4,0,0.5551311,1
4,0,0.52736616,1
4,0,0.5357076,1
4,0,0.50305814,1
4,0,0.5202392,1
4,0,0.5291462,1
4,0,0.50501764,1
4,0,0.5243306,1
4,0,0.54681975,1
4,0,0.52653736,1
4,0,0.5808579,1
4,0,0.5381159,1
4,0,0.5194,1
4,0,0.5563887,1
4,0,0.53875697,1
4,0,0.55622625,1
4,0,0.48187518,0
4,0,0.48139796,0
4,0,0.5122691,1
4,0,0.49170217,0
4,0,0.5301393,1
4,0,0.51897556,1
4,0,0.5181965,1
4,0,0.508254,1
4,0,0.47522518,0
4,0,0.56205773,1
4,0,0.5158003,1
4,0,0.52886057,1
4,0,0.5127061,1
4,0,0.5181159,1
4,0,0.5672109,1
4,0,0.5261743,1
4,0,0.52078664,1
4,0,0.5332805,1
4,0,0.581257,1
4,0,0.49331754,0
4,0,0.5674293,1
4,0,0.5316547,1
4,0,0.53955513,1
4,0,0.5490921,1
4,0,0.5514416,1
4,0,0.5268566,1
4,0,0.5139935,1
4,0,0.4869239,0
4,0,0.5286989,1
4,0,0.514925,1
4,0,0.54340774,1
4,0,0.58070683,1
4,0,0.5373915,1
4,0,0.5362413,1
4,0,0.5606857,1
4,0,0.5200416,1
4,0,0.5158855,1
4,0,0.5216033,1
4,0,0.5634624,1
4,0,0.5467891,1
4,0,0.48013145,0
4,0,0.5592524,1
4,0,0.51450336,1
4,0,0.5181018,1
4,0,0.488324,0
4,0,0.5278293,1
4,0,0.51277024,1
4,0,0.53030217,1
4,0,0.5589848,1
4,0,0.52413565,1
4,0,0.54064167,1
4,0,0.5381002,1
4,0,0.52592367,1
4,0,0.5312805,1
4,0,0.535164,1
4,0,0.54595345,1
4,0,0.57567316,1
4,0,0.54198176,1
4,0,0.5416204,1
4,0,0.5604061,1
4,0,0.5205468,1
4,0,0.51408166,1
4,0,0.5574716,1
4,0,0.5279522,1
4,0,0.51949537,1
4,0,0.5389404,1
4,0,0.55975986,1
4,0,0.5261416,1
4,0,0.5302024,1
4,0,0.53832805,1
4,0,0.5488909,1
4,0,0.5377446,1
4,0,0.5680496,1
4,0,0.5577434,1
4,0,0.5207337,1
4,0,0.53999823,1
4,0,0.56972355,1
4,0,0.5495378,1
4,0,0.5167375,1
4,0,0.5465037,1
4,0,0.5524751,1
4,0,0.5449008,1
4,0,0.51959383,1
4,0,0.53481174,1
4,0,0.5686547,1
4,0,0.5527415,1
4,0,0.5473201,1
4,0,0.5443715,1
4,0,0.54392034,1
4,1,0.5288397,1
4,1,0.57629216,1
4,1,0.5449645,1
4,1,0.56700647,1
4,1,0.544754,1
4,1,0.5532895,1
4,1,0.55704117,1
4,1,0.5594705,1
4,1,0.55897695,1
4,1,0.5705636,1
4,1,0.56882143,1
4,1,0.54102796,1
4,1,0.5437359,1
4,1,0.5614855,1
4,1,0.56174785,1
4,1,0.5383482,1
4,1,0.55245376,1
4,1,0.5513528,1
4,1,0.55969954,1
4,1,0.5657228,1
4,1,0.5755265,1
4,1,0.5800211,1
4,1,0.5759968,1
4,1,0.5402936,1
4,1,0.54975694,1
4,1,0.56198126,1
4,1,0.57212925,1
4,1,0.5583838,1
4,1,0.5586531,1
4,1,0.5633204,1
4,1,0.5788844,1
4,1,0.57561207,1
4,1,0.5689664,1
4,1,0.5670233,1
4,1,0.5459827,1
4,1,0.5377391,1
4,1,0.54829395,1
4,1,0.5841546,1
4,1,0.5614471,1
4,1,0.56494063,1
4,1,0.5755488,1
4,1,0.56830525,1
4,1,0.5640591,1
4,1,0.5401159,1
4,1,0.5677874,1
4,1,0.5589395,1
4,1,0.5762499,1
4,1,0.5733639,1
4,1,0.5720479,1
4,1,0.54901063,1
4,1,0.565016,1
4,1,0.56130075,1
4,1,0.5713799,1
4,1,0.56909716,1
4,1,0.55827224,1
4,1,0.5599963,1
4,1,0.5410788,1
4,1,0.5639485,1
4,1,0.5656508,1
4,1,0.5593517,1
4,1,0.58346075,1
4,1,0.56337595,1
4,1,0.5603601,1
4,1,0.56577116,1
4,1,0.53133166,1
4,1,0.54870117,1
4,1,0.5463233,1
4,1,0.562622,1
4,1,0.552857,1
4,1,0.54809755,1
4,1,0.5461809,1
4,1,0.54830927,1
4,1,0.56806326,1
4,1,0.56700003,1
4,1,0.56319,1
4,1,0.5562689,1
4,1,0.563481,1
4,1,0.5858432,1
4,1,0.56381375,1
4,1,0.57786244,1
4,1,0.56881636,1
4,1,0.5557315,1
4,1,0.54386604,1
4,1,0.5649567,1
4,1,0.58113605,1
4,1,0.56915724,1
4,1,0.55918413,1
4,1,0.5623742,1
4,1,0.5845379,1
4,1,0.5386557,1
4,1,0.577744,1
4,1,0.5569327,1
4,1,0.56316394,1
4,1,0.56450295,1
4,1,0.57418424,1
4,1,0.5822819,1
4,1,0.5536608,1
4,1,0.55126387,1
4,1,0.56164706,1
4,1,0.564477,1
4,1,0.5834352,1
4,1,0.5857606,1
4,1,0.56740624,1
4,1,0.58129203,1
4,1,0.56473505,1
4,1,0.573396,1
4,1,0.5776582,1
4,1,0.56994015,1
4,1,0.5797351,1
4,1,0.5581193,1
4,1,0.58761585,1
4,1,0.5925169,1
4,1,0.5766161,1
4,1,0.58433497,1
4,1,0.5843325,1
4,1,0.56757355,1
4,1,0.5923586,1
4,1,0.58336484,1
4,1,0.574367,1
4,1,0.5787251,1
4,1,0.50293565,1
4,1,0.5511924,1
4,1,0.50091666,1
4,1,0.5320795,1
4,1,0.51981986,1
4,1,0.5388049,1
4,1,0.53612804,1
4,1,0.5112975,1
4,1,0.5471595,1
4,1,0.52067435,1
4,1,0.49680558,0
4,1,0.50812507,1
4,1,0.51765686,1
4,1,0.48685315,0
4,1,0.5091534,1
4,1,0.52386296,1
4,1,0.5361806,1
4,1,0.5056161,1
4,1,0.52129287,1
4,1,0.50283045,1
4,1,0.51688707,1
4,1,0.5088033,1
4,1,0.4979373,0
4,1,0.4727441,0
4,1,0.4757515,0
4,1,0.47035393,0
4,1,0.49743918,0
4,1,0.52645427,1
4,1,0.52565175,1
4,1,0.46741486,0
4,1,0.47768614,0
4,1,0.5346535,1
4,1,0.54630893,1
4,1,0.5693286,1
4,1,0.54752153,1
4,1,0.5540236,1
4,1,0.5435299,1
4,1,0.5391217,1
4,1,0.53493506,1
4,1,0.5831111,1
4,1,0.57211274,1
4,1,0.58164036,1
4,1,0.5748135,1
4,1,0.58185184,1
4,1,0.5666726,1
4,1,0.5851137,1
4,1,0.58858323,1
4,1,0.5928515,1
4,1,0.5981404,1
4,1,0.6002407,1
4,1,0.5892026,1
4,1,0.59068656,1
4,1,0.58739716,1
4,1,0.6045069,1
4,1,0.59843355,1
4,1,0.5954077,1
4,1,0.6019073,1
4,1,0.6042743,1
4,1,0.6073884,1
4,1,0.6084307,1
4,1,0.59821117,1
4,1,0.573544,1
4,1,0.56768316,1
4,1,0.5835964,1
4,1,0.5545136,1
4,1,0.5864696,1
4,1,0.5806342,1
4,1,0.57651347,1
4,1,0.5615424,1
4,1,0.5704082,1
4,1,0.59436077,1
4,1,0.59726053,1
4,1,0.5686891,1
4,1,0.60527045,1
4,1,0.60113657,1
4,1,0.5960646,1
4,1,0.5887529,1
4,1,0.6043202,1
4,1,0.58895105,1
4,1,0.5897186,1
4,1,0.5599869,1
4,1,0.5850525,1
4,1,0.54899985,1
4,1,0.55319136,1
4,1,0.56592655,1
4,1,0.6053612,1
4,1,0.56168485,1
4,1,0.5694814,1
4,1,0.5737817,1
4,1,0.59856164,1
4,1,0.55537283,1
4,1,0.55728096,1
4,1,0.57687074,1
4,1,0.59058493,1
4,1,0.5943582,1
4,1,0.5913782,1
4,1,0.57724166,1
4,1,0.6129675,1
4,1,0.5877387,1
4,1,0.58700716,1
4,1,0.57726187,1
4,1,0.59586203,1
4,1,0.5805259,1
4,1,0.5774861,1
4,1,0.5879405,1
4,1,0.5874908,1
4,1,0.6132866,1
4,1,0.573124,1
4,1,0.6098603,1
4,1,0.60389256,1
4,1,0.57239485,1
4,1,0.58212966,1
4,1,0.58115345,1
4,1,0.5930055,1
4,0,0.5546225,1
4,0,0.58519536,1
4,0,0.5789003,1
4,0,0.5579448,1
4,0,0.5700493,1
4,0,0.5765102,1
4,0,0.5621871,1
4,0,0.58144796,1
4,0,0.58841807,1
4,0,0.56355834,1
4,0,0.5744075,1
4,0,0.5780798,1
4,0,0.52164143,1
4,0,0.5831334,1
4,0,0.5836328,1
4,0,0.5978039,1
4,0,0.5391627,1
4,0,0.60306317,1
4,0,0.5467906,1
4,0,0.59637,1
4,0,0.5413956,1
4,0,0.5748383,1
4,0,0.5691477,1
4,0,0.5869412,1
4,0,0.57379353,1
4,0,0.56211317,1
4,0,0.5543138,1
4,0,0.5498671,1
4,0,0.54659504,1
4,0,0.5423018,1
4,0,0.57415706,1
4,0,0.5945141,1
4,0,0.6095891,1
4,0,0.6009705,1
4,0,0.6189916,1
4,0,0.60434306,1
4,0,0.59283036,1
4,0,0.6099114,1
4,0,0.61388963,1
4,0,0.5828441,1
4,0,0.5933226,1
4,0,0.6180265,1
4,0,0.56909066,1
4,0,0.58997136,1
4,0,0.5513235,1
4,0,0.5875304,1
4,0,0.5976095,1
4,0,0.5996538,1
4,0,0.60282993,1
4,0,0.58508897,1
4,0,0.6012632,1
4,0,0.59000796,1
4,0,0.62701666,1
4,0,0.61657476,1
4,0,0.5704772,1
4,0,0.6021449,1
4,0,0.5800988,1
4,0,0.5785275,1
4,0,0.57023436,1
4,0,0.5809803,1
4,0,0.5744968,1
4,0,0.55044174,1
4,0,0.5837262,1
4,0,0.58649987,1
4,0,0.5658597,1
4,0,0.5974581,1
4,0,0.61113805,1
4,0,0.5690246,1
4,0,0.59303266,1
4,0,0.5611143,1
4,0,0.54057246,1
4,0,0.5425995,1
4,0,0.57207686,1
4,0,0.5651836,1
4,0,0.59016746,1
4,0,0.59110606,1
4,0,0.609432,1
4,0,0.59701556,1
4,0,0.5930891,1
4,0,0.5602712,1
4,0,0.57272124,1
4,0,0.56510377,1
4,0,0.5849494,1
4,0,0.5999451,1
4,0,0.5901886,1
4,0,0.57870674,1
4,0,0.60490614,1
4,0,0.5444878,1
4,0,0.59435916,1
4,0,0.545491,1
4,0,0.5792574,1
4,0,0.5172102,1
4,0,0.552902,1
4,0,0.5412102,1
4,0,0.5365597,1
4,0,0.543812,1
4,0,0.5765418,1
4,0,0.59526336,1
4,0,0.567119,1
4,0,0.56967664,1
4,0,0.5683729,1
4,0,0.6034228,1
4,0,0.59624493,1
4,0,0.60744685,1
4,0,0.5723477,1
4,0,0.5890711,1
4,0,0.58485144,1
4,0,0.5814473,1
4,0,0.6039513,1
4,0,0.56721157,1
4,0,0.588506,1
4,0,0.6067505,1
4,0,0.59809095,1
4,0,0.61762923,1
4,0,0.5912982,1
4,0,0.60876423,1
4,0,0.60135996,1
4,0,0.6180151,1
4,0,0.6088053,1
4,0,0.59810627,1
4,0,0.5969317,1
4,0,0.60040194,1
4,0,0.5925216,1
4,0,0.59923345,1
4,0,0.5829489,1
4,0,0.6003665,1
4,0,0.5744593,1
4,0,0.61520934,1
4,0,0.54414964,1
4,0,0.5736977,1
4,0,0.5410035,1
4,0,0.5645257,1
4,0,0.55880725,1
4,0,0.55466014,1
4,0,0.5833155,1
4,0,0.5935447,1
4,0,0.5819163,1
4,0,0.59518385,1
4,0,0.6295583,1
4,0,0.60782516,1
4,0,0.6048613,1
4,0,0.58432287,1
4,0,0.60199815,1
4,0,0.5815601,1
4,0,0.568687,1
4,0,0.5904006,1
4,0,0.5189505,1
4,0,0.6057426,1
4,0,0.55816275,1
4,0,0.58311117,1
4,0,0.5422746,1
4,0,0.59067565,1
4,0,0.53508425,1
4,0,0.5519506,1
4,0,0.5201124,1
4,0,0.577841,1
4,0,0.5698951,1
4,0,0.5968754,1
4,0,0.60304123,1
4,0,0.5414512,1
4,0,0.5834199,1
4,0,0.5858863,1
4,0,0.5587196,1
4,0,0.5740742,1
4,0,0.5947545,1
4,0,0.5836575,1
4,0,0.5548103,1
4,0,0.55226976,1
4,0,0.57307345,1
4,0,0.59246814,1
4,0,0.56667763,1
4,0,0.5994868,1
4,0,0.5802017,1
4,0,0.581522,1
4,0,0.5826199,1
4,0,0.5716626,1
4,0,0.5810642,1
4,0,0.5741137,1
4,0,0.5811184,1
4,0,0.56585777,1
4,0,0.58453363,1
4,0,0.5880734,1
4,0,0.5919061,1
4,0,0.59763765,1
4,0,0.58440113,1
4,0,0.59980613,1
4,0,0.5886535,1
4,0,0.5899087,1
4,0,0.58678865,1
4,0,0.6037913,1
4,0,0.59730285,1
4,0,0.5949662,1
4,0,0.601351,1
4,0,0.60409284,1
4,0,0.60679936,1
4,0,0.6076371,1
4,0,0.5972964,1
4,0,0.5867013,1
4,0,0.5955525,1
4,0,0.5943031,1
4,0,0.5926513,1
4,0,0.56772065,1
4,0,0.6014805,1
4,1,0.5920288,1
4,1,0.60248315,1
4,1,0.59485835,1
4,1,0.6067192,1
4,1,0.6031691,1
4,1,0.5730002,1
4,1,0.5764147,1
4,1,0.58973545,1
4,0,0.59349114,1
4,0,0.57878584,1
4,0,0.5748048,1
4,0,0.5756459,1
4,0,0.57021356,1
4,0,0.5710917,1
4,0,0.56822747,1
4,0,0.58088267,1
4,0,0.57945496,1
4,0,0.5671765,1
4,0,0.55762076,1
4,0,0.57317424,1
4,0,0.5635894,1
4,0,0.5687716,1
4,0,0.5732216,1
4,0,0.57592684,1
4,0,0.56254905,1
4,0,0.57480454,1
4,0,0.570046,1
4,0,0.551532,1
4,0,0.5633365,1
4,0,0.5694305,1
4,0,0.57437044,1
4,0,0.5547453,1
4,0,0.571147,1
4,0,0.5781201,1
4,0,0.5648423,1
4,0,0.58856547,1
4,0,0.56544125,1
4,0,0.5847804,1
4,0,0.6011169,1
4,0,0.5767954,1
4,0,0.5881936,1
4,0,0.5720041,1
4,0,0.5729335,1
4,0,0.58583486,1
4,0,0.5718526,1
4,0,0.5808594,1
4,0,0.5808095,1
4,0,0.57291704,1
4,0,0.580084,1
4,0,0.58647895,1
4,0,0.6018711,1
4,0,0.5616121,1
4,0,0.5869631,1
4,0,0.5472693,1
4,0,0.5724044,1
4,0,0.57564616,1
4,0,0.57193553,1
4,0,0.568213,1
4,0,0.5624372,1
4,0,0.5667634,1
4,0,0.573688,1
4,0,0.55892193,1
4,0,0.5586569,1
4,0,0.5787257,1
4,0,0.5641559,1
4,0,0.563167,1
4,0,0.5703942,1
4,0,0.5775751,1
4,0,0.586236,1
4,0,0.58366877,1
4,0,0.5752758,1
4,0,0.58515453,1
4,0,0.556697,1
4,0,0.58818436,1
4,0,0.5829311,1
4,0,0.5756793,1
4,0,0.5626278,1
4,0,0.5725811,1
4,0,0.59332174,1
4,0,0.5626187,1
4,0,0.56201136,1
4,0,0.55710465,1
4,0,0.58612055,1
4,0,0.56223553,1
4,0,0.5500871,1
4,0,0.5872264,1
4,0,0.5852961,1
4,0,0.5643522,1
4,0,0.58940554,1
4,0,0.5558168,1
4,0,0.58032656,1
4,0,0.594831,1
4,0,0.6134942,1
4,0,0.54853374,1
4,0,0.56236607,1
4,0,0.5440777,1
4,0,0.575931,1
4,0,0.546666,1
4,0,0.555445,1
4,0,0.57326514,1
4,0,0.55000544,1
4,0,0.5565376,1
4,0,0.5552449,1
4,0,0.57208246,1
4,0,0.5536359,1
4,0,0.56507385,1
4,0,0.57572925,1
4,0,0.5676342,1
4,0,0.58540803,1
4,0,0.5861592,1
4,0,0.57296675,1
4,0,0.57899845,1
4,0,0.58248,1
4,0,0.60182685,1
4,0,0.5837561,1
4,0,0.5696637,1
4,0,0.5590781,1
4,0,0.5874083,1
4,0,0.55769,1
4,0,0.57887906,1
4,0,0.5877244,1
4,0,0.56586283,1
4,0,0.5697111,1
4,0,0.5757808,1
4,0,0.59042114,1
4,0,0.5881159,1
4,0,0.5763149,1
4,0,0.5757044,1
4,0,0.5992517,1
4,0,0.5650766,1
4,0,0.5677321,1
4,0,0.5803037,1
4,0,0.56840366,1
4,0,0.5693961,1
4,0,0.5738327,1
4,0,0.57844317,1
4,0,0.56558585,1
4,0,0.55455685,1
4,0,0.57948655,1
4,0,0.59167165,1
4,0,0.5716591,1
4,0,0.5638685,1
4,0,0.59770364,1
4,0,0.5685706,1
4,0,0.58860826,1
4,0,0.5971872,1
4,0,0.5689827,1
4,0,0.6044728,1
4,0,0.6008975,1
4,0,0.5961963,1
4,0,0.5880425,1
4,0,0.6035553,1
4,0,0.58906037,1
4,0,0.5888906,1
4,0,0.5589339,1
4,0,0.59465486,1
4,0,0.5443835,1
4,0,0.5735979,1
4,0,0.5471325,1
4,0,0.5617274,1
4,0,0.5623811,1
4,0,0.53378767,1
4,0,0.5644668,1
4,0,0.56271285,1
4,0,0.53945476,1
4,0,0.541828,1
4,0,0.56765175,1
4,0,0.58034146,1
4,0,0.54027784,1
4,0,0.5560653,1
4,0,0.58301914,1
4,0,0.6044995,1
4,0,0.55386084,1
4,0,0.58319384,1
4,0,0.574927,1
4,0,0.58134896,1
4,0,0.5828194,1
4,0,0.57112825,1
4,0,0.5844717,1
4,0,0.5616806,1
4,0,0.5843289,1
4,0,0.58645946,1
4,0,0.5561621,1
4,0,0.5985765,1
4,0,0.5674259,1
4,0,0.5775723,1
4,0,0.5723135,1
4,0,0.56950825,1
4,0,0.58032215,1
4,0,0.5438209,1
4,0,0.5424539,1
4,0,0.58468133,1
4,0,0.5490041,1
4,0,0.55267376,1
4,0,0.5653295,1
4,0,0.6052668,1
4,0,0.5610635,1
4,0,0.56972784,1
4,0,0.57322305,1
4,0,0.59843284,1
4,0,0.5548479,1
4,0,0.5576016,1
4,0,0.5592423,1
4,0,0.54471797,1
4,0,0.5475712,1
4,0,0.5601869,1
4,0,0.5523393,1
4,0,0.5684277,1
4,0,0.56054085,1
4,0,0.57011294,1
4,0,0.5501453,1
4,0,0.5430934,1
4,0,0.5498428,1
4,0,0.56940365,1
4,0,0.56121564,1
4,0,0.5873703,1
4,0,0.5652988,1
4,0,0.5842275,1
4,0,0.56352675,1
4,0,0.57064384,1
4,0,0.5684524,1
4,0,0.57727814,1
4,0,0.5760283,1
4,0,0.53751785,1
4,0,0.57430524,1
4,0,0.5762955,1
4,0,0.57244223,1
4,0,0.58692014,1
4,0,0.5912116,1
4,0,0.5768454,1
4,0,0.5903044,1
4,0,0.5938535,1
4,0,0.5909662,1
4,0,0.5775534,1
4,0,0.61316174,1
4,0,0.5871088,1
4,0,0.58695394,1
4,0,0.57706994,1
4,0,0.59580797,1
4,0,0.58073324,1
4,0,0.57723004,1
4,0,0.60073775,1
4,0,0.5745736,1
4,0,0.5814275,1
4,0,0.5753191,1
4,0,0.57737654,1
4,0,0.5811491,1
4,0,0.56768876,1
4,0,0.60808164,1
4,0,0.58529437,1
4,0,0.58734703,1
4,0,0.58640486,1
4,0,0.6132632,1
4,0,0.5722914,1
4,0,0.6088422,1
4,0,0.6032752,1
4,0,0.5718216,1
4,0,0.58164,1
4,0,0.58021873,1
4,0,0.5931121,1
4,0,0.5548921,1
4,0,0.5820165,1
4,0,0.5849759,1
4,0,0.5648624,1
4,0,0.554229,1
4,0,0.5837666,1
4,0,0.5794511,1
4,0,0.5570204,1
4,0,0.56945086,1
4,0,0.5755162,1
4,0,0.5618242,1
4,0,0.5812816,1
4,0,0.587767,1
4,0,0.5631992,1
4,0,0.57412976,1
4,0,0.57779884,1
4,0,0.57723206,1
4,0,0.5554643,1
4,0,0.5532901,1
4,0,0.5835103,1
4,0,0.5648841,1
4,0,0.56071466,1
4,0,0.5842285,1
4,0,0.58402413,1
4,0,0.58577096,1
4,0,0.5626011,1
4,0,0.5871634,1
4,0,0.5945721,1
4,0,0.5568923,1
4,0,0.5856328,1
4,0,0.5843534,1
4,0,0.59424865,1
4,0,0.57681006,1
4,0,0.5900784,1
4,0,0.58099467,1
4,0,0.58332133,1
4,0,0.5752527,1
4,0,0.5655411,1
4,0,0.54096484,1
4,1,0.55827427,1
4,1,0.54873157,1
4,1,0.5569508,1
4,1,0.5579902,1
4,1,0.5679758,1
4,1,0.5619426,1
4,1,0.5582817,1
4,1,0.5280968,1
4,1,0.5863283,1
4,1,0.62299824,1
4,1,0.5414286,1
4,1,0.6073329,1
4,1,0.5418345,1
4,1,0.5940238,1
4,1,0.5349327,1
4,1,0.5640456,1
4,1,0.58604604,1
4,1,0.5955879,1
4,1,0.5800055,1
4,1,0.60154116,1
4,1,0.56208915,1
4,1,0.60933346,1
4,1,0.5767173,1
4,1,0.60652775,1
4,1,0.5701585,1
4,1,0.5840841,1
4,1,0.5867662,1
4,1,0.5909841,1
4,1,0.5753371,1
4,1,0.6104103,1
4,1,0.5776981,1
4,1,0.6096721,1
4,1,0.5766325,1
4,1,0.60144174,1
4,1,0.57469124,1
4,1,0.6057493,1
4,1,0.5912171,1
4,1,0.60063887,1
4,1,0.57075137,1
4,1,0.52554536,1
4,1,0.5618753,1
4,1,0.5425396,1
4,1,0.54596263,1
4,1,0.5196885,1
4,1,0.51008517,1
4,1,0.5295261,1
4,1,0.50496435,1
4,1,0.5629336,1
4,1,0.5739549,1
4,1,0.5619608,1
4,1,0.5521577,1
4,1,0.56270635,1
4,1,0.5558777,1
4,1,0.5821315,1
4,1,0.55824274,1
4,1,0.5883938,1
4,1,0.5390319,1
4,1,0.5422664,1
4,1,0.55141824,1
4,1,0.5695707,1
4,1,0.57138425,1
4,1,0.5611294,1
4,1,0.5724625,1
4,1,0.5112166,1
4,1,0.52578413,1
4,1,0.5137226,1
4,1,0.5304153,1
4,1,0.5418344,1
4,1,0.53647447,1
4,1,0.53960943,1
4,1,0.54223776,1
4,0,0.53118205,1
4,0,0.55853474,1
4,0,0.55264056,1
4,0,0.5354277,1
4,0,0.5464866,1
4,0,0.5695886,1
4,0,0.512476,1
4,0,0.5077373,1
4,0,0.5636666,1
4,0,0.56529146,1
4,0,0.5623588,1
4,0,0.53685576,1
4,0,0.5708084,1
4,0,0.5437692,1
4,0,0.5356625,1
5,1,0.63613504,1
5,1,0.6351655,1
5,1,0.6286883,1
5,1,0.6443904,1
5,1,0.65189284,1
5,1,0.63954264,1
5,1,0.63514096,1
5,1,0.6214214,1
5,1,0.63572776,1
5,1,0.65120655,1
5,1,0.6380751,1
5,1,0.6343362,1
5,1,0.632224,1
5,1,0.6355037,1
5,1,0.6275188,1
5,1,0.6242423,1
5,1,0.62883514,1
5,1,0.5549836,1
5,1,0.5115423,1
5,1,0.51996267,1
5,1,0.5194147,1
5,1,0.5116923,1
5,1,0.47273988,0
5,1,0.5285816,1
5,1,0.5568238,1
5,1,0.50212854,1
5,1,0.52005804,1
5,1,0.5462064,1
5,1,0.49074805,0
5,1,0.53824455,1
5,1,0.5039505,1
5,1,0.5314163,1
5,1,0.5506551,1
5,1,0.5458098,1
5,0,0.55423605,1
5,0,0.5508234,1
5,0,0.5762818,1
5,0,0.5615196,1
5,0,0.5486706,1
5,0,0.5600818,1
5,0,0.5890678,1
5,0,0.5512127,1
5,0,0.60601735,1
5,0,0.5534801,1
5,0,0.51693684,1
5,0,0.5593688,1
5,0,0.57032484,1
5,0,0.5300619,1
5,0,0.51360226,1
5,0,0.48358425,0
5,0,0.5252254,1
5,0,0.54033613,1
5,0,0.49292317,0
5,0,0.50925255,1
5,0,0.49313667,0
5,0,0.50446296,1
5,0,0.4990501,0
5,0,0.5352193,1
5,0,0.56607014,1
5,0,0.53281516,1
5,0,0.5597603,1
5,0,0.57884884,1
5,0,0.5540686,1
5,0,0.5669481,1
5,0,0.5613542,1
5,0,0.5397569,1
5,0,0.53053623,1
5,0,0.5744309,1
5,0,0.54398984,1
5,0,0.5534467,1
5,0,0.5248953,1
5,0,0.50305575,1
5,0,0.5408042,1
5,0,0.5130176,1
5,0,0.5200767,1
5,0,0.4984322,0
5,0,0.5277041,1
5,0,0.5045871,1
5,0,0.50713325,1
5,0,0.5308843,1
5,0,0.57095534,1
5,0,0.5562733,1
5,0,0.5807483,1
5,0,0.5609019,1
5,0,0.5658726,1
5,0,0.54464227,1
5,0,0.53385246,1
5,0,0.5086715,1
5,0,0.50856364,1
5,0,0.503035,1
5,0,0.49786925,0
5,0,0.5075294,1
5,0,0.53626686,1
5,0,0.5066928,1
5,0,0.51018864,1
5,0,0.52072597,1
5,0,0.5471686,1
5,0,0.56527364,1
5,0,0.53730965,1
5,0,0.578645,1
5,0,0.61397016,1
5,0,0.57558686,1
5,0,0.56501997,1
5,0,0.55626845,1
5,0,0.5731187,1
5,0,0.58128166,1
5,0,0.5460969,1
5,0,0.5660282,1
5,0,0.57298374,1
5,0,0.57901084,1
5,0,0.576377,1
5,0,0.56136775,1
5,0,0.5885319,1
5,0,0.57400703,1
5,0,0.58068573,1
5,0,0.6091096,1
5,0,0.600825,1
5,0,0.55032986,1
5,0,0.5783019,1
5,0,0.5884109,1
5,0,0.5562998,1
5,0,0.6001043,1
5,0,0.60011435,1
5,0,0.58374196,1
5,0,0.5432222,1
5,0,0.5307112,1
5,0,0.5587456,1
5,0,0.5836701,1
5,0,0.62307256,1
5,0,0.56681436,1
5,0,0.6097769,1
5,0,0.5481861,1
5,0,0.5879667,1
5,0,0.6126975,1
5,0,0.6007969,1
5,0,0.5472316,1
5,0,0.59589887,1
5,0,0.60984534,1
5,0,0.5947706,1
5,0,0.579274,1
5,0,0.55922854,1
5,0,0.5740454,1
5,0,0.5191088,1
5,0,0.53760123,1
5,0,0.5214446,1
5,0,0.57949024,1
5,0,0.58227384,1
5,0,0.6041483,1
5,0,0.6119731,1
5,0,0.5516757,1
5,0,0.5911155,1
5,0,0.4923986,0
5,0,0.57411194,1
5,0,0.57925,1
5,0,0.6157212,1
5,0,0.62144816,1
5,0,0.6168857,1
5,0,0.57318723,1
5,0,0.58956105,1
5,0,0.5582211,1
5,0,0.5736589,1
5,0,0.5881865,1
5,0,0.6030123,1
5,0,0.55318373,1
5,0,0.5993441,1
5,0,0.54550374,1
5,0,0.5590758,1
5,0,0.55843925,1
5,0,0.55854607,1
5,0,0.6241781,1
5,0,0.58044165,1
5,0,0.5327304,1
5,0,0.5757508,1
5,0,0.5183411,1
5,0,0.5608117,1
5,0,0.53873926,1
5,0,0.59487987,1
5,0,0.59323174,1
5,0,0.5836701,1
5,0,0.5946671,1
5,0,0.6047407,1
5,0,0.5707598,1
5,0,0.57012856,1
5,0,0.59719235,1
5,0,0.59980345,1
5,0,0.58148104,1
5,0,0.53974354,1
5,0,0.5217252,1
5,0,0.5836369,1
5,0,0.58788764,1
5,0,0.52114105,1
5,0,0.5150749,1
5,0,0.5539158,1
5,0,0.5564719,1
5,0,0.57940763,1
5,0,0.5328811,1
5,0,0.5741828,1
5,0,0.5409028,1
5,0,0.588292,1
5,0,0.55636656,1
5,0,0.5435615,1
5,0,0.56796825,1
5,0,0.54858786,1
5,0,0.56674063,1
5,0,0.56934065,1
5,0,0.5449347,1
5,0,0.51209426,1
5,0,0.53177464,1
5,0,0.52836764,1
5,0,0.52963257,1
5,0,0.57679695,1
5,0,0.6008989,1
5,0,0.5518394,1
5,0,0.6133229,1
5,0,0.5823089,1
5,0,0.584384,1
5,0,0.564569,1
5,0,0.56727856,1
5,0,0.52663314,1
5,0,0.5414086,1
5,0,0.54254496,1
5,0,0.51295626,1
5,0,0.50980836,1
5,0,0.5458211,1
5,0,0.568024,1
5,0,0.57548064,1
5,0,0.55579716,1
5,0,0.55904794,1
5,0,0.5285307,1
5,0,0.55331755,1
5,0,0.55888796,1
5,0,0.5348987,1
5,0,0.59295374,1
5,0,0.59529436,1
5,0,0.5462084,1
5,0,0.5599947,1
5,0,0.577962,1
5,0,0.5838588,1
5,0,0.5468615,1
5,0,0.586325,1
5,0,0.552909,1
5,0,0.5479902,1
5,0,0.5262034,1
5,0,0.55742264,1
5,0,0.57184327,1
5,0,0.55635285,1
5,0,0.56886834,1
5,0,0.56715536,1
5,0,0.542789,1
5,0,0.53932405,1
5,0,0.58093286,1
5,0,0.5712424,1
5,0,0.552605,1
5,0,0.5646145,1
5,0,0.583959,1
5,0,0.57069963,1
5,0,0.6122616,1
5,0,0.5969289,1
5,0,0.54011166,1
5,0,0.5807379,1
5,0,0.5965439,1
5,0,0.5710755,1
5,0,0.5956937,1
5,0,0.5282811,1
5,0,0.57202584,1
5,0,0.50971407,1
5,0,0.54928845,1
5,0,0.53137463,1
5,0,0.5703771,1
5,0,0.545207,1
5,0,0.5943312,1
5,0,0.5933836,1
5,0,0.5980559,1
5,0,0.5844168,1
5,0,0.5606858,1
5,0,0.5504536,1
5,0,0.5680343,1
5,0,0.5089333,1
5,0,0.5714537,1
5,0,0.5569279,1
5,0,0.49930784,0
5,0,0.53935283,1
5,0,0.5361738,1
5,0,0.5418572,1
5,0,0.4876295,0
5,0,0.5079746,1
5,0,0.56643414,1
5,0,0.5766187,1
5,0,0.58525944,1
5,0,0.5844621,1
5,0,0.53390765,1
5,0,0.5830912,1
5,0,0.5839821,1
5,0,0.581904,1
5,0,0.5646254,1
5,0,0.5750077,1
5,0,0.5608533,1
5,0,0.56979346,1
5,0,0.5804574,1
5,0,0.571822,1
5,0,0.6118669,1
5,0,0.6001077,1
5,0,0.600891,1
5,0,0.5905813,1
5,0,0.61309856,1
5,0,0.60613334,1
5,0,0.5982351,1
5,0,0.6130012,1
5,0,0.6078329,1
5,0,0.5846061,1
5,0,0.58093065,1
5,0,0.5755928,1
5,0,0.56822276,1
5,0,0.5501026,1
5,0,0.5606229,1
5,0,0.5440781,1
5,0,0.56195164,1
5,0,0.554215,1
5,0,0.5598363,1
5,0,0.57052636,1
5,0,0.5898689,1
5,0,0.57867,1
5,0,0.5983253,1
5,0,0.6048308,1
5,0,0.59091955,1
5,0,0.6084685,1
5,0,0.5807459,1
5,0,0.6033417,1
5,0,0.60222155,1
5,0,0.60570985,1
5,0,0.6166298,1
5,0,0.6024315,1
5,0,0.61070454,1
5,0,0.61156845,1
5,0,0.6300453,1
5,0,0.61665916,1
5,0,0.63625324,1
5,0,0.61810637,1
5,0,0.6167051,1
5,0,0.6177255,1
5,0,0.6090427,1
5,0,0.6214655,1
5,0,0.6219215,1
5,0,0.6158562,1
5,0,0.61227447,1
5,0,0.617079,1
5,0,0.6103533,1
5,0,0.6145406,1
5,0,0.6311058,1
5,0,0.6136841,1
5,0,0.63112146,1
5,0,0.61950904,1
5,0,0.62240314,1
5,0,0.62251025,1
5,0,0.62126416,1
5,0,0.62886477,1
5,0,0.6067561,1
5,0,0.6183059,1
5,0,0.59424895,1
5,0,0.610216,1
5,0,0.6063043,1
5,0,0.6067297,1
5,0,0.58002853,1
5,0,0.6187178,1
5,0,0.6237885,1
5,0,0.6018227,1
5,0,0.61480004,1
5,0,0.6276048,1
5,0,0.6124871,1
5,0,0.6191383,1
5,0,0.60890424,1
5,0,0.61373955,1
5,0,0.6229938,1
5,0,0.6184296,1
5,0,0.63365656,1
5,0,0.6177587,1
5,0,0.63089603,1
5,0,0.620841,1
5,0,0.62137264,1
5,0,0.6492586,1
5,0,0.62487006,1
5,0,0.6361828,1
5,0,0.6514964,1
5,0,0.6374921,1
5,0,0.63742226,1
5,0,0.62416947,1
5,0,0.6234638,1
5,0,0.62139136,1
5,0,0.6213601,1
5,0,0.6244037,1
5,0,0.64283055,1
5,0,0.61400026,1
5,0,0.6385816,1
5,0,0.62149364,1
5,0,0.58677185,1
5,0,0.64185,1
5,0,0.6282763,1
5,0,0.5732969,1
5,0,0.5831897,1
5,0,0.58520824,1
5,0,0.6443657,1
5,0,0.59235036,1
5,0,0.54948556,1
5,0,0.6016903,1
5,0,0.61082786,1
5,0,0.5807175,1
5,0,0.59600264,1
5,0,0.59870726,1
5,0,0.6039414,1
5,0,0.60194796,1
5,0,0.6175758,1
5,0,0.6132641,1
5,1,0.6274996,1
5,1,0.6128446,1
5,1,0.62320405,1
5,1,0.6177996,1
5,1,0.6416294,1
5,1,0.61285865,1
5,1,0.6343536,1
5,1,0.6184084,1
5,1,0.62167615,1
5,1,0.6232014,1
5,1,0.6023958,1
5,1,0.6299289,1
5,1,0.6164188,1
5,1,0.6291271,1
5,1,0.6179862,1
5,1,0.63439494,1
5,1,0.6182074,1
5,1,0.58860743,1
5,1,0.53591865,1
5,1,0.57538,1
5,1,0.57901895,1
5,1,0.5850858,1
5,1,0.5529999,1
5,1,0.53809726,1
5,1,0.5456051,1
5,1,0.537825,1
5,1,0.55125475,1
5,1,0.513013,1
5,1,0.54589117,1
5,1,0.5293875,1
5,1,0.5355771,1
5,1,0.526006,1
5,1,0.53983617,1
5,1,0.5560849,1
5,1,0.5604435,1
5,1,0.55146265,1
5,1,0.5710851,1
5,1,0.5701714,1
5,1,0.56577384,1
5,1,0.53365064,1
5,1,0.57695776,1
5,1,0.59189767,1
5,1,0.5656397,1
5,1,0.5719034,1
5,1,0.54425186,1
5,1,0.55830956,1
5,1,0.57230616,1
5,1,0.5822362,1
5,1,0.5906503,1
5,1,0.5141107,1
5,1,0.5397566,1
5,1,0.5219814,1
5,1,0.52157253,1
5,1,0.5587935,1
5,1,0.54039174,1
5,1,0.5590388,1
5,1,0.54550266,1
5,1,0.57237977,1
5,1,0.55458593,1
5,1,0.5488143,1
5,1,0.5748884,1
5,1,0.5656718,1
5,1,0.5591469,1
5,1,0.5568013,1
5,1,0.5681196,1
5,1,0.56121916,1
5,1,0.5598918,1
5,1,0.5479485,1
5,1,0.5911248,1
5,1,0.6040172,1
5,1,0.61200386,1
5,1,0.591305,1
5,1,0.5709715,1
5,1,0.58180344,1
5,1,0.60625786,1
5,1,0.5837101,1
5,1,0.5605071,1
5,1,0.591052,1
5,1,0.5885788,1
5,1,0.5844923,1
5,1,0.59909683,1
5,1,0.6156612,1
5,1,0.5407444,1
5,1,0.58039707,1
5,1,0.58184767,1
5,1,0.5619906,1
5,1,0.5894035,1
5,1,0.59324944,1
5,1,0.52517164,1
5,1,0.54615027,1
5,1,0.5880676,1
5,1,0.58699816,1
5,1,0.5402799,1
5,1,0.58917373,1
5,1,0.57751185,1
5,1,0.5759426,1
5,1,0.61774,1
5,1,0.56316805,1
5,1,0.5818639,1
5,1,0.5247733,1
5,1,0.46534348,0
5,1,0.51910114,1
5,1,0.46679744,0
5,1,0.48194692,0
5,1,0.51471865,1
5,1,0.5324067,1
5,1,0.48944992,0
5,1,0.53390026,1
5,1,0.49258405,0
5,1,0.44815284,0
5,1,0.49814683,0
5,1,0.46506828,0
5,1,0.489319,0
5,1,0.46746027,0
5,1,0.4755469,0
5,1,0.5025616,1
5,1,0.4959425,0
5,1,0.4555802,0
5,1,0.48478,0
5,1,0.4833847,0
5,1,0.4884146,0
5,1,0.47668815,0
5,1,0.5085845,1
5,1,0.51435804,1
5,1,0.53228956,1
5,1,0.52321285,1
5,1,0.46687433,0
5,1,0.5136541,1
5,1,0.4762192,0
5,1,0.5102732,1
5,1,0.5119099,1
5,1,0.53111947,1
5,1,0.5285677,1
5,1,0.53400517,1
5,1,0.55149484,1
5,1,0.567066,1
5,1,0.5584707,1
5,1,0.5341841,1
5,1,0.53794223,1
5,1,0.5562896,1
5,1,0.55175453,1
5,1,0.54522765,1
5,1,0.5401738,1
5,1,0.5910032,1
5,1,0.5529645,1
5,1,0.5648316,1
5,1,0.56396496,1
5,1,0.56808376,1
5,1,0.55712473,1
5,1,0.58012295,1
5,1,0.5745797,1
5,1,0.57714057,1
5,1,0.60282046,1
5,1,0.5603466,1
5,1,0.58486724,1
5,1,0.5789169,1
5,1,0.600107,1
5,1,0.59261245,1
5,1,0.5859244,1
5,1,0.58265185,1
5,1,0.5702084,1
5,1,0.5608625,1
5,1,0.5846176,1
5,1,0.5868543,1
5,1,0.5751367,1
5,1,0.5772927,1
5,1,0.6057353,1
5,1,0.60002214,1
5,1,0.5889405,1
5,1,0.59051305,1
5,1,0.58963895,1
5,1,0.59616137,1
5,1,0.56907105,1
5,1,0.57453656,1
5,1,0.58699685,1
5,1,0.5745965,1
5,1,0.56489754,1
5,1,0.57560337,1
5,1,0.5426496,1
5,1,0.57106715,1
5,1,0.5615945,1
5,1,0.538597,1
5,1,0.592869,1
5,1,0.5985651,1
5,1,0.5593047,1
5,1,0.58273524,1
5,1,0.5619774,1
5,1,0.57795334,1
5,1,0.5778151,1
5,1,0.5350459,1
5,1,0.58088136,1
5,1,0.59578764,1
5,1,0.58621544,1
5,1,0.56865716,1
5,1,0.5730084,1
5,1,0.56716126,1
5,1,0.55536765,1
5,1,0.5768367,1
5,1,0.5723299,1
5,1,0.6067174,1
5,1,0.59333557,1
5,1,0.5960663,1
5,1,0.5813913,1
5,1,0.59279746,1
5,1,0.60158503,1
5,1,0.57384497,1
5,1,0.6259736,1
5,1,0.57321167,1
5,1,0.58652806,1
5,1,0.5812599,1
5,1,0.5947239,1
5,1,0.5897385,1
5,1,0.5916813,1
5,1,0.60404986,1
5,1,0.6116074,1
5,1,0.59079546,1
5,1,0.5703768,1
5,1,0.5817703,1
5,1,0.6060567,1
5,1,0.58361614,1
5,1,0.55965966,1
5,1,0.59035397,1
5,1,0.58789206,1
5,1,0.5551421,1
5,1,0.58037716,1
5,1,0.5761242,1
5,1,0.58803904,1
5,1,0.5720624,1
5,1,0.5975693,1
5,1,0.58943135,1
5,1,0.5783416,1
5,1,0.59629136,1
5,1,0.56055665,1
5,1,0.5852916,1
5,1,0.58368975,1
5,1,0.5358603,1
5,1,0.56920475,1
5,1,0.58051467,1
5,1,0.56459343,1
5,1,0.5457328,1
5,1,0.5766146,1
5,1,0.5612874,1
5,1,0.54650617,1
5,1,0.57101166,1
5,1,0.5864802,1
5,1,0.58769065,1
5,1,0.5398236,1
5,1,0.58728534,1
5,1,0.5771809,1
5,1,0.5758691,1
5,1,0.6157251,1
5,1,0.56264335,1
5,1,0.58245224,1
5,1,0.5872514,1
5,1,0.5543054,1
5,1,0.5895279,1
5,1,0.5789725,1
5,1,0.5707476,1
5,1,0.5837722,1
5,1,0.5671463,1
5,1,0.574002,1
5,1,0.60573614,1
5,1,0.5737556,1
5,1,0.56697756,1
5,1,0.5870762,1
5,1,0.5856216,1
5,1,0.57674015,1
5,1,0.569677,1
5,1,0.58151764,1
5,1,0.58248425,1
5,1,0.5652579,1
5,1,0.55774724,1
5,1,0.5403573,1
5,1,0.58543146,1
5,1,0.5794939,1
5,1,0.59092176,1
5,1,0.5922591,1
5,1,0.5888564,1
5,1,0.59462845,1
5,1,0.5810374,1
5,1,0.5866279,1
5,1,0.6030271,1
5,1,0.5704481,1
5,1,0.5717219,1
5,1,0.5879972,1
5,1,0.5671297,1
5,1,0.60557115,1
5,1,0.56235087,1
5,1,0.59221154,1
5,1,0.57270974,1
5,1,0.557151,1
5,1,0.57765055,1
5,1,0.5839211,1
5,1,0.600564,1
5,0,0.6286663,1
5,0,0.64317536,1
5,0,0.6166874,1
5,0,0.64907974,1
5,0,0.63584024,1
5,0,0.63863444,1
5,0,0.6350827,1
5,0,0.65967166,1
5,0,0.63122374,1
5,0,0.6349519,1
5,0,0.63944083,1
5,0,0.62087744,1
5,0,0.64920866,1
5,0,0.617697,1
5,0,0.6452291,1
5,0,0.6365647,1
5,0,0.63662094,1
5,0,0.6407061,1
5,0,0.6497918,1
5,0,0.6211675,1
5,0,0.64297014,1
5,0,0.64376265,1
5,0,0.6375991,1
5,0,0.6452773,1
5,0,0.6338446,1
5,0,0.6560663,1
5,0,0.6704274,1
5,0,0.6638461,1
5,0,0.6468481,1
5,0,0.6358682,1
5,0,0.64809865,1
5,0,0.6548784,1
5,0,0.65128255,1
5,0,0.6436356,1
5,0,0.6354834,1
5,0,0.649009,1
5,0,0.63753146,1
5,0,0.6514913,1
5,0,0.62949175,1
5,0,0.6560315,1
5,0,0.6228041,1
5,0,0.64984256,1
5,0,0.65731776,1
5,0,0.63158375,1
5,0,0.6617946,1
5,0,0.66664845,1
5,0,0.63699615,1
5,0,0.64188904,1
5,0,0.65282696,1
5,0,0.6433654,1
5,0,0.63905096,1
5,0,0.6379452,1
5,0,0.66190344,1
5,0,0.65211976,1
5,0,0.6467101,1
5,0,0.67435133,1
5,0,0.6690063,1
5,0,0.6377105,1
5,0,0.6473748,1
5,0,0.63178116,1
5,0,0.6420066,1
5,0,0.6241459,1
5,0,0.63801414,1
5,0,0.63152754,1
5,0,0.63938206,1
5,0,0.6353342,1
5,0,0.6387459,1
5,0,0.6345785,1
5,0,0.633885,1
5,0,0.64071965,1
5,0,0.63758045,1
5,0,0.64231557,1
5,0,0.6602865,1
5,0,0.64036924,1
5,0,0.63247526,1
5,0,0.65701455,1
5,0,0.6629242,1
5,0,0.6488448,1
5,0,0.65075123,1
5,0,0.6481366,1
5,0,0.6483956,1
5,0,0.6638887,1
5,0,0.6279735,1
5,0,0.6537413,1
5,0,0.63289946,1
5,0,0.63381964,1
5,0,0.63673884,1
5,0,0.63897866,1
5,0,0.64800715,1
5,0,0.6557177,1
5,0,0.65107155,1
5,0,0.6535932,1
5,0,0.6386637,1
5,0,0.6583036,1
5,0,0.6604027,1
5,0,0.6437629,1
5,0,0.65187687,1
5,0,0.6414429,1
5,0,0.6304667,1
5,0,0.6442041,1
5,0,0.6410715,1
5,0,0.65685314,1
5,1,0.6527744,1
5,1,0.6598279,1
5,1,0.638435,1
5,1,0.66722065,1
5,1,0.65309817,1
5,1,0.65766555,1
5,1,0.64332145,1
5,1,0.65775317,1
5,1,0.6273523,1
5,1,0.6458806,1
5,1,0.6532744,1
5,1,0.62267214,1
5,1,0.6494669,1
5,1,0.6629529,1
5,1,0.63694996,1
5,1,0.66022,1
5,1,0.64606184,1
5,1,0.6426339,1
5,0,0.6404149,1
5,0,0.63818395,1
5,0,0.65730685,1
5,0,0.66113853,1
5,0,0.65217036,1
5,0,0.6527574,1
5,0,0.64766675,1
5,0,0.64176893,1
5,0,0.65794367,1
5,0,0.6585898,1
5,0,0.65994674,1
5,0,0.6446651,1
5,0,0.6393567,1
5,0,0.6374499,1
5,0,0.68441504,1
5,0,0.6471193,1
5,0,0.63613945,1
5,0,0.65317714,1
5,0,0.6644322,1
5,0,0.6457051,1
5,0,0.66847366,1
5,0,0.66465735,1
5,0,0.6474121,1
5,0,0.6528651,1
5,0,0.6489905,1
5,0,0.66516393,1
5,0,0.6634789,1
5,0,0.66214263,1
5,0,0.66452134,1
5,0,0.66251683,1
5,0,0.647155,1
5,0,0.6757189,1
5,0,0.6483384,1
5,0,0.6676384,1
5,0,0.6603401,1
5,0,0.6587953,1
5,0,0.6730423,1
5,0,0.6450561,1
5,0,0.6747295,1
5,0,0.6768613,1
5,0,0.6565037,1
5,0,0.63946044,1
5,0,0.64883673,1
5,0,0.6561917,1
5,0,0.6584374,1
5,0,0.6591581,1
5,0,0.6634062,1
5,0,0.65090275,1
5,0,0.6466464,1
5,0,0.6673307,1
5,0,0.6593578,1
5,0,0.67234385,1
5,0,0.65584564,1
5,0,0.6778335,1
5,0,0.6667992,1
5,0,0.65848374,1
5,0,0.6614487,1
5,0,0.6522998,1
5,0,0.6657505,1
5,0,0.6498024,1
5,0,0.6618575,1
5,0,0.6589552,1
5,0,0.6474232,1
5,0,0.6514491,1
5,0,0.64995563,1
5,0,0.6552381,1
5,0,0.64942616,1
5,0,0.65677166,1
5,0,0.64912236,1
5,0,0.64546263,1
5,0,0.65438795,1
5,0,0.6416315,1
5,0,0.6415113,1
5,0,0.6551545,1
5,0,0.6446001,1
5,0,0.65521073,1
5,0,0.65886277,1
5,0,0.65166384,1
5,0,0.67768323,1
5,0,0.6613974,1
5,0,0.64190793,1
5,0,0.650753,1
5,0,0.6565675,1
5,0,0.63982904,1
5,0,0.6400331,1
5,0,0.6468262,1
5,0,0.6246442,1
5,0,0.6417415,1
5,0,0.6294172,1
5,0,0.64511704,1
5,0,0.6349929,1
5,0,0.6298285,1
5,0,0.62919253,1
5,0,0.6349104,1
5,0,0.6257423,1
5,0,0.6244366,1
5,0,0.6342393,1
5,0,0.637068,1
5,0,0.6326841,1
5,0,0.6337307,1
5,0,0.63202196,1
5,0,0.649607,1
5,0,0.64747065,1
5,0,0.65611553,1
5,0,0.63483405,1
5,1,0.6546492,1
5,1,0.6518581,1
5,1,0.6348832,1
5,1,0.65674245,1
5,1,0.641699,1
5,1,0.63853467,1
5,1,0.6364801,1
5,1,0.6589122,1
5,1,0.624696,1
5,1,0.6343965,1
5,1,0.66337705,1
5,1,0.65837383,1
5,1,0.6216452,1
5,1,0.58546036,1
5,1,0.6194185,1
5,1,0.585198,1
5,1,0.5512406,1
5,1,0.5965729,1
5,1,0.598935,1
5,1,0.5823665,1
5,1,0.5757032,1
5,1,0.6098165,1
5,1,0.5658847,1
5,1,0.5646016,1
5,1,0.60795534,1
5,1,0.55956995,1
5,1,0.549804,1
5,1,0.56381965,1
5,0,0.5818735,1
5,0,0.5820119,1
5,0,0.6090235,1
5,0,0.61710083,1
5,0,0.5633995,1
5,0,0.61927384,1
5,0,0.5757906,1
5,0,0.6078184,1
5,0,0.5614219,1
5,0,0.6157492,1
5,0,0.55927235,1
5,0,0.56950575,1
5,0,0.620695,1
5,0,0.6051454,1
5,0,0.6091878,1
5,0,0.6035697,1
5,0,0.5851826,1
5,0,0.55537844,1
5,0,0.58090526,1
5,0,0.5678546,1
5,0,0.60906816,1
5,0,0.6043825,1
5,0,0.624398,1
5,0,0.5872248,1
5,0,0.61067986,1
5,0,0.6034232,1
5,0,0.5800005,1
5,0,0.61774635,1
5,0,0.56867075,1
5,0,0.6041398,1
5,0,0.5697499,1
5,0,0.6046778,1
5,0,0.5902632,1
5,0,0.57464683,1
5,0,0.5849409,1
5,0,0.5823851,1
5,0,0.59830934,1
5,0,0.59076095,1
5,0,0.5658175,1
5,0,0.59340316,1
5,0,0.59735584,1
5,0,0.61453444,1
5,0,0.63203263,1
5,0,0.61685205,1
5,0,0.62808514,1
5,0,0.6056845,1
5,0,0.60233384,1
5,0,0.60426867,1
5,0,0.6197277,1
5,0,0.5722652,1
5,0,0.60331076,1
5,0,0.54780084,1
5,0,0.6021855,1
5,0,0.5499391,1
5,0,0.5896738,1
5,0,0.5537174,1
5,0,0.5742573,1
5,0,0.6106003,1
5,0,0.61265445,1
5,0,0.60955215,1
5,0,0.57766896,1
5,0,0.5719115,1
5,0,0.5966139,1
5,0,0.5728034,1
5,0,0.601012,1
5,0,0.5550997,1
5,0,0.5821175,1
5,0,0.57598597,1
5,0,0.60480934,1
5,0,0.6181839,1
5,0,0.6113431,1
5,0,0.6121043,1
5,0,0.6125871,1
5,0,0.60610217,1
5,0,0.61348355,1
5,0,0.58803564,1
5,0,0.5917246,1
5,0,0.5676737,1
5,0,0.5874625,1
5,0,0.58633655,1
5,0,0.5824953,1
5,0,0.5484832,1
5,0,0.585905,1
5,0,0.5537035,1
5,0,0.5975876,1
5,0,0.5937489,1
5,0,0.59695846,1
5,0,0.5899055,1
5,0,0.6039187,1
5,0,0.561927,1
5,0,0.544382,1
5,0,0.5734486,1
5,0,0.57689226,1
5,0,0.5231006,1
5,0,0.58106315,1
5,0,0.5127119,1
5,0,0.5555295,1
5,0,0.53123415,1
5,0,0.5622447,1
5,0,0.55844384,1
5,0,0.57608247,1
5,0,0.5890695,1
5,1,0.58045447,1
5,1,0.60860676,1
5,1,0.57417107,1
5,1,0.5516494,1
5,1,0.58935237,1
5,1,0.5493254,1
5,1,0.577864,1
5,1,0.57773465,1
5,1,0.5943119,1
5,1,0.57621163,1
5,1,0.568514,1
5,1,0.5904307,1
5,1,0.5844697,1
5,1,0.5783254,1
5,1,0.5766758,1
5,1,0.5882445,1
5,1,0.5732696,1
5,1,0.56777847,1
5,0,0.5869875,1
5,0,0.5441316,1
5,0,0.5756283,1
5,0,0.5714918,1
5,0,0.5420947,1
5,0,0.58619267,1
5,0,0.58638453,1
5,0,0.56806815,1
5,0,0.5792955,1
5,0,0.56258935,1
5,0,0.59607834,1
5,0,0.5172983,1
5,0,0.5651164,1
5,0,0.5518849,1
5,0,0.5972149,1
5,0,0.5566798,1
5,0,0.57443255,1
5,0,0.5752191,1
5,0,0.5646513,1
5,0,0.58227843,1
5,0,0.59009486,1
5,0,0.5917975,1
5,0,0.6034632,1
5,0,0.5596189,1
5,0,0.61116827,1
5,0,0.56173,1
5,0,0.5813618,1
5,0,0.5943996,1
5,0,0.570663,1
5,0,0.5984516,1
5,0,0.5620424,1
5,0,0.57619905,1
5,0,0.53516287,1
5,0,0.55074596,1
5,0,0.5423546,1
5,0,0.5511271,1
5,1,0.5409525,1
5,1,0.56908303,1
5,1,0.5548457,1
5,1,0.5468635,1
5,1,0.578437,1
5,1,0.5685628,1
5,1,0.56033796,1
5,1,0.55923384,1
5,1,0.5151563,1
5,1,0.57359064,1
5,1,0.6132053,1
5,1,0.5717749,1
5,1,0.53785014,1
5,1,0.55294275,1
5,1,0.56980795,1
5,1,0.5408065,1
5,1,0.5239249,1
5,1,0.5556912,1
5,1,0.5046132,1
5,1,0.5806904,1
5,1,0.56821007,1
5,1,0.5724487,1
5,1,0.5319846,1
5,1,0.613436,1
5,1,0.5907576,1
5,1,0.6179195,1
5,1,0.59049,1
5,1,0.565465,1
5,1,0.5270454,1
5,1,0.5454562,1
5,1,0.5495976,1
5,1,0.5580848,1
5,1,0.5853016,1
5,1,0.5506055,1
5,1,0.533597,1
5,0,0.5919799,1
5,0,0.5814137,1
5,0,0.6074385,1
5,0,0.59800786,1
5,0,0.58831835,1
5,0,0.5854534,1
5,0,0.5798261,1
5,0,0.57471794,1
5,0,0.61088324,1
5,0,0.5886863,1
5,0,0.5650384,1
5,0,0.6006658,1
5,0,0.56991154,1
5,0,0.5932023,1
5,0,0.59308606,1
5,0,0.60392326,1
5,0,0.61558324,1
5,0,0.6315885,1
5,0,0.6270825,1
5,0,0.6191777,1
5,0,0.61589456,1
5,0,0.6215211,1
5,0,0.6268139,1
5,0,0.61847585,1
5,0,0.64503074,1
5,0,0.6428477,1
5,0,0.60274816,1
5,0,0.6120767,1
5,1,0.593505,1
5,1,0.5874206,1
5,1,0.60152495,1
5,1,0.5890537,1
5,1,0.5614965,1
5,1,0.60121346,1
5,1,0.6051722,1
5,1,0.57006776,1
5,1,0.602261,1
5,1,0.5834283,1
5,1,0.61202204,1
5,1,0.59406376,1
5,1,0.590548,1
5,1,0.6071152,1
5,1,0.60126245,1
5,1,0.59993804,1
5,1,0.6037507,1
5,1,0.55014586,1
5,1,0.57078063,1
5,1,0.5456301,1
5,1,0.53866535,1
5,1,0.56228137,1
5,1,0.59014565,1
5,1,0.6198387,1
5,1,0.59321845,1
5,1,0.60207653,1
5,1,0.59456366,1
5,1,0.56171685,1
5,1,0.5856337,1
5,1,0.5850003,1
5,1,0.56658715,1
5,1,0.6046269,1
5,1,0.6069094,1
5,1,0.61710733,1
5,1,0.6035049,1
5,1,0.59296554,1
5,1,0.6187909,1
5,1,0.6088843,1
5,1,0.6008309,1
5,1,0.628785,1
5,1,0.60746217,1
5,1,0.63178855,1
5,1,0.6304823,1
5,1,0.61408556,1
5,1,0.6101239,1
5,1,0.60261446,1
5,0,0.5565568,1
5,0,0.54387814,1
5,0,0.5500721,1
5,0,0.5489011,1
5,0,0.544552,1
5,0,0.57881224,1
5,0,0.6189453,1
5,0,0.5855671,1
5,0,0.56766343,1
5,0,0.5928251,1
5,0,0.5807585,1
5,0,0.59385914,1
5,0,0.5750496,1
5,0,0.5437605,1
5,0,0.5640512,1
5,0,0.5501939,1
5,0,0.5725014,1
5,0,0.5801018,1
5,0,0.53609097,1
5,0,0.5491829,1
5,0,0.5383564,1
5,0,0.5428376,1
5,0,0.5443322,1
5,0,0.55235,1
5,0,0.53913414,1
5,0,0.5558637,1
5,0,0.4626567,0
5,0,0.5122727,1
5,0,0.46804273,0
5,0,0.54413605,1
5,0,0.49453974,0
5,0,0.5563395,1
5,0,0.52785087,1
5,0,0.56244254,1
5,0,0.524623,1
5,0,0.5547721,1
