Fold,Label,Prob,Preds
1,1,0.13481712,0
1,1,0.47239318,0
1,1,0.15850143,0
1,1,0.16873114,0
1,1,0.07048433,0
1,1,0.12559603,0
1,1,0.112987086,0
1,1,0.22653435,0
1,1,0.06818105,0
1,1,0.93979096,1
1,1,0.95586944,1
1,1,0.95774096,1
1,1,0.9547853,1
1,1,0.96866536,1
1,1,0.9736266,1
1,1,0.9719141,1
1,1,0.9620846,1
1,1,0.9574834,1
1,1,0.9642546,1
1,1,0.97289896,1
1,1,0.9715298,1
1,1,0.9797116,1
1,1,0.96097904,1
1,1,0.9717271,1
1,1,0.9698546,1
1,1,0.97291577,1
1,1,0.9795044,1
1,1,0.943619,1
1,1,0.5159308,1
1,1,0.31485358,0
1,1,0.5368518,1
1,1,0.44030854,0
1,1,0.4629792,0
1,1,0.24045916,0
1,1,0.35373074,0
1,0,0.10915863,0
1,0,0.14411886,0
1,0,0.13769034,0
1,0,0.14285049,0
1,0,0.06809208,0
1,0,0.10467041,0
1,0,0.059944164,0
1,0,0.041308727,0
1,0,0.04737,0
1,0,0.037973415,0
1,0,0.016208535,0
1,0,0.024956668,0
1,0,0.021979703,0
1,0,0.046265405,0
1,0,0.038989596,0
1,0,0.023014504,0
1,0,0.030196393,0
1,0,0.100187525,0
1,0,0.07278409,0
1,0,0.10574877,0
1,0,0.09647829,0
1,0,0.4976502,0
1,0,0.50997275,1
1,0,0.3086759,0
1,0,0.37177926,0
1,0,0.59469116,1
1,0,0.70310634,1
1,0,0.6398639,1
1,0,0.48230577,0
1,0,0.48238143,0
1,0,0.60319424,1
1,0,0.5861708,1
1,0,0.5401643,1
1,0,0.577418,1
1,0,0.52076536,1
1,0,0.5155862,1
1,0,0.56087506,1
1,0,0.6054802,1
1,0,0.6635129,1
1,0,0.53775364,1
1,0,0.7644875,1
1,0,0.7003453,1
1,0,0.6345095,1
1,0,0.8506527,1
1,0,0.7259168,1
1,0,0.79141617,1
1,0,0.65614283,1
1,0,0.6423856,1
1,0,0.6257408,1
1,0,0.647218,1
1,0,0.6055306,1
1,0,0.6706507,1
1,0,0.61755675,1
1,0,0.6090641,1
1,0,0.42135882,0
1,0,0.62360084,1
1,0,0.63402975,1
1,0,0.61474127,1
1,0,0.5866525,1
1,0,0.568991,1
1,0,0.5640852,1
1,0,0.5745813,1
1,0,0.49910718,0
1,0,0.6885072,1
1,0,0.52388054,1
1,0,0.60917145,1
1,0,0.57709396,1
1,1,0.5828665,1
1,1,0.5735519,1
1,1,0.5703069,1
1,1,0.42244524,0
1,1,0.68763053,1
1,1,0.49780485,0
1,1,0.47261927,0
1,1,0.53756005,1
1,1,0.66401416,1
1,0,0.72476673,1
1,0,0.81165975,1
1,0,0.7826739,1
1,0,0.69259256,1
1,0,0.7058785,1
1,0,0.68783855,1
1,0,0.6360285,1
1,0,0.6461114,1
1,0,0.6203245,1
1,0,0.69471145,1
1,0,0.713573,1
1,0,0.6297317,1
1,0,0.57876194,1
1,0,0.5411173,1
1,0,0.524007,1
1,0,0.5354671,1
1,0,0.370686,0
1,0,0.47600737,0
1,0,0.37659872,0
1,0,0.48268914,0
1,0,0.42447692,0
1,0,0.24586542,0
1,0,0.51859385,1
1,0,0.3242704,0
1,0,0.56911606,1
1,0,0.4985514,0
1,0,0.74887836,1
1,0,0.35637182,0
1,0,0.6333661,1
1,0,0.620653,1
1,0,0.6915361,1
1,0,0.43023476,0
1,0,0.63165367,1
1,0,0.3174005,0
1,0,0.34816688,0
1,0,0.16040081,0
1,0,0.20145011,0
1,0,0.20016837,0
1,0,0.34321842,0
1,0,0.36985776,0
1,0,0.4892144,0
1,0,0.5744529,1
1,0,0.5595676,1
1,0,0.5561921,1
1,0,0.3533974,0
1,0,0.6671274,1
1,0,0.22127928,0
1,0,0.4870137,0
1,0,0.38695443,0
1,0,0.54930454,1
1,0,0.32341874,0
1,0,0.7227206,1
1,0,0.38928548,0
1,0,0.6111243,1
1,0,0.3752136,0
1,0,0.27654955,0
1,0,0.41322201,0
1,0,0.43572855,0
1,0,0.3546961,0
1,0,0.23751166,0
1,0,0.39167443,0
1,0,0.2893538,0
1,0,0.4475189,0
1,0,0.29132575,0
1,0,0.712404,1
1,0,0.21584411,0
1,0,0.65134084,1
1,0,0.37075585,0
1,0,0.38828683,0
1,0,0.25960684,0
1,0,0.60734534,1
1,0,0.5406628,1
1,0,0.41905996,0
1,0,0.3611381,0
1,0,0.20809916,0
1,0,0.25066838,0
1,0,0.109704375,0
1,0,0.08087982,0
1,0,0.34509096,0
1,0,0.12545283,0
1,0,0.7027387,1
1,0,0.30830106,0
1,0,0.5899411,1
1,0,0.61535317,1
1,0,0.74802434,1
1,0,0.7658798,1
1,0,0.8117491,1
1,0,0.71785915,1
1,0,0.75632155,1
1,0,0.46742117,0
1,0,0.52497584,1
1,0,0.22173055,0
1,0,0.39163372,0
1,0,0.2539854,0
1,0,0.24309078,0
1,0,0.32763243,0
1,0,0.23375113,0
1,0,0.3034699,0
1,0,0.18946227,0
1,0,0.30990726,0
1,0,0.3703508,0
1,0,0.3211692,0
1,1,0.45431927,0
1,1,0.21320258,0
1,1,0.5415085,1
1,1,0.40206346,0
1,1,0.73060703,1
1,1,0.3744428,0
1,1,0.6907388,1
1,1,0.2081612,0
1,1,0.613055,1
1,0,0.71209574,1
1,0,0.57387257,1
1,0,0.23802866,0
1,0,0.41292322,0
1,0,0.18304269,0
1,0,0.32386842,0
1,0,0.16446325,0
1,0,0.3701229,0
1,0,0.15130469,0
1,0,0.5705792,1
1,0,0.3639651,0
1,0,0.59425443,1
1,0,0.80334914,1
1,0,0.671397,1
1,0,0.84324265,1
1,0,0.5229802,1
1,0,0.6360005,1
1,0,0.57814974,1
1,0,0.68799484,1
1,0,0.4828149,0
1,0,0.45453137,0
1,0,0.58911085,1
1,0,0.57777965,1
1,0,0.5140334,1
1,0,0.72936505,1
1,0,0.503952,1
1,0,0.69119036,1
1,0,0.52435315,1
1,0,0.5748261,1
1,0,0.6292885,1
1,0,0.65846,1
1,0,0.6084571,1
1,0,0.520974,1
1,0,0.40698576,0
1,0,0.5403047,1
1,0,0.44791606,0
1,0,0.26398864,0
1,0,0.6865225,1
1,0,0.3950928,0
1,0,0.34450138,0
1,0,0.43554255,0
1,0,0.6842073,1
1,0,0.36704955,0
1,0,0.57976806,1
1,0,0.278887,0
1,0,0.3692639,0
1,1,0.26464066,0
1,1,0.25807384,0
1,1,0.19420272,0
1,1,0.16285694,0
1,1,0.31233883,0
1,1,0.081059545,0
1,1,0.17123713,0
1,1,0.12825002,0
1,1,0.4039422,0
1,1,0.53082347,1
1,1,0.6027916,1
1,1,0.5077253,1
1,1,0.58342326,1
1,0,0.74348634,1
1,0,0.74137807,1
1,0,0.47944078,0
1,0,0.5259137,1
1,0,0.36668208,0
1,0,0.55361676,1
1,0,0.3678946,0
1,0,0.2938916,0
1,0,0.40577707,0
1,0,0.40473062,0
1,0,0.5143036,1
1,0,0.571512,1
1,0,0.6323501,1
1,0,0.5601366,1
1,0,0.48589548,0
1,0,0.710933,1
1,0,0.71613413,1
1,0,0.7643854,1
1,0,0.6975001,1
1,0,0.71408814,1
1,0,0.51462185,1
1,0,0.7450026,1
1,0,0.5207894,1
1,1,0.40972605,0
1,1,0.65858436,1
1,1,0.37709746,0
1,1,0.630198,1
1,1,0.30555266,0
1,1,0.3655906,0
1,1,0.37210402,0
1,1,0.6979162,1
1,1,0.4147094,0
1,1,0.7089018,1
1,1,0.59175783,1
1,1,0.5911042,1
1,1,0.5276363,1
1,1,0.5260004,1
1,1,0.74451625,1
1,1,0.020825932,0
1,1,0.020487798,0
1,1,0.017828446,0
1,1,0.009677663,0
1,1,0.009518983,0
1,1,0.008244192,0
1,1,0.029541263,0
1,1,0.067460954,0
1,1,0.1294983,0
1,1,0.9025767,1
1,1,0.87287927,1
1,1,0.9120559,1
1,1,0.6088153,1
1,1,0.11939393,0
1,1,0.80053693,1
1,1,0.93785864,1
1,1,0.6668321,1
1,1,0.5246934,1
1,1,0.4630109,0
1,1,0.59702283,1
1,1,0.656649,1
1,1,0.81195676,1
1,1,0.86329997,1
1,1,0.8593853,1
1,1,0.97852707,1
1,1,0.9902384,1
1,1,0.9955082,1
1,1,0.9858045,1
1,1,0.99302423,1
1,1,0.9769884,1
1,1,0.95075756,1
1,1,0.9553239,1
1,1,0.9727032,1
1,1,0.9710363,1
1,1,0.9692411,1
1,1,0.98353106,1
1,1,0.97568536,1
1,1,0.99223095,1
1,1,0.99127793,1
1,1,0.97228575,1
1,1,0.99346817,1
1,1,0.8768957,1
1,1,0.97120416,1
1,1,0.97355765,1
1,1,0.9383194,1
1,1,0.9801425,1
1,1,0.97240126,1
1,1,0.8402434,1
1,1,0.95750594,1
1,1,0.83340275,1
1,1,0.8026931,1
1,1,0.96421224,1
1,1,0.9391315,1
1,1,0.9217481,1
1,1,0.61930716,1
1,1,0.917901,1
1,1,0.89094937,1
1,1,0.9170854,1
1,1,0.899811,1
1,1,0.8746173,1
1,1,0.8359079,1
1,1,0.88201505,1
1,1,0.8985406,1
1,1,0.85337126,1
1,1,0.89613855,1
1,1,0.8536791,1
1,1,0.8891179,1
1,1,0.81918067,1
1,1,0.8185537,1
1,1,0.61912405,1
1,1,0.520616,1
1,1,0.39528477,0
1,1,0.59843,1
1,1,0.597541,1
1,1,0.50265414,1
1,1,0.6903996,1
1,1,0.44621179,0
1,1,0.4403301,0
1,1,0.22616395,0
1,1,0.3833879,0
1,1,0.44716078,0
1,1,0.58341694,1
1,1,0.48925918,0
1,1,0.7966779,1
1,1,0.74902606,1
1,1,0.8853272,1
1,1,0.67495835,1
1,1,0.6410436,1
1,1,0.5770675,1
1,1,0.6830082,1
1,1,0.5829684,1
1,1,0.6069655,1
1,1,0.5642769,1
1,1,0.21176405,0
1,1,0.42027512,0
1,1,0.2726335,0
1,1,0.24915886,0
1,1,0.49042505,0
1,1,0.41049486,0
1,1,0.42790475,0
1,1,0.5457489,1
1,1,0.44546068,0
1,1,0.64154494,1
1,1,0.54719067,1
1,1,0.4813673,0
1,1,0.5347045,1
1,1,0.6057116,1
1,1,0.6875662,1
1,1,0.5607758,1
1,1,0.3969183,0
1,1,0.5241512,1
1,1,0.3458882,0
1,1,0.49307007,0
1,1,0.42568472,0
1,1,0.65334624,1
1,1,0.50971293,1
1,1,0.6382264,1
1,1,0.28412926,0
1,1,0.42608047,0
1,1,0.3315899,0
1,1,0.5702998,1
1,1,0.53731924,1
1,1,0.20724674,0
1,1,0.20739856,0
1,1,0.45783278,0
1,1,0.26497933,0
1,1,0.5487913,1
1,1,0.48977703,0
1,1,0.42625237,0
1,1,0.3908375,0
1,1,0.635249,1
1,1,0.724327,1
1,1,0.38496464,0
1,1,0.30750924,0
1,1,0.47359723,0
1,1,0.41123655,0
1,1,0.6036852,1
1,1,0.5138541,1
1,1,0.6555644,1
1,1,0.61668193,1
1,1,0.50775474,1
1,1,0.21123424,0
1,1,0.3208516,0
1,1,0.17903858,0
1,1,0.43393067,0
1,1,0.449207,0
1,1,0.42842886,0
1,1,0.26877356,0
1,1,0.15801132,0
1,1,0.25585294,0
1,1,0.50081456,1
1,1,0.32428393,0
1,1,0.5368688,1
1,1,0.6464408,1
1,1,0.27791426,0
1,1,0.32298383,0
1,1,0.5404748,1
1,1,0.29424176,0
1,1,0.30190638,0
1,1,0.75196713,1
1,1,0.812869,1
1,1,0.3963883,0
1,1,0.58034146,1
1,1,0.5346608,1
1,1,0.7183715,1
1,1,0.6039921,1
1,1,0.32789445,0
1,1,0.2299571,0
1,1,0.25810826,0
1,1,0.09905179,0
1,1,0.18016061,0
1,1,0.31363082,0
1,1,0.1869973,0
1,1,0.19749041,0
1,0,0.78017014,1
1,0,0.5849686,1
1,0,0.4145236,0
1,0,0.6478538,1
1,0,0.67755246,1
1,0,0.64545476,1
1,0,0.4917189,0
1,0,0.38571903,0
1,0,0.18252991,0
1,0,0.59035546,1
1,0,0.24177432,0
1,0,0.110917844,0
1,0,0.36762437,0
1,0,0.71651816,1
1,0,0.63237256,1
1,0,0.9394645,1
1,0,0.68716294,1
1,0,0.9515376,1
1,0,0.94075555,1
1,0,0.95029336,1
1,0,0.654907,1
1,0,0.8942016,1
1,0,0.6456861,1
1,0,0.6521608,1
1,0,0.45369372,0
1,0,0.35153133,0
1,0,0.28219566,0
1,0,0.5643603,1
1,0,0.5754611,1
1,0,0.27888083,0
1,0,0.7366898,1
1,0,0.54983246,1
1,0,0.52560073,1
1,0,0.5272752,1
1,0,0.30219775,0
1,0,0.7036062,1
1,0,0.35508722,0
1,0,0.53722304,1
1,0,0.47426942,0
1,0,0.542823,1
1,0,0.47936353,0
1,0,0.80678976,1
1,0,0.39264888,0
1,0,0.8801222,1
1,0,0.48453796,0
1,0,0.75138956,1
1,0,0.2978185,0
1,0,0.44886652,0
1,0,0.28790584,0
1,0,0.6934296,1
1,0,0.13464743,0
1,0,0.20449889,0
1,0,0.09867734,0
1,0,0.18669088,0
1,0,0.12759295,0
1,0,0.3246127,0
1,0,0.25538212,0
1,0,0.90237045,1
1,0,0.68148094,1
1,0,0.9737412,1
1,0,0.5903707,1
1,0,0.9789368,1
1,0,0.8454899,1
1,0,0.9364602,1
1,0,0.6224039,1
1,0,0.7631728,1
1,0,0.59437656,1
1,0,0.5781758,1
1,0,0.3509309,0
1,0,0.5254757,1
1,0,0.37595534,0
1,0,0.43981713,0
1,0,0.5116534,1
1,0,0.5623205,1
1,0,0.5465695,1
1,0,0.6640439,1
1,0,0.626115,1
1,0,0.6095138,1
1,0,0.580642,1
1,0,0.52264017,1
1,0,0.6858632,1
1,0,0.47245225,0
1,0,0.522967,1
1,0,0.5154327,1
1,0,0.80355793,1
1,0,0.5050781,1
1,0,0.76201785,1
1,0,0.58502996,1
1,0,0.56958246,1
1,0,0.4529444,0
1,0,0.6400875,1
1,0,0.636525,1
1,0,0.5223685,1
1,0,0.43189025,0
1,0,0.62004536,1
1,0,0.5736584,1
1,0,0.7185498,1
1,0,0.52869517,1
1,0,0.7695106,1
1,0,0.33156946,0
1,0,0.53279215,1
1,0,0.58150375,1
1,0,0.7660803,1
1,0,0.70633906,1
1,0,0.686439,1
1,0,0.6615462,1
1,0,0.69562006,1
1,0,0.79558307,1
1,0,0.50785214,1
1,0,0.565945,1
1,0,0.6027511,1
1,0,0.62241346,1
1,0,0.68427837,1
1,0,0.59561276,1
1,0,0.55944896,1
1,0,0.73906565,1
1,0,0.7542688,1
1,0,0.74266005,1
1,0,0.67910624,1
1,0,0.6910972,1
1,0,0.64860725,1
1,0,0.60263354,1
1,0,0.5787605,1
1,0,0.4647803,0
1,0,0.6317033,1
1,0,0.40597844,0
1,0,0.5353775,1
1,0,0.55897945,1
1,0,0.3926436,0
1,0,0.36556903,0
1,0,0.28386506,0
1,0,0.48780903,0
1,0,0.43386117,0
1,0,0.49037677,0
1,0,0.2612482,0
1,0,0.5334701,1
1,0,0.458408,0
1,0,0.60693496,1
1,0,0.4429676,0
1,0,0.6522708,1
1,0,0.20156622,0
1,0,0.44626802,0
1,0,0.108191065,0
1,0,0.28744075,0
1,0,0.13510638,0
1,0,0.12682448,0
1,0,0.089331366,0
1,0,0.12800616,0
1,0,0.12118445,0
1,0,0.11645699,0
1,0,0.062222783,0
1,0,0.12963094,0
1,0,0.43347162,0
1,0,0.561452,1
1,0,0.45433018,0
1,0,0.6371392,1
1,0,0.6624345,1
1,0,0.60971695,1
1,0,0.40823296,0
1,0,0.5623309,1
1,0,0.126539,0
1,0,0.53315663,1
1,0,0.21782355,0
1,0,0.4871313,0
1,0,0.32952088,0
1,0,0.37582195,0
1,0,0.39539713,0
1,0,0.32956842,0
1,0,0.42452076,0
1,0,0.17344241,0
1,0,0.6219185,1
1,0,0.406054,0
1,0,0.46595237,0
1,0,0.40103656,0
1,0,0.7417107,1
1,0,0.28115115,0
1,0,0.7257096,1
1,0,0.56331754,1
1,0,0.6218338,1
1,0,0.45155323,0
1,0,0.64663225,1
1,0,0.14040609,0
1,0,0.16982996,0
1,0,0.079095684,0
1,0,0.06909504,0
1,0,0.056444645,0
1,0,0.3082507,0
1,0,0.29244968,0
1,0,0.45149556,0
1,0,0.82529426,1
1,0,0.3525649,0
1,0,0.75598896,1
1,0,0.75883704,1
1,0,0.6132945,1
1,0,0.41215992,0
1,0,0.36087656,0
1,0,0.4866572,0
1,0,0.49678865,0
1,0,0.63817406,1
1,0,0.58618957,1
1,0,0.6070354,1
1,0,0.5083574,1
1,0,0.7426125,1
1,0,0.721353,1
1,0,0.4135417,0
1,0,0.35533518,0
1,0,0.2510673,0
1,0,0.31930655,0
1,0,0.37387744,0
1,0,0.13063398,0
1,0,0.22337352,0
1,0,0.20291302,0
1,0,0.5175303,1
1,0,0.2277386,0
1,0,0.56848365,1
1,0,0.30392206,0
1,0,0.6632974,1
1,0,0.4582211,0
1,0,0.33757252,0
1,0,0.50967467,1
1,0,0.6165858,1
1,0,0.22456092,0
1,0,0.08298978,0
1,0,0.16197298,0
1,0,0.06448508,0
1,0,0.088159844,0
1,0,0.24886262,0
1,0,0.47586018,0
1,0,0.39897144,0
1,0,0.5018469,1
1,0,0.68250626,1
1,0,0.60400754,1
1,0,0.6953777,1
1,0,0.77270526,1
1,0,0.29392844,0
1,0,0.4476079,0
1,0,0.30439296,0
1,0,0.6633957,1
1,0,0.58558065,1
1,0,0.35827404,0
1,0,0.3998141,0
1,0,0.42799884,0
1,0,0.6912604,1
1,0,0.7176004,1
1,0,0.5511026,1
1,0,0.5102251,1
1,0,0.5721959,1
1,0,0.5510479,1
1,0,0.31300363,0
1,0,0.32710534,0
1,0,0.081673734,0
1,0,0.09514984,0
1,0,0.17089804,0
1,0,0.15636733,0
1,0,0.2119761,0
1,0,0.27802566,0
1,0,0.12192286,0
1,0,0.43772948,0
1,0,0.27405435,0
1,0,0.42652684,0
1,0,0.07337937,0
1,0,0.63745886,1
1,0,0.19811717,0
1,0,0.65910465,1
1,0,0.10301854,0
1,0,0.38697386,0
1,0,0.18647468,0
1,0,0.19780622,0
1,0,0.11656635,0
1,0,0.23918705,0
1,0,0.16450529,0
1,0,0.65222454,1
1,0,0.41430515,0
1,0,0.7491255,1
1,0,0.6910281,1
1,0,0.8987103,1
1,0,0.5877196,1
1,0,0.7776789,1
1,0,0.34963185,0
1,0,0.50423014,1
1,0,0.32726982,0
1,0,0.50682193,1
1,0,0.26326996,0
1,0,0.37603012,0
1,0,0.34999102,0
1,0,0.27795222,0
1,0,0.32262856,0
1,0,0.2889879,0
1,0,0.1639549,0
1,0,0.21933265,0
1,0,0.33473605,0
1,0,0.15340517,0
1,0,0.14221914,0
1,0,0.33688837,0
1,0,0.3443707,0
1,0,0.53335303,1
1,0,0.22051537,0
1,0,0.65959203,1
1,0,0.09969023,0
1,0,0.52167636,1
1,0,0.3061189,0
1,0,0.6221553,1
1,0,0.41460752,0
1,0,0.27155754,0
1,0,0.06080133,0
1,0,0.16606466,0
1,0,0.07878337,0
1,0,0.18275504,0
1,0,0.17061304,0
1,0,0.75473034,1
1,0,0.6492147,1
1,0,0.9005993,1
1,0,0.62616646,1
1,0,0.85558826,1
1,0,0.7402412,1
1,0,0.7954871,1
1,0,0.5648711,1
1,0,0.51293,1
1,0,0.42650098,0
1,0,0.3101419,0
1,0,0.50930995,1
1,0,0.29201472,0
1,0,0.3409044,0
1,0,0.34716973,0
1,1,0.2377515,0
1,1,0.30052155,0
1,1,0.22772703,0
1,1,0.37776443,0
1,1,0.34639406,0
1,1,0.3191268,0
1,1,0.34751955,0
1,1,0.2103144,0
1,1,0.6415052,1
1,1,0.15211326,0
1,0,0.03309051,0
1,0,0.097005785,0
1,0,0.0912058,0
1,0,0.1666355,0
1,0,0.41958496,0
1,0,0.30681947,0
1,0,0.32830602,0
1,0,0.37597984,0
1,0,0.44095019,0
1,0,0.75485224,1
1,0,0.7253181,1
1,0,0.70158833,1
1,0,0.70935065,1
1,0,0.80427057,1
1,0,0.53124356,1
1,0,0.6844073,1
1,0,0.5863016,1
1,0,0.9226734,1
1,0,0.7516394,1
1,0,0.70022804,1
1,0,0.73270386,1
1,0,0.76865184,1
1,0,0.7679163,1
1,0,0.8005115,1
1,0,0.7607426,1
1,0,0.7835526,1
1,0,0.68314034,1
1,0,0.28332725,0
1,0,0.397014,0
1,0,0.18478985,0
1,0,0.21852131,0
1,0,0.059905536,0
1,0,0.08294451,0
1,0,0.10703224,0
1,0,0.18607868,0
1,0,0.5279183,1
1,0,0.848033,1
1,0,0.7967102,1
1,0,0.804504,1
1,0,0.7924548,1
1,0,0.7315511,1
1,0,0.60709006,1
1,0,0.867732,1
1,0,0.92163503,1
1,0,0.076511115,0
1,0,0.47975472,0
1,0,0.24818309,0
1,0,0.44844556,0
1,0,0.7986332,1
1,0,0.5389272,1
1,0,0.11267336,0
1,0,0.5468072,1
1,0,0.28601766,0
1,0,0.63423157,1
1,0,0.42664754,0
1,0,0.8382717,1
1,0,0.19573866,0
1,0,0.4581717,0
1,0,0.5295876,1
1,0,0.3689462,0
1,0,0.49193025,0
1,0,0.38946104,0
1,0,0.5513398,1
1,0,0.45504972,0
1,0,0.78100044,1
1,0,0.4528028,0
1,0,0.3803803,0
1,0,0.69886297,1
1,0,0.94352925,1
1,0,0.6108571,1
1,0,0.3106531,0
1,0,0.17189863,0
1,0,0.27730143,0
1,0,0.8729415,1
1,0,0.7221136,1
1,0,0.6489435,1
1,0,0.40731123,0
1,1,0.61323595,1
1,1,0.8766547,1
1,1,0.7264462,1
1,1,0.7373817,1
1,1,0.85777885,1
1,1,0.8408092,1
1,1,0.70713544,1
1,1,0.82022995,1
1,1,0.84116495,1
1,1,0.77157164,1
1,1,0.78892833,1
1,1,0.7523286,1
1,1,0.93052775,1
1,1,0.9399681,1
1,1,0.9279215,1
1,1,0.93660647,1
1,1,0.88496685,1
1,1,0.895969,1
1,1,0.81582606,1
1,1,0.8801781,1
1,1,0.8724966,1
1,1,0.9069784,1
1,1,0.79521674,1
1,1,0.90655285,1
1,1,0.78165746,1
1,1,0.8397628,1
1,1,0.8067431,1
1,1,0.6554529,1
1,1,0.86274904,1
1,1,0.83559245,1
1,1,0.8256179,1
1,1,0.79061896,1
1,1,0.7843092,1
1,1,0.6458607,1
1,1,0.81505054,1
1,1,0.7677161,1
1,1,0.7294505,1
1,1,0.6867469,1
1,1,0.6940498,1
1,1,0.7079856,1
1,1,0.7020041,1
1,1,0.74809295,1
1,1,0.6266975,1
1,1,0.9427738,1
1,1,0.9578872,1
1,1,0.959153,1
1,1,0.9577671,1
1,1,0.9704475,1
1,1,0.9733955,1
1,1,0.9719,1
1,1,0.96303755,1
1,1,0.96031773,1
1,1,0.96482974,1
1,1,0.9734622,1
1,1,0.97288066,1
1,1,0.98056716,1
1,1,0.9630267,1
1,1,0.97261083,1
1,1,0.971799,1
1,1,0.9745364,1
1,1,0.9802813,1
1,1,0.9476334,1
1,1,0.4545296,0
1,1,0.5909341,1
1,1,0.77797616,1
1,1,0.71461195,1
1,1,0.7475006,1
1,1,0.8111936,1
1,1,0.70188123,1
1,1,0.85550946,1
1,1,0.7568951,1
1,1,0.7404801,1
1,1,0.7550553,1
1,1,0.8908978,1
1,1,0.37056378,0
1,1,0.7230209,1
1,1,0.33172947,0
1,1,0.4277197,0
1,1,0.39225206,0
1,1,0.49848244,0
1,1,0.3971409,0
1,1,0.6341035,1
1,1,0.63024884,1
1,1,0.6014758,1
1,1,0.62878084,1
1,1,0.6073889,1
1,1,0.573212,1
1,1,0.26298836,0
1,1,0.30567735,0
1,1,0.11055288,0
1,1,0.23907876,0
1,1,0.4549236,0
1,1,0.6165406,1
1,1,0.3542547,0
1,1,0.5318589,1
1,1,0.39520797,0
1,1,0.4194235,0
1,1,0.41092646,0
1,1,0.31379843,0
1,1,0.23561482,0
1,1,0.20239781,0
1,1,0.16275935,0
1,1,0.12725963,0
1,1,0.124015085,0
1,1,0.08740503,0
1,1,0.18535589,0
1,1,0.11094916,0
1,1,0.08908368,0
1,1,0.08012742,0
1,1,0.061146293,0
1,1,0.122672476,0
1,1,0.06862305,0
1,1,0.02705528,0
1,1,0.035235766,0
1,1,0.14856055,0
1,1,0.2930905,0
1,1,0.3267347,0
1,1,0.4659106,0
1,1,0.17142381,0
1,1,0.22289638,0
1,1,0.2846617,0
1,1,0.56650424,1
1,1,0.4304096,0
1,1,0.1372361,0
1,1,0.6126304,1
1,1,0.4529685,0
1,1,0.37767288,0
1,1,0.6479849,1
1,1,0.4746657,0
1,1,0.5186426,1
1,1,0.24418959,0
1,1,0.27259564,0
1,1,0.40085155,0
1,1,0.32206964,0
1,1,0.2825812,0
1,1,0.26860464,0
1,1,0.18271588,0
1,1,0.50852466,1
1,1,0.5577643,1
1,1,0.5237176,1
1,1,0.4222697,0
1,1,0.32481217,0
1,1,0.28638777,0
1,1,0.37269843,0
1,1,0.54529107,1
1,1,0.2723631,0
1,1,0.13702773,0
1,1,0.11697632,0
1,1,0.03067327,0
1,1,0.10314022,0
1,1,0.15402108,0
1,1,0.06705489,0
1,1,0.09773865,0
1,1,0.1076277,0
1,1,0.14279638,0
1,1,0.23658809,0
1,1,0.116469674,0
1,1,0.30591935,0
1,1,0.16630356,0
1,1,0.37067354,0
1,1,0.18304226,0
1,1,0.23908426,0
1,1,0.07270752,0
1,1,0.1470236,0
1,1,0.07242904,0
1,1,0.10874121,0
1,1,0.49717876,0
1,1,0.27162504,0
1,1,0.29473528,0
1,1,0.104904145,0
1,1,0.09574218,0
1,1,0.16721606,0
1,1,0.22082524,0
1,1,0.21975529,0
1,1,0.19035615,0
1,1,0.14754808,0
1,1,0.1078369,0
1,1,0.21099065,0
1,1,0.119740166,0
1,1,0.04611844,0
1,1,0.08637004,0
1,1,0.14162977,0
1,1,0.19384338,0
1,1,0.3456541,0
1,1,0.4891518,0
1,1,0.6264844,1
1,1,0.40944684,0
1,1,0.25586382,0
1,1,0.106034115,0
1,1,0.37679815,0
1,1,0.24252729,0
1,1,0.05638932,0
1,1,0.49776238,0
1,1,0.2146295,0
1,1,0.17687708,0
1,1,0.09454296,0
1,1,0.47520077,0
1,1,0.05057046,0
1,1,0.18677273,0
1,1,0.29719818,0
1,1,0.16791146,0
1,1,0.6953556,1
1,1,0.59513503,1
1,1,0.8331696,1
1,1,0.6825196,1
1,1,0.5592753,1
1,1,0.74080545,1
1,1,0.58339876,1
1,1,0.70701075,1
1,1,0.65266025,1
1,1,0.8262479,1
1,1,0.59077007,1
1,1,0.838828,1
1,1,0.76796526,1
1,1,0.79798883,1
1,1,0.810347,1
1,1,0.86138386,1
1,1,0.7769114,1
1,1,0.9220106,1
1,1,0.9043896,1
1,1,0.8068589,1
1,1,0.8565758,1
1,1,0.6101685,1
1,1,0.616685,1
1,1,0.7053444,1
1,1,0.78961354,1
1,1,0.68540883,1
1,1,0.65595406,1
1,1,0.6677818,1
1,1,0.5806899,1
1,1,0.5801297,1
1,1,0.7105006,1
1,1,0.62350047,1
1,1,0.39764103,0
1,1,0.8095736,1
1,1,0.70987505,1
1,1,0.71383125,1
1,1,0.893234,1
1,1,0.90252686,1
1,1,0.86480165,1
1,1,0.8591197,1
1,1,0.91257375,1
1,1,0.8050863,1
1,1,0.86419797,1
1,1,0.93924624,1
1,1,0.88695526,1
1,1,0.87954843,1
1,1,0.82460874,1
1,1,0.6483289,1
1,1,0.80798143,1
1,1,0.6103624,1
1,1,0.4825096,0
1,1,0.62454903,1
1,1,0.52685726,1
1,1,0.57014316,1
1,1,0.6639025,1
1,1,0.6052206,1
1,1,0.5573559,1
1,1,0.638674,1
1,1,0.65398127,1
1,1,0.71163094,1
1,1,0.33241707,0
1,1,0.56219363,1
1,1,0.46697715,0
1,1,0.23157653,0
1,1,0.36411348,0
1,1,0.67275983,1
1,1,0.62129265,1
1,1,0.42969638,0
1,1,0.6341204,1
1,1,0.3262243,0
1,1,0.47234303,0
1,1,0.27273437,0
1,1,0.25859728,0
1,1,0.38150808,0
1,1,0.3958356,0
1,1,0.13067491,0
1,1,0.25460634,0
1,1,0.21653244,0
1,1,0.098195106,0
1,1,0.1022144,0
1,1,0.09944458,0
1,1,0.109876186,0
1,1,0.09012302,0
1,1,0.07083032,0
1,1,0.053015783,0
1,1,0.038135573,0
1,1,0.051903408,0
1,1,0.051461134,0
1,1,0.04370033,0
1,1,0.05289547,0
1,1,0.054029882,0
1,1,0.06219396,0
1,0,0.4470459,0
1,0,0.24988694,0
1,0,0.2971911,0
1,0,0.47264925,0
1,0,0.24969509,0
1,0,0.27472967,0
1,0,0.3463528,0
1,0,0.38357934,0
1,0,0.33544332,0
1,0,0.53773,1
1,1,0.9339503,1
1,1,0.9564238,1
1,1,0.9573109,1
1,1,0.9594001,1
1,1,0.9711403,1
1,1,0.9760237,1
1,1,0.9738381,1
1,1,0.96418023,1
1,1,0.96447873,1
1,1,0.9687308,1
1,1,0.9762131,1
1,1,0.9725982,1
1,1,0.98151773,1
1,1,0.9656185,1
1,1,0.9742154,1
1,1,0.9724096,1
1,1,0.9753446,1
1,1,0.98139715,1
1,1,0.9498595,1
1,1,0.5014861,1
1,1,0.69288164,1
1,1,0.5022716,1
1,1,0.49114206,0
1,1,0.50124866,1
1,1,0.42893776,0
2,1,0.7066388,1
2,1,0.7721071,1
2,1,0.5235499,1
2,1,0.5611219,1
2,1,0.69558316,1
2,1,0.7608195,1
2,1,0.55978024,1
2,1,0.622888,1
2,1,0.4996891,0
2,1,0.6631313,1
2,1,0.64946765,1
2,1,0.6465925,1
2,1,0.60266346,1
2,1,0.72954124,1
2,1,0.6235213,1
2,1,0.66868854,1
2,1,0.5818076,1
2,1,0.62195814,1
2,1,0.413255,0
2,1,0.40713128,0
2,1,0.5216075,1
2,1,0.54099035,1
2,1,0.6176273,1
2,1,0.6042905,1
2,1,0.5426148,1
2,1,0.69218075,1
2,1,0.67920905,1
2,1,0.7229468,1
2,1,0.6012358,1
2,1,0.56913584,1
2,1,0.6221399,1
2,1,0.58661044,1
2,1,0.7398332,1
2,1,0.5827331,1
2,1,0.50764215,1
2,1,0.6196319,1
2,1,0.56221753,1
2,1,0.66784805,1
2,1,0.37162617,0
2,1,0.535327,1
2,1,0.6091862,1
2,1,0.588078,1
2,1,0.6258642,1
2,1,0.6759124,1
2,1,0.72206694,1
2,1,0.56680363,1
2,1,0.67783564,1
2,1,0.6675287,1
2,1,0.4632538,0
2,1,0.66099715,1
2,1,0.6635182,1
2,1,0.48530158,0
2,1,0.73026717,1
2,1,0.64763135,1
2,1,0.60587615,1
2,1,0.5897526,1
2,1,0.41953516,0
2,1,0.6037015,1
2,1,0.64576334,1
2,1,0.7188863,1
2,1,0.53377724,1
2,1,0.6532002,1
2,1,0.6866234,1
2,1,0.62033165,1
2,1,0.6458964,1
2,1,0.67052025,1
2,1,0.689894,1
2,1,0.5834081,1
2,1,0.7030784,1
2,1,0.7703646,1
2,1,0.61220527,1
2,1,0.618297,1
2,1,0.80499196,1
2,1,0.66974443,1
2,1,0.8102827,1
2,1,0.7100378,1
2,1,0.60417897,1
2,1,0.6372431,1
2,1,0.61318386,1
2,1,0.5659339,1
2,1,0.46610153,0
2,1,0.48529497,0
2,1,0.5525187,1
2,1,0.53035694,1
2,1,0.6103449,1
2,1,0.44199124,0
2,1,0.579295,1
2,1,0.6859875,1
2,1,0.4589891,0
2,1,0.42708394,0
2,1,0.52123594,1
2,1,0.6144445,1
2,1,0.5208124,1
2,1,0.757606,1
2,1,0.6396534,1
2,1,0.56396466,1
2,1,0.57833415,1
2,1,0.35377377,0
2,1,0.62021345,1
2,1,0.594898,1
2,1,0.7125759,1
2,1,0.6266811,1
2,1,0.6261255,1
2,1,0.7138552,1
2,1,0.6935533,1
2,1,0.8775372,1
2,1,0.7297697,1
2,1,0.7638272,1
2,1,0.76883566,1
2,1,0.5426666,1
2,1,0.7269015,1
2,1,0.7020562,1
2,1,0.66701335,1
2,1,0.49980348,0
2,1,0.75512725,1
2,1,0.4736704,0
2,1,0.4029742,0
2,1,0.6643559,1
2,1,0.6518262,1
2,1,0.7716534,1
2,1,0.65240514,1
2,1,0.7539119,1
2,1,0.5849643,1
2,1,0.6541758,1
2,1,0.45961377,0
2,1,0.5065065,1
2,1,0.48309976,0
2,1,0.60688287,1
2,1,0.6852916,1
2,1,0.75850093,1
2,1,0.80898595,1
2,1,0.8547104,1
2,1,0.85542953,1
2,1,0.73108137,1
2,1,0.736764,1
2,1,0.8424433,1
2,1,0.8632335,1
2,1,0.75456876,1
2,1,0.58799213,1
2,1,0.57933265,1
2,1,0.65531844,1
2,1,0.67235065,1
2,1,0.5711992,1
2,1,0.7037674,1
2,1,0.7375812,1
2,1,0.8153323,1
2,1,0.6312787,1
2,1,0.803946,1
2,1,0.6537275,1
2,1,0.62873906,1
2,1,0.67002505,1
2,1,0.7545755,1
2,1,0.65749305,1
2,1,0.59469277,1
2,1,0.7143734,1
2,1,0.535511,1
2,1,0.7652445,1
2,1,0.7832681,1
2,0,0.37857056,0
2,0,0.6936824,1
2,0,0.7588566,1
2,0,0.67785466,1
2,0,0.74749464,1
2,0,0.7863894,1
2,0,0.65197694,1
2,0,0.709884,1
2,0,0.72760624,1
2,0,0.7787805,1
2,0,0.82242537,1
2,0,0.6708019,1
2,0,0.54427487,1
2,1,0.72471213,1
2,1,0.7829123,1
2,1,0.8105222,1
2,1,0.75102276,1
2,1,0.7364455,1
2,1,0.72768235,1
2,1,0.71143574,1
2,1,0.68527216,1
2,1,0.67895037,1
2,1,0.71822673,1
2,1,0.572975,1
2,1,0.6757448,1
2,1,0.5924612,1
2,1,0.4284411,0
2,1,0.6167917,1
2,1,0.7358494,1
2,1,0.696918,1
2,1,0.7465628,1
2,1,0.65093297,1
2,1,0.7320784,1
2,1,0.7280928,1
2,1,0.78953356,1
2,1,0.37207204,0
2,1,0.55714285,1
2,1,0.5490021,1
2,1,0.6816309,1
2,1,0.7254167,1
2,1,0.7212693,1
2,1,0.75615346,1
2,1,0.6656228,1
2,1,0.68362033,1
2,1,0.64585143,1
2,1,0.6702769,1
2,1,0.82320863,1
2,1,0.76614136,1
2,1,0.5668521,1
2,1,0.940905,1
2,1,0.9573049,1
2,1,0.66241944,1
2,1,0.78723836,1
2,1,0.87014943,1
2,1,0.8506819,1
2,1,0.9078232,1
2,1,0.90605843,1
2,1,0.92451805,1
2,1,0.976364,1
2,1,0.96318704,1
2,1,0.9688056,1
2,1,0.95504206,1
2,1,0.9517814,1
2,1,0.97404385,1
2,1,0.983757,1
2,1,0.9655886,1
2,0,0.8563838,1
2,0,0.88110626,1
2,0,0.62847716,1
2,0,0.8070999,1
2,0,0.7200488,1
2,0,0.64688635,1
2,0,0.57541615,1
2,0,0.6432174,1
2,0,0.6682612,1
2,0,0.76508677,1
2,0,0.6466883,1
2,0,0.7320959,1
2,0,0.7524986,1
2,0,0.640727,1
2,0,0.7469944,1
2,0,0.8464943,1
2,0,0.81449896,1
2,0,0.7518096,1
2,0,0.7617192,1
2,0,0.71245205,1
2,0,0.6612359,1
2,0,0.73105794,1
2,0,0.778357,1
2,0,0.6454999,1
2,0,0.8544292,1
2,0,0.8378174,1
2,0,0.6851677,1
2,0,0.5871247,1
2,0,0.73939914,1
2,0,0.75148517,1
2,0,0.6980011,1
2,0,0.44997293,0
2,0,0.6313115,1
2,0,0.5622009,1
2,0,0.53610986,1
2,0,0.52486396,1
2,0,0.52591467,1
2,0,0.5096906,1
2,0,0.51424825,1
2,0,0.44223535,0
2,0,0.4879988,0
2,0,0.52788746,1
2,0,0.43931863,0
2,0,0.62398183,1
2,0,0.38277826,0
2,0,0.5460564,1
2,0,0.7245698,1
2,0,0.3139108,0
2,0,0.69491774,1
2,0,0.5737058,1
2,0,0.7494763,1
2,0,0.46234754,0
2,0,0.745048,1
2,0,0.5496981,1
2,0,0.41602314,0
2,0,0.52541894,1
2,0,0.83362836,1
2,0,0.8309017,1
2,0,0.81534225,1
2,0,0.7487032,1
2,0,0.8004871,1
2,0,0.79680586,1
2,0,0.8090955,1
2,0,0.6168493,1
2,0,0.71060175,1
2,0,0.6731743,1
2,0,0.54102916,1
2,0,0.5305844,1
2,0,0.5741496,1
2,0,0.6691328,1
2,0,0.7911804,1
2,0,0.7909574,1
2,0,0.65743196,1
2,0,0.8306153,1
2,0,0.76563585,1
2,0,0.87179476,1
2,0,0.820526,1
2,0,0.96167284,1
2,0,0.90437263,1
2,0,0.9215237,1
2,0,0.91162485,1
2,0,0.9741149,1
2,0,0.986723,1
2,0,0.8061747,1
2,0,0.8366925,1
2,0,0.9112635,1
2,0,0.88992697,1
2,0,0.5878419,1
2,0,0.63151115,1
2,0,0.8072214,1
2,0,0.6975697,1
2,0,0.54328,1
2,0,0.53028494,1
2,0,0.8342946,1
2,0,0.83394575,1
2,0,0.6693752,1
2,0,0.8480087,1
2,0,0.45859846,0
2,0,0.969171,1
2,0,0.7738853,1
2,0,0.8763988,1
2,0,0.83714926,1
2,0,0.5736766,1
2,0,0.70336527,1
2,0,0.79174465,1
2,0,0.89333093,1
2,0,0.8761529,1
2,0,0.5279432,1
2,0,0.68412226,1
2,0,0.3571587,0
2,0,0.4408928,0
2,0,0.47047597,0
2,0,0.60476696,1
2,0,0.53639984,1
2,0,0.89090145,1
2,0,0.79896253,1
2,0,0.8409501,1
2,0,0.64895433,1
2,0,0.8282476,1
2,0,0.8609248,1
2,0,0.7481921,1
2,0,0.941796,1
2,0,0.67729056,1
2,0,0.8675163,1
2,0,0.9570744,1
2,0,0.82071984,1
2,0,0.6514962,1
2,0,0.9276935,1
2,0,0.9457314,1
2,0,0.8105156,1
2,0,0.9582473,1
2,0,0.6980649,1
2,0,0.82051,1
2,0,0.53421235,1
2,0,0.5475871,1
2,0,0.85968363,1
2,0,0.6363505,1
2,0,0.7163867,1
2,0,0.50014085,1
2,0,0.72173095,1
2,0,0.29748744,0
2,0,0.9170583,1
2,0,0.2704074,0
2,0,0.5560817,1
2,0,0.6790661,1
2,0,0.78420854,1
2,0,0.38824624,0
2,0,0.7840439,1
2,0,0.8971879,1
2,0,0.8621225,1
2,0,0.4092857,0
2,0,0.8433419,1
2,0,0.4701095,0
2,0,0.4794078,0
2,0,0.84388334,1
2,0,0.7559119,1
2,0,0.8480908,1
2,0,0.9247057,1
2,0,0.6046127,1
2,0,0.84782,1
2,0,0.80951697,1
2,0,0.6577229,1
2,0,0.7134428,1
2,0,0.85674703,1
2,0,0.55004877,1
2,0,0.5435277,1
2,0,0.5864893,1
2,0,0.25953242,0
2,0,0.6645673,1
2,0,0.664787,1
2,0,0.6833707,1
2,0,0.3375585,0
2,0,0.34976855,0
2,0,0.62208486,1
2,0,0.856199,1
2,0,0.6915282,1
2,0,0.7701407,1
2,0,0.42463672,0
2,0,0.7062887,1
2,0,0.24981909,0
2,0,0.51538754,1
2,0,0.4935055,0
2,0,0.52275735,1
2,0,0.5257598,1
2,0,0.70852673,1
2,0,0.6801292,1
2,0,0.761172,1
2,0,0.79658407,1
2,0,0.6860298,1
2,0,0.7369358,1
2,0,0.62999046,1
2,0,0.8032305,1
2,0,0.6767273,1
2,0,0.5469888,1
2,0,0.65604395,1
2,0,0.7412203,1
2,0,0.8508753,1
2,0,0.6640881,1
2,0,0.7764209,1
2,0,0.8191573,1
2,0,0.88479745,1
2,0,0.83261305,1
2,0,0.6512239,1
2,0,0.45731255,0
2,0,0.76010484,1
2,0,0.45158452,0
2,0,0.39701104,0
2,0,0.46241742,0
2,0,0.77284706,1
2,0,0.7726559,1
2,0,0.5150605,1
2,0,0.5719369,1
2,0,0.7225364,1
2,0,0.77758306,1
2,0,0.91372544,1
2,0,0.84559935,1
2,0,0.70574784,1
2,0,0.7738621,1
2,0,0.8102723,1
2,0,0.8906816,1
2,0,0.53760827,1
2,0,0.72492254,1
2,0,0.85658455,1
2,0,0.7977689,1
2,0,0.87141556,1
2,0,0.9628316,1
2,0,0.92686945,1
2,0,0.9782996,1
2,0,0.8715687,1
2,0,0.82286465,1
2,0,0.7112247,1
2,0,0.9832758,1
2,0,0.9776499,1
2,0,0.60692024,1
2,0,0.5960167,1
2,0,0.9361717,1
2,0,0.85885847,1
2,0,0.76570314,1
2,0,0.6063569,1
2,0,0.40938875,0
2,0,0.40076745,0
2,0,0.648832,1
2,0,0.7199341,1
2,0,0.6622617,1
2,0,0.6866526,1
2,0,0.81993926,1
2,0,0.55181843,1
2,0,0.53406006,1
2,0,0.7725041,1
2,0,0.7491318,1
2,0,0.72280884,1
2,0,0.81070954,1
2,0,0.7706566,1
2,0,0.8248468,1
2,0,0.7366146,1
2,0,0.77749485,1
2,0,0.8964935,1
2,0,0.8413851,1
2,0,0.97334385,1
2,0,0.5802469,1
2,0,0.43928954,0
2,0,0.82599854,1
2,0,0.9412134,1
2,0,0.9214988,1
2,0,0.47472334,0
2,0,0.91764414,1
2,0,0.9367621,1
2,0,0.8756298,1
2,0,0.8754523,1
2,0,0.90102255,1
2,0,0.84662557,1
2,0,0.7969179,1
2,0,0.40857336,0
2,0,0.70382315,1
2,0,0.7402416,1
2,0,0.43951842,0
2,0,0.44973484,0
2,0,0.47551063,0
2,0,0.7139531,1
2,0,0.46945915,0
2,0,0.6209906,1
2,0,0.5788578,1
2,0,0.5743126,1
2,0,0.4600817,0
2,0,0.5850556,1
2,0,0.42372698,0
2,0,0.8659988,1
2,0,0.8409122,1
2,0,0.5945023,1
2,0,0.8532455,1
2,0,0.8034628,1
2,0,0.86435175,1
2,0,0.67205197,1
2,0,0.85588187,1
2,0,0.6812191,1
2,0,0.8410421,1
2,0,0.6225244,1
2,0,0.68683094,1
2,0,0.680505,1
2,0,0.78957176,1
2,0,0.6815084,1
2,0,0.5736145,1
2,0,0.33435777,0
2,0,0.8663537,1
2,0,0.6306791,1
2,0,0.6210231,1
2,0,0.63255894,1
2,0,0.6760537,1
2,0,0.7004288,1
2,0,0.5776856,1
2,0,0.49664468,0
2,0,0.90838397,1
2,0,0.97860354,1
2,0,0.9555945,1
2,0,0.9347133,1
2,0,0.7883796,1
2,0,0.78697515,1
2,0,0.8597741,1
2,0,0.6039311,1
2,0,0.7700187,1
2,0,0.38699952,0
2,0,0.38989177,0
2,0,0.4569282,0
2,0,0.5255002,1
2,0,0.56012,1
2,0,0.31134883,0
2,0,0.841931,1
2,0,0.8623565,1
2,0,0.9148993,1
2,0,0.95975137,1
2,0,0.89161706,1
2,0,0.90866756,1
2,0,0.9710075,1
2,0,0.82229847,1
2,0,0.91728026,1
2,0,0.7964875,1
2,0,0.79318553,1
2,0,0.7647569,1
2,0,0.969773,1
2,0,0.7898946,1
2,0,0.98210174,1
2,0,0.896055,1
2,0,0.92661095,1
2,0,0.6240883,1
2,0,0.90017486,1
2,0,0.7737632,1
2,0,0.61820763,1
2,0,0.61619616,1
2,0,0.86362284,1
2,0,0.70067114,1
2,0,0.34934506,0
2,0,0.6064457,1
2,0,0.7529397,1
2,0,0.52494025,1
2,0,0.44179025,0
2,0,0.76538813,1
2,0,0.83790565,1
2,0,0.91148907,1
2,0,0.8538937,1
2,0,0.98055637,1
2,0,0.94275177,1
2,0,0.9103946,1
2,0,0.5366096,1
2,0,0.7166602,1
2,0,0.81910545,1
2,0,0.6611743,1
2,0,0.8644826,1
2,0,0.7911978,1
2,0,0.8249841,1
2,0,0.85205126,1
2,0,0.9458398,1
2,0,0.88514435,1
2,0,0.920723,1
2,0,0.9084906,1
2,0,0.68347406,1
2,0,0.8128356,1
2,0,0.56813824,1
2,0,0.6966097,1
2,0,0.80124724,1
2,0,0.72454727,1
2,0,0.8351195,1
2,0,0.9167982,1
2,0,0.73097676,1
2,1,0.7677224,1
2,1,0.77902377,1
2,1,0.76361,1
2,1,0.9433145,1
2,1,0.80990213,1
2,1,0.6598152,1
2,1,0.37913862,0
2,1,0.50046736,1
2,1,0.41324097,0
2,0,0.9611641,1
2,0,0.92437726,1
2,0,0.98038083,1
2,0,0.9610214,1
2,0,0.93972844,1
2,0,0.88761145,1
2,0,0.84249425,1
2,0,0.5572635,1
2,0,0.51122695,1
2,0,0.43962002,0
2,0,0.4917104,0
2,0,0.35589767,0
2,0,0.7459338,1
2,0,0.43338484,0
2,0,0.44554543,0
2,0,0.7218383,1
2,0,0.5915904,1
2,0,0.44930077,0
2,0,0.5964043,1
2,0,0.6368051,1
2,0,0.70484114,1
2,0,0.73427963,1
2,0,0.38611695,0
2,0,0.4344136,0
2,0,0.40926182,0
2,0,0.54887617,1
2,0,0.7230818,1
2,0,0.5831931,1
2,0,0.17413644,0
2,0,0.72006255,1
2,0,0.24952647,0
2,0,0.83267236,1
2,0,0.90823233,1
2,0,0.928065,1
2,0,0.9133094,1
2,0,0.8890217,1
2,0,0.7081366,1
2,0,0.8665392,1
2,0,0.9238913,1
2,0,0.9438951,1
2,0,0.6330362,1
2,0,0.6681177,1
2,0,0.6277932,1
2,0,0.73342824,1
2,0,0.84998715,1
2,0,0.60848814,1
2,0,0.68047404,1
2,0,0.74258363,1
2,0,0.60707617,1
2,0,0.7863743,1
2,0,0.949099,1
2,0,0.9120176,1
2,0,0.86205465,1
2,0,0.8972812,1
2,0,0.95107675,1
2,0,0.45788017,0
2,0,0.34527278,0
2,0,0.8467669,1
2,0,0.92818385,1
2,0,0.45701432,0
2,0,0.24285658,0
2,0,0.22759679,0
2,0,0.8163746,1
2,0,0.64587927,1
2,0,0.6736342,1
2,0,0.34861362,0
2,0,0.7489621,1
2,0,0.88669664,1
2,0,0.87175834,1
2,0,0.9259994,1
2,0,0.8822823,1
2,0,0.9002603,1
2,0,0.84971774,1
2,0,0.9186604,1
2,0,0.8914623,1
2,0,0.83670694,1
2,0,0.8939944,1
2,0,0.89378536,1
2,0,0.9268449,1
2,0,0.88381827,1
2,0,0.75247175,1
2,0,0.8195818,1
2,0,0.76545084,1
2,0,0.7472709,1
2,0,0.7299438,1
2,0,0.84313166,1
2,0,0.74651605,1
2,0,0.49846995,0
2,0,0.8295184,1
2,0,0.27918112,0
2,0,0.49658054,0
2,0,0.25230217,0
2,0,0.5910992,1
2,0,0.81611365,1
2,0,0.8313938,1
2,0,0.9638545,1
2,0,0.96603674,1
2,0,0.9229454,1
2,0,0.7095533,1
2,0,0.61906993,1
2,0,0.66010827,1
2,0,0.82738626,1
2,0,0.79895574,1
2,0,0.89677554,1
2,0,0.94197303,1
2,0,0.69903225,1
2,0,0.8721365,1
2,0,0.9654947,1
2,0,0.8752241,1
2,0,0.9513001,1
2,0,0.85316074,1
2,0,0.12780079,0
2,0,0.44350109,0
2,0,0.17737891,0
2,0,0.5063145,1
2,0,0.3465307,0
2,0,0.8026146,1
2,0,0.65761065,1
2,0,0.81073695,1
2,0,0.8620064,1
2,0,0.7706583,1
2,0,0.2804316,0
2,0,0.8732492,1
2,0,0.8287376,1
2,0,0.96469826,1
2,0,0.9345261,1
2,0,0.95053744,1
2,0,0.96810013,1
2,0,0.81043655,1
2,0,0.96694493,1
2,0,0.8099551,1
2,0,0.11173585,0
2,0,0.5660185,1
2,0,0.17764474,0
2,0,0.077624455,0
2,0,0.10530426,0
2,0,0.31131175,0
2,0,0.5592673,1
2,0,0.9218673,1
2,0,0.7575223,1
2,0,0.9943943,1
2,0,0.87728536,1
2,0,0.8604494,1
2,0,0.6497856,1
2,0,0.68523985,1
2,0,0.8830603,1
2,0,0.9003312,1
2,0,0.7366024,1
2,0,0.22355989,0
2,0,0.52610797,1
2,0,0.7281038,1
2,0,0.452163,0
2,0,0.7582529,1
2,0,0.8036274,1
2,0,0.47340417,0
2,0,0.3558425,0
2,0,0.273433,0
2,0,0.25987086,0
2,0,0.3476138,0
2,0,0.5257979,1
2,0,0.38481396,0
2,0,0.40980172,0
2,0,0.43976364,0
2,0,0.38000578,0
2,0,0.17515719,0
2,0,0.39295635,0
2,0,0.28902373,0
2,0,0.6081327,1
2,0,0.17374277,0
2,0,0.1922741,0
2,0,0.41573498,0
2,0,0.42964077,0
2,0,0.67315084,1
2,0,0.17985171,0
2,0,0.74612296,1
2,0,0.8068838,1
2,0,0.399677,0
2,0,0.46897748,0
2,0,0.52459824,1
2,0,0.45586175,0
2,0,0.2567244,0
2,0,0.31042892,0
2,0,0.7904498,1
2,0,0.5759228,1
2,0,0.20340393,0
2,0,0.4017628,0
2,0,0.23231311,0
2,0,0.72305167,1
2,0,0.5794942,1
2,0,0.6011804,1
2,0,0.5194503,1
2,0,0.8803417,1
2,0,0.93793434,1
2,0,0.8989456,1
2,0,0.857636,1
2,0,0.9549056,1
2,0,0.9699737,1
2,0,0.9846578,1
2,0,0.76413095,1
2,0,0.10446001,0
2,0,0.5560975,1
2,0,0.528197,1
2,0,0.49772274,0
2,0,0.26491457,0
2,0,0.47365198,0
2,0,0.23819141,0
2,0,0.5109646,1
2,0,0.29692352,0
2,0,0.54941773,1
2,0,0.4357947,0
2,0,0.44095814,0
2,0,0.5509292,1
2,0,0.828114,1
2,0,0.62818104,1
2,0,0.44544578,0
2,0,0.73011285,1
2,0,0.8613781,1
2,0,0.7046863,1
2,0,0.8393196,1
2,0,0.8148352,1
2,0,0.8427192,1
2,0,0.72334826,1
2,0,0.93227947,1
2,0,0.7724051,1
2,0,0.78075325,1
2,0,0.75819457,1
2,0,0.7676968,1
2,0,0.75102895,1
2,0,0.88519275,1
2,0,0.8031279,1
2,1,0.3806839,0
2,1,0.2733105,0
2,1,0.121690884,0
2,1,0.31628343,0
2,1,0.1499959,0
2,1,0.15709576,0
2,1,0.20896345,0
2,1,0.11650857,0
2,1,0.20069712,0
2,1,0.29534256,0
2,1,0.2905781,0
2,1,0.2657382,0
2,1,0.26036218,0
2,1,0.4447205,0
2,1,0.5434122,1
2,1,0.4136506,0
2,1,0.36742502,0
2,1,0.43977776,0
2,1,0.41989547,0
2,1,0.5063715,1
2,1,0.25226274,0
2,1,0.3382229,0
2,1,0.4875386,0
2,1,0.918378,1
2,1,0.94605005,1
2,1,0.80981493,1
2,1,0.87885594,1
2,1,0.6246686,1
2,1,0.83599025,1
2,1,0.25335968,0
2,1,0.54792124,1
2,1,0.5372741,1
2,1,0.45071554,0
2,1,0.65147084,1
2,1,0.6046297,1
2,1,0.6354054,1
2,1,0.32382536,0
2,1,0.90029603,1
2,1,0.80962807,1
2,1,0.4425975,0
2,1,0.32323894,0
2,1,0.1560758,0
2,1,0.34387127,0
2,1,0.4276379,0
2,1,0.46664527,0
2,1,0.6972846,1
2,1,0.5425125,1
2,1,0.65381473,1
2,1,0.47547042,0
2,1,0.7391168,1
2,1,0.6703516,1
2,1,0.8783295,1
2,1,0.97487724,1
2,1,0.96260005,1
2,1,0.89380497,1
2,1,0.789821,1
2,1,0.5465261,1
2,1,0.8883071,1
2,1,0.9880432,1
2,1,0.9427847,1
2,1,0.6094921,1
2,1,0.84150386,1
2,1,0.96191436,1
2,1,0.920244,1
2,1,0.87684023,1
2,1,0.8511237,1
2,1,0.698138,1
2,1,0.8660339,1
2,1,0.8868958,1
2,1,0.8268986,1
2,1,0.83073556,1
2,1,0.9388747,1
2,1,0.93407166,1
2,1,0.834031,1
2,1,0.6600703,1
2,1,0.89390945,1
2,1,0.89927816,1
2,1,0.71943855,1
2,1,0.8530709,1
2,1,0.8852298,1
2,1,0.8442893,1
2,1,0.9015974,1
2,1,0.8532198,1
2,1,0.86428666,1
2,1,0.7681602,1
2,1,0.77485013,1
2,1,0.8232938,1
2,1,0.84521693,1
2,1,0.9316745,1
2,1,0.9154801,1
2,1,0.9489457,1
2,1,0.82872224,1
2,1,0.9099705,1
2,1,0.79719675,1
2,1,0.96096265,1
2,1,0.8319253,1
2,1,0.8392769,1
2,1,0.86901265,1
2,1,0.73720044,1
2,1,0.87326443,1
2,1,0.79785657,1
2,1,0.9104105,1
2,1,0.8046601,1
2,1,0.7781375,1
2,1,0.7965648,1
2,1,0.8528401,1
2,1,0.8682656,1
2,1,0.6495318,1
2,1,0.8510457,1
2,1,0.90933794,1
2,1,0.87513626,1
2,1,0.97593135,1
2,1,0.7161381,1
2,1,0.89713925,1
2,1,0.70581496,1
2,1,0.95062685,1
2,1,0.85057753,1
2,1,0.9543732,1
2,1,0.9356031,1
2,1,0.95889115,1
2,1,0.96062064,1
2,1,0.97243303,1
2,1,0.96997404,1
2,1,0.96977645,1
2,1,0.9660949,1
2,1,0.9606433,1
2,1,0.9701138,1
2,1,0.9753783,1
2,1,0.9763313,1
2,1,0.98265266,1
2,1,0.967342,1
2,1,0.97987384,1
2,1,0.96532446,1
2,1,0.9771507,1
2,1,0.98202467,1
2,1,0.9677586,1
2,1,0.0635188,0
2,1,0.12801187,0
2,1,0.18636402,0
2,1,0.10023023,0
2,1,0.12615158,0
2,1,0.11244373,0
2,1,0.11696905,0
2,1,0.092749394,0
2,1,0.122394994,0
2,1,0.14978066,0
2,1,0.038275942,0
2,1,0.30248162,0
2,1,0.10852122,0
2,1,0.31369063,0
2,1,0.18129155,0
2,1,0.250899,0
2,1,0.2859198,0
2,1,0.21945095,0
2,1,0.77626365,1
2,1,0.76251006,1
2,1,0.8230755,1
2,1,0.7510976,1
2,1,0.67642057,1
2,1,0.34369588,0
2,1,0.42792436,0
2,1,0.2516553,0
2,1,0.14483477,0
2,1,0.3314149,0
2,1,0.27249596,0
2,1,0.30723962,0
2,1,0.32315698,0
2,1,0.31806114,0
2,1,0.41516253,0
2,1,0.7479447,1
2,1,0.9039086,1
2,1,0.8560564,1
2,1,0.73088497,1
2,1,0.86171705,1
2,1,0.7868578,1
2,1,0.86172134,1
2,1,0.7679968,1
2,1,0.8788676,1
2,1,0.70293283,1
2,1,0.8036338,1
2,1,0.7609419,1
2,1,0.86597914,1
2,1,0.8758036,1
2,1,0.90564936,1
2,1,0.78800213,1
2,1,0.8958669,1
2,1,0.8529305,1
2,1,0.6120231,1
2,1,0.6699847,1
2,1,0.77455574,1
2,1,0.22802338,0
2,1,0.61379665,1
2,1,0.40218556,0
2,1,0.77448285,1
2,1,0.78393424,1
2,1,0.8236338,1
2,1,0.47860745,0
2,1,0.34637153,0
2,1,0.16258866,0
2,1,0.26784676,0
2,1,0.7871647,1
2,1,0.15474047,0
2,1,0.4740144,0
2,1,0.34205067,0
2,1,0.7249905,1
2,1,0.45310408,0
2,1,0.33363944,0
2,1,0.693347,1
2,1,0.21229526,0
2,1,0.35571107,0
2,1,0.29429588,0
2,1,0.58230305,1
2,1,0.6959232,1
2,1,0.8473624,1
2,1,0.9208211,1
2,1,0.95838314,1
2,1,0.9667576,1
2,1,0.8475831,1
2,1,0.9662402,1
2,1,0.94804686,1
2,1,0.6810532,1
2,1,0.68039864,1
2,1,0.78438526,1
2,1,0.87333775,1
2,1,0.7791759,1
2,1,0.84905624,1
2,1,0.77582073,1
2,1,0.71520305,1
2,1,0.60296464,1
2,1,0.6619197,1
2,1,0.74749535,1
2,1,0.56255585,1
2,1,0.7014377,1
2,0,0.101627074,0
2,0,0.13756725,0
2,0,0.16276564,0
2,0,0.2796059,0
2,0,0.23828882,0
2,0,0.3234036,0
2,0,0.19934875,0
2,0,0.3374294,0
2,0,0.7507881,1
2,0,0.55919003,1
2,0,0.4913845,0
2,0,0.7164124,1
2,0,0.7324574,1
2,0,0.4036214,0
2,0,0.59534806,1
2,0,0.74213785,1
2,1,0.93659985,1
2,1,0.89686,1
2,1,0.91297185,1
2,1,0.88485354,1
2,1,0.9041069,1
2,1,0.8536945,1
2,1,0.8307202,1
2,1,0.8224135,1
2,1,0.86405706,1
2,1,0.7600164,1
2,1,0.85442084,1
2,1,0.88436145,1
2,1,0.88935196,1
2,1,0.6978135,1
2,1,0.89833456,1
2,1,0.8907846,1
2,1,0.41688418,0
2,1,0.5796792,1
2,1,0.6101602,1
2,1,0.29577583,0
2,1,0.19663085,0
2,1,0.41273257,0
2,1,0.14031126,0
2,1,0.486664,0
2,1,0.5111443,1
2,1,0.47697833,0
2,1,0.6036848,1
2,1,0.88169384,1
2,1,0.61122906,1
2,1,0.7567225,1
2,1,0.51589006,1
2,1,0.6632584,1
2,1,0.74691975,1
2,1,0.7146898,1
2,1,0.7041577,1
2,1,0.71394086,1
2,1,0.7807105,1
2,1,0.636424,1
2,1,0.6866828,1
2,1,0.7551012,1
2,1,0.814006,1
2,1,0.70940924,1
2,1,0.8724706,1
2,1,0.66530704,1
2,1,0.86710024,1
2,1,0.8477237,1
2,1,0.8097011,1
2,1,0.9292073,1
2,1,0.8957953,1
2,1,0.92092466,1
2,1,0.8940803,1
2,1,0.8348399,1
2,1,0.85467875,1
2,1,0.6512039,1
2,1,0.51472354,1
2,1,0.8362507,1
2,1,0.8989745,1
2,1,0.55254406,1
2,1,0.93162894,1
2,1,0.86407804,1
2,1,0.915896,1
2,1,0.8335548,1
2,1,0.4002494,0
2,1,0.29312173,0
2,1,0.22229026,0
2,1,0.16578552,0
2,1,0.20061712,0
2,1,0.8671541,1
2,1,0.58255655,1
2,1,0.41920087,0
2,1,0.6536109,1
2,1,0.5847405,1
2,1,0.30553022,0
2,1,0.26420474,0
2,1,0.6942103,1
2,1,0.70687395,1
2,1,0.3779695,0
2,1,0.38973412,0
2,1,0.21917057,0
2,1,0.14127126,0
2,1,0.41421154,0
2,1,0.17110856,0
2,1,0.5358846,1
2,1,0.23003574,0
2,1,0.47962332,0
2,1,0.14413692,0
2,1,0.36731556,0
2,1,0.1655135,0
2,1,0.43358392,0
2,1,0.49995205,0
2,1,0.14755018,0
2,1,0.15266591,0
2,1,0.3494751,0
2,1,0.36268374,0
2,1,0.57379365,1
2,1,0.48052576,0
2,1,0.40198332,0
2,1,0.40591204,0
2,1,0.14246006,0
2,1,0.15189138,0
2,1,0.4757701,0
2,1,0.56705225,1
2,1,0.54863936,1
2,1,0.46748406,0
2,1,0.50772977,1
2,1,0.3102913,0
2,1,0.9356029,1
2,1,0.95889103,1
2,1,0.96062064,1
2,1,0.9724329,1
2,1,0.9699739,1
2,1,0.96977645,1
2,1,0.9660948,1
2,1,0.9606433,1
2,1,0.9701137,1
2,1,0.9753783,1
2,1,0.9763313,1
2,1,0.98265266,1
2,1,0.967342,1
2,1,0.97987384,1
2,1,0.96532446,1
2,1,0.9771507,1
2,1,0.98202467,1
2,1,0.9677586,1
2,1,0.32364383,0
2,1,0.8596535,1
2,1,0.46488452,0
2,1,0.41316092,0
2,1,0.255287,0
2,1,0.36669356,0
2,1,0.71412754,1
2,1,0.6704665,1
2,1,0.37791803,0
2,1,0.42128074,0
2,1,0.9764864,1
2,1,0.968728,1
2,1,0.97193944,1
2,1,0.97015655,1
2,1,0.9727126,1
2,1,0.82754064,1
2,1,0.911445,1
2,1,0.93110573,1
2,1,0.52991164,1
2,1,0.45503956,0
2,1,0.52486503,1
2,1,0.10404147,0
2,1,0.13176557,0
2,1,0.09644922,0
2,1,0.33236003,0
2,1,0.11632064,0
2,1,0.10007719,0
2,1,0.13646644,0
2,1,0.149068,0
2,1,0.09289936,0
2,1,0.24193451,0
2,1,0.21447062,0
2,1,0.34702972,0
2,1,0.27760938,0
3,1,0.22478046,0
3,1,0.16291778,0
3,1,0.32421562,0
3,1,0.10601395,0
3,1,0.12334589,0
3,1,0.090122625,0
3,1,0.14568189,0
3,1,0.15860055,0
3,1,0.08872926,0
3,1,0.08329913,0
3,1,0.06910139,0
3,1,0.107497826,0
3,1,0.115425795,0
3,1,0.105022185,0
3,1,0.18084843,0
3,1,0.07950958,0
3,0,0.93615186,1
3,0,0.9542471,1
3,0,0.82251287,1
3,0,0.9277221,1
3,0,0.9525285,1
3,0,0.9434708,1
3,0,0.9765435,1
3,0,0.9719195,1
3,0,0.93100756,1
3,0,0.962951,1
3,0,0.9252639,1
3,0,0.9323518,1
3,0,0.94824076,1
3,0,0.9537998,1
3,0,0.969619,1
3,0,0.9298076,1
3,0,0.94869983,1
3,0,0.97745764,1
3,0,0.94314533,1
3,0,0.9168109,1
3,0,0.9638803,1
3,0,0.9581314,1
3,0,0.9601685,1
3,0,0.9803088,1
3,0,0.9677567,1
3,0,0.9054119,1
3,0,0.9494505,1
3,0,0.9385442,1
3,0,0.96260965,1
3,0,0.9119429,1
3,0,0.9656611,1
3,0,0.9779874,1
3,0,0.76965433,1
3,0,0.9724681,1
3,0,0.91218853,1
3,0,0.8584545,1
3,0,0.9050192,1
3,0,0.94212604,1
3,0,0.96212685,1
3,0,0.96858025,1
3,0,0.956135,1
3,0,0.95474976,1
3,0,0.96960574,1
3,0,0.9471678,1
3,0,0.9611233,1
3,0,0.9567429,1
3,0,0.9364931,1
3,0,0.9494043,1
3,0,0.8737791,1
3,0,0.94050187,1
3,0,0.9338517,1
3,0,0.89197475,1
3,0,0.94608104,1
3,0,0.9249505,1
3,0,0.93860275,1
3,0,0.8945969,1
3,0,0.90923417,1
3,0,0.8990907,1
3,0,0.92548734,1
3,0,0.9368963,1
3,0,0.8007593,1
3,0,0.9262941,1
3,0,0.96578795,1
3,0,0.92451763,1
3,0,0.9545469,1
3,0,0.91911566,1
3,0,0.9328443,1
3,0,0.887342,1
3,0,0.91688114,1
3,0,0.94883084,1
3,0,0.9320217,1
3,0,0.91907984,1
3,0,0.90307194,1
3,0,0.9748703,1
3,0,0.9536112,1
3,0,0.9138921,1
3,0,0.94447726,1
3,0,0.9603801,1
3,0,0.945716,1
3,0,0.9388885,1
3,0,0.90566474,1
3,0,0.8998502,1
3,0,0.9435342,1
3,0,0.6767427,1
3,0,0.85411364,1
3,1,0.87584895,1
3,1,0.7801661,1
3,1,0.6725327,1
3,1,0.77212125,1
3,1,0.77348864,1
3,1,0.80122626,1
3,1,0.69873554,1
3,1,0.8055278,1
3,1,0.78045976,1
3,1,0.83814734,1
3,1,0.82356143,1
3,1,0.8570562,1
3,1,0.8678265,1
3,1,0.83688515,1
3,1,0.79828507,1
3,1,0.78974783,1
3,1,0.904639,1
3,1,0.88510853,1
3,1,0.84048057,1
3,1,0.82863075,1
3,1,0.73140615,1
3,1,0.7230555,1
3,1,0.5994555,1
3,1,0.7698102,1
3,1,0.80867004,1
3,1,0.8415028,1
3,1,0.8829724,1
3,1,0.7874026,1
3,1,0.7651422,1
3,1,0.8921922,1
3,1,0.83409876,1
3,1,0.8408032,1
3,1,0.7166989,1
3,1,0.7554496,1
3,1,0.7627192,1
3,1,0.8025269,1
3,1,0.50056016,1
3,1,0.39405078,0
3,1,0.46141842,0
3,1,0.5342634,1
3,1,0.30976182,0
3,1,0.4663094,0
3,1,0.65882605,1
3,1,0.5609642,1
3,1,0.7057812,1
3,1,0.57123554,1
3,1,0.73841095,1
3,1,0.37163046,0
3,1,0.49574193,0
3,1,0.6633676,1
3,1,0.5929776,1
3,1,0.6284501,1
3,1,0.40720126,0
3,1,0.33069867,0
3,1,0.5754115,1
3,1,0.8268187,1
3,1,0.5465435,1
3,1,0.5762906,1
3,1,0.5971982,1
3,1,0.37072402,0
3,1,0.67099434,1
3,1,0.58101535,1
3,1,0.72698873,1
3,1,0.5128133,1
3,1,0.55977005,1
3,1,0.7908266,1
3,1,0.90888333,1
3,1,0.8998143,1
3,1,0.12115795,0
3,1,0.047840644,0
3,1,0.13108213,0
3,1,0.056749236,0
3,1,0.13744545,0
3,1,0.055446327,0
3,1,0.12728114,0
3,1,0.07773974,0
3,1,0.05375473,0
3,1,0.10004863,0
3,1,0.08140342,0
3,1,0.04485536,0
3,1,0.063874066,0
3,1,0.0727564,0
3,1,0.047785427,0
3,1,0.033722177,0
3,1,0.044345308,0
3,1,0.07982841,0
3,1,0.048079517,0
3,1,0.04140122,0
3,1,0.06566569,0
3,1,0.10179492,0
3,1,0.080478035,0
3,1,0.054884855,0
3,1,0.037786532,0
3,1,0.0535778,0
3,1,0.061543558,0
3,1,0.06272947,0
3,1,0.042646114,0
3,1,0.04044704,0
3,1,0.08460303,0
3,1,0.16678533,0
3,1,0.103853,0
3,1,0.13943192,0
3,1,0.06745856,0
3,1,0.3718466,0
3,1,0.19361797,0
3,1,0.13467075,0
3,1,0.2373475,0
3,1,0.21224311,0
3,1,0.14953879,0
3,1,0.22988123,0
3,1,0.16016924,0
3,1,0.12364643,0
3,1,0.108577386,0
3,1,0.064020514,0
3,1,0.110768504,0
3,1,0.07065663,0
3,1,0.08866332,0
3,1,0.099673025,0
3,1,0.101613164,0
3,1,0.135716,0
3,1,0.22572778,0
3,1,0.13181797,0
3,1,0.1347693,0
3,1,0.116439454,0
3,1,0.075029105,0
3,1,0.042836994,0
3,1,0.14678691,0
3,1,0.19630581,0
3,1,0.16971895,0
3,1,0.3030646,0
3,1,0.053009722,0
3,1,0.16788588,0
3,1,0.44853467,0
3,1,0.07725691,0
3,1,0.4417444,0
3,1,0.27388266,0
3,0,0.9428232,1
3,0,0.95660174,1
3,0,0.94396126,1
3,0,0.95418775,1
3,0,0.8857301,1
3,0,0.9293132,1
3,0,0.9455432,1
3,0,0.9302766,1
3,0,0.93332124,1
3,0,0.88720596,1
3,0,0.83930075,1
3,0,0.73724914,1
3,0,0.8148897,1
3,0,0.69970655,1
3,0,0.90952843,1
3,0,0.9012782,1
3,0,0.8922604,1
3,0,0.8788353,1
3,0,0.90365,1
3,0,0.9148444,1
3,0,0.8692141,1
3,0,0.90253276,1
3,0,0.92565656,1
3,0,0.91198593,1
3,0,0.93424654,1
3,0,0.88680613,1
3,0,0.8203223,1
3,0,0.774732,1
3,0,0.7585852,1
3,0,0.7609524,1
3,0,0.88697505,1
3,0,0.8517566,1
3,0,0.85657686,1
3,0,0.8755031,1
3,0,0.8607783,1
3,0,0.9180953,1
3,0,0.82938606,1
3,0,0.9431387,1
3,0,0.93014866,1
3,0,0.8657638,1
3,0,0.832462,1
3,0,0.87134063,1
3,0,0.83653706,1
3,0,0.93790686,1
3,0,0.930405,1
3,0,0.8210543,1
3,0,0.90314287,1
3,0,0.47647324,0
3,0,0.30875063,0
3,0,0.5857305,1
3,0,0.5990713,1
3,0,0.7858564,1
3,0,0.6881723,1
3,0,0.4197963,0
3,0,0.5838922,1
3,0,0.6160387,1
3,0,0.7144045,1
3,0,0.38703382,0
3,0,0.4369141,0
3,0,0.7410718,1
3,0,0.81241155,1
3,0,0.7459494,1
3,0,0.86417836,1
3,0,0.83461493,1
3,0,0.8727424,1
3,0,0.7449729,1
3,0,0.89694804,1
3,0,0.77709866,1
3,0,0.89487094,1
3,0,0.9012812,1
3,0,0.89075834,1
3,0,0.8580875,1
3,0,0.8355824,1
3,0,0.64489377,1
3,0,0.42183858,0
3,0,0.376006,0
3,0,0.7807772,1
3,1,0.72851306,1
3,1,0.6102307,1
3,1,0.7705575,1
3,1,0.7180685,1
3,1,0.6419874,1
3,1,0.47525862,0
3,1,0.59649754,1
3,1,0.47450534,0
3,1,0.23549703,0
3,1,0.46953678,0
3,1,0.4039633,0
3,1,0.25329867,0
3,1,0.24608162,0
3,1,0.19169816,0
3,1,0.44135982,0
3,1,0.07167796,0
3,1,0.28656915,0
3,1,0.43443322,0
3,1,0.30210316,0
3,1,0.31672212,0
3,1,0.37672904,0
3,1,0.31658217,0
3,1,0.17180003,0
3,1,0.42971167,0
3,1,0.20126726,0
3,1,0.22263835,0
3,1,0.12909146,0
3,1,0.21879756,0
3,1,0.18161875,0
3,1,0.19808939,0
3,1,0.24900956,0
3,0,0.49396667,0
3,0,0.6719613,1
3,0,0.3938556,0
3,0,0.6156607,1
3,0,0.3806274,0
3,0,0.32496488,0
3,0,0.39489642,0
3,0,0.3338502,0
3,0,0.15853676,0
3,0,0.13545309,0
3,0,0.12014554,0
3,0,0.52005255,1
3,0,0.5329426,1
3,0,0.4199388,0
3,0,0.18907686,0
3,0,0.19157079,0
3,0,0.2185222,0
3,0,0.41547322,0
3,0,0.29386678,0
3,0,0.39854914,0
3,0,0.4439162,0
3,0,0.36460587,0
3,0,0.3261381,0
3,0,0.53827834,1
3,0,0.4318545,0
3,0,0.40439808,0
3,0,0.20243913,0
3,0,0.6219571,1
3,0,0.69923943,1
3,0,0.57916903,1
3,0,0.57931465,1
3,0,0.5514881,1
3,0,0.44334123,0
3,0,0.50990933,1
3,0,0.16719632,0
3,0,0.08490556,0
3,0,0.05434067,0
3,0,0.08790243,0
3,0,0.063801914,0
3,0,0.06330109,0
3,0,0.056954984,0
3,0,0.063334964,0
3,0,0.13390143,0
3,0,0.057649884,0
3,0,0.21611375,0
3,0,0.09649536,0
3,0,0.34204376,0
3,0,0.073683865,0
3,0,0.12618999,0
3,1,0.94960195,1
3,1,0.9300277,1
3,1,0.8043049,1
3,1,0.87108964,1
3,1,0.8548696,1
3,1,0.923608,1
3,1,0.8077825,1
3,1,0.927739,1
3,1,0.87443364,1
3,1,0.922462,1
3,1,0.9502306,1
3,1,0.8728871,1
3,1,0.9511899,1
3,1,0.967182,1
3,1,0.97029185,1
3,1,0.94102836,1
3,1,0.95438975,1
3,1,0.94149727,1
3,1,0.95366335,1
3,1,0.884247,1
3,1,0.924854,1
3,1,0.94318444,1
3,1,0.9294249,1
3,1,0.14736815,0
3,1,0.22694096,0
3,1,0.23605816,0
3,1,0.17803721,0
3,1,0.13274017,0
3,1,0.23759796,0
3,1,0.27362224,0
3,1,0.4496879,0
3,1,0.67683136,1
3,1,0.91270095,1
3,1,0.8573079,1
3,1,0.9013552,1
3,1,0.9363422,1
3,1,0.9658247,1
3,1,0.9686858,1
3,1,0.7910095,1
3,1,0.949578,1
3,1,0.9451581,1
3,1,0.926963,1
3,1,0.9467255,1
3,1,0.94750065,1
3,1,0.93678355,1
3,1,0.96265674,1
3,1,0.8685091,1
3,1,0.84034646,1
3,1,0.9396276,1
3,1,0.8459048,1
3,1,0.9083222,1
3,1,0.7336912,1
3,1,0.8829139,1
3,1,0.8120533,1
3,1,0.8713088,1
3,1,0.870136,1
3,1,0.9568755,1
3,1,0.67518383,1
3,1,0.7423835,1
3,1,0.36895984,0
3,1,0.5613622,1
3,1,0.7978603,1
3,1,0.5449092,1
3,1,0.62789893,1
3,1,0.4449046,0
3,1,0.60306764,1
3,1,0.3787493,0
3,1,0.39177522,0
3,1,0.53553915,1
3,1,0.4352679,0
3,1,0.23862803,0
3,1,0.43943095,0
3,1,0.30562773,0
3,1,0.3805614,0
3,1,0.8372672,1
3,1,0.4433873,0
3,1,0.23779511,0
3,1,0.47821802,0
3,1,0.68947417,1
3,1,0.7146721,1
3,1,0.7330999,1
3,1,0.648773,1
3,1,0.67731214,1
3,0,0.51771116,1
3,0,0.48347303,0
3,0,0.656443,1
3,0,0.5829807,1
3,0,0.26225224,0
3,0,0.30503002,0
3,0,0.6841591,1
3,0,0.542549,1
3,0,0.43088824,0
3,0,0.67244136,1
3,1,0.72397506,1
3,1,0.80758584,1
3,1,0.56235594,1
3,1,0.43232962,0
3,1,0.47244468,0
3,1,0.71268237,1
3,1,0.6552678,1
3,1,0.7848724,1
3,1,0.76095515,1
3,1,0.5791198,1
3,1,0.7333559,1
3,1,0.7760675,1
3,1,0.60144585,1
3,1,0.6436165,1
3,1,0.6673754,1
3,0,0.2370717,0
3,0,0.20172282,0
3,0,0.36557052,0
3,0,0.21028689,0
3,0,0.1663169,0
3,0,0.16197883,0
3,0,0.15642366,0
3,0,0.122632764,0
3,0,0.17824528,0
3,0,0.12757666,0
3,0,0.09016962,0
3,0,0.13982387,0
3,0,0.17033923,0
3,0,0.22296481,0
3,0,0.07173405,0
3,0,0.12217062,0
3,0,0.12594812,0
3,0,0.13591337,0
3,0,0.19017705,0
3,0,0.11692933,0
3,0,0.07046661,0
3,0,0.21348827,0
3,0,0.12382616,0
3,0,0.19271548,0
3,0,0.11132485,0
3,0,0.15805565,0
3,0,0.17964022,0
3,0,0.16705747,0
3,0,0.23980975,0
3,0,0.25516212,0
3,0,0.2211125,0
3,0,0.22353287,0
3,0,0.2193396,0
3,0,0.14863785,0
3,0,0.112861894,0
3,0,0.0963192,0
3,0,0.14722745,0
3,0,0.09705006,0
3,0,0.17407005,0
3,0,0.09368469,0
3,0,0.30100593,0
3,0,0.25786248,0
3,0,0.3206611,0
3,0,0.1952588,0
3,1,0.1563702,0
3,1,0.16174793,0
3,1,0.14121558,0
3,1,0.079907045,0
3,1,0.06220358,0
3,1,0.09015133,0
3,1,0.86123794,1
3,1,0.7639881,1
3,1,0.72019845,1
3,1,0.7618272,1
3,1,0.91329837,1
3,1,0.84364367,1
3,1,0.8988418,1
3,1,0.87122416,1
3,1,0.96670634,1
3,1,0.47564453,0
3,1,0.3619366,0
3,1,0.30935052,0
3,1,0.40646845,0
3,1,0.11418402,0
3,1,0.42351645,0
3,1,0.36168835,0
3,1,0.35903874,0
3,1,0.39985704,0
3,1,0.41638416,0
3,1,0.292069,0
3,1,0.35244995,0
3,1,0.16897854,0
3,1,0.38701484,0
3,1,0.28778297,0
3,1,0.2065815,0
3,1,0.16756776,0
3,1,0.42611983,0
3,1,0.071052186,0
3,1,0.09717089,0
3,1,0.1495157,0
3,1,0.35760975,0
3,1,0.15178788,0
3,1,0.6751891,1
3,1,0.45388576,0
3,1,0.41886404,0
3,1,0.48708642,0
3,1,0.3239489,0
3,1,0.26167208,0
3,1,0.21113119,0
3,1,0.5790699,1
3,1,0.64914924,1
3,1,0.8889202,1
3,1,0.8565829,1
3,1,0.8170355,1
3,1,0.89954317,1
3,1,0.6822291,1
3,1,0.487768,0
3,1,0.4847832,0
3,1,0.5810173,1
3,1,0.6549597,1
3,1,0.7756743,1
3,1,0.1833091,0
3,1,0.34730998,0
3,1,0.42008102,0
3,1,0.34753385,0
3,1,0.55163765,1
3,1,0.5881536,1
3,1,0.21494274,0
3,1,0.46072116,0
3,1,0.15855075,0
3,0,0.21652418,0
3,0,0.27772802,0
3,0,0.4118271,0
3,0,0.56242156,1
3,0,0.5433825,1
3,0,0.26576012,0
3,0,0.12976766,0
3,0,0.43990135,0
3,0,0.20491534,0
3,0,0.3426523,0
3,0,0.5088301,1
3,0,0.61664844,1
3,0,0.62197113,1
3,0,0.20446806,0
3,0,0.73565435,1
3,0,0.5293943,1
3,0,0.39945695,0
3,0,0.46725848,0
3,0,0.5181705,1
3,0,0.29107115,0
3,0,0.6687267,1
3,0,0.59105384,1
3,0,0.47472367,0
3,0,0.63514626,1
3,0,0.48542663,0
3,0,0.6835099,1
3,0,0.6638215,1
3,1,0.35198238,0
3,1,0.78933537,1
3,1,0.2904812,0
3,1,0.53072524,1
3,1,0.6131293,1
3,1,0.3099807,0
3,1,0.76032346,1
3,1,0.8133642,1
3,1,0.8891852,1
3,1,0.6295047,1
3,1,0.5544639,1
3,1,0.6922763,1
3,1,0.5564736,1
3,1,0.41022488,0
3,1,0.44062966,0
3,1,0.3031447,0
3,1,0.5878223,1
3,1,0.1473613,0
3,1,0.74563116,1
3,1,0.77131563,1
3,1,0.5918227,1
3,1,0.7829554,1
3,1,0.755566,1
3,1,0.82153505,1
3,1,0.7311119,1
3,1,0.83280736,1
3,1,0.6876631,1
3,1,0.8387894,1
3,1,0.7489568,1
3,1,0.67770666,1
3,1,0.70060605,1
3,1,0.537821,1
3,1,0.3994922,0
3,1,0.4573025,0
3,1,0.46794292,0
3,1,0.54816717,1
3,1,0.6558555,1
3,1,0.4076612,0
3,1,0.33241197,0
3,1,0.48836252,0
3,1,0.3438477,0
3,1,0.32678798,0
3,1,0.3467534,0
3,1,0.19675234,0
3,1,0.17706122,0
3,1,0.9352703,1
3,1,0.691282,1
3,1,0.544084,1
3,1,0.84372985,1
3,1,0.6480825,1
3,1,0.6686783,1
3,1,0.8523983,1
3,1,0.37828904,0
3,1,0.5288862,1
3,1,0.631859,1
3,1,0.61725193,1
3,1,0.7666848,1
3,1,0.661874,1
3,1,0.97443604,1
3,1,0.9734169,1
3,1,0.98256654,1
3,1,0.9763399,1
3,1,0.9742439,1
3,1,0.9880185,1
3,1,0.94553244,1
3,1,0.943227,1
3,1,0.9723045,1
3,1,0.97082675,1
3,1,0.79403824,1
3,1,0.94609016,1
3,1,0.9145682,1
3,1,0.9520019,1
3,1,0.9065935,1
3,1,0.93670875,1
3,1,0.93178856,1
3,1,0.9389632,1
3,1,0.9361739,1
3,1,0.9586916,1
3,1,0.88616407,1
3,1,0.9201739,1
3,1,0.89879525,1
3,1,0.9314264,1
3,1,0.89532757,1
3,1,0.92847776,1
3,1,0.89305174,1
3,1,0.9170905,1
3,1,0.8805504,1
3,1,0.92751765,1
3,1,0.9403923,1
3,1,0.9603204,1
3,1,0.82649297,1
3,1,0.9606425,1
3,1,0.96172094,1
3,1,0.9543111,1
3,1,0.93367857,1
3,1,0.9709467,1
3,1,0.9345941,1
3,1,0.90356946,1
3,1,0.8668722,1
3,1,0.9666853,1
3,1,0.79424584,1
3,1,0.6851484,1
3,1,0.8018594,1
3,1,0.9509387,1
3,1,0.46352,0
3,1,0.6791632,1
3,1,0.7111554,1
3,1,0.61114764,1
3,1,0.5685805,1
3,1,0.57407635,1
3,1,0.7324854,1
3,1,0.7510959,1
3,1,0.86042637,1
3,1,0.8285626,1
3,1,0.800707,1
3,1,0.5395662,1
3,1,0.77570504,1
3,1,0.6423045,1
3,1,0.6112686,1
3,1,0.6598873,1
3,1,0.85177046,1
3,1,0.7885285,1
3,1,0.89745647,1
3,1,0.83696115,1
3,1,0.8778436,1
3,1,0.8256109,1
3,1,0.89749014,1
3,1,0.88744956,1
3,1,0.9242875,1
3,1,0.9495914,1
3,1,0.7000406,1
3,1,0.91424507,1
3,1,0.87706155,1
3,1,0.87215495,1
3,1,0.5456524,1
3,1,0.765729,1
3,1,0.76725954,1
3,1,0.7697332,1
3,1,0.9031371,1
3,1,0.88823485,1
3,1,0.91869605,1
3,1,0.66830105,1
3,1,0.8139715,1
3,1,0.93126804,1
3,1,0.6731004,1
3,1,0.7521242,1
3,1,0.966895,1
3,1,0.94730824,1
3,1,0.9541843,1
3,1,0.9640602,1
3,1,0.96923,1
3,1,0.9509432,1
3,1,0.93456167,1
3,1,0.6775329,1
3,1,0.8700662,1
3,1,0.87897813,1
3,1,0.7798631,1
3,1,0.8524962,1
3,1,0.7542282,1
3,1,0.7107467,1
3,1,0.7607168,1
3,1,0.78795964,1
3,1,0.5474133,1
3,1,0.6808798,1
3,1,0.6198068,1
3,1,0.7310327,1
3,1,0.5875239,1
3,1,0.53705674,1
3,1,0.45726094,0
3,1,0.5313539,1
3,1,0.44489756,0
3,0,0.25910467,0
3,0,0.10019432,0
3,0,0.3447877,0
3,0,0.4042169,0
3,0,0.53469276,1
3,0,0.43891683,0
3,0,0.41811866,0
3,0,0.3122984,0
3,0,0.39366576,0
3,0,0.16320263,0
3,0,0.18552092,0
3,0,0.26909,0
3,0,0.16752765,0
3,1,0.664305,1
3,1,0.9077986,1
3,1,0.8473237,1
3,1,0.8955834,1
3,1,0.9335459,1
3,1,0.9649935,1
3,1,0.9674182,1
3,1,0.7823552,1
3,1,0.947587,1
3,1,0.9425698,1
3,1,0.92386883,1
3,1,0.94427186,1
3,1,0.94501764,1
3,1,0.93504524,1
3,1,0.96059424,1
3,1,0.8646277,1
3,1,0.83561796,1
3,1,0.939873,1
3,1,0.8433129,1
3,1,0.9064055,1
3,1,0.7298935,1
3,1,0.87878287,1
3,1,0.8085968,1
3,1,0.8661236,1
3,1,0.8651978,1
3,1,0.20162167,0
3,1,0.27626672,0
3,1,0.38971263,0
3,1,0.7093364,1
3,1,0.2575537,0
3,1,0.08913233,0
3,1,0.16154803,0
3,1,0.1533291,0
3,1,0.40904292,0
3,1,0.54707396,1
3,1,0.24736072,0
3,1,0.29054233,0
3,0,0.5189256,1
3,0,0.31773362,0
3,0,0.37947127,0
3,0,0.44863704,0
3,0,0.44635516,0
3,0,0.5791604,1
3,0,0.5047582,1
3,0,0.23582059,0
3,0,0.26101774,0
3,0,0.60191596,1
3,0,0.4784918,0
3,0,0.32661113,0
3,0,0.5859695,1
3,0,0.42669028,0
3,0,0.41833633,0
3,0,0.5019928,1
3,0,0.5336053,1
3,0,0.499254,0
3,0,0.45721787,0
3,0,0.7314147,1
3,0,0.5967184,1
3,0,0.6258196,1
3,0,0.47408935,0
3,0,0.56689477,1
3,0,0.5166546,1
3,0,0.47050768,0
3,0,0.66462845,1
3,0,0.3524473,0
3,0,0.45626593,0
3,1,0.519356,1
3,1,0.33041763,0
3,1,0.43778053,0
3,1,0.44410047,0
3,1,0.53606427,1
3,1,0.6373009,1
3,1,0.8332501,1
3,1,0.652905,1
3,1,0.5896541,1
3,1,0.26545954,0
3,1,0.5016741,1
3,1,0.38383156,0
3,1,0.41257197,0
3,1,0.39083806,0
3,1,0.6490166,1
3,1,0.2428701,0
3,1,0.51938045,1
3,1,0.5740789,1
3,1,0.67753774,1
3,1,0.6154576,1
3,0,0.5607414,1
3,0,0.68528944,1
3,0,0.4999734,0
3,0,0.5825978,1
3,0,0.8385326,1
3,0,0.63982034,1
3,0,0.6450004,1
3,0,0.6852625,1
3,0,0.62863636,1
3,0,0.8543176,1
3,0,0.70266974,1
3,0,0.8614005,1
3,0,0.8022599,1
3,0,0.24634624,0
3,0,0.6007562,1
3,0,0.6297164,1
3,0,0.60511714,1
3,0,0.39871112,0
3,0,0.77111346,1
3,0,0.39246053,0
3,0,0.5513178,1
3,0,0.4466263,0
3,0,0.4173684,0
3,0,0.34891394,0
3,0,0.55972123,1
3,0,0.31156853,0
3,0,0.56790996,1
3,0,0.46558255,0
3,0,0.31585217,0
3,0,0.3100159,0
3,0,0.3436815,0
3,0,0.56617606,1
3,0,0.41122642,0
3,0,0.5351283,1
3,0,0.3881329,0
3,0,0.5023211,1
3,0,0.59877604,1
3,0,0.41479716,0
3,0,0.5339667,1
3,0,0.56908995,1
3,0,0.56317097,1
3,0,0.48329812,0
3,0,0.51658696,1
3,0,0.47291285,0
3,0,0.7941826,1
3,0,0.6581504,1
3,0,0.46065634,0
3,0,0.32151687,0
3,0,0.45880416,0
3,0,0.44027507,0
3,0,0.56905776,1
3,0,0.5272864,1
3,0,0.16185914,0
3,0,0.49029398,0
3,0,0.43250608,0
3,0,0.32807124,0
3,0,0.4818275,0
3,0,0.40030915,0
3,0,0.51481354,1
3,0,0.41283852,0
3,0,0.49163836,0
3,0,0.4207498,0
3,0,0.48234022,0
3,0,0.31817803,0
3,0,0.3143431,0
3,0,0.37548828,0
3,1,0.16360088,0
3,1,0.10812044,0
3,1,0.16768704,0
3,1,0.17348328,0
3,1,0.30066398,0
3,1,0.18866971,0
3,1,0.7015033,1
3,1,0.49108163,0
3,1,0.29356894,0
3,1,0.31204313,0
3,1,0.47789356,0
3,1,0.44951534,0
3,1,0.61447704,1
3,0,0.49186608,0
3,0,0.22740978,0
3,0,0.287021,0
3,0,0.57595176,1
3,0,0.42818555,0
3,0,0.3968515,0
3,0,0.58624846,1
3,0,0.45606342,0
3,0,0.3915573,0
3,0,0.4631333,0
3,0,0.57041645,1
3,0,0.5286785,1
3,0,0.509174,1
3,0,0.44946033,0
3,0,0.52254206,1
3,0,0.5671246,1
3,0,0.5217116,1
3,0,0.4593339,0
3,0,0.6890392,1
3,0,0.33784583,0
3,0,0.49738052,0
3,0,0.54109055,1
3,0,0.38647255,0
3,0,0.44516012,0
3,0,0.47398227,0
3,0,0.58370304,1
3,0,0.6254449,1
3,0,0.8405218,1
3,0,0.64948845,1
3,0,0.5952896,1
3,0,0.25749117,0
3,0,0.53931284,1
3,0,0.4103486,0
3,1,0.45745575,0
3,1,0.43807185,0
3,1,0.7201045,1
3,1,0.3165435,0
3,1,0.62468356,1
3,1,0.67062193,1
3,1,0.67669195,1
3,1,0.6588306,1
3,1,0.6095956,1
3,1,0.66869754,1
3,1,0.5803094,1
3,1,0.59570694,1
3,1,0.8393241,1
3,1,0.61745,1
3,1,0.6959706,1
3,1,0.7216087,1
3,1,0.6422808,1
3,1,0.85200924,1
3,1,0.6537738,1
3,1,0.8526854,1
3,1,0.7993396,1
3,0,0.27803963,0
3,0,0.5963446,1
3,0,0.62714297,1
3,0,0.59751767,1
3,0,0.36385918,0
3,0,0.76389885,1
3,0,0.37071833,0
3,0,0.60917544,1
3,0,0.41489294,0
3,0,0.4736243,0
3,0,0.33625486,0
3,0,0.5564306,1
3,0,0.31486973,0
3,0,0.56514126,1
3,0,0.49436352,0
3,0,0.3144699,0
3,0,0.34165365,0
3,0,0.3847234,0
3,0,0.6230915,1
3,0,0.4338969,0
3,0,0.54306036,1
3,0,0.3688742,0
3,0,0.53231853,1
3,0,0.59066296,1
3,0,0.45911536,0
3,0,0.52108914,1
3,0,0.5849282,1
3,0,0.5751865,1
3,0,0.47320774,0
3,0,0.53062856,1
3,0,0.48359978,0
3,0,0.792067,1
3,0,0.6770186,1
3,0,0.4907843,0
3,0,0.35670593,0
3,0,0.4453021,0
3,0,0.47860584,0
3,0,0.57848734,1
3,0,0.60257816,1
3,0,0.4877228,0
3,1,0.32121745,0
3,1,0.39468515,0
3,1,0.8371092,1
3,1,0.44785473,0
3,1,0.25193888,0
3,1,0.49420843,0
3,1,0.6962498,1
3,1,0.7266276,1
3,1,0.73634076,1
3,1,0.65623456,1
3,1,0.680627,1
3,1,0.3800593,0
3,1,0.46491694,0
3,1,0.5054198,1
3,1,0.5902611,1
3,1,0.2251791,0
3,1,0.66828513,1
3,1,0.68916893,1
3,1,0.7913822,1
3,1,0.73466766,1
3,1,0.9483265,1
3,1,0.8294537,1
3,1,0.55832666,1
3,1,0.37889373,0
3,1,0.46043703,0
3,1,0.27904132,0
3,1,0.28493488,0
3,1,0.4634924,0
3,1,0.4117041,0
3,1,0.31551883,0
3,1,0.6599733,1
3,1,0.80393296,1
3,1,0.515343,1
3,1,0.85267603,1
3,1,0.846871,1
3,1,0.5210072,1
3,1,0.55836123,1
3,1,0.1968529,0
3,1,0.5711292,1
3,1,0.5785001,1
3,1,0.4206479,0
3,1,0.6558546,1
3,1,0.5030213,1
3,1,0.6924251,1
3,1,0.7365204,1
3,1,0.46267724,0
3,1,0.5611005,1
3,1,0.7477932,1
3,1,0.78471446,1
3,1,0.81933796,1
3,1,0.6619683,1
3,1,0.7457707,1
3,1,0.62101835,1
3,1,0.669876,1
3,1,0.36355877,0
3,1,0.46000007,0
3,1,0.73922807,1
3,1,0.650174,1
3,1,0.31509987,0
3,1,0.31542197,0
3,1,0.41201907,0
3,1,0.725193,1
3,1,0.64721787,1
3,1,0.66673386,1
3,1,0.54400504,1
3,1,0.21847326,0
3,1,0.4165532,0
3,1,0.612735,1
3,1,0.18287283,0
3,1,0.24537468,0
3,1,0.037774846,0
3,1,0.21545434,0
3,1,0.2313521,0
3,1,0.2513546,0
3,1,0.52858776,1
3,1,0.29769218,0
3,1,0.6792039,1
3,1,0.7331265,1
3,1,0.86870766,1
3,1,0.68946195,1
3,1,0.78452766,1
3,1,0.59371686,1
3,1,0.60719705,1
3,1,0.5354621,1
3,1,0.77494836,1
3,1,0.565143,1
3,1,0.8771141,1
3,1,0.69554436,1
3,1,0.6607486,1
3,1,0.6762534,1
3,1,0.5578484,1
3,1,0.6976638,1
3,1,0.35892323,0
3,1,0.3666402,0
3,1,0.62061393,1
3,1,0.26999676,0
3,1,0.63232416,1
3,1,0.9373004,1
3,1,0.84612554,1
3,1,0.78938925,1
3,1,0.83006114,1
3,1,0.8637514,1
3,1,0.96399355,1
3,1,0.85304403,1
3,1,0.77650326,1
3,1,0.73126906,1
3,1,0.91080266,1
3,1,0.8448547,1
3,1,0.81294274,1
3,1,0.5510921,1
3,1,0.7960949,1
3,1,0.8016638,1
3,1,0.6577003,1
3,1,0.6491511,1
3,1,0.8787396,1
3,1,0.81662077,1
3,1,0.8655029,1
3,1,0.70759314,1
3,1,0.81645846,1
3,1,0.8495719,1
3,1,0.80218244,1
3,1,0.9247518,1
3,1,0.7899619,1
3,1,0.87864333,1
3,1,0.8377487,1
3,1,0.82127774,1
3,1,0.6203086,1
3,1,0.6966262,1
3,1,0.5468684,1
3,1,0.8747699,1
3,1,0.8953923,1
3,1,0.6275041,1
3,1,0.77324396,1
3,1,0.89753306,1
3,1,0.96256757,1
3,1,0.9297465,1
3,1,0.9097649,1
3,1,0.72641546,1
3,1,0.6843957,1
3,1,0.885255,1
3,1,0.61842525,1
3,1,0.51042575,1
3,1,0.95004827,1
3,1,0.87187666,1
3,1,0.8620845,1
3,1,0.73631334,1
3,1,0.58050257,1
3,1,0.88970804,1
3,1,0.6119633,1
3,1,0.45824203,0
3,1,0.96034455,1
3,1,0.9774559,1
3,1,0.9523865,1
3,1,0.91494787,1
3,1,0.9731758,1
3,1,0.98752695,1
3,1,0.98028404,1
3,1,0.9886968,1
3,1,0.9422297,1
3,1,0.9626797,1
3,1,0.9776783,1
3,1,0.86512727,1
3,1,0.92860574,1
3,1,0.9259041,1
3,1,0.9159598,1
3,1,0.982268,1
3,1,0.9699866,1
3,1,0.9716371,1
3,1,0.8996028,1
3,1,0.7900145,1
3,1,0.95308465,1
3,1,0.8928242,1
3,1,0.9513439,1
3,1,0.940859,1
3,1,0.9624853,1
3,1,0.9515549,1
3,1,0.9329217,1
3,1,0.90021473,1
3,1,0.9735589,1
3,1,0.86335987,1
3,1,0.8816604,1
3,1,0.9404373,1
3,1,0.92422277,1
3,1,0.9011149,1
3,1,0.9885515,1
3,0,0.81286246,1
3,0,0.7436365,1
3,0,0.869722,1
3,0,0.47783458,0
3,0,0.7629547,1
3,0,0.57927495,1
3,0,0.5613338,1
3,0,0.81532305,1
3,0,0.78176147,1
3,0,0.94704056,1
3,0,0.7898775,1
3,0,0.71359134,1
3,0,0.59923005,1
3,0,0.7024977,1
3,0,0.8943709,1
3,1,0.80029744,1
3,1,0.8022056,1
3,1,0.7533431,1
3,1,0.7722042,1
3,1,0.7093566,1
3,1,0.9219914,1
3,1,0.78367233,1
3,1,0.78906816,1
3,1,0.5202689,1
3,1,0.5750187,1
3,1,0.42961153,0
3,1,0.54673666,1
3,1,0.33430526,0
3,1,0.69341826,1
3,1,0.6603712,1
3,1,0.6753501,1
3,1,0.58786273,1
3,1,0.7958742,1
3,1,0.8801217,1
3,1,0.887176,1
3,1,0.7544467,1
3,1,0.82601225,1
3,1,0.800402,1
3,1,0.6303803,1
3,1,0.49314702,0
3,1,0.6808073,1
3,1,0.66964114,1
3,1,0.7789541,1
3,1,0.80322754,1
3,1,0.6616847,1
3,0,0.7038939,1
3,0,0.7778005,1
3,0,0.7993373,1
3,0,0.5746989,1
3,0,0.83370334,1
3,0,0.6007367,1
3,0,0.6586095,1
3,0,0.5591719,1
3,0,0.55781996,1
3,0,0.73579866,1
3,0,0.85201645,1
3,0,0.46907696,0
3,0,0.42678654,0
4,1,0.94488436,1
4,1,0.9374112,1
4,1,0.94444144,1
4,1,0.9665322,1
4,1,0.9817747,1
4,1,0.9553724,1
4,1,0.9481398,1
4,1,0.9715399,1
4,1,0.95683295,1
4,1,0.9635919,1
4,1,0.95248353,1
4,1,0.9607782,1
4,1,0.9591171,1
4,1,0.9288138,1
4,1,0.96295565,1
4,1,0.9262998,1
4,1,0.97805446,1
4,1,0.9462609,1
4,1,0.9818217,1
4,1,0.94925004,1
4,1,0.96192914,1
4,1,0.947933,1
4,1,0.8789087,1
4,1,0.84971404,1
4,1,0.8783465,1
4,1,0.8555364,1
4,1,0.8304392,1
4,1,0.94960326,1
4,1,0.97960985,1
4,1,0.97049284,1
4,1,0.98801863,1
4,1,0.9753184,1
4,1,0.98991245,1
4,1,0.9896868,1
4,1,0.9832755,1
4,1,0.9842296,1
4,1,0.9877263,1
4,1,0.9903936,1
4,1,0.9564824,1
4,1,0.9693922,1
4,1,0.98216325,1
4,1,0.43629247,0
4,1,0.44367346,0
4,1,0.44154543,0
4,1,0.37451944,0
4,1,0.5435405,1
4,1,0.32966393,0
4,1,0.21546662,0
4,1,0.543588,1
4,1,0.20565563,0
4,1,0.14286442,0
4,1,0.16967101,0
4,1,0.45040256,0
4,1,0.22106,0
4,1,0.54836744,1
4,1,0.34106925,0
4,1,0.93846184,1
4,1,0.5942847,1
4,1,0.72951066,1
4,1,0.6728286,1
4,1,0.5319362,1
4,1,0.23650406,0
4,1,0.3377901,0
4,1,0.7801616,1
4,1,0.44383672,0
4,1,0.47965094,0
4,1,0.56115645,1
4,1,0.8756234,1
4,1,0.59438306,1
4,1,0.38653815,0
4,1,0.5756277,1
4,1,0.5214695,1
4,1,0.47646868,0
4,1,0.3073039,0
4,1,0.27440572,0
4,1,0.29197022,0
4,1,0.48224136,0
4,1,0.8426387,1
4,1,0.5291096,1
4,1,0.7376526,1
4,1,0.4720406,0
4,1,0.57416594,1
4,1,0.71896243,1
4,1,0.79426414,1
4,1,0.7035826,1
4,1,0.71722174,1
4,1,0.43140107,0
4,1,0.59809923,1
4,1,0.60502493,1
4,1,0.44313776,0
4,1,0.47640696,0
4,1,0.860201,1
4,1,0.6813314,1
4,1,0.68810433,1
4,1,0.7601502,1
4,1,0.5675504,1
4,1,0.8877069,1
4,1,0.8555748,1
4,1,0.95239204,1
4,1,0.90675646,1
4,1,0.89773947,1
4,1,0.6812474,1
4,1,0.40003347,0
4,1,0.13266782,0
4,1,0.75410455,1
4,1,0.29489678,0
4,1,0.6381622,1
4,1,0.8363121,1
4,1,0.9325011,1
4,1,0.54683834,1
4,1,0.78731185,1
4,1,0.956881,1
4,1,0.94560826,1
4,1,0.28560308,0
4,1,0.85740125,1
4,1,0.38505518,0
4,1,0.54602903,1
4,1,0.53691286,1
4,1,0.32392177,0
4,1,0.564406,1
4,1,0.57497495,1
4,1,0.5704921,1
4,1,0.5731652,1
4,1,0.6264978,1
4,1,0.7101842,1
4,1,0.7164198,1
4,1,0.88592875,1
4,1,0.84387815,1
4,1,0.6082604,1
4,1,0.6099758,1
4,1,0.8049703,1
4,1,0.61498815,1
4,1,0.49345043,0
4,1,0.733732,1
4,1,0.6410266,1
4,1,0.845426,1
4,1,0.8917383,1
4,1,0.8348755,1
4,1,0.90257746,1
4,1,0.89976627,1
4,1,0.7795051,1
4,1,0.87439907,1
4,1,0.8849902,1
4,1,0.88052523,1
4,1,0.7984307,1
4,0,0.39889857,0
4,0,0.49370798,0
4,0,0.5377062,1
4,0,0.63715005,1
4,0,0.6335618,1
4,0,0.6655043,1
4,0,0.31882545,0
4,0,0.90947175,1
4,0,0.75725216,1
4,0,0.93926895,1
4,0,0.8814534,1
4,0,0.8868082,1
4,0,0.8266259,1
4,0,0.8906951,1
4,0,0.59248614,1
4,0,0.5212952,1
4,0,0.69266635,1
4,0,0.19495568,0
4,0,0.3248586,0
4,0,0.1929849,0
4,0,0.3109181,0
4,0,0.8642467,1
4,0,0.88885754,1
4,0,0.44422168,0
4,0,0.8785104,1
4,0,0.33996516,0
4,0,0.79235375,1
4,0,0.66435236,1
4,0,0.63944197,1
4,0,0.44300872,0
4,0,0.17477484,0
4,0,0.0446975,0
4,0,0.5328143,1
4,0,0.7084188,1
4,0,0.67784345,1
4,0,0.8026961,1
4,0,0.7358401,1
4,0,0.60068166,1
4,0,0.7985482,1
4,0,0.5813765,1
4,0,0.83075523,1
4,0,0.8702013,1
4,0,0.9206352,1
4,0,0.8707258,1
4,0,0.7396002,1
4,0,0.9237668,1
4,0,0.82774323,1
4,0,0.57013166,1
4,0,0.39888602,0
4,0,0.83054376,1
4,0,0.94525605,1
4,0,0.7896789,1
4,0,0.31502736,0
4,0,0.8847621,1
4,0,0.8142357,1
4,0,0.3920996,0
4,0,0.18211746,0
4,0,0.42832947,0
4,0,0.5516174,1
4,0,0.61710525,1
4,0,0.35690355,0
4,0,0.11492436,0
4,0,0.054209188,0
4,0,0.02472609,0
4,0,0.118231855,0
4,0,0.22080098,0
4,0,0.23375876,0
4,0,0.33510336,0
4,0,0.6692042,1
4,0,0.5087539,1
4,0,0.22905107,0
4,0,0.5894185,1
4,0,0.5292701,1
4,0,0.33851752,0
4,0,0.29403946,0
4,0,0.53384596,1
4,0,0.27212,0
4,0,0.2750872,0
4,0,0.4130106,0
4,0,0.2954121,0
4,0,0.104953416,0
4,0,0.15280056,0
4,0,0.11418426,0
4,0,0.2154979,0
4,0,0.06128769,0
4,0,0.09277315,0
4,0,0.108158596,0
4,0,0.22722256,0
4,0,0.060304582,0
4,0,0.053374484,0
4,0,0.10107692,0
4,0,0.2923987,0
4,0,0.051911775,0
4,0,0.12758602,0
4,0,0.12001835,0
4,0,0.1778458,0
4,0,0.28554773,0
4,0,0.35464606,0
4,0,0.13156347,0
4,0,0.2354969,0
4,0,0.189411,0
4,0,0.3277048,0
4,0,0.122621365,0
4,0,0.33946985,0
4,0,0.51549315,1
4,0,0.18104905,0
4,0,0.28100926,0
4,0,0.1249409,0
4,0,0.03585509,0
4,0,0.058686733,0
4,0,0.058218755,0
4,0,0.08760773,0
4,0,0.12097332,0
4,0,0.1365902,0
4,0,0.072166756,0
4,0,0.19343238,0
4,0,0.1322386,0
4,0,0.14984371,0
4,0,0.6088776,1
4,0,0.4490857,0
4,0,0.5104232,1
4,0,0.10914282,0
4,0,0.26370034,0
4,0,0.26141015,0
4,0,0.46172965,0
4,0,0.24401578,0
4,0,0.39383024,0
4,0,0.17069864,0
4,0,0.107213326,0
4,0,0.13118848,0
4,0,0.32821465,0
4,0,0.3406707,0
4,0,0.6352304,1
4,0,0.41065186,0
4,0,0.60505927,1
4,0,0.11034247,0
4,0,0.11957759,0
4,0,0.25793454,0
4,0,0.107111014,0
4,0,0.08213019,0
4,0,0.1542834,0
4,0,0.07318325,0
4,0,0.1671968,0
4,0,0.06376876,0
4,0,0.16938896,0
4,0,0.18759483,0
4,0,0.1250385,0
4,0,0.1339719,0
4,0,0.10510532,0
4,0,0.20037012,0
4,0,0.05498858,0
4,0,0.20316984,0
4,0,0.20966734,0
4,0,0.23759662,0
4,0,0.17477427,0
4,0,0.22657879,0
4,0,0.26767105,0
4,0,0.20009013,0
4,0,0.22420177,0
4,0,0.19406925,0
4,0,0.12717912,0
4,0,0.14078085,0
4,0,0.13195312,0
4,0,0.041092236,0
4,0,0.15317255,0
4,0,0.14947651,0
4,0,0.26254168,0
4,0,0.18186711,0
4,0,0.2218223,0
4,0,0.24858026,0
4,0,0.08753531,0
4,0,0.20799476,0
4,0,0.23914444,0
4,0,0.20347403,0
4,0,0.2245038,0
4,0,0.14502987,0
4,0,0.056688122,0
4,0,0.07819448,0
4,0,0.1807571,0
4,0,0.1471002,0
4,0,0.49564588,0
4,0,0.2713982,0
4,0,0.39968258,0
4,0,0.092980556,0
4,0,0.28136256,0
4,0,0.20628512,0
4,0,0.17634892,0
4,0,0.3470482,0
4,0,0.37397552,0
4,0,0.13389325,0
4,0,0.25942218,0
4,0,0.18124545,0
4,0,0.11249811,0
4,0,0.5888566,1
4,0,0.2819664,0
4,0,0.20018083,0
4,0,0.17950585,0
4,0,0.25518578,0
4,0,0.26169422,0
4,0,0.5945944,1
4,0,0.2917578,0
4,0,0.24237761,0
4,0,0.22566302,0
4,0,0.16498467,0
4,0,0.28915235,0
4,0,0.36311266,0
4,0,0.48301402,0
4,0,0.4580961,0
4,0,0.24980748,0
4,0,0.13365623,0
4,0,0.106657416,0
4,0,0.28658718,0
4,0,0.25271037,0
4,0,0.3125368,0
4,0,0.16964933,0
4,0,0.31111687,0
4,0,0.12730765,0
4,0,0.11691694,0
4,0,0.33333677,0
4,0,0.298748,0
4,0,0.12357376,0
4,0,0.32361126,0
4,0,0.19386204,0
4,0,0.38232616,0
4,0,0.746205,1
4,0,0.78762406,1
4,0,0.73549145,1
4,0,0.54842776,1
4,0,0.6956956,1
4,0,0.32350156,0
4,0,0.5144132,1
4,0,0.6600056,1
4,0,0.37659445,0
4,0,0.65681523,1
4,0,0.16910684,0
4,0,0.2144091,0
4,0,0.20130336,0
4,0,0.13152963,0
4,0,0.63945514,1
4,0,0.39852005,0
4,0,0.41061813,0
4,0,0.38056043,0
4,0,0.2929566,0
4,0,0.14352001,0
4,0,0.3755836,0
4,0,0.4568252,0
4,0,0.6945263,1
4,0,0.2690601,0
4,0,0.57744724,1
4,0,0.54655915,1
4,0,0.363343,0
4,0,0.13769619,0
4,0,0.37408,0
4,0,0.6509335,1
4,0,0.45041502,0
4,0,0.77654606,1
4,0,0.6694864,1
4,0,0.6570999,1
4,0,0.79764414,1
4,0,0.16259693,0
4,0,0.6194026,1
4,0,0.16255182,0
4,0,0.43975008,0
4,0,0.57145816,1
4,0,0.3171878,0
4,0,0.7541922,1
4,0,0.5512968,1
4,0,0.15367754,0
4,0,0.22680464,0
4,0,0.33295098,0
4,0,0.45075125,0
4,0,0.32988605,0
4,0,0.43800724,0
4,0,0.45590162,0
4,0,0.50363046,1
4,0,0.3307048,0
4,0,0.62819237,1
4,0,0.58154106,1
4,0,0.23112023,0
4,0,0.36554858,0
4,0,0.21622874,0
4,0,0.32179785,0
4,0,0.46139932,0
4,0,0.3034449,0
4,0,0.42664585,0
4,0,0.44216606,0
4,0,0.6782594,1
4,0,0.4150698,0
4,0,0.2434364,0
4,0,0.61244905,1
4,0,0.57968086,1
4,0,0.7581701,1
4,0,0.4446398,0
4,0,0.44376114,0
4,0,0.53931093,1
4,0,0.58289665,1
4,0,0.48039147,0
4,0,0.59568995,1
4,0,0.646417,1
4,0,0.6234512,1
4,1,0.17686096,0
4,1,0.07447777,0
4,1,0.07803237,0
4,1,0.12578039,0
4,1,0.11561757,0
4,1,0.07218157,0
4,1,0.11963602,0
4,1,0.07961161,0
4,1,0.09764711,0
4,1,0.11857442,0
4,1,0.20811328,0
4,1,0.110842474,0
4,1,0.24439839,0
4,1,0.16996087,0
4,1,0.13099115,0
4,1,0.11077396,0
4,1,0.09078126,0
4,1,0.10475488,0
4,1,0.0969197,0
4,1,0.10761012,0
4,1,0.24934107,0
4,1,0.109075606,0
4,1,0.17473134,0
4,1,0.17190625,0
4,1,0.081824094,0
4,1,0.09959956,0
4,1,0.07839646,0
4,1,0.06384608,0
4,1,0.17081738,0
4,1,0.08585714,0
4,1,0.118568406,0
4,1,0.12797509,0
4,1,0.11932647,0
4,1,0.10566134,0
4,1,0.12269067,0
4,1,0.23768468,0
4,1,0.18127757,0
4,1,0.1340436,0
4,1,0.20908867,0
4,1,0.2448393,0
4,1,0.19958466,0
4,1,0.1294144,0
4,1,0.2013546,0
4,1,0.13560227,0
4,1,0.09139246,0
4,1,0.18005133,0
4,1,0.11729409,0
4,1,0.20802169,0
4,1,0.08369138,0
4,1,0.149049,0
4,1,0.21761887,0
4,1,0.23191817,0
4,1,0.32506457,0
4,1,0.14844178,0
4,1,0.21182258,0
4,1,0.38414827,0
4,1,0.31550547,0
4,1,0.1766658,0
4,1,0.2403272,0
4,1,0.1953759,0
4,1,0.16263689,0
4,1,0.26472017,0
4,1,0.27326983,0
4,1,0.28062943,0
4,1,0.08321277,0
4,1,0.079372115,0
4,1,0.06841042,0
4,1,0.13591926,0
4,1,0.07344313,0
4,1,0.09268521,0
4,1,0.11837604,0
4,1,0.11874586,0
4,1,0.10996319,0
4,1,0.06817228,0
4,1,0.072083786,0
4,1,0.10998466,0
4,1,0.059359454,0
4,1,0.086603165,0
4,1,0.09262234,0
4,1,0.13933429,0
4,1,0.10720488,0
4,1,0.11826785,0
4,1,0.11442611,0
4,1,0.07789148,0
4,1,0.13915834,0
4,1,0.22319931,0
4,1,0.17837673,0
4,1,0.26087868,0
4,1,0.32920837,0
4,1,0.24971442,0
4,1,0.21898293,0
4,1,0.0848699,0
4,1,0.15511507,0
4,1,0.1439428,0
4,1,0.11733595,0
4,1,0.123210646,0
4,1,0.1997928,0
4,1,0.23452683,0
4,1,0.112863794,0
4,1,0.2966228,0
4,1,0.25910944,0
4,1,0.38481435,0
4,1,0.62807596,1
4,1,0.35311675,0
4,1,0.3545415,0
4,1,0.5250394,1
4,1,0.35656065,0
4,1,0.32320663,0
4,1,0.41398594,0
4,1,0.17126766,0
4,1,0.32154766,0
4,1,0.2756952,0
4,1,0.17058018,0
4,1,0.20601256,0
4,1,0.35361412,0
4,1,0.15756759,0
4,1,0.23133296,0
4,1,0.13092402,0
4,1,0.22033066,0
4,1,0.14164555,0
4,1,0.64087266,1
4,1,0.43970248,0
4,1,0.8045677,1
4,1,0.62191516,1
4,1,0.8793825,1
4,1,0.7550461,1
4,1,0.35181695,0
4,1,0.48504633,0
4,1,0.82582253,1
4,1,0.8664201,1
4,1,0.44840664,0
4,1,0.5495475,1
4,1,0.834132,1
4,1,0.7765483,1
4,1,0.73616344,1
4,1,0.7170315,1
4,1,0.7280612,1
4,1,0.5631886,1
4,1,0.56875366,1
4,1,0.56176865,1
4,1,0.47061092,0
4,1,0.6791182,1
4,1,0.45220026,0
4,1,0.75251776,1
4,1,0.4919535,0
4,1,0.7754789,1
4,1,0.59476984,1
4,1,0.84450513,1
4,1,0.8029313,1
4,1,0.49996397,0
4,1,0.33618617,0
4,1,0.4311076,0
4,1,0.5146554,1
4,1,0.60497504,1
4,1,0.5400809,1
4,1,0.57181835,1
4,1,0.27342594,0
4,1,0.7561351,1
4,1,0.55553705,1
4,1,0.9862976,1
4,1,0.97812074,1
4,1,0.9878284,1
4,1,0.98406523,1
4,1,0.9855861,1
4,1,0.98467386,1
4,1,0.9736615,1
4,1,0.9862298,1
4,1,0.98532444,1
4,1,0.99486613,1
4,1,0.9924625,1
4,1,0.98217714,1
4,1,0.97773165,1
4,1,0.9830465,1
4,1,0.9864058,1
4,1,0.9728994,1
4,1,0.98606616,1
4,1,0.9854515,1
4,1,0.96861523,1
4,1,0.9827963,1
4,1,0.9637926,1
4,1,0.970665,1
4,1,0.922336,1
4,1,0.96658385,1
4,1,0.96661,1
4,1,0.96082646,1
4,1,0.9628866,1
4,1,0.98203826,1
4,1,0.9467686,1
4,1,0.9864395,1
4,1,0.97910327,1
4,1,0.94782394,1
4,1,0.99700564,1
4,1,0.9963612,1
4,1,0.98988533,1
4,1,0.9941803,1
4,1,0.991093,1
4,1,0.990936,1
4,1,0.99432003,1
4,1,0.9915529,1
4,1,0.9924597,1
4,1,0.9942204,1
4,1,0.9871378,1
4,1,0.9884742,1
4,1,0.98264325,1
4,1,0.9880955,1
4,1,0.98904234,1
4,1,0.9688705,1
4,1,0.99157435,1
4,1,0.99055636,1
4,1,0.99091804,1
4,1,0.98944116,1
4,1,0.9923874,1
4,1,0.9931572,1
4,1,0.97565526,1
4,1,0.98974377,1
4,1,0.98804444,1
4,1,0.9900828,1
4,1,0.9904683,1
4,1,0.97780347,1
4,1,0.99111253,1
4,1,0.9848127,1
4,1,0.9929739,1
4,1,0.9679538,1
4,1,0.9880676,1
4,1,0.9919206,1
4,1,0.98220587,1
4,1,0.9615659,1
4,1,0.98583037,1
4,1,0.98728716,1
4,1,0.9845845,1
4,1,0.99243873,1
4,1,0.9958131,1
4,1,0.9884276,1
4,1,0.9822934,1
4,0,0.9938624,1
4,0,0.9888465,1
4,0,0.9957189,1
4,0,0.97888947,1
4,0,0.99270564,1
4,0,0.9916721,1
4,0,0.992599,1
4,0,0.98621714,1
4,0,0.9953753,1
4,0,0.9971552,1
4,0,0.9963373,1
4,0,0.9961739,1
4,0,0.71119595,1
4,0,0.6260966,1
4,0,0.83280647,1
4,0,0.66819847,1
4,0,0.80002916,1
4,0,0.81412584,1
4,0,0.8055543,1
4,0,0.78365034,1
4,0,0.8665772,1
4,0,0.80062586,1
4,0,0.85465187,1
4,0,0.9220503,1
4,0,0.90944964,1
4,0,0.7533214,1
4,0,0.8226587,1
4,0,0.8763142,1
4,0,0.82976437,1
4,0,0.8859302,1
4,0,0.8970366,1
4,0,0.58622795,1
4,0,0.93638086,1
4,0,0.86661536,1
4,0,0.9550649,1
4,0,0.8616191,1
4,0,0.8931217,1
4,0,0.8713335,1
4,0,0.90116286,1
4,0,0.84576565,1
4,0,0.90954024,1
4,0,0.8494583,1
4,0,0.6644313,1
4,0,0.7877515,1
4,0,0.7981095,1
4,0,0.9079442,1
4,0,0.8262269,1
4,0,0.8866787,1
4,0,0.7497385,1
4,0,0.81700534,1
4,0,0.74527055,1
4,0,0.49077985,0
4,0,0.38909912,0
4,0,0.5818017,1
4,0,0.41866466,0
4,0,0.60059285,1
4,0,0.58495677,1
4,0,0.5401886,1
4,0,0.50747633,1
4,0,0.71303606,1
4,0,0.66628855,1
4,0,0.73497504,1
4,0,0.55436975,1
4,0,0.6933856,1
4,0,0.67872417,1
4,0,0.5896861,1
4,0,0.8271544,1
4,0,0.5350685,1
4,0,0.7209451,1
4,0,0.7927634,1
4,0,0.56344455,1
4,0,0.58216554,1
4,0,0.7563084,1
4,0,0.59895784,1
4,0,0.66106963,1
4,0,0.84039134,1
4,0,0.6872497,1
4,0,0.88891536,1
4,0,0.8768634,1
4,0,0.79084027,1
4,0,0.8889337,1
4,0,0.7820837,1
4,0,0.8152675,1
4,0,0.8732516,1
4,0,0.7097671,1
4,0,0.78784966,1
4,0,0.75324297,1
4,0,0.8445161,1
4,0,0.83462244,1
4,0,0.9235668,1
4,0,0.80119145,1
4,0,0.78783774,1
4,0,0.68341994,1
4,0,0.7668181,1
4,0,0.62279165,1
4,0,0.5848197,1
4,0,0.73380446,1
4,0,0.6341774,1
4,0,0.6686327,1
4,0,0.79247934,1
4,0,0.7529393,1
4,0,0.7159962,1
4,0,0.6533826,1
4,0,0.8126768,1
4,0,0.6600778,1
4,0,0.7218867,1
4,0,0.72124594,1
4,0,0.55557597,1
4,0,0.6987674,1
4,0,0.5915875,1
4,0,0.6376485,1
4,0,0.6486683,1
4,0,0.6646437,1
4,0,0.7367649,1
4,0,0.6794072,1
4,0,0.76157206,1
4,0,0.8291622,1
4,0,0.8424757,1
4,0,0.8326466,1
4,0,0.833361,1
4,0,0.8633253,1
4,0,0.71738684,1
4,0,0.72430927,1
4,0,0.74141324,1
4,0,0.5813809,1
4,0,0.617422,1
4,0,0.5278676,1
4,0,0.5953074,1
4,0,0.6168517,1
4,0,0.58129644,1
4,0,0.68000543,1
4,0,0.5300296,1
4,0,0.4659238,0
4,0,0.48942187,0
4,0,0.63855237,1
4,0,0.7980694,1
4,0,0.71461535,1
4,0,0.72004366,1
4,0,0.7069065,1
4,0,0.8410144,1
4,0,0.7538359,1
4,0,0.5179375,1
4,0,0.86209875,1
4,0,0.8512454,1
4,0,0.7002884,1
4,0,0.9062846,1
4,0,0.75489974,1
4,0,0.83489627,1
4,0,0.90296596,1
4,0,0.789127,1
4,0,0.8434975,1
4,0,0.8081442,1
4,0,0.9145307,1
4,0,0.92852587,1
4,0,0.85418373,1
4,0,0.6933282,1
4,0,0.73347586,1
4,0,0.84164596,1
4,0,0.77670217,1
4,0,0.90622413,1
4,0,0.9153138,1
4,0,0.83699596,1
4,0,0.8484212,1
4,0,0.9453737,1
4,0,0.90052885,1
4,0,0.914527,1
4,0,0.9290723,1
4,0,0.9624755,1
4,0,0.94408345,1
4,0,0.9212286,1
4,0,0.9809091,1
4,0,0.96189517,1
4,0,0.9856581,1
4,0,0.9831988,1
4,0,0.9863007,1
4,0,0.97781885,1
4,0,0.98781025,1
4,0,0.9837811,1
4,0,0.98555017,1
4,0,0.9844013,1
4,0,0.9731836,1
4,0,0.9861616,1
4,0,0.9852292,1
4,0,0.9947896,1
4,0,0.9842976,1
4,0,0.99237096,1
4,0,0.9816457,1
4,0,0.977856,1
4,0,0.9827171,1
4,0,0.9859278,1
4,0,0.9717629,1
4,0,0.98539007,1
4,0,0.98484206,1
4,0,0.9657588,1
4,0,0.981902,1
4,0,0.9624938,1
4,0,0.9697137,1
4,0,0.9806128,1
4,0,0.97143036,1
4,0,0.98789036,1
4,0,0.9779559,1
4,0,0.9696796,1
4,0,0.97474605,1
4,1,0.97003686,1
4,1,0.9757237,1
4,1,0.9708114,1
4,1,0.98565125,1
4,1,0.9872364,1
4,1,0.99181116,1
4,1,0.97436064,1
4,1,0.98586917,1
4,0,0.9766907,1
4,0,0.9882046,1
4,0,0.98166853,1
4,0,0.9554345,1
4,0,0.9771708,1
4,0,0.97749305,1
4,0,0.97787136,1
4,0,0.9872356,1
4,0,0.9724478,1
4,0,0.98466706,1
4,0,0.96229726,1
4,0,0.9301633,1
4,0,0.9630757,1
4,0,0.96888876,1
4,0,0.9432993,1
4,0,0.9625998,1
4,0,0.9787354,1
4,0,0.9840665,1
4,0,0.93690574,1
4,0,0.96597135,1
4,0,0.9848986,1
4,0,0.9879654,1
4,0,0.9401444,1
4,0,0.94935995,1
4,0,0.9918698,1
4,0,0.98440707,1
4,0,0.9835486,1
4,0,0.9846805,1
4,0,0.9548728,1
4,0,0.98670423,1
4,0,0.9897564,1
4,0,0.96200424,1
4,0,0.98898447,1
4,0,0.9865371,1
4,0,0.9787517,1
4,0,0.9754528,1
4,0,0.95183396,1
4,0,0.9717781,1
4,0,0.9777711,1
4,0,0.9848927,1
4,0,0.98702127,1
4,0,0.9867863,1
4,0,0.9759596,1
4,0,0.9585692,1
4,0,0.9839302,1
4,0,0.9930835,1
4,0,0.9754986,1
4,0,0.98901004,1
4,0,0.97201365,1
4,0,0.9851466,1
4,0,0.9842381,1
4,0,0.98001945,1
4,0,0.97988486,1
4,0,0.9748731,1
4,0,0.97697335,1
4,0,0.9606459,1
4,0,0.9776343,1
4,0,0.9657858,1
4,0,0.9510512,1
4,0,0.9755847,1
4,0,0.9195443,1
4,0,0.9331098,1
4,0,0.96131593,1
4,0,0.96725756,1
4,0,0.9577154,1
4,0,0.95818543,1
4,0,0.98118293,1
4,0,0.9493048,1
4,0,0.9839594,1
4,0,0.97528195,1
4,0,0.9420832,1
4,0,0.93224,1
4,0,0.9450037,1
4,0,0.97829986,1
4,0,0.9701505,1
4,0,0.95704377,1
4,0,0.97392005,1
4,0,0.9613884,1
4,0,0.95079386,1
4,0,0.96197766,1
4,0,0.96216625,1
4,0,0.92057765,1
4,0,0.94164014,1
4,0,0.98157805,1
4,0,0.9795567,1
4,0,0.95406514,1
4,0,0.96318096,1
4,0,0.9136947,1
4,0,0.972644,1
4,0,0.98662657,1
4,0,0.98693544,1
4,0,0.92306995,1
4,0,0.9518141,1
4,0,0.95973235,1
4,0,0.94836575,1
4,0,0.94212115,1
4,0,0.9152896,1
4,0,0.9485311,1
4,0,0.9691618,1
4,0,0.9891214,1
4,0,0.9731504,1
4,0,0.94872516,1
4,0,0.98344016,1
4,0,0.927641,1
4,0,0.94787335,1
4,0,0.98291653,1
4,0,0.9733883,1
4,0,0.9544354,1
4,0,0.98064846,1
4,0,0.97483826,1
4,0,0.97199583,1
4,0,0.9186377,1
4,0,0.974759,1
4,0,0.9665241,1
4,0,0.97155815,1
4,0,0.96950847,1
4,0,0.9799954,1
4,0,0.97849804,1
4,0,0.96584606,1
4,0,0.9897794,1
4,0,0.98596305,1
4,0,0.9911136,1
4,0,0.9811218,1
4,0,0.9892209,1
4,0,0.99489415,1
4,0,0.9888285,1
4,0,0.98712105,1
4,0,0.98736763,1
4,0,0.9957333,1
4,0,0.99151504,1
4,0,0.9883713,1
4,0,0.9928538,1
4,0,0.9956246,1
4,0,0.9852782,1
4,0,0.9965115,1
4,0,0.99555236,1
4,0,0.98720574,1
4,0,0.9969056,1
4,0,0.9962597,1
4,0,0.98963165,1
4,0,0.9939434,1
4,0,0.99075645,1
4,0,0.9905738,1
4,0,0.99383235,1
4,0,0.9911123,1
4,0,0.9920649,1
4,0,0.9935654,1
4,0,0.9946403,1
4,0,0.9891282,1
4,0,0.9774194,1
4,0,0.99293834,1
4,0,0.9876387,1
4,0,0.9889948,1
4,0,0.9856834,1
4,0,0.9870279,1
4,0,0.99243224,1
4,0,0.9929426,1
4,0,0.98651785,1
4,0,0.9819878,1
4,0,0.9848681,1
4,0,0.9643499,1
4,0,0.9868442,1
4,0,0.9850374,1
4,0,0.9789185,1
4,0,0.9453687,1
4,0,0.9926071,1
4,0,0.96349615,1
4,0,0.9880304,1
4,0,0.99153405,1
4,0,0.9655239,1
4,0,0.9723325,1
4,0,0.98206747,1
4,0,0.96592975,1
4,0,0.9774834,1
4,0,0.9709209,1
4,0,0.98991245,1
4,0,0.98781526,1
4,0,0.9843598,1
4,0,0.9827151,1
4,0,0.9774345,1
4,0,0.9791941,1
4,0,0.9824785,1
4,0,0.9872874,1
4,0,0.9861666,1
4,0,0.98785573,1
4,0,0.9821363,1
4,0,0.98760056,1
4,0,0.9886979,1
4,0,0.96808463,1
4,0,0.9913864,1
4,0,0.9903047,1
4,0,0.990568,1
4,0,0.9890597,1
4,0,0.99198616,1
4,0,0.991281,1
4,0,0.98474175,1
4,0,0.99450254,1
4,0,0.9926553,1
4,0,0.99256027,1
4,0,0.9899199,1
4,0,0.99241626,1
4,0,0.9934797,1
4,0,0.9782562,1
4,0,0.9937596,1
4,0,0.9923327,1
4,0,0.9926029,1
4,0,0.9877251,1
4,0,0.99288875,1
4,0,0.99750406,1
4,0,0.99353176,1
4,0,0.9917733,1
4,0,0.99448746,1
4,0,0.9926596,1
4,0,0.9874791,1
4,0,0.9938812,1
4,0,0.99058187,1
4,0,0.98860884,1
4,0,0.99433905,1
4,0,0.99043626,1
4,0,0.98859054,1
4,0,0.9955201,1
4,0,0.9931641,1
4,0,0.97638696,1
4,0,0.98935217,1
4,0,0.98785365,1
4,0,0.9895475,1
4,0,0.9902265,1
4,0,0.9775908,1
4,0,0.99079895,1
4,0,0.98483974,1
4,0,0.9928202,1
4,0,0.9665196,1
4,0,0.9880046,1
4,0,0.98829657,1
4,0,0.9878177,1
4,0,0.9873007,1
4,0,0.9739171,1
4,0,0.9858174,1
4,0,0.9814873,1
4,0,0.9857114,1
4,0,0.9875721,1
4,0,0.97305965,1
4,0,0.9917663,1
4,0,0.9820691,1
4,0,0.96137255,1
4,0,0.9858117,1
4,0,0.98737234,1
4,0,0.9845137,1
4,0,0.9922323,1
4,0,0.99576366,1
4,0,0.9885943,1
4,0,0.98194975,1
4,0,0.99367106,1
4,0,0.9866909,1
4,0,0.99322,1
4,0,0.9882492,1
4,0,0.9937511,1
4,0,0.98877466,1
4,0,0.99549013,1
4,0,0.9788503,1
4,0,0.99251455,1
4,0,0.99138665,1
4,0,0.99241877,1
4,0,0.9863216,1
4,0,0.9953126,1
4,0,0.99704236,1
4,0,0.9962656,1
4,0,0.9961985,1
4,0,0.9930177,1
4,0,0.9939877,1
4,0,0.9941573,1
4,0,0.9898527,1
4,0,0.99364555,1
4,0,0.9922673,1
4,0,0.99357325,1
4,0,0.9931116,1
4,0,0.9935056,1
4,0,0.9948797,1
4,0,0.99563944,1
4,0,0.9936231,1
4,0,0.9966106,1
4,0,0.9960957,1
4,0,0.9969317,1
4,0,0.9974668,1
4,0,0.9956382,1
4,0,0.99736387,1
4,0,0.9943479,1
4,0,0.9931912,1
4,0,0.9956073,1
4,0,0.99244446,1
4,0,0.97524637,1
4,1,0.94485724,1
4,1,0.9541747,1
4,1,0.95654446,1
4,1,0.8176839,1
4,1,0.89845324,1
4,1,0.93803084,1
4,1,0.9343363,1
4,1,0.93423885,1
4,1,0.87459636,1
4,1,0.77465147,1
4,1,0.8114596,1
4,1,0.89495546,1
4,1,0.90296084,1
4,1,0.7893553,1
4,1,0.8634846,1
4,1,0.6794499,1
4,1,0.95860374,1
4,1,0.9181062,1
4,1,0.96619415,1
4,1,0.94155633,1
4,1,0.97042704,1
4,1,0.92808276,1
4,1,0.9600239,1
4,1,0.88940364,1
4,1,0.8834535,1
4,1,0.9284273,1
4,1,0.91044647,1
4,1,0.90999746,1
4,1,0.9293244,1
4,1,0.9404255,1
4,1,0.9503138,1
4,1,0.96594393,1
4,1,0.98227733,1
4,1,0.9487496,1
4,1,0.9819272,1
4,1,0.9606663,1
4,1,0.9725864,1
4,1,0.9744994,1
4,1,0.6496873,1
4,1,0.67631763,1
4,1,0.6355629,1
4,1,0.49991646,0
4,1,0.5612521,1
4,1,0.6087331,1
4,1,0.75357276,1
4,1,0.6255021,1
4,1,0.47499493,0
4,1,0.8739294,1
4,1,0.6827812,1
4,1,0.8251163,1
4,1,0.8461159,1
4,1,0.58758855,1
4,1,0.41957414,0
4,1,0.5542381,1
4,1,0.41063136,0
4,1,0.5507484,1
4,1,0.5216842,1
4,1,0.5604845,1
4,1,0.6201683,1
4,1,0.44606084,0
4,1,0.71346384,1
4,1,0.52633286,1
4,1,0.77303815,1
4,1,0.2549147,0
4,1,0.43434474,0
4,1,0.5021215,1
4,1,0.09279855,0
4,1,0.08436462,0
4,1,0.12408328,0
4,1,0.17210457,0
4,1,0.040480405,0
4,0,0.928307,1
4,0,0.8965591,1
4,0,0.85958964,1
4,0,0.9620239,1
4,0,0.92964035,1
4,0,0.8846983,1
4,0,0.91489875,1
4,0,0.9239409,1
4,0,0.9141945,1
4,0,0.89789903,1
4,0,0.9279355,1
4,0,0.9486035,1
4,0,0.9410418,1
4,0,0.7802394,1
4,0,0.90944177,1
5,1,0.979575,1
5,1,0.98252594,1
5,1,0.9676055,1
5,1,0.9711132,1
5,1,0.9744162,1
5,1,0.9871819,1
5,1,0.9833688,1
5,1,0.9733426,1
5,1,0.9813634,1
5,1,0.98614526,1
5,1,0.9836325,1
5,1,0.97771114,1
5,1,0.9814656,1
5,1,0.9781883,1
5,1,0.9819002,1
5,1,0.97710925,1
5,1,0.9835914,1
5,1,0.50914884,1
5,1,0.06627503,0
5,1,0.548265,1
5,1,0.86868405,1
5,1,0.27585962,0
5,1,0.64242935,1
5,1,0.6417786,1
5,1,0.7786276,1
5,1,0.4183674,0
5,1,0.5479031,1
5,1,0.7419695,1
5,1,0.3251351,0
5,1,0.693043,1
5,1,0.36450562,0
5,1,0.72861457,1
5,1,0.28144786,0
5,1,0.17058702,0
5,0,0.20103575,0
5,0,0.3382762,0
5,0,0.27459207,0
5,0,0.11136153,0
5,0,0.36492744,0
5,0,0.3253748,0
5,0,0.09797632,0
5,0,0.7493494,1
5,0,0.73074186,1
5,0,0.86807704,1
5,0,0.5087336,1
5,0,0.44377497,0
5,0,0.28028184,0
5,0,0.51135373,1
5,0,0.5954048,1
5,0,0.24128026,0
5,0,0.4724419,0
5,0,0.820033,1
5,0,0.3015888,0
5,0,0.24884634,0
5,0,0.22617178,0
5,0,0.6066826,1
5,0,0.46096504,0
5,0,0.7567059,1
5,0,0.27142307,0
5,0,0.31753832,0
5,0,0.25787145,0
5,0,0.305791,0
5,0,0.41790527,0
5,0,0.7492724,1
5,0,0.77748793,1
5,0,0.6200473,1
5,0,0.50021523,1
5,0,0.40264726,0
5,0,0.3364228,0
5,0,0.19643584,0
5,0,0.23116422,0
5,0,0.31403193,0
5,0,0.07830718,0
5,0,0.10930611,0
5,0,0.34716895,0
5,0,0.25649348,0
5,0,0.08143426,0
5,0,0.366693,0
5,0,0.3271714,0
5,0,0.26623428,0
5,0,0.09967307,0
5,0,0.15742129,0
5,0,0.5755341,1
5,0,0.48720437,0
5,0,0.89751714,1
5,0,0.25361815,0
5,0,0.49627194,0
5,0,0.49154013,0
5,0,0.35633123,0
5,0,0.36674237,0
5,0,0.56026864,1
5,0,0.6552316,1
5,0,0.4674687,0
5,0,0.14819306,0
5,0,0.5388573,1
5,0,0.7276914,1
5,0,0.2661763,0
5,0,0.2799296,0
5,0,0.66167545,1
5,0,0.4099293,0
5,0,0.4968129,0
5,0,0.35654902,0
5,0,0.30675685,0
5,0,0.53145343,1
5,0,0.38292992,0
5,0,0.39580926,0
5,0,0.590867,1
5,0,0.53216416,1
5,0,0.5178591,1
5,0,0.7514845,1
5,0,0.7577821,1
5,0,0.80643445,1
5,0,0.8030168,1
5,0,0.8824194,1
5,0,0.86441857,1
5,0,0.89879364,1
5,0,0.8455694,1
5,0,0.8738561,1
5,0,0.594739,1
5,0,0.954428,1
5,0,0.80894405,1
5,0,0.84439236,1
5,0,0.825264,1
5,0,0.77438945,1
5,0,0.69084555,1
5,0,0.44865683,0
5,0,0.40409496,0
5,0,0.7280079,1
5,0,0.8800277,1
5,0,0.7546124,1
5,0,0.43780077,0
5,0,0.6822093,1
5,0,0.79181343,1
5,0,0.90191436,1
5,0,0.8686314,1
5,0,0.7063189,1
5,0,0.7494916,1
5,0,0.8877548,1
5,0,0.9406026,1
5,0,0.9419906,1
5,0,0.84230024,1
5,0,0.7078774,1
5,0,0.9688738,1
5,0,0.8213702,1
5,0,0.92859954,1
5,0,0.7770745,1
5,0,0.3514521,0
5,0,0.65777194,1
5,0,0.93918836,1
5,0,0.9320999,1
5,0,0.7426875,1
5,0,0.5103433,1
5,0,0.6501114,1
5,0,0.86740404,1
5,0,0.778821,1
5,0,0.58489287,1
5,0,0.18232837,0
5,0,0.38471073,0
5,0,0.7751584,1
5,0,0.7625339,1
5,0,0.6492994,1
5,0,0.89639807,1
5,0,0.9411956,1
5,0,0.9263708,1
5,0,0.68438333,1
5,0,0.96925396,1
5,0,0.97919834,1
5,0,0.9030353,1
5,0,0.9533261,1
5,0,0.8673838,1
5,0,0.6677191,1
5,0,0.5733794,1
5,0,0.91980535,1
5,0,0.81114227,1
5,0,0.7659075,1
5,0,0.9666304,1
5,0,0.94128406,1
5,0,0.95809394,1
5,0,0.8492129,1
5,0,0.7374135,1
5,0,0.47931686,0
5,0,0.64355093,1
5,0,0.69670606,1
5,0,0.81176347,1
5,0,0.69788665,1
5,0,0.65172046,1
5,0,0.6944594,1
5,0,0.7422789,1
5,0,0.876482,1
5,0,0.7661743,1
5,0,0.59538484,1
5,0,0.9049418,1
5,0,0.98024493,1
5,0,0.9200114,1
5,0,0.881215,1
5,0,0.89053327,1
5,0,0.918943,1
5,0,0.8732975,1
5,0,0.8530683,1
5,0,0.83109874,1
5,0,0.8919681,1
5,0,0.9494731,1
5,0,0.94181854,1
5,0,0.8964864,1
5,0,0.78005385,1
5,0,0.95035696,1
5,0,0.81803644,1
5,0,0.80761737,1
5,0,0.7672551,1
5,0,0.9259211,1
5,0,0.9710938,1
5,0,0.88069874,1
5,0,0.9449097,1
5,0,0.9678463,1
5,0,0.96798253,1
5,0,0.87590855,1
5,0,0.8710322,1
5,0,0.7814707,1
5,0,0.6394025,1
5,0,0.58633345,1
5,0,0.5355804,1
5,0,0.6863064,1
5,0,0.8213834,1
5,0,0.73272,1
5,0,0.81819564,1
5,0,0.7191511,1
5,0,0.8723465,1
5,0,0.84322625,1
5,0,0.8562446,1
5,0,0.5334529,1
5,0,0.70990044,1
5,0,0.9657105,1
5,0,0.96497625,1
5,0,0.8753175,1
5,0,0.8913065,1
5,0,0.6044043,1
5,0,0.7895669,1
5,0,0.82397157,1
5,0,0.7134196,1
5,0,0.57011175,1
5,0,0.745316,1
5,0,0.51781976,1
5,0,0.37062025,0
5,0,0.56443864,1
5,0,0.51127094,1
5,0,0.42280918,0
5,0,0.48008633,0
5,0,0.86252874,1
5,0,0.8827905,1
5,0,0.84084976,1
5,0,0.96027887,1
5,0,0.9419136,1
5,0,0.92266375,1
5,0,0.9637964,1
5,0,0.9408084,1
5,0,0.94761306,1
5,0,0.73112476,1
5,0,0.7993702,1
5,0,0.96450657,1
5,0,0.90724653,1
5,0,0.79062396,1
5,0,0.8750917,1
5,0,0.7057473,1
5,0,0.6863759,1
5,0,0.8384176,1
5,0,0.9582796,1
5,0,0.92069715,1
5,0,0.8656789,1
5,0,0.8653683,1
5,0,0.9288204,1
5,0,0.90699077,1
5,0,0.9352821,1
5,0,0.9769917,1
5,0,0.8922383,1
5,0,0.83304703,1
5,0,0.71886134,1
5,0,0.48311493,0
5,0,0.6689205,1
5,0,0.8841797,1
5,0,0.9044959,1
5,0,0.9111676,1
5,0,0.86052126,1
5,0,0.9685376,1
5,0,0.9546287,1
5,0,0.8894663,1
5,0,0.9272951,1
5,0,0.9673014,1
5,0,0.864375,1
5,0,0.9781481,1
5,0,0.9543712,1
5,0,0.42212838,0
5,0,0.6715924,1
5,0,0.93801427,1
5,0,0.8614853,1
5,0,0.907295,1
5,0,0.2604362,0
5,0,0.31705683,0
5,0,0.5159068,1
5,0,0.55799425,1
5,0,0.24420716,0
5,0,0.38232124,0
5,0,0.22828056,0
5,0,0.5372893,1
5,0,0.54369694,1
5,0,0.50305986,1
5,0,0.5992789,1
5,0,0.66420317,1
5,0,0.5291296,1
5,0,0.72921896,1
5,0,0.60308176,1
5,0,0.6258119,1
5,0,0.710488,1
5,0,0.3928953,0
5,0,0.6555083,1
5,0,0.63506913,1
5,0,0.55692923,1
5,0,0.6559287,1
5,0,0.60316545,1
5,0,0.44978765,0
5,0,0.4413975,0
5,0,0.2882272,0
5,0,0.21157308,0
5,0,0.3963317,0
5,0,0.27979735,0
5,0,0.29209813,0
5,0,0.2643492,0
5,0,0.57738566,1
5,0,0.57858545,1
5,0,0.8390579,1
5,0,0.61891097,1
5,0,0.829498,1
5,0,0.8628712,1
5,0,0.8093471,1
5,0,0.8587632,1
5,0,0.90552676,1
5,0,0.85067785,1
5,0,0.8907325,1
5,0,0.91692704,1
5,0,0.93708074,1
5,0,0.8964667,1
5,0,0.90108323,1
5,0,0.8620344,1
5,0,0.91697055,1
5,0,0.87819093,1
5,0,0.90302086,1
5,0,0.84548986,1
5,0,0.9177929,1
5,0,0.8877209,1
5,0,0.93905246,1
5,0,0.9415693,1
5,0,0.9099535,1
5,0,0.91616714,1
5,0,0.84640956,1
5,0,0.8803004,1
5,0,0.9329074,1
5,0,0.86981905,1
5,0,0.8281119,1
5,0,0.90431875,1
5,0,0.8625116,1
5,0,0.8288909,1
5,0,0.82691777,1
5,0,0.88202125,1
5,0,0.813375,1
5,0,0.7686787,1
5,0,0.92828375,1
5,0,0.85002667,1
5,0,0.83098227,1
5,0,0.8411984,1
5,0,0.9402491,1
5,0,0.9083333,1
5,0,0.8609838,1
5,0,0.92867935,1
5,0,0.94872504,1
5,0,0.91549885,1
5,0,0.8938963,1
5,0,0.937492,1
5,0,0.92061085,1
5,0,0.89517546,1
5,0,0.9591441,1
5,0,0.9307997,1
5,0,0.910765,1
5,0,0.9004012,1
5,0,0.87609804,1
5,0,0.904972,1
5,0,0.9217119,1
5,0,0.91691744,1
5,0,0.93707824,1
5,0,0.92994565,1
5,0,0.9324708,1
5,0,0.97518605,1
5,0,0.91194975,1
5,0,0.97859293,1
5,0,0.94763786,1
5,0,0.92796946,1
5,0,0.94863623,1
5,0,0.94577414,1
5,0,0.80729866,1
5,0,0.9469411,1
5,0,0.90866333,1
5,0,0.82295805,1
5,0,0.9567583,1
5,0,0.93194175,1
5,0,0.82697207,1
5,0,0.81410366,1
5,0,0.9001938,1
5,0,0.9616861,1
5,0,0.9718593,1
5,0,0.9675918,1
5,0,0.9040786,1
5,0,0.93472767,1
5,0,0.94361067,1
5,0,0.97007984,1
5,1,0.96432245,1
5,1,0.9537136,1
5,1,0.9597527,1
5,1,0.96178854,1
5,1,0.95891744,1
5,1,0.97261083,1
5,1,0.95160604,1
5,1,0.9170255,1
5,1,0.9556619,1
5,1,0.9601079,1
5,1,0.9512753,1
5,1,0.94275993,1
5,1,0.97062105,1
5,1,0.91628855,1
5,1,0.9714569,1
5,1,0.9228026,1
5,1,0.97178316,1
5,1,0.28322256,0
5,1,0.5327631,1
5,1,0.377946,0
5,1,0.20810701,0
5,1,0.2698604,0
5,1,0.650765,1
5,1,0.83581644,1
5,1,0.48569936,0
5,1,0.27298868,0
5,1,0.38822532,0
5,1,0.6217906,1
5,1,0.64571416,1
5,1,0.6033003,1
5,1,0.57388777,1
5,1,0.763337,1
5,1,0.69298244,1
5,1,0.5264478,1
5,1,0.63235706,1
5,1,0.5018494,1
5,1,0.15939614,0
5,1,0.8310488,1
5,1,0.67617106,1
5,1,0.5321981,1
5,1,0.58250815,1
5,1,0.65357435,1
5,1,0.65962625,1
5,1,0.73733926,1
5,1,0.72337455,1
5,1,0.95962095,1
5,1,0.9639577,1
5,1,0.9272843,1
5,1,0.94263977,1
5,1,0.96648026,1
5,1,0.9499292,1
5,1,0.9730593,1
5,1,0.9467868,1
5,1,0.9649791,1
5,1,0.91512716,1
5,1,0.9546868,1
5,1,0.36872685,0
5,1,0.3441572,0
5,1,0.20322928,0
5,1,0.43793407,0
5,1,0.14110263,0
5,1,0.14106746,0
5,1,0.25593594,0
5,1,0.29436567,0
5,1,0.13124233,0
5,1,0.17563386,0
5,1,0.26190242,0
5,1,0.15036303,0
5,1,0.7096883,1
5,1,0.59712374,1
5,1,0.60558325,1
5,1,0.88371944,1
5,1,0.43129823,0
5,1,0.2515462,0
5,1,0.60998106,1
5,1,0.73895764,1
5,1,0.3111081,0
5,1,0.43681645,0
5,1,0.53503025,1
5,1,0.72312224,1
5,1,0.8352326,1
5,1,0.5472337,1
5,1,0.85517865,1
5,1,0.89240265,1
5,1,0.7372515,1
5,1,0.79928714,1
5,1,0.84804237,1
5,1,0.66724443,1
5,1,0.5777451,1
5,1,0.6658596,1
5,1,0.48186994,0
5,1,0.6566659,1
5,1,0.41050464,0
5,1,0.5454216,1
5,1,0.29337767,0
5,1,0.39600727,0
5,1,0.48048696,0
5,1,0.41297942,0
5,1,0.5747655,1
5,1,0.0812695,0
5,1,0.026223011,0
5,1,0.019222757,0
5,1,0.07254271,0
5,1,0.21624233,0
5,1,0.22078495,0
5,1,0.6211983,1
5,1,0.1989694,0
5,1,0.40805468,0
5,1,0.095675044,0
5,1,0.058435038,0
5,1,0.056719635,0
5,1,0.06605954,0
5,1,0.055844206,0
5,1,0.025112566,0
5,1,0.06277464,0
5,1,0.050176896,0
5,1,0.04334289,0
5,1,0.10357689,0
5,1,0.10981506,0
5,1,0.06910459,0
5,1,0.05811692,0
5,1,0.04481462,0
5,1,0.04715934,0
5,1,0.020010294,0
5,1,0.01850685,0
5,1,0.03236682,0
5,1,0.098026946,0
5,1,0.053479128,0
5,1,0.02323106,0
5,1,0.018495146,0
5,1,0.013683698,0
5,1,0.009009963,0
5,1,0.032198388,0
5,1,0.02702901,0
5,1,0.02118936,0
5,1,0.3989834,0
5,1,0.63911253,1
5,1,0.8008361,1
5,1,0.79691654,1
5,1,0.51341444,1
5,1,0.6298394,1
5,1,0.74061686,1
5,1,0.4701348,0
5,1,0.74335724,1
5,1,0.4344795,0
5,1,0.29301265,0
5,1,0.81192166,1
5,1,0.55832034,1
5,1,0.27632248,0
5,1,0.52666354,1
5,1,0.47274894,0
5,1,0.6332089,1
5,1,0.6825186,1
5,1,0.74574107,1
5,1,0.69134766,1
5,1,0.8434171,1
5,1,0.5144315,1
5,1,0.86051893,1
5,1,0.73498327,1
5,1,0.79153544,1
5,1,0.6528913,1
5,1,0.57377404,1
5,1,0.7605299,1
5,1,0.65536004,1
5,1,0.5616317,1
5,1,0.8306683,1
5,1,0.6310137,1
5,1,0.78983426,1
5,1,0.559438,1
5,1,0.6984676,1
5,1,0.72183967,1
5,1,0.7124922,1
5,1,0.8231085,1
5,1,0.72413194,1
5,1,0.8367075,1
5,1,0.7176057,1
5,1,0.7564428,1
5,1,0.76000947,1
5,1,0.6116297,1
5,1,0.55476815,1
5,1,0.47219753,0
5,1,0.5269267,1
5,1,0.6867815,1
5,1,0.80468935,1
5,1,0.75896096,1
5,1,0.8306411,1
5,1,0.5034465,1
5,1,0.6505218,1
5,1,0.61566055,1
5,1,0.58382374,1
5,1,0.34892675,0
5,1,0.54142827,1
5,1,0.61166257,1
5,1,0.39218444,0
5,1,0.44849527,0
5,1,0.56985986,1
5,1,0.30572447,0
5,1,0.35911548,0
5,1,0.66808206,1
5,1,0.7596381,1
5,1,0.5331341,1
5,1,0.71599215,1
5,1,0.54024863,1
5,1,0.79374164,1
5,1,0.5712,1
5,1,0.6835945,1
5,1,0.65143085,1
5,1,0.66178614,1
5,1,0.6080785,1
5,1,0.83703667,1
5,1,0.6428805,1
5,1,0.5704011,1
5,1,0.70461315,1
5,1,0.58903027,1
5,1,0.60555553,1
5,1,0.88204724,1
5,1,0.42608795,0
5,1,0.2529528,0
5,1,0.60890853,1
5,1,0.73116034,1
5,1,0.30700785,0
5,1,0.43879026,0
5,1,0.52383673,1
5,1,0.5923596,1
5,1,0.31161815,0
5,1,0.88138074,1
5,1,0.7552403,1
5,1,0.4279089,0
5,1,0.79935795,1
5,1,0.66460603,1
5,1,0.67190385,1
5,1,0.64370453,1
5,1,0.6470222,1
5,1,0.67190254,1
5,1,0.7015925,1
5,1,0.45504135,0
5,1,0.4899007,0
5,1,0.5370373,1
5,1,0.571081,1
5,1,0.7322362,1
5,1,0.41909552,0
5,1,0.5846334,1
5,1,0.41436023,0
5,1,0.37617868,0
5,1,0.47066048,0
5,1,0.6324286,1
5,1,0.39828813,0
5,1,0.5532808,1
5,1,0.3108331,0
5,1,0.3936716,0
5,1,0.48576307,0
5,1,0.41751692,0
5,1,0.56461555,1
5,1,0.359617,0
5,1,0.30376568,0
5,1,0.3820128,0
5,1,0.54694015,1
5,1,0.3307728,0
5,1,0.3467941,0
5,1,0.5366769,1
5,1,0.61507475,1
5,1,0.72745407,1
5,1,0.6241437,1
5,1,0.67157704,1
5,1,0.6276822,1
5,1,0.77698475,1
5,1,0.75656646,1
5,1,0.5706133,1
5,1,0.71694756,1
5,1,0.7931204,1
5,1,0.6320606,1
5,1,0.51529497,1
5,1,0.21554835,0
5,1,0.28371987,0
5,1,0.6639413,1
5,1,0.27157432,0
5,1,0.30963886,0
5,1,0.5705943,1
5,1,0.40767303,0
5,1,0.43241948,0
5,1,0.3147679,0
5,1,0.47838855,0
5,1,0.45488483,0
5,1,0.27258965,0
5,1,0.44831562,0
5,1,0.7036044,1
5,1,0.66825175,1
5,1,0.43771765,0
5,1,0.67001015,1
5,1,0.45094636,0
5,1,0.6014937,1
5,1,0.54429513,1
5,1,0.68005216,1
5,1,0.8285959,1
5,0,0.9479027,1
5,0,0.95424753,1
5,0,0.93312967,1
5,0,0.9368139,1
5,0,0.9686174,1
5,0,0.9451288,1
5,0,0.9513496,1
5,0,0.9665699,1
5,0,0.98363036,1
5,0,0.97671926,1
5,0,0.9768596,1
5,0,0.97828406,1
5,0,0.9715228,1
5,0,0.96165514,1
5,0,0.9732939,1
5,0,0.9649348,1
5,0,0.97220695,1
5,0,0.95361197,1
5,0,0.98359317,1
5,0,0.97724867,1
5,0,0.9631997,1
5,0,0.9698076,1
5,0,0.94519067,1
5,0,0.96864563,1
5,0,0.98496395,1
5,0,0.9672755,1
5,0,0.9676783,1
5,0,0.964173,1
5,0,0.9638231,1
5,0,0.976863,1
5,0,0.96526784,1
5,0,0.9622046,1
5,0,0.9818726,1
5,0,0.97256225,1
5,0,0.97723866,1
5,0,0.98059696,1
5,0,0.9769568,1
5,0,0.9680495,1
5,0,0.97667706,1
5,0,0.9810012,1
5,0,0.9744932,1
5,0,0.9730833,1
5,0,0.9666445,1
5,0,0.9536741,1
5,0,0.94989204,1
5,0,0.98402333,1
5,0,0.9370938,1
5,0,0.96221393,1
5,0,0.9435597,1
5,0,0.9812943,1
5,0,0.96818805,1
5,0,0.96427655,1
5,0,0.9634605,1
5,0,0.98126936,1
5,0,0.973031,1
5,0,0.9759371,1
5,0,0.98238075,1
5,0,0.9640365,1
5,0,0.9648413,1
5,0,0.94774336,1
5,0,0.9731919,1
5,0,0.94810617,1
5,0,0.9709207,1
5,0,0.9593954,1
5,0,0.9650594,1
5,0,0.9513211,1
5,0,0.9480519,1
5,0,0.9816991,1
5,0,0.97584957,1
5,0,0.9575445,1
5,0,0.96950835,1
5,0,0.96555626,1
5,0,0.95170414,1
5,0,0.9711873,1
5,0,0.97280586,1
5,0,0.9611246,1
5,0,0.9565028,1
5,0,0.9753853,1
5,0,0.97353685,1
5,0,0.97151923,1
5,0,0.9490348,1
5,0,0.97247815,1
5,0,0.9379124,1
5,0,0.9429743,1
5,0,0.938222,1
5,0,0.9619578,1
5,0,0.93257964,1
5,0,0.9600396,1
5,0,0.94185984,1
5,0,0.9721239,1
5,0,0.9576336,1
5,0,0.98361754,1
5,0,0.94990164,1
5,0,0.9481935,1
5,0,0.9843487,1
5,0,0.93226457,1
5,0,0.9782159,1
5,0,0.96880686,1
5,0,0.94353306,1
5,0,0.9401868,1
5,0,0.98398316,1
5,0,0.96025157,1
5,1,0.9721308,1
5,1,0.93562806,1
5,1,0.9806526,1
5,1,0.9831051,1
5,1,0.9688525,1
5,1,0.98363554,1
5,1,0.9608574,1
5,1,0.98162925,1
5,1,0.9780694,1
5,1,0.9814254,1
5,1,0.98388046,1
5,1,0.9789514,1
5,1,0.9421927,1
5,1,0.9663756,1
5,1,0.9780611,1
5,1,0.9624939,1
5,1,0.94766355,1
5,1,0.9626057,1
5,0,0.9570326,1
5,0,0.9544434,1
5,0,0.8900357,1
5,0,0.91879404,1
5,0,0.94467455,1
5,0,0.8958624,1
5,0,0.9596961,1
5,0,0.9143636,1
5,0,0.9298378,1
5,0,0.92593926,1
5,0,0.9432458,1
5,0,0.97427905,1
5,0,0.9589429,1
5,0,0.9723087,1
5,0,0.95270973,1
5,0,0.9605634,1
5,0,0.9638234,1
5,0,0.9308468,1
5,0,0.9711978,1
5,0,0.9406073,1
5,0,0.98263514,1
5,0,0.9646096,1
5,0,0.96123606,1
5,0,0.9812515,1
5,0,0.9462219,1
5,0,0.97952944,1
5,0,0.9487336,1
5,0,0.9629545,1
5,0,0.97450227,1
5,0,0.95596814,1
5,0,0.98511225,1
5,0,0.9473672,1
5,0,0.9850712,1
5,0,0.97526294,1
5,0,0.9811286,1
5,0,0.96986055,1
5,0,0.9780912,1
5,0,0.9839316,1
5,0,0.97744215,1
5,0,0.98911834,1
5,0,0.9883862,1
5,0,0.9852813,1
5,0,0.96244633,1
5,0,0.9694801,1
5,0,0.9861141,1
5,0,0.9697072,1
5,0,0.96952593,1
5,0,0.9892301,1
5,0,0.9824432,1
5,0,0.97651833,1
5,0,0.96856916,1
5,0,0.9632523,1
5,0,0.9848262,1
5,0,0.9719525,1
5,0,0.95447874,1
5,0,0.9736527,1
5,0,0.9471095,1
5,0,0.9853217,1
5,0,0.9768446,1
5,0,0.9786401,1
5,0,0.96778697,1
5,0,0.98685247,1
5,0,0.96248275,1
5,0,0.9812356,1
5,0,0.99332595,1
5,0,0.9844232,1
5,0,0.9794133,1
5,0,0.99113667,1
5,0,0.98449904,1
5,0,0.9827429,1
5,0,0.98844516,1
5,0,0.9740872,1
5,0,0.98863107,1
5,0,0.97591734,1
5,0,0.9894657,1
5,0,0.98225486,1
5,0,0.9893751,1
5,0,0.9832945,1
5,0,0.9858769,1
5,0,0.9844201,1
5,0,0.97813714,1
5,0,0.9611454,1
5,0,0.9627673,1
5,0,0.9718829,1
5,0,0.9670305,1
5,0,0.96015275,1
5,0,0.956922,1
5,0,0.94913274,1
5,0,0.9710378,1
5,0,0.9361896,1
5,0,0.94870037,1
5,0,0.91511565,1
5,0,0.9352004,1
5,0,0.9491113,1
5,0,0.9368826,1
5,0,0.9618312,1
5,0,0.96921825,1
5,0,0.95245343,1
5,0,0.92993844,1
5,0,0.92977947,1
5,0,0.93719274,1
5,0,0.9733551,1
5,0,0.97163826,1
5,0,0.9306283,1
5,0,0.89472264,1
5,1,0.9615199,1
5,1,0.93193126,1
5,1,0.9568217,1
5,1,0.9695509,1
5,1,0.9550503,1
5,1,0.9419217,1
5,1,0.9269537,1
5,1,0.9651762,1
5,1,0.9444092,1
5,1,0.9027921,1
5,1,0.9404116,1
5,1,0.94620067,1
5,1,0.79688096,1
5,1,0.7921271,1
5,1,0.7110042,1
5,1,0.7233914,1
5,1,0.767958,1
5,1,0.5121529,1
5,1,0.58583903,1
5,1,0.7662066,1
5,1,0.61126995,1
5,1,0.5920001,1
5,1,0.6802296,1
5,1,0.66614634,1
5,1,0.7903151,1
5,1,0.7445633,1
5,1,0.6214056,1
5,1,0.78353506,1
5,0,0.20698757,0
5,0,0.18293272,0
5,0,0.24599154,0
5,0,0.60668164,1
5,0,0.26827598,0
5,0,0.5105904,1
5,0,0.6336718,1
5,0,0.4783327,0
5,0,0.65575594,1
5,0,0.57688624,1
5,0,0.7376595,1
5,0,0.340083,0
5,0,0.4242362,0
5,0,0.6982786,1
5,0,0.6046346,1
5,0,0.74793875,1
5,0,0.71961075,1
5,0,0.8550356,1
5,0,0.59507287,1
5,0,0.67475665,1
5,0,0.6407903,1
5,0,0.74314195,1
5,0,0.72276235,1
5,0,0.686161,1
5,0,0.5756469,1
5,0,0.6614398,1
5,0,0.43613794,0
5,0,0.86813986,1
5,0,0.61914563,1
5,0,0.7331724,1
5,0,0.43194395,0
5,0,0.825393,1
5,0,0.79920083,1
5,0,0.7717314,1
5,0,0.8099501,1
5,0,0.6639137,1
5,0,0.90615827,1
5,0,0.8758839,1
5,0,0.75565827,1
5,0,0.90440154,1
5,0,0.6841656,1
5,0,0.898612,1
5,0,0.8313007,1
5,0,0.8014058,1
5,0,0.7415492,1
5,0,0.75123435,1
5,0,0.63356227,1
5,0,0.6425837,1
5,0,0.64984643,1
5,0,0.38598287,0
5,0,0.7709266,1
5,0,0.6175735,1
5,0,0.47858396,0
5,0,0.7413864,1
5,0,0.6655333,1
5,0,0.7328264,1
5,0,0.43411553,0
5,0,0.67280275,1
5,0,0.51506275,1
5,0,0.6366828,1
5,0,0.30457062,0
5,0,0.55835706,1
5,0,0.6465543,1
5,0,0.81211454,1
5,0,0.71749115,1
5,0,0.80314666,1
5,0,0.8365851,1
5,0,0.972471,1
5,0,0.8877224,1
5,0,0.7520182,1
5,0,0.82917625,1
5,0,0.86089206,1
5,0,0.70338887,1
5,0,0.75125843,1
5,0,0.8143505,1
5,0,0.7162189,1
5,0,0.78831536,1
5,0,0.5444932,1
5,0,0.891004,1
5,0,0.8993801,1
5,0,0.7534708,1
5,0,0.92833525,1
5,0,0.6908919,1
5,0,0.85759795,1
5,0,0.88872105,1
5,0,0.68928146,1
5,0,0.6796185,1
5,0,0.4256421,0
5,0,0.56079113,1
5,0,0.32311645,0
5,0,0.28992498,0
5,0,0.41898778,0
5,0,0.42786986,0
5,0,0.3733708,0
5,0,0.71356815,1
5,0,0.49774063,0
5,0,0.77194506,1
5,0,0.8848987,1
5,0,0.7728297,1
5,0,0.52521276,1
5,0,0.6829862,1
5,0,0.57779586,1
5,1,0.47233,0
5,1,0.8296012,1
5,1,0.8958759,1
5,1,0.710779,1
5,1,0.65177536,1
5,1,0.31763932,0
5,1,0.6714918,1
5,1,0.6111824,1
5,1,0.6082088,1
5,1,0.2800325,0
5,1,0.5401356,1
5,1,0.5585565,1
5,1,0.4609117,0
5,1,0.48517528,0
5,1,0.512357,1
5,1,0.36498815,0
5,1,0.34051114,0
5,1,0.23799232,0
5,0,0.5234798,1
5,0,0.5261552,1
5,0,0.43904346,0
5,0,0.37793303,0
5,0,0.24207267,0
5,0,0.4792561,0
5,0,0.5549699,1
5,0,0.17453662,0
5,0,0.3799647,0
5,0,0.29043984,0
5,0,0.2707835,0
5,0,0.5077676,1
5,0,0.33706877,0
5,0,0.16402319,0
5,0,0.21742706,0
5,0,0.24489577,0
5,0,0.4315351,0
5,0,0.3281345,0
5,0,0.58365405,1
5,0,0.4606919,0
5,0,0.5408272,1
5,0,0.6575275,1
5,0,0.20547847,0
5,0,0.4385679,0
5,0,0.29651636,0
5,0,0.1791129,0
5,0,0.30224356,0
5,0,0.5174594,1
5,0,0.5146826,1
5,0,0.7237483,1
5,0,0.63764083,1
5,0,0.9553666,1
5,0,0.925969,1
5,0,0.76526815,1
5,0,0.62934375,1
5,0,0.80350703,1
5,1,0.3153939,0
5,1,0.2875029,0
5,1,0.29497075,0
5,1,0.39500925,0
5,1,0.16486958,0
5,1,0.17867285,0
5,1,0.33778355,0
5,1,0.4141352,0
5,1,0.8726125,1
5,1,0.942914,1
5,1,0.8158784,1
5,1,0.8524524,1
5,1,0.98016584,1
5,1,0.9113085,1
5,1,0.69389206,1
5,1,0.9221764,1
5,1,0.8954476,1
5,1,0.7008509,1
5,1,0.35439545,0
5,1,0.6445075,1
5,1,0.8698665,1
5,1,0.7218185,1
5,1,0.9021872,1
5,1,0.69493043,1
5,1,0.7759205,1
5,1,0.37668693,0
5,1,0.8588542,1
5,1,0.8354513,1
5,1,0.8159485,1
5,1,0.22684559,0
5,1,0.27074704,0
5,1,0.7389916,1
5,1,0.7241057,1
5,1,0.8327443,1
5,1,0.94861746,1
5,0,0.9919843,1
5,0,0.9873094,1
5,0,0.9659443,1
5,0,0.9717011,1
5,0,0.9318497,1
5,0,0.98276776,1
5,0,0.97545934,1
5,0,0.9343047,1
5,0,0.9021049,1
5,0,0.9565877,1
5,0,0.9080911,1
5,0,0.98015296,1
5,0,0.983337,1
5,0,0.9613771,1
5,0,0.8691833,1
5,0,0.9679226,1
5,0,0.8963748,1
5,0,0.9219971,1
5,0,0.9541252,1
5,0,0.95855737,1
5,0,0.84225535,1
5,0,0.9151012,1
5,0,0.9458544,1
5,0,0.8772065,1
5,0,0.95283437,1
5,0,0.85626715,1
5,0,0.8645332,1
5,0,0.96160716,1
5,1,0.5930091,1
5,1,0.68956494,1
5,1,0.49966192,0
5,1,0.7720569,1
5,1,0.6545104,1
5,1,0.8172697,1
5,1,0.74324125,1
5,1,0.8176511,1
5,1,0.78010356,1
5,1,0.7031018,1
5,1,0.68895304,1
5,1,0.7952196,1
5,1,0.72873193,1
5,1,0.6829539,1
5,1,0.81702214,1
5,1,0.6006966,1
5,1,0.7700219,1
5,1,0.67588854,1
5,1,0.6465111,1
5,1,0.53718376,1
5,1,0.703833,1
5,1,0.80676466,1
5,1,0.8200985,1
5,1,0.88348657,1
5,1,0.8832691,1
5,1,0.47937754,0
5,1,0.5785415,1
5,1,0.9261934,1
5,1,0.94079435,1
5,1,0.96994567,1
5,1,0.9734535,1
5,1,0.97892535,1
5,1,0.929107,1
5,1,0.96407074,1
5,1,0.9846331,1
5,1,0.89772564,1
5,1,0.9273761,1
5,1,0.96745455,1
5,1,0.9364946,1
5,1,0.92092556,1
5,1,0.9307076,1
5,1,0.9805505,1
5,1,0.95926636,1
5,1,0.886442,1
5,1,0.93575215,1
5,1,0.95891374,1
5,0,0.12297727,0
5,0,0.048379183,0
5,0,0.06788807,0
5,0,0.1399414,0
5,0,0.08052671,0
5,0,0.15766652,0
5,0,0.109857835,0
5,0,0.14339258,0
5,0,0.14651164,0
5,0,0.17679329,0
5,0,0.43774134,0
5,0,0.14339726,0
5,0,0.17324093,0
5,0,0.1210107,0
5,0,0.15045567,0
5,0,0.6311296,1
5,0,0.23351522,0
5,0,0.27325487,0
5,0,0.24036741,0
5,0,0.2582278,0
5,0,0.16557528,0
5,0,0.73985755,1
5,0,0.4391382,0
5,0,0.4650582,0
5,0,0.66086066,1
5,0,0.60859346,1
5,0,0.42446208,0
5,0,0.3742128,0
5,0,0.58177257,1
5,0,0.7833153,1
5,0,0.431925,0
5,0,0.7241455,1
5,0,0.3266707,0
5,0,0.7946484,1
5,0,0.22871828,0
5,0,0.5932607,1
