Fold,Label,Prob,Preds
1,1,0.5760997,1
1,1,0.5807857,1
1,1,0.60530293,1
1,1,0.58729637,1
1,1,0.58527124,1
1,1,0.57649386,1
1,1,0.59662116,1
1,1,0.5958949,1
1,1,0.572972,1
1,1,0.59101075,1
1,1,0.5807583,1
1,1,0.5796693,1
1,1,0.60180503,1
1,1,0.59776014,1
1,1,0.59277624,1
1,1,0.59529173,1
1,1,0.5960139,1
1,1,0.6093281,1
1,1,0.5990528,1
1,1,0.6071332,1
1,1,0.61268574,1
1,1,0.6106932,1
1,1,0.6142459,1
1,1,0.61038584,1
1,1,0.6065142,1
1,1,0.6008876,1
1,1,0.60175616,1
1,1,0.5941056,1
1,1,0.56103414,1
1,1,0.5404297,1
1,1,0.5882564,1
1,1,0.5440342,1
1,1,0.6072941,1
1,1,0.5648446,1
1,1,0.60743773,1
1,0,0.5332095,1
1,0,0.53685886,1
1,0,0.5190389,1
1,0,0.5177312,1
1,0,0.5147226,1
1,0,0.51039803,1
1,0,0.5276308,1
1,0,0.4948803,0
1,0,0.502433,1
1,0,0.50725704,1
1,0,0.5102426,1
1,0,0.49861673,0
1,0,0.49883774,0
1,0,0.48235664,0
1,0,0.5200615,1
1,0,0.49618864,0
1,0,0.5197549,1
1,0,0.51446295,1
1,0,0.5159397,1
1,0,0.53250843,1
1,0,0.5210905,1
1,0,0.55097044,1
1,0,0.59370995,1
1,0,0.5861452,1
1,0,0.59917706,1
1,0,0.5768755,1
1,0,0.6008884,1
1,0,0.5982651,1
1,0,0.59737104,1
1,0,0.5637527,1
1,0,0.5884995,1
1,0,0.57145685,1
1,0,0.5762088,1
1,0,0.5627193,1
1,0,0.5630984,1
1,0,0.56504345,1
1,0,0.5634926,1
1,0,0.5754898,1
1,0,0.5697692,1
1,0,0.6224199,1
1,0,0.5598383,1
1,0,0.616851,1
1,0,0.5712834,1
1,0,0.5810447,1
1,0,0.586091,1
1,0,0.5844307,1
1,0,0.57584816,1
1,0,0.59617966,1
1,0,0.5995595,1
1,0,0.61955714,1
1,0,0.6025009,1
1,0,0.5917942,1
1,0,0.61045873,1
1,0,0.5694695,1
1,0,0.6041986,1
1,0,0.5855754,1
1,0,0.57472533,1
1,0,0.57766527,1
1,0,0.5637063,1
1,0,0.5830741,1
1,0,0.5492817,1
1,0,0.58210343,1
1,0,0.54207426,1
1,0,0.57917136,1
1,0,0.5326079,1
1,0,0.57997173,1
1,0,0.54795045,1
1,1,0.5748522,1
1,1,0.5499838,1
1,1,0.57648903,1
1,1,0.5475416,1
1,1,0.5758921,1
1,1,0.5752421,1
1,1,0.54287624,1
1,1,0.5681431,1
1,1,0.56876636,1
1,0,0.56946284,1
1,0,0.5675871,1
1,0,0.5802546,1
1,0,0.57973516,1
1,0,0.5790128,1
1,0,0.59169006,1
1,0,0.58839816,1
1,0,0.6096109,1
1,0,0.60785127,1
1,0,0.58956975,1
1,0,0.59561056,1
1,0,0.59834576,1
1,0,0.5987766,1
1,0,0.60297185,1
1,0,0.61432385,1
1,0,0.60438865,1
1,0,0.6022472,1
1,0,0.6021631,1
1,0,0.5816569,1
1,0,0.6075713,1
1,0,0.5729144,1
1,0,0.6048945,1
1,0,0.5752187,1
1,0,0.56943554,1
1,0,0.56877494,1
1,0,0.5507115,1
1,0,0.5483021,1
1,0,0.5488986,1
1,0,0.54697454,1
1,0,0.56858087,1
1,0,0.57780504,1
1,0,0.55206686,1
1,0,0.5629613,1
1,0,0.58703226,1
1,0,0.5782141,1
1,0,0.5846612,1
1,0,0.58342695,1
1,0,0.5912253,1
1,0,0.5535842,1
1,0,0.5963475,1
1,0,0.56403875,1
1,0,0.5733667,1
1,0,0.5807221,1
1,0,0.556253,1
1,0,0.56096935,1
1,0,0.57242846,1
1,0,0.54759806,1
1,0,0.58681744,1
1,0,0.55946743,1
1,0,0.5885509,1
1,0,0.57235146,1
1,0,0.5934767,1
1,0,0.59765303,1
1,0,0.6086286,1
1,0,0.5977149,1
1,0,0.60159016,1
1,0,0.5953626,1
1,0,0.5940255,1
1,0,0.58835936,1
1,0,0.5747638,1
1,0,0.5601198,1
1,0,0.57532436,1
1,0,0.5757136,1
1,0,0.5750548,1
1,0,0.58023345,1
1,0,0.54991513,1
1,0,0.5682227,1
1,0,0.5609392,1
1,0,0.5727436,1
1,0,0.54373693,1
1,0,0.5651543,1
1,0,0.5725251,1
1,0,0.57755005,1
1,0,0.59487134,1
1,0,0.56302994,1
1,0,0.59691495,1
1,0,0.56035817,1
1,0,0.5610464,1
1,0,0.56391186,1
1,0,0.54815364,1
1,0,0.5597302,1
1,0,0.5382479,1
1,0,0.57605475,1
1,0,0.537098,1
1,0,0.5727125,1
1,0,0.542364,1
1,0,0.5724452,1
1,0,0.5704297,1
1,0,0.57208157,1
1,0,0.5695337,1
1,0,0.5972195,1
1,0,0.58585227,1
1,0,0.5850203,1
1,0,0.6016526,1
1,0,0.60180575,1
1,0,0.5891118,1
1,0,0.5969561,1
1,0,0.6046529,1
1,0,0.60826254,1
1,0,0.58787185,1
1,0,0.571195,1
1,0,0.5805252,1
1,1,0.57596415,1
1,1,0.57061833,1
1,1,0.58193046,1
1,1,0.54166335,1
1,1,0.5833228,1
1,1,0.530972,1
1,1,0.57832175,1
1,1,0.52846926,1
1,1,0.5717614,1
1,0,0.55451924,1
1,0,0.58168554,1
1,0,0.564804,1
1,0,0.5720779,1
1,0,0.571556,1
1,0,0.5754468,1
1,0,0.5571141,1
1,0,0.5601752,1
1,0,0.5437951,1
1,0,0.5765625,1
1,0,0.55453295,1
1,0,0.55936205,1
1,0,0.6007817,1
1,0,0.5836718,1
1,0,0.5823737,1
1,0,0.5910187,1
1,0,0.59499663,1
1,0,0.5969182,1
1,0,0.59479386,1
1,0,0.6083494,1
1,0,0.60296714,1
1,0,0.61303806,1
1,0,0.6166569,1
1,0,0.6047873,1
1,0,0.6064957,1
1,0,0.60997766,1
1,0,0.5974987,1
1,0,0.6160197,1
1,0,0.6186838,1
1,0,0.60961825,1
1,0,0.6043627,1
1,0,0.60289997,1
1,0,0.59687424,1
1,0,0.59724283,1
1,0,0.5871516,1
1,0,0.5699901,1
1,0,0.5788961,1
1,0,0.5413508,1
1,0,0.58149713,1
1,0,0.5886987,1
1,0,0.5274996,1
1,0,0.570256,1
1,0,0.54770684,1
1,0,0.61125773,1
1,0,0.5551065,1
1,0,0.59209484,1
1,1,0.53497297,1
1,1,0.5907374,1
1,1,0.5497186,1
1,1,0.583299,1
1,1,0.5655685,1
1,1,0.58030516,1
1,1,0.5560622,1
1,1,0.55858356,1
1,1,0.5604207,1
1,1,0.5300686,1
1,1,0.5870478,1
1,1,0.5358972,1
1,1,0.5704096,1
1,0,0.56198716,1
1,0,0.56362045,1
1,0,0.58077544,1
1,0,0.59773463,1
1,0,0.580519,1
1,0,0.6193883,1
1,0,0.61458117,1
1,0,0.59130543,1
1,0,0.59859896,1
1,0,0.5912363,1
1,0,0.59915435,1
1,0,0.60876334,1
1,0,0.61220646,1
1,0,0.61408496,1
1,0,0.60390955,1
1,0,0.60464364,1
1,0,0.6201036,1
1,0,0.6088526,1
1,0,0.62428075,1
1,0,0.6155856,1
1,0,0.6026978,1
1,0,0.59838533,1
1,0,0.59670883,1
1,1,0.60858124,1
1,1,0.5833179,1
1,1,0.58063895,1
1,1,0.56117254,1
1,1,0.5727691,1
1,1,0.56139827,1
1,1,0.52055055,1
1,1,0.56750983,1
1,1,0.5276575,1
1,1,0.5711579,1
1,1,0.5232856,1
1,1,0.56276965,1
1,1,0.53975105,1
1,1,0.5711195,1
1,1,0.5476983,1
1,1,0.529436,1
1,1,0.51904315,1
1,1,0.52155316,1
1,1,0.52519274,1
1,1,0.5208489,1
1,1,0.52378887,1
1,1,0.4822383,0
1,1,0.516528,1
1,1,0.4975966,0
1,1,0.55210346,1
1,1,0.5500033,1
1,1,0.53273374,1
1,1,0.55289084,1
1,1,0.5612788,1
1,1,0.5010991,1
1,1,0.55018675,1
1,1,0.5572851,1
1,1,0.57025087,1
1,1,0.5732007,1
1,1,0.5477032,1
1,1,0.56910086,1
1,1,0.5446638,1
1,1,0.5220976,1
1,1,0.54509956,1
1,1,0.57489604,1
1,1,0.59360325,1
1,1,0.61674845,1
1,1,0.5946231,1
1,1,0.6091887,1
1,1,0.6222727,1
1,1,0.5974113,1
1,1,0.5914078,1
1,1,0.5961861,1
1,1,0.6041234,1
1,1,0.59149665,1
1,1,0.6053327,1
1,1,0.5894119,1
1,1,0.6049868,1
1,1,0.6056583,1
1,1,0.580547,1
1,1,0.597744,1
1,1,0.5914712,1
1,1,0.59667695,1
1,1,0.60680807,1
1,1,0.5813328,1
1,1,0.59707534,1
1,1,0.6125129,1
1,1,0.5911631,1
1,1,0.5722175,1
1,1,0.57457685,1
1,1,0.5916794,1
1,1,0.5867131,1
1,1,0.5847486,1
1,1,0.59066993,1
1,1,0.57089204,1
1,1,0.58198386,1
1,1,0.57066226,1
1,1,0.5277829,1
1,1,0.5997862,1
1,1,0.58754295,1
1,1,0.57809377,1
1,1,0.60275733,1
1,1,0.5839575,1
1,1,0.61308265,1
1,1,0.6040439,1
1,1,0.59022737,1
1,1,0.5939142,1
1,1,0.5839167,1
1,1,0.59872735,1
1,1,0.56225,1
1,1,0.5781231,1
1,1,0.5679628,1
1,1,0.6076696,1
1,1,0.56959724,1
1,1,0.5880509,1
1,1,0.6043436,1
1,1,0.5942288,1
1,1,0.58165264,1
1,1,0.5823796,1
1,1,0.5970447,1
1,1,0.560665,1
1,1,0.5778809,1
1,1,0.57210714,1
1,1,0.6051573,1
1,1,0.5842392,1
1,1,0.60923666,1
1,1,0.59416693,1
1,1,0.616934,1
1,1,0.5982478,1
1,1,0.5833318,1
1,1,0.5942759,1
1,1,0.5846227,1
1,1,0.57867193,1
1,1,0.55498475,1
1,1,0.58638406,1
1,1,0.6075037,1
1,1,0.6034764,1
1,1,0.5833877,1
1,1,0.6068378,1
1,1,0.6131017,1
1,1,0.6089617,1
1,1,0.6070909,1
1,1,0.6183903,1
1,1,0.62689805,1
1,1,0.6219213,1
1,1,0.60376257,1
1,1,0.6055431,1
1,1,0.56448627,1
1,1,0.57657886,1
1,1,0.6066933,1
1,1,0.5720563,1
1,1,0.5922802,1
1,1,0.5632731,1
1,1,0.52945256,1
1,1,0.594317,1
1,1,0.5443458,1
1,1,0.5917243,1
1,1,0.5811972,1
1,1,0.57484967,1
1,1,0.57575697,1
1,1,0.59477234,1
1,1,0.57190967,1
1,1,0.59543663,1
1,1,0.60700107,1
1,1,0.59745324,1
1,1,0.609536,1
1,1,0.62303,1
1,1,0.62861764,1
1,1,0.628413,1
1,1,0.6134331,1
1,1,0.61135805,1
1,1,0.55747384,1
1,1,0.57771397,1
1,1,0.6077976,1
1,1,0.56498104,1
1,1,0.5936659,1
1,1,0.55503076,1
1,1,0.52211344,1
1,1,0.5828998,1
1,1,0.54380023,1
1,1,0.5868216,1
1,1,0.5902704,1
1,1,0.57293344,1
1,1,0.560048,1
1,1,0.592929,1
1,1,0.5716846,1
1,1,0.56514317,1
1,1,0.5587893,1
1,1,0.5514971,1
1,1,0.5478161,1
1,1,0.5335327,1
1,1,0.55123967,1
1,1,0.54157615,1
1,1,0.5212087,1
1,1,0.54777193,1
1,1,0.5305058,1
1,1,0.53414977,1
1,1,0.5416595,1
1,1,0.53843904,1
1,1,0.5502401,1
1,1,0.58025634,1
1,1,0.55104864,1
1,1,0.53984624,1
1,1,0.5387488,1
1,1,0.5437863,1
1,1,0.5471608,1
1,1,0.5256621,1
1,1,0.543917,1
1,1,0.54855496,1
1,1,0.54063475,1
1,1,0.5535404,1
1,1,0.5456824,1
1,1,0.5436095,1
1,1,0.5497798,1
1,0,0.55232,1
1,0,0.5637131,1
1,0,0.5621093,1
1,0,0.5682538,1
1,0,0.56577325,1
1,0,0.5757861,1
1,0,0.5873493,1
1,0,0.58215135,1
1,0,0.5713354,1
1,0,0.57007676,1
1,0,0.5551678,1
1,0,0.5602464,1
1,0,0.53593594,1
1,0,0.5668547,1
1,0,0.58203423,1
1,0,0.5942588,1
1,0,0.5441177,1
1,0,0.5808361,1
1,0,0.5425084,1
1,0,0.5886725,1
1,0,0.55093455,1
1,0,0.57189506,1
1,0,0.5534526,1
1,0,0.58508396,1
1,0,0.57790256,1
1,0,0.60142565,1
1,0,0.5889354,1
1,0,0.5982647,1
1,0,0.6028772,1
1,0,0.5894307,1
1,0,0.5738111,1
1,0,0.59829473,1
1,0,0.5870906,1
1,0,0.5885633,1
1,0,0.5982164,1
1,0,0.59855145,1
1,0,0.5729205,1
1,0,0.5962218,1
1,0,0.60633683,1
1,0,0.591323,1
1,0,0.572235,1
1,0,0.58669776,1
1,0,0.58321786,1
1,0,0.570579,1
1,0,0.552921,1
1,0,0.56615436,1
1,0,0.5198214,1
1,0,0.55556023,1
1,0,0.54951733,1
1,0,0.5698883,1
1,0,0.54644364,1
1,0,0.562407,1
1,0,0.5793069,1
1,0,0.5581241,1
1,0,0.5581302,1
1,0,0.56191707,1
1,0,0.5229757,1
1,0,0.55437434,1
1,0,0.5300454,1
1,0,0.58115464,1
1,0,0.57451403,1
1,0,0.59934086,1
1,0,0.5739222,1
1,0,0.58704203,1
1,0,0.5832441,1
1,0,0.60072887,1
1,0,0.594341,1
1,0,0.6185501,1
1,0,0.61293703,1
1,0,0.61346376,1
1,0,0.61963737,1
1,0,0.61774826,1
1,0,0.6213132,1
1,0,0.6081462,1
1,0,0.6060764,1
1,0,0.6106045,1
1,0,0.60944426,1
1,0,0.5853112,1
1,0,0.57324135,1
1,0,0.5939042,1
1,0,0.58829755,1
1,0,0.57160246,1
1,0,0.5954611,1
1,0,0.57841736,1
1,0,0.5724156,1
1,0,0.54329884,1
1,0,0.5526513,1
1,0,0.5249686,1
1,0,0.5589225,1
1,0,0.5287013,1
1,0,0.55612415,1
1,0,0.5553535,1
1,0,0.5351763,1
1,0,0.55543214,1
1,0,0.54433525,1
1,0,0.5524644,1
1,0,0.5808969,1
1,0,0.5167835,1
1,0,0.5912244,1
1,0,0.59540075,1
1,0,0.57584524,1
1,0,0.6006313,1
1,0,0.5810027,1
1,0,0.5888068,1
1,0,0.58518595,1
1,0,0.5770472,1
1,0,0.5692706,1
1,0,0.5898878,1
1,0,0.6062925,1
1,0,0.61665785,1
1,0,0.6077779,1
1,0,0.59105766,1
1,0,0.59685326,1
1,0,0.60966665,1
1,0,0.6105233,1
1,0,0.6134846,1
1,0,0.6143783,1
1,0,0.6105279,1
1,0,0.6177088,1
1,0,0.61798376,1
1,0,0.61261684,1
1,0,0.62010616,1
1,0,0.620155,1
1,0,0.6070236,1
1,0,0.6069756,1
1,0,0.595875,1
1,0,0.596199,1
1,0,0.6015892,1
1,0,0.6021296,1
1,0,0.6142318,1
1,0,0.5985622,1
1,0,0.5967182,1
1,0,0.6002593,1
1,0,0.59579885,1
1,0,0.5993425,1
1,0,0.5546468,1
1,0,0.5474428,1
1,0,0.5541909,1
1,0,0.55910033,1
1,0,0.5726354,1
1,0,0.54761183,1
1,0,0.5569473,1
1,0,0.5862277,1
1,0,0.5683529,1
1,0,0.57320666,1
1,0,0.56315494,1
1,0,0.55920815,1
1,0,0.5647449,1
1,0,0.55057895,1
1,0,0.5425489,1
1,0,0.5368492,1
1,0,0.5706939,1
1,0,0.5280431,1
1,0,0.573316,1
1,0,0.5313618,1
1,0,0.56474066,1
1,0,0.5629642,1
1,0,0.58019733,1
1,0,0.5530363,1
1,0,0.6162444,1
1,0,0.60934067,1
1,0,0.61965865,1
1,0,0.6171247,1
1,0,0.61084837,1
1,0,0.6136179,1
1,0,0.5974764,1
1,0,0.59915096,1
1,0,0.5875944,1
1,0,0.59562963,1
1,0,0.58233976,1
1,0,0.5817593,1
1,0,0.58336693,1
1,0,0.56205356,1
1,0,0.54792094,1
1,0,0.5685465,1
1,0,0.536948,1
1,0,0.5622365,1
1,0,0.5400421,1
1,0,0.5608623,1
1,0,0.51219004,1
1,0,0.56240577,1
1,0,0.54560107,1
1,0,0.56318647,1
1,0,0.5618947,1
1,0,0.5572166,1
1,0,0.547662,1
1,0,0.53666055,1
1,0,0.5633335,1
1,0,0.5048833,1
1,0,0.57489234,1
1,0,0.5698809,1
1,0,0.5635885,1
1,0,0.5601913,1
1,0,0.56978697,1
1,0,0.5791309,1
1,0,0.60068655,1
1,0,0.612856,1
1,0,0.60165054,1
1,0,0.61099774,1
1,0,0.6094876,1
1,0,0.6058333,1
1,0,0.61211735,1
1,0,0.60629314,1
1,0,0.6104635,1
1,0,0.60822827,1
1,0,0.6172053,1
1,0,0.59996176,1
1,0,0.5880578,1
1,0,0.5949429,1
1,0,0.5848713,1
1,0,0.5601299,1
1,0,0.5716286,1
1,0,0.55893177,1
1,0,0.55894405,1
1,0,0.58386064,1
1,0,0.5180393,1
1,0,0.5844113,1
1,0,0.5684914,1
1,0,0.56971186,1
1,0,0.51786107,1
1,0,0.5473144,1
1,0,0.5446571,1
1,0,0.5597308,1
1,0,0.5559737,1
1,0,0.5405189,1
1,0,0.5367204,1
1,0,0.51824355,1
1,0,0.5613462,1
1,0,0.5197526,1
1,0,0.5624576,1
1,0,0.5690601,1
1,0,0.5737486,1
1,0,0.56955045,1
1,0,0.5749119,1
1,0,0.5862258,1
1,0,0.5994518,1
1,0,0.5892484,1
1,0,0.59833664,1
1,0,0.5912633,1
1,0,0.6027305,1
1,0,0.6066142,1
1,0,0.59813,1
1,0,0.60848564,1
1,0,0.61704487,1
1,0,0.6087431,1
1,0,0.6007478,1
1,0,0.617121,1
1,0,0.5972571,1
1,0,0.6074208,1
1,0,0.6014392,1
1,0,0.58828145,1
1,0,0.59036565,1
1,0,0.59584993,1
1,0,0.57140386,1
1,0,0.584862,1
1,0,0.552194,1
1,0,0.5199417,1
1,0,0.56819016,1
1,0,0.5130703,1
1,0,0.5862157,1
1,0,0.51138955,1
1,0,0.57022786,1
1,0,0.51642925,1
1,0,0.5675578,1
1,0,0.53700924,1
1,0,0.5620781,1
1,0,0.5624125,1
1,0,0.561992,1
1,0,0.5560564,1
1,0,0.5617699,1
1,0,0.5161384,1
1,0,0.54287744,1
1,0,0.53155357,1
1,0,0.58271426,1
1,0,0.55060965,1
1,0,0.5606031,1
1,0,0.55080265,1
1,0,0.5752267,1
1,0,0.5837451,1
1,0,0.58213884,1
1,0,0.5855605,1
1,0,0.5985155,1
1,0,0.6063049,1
1,0,0.60331905,1
1,0,0.59990454,1
1,0,0.59507763,1
1,0,0.60811555,1
1,0,0.5963074,1
1,0,0.59014773,1
1,0,0.5868805,1
1,0,0.5825862,1
1,0,0.5784183,1
1,0,0.57519466,1
1,0,0.56910396,1
1,0,0.5457256,1
1,0,0.56391764,1
1,0,0.51902276,1
1,0,0.58988243,1
1,0,0.49524012,0
1,0,0.57382685,1
1,0,0.5324065,1
1,0,0.5733016,1
1,0,0.5419297,1
1,0,0.5573932,1
1,0,0.5699291,1
1,0,0.5673907,1
1,0,0.5632733,1
1,0,0.5533621,1
1,0,0.52322596,1
1,0,0.5697873,1
1,0,0.5128193,1
1,0,0.5638609,1
1,0,0.5492901,1
1,0,0.5664325,1
1,0,0.54998565,1
1,0,0.5793671,1
1,0,0.57611847,1
1,0,0.592852,1
1,0,0.59301656,1
1,0,0.59613466,1
1,0,0.5916174,1
1,0,0.59925973,1
1,0,0.6114498,1
1,0,0.60278594,1
1,1,0.6186031,1
1,1,0.5898137,1
1,1,0.60240406,1
1,1,0.57656556,1
1,1,0.56435287,1
1,1,0.5763665,1
1,1,0.56584406,1
1,1,0.5345139,1
1,1,0.5761682,1
1,1,0.5172941,1
1,0,0.57174057,1
1,0,0.56600404,1
1,0,0.5680268,1
1,0,0.57090545,1
1,0,0.5832227,1
1,0,0.5793352,1
1,0,0.6055209,1
1,0,0.59208715,1
1,0,0.60388345,1
1,0,0.61206895,1
1,0,0.6010766,1
1,0,0.60655636,1
1,0,0.60677224,1
1,0,0.59819734,1
1,0,0.6124687,1
1,0,0.61424613,1
1,0,0.6021281,1
1,0,0.6122649,1
1,0,0.59340346,1
1,0,0.6041784,1
1,0,0.60966426,1
1,0,0.5985256,1
1,0,0.5840043,1
1,0,0.59655863,1
1,0,0.60289294,1
1,0,0.5867662,1
1,0,0.6057642,1
1,0,0.5872764,1
1,0,0.58690596,1
1,0,0.5667282,1
1,0,0.54782635,1
1,0,0.5472693,1
1,0,0.5571875,1
1,0,0.54805195,1
1,0,0.5412752,1
1,0,0.57505316,1
1,0,0.5999849,1
1,0,0.59023076,1
1,0,0.56508857,1
1,0,0.5576454,1
1,0,0.59098816,1
1,0,0.58057874,1
1,0,0.5866734,1
1,0,0.5454844,1
1,0,0.512338,1
1,0,0.5393108,1
1,0,0.5679389,1
1,0,0.5861649,1
1,0,0.5639829,1
1,0,0.54908186,1
1,0,0.5649686,1
1,0,0.5713287,1
1,0,0.54082143,1
1,0,0.55507565,1
1,0,0.53005725,1
1,0,0.528426,1
1,0,0.54369944,1
1,0,0.51430386,1
1,0,0.5605353,1
1,0,0.5761265,1
1,0,0.5364418,1
1,0,0.5701218,1
1,0,0.554604,1
1,0,0.5535838,1
1,0,0.53310156,1
1,0,0.5762482,1
1,0,0.5475256,1
1,0,0.5214596,1
1,0,0.51885355,1
1,0,0.5775654,1
1,0,0.5401224,1
1,0,0.55731034,1
1,0,0.5606225,1
1,0,0.5328129,1
1,0,0.5441057,1
1,0,0.5637689,1
1,0,0.50695497,1
1,1,0.5814895,1
1,1,0.56056243,1
1,1,0.5765687,1
1,1,0.58899367,1
1,1,0.55421335,1
1,1,0.5650663,1
1,1,0.5662378,1
1,1,0.57435215,1
1,1,0.58479774,1
1,1,0.5703092,1
1,1,0.5881655,1
1,1,0.5677868,1
1,1,0.61781985,1
1,1,0.60957074,1
1,1,0.6120817,1
1,1,0.6168023,1
1,1,0.6340166,1
1,1,0.6268689,1
1,1,0.62195444,1
1,1,0.6237006,1
1,1,0.612138,1
1,1,0.6242209,1
1,1,0.61267376,1
1,1,0.6350794,1
1,1,0.59844506,1
1,1,0.60458654,1
1,1,0.61256987,1
1,1,0.60409176,1
1,1,0.61399657,1
1,1,0.61739755,1
1,1,0.6123376,1
1,1,0.60424954,1
1,1,0.6121528,1
1,1,0.61379915,1
1,1,0.6105391,1
1,1,0.59993106,1
1,1,0.6060436,1
1,1,0.6143818,1
1,1,0.5885999,1
1,1,0.6047724,1
1,1,0.5955876,1
1,1,0.6108119,1
1,1,0.6011708,1
1,1,0.5915059,1
1,1,0.5804771,1
1,1,0.5814163,1
1,1,0.60391575,1
1,1,0.598754,1
1,1,0.59441805,1
1,1,0.5941033,1
1,1,0.59762657,1
1,1,0.61055607,1
1,1,0.6003582,1
1,1,0.60660166,1
1,1,0.6136461,1
1,1,0.6109746,1
1,1,0.615798,1
1,1,0.6132089,1
1,1,0.60781246,1
1,1,0.6018772,1
1,1,0.6024847,1
1,1,0.5933285,1
1,1,0.60459596,1
1,1,0.59870785,1
1,1,0.6118534,1
1,1,0.61080647,1
1,1,0.6189256,1
1,1,0.6105593,1
1,1,0.61505705,1
1,1,0.61492324,1
1,1,0.6073431,1
1,1,0.605942,1
1,1,0.5647447,1
1,1,0.57663864,1
1,1,0.59346384,1
1,1,0.59008455,1
1,1,0.5882085,1
1,1,0.5873561,1
1,1,0.59666705,1
1,1,0.6135253,1
1,1,0.60756075,1
1,1,0.6101396,1
1,1,0.6003269,1
1,1,0.6050755,1
1,1,0.60186017,1
1,1,0.60252005,1
1,1,0.61006886,1
1,1,0.61518013,1
1,1,0.59790856,1
1,1,0.5974487,1
1,1,0.5974437,1
1,1,0.57947946,1
1,1,0.5751939,1
1,1,0.6019148,1
1,1,0.5991443,1
1,1,0.604088,1
1,1,0.57164234,1
1,1,0.5803891,1
1,1,0.5610093,1
1,1,0.54921275,1
1,1,0.57828224,1
1,1,0.5664692,1
1,1,0.5659876,1
1,1,0.585428,1
1,1,0.5554853,1
1,1,0.5662715,1
1,1,0.5878926,1
1,1,0.586542,1
1,1,0.554592,1
1,1,0.5606995,1
1,1,0.5555334,1
1,1,0.5531871,1
1,1,0.6039744,1
1,1,0.5797625,1
1,1,0.56607306,1
1,1,0.537911,1
1,1,0.5774025,1
1,1,0.56197375,1
1,1,0.5241464,1
1,1,0.5253436,1
1,1,0.5624788,1
1,1,0.5660455,1
1,1,0.54287183,1
1,1,0.5904055,1
1,1,0.5895782,1
1,1,0.59505045,1
1,1,0.5591476,1
1,1,0.5397431,1
1,1,0.55755013,1
1,1,0.58750695,1
1,1,0.4945442,0
1,1,0.5650658,1
1,1,0.59568846,1
1,1,0.6022288,1
1,1,0.5672187,1
1,1,0.5886402,1
1,1,0.5618605,1
1,1,0.5935851,1
1,1,0.5980692,1
1,1,0.58733493,1
1,1,0.5604247,1
1,1,0.58903396,1
1,1,0.56832767,1
1,1,0.59171313,1
1,1,0.5829518,1
1,1,0.5837282,1
1,1,0.5381726,1
1,1,0.5785373,1
1,1,0.57730436,1
1,1,0.59412426,1
1,1,0.5586707,1
1,1,0.5690528,1
1,1,0.60569197,1
1,1,0.58572423,1
1,1,0.5792948,1
1,1,0.53871155,1
1,1,0.56675965,1
1,1,0.5497728,1
1,1,0.5661755,1
1,1,0.5637046,1
1,1,0.5705906,1
1,1,0.5603047,1
1,1,0.57119876,1
1,1,0.55383724,1
1,1,0.5874119,1
1,1,0.59806263,1
1,1,0.56770986,1
1,1,0.5826193,1
1,1,0.5766025,1
1,1,0.5651047,1
1,1,0.5926174,1
1,1,0.5514511,1
1,1,0.57918155,1
1,1,0.54223907,1
1,1,0.56811905,1
1,1,0.5426751,1
1,1,0.5525056,1
1,1,0.56096005,1
1,1,0.56218344,1
1,1,0.54916745,1
1,1,0.55997497,1
1,1,0.5729808,1
1,1,0.56614465,1
1,1,0.5501106,1
1,1,0.58088064,1
1,1,0.574167,1
1,1,0.53604853,1
1,1,0.5774589,1
1,1,0.575606,1
1,1,0.57323825,1
1,1,0.5610424,1
1,1,0.5345094,1
1,1,0.5534745,1
1,1,0.57388055,1
1,1,0.5611873,1
1,1,0.5475993,1
1,1,0.569527,1
1,1,0.5593137,1
1,1,0.5180535,1
1,1,0.56322163,1
1,1,0.5687599,1
1,1,0.6463992,1
1,1,0.59534556,1
1,1,0.6016567,1
1,1,0.5972598,1
1,1,0.6070735,1
1,1,0.5997346,1
1,1,0.5807922,1
1,1,0.594363,1
1,1,0.58538675,1
1,1,0.5851371,1
1,1,0.6089157,1
1,1,0.59264064,1
1,1,0.60324156,1
1,1,0.5892568,1
1,1,0.60637707,1
1,1,0.59368694,1
1,1,0.60998136,1
1,1,0.5996114,1
1,1,0.6060684,1
1,1,0.59738475,1
1,1,0.5997643,1
1,1,0.6055325,1
1,1,0.59492403,1
1,1,0.5898372,1
1,1,0.5840403,1
1,1,0.581399,1
1,1,0.5907781,1
1,1,0.5814349,1
1,1,0.59216166,1
1,1,0.5989069,1
1,1,0.57217515,1
1,1,0.59175736,1
1,1,0.5789574,1
1,1,0.6028953,1
1,1,0.58832765,1
1,1,0.6001522,1
1,1,0.58025205,1
1,1,0.6033237,1
1,1,0.60849714,1
1,1,0.6003594,1
1,1,0.6094898,1
1,1,0.60299534,1
1,1,0.5973074,1
1,1,0.5979666,1
1,1,0.60603344,1
1,1,0.5857546,1
1,1,0.5957707,1
1,1,0.5852303,1
1,1,0.57758147,1
1,1,0.6025524,1
1,1,0.60579425,1
1,1,0.6026431,1
1,1,0.5888246,1
1,1,0.61093885,1
1,1,0.5832806,1
1,1,0.57566273,1
1,1,0.6053516,1
1,1,0.57873636,1
1,1,0.6206519,1
1,1,0.58528095,1
1,1,0.5991383,1
1,1,0.6141322,1
1,1,0.5985622,1
1,1,0.5896522,1
1,1,0.59131515,1
1,1,0.6132052,1
1,1,0.57490027,1
1,1,0.6057321,1
1,1,0.61746365,1
1,1,0.60898703,1
1,1,0.6084057,1
1,1,0.6001235,1
1,1,0.5871487,1
1,1,0.5924369,1
1,1,0.5853964,1
1,1,0.5459475,1
1,1,0.5439672,1
1,1,0.52302116,1
1,1,0.5056451,1
1,1,0.49781308,0
1,1,0.5209741,1
1,1,0.51181036,1
1,1,0.4970147,0
1,1,0.48297903,0
1,1,0.48394346,0
1,1,0.4961489,0
1,1,0.47920695,0
1,1,0.50131726,1
1,1,0.50190574,1
1,1,0.49516025,0
1,1,0.5083561,1
1,1,0.50445485,1
1,0,0.5873417,1
1,0,0.61668944,1
1,0,0.6122425,1
1,0,0.62113947,1
1,0,0.6174586,1
1,0,0.6201294,1
1,0,0.6129003,1
1,0,0.62628794,1
1,0,0.62908363,1
1,0,0.6219275,1
1,1,0.5924767,1
1,1,0.58047295,1
1,1,0.578817,1
1,1,0.601702,1
1,1,0.59441376,1
1,1,0.5928733,1
1,1,0.59132606,1
1,1,0.59523857,1
1,1,0.609163,1
1,1,0.5987353,1
1,1,0.60440147,1
1,1,0.6124505,1
1,1,0.6104341,1
1,1,0.61385685,1
1,1,0.611652,1
1,1,0.6059724,1
1,1,0.601184,1
1,1,0.59831804,1
1,1,0.5917123,1
1,1,0.58448875,1
1,1,0.5765779,1
1,1,0.56035084,1
1,1,0.58994895,1
1,1,0.5790574,1
1,1,0.5858614,1
2,1,0.43970618,0
2,1,0.44728982,0
2,1,0.44492394,0
2,1,0.42666122,0
2,1,0.43675664,0
2,1,0.46881822,0
2,1,0.42476103,0
2,1,0.4467705,0
2,1,0.45250195,0
2,1,0.44741425,0
2,1,0.45094585,0
2,1,0.4588971,0
2,1,0.45870614,0
2,1,0.44954947,0
2,1,0.42880595,0
2,1,0.456109,0
2,1,0.4379439,0
2,1,0.4588781,0
2,1,0.44745454,0
2,1,0.43314332,0
2,1,0.44870564,0
2,1,0.451995,0
2,1,0.47310984,0
2,1,0.44132003,0
2,1,0.4407297,0
2,1,0.46573326,0
2,1,0.4460347,0
2,1,0.44584635,0
2,1,0.4744058,0
2,1,0.45657915,0
2,1,0.42409986,0
2,1,0.45354602,0
2,1,0.46189898,0
2,1,0.47294322,0
2,1,0.4301153,0
2,1,0.461811,0
2,1,0.44333556,0
2,1,0.44060466,0
2,1,0.42993698,0
2,1,0.451988,0
2,1,0.44916174,0
2,1,0.41979197,0
2,1,0.4350602,0
2,1,0.43591112,0
2,1,0.44738516,0
2,1,0.4348036,0
2,1,0.4375681,0
2,1,0.46090013,0
2,1,0.4201537,0
2,1,0.43355653,0
2,1,0.44712856,0
2,1,0.46091732,0
2,1,0.43456158,0
2,1,0.42823285,0
2,1,0.44372705,0
2,1,0.39018103,0
2,1,0.44556198,0
2,1,0.46328995,0
2,1,0.49575847,0
2,1,0.46948415,0
2,1,0.43057314,0
2,1,0.45638955,0
2,1,0.45350912,0
2,1,0.48527402,0
2,1,0.44491786,0
2,1,0.47501585,0
2,1,0.45593882,0
2,1,0.4564128,0
2,1,0.4440408,0
2,1,0.4415854,0
2,1,0.434922,0
2,1,0.41979814,0
2,1,0.41769677,0
2,1,0.4389671,0
2,1,0.4169552,0
2,1,0.4264262,0
2,1,0.4696788,0
2,1,0.46121544,0
2,1,0.43551013,0
2,1,0.4350638,0
2,1,0.43392318,0
2,1,0.43462718,0
2,1,0.4156521,0
2,1,0.4156296,0
2,1,0.43772355,0
2,1,0.44893008,0
2,1,0.43797675,0
2,1,0.43575513,0
2,1,0.44451454,0
2,1,0.43318558,0
2,1,0.43731788,0
2,1,0.43977836,0
2,1,0.4392127,0
2,1,0.42957273,0
2,1,0.4286227,0
2,1,0.42368355,0
2,1,0.43582082,0
2,1,0.4244009,0
2,1,0.42619047,0
2,1,0.43307242,0
2,1,0.44448707,0
2,1,0.43408456,0
2,1,0.44160646,0
2,1,0.4189767,0
2,1,0.4318421,0
2,1,0.4306098,0
2,1,0.4252908,0
2,1,0.43293154,0
2,1,0.43248388,0
2,1,0.4319544,0
2,1,0.4502472,0
2,1,0.43608382,0
2,1,0.4510698,0
2,1,0.43355316,0
2,1,0.41911927,0
2,1,0.43504098,0
2,1,0.426406,0
2,1,0.45657873,0
2,1,0.4168113,0
2,1,0.41295052,0
2,1,0.38313833,0
2,1,0.43320456,0
2,1,0.40716085,0
2,1,0.43644464,0
2,1,0.42470336,0
2,1,0.41394877,0
2,1,0.44322658,0
2,1,0.38688347,0
2,1,0.46569425,0
2,1,0.45336378,0
2,1,0.45464945,0
2,1,0.44297215,0
2,1,0.4633907,0
2,1,0.464402,0
2,1,0.4571822,0
2,1,0.44920686,0
2,1,0.46228716,0
2,1,0.44237238,0
2,1,0.4444983,0
2,1,0.42650926,0
2,1,0.4530607,0
2,1,0.4767578,0
2,1,0.43721288,0
2,1,0.44339907,0
2,1,0.44257382,0
2,1,0.45201823,0
2,1,0.44785735,0
2,1,0.45505172,0
2,1,0.4548255,0
2,1,0.47701082,0
2,1,0.4541197,0
2,1,0.46210808,0
2,1,0.47707656,0
2,1,0.4634576,0
2,1,0.45809343,0
2,1,0.46691236,0
2,1,0.46107683,0
2,1,0.4856181,0
2,0,0.4446119,0
2,0,0.44943666,0
2,0,0.4524097,0
2,0,0.45260105,0
2,0,0.46438205,0
2,0,0.45031047,0
2,0,0.42630553,0
2,0,0.43075255,0
2,0,0.4373642,0
2,0,0.41758513,0
2,0,0.43582046,0
2,0,0.45495534,0
2,0,0.4201816,0
2,1,0.45445055,0
2,1,0.43195188,0
2,1,0.43342164,0
2,1,0.41570145,0
2,1,0.46469212,0
2,1,0.4349845,0
2,1,0.40742603,0
2,1,0.41595542,0
2,1,0.41212654,0
2,1,0.3924944,0
2,1,0.41390455,0
2,1,0.4666726,0
2,1,0.44869506,0
2,1,0.45681912,0
2,1,0.4553937,0
2,1,0.4755181,0
2,1,0.46956435,0
2,1,0.46368784,0
2,1,0.4480772,0
2,1,0.45473424,0
2,1,0.46173975,0
2,1,0.43565676,0
2,1,0.46258873,0
2,1,0.43556952,0
2,1,0.44938868,0
2,1,0.4055874,0
2,1,0.43473268,0
2,1,0.3982205,0
2,1,0.437053,0
2,1,0.4089246,0
2,1,0.44922438,0
2,1,0.571032,1
2,1,0.56242853,1
2,1,0.55158365,1
2,1,0.57027465,1
2,1,0.5674908,1
2,1,0.557108,1
2,1,0.5387508,1
2,1,0.6129894,1
2,1,0.5926312,1
2,1,0.6040615,1
2,1,0.6201415,1
2,1,0.58890754,1
2,1,0.5999695,1
2,1,0.6071076,1
2,1,0.5968342,1
2,1,0.5973091,1
2,1,0.6029879,1
2,1,0.61183494,1
2,1,0.61249363,1
2,1,0.59836906,1
2,1,0.6072967,1
2,1,0.60509086,1
2,0,0.4959909,0
2,0,0.49234596,0
2,0,0.45599723,0
2,0,0.50425047,1
2,0,0.47291878,0
2,0,0.4920866,0
2,0,0.48173845,0
2,0,0.4677021,0
2,0,0.49129388,0
2,0,0.4751878,0
2,0,0.4946846,0
2,0,0.47245044,0
2,0,0.47900563,0
2,0,0.48219335,0
2,0,0.5052348,1
2,0,0.46032286,0
2,0,0.45771572,0
2,0,0.47465077,0
2,0,0.44994023,0
2,0,0.46754038,0
2,0,0.4727781,0
2,0,0.4655728,0
2,0,0.46829692,0
2,0,0.49894717,0
2,0,0.46671832,0
2,0,0.45813957,0
2,0,0.4857527,0
2,0,0.4828461,0
2,0,0.48858717,0
2,0,0.49237698,0
2,0,0.48184678,0
2,0,0.48084348,0
2,0,0.48044375,0
2,0,0.47360462,0
2,0,0.4441295,0
2,0,0.4556168,0
2,0,0.45937064,0
2,0,0.42843586,0
2,0,0.44205764,0
2,0,0.43593207,0
2,0,0.4416079,0
2,0,0.43866092,0
2,0,0.4843878,0
2,0,0.45764056,0
2,0,0.40335107,0
2,0,0.45671716,0
2,0,0.4634771,0
2,0,0.46798757,0
2,0,0.4928537,0
2,0,0.47560525,0
2,0,0.4859305,0
2,0,0.46485326,0
2,0,0.47306454,0
2,0,0.4720828,0
2,0,0.45950752,0
2,0,0.47400257,0
2,0,0.4867869,0
2,0,0.46877086,0
2,0,0.48814052,0
2,0,0.47642064,0
2,0,0.48480213,0
2,0,0.4790464,0
2,0,0.4743402,0
2,0,0.4885213,0
2,0,0.505877,1
2,0,0.5121963,1
2,0,0.4802445,0
2,0,0.4899378,0
2,0,0.51563644,1
2,0,0.5646615,1
2,0,0.5500257,1
2,0,0.55657357,1
2,0,0.54513603,1
2,0,0.53520834,1
2,0,0.5440572,1
2,0,0.54694265,1
2,0,0.5236317,1
2,0,0.5321426,1
2,0,0.55205417,1
2,0,0.55299586,1
2,0,0.5290215,1
2,0,0.54091793,1
2,0,0.5193323,1
2,0,0.5298098,1
2,0,0.52719617,1
2,0,0.55342406,1
2,0,0.5420558,1
2,0,0.54489857,1
2,0,0.5523605,1
2,0,0.54274535,1
2,0,0.5265766,1
2,0,0.54604435,1
2,0,0.5320984,1
2,0,0.5434881,1
2,0,0.53482664,1
2,0,0.5438172,1
2,0,0.5312053,1
2,0,0.53924614,1
2,0,0.5335968,1
2,0,0.5065573,1
2,0,0.5090285,1
2,0,0.51868796,1
2,0,0.48307085,0
2,0,0.5027633,1
2,0,0.5020018,1
2,0,0.50735444,1
2,0,0.52617896,1
2,0,0.504499,1
2,0,0.52799106,1
2,0,0.5184447,1
2,0,0.5172528,1
2,0,0.48483646,0
2,0,0.5365873,1
2,0,0.53502846,1
2,0,0.52227044,1
2,0,0.5184543,1
2,0,0.52257735,1
2,0,0.52544373,1
2,0,0.51179254,1
2,0,0.50605804,1
2,0,0.5238666,1
2,0,0.53183264,1
2,0,0.537449,1
2,0,0.5418459,1
2,0,0.5479724,1
2,0,0.52044296,1
2,0,0.54282016,1
2,0,0.5631972,1
2,0,0.51361066,1
2,0,0.49175557,0
2,0,0.5625418,1
2,0,0.5192999,1
2,0,0.49209607,0
2,0,0.49104357,0
2,0,0.49688715,0
2,0,0.47266376,0
2,0,0.47435126,0
2,0,0.5056061,1
2,0,0.45495835,0
2,0,0.50983053,1
2,0,0.49627885,0
2,0,0.51905936,1
2,0,0.47517765,0
2,0,0.49174708,0
2,0,0.47857335,0
2,0,0.51586276,1
2,0,0.49534476,0
2,0,0.52946883,1
2,0,0.5383365,1
2,0,0.5219336,1
2,0,0.53576034,1
2,0,0.5326089,1
2,0,0.5318497,1
2,0,0.5402191,1
2,0,0.5218095,1
2,0,0.53234047,1
2,0,0.50632054,1
2,0,0.5225528,1
2,0,0.5066834,1
2,0,0.49572963,0
2,0,0.5435185,1
2,0,0.5560152,1
2,0,0.5335261,1
2,0,0.5289434,1
2,0,0.5045601,1
2,0,0.53691846,1
2,0,0.5268218,1
2,0,0.5142946,1
2,0,0.5421143,1
2,0,0.557062,1
2,0,0.55023307,1
2,0,0.52002233,1
2,0,0.53946793,1
2,0,0.53757614,1
2,0,0.5349157,1
2,0,0.5261284,1
2,0,0.52884394,1
2,0,0.5530443,1
2,0,0.5418332,1
2,0,0.5260881,1
2,0,0.56605875,1
2,0,0.5422835,1
2,0,0.51923066,1
2,0,0.5470865,1
2,0,0.52234,1
2,0,0.5489878,1
2,0,0.5301726,1
2,0,0.5142423,1
2,0,0.5108568,1
2,0,0.52593654,1
2,0,0.49965623,0
2,0,0.50527805,1
2,0,0.48595396,0
2,0,0.4793979,0
2,0,0.48244444,0
2,0,0.50808525,1
2,0,0.4882717,0
2,0,0.4881037,0
2,0,0.48165703,0
2,0,0.50547063,1
2,0,0.5301779,1
2,0,0.48360527,0
2,0,0.5267076,1
2,0,0.5398066,1
2,0,0.5082616,1
2,0,0.56398225,1
2,0,0.54911697,1
2,0,0.555542,1
2,0,0.5652196,1
2,0,0.5866082,1
2,0,0.5310477,1
2,0,0.5570586,1
2,0,0.51432765,1
2,0,0.5573668,1
2,0,0.548018,1
2,0,0.5333619,1
2,0,0.5700184,1
2,0,0.54412407,1
2,0,0.53748536,1
2,0,0.50465316,1
2,0,0.53956735,1
2,0,0.5039844,1
2,0,0.4535964,0
2,0,0.4862364,0
2,0,0.49305215,0
2,0,0.5445536,1
2,0,0.554278,1
2,0,0.4917052,0
2,0,0.47000003,0
2,0,0.47927374,0
2,0,0.47648194,0
2,0,0.5242426,1
2,0,0.48022407,0
2,0,0.4650151,0
2,0,0.4847363,0
2,0,0.5202192,1
2,0,0.49231952,0
2,0,0.5067425,1
2,0,0.5413205,1
2,0,0.5145597,1
2,0,0.51908714,1
2,0,0.5221869,1
2,0,0.5445826,1
2,0,0.55362207,1
2,0,0.53217435,1
2,0,0.5333384,1
2,0,0.51124704,1
2,0,0.5328177,1
2,0,0.51629055,1
2,0,0.5409591,1
2,0,0.5060263,1
2,0,0.527346,1
2,0,0.51501215,1
2,0,0.5303413,1
2,0,0.5273749,1
2,0,0.5288893,1
2,0,0.53636754,1
2,0,0.55577964,1
2,0,0.5240186,1
2,0,0.5307525,1
2,0,0.54669833,1
2,0,0.5365547,1
2,0,0.49779436,0
2,0,0.5619323,1
2,0,0.5034817,1
2,0,0.52715063,1
2,0,0.49804834,0
2,0,0.515032,1
2,0,0.5256487,1
2,0,0.5024703,1
2,0,0.5266153,1
2,0,0.5231064,1
2,0,0.54889894,1
2,0,0.52953225,1
2,0,0.52932954,1
2,0,0.5474198,1
2,0,0.55149853,1
2,0,0.5211243,1
2,0,0.52973616,1
2,0,0.5362983,1
2,0,0.57438177,1
2,0,0.5419992,1
2,0,0.54471135,1
2,0,0.5600134,1
2,0,0.5538605,1
2,0,0.5461301,1
2,0,0.5697342,1
2,0,0.55040294,1
2,0,0.5614447,1
2,0,0.5356703,1
2,0,0.5262551,1
2,0,0.55122787,1
2,0,0.5135403,1
2,0,0.52083504,1
2,0,0.5175611,1
2,0,0.52508944,1
2,0,0.48836166,0
2,0,0.5194015,1
2,0,0.5148131,1
2,0,0.53098863,1
2,0,0.51110166,1
2,0,0.5251925,1
2,0,0.5427841,1
2,0,0.48758686,0
2,0,0.5258892,1
2,0,0.5454942,1
2,0,0.52829117,1
2,0,0.5461012,1
2,0,0.53938174,1
2,0,0.51613337,1
2,0,0.53571063,1
2,0,0.50904334,1
2,0,0.49896097,0
2,0,0.46962747,0
2,0,0.5075074,1
2,0,0.48389068,0
2,0,0.5075872,1
2,0,0.49030054,0
2,0,0.46652132,0
2,0,0.46939048,0
2,0,0.5208566,1
2,0,0.51155674,1
2,0,0.5045276,1
2,0,0.522238,1
2,0,0.507983,1
2,0,0.5109571,1
2,0,0.5427646,1
2,0,0.54603535,1
2,0,0.56025267,1
2,0,0.5719047,1
2,0,0.52183425,1
2,0,0.53806883,1
2,0,0.56800437,1
2,0,0.5327711,1
2,0,0.5652188,1
2,0,0.5419761,1
2,0,0.5708906,1
2,0,0.5370153,1
2,0,0.55226,1
2,0,0.52003556,1
2,0,0.50239843,1
2,0,0.52885234,1
2,0,0.5311358,1
2,0,0.51219696,1
2,0,0.472064,0
2,0,0.5252545,1
2,0,0.5040811,1
2,0,0.5150391,1
2,0,0.47762907,0
2,0,0.50191617,1
2,0,0.4880767,0
2,0,0.49093738,0
2,0,0.50669605,1
2,0,0.5238727,1
2,0,0.4999054,0
2,0,0.5119951,1
2,0,0.48195332,0
2,0,0.5253717,1
2,0,0.50180477,1
2,0,0.53803396,1
2,0,0.55355793,1
2,0,0.5327244,1
2,0,0.5180788,1
2,0,0.51453984,1
2,0,0.5500934,1
2,0,0.53090996,1
2,0,0.54981303,1
2,0,0.5321541,1
2,0,0.528859,1
2,0,0.5413798,1
2,0,0.538735,1
2,0,0.5140166,1
2,0,0.5205581,1
2,0,0.53376865,1
2,0,0.5125098,1
2,0,0.48116782,0
2,0,0.54014283,1
2,0,0.54479647,1
2,0,0.52877396,1
2,0,0.54752123,1
2,0,0.53316516,1
2,0,0.5482286,1
2,0,0.55073845,1
2,1,0.5616393,1
2,1,0.55132425,1
2,1,0.5476611,1
2,1,0.5213624,1
2,1,0.5335215,1
2,1,0.55207795,1
2,1,0.53886914,1
2,1,0.54638106,1
2,1,0.54416656,1
2,0,0.58752114,1
2,0,0.5633956,1
2,0,0.5487626,1
2,0,0.57504,1
2,0,0.5509435,1
2,0,0.5737086,1
2,0,0.5480183,1
2,0,0.5705656,1
2,0,0.54043984,1
2,0,0.56263345,1
2,0,0.53904635,1
2,0,0.5373394,1
2,0,0.5384564,1
2,0,0.52573526,1
2,0,0.48407695,0
2,0,0.5163143,1
2,0,0.530289,1
2,0,0.53070533,1
2,0,0.49743876,0
2,0,0.513658,1
2,0,0.45816863,0
2,0,0.50720346,1
2,0,0.50499004,1
2,0,0.49960592,0
2,0,0.5149609,1
2,0,0.5360092,1
2,0,0.54158425,1
2,0,0.5394482,1
2,0,0.5398283,1
2,0,0.54187536,1
2,0,0.5509834,1
2,0,0.5610869,1
2,0,0.52388275,1
2,0,0.5169416,1
2,0,0.50684,1
2,0,0.57181317,1
2,0,0.548429,1
2,0,0.542753,1
2,0,0.53549165,1
2,0,0.550182,1
2,0,0.5089577,1
2,0,0.5166888,1
2,0,0.54354537,1
2,0,0.52209634,1
2,0,0.535467,1
2,0,0.506861,1
2,0,0.5092875,1
2,0,0.5214011,1
2,0,0.5044924,1
2,0,0.52007675,1
2,0,0.5342369,1
2,0,0.53403175,1
2,0,0.50821775,1
2,0,0.5268569,1
2,0,0.52605546,1
2,0,0.5268956,1
2,0,0.5492908,1
2,0,0.5532862,1
2,0,0.55296534,1
2,0,0.5430326,1
2,0,0.5543929,1
2,0,0.5642604,1
2,0,0.5512323,1
2,0,0.5551253,1
2,0,0.57229507,1
2,0,0.5517528,1
2,0,0.5674168,1
2,0,0.5783387,1
2,0,0.5567929,1
2,0,0.5669577,1
2,0,0.5701639,1
2,0,0.5664192,1
2,0,0.5705439,1
2,0,0.57687616,1
2,0,0.56898564,1
2,0,0.567084,1
2,0,0.5678487,1
2,0,0.5679235,1
2,0,0.56684595,1
2,0,0.5637531,1
2,0,0.5831054,1
2,0,0.56593657,1
2,0,0.56939405,1
2,0,0.57315874,1
2,0,0.5727252,1
2,0,0.56568384,1
2,0,0.57970226,1
2,0,0.54526085,1
2,0,0.56552917,1
2,0,0.5557876,1
2,0,0.54198456,1
2,0,0.51563084,1
2,0,0.51111495,1
2,0,0.51919526,1
2,0,0.5127872,1
2,0,0.5338074,1
2,0,0.5326157,1
2,0,0.50596577,1
2,0,0.5084992,1
2,0,0.5359461,1
2,0,0.525272,1
2,0,0.5167278,1
2,0,0.55221796,1
2,0,0.50674397,1
2,0,0.53727454,1
2,0,0.56014675,1
2,0,0.55566716,1
2,0,0.5373483,1
2,0,0.54705876,1
2,0,0.54557055,1
2,0,0.5540086,1
2,0,0.5584994,1
2,0,0.5715139,1
2,0,0.5734498,1
2,0,0.51599854,1
2,0,0.50929016,1
2,0,0.52755237,1
2,0,0.5142457,1
2,0,0.54810244,1
2,0,0.5082623,1
2,0,0.54322547,1
2,0,0.51449186,1
2,0,0.54612905,1
2,0,0.48544952,0
2,0,0.48321384,0
2,0,0.5323249,1
2,0,0.57729095,1
2,0,0.54406756,1
2,0,0.5501095,1
2,0,0.5709175,1
2,0,0.55667764,1
2,0,0.55114937,1
2,0,0.57538706,1
2,0,0.51749164,1
2,0,0.5196288,1
2,0,0.5280997,1
2,0,0.5305911,1
2,0,0.5031103,1
2,0,0.52921504,1
2,0,0.5232512,1
2,0,0.509547,1
2,0,0.52996033,1
2,0,0.5573093,1
2,0,0.53797096,1
2,0,0.467786,0
2,0,0.5121936,1
2,0,0.538425,1
2,0,0.517118,1
2,0,0.51507354,1
2,0,0.57741845,1
2,0,0.5403013,1
2,0,0.52549314,1
2,0,0.5465684,1
2,0,0.5255482,1
2,0,0.5369243,1
2,0,0.52270687,1
2,0,0.5154838,1
2,0,0.51338834,1
2,0,0.47549903,0
2,0,0.44878495,0
2,0,0.5116018,1
2,0,0.52365696,1
2,0,0.5324055,1
2,0,0.53268313,1
2,0,0.52946836,1
2,0,0.5423791,1
2,0,0.5205287,1
2,0,0.54125255,1
2,0,0.5624836,1
2,0,0.5360269,1
2,0,0.51537603,1
2,0,0.5284351,1
2,0,0.5370207,1
2,0,0.50237894,1
2,0,0.53691334,1
2,0,0.55197316,1
2,0,0.54226726,1
2,0,0.5730546,1
2,0,0.5536753,1
2,0,0.5447497,1
2,0,0.5290235,1
2,0,0.5681308,1
2,0,0.52008665,1
2,0,0.541324,1
2,0,0.51709825,1
2,0,0.53205323,1
2,0,0.5045983,1
2,0,0.5324104,1
2,0,0.5492126,1
2,0,0.5406496,1
2,0,0.5372768,1
2,0,0.5337122,1
2,0,0.5503177,1
2,0,0.5339779,1
2,0,0.56757104,1
2,0,0.53337985,1
2,0,0.56149775,1
2,0,0.5362383,1
2,0,0.544901,1
2,0,0.53664416,1
2,0,0.5239371,1
2,0,0.5831598,1
2,0,0.57207286,1
2,0,0.5403208,1
2,0,0.5519266,1
2,0,0.52413934,1
2,0,0.51659673,1
2,0,0.56104326,1
2,0,0.5519674,1
2,0,0.54939497,1
2,0,0.54697305,1
2,0,0.54046583,1
2,0,0.5467194,1
2,0,0.55715626,1
2,0,0.5421162,1
2,0,0.5407627,1
2,0,0.5378394,1
2,0,0.5732736,1
2,0,0.5402205,1
2,0,0.5518716,1
2,0,0.5710045,1
2,0,0.59532654,1
2,0,0.5916365,1
2,0,0.5952719,1
2,0,0.5844763,1
2,0,0.59481514,1
2,0,0.5893426,1
2,0,0.5825165,1
2,0,0.5733663,1
2,0,0.56625897,1
2,1,0.45962766,0
2,1,0.46357173,0
2,1,0.42953983,0
2,1,0.4563687,0
2,1,0.44401368,0
2,1,0.4597001,0
2,1,0.4361093,0
2,1,0.41568816,0
2,1,0.4201807,0
2,1,0.43956375,0
2,1,0.44199365,0
2,1,0.42367053,0
2,1,0.4287061,0
2,1,0.44298533,0
2,1,0.43106624,0
2,1,0.43293837,0
2,1,0.4431117,0
2,1,0.43320563,0
2,1,0.45400074,0
2,1,0.440024,0
2,1,0.44572034,0
2,1,0.46952176,0
2,1,0.4583899,0
2,1,0.43869984,0
2,1,0.50561965,1
2,1,0.442293,0
2,1,0.47981977,0
2,1,0.49582705,0
2,1,0.4330498,0
2,1,0.45385885,0
2,1,0.41485938,0
2,1,0.44951335,0
2,1,0.48256502,0
2,1,0.5162838,1
2,1,0.44494322,0
2,1,0.4584179,0
2,1,0.43200588,0
2,1,0.44555756,0
2,1,0.5000189,1
2,1,0.46028504,0
2,1,0.46315333,0
2,1,0.47312832,0
2,1,0.507165,1
2,1,0.48483303,0
2,1,0.5094789,1
2,1,0.4877417,0
2,1,0.47974378,0
2,1,0.4853408,0
2,1,0.49319676,0
2,1,0.48417947,0
2,1,0.48282096,0
2,1,0.56943786,1
2,1,0.5552022,1
2,1,0.5769966,1
2,1,0.55634916,1
2,1,0.5244587,1
2,1,0.5210337,1
2,1,0.55576426,1
2,1,0.53959197,1
2,1,0.5011817,1
2,1,0.5362435,1
2,1,0.55456364,1
2,1,0.5697454,1
2,1,0.6063765,1
2,1,0.57934237,1
2,1,0.59498596,1
2,1,0.59530246,1
2,1,0.59596604,1
2,1,0.59529,1
2,1,0.59893686,1
2,1,0.5878895,1
2,1,0.5957033,1
2,1,0.5862262,1
2,1,0.5772407,1
2,1,0.5896801,1
2,1,0.5937309,1
2,1,0.56544095,1
2,1,0.57237417,1
2,1,0.57935315,1
2,1,0.599155,1
2,1,0.5794889,1
2,1,0.5637209,1
2,1,0.5868184,1
2,1,0.56226724,1
2,1,0.58269095,1
2,1,0.5858849,1
2,1,0.58507997,1
2,1,0.5880187,1
2,1,0.5847631,1
2,1,0.58687055,1
2,1,0.588347,1
2,1,0.5842528,1
2,1,0.5952032,1
2,1,0.58964604,1
2,1,0.5863661,1
2,1,0.5833361,1
2,1,0.5868087,1
2,1,0.55751586,1
2,1,0.5738755,1
2,1,0.5690202,1
2,1,0.5972043,1
2,1,0.5702217,1
2,1,0.57445955,1
2,1,0.5552768,1
2,1,0.6012418,1
2,1,0.5707899,1
2,1,0.5832177,1
2,1,0.57589996,1
2,1,0.6047662,1
2,1,0.5735218,1
2,1,0.5671448,1
2,1,0.5587823,1
2,1,0.5641465,1
2,1,0.57832074,1
2,1,0.58978915,1
2,1,0.57158655,1
2,1,0.5828233,1
2,1,0.59397197,1
2,1,0.5482813,1
2,1,0.5657205,1
2,1,0.57202613,1
2,1,0.55658776,1
2,1,0.56641704,1
2,1,0.56663465,1
2,1,0.56041163,1
2,1,0.5623425,1
2,1,0.5636973,1
2,1,0.57992744,1
2,1,0.5806148,1
2,1,0.57701313,1
2,1,0.5924844,1
2,1,0.5851327,1
2,1,0.5832225,1
2,1,0.5755691,1
2,1,0.6030406,1
2,1,0.58624625,1
2,1,0.42522106,0
2,1,0.4367086,0
2,1,0.45099658,0
2,1,0.43710825,0
2,1,0.42827174,0
2,1,0.4200599,0
2,1,0.42607796,0
2,1,0.45073768,0
2,1,0.42813995,0
2,1,0.4301636,0
2,1,0.40874052,0
2,1,0.53424346,1
2,1,0.554882,1
2,1,0.55237263,1
2,1,0.5466537,1
2,1,0.5601203,1
2,1,0.5611605,1
2,1,0.5579775,1
2,1,0.56375813,1
2,1,0.54105115,1
2,1,0.5432212,1
2,1,0.55596346,1
2,1,0.54215574,1
2,1,0.5328987,1
2,1,0.5567137,1
2,1,0.5607096,1
2,1,0.54038733,1
2,1,0.5378176,1
2,1,0.5339002,1
2,1,0.5497633,1
2,1,0.53329575,1
2,1,0.55603105,1
2,1,0.5771823,1
2,1,0.56212574,1
2,1,0.5480634,1
2,1,0.5485374,1
2,1,0.5385256,1
2,1,0.52829885,1
2,1,0.5332386,1
2,1,0.52870536,1
2,1,0.54514,1
2,1,0.53523856,1
2,1,0.5385234,1
2,1,0.5325882,1
2,1,0.52764255,1
2,1,0.5214816,1
2,1,0.52577716,1
2,1,0.536074,1
2,1,0.53759253,1
2,1,0.52919084,1
2,1,0.53959435,1
2,1,0.54700315,1
2,1,0.5339061,1
2,1,0.5345152,1
2,1,0.54598796,1
2,1,0.5481769,1
2,1,0.5418114,1
2,1,0.5382766,1
2,1,0.5679581,1
2,1,0.5386751,1
2,1,0.55889654,1
2,1,0.5543307,1
2,1,0.54873115,1
2,1,0.5419696,1
2,1,0.5382836,1
2,1,0.54337656,1
2,1,0.57680756,1
2,1,0.55470467,1
2,1,0.5608209,1
2,1,0.5628696,1
2,1,0.5490683,1
2,1,0.56694746,1
2,1,0.53399616,1
2,1,0.5593102,1
2,1,0.5227161,1
2,1,0.56389654,1
2,1,0.5545571,1
2,1,0.54314226,1
2,1,0.54738504,1
2,1,0.53875107,1
2,1,0.5472135,1
2,1,0.5302076,1
2,1,0.5217728,1
2,1,0.53393006,1
2,1,0.5276156,1
2,1,0.5042223,1
2,1,0.5088338,1
2,1,0.5162184,1
2,1,0.49098632,0
2,1,0.5043976,1
2,1,0.48994765,0
2,1,0.49888822,0
2,1,0.49526727,0
2,1,0.52946496,1
2,1,0.5215338,1
2,1,0.5275,1
2,1,0.54526454,1
2,0,0.5276319,1
2,0,0.47260317,0
2,0,0.5077362,1
2,0,0.50736916,1
2,0,0.47978207,0
2,0,0.48959872,0
2,0,0.5189656,1
2,0,0.49746707,0
2,0,0.51673824,1
2,0,0.5623995,1
2,0,0.5333138,1
2,0,0.52398765,1
2,0,0.5232821,1
2,0,0.52531326,1
2,0,0.49683586,0
2,0,0.49448806,0
2,1,0.55744725,1
2,1,0.5510459,1
2,1,0.55113417,1
2,1,0.5603622,1
2,1,0.5390382,1
2,1,0.55820644,1
2,1,0.55446047,1
2,1,0.54992235,1
2,1,0.5577081,1
2,1,0.5666494,1
2,1,0.56349134,1
2,1,0.5488819,1
2,1,0.5331587,1
2,1,0.5525882,1
2,1,0.5521108,1
2,1,0.54208636,1
2,1,0.4808189,0
2,1,0.4644915,0
2,1,0.47179973,0
2,1,0.48210678,0
2,1,0.4879122,0
2,1,0.48606315,0
2,1,0.5106138,1
2,1,0.48582703,0
2,1,0.45558628,0
2,1,0.46889913,0
2,1,0.49424493,0
2,1,0.43869436,0
2,1,0.43172383,0
2,1,0.4212279,0
2,1,0.47184128,0
2,1,0.43119508,0
2,1,0.43392715,0
2,1,0.44378412,0
2,1,0.39623305,0
2,1,0.40840995,0
2,1,0.43340424,0
2,1,0.39718884,0
2,1,0.5086111,1
2,1,0.44884935,0
2,1,0.435664,0
2,1,0.43924302,0
2,1,0.41603732,0
2,1,0.4316681,0
2,1,0.41163793,0
2,1,0.44120556,0
2,1,0.42052302,0
2,1,0.55440825,1
2,1,0.58796,1
2,1,0.54423565,1
2,1,0.53546137,1
2,1,0.5537619,1
2,1,0.56200635,1
2,1,0.5299502,1
2,1,0.5248072,1
2,1,0.54946065,1
2,1,0.5337518,1
2,1,0.5311428,1
2,1,0.54908794,1
2,1,0.52838457,1
2,1,0.5388562,1
2,1,0.49607024,0
2,1,0.53756356,1
2,1,0.58329755,1
2,1,0.5621771,1
2,1,0.5109291,1
2,1,0.5413359,1
2,1,0.57146114,1
2,1,0.536347,1
2,1,0.5225033,1
2,1,0.5465783,1
2,1,0.54040223,1
2,1,0.57904,1
2,1,0.5353701,1
2,1,0.5453455,1
2,1,0.58701485,1
2,1,0.5615551,1
2,1,0.55528337,1
2,1,0.43741104,0
2,1,0.42758822,0
2,1,0.4056183,0
2,1,0.39694205,0
2,1,0.4150545,0
2,1,0.39798135,0
2,1,0.38481396,0
2,1,0.40355283,0
2,1,0.38557297,0
2,1,0.41892684,0
2,1,0.47740936,0
2,1,0.4221518,0
2,1,0.4047722,0
2,1,0.42396408,0
2,1,0.389744,0
2,1,0.3858311,0
2,1,0.41854033,0
2,1,0.40636155,0
2,1,0.41515523,0
2,1,0.38506067,0
2,1,0.43338406,0
2,1,0.45320222,0
2,1,0.45402047,0
2,1,0.4355573,0
2,1,0.3901726,0
2,1,0.37471735,0
2,1,0.38467664,0
2,1,0.35870007,0
2,1,0.5482813,1
2,1,0.5657205,1
2,1,0.57202613,1
2,1,0.5565878,1
2,1,0.56641704,1
2,1,0.56663483,1
2,1,0.56041163,1
2,1,0.56234264,1
2,1,0.5636973,1
2,1,0.57992756,1
2,1,0.58061486,1
2,1,0.57701313,1
2,1,0.59248453,1
2,1,0.5851328,1
2,1,0.5832225,1
2,1,0.5755692,1
2,1,0.60304075,1
2,1,0.5862463,1
2,1,0.43924952,0
2,1,0.44799045,0
2,1,0.43783265,0
2,1,0.5342853,1
2,1,0.45395067,0
2,1,0.4790802,0
2,1,0.48516828,0
2,1,0.48627517,0
2,1,0.43531853,0
2,1,0.448821,0
2,1,0.452394,0
2,1,0.47683284,0
2,1,0.463132,0
2,1,0.44277054,0
2,1,0.5162882,1
2,1,0.48278564,0
2,1,0.44717345,0
2,1,0.44296536,0
2,1,0.48966777,0
2,1,0.48093712,0
2,1,0.40532967,0
2,1,0.48621383,0
2,1,0.46616358,0
2,1,0.4751532,0
2,1,0.44729593,0
2,1,0.49293894,0
2,1,0.5262042,1
2,1,0.5100877,1
2,1,0.5058441,1
2,1,0.49070546,0
2,1,0.483792,0
2,1,0.48207083,0
2,1,0.46214125,0
2,1,0.4625073,0
3,1,0.39653572,0
3,1,0.4233551,0
3,1,0.4276216,0
3,1,0.41608098,0
3,1,0.42535165,0
3,1,0.40108183,0
3,1,0.40687698,0
3,1,0.41473565,0
3,1,0.4034745,0
3,1,0.39428672,0
3,1,0.38452765,0
3,1,0.38215375,0
3,1,0.40019047,0
3,1,0.40762523,0
3,1,0.4084198,0
3,1,0.3904929,0
3,0,0.47611523,0
3,0,0.4676525,0
3,0,0.48134965,0
3,0,0.48555613,0
3,0,0.46483502,0
3,0,0.46016213,0
3,0,0.48773396,0
3,0,0.46149445,0
3,0,0.473888,0
3,0,0.509212,1
3,0,0.4694215,0
3,0,0.47434336,0
3,0,0.49956408,0
3,0,0.50104237,1
3,0,0.46992287,0
3,0,0.5016116,1
3,0,0.4866963,0
3,0,0.4783074,0
3,0,0.4715963,0
3,0,0.46795145,0
3,0,0.4696064,0
3,0,0.46033967,0
3,0,0.46886936,0
3,0,0.48598215,0
3,0,0.4629372,0
3,0,0.45361677,0
3,0,0.45859945,0
3,0,0.5047839,1
3,0,0.46637222,0
3,0,0.45665517,0
3,0,0.4593538,0
3,0,0.4786493,0
3,0,0.4860949,0
3,0,0.47357905,0
3,0,0.47223353,0
3,0,0.4537482,0
3,0,0.4627617,0
3,0,0.45952055,0
3,0,0.47313341,0
3,0,0.47670066,0
3,0,0.46337813,0
3,0,0.47641292,0
3,0,0.5098363,1
3,0,0.5009982,1
3,0,0.4995176,0
3,0,0.48287952,0
3,0,0.48965845,0
3,0,0.4899722,0
3,0,0.50304836,1
3,0,0.49913606,0
3,0,0.47778943,0
3,0,0.49524394,0
3,0,0.45638308,0
3,0,0.47726908,0
3,0,0.50197786,1
3,0,0.47799215,0
3,0,0.47223452,0
3,0,0.48223808,0
3,0,0.46969634,0
3,0,0.477387,0
3,0,0.46091542,0
3,0,0.5003463,1
3,0,0.45587105,0
3,0,0.47022778,0
3,0,0.48285505,0
3,0,0.48198894,0
3,0,0.46651566,0
3,0,0.47620237,0
3,0,0.4585371,0
3,0,0.4741734,0
3,0,0.46583772,0
3,0,0.43209633,0
3,0,0.4776683,0
3,0,0.47449774,0
3,0,0.46563455,0
3,0,0.48123306,0
3,0,0.5120466,1
3,0,0.4801715,0
3,0,0.4728953,0
3,0,0.48541018,0
3,0,0.49842978,0
3,0,0.49433938,0
3,0,0.48863143,0
3,0,0.48406413,0
3,0,0.46753618,0
3,1,0.45359144,0
3,1,0.47498345,0
3,1,0.447788,0
3,1,0.4305325,0
3,1,0.46081364,0
3,1,0.43978444,0
3,1,0.46770236,0
3,1,0.41630673,0
3,1,0.4361126,0
3,1,0.43843508,0
3,1,0.43619686,0
3,1,0.3990671,0
3,1,0.41987985,0
3,1,0.38407955,0
3,1,0.41765267,0
3,1,0.41713363,0
3,1,0.43223587,0
3,1,0.46409515,0
3,1,0.44748485,0
3,1,0.42990518,0
3,1,0.45058325,0
3,1,0.44035876,0
3,1,0.41692358,0
3,1,0.41713804,0
3,1,0.43504918,0
3,1,0.4402549,0
3,1,0.43492538,0
3,1,0.42794082,0
3,1,0.4334126,0
3,1,0.4678119,0
3,1,0.49003327,0
3,1,0.48952335,0
3,1,0.47201097,0
3,1,0.4733678,0
3,1,0.48490927,0
3,1,0.47461554,0
3,1,0.45590755,0
3,1,0.475528,0
3,1,0.45977506,0
3,1,0.4874426,0
3,1,0.4882971,0
3,1,0.45738184,0
3,1,0.47673863,0
3,1,0.47475305,0
3,1,0.4854453,0
3,1,0.4617671,0
3,1,0.47736531,0
3,1,0.48653296,0
3,1,0.4649351,0
3,1,0.46061602,0
3,1,0.48590606,0
3,1,0.47805387,0
3,1,0.4822243,0
3,1,0.4891938,0
3,1,0.467605,0
3,1,0.446364,0
3,1,0.44623682,0
3,1,0.4372377,0
3,1,0.45861593,0
3,1,0.4442664,0
3,1,0.44748262,0
3,1,0.4348933,0
3,1,0.42747042,0
3,1,0.43038902,0
3,1,0.42156702,0
3,1,0.41602156,0
3,1,0.41312873,0
3,1,0.42672583,0
3,1,0.4355601,0
3,1,0.40657213,0
3,1,0.4377285,0
3,1,0.43723193,0
3,1,0.43900907,0
3,1,0.4175523,0
3,1,0.42573813,0
3,1,0.4419356,0
3,1,0.4394646,0
3,1,0.42551628,0
3,1,0.44302785,0
3,1,0.4375122,0
3,1,0.42879027,0
3,1,0.43174917,0
3,1,0.42330694,0
3,1,0.4187026,0
3,1,0.43535873,0
3,1,0.44250298,0
3,1,0.41491163,0
3,1,0.41309145,0
3,1,0.41735446,0
3,1,0.4187299,0
3,1,0.4085791,0
3,1,0.40025643,0
3,1,0.3979732,0
3,1,0.41086516,0
3,1,0.41860205,0
3,1,0.41610733,0
3,1,0.41252095,0
3,1,0.39768386,0
3,1,0.40698764,0
3,1,0.41110793,0
3,1,0.4125528,0
3,1,0.3979607,0
3,1,0.41173568,0
3,1,0.44698185,0
3,1,0.43698317,0
3,1,0.40282768,0
3,1,0.42631826,0
3,1,0.43778124,0
3,1,0.42767727,0
3,1,0.45143762,0
3,1,0.40690556,0
3,1,0.43428037,0
3,1,0.41111273,0
3,1,0.4158179,0
3,1,0.40615353,0
3,1,0.42079955,0
3,1,0.4325968,0
3,1,0.4018704,0
3,1,0.42728662,0
3,1,0.4273841,0
3,1,0.42043406,0
3,1,0.44113,0
3,1,0.4233569,0
3,1,0.44522098,0
3,1,0.44690716,0
3,1,0.44990906,0
3,1,0.44440675,0
3,1,0.45670402,0
3,1,0.45713773,0
3,1,0.41965458,0
3,1,0.45705116,0
3,1,0.45170107,0
3,1,0.4288666,0
3,1,0.45634967,0
3,1,0.4551039,0
3,1,0.42783937,0
3,0,0.48056647,0
3,0,0.4870523,0
3,0,0.49818012,0
3,0,0.47870606,0
3,0,0.47097468,0
3,0,0.46563068,0
3,0,0.47520575,0
3,0,0.4908835,0
3,0,0.48301587,0
3,0,0.4636886,0
3,0,0.50134367,1
3,0,0.47623667,0
3,0,0.47548708,0
3,0,0.4888502,0
3,0,0.5039179,1
3,0,0.47894236,0
3,0,0.47503957,0
3,0,0.45831096,0
3,0,0.4539848,0
3,0,0.47809935,0
3,0,0.48660398,0
3,0,0.475362,0
3,0,0.48213837,0
3,0,0.47498423,0
3,0,0.50238305,1
3,0,0.47985312,0
3,0,0.49673173,0
3,0,0.5042635,1
3,0,0.5021054,1
3,0,0.50291795,1
3,0,0.49987024,0
3,0,0.4931545,0
3,0,0.4788789,0
3,0,0.4700301,0
3,0,0.5101979,1
3,0,0.4695337,0
3,0,0.48214003,0
3,0,0.48305193,0
3,0,0.48480117,0
3,0,0.48286626,0
3,0,0.4824965,0
3,0,0.48075417,0
3,0,0.46028045,0
3,0,0.4838238,0
3,0,0.45773864,0
3,0,0.48550153,0
3,0,0.4729857,0
3,0,0.40327924,0
3,0,0.39690918,0
3,0,0.41339222,0
3,0,0.39431828,0
3,0,0.40980646,0
3,0,0.40103203,0
3,0,0.40656942,0
3,0,0.39524746,0
3,0,0.383426,0
3,0,0.3859934,0
3,0,0.39262456,0
3,0,0.36073807,0
3,0,0.36780515,0
3,0,0.36374766,0
3,0,0.38365915,0
3,0,0.40515038,0
3,0,0.39822665,0
3,0,0.43703055,0
3,0,0.3945592,0
3,0,0.42379734,0
3,0,0.40272862,0
3,0,0.39410838,0
3,0,0.4076976,0
3,0,0.4450985,0
3,0,0.40316078,0
3,0,0.39849728,0
3,0,0.39635363,0
3,0,0.38358632,0
3,0,0.39633456,0
3,0,0.38129637,0
3,1,0.4714709,0
3,1,0.48631033,0
3,1,0.48701364,0
3,1,0.4805907,0
3,1,0.47826695,0
3,1,0.49425223,0
3,1,0.48158535,0
3,1,0.50988597,1
3,1,0.47313622,0
3,1,0.44642115,0
3,1,0.45091504,0
3,1,0.46449372,0
3,1,0.48463407,0
3,1,0.46610573,0
3,1,0.47493324,0
3,1,0.4669373,0
3,1,0.47109956,0
3,1,0.48845127,0
3,1,0.46990076,0
3,1,0.44594216,0
3,1,0.44693983,0
3,1,0.4560547,0
3,1,0.49452728,0
3,1,0.46343938,0
3,1,0.44266826,0
3,1,0.46851236,0
3,1,0.4459324,0
3,1,0.50928336,1
3,1,0.47415486,0
3,1,0.4721671,0
3,1,0.4794105,0
3,0,0.47838557,0
3,0,0.46631864,0
3,0,0.4735873,0
3,0,0.47498235,0
3,0,0.4878541,0
3,0,0.4568447,0
3,0,0.45865762,0
3,0,0.44913474,0
3,0,0.44653714,0
3,0,0.4533052,0
3,0,0.44022122,0
3,0,0.44044057,0
3,0,0.43434072,0
3,0,0.43657646,0
3,0,0.47784,0
3,0,0.45800737,0
3,0,0.4665743,0
3,0,0.4647703,0
3,0,0.4806028,0
3,0,0.48005208,0
3,0,0.48096955,0
3,0,0.44242302,0
3,0,0.47341457,0
3,0,0.47352538,0
3,0,0.4771401,0
3,0,0.4886494,0
3,0,0.4722492,0
3,0,0.5065999,1
3,0,0.481259,0
3,0,0.4600731,0
3,0,0.4687108,0
3,0,0.46928918,0
3,0,0.48421282,0
3,0,0.47157893,0
3,0,0.47529483,0
3,0,0.4727258,0
3,0,0.47713566,0
3,0,0.44758478,0
3,0,0.47262222,0
3,0,0.4778753,0
3,0,0.46163702,0
3,0,0.5027885,1
3,0,0.484947,0
3,0,0.47076678,0
3,0,0.47176924,0
3,0,0.4843173,0
3,0,0.46341932,0
3,0,0.46895874,0
3,0,0.47840953,0
3,1,0.4806338,0
3,1,0.47266966,0
3,1,0.47444418,0
3,1,0.4683124,0
3,1,0.5041413,1
3,1,0.453308,0
3,1,0.48550966,0
3,1,0.4660856,0
3,1,0.4884341,0
3,1,0.5114695,1
3,1,0.4946217,0
3,1,0.50659966,1
3,1,0.51033044,1
3,1,0.5005215,1
3,1,0.50301373,1
3,1,0.48036048,0
3,1,0.48674908,0
3,1,0.49724716,0
3,1,0.47748467,0
3,1,0.46995008,0
3,1,0.46444485,0
3,1,0.47387046,0
3,1,0.48952377,0
3,1,0.44088766,0
3,1,0.45671907,0
3,1,0.44867012,0
3,1,0.45673785,0
3,1,0.46967956,0
3,1,0.4444555,0
3,1,0.47687924,0
3,1,0.4915553,0
3,1,0.51597476,1
3,1,0.5074737,1
3,1,0.52988636,1
3,1,0.51537067,1
3,1,0.5128929,1
3,1,0.5199738,1
3,1,0.5171889,1
3,1,0.49249718,0
3,1,0.5121697,1
3,1,0.51057845,1
3,1,0.5024868,1
3,1,0.5246737,1
3,1,0.51850146,1
3,1,0.52960837,1
3,1,0.5218614,1
3,1,0.5209436,1
3,1,0.5128017,1
3,1,0.5333114,1
3,1,0.5097489,1
3,1,0.52799046,1
3,1,0.51724863,1
3,1,0.49417356,0
3,1,0.5152953,1
3,1,0.5210684,1
3,1,0.51582557,1
3,1,0.52030516,1
3,1,0.44211456,0
3,1,0.4918307,0
3,1,0.46726924,0
3,1,0.48291713,0
3,1,0.49670222,0
3,1,0.4867744,0
3,1,0.48438266,0
3,1,0.46774593,0
3,1,0.5044564,1
3,1,0.5114803,1
3,1,0.496112,0
3,1,0.44386128,0
3,1,0.46955544,0
3,1,0.49076903,0
3,1,0.46642646,0
3,1,0.479169,0
3,1,0.4931047,0
3,1,0.46529865,0
3,1,0.45299828,0
3,1,0.44495425,0
3,1,0.46881294,0
3,1,0.4714185,0
3,1,0.4427962,0
3,1,0.47545657,0
3,1,0.49609566,0
3,1,0.49127477,0
3,0,0.4619956,0
3,0,0.4248781,0
3,0,0.45785713,0
3,0,0.43783852,0
3,0,0.42456046,0
3,0,0.4538369,0
3,0,0.45283645,0
3,0,0.4388883,0
3,0,0.43798408,0
3,0,0.44722572,0
3,1,0.45923838,0
3,1,0.43440086,0
3,1,0.44558758,0
3,1,0.42789546,0
3,1,0.41671658,0
3,1,0.4590196,0
3,1,0.43224806,0
3,1,0.4612028,0
3,1,0.46109658,0
3,1,0.4715403,0
3,1,0.44705597,0
3,1,0.44830817,0
3,1,0.4348687,0
3,1,0.43782488,0
3,1,0.44400394,0
3,0,0.410957,0
3,0,0.4016532,0
3,0,0.39734232,0
3,0,0.40112552,0
3,0,0.40201566,0
3,0,0.38176104,0
3,0,0.35866642,0
3,0,0.39859346,0
3,0,0.37186414,0
3,0,0.38420388,0
3,0,0.3723735,0
3,0,0.39937788,0
3,0,0.4001474,0
3,0,0.42943043,0
3,0,0.39912423,0
3,0,0.39276597,0
3,0,0.40700084,0
3,0,0.39328372,0
3,0,0.4059197,0
3,0,0.38372797,0
3,0,0.39233276,0
3,0,0.383577,0
3,0,0.36142838,0
3,0,0.3718032,0
3,0,0.42349923,0
3,0,0.43079716,0
3,0,0.4245208,0
3,0,0.4468305,0
3,0,0.43009406,0
3,0,0.45392188,0
3,0,0.43772563,0
3,0,0.43661827,0
3,0,0.44825885,0
3,0,0.42092338,0
3,0,0.43769857,0
3,0,0.43881842,0
3,0,0.41284674,0
3,0,0.39962614,0
3,0,0.37692636,0
3,0,0.371838,0
3,0,0.37476745,0
3,0,0.35312694,0
3,0,0.36740735,0
3,0,0.38684037,0
3,1,0.41622856,0
3,1,0.40902594,0
3,1,0.40418485,0
3,1,0.4179558,0
3,1,0.4272781,0
3,1,0.42023364,0
3,1,0.47411945,0
3,1,0.49495932,0
3,1,0.48599085,0
3,1,0.4728926,0
3,1,0.5127736,1
3,1,0.53561914,1
3,1,0.5044758,1
3,1,0.51099175,1
3,1,0.5155905,1
3,1,0.47787184,0
3,1,0.47402227,0
3,1,0.50421315,1
3,1,0.53470576,1
3,1,0.48322836,0
3,1,0.51711744,1
3,1,0.48774576,0
3,1,0.52026105,1
3,1,0.4736093,0
3,1,0.4738865,0
3,1,0.4676619,0
3,1,0.49655285,0
3,1,0.4930507,0
3,1,0.4863026,0
3,1,0.46855175,0
3,1,0.49299347,0
3,1,0.48224598,0
3,1,0.46310642,0
3,1,0.46306014,0
3,1,0.49839592,0
3,1,0.49782735,0
3,1,0.47984192,0
3,1,0.5136375,1
3,1,0.42086244,0
3,1,0.4134115,0
3,1,0.42721575,0
3,1,0.4117789,0
3,1,0.42186403,0
3,1,0.41577622,0
3,1,0.43466163,0
3,1,0.41439363,0
3,1,0.44128075,0
3,1,0.43650407,0
3,1,0.41281506,0
3,1,0.4295867,0
3,1,0.42152163,0
3,1,0.4550335,0
3,1,0.4432258,0
3,1,0.43382373,0
3,1,0.399231,0
3,1,0.4273067,0
3,1,0.4385298,0
3,1,0.43753833,0
3,1,0.4372693,0
3,1,0.40072182,0
3,1,0.4153357,0
3,1,0.42796576,0
3,1,0.44718084,0
3,1,0.40023068,0
3,1,0.39870197,0
3,1,0.43108633,0
3,0,0.43005773,0
3,0,0.44775438,0
3,0,0.42251244,0
3,0,0.4164425,0
3,0,0.4444455,0
3,0,0.40776023,0
3,0,0.40658057,0
3,0,0.44135094,0
3,0,0.4088631,0
3,0,0.3897407,0
3,0,0.41477832,0
3,0,0.3940225,0
3,0,0.40815935,0
3,0,0.4190728,0
3,0,0.41533753,0
3,0,0.43283108,0
3,0,0.3840915,0
3,0,0.39343718,0
3,0,0.41607505,0
3,0,0.42573065,0
3,0,0.40105787,0
3,0,0.4210836,0
3,0,0.4195656,0
3,0,0.42220846,0
3,0,0.41869172,0
3,0,0.39944914,0
3,0,0.38039324,0
3,1,0.44860765,0
3,1,0.43508896,0
3,1,0.43887267,0
3,1,0.43263984,0
3,1,0.44999698,0
3,1,0.4700603,0
3,1,0.41685224,0
3,1,0.43843034,0
3,1,0.4432705,0
3,1,0.42422628,0
3,1,0.40452307,0
3,1,0.4153148,0
3,1,0.40940323,0
3,1,0.3983312,0
3,1,0.39507014,0
3,1,0.42743817,0
3,1,0.38378003,0
3,1,0.40435436,0
3,1,0.50739074,1
3,1,0.4927832,0
3,1,0.488422,0
3,1,0.48183286,0
3,1,0.48474282,0
3,1,0.49344182,0
3,1,0.50220275,1
3,1,0.50422496,1
3,1,0.49165666,0
3,1,0.50164974,1
3,1,0.4853039,0
3,1,0.49680895,0
3,1,0.48388663,0
3,1,0.4718223,0
3,1,0.46528468,0
3,1,0.4762174,0
3,1,0.46857703,0
3,1,0.48415285,0
3,1,0.4790543,0
3,1,0.49367914,0
3,1,0.49036077,0
3,1,0.5003642,1
3,1,0.50615436,1
3,1,0.49298194,0
3,1,0.5010322,1
3,1,0.5079336,1
3,1,0.4868906,0
3,1,0.44665915,0
3,1,0.4481004,0
3,1,0.4642995,0
3,1,0.4673846,0
3,1,0.4784872,0
3,1,0.47849935,0
3,1,0.45949742,0
3,1,0.427073,0
3,1,0.43317068,0
3,1,0.46391302,0
3,1,0.43036196,0
3,1,0.43583038,0
3,1,0.44231507,0
3,1,0.4468621,0
3,1,0.44652665,0
3,1,0.44403595,0
3,1,0.46389276,0
3,1,0.45091373,0
3,1,0.45508468,0
3,1,0.42868403,0
3,1,0.4588971,0
3,1,0.45488107,0
3,1,0.46852982,0
3,1,0.44223788,0
3,1,0.44166923,0
3,1,0.48444626,0
3,1,0.45551383,0
3,1,0.4691367,0
3,1,0.487313,0
3,1,0.50353104,1
3,1,0.44997928,0
3,1,0.4756296,0
3,1,0.44270098,0
3,1,0.47276935,0
3,1,0.46681026,0
3,1,0.4734352,0
3,1,0.45805398,0
3,1,0.4866979,0
3,1,0.46494922,0
3,1,0.47827566,0
3,1,0.44506124,0
3,1,0.46407673,0
3,1,0.4614193,0
3,1,0.46173587,0
3,1,0.47890368,0
3,1,0.4555501,0
3,1,0.47920844,0
3,1,0.46484697,0
3,1,0.47646698,0
3,1,0.48711357,0
3,1,0.4884364,0
3,1,0.46110046,0
3,1,0.4723387,0
3,1,0.46617028,0
3,1,0.4541481,0
3,1,0.5039884,1
3,1,0.49833027,0
3,1,0.500611,1
3,1,0.4898378,0
3,1,0.44605178,0
3,1,0.49544197,0
3,1,0.47884747,0
3,1,0.47366795,0
3,1,0.46571228,0
3,1,0.45805827,0
3,1,0.4823248,0
3,1,0.47650382,0
3,1,0.5091506,1
3,1,0.4894071,0
3,1,0.4858252,0
3,1,0.49099207,0
3,1,0.49328107,0
3,1,0.49541628,0
3,1,0.48673505,0
3,1,0.504344,1
3,1,0.49770147,0
3,1,0.4926465,0
3,1,0.4939696,0
3,1,0.4890173,0
3,1,0.4973697,0
3,1,0.4801324,0
3,1,0.4636826,0
3,1,0.4694042,0
3,1,0.43592083,0
3,1,0.46557826,0
3,1,0.48018715,0
3,1,0.45292604,0
3,1,0.48472413,0
3,1,0.50463337,1
3,1,0.48423627,0
3,1,0.48901474,0
3,1,0.48690858,0
3,1,0.44825885,0
3,1,0.4477982,0
3,1,0.4491376,0
3,1,0.4350078,0
3,1,0.46025437,0
3,1,0.42354938,0
3,1,0.47148544,0
3,1,0.4552551,0
3,1,0.4455062,0
3,1,0.49163425,0
3,1,0.46851468,0
3,1,0.46072096,0
3,1,0.45922437,0
3,1,0.48748815,0
3,1,0.44101202,0
3,1,0.45326835,0
3,1,0.458233,0
3,1,0.46884182,0
3,1,0.47338966,0
3,1,0.44836077,0
3,1,0.45053414,0
3,1,0.41590062,0
3,1,0.43800762,0
3,1,0.42935875,0
3,1,0.41977212,0
3,1,0.40285167,0
3,1,0.43624443,0
3,1,0.42572108,0
3,1,0.43163243,0
3,1,0.44965222,0
3,1,0.44286436,0
3,1,0.44836846,0
3,1,0.42154413,0
3,1,0.39675954,0
3,0,0.49748668,0
3,0,0.5148055,1
3,0,0.5288184,1
3,0,0.50761694,1
3,0,0.5147745,1
3,0,0.50893205,1
3,0,0.5085508,1
3,0,0.46951288,0
3,0,0.5376287,1
3,0,0.48334906,0
3,0,0.50816137,1
3,0,0.47635713,0
3,0,0.4996373,0
3,1,0.5159862,1
3,1,0.5070958,1
3,1,0.52942795,1
3,1,0.5151166,1
3,1,0.51285094,1
3,1,0.5197418,1
3,1,0.5168532,1
3,1,0.49244374,0
3,1,0.5117466,1
3,1,0.5103838,1
3,1,0.50248235,1
3,1,0.5245065,1
3,1,0.518361,1
3,1,0.5292016,1
3,1,0.52142924,1
3,1,0.5208139,1
3,1,0.5123992,1
3,1,0.5330753,1
3,1,0.5094614,1
3,1,0.5278938,1
3,1,0.51727986,1
3,1,0.4942251,0
3,1,0.5151158,1
3,1,0.5206568,1
3,1,0.51577276,1
3,1,0.5192889,1
3,1,0.4731855,0
3,1,0.50564,1
3,1,0.46792486,0
3,1,0.51559764,1
3,1,0.48949814,0
3,1,0.5053165,1
3,1,0.4916388,0
3,1,0.45248386,0
3,1,0.50246555,1
3,1,0.46236643,0
3,1,0.46452406,0
3,0,0.4717106,0
3,0,0.4613021,0
3,0,0.4451706,0
3,0,0.47658592,0
3,0,0.44226518,0
3,0,0.47908762,0
3,0,0.47118244,0
3,0,0.44824818,0
3,0,0.49953002,0
3,0,0.4772819,0
3,0,0.46359485,0
3,0,0.46511635,0
3,0,0.4667618,0
3,0,0.47973374,0
3,0,0.43488038,0
3,0,0.43858457,0
3,0,0.48695835,0
3,0,0.48647615,0
3,0,0.4493323,0
3,0,0.48444515,0
3,0,0.46550536,0
3,0,0.4637501,0
3,0,0.44976196,0
3,0,0.45138457,0
3,0,0.46925223,0
3,0,0.4405732,0
3,0,0.45847112,0
3,0,0.47250128,0
3,0,0.47708333,0
3,1,0.46632132,0
3,1,0.47060448,0
3,1,0.4515673,0
3,1,0.44058836,0
3,1,0.44696555,0
3,1,0.4609599,0
3,1,0.4239685,0
3,1,0.46642938,0
3,1,0.42400932,0
3,1,0.44139445,0
3,1,0.47297996,0
3,1,0.47933093,0
3,1,0.4463607,0
3,1,0.45477903,0
3,1,0.47759238,0
3,1,0.4838247,0
3,1,0.48020154,0
3,1,0.48967135,0
3,1,0.44116896,0
3,1,0.45841435,0
3,0,0.44670326,0
3,0,0.46028045,0
3,0,0.43808544,0
3,0,0.46485564,0
3,0,0.4724111,0
3,0,0.44163844,0
3,0,0.460641,0
3,0,0.46001342,0
3,0,0.49461105,0
3,0,0.4748197,0
3,0,0.43378502,0
3,0,0.43288755,0
3,0,0.45862117,0
3,0,0.4573556,0
3,0,0.44245332,0
3,0,0.48369065,0
3,0,0.44200954,0
3,0,0.46217284,0
3,0,0.44645804,0
3,0,0.47011286,0
3,0,0.4618271,0
3,0,0.45471686,0
3,0,0.47924632,0
3,0,0.4878248,0
3,0,0.48422942,0
3,0,0.46823204,0
3,0,0.44797435,0
3,0,0.48211333,0
3,0,0.4811291,0
3,0,0.48074338,0
3,0,0.4702936,0
3,0,0.4621382,0
3,0,0.47801152,0
3,0,0.45525032,0
3,0,0.46128395,0
3,0,0.49181625,0
3,0,0.46804914,0
3,0,0.44500664,0
3,0,0.48013428,0
3,0,0.4879199,0
3,0,0.48004845,0
3,0,0.49264237,0
3,0,0.47293293,0
3,0,0.4960018,0
3,0,0.47371253,0
3,0,0.45862252,0
3,0,0.48168477,0
3,0,0.44660443,0
3,0,0.43945178,0
3,0,0.4489434,0
3,0,0.46366712,0
3,0,0.46009216,0
3,0,0.4661858,0
3,0,0.4712451,0
3,0,0.463111,0
3,0,0.44507906,0
3,0,0.45459676,0
3,0,0.45642346,0
3,0,0.42635873,0
3,0,0.42058405,0
3,0,0.40177885,0
3,0,0.40311182,0
3,0,0.40640816,0
3,0,0.37995914,0
3,0,0.38353047,0
3,0,0.37226248,0
3,1,0.40461993,0
3,1,0.4113605,0
3,1,0.42319798,0
3,1,0.42205203,0
3,1,0.39053133,0
3,1,0.4437985,0
3,1,0.44702128,0
3,1,0.46732655,0
3,1,0.45940787,0
3,1,0.4436522,0
3,1,0.47650573,0
3,1,0.44339862,0
3,1,0.47607774,0
3,0,0.46542963,0
3,0,0.44248697,0
3,0,0.49902037,0
3,0,0.4736716,0
3,0,0.46157715,0
3,0,0.46450576,0
3,0,0.45459035,0
3,0,0.46847,0
3,0,0.47992387,0
3,0,0.43833783,0
3,0,0.44232664,0
3,0,0.48307836,0
3,0,0.48409566,0
3,0,0.44453812,0
3,0,0.45226836,0
3,0,0.4500616,0
3,0,0.4613424,0
3,0,0.43914792,0
3,0,0.454058,0
3,0,0.47080284,0
3,0,0.47448298,0
3,0,0.4618115,0
3,0,0.46519524,0
3,0,0.4502076,0
3,0,0.4404066,0
3,0,0.4467341,0
3,0,0.45962265,0
3,0,0.42389333,0
3,0,0.4657432,0
3,0,0.42270696,0
3,0,0.43871143,0
3,0,0.48063648,0
3,0,0.47483405,0
3,1,0.44750127,0
3,1,0.45623064,0
3,1,0.48083138,0
3,1,0.47521666,0
3,1,0.48587885,0
3,1,0.4870716,0
3,1,0.448158,0
3,1,0.4573802,0
3,1,0.44488192,0
3,1,0.45797554,0
3,1,0.4343129,0
3,1,0.46497506,0
3,1,0.4694115,0
3,1,0.44215253,0
3,1,0.45807293,0
3,1,0.45943725,0
3,1,0.48980626,0
3,1,0.47670627,0
3,1,0.43461502,0
3,1,0.43520972,0
3,1,0.459067,0
3,0,0.45899504,0
3,0,0.439633,0
3,0,0.48305053,0
3,0,0.43959188,0
3,0,0.4577944,0
3,0,0.44541088,0
3,0,0.46922785,0
3,0,0.46110818,0
3,0,0.45297405,0
3,0,0.47552598,0
3,0,0.48726127,0
3,0,0.48625666,0
3,0,0.46928576,0
3,0,0.4464872,0
3,0,0.47984403,0
3,0,0.47614628,0
3,0,0.4774246,0
3,0,0.4691826,0
3,0,0.46134052,0
3,0,0.47557378,0
3,0,0.4555252,0
3,0,0.4659324,0
3,0,0.48870704,0
3,0,0.46707958,0
3,0,0.44790524,0
3,0,0.48351067,0
3,0,0.4879821,0
3,0,0.47894567,0
3,0,0.48955902,0
3,0,0.4686953,0
3,0,0.48966032,0
3,0,0.4696103,0
3,0,0.45552644,0
3,0,0.47395396,0
3,0,0.4458564,0
3,0,0.44129482,0
3,0,0.4605155,0
3,0,0.46472928,0
3,0,0.4494778,0
3,0,0.46375242,0
3,1,0.47899988,0
3,1,0.4925639,0
3,1,0.4649456,0
3,1,0.45286718,0
3,1,0.44443938,0
3,1,0.4683749,0
3,1,0.47074044,0
3,1,0.44290155,0
3,1,0.4747552,0
3,1,0.49533197,0
3,1,0.49094042,0
3,1,0.45741922,0
3,1,0.45634648,0
3,1,0.43386853,0
3,1,0.46316132,0
3,1,0.47479355,0
3,1,0.4282498,0
3,1,0.43679458,0
3,1,0.41521534,0
3,1,0.46630248,0
3,1,0.44177797,0
3,1,0.4378224,0
3,1,0.46442848,0
3,1,0.49703643,0
3,1,0.48288518,0
3,1,0.47593263,0
3,1,0.46260056,0
3,1,0.44791377,0
3,1,0.425506,0
3,1,0.44414833,0
3,1,0.42489552,0
3,1,0.43306753,0
3,1,0.42466974,0
3,1,0.42050263,0
3,1,0.42488313,0
3,1,0.4360595,0
3,1,0.43964633,0
3,1,0.4615117,0
3,1,0.4355229,0
3,1,0.43861192,0
3,1,0.4277164,0
3,1,0.43544918,0
3,1,0.43360236,0
3,1,0.43037114,0
3,1,0.45705158,0
3,1,0.41386956,0
3,1,0.4252678,0
3,1,0.4422657,0
3,1,0.46183673,0
3,1,0.45018357,0
3,1,0.40879032,0
3,1,0.45240298,0
3,1,0.44109243,0
3,1,0.44539794,0
3,1,0.45227158,0
3,1,0.4513685,0
3,1,0.4452112,0
3,1,0.46779191,0
3,1,0.44890296,0
3,1,0.43218958,0
3,1,0.4271896,0
3,1,0.45490927,0
3,1,0.46726593,0
3,1,0.462531,0
3,1,0.43832302,0
3,1,0.42097923,0
3,1,0.46359175,0
3,1,0.47254297,0
3,1,0.45129424,0
3,1,0.43284053,0
3,1,0.44537157,0
3,1,0.40939844,0
3,1,0.44624817,0
3,1,0.42837092,0
3,1,0.41638517,0
3,1,0.420199,0
3,1,0.44826153,0
3,1,0.43112743,0
3,1,0.4276726,0
3,1,0.45724872,0
3,1,0.4306945,0
3,1,0.43037656,0
3,1,0.4342977,0
3,1,0.4576051,0
3,1,0.43705744,0
3,1,0.43052718,0
3,1,0.43239304,0
3,1,0.43327135,0
3,1,0.46288922,0
3,1,0.4888285,0
3,1,0.45498827,0
3,1,0.49958992,0
3,1,0.50172025,1
3,1,0.47509348,0
3,1,0.44866455,0
3,1,0.5159325,1
3,1,0.4200754,0
3,1,0.4302899,0
3,1,0.4606539,0
3,1,0.47560915,0
3,1,0.45511672,0
3,1,0.46266598,0
3,1,0.4626334,0
3,1,0.48970005,0
3,1,0.46565092,0
3,1,0.4775381,0
3,1,0.486597,0
3,1,0.44823113,0
3,1,0.44098344,0
3,1,0.4907414,0
3,1,0.4816162,0
3,1,0.4732825,0
3,1,0.46461204,0
3,1,0.45483515,0
3,1,0.4879504,0
3,1,0.4568283,0
3,1,0.4746527,0
3,1,0.4822187,0
3,1,0.46875328,0
3,1,0.45716962,0
3,1,0.47725934,0
3,1,0.46526965,0
3,1,0.4773448,0
3,1,0.464511,0
3,1,0.47132194,0
3,1,0.4834657,0
3,1,0.42002085,0
3,1,0.42514932,0
3,1,0.40526074,0
3,1,0.41573545,0
3,1,0.43337968,0
3,1,0.42072177,0
3,1,0.40122688,0
3,1,0.43604583,0
3,1,0.42945465,0
3,1,0.42142686,0
3,1,0.43733498,0
3,1,0.4328977,0
3,1,0.43832475,0
3,1,0.4628017,0
3,1,0.46172854,0
3,1,0.43019977,0
3,1,0.42540532,0
3,1,0.41846034,0
3,1,0.43754962,0
3,1,0.43332732,0
3,1,0.4403105,0
3,1,0.46280706,0
3,1,0.46346694,0
3,1,0.42720214,0
3,1,0.4296794,0
3,1,0.4711738,0
3,1,0.4491041,0
3,1,0.44544473,0
3,1,0.42540365,0
3,1,0.43475327,0
3,1,0.47321638,0
3,1,0.46286333,0
3,1,0.4850876,0
3,1,0.47469774,0
3,1,0.45572016,0
3,1,0.42100033,0
3,1,0.4277538,0
3,1,0.4153623,0
3,1,0.4220325,0
3,1,0.41916633,0
3,1,0.42234424,0
3,1,0.42232537,0
3,1,0.42720667,0
3,1,0.4118202,0
3,1,0.45492887,0
3,1,0.4148967,0
3,1,0.43573114,0
3,1,0.43784282,0
3,1,0.45152503,0
3,1,0.43629965,0
3,1,0.43152374,0
3,1,0.45316556,0
3,1,0.43327883,0
3,1,0.40728536,0
3,1,0.42085946,0
3,1,0.4143908,0
3,1,0.43852943,0
3,1,0.43433687,0
3,1,0.4482036,0
3,0,0.4780992,0
3,0,0.44155395,0
3,0,0.44249126,0
3,0,0.46115452,0
3,0,0.4425615,0
3,0,0.4408457,0
3,0,0.43050024,0
3,0,0.43570524,0
3,0,0.43315566,0
3,0,0.4381282,0
3,0,0.43843347,0
3,0,0.47185338,0
3,0,0.4491102,0
3,0,0.43532473,0
3,0,0.4502454,0
3,1,0.47823554,0
3,1,0.44988263,0
3,1,0.47140288,0
3,1,0.47361943,0
3,1,0.46465778,0
3,1,0.45890245,0
3,1,0.47559753,0
3,1,0.4734308,0
3,1,0.49079382,0
3,1,0.4862366,0
3,1,0.46095416,0
3,1,0.49299458,0
3,1,0.49906805,0
3,1,0.4524175,0
3,1,0.46890032,0
3,1,0.489222,0
3,1,0.45334902,0
3,1,0.4648796,0
3,1,0.46627775,0
3,1,0.47460246,0
3,1,0.46282193,0
3,1,0.4808356,0
3,1,0.4334338,0
3,1,0.42502585,0
3,1,0.48919687,0
3,1,0.46068317,0
3,1,0.45457023,0
3,1,0.46376756,0
3,1,0.43911713,0
3,1,0.47930637,0
3,0,0.4573762,0
3,0,0.4398708,0
3,0,0.46240702,0
3,0,0.43890616,0
3,0,0.44867477,0
3,0,0.49450606,0
3,0,0.48232654,0
3,0,0.433499,0
3,0,0.43599525,0
3,0,0.46643746,0
3,0,0.46979088,0
3,0,0.48257825,0
3,0,0.47463748,0
4,1,0.54710907,1
4,1,0.5656506,1
4,1,0.4977013,0
4,1,0.5145919,1
4,1,0.5875756,1
4,1,0.5551155,1
4,1,0.4902844,0
4,1,0.52783746,1
4,1,0.5556048,1
4,1,0.5999401,1
4,1,0.54374915,1
4,1,0.55651224,1
4,1,0.5694145,1
4,1,0.56433916,1
4,1,0.57214475,1
4,1,0.5314738,1
4,1,0.57101065,1
4,1,0.50547963,1
4,1,0.52705634,1
4,1,0.5792913,1
4,1,0.55900055,1
4,1,0.57875067,1
4,1,0.55099237,1
4,1,0.55943304,1
4,1,0.57709837,1
4,1,0.58261657,1
4,1,0.5528882,1
4,1,0.5630838,1
4,1,0.58898574,1
4,1,0.5570173,1
4,1,0.5883336,1
4,1,0.5868303,1
4,1,0.5660927,1
4,1,0.5751359,1
4,1,0.58177847,1
4,1,0.59401566,1
4,1,0.60746026,1
4,1,0.5931546,1
4,1,0.61363834,1
4,1,0.6073663,1
4,1,0.62156576,1
4,1,0.53336686,1
4,1,0.52355784,1
4,1,0.516052,1
4,1,0.53554183,1
4,1,0.54013246,1
4,1,0.5321536,1
4,1,0.5582833,1
4,1,0.510774,1
4,1,0.5525548,1
4,1,0.52504456,1
4,1,0.54536194,1
4,1,0.5304104,1
4,1,0.53941286,1
4,1,0.49111167,0
4,1,0.5152208,1
4,1,0.44217718,0
4,1,0.49582505,0
4,1,0.4940293,0
4,1,0.5023457,1
4,1,0.51925105,1
4,1,0.4875345,0
4,1,0.558164,1
4,1,0.5684909,1
4,1,0.5688911,1
4,1,0.56774247,1
4,1,0.5340927,1
4,1,0.54420817,1
4,1,0.45826355,0
4,1,0.558293,1
4,1,0.5512202,1
4,1,0.5233456,1
4,1,0.47808975,0
4,1,0.56480235,1
4,1,0.49706745,0
4,1,0.5948059,1
4,1,0.53983843,1
4,1,0.57405657,1
4,1,0.44994938,0
4,1,0.5114215,1
4,1,0.55548376,1
4,1,0.5030417,1
4,1,0.5121738,1
4,1,0.5356596,1
4,1,0.48902324,0
4,1,0.4897815,0
4,1,0.5249894,1
4,1,0.5360225,1
4,1,0.48790693,0
4,1,0.46428826,0
4,1,0.539882,1
4,1,0.5000291,1
4,1,0.53699654,1
4,1,0.51138544,1
4,1,0.5233397,1
4,1,0.5519952,1
4,1,0.5541662,1
4,1,0.50049937,1
4,1,0.55496407,1
4,1,0.54752576,1
4,1,0.53228444,1
4,1,0.4974045,0
4,1,0.5018311,1
4,1,0.49967086,0
4,1,0.4179571,0
4,1,0.48471794,0
4,1,0.5114451,1
4,1,0.45705435,0
4,1,0.42478833,0
4,1,0.51094836,1
4,1,0.5474921,1
4,1,0.4728776,0
4,1,0.4649967,0
4,1,0.56853956,1
4,1,0.5171047,1
4,1,0.5007682,1
4,1,0.5822251,1
4,1,0.535436,1
4,1,0.4324292,0
4,1,0.4930382,0
4,1,0.5529509,1
4,1,0.5037737,1
4,1,0.5380634,1
4,1,0.5457853,1
4,1,0.4701747,0
4,1,0.48106325,0
4,1,0.5314702,1
4,1,0.52852523,1
4,1,0.479386,0
4,1,0.48678514,0
4,1,0.53605485,1
4,1,0.5210283,1
4,1,0.47110546,0
4,1,0.4942489,0
4,1,0.5540483,1
4,1,0.6305723,1
4,1,0.61615074,1
4,1,0.614239,1
4,1,0.6271919,1
4,1,0.6287348,1
4,1,0.6380294,1
4,1,0.6480415,1
4,1,0.6555834,1
4,1,0.6395343,1
4,1,0.62191516,1
4,0,0.6004797,1
4,0,0.5992113,1
4,0,0.59709823,1
4,0,0.5638232,1
4,0,0.5820613,1
4,0,0.57428396,1
4,0,0.5674003,1
4,0,0.5156552,1
4,0,0.6071869,1
4,0,0.5606342,1
4,0,0.49042535,0
4,0,0.5016547,1
4,0,0.49493355,0
4,0,0.52640605,1
4,0,0.48946172,0
4,0,0.5175443,1
4,0,0.5461636,1
4,0,0.5610063,1
4,0,0.55225205,1
4,0,0.5540442,1
4,0,0.55615515,1
4,0,0.5210861,1
4,0,0.5095773,1
4,0,0.57493186,1
4,0,0.51736015,1
4,0,0.54689026,1
4,0,0.5648207,1
4,0,0.50387335,1
4,0,0.5117893,1
4,0,0.54478776,1
4,0,0.54237217,1
4,0,0.5406981,1
4,0,0.49028385,0
4,0,0.4755875,0
4,0,0.55755365,1
4,0,0.4711223,0
4,0,0.4895994,0
4,0,0.5594993,1
4,0,0.52667975,1
4,0,0.5383522,1
4,0,0.46676338,0
4,0,0.50655454,1
4,0,0.5549294,1
4,0,0.5027815,1
4,0,0.4901075,0
4,0,0.47573465,0
4,0,0.5503699,1
4,0,0.5293557,1
4,0,0.47066167,0
4,0,0.5355805,1
4,0,0.5743988,1
4,0,0.5498145,1
4,0,0.5967412,1
4,0,0.52453405,1
4,0,0.61016035,1
4,0,0.5640084,1
4,0,0.5341896,1
4,0,0.48759067,0
4,0,0.466351,0
4,0,0.50610054,1
4,0,0.4798887,0
4,0,0.54240274,1
4,0,0.5786647,1
4,0,0.57094944,1
4,0,0.5713543,1
4,0,0.57788795,1
4,0,0.52867645,1
4,0,0.5318261,1
4,0,0.54724133,1
4,0,0.5612225,1
4,0,0.52191275,1
4,0,0.5099423,1
4,0,0.56072795,1
4,0,0.57033044,1
4,0,0.5620273,1
4,0,0.56531036,1
4,0,0.5561957,1
4,0,0.49623716,0
4,0,0.53436553,1
4,0,0.54272425,1
4,0,0.526135,1
4,0,0.48113507,0
4,0,0.5584777,1
4,0,0.56910306,1
4,0,0.56207776,1
4,0,0.56407857,1
4,0,0.5883661,1
4,0,0.56552565,1
4,0,0.6009355,1
4,0,0.5435991,1
4,0,0.503713,1
4,0,0.56355494,1
4,0,0.5637971,1
4,0,0.5173938,1
4,0,0.54013324,1
4,0,0.5854682,1
4,0,0.55569816,1
4,0,0.56230617,1
4,0,0.54831266,1
4,0,0.57721716,1
4,0,0.5680022,1
4,0,0.5311449,1
4,0,0.5789448,1
4,0,0.5295599,1
4,0,0.5411171,1
4,0,0.5171185,1
4,0,0.52195895,1
4,0,0.56273824,1
4,0,0.5607305,1
4,0,0.56837434,1
4,0,0.5328018,1
4,0,0.55614173,1
4,0,0.5631554,1
4,0,0.5701504,1
4,0,0.5024569,1
4,0,0.5804253,1
4,0,0.58569074,1
4,0,0.5297895,1
4,0,0.4748707,0
4,0,0.52593845,1
4,0,0.5556952,1
4,0,0.5119858,1
4,0,0.5356031,1
4,0,0.58104587,1
4,0,0.51202214,1
4,0,0.49210075,0
4,0,0.5652324,1
4,0,0.6115011,1
4,0,0.5762389,1
4,0,0.558415,1
4,0,0.5167548,1
4,0,0.4821162,0
4,0,0.4561494,0
4,0,0.49782392,0
4,0,0.49453753,0
4,0,0.5242173,1
4,0,0.5559696,1
4,0,0.5088112,1
4,0,0.5149447,1
4,0,0.51081926,1
4,0,0.5644137,1
4,0,0.57954,1
4,0,0.5711253,1
4,0,0.5786777,1
4,0,0.58628565,1
4,0,0.56494313,1
4,0,0.565466,1
4,0,0.5668047,1
4,0,0.5674375,1
4,0,0.55969626,1
4,0,0.5222917,1
4,0,0.4896762,0
4,0,0.56011313,1
4,0,0.55244255,1
4,0,0.4590345,0
4,0,0.5060913,1
4,0,0.57935345,1
4,0,0.5420615,1
4,0,0.53494906,1
4,0,0.55830777,1
4,0,0.567251,1
4,0,0.5889991,1
4,0,0.58731836,1
4,0,0.5816581,1
4,0,0.55219865,1
4,0,0.53206164,1
4,0,0.5148136,1
4,0,0.5114726,1
4,0,0.47304782,0
4,0,0.5083711,1
4,0,0.5496555,1
4,0,0.47339356,0
4,0,0.5794808,1
4,0,0.5508091,1
4,0,0.4931733,0
4,0,0.55073166,1
4,0,0.54285175,1
4,0,0.53347415,1
4,0,0.55189687,1
4,0,0.50160605,1
4,0,0.4931995,0
4,0,0.5645784,1
4,0,0.5318018,1
4,0,0.5754773,1
4,0,0.58133245,1
4,0,0.5698535,1
4,0,0.5898235,1
4,0,0.57125044,1
4,0,0.59958845,1
4,0,0.57936835,1
4,0,0.5825386,1
4,0,0.58855605,1
4,0,0.59714514,1
4,0,0.5484245,1
4,0,0.5951871,1
4,0,0.5273937,1
4,0,0.55644387,1
4,0,0.6015474,1
4,0,0.50414246,1
4,0,0.5315511,1
4,0,0.571337,1
4,0,0.5538199,1
4,0,0.530819,1
4,0,0.55910134,1
4,0,0.5419902,1
4,0,0.56706756,1
4,0,0.562412,1
4,0,0.53469175,1
4,0,0.55854625,1
4,0,0.56235033,1
4,0,0.551402,1
4,0,0.5044386,1
4,0,0.4899332,0
4,0,0.47843903,0
4,0,0.5156925,1
4,0,0.53167117,1
4,0,0.50467485,1
4,0,0.52773315,1
4,0,0.48563364,0
4,0,0.45664704,0
4,0,0.559058,1
4,0,0.57523197,1
4,0,0.5524389,1
4,0,0.4970128,0
4,0,0.52122444,1
4,0,0.58901805,1
4,0,0.49985185,0
4,0,0.4697424,0
4,0,0.563924,1
4,0,0.59390646,1
4,0,0.5155314,1
4,0,0.57227796,1
4,0,0.5557099,1
4,0,0.5589622,1
4,0,0.5468897,1
4,0,0.574152,1
4,0,0.5668981,1
4,0,0.5415868,1
4,0,0.5086758,1
4,0,0.5806654,1
4,0,0.49095654,0
4,0,0.5392942,1
4,0,0.60031575,1
4,0,0.50955087,1
4,0,0.4924014,0
4,0,0.5750952,1
4,0,0.5348494,1
4,0,0.4795167,0
4,0,0.5215326,1
4,0,0.58164996,1
4,0,0.58503187,1
4,0,0.5558648,1
4,0,0.5735711,1
4,0,0.48504338,0
4,0,0.5320072,1
4,0,0.48531482,0
4,0,0.531463,1
4,0,0.53786194,1
4,0,0.5090782,1
4,0,0.5821507,1
4,0,0.5687709,1
4,0,0.5501086,1
4,0,0.5468454,1
4,0,0.51934934,1
4,0,0.5642522,1
4,0,0.48533148,0
4,0,0.5790749,1
4,0,0.5991543,1
4,0,0.55963945,1
4,0,0.5277191,1
4,0,0.5562314,1
4,0,0.5282676,1
4,0,0.5145979,1
4,0,0.55047494,1
4,0,0.47962567,0
4,0,0.48026305,0
4,0,0.50903666,1
4,0,0.5347354,1
4,0,0.50747687,1
4,0,0.49480477,0
4,0,0.5181935,1
4,0,0.55363667,1
4,0,0.5341265,1
4,0,0.5392432,1
4,0,0.5232833,1
4,0,0.50215983,1
4,0,0.5484299,1
4,0,0.56185406,1
4,0,0.5343826,1
4,0,0.47413474,0
4,0,0.5561209,1
4,0,0.5511834,1
4,0,0.51024956,1
4,0,0.46053827,0
4,0,0.5598104,1
4,0,0.55526835,1
4,0,0.5113198,1
4,0,0.5116501,1
4,0,0.56504554,1
4,0,0.5932802,1
4,1,0.5686714,1
4,1,0.59486175,1
4,1,0.5522612,1
4,1,0.5529821,1
4,1,0.5518923,1
4,1,0.562317,1
4,1,0.5755325,1
4,1,0.5684356,1
4,1,0.54854244,1
4,1,0.5737424,1
4,1,0.5755253,1
4,1,0.55935955,1
4,1,0.57054836,1
4,1,0.5570743,1
4,1,0.5689147,1
4,1,0.5654567,1
4,1,0.5626836,1
4,1,0.5811267,1
4,1,0.58951706,1
4,1,0.5871594,1
4,1,0.57978976,1
4,1,0.5809362,1
4,1,0.57606983,1
4,1,0.5792203,1
4,1,0.5291711,1
4,1,0.54627955,1
4,1,0.55927306,1
4,1,0.57779944,1
4,1,0.5483995,1
4,1,0.5748252,1
4,1,0.58846354,1
4,1,0.5636413,1
4,1,0.5738007,1
4,1,0.5536171,1
4,1,0.55479765,1
4,1,0.5572459,1
4,1,0.5552458,1
4,1,0.5751586,1
4,1,0.58421713,1
4,1,0.55276304,1
4,1,0.572673,1
4,1,0.54930925,1
4,1,0.5891679,1
4,1,0.5594514,1
4,1,0.5490239,1
4,1,0.53880817,1
4,1,0.5396746,1
4,1,0.56027955,1
4,1,0.5548165,1
4,1,0.54000515,1
4,1,0.5685856,1
4,1,0.5341515,1
4,1,0.578629,1
4,1,0.5614681,1
4,1,0.5748636,1
4,1,0.5514546,1
4,1,0.54850024,1
4,1,0.5579549,1
4,1,0.54032296,1
4,1,0.5498346,1
4,1,0.54476666,1
4,1,0.53496736,1
4,1,0.5701389,1
4,1,0.56153035,1
4,1,0.560394,1
4,1,0.5810776,1
4,1,0.53407013,1
4,1,0.55665,1
4,1,0.54990643,1
4,1,0.5415566,1
4,1,0.56784564,1
4,1,0.5277923,1
4,1,0.5645618,1
4,1,0.53640616,1
4,1,0.56221867,1
4,1,0.5565585,1
4,1,0.5520865,1
4,1,0.56361145,1
4,1,0.540557,1
4,1,0.56783736,1
4,1,0.5650741,1
4,1,0.57374316,1
4,1,0.5589239,1
4,1,0.573396,1
4,1,0.58023953,1
4,1,0.57804656,1
4,1,0.57292205,1
4,1,0.5769671,1
4,1,0.55542016,1
4,1,0.56280416,1
4,1,0.57676804,1
4,1,0.56091475,1
4,1,0.5740223,1
4,1,0.57360387,1
4,1,0.5636438,1
4,1,0.5641521,1
4,1,0.57654804,1
4,1,0.58122855,1
4,1,0.5668696,1
4,1,0.5723287,1
4,1,0.5844186,1
4,1,0.5953937,1
4,1,0.61211336,1
4,1,0.6199021,1
4,1,0.578699,1
4,1,0.59158206,1
4,1,0.5967182,1
4,1,0.6007925,1
4,1,0.58396614,1
4,1,0.5868092,1
4,1,0.57930696,1
4,1,0.5902619,1
4,1,0.5803139,1
4,1,0.5671508,1
4,1,0.5794445,1
4,1,0.55610526,1
4,1,0.56357116,1
4,1,0.55405134,1
4,1,0.5333602,1
4,1,0.57777756,1
4,1,0.5390831,1
4,1,0.5684068,1
4,1,0.56646323,1
4,1,0.48604628,0
4,1,0.54827887,1
4,1,0.57247347,1
4,1,0.4999438,0
4,1,0.46771896,0
4,1,0.5756901,1
4,1,0.53380656,1
4,1,0.48292038,0
4,1,0.56526476,1
4,1,0.45869398,0
4,1,0.5226883,1
4,1,0.48263362,0
4,1,0.53486925,1
4,1,0.5243813,1
4,1,0.4927454,0
4,1,0.54393494,1
4,1,0.56664157,1
4,1,0.5328639,1
4,1,0.51672536,1
4,1,0.49537057,0
4,1,0.5253186,1
4,1,0.5441827,1
4,1,0.48652548,0
4,1,0.53660107,1
4,1,0.50377536,1
4,1,0.5736648,1
4,1,0.5204298,1
4,1,0.5278826,1
4,1,0.5803423,1
4,1,0.569458,1
4,1,0.5780314,1
4,1,0.5758836,1
4,1,0.584239,1
4,1,0.55696714,1
4,1,0.5581989,1
4,1,0.57540977,1
4,1,0.5788681,1
4,1,0.58034724,1
4,1,0.5669708,1
4,1,0.56982213,1
4,1,0.59596515,1
4,1,0.6057539,1
4,1,0.6079676,1
4,1,0.59477377,1
4,1,0.6013192,1
4,1,0.604353,1
4,1,0.6157699,1
4,1,0.6300235,1
4,1,0.610601,1
4,1,0.62154245,1
4,1,0.6230235,1
4,1,0.6239809,1
4,1,0.656062,1
4,1,0.66133267,1
4,1,0.6552399,1
4,1,0.64048463,1
4,1,0.63695306,1
4,1,0.6282038,1
4,1,0.60357994,1
4,1,0.6154708,1
4,1,0.637302,1
4,1,0.61891425,1
4,1,0.5803069,1
4,1,0.6221032,1
4,1,0.6205281,1
4,1,0.6033372,1
4,1,0.5983334,1
4,1,0.6240036,1
4,1,0.65099186,1
4,1,0.6308229,1
4,1,0.63647294,1
4,1,0.63606745,1
4,1,0.62788796,1
4,1,0.60530245,1
4,1,0.62820476,1
4,1,0.6371217,1
4,1,0.6387499,1
4,1,0.6008563,1
4,1,0.61391956,1
4,1,0.5831502,1
4,1,0.5675478,1
4,1,0.6050865,1
4,1,0.60252523,1
4,1,0.573445,1
4,1,0.60860425,1
4,1,0.6176288,1
4,1,0.6155458,1
4,1,0.6132032,1
4,1,0.60905075,1
4,1,0.61279714,1
4,1,0.6176566,1
4,1,0.64601624,1
4,1,0.62569714,1
4,1,0.6203852,1
4,1,0.6264298,1
4,1,0.61657095,1
4,1,0.628711,1
4,1,0.5895317,1
4,1,0.5983136,1
4,1,0.60444045,1
4,1,0.63928974,1
4,1,0.6065238,1
4,1,0.62786406,1
4,1,0.6120696,1
4,1,0.55409485,1
4,1,0.6223036,1
4,1,0.625642,1
4,1,0.5804804,1
4,1,0.59225076,1
4,1,0.6351876,1
4,1,0.61558753,1
4,0,0.6119398,1
4,0,0.64528555,1
4,0,0.60020477,1
4,0,0.5634428,1
4,0,0.667668,1
4,0,0.6275911,1
4,0,0.6130757,1
4,0,0.5665401,1
4,0,0.6588924,1
4,0,0.6341278,1
4,0,0.6005423,1
4,0,0.649105,1
4,0,0.6243908,1
4,0,0.65560055,1
4,0,0.6632845,1
4,0,0.64957535,1
4,0,0.6470263,1
4,0,0.65867656,1
4,0,0.63098705,1
4,0,0.6539216,1
4,0,0.63920814,1
4,0,0.6832042,1
4,0,0.6174202,1
4,0,0.6417551,1
4,0,0.66849864,1
4,0,0.6562637,1
4,0,0.6262587,1
4,0,0.64281505,1
4,0,0.61592215,1
4,0,0.6368568,1
4,0,0.6346035,1
4,0,0.6452582,1
4,0,0.64550596,1
4,0,0.65038526,1
4,0,0.6344298,1
4,0,0.6575507,1
4,0,0.64529115,1
4,0,0.64429283,1
4,0,0.66509366,1
4,0,0.66753083,1
4,0,0.62806517,1
4,0,0.6670811,1
4,0,0.6024531,1
4,0,0.67609924,1
4,0,0.60362023,1
4,0,0.6635687,1
4,0,0.61730355,1
4,0,0.65177584,1
4,0,0.6468208,1
4,0,0.6044275,1
4,0,0.6342511,1
4,0,0.62581843,1
4,0,0.63229233,1
4,0,0.6446011,1
4,0,0.63265383,1
4,0,0.6358923,1
4,0,0.63563234,1
4,0,0.6146091,1
4,0,0.5922297,1
4,0,0.62410885,1
4,0,0.61472505,1
4,0,0.6298154,1
4,0,0.6164836,1
4,0,0.6240008,1
4,0,0.6405301,1
4,0,0.6459588,1
4,0,0.6461026,1
4,0,0.62156504,1
4,0,0.6386273,1
4,0,0.57679874,1
4,0,0.6568051,1
4,0,0.5851596,1
4,0,0.6207351,1
4,0,0.6071988,1
4,0,0.64774776,1
4,0,0.65559787,1
4,0,0.66180265,1
4,0,0.6426976,1
4,0,0.6509003,1
4,0,0.60078764,1
4,0,0.6382869,1
4,0,0.6012247,1
4,0,0.6492881,1
4,0,0.65063304,1
4,0,0.62548375,1
4,0,0.64668953,1
4,0,0.6577283,1
4,0,0.6394375,1
4,0,0.6585169,1
4,0,0.5838488,1
4,0,0.6559638,1
4,0,0.5901227,1
4,0,0.6705648,1
4,0,0.5587189,1
4,0,0.66145384,1
4,0,0.61129546,1
4,0,0.64964616,1
4,0,0.6487103,1
4,0,0.63907665,1
4,0,0.6571631,1
4,0,0.60766035,1
4,0,0.64192283,1
4,0,0.6286383,1
4,0,0.64235985,1
4,0,0.6369989,1
4,0,0.61777943,1
4,0,0.64874464,1
4,0,0.6291653,1
4,0,0.6577963,1
4,0,0.6361434,1
4,0,0.6425186,1
4,0,0.6528648,1
4,0,0.627404,1
4,0,0.6539664,1
4,0,0.6329207,1
4,0,0.6450386,1
4,0,0.63875467,1
4,0,0.63911897,1
4,0,0.6463284,1
4,0,0.65283394,1
4,0,0.6343282,1
4,0,0.6582595,1
4,0,0.650783,1
4,0,0.6488396,1
4,0,0.6362945,1
4,0,0.6472005,1
4,0,0.5809226,1
4,0,0.6558155,1
4,0,0.57906824,1
4,0,0.65528715,1
4,0,0.60892063,1
4,0,0.6711483,1
4,0,0.63053364,1
4,0,0.6576559,1
4,0,0.6298454,1
4,0,0.6293311,1
4,0,0.64684236,1
4,0,0.6466125,1
4,0,0.6326798,1
4,0,0.6473844,1
4,0,0.66453034,1
4,0,0.6117253,1
4,0,0.63991845,1
4,0,0.65432036,1
4,0,0.6373468,1
4,0,0.6667068,1
4,0,0.5992589,1
4,0,0.6774956,1
4,0,0.6253824,1
4,0,0.64766645,1
4,0,0.60435414,1
4,0,0.651611,1
4,0,0.6189975,1
4,0,0.64073646,1
4,0,0.61955863,1
4,0,0.64518625,1
4,0,0.63684464,1
4,0,0.6378391,1
4,0,0.66890347,1
4,0,0.64262605,1
4,0,0.63923687,1
4,0,0.64246285,1
4,0,0.62492573,1
4,0,0.6383087,1
4,0,0.63100606,1
4,0,0.63188505,1
4,0,0.643504,1
4,0,0.63364774,1
4,0,0.62124866,1
4,0,0.6254272,1
4,0,0.59706837,1
4,0,0.61586887,1
4,0,0.61058253,1
4,0,0.58981353,1
4,0,0.58151585,1
4,0,0.58199507,1
4,0,0.56911415,1
4,0,0.57248336,1
4,0,0.5986659,1
4,0,0.6090071,1
4,0,0.6104565,1
4,0,0.5981218,1
4,0,0.60359913,1
4,0,0.60698307,1
4,0,0.61829567,1
4,0,0.6162482,1
4,0,0.62938714,1
4,0,0.6131224,1
4,0,0.62251246,1
4,0,0.6225326,1
4,0,0.62546206,1
4,0,0.6565376,1
4,0,0.66340935,1
4,0,0.65761405,1
4,0,0.6416946,1
4,0,0.64114654,1
4,0,0.6299287,1
4,0,0.6373321,1
4,0,0.6181307,1
4,0,0.6332404,1
4,0,0.6249964,1
4,0,0.6341054,1
4,0,0.6243764,1
4,1,0.6043468,1
4,1,0.6219518,1
4,1,0.6380508,1
4,1,0.63500106,1
4,1,0.6327893,1
4,1,0.612057,1
4,1,0.62612695,1
4,1,0.6238863,1
4,0,0.6474279,1
4,0,0.61808956,1
4,0,0.5955799,1
4,0,0.6097854,1
4,0,0.6122394,1
4,0,0.56735456,1
4,0,0.59237885,1
4,0,0.62531245,1
4,0,0.59739506,1
4,0,0.5618332,1
4,0,0.6417635,1
4,0,0.60994405,1
4,0,0.5885372,1
4,0,0.625155,1
4,0,0.6214879,1
4,0,0.60700023,1
4,0,0.5625783,1
4,0,0.63401824,1
4,0,0.6113583,1
4,0,0.5726386,1
4,0,0.6116093,1
4,0,0.6502742,1
4,0,0.6150604,1
4,0,0.5865134,1
4,0,0.6530864,1
4,0,0.624585,1
4,0,0.6068136,1
4,0,0.62522566,1
4,0,0.6132509,1
4,0,0.6015544,1
4,0,0.61985564,1
4,0,0.60513103,1
4,0,0.6037575,1
4,0,0.580786,1
4,0,0.63195544,1
4,0,0.6157636,1
4,0,0.61425555,1
4,0,0.62278104,1
4,0,0.6297048,1
4,0,0.6044876,1
4,0,0.5779512,1
4,0,0.6539427,1
4,0,0.6229352,1
4,0,0.60649323,1
4,0,0.6405864,1
4,0,0.61565524,1
4,0,0.59706897,1
4,0,0.58832586,1
4,0,0.628709,1
4,0,0.6343104,1
4,0,0.6053131,1
4,0,0.59869194,1
4,0,0.63102776,1
4,0,0.61307186,1
4,0,0.5881862,1
4,0,0.6172877,1
4,0,0.64232755,1
4,0,0.6008981,1
4,0,0.62898546,1
4,0,0.6283724,1
4,0,0.5961875,1
4,0,0.61417323,1
4,0,0.6183347,1
4,0,0.64282566,1
4,0,0.6220795,1
4,0,0.585229,1
4,0,0.62443835,1
4,0,0.62625915,1
4,0,0.61300886,1
4,0,0.6016911,1
4,0,0.62587184,1
4,0,0.6020941,1
4,0,0.57591003,1
4,0,0.61072755,1
4,0,0.6493351,1
4,0,0.61319107,1
4,0,0.5806534,1
4,0,0.62351066,1
4,0,0.6083184,1
4,0,0.60344785,1
4,0,0.5974483,1
4,0,0.6107424,1
4,0,0.6214519,1
4,0,0.6256183,1
4,0,0.61522746,1
4,0,0.6164398,1
4,0,0.6108196,1
4,0,0.6282507,1
4,0,0.6410054,1
4,0,0.6268827,1
4,0,0.62161475,1
4,0,0.60826755,1
4,0,0.604044,1
4,0,0.60548246,1
4,0,0.62898993,1
4,0,0.61445606,1
4,0,0.62276137,1
4,0,0.6148071,1
4,0,0.6032385,1
4,0,0.63381684,1
4,0,0.61090225,1
4,0,0.5874167,1
4,0,0.62989,1
4,0,0.6199745,1
4,0,0.5747858,1
4,0,0.63097906,1
4,0,0.6370895,1
4,0,0.5919854,1
4,0,0.58582324,1
4,0,0.63020307,1
4,0,0.6111693,1
4,0,0.5689143,1
4,0,0.6287863,1
4,0,0.6399454,1
4,0,0.60195017,1
4,0,0.586248,1
4,0,0.66622716,1
4,0,0.63962835,1
4,0,0.57639915,1
4,0,0.62209123,1
4,0,0.62550235,1
4,0,0.5769079,1
4,0,0.57567155,1
4,0,0.6427058,1
4,0,0.61977446,1
4,0,0.59885454,1
4,0,0.65212315,1
4,0,0.64317864,1
4,0,0.6244799,1
4,0,0.5856038,1
4,0,0.6657634,1
4,0,0.6561207,1
4,0,0.6027255,1
4,0,0.6514585,1
4,0,0.6408216,1
4,0,0.6400987,1
4,0,0.62883776,1
4,0,0.65415186,1
4,0,0.63520366,1
4,0,0.6377801,1
4,0,0.63756126,1
4,0,0.63093996,1
4,0,0.607787,1
4,0,0.6289252,1
4,0,0.63839734,1
4,0,0.6412462,1
4,0,0.603221,1
4,0,0.62018013,1
4,0,0.5883445,1
4,0,0.6099585,1
4,0,0.5900858,1
4,0,0.6149271,1
4,0,0.602497,1
4,0,0.5860233,1
4,0,0.5959627,1
4,0,0.60108703,1
4,0,0.6016699,1
4,0,0.55191594,1
4,0,0.62207085,1
4,0,0.6089496,1
4,0,0.57671595,1
4,0,0.5982232,1
4,0,0.62400067,1
4,0,0.614661,1
4,0,0.57857215,1
4,0,0.61833555,1
4,0,0.6129104,1
4,0,0.61079615,1
4,0,0.6132868,1
4,0,0.61109155,1
4,0,0.59877175,1
4,0,0.6119452,1
4,0,0.6249637,1
4,0,0.59038925,1
4,0,0.5868683,1
4,0,0.6030007,1
4,0,0.6064976,1
4,0,0.6260454,1
4,0,0.6023626,1
4,0,0.60793555,1
4,0,0.5724906,1
4,0,0.5843839,1
4,0,0.5884449,1
4,0,0.61212814,1
4,0,0.5859967,1
4,0,0.5695882,1
4,0,0.6067623,1
4,0,0.6034202,1
4,0,0.5762007,1
4,0,0.6109555,1
4,0,0.6190478,1
4,0,0.6182664,1
4,0,0.61509484,1
4,0,0.609484,1
4,0,0.6207121,1
4,0,0.5946782,1
4,0,0.6394844,1
4,0,0.61163265,1
4,0,0.62025124,1
4,0,0.60191,1
4,0,0.61270905,1
4,0,0.6441073,1
4,0,0.60871327,1
4,0,0.5988925,1
4,0,0.5874888,1
4,0,0.6419222,1
4,0,0.59448856,1
4,0,0.5994133,1
4,0,0.6045313,1
4,0,0.6365725,1
4,0,0.628813,1
4,0,0.59656334,1
4,0,0.610738,1
4,0,0.60105747,1
4,0,0.58815503,1
4,0,0.5733123,1
4,0,0.62048936,1
4,0,0.6164102,1
4,0,0.59458023,1
4,0,0.59947324,1
4,0,0.60354584,1
4,0,0.61568487,1
4,0,0.6179748,1
4,0,0.647269,1
4,0,0.6292916,1
4,0,0.62176806,1
4,0,0.62970203,1
4,0,0.61870444,1
4,0,0.63102746,1
4,0,0.5927219,1
4,0,0.59859914,1
4,0,0.60777384,1
4,0,0.6392241,1
4,0,0.5988688,1
4,0,0.5939459,1
4,0,0.6296105,1
4,0,0.61751735,1
4,0,0.6159052,1
4,0,0.57639974,1
4,0,0.6299751,1
4,0,0.6216969,1
4,0,0.60460997,1
4,0,0.6092203,1
4,0,0.6293885,1
4,0,0.6159192,1
4,0,0.55432206,1
4,0,0.6239259,1
4,0,0.6272136,1
4,0,0.5840421,1
4,0,0.5952368,1
4,0,0.63522696,1
4,0,0.61902815,1
4,0,0.57197356,1
4,0,0.6534978,1
4,0,0.64657485,1
4,0,0.5794652,1
4,0,0.611819,1
4,0,0.6441144,1
4,0,0.604575,1
4,0,0.5642941,1
4,0,0.6701078,1
4,0,0.6302871,1
4,0,0.6171108,1
4,0,0.5679134,1
4,0,0.66177374,1
4,0,0.6393286,1
4,0,0.6036111,1
4,0,0.65152377,1
4,0,0.6431343,1
4,0,0.6040976,1
4,0,0.6204336,1
4,0,0.6489291,1
4,0,0.6358203,1
4,0,0.5908067,1
4,0,0.679148,1
4,0,0.6505516,1
4,0,0.592158,1
4,0,0.6290559,1
4,0,0.65675807,1
4,0,0.6322957,1
4,0,0.60362655,1
4,0,0.6227416,1
4,0,0.62707025,1
4,0,0.6191174,1
4,0,0.59395665,1
4,0,0.61927766,1
4,0,0.6165589,1
4,0,0.61769706,1
4,0,0.6122467,1
4,0,0.6185741,1
4,0,0.6162388,1
4,1,0.61036325,1
4,1,0.61412144,1
4,1,0.6141824,1
4,1,0.6253572,1
4,1,0.61410886,1
4,1,0.60962117,1
4,1,0.61462134,1
4,1,0.6063066,1
4,1,0.65984744,1
4,1,0.669352,1
4,1,0.65183145,1
4,1,0.6553987,1
4,1,0.6186259,1
4,1,0.6484335,1
4,1,0.6034852,1
4,1,0.66367584,1
4,1,0.6126793,1
4,1,0.6110215,1
4,1,0.5903607,1
4,1,0.6148696,1
4,1,0.5777332,1
4,1,0.61625344,1
4,1,0.57562727,1
4,1,0.61142874,1
4,1,0.6004046,1
4,1,0.59334075,1
4,1,0.5923949,1
4,1,0.5795085,1
4,1,0.5801834,1
4,1,0.61165506,1
4,1,0.5974413,1
4,1,0.6122777,1
4,1,0.5901654,1
4,1,0.5924662,1
4,1,0.5973774,1
4,1,0.61956507,1
4,1,0.61181736,1
4,1,0.62585324,1
4,1,0.5730792,1
4,1,0.541717,1
4,1,0.56273615,1
4,1,0.5654998,1
4,1,0.56678855,1
4,1,0.53664833,1
4,1,0.5367141,1
4,1,0.5454352,1
4,1,0.5433169,1
4,1,0.54548055,1
4,1,0.5750826,1
4,1,0.51827544,1
4,1,0.54516786,1
4,1,0.5456863,1
4,1,0.5363799,1
4,1,0.53109956,1
4,1,0.53381884,1
4,1,0.5652169,1
4,1,0.5410267,1
4,1,0.5604596,1
4,1,0.54862535,1
4,1,0.5718139,1
4,1,0.56688684,1
4,1,0.5661764,1
4,1,0.5707216,1
4,1,0.5206544,1
4,1,0.51154304,1
4,1,0.5258832,1
4,1,0.52969724,1
4,1,0.51938784,1
4,1,0.51735044,1
4,1,0.5654799,1
4,1,0.532825,1
4,0,0.61101073,1
4,0,0.6274923,1
4,0,0.618636,1
4,0,0.63650095,1
4,0,0.5670091,1
4,0,0.67459786,1
4,0,0.6443833,1
4,0,0.63352084,1
4,0,0.6384019,1
4,0,0.6453037,1
4,0,0.62549007,1
4,0,0.61899006,1
4,0,0.64231706,1
4,0,0.6409184,1
4,0,0.62223977,1
5,1,0.59031016,1
5,1,0.61434084,1
5,1,0.5929428,1
5,1,0.6049762,1
5,1,0.60423726,1
5,1,0.6095396,1
5,1,0.5949136,1
5,1,0.591555,1
5,1,0.60210115,1
5,1,0.6107107,1
5,1,0.5928367,1
5,1,0.5820488,1
5,1,0.5869765,1
5,1,0.60165006,1
5,1,0.598199,1
5,1,0.59142107,1
5,1,0.6076058,1
5,1,0.55758804,1
5,1,0.5513001,1
5,1,0.53687805,1
5,1,0.54086983,1
5,1,0.5378167,1
5,1,0.49592784,0
5,1,0.55331624,1
5,1,0.5444232,1
5,1,0.536119,1
5,1,0.5326329,1
5,1,0.54091924,1
5,1,0.52338827,1
5,1,0.5472638,1
5,1,0.5389749,1
5,1,0.51976454,1
5,1,0.5253363,1
5,1,0.5529426,1
5,0,0.5177843,1
5,0,0.5287029,1
5,0,0.5346157,1
5,0,0.52078533,1
5,0,0.5329049,1
5,0,0.523914,1
5,0,0.5269105,1
5,0,0.54368764,1
5,0,0.5470763,1
5,0,0.54277146,1
5,0,0.51934963,1
5,0,0.544057,1
5,0,0.5622458,1
5,0,0.5282285,1
5,0,0.5244442,1
5,0,0.51583165,1
5,0,0.5292554,1
5,0,0.5245227,1
5,0,0.51266515,1
5,0,0.5125794,1
5,0,0.49531788,0
5,0,0.511283,1
5,0,0.5072693,1
5,0,0.52463853,1
5,0,0.5002176,1
5,0,0.51333004,1
5,0,0.52129346,1
5,0,0.54116565,1
5,0,0.5307517,1
5,0,0.50707215,1
5,0,0.4940011,0
5,0,0.5131898,1
5,0,0.49827185,0
5,0,0.50771856,1
5,0,0.5232992,1
5,0,0.5231782,1
5,0,0.4997835,0
5,0,0.5069591,1
5,0,0.51281595,1
5,0,0.5192653,1
5,0,0.5097968,1
5,0,0.51987606,1
5,0,0.5178484,1
5,0,0.50861174,1
5,0,0.5084968,1
5,0,0.5271555,1
5,0,0.5268901,1
5,0,0.5244131,1
5,0,0.55029106,1
5,0,0.5176333,1
5,0,0.5717415,1
5,0,0.52023757,1
5,0,0.5189633,1
5,0,0.5220486,1
5,0,0.5184818,1
5,0,0.51845443,1
5,0,0.51951545,1
5,0,0.53588283,1
5,0,0.5543491,1
5,0,0.5130797,1
5,0,0.5131399,1
5,0,0.5420057,1
5,0,0.5330361,1
5,0,0.5212645,1
5,0,0.53924865,1
5,0,0.5455936,1
5,0,0.5577903,1
5,0,0.54591703,1
5,0,0.54237276,1
5,0,0.55039597,1
5,0,0.54162097,1
5,0,0.5515935,1
5,0,0.551872,1
5,0,0.5429344,1
5,0,0.54528606,1
5,0,0.5546293,1
5,0,0.558556,1
5,0,0.55462635,1
5,0,0.5619048,1
5,0,0.56035113,1
5,0,0.55379456,1
5,0,0.54189587,1
5,0,0.5504298,1
5,0,0.556259,1
5,0,0.53036004,1
5,0,0.5509676,1
5,0,0.5453573,1
5,0,0.5487828,1
5,0,0.54810816,1
5,0,0.57364446,1
5,0,0.54710305,1
5,0,0.53867805,1
5,0,0.5533072,1
5,0,0.52384746,1
5,0,0.55414516,1
5,0,0.53375953,1
5,0,0.5503913,1
5,0,0.5329638,1
5,0,0.53861076,1
5,0,0.5691982,1
5,0,0.562347,1
5,0,0.526285,1
5,0,0.5451269,1
5,0,0.5543119,1
5,0,0.5634632,1
5,0,0.57049763,1
5,0,0.54670364,1
5,0,0.53817666,1
5,0,0.54855466,1
5,0,0.5321808,1
5,0,0.5298634,1
5,0,0.55140007,1
5,0,0.55037004,1
5,0,0.56563556,1
5,0,0.5720619,1
5,0,0.54694176,1
5,0,0.54892623,1
5,0,0.5198178,1
5,0,0.56337875,1
5,0,0.51791644,1
5,0,0.5683169,1
5,0,0.5860331,1
5,0,0.56276155,1
5,0,0.53590316,1
5,0,0.5503812,1
5,0,0.5299648,1
5,0,0.5509651,1
5,0,0.53811854,1
5,0,0.5640509,1
5,0,0.534446,1
5,0,0.5553844,1
5,0,0.52023005,1
5,0,0.5399716,1
5,0,0.5653739,1
5,0,0.52534,1
5,0,0.56249905,1
5,0,0.55659425,1
5,0,0.5541353,1
5,0,0.5578084,1
5,0,0.5118559,1
5,0,0.5566052,1
5,0,0.5320701,1
5,0,0.5782154,1
5,0,0.5620163,1
5,0,0.55578744,1
5,0,0.5765136,1
5,0,0.57816476,1
5,0,0.5468805,1
5,0,0.5312761,1
5,0,0.542348,1
5,0,0.51642257,1
5,0,0.542608,1
5,0,0.51973164,1
5,0,0.5117965,1
5,0,0.5186436,1
5,0,0.54251,1
5,0,0.53430545,1
5,0,0.5245493,1
5,0,0.54290974,1
5,0,0.59006107,1
5,0,0.551664,1
5,0,0.5084321,1
5,0,0.5384431,1
5,0,0.528638,1
5,0,0.56358224,1
5,0,0.52776796,1
5,0,0.51606905,1
5,0,0.51182055,1
5,0,0.53179675,1
5,0,0.5413451,1
5,0,0.5458205,1
5,0,0.5341902,1
5,0,0.49518204,0
5,0,0.5007362,1
5,0,0.5031099,1
5,0,0.4926512,0
5,0,0.5286235,1
5,0,0.5235281,1
5,0,0.512363,1
5,0,0.52540684,1
5,0,0.5088229,1
5,0,0.50797474,1
5,0,0.5003455,1
5,0,0.529802,1
5,0,0.5046478,1
5,0,0.50259393,1
5,0,0.48990393,0
5,0,0.5142894,1
5,0,0.5009253,1
5,0,0.50429285,1
5,0,0.51320016,1
5,0,0.48786205,0
5,0,0.5205158,1
5,0,0.49617645,0
5,0,0.48844203,0
5,0,0.5094663,1
5,0,0.52334225,1
5,0,0.48372966,0
5,0,0.50062805,1
5,0,0.52724797,1
5,0,0.49723592,0
5,0,0.5314662,1
5,0,0.5263051,1
5,0,0.5442964,1
5,0,0.54395396,1
5,0,0.5373277,1
5,0,0.5419459,1
5,0,0.5091016,1
5,0,0.50306565,1
5,0,0.51359946,1
5,0,0.52395564,1
5,0,0.50851774,1
5,0,0.4982197,0
5,0,0.5328785,1
5,0,0.525337,1
5,0,0.51017565,1
5,0,0.5048964,1
5,0,0.53215885,1
5,0,0.5247768,1
5,0,0.5162699,1
5,0,0.53786856,1
5,0,0.54907364,1
5,0,0.5538454,1
5,0,0.5591798,1
5,0,0.50614375,1
5,0,0.51230913,1
5,0,0.53623,1
5,0,0.54243046,1
5,0,0.55635625,1
5,0,0.50420874,1
5,0,0.53254056,1
5,0,0.48238084,0
5,0,0.51569366,1
5,0,0.49165502,0
5,0,0.52366924,1
5,0,0.51053447,1
5,0,0.5555638,1
5,0,0.54438454,1
5,0,0.53629696,1
5,0,0.52292687,1
5,0,0.5312999,1
5,0,0.5045062,1
5,0,0.5067201,1
5,0,0.48953095,0
5,0,0.53522617,1
5,0,0.51803833,1
5,0,0.49177185,0
5,0,0.50878906,1
5,0,0.50798064,1
5,0,0.50424933,1
5,0,0.48096555,0
5,0,0.50418997,1
5,0,0.5467203,1
5,0,0.49695444,0
5,0,0.5356798,1
5,0,0.52253526,1
5,0,0.54491776,1
5,0,0.52012724,1
5,0,0.540743,1
5,0,0.5145516,1
5,0,0.53538674,1
5,0,0.5095489,1
5,0,0.52338034,1
5,0,0.5376107,1
5,0,0.5515102,1
5,0,0.56842035,1
5,0,0.5420658,1
5,0,0.53100973,1
5,0,0.5339799,1
5,0,0.54189026,1
5,0,0.5464969,1
5,0,0.55488896,1
5,0,0.5415291,1
5,0,0.54175544,1
5,0,0.5536913,1
5,0,0.5548297,1
5,0,0.5579997,1
5,0,0.53456795,1
5,0,0.549531,1
5,0,0.5317891,1
5,0,0.5306709,1
5,0,0.5359046,1
5,0,0.5565158,1
5,0,0.53322715,1
5,0,0.54064053,1
5,0,0.55497193,1
5,0,0.5448056,1
5,0,0.56142265,1
5,0,0.5688958,1
5,0,0.5646968,1
5,0,0.5489198,1
5,0,0.5310247,1
5,0,0.53079456,1
5,0,0.5730106,1
5,0,0.56246,1
5,0,0.57314754,1
5,0,0.5663902,1
5,0,0.55773646,1
5,0,0.5638878,1
5,0,0.58317524,1
5,0,0.58261335,1
5,0,0.5716314,1
5,0,0.56223303,1
5,0,0.54647666,1
5,0,0.5597687,1
5,0,0.536443,1
5,0,0.56137913,1
5,0,0.5632312,1
5,0,0.55726373,1
5,0,0.558533,1
5,0,0.56379175,1
5,0,0.53846073,1
5,0,0.5466371,1
5,0,0.5573227,1
5,0,0.5628803,1
5,0,0.558638,1
5,0,0.5552575,1
5,0,0.5727502,1
5,0,0.56647956,1
5,0,0.5656973,1
5,0,0.55632854,1
5,0,0.57475644,1
5,0,0.5719043,1
5,0,0.54526365,1
5,0,0.5651177,1
5,0,0.5748983,1
5,0,0.54686624,1
5,0,0.5527453,1
5,0,0.5694449,1
5,0,0.5568303,1
5,0,0.5348348,1
5,0,0.55890197,1
5,0,0.5776012,1
5,0,0.55000484,1
5,0,0.54649436,1
5,0,0.5630735,1
5,0,0.5640657,1
5,0,0.5632097,1
5,0,0.56615925,1
5,0,0.54925966,1
5,0,0.576814,1
5,0,0.54849035,1
5,0,0.5589673,1
5,0,0.5648698,1
5,0,0.5843451,1
5,0,0.5645379,1
5,0,0.59242386,1
5,0,0.58591473,1
5,0,0.5694863,1
5,0,0.56947315,1
5,0,0.58165383,1
5,0,0.575505,1
5,0,0.55750734,1
5,0,0.5685001,1
5,0,0.5634518,1
5,0,0.5816715,1
5,0,0.5910634,1
5,0,0.5713665,1
5,0,0.5691174,1
5,0,0.56125706,1
5,0,0.57314676,1
5,0,0.56397206,1
5,0,0.56879354,1
5,0,0.5644751,1
5,0,0.6035927,1
5,0,0.5724208,1
5,0,0.6072232,1
5,0,0.57454425,1
5,0,0.59490085,1
5,0,0.5809244,1
5,0,0.56211966,1
5,0,0.5699412,1
5,0,0.59177935,1
5,0,0.5862396,1
5,0,0.55690503,1
5,0,0.55348724,1
5,0,0.585753,1
5,0,0.5771984,1
5,1,0.56268764,1
5,1,0.5681319,1
5,1,0.5720308,1
5,1,0.57823396,1
5,1,0.5736208,1
5,1,0.56645197,1
5,1,0.5692406,1
5,1,0.55647355,1
5,1,0.5611362,1
5,1,0.554504,1
5,1,0.5613252,1
5,1,0.5787729,1
5,1,0.5637613,1
5,1,0.5746925,1
5,1,0.5625047,1
5,1,0.5708703,1
5,1,0.56547,1
5,1,0.53269637,1
5,1,0.5469871,1
5,1,0.51817364,1
5,1,0.5506455,1
5,1,0.563325,1
5,1,0.53834325,1
5,1,0.51490766,1
5,1,0.5031892,1
5,1,0.515357,1
5,1,0.5372464,1
5,1,0.48924884,0
5,1,0.5209179,1
5,1,0.52332854,1
5,1,0.5153713,1
5,1,0.5198311,1
5,1,0.54672045,1
5,1,0.53099835,1
5,1,0.52066153,1
5,1,0.53202534,1
5,1,0.53127444,1
5,1,0.5377002,1
5,1,0.5419221,1
5,1,0.5370421,1
5,1,0.5412464,1
5,1,0.53936136,1
5,1,0.533638,1
5,1,0.5218626,1
5,1,0.5193174,1
5,1,0.54155004,1
5,1,0.5291073,1
5,1,0.5618142,1
5,1,0.56465155,1
5,1,0.5688847,1
5,1,0.5291553,1
5,1,0.5473051,1
5,1,0.52759856,1
5,1,0.55732137,1
5,1,0.5338227,1
5,1,0.54734874,1
5,1,0.58485997,1
5,1,0.58502793,1
5,1,0.546761,1
5,1,0.54622644,1
5,1,0.55660754,1
5,1,0.55491775,1
5,1,0.5454308,1
5,1,0.53300834,1
5,1,0.5686936,1
5,1,0.56695324,1
5,1,0.54105103,1
5,1,0.5591958,1
5,1,0.55350083,1
5,1,0.5296904,1
5,1,0.5394513,1
5,1,0.51987684,1
5,1,0.51660556,1
5,1,0.5517603,1
5,1,0.5514757,1
5,1,0.5271353,1
5,1,0.5274365,1
5,1,0.54254794,1
5,1,0.5314633,1
5,1,0.5536083,1
5,1,0.5440138,1
5,1,0.5368878,1
5,1,0.52067906,1
5,1,0.5355203,1
5,1,0.53504705,1
5,1,0.5068557,1
5,1,0.5136759,1
5,1,0.51525474,1
5,1,0.5021765,1
5,1,0.52588433,1
5,1,0.5476645,1
5,1,0.5443167,1
5,1,0.53377455,1
5,1,0.5397351,1
5,1,0.5491929,1
5,1,0.53663653,1
5,1,0.5569339,1
5,1,0.568164,1
5,1,0.5303737,1
5,1,0.5220073,1
5,1,0.5204582,1
5,1,0.546749,1
5,1,0.51569974,1
5,1,0.544078,1
5,1,0.5465452,1
5,1,0.58412653,1
5,1,0.5189594,1
5,1,0.56435215,1
5,1,0.5495142,1
5,1,0.52421683,1
5,1,0.5279299,1
5,1,0.5154757,1
5,1,0.50825465,1
5,1,0.51383114,1
5,1,0.53836346,1
5,1,0.51425064,1
5,1,0.52235633,1
5,1,0.4909862,0
5,1,0.5277241,1
5,1,0.48756197,0
5,1,0.5348531,1
5,1,0.512945,1
5,1,0.54372895,1
5,1,0.5218495,1
5,1,0.545952,1
5,1,0.5521052,1
5,1,0.51919645,1
5,1,0.5452374,1
5,1,0.5207894,1
5,1,0.56802434,1
5,1,0.56971073,1
5,1,0.58640254,1
5,1,0.5735633,1
5,1,0.5931759,1
5,1,0.5855574,1
5,1,0.51702654,1
5,1,0.5176037,1
5,1,0.4901078,0
5,1,0.4960202,0
5,1,0.5250615,1
5,1,0.5012349,1
5,1,0.51273817,1
5,1,0.50701946,1
5,1,0.5047255,1
5,1,0.5262236,1
5,1,0.5281375,1
5,1,0.5512558,1
5,1,0.558745,1
5,1,0.53729314,1
5,1,0.53093773,1
5,1,0.5405612,1
5,1,0.53586507,1
5,1,0.53898925,1
5,1,0.53874683,1
5,1,0.53642523,1
5,1,0.54179084,1
5,1,0.5340052,1
5,1,0.5177232,1
5,1,0.55136013,1
5,1,0.5431464,1
5,1,0.4974787,0
5,1,0.5044728,1
5,1,0.56343925,1
5,1,0.5482552,1
5,1,0.54062194,1
5,1,0.54448885,1
5,1,0.5536879,1
5,1,0.56159365,1
5,1,0.54185194,1
5,1,0.56194866,1
5,1,0.54534733,1
5,1,0.5269803,1
5,1,0.52614635,1
5,1,0.5141931,1
5,1,0.5143251,1
5,1,0.5404591,1
5,1,0.53199166,1
5,1,0.52781785,1
5,1,0.5470119,1
5,1,0.5485435,1
5,1,0.5180079,1
5,1,0.520508,1
5,1,0.527888,1
5,1,0.530352,1
5,1,0.50555575,1
5,1,0.49864736,0
5,1,0.5111974,1
5,1,0.5306009,1
5,1,0.5165948,1
5,1,0.5124568,1
5,1,0.525266,1
5,1,0.52740026,1
5,1,0.5052365,1
5,1,0.51510924,1
5,1,0.5252844,1
5,1,0.52005506,1
5,1,0.52142984,1
5,1,0.5132024,1
5,1,0.5497352,1
5,1,0.52376163,1
5,1,0.53219324,1
5,1,0.54863244,1
5,1,0.5384611,1
5,1,0.4965004,0
5,1,0.52036935,1
5,1,0.53197885,1
5,1,0.53923136,1
5,1,0.5260974,1
5,1,0.53789866,1
5,1,0.5414541,1
5,1,0.5264297,1
5,1,0.52308697,1
5,1,0.55379874,1
5,1,0.53006226,1
5,1,0.53948265,1
5,1,0.51971185,1
5,1,0.51679933,1
5,1,0.5523468,1
5,1,0.55212593,1
5,1,0.5288773,1
5,1,0.5275841,1
5,1,0.54254097,1
5,1,0.53136796,1
5,1,0.49650663,0
5,1,0.56625515,1
5,1,0.557743,1
5,1,0.5257037,1
5,1,0.54155743,1
5,1,0.5384674,1
5,1,0.5437313,1
5,1,0.5480705,1
5,1,0.54240507,1
5,1,0.5258584,1
5,1,0.54829526,1
5,1,0.545488,1
5,1,0.51343215,1
5,1,0.5323818,1
5,1,0.5646695,1
5,1,0.5422611,1
5,1,0.52609044,1
5,1,0.5302107,1
5,1,0.534044,1
5,1,0.50500786,1
5,1,0.5462306,1
5,1,0.5478048,1
5,1,0.54540265,1
5,1,0.53446734,1
5,1,0.5389828,1
5,1,0.5500913,1
5,1,0.53663695,1
5,1,0.5568923,1
5,1,0.5685566,1
5,1,0.530158,1
5,1,0.52745205,1
5,1,0.53495926,1
5,1,0.5573566,1
5,1,0.53990227,1
5,1,0.5456519,1
5,1,0.5498718,1
5,1,0.52311504,1
5,1,0.5257636,1
5,1,0.5521865,1
5,1,0.53440565,1
5,1,0.5237139,1
5,1,0.527944,1
5,1,0.5297234,1
5,1,0.5257814,1
5,1,0.5238134,1
5,1,0.51283836,1
5,1,0.50878453,1
5,1,0.5488786,1
5,1,0.5108259,1
5,1,0.52777946,1
5,1,0.52157575,1
5,1,0.5432489,1
5,1,0.52030796,1
5,1,0.52946323,1
5,1,0.5327729,1
5,1,0.53844917,1
5,1,0.52661943,1
5,1,0.5317541,1
5,1,0.5535643,1
5,1,0.54077536,1
5,1,0.52584094,1
5,1,0.5064818,1
5,1,0.52297,1
5,1,0.52927834,1
5,1,0.515616,1
5,1,0.51858693,1
5,1,0.5248965,1
5,1,0.51274884,1
5,1,0.52608824,1
5,1,0.5198432,1
5,1,0.5347705,1
5,0,0.613449,1
5,0,0.6145821,1
5,0,0.59766555,1
5,0,0.5941301,1
5,0,0.60600704,1
5,0,0.60953844,1
5,0,0.6241021,1
5,0,0.5959798,1
5,0,0.5993244,1
5,0,0.59292984,1
5,0,0.59542745,1
5,0,0.6162446,1
5,0,0.6062922,1
5,0,0.60668945,1
5,0,0.6184689,1
5,0,0.60431683,1
5,0,0.60644656,1
5,0,0.6150407,1
5,0,0.6076437,1
5,0,0.6029285,1
5,0,0.6184076,1
5,0,0.60884184,1
5,0,0.61473083,1
5,0,0.6141154,1
5,0,0.59516555,1
5,0,0.61648875,1
5,0,0.60522836,1
5,0,0.6093193,1
5,0,0.6044676,1
5,0,0.6297772,1
5,0,0.6117745,1
5,0,0.60237,1
5,0,0.60259163,1
5,0,0.61113685,1
5,0,0.6020088,1
5,0,0.601573,1
5,0,0.60569495,1
5,0,0.6141939,1
5,0,0.6089563,1
5,0,0.6020879,1
5,0,0.6118052,1
5,0,0.6147733,1
5,0,0.5978137,1
5,0,0.6047262,1
5,0,0.6103353,1
5,0,0.6096223,1
5,0,0.59931076,1
5,0,0.61572707,1
5,0,0.59347814,1
5,0,0.6004119,1
5,0,0.59705,1
5,0,0.60186553,1
5,0,0.56795764,1
5,0,0.602229,1
5,0,0.61905164,1
5,0,0.6153968,1
5,0,0.58508414,1
5,0,0.60711855,1
5,0,0.60181624,1
5,0,0.6132954,1
5,0,0.6001143,1
5,0,0.6200638,1
5,0,0.60720646,1
5,0,0.5984816,1
5,0,0.610541,1
5,0,0.59502107,1
5,0,0.6048516,1
5,0,0.5908057,1
5,0,0.5947498,1
5,0,0.6042965,1
5,0,0.60096097,1
5,0,0.60432607,1
5,0,0.58630705,1
5,0,0.61599183,1
5,0,0.61352974,1
5,0,0.61220217,1
5,0,0.61889535,1
5,0,0.60305446,1
5,0,0.6004228,1
5,0,0.6113194,1
5,0,0.602127,1
5,0,0.5869362,1
5,0,0.6092042,1
5,0,0.5985091,1
5,0,0.5888438,1
5,0,0.61132234,1
5,0,0.59373635,1
5,0,0.60713094,1
5,0,0.60501546,1
5,0,0.6162256,1
5,0,0.61620563,1
5,0,0.6018516,1
5,0,0.597774,1
5,0,0.6151947,1
5,0,0.620332,1
5,0,0.61601156,1
5,0,0.618255,1
5,0,0.6079255,1
5,0,0.6117988,1
5,0,0.59138733,1
5,0,0.5976578,1
5,0,0.58935475,1
5,1,0.6201685,1
5,1,0.5945568,1
5,1,0.59993124,1
5,1,0.5828,1
5,1,0.5794018,1
5,1,0.600595,1
5,1,0.60316825,1
5,1,0.6013971,1
5,1,0.5938094,1
5,1,0.59164983,1
5,1,0.5913631,1
5,1,0.6072742,1
5,1,0.60799056,1
5,1,0.5913704,1
5,1,0.5981752,1
5,1,0.5997359,1
5,1,0.6024135,1
5,1,0.6042493,1
5,0,0.6062383,1
5,0,0.60455686,1
5,0,0.6032233,1
5,0,0.606095,1
5,0,0.6211147,1
5,0,0.586136,1
5,0,0.60338897,1
5,0,0.6080591,1
5,0,0.6063018,1
5,0,0.60795057,1
5,0,0.6113555,1
5,0,0.61191535,1
5,0,0.6099521,1
5,0,0.61592716,1
5,0,0.5991413,1
5,0,0.59880775,1
5,0,0.5981074,1
5,0,0.6026192,1
5,0,0.6070598,1
5,0,0.6061091,1
5,0,0.6047045,1
5,0,0.60533553,1
5,0,0.5861223,1
5,0,0.6063725,1
5,0,0.6071359,1
5,0,0.60058683,1
5,0,0.5879726,1
5,0,0.59825414,1
5,0,0.6117723,1
5,0,0.6093935,1
5,0,0.5966918,1
5,0,0.5949856,1
5,0,0.6003843,1
5,0,0.6016821,1
5,0,0.58986944,1
5,0,0.59766036,1
5,0,0.606539,1
5,0,0.61556,1
5,0,0.6009907,1
5,0,0.57933617,1
5,0,0.6000755,1
5,0,0.59881216,1
5,0,0.6078567,1
5,0,0.6075431,1
5,0,0.59510195,1
5,0,0.5959018,1
5,0,0.60014594,1
5,0,0.625132,1
5,0,0.605875,1
5,0,0.6025226,1
5,0,0.5963556,1
5,0,0.5971677,1
5,0,0.6028547,1
5,0,0.6078754,1
5,0,0.60388243,1
5,0,0.5972956,1
5,0,0.59652215,1
5,0,0.6020554,1
5,0,0.60647047,1
5,0,0.5993219,1
5,0,0.5963862,1
5,0,0.60095346,1
5,0,0.62485796,1
5,0,0.61523163,1
5,0,0.6114222,1
5,0,0.6124116,1
5,0,0.6054091,1
5,0,0.60821575,1
5,0,0.6030416,1
5,0,0.6081563,1
5,0,0.600975,1
5,0,0.60155386,1
5,0,0.62125707,1
5,0,0.6084074,1
5,0,0.6042635,1
5,0,0.5988528,1
5,0,0.5916959,1
5,0,0.600289,1
5,0,0.60667145,1
5,0,0.603752,1
5,0,0.59622055,1
5,0,0.6105308,1
5,0,0.59358424,1
5,0,0.59763294,1
5,0,0.58605,1
5,0,0.58252704,1
5,0,0.59233737,1
5,0,0.57345283,1
5,0,0.5766102,1
5,0,0.5885516,1
5,0,0.5754689,1
5,0,0.563188,1
5,0,0.5777576,1
5,0,0.5695301,1
5,0,0.5744084,1
5,0,0.5703344,1
5,0,0.58165777,1
5,0,0.57985866,1
5,0,0.5874427,1
5,0,0.5979701,1
5,0,0.59509516,1
5,0,0.59148276,1
5,0,0.59521693,1
5,0,0.57840663,1
5,0,0.5888995,1
5,1,0.5779357,1
5,1,0.57398826,1
5,1,0.56791735,1
5,1,0.5990404,1
5,1,0.5824143,1
5,1,0.555113,1
5,1,0.58139294,1
5,1,0.57915527,1
5,1,0.58624154,1
5,1,0.57079697,1
5,1,0.5900759,1
5,1,0.5834649,1
5,1,0.5979026,1
5,1,0.5259233,1
5,1,0.5325908,1
5,1,0.52668124,1
5,1,0.51484954,1
5,1,0.5309141,1
5,1,0.5293841,1
5,1,0.51366246,1
5,1,0.5129394,1
5,1,0.51497185,1
5,1,0.53709763,1
5,1,0.52071315,1
5,1,0.52210337,1
5,1,0.5212939,1
5,1,0.51824003,1
5,1,0.49857393,0
5,0,0.59082335,1
5,0,0.5829657,1
5,0,0.5844733,1
5,0,0.5824096,1
5,0,0.5549046,1
5,0,0.5773766,1
5,0,0.5473042,1
5,0,0.6019359,1
5,0,0.5703908,1
5,0,0.5530572,1
5,0,0.55473644,1
5,0,0.59440386,1
5,0,0.58553964,1
5,0,0.59240806,1
5,0,0.5601785,1
5,0,0.59775466,1
5,0,0.58437634,1
5,0,0.56206816,1
5,0,0.6067546,1
5,0,0.5952158,1
5,0,0.61315334,1
5,0,0.599725,1
5,0,0.6102609,1
5,0,0.61513776,1
5,0,0.597426,1
5,0,0.6080302,1
5,0,0.5964897,1
5,0,0.579416,1
5,0,0.5638129,1
5,0,0.5670528,1
5,0,0.54740584,1
5,0,0.5709447,1
5,0,0.5876155,1
5,0,0.5364522,1
5,0,0.53896904,1
5,0,0.5670479,1
5,0,0.56578773,1
5,0,0.58476365,1
5,0,0.57411283,1
5,0,0.571605,1
5,0,0.5739091,1
5,0,0.5862025,1
5,0,0.5710055,1
5,0,0.5708324,1
5,0,0.543273,1
5,0,0.5640644,1
5,0,0.561263,1
5,0,0.5694146,1
5,0,0.56763065,1
5,0,0.55900127,1
5,0,0.5508806,1
5,0,0.54952335,1
5,0,0.5530172,1
5,0,0.5546614,1
5,0,0.5699606,1
5,0,0.5717006,1
5,0,0.5921603,1
5,0,0.58394605,1
5,0,0.60096455,1
5,0,0.5841994,1
5,0,0.58802694,1
5,0,0.58359283,1
5,0,0.5564362,1
5,0,0.5585696,1
5,0,0.5657527,1
5,0,0.5525566,1
5,0,0.5798111,1
5,0,0.57680786,1
5,0,0.6014548,1
5,0,0.5930999,1
5,0,0.5981248,1
5,0,0.6047038,1
5,0,0.6119387,1
5,0,0.60556084,1
5,0,0.5918336,1
5,0,0.5954108,1
5,0,0.5922741,1
5,0,0.59180903,1
5,0,0.594665,1
5,0,0.6082037,1
5,0,0.57286173,1
5,0,0.57155395,1
5,0,0.5924415,1
5,0,0.5605088,1
5,0,0.6013144,1
5,0,0.5992077,1
5,0,0.5977226,1
5,0,0.59843063,1
5,0,0.60865664,1
5,0,0.5512257,1
5,0,0.5476707,1
5,0,0.5798222,1
5,0,0.56659395,1
5,0,0.54525405,1
5,0,0.5782111,1
5,0,0.54379773,1
5,0,0.56648034,1
5,0,0.53952473,1
5,0,0.5792818,1
5,0,0.5888628,1
5,0,0.5968784,1
5,0,0.57562375,1
5,1,0.58148843,1
5,1,0.5901682,1
5,1,0.58049667,1
5,1,0.55439454,1
5,1,0.59039325,1
5,1,0.5654732,1
5,1,0.60245734,1
5,1,0.6007186,1
5,1,0.6048731,1
5,1,0.61403406,1
5,1,0.6083587,1
5,1,0.604747,1
5,1,0.6098533,1
5,1,0.6029591,1
5,1,0.59785944,1
5,1,0.5751953,1
5,1,0.5850243,1
5,1,0.5484911,1
5,0,0.5643294,1
5,0,0.5413053,1
5,0,0.5914612,1
5,0,0.5718556,1
5,0,0.5870323,1
5,0,0.56851536,1
5,0,0.54449886,1
5,0,0.53319234,1
5,0,0.5780043,1
5,0,0.5457122,1
5,0,0.5570908,1
5,0,0.53472334,1
5,0,0.5815657,1
5,0,0.5377872,1
5,0,0.5477578,1
5,0,0.54128104,1
5,0,0.5561847,1
5,0,0.5594419,1
5,0,0.55152494,1
5,0,0.56821746,1
5,0,0.57052517,1
5,0,0.5755531,1
5,0,0.5503316,1
5,0,0.5333724,1
5,0,0.58721185,1
5,0,0.55950755,1
5,0,0.5807809,1
5,0,0.58373773,1
5,0,0.5350009,1
5,0,0.5781458,1
5,0,0.5496989,1
5,0,0.56731516,1
5,0,0.5427052,1
5,0,0.55680704,1
5,0,0.533408,1
5,0,0.56169575,1
5,1,0.5834693,1
5,1,0.5820676,1
5,1,0.548595,1
5,1,0.5465585,1
5,1,0.55838686,1
5,1,0.5546328,1
5,1,0.5457894,1
5,1,0.53901213,1
5,1,0.52258736,1
5,1,0.54697096,1
5,1,0.5216249,1
5,1,0.5502803,1
5,1,0.54104817,1
5,1,0.5214588,1
5,1,0.5449678,1
5,1,0.53196895,1
5,1,0.50377846,1
5,1,0.53348345,1
5,1,0.5220154,1
5,1,0.5403442,1
5,1,0.566309,1
5,1,0.5362914,1
5,1,0.52502626,1
5,1,0.5539779,1
5,1,0.54907805,1
5,1,0.55917066,1
5,1,0.5358427,1
5,1,0.5427167,1
5,1,0.52757794,1
5,1,0.55476797,1
5,1,0.5586559,1
5,1,0.5568307,1
5,1,0.5572185,1
5,1,0.5274732,1
5,1,0.55814135,1
5,0,0.5531999,1
5,0,0.55148864,1
5,0,0.5600651,1
5,0,0.5455494,1
5,0,0.550824,1
5,0,0.5695497,1
5,0,0.54616016,1
5,0,0.5421162,1
5,0,0.5526647,1
5,0,0.5380165,1
5,0,0.55097055,1
5,0,0.5351284,1
5,0,0.51644206,1
5,0,0.5215949,1
5,0,0.5531311,1
5,0,0.57037795,1
5,0,0.5886818,1
5,0,0.57182115,1
5,0,0.5661429,1
5,0,0.5835187,1
5,0,0.59017026,1
5,0,0.59808797,1
5,0,0.5639072,1
5,0,0.5889715,1
5,0,0.5793656,1
5,0,0.5699647,1
5,0,0.588116,1
5,0,0.5864967,1
5,1,0.5831238,1
5,1,0.58727235,1
5,1,0.560878,1
5,1,0.5579711,1
5,1,0.5505564,1
5,1,0.5753915,1
5,1,0.56440127,1
5,1,0.5412739,1
5,1,0.5671254,1
5,1,0.5522646,1
5,1,0.60119826,1
5,1,0.59876025,1
5,1,0.6059965,1
5,1,0.61092335,1
5,1,0.5507556,1
5,1,0.5469686,1
5,1,0.5630958,1
5,1,0.5485993,1
5,1,0.5682432,1
5,1,0.5738774,1
5,1,0.6028677,1
5,1,0.59832215,1
5,1,0.59822613,1
5,1,0.5909099,1
5,1,0.5941542,1
5,1,0.5858607,1
5,1,0.6012247,1
5,1,0.5396241,1
5,1,0.56129265,1
5,1,0.5803166,1
5,1,0.5700958,1
5,1,0.5806788,1
5,1,0.55137885,1
5,1,0.56570673,1
5,1,0.574282,1
5,1,0.5886641,1
5,1,0.5843476,1
5,1,0.5724704,1
5,1,0.56926614,1
5,1,0.5669805,1
5,1,0.57368594,1
5,1,0.57381904,1
5,1,0.5666849,1
5,1,0.5706521,1
5,1,0.5620913,1
5,1,0.57119185,1
5,0,0.51499367,1
5,0,0.54159355,1
5,0,0.5435377,1
5,0,0.5733598,1
5,0,0.5598706,1
5,0,0.5887081,1
5,0,0.57554024,1
5,0,0.5573254,1
5,0,0.5743043,1
5,0,0.59879106,1
5,0,0.5815665,1
5,0,0.5636864,1
5,0,0.5657296,1
5,0,0.56529367,1
5,0,0.57375526,1
5,0,0.5675531,1
5,0,0.57970023,1
5,0,0.58735204,1
5,0,0.5586635,1
5,0,0.57704186,1
5,0,0.5530621,1
5,0,0.5642532,1
5,0,0.54324085,1
5,0,0.5703959,1
5,0,0.5184771,1
5,0,0.53975827,1
5,0,0.49200997,0
5,0,0.5032691,1
5,0,0.4857802,0
5,0,0.54782057,1
5,0,0.49047706,0
5,0,0.54890984,1
5,0,0.48479536,0
5,0,0.5115674,1
5,0,0.47185597,0
5,0,0.51109195,1
