Fold,Label,Prob,Preds
1,1,0.65356576,1
1,1,0.6525929,1
1,1,0.6521661,1
1,1,0.6521735,1
1,1,0.65033466,1
1,1,0.6510115,1
1,1,0.65148365,1
1,1,0.650653,1
1,1,0.6494969,1
1,1,0.65089935,1
1,1,0.6510997,1
1,1,0.6517396,1
1,1,0.65023905,1
1,1,0.6524517,1
1,1,0.4382451,0
1,1,0.43824622,0
1,1,0.43840274,0
1,1,0.4382755,0
1,1,0.43831724,0
1,1,0.43828285,0
1,1,0.43823457,0
1,1,0.4383349,0
1,1,0.43825713,0
1,1,0.43834674,0
1,1,0.43831477,0
1,1,0.43833354,0
1,1,0.4382778,0
1,1,0.438252,0
1,1,0.43829885,0
1,1,0.645108,1
1,1,0.6452266,1
1,1,0.64445025,1
1,1,0.6440874,1
1,1,0.64514196,1
1,1,0.64579564,1
1,1,0.6446392,1
1,1,0.6445702,1
1,1,0.7338129,1
1,1,0.73249006,1
1,1,0.73099977,1
1,1,0.7314663,1
1,1,0.73146933,1
1,1,0.72874177,1
1,1,0.73631775,1
1,1,0.7291901,1
1,1,0.72983074,1
1,1,0.72962314,1
1,1,0.73134845,1
1,1,0.7294057,1
1,1,0.73545957,1
1,1,0.6849961,1
1,1,0.6882229,1
1,1,0.6885622,1
1,1,0.68593204,1
1,1,0.68726486,1
1,1,0.69102734,1
1,1,0.689148,1
1,1,0.68956804,1
1,1,0.6893599,1
1,1,0.6910602,1
1,1,0.69158566,1
1,1,0.6893446,1
1,1,0.69264746,1
1,1,0.6899049,1
1,1,0.69085646,1
1,1,0.690361,1
1,1,0.6904068,1
1,1,0.7010598,1
1,1,0.70156366,1
1,1,0.70117,1
1,1,0.7004041,1
1,1,0.7023175,1
1,1,0.70426,1
1,1,0.70274514,1
1,1,0.70313376,1
1,1,0.7037161,1
1,1,0.7046739,1
1,1,0.7040923,1
1,1,0.70388275,1
1,1,0.70514405,1
1,1,0.69867593,1
1,1,0.6993212,1
1,1,0.70022565,1
1,1,0.699303,1
1,1,0.6982385,1
1,1,0.69822776,1
1,1,0.69771934,1
1,1,0.6973891,1
1,1,0.69833124,1
1,1,0.69875705,1
1,1,0.69819146,1
1,0,0.43825427,0
1,0,0.43830708,0
1,0,0.4382472,0
1,0,0.4382158,0
1,0,0.43831265,0
1,0,0.4382283,0
1,0,0.43831852,0
1,0,0.43828171,0
1,0,0.4383053,0
1,1,0.4381016,0
1,1,0.4381976,0
1,1,0.4381983,0
1,1,0.43815875,0
1,1,0.43815172,0
1,1,0.438136,0
1,1,0.4380747,0
1,1,0.5729517,1
1,1,0.57476467,1
1,1,0.5741347,1
1,1,0.57605696,1
1,1,0.57627904,1
1,1,0.57715076,1
1,1,0.5771425,1
1,1,0.5769878,1
1,1,0.5770861,1
1,1,0.64427435,1
1,1,0.64426833,1
1,1,0.64285725,1
1,1,0.64366007,1
1,1,0.6423935,1
1,1,0.64277154,1
1,1,0.6426302,1
1,1,0.64239454,1
1,1,0.6419613,1
1,1,0.6427006,1
1,1,0.64224213,1
1,1,0.64338773,1
1,1,0.642454,1
1,1,0.64439744,1
1,1,0.6538013,1
1,1,0.6536263,1
1,1,0.65187955,1
1,1,0.65149117,1
1,1,0.65231174,1
1,1,0.6523064,1
1,1,0.6533873,1
1,1,0.65122473,1
1,1,0.6513569,1
1,1,0.6507,1
1,1,0.65170324,1
1,1,0.6505858,1
1,1,0.6525732,1
1,1,0.6527855,1
1,1,0.651992,1
1,1,0.64787114,1
1,1,0.6470848,1
1,1,0.64765596,1
1,1,0.6482714,1
1,1,0.64676213,1
1,1,0.64691263,1
1,1,0.6478263,1
1,1,0.64656866,1
1,1,0.6472225,1
1,1,0.6477134,1
1,1,0.64714164,1
1,1,0.6481438,1
1,1,0.64792544,1
1,1,0.64753187,1
1,1,0.6438499,1
1,1,0.643807,1
1,1,0.64522684,1
1,1,0.64441746,1
1,1,0.64410883,1
1,1,0.64482063,1
1,1,0.64610565,1
1,1,0.6449541,1
1,1,0.64540213,1
1,1,0.6455212,1
1,1,0.6459124,1
1,1,0.64627635,1
1,1,0.6448205,1
1,1,0.6456051,1
1,1,0.64577717,1
1,1,0.64671993,1
1,1,0.64678335,1
1,1,0.6460721,1
1,1,0.64716154,1
1,1,0.64729214,1
1,1,0.64638805,1
1,1,0.4360119,0
1,1,0.43603313,0
1,1,0.43599224,0
1,1,0.43595645,0
1,1,0.43606052,0
1,1,0.43587503,0
1,1,0.43620953,0
1,1,0.43602893,0
1,1,0.43603104,0
1,1,0.43599913,0
1,1,0.43604803,0
1,1,0.43607855,0
1,1,0.4360311,0
1,1,0.4360124,0
1,1,0.63357484,1
1,1,0.6341092,1
1,1,0.63369465,1
1,1,0.63438004,1
1,1,0.6343229,1
1,1,0.43811843,0
1,1,0.43811235,0
1,1,0.43813646,0
1,1,0.43812817,0
1,1,0.43823817,0
1,1,0.43814206,0
1,1,0.43803772,0
1,1,0.43810505,0
1,1,0.43811157,0
1,1,0.43815848,0
1,1,0.438043,0
1,1,0.43814155,0
1,1,0.43808714,0
1,1,0.43802997,0
1,1,0.4380458,0
1,1,0.43801424,0
1,1,0.43812823,0
1,1,0.43793863,0
1,1,0.43798313,0
1,1,0.4381748,0
1,1,0.43790475,0
1,1,0.43804646,0
1,1,0.4380686,0
1,1,0.43793184,0
1,1,0.43798047,0
1,1,0.4380397,0
1,1,0.43792567,0
1,1,0.4379613,0
1,1,0.4380457,0
1,1,0.4379346,0
1,1,0.4379918,0
1,1,0.43802366,0
1,1,0.4380135,0
1,1,0.43797088,0
1,1,0.43793133,0
1,1,0.43789777,0
1,1,0.6103027,1
1,1,0.6098935,1
1,1,0.6101126,1
1,1,0.60960513,1
1,1,0.6099687,1
1,1,0.6103947,1
1,1,0.61000943,1
1,1,0.609259,1
1,1,0.6092759,1
1,1,0.609129,1
1,1,0.6086207,1
1,1,0.608998,1
1,1,0.6083162,1
1,1,0.6089111,1
1,1,0.4382913,0
1,1,0.43822613,0
1,1,0.4381709,0
1,1,0.4383625,0
1,1,0.4382613,0
1,1,0.43827608,0
1,1,0.43826255,0
1,1,0.43825012,0
1,1,0.43824464,0
1,1,0.43828192,0
1,1,0.43827468,0
1,1,0.4383667,0
1,1,0.4382816,0
1,1,0.4381922,0
1,1,0.4382413,0
1,1,0.4382663,0
1,1,0.4383034,0
1,1,0.43818557,0
1,1,0.43828884,0
1,1,0.43823802,0
1,1,0.4382391,0
1,1,0.43821356,0
1,1,0.43807107,0
1,1,0.43808886,0
1,1,0.43805775,0
1,1,0.43806672,0
1,1,0.43807378,0
1,1,0.43810564,0
1,1,0.4380277,0
1,1,0.43804428,0
1,1,0.4380099,0
1,1,0.6232893,1
1,1,0.62334335,1
1,1,0.6234848,1
1,1,0.6230727,1
1,1,0.623404,1
1,1,0.6236579,1
1,1,0.6232588,1
1,1,0.6231462,1
1,1,0.6228236,1
1,1,0.62277687,1
1,1,0.6230737,1
1,1,0.6230115,1
1,1,0.6222665,1
1,1,0.6227849,1
1,1,0.71482617,1
1,1,0.7132506,1
1,1,0.71315545,1
1,1,0.71820426,1
1,1,0.7179023,1
1,1,0.7143821,1
1,1,0.71606934,1
1,1,0.7214818,1
1,1,0.7188556,1
1,1,0.71998733,1
1,1,0.71785915,1
1,1,0.7212489,1
1,1,0.72183853,1
1,1,0.7177612,1
1,1,0.7236149,1
1,1,0.71986824,1
1,1,0.7197668,1
1,1,0.7193707,1
1,1,0.7348399,1
1,1,0.73728657,1
1,1,0.73303366,1
1,1,0.7332688,1
1,1,0.7358671,1
1,1,0.74088824,1
1,1,0.7339507,1
1,1,0.73530006,1
1,1,0.7414417,1
1,1,0.7465829,1
1,1,0.74500984,1
1,1,0.7447808,1
1,1,0.7482466,1
1,1,0.7485041,1
1,1,0.7438838,1
1,1,0.7488457,1
1,1,0.7421656,1
1,1,0.7419169,1
1,1,0.7467811,1
1,1,0.74469376,1
1,1,0.739937,1
1,1,0.7411302,1
1,1,0.6423476,1
1,1,0.6421156,1
1,1,0.6411235,1
1,1,0.6418919,1
1,1,0.6407183,1
1,1,0.64089507,1
1,1,0.64070314,1
1,1,0.64057815,1
1,1,0.64018714,1
1,1,0.6408653,1
1,1,0.6404734,1
1,1,0.641635,1
1,1,0.6406549,1
1,1,0.64263433,1
1,1,0.43825755,0
1,1,0.43829498,0
1,1,0.4382667,0
1,1,0.43820897,0
1,1,0.4383203,0
1,1,0.4382369,0
1,1,0.4383325,0
1,1,0.43830544,0
1,1,0.43831992,0
1,1,0.63405263,1
1,1,0.63275456,1
1,1,0.6330028,1
1,1,0.6340047,1
1,1,0.6329557,1
1,1,0.6327666,1
1,1,0.63273,1
1,1,0.6324549,1
1,1,0.63275474,1
1,1,0.6325124,1
1,1,0.6324083,1
1,1,0.63352466,1
1,1,0.63325423,1
1,1,0.63275725,1
1,1,0.6096647,1
1,1,0.6091529,1
1,1,0.60939765,1
1,1,0.60898954,1
1,1,0.6092428,1
1,1,0.60932714,1
1,1,0.6089853,1
1,1,0.60882485,1
1,1,0.60853165,1
1,1,0.6082505,1
1,1,0.6082754,1
1,1,0.6080432,1
1,1,0.6068574,1
1,1,0.60808957,1
1,1,0.57912624,1
1,1,0.57849973,1
1,1,0.57747066,1
1,1,0.5756948,1
1,1,0.5756632,1
1,1,0.5759114,1
1,1,0.5748015,1
1,1,0.57451767,1
1,1,0.5722242,1
1,1,0.573222,1
1,1,0.57382095,1
1,1,0.5720072,1
1,1,0.5707534,1
1,1,0.5710563,1
1,1,0.57023275,1
1,1,0.56735265,1
1,1,0.5678805,1
1,1,0.5683475,1
1,1,0.5661616,1
1,1,0.5993207,1
1,1,0.5990953,1
1,1,0.5992202,1
1,1,0.59853476,1
1,1,0.59900725,1
1,1,0.5986366,1
1,1,0.5985245,1
1,1,0.59848607,1
1,1,0.59780306,1
1,1,0.5976064,1
1,1,0.59794915,1
1,1,0.59743667,1
1,1,0.5961206,1
1,1,0.5966375,1
1,0,0.6886294,1
1,0,0.6918101,1
1,0,0.689833,1
1,0,0.6905033,1
1,0,0.6907297,1
1,0,0.69100463,1
1,0,0.6925153,1
1,0,0.6896565,1
1,0,0.6914594,1
1,0,0.68783057,1
1,0,0.6877465,1
1,0,0.690579,1
1,0,0.68949866,1
1,0,0.6875345,1
1,0,0.6871971,1
1,0,0.68790376,1
1,0,0.68499684,1
1,1,0.4386358,0
1,1,0.43862215,0
1,1,0.4386459,0
1,1,0.43855843,0
1,1,0.43859902,0
1,1,0.43853122,0
1,1,0.43858135,0
1,1,0.43872452,0
1,1,0.4385053,0
1,1,0.43863556,0
1,1,0.43863434,0
1,1,0.43858898,0
1,1,0.43862763,0
1,1,0.43860945,0
1,1,0.4386177,0
1,1,0.43860486,0
1,1,0.4385619,0
1,1,0.43851238,0
1,1,0.4386652,0
1,1,0.43861344,0
1,1,0.43895984,0
1,1,0.43925667,0
1,1,0.4395082,0
1,1,0.43885422,0
1,1,0.43935663,0
1,1,0.43965977,0
1,1,0.439435,0
1,1,0.4378486,0
1,1,0.44004217,0
1,1,0.43954596,0
1,1,0.43948257,0
1,1,0.4383424,0
1,1,0.43838975,0
1,1,0.43828344,0
1,1,0.43841568,0
1,1,0.4384326,0
1,1,0.4384865,0
1,1,0.43835443,0
1,1,0.4384623,0
1,1,0.43844575,0
1,1,0.43833482,0
1,1,0.4383374,0
1,1,0.43833748,0
1,1,0.43829846,0
1,1,0.43843892,0
1,1,0.43838042,0
1,1,0.4384253,0
1,1,0.43841162,0
1,1,0.4383291,0
1,1,0.43838966,0
1,1,0.43838334,0
1,0,0.43825638,0
1,0,0.43836117,0
1,0,0.4382845,0
1,0,0.43837205,0
1,0,0.43834952,0
1,0,0.4383622,0
1,0,0.43830165,0
1,0,0.4382821,0
1,0,0.43832386,0
1,0,0.43831143,0
1,0,0.4383858,0
1,0,0.43826985,0
1,0,0.43829927,0
1,0,0.43831822,0
1,0,0.43846935,0
1,0,0.43834484,0
1,0,0.4383667,0
1,0,0.43833354,0
1,0,0.43824923,0
1,0,0.43830377,0
1,0,0.43838328,0
1,0,0.43833035,0
1,0,0.4382775,0
1,0,0.43835035,0
1,0,0.4383177,0
1,0,0.4383513,0
1,0,0.43842635,0
1,0,0.43839353,0
1,0,0.43831974,0
1,0,0.43836305,0
1,0,0.43838763,0
1,0,0.4382857,0
1,0,0.43828818,0
1,0,0.43831685,0
1,0,0.4383065,0
1,0,0.4382694,0
1,0,0.43830076,0
1,0,0.4383486,0
1,0,0.438372,0
1,0,0.4383407,0
1,0,0.5507676,1
1,0,0.5553028,1
1,0,0.5547682,1
1,0,0.55317163,1
1,0,0.55270374,1
1,0,0.5548247,1
1,0,0.55319375,1
1,0,0.5523872,1
1,0,0.55030626,1
1,0,0.5520156,1
1,0,0.551021,1
1,0,0.55106455,1
1,0,0.54920715,1
1,0,0.5487256,1
1,0,0.5477365,1
1,1,0.48036844,0
1,1,0.48000336,0
1,1,0.47846985,0
1,1,0.47518262,0
1,1,0.4740814,0
1,1,0.47131625,0
1,1,0.47068372,0
1,1,0.4677351,0
1,1,0.46573886,0
1,1,0.4631084,0
1,1,0.46298975,0
1,1,0.463657,0
1,1,0.46323624,0
1,1,0.4610494,0
1,1,0.4381475,0
1,1,0.43807706,0
1,1,0.4389514,0
1,1,0.43830654,0
1,1,0.43805483,0
1,1,0.4386298,0
1,1,0.4385237,0
1,1,0.438503,0
1,1,0.43847516,0
1,1,0.43906534,0
1,1,0.4383033,0
1,1,0.43893585,0
1,1,0.4388386,0
1,1,0.4382142,0
1,0,0.44215837,0
1,0,0.4428086,0
1,0,0.4414933,0
1,0,0.44139156,0
1,0,0.44148555,0
1,0,0.4414364,0
1,0,0.44167006,0
1,0,0.44156626,0
1,1,0.44200101,0
1,1,0.442462,0
1,1,0.4427335,0
1,1,0.4433302,0
1,1,0.44371495,0
1,1,0.44393986,0
1,1,0.43801448,0
1,1,0.43803397,0
1,1,0.43800387,0
1,1,0.43801296,0
1,1,0.43802282,0
1,1,0.43805513,0
1,1,0.4379749,0
1,1,0.4379915,0
1,1,0.43795037,0
1,1,0.43659952,0
1,1,0.43655157,0
1,1,0.4365117,0
1,1,0.43667367,0
1,1,0.4366213,0
1,1,0.4366069,0
1,1,0.43662795,0
1,1,0.43659717,0
1,0,0.6808346,1
1,0,0.67866755,1
1,0,0.68245775,1
1,0,0.6819734,1
1,0,0.68448305,1
1,0,0.6813522,1
1,0,0.68275845,1
1,0,0.6861032,1
1,0,0.6834027,1
1,0,0.68721163,1
1,0,0.6844934,1
1,0,0.68521595,1
1,0,0.6849759,1
1,0,0.68432766,1
1,0,0.6842525,1
1,0,0.6813845,1
1,0,0.6809623,1
1,0,0.6799587,1
1,0,0.679304,1
1,0,0.6787776,1
1,0,0.677363,1
1,0,0.6755831,1
1,0,0.6747516,1
1,0,0.6735754,1
1,0,0.67329276,1
1,0,0.6741253,1
1,0,0.6747246,1
1,0,0.6740507,1
1,0,0.6747664,1
1,0,0.6740906,1
1,0,0.674297,1
1,0,0.6748339,1
1,0,0.67469203,1
1,0,0.6737173,1
1,0,0.6749306,1
1,0,0.6742941,1
1,0,0.6748895,1
1,0,0.67321664,1
1,0,0.6736852,1
1,0,0.67338645,1
1,0,0.67468995,1
1,0,0.6726029,1
1,0,0.67163754,1
1,0,0.67307234,1
1,0,0.6735094,1
1,0,0.67289686,1
1,0,0.67175275,1
1,0,0.67634517,1
1,0,0.6727534,1
1,0,0.672951,1
1,0,0.6736204,1
1,0,0.6728165,1
1,0,0.6711954,1
1,0,0.6684586,1
1,0,0.67190814,1
1,0,0.66935086,1
1,0,0.6684399,1
1,0,0.6696709,1
1,0,0.6697839,1
1,0,0.66857934,1
1,0,0.6685343,1
1,0,0.6696022,1
1,0,0.67018676,1
1,0,0.6691761,1
1,0,0.67085356,1
1,0,0.67077094,1
1,0,0.6715558,1
1,0,0.6726034,1
1,0,0.6713544,1
1,0,0.6726302,1
1,0,0.6740499,1
1,0,0.6736961,1
1,0,0.6737364,1
1,0,0.6761874,1
1,0,0.6749759,1
1,0,0.6745736,1
1,0,0.6749025,1
1,0,0.6783323,1
1,0,0.6794718,1
1,0,0.680693,1
1,0,0.6788966,1
1,0,0.67982936,1
1,0,0.6837408,1
1,0,0.68210113,1
1,0,0.68275493,1
1,0,0.68141794,1
1,0,0.6837022,1
1,0,0.68344843,1
1,0,0.68336195,1
1,0,0.69194233,1
1,0,0.6868091,1
1,0,0.6861359,1
1,0,0.6880182,1
1,0,0.6879521,1
1,0,0.68840665,1
1,0,0.6858103,1
1,0,0.6877732,1
1,0,0.6882685,1
1,0,0.68605685,1
1,0,0.6886167,1
1,0,0.6928502,1
1,0,0.68870616,1
1,0,0.6944661,1
1,0,0.6874472,1
1,0,0.68695885,1
1,0,0.68734413,1
1,0,0.6872728,1
1,0,0.68285483,1
1,0,0.6839107,1
1,0,0.688473,1
1,0,0.68375564,1
1,0,0.68184656,1
1,0,0.68424386,1
1,0,0.6821408,1
1,0,0.68107474,1
1,0,0.68080825,1
1,0,0.68099546,1
1,0,0.6845437,1
1,1,0.6837196,1
1,1,0.68567854,1
1,1,0.6837377,1
1,1,0.6863885,1
1,1,0.68796706,1
1,1,0.68819106,1
1,1,0.69066864,1
1,1,0.69055957,1
1,1,0.68536264,1
1,1,0.68443435,1
1,1,0.6854055,1
1,0,0.6862827,1
1,0,0.6885317,1
1,0,0.68305314,1
1,0,0.68414617,1
1,0,0.6820544,1
1,0,0.6853602,1
1,0,0.6831499,1
1,0,0.6877585,1
1,0,0.6898693,1
1,0,0.68561774,1
1,0,0.6844543,1
1,0,0.6853609,1
1,0,0.6859066,1
1,0,0.6876298,1
1,0,0.6843398,1
1,0,0.68587905,1
1,0,0.6878464,1
1,0,0.6863714,1
1,0,0.6851668,1
1,0,0.6869366,1
1,0,0.6875145,1
1,0,0.6842607,1
1,0,0.6838743,1
1,0,0.6822255,1
1,0,0.6829228,1
1,0,0.68124807,1
1,0,0.6774443,1
1,0,0.6776668,1
1,0,0.6800407,1
1,0,0.6781493,1
1,0,0.67534965,1
1,0,0.67661345,1
1,0,0.67475295,1
1,0,0.67521,1
1,0,0.6751447,1
1,0,0.674989,1
1,0,0.6735286,1
1,0,0.6753261,1
1,0,0.673568,1
1,0,0.6758464,1
1,0,0.67422116,1
1,0,0.6763605,1
1,0,0.6743174,1
1,0,0.6766208,1
1,0,0.67713684,1
1,0,0.67430234,1
1,0,0.67356086,1
1,0,0.6760082,1
1,0,0.6766432,1
1,0,0.6738099,1
1,0,0.67241395,1
1,0,0.6756156,1
1,0,0.67203504,1
1,0,0.6729759,1
1,0,0.6751791,1
1,0,0.67554545,1
1,0,0.67574865,1
1,0,0.6731799,1
1,0,0.6762269,1
1,0,0.67452514,1
1,0,0.67656046,1
1,0,0.6742954,1
1,0,0.6770174,1
1,0,0.6769446,1
1,0,0.67790914,1
1,0,0.67594266,1
1,0,0.6787527,1
1,0,0.6799415,1
1,0,0.6777809,1
1,0,0.6791259,1
1,0,0.67935544,1
1,0,0.6779153,1
1,0,0.6781871,1
1,0,0.6776808,1
1,0,0.67906106,1
1,0,0.6787991,1
1,0,0.6775898,1
1,0,0.6758138,1
1,0,0.67866886,1
1,0,0.6772103,1
1,0,0.67636067,1
1,0,0.6739796,1
1,0,0.6751672,1
1,0,0.67326224,1
1,0,0.6730308,1
1,0,0.67191935,1
1,0,0.67445403,1
1,0,0.67023283,1
1,0,0.67016524,1
1,1,0.68738663,1
1,1,0.6891187,1
1,1,0.6865184,1
1,1,0.6863593,1
1,1,0.6875591,1
1,1,0.69066477,1
1,1,0.685792,1
1,1,0.6862339,1
1,1,0.69039404,1
1,1,0.6885694,1
1,1,0.6898565,1
1,1,0.6896072,1
1,1,0.68793714,1
1,1,0.68802786,1
1,1,0.68794817,1
1,1,0.6411463,1
1,1,0.64035654,1
1,1,0.64137137,1
1,1,0.6417621,1
1,1,0.6413637,1
1,1,0.6415453,1
1,1,0.6414081,1
1,1,0.64073694,1
1,1,0.64067715,1
1,1,0.6421429,1
1,1,0.64300144,1
1,1,0.64136815,1
1,1,0.6436081,1
1,1,0.64313847,1
1,1,0.64456564,1
1,1,0.64330745,1
1,1,0.64430946,1
1,1,0.6455015,1
1,1,0.6442983,1
1,1,0.64511615,1
1,1,0.6443489,1
1,1,0.6443973,1
1,1,0.6453891,1
1,1,0.64469975,1
1,1,0.6446234,1
1,1,0.6434216,1
1,1,0.6422538,1
1,1,0.642432,1
1,1,0.64078844,1
1,1,0.6418746,1
1,1,0.64158,1
1,1,0.6422666,1
1,1,0.64147073,1
1,1,0.6420703,1
1,1,0.64144003,1
1,1,0.6418922,1
1,1,0.6421916,1
1,1,0.6424061,1
1,1,0.642356,1
1,1,0.6427106,1
1,1,0.6432975,1
1,1,0.6439982,1
1,1,0.6432706,1
1,1,0.6447348,1
1,1,0.6441765,1
1,1,0.648498,1
1,1,0.6464523,1
1,1,0.6494118,1
1,1,0.6491342,1
1,1,0.6486716,1
1,1,0.6498217,1
1,1,0.6484376,1
1,1,0.6484856,1
1,1,0.6492767,1
1,1,0.6489945,1
1,1,0.6495687,1
1,1,0.6483272,1
1,1,0.64950454,1
1,1,0.6488775,1
1,1,0.6482523,1
1,1,0.6489592,1
1,1,0.6506013,1
1,1,0.6489753,1
1,1,0.6512498,1
1,1,0.6490187,1
1,1,0.6485189,1
1,1,0.6482307,1
1,1,0.6479209,1
1,1,0.64585954,1
1,1,0.6461156,1
1,1,0.64735705,1
1,1,0.645652,1
1,1,0.6451199,1
1,1,0.6467754,1
1,1,0.64525676,1
1,1,0.6471751,1
1,1,0.6459198,1
1,1,0.64755803,1
1,1,0.6474246,1
1,1,0.64628345,1
1,1,0.6471154,1
1,1,0.64762443,1
1,1,0.6462597,1
1,1,0.64679086,1
1,1,0.64634323,1
1,1,0.64740425,1
1,1,0.6471412,1
1,1,0.6465453,1
1,1,0.64590687,1
1,1,0.64679277,1
1,1,0.64409846,1
1,1,0.6430316,1
1,1,0.64388365,1
1,1,0.6438714,1
1,1,0.64365,1
1,1,0.64293325,1
1,1,0.6430735,1
1,1,0.64343506,1
1,1,0.6418775,1
1,1,0.6428613,1
1,1,0.6363192,1
1,1,0.6360094,1
1,1,0.63554883,1
1,1,0.63496894,1
1,1,0.6362298,1
1,1,0.6344288,1
1,1,0.6345302,1
1,1,0.63443214,1
1,1,0.63396037,1
1,1,0.6333571,1
1,1,0.6323552,1
1,1,0.6333668,1
1,1,0.6326725,1
1,1,0.6323323,1
1,1,0.6329397,1
1,1,0.63382924,1
1,1,0.63398165,1
1,1,0.6335455,1
1,1,0.6331155,1
1,1,0.6349603,1
1,1,0.6338289,1
1,1,0.63356483,1
1,1,0.63350624,1
1,1,0.63501453,1
1,1,0.6338963,1
1,1,0.63382864,1
1,1,0.6349588,1
1,1,0.63463175,1
1,1,0.63401103,1
1,1,0.63338125,1
1,1,0.6342086,1
1,1,0.6336941,1
1,1,0.6338069,1
1,1,0.63409245,1
1,1,0.6346659,1
1,1,0.6334881,1
1,1,0.6338503,1
1,1,0.63396895,1
1,1,0.6337971,1
1,1,0.63470924,1
1,1,0.6338139,1
1,1,0.6342613,1
1,1,0.634708,1
1,1,0.63554376,1
1,1,0.63538045,1
1,1,0.638158,1
1,1,0.6384842,1
1,1,0.63956004,1
1,1,0.63887113,1
1,1,0.63879454,1
1,1,0.63964444,1
1,1,0.6401668,1
1,1,0.63840246,1
1,1,0.6407384,1
1,1,0.64099395,1
1,1,0.6391455,1
1,1,0.6395489,1
1,1,0.641295,1
1,1,0.6408198,1
1,1,0.64189965,1
1,1,0.6397255,1
1,1,0.642546,1
1,1,0.64060146,1
1,1,0.63972485,1
1,1,0.6415872,1
1,1,0.6546619,1
1,1,0.65837735,1
1,1,0.6568399,1
1,1,0.6576198,1
1,1,0.6618462,1
1,1,0.6638135,1
1,1,0.66112113,1
1,1,0.666951,1
1,1,0.6671661,1
1,1,0.6658882,1
1,1,0.67438215,1
1,1,0.67337936,1
1,1,0.6713103,1
1,1,0.67322034,1
1,1,0.67667025,1
1,1,0.6776474,1
1,1,0.67391765,1
1,1,0.6732152,1
1,1,0.68071985,1
1,1,0.6735209,1
1,1,0.67321336,1
1,1,0.6767341,1
1,1,0.67358506,1
1,1,0.6681462,1
1,1,0.66935784,1
1,1,0.6688613,1
1,1,0.6678024,1
1,1,0.6687018,1
1,1,0.6679912,1
1,1,0.66797256,1
1,1,0.61870545,1
1,1,0.61816007,1
1,1,0.61826664,1
1,1,0.61786103,1
1,1,0.61813575,1
1,1,0.6185192,1
1,1,0.6175705,1
1,1,0.6173526,1
1,1,0.61718345,1
1,1,0.61734617,1
1,1,0.6173248,1
1,1,0.6172084,1
1,1,0.61598045,1
1,1,0.6165201,1
1,1,0.66076535,1
1,1,0.6627528,1
1,1,0.6608833,1
1,1,0.6607048,1
1,1,0.6613116,1
1,1,0.66282725,1
1,1,0.6625235,1
1,1,0.6616533,1
1,1,0.6627061,1
1,1,0.66422576,1
1,1,0.6625141,1
1,1,0.6639239,1
1,1,0.66248953,1
1,1,0.6645555,1
1,1,0.6625501,1
1,0,0.46970627,0
1,0,0.4683061,0
1,0,0.4689332,0
1,0,0.46969908,0
1,0,0.46868303,0
1,0,0.4696583,0
1,0,0.46923095,0
1,0,0.470687,0
1,0,0.47002104,0
1,0,0.47092092,0
1,0,0.47095945,0
1,0,0.4737614,0
1,0,0.47096747,0
1,0,0.47306377,0
1,0,0.4740675,0
1,0,0.47719133,0
1,0,0.47768196,0
1,0,0.47779772,0
1,0,0.47683555,0
1,0,0.4844855,0
1,0,0.48247972,0
1,0,0.48412254,0
1,0,0.49092498,0
1,0,0.4909117,0
1,0,0.48763373,0
1,0,0.4945003,0
1,0,0.4955035,0
1,0,0.49643776,0
1,0,0.49700856,0
1,0,0.4976645,0
1,0,0.49915162,0
1,0,0.50222826,1
1,0,0.50167984,1
1,0,0.5054491,1
1,0,0.51017636,1
1,0,0.5092593,1
1,0,0.5043278,1
1,0,0.51746774,1
1,0,0.51855975,1
1,0,0.5191626,1
1,0,0.5221808,1
1,0,0.5250207,1
1,0,0.52724665,1
1,0,0.527398,1
1,0,0.5301012,1
1,0,0.52985966,1
1,0,0.53231627,1
1,0,0.5314412,1
1,0,0.5333499,1
1,0,0.53663725,1
1,0,0.5357036,1
1,0,0.537271,1
1,0,0.539137,1
1,0,0.5410615,1
1,0,0.5382161,1
1,0,0.5395975,1
1,0,0.5423647,1
1,0,0.54237086,1
1,0,0.5397318,1
1,0,0.5420651,1
1,0,0.54200643,1
1,0,0.5410215,1
1,0,0.54314137,1
1,0,0.5470021,1
1,0,0.5461484,1
1,0,0.5464303,1
1,0,0.5492022,1
1,0,0.5483913,1
1,0,0.5497288,1
1,0,0.55135095,1
1,0,0.5520092,1
1,0,0.55077904,1
1,0,0.55261904,1
1,0,0.5536044,1
1,0,0.5517179,1
1,0,0.55470943,1
1,0,0.5542586,1
1,0,0.5543723,1
1,0,0.5558528,1
1,0,0.5565316,1
1,0,0.5584784,1
1,0,0.55983156,1
1,0,0.55972254,1
1,0,0.5582549,1
1,0,0.56027645,1
1,0,0.5612435,1
1,0,0.56058496,1
1,0,0.56170994,1
1,0,0.56259215,1
1,0,0.5608151,1
1,0,0.561983,1
1,0,0.56246305,1
1,0,0.5615617,1
1,0,0.56358844,1
1,0,0.56254447,1
1,0,0.5631955,1
1,0,0.56383914,1
1,0,0.5629932,1
1,0,0.56495523,1
1,0,0.5653306,1
1,0,0.56411356,1
1,0,0.56577414,1
1,0,0.56628567,1
1,0,0.5665924,1
1,0,0.56758964,1
1,0,0.5670779,1
1,0,0.5687157,1
1,0,0.56686,1
1,0,0.56841946,1
1,0,0.56845796,1
1,0,0.56814706,1
1,0,0.5689598,1
1,0,0.56901467,1
1,0,0.56934434,1
1,0,0.5700311,1
1,0,0.57122767,1
1,0,0.5699805,1
1,0,0.5710149,1
1,0,0.57118773,1
1,0,0.57093585,1
1,0,0.57059264,1
1,0,0.57025987,1
1,0,0.57094926,1
1,0,0.57150817,1
1,0,0.5709827,1
1,0,0.57217026,1
1,0,0.5707289,1
1,0,0.57258755,1
1,0,0.57296133,1
1,0,0.5729609,1
1,0,0.57376593,1
1,0,0.5730981,1
1,0,0.57393193,1
1,0,0.5743071,1
1,0,0.5743764,1
1,0,0.5744826,1
1,0,0.57485867,1
1,0,0.5748129,1
1,0,0.57584417,1
1,0,0.5753406,1
1,0,0.5751014,1
1,0,0.57562554,1
1,0,0.57604307,1
1,0,0.575776,1
1,0,0.57615805,1
1,0,0.5759538,1
1,0,0.5779556,1
1,0,0.57713765,1
1,0,0.57806003,1
1,0,0.5783217,1
1,0,0.5781189,1
1,0,0.57904387,1
1,0,0.57960576,1
1,0,0.57930374,1
1,0,0.57826227,1
1,0,0.5782987,1
1,0,0.57934064,1
1,0,0.57952785,1
1,0,0.58007354,1
1,0,0.5809096,1
1,0,0.58038056,1
1,0,0.5798994,1
1,0,0.58134335,1
1,0,0.5820792,1
1,0,0.58233863,1
1,0,0.58152586,1
1,0,0.5825352,1
1,0,0.5809694,1
1,0,0.5811041,1
1,0,0.5822572,1
1,0,0.582555,1
1,0,0.58195066,1
1,0,0.58381027,1
1,0,0.5835074,1
1,0,0.58451986,1
1,0,0.5851439,1
1,0,0.5836215,1
1,0,0.58516645,1
1,0,0.58461225,1
1,0,0.58450353,1
1,0,0.5847072,1
1,0,0.5852462,1
1,0,0.5850306,1
1,0,0.5857447,1
1,0,0.5846267,1
1,0,0.5859004,1
1,0,0.58573294,1
1,0,0.5852327,1
1,0,0.5855233,1
1,0,0.5849006,1
1,0,0.5848554,1
1,0,0.58485204,1
1,0,0.5856913,1
1,0,0.5852411,1
1,0,0.58494526,1
1,0,0.5845784,1
1,0,0.5859954,1
1,0,0.58403003,1
1,0,0.58461964,1
1,0,0.5852775,1
1,0,0.5847182,1
1,0,0.58425707,1
1,0,0.58552057,1
1,0,0.5849956,1
1,0,0.58432007,1
1,0,0.5854318,1
1,0,0.58478695,1
1,0,0.58437115,1
1,0,0.5848145,1
1,0,0.58337164,1
1,0,0.58440703,1
1,0,0.5852111,1
1,0,0.5848678,1
1,0,0.5841391,1
1,0,0.5846768,1
1,0,0.5847187,1
1,0,0.5855049,1
1,0,0.5855856,1
1,0,0.58461356,1
1,0,0.5867263,1
1,0,0.58470476,1
1,0,0.58352023,1
1,0,0.58497834,1
1,0,0.58456874,1
1,0,0.58380497,1
1,0,0.5843238,1
1,0,0.58412725,1
1,0,0.5831978,1
1,0,0.58352995,1
1,0,0.58284646,1
1,0,0.58271074,1
1,0,0.5834366,1
1,0,0.5827896,1
1,0,0.58178854,1
1,0,0.5825842,1
1,0,0.5826255,1
1,0,0.58176893,1
1,0,0.58157843,1
1,0,0.5818719,1
1,0,0.57952,1
1,0,0.58111537,1
1,0,0.5811474,1
1,0,0.5808622,1
1,0,0.5800023,1
1,0,0.58000565,1
1,0,0.57934093,1
1,0,0.57886356,1
1,0,0.5798942,1
1,0,0.57696575,1
1,0,0.57799923,1
1,0,0.5780691,1
1,0,0.57763225,1
1,0,0.57730424,1
1,0,0.5764598,1
1,0,0.5759995,1
1,0,0.5757175,1
1,0,0.5757515,1
1,1,0.4382399,0
1,1,0.43828443,0
1,1,0.43824825,0
1,1,0.43820462,0
1,1,0.4382912,0
1,1,0.43828034,0
1,1,0.43831602,0
1,1,0.43832454,0
1,1,0.43841285,0
1,0,0.68814075,1
1,0,0.69185513,1
1,0,0.68779546,1
1,0,0.68987685,1
1,0,0.68995076,1
1,0,0.6899973,1
1,0,0.68935853,1
1,0,0.6895531,1
1,0,0.6905561,1
1,0,0.6884623,1
1,0,0.69141793,1
1,0,0.6912593,1
1,0,0.6915876,1
1,0,0.69092435,1
1,0,0.69127756,1
1,0,0.6940397,1
1,0,0.69164586,1
1,0,0.6941987,1
1,0,0.6931683,1
1,0,0.6986706,1
1,0,0.6987929,1
1,0,0.70113647,1
1,0,0.7016495,1
1,0,0.70071524,1
1,0,0.7008318,1
1,0,0.7026912,1
1,0,0.70215094,1
1,0,0.7030353,1
1,0,0.7015513,1
1,0,0.7041196,1
1,0,0.7005726,1
1,0,0.70419353,1
1,0,0.7054706,1
1,0,0.7046985,1
1,0,0.7052563,1
1,0,0.7024736,1
1,0,0.7068827,1
1,0,0.70631987,1
1,0,0.70703226,1
1,0,0.7088862,1
1,0,0.7053825,1
1,0,0.70544636,1
1,0,0.70793885,1
1,0,0.70720387,1
1,0,0.70655465,1
1,0,0.70563656,1
1,0,0.70840335,1
1,0,0.7084068,1
1,1,0.62636757,1
1,1,0.6281521,1
1,1,0.6276613,1
1,1,0.62801856,1
1,1,0.6274256,1
1,1,0.6271745,1
1,1,0.6268241,1
1,1,0.6278262,1
1,1,0.62724286,1
1,1,0.6272478,1
1,1,0.6274875,1
1,1,0.6276754,1
1,1,0.6272104,1
1,1,0.6281889,1
1,1,0.62721103,1
1,1,0.62811255,1
1,1,0.6283872,1
1,1,0.6276128,1
1,1,0.6278386,1
1,1,0.62802273,1
1,1,0.627426,1
1,1,0.62826633,1
1,1,0.6285681,1
1,1,0.62798244,1
1,1,0.4383598,0
1,1,0.43835777,0
1,1,0.4382496,0
1,1,0.43830425,0
1,1,0.4383809,0
1,1,0.6323624,1
1,1,0.631132,1
1,1,0.63184595,1
1,1,0.6307152,1
1,1,0.6311091,1
1,1,0.62925816,1
1,1,0.630707,1
1,1,0.6298319,1
1,0,0.4383361,0
1,0,0.4380934,0
1,0,0.43819907,0
1,0,0.43828773,0
1,0,0.4381542,0
1,0,0.4383367,0
1,0,0.43824705,0
1,0,0.4382378,0
1,0,0.43817642,0
1,0,0.4381671,0
1,0,0.43812355,0
1,0,0.43806913,0
1,0,0.43814576,0
1,0,0.43817657,0
1,0,0.43822184,0
1,0,0.4381863,0
1,0,0.43816993,0
1,0,0.4381631,0
1,0,0.43810016,0
1,0,0.43809426,0
1,0,0.43813083,0
1,0,0.4380872,0
1,0,0.43810105,0
1,1,0.43801326,0
1,1,0.4381107,0
1,1,0.43799195,0
1,1,0.43809864,0
1,1,0.43798923,0
1,1,0.43822402,0
1,1,0.4381345,0
1,1,0.43819663,0
1,1,0.43820548,0
1,1,0.67727983,1
1,1,0.6769309,1
1,1,0.68008864,1
1,1,0.6802375,1
1,1,0.6776608,1
1,1,0.67901814,1
1,1,0.6826133,1
1,1,0.6806298,1
1,1,0.6810688,1
1,1,0.680851,1
1,1,0.6824015,1
1,1,0.68283856,1
1,1,0.68067116,1
1,1,0.6837756,1
1,1,0.4371379,0
1,1,0.43738794,0
1,1,0.43719113,0
1,1,0.4372294,0
1,1,0.43728358,0
1,1,0.43711996,0
1,1,0.43714374,0
1,1,0.43730247,0
1,1,0.43720844,0
1,1,0.4372723,0
1,1,0.43722743,0
1,1,0.4371444,0
1,1,0.43736008,0
1,1,0.4372172,0
1,1,0.43722922,0
1,1,0.43725166,0
1,1,0.43723714,0
1,1,0.4372412,0
1,1,0.43718362,0
1,1,0.43718842,0
1,1,0.4371352,0
1,1,0.43729877,0
1,1,0.43725166,0
1,1,0.43722746,0
1,1,0.43725634,0
1,1,0.4372012,0
1,1,0.43728206,0
1,1,0.4371807,0
1,1,0.43722695,0
1,1,0.43720898,0
1,1,0.43721205,0
1,1,0.43722114,0
1,1,0.43740675,0
1,1,0.43724865,0
1,1,0.4372257,0
1,1,0.43729824,0
1,1,0.43725368,0
1,1,0.43716493,0
1,1,0.4372599,0
1,1,0.43737403,0
1,1,0.43729308,0
1,1,0.43736798,0
1,1,0.43726212,0
1,1,0.437253,0
1,1,0.43732724,0
1,1,0.43733472,0
1,1,0.43737194,0
1,1,0.43734932,0
1,1,0.43726686,0
1,1,0.4372239,0
1,1,0.4373685,0
1,1,0.6332353,1
1,1,0.63363016,1
1,1,0.63334423,1
1,1,0.6340131,1
1,1,0.63402957,1
1,1,0.6346128,1
1,1,0.63416356,1
1,1,0.63518244,1
1,1,0.63458616,1
1,1,0.6340329,1
1,1,0.63423735,1
1,1,0.6373182,1
1,1,0.637686,1
1,1,0.6375534,1
1,1,0.63847923,1
1,1,0.6391669,1
1,1,0.637191,1
1,1,0.63705385,1
1,1,0.6370347,1
1,1,0.6377903,1
1,1,0.6364453,1
1,1,0.63736004,1
1,1,0.63626915,1
1,1,0.6367413,1
1,1,0.6357259,1
1,1,0.63656,1
1,1,0.63718903,1
1,1,0.6370867,1
1,1,0.6368117,1
1,1,0.6361377,1
1,1,0.637264,1
1,1,0.6364625,1
1,1,0.63768214,1
1,1,0.6364238,1
1,1,0.63653535,1
1,1,0.6355391,1
1,1,0.63764143,1
1,1,0.6367557,1
1,1,0.63668966,1
1,1,0.6367559,1
1,1,0.63680047,1
1,1,0.6366646,1
1,1,0.63609034,1
1,1,0.6363189,1
1,1,0.63720685,1
1,1,0.6359327,1
1,1,0.6359518,1
1,1,0.63655365,1
1,1,0.6357154,1
1,1,0.63605803,1
1,1,0.6361616,1
1,1,0.6358482,1
1,0,0.62513846,1
1,0,0.62525505,1
1,0,0.62494165,1
1,0,0.6255998,1
1,0,0.6260857,1
1,0,0.6260986,1
1,0,0.6248319,1
1,0,0.6255154,1
1,0,0.62568384,1
1,0,0.62408006,1
1,0,0.6249217,1
1,0,0.62550485,1
1,0,0.6248939,1
1,0,0.6246742,1
1,0,0.6253092,1
1,0,0.6251583,1
1,0,0.62529576,1
1,0,0.62481916,1
1,0,0.6249273,1
1,0,0.6266279,1
1,0,0.62540597,1
1,0,0.6253217,1
1,0,0.6259995,1
1,0,0.626958,1
1,0,0.6264004,1
1,0,0.6263346,1
1,0,0.6257571,1
1,1,0.43823743,0
1,1,0.43818346,0
1,1,0.43812522,0
1,1,0.43830836,0
1,1,0.43820778,0
1,1,0.43823317,0
1,1,0.4381984,0
1,1,0.43843094,0
1,1,0.43832377,0
1,1,0.438324,0
1,1,0.4383157,0
1,1,0.43832836,0
1,1,0.43843755,0
1,1,0.43841386,0
1,1,0.43842176,0
1,1,0.43840018,0
1,1,0.43832257,0
1,1,0.43838048,0
1,1,0.4383784,0
1,1,0.43827924,0
1,1,0.43832648,0
1,1,0.4384032,0
1,1,0.43832788,0
1,1,0.43828368,0
1,1,0.43837154,0
1,1,0.4382441,0
1,1,0.4382906,0
1,1,0.43835786,0
1,1,0.43834636,0
1,1,0.43834832,0
1,1,0.43837935,0
1,1,0.43832457,0
1,1,0.43835822,0
1,1,0.43811965,0
1,1,0.43813792,0
1,1,0.43818003,0
1,1,0.4380074,0
1,1,0.4381088,0
1,1,0.4382558,0
1,1,0.4381125,0
1,1,0.4380972,0
1,1,0.43800128,0
1,1,0.43807772,0
1,1,0.43817383,0
1,1,0.43803194,0
1,1,0.43807802,0
1,1,0.4380643,0
1,1,0.43813428,0
1,1,0.43833098,0
1,1,0.4383184,0
1,1,0.4383422,0
1,1,0.4383091,0
1,1,0.43829143,0
1,1,0.4382708,0
1,1,0.43834355,0
1,1,0.43825138,0
1,1,0.61042553,1
1,1,0.6096413,1
1,1,0.60983604,1
1,1,0.6103465,1
1,1,0.6084955,1
1,1,0.6091058,1
1,1,0.6089957,1
1,1,0.60880363,1
1,1,0.60907316,1
1,1,0.6088651,1
1,1,0.6086071,1
1,1,0.6094431,1
1,1,0.6088697,1
1,1,0.60906696,1
1,1,0.6081416,1
1,1,0.60853475,1
1,1,0.6081273,1
1,1,0.6080378,1
1,1,0.60750145,1
1,1,0.60769427,1
1,1,0.6072932,1
1,1,0.6067571,1
1,1,0.6062467,1
1,1,0.60676557,1
1,1,0.6075213,1
1,1,0.60595614,1
1,1,0.60727537,1
1,1,0.60597277,1
1,1,0.60312104,1
1,1,0.6024473,1
1,1,0.60167396,1
1,1,0.60195315,1
1,1,0.6012387,1
1,1,0.60048395,1
1,1,0.6013283,1
1,1,0.60077816,1
1,1,0.60006994,1
1,1,0.598503,1
1,1,0.5994342,1
1,1,0.59908897,1
1,1,0.59799445,1
1,1,0.598367,1
1,1,0.59715545,1
1,1,0.5970853,1
1,1,0.5974007,1
1,1,0.5963435,1
1,1,0.59607023,1
1,1,0.5955059,1
1,1,0.43836063,0
1,1,0.43838057,0
1,1,0.43847552,0
1,1,0.43836462,0
1,1,0.43838876,0
1,1,0.4383713,0
1,1,0.4383046,0
1,0,0.5821549,1
1,0,0.5830058,1
1,0,0.5831379,1
1,0,0.5820486,1
1,0,0.5826206,1
1,0,0.58331287,1
1,0,0.58177644,1
1,0,0.5827323,1
1,0,0.58375597,1
1,0,0.581833,1
1,0,0.58322644,1
1,0,0.5847613,1
1,0,0.58470154,1
1,0,0.5843009,1
1,0,0.58437,1
1,1,0.5876236,1
1,1,0.5864859,1
1,1,0.58718586,1
1,1,0.5875634,1
1,1,0.584792,1
1,1,0.58614916,1
1,1,0.5862477,1
1,1,0.58533615,1
1,1,0.58572704,1
1,1,0.5861875,1
1,1,0.5857038,1
1,1,0.58688766,1
1,1,0.58576244,1
2,1,0.57008415,1
2,1,0.56867576,1
2,1,0.5705109,1
2,1,0.5710194,1
2,1,0.56905633,1
2,1,0.5698123,1
2,1,0.5710551,1
2,1,0.570362,1
2,1,0.56918085,1
2,1,0.5703211,1
2,1,0.5701821,1
2,0,0.5737462,1
2,0,0.5748561,1
2,0,0.572635,1
2,0,0.57107276,1
2,0,0.5736793,1
2,0,0.57182777,1
2,0,0.57265013,1
2,0,0.5735472,1
2,0,0.5736297,1
2,0,0.5726472,1
2,0,0.57074726,1
2,0,0.5746197,1
2,1,0.57564044,1
2,1,0.5725802,1
2,1,0.57355845,1
2,1,0.57383883,1
2,1,0.57296294,1
2,1,0.57232916,1
2,1,0.5753939,1
2,1,0.57615805,1
2,1,0.57232255,1
2,1,0.57474995,1
2,1,0.5743925,1
2,1,0.5733341,1
2,1,0.57423574,1
2,1,0.5757103,1
2,1,0.5738116,1
2,1,0.57390654,1
2,1,0.5752519,1
2,1,0.57687384,1
2,1,0.5766439,1
2,1,0.5755212,1
2,1,0.57414806,1
2,1,0.5762627,1
2,1,0.57623106,1
2,1,0.5752455,1
2,1,0.43794453,0
2,1,0.4400296,0
2,1,0.44098467,0
2,1,0.44101292,0
2,1,0.44302678,0
2,1,0.43965754,0
2,1,0.4436725,0
2,1,0.44452703,0
2,1,0.44545195,0
2,1,0.44407955,0
2,1,0.44275206,0
2,1,0.44687802,0
2,1,0.4632343,0
2,1,0.45924234,0
2,1,0.45741737,0
2,1,0.46301448,0
2,1,0.4596892,0
2,1,0.45806253,0
2,1,0.46719238,0
2,1,0.45992315,0
2,1,0.4568757,0
2,1,0.47425777,0
2,1,0.47363344,0
2,1,0.47356153,0
2,1,0.4739041,0
2,1,0.4747057,0
2,1,0.47334155,0
2,1,0.47429433,0
2,1,0.47308955,0
2,1,0.47149256,0
2,1,0.4737694,0
2,1,0.47133,0
2,1,0.4600346,0
2,1,0.45969552,0
2,1,0.45812592,0
2,1,0.45875823,0
2,1,0.45623744,0
2,1,0.45530733,0
2,1,0.45473748,0
2,1,0.57221687,1
2,1,0.57217145,1
2,1,0.57309985,1
2,1,0.57217854,1
2,1,0.57176834,1
2,1,0.5723402,1
2,1,0.5720658,1
2,1,0.5727015,1
2,1,0.5723825,1
2,1,0.5724443,1
2,1,0.5727134,1
2,1,0.57262576,1
2,1,0.572775,1
2,1,0.57383317,1
2,1,0.57390994,1
2,1,0.573852,1
2,1,0.5728937,1
2,1,0.57365674,1
2,1,0.5737445,1
2,1,0.5724434,1
2,1,0.57347333,1
2,1,0.57384604,1
2,1,0.57321984,1
2,1,0.52087903,1
2,1,0.5256426,1
2,1,0.52403086,1
2,1,0.52192074,1
2,1,0.52184254,1
2,1,0.5242196,1
2,1,0.52179426,1
2,1,0.5199992,1
2,1,0.52115136,1
2,1,0.52193516,1
2,1,0.51573133,1
2,1,0.51515067,1
2,1,0.52536577,1
2,1,0.5243908,1
2,1,0.52419585,1
2,1,0.52665174,1
2,1,0.5277473,1
2,1,0.5285343,1
2,1,0.5263781,1
2,1,0.52939767,1
2,1,0.5329557,1
2,1,0.5302444,1
2,1,0.53243154,1
2,1,0.53304106,1
2,1,0.5334346,1
2,1,0.5336679,1
2,1,0.5350368,1
2,1,0.53393704,1
2,1,0.5344986,1
2,1,0.5587006,1
2,1,0.5589263,1
2,1,0.5589685,1
2,1,0.5589652,1
2,1,0.55924845,1
2,1,0.558958,1
2,1,0.5591062,1
2,1,0.55893016,1
2,1,0.55914414,1
2,1,0.5589947,1
2,1,0.5589651,1
2,1,0.5595401,1
2,1,0.5593424,1
2,1,0.55946255,1
2,1,0.5599853,1
2,1,0.5598209,1
2,1,0.5594895,1
2,1,0.5596103,1
2,1,0.559339,1
2,1,0.55923337,1
2,1,0.5595651,1
2,1,0.5592596,1
2,1,0.5592683,1
2,1,0.5593442,1
2,1,0.57804996,1
2,1,0.5773801,1
2,1,0.57749826,1
2,1,0.57703143,1
2,1,0.57736075,1
2,1,0.5769946,1
2,1,0.5767622,1
2,1,0.57705826,1
2,1,0.5766759,1
2,1,0.576673,1
2,1,0.5770189,1
2,1,0.57698387,1
2,1,0.5766874,1
2,1,0.5772417,1
2,1,0.57763106,1
2,1,0.5772035,1
2,1,0.5760362,1
2,1,0.5772799,1
2,1,0.5773717,1
2,1,0.57625794,1
2,1,0.57705444,1
2,1,0.577455,1
2,1,0.57705605,1
2,0,0.51846224,1
2,0,0.52358294,1
2,0,0.52047586,1
2,0,0.5186669,1
2,0,0.52081966,1
2,0,0.51886916,1
2,0,0.5166545,1
2,0,0.5225843,1
2,1,0.4452637,0
2,1,0.445473,0
2,1,0.44563916,0
2,1,0.44575444,0
2,1,0.44603884,0
2,1,0.44595343,0
2,1,0.44564837,0
2,1,0.44619885,0
2,1,0.44623297,0
2,1,0.44643116,0
2,1,0.44638133,0
2,1,0.44637042,0
2,1,0.44605836,0
2,1,0.446449,0
2,1,0.5747345,1
2,1,0.5763315,1
2,1,0.57603836,1
2,1,0.5756595,1
2,1,0.57429075,1
2,1,0.57439595,1
2,1,0.5752222,1
2,1,0.57500476,1
2,1,0.57544535,1
2,1,0.5774895,1
2,1,0.5759317,1
2,1,0.574826,1
2,1,0.57585907,1
2,1,0.575361,1
2,1,0.57660747,1
2,1,0.57603,1
2,1,0.5764292,1
2,1,0.5761189,1
2,1,0.57679474,1
2,1,0.57944226,1
2,1,0.58019906,1
2,1,0.5809969,1
2,1,0.5790646,1
2,1,0.5792939,1
2,1,0.5800938,1
2,1,0.5791505,1
2,1,0.5788099,1
2,1,0.57899034,1
2,1,0.5809056,1
2,1,0.58119214,1
2,1,0.58031696,1
2,1,0.5809653,1
2,1,0.57912946,1
2,1,0.5794437,1
2,1,0.581759,1
2,1,0.58006054,1
2,1,0.5789265,1
2,1,0.57900393,1
2,1,0.5802987,1
2,1,0.5776713,1
2,1,0.58049035,1
2,1,0.5798556,1
2,1,0.5785683,1
2,1,0.5797734,1
2,1,0.5797513,1
2,1,0.5800878,1
2,1,0.5788591,1
2,1,0.5797239,1
2,1,0.5805838,1
2,1,0.57851183,1
2,1,0.5801204,1
2,1,0.57995844,1
2,1,0.5788678,1
2,1,0.57958823,1
2,1,0.57929564,1
2,1,0.57985985,1
2,1,0.5803349,1
2,1,0.5794754,1
2,1,0.5800995,1
2,1,0.578689,1
2,1,0.47476602,0
2,1,0.46974403,0
2,1,0.46569127,0
2,1,0.4714608,0
2,1,0.46542144,0
2,1,0.46238112,0
2,1,0.47368342,0
2,1,0.46342954,0
2,1,0.46103057,0
2,0,0.55134326,1
2,0,0.55066895,1
2,0,0.5519589,1
2,0,0.55229217,1
2,0,0.5530283,1
2,0,0.5529125,1
2,0,0.54939365,1
2,0,0.552921,1
2,0,0.55181336,1
2,0,0.5509086,1
2,0,0.5528607,1
2,0,0.5525232,1
2,0,0.55266017,1
2,0,0.5520295,1
2,0,0.5511973,1
2,0,0.54953694,1
2,0,0.5532244,1
2,0,0.551119,1
2,0,0.553208,1
2,0,0.5510352,1
2,0,0.55331707,1
2,0,0.55390537,1
2,0,0.553718,1
2,0,0.5534513,1
2,0,0.55397093,1
2,0,0.55314606,1
2,0,0.5539308,1
2,0,0.5536937,1
2,0,0.55444455,1
2,0,0.55531526,1
2,0,0.55538434,1
2,0,0.5538835,1
2,0,0.5542694,1
2,0,0.5557705,1
2,0,0.55506974,1
2,0,0.5508989,1
2,0,0.5507817,1
2,0,0.5546974,1
2,0,0.55633324,1
2,0,0.55651736,1
2,0,0.5553024,1
2,0,0.55596745,1
2,0,0.5557198,1
2,0,0.5536592,1
2,0,0.5556306,1
2,0,0.55554473,1
2,0,0.5547333,1
2,0,0.5541918,1
2,0,0.55551285,1
2,0,0.5557785,1
2,0,0.5538858,1
2,0,0.5543584,1
2,0,0.5543792,1
2,0,0.55432624,1
2,0,0.5560545,1
2,0,0.5536964,1
2,0,0.5543189,1
2,0,0.555094,1
2,0,0.5539012,1
2,0,0.55398697,1
2,0,0.5550123,1
2,0,0.55389863,1
2,0,0.5544642,1
2,0,0.5547704,1
2,0,0.5559316,1
2,0,0.5547941,1
2,0,0.55339724,1
2,0,0.5538278,1
2,0,0.55440974,1
2,0,0.5530552,1
2,0,0.55225384,1
2,0,0.55414486,1
2,0,0.5521737,1
2,0,0.5521556,1
2,0,0.5523356,1
2,0,0.55103487,1
2,0,0.5517846,1
2,0,0.5517812,1
2,0,0.55144167,1
2,0,0.55233467,1
2,0,0.5523044,1
2,0,0.5318173,1
2,0,0.5329836,1
2,0,0.5317002,1
2,0,0.5321673,1
2,0,0.53304964,1
2,0,0.53221476,1
2,0,0.53181595,1
2,1,0.5964951,1
2,1,0.5959164,1
2,1,0.59673053,1
2,1,0.5964077,1
2,1,0.59625965,1
2,1,0.596289,1
2,1,0.59627,1
2,1,0.5954879,1
2,1,0.5963231,1
2,1,0.5961527,1
2,1,0.5959813,1
2,1,0.5955854,1
2,1,0.59631306,1
2,1,0.5960314,1
2,1,0.57476544,1
2,1,0.57448524,1
2,1,0.5744143,1
2,1,0.5743298,1
2,1,0.57414526,1
2,1,0.57447916,1
2,1,0.57411546,1
2,1,0.574533,1
2,1,0.5736896,1
2,1,0.57340574,1
2,1,0.57383996,1
2,1,0.57384914,1
2,1,0.5734346,1
2,1,0.5741097,1
2,1,0.5597942,1
2,1,0.55990785,1
2,1,0.5599782,1
2,1,0.5595994,1
2,1,0.5599487,1
2,1,0.58192337,1
2,1,0.58131325,1
2,1,0.5815158,1
2,1,0.580701,1
2,1,0.58005106,1
2,1,0.5798276,1
2,1,0.5804372,1
2,1,0.57975554,1
2,1,0.5795886,1
2,1,0.5812968,1
2,1,0.5804756,1
2,1,0.5796112,1
2,1,0.5796168,1
2,1,0.5807309,1
2,1,0.58040583,1
2,1,0.58016473,1
2,1,0.57966906,1
2,1,0.58080804,1
2,1,0.5805684,1
2,1,0.57927054,1
2,1,0.5805962,1
2,1,0.5811232,1
2,1,0.58083403,1
2,1,0.432934,0
2,1,0.43725124,0
2,1,0.43687063,0
2,1,0.4363363,0
2,1,0.43333635,0
2,1,0.43912518,0
2,1,0.4345117,0
2,1,0.43746963,0
2,0,0.573787,1
2,0,0.5739529,1
2,0,0.5743949,1
2,0,0.5725656,1
2,0,0.572456,1
2,0,0.5741909,1
2,0,0.5735911,1
2,0,0.5734483,1
2,0,0.5728594,1
2,0,0.5743411,1
2,0,0.5736165,1
2,0,0.57207984,1
2,0,0.57353204,1
2,0,0.5732714,1
2,0,0.5731241,1
2,1,0.5459353,1
2,1,0.545462,1
2,1,0.54501325,1
2,1,0.54607147,1
2,1,0.54584056,1
2,1,0.54475605,1
2,1,0.5461735,1
2,1,0.54577076,1
2,1,0.5438911,1
2,1,0.54502547,1
2,1,0.5450189,1
2,1,0.54460984,1
2,1,0.54456586,1
2,1,0.5447482,1
2,1,0.5443348,1
2,1,0.5384054,1
2,1,0.53701156,1
2,1,0.53796977,1
2,1,0.5370036,1
2,1,0.5368601,1
2,1,0.53352034,1
2,1,0.53447044,1
2,1,0.5357501,1
2,1,0.53327847,1
2,1,0.53432614,1
2,1,0.5303439,1
2,1,0.5332052,1
2,1,0.5328176,1
2,1,0.5316723,1
2,1,0.53048146,1
2,1,0.531351,1
2,1,0.53015786,1
2,1,0.57467043,1
2,1,0.57628024,1
2,1,0.5758149,1
2,1,0.57595444,1
2,1,0.5753759,1
2,1,0.57489944,1
2,1,0.57525593,1
2,1,0.57586855,1
2,1,0.5756578,1
2,1,0.5750596,1
2,1,0.57581764,1
2,1,0.5756124,1
2,1,0.57494944,1
2,1,0.5750718,1
2,1,0.57563,1
2,1,0.57680833,1
2,1,0.57698584,1
2,1,0.577113,1
2,1,0.57710344,1
2,1,0.5780772,1
2,1,0.5766658,1
2,1,0.57802117,1
2,1,0.57768524,1
2,1,0.5782502,1
2,1,0.57870173,1
2,1,0.57968646,1
2,1,0.57791424,1
2,1,0.57838786,1
2,1,0.5783095,1
2,1,0.5788149,1
2,1,0.57911736,1
2,1,0.5794239,1
2,1,0.5783145,1
2,1,0.5786114,1
2,1,0.5786159,1
2,1,0.57791686,1
2,1,0.5789376,1
2,1,0.57844174,1
2,1,0.5777812,1
2,1,0.57917255,1
2,1,0.5585841,1
2,1,0.5583774,1
2,1,0.55866134,1
2,1,0.5588114,1
2,1,0.5586483,1
2,1,0.5590383,1
2,1,0.55911744,1
2,1,0.5590417,1
2,1,0.5586067,1
2,1,0.55903864,1
2,1,0.5588305,1
2,1,0.5589782,1
2,1,0.56026113,1
2,1,0.56010497,1
2,1,0.56078726,1
2,1,0.5599258,1
2,1,0.5600674,1
2,1,0.5599842,1
2,1,0.5596287,1
2,1,0.55945134,1
2,1,0.55923104,1
2,1,0.55935377,1
2,0,0.5656007,1
2,0,0.56624913,1
2,0,0.5658923,1
2,0,0.5658205,1
2,0,0.56641895,1
2,0,0.5659964,1
2,0,0.56617033,1
2,0,0.5662124,1
2,0,0.5658708,1
2,0,0.5658117,1
2,0,0.5663049,1
2,0,0.5654421,1
2,0,0.5655101,1
2,0,0.56587285,1
2,0,0.5666678,1
2,0,0.5657192,1
2,0,0.56561947,1
2,0,0.56616855,1
2,0,0.5656885,1
2,0,0.56638753,1
2,0,0.5666544,1
2,0,0.56571776,1
2,0,0.56627077,1
2,0,0.56670696,1
2,0,0.5669139,1
2,0,0.5667418,1
2,0,0.5665525,1
2,0,0.5667865,1
2,0,0.5668731,1
2,0,0.5656331,1
2,0,0.56606144,1
2,0,0.56762236,1
2,0,0.5666638,1
2,0,0.56612235,1
2,0,0.5667767,1
2,0,0.5660876,1
2,0,0.5667235,1
2,0,0.56611973,1
2,0,0.5666257,1
2,0,0.5657592,1
2,0,0.56603456,1
2,0,0.5658427,1
2,0,0.56642354,1
2,0,0.56638736,1
2,0,0.56699294,1
2,0,0.56519717,1
2,0,0.5663192,1
2,0,0.56634253,1
2,0,0.5665636,1
2,0,0.56648886,1
2,0,0.56650424,1
2,0,0.566605,1
2,0,0.5668754,1
2,0,0.5652886,1
2,0,0.5656351,1
2,0,0.56645834,1
2,0,0.5664932,1
2,0,0.5658265,1
2,0,0.5654826,1
2,0,0.5662573,1
2,0,0.56543857,1
2,0,0.56489307,1
2,1,0.56567377,1
2,1,0.56639874,1
2,1,0.5651894,1
2,1,0.56517917,1
2,1,0.5655863,1
2,1,0.5663671,1
2,1,0.564812,1
2,1,0.5651733,1
2,1,0.5660347,1
2,1,0.56606686,1
2,1,0.56612384,1
2,1,0.5660519,1
2,1,0.5652083,1
2,1,0.56544757,1
2,1,0.56496125,1
2,1,0.56468403,1
2,1,0.5649265,1
2,1,0.5650611,1
2,1,0.56505406,1
2,1,0.56525636,1
2,1,0.56512177,1
2,1,0.5647059,1
2,1,0.56622654,1
2,1,0.5655453,1
2,1,0.5648779,1
2,1,0.5649356,1
2,1,0.56577736,1
2,1,0.5657996,1
2,1,0.56441075,1
2,1,0.5653489,1
2,1,0.56486195,1
2,1,0.5646479,1
2,1,0.5645963,1
2,1,0.56511176,1
2,1,0.56443924,1
2,1,0.5640831,1
2,1,0.56462127,1
2,1,0.56480956,1
2,1,0.5651456,1
2,1,0.56338674,1
2,1,0.5644418,1
2,1,0.56425285,1
2,1,0.5643651,1
2,1,0.56403023,1
2,1,0.56438774,1
2,1,0.56375337,1
2,1,0.56465673,1
2,1,0.56452936,1
2,1,0.56378245,1
2,1,0.5640348,1
2,1,0.5637356,1
2,1,0.5566509,1
2,1,0.5561917,1
2,1,0.55550265,1
2,1,0.5568455,1
2,1,0.55642146,1
2,1,0.55593634,1
2,1,0.5558002,1
2,1,0.55587023,1
2,1,0.5562935,1
2,1,0.55553216,1
2,1,0.5556107,1
2,1,0.5555864,1
2,1,0.5558616,1
2,1,0.5547562,1
2,1,0.5548939,1
2,1,0.5547767,1
2,1,0.55481076,1
2,1,0.55417424,1
2,1,0.5537677,1
2,1,0.5540245,1
2,1,0.55312693,1
2,1,0.55316955,1
2,1,0.552812,1
2,1,0.5536959,1
2,1,0.552664,1
2,1,0.56208056,1
2,1,0.56157684,1
2,1,0.56221986,1
2,1,0.5621562,1
2,1,0.5615177,1
2,1,0.5615029,1
2,1,0.56210357,1
2,1,0.5622027,1
2,1,0.56152743,1
2,1,0.5614346,1
2,1,0.561851,1
2,1,0.56183505,1
2,1,0.56224674,1
2,1,0.5622201,1
2,1,0.5640593,1
2,1,0.5649208,1
2,1,0.5641539,1
2,1,0.56363094,1
2,1,0.5644132,1
2,1,0.5641085,1
2,1,0.5645401,1
2,1,0.56446034,1
2,1,0.56375533,1
2,1,0.5641219,1
2,1,0.56487006,1
2,1,0.56463957,1
2,1,0.5650698,1
2,1,0.5640413,1
2,1,0.5647894,1
2,1,0.56476605,1
2,1,0.5651425,1
2,1,0.5647619,1
2,1,0.5647428,1
2,1,0.56490386,1
2,1,0.56516474,1
2,1,0.56392896,1
2,1,0.5639371,1
2,1,0.5644587,1
2,1,0.5648532,1
2,1,0.56146514,1
2,1,0.5611144,1
2,1,0.56126755,1
2,1,0.5621006,1
2,1,0.56111175,1
2,1,0.5611262,1
2,1,0.56215084,1
2,1,0.5621241,1
2,1,0.56213605,1
2,1,0.5620204,1
2,1,0.5618204,1
2,1,0.5616339,1
2,1,0.56121385,1
2,1,0.5612655,1
2,1,0.560952,1
2,1,0.56072557,1
2,1,0.56095445,1
2,1,0.5610197,1
2,1,0.5608896,1
2,1,0.560461,1
2,1,0.56129295,1
2,1,0.56104064,1
2,1,0.5607638,1
2,1,0.560799,1
2,1,0.56056696,1
2,1,0.5610919,1
2,1,0.56142735,1
2,1,0.5599014,1
2,1,0.5611399,1
2,1,0.5612323,1
2,1,0.5618877,1
2,1,0.56112117,1
2,1,0.5466928,1
2,1,0.5470234,1
2,1,0.54653823,1
2,1,0.5466693,1
2,1,0.54568326,1
2,1,0.5456311,1
2,1,0.5450965,1
2,1,0.5438159,1
2,1,0.54475284,1
2,1,0.5436339,1
2,1,0.54395396,1
2,1,0.54352456,1
2,1,0.54414344,1
2,1,0.5430304,1
2,1,0.54308695,1
2,1,0.54226214,1
2,1,0.542809,1
2,1,0.5421605,1
2,1,0.5401496,1
2,1,0.54077625,1
2,1,0.5402466,1
2,1,0.539071,1
2,1,0.5400567,1
2,1,0.53977567,1
2,1,0.5389579,1
2,1,0.5283938,1
2,1,0.52885056,1
2,1,0.52715886,1
2,1,0.52787924,1
2,1,0.52677274,1
2,1,0.52663904,1
2,1,0.52259684,1
2,1,0.5226185,1
2,1,0.52497095,1
2,1,0.52246916,1
2,1,0.5232404,1
2,1,0.51720285,1
2,1,0.52187616,1
2,1,0.52160925,1
2,1,0.51979584,1
2,1,0.51750654,1
2,1,0.51951885,1
2,1,0.5180836,1
2,1,0.5096717,1
2,1,0.51583344,1
2,1,0.5153256,1
2,1,0.5136999,1
2,1,0.51860565,1
2,1,0.51842505,1
2,1,0.5188049,1
2,1,0.5189753,1
2,1,0.51885676,1
2,1,0.5191589,1
2,1,0.5187038,1
2,1,0.51866037,1
2,1,0.51999044,1
2,1,0.52038753,1
2,1,0.5201835,1
2,1,0.5202432,1
2,1,0.70997024,1
2,1,0.7113915,1
2,1,0.7107996,1
2,1,0.7106763,1
2,1,0.7097401,1
2,1,0.7096965,1
2,1,0.7085171,1
2,1,0.7089867,1
2,1,0.7074701,1
2,1,0.70822513,1
2,1,0.70264316,1
2,1,0.7077273,1
2,1,0.7066844,1
2,1,0.7048125,1
2,1,0.6694173,1
2,1,0.66905314,1
2,1,0.67220783,1
2,1,0.6715776,1
2,1,0.6684866,1
2,1,0.6687599,1
2,1,0.67196846,1
2,1,0.6682504,1
2,1,0.6670055,1
2,1,0.66718304,1
2,1,0.6699451,1
2,1,0.666276,1
2,1,0.66601616,1
2,1,0.66886383,1
2,1,0.669077,1
2,1,0.66886455,1
2,1,0.66676396,1
2,1,0.6692556,1
2,1,0.6730342,1
2,1,0.6684685,1
2,1,0.67453146,1
2,1,0.6698895,1
2,1,0.6720655,1
2,1,0.6669469,1
2,1,0.6691404,1
3,1,0.5961654,1
3,1,0.59617156,1
3,1,0.59635496,1
3,1,0.5959067,1
3,1,0.59573597,1
3,1,0.5963995,1
3,1,0.59637403,1
3,1,0.5963865,1
3,1,0.5958316,1
3,1,0.59568876,1
3,1,0.59629554,1
3,1,0.59623075,1
3,1,0.5964583,1
3,1,0.5960328,1
3,1,0.59592193,1
3,1,0.59646297,1
3,1,0.5964904,1
3,1,0.5964369,1
3,1,0.5959717,1
3,1,0.59589225,1
3,1,0.5964452,1
3,1,0.5957051,1
3,1,0.59640473,1
3,1,0.5963589,1
3,1,0.5968854,1
3,1,0.59598494,1
3,1,0.5960301,1
3,1,0.5961656,1
3,1,0.59621114,1
3,1,0.5959008,1
3,1,0.5964514,1
3,1,0.5964723,1
3,1,0.59640175,1
3,1,0.5983072,1
3,1,0.5989073,1
3,1,0.5982304,1
3,1,0.5982811,1
3,1,0.59767586,1
3,1,0.59828526,1
3,1,0.59769255,1
3,1,0.59795076,1
3,1,0.5986645,1
3,1,0.59851485,1
3,1,0.5985031,1
3,1,0.59813607,1
3,1,0.59814584,1
3,1,0.5982951,1
3,1,0.5939926,1
3,1,0.5948215,1
3,1,0.5951853,1
3,1,0.5953414,1
3,1,0.594814,1
3,1,0.5944363,1
3,1,0.5953065,1
3,1,0.5949955,1
3,1,0.59507114,1
3,1,0.5948021,1
3,1,0.59506387,1
3,1,0.5951975,1
3,1,0.5942217,1
3,1,0.5949237,1
3,1,0.5951621,1
3,1,0.595415,1
3,1,0.59486693,1
3,1,0.5947681,1
3,1,0.5946113,1
3,1,0.59460914,1
3,1,0.59457976,1
3,1,0.5952031,1
3,1,0.5951312,1
3,1,0.59532857,1
3,0,0.60112184,1
3,0,0.6012801,1
3,0,0.6013865,1
3,0,0.60090417,1
3,0,0.6017499,1
3,0,0.6010882,1
3,0,0.60163474,1
3,0,0.6011052,1
3,0,0.60092753,1
3,0,0.601425,1
3,0,0.6015848,1
3,0,0.6012858,1
3,0,0.6009713,1
3,0,0.60076797,1
3,0,0.60093933,1
3,1,0.59608525,1
3,1,0.59612334,1
3,1,0.5963213,1
3,1,0.5959329,1
3,1,0.59575653,1
3,1,0.596393,1
3,1,0.5963252,1
3,1,0.5963476,1
3,1,0.595864,1
3,1,0.5957971,1
3,1,0.5963846,1
3,1,0.5955628,1
3,1,0.5962823,1
3,1,0.59630585,1
3,1,0.5968067,1
3,1,0.59589684,1
3,1,0.59595865,1
3,1,0.5960589,1
3,1,0.596099,1
3,1,0.5957794,1
3,1,0.59640735,1
3,1,0.5964744,1
3,1,0.5963162,1
3,1,0.59465134,1
3,1,0.5954073,1
3,1,0.5955958,1
3,1,0.59572726,1
3,1,0.5952166,1
3,1,0.5949951,1
3,1,0.59563035,1
3,1,0.5954495,1
3,1,0.59544283,1
3,1,0.5952118,1
3,1,0.5951477,1
3,1,0.59550387,1
3,1,0.594591,1
3,1,0.5954588,1
3,1,0.59557414,1
3,1,0.5957701,1
3,1,0.5954452,1
3,1,0.59546953,1
3,1,0.5954444,1
3,1,0.5950957,1
3,1,0.5955165,1
3,1,0.5956571,1
3,1,0.5954397,1
3,1,0.59577113,1
3,1,0.5949208,1
3,1,0.59438443,1
3,1,0.59414107,1
3,1,0.59413713,1
3,1,0.5940608,1
3,1,0.59397316,1
3,1,0.5939894,1
3,1,0.5937246,1
3,1,0.59345305,1
3,1,0.5941235,1
3,1,0.5951946,1
3,1,0.5941458,1
3,1,0.5941378,1
3,1,0.5940217,1
3,1,0.5944869,1
3,1,0.594347,1
3,1,0.5964851,1
3,1,0.59668976,1
3,1,0.5969372,1
3,1,0.5963442,1
3,1,0.5960979,1
3,1,0.5968967,1
3,1,0.5967488,1
3,1,0.5966541,1
3,1,0.5960727,1
3,1,0.5965657,1
3,1,0.59673524,1
3,1,0.5955749,1
3,1,0.5967116,1
3,1,0.5966782,1
3,1,0.59659314,1
3,1,0.5962628,1
3,1,0.5966434,1
3,1,0.5964611,1
3,1,0.5963144,1
3,1,0.59640867,1
3,1,0.59684193,1
3,1,0.5966484,1
3,1,0.59665984,1
3,1,0.5964821,1
3,1,0.59715223,1
3,1,0.5971278,1
3,1,0.59708583,1
3,1,0.59664834,1
3,1,0.5961823,1
3,1,0.59704673,1
3,1,0.59688926,1
3,1,0.5969933,1
3,1,0.5970764,1
3,1,0.596765,1
3,1,0.597268,1
3,1,0.59658784,1
3,1,0.59733367,1
3,1,0.59721154,1
3,1,0.5973029,1
3,1,0.59706575,1
3,1,0.5972952,1
3,1,0.5971113,1
3,1,0.59707195,1
3,1,0.5969952,1
3,1,0.5975057,1
3,1,0.59706146,1
3,1,0.5970005,1
3,1,0.59636974,1
3,1,0.5962525,1
3,1,0.5962717,1
3,1,0.5960396,1
3,1,0.59596604,1
3,1,0.59665185,1
3,1,0.59660035,1
3,1,0.596526,1
3,1,0.59634113,1
3,1,0.5961544,1
3,1,0.5965735,1
3,1,0.5960067,1
3,1,0.5966463,1
3,1,0.59658796,1
3,1,0.59702146,1
3,1,0.5962623,1
3,1,0.5962721,1
3,1,0.5963477,1
3,1,0.5963137,1
3,1,0.59604496,1
3,1,0.5967479,1
3,1,0.5966617,1
3,1,0.59680045,1
3,1,0.59696877,1
3,1,0.5969851,1
3,1,0.59696096,1
3,1,0.59641886,1
3,1,0.5961041,1
3,1,0.5969466,1
3,1,0.5968342,1
3,1,0.59670436,1
3,1,0.596961,1
3,1,0.5966407,1
3,1,0.59691054,1
3,1,0.59592557,1
3,1,0.59690624,1
3,1,0.59689313,1
3,1,0.596717,1
3,1,0.59668577,1
3,1,0.5969903,1
3,1,0.5966039,1
3,1,0.59659374,1
3,1,0.59676963,1
3,1,0.5973012,1
3,1,0.59679866,1
3,1,0.5967851,1
3,1,0.5970583,1
3,1,0.5970174,1
3,1,0.5969709,1
3,1,0.5964963,1
3,1,0.59612465,1
3,1,0.5969737,1
3,1,0.5968326,1
3,1,0.5968624,1
3,1,0.5970922,1
3,1,0.5966995,1
3,1,0.59723186,1
3,1,0.59651417,1
3,1,0.5972287,1
3,1,0.5972206,1
3,1,0.59734285,1
3,1,0.5970198,1
3,1,0.59721154,1
3,1,0.5970114,1
3,1,0.59704065,1
3,1,0.59696734,1
3,1,0.59746194,1
3,1,0.59702194,1
3,1,0.59698,1
3,1,0.5968774,1
3,1,0.59664637,1
3,1,0.5970592,1
3,1,0.5965058,1
3,1,0.5963989,1
3,1,0.59706944,1
3,1,0.5971314,1
3,1,0.5968904,1
3,1,0.59694487,1
3,1,0.596926,1
3,1,0.5973535,1
3,1,0.5960054,1
3,1,0.5968731,1
3,1,0.5969328,1
3,1,0.5969869,1
3,1,0.59667975,1
3,1,0.597056,1
3,1,0.5967614,1
3,1,0.5967598,1
3,1,0.5968365,1
3,1,0.59731114,1
3,1,0.59697795,1
3,1,0.59694254,1
3,1,0.59640414,1
3,1,0.5970926,1
3,1,0.59715754,1
3,1,0.5972844,1
3,1,0.59678936,1
3,1,0.5964379,1
3,1,0.59730214,1
3,1,0.5971951,1
3,1,0.59726065,1
3,1,0.59675264,1
3,1,0.59693795,1
3,1,0.59740174,1
3,1,0.59666556,1
3,1,0.59753615,1
3,1,0.5972137,1
3,1,0.5974786,1
3,1,0.5970443,1
3,1,0.5972623,1
3,1,0.597237,1
3,1,0.59724164,1
3,1,0.5970515,1
3,1,0.59754646,1
3,1,0.59728795,1
3,1,0.5970799,1
3,0,0.5854536,1
3,0,0.5866441,1
3,0,0.586662,1
3,0,0.5871298,1
3,0,0.5869159,1
3,0,0.5869334,1
3,0,0.5879643,1
3,0,0.5877526,1
3,0,0.58722997,1
3,0,0.5882805,1
3,0,0.5887357,1
3,0,0.58842325,1
3,0,0.58814985,1
3,0,0.58927095,1
3,0,0.588926,1
3,0,0.5885956,1
3,0,0.58947486,1
3,0,0.5894646,1
3,0,0.5890434,1
3,0,0.58882016,1
3,0,0.5889214,1
3,0,0.5890212,1
3,0,0.58836323,1
3,0,0.58861715,1
3,0,0.5883509,1
3,0,0.58916825,1
3,0,0.5894963,1
3,0,0.5898016,1
3,0,0.5892886,1
3,0,0.58882284,1
3,0,0.5894683,1
3,0,0.58940095,1
3,0,0.5893817,1
3,0,0.5896711,1
3,0,0.58996713,1
3,0,0.59017247,1
3,0,0.59006494,1
3,0,0.5899975,1
3,0,0.58963263,1
3,0,0.5897048,1
3,1,0.5909876,1
3,1,0.59098095,1
3,1,0.5912489,1
3,1,0.59131056,1
3,1,0.59131724,1
3,1,0.59093773,1
3,1,0.5910839,1
3,1,0.5910284,1
3,1,0.5912636,1
3,1,0.59099287,1
3,1,0.5910428,1
3,0,0.5868883,1
3,0,0.58712924,1
3,0,0.58750254,1
3,0,0.5865491,1
3,0,0.58719337,1
3,0,0.58635,1
3,0,0.58637166,1
3,0,0.5864066,1
3,0,0.586071,1
3,0,0.5849456,1
3,0,0.5837218,1
3,0,0.5851497,1
3,0,0.58513933,1
3,0,0.5859755,1
3,0,0.5860789,1
3,0,0.58605033,1
3,0,0.58593535,1
3,0,0.58573806,1
3,0,0.585543,1
3,0,0.5855842,1
3,0,0.5854228,1
3,0,0.58511937,1
3,0,0.5847784,1
3,0,0.584705,1
3,0,0.5845052,1
3,0,0.5843762,1
3,0,0.5842812,1
3,0,0.58384293,1
3,0,0.58309823,1
3,0,0.5826995,1
3,0,0.5826096,1
3,0,0.5818476,1
3,0,0.5813499,1
3,0,0.5818248,1
3,0,0.5811316,1
3,0,0.5821586,1
3,0,0.5824382,1
3,0,0.5824466,1
3,0,0.5827314,1
3,1,0.5969517,1
3,1,0.596889,1
3,1,0.5972605,1
3,1,0.5965925,1
3,1,0.596389,1
3,1,0.5971096,1
3,1,0.5971136,1
3,1,0.5968846,1
3,1,0.5965826,1
3,1,0.5966567,1
3,1,0.5970485,1
3,1,0.5960364,1
3,1,0.5970066,1
3,1,0.596933,1
3,1,0.597061,1
3,1,0.5964066,1
3,1,0.59685725,1
3,1,0.5967796,1
3,1,0.59672254,1
3,1,0.59654665,1
3,1,0.59721214,1
3,1,0.59710497,1
3,1,0.59687287,1
3,1,0.5968646,1
3,1,0.59697205,1
3,1,0.59723127,1
3,1,0.59667665,1
3,1,0.596373,1
3,1,0.597175,1
3,1,0.5971623,1
3,1,0.5970198,1
3,1,0.59666663,1
3,1,0.5968174,1
3,1,0.5970597,1
3,1,0.59606975,1
3,1,0.5970423,1
3,1,0.596932,1
3,1,0.5970242,1
3,1,0.59683764,1
3,1,0.5969238,1
3,1,0.59663296,1
3,1,0.5965,1
3,1,0.596595,1
3,1,0.5971973,1
3,1,0.59701985,1
3,1,0.5968516,1
3,1,0.59796923,1
3,1,0.5973238,1
3,1,0.5974667,1
3,1,0.59694666,1
3,1,0.59702003,1
3,1,0.5977544,1
3,1,0.59763724,1
3,1,0.59774834,1
3,1,0.59771717,1
3,1,0.5976418,1
3,1,0.598104,1
3,1,0.5972428,1
3,1,0.5980546,1
3,1,0.59789336,1
3,1,0.5980991,1
3,1,0.5975709,1
3,1,0.59792805,1
3,1,0.5976955,1
3,1,0.5977915,1
3,1,0.59763813,1
3,1,0.5981337,1
3,1,0.5977946,1
3,1,0.5976284,1
3,1,0.5969463,1
3,1,0.59705514,1
3,1,0.59731275,1
3,1,0.5967939,1
3,1,0.5965008,1
3,1,0.5972773,1
3,1,0.59724224,1
3,1,0.59714854,1
3,1,0.5967661,1
3,1,0.59692776,1
3,1,0.5971844,1
3,1,0.596269,1
3,1,0.5971869,1
3,1,0.59703636,1
3,1,0.5970228,1
3,1,0.5968046,1
3,1,0.5972065,1
3,1,0.5969343,1
3,1,0.59689015,1
3,1,0.59685236,1
3,1,0.59735996,1
3,1,0.59711224,1
3,1,0.5970462,1
3,0,0.5931748,1
3,0,0.59314644,1
3,0,0.593159,1
3,0,0.59319234,1
3,0,0.5930484,1
3,0,0.59311616,1
3,0,0.5931528,1
3,0,0.5930991,1
3,0,0.5931685,1
3,0,0.5931141,1
3,0,0.5931808,1
3,0,0.5930504,1
3,0,0.59311825,1
3,0,0.5930989,1
3,0,0.5930443,1
3,0,0.5931982,1
3,0,0.5930741,1
3,0,0.5930562,1
3,0,0.59320754,1
3,0,0.5932146,1
3,0,0.59319067,1
3,0,0.5931372,1
3,0,0.59301955,1
3,0,0.5931392,1
3,0,0.5930836,1
3,0,0.5931948,1
3,0,0.5931944,1
3,0,0.5931134,1
3,0,0.59314835,1
3,0,0.59314173,1
3,0,0.5931193,1
3,0,0.59313166,1
3,0,0.5931765,1
3,1,0.59621567,1
3,1,0.5969169,1
3,1,0.59704417,1
3,1,0.597284,1
3,1,0.5967874,1
3,1,0.5964775,1
3,1,0.5973097,1
3,1,0.5972401,1
3,1,0.5971509,1
3,1,0.5968618,1
3,1,0.5969076,1
3,1,0.5972045,1
3,1,0.59623665,1
3,1,0.597242,1
3,1,0.59701276,1
3,1,0.59703934,1
3,1,0.5967937,1
3,1,0.5970789,1
3,1,0.5969233,1
3,1,0.5969018,1
3,1,0.59691215,1
3,1,0.59738976,1
3,1,0.59713197,1
3,1,0.5970664,1
3,1,0.59687626,1
3,1,0.5970024,1
3,1,0.59725356,1
3,1,0.5966871,1
3,1,0.5964198,1
3,1,0.5972409,1
3,1,0.5971864,1
3,1,0.5970873,1
3,1,0.5967738,1
3,1,0.59687465,1
3,1,0.59716666,1
3,1,0.5962042,1
3,1,0.59721625,1
3,1,0.59694993,1
3,1,0.5969976,1
3,1,0.596729,1
3,1,0.59703517,1
3,1,0.59683466,1
3,1,0.5968025,1
3,1,0.59683806,1
3,1,0.59728914,1
3,1,0.5970462,1
3,1,0.5969791,1
3,1,0.5962968,1
3,1,0.59615105,1
3,1,0.59601295,1
3,1,0.59562063,1
3,1,0.5957386,1
3,1,0.596133,1
3,1,0.59528184,1
3,1,0.5962476,1
3,1,0.59605676,1
3,1,0.59630364,1
3,1,0.5956402,1
3,1,0.5960907,1
3,1,0.5960484,1
3,1,0.5959244,1
3,1,0.5959982,1
3,1,0.59608513,1
3,1,0.5965773,1
3,1,0.5956372,1
3,1,0.5959065,1
3,1,0.5963973,1
3,0,0.59662974,1
3,0,0.59697384,1
3,0,0.59615,1
3,0,0.5961105,1
3,0,0.59648645,1
3,0,0.5966448,1
3,0,0.59611696,1
3,0,0.59590966,1
3,0,0.59598345,1
3,0,0.59606653,1
3,0,0.5957371,1
3,0,0.59562397,1
3,0,0.59627587,1
3,0,0.59614754,1
3,0,0.596013,1
3,0,0.5957415,1
3,0,0.5958976,1
3,0,0.5952245,1
3,1,0.5952478,1
3,1,0.5951651,1
3,1,0.5950101,1
3,1,0.59482175,1
3,1,0.5948914,1
3,1,0.5946182,1
3,1,0.5942986,1
3,1,0.5948838,1
3,1,0.5959345,1
3,1,0.5949975,1
3,1,0.59464294,1
3,1,0.59490305,1
3,1,0.59533167,1
3,1,0.5951131,1
3,1,0.5948485,1
3,1,0.595037,1
3,1,0.5953855,1
3,1,0.5954337,1
3,1,0.5950751,1
3,1,0.5954939,1
3,1,0.5957919,1
3,1,0.59645915,1
3,1,0.5965435,1
3,1,0.59666175,1
3,1,0.5962183,1
3,1,0.595992,1
3,1,0.59664476,1
3,1,0.5965251,1
3,1,0.59657687,1
3,1,0.5961586,1
3,1,0.59604096,1
3,1,0.5965901,1
3,1,0.5956922,1
3,1,0.5966458,1
3,1,0.5965595,1
3,1,0.59528524,1
3,1,0.59538203,1
3,1,0.5955128,1
3,1,0.59517854,1
3,1,0.5949643,1
3,1,0.5956422,1
3,1,0.59541184,1
3,1,0.59550714,1
3,1,0.5949235,1
3,1,0.59530634,1
3,1,0.5956547,1
3,1,0.5948217,1
3,1,0.5955224,1
3,1,0.5953232,1
3,1,0.59567577,1
3,1,0.5949998,1
3,1,0.5949104,1
3,1,0.5952956,1
3,1,0.59526044,1
3,1,0.5950829,1
3,1,0.5954299,1
3,1,0.59564686,1
3,1,0.59573644,1
3,1,0.59575146,1
3,1,0.59630436,1
3,1,0.5963331,1
3,1,0.59665024,1
3,1,0.59602237,1
3,1,0.59574246,1
3,1,0.59651154,1
3,1,0.59646964,1
3,1,0.5963022,1
3,1,0.5960234,1
3,1,0.5961831,1
3,1,0.5964346,1
3,1,0.5955162,1
3,1,0.59642315,1
3,1,0.5963866,1
3,1,0.5965391,1
3,1,0.59585994,1
3,1,0.59624684,1
3,1,0.59620994,1
3,1,0.5961809,1
3,1,0.5960054,1
3,1,0.5966168,1
3,1,0.5965298,1
3,1,0.59632623,1
3,0,0.5922813,1
3,0,0.59221303,1
3,0,0.59217733,1
3,0,0.5921326,1
3,0,0.59219134,1
3,0,0.592245,1
3,0,0.5921877,1
3,0,0.5920632,1
3,0,0.5921472,1
3,0,0.5922041,1
3,0,0.59206706,1
3,0,0.5922503,1
3,0,0.5923567,1
3,0,0.5921451,1
3,0,0.5922531,1
3,0,0.5921899,1
3,0,0.5922604,1
3,0,0.59229165,1
3,0,0.5921704,1
3,0,0.59224796,1
3,0,0.59223664,1
3,0,0.5921592,1
3,0,0.5921524,1
3,0,0.5922198,1
3,0,0.59220827,1
3,0,0.5922509,1
3,0,0.59221625,1
3,0,0.59229124,1
3,0,0.5922587,1
3,0,0.5923453,1
3,0,0.5922429,1
3,0,0.5922657,1
3,1,0.59575146,1
3,1,0.59630436,1
3,1,0.5963331,1
3,1,0.59665024,1
3,1,0.59602237,1
3,1,0.59574246,1
3,1,0.59651154,1
3,1,0.59646964,1
3,1,0.5963022,1
3,1,0.5960234,1
3,1,0.5961831,1
3,1,0.5964346,1
3,1,0.5955162,1
3,1,0.59642315,1
3,1,0.5963866,1
3,1,0.5965391,1
3,1,0.59585994,1
3,1,0.59624684,1
3,1,0.59620994,1
3,1,0.5961809,1
3,1,0.5960054,1
3,1,0.5966168,1
3,1,0.5965298,1
3,1,0.59632623,1
3,1,0.59575146,1
3,1,0.59630436,1
3,1,0.5963331,1
3,1,0.59665024,1
3,1,0.59602237,1
3,1,0.59574246,1
3,1,0.59651154,1
3,1,0.59646964,1
3,1,0.5963022,1
3,1,0.5960234,1
3,1,0.5961831,1
3,1,0.5964346,1
3,1,0.5955162,1
3,1,0.59642315,1
3,1,0.5963866,1
3,1,0.5965391,1
3,1,0.59585994,1
3,1,0.59624684,1
3,1,0.59620994,1
3,1,0.5961809,1
3,1,0.5960054,1
3,1,0.5966168,1
3,1,0.5965298,1
3,1,0.59632623,1
3,1,0.59597677,1
3,1,0.5955628,1
3,1,0.5952062,1
3,1,0.59499806,1
3,1,0.5953735,1
3,1,0.59612143,1
3,1,0.59543455,1
3,1,0.59501225,1
3,1,0.59533244,1
3,1,0.59564495,1
3,1,0.5955,1
3,1,0.5951603,1
3,1,0.5953215,1
3,1,0.59575045,1
3,1,0.5958521,1
3,1,0.59537494,1
3,1,0.5958458,1
3,1,0.5954101,1
3,1,0.5953175,1
3,1,0.59511685,1
3,1,0.5954592,1
3,1,0.5949263,1
3,1,0.59580964,1
3,1,0.59553427,1
3,1,0.5958344,1
3,1,0.59502894,1
3,1,0.5955436,1
3,1,0.5950055,1
3,1,0.59610397,1
3,1,0.5959937,1
3,1,0.59315944,1
3,1,0.59300876,1
3,1,0.5929803,1
3,1,0.5930599,1
3,1,0.5930268,1
3,1,0.59304917,1
3,1,0.5931884,1
3,1,0.5931813,1
3,1,0.59304196,1
3,1,0.5931369,1
3,1,0.59315616,1
3,1,0.5930128,1
3,1,0.59311396,1
3,1,0.59313345,1
3,1,0.59320486,1
3,1,0.5932182,1
3,1,0.59312606,1
3,1,0.59311044,1
3,1,0.5931083,1
3,1,0.59308815,1
3,1,0.5931497,1
3,1,0.59309304,1
3,1,0.5931516,1
3,1,0.5932079,1
3,1,0.5931963,1
3,1,0.5930909,1
3,1,0.5932107,1
3,1,0.5931946,1
3,1,0.5931567,1
3,1,0.5930577,1
3,1,0.5930858,1
3,1,0.5931376,1
3,1,0.59314823,1
3,1,0.5930982,1
3,1,0.593095,1
3,1,0.5931179,1
3,1,0.59317845,1
3,1,0.59319454,1
3,1,0.59301394,1
3,1,0.593167,1
3,1,0.5930923,1
3,1,0.593117,1
3,1,0.59311426,1
3,1,0.5930556,1
3,1,0.5930739,1
3,1,0.59301805,1
3,1,0.5930653,1
3,1,0.5930212,1
3,1,0.5931281,1
3,1,0.5929935,1
3,1,0.59314424,1
3,1,0.5929918,1
3,1,0.59298056,1
3,1,0.593082,1
3,1,0.5929716,1
3,1,0.59303594,1
3,1,0.5931013,1
3,1,0.5931374,1
3,1,0.593021,1
3,1,0.59308,1
3,0,0.5922609,1
3,0,0.592282,1
3,0,0.59228396,1
3,0,0.5923399,1
3,0,0.59218246,1
3,0,0.5922671,1
3,0,0.59214985,1
3,0,0.5922527,1
3,0,0.5922595,1
3,0,0.5922047,1
3,0,0.5922677,1
3,0,0.5923352,1
3,0,0.5922902,1
3,0,0.59228617,1
3,0,0.59225297,1
3,0,0.59218675,1
3,0,0.5923454,1
3,0,0.5923469,1
3,0,0.5922738,1
3,0,0.59218746,1
3,0,0.5922538,1
3,0,0.5923704,1
3,0,0.59234554,1
3,0,0.5922676,1
3,0,0.5921845,1
3,0,0.5922732,1
3,0,0.59229904,1
3,0,0.59238833,1
3,0,0.5923309,1
3,0,0.5922524,1
3,0,0.5923545,1
3,0,0.5923144,1
3,0,0.5923616,1
3,0,0.5923075,1
3,0,0.59240824,1
3,0,0.5923536,1
3,0,0.5923296,1
3,0,0.5923296,1
3,0,0.59234554,1
3,0,0.59232724,1
3,0,0.5916743,1
3,0,0.5916518,1
3,0,0.5914502,1
3,0,0.5917194,1
3,0,0.5916723,1
3,0,0.5917887,1
3,0,0.59154856,1
3,0,0.59159267,1
3,0,0.5916675,1
3,0,0.59159154,1
3,0,0.59170187,1
3,0,0.5916054,1
3,0,0.5916581,1
3,0,0.5915837,1
3,0,0.5916182,1
3,0,0.5917473,1
3,0,0.5916039,1
3,0,0.591493,1
3,0,0.5915717,1
3,0,0.5916557,1
3,1,0.5965585,1
3,1,0.5964192,1
3,1,0.5962384,1
3,1,0.5962483,1
3,1,0.59665173,1
3,1,0.595515,1
3,1,0.5965532,1
3,1,0.59642386,1
3,1,0.5965679,1
3,1,0.59587866,1
3,1,0.59623915,1
3,1,0.5962034,1
3,1,0.59611213,1
3,1,0.59599733,1
3,1,0.5985548,1
3,1,0.59826005,1
3,1,0.59861785,1
3,1,0.598277,1
3,1,0.5978411,1
3,1,0.5984557,1
3,1,0.59856355,1
3,1,0.5984897,1
3,1,0.59800285,1
3,1,0.5979239,1
3,1,0.5982986,1
3,1,0.59730965,1
3,1,0.5982293,1
3,1,0.59821135,1
3,1,0.59819824,1
3,1,0.5976458,1
3,1,0.5982741,1
3,1,0.5982139,1
3,1,0.59825146,1
3,1,0.5979952,1
3,1,0.59880215,1
3,1,0.59863657,1
3,1,0.5984341,1
3,1,0.5960591,1
3,1,0.5968067,1
3,1,0.5967998,1
3,1,0.59714687,1
3,1,0.5965523,1
3,1,0.5963274,1
3,1,0.59701,1
3,1,0.5970352,1
3,1,0.59688514,1
3,1,0.5966131,1
3,1,0.596562,1
3,1,0.59697545,1
3,1,0.59592694,1
3,1,0.59684384,1
3,1,0.59678775,1
3,1,0.59492075,1
3,1,0.59521395,1
3,1,0.5964031,1
3,1,0.59582466,1
3,1,0.594875,1
3,1,0.5956478,1
3,1,0.5957401,1
3,1,0.59513277,1
3,1,0.5954647,1
3,1,0.59603345,1
3,1,0.59567374,1
3,1,0.59501195,1
3,1,0.59585154,1
3,1,0.595301,1
3,1,0.59430057,1
3,1,0.59512854,1
3,1,0.5947055,1
3,1,0.5952871,1
3,1,0.5945322,1
3,1,0.5945141,1
3,1,0.5950372,1
3,1,0.59445983,1
3,1,0.59438753,1
3,0,0.59625685,1
3,0,0.59626096,1
3,0,0.59568423,1
3,0,0.59560907,1
3,0,0.59578574,1
3,0,0.59594613,1
3,0,0.5959959,1
3,0,0.59569293,1
3,0,0.59602296,1
3,0,0.59618497,1
3,0,0.59645724,1
3,0,0.59610045,1
3,0,0.5960123,1
3,0,0.59601957,1
3,0,0.595685,1
3,0,0.5952613,1
3,0,0.5955589,1
3,0,0.59597045,1
3,0,0.5961138,1
3,0,0.5946895,1
3,0,0.59558463,1
3,0,0.5958112,1
3,0,0.59554505,1
3,0,0.59573376,1
3,0,0.59616435,1
3,0,0.595574,1
3,0,0.5956549,1
3,0,0.5954648,1
3,0,0.59621096,1
3,0,0.5957537,1
3,0,0.59658897,1
3,0,0.59635633,1
3,0,0.59605306,1
3,0,0.5957221,1
3,0,0.59592503,1
3,0,0.5961157,1
3,0,0.59399676,1
3,0,0.5937274,1
3,0,0.5942461,1
3,0,0.5943638,1
3,0,0.5942157,1
3,0,0.59393054,1
3,0,0.59392077,1
3,0,0.5938231,1
3,0,0.5936871,1
3,0,0.5934387,1
3,0,0.59424347,1
3,0,0.59388316,1
3,0,0.5938799,1
3,0,0.59296304,1
3,0,0.5939645,1
3,0,0.59379137,1
3,0,0.5933952,1
3,0,0.5932408,1
3,0,0.5939409,1
3,0,0.59384835,1
3,0,0.5939043,1
3,0,0.5933576,1
3,0,0.5935353,1
3,0,0.5934942,1
3,0,0.59345055,1
3,0,0.59408206,1
3,0,0.5929496,1
3,0,0.592981,1
3,0,0.5931774,1
3,0,0.59343606,1
3,0,0.5928022,1
3,0,0.59295785,1
3,0,0.59339124,1
3,0,0.592445,1
3,0,0.592172,1
3,0,0.59209174,1
3,0,0.5919901,1
3,0,0.59222937,1
3,0,0.5924589,1
3,0,0.59271413,1
3,0,0.59198296,1
3,0,0.5918719,1
3,0,0.59202933,1
3,0,0.5917732,1
3,0,0.591259,1
3,0,0.59164,1
3,0,0.59166586,1
3,0,0.5913997,1
3,0,0.59152037,1
3,0,0.5912195,1
3,0,0.5914605,1
3,0,0.5926031,1
3,0,0.5919157,1
3,0,0.5915202,1
3,0,0.5920526,1
3,0,0.5919857,1
3,0,0.59187967,1
3,0,0.59174335,1
3,0,0.5925431,1
3,0,0.5922691,1
3,0,0.59161854,1
3,0,0.5920212,1
3,0,0.5925622,1
3,0,0.5924744,1
3,0,0.5924524,1
3,0,0.5930255,1
3,0,0.5931925,1
3,0,0.5936894,1
3,0,0.59375775,1
3,0,0.59326065,1
3,0,0.5938318,1
3,0,0.59386903,1
3,0,0.5943377,1
3,0,0.5945727,1
3,0,0.5946999,1
3,0,0.5943396,1
3,0,0.5944369,1
3,0,0.5946356,1
3,0,0.5949604,1
3,1,0.59315556,1
3,1,0.59314376,1
3,1,0.5936298,1
3,1,0.5936925,1
3,1,0.59441257,1
3,1,0.5941406,1
3,1,0.59383315,1
3,1,0.5940937,1
3,1,0.5941906,1
3,1,0.59430826,1
3,1,0.5941889,1
3,1,0.5945189,1
3,1,0.5948717,1
3,1,0.59469527,1
3,1,0.5945057,1
3,1,0.59509474,1
3,1,0.5944267,1
3,1,0.59459287,1
3,1,0.5951306,1
3,1,0.5955343,1
3,1,0.59514856,1
3,1,0.59525216,1
3,1,0.595362,1
3,1,0.5945631,1
3,1,0.595151,1
3,1,0.59526944,1
3,1,0.595135,1
3,1,0.59481204,1
3,1,0.59519637,1
3,1,0.5949939,1
3,0,0.587421,1
3,0,0.5863173,1
3,0,0.5869985,1
3,0,0.587162,1
3,0,0.5870574,1
3,0,0.58742785,1
3,0,0.587181,1
3,0,0.58688015,1
3,0,0.5865138,1
3,0,0.58525074,1
3,0,0.58637965,1
3,0,0.5855264,1
3,0,0.58633876,1
3,0,0.58473533,1
3,0,0.58604157,1
3,1,0.596763,1
3,1,0.596855,1
3,1,0.59715223,1
3,1,0.59637296,1
3,1,0.5962469,1
3,1,0.5971312,1
3,1,0.59692836,1
3,1,0.5967459,1
3,1,0.59628034,1
3,1,0.59680873,1
3,1,0.5970817,1
3,1,0.59598356,1
3,1,0.5970406,1
3,1,0.5968134,1
3,1,0.5968694,1
3,1,0.59625185,1
3,1,0.59677005,1
3,1,0.59685034,1
3,1,0.59663016,1
3,1,0.5965733,1
3,1,0.59673774,1
3,1,0.596744,1
3,1,0.5973326,1
3,1,0.59732014,1
3,1,0.59745157,1
3,1,0.59766173,1
3,1,0.59715235,1
3,1,0.59673357,1
3,1,0.5975209,1
3,1,0.59750056,1
3,1,0.5974047,1
3,1,0.59716326,1
3,1,0.5972055,1
3,1,0.59719664,1
3,1,0.596327,1
3,1,0.597493,1
3,1,0.59737056,1
3,1,0.5970465,1
3,1,0.5971841,1
3,1,0.59753174,1
3,1,0.59748816,1
3,1,0.5971988,1
3,1,0.5977542,1
3,1,0.59759235,1
3,1,0.59709907,1
3,1,0.5973762,1
3,1,0.597456,1
3,1,0.5974016,1
3,1,0.59774506,1
3,1,0.59717184,1
3,1,0.59693867,1
3,1,0.59764266,1
3,1,0.5976157,1
3,1,0.5974633,1
3,1,0.5969427,1
3,1,0.59726,1
3,1,0.5975498,1
3,1,0.59668076,1
3,1,0.59742236,1
3,1,0.5972304,1
3,1,0.5972178,1
3,1,0.5967368,1
3,1,0.597185,1
3,1,0.59717536,1
3,1,0.5970719,1
3,1,0.5968131,1
3,1,0.5975618,1
3,1,0.59752953,1
3,1,0.59720385,1
3,1,0.5969865,1
3,1,0.597456,1
3,1,0.5974016,1
3,1,0.59774506,1
3,1,0.59717184,1
3,1,0.59693867,1
3,1,0.59764266,1
3,1,0.5976157,1
3,1,0.5974633,1
3,1,0.5969427,1
3,1,0.59726,1
3,1,0.5975498,1
3,1,0.59668076,1
3,1,0.59742236,1
3,1,0.5972304,1
3,1,0.5969865,1
3,1,0.597456,1
3,1,0.5974016,1
3,1,0.59774506,1
3,1,0.59717184,1
3,1,0.59693867,1
3,1,0.59764266,1
3,1,0.5976157,1
3,1,0.5974633,1
3,1,0.5969427,1
3,1,0.59726,1
3,1,0.5975498,1
3,1,0.59668076,1
3,1,0.59742236,1
3,1,0.5972304,1
3,1,0.5972178,1
3,1,0.5967368,1
3,1,0.597185,1
3,1,0.59717536,1
3,1,0.5970719,1
3,1,0.5968131,1
3,1,0.5975618,1
3,1,0.59752953,1
3,1,0.59720385,1
3,1,0.5969865,1
3,1,0.597456,1
3,1,0.5974016,1
3,1,0.59774506,1
3,1,0.59717184,1
3,1,0.59693867,1
3,1,0.59764266,1
3,1,0.5976157,1
3,1,0.5974633,1
3,1,0.5969427,1
3,1,0.59726,1
3,1,0.5975498,1
3,1,0.59668076,1
3,1,0.59742236,1
3,1,0.5972304,1
3,1,0.5972178,1
3,1,0.5967368,1
3,1,0.597185,1
3,1,0.59717536,1
3,1,0.5970719,1
3,1,0.5968131,1
3,1,0.5975618,1
3,1,0.59752953,1
3,1,0.59720385,1
3,1,0.59890884,1
3,1,0.5987204,1
3,1,0.5990109,1
3,1,0.5987462,1
3,1,0.59822154,1
3,1,0.59899586,1
3,1,0.59889704,1
3,1,0.59887797,1
3,1,0.5981973,1
3,1,0.5984869,1
3,1,0.59872055,1
3,1,0.5979626,1
3,1,0.598539,1
3,1,0.5984504,1
3,1,0.5983273,1
3,1,0.59793115,1
3,1,0.5984354,1
3,1,0.5984332,1
3,1,0.5983925,1
3,1,0.5980508,1
3,1,0.59889805,1
3,1,0.5988944,1
3,1,0.59843504,1
3,0,0.5967103,1
3,0,0.596723,1
3,0,0.59705937,1
3,0,0.5964545,1
3,0,0.596219,1
3,0,0.5969512,1
3,0,0.5969875,1
3,0,0.59678054,1
3,0,0.596529,1
3,0,0.59653723,1
3,0,0.59690064,1
3,0,0.5957964,1
3,0,0.5967603,1
3,0,0.5967578,1
3,0,0.5969641,1
3,0,0.59639573,1
3,0,0.59657323,1
3,0,0.596426,1
3,0,0.5962152,1
3,0,0.59621006,1
3,0,0.5969014,1
3,0,0.5968567,1
3,0,0.59673357,1
3,1,0.5956707,1
3,1,0.5958445,1
3,1,0.59610546,1
3,1,0.5956052,1
3,1,0.59536606,1
3,1,0.5961912,1
3,1,0.59598416,1
3,1,0.5959633,1
3,1,0.59570825,1
3,1,0.5956769,1
3,1,0.5960786,1
3,1,0.595182,1
3,1,0.5958892,1
3,1,0.59591794,1
3,1,0.5959965,1
3,1,0.59558755,1
3,1,0.5957037,1
3,1,0.59575784,1
3,1,0.5969977,1
3,1,0.59728855,1
3,1,0.59661514,1
3,1,0.5964137,1
3,1,0.5970857,1
3,1,0.5970037,1
3,1,0.5968331,1
3,1,0.59653085,1
3,1,0.5967129,1
3,1,0.59701586,1
3,1,0.5960616,1
3,1,0.59701955,1
3,1,0.5967908,1
3,1,0.5967063,1
3,1,0.59661067,1
3,1,0.5968546,1
3,1,0.5969928,1
3,1,0.59658796,1
3,1,0.59688884,1
3,1,0.5970682,1
3,1,0.5967486,1
3,0,0.6051754,1
3,0,0.6048228,1
3,0,0.6050544,1
3,0,0.604829,1
3,0,0.60439634,1
3,0,0.6042279,1
3,0,0.60435176,1
3,0,0.6041093,1
3,0,0.60450524,1
3,0,0.6044534,1
3,0,0.6035064,1
3,0,0.6039099,1
3,0,0.6046709,1
3,0,0.603726,1
3,0,0.6036478,1
3,0,0.6040705,1
3,0,0.6037658,1
3,0,0.60369074,1
3,0,0.60377365,1
3,0,0.60338783,1
3,0,0.60224956,1
3,0,0.602603,1
3,0,0.6017108,1
3,0,0.6028155,1
3,0,0.6017524,1
3,0,0.6018405,1
3,0,0.60139954,1
3,0,0.6009374,1
3,0,0.60039276,1
3,0,0.6006857,1
3,0,0.6008595,1
3,0,0.5998592,1
3,0,0.60030675,1
3,0,0.6003567,1
3,0,0.60114,1
3,0,0.5992934,1
3,0,0.5994029,1
3,0,0.5988752,1
3,0,0.5983996,1
3,0,0.59898573,1
3,0,0.5980279,1
3,0,0.5980051,1
3,0,0.5974254,1
3,0,0.58721554,1
3,0,0.58922607,1
3,0,0.5876796,1
3,0,0.58613575,1
3,0,0.58771133,1
3,0,0.5856187,1
3,0,0.58407414,1
3,0,0.58430314,1
3,0,0.5841284,1
3,0,0.58339226,1
3,0,0.58194244,1
3,0,0.58137965,1
3,0,0.58422184,1
3,0,0.58309424,1
3,0,0.5790153,1
3,0,0.5800629,1
3,0,0.5802772,1
3,0,0.57857037,1
3,0,0.5808783,1
3,0,0.57835126,1
3,0,0.57899576,1
3,0,0.57798296,1
3,0,0.5770338,1
3,0,0.5766251,1
3,0,0.5751802,1
3,0,0.572396,1
3,0,0.5744618,1
3,0,0.5717671,1
3,0,0.56968,1
3,0,0.5714543,1
3,0,0.56938833,1
3,0,0.56938374,1
3,0,0.5695299,1
3,0,0.5695295,1
3,0,0.56773937,1
3,0,0.5681493,1
3,0,0.5686418,1
3,0,0.5791496,1
3,0,0.57981825,1
3,0,0.5791072,1
3,0,0.5794089,1
3,0,0.57932407,1
3,0,0.57944876,1
3,0,0.57948637,1
3,0,0.58031857,1
3,0,0.5798904,1
3,0,0.5802547,1
3,0,0.5800395,1
3,0,0.5801311,1
3,0,0.5795726,1
3,0,0.57993287,1
3,0,0.5805465,1
3,0,0.5798298,1
3,0,0.5806545,1
3,0,0.5802819,1
3,0,0.5802945,1
3,0,0.58014643,1
3,0,0.57964987,1
3,0,0.58089894,1
3,0,0.58066785,1
3,0,0.58031416,1
3,0,0.58028114,1
3,0,0.5805475,1
3,0,0.5802362,1
3,0,0.58034337,1
3,0,0.5802959,1
3,0,0.58060104,1
3,0,0.58001274,1
3,0,0.57997954,1
3,0,0.58033067,1
3,0,0.5801285,1
3,0,0.5797021,1
3,0,0.57941276,1
3,0,0.580002,1
3,0,0.5795795,1
3,0,0.57931805,1
3,0,0.5795532,1
3,0,0.57960594,1
3,0,0.5802587,1
3,0,0.579526,1
3,0,0.5801762,1
3,0,0.5799614,1
3,0,0.5804612,1
3,0,0.5795414,1
3,0,0.57977694,1
3,0,0.5800622,1
3,0,0.57974166,1
3,0,0.5799205,1
3,0,0.58000404,1
3,0,0.5797065,1
3,0,0.5792833,1
3,0,0.579261,1
3,0,0.57959914,1
3,0,0.5800844,1
3,0,0.5803946,1
3,0,0.57988304,1
3,0,0.5796198,1
3,0,0.5795953,1
3,0,0.5794252,1
3,0,0.5790832,1
3,0,0.5793158,1
3,0,0.5794132,1
3,0,0.5789949,1
3,0,0.5789965,1
3,0,0.5785022,1
3,0,0.57437545,1
3,0,0.5738641,1
3,0,0.5739697,1
3,0,0.57368344,1
3,0,0.5726463,1
3,0,0.57326543,1
3,0,0.57184684,1
3,0,0.5708172,1
3,0,0.571009,1
3,0,0.57037616,1
3,0,0.5698368,1
3,0,0.5687119,1
3,0,0.56998616,1
3,0,0.56930244,1
3,0,0.569322,1
3,0,0.57003236,1
3,0,0.57011646,1
3,0,0.57005787,1
3,0,0.5703151,1
3,0,0.5712025,1
3,0,0.5703933,1
3,0,0.5695882,1
3,0,0.5759624,1
3,0,0.5743563,1
3,0,0.574366,1
3,0,0.5740109,1
3,0,0.57174474,1
3,0,0.5717128,1
3,0,0.57227105,1
3,0,0.5755892,1
3,0,0.5723196,1
3,0,0.5731611,1
3,0,0.5741057,1
3,0,0.57381904,1
3,0,0.57673734,1
3,0,0.5769805,1
3,0,0.57759655,1
3,0,0.5736479,1
3,0,0.57398325,1
3,0,0.5768065,1
3,0,0.57618034,1
3,0,0.5763235,1
3,0,0.5767693,1
3,0,0.5780392,1
3,0,0.58270717,1
3,0,0.58922404,1
3,0,0.59170586,1
3,0,0.5922226,1
3,0,0.59026176,1
3,0,0.5930437,1
3,0,0.5930152,1
3,0,0.59365284,1
3,0,0.59497654,1
3,0,0.5954677,1
3,0,0.5972616,1
3,0,0.59608877,1
3,0,0.59668845,1
3,0,0.5988758,1
3,0,0.59836155,1
3,0,0.59881234,1
3,0,0.59928685,1
3,0,0.5999215,1
3,0,0.59936035,1
3,0,0.5997277,1
3,0,0.599855,1
3,0,0.5995781,1
3,0,0.6000418,1
3,0,0.59989375,1
3,0,0.60061944,1
3,0,0.599822,1
3,0,0.59899664,1
3,0,0.60158646,1
3,0,0.60004747,1
3,0,0.59940344,1
3,0,0.60014766,1
3,0,0.60090274,1
3,0,0.60178626,1
3,0,0.60110277,1
3,0,0.6025804,1
3,0,0.60274124,1
3,0,0.6030362,1
3,0,0.6012115,1
3,0,0.60360795,1
3,0,0.6033245,1
3,0,0.6030459,1
3,0,0.6040415,1
3,0,0.6038246,1
3,0,0.6036223,1
3,0,0.60452443,1
3,0,0.60448676,1
3,0,0.6050499,1
3,0,0.6045328,1
3,0,0.60227555,1
3,0,0.60302234,1
3,0,0.60480446,1
3,0,0.60485315,1
3,0,0.6036362,1
3,0,0.60464597,1
3,0,0.6044283,1
3,0,0.60552686,1
3,0,0.60516506,1
3,0,0.6052499,1
3,0,0.6064535,1
3,0,0.60729194,1
3,0,0.6050202,1
3,0,0.6068302,1
3,0,0.60721517,1
3,0,0.6066183,1
3,0,0.6071315,1
3,0,0.6066007,1
3,0,0.607603,1
3,0,0.6064945,1
3,0,0.6058494,1
3,0,0.60635495,1
3,0,0.6072882,1
3,0,0.60549337,1
3,0,0.6061626,1
3,0,0.6061467,1
3,0,0.6068044,1
3,0,0.6058613,1
3,0,0.6061439,1
3,0,0.60621107,1
3,0,0.6064882,1
3,0,0.60483193,1
3,0,0.6061564,1
3,0,0.6078892,1
3,0,0.6025365,1
3,0,0.6026982,1
3,0,0.60134846,1
3,0,0.6039033,1
3,0,0.6034861,1
3,0,0.6040914,1
3,0,0.60523725,1
3,0,0.6036994,1
3,0,0.6037963,1
3,0,0.6048486,1
3,0,0.605282,1
3,0,0.60364777,1
3,0,0.6029713,1
3,0,0.60419464,1
3,0,0.60395586,1
3,0,0.6036753,1
3,0,0.60157555,1
3,0,0.60176295,1
3,0,0.60161483,1
3,0,0.60202897,1
3,0,0.6002253,1
3,0,0.6001277,1
3,0,0.6022077,1
3,0,0.5996469,1
3,0,0.6004457,1
3,0,0.6010246,1
3,0,0.60087603,1
3,0,0.5986112,1
3,0,0.59985465,1
3,0,0.60087156,1
3,0,0.5994484,1
3,0,0.5996831,1
3,0,0.6002723,1
3,0,0.6016,1
3,0,0.5987198,1
3,0,0.60024226,1
3,0,0.60007566,1
3,0,0.59992915,1
3,0,0.59842145,1
3,0,0.5997965,1
3,0,0.57828635,1
3,0,0.57805926,1
3,0,0.5784452,1
3,0,0.5779413,1
3,0,0.5780647,1
3,0,0.57767147,1
3,0,0.5777119,1
3,0,0.57792276,1
3,0,0.5778464,1
3,0,0.57727563,1
3,0,0.5751986,1
3,0,0.5763132,1
3,0,0.5767735,1
3,0,0.5766624,1
3,0,0.5757305,1
3,0,0.5771263,1
3,0,0.5766728,1
3,0,0.5768174,1
3,0,0.57181644,1
3,0,0.5721064,1
3,0,0.57258445,1
3,0,0.56990695,1
3,0,0.57009304,1
3,0,0.572354,1
3,0,0.57171756,1
3,0,0.5716032,1
3,0,0.57210565,1
3,0,0.5724097,1
3,0,0.57558703,1
3,0,0.57457244,1
3,0,0.5737651,1
3,0,0.5746876,1
3,0,0.58174115,1
3,0,0.5783412,1
3,0,0.58008426,1
3,0,0.5829093,1
3,0,0.58398736,1
3,0,0.58077866,1
3,1,0.59128445,1
3,1,0.59104645,1
3,1,0.5912841,1
3,1,0.59133554,1
3,1,0.59109855,1
3,1,0.5910893,1
3,1,0.5916281,1
3,1,0.591329,1
3,1,0.59169275,1
3,1,0.59153414,1
3,1,0.59192955,1
3,1,0.591886,1
3,1,0.5919678,1
3,1,0.59177864,1
3,1,0.59198093,1
3,1,0.59199005,1
3,1,0.59197253,1
3,1,0.5920379,1
3,1,0.59199727,1
3,1,0.59199667,1
3,1,0.59315443,1
3,1,0.59361404,1
3,1,0.5932913,1
3,1,0.5934049,1
3,1,0.5927212,1
3,1,0.59363884,1
3,1,0.5932271,1
3,1,0.59355474,1
3,1,0.5931712,1
3,1,0.5934357,1
3,1,0.5937453,1
3,1,0.5931434,1
3,1,0.5933282,1
3,1,0.5936489,1
3,1,0.5938665,1
3,1,0.59377587,1
3,1,0.59327555,1
3,1,0.5936453,1
3,1,0.5934541,1
3,1,0.593558,1
3,1,0.59375167,1
3,1,0.59391665,1
3,1,0.59380394,1
3,1,0.5951635,1
3,1,0.595846,1
3,1,0.59587944,1
3,1,0.59597427,1
3,1,0.59549433,1
3,1,0.5952466,1
3,1,0.5960595,1
3,1,0.5958949,1
3,1,0.5959097,1
3,1,0.5954196,1
3,1,0.5954354,1
3,1,0.595982,1
3,1,0.59516203,1
3,1,0.5959061,1
3,1,0.595961,1
3,1,0.5964538,1
3,1,0.5955285,1
3,1,0.5956177,1
3,1,0.5957104,1
3,1,0.5956632,1
3,1,0.59541845,1
3,1,0.59608334,1
3,1,0.5962271,1
3,1,0.5957717,1
3,1,0.5954721,1
3,1,0.5961307,1
3,1,0.59614325,1
3,1,0.5963283,1
3,1,0.595938,1
3,1,0.5957798,1
3,1,0.5964071,1
3,1,0.5963615,1
3,1,0.59639424,1
3,1,0.59588027,1
3,1,0.59582275,1
3,1,0.5963915,1
3,1,0.59559315,1
3,1,0.5963079,1
3,1,0.59631705,1
3,1,0.5968356,1
3,1,0.5959437,1
3,1,0.5959736,1
3,1,0.5960835,1
3,1,0.59613985,1
3,1,0.5958243,1
3,1,0.5964643,1
3,1,0.5964675,1
3,1,0.5964334,1
3,0,0.59593916,1
3,0,0.5964795,1
3,0,0.59636277,1
3,0,0.5963728,1
3,0,0.59695077,1
3,0,0.59688306,1
3,0,0.596668,1
3,0,0.59687674,1
3,0,0.5978415,1
3,0,0.59727246,1
3,0,0.59689605,1
3,0,0.59672135,1
3,0,0.59753937,1
3,0,0.5966204,1
3,0,0.5970276,1
3,0,0.59750533,1
3,0,0.59707016,1
3,0,0.59639513,1
3,0,0.5969737,1
3,0,0.597722,1
3,0,0.5971324,1
3,0,0.59661037,1
3,0,0.5970588,1
3,0,0.5962296,1
3,0,0.5958856,1
3,0,0.59635586,1
3,0,0.5967157,1
3,0,0.59535474,1
3,0,0.5964478,1
3,0,0.5962582,1
3,0,0.59568524,1
3,0,0.5954899,1
3,0,0.59577155,1
3,0,0.59513324,1
3,0,0.59489715,1
3,0,0.5949195,1
3,0,0.59489787,1
3,0,0.59474194,1
3,0,0.5947122,1
3,0,0.59443074,1
3,0,0.59420043,1
3,0,0.59486693,1
3,0,0.5959353,1
3,0,0.59491736,1
3,1,0.59481144,1
3,1,0.5948165,1
3,1,0.5951416,1
3,1,0.5950246,1
3,1,0.59467113,1
3,1,0.59494036,1
3,1,0.59539115,1
3,1,0.5954549,1
3,1,0.5950989,1
3,1,0.595476,1
3,1,0.595122,1
3,1,0.59876186,1
3,1,0.5984807,1
3,1,0.5986777,1
3,1,0.5982861,1
3,1,0.5975284,1
3,1,0.5983915,1
3,1,0.5983494,1
3,1,0.5983057,1
3,1,0.5986846,1
3,1,0.59831554,1
3,1,0.5986099,1
3,1,0.5979825,1
3,1,0.5987792,1
3,1,0.59860903,1
3,1,0.5986656,1
3,1,0.59839296,1
3,1,0.59870553,1
3,1,0.5985295,1
3,1,0.59852844,1
3,1,0.5983947,1
3,1,0.59898,1
3,1,0.59858704,1
3,1,0.59845454,1
3,1,0.5938457,1
3,1,0.5941674,1
3,1,0.59403545,1
3,1,0.59402984,1
3,1,0.5932413,1
3,1,0.5942508,1
3,1,0.59384716,1
3,1,0.5940772,1
3,1,0.5937281,1
3,1,0.59396905,1
3,1,0.5942339,1
3,1,0.59364825,1
3,1,0.59395945,1
3,1,0.5941056,1
3,1,0.59436494,1
3,1,0.59420985,1
3,1,0.593849,1
3,1,0.5940985,1
3,1,0.59392273,1
3,1,0.5940325,1
3,1,0.59415483,1
3,1,0.5943959,1
3,1,0.59430027,1
3,1,0.5953228,1
3,1,0.5961336,1
3,1,0.59633005,1
3,1,0.59626824,1
3,1,0.59567666,1
3,1,0.5953625,1
3,1,0.5962689,1
3,1,0.59612817,1
3,1,0.59597874,1
3,1,0.59621847,1
3,1,0.5959037,1
3,1,0.5961573,1
3,1,0.59519076,1
3,1,0.5960773,1
3,1,0.5961953,1
3,1,0.5961179,1
3,1,0.59600335,1
3,1,0.59617144,1
3,1,0.59583384,1
3,1,0.595788,1
3,1,0.5958775,1
3,1,0.596443,1
3,1,0.59603125,1
3,1,0.59607965,1
3,1,0.5964821,1
3,1,0.59715223,1
3,1,0.5971278,1
3,1,0.59708583,1
3,1,0.59664834,1
3,1,0.5961823,1
3,1,0.59704673,1
3,1,0.59688926,1
3,1,0.5969933,1
3,1,0.5970764,1
3,1,0.596765,1
3,1,0.597268,1
3,1,0.59658784,1
3,1,0.59733367,1
3,1,0.59721154,1
3,1,0.5973029,1
3,1,0.59706575,1
3,1,0.5972952,1
3,1,0.5971113,1
3,1,0.59707195,1
3,1,0.5969952,1
3,1,0.5975057,1
3,1,0.59706146,1
3,1,0.5970005,1
3,1,0.5931089,1
3,1,0.59375024,1
3,1,0.5940407,1
3,1,0.593885,1
3,1,0.5937959,1
3,1,0.593099,1
3,1,0.5940648,1
3,1,0.5936408,1
3,1,0.59391844,1
3,1,0.59359187,1
3,1,0.5938064,1
3,1,0.5940679,1
3,1,0.5935018,1
3,1,0.5938422,1
3,1,0.5939307,1
3,1,0.5942545,1
3,1,0.59409016,1
3,1,0.59369296,1
3,1,0.5939519,1
3,1,0.5938189,1
3,1,0.5939735,1
3,1,0.5940672,1
3,1,0.5942749,1
3,1,0.5942316,1
3,1,0.5959865,1
3,1,0.59600484,1
3,1,0.59618986,1
3,1,0.595795,1
3,1,0.59561116,1
3,1,0.5962574,1
3,1,0.5961795,1
3,1,0.59621966,1
3,1,0.5957285,1
3,1,0.5956989,1
3,1,0.59620845,1
3,1,0.5954331,1
3,1,0.5961514,1
3,1,0.5961159,1
3,1,0.59664595,1
3,1,0.59578794,1
3,1,0.5957806,1
3,1,0.5958985,1
3,1,0.595961,1
3,1,0.5956722,1
3,1,0.59625775,1
3,1,0.596267,1
3,1,0.5962761,1
3,0,0.59650415,1
3,0,0.59680015,1
3,0,0.5960317,1
3,0,0.5956274,1
3,0,0.59639716,1
3,0,0.59646004,1
3,0,0.5960091,1
3,0,0.5959861,1
3,0,0.5956659,1
3,0,0.5955118,1
3,0,0.5952981,1
3,0,0.5952375,1
3,0,0.5961511,1
3,0,0.5960906,1
3,0,0.5955262,1
3,0,0.5952591,1
3,0,0.5955336,1
3,1,0.5948774,1
3,1,0.5952994,1
3,1,0.59539795,1
3,1,0.59508294,1
3,1,0.59543616,1
3,1,0.5950558,1
3,1,0.5946235,1
3,1,0.59475666,1
3,1,0.5948816,1
3,1,0.59427774,1
3,1,0.5952087,1
3,1,0.59491444,1
3,1,0.5953097,1
3,1,0.59472847,1
3,1,0.5950668,1
3,1,0.5945548,1
3,1,0.59548384,1
3,1,0.595132,1
3,1,0.5952294,1
3,0,0.59303707,1
3,0,0.5930457,1
3,0,0.5930942,1
3,0,0.59301823,1
3,0,0.59320086,1
3,0,0.5931498,1
3,0,0.5930391,1
3,0,0.59312856,1
3,0,0.59307873,1
3,0,0.59305274,1
3,0,0.5930665,1
3,0,0.5930607,1
3,0,0.59306103,1
3,0,0.59298486,1
3,0,0.59312165,1
3,1,0.59549636,1
3,1,0.5961563,1
3,1,0.5961542,1
3,1,0.59634054,1
3,1,0.5959361,1
3,1,0.59576637,1
3,1,0.5964073,1
3,1,0.59635574,1
3,1,0.59638315,1
3,1,0.5958749,1
3,1,0.5958014,1
3,1,0.59639585,1
3,1,0.59558517,1
3,1,0.59629273,1
3,1,0.5963135,1
3,1,0.5968463,1
3,1,0.5959183,1
3,1,0.59598345,1
3,1,0.5960719,1
3,1,0.596124,1
3,1,0.59580153,1
3,1,0.5964508,1
3,1,0.5964596,1
3,1,0.5964057,1
3,1,0.59592205,1
3,1,0.5942221,1
3,1,0.5943057,1
3,1,0.59398925,1
3,1,0.5934777,1
3,1,0.59397364,1
3,1,0.5936286,1
3,1,0.59394133,1
3,1,0.5942763,1
3,1,0.5944209,1
3,1,0.59378016,1
3,1,0.59374946,1
3,1,0.59393525,1
3,1,0.5941009,1
3,1,0.5954996,1
3,1,0.59552103,1
3,1,0.5956917,1
3,1,0.595305,1
3,1,0.59501296,1
3,1,0.59570765,1
3,1,0.59557027,1
3,1,0.5956291,1
3,1,0.59518373,1
3,1,0.5952455,1
3,1,0.5957165,1
3,1,0.59496856,1
3,1,0.595658,1
3,1,0.59564346,1
3,1,0.59616274,1
3,1,0.5952716,1
3,1,0.5952717,1
3,1,0.5955855,1
3,1,0.59558064,1
3,1,0.59522235,1
3,1,0.59558564,1
3,1,0.59600013,1
3,1,0.595418,1
3,0,0.5787384,1
3,0,0.57847786,1
3,0,0.5785522,1
3,0,0.57893974,1
3,0,0.57928926,1
3,0,0.57862264,1
3,0,0.57848114,1
3,0,0.5783282,1
3,0,0.5788681,1
3,0,0.57956713,1
3,0,0.57893217,1
3,0,0.579677,1
3,0,0.5798711,1
3,0,0.57923144,1
3,0,0.57974786,1
3,0,0.58035994,1
3,0,0.5802756,1
3,0,0.58011836,1
3,0,0.5801639,1
3,0,0.5803876,1
3,0,0.5805157,1
3,0,0.58042616,1
3,1,0.5988326,1
3,1,0.59839326,1
3,1,0.5986048,1
3,1,0.59905756,1
3,1,0.5987347,1
3,1,0.5990039,1
3,1,0.59903526,1
3,1,0.59891975,1
3,1,0.59871995,1
3,1,0.5988024,1
3,1,0.59890926,1
3,1,0.59970176,1
3,1,0.59958714,1
3,1,0.5997661,1
3,1,0.5992652,1
3,1,0.5991179,1
3,1,0.59938926,1
3,1,0.59999657,1
3,1,0.59911937,1
3,1,0.5992662,1
3,1,0.5990182,1
4,0,0.58464426,1
4,0,0.58448696,1
4,0,0.58476114,1
4,0,0.58437055,1
4,0,0.5837683,1
4,0,0.58412254,1
4,0,0.58486795,1
4,0,0.58465296,1
4,0,0.5841737,1
4,0,0.5850548,1
4,1,0.5866766,1
4,1,0.5866283,1
4,1,0.58606553,1
4,1,0.5863609,1
4,1,0.5862406,1
4,1,0.5871175,1
4,1,0.5861652,1
4,1,0.5865583,1
4,1,0.58595544,1
4,1,0.5868681,1
4,1,0.5864523,1
4,1,0.5868582,1
4,1,0.58823246,1
4,1,0.5875443,1
4,1,0.58710855,1
4,1,0.58739346,1
4,1,0.587272,1
4,1,0.58754903,1
4,0,0.5877693,1
4,0,0.58794135,1
4,0,0.588721,1
4,0,0.58791566,1
4,0,0.5875038,1
4,0,0.5877248,1
4,0,0.5881102,1
4,0,0.5877496,1
4,0,0.5872742,1
4,0,0.5878361,1
4,0,0.58791447,1
4,0,0.58782953,1
4,0,0.5881422,1
4,0,0.58818865,1
4,0,0.5886723,1
4,0,0.5879937,1
4,0,0.5884608,1
4,0,0.5888039,1
4,0,0.5889629,1
4,0,0.58888865,1
4,0,0.5890475,1
4,0,0.58901626,1
4,0,0.58794695,1
4,0,0.58807397,1
4,0,0.5886037,1
4,0,0.5890188,1
4,0,0.58849376,1
4,0,0.5885035,1
4,0,0.5884592,1
4,0,0.58894545,1
4,0,0.588601,1
4,0,0.5893569,1
4,0,0.58878505,1
4,0,0.58909535,1
4,0,0.588884,1
4,0,0.5898017,1
4,0,0.5890544,1
4,0,0.58894145,1
4,0,0.58906317,1
4,0,0.5895454,1
4,0,0.5886807,1
4,1,0.5889427,1
4,1,0.58970445,1
4,1,0.58894575,1
4,1,0.58866733,1
4,1,0.5889055,1
4,1,0.58919597,1
4,1,0.589278,1
4,1,0.589196,1
4,1,0.5889139,1
4,1,0.58959275,1
4,1,0.5893943,1
4,1,0.58937895,1
4,1,0.5894162,1
4,1,0.5889424,1
4,1,0.5884009,1
4,1,0.58864903,1
4,1,0.58944196,1
4,1,0.58948606,1
4,1,0.5890543,1
4,1,0.5888286,1
4,0,0.5880211,1
4,0,0.5881077,1
4,0,0.58865535,1
4,0,0.5883924,1
4,0,0.5879744,1
4,0,0.5882795,1
4,0,0.5883587,1
4,0,0.5882088,1
4,0,0.5882395,1
4,1,0.58845156,1
4,1,0.5885628,1
4,1,0.58826995,1
4,1,0.58821404,1
4,1,0.58783716,1
4,1,0.58813715,1
4,1,0.58800423,1
4,1,0.5884546,1
4,1,0.588527,1
4,1,0.587712,1
4,1,0.5885231,1
4,1,0.5883702,1
4,1,0.5883874,1
4,1,0.5876996,1
4,1,0.5879195,1
4,1,0.5880921,1
4,1,0.5881993,1
4,1,0.5875332,1
4,1,0.5883726,1
4,1,0.587824,1
4,1,0.5874378,1
4,1,0.5876261,1
4,1,0.5874213,1
4,1,0.5878924,1
4,1,0.5922359,1
4,1,0.5922005,1
4,1,0.59162253,1
4,1,0.5918836,1
4,1,0.59187144,1
4,1,0.59284997,1
4,1,0.59183115,1
4,1,0.5924034,1
4,1,0.5917396,1
4,1,0.5948563,1
4,1,0.5946134,1
4,1,0.5944666,1
4,1,0.594075,1
4,1,0.59440833,1
4,1,0.59423834,1
4,1,0.59466195,1
4,1,0.5947195,1
4,1,0.59371144,1
4,1,0.59456766,1
4,1,0.59439725,1
4,1,0.59431374,1
4,1,0.5935652,1
4,1,0.5938105,1
4,1,0.5940071,1
4,1,0.59413165,1
4,1,0.59340066,1
4,1,0.59426016,1
4,1,0.59379077,1
4,1,0.5933011,1
4,1,0.5935956,1
4,1,0.5933168,1
4,1,0.59385127,1
4,0,0.5818218,1
4,0,0.5819899,1
4,0,0.58167607,1
4,0,0.58158576,1
4,0,0.5811325,1
4,0,0.5814559,1
4,0,0.58172864,1
4,0,0.5813781,1
4,0,0.58123964,1
4,0,0.5816141,1
4,0,0.5816077,1
4,0,0.5810613,1
4,0,0.58169943,1
4,0,0.5814018,1
4,0,0.5811853,1
4,0,0.58059967,1
4,0,0.581243,1
4,0,0.58143663,1
4,0,0.5804529,1
4,0,0.58097786,1
4,0,0.5064491,1
4,0,0.50660795,1
4,0,0.5065637,1
4,0,0.50639594,1
4,0,0.5065609,1
4,0,0.50641763,1
4,0,0.50638235,1
4,0,0.50650996,1
4,0,0.50654036,1
4,0,0.50659835,1
4,0,0.506563,1
4,0,0.50649905,1
4,0,0.5065844,1
4,0,0.5067096,1
4,0,0.50656986,1
4,0,0.50658375,1
4,0,0.50664055,1
4,0,0.5065166,1
4,0,0.5064357,1
4,0,0.5065298,1
4,0,0.5065607,1
4,0,0.50655395,1
4,0,0.50646865,1
4,0,0.50653535,1
4,0,0.5066499,1
4,0,0.5066345,1
4,0,0.5066371,1
4,0,0.506459,1
4,0,0.5066178,1
4,0,0.50662565,1
4,0,0.5065487,1
4,0,0.50658935,1
4,0,0.50672024,1
4,0,0.5066257,1
4,0,0.5065657,1
4,0,0.50665945,1
4,0,0.5064528,1
4,0,0.506629,1
4,0,0.5065641,1
4,0,0.5066449,1
4,0,0.50649697,1
4,0,0.5066538,1
4,0,0.5065626,1
4,0,0.5065394,1
4,0,0.50653523,1
4,0,0.5064802,1
4,0,0.5065238,1
4,0,0.5064652,1
4,0,0.5063207,1
4,0,0.50662714,1
4,0,0.506489,1
4,0,0.5065801,1
4,0,0.50647813,1
4,0,0.50654095,1
4,0,0.50652117,1
4,0,0.5065251,1
4,0,0.50657815,1
4,0,0.50666445,1
4,0,0.5066523,1
4,0,0.5066544,1
4,0,0.5066422,1
4,0,0.50653815,1
4,0,0.50651425,1
4,0,0.50647974,1
4,0,0.5065081,1
4,0,0.50653774,1
4,0,0.5065364,1
4,1,0.5204227,1
4,1,0.5207978,1
4,1,0.51886684,1
4,1,0.52143353,1
4,1,0.5190638,1
4,0,0.49862432,0
4,0,0.5008231,1
4,0,0.49923897,0
4,0,0.5009778,1
4,0,0.49871343,0
4,0,0.5015424,1
4,0,0.5028746,1
4,0,0.5029691,1
4,0,0.50154054,1
4,0,0.5041295,1
4,0,0.50459623,1
4,0,0.50439256,1
4,0,0.5069967,1
4,0,0.5083312,1
4,0,0.5073237,1
4,0,0.5091695,1
4,0,0.50915825,1
4,0,0.511865,1
4,0,0.5135943,1
4,0,0.51095587,1
4,0,0.51372325,1
4,0,0.5164095,1
4,0,0.513057,1
4,0,0.5167853,1
4,0,0.51548916,1
4,0,0.51502395,1
4,0,0.51559156,1
4,0,0.5167314,1
4,0,0.5174116,1
4,0,0.5172289,1
4,0,0.51374733,1
4,0,0.5197681,1
4,0,0.51840156,1
4,0,0.5183371,1
4,0,0.5206157,1
4,0,0.52196884,1
4,0,0.5197471,1
4,0,0.52355874,1
4,0,0.523509,1
4,0,0.52411795,1
4,0,0.52551234,1
4,0,0.5274372,1
4,0,0.5274636,1
4,0,0.5265431,1
4,0,0.52821577,1
4,0,0.52921563,1
4,0,0.52868205,1
4,0,0.5260628,1
4,0,0.52971673,1
4,0,0.5286428,1
4,0,0.5295999,1
4,0,0.53233063,1
4,0,0.533389,1
4,0,0.53369176,1
4,0,0.5334093,1
4,0,0.5330011,1
4,0,0.53408605,1
4,0,0.5333695,1
4,0,0.5335979,1
4,0,0.5324129,1
4,0,0.53391755,1
4,0,0.53378797,1
4,0,0.5344365,1
4,0,0.53490347,1
4,0,0.53345215,1
4,0,0.53546745,1
4,0,0.5360545,1
4,0,0.53558487,1
4,0,0.5368922,1
4,0,0.53703976,1
4,0,0.5370579,1
4,0,0.5368315,1
4,0,0.5357836,1
4,0,0.53712887,1
4,0,0.53731227,1
4,0,0.5379325,1
4,0,0.53707665,1
4,0,0.5363588,1
4,0,0.53801334,1
4,0,0.5390229,1
4,0,0.53915715,1
4,0,0.539089,1
4,0,0.53918093,1
4,0,0.5399023,1
4,0,0.54003906,1
4,0,0.5398235,1
4,0,0.53974813,1
4,0,0.5393003,1
4,0,0.5377665,1
4,0,0.540018,1
4,0,0.5398197,1
4,0,0.5402845,1
4,0,0.54048306,1
4,0,0.5420848,1
4,0,0.54239833,1
4,0,0.5427888,1
4,0,0.54259324,1
4,0,0.5428435,1
4,0,0.54311115,1
4,0,0.54082966,1
4,0,0.54270655,1
4,0,0.5430771,1
4,0,0.54339945,1
4,0,0.54312354,1
4,0,0.5434941,1
4,0,0.54437464,1
4,0,0.54448336,1
4,0,0.54424685,1
4,0,0.54360956,1
4,0,0.54459757,1
4,0,0.54456425,1
4,0,0.54483825,1
4,0,0.54521024,1
4,0,0.5445591,1
4,0,0.5452754,1
4,0,0.5459328,1
4,0,0.545991,1
4,0,0.54555184,1
4,0,0.54579264,1
4,0,0.5451899,1
4,0,0.5458738,1
4,0,0.5453858,1
4,0,0.544736,1
4,0,0.54616755,1
4,0,0.54625046,1
4,0,0.54645365,1
4,0,0.54670465,1
4,0,0.5470814,1
4,0,0.54708374,1
4,0,0.5511005,1
4,0,0.55045986,1
4,0,0.55183554,1
4,0,0.5515835,1
4,0,0.5508076,1
4,0,0.5511071,1
4,0,0.5509599,1
4,0,0.5519351,1
4,0,0.55162865,1
4,0,0.55169564,1
4,0,0.55223954,1
4,0,0.5524537,1
4,0,0.5517113,1
4,0,0.55250025,1
4,0,0.5525363,1
4,0,0.55250585,1
4,0,0.55268264,1
4,0,0.55292886,1
4,0,0.5532845,1
4,0,0.552741,1
4,0,0.5535186,1
4,0,0.5534626,1
4,0,0.55289745,1
4,0,0.55391437,1
4,0,0.55375093,1
4,0,0.55337465,1
4,0,0.55360395,1
4,0,0.55466276,1
4,0,0.5537304,1
4,0,0.5546625,1
4,0,0.5541777,1
4,0,0.55427074,1
4,0,0.5550823,1
4,0,0.5548141,1
4,0,0.55435956,1
4,0,0.55466354,1
4,0,0.5551958,1
4,0,0.554464,1
4,0,0.5546532,1
4,0,0.553933,1
4,0,0.5549059,1
4,0,0.5550399,1
4,0,0.55574864,1
4,0,0.5560282,1
4,0,0.55568916,1
4,0,0.55588543,1
4,0,0.5563456,1
4,0,0.55628407,1
4,0,0.5563513,1
4,0,0.5560685,1
4,0,0.55613834,1
4,1,0.5524377,1
4,1,0.55288863,1
4,1,0.55346364,1
4,1,0.5523958,1
4,1,0.55297875,1
4,1,0.5524482,1
4,1,0.552272,1
4,1,0.5514241,1
4,1,0.5524461,1
4,1,0.5503772,1
4,1,0.5517218,1
4,1,0.5508911,1
4,1,0.5507711,1
4,1,0.5509894,1
4,1,0.5513003,1
4,1,0.550649,1
4,1,0.5518431,1
4,1,0.5506621,1
4,1,0.5496297,1
4,1,0.5505897,1
4,1,0.5506458,1
4,1,0.5856167,1
4,1,0.58522004,1
4,1,0.5856225,1
4,1,0.5854759,1
4,1,0.5853762,1
4,1,0.58482116,1
4,1,0.5858191,1
4,1,0.58541214,1
4,1,0.58506846,1
4,1,0.5852877,1
4,1,0.58545136,1
4,1,0.5809653,1
4,1,0.58029056,1
4,1,0.5807074,1
4,1,0.580072,1
4,1,0.58046615,1
4,1,0.5797158,1
4,1,0.58100665,1
4,1,0.5809344,1
4,1,0.5803247,1
4,1,0.58025354,1
4,1,0.5809199,1
4,1,0.5801763,1
4,1,0.58041465,1
4,1,0.5805284,1
4,1,0.5808656,1
4,1,0.5804249,1
4,1,0.5802376,1
4,1,0.58112764,1
4,1,0.58100015,1
4,1,0.58016306,1
4,1,0.581002,1
4,1,0.581602,1
4,1,0.58106995,1
4,1,0.50669515,1
4,1,0.5066489,1
4,1,0.50646776,1
4,1,0.506773,1
4,1,0.5065573,1
4,1,0.5066087,1
4,1,0.50660145,1
4,1,0.5066533,1
4,1,0.5065517,1
4,1,0.5065279,1
4,1,0.5066104,1
4,1,0.5068284,1
4,1,0.506847,1
4,1,0.5068798,1
4,1,0.5067271,1
4,1,0.5068594,1
4,1,0.50664085,1
4,1,0.506556,1
4,1,0.5730282,1
4,1,0.5730823,1
4,1,0.5729676,1
4,1,0.5734387,1
4,1,0.57281923,1
4,1,0.5732432,1
4,1,0.5730978,1
4,1,0.57303387,1
4,1,0.5728215,1
4,1,0.57272273,1
4,1,0.57340777,1
4,1,0.57330126,1
4,1,0.5731451,1
4,1,0.5730405,1
4,1,0.5834191,1
4,1,0.5832526,1
4,1,0.58342665,1
4,1,0.5843042,1
4,1,0.5834522,1
4,1,0.58379525,1
4,1,0.5835978,1
4,1,0.5834099,1
4,1,0.58328277,1
4,1,0.58334154,1
4,1,0.583303,1
4,1,0.58363867,1
4,1,0.583467,1
4,1,0.5836968,1
4,1,0.5067566,1
4,1,0.50681424,1
4,1,0.50671613,1
4,1,0.5067508,1
4,1,0.5064398,1
4,1,0.5066196,1
4,1,0.5067296,1
4,1,0.506748,1
4,1,0.5067563,1
4,1,0.50660187,1
4,1,0.506694,1
4,1,0.5068416,1
4,1,0.5067163,1
4,1,0.50676644,1
4,1,0.5065452,1
4,1,0.50676095,1
4,1,0.5067044,1
4,1,0.50656414,1
4,1,0.50643456,1
4,1,0.5066335,1
4,1,0.5065819,1
4,1,0.5063986,1
4,1,0.50671947,1
4,1,0.5064966,1
4,1,0.50655246,1
4,1,0.5065412,1
4,1,0.50659376,1
4,1,0.50650233,1
4,1,0.50644046,1
4,1,0.5065346,1
4,1,0.50644135,1
4,1,0.5063104,1
4,1,0.5065052,1
4,1,0.5066452,1
4,1,0.50645024,1
4,1,0.5065786,1
4,1,0.50661594,1
4,1,0.5065451,1
4,1,0.50630784,1
4,1,0.5065114,1
4,1,0.5064983,1
4,1,0.5064799,1
4,1,0.50643086,1
4,1,0.5064738,1
4,1,0.5064068,1
4,1,0.5064473,1
4,1,0.5064701,1
4,1,0.5065497,1
4,1,0.5064718,1
4,1,0.5063298,1
4,1,0.5063829,1
4,1,0.50651777,1
4,1,0.5065825,1
4,1,0.5065512,1
4,1,0.50666785,1
4,1,0.5064649,1
4,1,0.50651795,1
4,1,0.5064023,1
4,1,0.5065132,1
4,1,0.5066427,1
4,1,0.50661284,1
4,1,0.50639325,1
4,1,0.5064449,1
4,1,0.50643665,1
4,1,0.5064887,1
4,1,0.5063902,1
4,1,0.5063394,1
4,1,0.5064321,1
4,1,0.50665903,1
4,1,0.5066789,1
4,1,0.50675404,1
4,1,0.506567,1
4,1,0.5066991,1
4,1,0.506485,1
4,1,0.5063973,1
4,1,0.5065536,1
4,1,0.5065669,1
4,1,0.5063402,1
4,1,0.50619906,1
4,1,0.5062967,1
4,1,0.5063434,1
4,1,0.5065341,1
4,1,0.5065789,1
4,1,0.50639796,1
4,1,0.50660396,1
4,1,0.50632185,1
4,1,0.50658506,1
4,1,0.50665414,1
4,1,0.5064902,1
4,1,0.5064525,1
4,1,0.50635797,1
4,1,0.50630933,1
4,1,0.5063864,1
4,1,0.50626826,1
4,1,0.50634116,1
4,1,0.50647724,1
4,1,0.5062561,1
4,1,0.5063634,1
4,1,0.5062992,1
4,1,0.5062059,1
4,1,0.5063195,1
4,1,0.50631213,1
4,1,0.5064101,1
4,1,0.506415,1
4,1,0.50634015,1
4,1,0.5061909,1
4,1,0.50629514,1
4,1,0.506186,1
4,1,0.5062651,1
4,1,0.5060854,1
4,1,0.50606877,1
4,1,0.50604737,1
4,1,0.5062496,1
4,1,0.5062941,1
4,1,0.5062069,1
4,1,0.5064052,1
4,1,0.50627446,1
4,1,0.50629944,1
4,1,0.506298,1
4,1,0.50655496,1
4,1,0.50700086,1
4,1,0.5070244,1
4,1,0.50705165,1
4,1,0.50677,1
4,1,0.5069066,1
4,1,0.5068154,1
4,1,0.5067976,1
4,1,0.5067867,1
4,1,0.50683486,1
4,1,0.50676924,1
4,1,0.50680786,1
4,1,0.50690687,1
4,1,0.50671375,1
4,1,0.50670195,1
4,1,0.50690585,1
4,1,0.50686634,1
4,1,0.50678414,1
4,1,0.50697356,1
4,1,0.5067706,1
4,1,0.50695044,1
4,1,0.5068696,1
4,1,0.50681454,1
4,1,0.5070083,1
4,1,0.50690395,1
4,1,0.50702876,1
4,1,0.5066285,1
4,1,0.5069806,1
4,1,0.5068506,1
4,1,0.5068301,1
4,1,0.5068367,1
4,1,0.5067701,1
4,1,0.50675136,1
4,1,0.50697315,1
4,1,0.5069752,1
4,1,0.5067836,1
4,1,0.50685453,1
4,1,0.5067794,1
4,1,0.5068589,1
4,1,0.50678706,1
4,1,0.50694203,1
4,1,0.5068742,1
4,1,0.50671977,1
4,1,0.5068791,1
4,1,0.506883,1
4,1,0.50680417,1
4,1,0.5069448,1
4,1,0.507033,1
4,1,0.5067637,1
4,1,0.506995,1
4,1,0.5070053,1
4,1,0.50703317,1
4,1,0.50694054,1
4,1,0.50695497,1
4,1,0.50703686,1
4,1,0.5069652,1
4,1,0.50693977,1
4,1,0.50688744,1
4,1,0.5068917,1
4,1,0.50694174,1
4,1,0.50688934,1
4,1,0.5815375,1
4,1,0.581072,1
4,1,0.5814826,1
4,1,0.58071244,1
4,1,0.5812085,1
4,1,0.5805769,1
4,1,0.5814364,1
4,1,0.5816107,1
4,1,0.5811235,1
4,1,0.581364,1
4,1,0.58142,1
4,1,0.5806966,1
4,1,0.58140737,1
4,1,0.5810105,1
4,1,0.5807545,1
4,1,0.5812714,1
4,1,0.581293,1
4,1,0.5815328,1
4,1,0.5814927,1
4,1,0.5810007,1
4,1,0.58172387,1
4,1,0.5820517,1
4,1,0.5817673,1
4,1,0.57924044,1
4,1,0.57856274,1
4,1,0.57890826,1
4,1,0.57829005,1
4,1,0.57866526,1
4,1,0.5782335,1
4,1,0.57912296,1
4,1,0.5791252,1
4,1,0.578623,1
4,1,0.5784427,1
4,1,0.57894707,1
4,1,0.5785744,1
4,1,0.57858545,1
4,1,0.5787439,1
4,1,0.5791048,1
4,1,0.57896495,1
4,1,0.57866144,1
4,1,0.5793021,1
4,1,0.5793297,1
4,1,0.5784481,1
4,1,0.57901096,1
4,1,0.57958317,1
4,1,0.57904613,1
4,0,0.5900229,1
4,0,0.5909766,1
4,0,0.59156406,1
4,0,0.59070617,1
4,0,0.59028053,1
4,0,0.59111226,1
4,0,0.59002763,1
4,0,0.59059143,1
4,0,0.5905278,1
4,0,0.59111214,1
4,0,0.58975637,1
4,0,0.5895865,1
4,0,0.58943665,1
4,0,0.5893654,1
4,0,0.58921117,1
4,0,0.5893801,1
4,0,0.58880776,1
4,0,0.58984876,1
4,0,0.5891155,1
4,0,0.58949065,1
4,0,0.5706098,1
4,0,0.5707686,1
4,0,0.57019705,1
4,0,0.5699165,1
4,0,0.5698679,1
4,0,0.5706759,1
4,0,0.5703011,1
4,0,0.5704705,1
4,0,0.5705238,1
4,0,0.5706373,1
4,0,0.5706849,1
4,0,0.5702391,1
4,0,0.5702075,1
4,0,0.5702226,1
4,0,0.57060766,1
4,1,0.57025456,1
4,1,0.5702926,1
4,1,0.57070845,1
4,1,0.57062113,1
4,1,0.5703688,1
4,1,0.5706416,1
4,1,0.57090294,1
4,1,0.57135016,1
4,1,0.5711109,1
4,1,0.5710806,1
4,1,0.57134736,1
4,1,0.5717257,1
4,1,0.5711902,1
4,1,0.5708753,1
4,1,0.571586,1
4,1,0.571108,1
4,1,0.5713075,1
4,1,0.5713949,1
4,1,0.57181257,1
4,1,0.57242113,1
4,1,0.5727761,1
4,1,0.5722821,1
4,1,0.57243603,1
4,1,0.57295793,1
4,1,0.57230407,1
4,1,0.5726633,1
4,1,0.57217073,1
4,1,0.57263726,1
4,1,0.57285464,1
4,1,0.5724447,1
4,1,0.5722758,1
4,1,0.5724359,1
4,1,0.5727214,1
4,1,0.57250386,1
4,1,0.57217634,1
4,1,0.5723837,1
4,1,0.57267565,1
4,1,0.5724544,1
4,1,0.57199216,1
4,1,0.5714571,1
4,1,0.57238644,1
4,1,0.5722309,1
4,1,0.5716917,1
4,1,0.5717759,1
4,1,0.57200027,1
4,1,0.57175,1
4,1,0.5717544,1
4,1,0.5723241,1
4,1,0.5723463,1
4,1,0.57189566,1
4,1,0.57214993,1
4,1,0.5718243,1
4,1,0.6007956,1
4,1,0.6004807,1
4,1,0.6000405,1
4,1,0.60088587,1
4,1,0.5994551,1
4,1,0.5998088,1
4,1,0.59935033,1
4,1,0.59889174,1
4,1,0.59830177,1
4,1,0.598667,1
4,1,0.5983911,1
4,1,0.5987479,1
4,1,0.5987896,1
4,1,0.5994538,1
4,1,0.5881086,1
4,1,0.58795935,1
4,1,0.5874504,1
4,1,0.5872268,1
4,1,0.5872925,1
4,1,0.5870904,1
4,1,0.5865103,1
4,1,0.5864619,1
4,1,0.5870255,1
4,1,0.5864058,1
4,1,0.58610076,1
4,1,0.5864806,1
4,1,0.58702934,1
4,1,0.58629674,1
4,1,0.5865867,1
4,1,0.5865865,1
4,1,0.5864516,1
4,1,0.58571666,1
4,1,0.5862281,1
4,1,0.58655,1
4,1,0.585709,1
4,1,0.58596635,1
4,0,0.59394825,1
4,0,0.5931168,1
4,0,0.59225595,1
4,0,0.5932084,1
4,0,0.592663,1
4,0,0.5921598,1
4,0,0.5928261,1
4,0,0.5930758,1
4,0,0.5925786,1
4,0,0.5923709,1
4,0,0.5926435,1
4,0,0.5926733,1
4,0,0.5922969,1
4,0,0.59233624,1
4,0,0.5924931,1
4,0,0.5706759,1
4,0,0.5703011,1
4,0,0.5704705,1
4,0,0.5705238,1
4,0,0.5706373,1
4,0,0.5706849,1
4,0,0.5702391,1
4,0,0.5702075,1
4,0,0.5702226,1
4,0,0.57060766,1
4,0,0.57025456,1
4,0,0.5702926,1
4,0,0.57070845,1
4,0,0.57062113,1
4,0,0.5703688,1
4,1,0.59243363,1
4,1,0.5918735,1
4,1,0.5916419,1
4,1,0.59170353,1
4,1,0.5916218,1
4,1,0.59100026,1
4,1,0.59080356,1
4,1,0.59086835,1
4,1,0.59063023,1
4,1,0.590034,1
4,1,0.5899766,1
4,1,0.5905484,1
4,1,0.5898936,1
4,1,0.58957803,1
4,1,0.5899075,1
4,1,0.5904849,1
4,1,0.58977807,1
4,1,0.5899878,1
4,1,0.59004873,1
4,1,0.5898909,1
4,1,0.5978373,1
4,1,0.5982097,1
4,1,0.59793466,1
4,1,0.59782016,1
4,1,0.5977402,1
4,1,0.5980542,1
4,1,0.59774935,1
4,1,0.59781253,1
4,1,0.59780663,1
4,1,0.59782684,1
4,1,0.597765,1
4,1,0.5971381,1
4,1,0.5973466,1
4,1,0.59759563,1
4,1,0.59726924,1
4,1,0.5971734,1
4,1,0.5982661,1
4,1,0.5969841,1
4,1,0.5972556,1
4,1,0.5969124,1
4,1,0.59653246,1
4,1,0.5968829,1
4,1,0.59590673,1
4,1,0.5967874,1
4,1,0.59635305,1
4,1,0.59612,1
4,1,0.5910907,1
4,1,0.5919421,1
4,1,0.5919655,1
4,1,0.5915166,1
4,1,0.5922706,1
4,1,0.5922098,1
4,1,0.59103614,1
4,1,0.5907333,1
4,1,0.59158117,1
4,1,0.59007204,1
4,1,0.5896124,1
4,1,0.5902898,1
4,1,0.5878417,1
4,1,0.5880964,1
4,1,0.58779496,1
4,1,0.58793753,1
4,1,0.58766896,1
4,1,0.5870995,1
4,1,0.58714104,1
4,1,0.587076,1
4,1,0.58712655,1
4,1,0.58706456,1
4,1,0.58605814,1
4,1,0.58600974,1
4,1,0.5861873,1
4,1,0.5850316,1
4,1,0.58513075,1
4,1,0.586003,1
4,1,0.58572775,1
4,1,0.58531886,1
4,1,0.5857662,1
4,1,0.5857581,1
4,1,0.5862336,1
4,1,0.588756,1
4,1,0.5891838,1
4,1,0.5895885,1
4,1,0.5902479,1
4,1,0.5896641,1
4,1,0.5896114,1
4,1,0.5902799,1
4,1,0.5905485,1
4,1,0.5894964,1
4,1,0.5871828,1
4,1,0.5862413,1
4,1,0.5871049,1
4,1,0.58658725,1
4,1,0.58622974,1
4,1,0.5860382,1
4,1,0.58694637,1
4,1,0.58695525,1
4,1,0.5864541,1
4,1,0.5856286,1
4,1,0.5864352,1
4,1,0.58612883,1
4,1,0.5857736,1
4,1,0.58562547,1
4,1,0.58576834,1
4,1,0.586026,1
4,1,0.5849963,1
4,1,0.5861064,1
4,1,0.58203614,1
4,1,0.58301294,1
4,1,0.58217883,1
4,1,0.58182037,1
4,1,0.58330196,1
4,1,0.5829158,1
4,1,0.5821284,1
4,1,0.5824277,1
4,1,0.5834051,1
4,1,0.5828767,1
4,1,0.58287305,1
4,1,0.5825984,1
4,1,0.58323383,1
4,1,0.5827205,1
4,1,0.58284706,1
4,1,0.5826294,1
4,1,0.5902279,1
4,1,0.59046954,1
4,1,0.5896293,1
4,1,0.5895056,1
4,1,0.5903688,1
4,1,0.5897953,1
4,1,0.58862835,1
4,1,0.5892098,1
4,1,0.5892965,1
4,1,0.584839,1
4,1,0.5848108,1
4,1,0.58417803,1
4,1,0.58452326,1
4,1,0.58558786,1
4,1,0.58471674,1
4,1,0.5842855,1
4,1,0.5858551,1
4,1,0.5854511,1
4,1,0.58467954,1
4,1,0.58493453,1
4,1,0.5852334,1
4,1,0.5853712,1
4,1,0.5843984,1
4,1,0.58591276,1
4,1,0.5947645,1
4,1,0.59368837,1
4,1,0.593558,1
4,1,0.5945572,1
4,1,0.5939849,1
4,1,0.59254444,1
4,1,0.5930852,1
4,1,0.5932667,1
4,1,0.59366536,1
4,1,0.59280574,1
4,1,0.59319466,1
4,1,0.5935293,1
4,1,0.59323347,1
4,1,0.5932526,1
4,1,0.5932479,1
4,0,0.59264857,1
4,0,0.59274936,1
4,0,0.5935381,1
4,0,0.5932927,1
4,0,0.5914609,1
4,0,0.59356505,1
4,0,0.5928432,1
4,1,0.58779943,1
4,1,0.58758354,1
4,1,0.58763325,1
4,1,0.58786005,1
4,1,0.58681023,1
4,0,0.581089,1
4,0,0.5816114,1
4,0,0.58138245,1
4,0,0.5813939,1
4,0,0.5815081,1
4,0,0.5819989,1
4,0,0.58148044,1
4,0,0.5824056,1
4,0,0.58158493,1
4,0,0.5820122,1
4,0,0.58232063,1
4,0,0.58223987,1
4,0,0.5821327,1
4,1,0.58191115,1
4,1,0.58249086,1
4,1,0.5821902,1
4,1,0.5817531,1
4,1,0.5815101,1
4,0,0.5818286,1
4,0,0.58200717,1
4,0,0.58194315,1
4,0,0.5813024,1
4,0,0.5820932,1
4,0,0.58204424,1
4,1,0.5819974,1
4,1,0.58185416,1
4,1,0.5820502,1
4,1,0.58157945,1
4,1,0.58197397,1
4,1,0.5815493,1
4,1,0.58178335,1
4,1,0.58220506,1
4,1,0.5826134,1
4,1,0.58193344,1
4,1,0.58200544,1
4,1,0.58246756,1
4,1,0.5826939,1
4,1,0.5822599,1
4,1,0.58229476,1
4,1,0.57132053,1
4,1,0.57107323,1
4,1,0.571013,1
4,1,0.57111615,1
4,1,0.57058305,1
4,1,0.5709156,1
4,1,0.5706514,1
4,1,0.5705003,1
4,1,0.5708695,1
4,1,0.5706683,1
4,1,0.5704014,1
4,1,0.57108015,1
4,1,0.57024145,1
4,1,0.57042027,1
4,1,0.58710086,1
4,1,0.5872742,1
4,1,0.58714956,1
4,1,0.58663815,1
4,1,0.5864215,1
4,1,0.5863839,1
4,1,0.5861702,1
4,1,0.5856295,1
4,1,0.5857551,1
4,1,0.58610123,1
4,1,0.5855343,1
4,1,0.5851858,1
4,1,0.585679,1
4,1,0.58603776,1
4,1,0.5853331,1
4,1,0.58569884,1
4,1,0.5856969,1
4,1,0.5855724,1
4,1,0.5848197,1
4,1,0.5853326,1
4,1,0.58559775,1
4,1,0.58478457,1
4,1,0.5965681,1
4,1,0.59596306,1
4,1,0.596433,1
4,1,0.5954153,1
4,1,0.5951347,1
4,1,0.59540385,1
4,1,0.5951845,1
4,1,0.5955022,1
4,1,0.59392273,1
4,1,0.5945793,1
4,1,0.594841,1
4,1,0.59457386,1
4,1,0.5942815,1
4,1,0.59530795,1
4,1,0.5942772,1
4,1,0.5773376,1
4,1,0.577887,1
4,1,0.57730454,1
4,1,0.577301,1
4,1,0.5772924,1
4,1,0.5771748,1
4,1,0.57740015,1
4,1,0.5764638,1
4,1,0.57720804,1
4,1,0.57748806,1
4,1,0.5894506,1
4,1,0.5895898,1
4,1,0.58971345,1
4,1,0.5898498,1
4,1,0.589996,1
4,1,0.5898545,1
4,0,0.5366691,1
4,0,0.5367236,1
4,0,0.53674257,1
4,0,0.53663707,1
4,0,0.537069,1
4,0,0.5368756,1
4,0,0.5368752,1
4,0,0.5375402,1
4,0,0.5377605,1
4,0,0.5373454,1
4,0,0.53740686,1
4,0,0.5374965,1
4,0,0.53745145,1
4,0,0.5377124,1
4,0,0.53792804,1
4,1,0.5863628,1
4,1,0.58674777,1
4,1,0.58690625,1
4,1,0.5869409,1
4,1,0.5868831,1
4,1,0.5868646,1
4,1,0.58693373,1
4,1,0.59306586,1
4,1,0.5933273,1
4,1,0.59334886,1
4,1,0.5932019,1
4,1,0.59387594,1
4,1,0.5946054,1
4,1,0.5940457,1
4,1,0.59404993,1
4,1,0.5951823,1
4,1,0.59491634,1
4,1,0.5944487,1
4,1,0.59417367,1
4,1,0.59442985,1
4,1,0.5948589,1
4,1,0.59518737,1
4,1,0.59627104,1
4,1,0.595076,1
4,1,0.59525293,1
4,1,0.5954518,1
4,1,0.59505653,1
4,1,0.5955442,1
4,1,0.5953661,1
4,1,0.5963431,1
4,1,0.58954245,1
4,1,0.58959126,1
4,1,0.58945936,1
4,1,0.5896471,1
4,1,0.5899191,1
4,1,0.5888297,1
4,1,0.5899727,1
4,1,0.59033364,1
4,1,0.5892126,1
4,1,0.5890392,1
4,1,0.5890259,1
4,1,0.589513,1
4,1,0.58975637,1
4,1,0.5895865,1
4,1,0.58406234,1
4,1,0.5843562,1
4,1,0.5838656,1
4,1,0.5839061,1
4,1,0.5842261,1
4,1,0.58451927,1
4,1,0.58378094,1
4,1,0.584015,1
4,1,0.58395284,1
4,1,0.58328617,1
4,1,0.5840832,1
4,1,0.58403677,1
4,1,0.5840358,1
4,1,0.5838669,1
4,0,0.56007487,1
4,0,0.5602609,1
4,0,0.5608346,1
4,0,0.56091267,1
4,0,0.5603885,1
4,0,0.5607215,1
4,0,0.56091994,1
4,0,0.56077886,1
4,0,0.5602919,1
4,1,0.58885676,1
4,1,0.5884406,1
4,1,0.5890947,1
4,1,0.58874017,1
4,1,0.5885169,1
4,1,0.5885045,1
4,1,0.5892924,1
4,1,0.58878285,1
4,1,0.58838004,1
4,1,0.588304,1
4,1,0.589196,1
4,1,0.5892011,1
4,1,0.58859897,1
4,1,0.5888225,1
4,1,0.5892189,1
4,1,0.5882265,1
4,1,0.58841985,1
4,1,0.5882482,1
4,1,0.5887539,1
4,1,0.588578,1
4,1,0.58791107,1
4,1,0.58857936,1
4,1,0.58751804,1
4,1,0.587669,1
4,1,0.58783776,1
4,1,0.58776927,1
4,1,0.58752584,1
4,1,0.5795239,1
4,1,0.5801858,1
4,1,0.5797063,1
4,1,0.57930905,1
4,1,0.57987434,1
4,1,0.5793569,1
4,1,0.579683,1
4,1,0.5793472,1
4,1,0.579676,1
4,1,0.5797304,1
4,1,0.57947284,1
4,1,0.57998186,1
4,0,0.48720792,0
4,0,0.48669112,0
4,0,0.4868194,0
4,0,0.486947,0
4,0,0.48664454,0
4,0,0.486327,0
4,0,0.48599193,0
4,0,0.48592642,0
4,0,0.48570305,0
4,0,0.48568472,0
4,0,0.48599288,0
4,0,0.48545778,0
4,0,0.48497888,0
4,0,0.48459244,0
4,0,0.48497236,0
4,1,0.50662994,1
4,1,0.5066778,1
4,1,0.5064991,1
4,1,0.5067009,1
4,1,0.5064218,1
4,1,0.50668776,1
4,1,0.5067431,1
4,1,0.50657606,1
4,1,0.50657356,1
4,1,0.506367,1
4,1,0.5064092,1
4,1,0.50648034,1
4,1,0.5062966,1
4,1,0.5064163,1
4,1,0.5065287,1
4,1,0.50637525,1
4,1,0.5064411,1
4,1,0.506382,1
4,1,0.58869493,1
4,1,0.58854717,1
4,1,0.589115,1
4,1,0.5894015,1
4,1,0.5901887,1
4,1,0.58935946,1
4,1,0.5889447,1
4,1,0.5892254,1
4,1,0.5896549,1
4,1,0.58936584,1
4,1,0.5889524,1
4,1,0.589492,1
4,1,0.58964056,1
4,1,0.5894443,1
4,1,0.58962834,1
4,1,0.58458805,1
4,1,0.58494216,1
4,1,0.5852214,1
4,1,0.58444864,1
4,1,0.5848987,1
4,1,0.5851714,1
4,1,0.5846855,1
4,1,0.58472073,1
4,1,0.584979,1
4,1,0.58552796,1
4,1,0.5854845,1
4,1,0.58476835,1
4,1,0.5844614,1
4,1,0.5891285,1
4,1,0.5892835,1
4,1,0.5892452,1
4,1,0.58817655,1
4,1,0.58830315,1
4,1,0.58880556,1
4,1,0.58918923,1
4,1,0.58867943,1
4,1,0.5886681,1
4,1,0.5886381,1
4,1,0.5891239,1
4,1,0.58877516,1
4,1,0.5895258,1
4,1,0.5889753,1
4,1,0.5892716,1
4,1,0.58904904,1
4,1,0.5899502,1
4,1,0.5891107,1
4,1,0.5892277,1
4,1,0.589691,1
4,1,0.58886915,1
4,1,0.5894386,1
4,1,0.5895312,1
4,1,0.5897134,1
4,1,0.5891005,1
4,1,0.589835,1
4,1,0.58908314,1
4,1,0.5888113,1
4,1,0.589062,1
4,1,0.58935076,1
4,1,0.58944446,1
4,1,0.589027,1
4,1,0.58926713,1
4,1,0.5892695,1
4,1,0.5891852,1
4,0,0.57937676,1
4,0,0.5800153,1
4,0,0.57966393,1
4,0,0.57987136,1
4,0,0.57953763,1
4,0,0.57943475,1
4,0,0.57978004,1
4,0,0.58008975,1
4,0,0.57974476,1
4,0,0.57931536,1
4,0,0.5796169,1
4,0,0.5797406,1
4,0,0.57946616,1
4,0,0.5788645,1
4,0,0.57984096,1
4,0,0.57957405,1
4,0,0.5790607,1
4,0,0.5793052,1
4,0,0.5795495,1
4,1,0.5964529,1
4,1,0.59732133,1
4,1,0.59649885,1
4,1,0.59708345,1
4,1,0.5972768,1
4,1,0.59738714,1
4,1,0.5971094,1
4,1,0.59793806,1
4,1,0.5987857,1
4,1,0.59836847,1
4,1,0.5979944,1
4,1,0.5988016,1
4,1,0.5977696,1
4,1,0.59794843,1
4,1,0.59840375,1
4,1,0.59857243,1
4,1,0.5989161,1
4,1,0.59874624,1
4,1,0.59948385,1
4,1,0.59953505,1
4,1,0.5986481,1
4,1,0.60015965,1
4,1,0.6007023,1
4,1,0.60050714,1
4,1,0.578218,1
4,1,0.5784487,1
4,1,0.578163,1
4,1,0.5787701,1
4,1,0.5782044,1
4,1,0.57812774,1
4,1,0.5779954,1
4,1,0.5784712,1
4,1,0.5779026,1
4,1,0.57855463,1
4,1,0.5787244,1
4,1,0.578745,1
4,1,0.5787265,1
4,1,0.5781374,1
4,1,0.5784392,1
4,1,0.477248,0
4,1,0.4775312,0
4,1,0.47822034,0
4,1,0.4780673,0
4,1,0.47873664,0
4,1,0.47816423,0
4,1,0.4788554,0
4,1,0.47903514,0
4,1,0.47849107,0
4,1,0.4793615,0
4,1,0.47971916,0
4,1,0.4797708,0
4,1,0.47791448,0
4,1,0.479967,0
4,1,0.47903752,0
4,1,0.4804786,0
4,1,0.48042375,0
4,1,0.48040962,0
4,1,0.48056698,0
4,1,0.480769,0
4,1,0.6145654,1
4,1,0.6142221,1
4,1,0.6137098,1
4,1,0.61466974,1
4,1,0.6155966,1
4,1,0.61456805,1
4,1,0.6153147,1
4,1,0.61650115,1
4,1,0.6164411,1
4,1,0.61585015,1
4,1,0.6160259,1
4,1,0.61663115,1
4,1,0.61782557,1
4,1,0.616393,1
4,1,0.61800945,1
4,1,0.6169026,1
4,1,0.61742103,1
4,1,0.6172177,1
4,0,0.59588426,1
4,0,0.5955724,1
4,0,0.5962389,1
4,0,0.5965023,1
4,0,0.5954631,1
4,0,0.594918,1
4,0,0.59492207,1
4,0,0.5954249,1
4,0,0.5954509,1
4,0,0.59628516,1
4,0,0.59502834,1
4,0,0.5951146,1
4,0,0.5959527,1
4,0,0.59500855,1
4,0,0.594565,1
4,0,0.5956841,1
4,0,0.5955102,1
4,0,0.5956018,1
4,0,0.5959512,1
4,0,0.59619206,1
4,0,0.59523934,1
4,0,0.59526014,1
4,0,0.5947033,1
4,1,0.59032255,1
4,1,0.59012616,1
4,1,0.5903039,1
4,1,0.59016687,1
4,1,0.58996063,1
4,1,0.58958316,1
4,1,0.5901731,1
4,1,0.59019816,1
4,1,0.59007484,1
4,1,0.59024876,1
4,1,0.59050995,1
4,1,0.5894542,1
4,1,0.5905895,1
4,1,0.5909786,1
4,1,0.58981276,1
4,1,0.5896507,1
4,1,0.5896249,1
4,1,0.5901219,1
4,1,0.59034896,1
4,1,0.5901772,1
4,1,0.59002507,1
4,1,0.5899614,1
4,1,0.58979255,1
4,1,0.5901319,1
4,1,0.5897189,1
4,1,0.5896847,1
4,1,0.5709607,1
4,1,0.5713631,1
4,1,0.5711871,1
4,1,0.5712836,1
4,1,0.5709552,1
4,1,0.5713071,1
4,1,0.57125664,1
4,1,0.57102674,1
4,1,0.5712662,1
4,1,0.57131296,1
4,1,0.57097566,1
4,1,0.5713953,1
4,1,0.57119936,1
4,1,0.57120657,1
4,1,0.57123667,1
4,1,0.5715266,1
4,1,0.57181996,1
4,1,0.57119125,1
4,1,0.5712787,1
4,1,0.5712424,1
4,1,0.571177,1
4,1,0.57129997,1
4,1,0.5713392,1
4,1,0.57080394,1
4,1,0.57125133,1
4,1,0.5719451,1
4,1,0.5712219,1
4,1,0.58238965,1
4,1,0.5827919,1
4,1,0.5825073,1
4,1,0.5828061,1
4,1,0.5823964,1
4,1,0.58258444,1
4,1,0.5826063,1
4,1,0.58323073,1
4,1,0.58228827,1
4,1,0.5827391,1
4,1,0.58264214,1
4,1,0.5820594,1
4,1,0.5824982,1
4,1,0.5819263,1
4,1,0.58213633,1
4,1,0.58200693,1
4,1,0.58211446,1
4,1,0.58253187,1
4,1,0.5825609,1
4,1,0.5826057,1
4,1,0.5830099,1
4,1,0.58292603,1
4,1,0.58341753,1
4,1,0.5833917,1
4,1,0.5843248,1
4,1,0.583589,1
4,1,0.5834618,1
4,1,0.58338463,1
4,1,0.5846162,1
4,1,0.5850166,1
4,1,0.5853975,1
4,1,0.58583796,1
4,1,0.5852994,1
4,1,0.5854868,1
4,1,0.58559865,1
4,1,0.5859327,1
4,1,0.58546597,1
4,1,0.5068166,1
4,1,0.50684243,1
4,1,0.5069172,1
4,1,0.50672954,1
4,1,0.507035,1
4,1,0.50688,1
4,1,0.5067974,1
4,1,0.50692713,1
4,1,0.50664765,1
4,1,0.5067029,1
4,1,0.50675344,1
4,1,0.5067484,1
4,1,0.5068423,1
4,1,0.5068874,1
5,1,0.31320056,0
5,1,0.31350276,0
5,1,0.31283054,0
5,1,0.31187683,0
5,1,0.31259447,0
5,1,0.31240666,0
5,1,0.31190592,0
5,1,0.31193653,0
5,1,0.3124585,0
5,1,0.59933144,1
5,1,0.60053825,1
5,1,0.59932166,1
5,1,0.5998379,1
5,1,0.5987118,1
5,1,0.6001064,1
5,1,0.5999797,1
5,1,0.59931993,1
5,1,0.5994689,1
5,1,0.5986472,1
5,1,0.5995995,1
5,1,0.5990945,1
5,1,0.5989518,1
5,1,0.59940994,1
5,1,0.38674706,0
5,1,0.3851639,0
5,1,0.38272116,0
5,1,0.3844515,0
5,1,0.383914,0
5,1,0.38184604,0
5,1,0.38234264,0
5,1,0.3841493,0
5,1,0.38220483,0
5,1,0.3825254,0
5,1,0.38268456,0
5,1,0.38318184,0
5,1,0.38479173,0
5,1,0.38363138,0
5,1,0.3820472,0
5,1,0.38340104,0
5,1,0.38341048,0
5,1,0.38255784,0
5,1,0.38110077,0
5,1,0.3847787,0
5,1,0.38055864,0
5,1,0.38148418,0
5,1,0.38299057,0
5,1,0.38127458,0
5,1,0.3808805,0
5,1,0.57542086,1
5,1,0.57265496,1
5,1,0.5738235,1
5,1,0.5737824,1
5,1,0.57311016,1
5,1,0.57105047,1
5,1,0.5723532,1
5,1,0.57231104,1
5,1,0.53833306,1
5,1,0.54012674,1
5,1,0.54230136,1
5,1,0.5417271,1
5,1,0.5402883,1
5,1,0.5417195,1
5,1,0.5404235,1
5,0,0.5617927,1
5,0,0.56156904,1
5,0,0.56149864,1
5,0,0.5609069,1
5,0,0.5588483,1
5,1,0.5627044,1
5,1,0.55969363,1
5,1,0.56215763,1
5,1,0.56160694,1
5,1,0.56318265,1
5,1,0.56296796,1
5,1,0.5642051,1
5,1,0.5642351,1
5,1,0.5620059,1
5,1,0.56422055,1
5,1,0.5646534,1
5,1,0.5646106,1
5,1,0.56505114,1
5,1,0.56467646,1
5,1,0.56720984,1
5,1,0.59692216,1
5,1,0.59768635,1
5,1,0.598076,1
5,1,0.5964496,1
5,1,0.59673864,1
5,1,0.5979054,1
5,1,0.59754336,1
5,1,0.5971198,1
5,1,0.5967186,1
5,1,0.59598494,1
5,1,0.5971619,1
5,1,0.596641,1
5,1,0.59579724,1
5,1,0.5969234,1
5,1,0.56726736,1
5,1,0.5675582,1
5,1,0.56800616,1
5,1,0.5660884,1
5,1,0.5667969,1
5,1,0.56765383,1
5,1,0.56686515,1
5,1,0.5668236,1
5,1,0.5660579,1
5,1,0.5653505,1
5,1,0.56694216,1
5,1,0.56592923,1
5,1,0.56466985,1
5,1,0.56585157,1
5,1,0.37490952,0
5,1,0.3758757,0
5,1,0.37587038,0
5,1,0.37597936,0
5,1,0.3766032,0
5,1,0.37660843,0
5,1,0.3764674,0
5,1,0.3772609,0
5,1,0.37741306,0
5,1,0.37693232,0
5,1,0.37801388,0
5,1,0.37725088,0
5,1,0.3764481,0
5,1,0.37670913,0
5,0,0.56741965,1
5,0,0.5678934,1
5,0,0.5664345,1
5,0,0.5658153,1
5,0,0.56668663,1
5,0,0.5661086,1
5,0,0.5653896,1
5,0,0.5647075,1
5,1,0.50894845,1
5,1,0.50553936,1
5,1,0.5111949,1
5,1,0.5080277,1
5,1,0.5000486,1
5,1,0.50570744,1
5,1,0.5044656,1
5,1,0.50330305,1
5,1,0.5031341,1
5,0,0.40586156,0
5,0,0.40877992,0
5,0,0.4085652,0
5,0,0.4051437,0
5,0,0.40655777,0
5,0,0.40881377,0
5,0,0.40578538,0
5,0,0.4073347,0
5,0,0.4077502,0
5,0,0.40812317,0
5,0,0.4102407,0
5,0,0.40934476,0
5,0,0.40680304,0
5,0,0.4102801,0
5,1,0.40981463,0
5,1,0.40888602,0
5,1,0.40695062,0
5,1,0.4124175,0
5,1,0.40605524,0
5,1,0.40809184,0
5,1,0.41147423,0
5,1,0.4081728,0
5,1,0.40798843,0
5,1,0.40997216,0
5,1,0.40700254,0
5,1,0.40868762,0
5,1,0.40806913,0
5,1,0.4095534,0
5,1,0.4158113,0
5,1,0.41196588,0
5,0,0.4085229,0
5,0,0.41235057,0
5,0,0.41218168,0
5,0,0.40950358,0
5,0,0.40757218,0
5,0,0.4071048,0
5,0,0.40611658,0
5,0,0.4067681,0
5,0,0.40212107,0
5,0,0.40071693,0
5,0,0.40729055,0
5,0,0.40139833,0
5,0,0.40107045,0
5,0,0.4045475,0
5,0,0.4033491,0
5,0,0.40426216,0
5,0,0.4037362,0
5,0,0.4057959,0
5,0,0.40694878,0
5,0,0.40705216,0
5,0,0.4059776,0
5,0,0.4109978,0
5,0,0.4076188,0
5,0,0.4087022,0
5,0,0.411495,0
5,1,0.5780642,1
5,1,0.5789205,1
5,1,0.57821435,1
5,1,0.5786305,1
5,1,0.5779166,1
5,1,0.5787945,1
5,1,0.57868826,1
5,1,0.5776653,1
5,1,0.5781505,1
5,1,0.5779456,1
5,1,0.57856816,1
5,1,0.5769946,1
5,1,0.57713646,1
5,1,0.5778813,1
5,0,0.67807114,1
5,0,0.6801229,1
5,0,0.678795,1
5,0,0.6796111,1
5,0,0.6797,1
5,0,0.67851627,1
5,0,0.67941755,1
5,0,0.6803704,1
5,0,0.68032247,1
5,0,0.67941225,1
5,0,0.6800173,1
5,0,0.6803429,1
5,0,0.67877483,1
5,0,0.6796696,1
5,0,0.68025535,1
5,0,0.68023765,1
5,0,0.6800882,1
5,0,0.6800483,1
5,0,0.6821152,1
5,0,0.682576,1
5,0,0.68098736,1
5,0,0.6835321,1
5,0,0.68431634,1
5,0,0.68340516,1
5,1,0.54914314,1
5,1,0.546776,1
5,1,0.54839617,1
5,1,0.5522468,1
5,1,0.5517452,1
5,1,0.5549497,1
5,1,0.556383,1
5,1,0.55864567,1
5,1,0.5551941,1
5,1,0.55950755,1
5,1,0.5557379,1
5,1,0.5805138,1
5,1,0.5795834,1
5,1,0.5788602,1
5,1,0.5808971,1
5,1,0.57827246,1
5,1,0.57877904,1
5,1,0.5803502,1
5,1,0.57750475,1
5,1,0.5795335,1
5,1,0.57848686,1
5,1,0.5786582,1
5,1,0.5794837,1
5,1,0.58004695,1
5,1,0.5877725,1
5,1,0.58665776,1
5,1,0.5873339,1
5,1,0.58692926,1
5,1,0.5866287,1
5,1,0.58558726,1
5,1,0.5846099,1
5,1,0.5862658,1
5,1,0.58617806,1
5,1,0.58601433,1
5,1,0.58608747,1
5,1,0.58573073,1
5,1,0.5861678,1
5,1,0.5859075,1
5,1,0.58524877,1
5,1,0.5829658,1
5,1,0.5834408,1
5,1,0.58369356,1
5,1,0.5825609,1
5,1,0.58317727,1
5,1,0.5835188,1
5,1,0.5833165,1
5,1,0.58291614,1
5,1,0.58165485,1
5,1,0.5809392,1
5,1,0.5824597,1
5,1,0.5812279,1
5,1,0.5802646,1
5,1,0.58133096,1
5,0,0.5658929,1
5,0,0.5651886,1
5,0,0.56660014,1
5,0,0.5655111,1
5,0,0.5645813,1
5,0,0.56406564,1
5,0,0.56254435,1
5,0,0.5625828,1
5,0,0.56245506,1
5,0,0.5585991,1
5,0,0.5535834,1
5,0,0.5591441,1
5,0,0.5578562,1
5,0,0.5599059,1
5,0,0.5590513,1
5,0,0.5586485,1
5,0,0.5588337,1
5,0,0.557667,1
5,0,0.5570955,1
5,0,0.55765885,1
5,0,0.5578004,1
5,0,0.5548935,1
5,0,0.5531876,1
5,0,0.5538561,1
5,0,0.55325854,1
5,0,0.5512291,1
5,0,0.55241555,1
5,0,0.5503558,1
5,0,0.5493296,1
5,0,0.5464296,1
5,0,0.5456207,1
5,0,0.5435863,1
5,0,0.54129946,1
5,0,0.54240507,1
5,0,0.54089606,1
5,0,0.5447181,1
5,0,0.5449385,1
5,0,0.5433712,1
5,0,0.54527515,1
5,0,0.54561263,1
5,0,0.54317683,1
5,0,0.5464812,1
5,0,0.5446991,1
5,0,0.54041827,1
5,1,0.5376713,1
5,1,0.53411674,1
5,1,0.52470434,1
5,1,0.5372688,1
5,1,0.5386046,1
5,1,0.5355095,1
5,1,0.51872563,1
5,1,0.5340841,1
5,0,0.5130096,1
5,0,0.51273835,1
5,0,0.51316535,1
5,0,0.5127884,1
5,0,0.51294625,1
5,0,0.5127522,1
5,0,0.5130046,1
5,0,0.51277214,1
5,1,0.6063365,1
5,1,0.60651517,1
5,1,0.6060914,1
5,1,0.60633004,1
5,1,0.60709465,1
5,1,0.6077722,1
5,1,0.6066115,1
5,1,0.606888,1
5,1,0.6070209,1
5,1,0.60790706,1
5,1,0.6084411,1
5,1,0.608571,1
5,1,0.6073503,1
5,1,0.60793555,1
5,1,0.60835844,1
5,1,0.6086892,1
5,1,0.60775757,1
5,1,0.60838103,1
5,1,0.607488,1
5,1,0.60836375,1
5,1,0.60912806,1
5,1,0.6073398,1
5,1,0.60791266,1
5,1,0.6086789,1
5,1,0.60998386,1
5,1,0.60751706,1
5,1,0.60927624,1
5,0,0.60908747,1
5,0,0.6086976,1
5,0,0.6090932,1
5,0,0.60875523,1
5,0,0.6089327,1
5,0,0.6081198,1
5,0,0.6083317,1
5,0,0.60800123,1
5,0,0.6085039,1
5,0,0.6097085,1
5,0,0.60743105,1
5,0,0.6082048,1
5,0,0.608753,1
5,0,0.6092457,1
5,0,0.6096306,1
5,0,0.6090568,1
5,0,0.60789174,1
5,0,0.6087864,1
5,0,0.6079421,1
5,0,0.6078997,1
5,0,0.6100861,1
5,0,0.6080008,1
5,0,0.6076022,1
5,0,0.6087571,1
5,0,0.60960954,1
5,0,0.6079109,1
5,0,0.60925424,1
5,0,0.6089873,1
5,0,0.6086955,1
5,0,0.60830206,1
5,0,0.60946685,1
5,0,0.6086799,1
5,0,0.60856116,1
5,0,0.600796,1
5,0,0.60017604,1
5,0,0.59944344,1
5,0,0.5996225,1
5,0,0.6000076,1
5,0,0.60082006,1
5,0,0.60030085,1
5,0,0.5988098,1
5,0,0.5991172,1
5,0,0.60037965,1
5,0,0.59956896,1
5,0,0.59829175,1
5,0,0.5977982,1
5,0,0.5983996,1
5,0,0.5975455,1
5,0,0.5969066,1
5,0,0.5979664,1
5,0,0.5974571,1
5,0,0.5972679,1
5,0,0.5972741,1
5,0,0.5984046,1
5,0,0.5974604,1
5,0,0.5959063,1
5,1,0.59751946,1
5,1,0.59689206,1
5,1,0.5965528,1
5,1,0.5964785,1
5,1,0.5958447,1
5,1,0.59453386,1
5,1,0.59498906,1
5,1,0.5948409,1
5,0,0.59542936,1
5,0,0.5950584,1
5,0,0.5947935,1
5,0,0.59412336,1
5,0,0.5943582,1
5,0,0.5948707,1
5,0,0.59425503,1
5,0,0.59492886,1
5,0,0.55376357,1
5,0,0.5550494,1
5,0,0.5566725,1
5,0,0.5516354,1
5,0,0.5537877,1
5,0,0.5544249,1
5,0,0.5525631,1
5,0,0.5571478,1
5,0,0.55747783,1
5,0,0.55615425,1
5,0,0.559136,1
5,0,0.556069,1
5,0,0.5569278,1
5,0,0.5600066,1
5,0,0.55906755,1
5,0,0.5595556,1
5,0,0.5582476,1
5,0,0.5603093,1
5,0,0.56216836,1
5,0,0.56120807,1
5,1,0.57043594,1
5,1,0.5699397,1
5,1,0.57086664,1
5,1,0.5729797,1
5,1,0.5703856,1
5,1,0.5722213,1
5,1,0.5717029,1
5,1,0.57339275,1
5,1,0.5732747,1
5,1,0.5740507,1
5,1,0.5740476,1
5,1,0.5723745,1
5,1,0.57419074,1
5,1,0.5746359,1
5,1,0.5746169,1
5,1,0.5747813,1
5,1,0.574448,1
5,1,0.57668465,1
5,1,0.57527924,1
5,1,0.57607293,1
5,1,0.5762685,1
5,1,0.5760582,1
5,1,0.5770905,1
5,1,0.57859176,1
5,1,0.5777614,1
5,0,0.57477176,1
5,0,0.57394624,1
5,0,0.5743103,1
5,0,0.57505494,1
5,0,0.5697607,1
5,0,0.5738604,1
5,0,0.5738212,1
5,0,0.5703129,1
5,0,0.57415146,1
5,1,0.5679402,1
5,1,0.5678971,1
5,1,0.5688944,1
5,1,0.5689868,1
5,1,0.56844485,1
5,1,0.56794083,1
5,1,0.5682589,1
5,1,0.568445,1
5,1,0.5686643,1
5,1,0.56703454,1
5,1,0.5696316,1
5,1,0.56935084,1
5,1,0.56826943,1
5,1,0.5699906,1
5,1,0.57243717,1
5,1,0.5719432,1
5,1,0.57289255,1
5,1,0.57171506,1
5,1,0.57154673,1
5,1,0.5707031,1
5,1,0.57304704,1
5,1,0.5730901,1
5,1,0.5724755,1
5,1,0.5729126,1
5,1,0.5732887,1
5,1,0.57196033,1
5,1,0.57286686,1
5,1,0.57373494,1
5,1,0.5735793,1
5,1,0.5724426,1
5,1,0.5738263,1
5,1,0.5732935,1
5,1,0.5740302,1
5,1,0.5739581,1
5,1,0.5794051,1
5,1,0.5786923,1
5,1,0.5790145,1
5,1,0.578561,1
5,1,0.57892424,1
5,1,0.57984924,1
5,1,0.57842135,1
5,1,0.5785504,1
5,1,0.57976794,1
5,1,0.5808934,1
5,1,0.57985216,1
5,1,0.58226955,1
5,1,0.5806117,1
5,1,0.5792572,1
5,1,0.5811965,1
5,1,0.5805199,1
5,1,0.5809879,1
5,1,0.5816348,1
5,1,0.5800943,1
5,1,0.58087546,1
5,1,0.5827668,1
5,1,0.58181226,1
5,1,0.5805479,1
5,1,0.5814159,1
5,1,0.5809912,1
5,1,0.5825448,1
5,1,0.58112055,1
5,1,0.5811848,1
5,1,0.5814557,1
5,1,0.5818039,1
5,1,0.5819944,1
5,1,0.58118534,1
5,1,0.5822631,1
5,1,0.58152175,1
5,1,0.5817308,1
5,1,0.5820843,1
5,1,0.5816687,1
5,1,0.5821986,1
5,1,0.58240914,1
5,1,0.5812531,1
5,1,0.5823062,1
5,1,0.58183825,1
5,1,0.5824334,1
5,1,0.58182293,1
5,1,0.5815222,1
5,1,0.5811588,1
5,1,0.5819978,1
5,1,0.58069134,1
5,1,0.5810649,1
5,1,0.5813641,1
5,1,0.58238435,1
5,1,0.58259326,1
5,1,0.58168083,1
5,1,0.5814986,1
5,1,0.58164656,1
5,1,0.5809962,1
5,1,0.581412,1
5,1,0.5818378,1
5,1,0.581612,1
5,1,0.5810111,1
5,1,0.5815091,1
5,1,0.5820275,1
5,1,0.58093524,1
5,1,0.5827144,1
5,1,0.58213085,1
5,1,0.58140445,1
5,1,0.5807719,1
5,1,0.5818698,1
5,1,0.5954261,1
5,1,0.5947262,1
5,1,0.5954036,1
5,1,0.5953181,1
5,1,0.5946451,1
5,1,0.5943934,1
5,1,0.38448963,0
5,1,0.38584864,0
5,1,0.38465074,0
5,1,0.38689262,0
5,1,0.38585502,0
5,1,0.38375512,0
5,1,0.3906027,0
5,1,0.3864431,0
5,1,0.38070193,0
5,1,0.38545087,0
5,1,0.3833264,0
5,1,0.38218364,0
5,1,0.3822342,0
5,1,0.38392517,0
5,1,0.38419953,0
5,1,0.38490245,0
5,1,0.38167784,0
5,1,0.38219887,0
5,1,0.3826891,0
5,1,0.38594317,0
5,1,0.3805436,0
5,1,0.37834173,0
5,1,0.37834567,0
5,1,0.37935054,0
5,1,0.38407746,0
5,1,0.3839662,0
5,1,0.38362947,0
5,1,0.38365203,0
5,1,0.38413113,0
5,1,0.3791126,0
5,1,0.37868693,0
5,1,0.3735836,0
5,1,0.37502986,0
5,1,0.3712665,0
5,1,0.36917776,0
5,1,0.36662441,0
5,1,0.5717848,1
5,1,0.5735607,1
5,1,0.57257956,1
5,1,0.57276237,1
5,1,0.5712735,1
5,1,0.57118344,1
5,1,0.56989187,1
5,1,0.5695534,1
5,1,0.57053316,1
5,1,0.5701855,1
5,1,0.5708673,1
5,1,0.5683049,1
5,1,0.57023513,1
5,1,0.34886974,0
5,1,0.34947032,0
5,1,0.34706825,0
5,1,0.3503846,0
5,1,0.35217172,0
5,1,0.34827647,0
5,1,0.35022035,0
5,1,0.35100728,0
5,1,0.35233688,0
5,1,0.3529919,0
5,1,0.35753462,0
5,1,0.6168759,1
5,1,0.6179035,1
5,1,0.6181656,1
5,1,0.6171746,1
5,1,0.6167663,1
5,1,0.6183979,1
5,1,0.6180058,1
5,1,0.6176266,1
5,1,0.6174419,1
5,1,0.616682,1
5,1,0.6176128,1
5,1,0.6173325,1
5,1,0.6170516,1
5,1,0.6180745,1
5,1,0.617849,1
5,1,0.6169259,1
5,1,0.6182907,1
5,1,0.6173445,1
5,1,0.6166051,1
5,1,0.6166601,1
5,1,0.6182049,1
5,1,0.61735034,1
5,1,0.6163403,1
5,1,0.6174255,1
5,1,0.61739886,1
5,1,0.61667055,1
5,1,0.61718774,1
5,1,0.61652714,1
5,1,0.61733246,1
5,1,0.61664367,1
5,1,0.61635447,1
5,1,0.618053,1
5,1,0.617488,1
5,1,0.61672556,1
5,1,0.61809015,1
5,1,0.6180693,1
5,1,0.617244,1
5,1,0.5865794,1
5,1,0.58722293,1
5,1,0.5868639,1
5,1,0.5863806,1
5,1,0.5868677,1
5,1,0.58688,1
5,1,0.5869725,1
5,1,0.5864989,1
5,1,0.58574986,1
5,1,0.58441025,1
5,1,0.5863984,1
5,1,0.5851041,1
5,1,0.583795,1
5,1,0.58496594,1
5,1,0.5927193,1
5,1,0.5933007,1
5,1,0.5936844,1
5,1,0.5930197,1
5,1,0.5932553,1
5,1,0.5933443,1
5,1,0.5932399,1
5,1,0.5931017,1
5,1,0.5918157,1
5,1,0.59110564,1
5,1,0.5926089,1
5,1,0.59191614,1
5,1,0.59077144,1
5,1,0.5917524,1
5,1,0.5846931,1
5,1,0.58639663,1
5,1,0.5845966,1
5,1,0.5855446,1
5,1,0.58545184,1
5,1,0.5861004,1
5,1,0.58561665,1
5,1,0.5844419,1
5,1,0.5845201,1
5,1,0.58557004,1
5,1,0.58446765,1
5,1,0.58485526,1
5,1,0.58366215,1
5,1,0.58325374,1
5,1,0.5836497,1
5,1,0.52990645,1
5,1,0.5328937,1
5,1,0.53219706,1
5,1,0.52978367,1
5,1,0.5294153,1
5,1,0.53263414,1
5,1,0.5292287,1
5,1,0.52694356,1
5,1,0.52817565,1
5,1,0.52993554,1
5,1,0.5249142,1
5,1,0.5219787,1
5,1,0.5331188,1
5,1,0.5330468,1
5,1,0.533159,1
5,1,0.5355663,1
5,1,0.537017,1
5,1,0.53859,1
5,1,0.5363476,1
5,1,0.5401306,1
5,1,0.5435005,1
5,1,0.54164135,1
5,1,0.54281867,1
5,1,0.54407597,1
5,1,0.54536027,1
5,1,0.5456556,1
5,1,0.5466926,1
5,1,0.54633003,1
5,1,0.54626465,1
5,1,0.5797905,1
5,1,0.58021325,1
5,1,0.5804451,1
5,1,0.57931316,1
5,1,0.57994354,1
5,1,0.58028466,1
5,1,0.5801941,1
5,1,0.57981724,1
5,1,0.5786984,1
5,1,0.5778523,1
5,1,0.5792287,1
5,1,0.57788736,1
5,1,0.57694566,1
5,1,0.5782394,1
5,1,0.57918555,1
5,1,0.5785002,1
5,1,0.5782937,1
5,1,0.5781786,1
5,1,0.57919735,1
5,1,0.57977957,1
5,1,0.57873917,1
5,1,0.57942164,1
5,1,0.5435863,1
5,1,0.54129946,1
5,1,0.54240507,1
5,1,0.54089606,1
5,1,0.5447181,1
5,1,0.5449385,1
5,1,0.5433712,1
5,1,0.54527515,1
5,1,0.54561263,1
5,1,0.54317683,1
5,1,0.5464812,1
5,1,0.5446991,1
5,1,0.54041827,1
5,1,0.5427251,1
5,1,0.54275316,1
5,1,0.5421314,1
5,1,0.5423057,1
5,1,0.5422595,1
5,1,0.5134512,1
5,1,0.5131261,1
5,1,0.5131025,1
5,1,0.51333404,1
5,1,0.5131861,1
5,1,0.51327544,1
5,1,0.51323414,1
5,1,0.5133625,1
5,1,0.5130106,1
5,1,0.51297754,1
5,1,0.5130252,1
5,1,0.5132249,1
5,1,0.51299775,1
5,1,0.51295114,1
5,1,0.5129283,1
5,1,0.51294583,1
5,1,0.51325625,1
5,1,0.51311636,1
5,1,0.5131989,1
5,1,0.5129787,1
5,1,0.5130399,1
5,1,0.5127892,1
5,1,0.5130499,1
5,1,0.5130113,1
5,1,0.5128066,1
5,1,0.5130826,1
5,1,0.5125632,1
5,1,0.5127925,1
5,1,0.5129281,1
5,1,0.51297814,1
5,1,0.51291543,1
5,1,0.51317704,1
5,1,0.5127801,1
5,1,0.512745,1
5,1,0.5128176,1
5,1,0.5128333,1
5,1,0.51283014,1
5,1,0.51274574,1
5,1,0.5131029,1
5,1,0.51317835,1
5,1,0.51337916,1
5,1,0.5133854,1
5,1,0.5134527,1
5,1,0.51362276,1
5,1,0.51363176,1
5,1,0.5133334,1
5,1,0.5133572,1
5,1,0.5132335,1
5,1,0.5132451,1
5,1,0.51326525,1
5,1,0.5132392,1
5,1,0.51334697,1
5,1,0.51307863,1
5,1,0.51362556,1
5,1,0.51315325,1
5,1,0.51336074,1
5,1,0.5134282,1
5,1,0.5134298,1
5,1,0.5132065,1
5,1,0.51340127,1
5,0,0.6355033,1
5,0,0.6340375,1
5,0,0.6355449,1
5,0,0.6335042,1
5,0,0.63512444,1
5,0,0.6354443,1
5,0,0.6356758,1
5,0,0.6338915,1
5,0,0.63492924,1
5,0,0.6345595,1
5,0,0.6354321,1
5,0,0.6353472,1
5,0,0.6361652,1
5,0,0.63557655,1
5,0,0.63440186,1
5,1,0.6188062,1
5,1,0.6177241,1
5,1,0.6190157,1
5,1,0.6179682,1
5,1,0.6175248,1
5,1,0.6172738,1
5,1,0.6188946,1
5,1,0.61860216,1
5,1,0.6176644,1
5,1,0.6179991,1
5,1,0.6186116,1
5,1,0.61716807,1
5,1,0.61801827,1
5,1,0.61753565,1
5,1,0.618243,1
5,1,0.6176596,1
5,1,0.617672,1
5,1,0.61901176,1
5,1,0.61882466,1
5,1,0.61797327,1
5,1,0.61855465,1
5,1,0.6199248,1
5,1,0.6192937,1
5,0,0.6045045,1
5,0,0.60417277,1
5,0,0.60441744,1
5,0,0.6040011,1
5,0,0.60346764,1
5,0,0.6045046,1
5,0,0.6054443,1
5,0,0.603945,1
5,0,0.60330725,1
5,0,0.6047743,1
5,0,0.60424453,1
5,0,0.6036987,1
5,0,0.60438335,1
5,0,0.60447186,1
5,0,0.6043586,1
5,0,0.604647,1
5,0,0.6053739,1
5,0,0.6050087,1
5,1,0.6048264,1
5,1,0.6062031,1
5,1,0.6050168,1
5,1,0.60587853,1
5,1,0.6057891,1
5,1,0.60510397,1
5,1,0.604368,1
5,1,0.60545456,1
5,1,0.60608554,1
5,1,0.6059392,1
5,0,0.60572773,1
5,0,0.6055746,1
5,0,0.60560334,1
5,0,0.6056728,1
5,0,0.60650295,1
5,0,0.6062535,1
5,0,0.6062633,1
5,0,0.60600996,1
5,0,0.60606563,1
5,0,0.6062163,1
5,0,0.60727257,1
5,0,0.60664743,1
5,0,0.6067574,1
5,0,0.6079154,1
5,0,0.60845035,1
5,0,0.6074284,1
5,0,0.60776377,1
5,0,0.6080507,1
5,0,0.6086746,1
5,0,0.60912806,1
5,0,0.6092645,1
5,0,0.6080706,1
5,0,0.60865647,1
5,0,0.6090565,1
5,0,0.6093003,1
5,0,0.60851765,1
5,0,0.6090568,1
5,0,0.6083324,1
5,0,0.6090501,1
5,0,0.60992205,1
5,0,0.6081271,1
5,0,0.6086185,1
5,0,0.6095093,1
5,0,0.6106363,1
5,0,0.60825944,1
5,0,0.61002743,1
5,0,0.6101037,1
5,0,0.60914934,1
5,0,0.6102216,1
5,0,0.6097579,1
5,0,0.60942394,1
5,0,0.60944784,1
5,0,0.6095559,1
5,0,0.6098357,1
5,0,0.609998,1
5,0,0.61031216,1
5,0,0.60908055,1
5,0,0.60974616,1
5,0,0.6086741,1
5,0,0.6098179,1
5,0,0.6099602,1
5,0,0.6112879,1
5,0,0.60978425,1
5,0,0.6088761,1
5,0,0.61124665,1
5,0,0.6097355,1
5,0,0.6107539,1
5,0,0.6105706,1
5,0,0.6095698,1
5,0,0.61010075,1
5,0,0.61107945,1
5,0,0.6107519,1
5,0,0.61036265,1
5,0,0.6103353,1
5,0,0.61055064,1
5,0,0.6110346,1
5,0,0.6102677,1
5,0,0.61052257,1
5,0,0.61077666,1
5,0,0.6103982,1
5,0,0.6106834,1
5,0,0.6110791,1
5,0,0.61050403,1
5,0,0.60993063,1
5,0,0.6099062,1
5,0,0.61021143,1
5,0,0.60982627,1
5,0,0.6101612,1
5,0,0.6098385,1
5,0,0.6095188,1
5,0,0.6098214,1
5,0,0.6092386,1
5,0,0.60864246,1
5,0,0.6092269,1
5,0,0.60951257,1
5,0,0.60905427,1
5,0,0.6095534,1
5,0,0.6095082,1
5,0,0.60990167,1
5,0,0.60960203,1
5,0,0.6097367,1
5,0,0.60996795,1
5,0,0.6107849,1
5,0,0.6098946,1
5,0,0.6084412,1
5,0,0.6091785,1
5,0,0.6088892,1
5,0,0.60847926,1
5,0,0.6092465,1
5,0,0.60981035,1
5,0,0.6090103,1
5,0,0.60880685,1
5,0,0.60933876,1
5,0,0.61035895,1
5,0,0.60829604,1
5,0,0.6088714,1
5,0,0.6095792,1
5,0,0.6101638,1
5,0,0.61005354,1
5,0,0.60955447,1
5,0,0.60900533,1
5,0,0.60972446,1
5,0,0.60879314,1
5,0,0.6089139,1
5,0,0.6100551,1
5,0,0.60873514,1
5,0,0.6087409,1
5,0,0.60965574,1
5,0,0.60960764,1
5,0,0.60884607,1
5,0,0.60929704,1
5,0,0.6099091,1
5,0,0.6092539,1
5,0,0.609399,1
5,0,0.61026275,1
5,0,0.6095954,1
5,0,0.6093632,1
5,0,0.60988075,1
5,0,0.6103835,1
5,0,0.60870224,1
5,0,0.60942745,1
5,0,0.6087643,1
5,0,0.6085104,1
5,0,0.6085994,1
5,0,0.6096315,1
5,0,0.6082348,1
5,0,0.60758007,1
5,0,0.60888475,1
5,0,0.6088889,1
5,0,0.6092627,1
5,0,0.6070742,1
5,0,0.60821366,1
5,0,0.6077124,1
5,0,0.609083,1
5,0,0.6078607,1
5,0,0.60757977,1
5,0,0.60691106,1
5,0,0.60834277,1
5,0,0.6075168,1
5,0,0.60734046,1
5,0,0.607132,1
5,0,0.6073751,1
5,0,0.60738504,1
5,0,0.60672706,1
5,0,0.60619223,1
5,0,0.6069729,1
5,0,0.6077624,1
5,0,0.6065195,1
5,0,0.6066839,1
5,0,0.60606927,1
5,0,0.6061437,1
5,0,0.60672563,1
5,0,0.60609,1
5,0,0.60506094,1
5,0,0.60527223,1
5,0,0.6056728,1
5,0,0.60435116,1
5,0,0.605282,1
5,0,0.605621,1
5,0,0.60500264,1
5,0,0.605816,1
5,0,0.60531175,1
5,0,0.60515213,1
5,0,0.60455287,1
5,0,0.6057628,1
5,0,0.6045306,1
5,0,0.6057276,1
5,0,0.60567075,1
5,0,0.60385215,1
5,0,0.60286295,1
5,0,0.60424274,1
5,0,0.6039076,1
5,0,0.6046907,1
5,0,0.6039297,1
5,0,0.60424817,1
5,0,0.60429823,1
5,0,0.60460293,1
5,0,0.6038661,1
5,0,0.6046139,1
5,0,0.60349375,1
5,0,0.604207,1
5,0,0.60422665,1
5,0,0.603483,1
5,0,0.6038715,1
5,0,0.60267264,1
5,0,0.6032009,1
5,0,0.6030788,1
5,0,0.60294235,1
5,0,0.6023629,1
5,0,0.6032695,1
5,0,0.60298544,1
5,0,0.601963,1
5,1,0.55619496,1
5,1,0.5562404,1
5,1,0.5562131,1
5,1,0.55562544,1
5,1,0.55615664,1
5,1,0.556109,1
5,1,0.5557636,1
5,1,0.5557393,1
5,1,0.55447364,1
5,1,0.55367404,1
5,1,0.55546176,1
5,1,0.5538208,1
5,1,0.5525174,1
5,1,0.55376786,1
5,0,0.5560315,1
5,0,0.5549123,1
5,0,0.5555683,1
5,0,0.557733,1
5,0,0.5551493,1
5,0,0.55584204,1
5,0,0.55770844,1
5,0,0.55744535,1
5,0,0.5562743,1
5,0,0.55718917,1
5,0,0.5567701,1
5,0,0.55702394,1
5,0,0.555394,1
5,0,0.5556003,1
5,0,0.55800164,1
5,0,0.5556687,1
5,1,0.6080991,1
5,1,0.6066805,1
5,1,0.6079738,1
5,1,0.6080661,1
5,1,0.60738885,1
5,1,0.60742927,1
5,1,0.6085701,1
5,1,0.6080959,1
5,1,0.6070007,1
5,1,0.6081145,1
5,1,0.60843843,1
5,1,0.60704327,1
5,1,0.6070809,1
5,1,0.60756487,1
5,1,0.60850894,1
5,1,0.60728997,1
5,1,0.60769874,1
5,1,0.60791653,1
5,1,0.60792655,1
5,1,0.6071052,1
5,1,0.6082947,1
5,1,0.6088423,1
5,1,0.6077075,1
5,1,0.5777654,1
5,1,0.5777529,1
5,1,0.5775575,1
5,1,0.5772267,1
5,1,0.5768668,1
5,1,0.5781613,1
5,1,0.57628024,1
5,1,0.5766411,1
5,1,0.57729995,1
5,1,0.3283315,0
5,1,0.32887325,0
5,1,0.3299801,0
5,1,0.3300771,0
5,1,0.32916638,0
5,1,0.3271073,0
5,1,0.32879052,0
5,1,0.6049416,1
5,1,0.60519326,1
5,1,0.60536927,1
5,1,0.6045666,1
5,1,0.60491717,1
5,1,0.60556734,1
5,1,0.6054636,1
5,1,0.6051717,1
5,1,0.60411173,1
5,1,0.6035165,1
5,1,0.60428405,1
5,1,0.60344195,1
5,1,0.6028577,1
5,1,0.6037539,1
5,1,0.54534096,1
5,1,0.5453691,1
5,1,0.5452932,1
5,1,0.54621696,1
5,1,0.54613477,1
5,1,0.5469123,1
5,1,0.56141675,1
5,1,0.56125605,1
5,1,0.561545,1
5,1,0.5617809,1
5,1,0.5619778,1
5,1,0.5604791,1
5,1,0.56155676,1
5,1,0.5601835,1
5,1,0.5134568,1
5,1,0.5132462,1
5,1,0.513671,1
5,1,0.5132065,1
5,1,0.51341873,1
5,1,0.51342785,1
5,1,0.5133978,1
5,1,0.51359624,1
5,1,0.51327497,1
5,1,0.5136058,1
5,1,0.5136366,1
5,1,0.51325357,1
5,1,0.51337034,1
5,1,0.51341414,1
5,1,0.51349384,1
5,0,0.513146,1
5,0,0.51323855,1
5,0,0.51329637,1
5,0,0.51311684,1
5,0,0.51333165,1
5,0,0.51308423,1
5,0,0.513237,1
5,0,0.5130986,1
5,0,0.5131279,1
5,0,0.5129737,1
5,0,0.51299727,1
5,0,0.5130768,1
5,0,0.51288265,1
5,0,0.51292616,1
5,0,0.513061,1
5,1,0.5776544,1
5,1,0.5774051,1
5,1,0.5770281,1
5,1,0.5768902,1
5,1,0.57691437,1
5,1,0.57676136,1
5,1,0.5779923,1
5,1,0.57813406,1
5,1,0.5777602,1
5,1,0.57786363,1
5,1,0.63081425,1
5,1,0.63144666,1
5,1,0.6309528,1
5,1,0.63115895,1
5,1,0.6307466,1
5,1,0.6306964,1
5,1,0.6314265,1
5,1,0.5126032,1
5,1,0.51239485,1
5,1,0.5126741,1
5,1,0.51264673,1
5,1,0.5121877,1
5,1,0.5123462,1
5,1,0.5123742,1
5,1,0.5117982,1
5,0,0.58123994,1
5,0,0.580304,1
5,0,0.5800809,1
5,0,0.5798376,1
5,0,0.5801553,1
5,0,0.5797668,1
5,0,0.57921636,1
5,0,0.5773102,1
5,0,0.5790261,1
5,0,0.5786381,1
5,0,0.5785836,1
5,0,0.5784282,1
5,0,0.5783318,1
5,0,0.5778597,1
5,0,0.57870734,1
5,1,0.31544495,0
5,1,0.31523147,0
5,1,0.3155438,0
5,1,0.3154944,0
5,1,0.31545427,0
5,1,0.3152408,0
5,1,0.3167511,0
5,1,0.31579706,0
5,1,0.31563705,0
5,1,0.31579942,0
5,1,0.31628442,0
5,1,0.31654,0
5,1,0.31562227,0
5,1,0.31656173,0
5,1,0.316379,0
5,1,0.31586084,0
5,1,0.31662312,0
5,1,0.31698638,0
5,1,0.5650992,1
5,1,0.56459475,1
5,1,0.5634821,1
5,1,0.5631886,1
5,1,0.56333876,1
5,1,0.56113285,1
5,1,0.5627724,1
5,1,0.5605531,1
5,1,0.56009233,1
5,1,0.55875134,1
5,1,0.5583381,1
5,1,0.55901164,1
5,1,0.558192,1
5,1,0.5569094,1
5,1,0.55708945,1
5,1,0.55737513,1
5,1,0.5567456,1
5,1,0.55542535,1
5,1,0.55475634,1
5,1,0.55538416,1
5,0,0.34604508,0
5,0,0.34620675,0
5,0,0.3399266,0
5,0,0.341407,0
5,0,0.337873,0
5,0,0.33647487,0
5,0,0.33671,0
5,0,0.33433262,0
5,0,0.33317673,0
5,0,0.3342561,0
5,0,0.33268794,0
5,0,0.33156577,0
5,1,0.55271196,1
5,1,0.553561,1
5,1,0.5525741,1
5,1,0.55250895,1
5,1,0.5540098,1
5,1,0.5551128,1
5,1,0.554388,1
5,1,0.5547252,1
5,1,0.5569953,1
5,1,0.55802435,1
5,1,0.55655444,1
5,1,0.557865,1
5,1,0.5581074,1
5,1,0.5647476,1
5,1,0.5639207,1
5,1,0.5642873,1
5,1,0.5635176,1
5,1,0.56435907,1
5,1,0.56415427,1
5,0,0.512928,1
5,0,0.5126886,1
5,0,0.51287735,1
5,0,0.5130391,1
5,0,0.5126683,1
5,0,0.51268166,1
5,0,0.5128648,1
5,0,0.51290953,1
5,0,0.5128766,1
5,0,0.51293504,1
5,0,0.51295,1
5,0,0.51281786,1
5,0,0.5128411,1
5,0,0.51274157,1
5,0,0.51274943,1
5,1,0.5911642,1
5,1,0.5913771,1
5,1,0.5916103,1
5,1,0.5906829,1
5,1,0.59119266,1
5,1,0.5914517,1
5,1,0.59116167,1
5,1,0.5909631,1
5,1,0.58960634,1
5,1,0.58929753,1
5,1,0.5903632,1
5,1,0.5897561,1
5,1,0.5888258,1
5,1,0.5896392,1
5,1,0.47348168,0
5,1,0.4740877,0
5,1,0.4735809,0
5,1,0.47332004,0
5,1,0.47411588,0
5,1,0.4743423,0
5,1,0.4740129,0
5,1,0.47392046,0
5,1,0.4745272,0
5,1,0.47437966,0
5,1,0.47408023,0
5,1,0.47386062,0
5,1,0.4750696,0
5,1,0.47527757,0
5,1,0.51319414,1
5,1,0.5133306,1
5,1,0.5131069,1
5,1,0.51326776,1
5,1,0.5133644,1
5,1,0.51363194,1
5,1,0.51324046,1
5,1,0.5133933,1
5,1,0.5131494,1
5,1,0.51329434,1
5,1,0.5132413,1
5,1,0.59654015,1
5,1,0.59629107,1
5,1,0.5957556,1
5,1,0.5959775,1
5,1,0.5953916,1
5,1,0.59633225,1
5,1,0.5970251,1
5,1,0.5957212,1
5,1,0.5960755,1
5,1,0.59586453,1
5,1,0.5968166,1
5,1,0.59566694,1
5,1,0.595623,1
5,1,0.596901,1
5,1,0.55334914,1
5,1,0.5576001,1
5,1,0.55579764,1
5,1,0.5561836,1
5,1,0.5554346,1
5,1,0.55679333,1
5,1,0.5561587,1
5,1,0.5547487,1
5,1,0.58359396,1
5,1,0.5828097,1
5,1,0.583169,1
5,1,0.58270305,1
5,1,0.58304995,1
5,1,0.583972,1
5,1,0.58251905,1
5,1,0.5826732,1
5,1,0.5838377,1
5,0,0.5529202,1
5,0,0.5531658,1
5,0,0.5517147,1
5,0,0.5503827,1
5,0,0.54973274,1
5,0,0.55093104,1
5,0,0.54905033,1
5,0,0.54609126,1
5,0,0.54787046,1
5,0,0.54555106,1
5,0,0.5460237,1
5,0,0.54545724,1
5,0,0.5453839,1
5,0,0.544128,1
5,0,0.5436813,1
5,0,0.541755,1
5,0,0.54338795,1
5,0,0.5416256,1
5,0,0.5375777,1
5,0,0.5384496,1
5,0,0.53828406,1
5,0,0.53524935,1
5,0,0.5356159,1
5,0,0.5348515,1
5,0,0.53365135,1
5,1,0.557945,1
5,1,0.56004053,1
5,1,0.55942035,1
5,1,0.55980325,1
5,1,0.56072885,1
5,1,0.55933315,1
5,1,0.5600991,1
5,0,0.56232625,1
5,0,0.5606175,1
5,0,0.5604762,1
5,0,0.5604733,1
5,0,0.5612872,1
5,1,0.5610979,1
5,1,0.56075335,1
5,1,0.5618495,1
5,1,0.5607413,1
5,1,0.5607219,1
5,1,0.5614514,1
5,1,0.56179166,1
5,0,0.56014717,1
5,0,0.5605639,1
5,0,0.5611261,1
5,0,0.5588491,1
5,0,0.55923855,1
5,0,0.55851114,1
5,0,0.5584948,1
5,0,0.5582373,1
5,0,0.5592581,1
5,0,0.5578128,1
5,0,0.55644643,1
5,0,0.5575707,1
5,0,0.5573157,1
5,0,0.5575625,1
5,0,0.5553083,1
5,0,0.5560065,1
5,0,0.5548796,1
5,0,0.55546826,1
5,1,0.5656614,1
5,1,0.5645104,1
5,1,0.56607413,1
5,1,0.56564426,1
5,1,0.56638783,1
5,1,0.5661996,1
5,1,0.5654933,1
5,1,0.56436425,1
5,1,0.5654778,1
5,1,0.5664203,1
5,1,0.5647214,1
5,1,0.56611717,1
5,1,0.56550705,1
5,1,0.5298411,1
5,1,0.5297411,1
5,1,0.5275565,1
5,1,0.5272353,1
5,1,0.5258243,1
5,1,0.5225819,1
5,1,0.52402264,1
5,1,0.5219262,1
5,1,0.5166407,1
5,1,0.5200512,1
5,1,0.51671475,1
5,1,0.5174413,1
5,1,0.5166919,1
5,1,0.5161365,1
5,1,0.49416244,0
5,1,0.49191305,0
5,1,0.48854738,0
5,1,0.48621523,0
5,1,0.48944446,0
5,1,0.48542637,0
5,1,0.47951183,0
5,1,0.48398003,0
5,1,0.48485917,0
5,1,0.4840612,0
5,1,0.48448095,0
5,1,0.4822351,0
5,1,0.47309735,0
5,1,0.47364324,0
5,1,0.4728138,0
5,1,0.46865425,0
5,1,0.46553156,0
5,1,0.46478924,0
5,1,0.46573293,0
5,1,0.6325548,1
5,1,0.6321831,1
5,1,0.63226783,1
5,1,0.63211304,1
5,1,0.6306172,1
5,1,0.63190025,1
5,1,0.6323997,1
5,1,0.6325966,1
5,1,0.63295895,1
5,1,0.63234055,1
5,1,0.6331935,1
5,1,0.63277423,1
5,1,0.63141173,1
5,1,0.6312291,1
5,1,0.6319351,1
5,1,0.6307051,1
5,1,0.6321532,1
5,1,0.63161325,1
5,1,0.6324002,1
5,1,0.51270044,1
5,1,0.51306385,1
5,1,0.5125375,1
5,1,0.5126954,1
5,1,0.5124156,1
5,1,0.5124803,1
5,1,0.51305556,1
5,1,0.51302373,1
5,1,0.51274824,1
5,1,0.512818,1
5,1,0.51294535,1
5,1,0.51294094,1
5,1,0.5132559,1
5,1,0.513225,1
5,1,0.51342094,1
5,1,0.32687154,0
5,1,0.327148,0
5,1,0.32745495,0
5,1,0.32637125,0
5,1,0.32644787,0
5,1,0.32592845,0
5,1,0.32776013,0
5,1,0.32557678,0
5,1,0.3259314,0
5,1,0.32535934,0
5,1,0.3252101,0
5,1,0.32477453,0
5,1,0.32532454,0
5,1,0.3253199,0
5,1,0.32610822,0
5,1,0.32541126,0
5,1,0.32587215,0
5,1,0.32591608,0
5,1,0.32706183,0
5,1,0.32654735,0
5,1,0.3264285,0
5,1,0.32644913,0
5,1,0.32681346,0
5,1,0.32668993,0
5,1,0.32731444,0
5,1,0.3267856,0
5,1,0.32690376,0
5,1,0.32769835,0
5,1,0.3279386,0
5,1,0.32118422,0
5,1,0.3209292,0
5,1,0.3214011,0
5,1,0.3196663,0
5,1,0.31910136,0
5,1,0.3194362,0
5,1,0.31842825,0
5,1,0.31751928,0
5,1,0.3178666,0
5,1,0.3171048,0
5,1,0.31700203,0
5,1,0.31657755,0
5,1,0.31595448,0
5,1,0.3160325,0
5,1,0.3158747,0
5,1,0.3146501,0
5,1,0.31541824,0
5,1,0.3147018,0
5,1,0.3146839,0
5,1,0.31388777,0
5,1,0.3146751,0
5,1,0.31384426,0
5,1,0.31332383,0
5,1,0.31295708,0
5,1,0.31399924,0
5,1,0.31336448,0
5,1,0.31299448,0
5,1,0.31318808,0
5,1,0.63813823,1
5,1,0.63810533,1
5,1,0.6384949,1
5,1,0.63862777,1
5,1,0.6369111,1
5,1,0.6378089,1
5,1,0.63939637,1
5,1,0.63889647,1
5,1,0.6388467,1
5,1,0.6385725,1
5,1,0.64022076,1
5,1,0.6398234,1
5,1,0.6381952,1
5,1,0.6386366,1
5,1,0.6394241,1
5,1,0.63792735,1
5,1,0.6390003,1
5,1,0.63881093,1
5,1,0.6393485,1
5,1,0.47794467,0
5,1,0.48174164,0
5,1,0.47850257,0
5,1,0.47411996,0
5,1,0.47471282,0
5,1,0.46973175,0
5,1,0.46950644,0
5,1,0.46357974,0
5,1,0.45597276,0
5,1,0.45925018,0
5,1,0.45792958,0
5,1,0.45634556,0
5,1,0.43703142,0
5,1,0.44690856,0
5,1,0.4437994,0
5,1,0.435219,0
5,1,0.43134823,0
5,1,0.43930247,0
5,1,0.4249906,0
5,1,0.42101833,0
5,1,0.42874953,0
5,1,0.4277612,0
5,0,0.6148254,1
5,0,0.61531013,1
5,0,0.6162053,1
5,0,0.61407334,1
5,0,0.6149774,1
5,0,0.61499006,1
5,0,0.61407715,1
5,0,0.6141995,1
5,0,0.61669403,1
5,0,0.6158534,1
5,0,0.61433434,1
5,0,0.61432546,1
5,0,0.6150249,1
5,0,0.614993,1
5,0,0.61429036,1
5,0,0.6143144,1
5,0,0.615167,1
5,0,0.615438,1
5,0,0.614961,1
5,0,0.6165454,1
5,0,0.61513525,1
5,0,0.6137378,1
5,0,0.6165907,1
5,0,0.6150919,1
5,1,0.5830226,1
5,1,0.5821312,1
5,1,0.5825732,1
5,1,0.5802228,1
5,1,0.5812663,1
5,1,0.5812502,1
5,1,0.58063716,1
5,1,0.5790419,1
5,1,0.5806491,1
5,1,0.5800506,1
5,1,0.57940084,1
5,1,0.58087754,1
5,1,0.58008754,1
5,1,0.58005315,1
